filename,target,prediction,residual,tile_attention_normalized_entropy,top_tile_index,top_tile_weight,source_image_path,processed_image_path,feature_cache_path,tile_00_weight,tile_01_weight,tile_02_weight,tile_03_weight,tile_04_weight,tile_05_weight,tile_06_weight,tile_07_weight,tile_08_weight,tile_09_weight,tile_10_weight,tile_11_weight,tile_12_weight,tile_13_weight,tile_14_weight,tile_15_weight,tile_16_weight,tile_17_weight,tile_18_weight,tile_19_weight,tile_20_weight,tile_21_weight,tile_22_weight,tile_23_weight,tile_24_weight
20251021_122843,12.25,3.198547,-9.051453,0.847254391398599,0,0.19652502,/home/nfs/data/nvme_datasets/Pictures_CFSB_leaf_damage/RSFB-Phenotyping_training_set/RSFB-Phenotyping_training_set/20251021_122843.jpg,/home/user/tabbakhab1/dev/project/cache/grid_crops_1400_inset075/20251021_122843_gridv3_b6cc079d1d0b.jpg,cache/dinov3_grid_tiled_mil_features_5x5/20251021_122843_d67b6202d0fdbed8.npz,0.19652502,0.040645823,0.0057815183,0.03132024,0.034425758,0.04909041,0.024144853,0.005828394,0.048183706,0.037417963,0.004642668,0.00509376,0.004319908,0.005284186,0.0056002834,0.004574506,0.044317633,0.06065159,0.048853856,0.04570578,0.004585198,0.019038828,0.14547543,0.06993584,0.05855681
20251021_123838,4.75,4.544134,-0.20586586,0.7841658479311964,7,0.24019977,/home/nfs/data/nvme_datasets/Pictures_CFSB_leaf_damage/RSFB-Phenotyping_training_set/RSFB-Phenotyping_training_set/20251021_123838.jpg,/home/user/tabbakhab1/dev/project/cache/grid_crops_1400_inset075/20251021_123838_gridv3_9d676a910923.jpg,cache/dinov3_grid_tiled_mil_features_5x5/20251021_123838_a7d16c7667ac8a7f.npz,0.011769373,0.0029125689,0.004226703,0.030902078,0.019320123,0.050277207,0.0025483174,0.24019977,0.058808196,0.022294505,0.003961484,0.0039735143,0.032538455,0.021641526,0.0034066013,0.003091622,0.002639616,0.04049527,0.09035871,0.07263877,0.003223528,0.0035464624,0.13780116,0.10474867,0.032675788
20251021_121858,44.0,23.745087,-20.254913,0.6560980696023586,24,0.1907312,/home/nfs/data/nvme_datasets/Pictures_CFSB_leaf_damage/RSFB-Phenotyping_training_set/RSFB-Phenotyping_training_set/20251021_121858.jpg,/home/user/tabbakhab1/dev/project/cache/grid_crops_1400_inset075/20251021_121858_gridv3_d02e9dfb7d0a.jpg,cache/dinov3_grid_tiled_mil_features_5x5/20251021_121858_6ff2afc9cdcb31fa.npz,0.0022385262,0.0024776666,0.0027350362,0.0021715295,0.0029318891,0.06398624,0.18703364,0.06131054,0.0051162783,0.0024963908,0.002727256,0.0022072832,0.0030008988,0.0029343632,0.002609195,0.0031486554,0.0024544427,0.0026017479,0.16749814,0.12477878,0.0020498289,0.0023413645,0.002401439,0.15601772,0.1907312
20251021_162459,1.5,2.0305195,0.5305195,0.8865830243036346,4,0.13047716,/home/nfs/data/nvme_datasets/Pictures_CFSB_leaf_damage/RSFB-Phenotyping_training_set/RSFB-Phenotyping_training_set/20251021_162459.jpg,/home/user/tabbakhab1/dev/project/cache/grid_crops_1400_inset075/20251021_162459_gridv3_f55cb1ad15fb.jpg,cache/dinov3_grid_tiled_mil_features_5x5/20251021_162459_82d699ee07b75aac.npz,0.013772849,0.0786519,0.068332024,0.08002712,0.13047716,0.01149631,0.09024021,0.010277746,0.015635263,0.009651413,0.010622707,0.012083347,0.010061203,0.011266916,0.011495721,0.06857438,0.06986646,0.01414394,0.080041155,0.011630797,0.03766208,0.061155137,0.012995013,0.068797484,0.011041645
20251021_162013,1.0,2.0688958,1.0688958,0.7121984539253429,23,0.3455829,/home/nfs/data/nvme_datasets/Pictures_CFSB_leaf_damage/RSFB-Phenotyping_training_set/RSFB-Phenotyping_training_set/20251021_162013.jpg,/home/user/tabbakhab1/dev/project/cache/grid_crops_1400_inset075/20251021_162013_gridv3_93a3b2637615.jpg,cache/dinov3_grid_tiled_mil_features_5x5/20251021_162013_2b020ab01e66927e.npz,0.008306793,0.010527708,0.010323488,0.011343195,0.07925928,0.010505733,0.0094963275,0.0118093435,0.011360029,0.020867353,0.011155551,0.0104954215,0.013434513,0.1309876,0.17846255,0.012693969,0.011559233,0.010374138,0.025944244,0.012076959,0.011969324,0.0121544115,0.015040729,0.3455829,0.014269157
20251021_132836,7.5,10.123466,2.6234655,0.6906546457793475,18,0.28001222,/home/nfs/data/nvme_datasets/Pictures_CFSB_leaf_damage/RSFB-Phenotyping_training_set/RSFB-Phenotyping_training_set/20251021_132836.jpg,/home/user/tabbakhab1/dev/project/cache/grid_crops_1400_inset075/20251021_132836_gridv3_a2df5c4bfde1.jpg,cache/dinov3_grid_tiled_mil_features_5x5/20251021_132836_ea5d01bc243598c5.npz,0.004425966,0.0046106083,0.036754012,0.02789188,0.005063514,0.0033548824,0.003893718,0.025434814,0.022160044,0.0035735974,0.0038567348,0.0034038392,0.003140886,0.003994057,0.004443988,0.03930432,0.21398807,0.014911662,0.28001222,0.04695104,0.0026042582,0.13841824,0.0049611884,0.09992156,0.0029249091
20251021_132147,6.5,2.894556,-3.605444,0.8348461275290341,8,0.14138256,/home/nfs/data/nvme_datasets/Pictures_CFSB_leaf_damage/RSFB-Phenotyping_training_set/RSFB-Phenotyping_training_set/20251021_132147.jpg,/home/user/tabbakhab1/dev/project/cache/grid_crops_1400_inset075/20251021_132147_gridv3_8b4768d5f1c0.jpg,cache/dinov3_grid_tiled_mil_features_5x5/20251021_132147_749931cca30e8f52.npz,0.0052286224,0.0053992984,0.0833777,0.13895139,0.06173948,0.0056931586,0.0053545763,0.07065569,0.14138256,0.085345134,0.006901523,0.0067029777,0.008323957,0.008397762,0.008255679,0.02479206,0.053449217,0.078640066,0.08475077,0.006838051,0.02714526,0.06425352,0.006255565,0.0064420765,0.0057239123
20251021_121100,19.5,13.081495,-6.4185047,0.6831342798932057,2,0.17154773,/home/nfs/data/nvme_datasets/Pictures_CFSB_leaf_damage/RSFB-Phenotyping_training_set/RSFB-Phenotyping_training_set/20251021_121100.jpg,/home/user/tabbakhab1/dev/project/cache/grid_crops_1400_inset075/20251021_121100_gridv3_6ed33bc5f825.jpg,cache/dinov3_grid_tiled_mil_features_5x5/20251021_121100_65b6e52c8aa047f4.npz,0.0014600693,0.0015618881,0.17154773,0.16351797,0.006472563,0.0020261568,0.0015007644,0.017522417,0.05301812,0.0014454364,0.0016841042,0.0016221192,0.0013284312,0.009776934,0.005848619,0.001518258,0.108429566,0.1546129,0.15206437,0.12208728,0.0148686655,0.0020095666,0.0014203831,0.0013590122,0.001296697
20251021_160342,8.75,6.751346,-1.9986539,0.840132086676848,16,0.14413497,/home/nfs/data/nvme_datasets/Pictures_CFSB_leaf_damage/RSFB-Phenotyping_training_set/RSFB-Phenotyping_training_set/20251021_160342.jpg,/home/user/tabbakhab1/dev/project/cache/grid_crops_1400_inset075/20251021_160342_gridv3_42490fdcbf96.jpg,cache/dinov3_grid_tiled_mil_features_5x5/20251021_160342_40df5a790de3619e.npz,0.0021680929,0.01563547,0.054491267,0.05092525,0.03468406,0.0027066395,0.050593358,0.083395936,0.027470255,0.02661772,0.0033508197,0.0027083217,0.0034906396,0.0029828968,0.0033714208,0.0024705026,0.14413497,0.038714476,0.047053922,0.12734556,0.07747082,0.13317972,0.023203902,0.029376967,0.012457026
20251021_123809,4.75,7.9685783,3.2185783,0.7281763495071838,24,0.2841711,/home/nfs/data/nvme_datasets/Pictures_CFSB_leaf_damage/RSFB-Phenotyping_training_set/RSFB-Phenotyping_training_set/20251021_123809.jpg,/home/user/tabbakhab1/dev/project/cache/grid_crops_1400_inset075/20251021_123809_gridv3_105d9b2c9508.jpg,cache/dinov3_grid_tiled_mil_features_5x5/20251021_123809_a9553c6993cb8deb.npz,0.010534828,0.02731955,0.0042432607,0.0027245663,0.005449357,0.015589824,0.083106935,0.13829017,0.008871498,0.016294906,0.003058589,0.0032285983,0.0047095055,0.008673167,0.012780651,0.047191683,0.015896117,0.0042537465,0.0037507797,0.15732515,0.06538385,0.06634619,0.0054618167,0.0053441646,0.2841711
20251021_124030,1.5,2.7479239,1.2479239,0.844476217896416,22,0.14966106,/home/nfs/data/nvme_datasets/Pictures_CFSB_leaf_damage/RSFB-Phenotyping_training_set/RSFB-Phenotyping_training_set/20251021_124030.jpg,/home/user/tabbakhab1/dev/project/cache/grid_crops_1400_inset075/20251021_124030_gridv3_a2fcedf951c3.jpg,cache/dinov3_grid_tiled_mil_features_5x5/20251021_124030_00903ba23eb4a434.npz,0.098236196,0.06692524,0.035863023,0.030149536,0.032713607,0.110812046,0.040677264,0.006085237,0.0740608,0.019371212,0.0036767146,0.0049084676,0.0055591194,0.0045231,0.0042284355,0.005844559,0.069472075,0.11503845,0.03887259,0.0029740345,0.0037771452,0.035859805,0.14966106,0.03694613,0.0037642245
20251021_162400,0.7500005,2.1952047,1.4452043,0.794662025277839,0,0.18075454,/home/nfs/data/nvme_datasets/Pictures_CFSB_leaf_damage/RSFB-Phenotyping_training_set/RSFB-Phenotyping_training_set/20251021_162400.jpg,/home/user/tabbakhab1/dev/project/cache/grid_crops_1400_inset075/20251021_162400_gridv3_e8cbd0b46b4e.jpg,cache/dinov3_grid_tiled_mil_features_5x5/20251021_162400_775ac508bf4b7816.npz,0.18075454,0.0067017465,0.017565144,0.1288739,0.006186666,0.105261326,0.008335327,0.0062378203,0.0055733547,0.0073391264,0.006299075,0.0049380516,0.004977004,0.0071762693,0.007305065,0.06958198,0.0644827,0.006261134,0.11242779,0.070075326,0.052591197,0.09855856,0.007052593,0.0070060184,0.008438284
20251021_161432,3.25,2.5934825,-0.6565175,0.8817118868905988,22,0.1475422,/home/nfs/data/nvme_datasets/Pictures_CFSB_leaf_damage/RSFB-Phenotyping_training_set/RSFB-Phenotyping_training_set/20251021_161432.jpg,/home/user/tabbakhab1/dev/project/cache/grid_crops_1400_inset075/20251021_161432_gridv3_479a59ed0711.jpg,cache/dinov3_grid_tiled_mil_features_5x5/20251021_161432_dbf2e7bf822a015a.npz,0.0050397743,0.054716885,0.008504522,0.057373457,0.052096937,0.09488519,0.048352215,0.0073672803,0.054296575,0.04504222,0.0063207294,0.0066516683,0.006300364,0.004753912,0.0047243875,0.0044382107,0.05331515,0.079199664,0.04397302,0.037337672,0.0047064405,0.060836624,0.1475422,0.060579948,0.051644944
20251021_162121,3.0,1.9465065,-1.0534935,0.7841145880063506,1,0.23093936,/home/nfs/data/nvme_datasets/Pictures_CFSB_leaf_damage/RSFB-Phenotyping_training_set/RSFB-Phenotyping_training_set/20251021_162121.jpg,/home/user/tabbakhab1/dev/project/cache/grid_crops_1400_inset075/20251021_162121_gridv3_53274b04a836.jpg,cache/dinov3_grid_tiled_mil_features_5x5/20251021_162121_562d48235956c113.npz,0.009527258,0.23093936,0.10381535,0.05844074,0.19155169,0.010635369,0.10777573,0.043974288,0.009017292,0.011762141,0.011775716,0.011784643,0.011229959,0.010467122,0.012121949,0.028924823,0.010309525,0.014575583,0.01296205,0.009368965,0.04682986,0.010196234,0.011791466,0.010641625,0.009581252
20251021_162816,1.75,2.5080514,0.7580514,0.7466238901132525,4,0.39234212,/home/nfs/data/nvme_datasets/Pictures_CFSB_leaf_damage/RSFB-Phenotyping_training_set/RSFB-Phenotyping_training_set/20251021_162816.jpg,/home/user/tabbakhab1/dev/project/cache/grid_crops_1400_inset075/20251021_162816_gridv3_dce5600c6338.jpg,cache/dinov3_grid_tiled_mil_features_5x5/20251021_162816_ea011aad5bda10fb.npz,0.013447778,0.061797913,0.0893551,0.11673631,0.39234212,0.015883494,0.01502868,0.020961488,0.0155894,0.017389344,0.016498733,0.017352605,0.013960823,0.013881624,0.013665162,0.014404942,0.017413318,0.017735401,0.017776182,0.019151065,0.014403089,0.014253718,0.022222321,0.01479815,0.013951262
20251021_161816,2.5,2.5305285,0.030528545,0.6691866162956273,16,0.36422276,/home/nfs/data/nvme_datasets/Pictures_CFSB_leaf_damage/RSFB-Phenotyping_training_set/RSFB-Phenotyping_training_set/20251021_161816.jpg,/home/user/tabbakhab1/dev/project/cache/grid_crops_1400_inset075/20251021_161816_gridv3_3937f71512d6.jpg,cache/dinov3_grid_tiled_mil_features_5x5/20251021_161816_5c7f410b14092a99.npz,0.008621096,0.009530894,0.010573267,0.007135528,0.0075891935,0.010533939,0.010881276,0.010871946,0.012688192,0.009051086,0.011909071,0.0611279,0.07787517,0.010467889,0.009722637,0.0764803,0.36422276,0.23033322,0.008628839,0.007403235,0.0069573694,0.006995581,0.0097481,0.009764668,0.010886888
20251021_130515,15.75,4.0331345,-11.716866,0.7630742529898691,21,0.1854561,/home/nfs/data/nvme_datasets/Pictures_CFSB_leaf_damage/RSFB-Phenotyping_training_set/RSFB-Phenotyping_training_set/20251021_130515.jpg,/home/user/tabbakhab1/dev/project/cache/grid_crops_1400_inset075/20251021_130515_gridv3_683278386d65.jpg,cache/dinov3_grid_tiled_mil_features_5x5/20251021_130515_bfb63dbb34589a82.npz,0.0026662464,0.022547765,0.027538385,0.003369388,0.008072325,0.022805866,0.038401484,0.04908421,0.1702843,0.08883517,0.003120086,0.0029646938,0.0032853682,0.0035269768,0.0032632912,0.06571459,0.02903403,0.0047209603,0.0074312957,0.0039628856,0.109291375,0.1854561,0.13838197,0.003062062,0.0031792175
20251021_124556,8.75,5.3143744,-3.4356256,0.7081691635449608,19,0.19628544,/home/nfs/data/nvme_datasets/Pictures_CFSB_leaf_damage/RSFB-Phenotyping_training_set/RSFB-Phenotyping_training_set/20251021_124556.jpg,/home/user/tabbakhab1/dev/project/cache/grid_crops_1400_inset075/20251021_124556_gridv3_b58802114521.jpg,cache/dinov3_grid_tiled_mil_features_5x5/20251021_124556_615108d835c36c91.npz,0.0026145934,0.002589703,0.0027770558,0.0029638445,0.0047647106,0.003731172,0.16607985,0.0035080242,0.033448383,0.0034923984,0.004280981,0.0026456632,0.003002318,0.0035119741,0.0030679195,0.004318256,0.049293302,0.055484556,0.023488998,0.19628544,0.0030473417,0.055211946,0.16757329,0.028640717,0.1741776
20251021_162027,5.05,2.218886,-2.8311143,0.8697869533620989,19,0.11094076,/home/nfs/data/nvme_datasets/Pictures_CFSB_leaf_damage/RSFB-Phenotyping_training_set/RSFB-Phenotyping_training_set/20251021_162027.jpg,/home/user/tabbakhab1/dev/project/cache/grid_crops_1400_inset075/20251021_162027_gridv3_6e1ffcb37db6.jpg,cache/dinov3_grid_tiled_mil_features_5x5/20251021_162027_b751d278c733256b.npz,0.008182712,0.0062337425,0.0074454155,0.0075317253,0.008267541,0.081427045,0.006042534,0.0074113384,0.062461454,0.100100845,0.076293364,0.0066564404,0.0077023343,0.006727538,0.0077136816,0.056931827,0.085830234,0.037173543,0.010424749,0.11094076,0.10310086,0.065465,0.0477792,0.026001284,0.056154788
20251021_124023,2.75,3.1371107,0.3871107,0.8081778359790343,9,0.14893495,/home/nfs/data/nvme_datasets/Pictures_CFSB_leaf_damage/RSFB-Phenotyping_training_set/RSFB-Phenotyping_training_set/20251021_124023.jpg,/home/user/tabbakhab1/dev/project/cache/grid_crops_1400_inset075/20251021_124023_gridv3_356923aa968f.jpg,cache/dinov3_grid_tiled_mil_features_5x5/20251021_124023_d8b770780dec30ed.npz,0.022405796,0.0060734223,0.0072894963,0.00548682,0.0077309343,0.08269051,0.0050993883,0.009285897,0.006437873,0.14893495,0.006570614,0.0064095804,0.006409955,0.0071208924,0.009285532,0.004907351,0.013952724,0.093390614,0.08489734,0.09953548,0.0054417937,0.043469395,0.142312,0.09086497,0.083996706
20251021_120858,10.25,3.2875748,-6.962425,0.8111631383066011,19,0.17736883,/home/nfs/data/nvme_datasets/Pictures_CFSB_leaf_damage/RSFB-Phenotyping_training_set/RSFB-Phenotyping_training_set/20251021_120858.jpg,/home/user/tabbakhab1/dev/project/cache/grid_crops_1400_inset075/20251021_120858_gridv3_844d33db5d9c.jpg,cache/dinov3_grid_tiled_mil_features_5x5/20251021_120858_94c26b941b7a280d.npz,0.024079518,0.011306042,0.01237077,0.009099541,0.012268147,0.015087929,0.121704884,0.010415216,0.009260888,0.0148124015,0.012650504,0.06835353,0.0104373945,0.011352931,0.011977042,0.009622956,0.1601215,0.011272977,0.13084574,0.17736883,0.010736847,0.012313314,0.01271558,0.054163713,0.06566185
20251021_163014,18.75,17.512417,-1.2375832,0.7622859388216788,4,0.14080939,/home/nfs/data/nvme_datasets/Pictures_CFSB_leaf_damage/RSFB-Phenotyping_training_set/RSFB-Phenotyping_training_set/20251021_163014.jpg,/home/user/tabbakhab1/dev/project/cache/grid_crops_1400_inset075/20251021_163014_gridv3_fdf6d96d3540.jpg,cache/dinov3_grid_tiled_mil_features_5x5/20251021_163014_d400f6b744dcf01b.npz,0.008067985,0.029260317,0.016098576,0.032046285,0.14080939,0.10128615,0.104085684,0.09288858,0.1228451,0.10290952,0.0023235453,0.0019382555,0.001983838,0.0014884566,0.002161538,0.00145771,0.0019236031,0.013816275,0.0015858191,0.0014669156,0.0022480385,0.0021692037,0.11753485,0.095221534,0.002382813
20251021_121149,16.0,13.0355,-2.9645004,0.6997794862940185,21,0.23080952,/home/nfs/data/nvme_datasets/Pictures_CFSB_leaf_damage/RSFB-Phenotyping_training_set/RSFB-Phenotyping_training_set/20251021_121149.jpg,/home/user/tabbakhab1/dev/project/cache/grid_crops_1400_inset075/20251021_121149_gridv3_3257334ad6c5.jpg,cache/dinov3_grid_tiled_mil_features_5x5/20251021_121149_390092a46ec1854f.npz,0.0027591768,0.002259424,0.0035244848,0.0034894398,0.0033592388,0.08091191,0.0925587,0.21549451,0.0039587696,0.0042779045,0.011900141,0.13067538,0.004104515,0.0044064033,0.00560093,0.0032261552,0.0026855464,0.003620545,0.0034954217,0.08648828,0.00294195,0.23080952,0.017666562,0.043283734,0.036501374
20251021_151843,28.0,15.465078,-12.534922,0.6544120892867086,24,0.26653877,/home/nfs/data/nvme_datasets/Pictures_CFSB_leaf_damage/RSFB-Phenotyping_training_set/RSFB-Phenotyping_training_set/20251021_151843.jpg,/home/user/tabbakhab1/dev/project/cache/grid_crops_1400_inset075/20251021_151843_gridv3_df30b23b462a.jpg,cache/dinov3_grid_tiled_mil_features_5x5/20251021_151843_5130ed0672064b88.npz,0.002464152,0.0035043492,0.0026006883,0.0018276639,0.00706705,0.12627251,0.002933459,0.12757559,0.06102278,0.028352102,0.026950665,0.0025627401,0.0024242029,0.0030103906,0.0023943451,0.0017941009,0.0025602852,0.002353815,0.008805383,0.0095046405,0.0029960757,0.0019399893,0.07323955,0.22930466,0.26653877
20251021_123915,14.25,12.133879,-2.1161213,0.7094411123489042,24,0.23015155,/home/nfs/data/nvme_datasets/Pictures_CFSB_leaf_damage/RSFB-Phenotyping_training_set/RSFB-Phenotyping_training_set/20251021_123915.jpg,/home/user/tabbakhab1/dev/project/cache/grid_crops_1400_inset075/20251021_123915_gridv3_720755f73394.jpg,cache/dinov3_grid_tiled_mil_features_5x5/20251021_123915_8ea4b26d81905954.npz,0.03938816,0.013169913,0.0026932317,0.0058026174,0.0027500333,0.13410185,0.010038878,0.08257609,0.065703794,0.0022456541,0.003271177,0.003168916,0.029467251,0.002477231,0.0027071594,0.0032248907,0.004561893,0.0034814924,0.06800037,0.06657909,0.002063328,0.004180423,0.0038636017,0.21433143,0.23015155
20251021_132117,4.25,2.6940727,-1.5559273,0.8533204431528907,2,0.10605211,/home/nfs/data/nvme_datasets/Pictures_CFSB_leaf_damage/RSFB-Phenotyping_training_set/RSFB-Phenotyping_training_set/20251021_132117.jpg,/home/user/tabbakhab1/dev/project/cache/grid_crops_1400_inset075/20251021_132117_gridv3_88ca91a8a390.jpg,cache/dinov3_grid_tiled_mil_features_5x5/20251021_132117_973117fb6df3befe.npz,0.06793808,0.0882527,0.10605211,0.007804906,0.094987035,0.09620536,0.06513776,0.08814194,0.0049374904,0.08920622,0.0053296476,0.0047997334,0.005839854,0.0051551205,0.004895188,0.065063745,0.06198875,0.01660529,0.006246048,0.007678317,0.03657778,0.053982813,0.0057304963,0.005862652,0.0055809077
20251021_162332,8.5,5.0798283,-3.4201717,0.8541806656605953,22,0.15909247,/home/nfs/data/nvme_datasets/Pictures_CFSB_leaf_damage/RSFB-Phenotyping_training_set/RSFB-Phenotyping_training_set/20251021_162332.jpg,/home/user/tabbakhab1/dev/project/cache/grid_crops_1400_inset075/20251021_162332_gridv3_57e1f8f6c2ea.jpg,cache/dinov3_grid_tiled_mil_features_5x5/20251021_162332_1a977d344e672f14.npz,0.002181095,0.03810899,0.04543278,0.09286656,0.063798085,0.0019508325,0.03333884,0.028306853,0.04137761,0.029958148,0.001975218,0.0020152105,0.00202503,0.0014457207,0.0013173176,0.014809009,0.026350612,0.09788658,0.088483885,0.048084315,0.020916099,0.024679769,0.15909247,0.09922201,0.034376945
20251021_123858,13.5,8.862701,-4.6372986,0.7712862806674848,8,0.2047276,/home/nfs/data/nvme_datasets/Pictures_CFSB_leaf_damage/RSFB-Phenotyping_training_set/RSFB-Phenotyping_training_set/20251021_123858.jpg,/home/user/tabbakhab1/dev/project/cache/grid_crops_1400_inset075/20251021_123858_gridv3_b463ba05be8c.jpg,cache/dinov3_grid_tiled_mil_features_5x5/20251021_123858_95831649d929863b.npz,0.042481747,0.00920232,0.0022834856,0.13665082,0.023065804,0.052102845,0.1658546,0.04383742,0.2047276,0.02413491,0.0021974351,0.0025316193,0.0025757742,0.002586689,0.0068856077,0.0020335943,0.0022642831,0.109111,0.038271844,0.022898417,0.0037724092,0.0021892816,0.059076004,0.021009168,0.018255321
20251021_121804,12.75,16.82136,4.0713596,0.761268636265565,11,0.21417208,/home/nfs/data/nvme_datasets/Pictures_CFSB_leaf_damage/RSFB-Phenotyping_training_set/RSFB-Phenotyping_training_set/20251021_121804.jpg,/home/user/tabbakhab1/dev/project/cache/grid_crops_1400_inset075/20251021_121804_gridv3_7ff41805ed78.jpg,cache/dinov3_grid_tiled_mil_features_5x5/20251021_121804_5569a047c127cd85.npz,0.0013575585,0.0015556783,0.001904983,0.0019161806,0.010113825,0.065369114,0.16214438,0.07486935,0.1557027,0.057937212,0.049703863,0.21417208,0.0098241335,0.008365724,0.0018012965,0.0018577165,0.0022741235,0.002122266,0.015174572,0.02105261,0.03512778,0.027031036,0.0027261882,0.03690078,0.038994826
20251021_131138,3.0,3.58995,0.5899501,0.7572468679395108,15,0.21707866,/home/nfs/data/nvme_datasets/Pictures_CFSB_leaf_damage/RSFB-Phenotyping_training_set/RSFB-Phenotyping_training_set/20251021_131138.jpg,/home/user/tabbakhab1/dev/project/cache/grid_crops_1400_inset075/20251021_131138_gridv3_62d66983688a.jpg,cache/dinov3_grid_tiled_mil_features_5x5/20251021_131138_3dc78619aa1c5934.npz,0.05402433,0.14722615,0.004819519,0.025158629,0.15285024,0.021812331,0.05290143,0.0044449763,0.004392967,0.0043545174,0.0055296184,0.00513816,0.005554965,0.004887557,0.005504788,0.21707866,0.115616545,0.06254807,0.0062844874,0.0052152476,0.004404441,0.029544609,0.052028142,0.0051611327,0.0035184922
20251021_125125,1.5499997,3.464247,1.9142473,0.7033615883134754,18,0.34152317,/home/nfs/data/nvme_datasets/Pictures_CFSB_leaf_damage/RSFB-Phenotyping_training_set/RSFB-Phenotyping_training_set/20251021_125125.jpg,/home/user/tabbakhab1/dev/project/cache/grid_crops_1400_inset075/20251021_125125_gridv3_405563302f5c.jpg,cache/dinov3_grid_tiled_mil_features_5x5/20251021_125125_92626cd58f273a6d.npz,0.11194291,0.04953933,0.073121585,0.10667413,0.005450009,0.004787608,0.0044082934,0.09828918,0.022519602,0.006827545,0.005072995,0.0040858816,0.0047865673,0.0054476107,0.0057440177,0.0055385055,0.004708325,0.007083238,0.34152317,0.08084161,0.0041153147,0.0038123613,0.004728565,0.018053982,0.020897672
20251021_151533,1.5,1.9509568,0.45095682,0.8822338545029913,7,0.11497329,/home/nfs/data/nvme_datasets/Pictures_CFSB_leaf_damage/RSFB-Phenotyping_training_set/RSFB-Phenotyping_training_set/20251021_151533.jpg,/home/user/tabbakhab1/dev/project/cache/grid_crops_1400_inset075/20251021_151533_gridv3_04afaca7d75c.jpg,cache/dinov3_grid_tiled_mil_features_5x5/20251021_151533_40a4db0734b39169.npz,0.010752048,0.025883049,0.012039794,0.02517083,0.01727072,0.08350513,0.09142516,0.11497329,0.091607615,0.052618597,0.012179531,0.1075661,0.01590517,0.037458546,0.012327025,0.011798897,0.009141929,0.015162699,0.021195507,0.0111954,0.01245584,0.013582986,0.012641733,0.09595844,0.08618397
20251021_124852,3.25,2.6251302,-0.6248698,0.8320479480766646,4,0.15657014,/home/nfs/data/nvme_datasets/Pictures_CFSB_leaf_damage/RSFB-Phenotyping_training_set/RSFB-Phenotyping_training_set/20251021_124852.jpg,/home/user/tabbakhab1/dev/project/cache/grid_crops_1400_inset075/20251021_124852_gridv3_b6817cdce3d7.jpg,cache/dinov3_grid_tiled_mil_features_5x5/20251021_124852_16253a670f8fad41.npz,0.0051854663,0.004678583,0.007004874,0.07174474,0.15657014,0.0050365026,0.004461428,0.0078061856,0.034860797,0.086979546,0.0052715414,0.0042117247,0.00585237,0.005362965,0.0061733443,0.0057196235,0.07819454,0.067520075,0.064832516,0.11705733,0.004622713,0.06369744,0.061744142,0.044574022,0.080837384
20251021_161402,4.5,6.206945,1.706945,0.7500958807045047,6,0.1926854,/home/nfs/data/nvme_datasets/Pictures_CFSB_leaf_damage/RSFB-Phenotyping_training_set/RSFB-Phenotyping_training_set/20251021_161402.jpg,/home/user/tabbakhab1/dev/project/cache/grid_crops_1400_inset075/20251021_161402_gridv3_f23bf664ebe8.jpg,cache/dinov3_grid_tiled_mil_features_5x5/20251021_161402_c9fbd10f563f0d20.npz,0.04153746,0.16610868,0.10907878,0.002023951,0.022247933,0.06744695,0.1926854,0.15438828,0.010481122,0.0057513714,0.0026344203,0.0024639033,0.0024373727,0.0024101024,0.0018759569,0.0017891112,0.0020721923,0.035486568,0.006281666,0.060283367,0.0047875536,0.00205664,0.038825527,0.0074806884,0.057365
20251021_121345,13.0,5.551739,-7.448261,0.741636854465396,9,0.1835755,/home/nfs/data/nvme_datasets/Pictures_CFSB_leaf_damage/RSFB-Phenotyping_training_set/RSFB-Phenotyping_training_set/20251021_121345.jpg,/home/user/tabbakhab1/dev/project/cache/grid_crops_1400_inset075/20251021_121345_gridv3_fb8f1924845e.jpg,cache/dinov3_grid_tiled_mil_features_5x5/20251021_121345_f3d358c5f4276792.npz,0.0104332315,0.0064222566,0.008072598,0.1773191,0.14090107,0.0073696803,0.0080572115,0.008628415,0.16308692,0.1835755,0.0089121815,0.0100635495,0.007686329,0.007587164,0.008336255,0.008032122,0.010056282,0.010915013,0.008819385,0.06449575,0.008249995,0.009186543,0.009540916,0.009216169,0.105036385
20251021_122314,3.5,2.8608465,-0.6391535,0.80796772760738,2,0.16586687,/home/nfs/data/nvme_datasets/Pictures_CFSB_leaf_damage/RSFB-Phenotyping_training_set/RSFB-Phenotyping_training_set/20251021_122314.jpg,/home/user/tabbakhab1/dev/project/cache/grid_crops_1400_inset075/20251021_122314_gridv3_9700792acf73.jpg,cache/dinov3_grid_tiled_mil_features_5x5/20251021_122314_6f54aa8f9bbd0aa0.npz,0.012828312,0.050950423,0.16586687,0.0621764,0.092832506,0.057715792,0.041722424,0.1203083,0.058068257,0.022143308,0.005568944,0.004288914,0.0092851855,0.0042274827,0.0043345364,0.0042357966,0.13380882,0.10066203,0.018542418,0.0055973623,0.0055028964,0.006143425,0.004746157,0.00446385,0.003979576
20251021_161010,1.5,1.9315982,0.4315982,0.8408804462312811,20,0.12869422,/home/nfs/data/nvme_datasets/Pictures_CFSB_leaf_damage/RSFB-Phenotyping_training_set/RSFB-Phenotyping_training_set/20251021_161010.jpg,/home/user/tabbakhab1/dev/project/cache/grid_crops_1400_inset075/20251021_161010_gridv3_a5a315d9f61a.jpg,cache/dinov3_grid_tiled_mil_features_5x5/20251021_161010_c5a8a84a2514b25d.npz,0.02637826,0.029697662,0.008588453,0.08954059,0.11855652,0.11956272,0.079271905,0.012446844,0.07106828,0.08824061,0.0060271504,0.008155222,0.008385027,0.0077265333,0.0073200767,0.028980244,0.0071294326,0.010495188,0.007451063,0.022155654,0.12869422,0.007879162,0.009090176,0.006347462,0.0908115
20251021_162958,11.75,10.023278,-1.7267218,0.7123618728266862,22,0.20632271,/home/nfs/data/nvme_datasets/Pictures_CFSB_leaf_damage/RSFB-Phenotyping_training_set/RSFB-Phenotyping_training_set/20251021_162958.jpg,/home/user/tabbakhab1/dev/project/cache/grid_crops_1400_inset075/20251021_162958_gridv3_c408f0393539.jpg,cache/dinov3_grid_tiled_mil_features_5x5/20251021_162958_49320688cd47dfe3.npz,0.026223486,0.0047169863,0.0024012064,0.0074387076,0.01293819,0.031509656,0.006877588,0.09808599,0.15821333,0.052603617,0.0025194322,0.002655466,0.0025623264,0.0020933382,0.0066467808,0.019515043,0.02134743,0.007803874,0.0019217943,0.0021876039,0.13186523,0.18725084,0.20632271,0.0021421658,0.0021571931
20251021_154700,2.25,6.819215,4.569215,0.6093571281356,4,0.4273342,/home/nfs/data/nvme_datasets/Pictures_CFSB_leaf_damage/RSFB-Phenotyping_training_set/RSFB-Phenotyping_training_set/20251021_154700.jpg,/home/user/tabbakhab1/dev/project/cache/grid_crops_1400_inset075/20251021_154700_gridv3_97b77300af23.jpg,cache/dinov3_grid_tiled_mil_features_5x5/20251021_154700_b3783946c70057d5.npz,0.028212558,0.05233489,0.0055240877,0.004479517,0.4273342,0.023122033,0.016348345,0.0036349862,0.005066334,0.02337699,0.0037110657,0.0031199118,0.0032847961,0.0039350847,0.0035872639,0.004257575,0.22040837,0.05759485,0.004074374,0.004588579,0.0040733023,0.019826142,0.069197305,0.004823512,0.004084014
20251021_125811,6.25,8.891488,2.641488,0.6182010638452098,6,0.3711754,/home/nfs/data/nvme_datasets/Pictures_CFSB_leaf_damage/RSFB-Phenotyping_training_set/RSFB-Phenotyping_training_set/20251021_125811.jpg,/home/user/tabbakhab1/dev/project/cache/grid_crops_1400_inset075/20251021_125811_gridv3_19364d126c8f.jpg,cache/dinov3_grid_tiled_mil_features_5x5/20251021_125811_3723fef3953a97d7.npz,0.0024134929,0.0027987077,0.0032832955,0.0026261604,0.0051297657,0.08259566,0.3711754,0.0040572127,0.0023122646,0.0022031737,0.003107302,0.0031834994,0.002958859,0.0034238985,0.002878214,0.0025584649,0.2463775,0.0033195626,0.041533593,0.04774464,0.026387302,0.062126372,0.0030893018,0.038205374,0.034510955
20251021_154058,2.25,2.7502675,0.5002675,0.7704315982181543,5,0.24828325,/home/nfs/data/nvme_datasets/Pictures_CFSB_leaf_damage/RSFB-Phenotyping_training_set/RSFB-Phenotyping_training_set/20251021_154058.jpg,/home/user/tabbakhab1/dev/project/cache/grid_crops_1400_inset075/20251021_154058_gridv3_36a116afaead.jpg,cache/dinov3_grid_tiled_mil_features_5x5/20251021_154058_ba4d5aec093e6fad.npz,0.010258359,0.0081419395,0.0074595264,0.0089187445,0.006722567,0.24828325,0.14040098,0.12750019,0.08773668,0.08060761,0.01060119,0.009832598,0.011256738,0.008204617,0.009157975,0.010762741,0.04446509,0.012614751,0.008948793,0.010765754,0.007781544,0.089047305,0.024764104,0.008807964,0.0069590434
20251021_151943,2.25,3.0848556,0.83485556,0.8303878843049054,20,0.1646302,/home/nfs/data/nvme_datasets/Pictures_CFSB_leaf_damage/RSFB-Phenotyping_training_set/RSFB-Phenotyping_training_set/20251021_151943.jpg,/home/user/tabbakhab1/dev/project/cache/grid_crops_1400_inset075/20251021_151943_gridv3_938297c1a777.jpg,cache/dinov3_grid_tiled_mil_features_5x5/20251021_151943_4d99416da9fad556.npz,0.007062586,0.0048288116,0.006796782,0.0073222267,0.0067696557,0.006725696,0.11405109,0.09787943,0.0062423544,0.0055062203,0.005818161,0.0055278107,0.0060359784,0.005888834,0.0057000946,0.068325624,0.03732018,0.050574772,0.057137705,0.0676319,0.1646302,0.09709995,0.026357498,0.05740432,0.08136216
20251021_130338,14.75,3.4915552,-11.258445,0.675126198539137,20,0.45771056,/home/nfs/data/nvme_datasets/Pictures_CFSB_leaf_damage/RSFB-Phenotyping_training_set/RSFB-Phenotyping_training_set/20251021_130338.jpg,/home/user/tabbakhab1/dev/project/cache/grid_crops_1400_inset075/20251021_130338_gridv3_d76515da7951.jpg,cache/dinov3_grid_tiled_mil_features_5x5/20251021_130338_739328582b709894.npz,0.007262681,0.00748602,0.063896224,0.052504845,0.006619006,0.0070798155,0.00653284,0.046084948,0.04261719,0.007421409,0.0076016425,0.0066076186,0.006401539,0.0065438137,0.0073141935,0.006059503,0.006471513,0.007723946,0.067990154,0.06088103,0.45771056,0.009063352,0.010897934,0.050769076,0.040459048
20251021_130942,9.5,2.3422527,-7.1577473,0.8467056484620907,16,0.1827556,/home/nfs/data/nvme_datasets/Pictures_CFSB_leaf_damage/RSFB-Phenotyping_training_set/RSFB-Phenotyping_training_set/20251021_130942.jpg,/home/user/tabbakhab1/dev/project/cache/grid_crops_1400_inset075/20251021_130942_gridv3_75296eed617b.jpg,cache/dinov3_grid_tiled_mil_features_5x5/20251021_130942_cbefa1aee1b043b1.npz,0.030263906,0.0049245185,0.091089725,0.00647668,0.005816595,0.048402525,0.0072435155,0.04031746,0.007118297,0.0085732555,0.005699919,0.005399331,0.006457169,0.005287461,0.00639867,0.02961804,0.1827556,0.025191335,0.064860806,0.05819861,0.031099822,0.061629772,0.083267085,0.10346502,0.08044495
20251021_155710,18.25,6.597036,-11.652964,0.8011990158023375,17,0.13033302,/home/nfs/data/nvme_datasets/Pictures_CFSB_leaf_damage/RSFB-Phenotyping_training_set/RSFB-Phenotyping_training_set/20251021_155710.jpg,/home/user/tabbakhab1/dev/project/cache/grid_crops_1400_inset075/20251021_155710_gridv3_0d3a440a1a6b.jpg,cache/dinov3_grid_tiled_mil_features_5x5/20251021_155710_579e9c1be8e5d826.npz,0.0023025281,0.0077115037,0.053490307,0.095565766,0.002772727,0.0020565442,0.0063936934,0.03359531,0.062988594,0.00309127,0.002011318,0.0032535866,0.0028218743,0.0035292709,0.0023651137,0.12015371,0.086428545,0.13033302,0.121235915,0.0015644191,0.076858535,0.08469386,0.05835639,0.034784477,0.001641759
20251021_125208,2.25,3.4356484,1.1856484,0.7913940067654806,21,0.1870707,/home/nfs/data/nvme_datasets/Pictures_CFSB_leaf_damage/RSFB-Phenotyping_training_set/RSFB-Phenotyping_training_set/20251021_125208.jpg,/home/user/tabbakhab1/dev/project/cache/grid_crops_1400_inset075/20251021_125208_gridv3_58ab535c57af.jpg,cache/dinov3_grid_tiled_mil_features_5x5/20251021_125208_55c7e7cb9369eaf0.npz,0.0051653935,0.032871004,0.006510952,0.020267706,0.054616723,0.00504331,0.1767037,0.011437505,0.08870344,0.07493908,0.0048427745,0.0058680745,0.0054921894,0.0061724843,0.0062116073,0.005759687,0.035066966,0.013282518,0.00534068,0.0053940555,0.0057145166,0.1870707,0.106248826,0.05198563,0.07929044
20251021_154436,2.5,3.2257705,0.7257705,0.8784413294221712,8,0.13123953,/home/nfs/data/nvme_datasets/Pictures_CFSB_leaf_damage/RSFB-Phenotyping_training_set/RSFB-Phenotyping_training_set/20251021_154436.jpg,/home/user/tabbakhab1/dev/project/cache/grid_crops_1400_inset075/20251021_154436_gridv3_792f4024f8a7.jpg,cache/dinov3_grid_tiled_mil_features_5x5/20251021_154436_9b569b5b86258b81.npz,0.03890548,0.061283577,0.010386184,0.049138483,0.06795004,0.0119846165,0.041166037,0.010678874,0.13123953,0.074805066,0.012307262,0.008738359,0.0099385055,0.008644541,0.006638187,0.007407319,0.12981942,0.011632812,0.086004466,0.054866865,0.007756391,0.08113381,0.012860524,0.03154876,0.0331648
20251021_123831,3.75,3.6523619,-0.09763813,0.8379774834252064,14,0.12335341,/home/nfs/data/nvme_datasets/Pictures_CFSB_leaf_damage/RSFB-Phenotyping_training_set/RSFB-Phenotyping_training_set/20251021_123831.jpg,/home/user/tabbakhab1/dev/project/cache/grid_crops_1400_inset075/20251021_123831_gridv3_02aae1eb81a4.jpg,cache/dinov3_grid_tiled_mil_features_5x5/20251021_123831_f3d8d0fc1334862f.npz,0.0067098695,0.0055425907,0.007401354,0.0056678033,0.016188532,0.09330628,0.005946639,0.007606894,0.06615976,0.11081922,0.0357237,0.0068437285,0.008827103,0.0874949,0.12335341,0.005851036,0.0056605013,0.018410781,0.023636114,0.005337698,0.0069643566,0.073414154,0.108061925,0.06475848,0.10031325
20251021_124506,9.0,9.763861,0.7638607,0.685985674495496,3,0.25130236,/home/nfs/data/nvme_datasets/Pictures_CFSB_leaf_damage/RSFB-Phenotyping_training_set/RSFB-Phenotyping_training_set/20251021_124506.jpg,/home/user/tabbakhab1/dev/project/cache/grid_crops_1400_inset075/20251021_124506_gridv3_b38154342bf4.jpg,cache/dinov3_grid_tiled_mil_features_5x5/20251021_124506_6d15c4bfc7697ede.npz,0.0018317905,0.027048593,0.08679684,0.25130236,0.067404814,0.0017425276,0.015983867,0.02812997,0.01598952,0.0017024411,0.0022885026,0.0020752293,0.00214746,0.0020582573,0.0026501084,0.052796453,0.12662816,0.025149195,0.0019401951,0.24721475,0.011900623,0.0017399304,0.0029272519,0.0022051595,0.018346002
20251021_125346,7.0,3.265584,-3.734416,0.8160864719495906,1,0.17449565,/home/nfs/data/nvme_datasets/Pictures_CFSB_leaf_damage/RSFB-Phenotyping_training_set/RSFB-Phenotyping_training_set/20251021_125346.jpg,/home/user/tabbakhab1/dev/project/cache/grid_crops_1400_inset075/20251021_125346_gridv3_7e25d8fa57d0.jpg,cache/dinov3_grid_tiled_mil_features_5x5/20251021_125346_cac2a71acb485b3c.npz,0.004855398,0.17449565,0.10107991,0.004995638,0.004247826,0.0039040535,0.044696566,0.050770625,0.005546301,0.0055228765,0.005777552,0.0074205296,0.007492675,0.0052012815,0.004290573,0.056759264,0.07458274,0.06530672,0.14867961,0.0041980846,0.05222398,0.06667312,0.03720698,0.058959957,0.0051119947
20251021_161705,17.0,9.289306,-7.7106943,0.7191154166883369,16,0.24069487,/home/nfs/data/nvme_datasets/Pictures_CFSB_leaf_damage/RSFB-Phenotyping_training_set/RSFB-Phenotyping_training_set/20251021_161705.jpg,/home/user/tabbakhab1/dev/project/cache/grid_crops_1400_inset075/20251021_161705_gridv3_83bd464de19e.jpg,cache/dinov3_grid_tiled_mil_features_5x5/20251021_161705_e5fcb76cc602322e.npz,0.047555044,0.049860124,0.0040697777,0.004342338,0.023959206,0.15589252,0.09400974,0.0050369776,0.0042185793,0.023226563,0.0030454,0.002936898,0.0027550114,0.0029218139,0.0033346368,0.002545319,0.24069487,0.05126173,0.0026530118,0.15041628,0.009844101,0.105952166,0.0035578571,0.0031587428,0.0027512712
20251021_153356,7.75,9.979715,2.2297153,0.7514637268550949,15,0.19816422,/home/nfs/data/nvme_datasets/Pictures_CFSB_leaf_damage/RSFB-Phenotyping_training_set/RSFB-Phenotyping_training_set/20251021_153356.jpg,/home/user/tabbakhab1/dev/project/cache/grid_crops_1400_inset075/20251021_153356_gridv3_881aaf5dee4a.jpg,cache/dinov3_grid_tiled_mil_features_5x5/20251021_153356_b3889a063ec3b9e7.npz,0.002607561,0.028113658,0.017020222,0.0316152,0.015513113,0.0029498981,0.0025367306,0.0063802386,0.015253823,0.0023213702,0.0024666074,0.0025328046,0.0038330108,0.0030425005,0.0032802662,0.19816422,0.15436366,0.145105,0.08796607,0.0019423623,0.124621585,0.05781129,0.04840324,0.03945813,0.0026974194
20251021_131721,3.0,2.9800553,-0.019944668,0.852336021660321,11,0.12427625,/home/nfs/data/nvme_datasets/Pictures_CFSB_leaf_damage/RSFB-Phenotyping_training_set/RSFB-Phenotyping_training_set/20251021_131721.jpg,/home/user/tabbakhab1/dev/project/cache/grid_crops_1400_inset075/20251021_131721_gridv3_1e1619801c3b.jpg,cache/dinov3_grid_tiled_mil_features_5x5/20251021_131721_57fc67a0be1a956c.npz,0.004516403,0.004814996,0.009841783,0.0067022257,0.005423082,0.06820547,0.057572477,0.0061223814,0.004536124,0.005796788,0.06776568,0.12427625,0.0060824933,0.1030928,0.116222925,0.072146654,0.10018753,0.0059231645,0.031932786,0.052855384,0.038836636,0.053846855,0.0061526764,0.007964777,0.039181594
20251021_161525,4.75,2.6285858,-2.1214142,0.7534823001705278,20,0.19803753,/home/nfs/data/nvme_datasets/Pictures_CFSB_leaf_damage/RSFB-Phenotyping_training_set/RSFB-Phenotyping_training_set/20251021_161525.jpg,/home/user/tabbakhab1/dev/project/cache/grid_crops_1400_inset075/20251021_161525_gridv3_dac334930121.jpg,cache/dinov3_grid_tiled_mil_features_5x5/20251021_161525_84eada9add000e82.npz,0.0065649827,0.008028586,0.009251908,0.0075418567,0.007873484,0.006634821,0.073207125,0.077041306,0.18135865,0.18608475,0.0074237203,0.081958525,0.036938045,0.008157752,0.00952434,0.023061298,0.0101166535,0.008354307,0.007781023,0.008935454,0.19803753,0.0084122615,0.008944768,0.0108036855,0.007963164
20251021_132518,5.0,5.689193,0.6891928,0.779677773682036,0,0.18557875,/home/nfs/data/nvme_datasets/Pictures_CFSB_leaf_damage/RSFB-Phenotyping_training_set/RSFB-Phenotyping_training_set/20251021_132518.jpg,/home/user/tabbakhab1/dev/project/cache/grid_crops_1400_inset075/20251021_132518_gridv3_b8eea91f96bb.jpg,cache/dinov3_grid_tiled_mil_features_5x5/20251021_132518_8c84335716e0d4d5.npz,0.18557875,0.029228918,0.07123253,0.16763246,0.12862387,0.07848524,0.025126796,0.05546674,0.004020648,0.0043794895,0.0031693524,0.003762909,0.0028836005,0.0028283647,0.0036311967,0.0027123687,0.0028507083,0.0552783,0.008248731,0.05756755,0.004028277,0.0029107062,0.025989695,0.008631312,0.065731384
20251021_125635,0.0,1.7041106,1.7041106,0.8737745355578164,16,0.14845426,/home/nfs/data/nvme_datasets/Pictures_CFSB_leaf_damage/RSFB-Phenotyping_training_set/RSFB-Phenotyping_training_set/20251021_125635.jpg,/home/user/tabbakhab1/dev/project/cache/grid_crops_1400_inset075/20251021_125635_gridv3_cd390b10c9da.jpg,cache/dinov3_grid_tiled_mil_features_5x5/20251021_125635_6e02fdd5965447f2.npz,0.019152232,0.02512242,0.02735888,0.02179364,0.022657296,0.021877872,0.022153752,0.025505109,0.021477671,0.021897443,0.019244287,0.1164653,0.14392376,0.022270447,0.021865265,0.020874538,0.14845426,0.14220554,0.019497668,0.016947236,0.01700579,0.018185256,0.025758158,0.019552756,0.018753441
20251021_124048,5.25,4.747695,-0.50230503,0.7662584540970515,9,0.25833017,/home/nfs/data/nvme_datasets/Pictures_CFSB_leaf_damage/RSFB-Phenotyping_training_set/RSFB-Phenotyping_training_set/20251021_124048.jpg,/home/user/tabbakhab1/dev/project/cache/grid_crops_1400_inset075/20251021_124048_gridv3_c04cec000d30.jpg,cache/dinov3_grid_tiled_mil_features_5x5/20251021_124048_be6c842e514ee835.npz,0.0060784067,0.0057309144,0.0056901732,0.0058727134,0.0088248905,0.0039301263,0.10480577,0.06508813,0.05528793,0.25833017,0.005322056,0.07016236,0.02054102,0.021361645,0.045119017,0.0038069831,0.004109838,0.008111382,0.004873001,0.0043259785,0.051699426,0.0049162153,0.020852638,0.16234402,0.052815218
20251021_162202,2.0,2.0790415,0.07904148,0.8477837953793707,23,0.16200733,/home/nfs/data/nvme_datasets/Pictures_CFSB_leaf_damage/RSFB-Phenotyping_training_set/RSFB-Phenotyping_training_set/20251021_162202.jpg,/home/user/tabbakhab1/dev/project/cache/grid_crops_1400_inset075/20251021_162202_gridv3_261e9e2f5717.jpg,cache/dinov3_grid_tiled_mil_features_5x5/20251021_162202_7216755e14a2872a.npz,0.007882284,0.0056661265,0.010068102,0.02861817,0.006911219,0.06405578,0.0591124,0.07376002,0.056170497,0.052900974,0.008978742,0.01071828,0.011223956,0.009937199,0.0113925915,0.026611961,0.007424986,0.037382275,0.0072243046,0.023705255,0.039544675,0.010131722,0.12815194,0.16200733,0.1404192
20251021_123500,7.0,6.1562557,-0.8437443,0.8193017213767343,6,0.15562765,/home/nfs/data/nvme_datasets/Pictures_CFSB_leaf_damage/RSFB-Phenotyping_training_set/RSFB-Phenotyping_training_set/20251021_123500.jpg,/home/user/tabbakhab1/dev/project/cache/grid_crops_1400_inset075/20251021_123500_gridv3_2b8e6745e1f7.jpg,cache/dinov3_grid_tiled_mil_features_5x5/20251021_123500_dfd39be1f1e72cf5.npz,0.0060962765,0.0061560515,0.005241902,0.009784445,0.0065778946,0.11616933,0.15562765,0.045462165,0.03941665,0.004151802,0.10675441,0.1397513,0.03634306,0.03805376,0.0046712477,0.0034952534,0.0040769465,0.016282354,0.020342242,0.0037033295,0.09707743,0.0677329,0.020440059,0.042224817,0.0043667685
20251021_130115,8.5,8.230906,-0.26909447,0.7458505571836446,21,0.26608527,/home/nfs/data/nvme_datasets/Pictures_CFSB_leaf_damage/RSFB-Phenotyping_training_set/RSFB-Phenotyping_training_set/20251021_130115.jpg,/home/user/tabbakhab1/dev/project/cache/grid_crops_1400_inset075/20251021_130115_gridv3_6ced4d259ef8.jpg,cache/dinov3_grid_tiled_mil_features_5x5/20251021_130115_9a202aadda70db9d.npz,0.0032991313,0.106065266,0.0060703545,0.024075145,0.1308515,0.0042627915,0.009617322,0.0049776887,0.010592984,0.030920535,0.0041138073,0.0036499565,0.0034690858,0.004320055,0.0032904854,0.032030717,0.057599153,0.07539347,0.017822735,0.0031458815,0.0847146,0.26608527,0.10573093,0.003976797,0.003924343
20251021_154427,6.5,3.4185717,-3.0814283,0.8495168825808562,5,0.19100799,/home/nfs/data/nvme_datasets/Pictures_CFSB_leaf_damage/RSFB-Phenotyping_training_set/RSFB-Phenotyping_training_set/20251021_154427.jpg,/home/user/tabbakhab1/dev/project/cache/grid_crops_1400_inset075/20251021_154427_gridv3_e64ac4206fd1.jpg,cache/dinov3_grid_tiled_mil_features_5x5/20251021_154427_f38d7b7bd427ae34.npz,0.04149003,0.048872855,0.006720615,0.045342565,0.029251458,0.19100799,0.03679831,0.048185408,0.118364535,0.06405543,0.005921135,0.0058205444,0.0045272023,0.0052004596,0.005359573,0.014558835,0.06397601,0.012003271,0.0037774262,0.051636543,0.018980933,0.114789896,0.011680027,0.015625754,0.03605316
20251021_154716,5.25,7.078828,1.8288279,0.7405165341832153,15,0.23577592,/home/nfs/data/nvme_datasets/Pictures_CFSB_leaf_damage/RSFB-Phenotyping_training_set/RSFB-Phenotyping_training_set/20251021_154716.jpg,/home/user/tabbakhab1/dev/project/cache/grid_crops_1400_inset075/20251021_154716_gridv3_39c492de1c6d.jpg,cache/dinov3_grid_tiled_mil_features_5x5/20251021_154716_36bdec340bde4e28.npz,0.0028230795,0.037519604,0.0403136,0.02749348,0.036416695,0.0026734762,0.059568398,0.13925144,0.048607193,0.050710216,0.002602699,0.0028580301,0.003165941,0.0029920293,0.0024646712,0.23577592,0.0025912048,0.0034412865,0.0034486738,0.061597086,0.18662216,0.0026871273,0.0030552289,0.0028552497,0.0384655
20251021_162906,4.25,13.8451805,9.5951805,0.629835366077251,3,0.41081914,/home/nfs/data/nvme_datasets/Pictures_CFSB_leaf_damage/RSFB-Phenotyping_training_set/RSFB-Phenotyping_training_set/20251021_162906.jpg,/home/user/tabbakhab1/dev/project/cache/grid_crops_1400_inset075/20251021_162906_gridv3_964af2f6994f.jpg,cache/dinov3_grid_tiled_mil_features_5x5/20251021_162906_d9a2c48df65db550.npz,0.0047301184,0.027754072,0.0059188767,0.41081914,0.004470534,0.005995875,0.023776826,0.029701676,0.23237489,0.0061125825,0.0058460995,0.004715303,0.0054405285,0.005635642,0.0063512116,0.0435734,0.03996122,0.004953903,0.0052174856,0.006234748,0.053188365,0.050864123,0.0065995804,0.0048482325,0.004915539
20251021_131002,3.75,2.925902,-0.8240981,0.8272613627672142,20,0.128941,/home/nfs/data/nvme_datasets/Pictures_CFSB_leaf_damage/RSFB-Phenotyping_training_set/RSFB-Phenotyping_training_set/20251021_131002.jpg,/home/user/tabbakhab1/dev/project/cache/grid_crops_1400_inset075/20251021_131002_gridv3_66352da1a976.jpg,cache/dinov3_grid_tiled_mil_features_5x5/20251021_131002_e16696cfd0975d6e.npz,0.0026498705,0.028734844,0.033192065,0.0029271273,0.0026154898,0.0028284735,0.05147444,0.045835275,0.0035135078,0.0024860734,0.0027696257,0.0036725048,0.003517156,0.0029941248,0.0029681523,0.081796005,0.07829657,0.060244102,0.12631558,0.044224504,0.128941,0.06905451,0.073300935,0.11914637,0.026501654
20251021_124134,7.25,10.382179,3.1321793,0.7291591898870275,21,0.21506923,/home/nfs/data/nvme_datasets/Pictures_CFSB_leaf_damage/RSFB-Phenotyping_training_set/RSFB-Phenotyping_training_set/20251021_124134.jpg,/home/user/tabbakhab1/dev/project/cache/grid_crops_1400_inset075/20251021_124134_gridv3_5e5fff0807c8.jpg,cache/dinov3_grid_tiled_mil_features_5x5/20251021_124134_95c5a5283442f0fe.npz,0.0018496293,0.0026100816,0.0033046086,0.002156555,0.0071556377,0.056672014,0.07017966,0.067185394,0.004651253,0.0029697632,0.00350407,0.0030752092,0.0027504507,0.0033401505,0.0023658597,0.0024299058,0.06349075,0.0027330772,0.053386234,0.079141065,0.025134562,0.21506923,0.0034394804,0.1500863,0.17131908
20251021_154753,3.5,4.0014515,0.5014515,0.710726099858135,1,0.24739128,/home/nfs/data/nvme_datasets/Pictures_CFSB_leaf_damage/RSFB-Phenotyping_training_set/RSFB-Phenotyping_training_set/20251021_154753.jpg,/home/user/tabbakhab1/dev/project/cache/grid_crops_1400_inset075/20251021_154753_gridv3_d402e7a9dde6.jpg,cache/dinov3_grid_tiled_mil_features_5x5/20251021_154753_33ecc58b0096e957.npz,0.008072502,0.24739128,0.0081062075,0.22337319,0.039550006,0.007923995,0.01007163,0.0079558985,0.0065551754,0.0219618,0.007797396,0.0072845295,0.007113632,0.0073742843,0.008315497,0.009471189,0.059053805,0.044345815,0.1970275,0.025615193,0.010079173,0.007623826,0.009273634,0.011722195,0.006940619
20251021_133005,24.5,22.043007,-2.456993,0.8486495683069476,8,0.11976562,/home/nfs/data/nvme_datasets/Pictures_CFSB_leaf_damage/RSFB-Phenotyping_training_set/RSFB-Phenotyping_training_set/20251021_133005.jpg,/home/user/tabbakhab1/dev/project/cache/grid_crops_1400_inset075/20251021_133005_gridv3_4ef005ae641a.jpg,cache/dinov3_grid_tiled_mil_features_5x5/20251021_133005_dbb4057834472cbe.npz,0.03573358,0.031685714,0.0020705713,0.1094105,0.0032422137,0.06756868,0.08310137,0.0012487745,0.11976562,0.02395411,0.053841412,0.05183461,0.0013707064,0.069688395,0.0067169494,0.074686475,0.02202336,0.0010477491,0.06641879,0.00090227125,0.087744944,0.016139423,0.0015568299,0.067232594,0.0010143425
20251021_162800,3.75,3.066218,-0.6837821,0.8636953772496012,22,0.16881786,/home/nfs/data/nvme_datasets/Pictures_CFSB_leaf_damage/RSFB-Phenotyping_training_set/RSFB-Phenotyping_training_set/20251021_162800.jpg,/home/user/tabbakhab1/dev/project/cache/grid_crops_1400_inset075/20251021_162800_gridv3_637463cb6c71.jpg,cache/dinov3_grid_tiled_mil_features_5x5/20251021_162800_1f888b2004baca55.npz,0.023827964,0.027093537,0.00772019,0.033783764,0.0062872055,0.07361714,0.05212046,0.052503664,0.031960238,0.0067170095,0.007085144,0.0063842237,0.0059611606,0.007203249,0.0066960584,0.005650449,0.022421395,0.050386213,0.1130772,0.07018895,0.007510271,0.06686261,0.16881786,0.07444793,0.07167619
20251021_132559,14.5,6.322109,-8.177891,0.7434304880448266,5,0.33243802,/home/nfs/data/nvme_datasets/Pictures_CFSB_leaf_damage/RSFB-Phenotyping_training_set/RSFB-Phenotyping_training_set/20251021_132559.jpg,/home/user/tabbakhab1/dev/project/cache/grid_crops_1400_inset075/20251021_132559_gridv3_f21f29d8f04c.jpg,cache/dinov3_grid_tiled_mil_features_5x5/20251021_132559_bc366ddd21aa583f.npz,0.005443831,0.004710942,0.008470708,0.034438778,0.09103943,0.33243802,0.043112922,0.0068609137,0.076281756,0.060975995,0.014501392,0.0059070983,0.005203035,0.0055876235,0.0070222295,0.0056362324,0.004840698,0.005945794,0.0062984927,0.00615062,0.066479385,0.07217684,0.029252684,0.09423679,0.006987718
20251021_160615,2.0,1.9880109,-0.011989117,0.8441041049096698,2,0.18502992,/home/nfs/data/nvme_datasets/Pictures_CFSB_leaf_damage/RSFB-Phenotyping_training_set/RSFB-Phenotyping_training_set/20251021_160615.jpg,/home/user/tabbakhab1/dev/project/cache/grid_crops_1400_inset075/20251021_160615_gridv3_47af67e5c3e5.jpg,cache/dinov3_grid_tiled_mil_features_5x5/20251021_160615_cefef94ef000ba0e.npz,0.007413824,0.08716301,0.18502992,0.05188546,0.06777056,0.0058708,0.04310923,0.05169105,0.0060587595,0.0062493924,0.008301336,0.0059901145,0.0058124107,0.0055846362,0.007592769,0.090355605,0.07354273,0.008845731,0.047664676,0.10390712,0.052866656,0.02668882,0.0071463063,0.005759319,0.037699807
20251021_162506,5.0,3.7257352,-1.2742648,0.7258797172497332,7,0.27525425,/home/nfs/data/nvme_datasets/Pictures_CFSB_leaf_damage/RSFB-Phenotyping_training_set/RSFB-Phenotyping_training_set/20251021_162506.jpg,/home/user/tabbakhab1/dev/project/cache/grid_crops_1400_inset075/20251021_162506_gridv3_38f8ea19eee9.jpg,cache/dinov3_grid_tiled_mil_features_5x5/20251021_162506_0d2c7be0e7cbd829.npz,0.006595381,0.0060753934,0.0052137272,0.005101986,0.00527753,0.040344626,0.19984792,0.27525425,0.14614563,0.0062830807,0.0065249098,0.00737051,0.0048588593,0.014164189,0.0061592846,0.0057892613,0.04988392,0.03978865,0.04019912,0.0037259017,0.0060515143,0.03878154,0.032650966,0.044398066,0.0035137949
20251021_121253,8.5,24.301788,15.801788,0.7179068465894404,24,0.20205766,/home/nfs/data/nvme_datasets/Pictures_CFSB_leaf_damage/RSFB-Phenotyping_training_set/RSFB-Phenotyping_training_set/20251021_121253.jpg,/home/user/tabbakhab1/dev/project/cache/grid_crops_1400_inset075/20251021_121253_gridv3_c668b9bc9d72.jpg,cache/dinov3_grid_tiled_mil_features_5x5/20251021_121253_2beffbc7c8434008.npz,0.009983369,0.023320924,0.002782761,0.09621247,0.003032364,0.014807997,0.020229157,0.0023817986,0.119927116,0.0026911232,0.0022140113,0.0022453999,0.002318186,0.0020548939,0.0023665167,0.0023138556,0.010317233,0.0023785243,0.058798462,0.13863169,0.0016014592,0.10431327,0.008816672,0.16420305,0.20205766
20251021_130316,4.0,4.313211,0.31321096,0.7871712471151256,19,0.24495456,/home/nfs/data/nvme_datasets/Pictures_CFSB_leaf_damage/RSFB-Phenotyping_training_set/RSFB-Phenotyping_training_set/20251021_130316.jpg,/home/user/tabbakhab1/dev/project/cache/grid_crops_1400_inset075/20251021_130316_gridv3_637240cdb9d4.jpg,cache/dinov3_grid_tiled_mil_features_5x5/20251021_130316_2201caf7fce6161a.npz,0.081354566,0.050356403,0.11699426,0.04861606,0.03708523,0.109616555,0.03207062,0.030487644,0.014745406,0.011391635,0.0036752103,0.0036286134,0.0038409221,0.003203789,0.007553627,0.089764714,0.036232892,0.0048576985,0.0052851415,0.24495456,0.0033940156,0.004294939,0.004573354,0.003649927,0.048372153
20251021_160632,1.75,3.2590613,1.5090613,0.9033688604439936,21,0.15215355,/home/nfs/data/nvme_datasets/Pictures_CFSB_leaf_damage/RSFB-Phenotyping_training_set/RSFB-Phenotyping_training_set/20251021_160632.jpg,/home/user/tabbakhab1/dev/project/cache/grid_crops_1400_inset075/20251021_160632_gridv3_dee9be4c07d6.jpg,cache/dinov3_grid_tiled_mil_features_5x5/20251021_160632_edfed7634dc98f89.npz,0.0039404267,0.004290567,0.023677886,0.053580265,0.06376694,0.042418193,0.04670042,0.046134844,0.036091134,0.034124468,0.004571731,0.03186708,0.030559726,0.004975796,0.0054026153,0.00316074,0.033142626,0.07130132,0.05881027,0.02803324,0.08092306,0.15215355,0.07751592,0.033049032,0.029808156
20251021_121432,17.0,10.07052,-6.9294796,0.769349338844533,20,0.16121656,/home/nfs/data/nvme_datasets/Pictures_CFSB_leaf_damage/RSFB-Phenotyping_training_set/RSFB-Phenotyping_training_set/20251021_121432.jpg,/home/user/tabbakhab1/dev/project/cache/grid_crops_1400_inset075/20251021_121432_gridv3_c4270272619b.jpg,cache/dinov3_grid_tiled_mil_features_5x5/20251021_121432_cabdde8dbb38c8e9.npz,0.0019486248,0.0017709214,0.012574268,0.011080114,0.016226616,0.001973344,0.13318822,0.05442041,0.018456953,0.01596794,0.0016965205,0.0019963814,0.0022925208,0.0018098936,0.0019531104,0.11805318,0.034651548,0.15029056,0.07570533,0.0021083166,0.16121656,0.018880852,0.059207667,0.10061579,0.0019143295
20251021_160958,3.5,3.7611744,0.26117444,0.7558193486354436,9,0.26885766,/home/nfs/data/nvme_datasets/Pictures_CFSB_leaf_damage/RSFB-Phenotyping_training_set/RSFB-Phenotyping_training_set/20251021_160958.jpg,/home/user/tabbakhab1/dev/project/cache/grid_crops_1400_inset075/20251021_160958_gridv3_93b48d060a23.jpg,cache/dinov3_grid_tiled_mil_features_5x5/20251021_160958_39b97d740dc59c21.npz,0.0038619032,0.003129665,0.0041201627,0.003913837,0.0031550939,0.0042943214,0.06060985,0.037347298,0.004348552,0.26885766,0.004004554,0.0031489197,0.0036313196,0.0045569045,0.06568417,0.030048143,0.13336548,0.022340106,0.003660326,0.002915907,0.07896653,0.111990236,0.04737993,0.05574216,0.038926996
20251021_155331,6.0,8.665714,2.6657143,0.7278259168585229,22,0.19992322,/home/nfs/data/nvme_datasets/Pictures_CFSB_leaf_damage/RSFB-Phenotyping_training_set/RSFB-Phenotyping_training_set/20251021_155331.jpg,/home/user/tabbakhab1/dev/project/cache/grid_crops_1400_inset075/20251021_155331_gridv3_ace548a5da88.jpg,cache/dinov3_grid_tiled_mil_features_5x5/20251021_155331_f9a92bbd0eedb044.npz,0.0019997621,0.0024359152,0.0036575648,0.003956803,0.0035279423,0.108986065,0.04435889,0.01686728,0.001997656,0.002435411,0.05111829,0.02540144,0.016562894,0.0034664383,0.0028633364,0.001915474,0.011798766,0.061283287,0.009142687,0.002009336,0.0026221757,0.19704725,0.19992322,0.1479078,0.07671431
20251021_122853,9.25,7.9539695,-1.2960305,0.7143774057153968,20,0.23402224,/home/nfs/data/nvme_datasets/Pictures_CFSB_leaf_damage/RSFB-Phenotyping_training_set/RSFB-Phenotyping_training_set/20251021_122853.jpg,/home/user/tabbakhab1/dev/project/cache/grid_crops_1400_inset075/20251021_122853_gridv3_0cdf49efd7b5.jpg,cache/dinov3_grid_tiled_mil_features_5x5/20251021_122853_dcafa60832905ecf.npz,0.0015263208,0.0017847808,0.002514652,0.13841759,0.011211631,0.0020766645,0.0025154029,0.0031628364,0.074081115,0.012014257,0.0021363066,0.0018430453,0.0023621514,0.002922109,0.002720834,0.17094016,0.0662129,0.002895258,0.034006264,0.019369429,0.23402224,0.10649753,0.0024028625,0.07561097,0.026752628
20251021_131954,3.0,4.4564877,1.4564877,0.795885031578161,5,0.28349045,/home/nfs/data/nvme_datasets/Pictures_CFSB_leaf_damage/RSFB-Phenotyping_training_set/RSFB-Phenotyping_training_set/20251021_131954.jpg,/home/user/tabbakhab1/dev/project/cache/grid_crops_1400_inset075/20251021_131954_gridv3_5e98fc1bffc2.jpg,cache/dinov3_grid_tiled_mil_features_5x5/20251021_131954_6e96766cbc0478d6.npz,0.0899894,0.002561792,0.0038102649,0.0027008287,0.0027593109,0.28349045,0.07314737,0.046434797,0.022623943,0.0033954447,0.0033842754,0.003965073,0.003183872,0.0032473276,0.0033172797,0.03538563,0.028315505,0.055440318,0.07032421,0.046116408,0.03906919,0.0293763,0.046612345,0.046164118,0.055184584
20251021_161143,7.25,9.12799,1.8779898,0.6564974131280095,17,0.24881667,/home/nfs/data/nvme_datasets/Pictures_CFSB_leaf_damage/RSFB-Phenotyping_training_set/RSFB-Phenotyping_training_set/20251021_161143.jpg,/home/user/tabbakhab1/dev/project/cache/grid_crops_1400_inset075/20251021_161143_gridv3_ceb9e95effda.jpg,cache/dinov3_grid_tiled_mil_features_5x5/20251021_161143_299508f4ecb1cf89.npz,0.0034911432,0.0036289527,0.13977599,0.112379685,0.0035552976,0.002599953,0.0025552104,0.0035031715,0.0037016342,0.0023287674,0.0025999034,0.0031143576,0.0026746076,0.002630391,0.002401291,0.024471195,0.21082985,0.24881667,0.024038486,0.13906386,0.03849671,0.0026836281,0.0029787295,0.0032907869,0.014389739
20251021_155308,0.7500005,2.2720284,1.522028,0.8713957918406164,17,0.123436324,/home/nfs/data/nvme_datasets/Pictures_CFSB_leaf_damage/RSFB-Phenotyping_training_set/RSFB-Phenotyping_training_set/20251021_155308.jpg,/home/user/tabbakhab1/dev/project/cache/grid_crops_1400_inset075/20251021_155308_gridv3_04520e383698.jpg,cache/dinov3_grid_tiled_mil_features_5x5/20251021_155308_58487ab883a08118.npz,0.0075124963,0.009164162,0.011501641,0.008214112,0.0086216265,0.00927861,0.0676299,0.07630462,0.08330658,0.00932669,0.012015315,0.008801453,0.06373707,0.012210303,0.009769291,0.009705283,0.04786835,0.123436324,0.011143752,0.009481423,0.07043305,0.08336344,0.082439914,0.06825337,0.09648122
20251021_153136,8.5,2.9425411,-5.557459,0.78932504540135,9,0.2372522,/home/nfs/data/nvme_datasets/Pictures_CFSB_leaf_damage/RSFB-Phenotyping_training_set/RSFB-Phenotyping_training_set/20251021_153136.jpg,/home/user/tabbakhab1/dev/project/cache/grid_crops_1400_inset075/20251021_153136_gridv3_5ccd5a80b624.jpg,cache/dinov3_grid_tiled_mil_features_5x5/20251021_153136_3482b946098b649f.npz,0.00873311,0.008948174,0.012741797,0.008449397,0.007829719,0.0993087,0.0151999155,0.052576922,0.14922442,0.2372522,0.060991842,0.009048517,0.010487431,0.057450023,0.08061623,0.009873047,0.011220657,0.0119550405,0.007885693,0.010653097,0.095407896,0.0084594395,0.009422829,0.0071550165,0.009108885
20251021_154443,3.75,6.6381626,2.8881626,0.8091032157725522,21,0.17264335,/home/nfs/data/nvme_datasets/Pictures_CFSB_leaf_damage/RSFB-Phenotyping_training_set/RSFB-Phenotyping_training_set/20251021_154443.jpg,/home/user/tabbakhab1/dev/project/cache/grid_crops_1400_inset075/20251021_154443_gridv3_784729157ae0.jpg,cache/dinov3_grid_tiled_mil_features_5x5/20251021_154443_f33e71d550f271c6.npz,0.037539728,0.00350344,0.00360471,0.024222244,0.06470734,0.025693642,0.002949298,0.0028739271,0.021483282,0.048996076,0.002914781,0.003204108,0.0046047554,0.0031260434,0.0020509316,0.003004657,0.017353691,0.029177936,0.06152107,0.09715021,0.12304137,0.17264335,0.025091331,0.09165479,0.12788728
20251021_161301,1.5,1.9076333,0.4076333,0.8604730683376566,6,0.18203534,/home/nfs/data/nvme_datasets/Pictures_CFSB_leaf_damage/RSFB-Phenotyping_training_set/RSFB-Phenotyping_training_set/20251021_161301.jpg,/home/user/tabbakhab1/dev/project/cache/grid_crops_1400_inset075/20251021_161301_gridv3_29848dc6cf6c.jpg,cache/dinov3_grid_tiled_mil_features_5x5/20251021_161301_58b4826c8dacf67a.npz,0.020765608,0.071744345,0.097655155,0.060994785,0.005237439,0.05458545,0.18203534,0.042385615,0.039875444,0.005396967,0.0051640007,0.0064036483,0.0052295458,0.004394242,0.0061758887,0.040953677,0.06449149,0.01694473,0.04960091,0.048911996,0.056276083,0.08600392,0.019245366,0.004870416,0.0046579326
20251021_121624,9.75,8.719872,-1.0301275,0.8164709639176478,24,0.17601566,/home/nfs/data/nvme_datasets/Pictures_CFSB_leaf_damage/RSFB-Phenotyping_training_set/RSFB-Phenotyping_training_set/20251021_121624.jpg,/home/user/tabbakhab1/dev/project/cache/grid_crops_1400_inset075/20251021_121624_gridv3_56651bce7707.jpg,cache/dinov3_grid_tiled_mil_features_5x5/20251021_121624_a9c3d3a0c64465e9.npz,0.0045604412,0.032568436,0.043744296,0.05386886,0.14241265,0.0033309767,0.018133586,0.0050684083,0.036147017,0.018033586,0.0047816057,0.004264443,0.0037059502,0.0038948427,0.0043079,0.050779365,0.055660263,0.0051054903,0.108927384,0.06252106,0.024132166,0.01821636,0.0041099247,0.11570923,0.17601566
20251021_161318,6.75,5.0639267,-1.6860733,0.8381677856278271,15,0.17307559,/home/nfs/data/nvme_datasets/Pictures_CFSB_leaf_damage/RSFB-Phenotyping_training_set/RSFB-Phenotyping_training_set/20251021_161318.jpg,/home/user/tabbakhab1/dev/project/cache/grid_crops_1400_inset075/20251021_161318_gridv3_4e5774f949bf.jpg,cache/dinov3_grid_tiled_mil_features_5x5/20251021_161318_d677e24e07f7b3ad.npz,0.087885134,0.046357963,0.0024245335,0.017092705,0.10856326,0.12989211,0.06357982,0.0030708574,0.025238438,0.016857231,0.05919478,0.06232313,0.0024919282,0.030281946,0.02198417,0.17307559,0.04815017,0.0032396885,0.015424183,0.036737334,0.026657932,0.009037896,0.0032403874,0.004736209,0.0024625896
20251021_160943,5.75,5.842901,0.09290123,0.7318672685704672,11,0.19573155,/home/nfs/data/nvme_datasets/Pictures_CFSB_leaf_damage/RSFB-Phenotyping_training_set/RSFB-Phenotyping_training_set/20251021_160943.jpg,/home/user/tabbakhab1/dev/project/cache/grid_crops_1400_inset075/20251021_160943_gridv3_08f6a8baefc4.jpg,cache/dinov3_grid_tiled_mil_features_5x5/20251021_160943_e60206bfe04a6ba6.npz,0.0016306888,0.0016604932,0.0022622799,0.0019797417,0.0034518617,0.030339189,0.17723086,0.18046069,0.06955371,0.040146213,0.034215517,0.19573155,0.07328233,0.0019210965,0.0020408954,0.0013980714,0.0015300083,0.0019476273,0.0017758752,0.001600777,0.037558697,0.059530243,0.050649848,0.026387408,0.0017142716
20251021_130410,2.0,2.237433,0.23743296,0.9214695594551074,19,0.08266587,/home/nfs/data/nvme_datasets/Pictures_CFSB_leaf_damage/RSFB-Phenotyping_training_set/RSFB-Phenotyping_training_set/20251021_130410.jpg,/home/user/tabbakhab1/dev/project/cache/grid_crops_1400_inset075/20251021_130410_gridv3_7a39b25ca267.jpg,cache/dinov3_grid_tiled_mil_features_5x5/20251021_130410_d9f4d3ce2ad5e528.npz,0.039313708,0.053354003,0.045029268,0.041674763,0.050780702,0.044351473,0.06693304,0.04903695,0.06744985,0.06647224,0.0068612285,0.0070015835,0.0067418953,0.007920943,0.009164348,0.0055049956,0.06497777,0.0059034387,0.04874664,0.08266587,0.01788659,0.058793724,0.0070847264,0.06941649,0.07693374
20251021_122423,1.75,3.173132,1.423132,0.8449508596049394,17,0.1712605,/home/nfs/data/nvme_datasets/Pictures_CFSB_leaf_damage/RSFB-Phenotyping_training_set/RSFB-Phenotyping_training_set/20251021_122423.jpg,/home/user/tabbakhab1/dev/project/cache/grid_crops_1400_inset075/20251021_122423_gridv3_e44a3c931912.jpg,cache/dinov3_grid_tiled_mil_features_5x5/20251021_122423_fd84bfab209532ad.npz,0.048116315,0.053715646,0.005183158,0.0053938664,0.123310976,0.03131756,0.020893158,0.0041502076,0.005378236,0.06685984,0.003982731,0.0047871983,0.0038998509,0.0050898874,0.0046051405,0.06521304,0.0744288,0.1712605,0.028817445,0.052028537,0.053256772,0.09529328,0.02554679,0.003759829,0.04371132
20251021_162416,0.7500005,2.7004185,1.950418,0.6543197084506542,3,0.3821353,/home/nfs/data/nvme_datasets/Pictures_CFSB_leaf_damage/RSFB-Phenotyping_training_set/RSFB-Phenotyping_training_set/20251021_162416.jpg,/home/user/tabbakhab1/dev/project/cache/grid_crops_1400_inset075/20251021_162416_gridv3_8a2da542dcbc.jpg,cache/dinov3_grid_tiled_mil_features_5x5/20251021_162416_2aa6a19d62e021aa.npz,0.009527683,0.009247834,0.012004164,0.3821353,0.11587315,0.009363529,0.0095412275,0.013214293,0.016110498,0.011000302,0.0105217565,0.010658229,0.009367282,0.009003642,0.008776138,0.23278366,0.047574755,0.01238847,0.013432881,0.009148686,0.007012324,0.008433484,0.012711479,0.010875484,0.009293817
20251021_125744,2.0,3.9052305,1.9052305,0.8269246730985677,5,0.16513906,/home/nfs/data/nvme_datasets/Pictures_CFSB_leaf_damage/RSFB-Phenotyping_training_set/RSFB-Phenotyping_training_set/20251021_125744.jpg,/home/user/tabbakhab1/dev/project/cache/grid_crops_1400_inset075/20251021_125744_gridv3_ff99abab1151.jpg,cache/dinov3_grid_tiled_mil_features_5x5/20251021_125744_b5373480630d0e5d.npz,0.09779695,0.07141871,0.008685775,0.022077193,0.023900222,0.16513906,0.11197622,0.008812947,0.058239225,0.05391172,0.0061129825,0.006468859,0.006653936,0.0060503297,0.005761203,0.005291405,0.109992616,0.007950276,0.0052823117,0.06865545,0.0048044194,0.061176576,0.0046338574,0.0068615354,0.07234622
20251021_125600,4.75,6.249826,1.499826,0.6426362104199633,21,0.42115757,/home/nfs/data/nvme_datasets/Pictures_CFSB_leaf_damage/RSFB-Phenotyping_training_set/RSFB-Phenotyping_training_set/20251021_125600.jpg,/home/user/tabbakhab1/dev/project/cache/grid_crops_1400_inset075/20251021_125600_gridv3_4c7dc1a4c163.jpg,cache/dinov3_grid_tiled_mil_features_5x5/20251021_125600_3850b19d4210c705.npz,0.003619019,0.0038530412,0.004301216,0.041286334,0.036016878,0.03019138,0.023719503,0.004754621,0.043166976,0.028446227,0.018440098,0.005272637,0.0056145363,0.004630825,0.0046099634,0.045140862,0.20060387,0.005372696,0.0035504345,0.003514315,0.049335003,0.42115757,0.0048066317,0.0043589743,0.0042364527
20251021_161250,3.25,3.2666068,0.016606808,0.8023410783929394,4,0.16884346,/home/nfs/data/nvme_datasets/Pictures_CFSB_leaf_damage/RSFB-Phenotyping_training_set/RSFB-Phenotyping_training_set/20251021_161250.jpg,/home/user/tabbakhab1/dev/project/cache/grid_crops_1400_inset075/20251021_161250_gridv3_71b8a4b8955d.jpg,cache/dinov3_grid_tiled_mil_features_5x5/20251021_161250_cb98bab6b0df004f.npz,0.03176003,0.021957085,0.045000073,0.012667064,0.16884346,0.15801585,0.029946962,0.060731266,0.010001554,0.07164675,0.006525065,0.0058635906,0.0045939786,0.0044806483,0.005265182,0.0049314243,0.0054411124,0.0051713367,0.005077562,0.005495098,0.005513994,0.07640473,0.032089923,0.08048261,0.14209369
20251021_155512,8.0,6.010988,-1.9890118,0.8640502984050866,8,0.17071205,/home/nfs/data/nvme_datasets/Pictures_CFSB_leaf_damage/RSFB-Phenotyping_training_set/RSFB-Phenotyping_training_set/20251021_155512.jpg,/home/user/tabbakhab1/dev/project/cache/grid_crops_1400_inset075/20251021_155512_gridv3_28bac2125511.jpg,cache/dinov3_grid_tiled_mil_features_5x5/20251021_155512_81f7867058dda651.npz,0.002671114,0.041207872,0.023934796,0.05597032,0.03021439,0.0019609244,0.07827796,0.039847486,0.17071205,0.050548773,0.0022876628,0.0021694177,0.0023993072,0.0024584502,0.0023434393,0.040338833,0.013695204,0.04043164,0.05793855,0.07441859,0.07091843,0.008476351,0.04186708,0.08817031,0.05674105
20251021_161615,19.75,7.6736107,-12.076389,0.8779238151176816,20,0.106026836,/home/nfs/data/nvme_datasets/Pictures_CFSB_leaf_damage/RSFB-Phenotyping_training_set/RSFB-Phenotyping_training_set/20251021_161615.jpg,/home/user/tabbakhab1/dev/project/cache/grid_crops_1400_inset075/20251021_161615_gridv3_90ad88be429a.jpg,cache/dinov3_grid_tiled_mil_features_5x5/20251021_161615_90ebc995f0487a12.npz,0.011517891,0.09657007,0.038233254,0.015683489,0.014325255,0.009439692,0.081118606,0.019599937,0.0474375,0.034516808,0.0021133842,0.00205662,0.0018700538,0.0016991858,0.001620552,0.09984387,0.10405043,0.06888187,0.038738206,0.042961523,0.106026836,0.047380004,0.06343585,0.019318596,0.03156054
20251021_154954,2.5,2.6195369,0.11953688,0.8326571222296274,14,0.17633863,/home/nfs/data/nvme_datasets/Pictures_CFSB_leaf_damage/RSFB-Phenotyping_training_set/RSFB-Phenotyping_training_set/20251021_154954.jpg,/home/user/tabbakhab1/dev/project/cache/grid_crops_1400_inset075/20251021_154954_gridv3_e45e73f84759.jpg,cache/dinov3_grid_tiled_mil_features_5x5/20251021_154954_78dd9abd239ba0b5.npz,0.045831006,0.08131236,0.013272931,0.0067841867,0.036629662,0.07965979,0.08125381,0.005847597,0.0048681935,0.0054307147,0.0062086694,0.00684447,0.0060080867,0.06172837,0.17633863,0.06341941,0.14599682,0.0072483593,0.058779992,0.026780805,0.017322227,0.04288551,0.008406487,0.005775207,0.0053666844
20251021_121504,10.5,7.945695,-2.554305,0.6947060459253181,17,0.26081508,/home/nfs/data/nvme_datasets/Pictures_CFSB_leaf_damage/RSFB-Phenotyping_training_set/RSFB-Phenotyping_training_set/20251021_121504.jpg,/home/user/tabbakhab1/dev/project/cache/grid_crops_1400_inset075/20251021_121504_gridv3_4e18401c6108.jpg,cache/dinov3_grid_tiled_mil_features_5x5/20251021_121504_fb39574955c9a917.npz,0.0032153544,0.057831213,0.07914656,0.0282131,0.005011705,0.0037270605,0.032388967,0.03737302,0.0023223124,0.0027304264,0.0024553142,0.0037302624,0.0028562385,0.00216217,0.0020607705,0.026353335,0.0046120547,0.26081508,0.18349452,0.0021921839,0.023805842,0.004089502,0.18891071,0.037872184,0.002630194
20251021_155044,3.0,4.5427694,1.5427694,0.7499189999888707,1,0.19584501,/home/nfs/data/nvme_datasets/Pictures_CFSB_leaf_damage/RSFB-Phenotyping_training_set/RSFB-Phenotyping_training_set/20251021_155044.jpg,/home/user/tabbakhab1/dev/project/cache/grid_crops_1400_inset075/20251021_155044_gridv3_17f6c5521d0a.jpg,cache/dinov3_grid_tiled_mil_features_5x5/20251021_155044_00524fe2455a95fd.npz,0.1947692,0.19584501,0.0036153863,0.12665047,0.0039389664,0.0062498925,0.006278166,0.003794732,0.023357548,0.0032604854,0.0055769873,0.0043360493,0.004077704,0.004919797,0.0051349234,0.064865164,0.069206,0.06580248,0.08712455,0.07505015,0.0029994315,0.0037924822,0.0051431097,0.01949674,0.014714635
20251021_122516,25.0,21.544203,-3.4557972,0.7354807957458134,7,0.22141679,/home/nfs/data/nvme_datasets/Pictures_CFSB_leaf_damage/RSFB-Phenotyping_training_set/RSFB-Phenotyping_training_set/20251021_122516.jpg,/home/user/tabbakhab1/dev/project/cache/grid_crops_1400_inset075/20251021_122516_gridv3_7543781bc05d.jpg,cache/dinov3_grid_tiled_mil_features_5x5/20251021_122516_791df8812df3f257.npz,0.0030068904,0.0019450042,0.002506563,0.0017119246,0.0029680624,0.14142509,0.077085294,0.22141679,0.00154439,0.11793856,0.038239427,0.020146841,0.0020651938,0.0023518275,0.0015573639,0.0061409613,0.0048526786,0.0017696491,0.009611283,0.008467023,0.054392554,0.0914586,0.0020214634,0.09353056,0.09184608
20251021_162856,9.0,9.719206,0.71920586,0.7415427319608408,9,0.27684546,/home/nfs/data/nvme_datasets/Pictures_CFSB_leaf_damage/RSFB-Phenotyping_training_set/RSFB-Phenotyping_training_set/20251021_162856.jpg,/home/user/tabbakhab1/dev/project/cache/grid_crops_1400_inset075/20251021_162856_gridv3_238cf3aa41f4.jpg,cache/dinov3_grid_tiled_mil_features_5x5/20251021_162856_14db358acd40b53e.npz,0.06280915,0.005650028,0.006420327,0.0044071735,0.023580492,0.13401824,0.13721716,0.011505668,0.0060406066,0.27684546,0.005095122,0.0066711353,0.006474988,0.005175941,0.004318495,0.010463252,0.0127666835,0.006333545,0.0048150155,0.0045328196,0.05877636,0.07442556,0.04203974,0.08405149,0.005565481
20251021_125405,19.5,22.907001,3.4070015,0.7160728074254166,22,0.16812977,/home/nfs/data/nvme_datasets/Pictures_CFSB_leaf_damage/RSFB-Phenotyping_training_set/RSFB-Phenotyping_training_set/20251021_125405.jpg,/home/user/tabbakhab1/dev/project/cache/grid_crops_1400_inset075/20251021_125405_gridv3_16d15bc88ff9.jpg,cache/dinov3_grid_tiled_mil_features_5x5/20251021_125405_5e339cf012dac62b.npz,0.0010838789,0.000996493,0.0012987354,0.0010175935,0.0015337828,0.001151074,0.00095450185,0.0011897623,0.0011770932,0.0011409714,0.0011871231,0.0010375911,0.0013419464,0.0013019036,0.0012343099,0.04201341,0.091918685,0.156768,0.06575671,0.038750917,0.07805737,0.13146718,0.16812977,0.10930786,0.10018335
20251021_154331,2.25,3.2763996,1.0263996,0.8078646930517416,17,0.24004874,/home/nfs/data/nvme_datasets/Pictures_CFSB_leaf_damage/RSFB-Phenotyping_training_set/RSFB-Phenotyping_training_set/20251021_154331.jpg,/home/user/tabbakhab1/dev/project/cache/grid_crops_1400_inset075/20251021_154331_gridv3_d4623a24cf37.jpg,cache/dinov3_grid_tiled_mil_features_5x5/20251021_154331_b4e811e6a80a76d9.npz,0.013332278,0.03223908,0.044412773,0.034845214,0.04225704,0.11480799,0.027493294,0.039246384,0.048582718,0.10569913,0.004776357,0.0040620533,0.004562585,0.0037680515,0.0033744173,0.0032784326,0.08531199,0.24004874,0.046200857,0.0048001823,0.0036884476,0.042170078,0.043498095,0.0040274234,0.0035163695
20251021_160745,7.75,5.1993127,-2.5506873,0.7304335557318503,23,0.3123629,/home/nfs/data/nvme_datasets/Pictures_CFSB_leaf_damage/RSFB-Phenotyping_training_set/RSFB-Phenotyping_training_set/20251021_160745.jpg,/home/user/tabbakhab1/dev/project/cache/grid_crops_1400_inset075/20251021_160745_gridv3_36ff4330d68d.jpg,cache/dinov3_grid_tiled_mil_features_5x5/20251021_160745_ac538941902ef9c3.npz,0.0030241557,0.0030936627,0.0033871054,0.010379369,0.1316973,0.017929291,0.122365125,0.059749853,0.019218719,0.047085833,0.0033847515,0.004134422,0.0034559348,0.0045713475,0.003686633,0.0032120747,0.01232037,0.00513349,0.09791508,0.01899382,0.028395597,0.047886882,0.013762854,0.3123629,0.022853447
20251021_123050,3.5,2.4474916,-1.0525084,0.9014058121003495,18,0.09549162,/home/nfs/data/nvme_datasets/Pictures_CFSB_leaf_damage/RSFB-Phenotyping_training_set/RSFB-Phenotyping_training_set/20251021_123050.jpg,/home/user/tabbakhab1/dev/project/cache/grid_crops_1400_inset075/20251021_123050_gridv3_ff42a152aa8a.jpg,cache/dinov3_grid_tiled_mil_features_5x5/20251021_123050_70fe2d1f1c24d227.npz,0.0697517,0.049733747,0.010138986,0.051800027,0.07360153,0.06635976,0.06656016,0.01040501,0.07590195,0.06449729,0.0064684963,0.008116899,0.008459297,0.007266913,0.0067601586,0.07951169,0.009782634,0.0103179095,0.09549162,0.07755282,0.061642908,0.009268397,0.009216587,0.036150463,0.035243098
20251021_131011,1.5,2.103273,0.6032729,0.8413355423378949,7,0.1777883,/home/nfs/data/nvme_datasets/Pictures_CFSB_leaf_damage/RSFB-Phenotyping_training_set/RSFB-Phenotyping_training_set/20251021_131011.jpg,/home/user/tabbakhab1/dev/project/cache/grid_crops_1400_inset075/20251021_131011_gridv3_cfc2e0c83ac8.jpg,cache/dinov3_grid_tiled_mil_features_5x5/20251021_131011_5ac9bacf15021483.npz,0.045254424,0.026584387,0.10321466,0.033303015,0.0064909235,0.07019702,0.061992466,0.1777883,0.10002464,0.008823474,0.009167021,0.0068699755,0.008311491,0.007562534,0.008013621,0.006700532,0.08038346,0.03946785,0.008238111,0.0072356598,0.007219978,0.08183473,0.07792653,0.009887231,0.0075080427
20251021_162646,13.5,8.78636,-4.71364,0.6985652274272292,20,0.27564737,/home/nfs/data/nvme_datasets/Pictures_CFSB_leaf_damage/RSFB-Phenotyping_training_set/RSFB-Phenotyping_training_set/20251021_162646.jpg,/home/user/tabbakhab1/dev/project/cache/grid_crops_1400_inset075/20251021_162646_gridv3_037df2103a60.jpg,cache/dinov3_grid_tiled_mil_features_5x5/20251021_162646_f10cb269501ea367.npz,0.0023997515,0.0030057817,0.0027903693,0.0025945394,0.0468642,0.10393585,0.002587268,0.004101227,0.002388658,0.031495042,0.0024287486,0.002323952,0.0035923468,0.0035783923,0.0034511366,0.07100223,0.03336888,0.059560563,0.0026928664,0.0039987215,0.27564737,0.20427,0.07343281,0.002847093,0.055642188
20251021_161150,1.0,2.3026986,1.3026986,0.7685795360540076,6,0.26169834,/home/nfs/data/nvme_datasets/Pictures_CFSB_leaf_damage/RSFB-Phenotyping_training_set/RSFB-Phenotyping_training_set/20251021_161150.jpg,/home/user/tabbakhab1/dev/project/cache/grid_crops_1400_inset075/20251021_161150_gridv3_958ec8b939c0.jpg,cache/dinov3_grid_tiled_mil_features_5x5/20251021_161150_25604f484d1375fe.npz,0.004548878,0.0050300728,0.0056919185,0.0055116327,0.0047205016,0.026640799,0.26169834,0.120515466,0.061774634,0.034252446,0.029006867,0.1355687,0.0701322,0.07734218,0.036701642,0.005461272,0.0067896554,0.00754371,0.0069878455,0.0049902885,0.0040564686,0.056797802,0.019229462,0.004458421,0.0045488044
20251021_121618,23.25,21.395449,-1.8545513,0.8195061233467075,24,0.1508596,/home/nfs/data/nvme_datasets/Pictures_CFSB_leaf_damage/RSFB-Phenotyping_training_set/RSFB-Phenotyping_training_set/20251021_121618.jpg,/home/user/tabbakhab1/dev/project/cache/grid_crops_1400_inset075/20251021_121618_gridv3_75352070cf75.jpg,cache/dinov3_grid_tiled_mil_features_5x5/20251021_121618_625e0920c95d14e2.npz,0.007267809,0.004429461,0.084067516,0.060784534,0.04331284,0.008892904,0.035497367,0.033104926,0.06983995,0.029576056,0.0019024174,0.0013463785,0.0017184869,0.001407603,0.0015401691,0.0016490984,0.0015187787,0.0015137913,0.03725018,0.0829215,0.039199933,0.059618678,0.12008449,0.12069555,0.1508596
20251021_121327,9.75,6.8837676,-2.8662324,0.7239528905201601,1,0.27708155,/home/nfs/data/nvme_datasets/Pictures_CFSB_leaf_damage/RSFB-Phenotyping_training_set/RSFB-Phenotyping_training_set/20251021_121327.jpg,/home/user/tabbakhab1/dev/project/cache/grid_crops_1400_inset075/20251021_121327_gridv3_902e29058b4b.jpg,cache/dinov3_grid_tiled_mil_features_5x5/20251021_121327_76e94e1c66ffdb07.npz,0.015673783,0.27708155,0.048220985,0.0029204641,0.0035755322,0.033863544,0.06546714,0.095874205,0.0034748476,0.002543664,0.0035768966,0.0028540306,0.003486349,0.0044520716,0.0031704877,0.00431885,0.0027293046,0.17715022,0.026505388,0.021530809,0.00413877,0.0026898147,0.10971307,0.03975504,0.045233183
20251021_123625,4.25,1.8052096,-2.4447904,0.8068661223208466,15,0.16699804,/home/nfs/data/nvme_datasets/Pictures_CFSB_leaf_damage/RSFB-Phenotyping_training_set/RSFB-Phenotyping_training_set/20251021_123625.jpg,/home/user/tabbakhab1/dev/project/cache/grid_crops_1400_inset075/20251021_123625_gridv3_8133a147267e.jpg,cache/dinov3_grid_tiled_mil_features_5x5/20251021_123625_e6797f0837f49238.npz,0.007678694,0.05193473,0.10204658,0.00664559,0.010481641,0.017993463,0.061991606,0.0098301,0.00895466,0.0068898685,0.014686734,0.006434456,0.00810443,0.0075312443,0.007231501,0.16699804,0.082897365,0.13759813,0.005712334,0.006794487,0.07133598,0.13717015,0.049169365,0.0073804962,0.0065084007
20251021_131146,5.0,4.938897,-0.061102867,0.6824604065989709,0,0.21160735,/home/nfs/data/nvme_datasets/Pictures_CFSB_leaf_damage/RSFB-Phenotyping_training_set/RSFB-Phenotyping_training_set/20251021_131146.jpg,/home/user/tabbakhab1/dev/project/cache/grid_crops_1400_inset075/20251021_131146_gridv3_ade26be23fc8.jpg,cache/dinov3_grid_tiled_mil_features_5x5/20251021_131146_00b32764faed7fb0.npz,0.21160735,0.16665453,0.0054730666,0.022511149,0.03446364,0.18845119,0.02265076,0.0056109643,0.005680875,0.027979273,0.0035131085,0.0039773607,0.0055061877,0.0045988807,0.0038970092,0.04833201,0.0033707141,0.005018715,0.004753278,0.20287147,0.008043575,0.003564809,0.004496047,0.0037146218,0.0032594067
20251021_124309,8.25,7.70427,-0.5457301,0.8120473762318502,23,0.17256482,/home/nfs/data/nvme_datasets/Pictures_CFSB_leaf_damage/RSFB-Phenotyping_training_set/RSFB-Phenotyping_training_set/20251021_124309.jpg,/home/user/tabbakhab1/dev/project/cache/grid_crops_1400_inset075/20251021_124309_gridv3_288f5bafc932.jpg,cache/dinov3_grid_tiled_mil_features_5x5/20251021_124309_3cf8e75ecea5255f.npz,0.015147335,0.009396124,0.009524081,0.021163115,0.0023159222,0.029133637,0.046958916,0.019747598,0.03545329,0.10942343,0.002108837,0.0016661428,0.0019070533,0.0021258714,0.0019343381,0.0015580835,0.0016334782,0.02225658,0.06687983,0.053363465,0.07877932,0.13195953,0.088744484,0.17256482,0.07425468
20251021_121810,9.5,3.3785152,-6.1214848,0.79269879661015,7,0.1588333,/home/nfs/data/nvme_datasets/Pictures_CFSB_leaf_damage/RSFB-Phenotyping_training_set/RSFB-Phenotyping_training_set/20251021_121810.jpg,/home/user/tabbakhab1/dev/project/cache/grid_crops_1400_inset075/20251021_121810_gridv3_00afc8e48389.jpg,cache/dinov3_grid_tiled_mil_features_5x5/20251021_121810_0b5ba2e9e87dc069.npz,0.0051897694,0.0057198177,0.0067098667,0.063658044,0.0064096637,0.0057932967,0.15030955,0.1588333,0.13808043,0.05341132,0.007815462,0.007780736,0.011743805,0.013631915,0.006743117,0.0052706054,0.005687551,0.008016721,0.021491867,0.050941147,0.12605993,0.005451032,0.006842912,0.039749797,0.088658325
20251021_124154,11.5,8.776581,-2.7234192,0.7847679618320549,3,0.17757167,/home/nfs/data/nvme_datasets/Pictures_CFSB_leaf_damage/RSFB-Phenotyping_training_set/RSFB-Phenotyping_training_set/20251021_124154.jpg,/home/user/tabbakhab1/dev/project/cache/grid_crops_1400_inset075/20251021_124154_gridv3_2bf9e8449a4e.jpg,cache/dinov3_grid_tiled_mil_features_5x5/20251021_124154_272bb4eb3d7ed194.npz,0.025320858,0.13413696,0.00283218,0.17757167,0.14102949,0.033783827,0.15693726,0.0028938283,0.0030952482,0.015993731,0.002692812,0.0025972275,0.0021321264,0.0025643874,0.0029526602,0.02849206,0.03985796,0.03951815,0.023487939,0.002470349,0.03973135,0.039874706,0.05001491,0.02753092,0.0024874138
20251021_155534,18.75,7.098662,-11.651339,0.656937752970641,9,0.25642693,/home/nfs/data/nvme_datasets/Pictures_CFSB_leaf_damage/RSFB-Phenotyping_training_set/RSFB-Phenotyping_training_set/20251021_155534.jpg,/home/user/tabbakhab1/dev/project/cache/grid_crops_1400_inset075/20251021_155534_gridv3_51e3f0304d5c.jpg,cache/dinov3_grid_tiled_mil_features_5x5/20251021_155534_efe6a921fd0dccd5.npz,0.0024120137,0.0027744852,0.002991982,0.0033491484,0.009588272,0.044259056,0.032981142,0.003615782,0.15801166,0.25642693,0.0026575215,0.0033950966,0.0037576675,0.102082446,0.2304622,0.0022479224,0.0030099552,0.002938374,0.002993532,0.0032861813,0.054253098,0.065338135,0.002638263,0.0023784493,0.002150759
20251021_152521,1.5999999,2.0477648,0.44776487,0.7816146264545915,21,0.19038312,/home/nfs/data/nvme_datasets/Pictures_CFSB_leaf_damage/RSFB-Phenotyping_training_set/RSFB-Phenotyping_training_set/20251021_152521.jpg,/home/user/tabbakhab1/dev/project/cache/grid_crops_1400_inset075/20251021_152521_gridv3_d91eb1fb6417.jpg,cache/dinov3_grid_tiled_mil_features_5x5/20251021_152521_06df34d75f95a1dc.npz,0.009299737,0.0086472295,0.013520987,0.00986913,0.009685048,0.010727458,0.009476335,0.014750952,0.10378976,0.104509026,0.012038342,0.011710289,0.011951771,0.011324671,0.011203698,0.008906361,0.011643101,0.01585521,0.0093001835,0.010316388,0.009993537,0.19038312,0.16976912,0.092140555,0.129188
20251021_131803,2.25,4.010233,1.7602329,0.7909766995751285,17,0.25502732,/home/nfs/data/nvme_datasets/Pictures_CFSB_leaf_damage/RSFB-Phenotyping_training_set/RSFB-Phenotyping_training_set/20251021_131803.jpg,/home/user/tabbakhab1/dev/project/cache/grid_crops_1400_inset075/20251021_131803_gridv3_ad10a03dc807.jpg,cache/dinov3_grid_tiled_mil_features_5x5/20251021_131803_e9eece86f1735330.npz,0.004146814,0.03447365,0.033540547,0.0105877,0.004791017,0.04670586,0.063029625,0.0412339,0.026201509,0.0039993073,0.005174476,0.009229583,0.037166126,0.022806061,0.0040102247,0.0039829975,0.15941598,0.25502732,0.02775798,0.0037717742,0.0051464858,0.069528274,0.08728972,0.03742582,0.0035572117
20251021_162630,17.25,15.344088,-1.9059124,0.5946076432232238,16,0.34638906,/home/nfs/data/nvme_datasets/Pictures_CFSB_leaf_damage/RSFB-Phenotyping_training_set/RSFB-Phenotyping_training_set/20251021_162630.jpg,/home/user/tabbakhab1/dev/project/cache/grid_crops_1400_inset075/20251021_162630_gridv3_b6e6b26ddaaa.jpg,cache/dinov3_grid_tiled_mil_features_5x5/20251021_162630_cbbcd382e49ff037.npz,0.32601988,0.0045553916,0.0064448896,0.03669715,0.038288087,0.006102948,0.0058337487,0.005130363,0.006705475,0.0056492668,0.006829882,0.0069399653,0.0051939334,0.0053515774,0.005856531,0.0045710932,0.34638906,0.0060539013,0.08394523,0.060844816,0.0051612873,0.005506092,0.0052953847,0.004970082,0.0056639803
20251021_124605,27.5,26.366364,-1.1336365,0.7981340443167771,4,0.18438138,/home/nfs/data/nvme_datasets/Pictures_CFSB_leaf_damage/RSFB-Phenotyping_training_set/RSFB-Phenotyping_training_set/20251021_124605.jpg,/home/user/tabbakhab1/dev/project/cache/grid_crops_1400_inset075/20251021_124605_gridv3_05308b98eef0.jpg,cache/dinov3_grid_tiled_mil_features_5x5/20251021_124605_c09794b4827c5a00.npz,0.030512786,0.00203557,0.0022971474,0.06461049,0.18438138,0.036833614,0.0021555596,0.0028348027,0.053696185,0.087953076,0.0021827247,0.0022665276,0.0020471732,0.0025181584,0.0022981367,0.046717808,0.038439244,0.010176962,0.025513485,0.032934446,0.15282974,0.12063876,0.0072801556,0.018329661,0.06851645
20251021_154210,11.5,14.835566,3.3355656,0.7365264680150937,20,0.15466084,/home/nfs/data/nvme_datasets/Pictures_CFSB_leaf_damage/RSFB-Phenotyping_training_set/RSFB-Phenotyping_training_set/20251021_154210.jpg,/home/user/tabbakhab1/dev/project/cache/grid_crops_1400_inset075/20251021_154210_gridv3_1c9aacf3e898.jpg,cache/dinov3_grid_tiled_mil_features_5x5/20251021_154210_a86a82b41e1a86e7.npz,0.0020932704,0.0019747606,0.0021818848,0.13318804,0.0020766228,0.014679027,0.14918575,0.01058439,0.058844205,0.061171103,0.009507994,0.14215758,0.009526339,0.0032761309,0.0037549266,0.0031232915,0.0028201025,0.0032399339,0.002586379,0.0033719747,0.15466084,0.14935441,0.053189564,0.020326355,0.003125112
20251021_160732,1.25,3.5399346,2.2899346,0.790585510844879,20,0.17409833,/home/nfs/data/nvme_datasets/Pictures_CFSB_leaf_damage/RSFB-Phenotyping_training_set/RSFB-Phenotyping_training_set/20251021_160732.jpg,/home/user/tabbakhab1/dev/project/cache/grid_crops_1400_inset075/20251021_160732_gridv3_d9080ac44ecd.jpg,cache/dinov3_grid_tiled_mil_features_5x5/20251021_160732_6ce1d089b3f7ceb0.npz,0.029715704,0.0075649978,0.0071234093,0.0059835357,0.063306786,0.061928894,0.10278214,0.009644008,0.0055863857,0.050322402,0.0073994906,0.007160972,0.007204459,0.0064839837,0.005768266,0.09170359,0.15966322,0.025416093,0.0053626685,0.0049886815,0.17409833,0.13035797,0.01991337,0.005959626,0.004561018
20251021_155541,11.5,7.968862,-3.531138,0.7143963850293144,16,0.2182033,/home/nfs/data/nvme_datasets/Pictures_CFSB_leaf_damage/RSFB-Phenotyping_training_set/RSFB-Phenotyping_training_set/20251021_155541.jpg,/home/user/tabbakhab1/dev/project/cache/grid_crops_1400_inset075/20251021_155541_gridv3_9e2a542358b4.jpg,cache/dinov3_grid_tiled_mil_features_5x5/20251021_155541_4d7cc513fe78327f.npz,0.044070743,0.1994211,0.0038982872,0.014995525,0.006646183,0.0032697052,0.0033523105,0.0047645164,0.0026308096,0.0063542947,0.00389592,0.15131822,0.0038353307,0.0038882734,0.003142141,0.06912878,0.2182033,0.05645387,0.11331256,0.003099779,0.046044152,0.028408023,0.0036989464,0.0031273908,0.0030398192
20251021_155347,9.75,15.332449,5.582449,0.7950286833018663,3,0.14042006,/home/nfs/data/nvme_datasets/Pictures_CFSB_leaf_damage/RSFB-Phenotyping_training_set/RSFB-Phenotyping_training_set/20251021_155347.jpg,/home/user/tabbakhab1/dev/project/cache/grid_crops_1400_inset075/20251021_155347_gridv3_1592aa57391d.jpg,cache/dinov3_grid_tiled_mil_features_5x5/20251021_155347_7c336fde6dfdb17d.npz,0.034257457,0.13885663,0.09309679,0.14042006,0.07334858,0.018097935,0.08713211,0.091701224,0.13469182,0.023085449,0.0016486555,0.0020514405,0.0023134602,0.0017174149,0.0015672565,0.066849686,0.0021952104,0.017615402,0.019702492,0.008867627,0.0015463968,0.0018427598,0.014624886,0.020621175,0.002148143
20251021_151633,8.0,6.557312,-1.442688,0.7171260726891426,24,0.31114227,/home/nfs/data/nvme_datasets/Pictures_CFSB_leaf_damage/RSFB-Phenotyping_training_set/RSFB-Phenotyping_training_set/20251021_151633.jpg,/home/user/tabbakhab1/dev/project/cache/grid_crops_1400_inset075/20251021_151633_gridv3_fd61c52bcd7a.jpg,cache/dinov3_grid_tiled_mil_features_5x5/20251021_151633_7b51be9d2a4854c3.npz,0.028581727,0.03133978,0.0055060494,0.0043028835,0.06331846,0.033230435,0.03867489,0.007883279,0.0074354326,0.045436222,0.005655564,0.005380256,0.0043746643,0.006263044,0.004970413,0.0059477957,0.005363259,0.0044458755,0.05681839,0.11524023,0.0069925217,0.0077779368,0.0068794363,0.18703921,0.31114227
20251021_131646,5.5,3.9058425,-1.5941575,0.8416106669601765,4,0.19568582,/home/nfs/data/nvme_datasets/Pictures_CFSB_leaf_damage/RSFB-Phenotyping_training_set/RSFB-Phenotyping_training_set/20251021_131646.jpg,/home/user/tabbakhab1/dev/project/cache/grid_crops_1400_inset075/20251021_131646_gridv3_c8473bfd8b31.jpg,cache/dinov3_grid_tiled_mil_features_5x5/20251021_131646_a7d4c66b5acea0ed.npz,0.037379727,0.05717998,0.06061091,0.050492506,0.19568582,0.004628643,0.021818254,0.018642716,0.044743724,0.1659216,0.016887465,0.003912816,0.0037321716,0.003969883,0.004204391,0.07207005,0.042386517,0.048435662,0.028572993,0.00392035,0.019124174,0.040041544,0.03048076,0.021961046,0.0031962215
20251021_124920,4.0,6.243148,2.2431479,0.7646038399424765,20,0.24668708,/home/nfs/data/nvme_datasets/Pictures_CFSB_leaf_damage/RSFB-Phenotyping_training_set/RSFB-Phenotyping_training_set/20251021_124920.jpg,/home/user/tabbakhab1/dev/project/cache/grid_crops_1400_inset075/20251021_124920_gridv3_269d96bcf3de.jpg,cache/dinov3_grid_tiled_mil_features_5x5/20251021_124920_609a2e7b8f2801e9.npz,0.0038414216,0.0036274071,0.0065032444,0.0035243335,0.0059164623,0.07754538,0.02862052,0.053124215,0.05326678,0.020693686,0.0724677,0.05121443,0.029584654,0.016082352,0.031694926,0.0049306946,0.0034319405,0.004758422,0.0034866938,0.0038754696,0.24668708,0.20885782,0.029106932,0.03362721,0.0035302185
20251021_151403,5.25,3.4993606,-1.7506394,0.742949943345414,1,0.20933409,/home/nfs/data/nvme_datasets/Pictures_CFSB_leaf_damage/RSFB-Phenotyping_training_set/RSFB-Phenotyping_training_set/20251021_151403.jpg,/home/user/tabbakhab1/dev/project/cache/grid_crops_1400_inset075/20251021_151403_gridv3_a31f9eae231c.jpg,cache/dinov3_grid_tiled_mil_features_5x5/20251021_151403_f7c6fd3347bc083a.npz,0.018991668,0.20933409,0.20579538,0.04637665,0.13642792,0.0050510988,0.026074199,0.016929796,0.013052442,0.0031826622,0.0049282056,0.005011942,0.0053965463,0.004698776,0.0037505324,0.10823621,0.04546243,0.0054347194,0.0042759813,0.0056238263,0.05775338,0.05548907,0.005131738,0.0037769557,0.003813844
20251021_130935,5.5,4.899009,-0.6009908,0.790628034482735,15,0.2630117,/home/nfs/data/nvme_datasets/Pictures_CFSB_leaf_damage/RSFB-Phenotyping_training_set/RSFB-Phenotyping_training_set/20251021_130935.jpg,/home/user/tabbakhab1/dev/project/cache/grid_crops_1400_inset075/20251021_130935_gridv3_c67d00df919e.jpg,cache/dinov3_grid_tiled_mil_features_5x5/20251021_130935_988cc04060c2f5b9.npz,0.0413351,0.09018389,0.04271276,0.019544184,0.11122081,0.0035950944,0.019363377,0.00539547,0.013641266,0.020854756,0.004283215,0.0038742688,0.0039160494,0.0042600557,0.0029959579,0.2630117,0.041063715,0.11098864,0.044273503,0.050650414,0.05939827,0.005093979,0.020669576,0.014995746,0.0026782632
20251021_120939,20.25,16.520632,-3.7293682,0.6636932297394936,1,0.20270997,/home/nfs/data/nvme_datasets/Pictures_CFSB_leaf_damage/RSFB-Phenotyping_training_set/RSFB-Phenotyping_training_set/20251021_120939.jpg,/home/user/tabbakhab1/dev/project/cache/grid_crops_1400_inset075/20251021_120939_gridv3_d711613773c4.jpg,cache/dinov3_grid_tiled_mil_features_5x5/20251021_120939_a342d8fcc32e686b.npz,0.1699404,0.20270997,0.19623902,0.09830587,0.0041015977,0.0022671681,0.0025753132,0.003388436,0.0022598247,0.0021820702,0.07312809,0.0023980613,0.002712955,0.0023725335,0.016485292,0.14101923,0.0019338763,0.0026395079,0.0025613518,0.05745163,0.0030078513,0.002729374,0.0033928966,0.0022836656,0.0019139771
20251021_125148,2.0,2.8335934,0.83359337,0.8174442369258405,9,0.17505954,/home/nfs/data/nvme_datasets/Pictures_CFSB_leaf_damage/RSFB-Phenotyping_training_set/RSFB-Phenotyping_training_set/20251021_125148.jpg,/home/user/tabbakhab1/dev/project/cache/grid_crops_1400_inset075/20251021_125148_gridv3_04d14401c25b.jpg,cache/dinov3_grid_tiled_mil_features_5x5/20251021_125148_22b3bab6c5202a03.npz,0.006893142,0.008009017,0.02042726,0.0064931135,0.005903599,0.08768256,0.006632137,0.13434827,0.0548216,0.17505954,0.006675808,0.008834168,0.054421872,0.027867002,0.009061413,0.007879036,0.0077691157,0.0100744,0.008247026,0.0068680593,0.11908789,0.07854043,0.0072979955,0.07334208,0.06776345
20251021_122502,15.0,10.598085,-4.4019146,0.7377964476409605,11,0.26073635,/home/nfs/data/nvme_datasets/Pictures_CFSB_leaf_damage/RSFB-Phenotyping_training_set/RSFB-Phenotyping_training_set/20251021_122502.jpg,/home/user/tabbakhab1/dev/project/cache/grid_crops_1400_inset075/20251021_122502_gridv3_9e1612a9ef2a.jpg,cache/dinov3_grid_tiled_mil_features_5x5/20251021_122502_4b8e0b33310db460.npz,0.0029180485,0.0023091678,0.003118746,0.0024598762,0.0042032,0.056073673,0.031929377,0.003388283,0.023740485,0.042092882,0.13048515,0.26073635,0.0030579502,0.017118711,0.0051607965,0.0020698495,0.0022258295,0.0025462122,0.01576657,0.002860993,0.069728635,0.039563164,0.02130429,0.1218859,0.13325587
20251021_121320,13.5,8.202147,-5.2978535,0.7220707027705036,2,0.22450066,/home/nfs/data/nvme_datasets/Pictures_CFSB_leaf_damage/RSFB-Phenotyping_training_set/RSFB-Phenotyping_training_set/20251021_121320.jpg,/home/user/tabbakhab1/dev/project/cache/grid_crops_1400_inset075/20251021_121320_gridv3_8e8f04514369.jpg,cache/dinov3_grid_tiled_mil_features_5x5/20251021_121320_0d1458bdf49425e7.npz,0.0040878877,0.0039039978,0.22450066,0.071964785,0.034593754,0.003676922,0.006177378,0.14389826,0.19126922,0.06932202,0.0044782525,0.0050783013,0.005116184,0.0037830418,0.0037676087,0.0035387808,0.003927481,0.006221991,0.0032671208,0.03700723,0.003127219,0.09118169,0.006094072,0.005281411,0.064734764
20251021_163055,2.0,1.9254146,-0.07458544,0.8548757896515816,17,0.17088565,/home/nfs/data/nvme_datasets/Pictures_CFSB_leaf_damage/RSFB-Phenotyping_training_set/RSFB-Phenotyping_training_set/20251021_163055.jpg,/home/user/tabbakhab1/dev/project/cache/grid_crops_1400_inset075/20251021_163055_gridv3_d5db1928f61d.jpg,cache/dinov3_grid_tiled_mil_features_5x5/20251021_163055_c95556c80f84cd39.npz,0.014304532,0.1230507,0.09230142,0.012722205,0.017103435,0.010651842,0.012275159,0.017144818,0.021826608,0.024642726,0.011761848,0.01272544,0.014020892,0.013329355,0.043697722,0.011659364,0.068596445,0.17088565,0.10664565,0.10925576,0.015138568,0.01249993,0.017572233,0.016071465,0.030116256
20251021_155758,0.0,1.5574541,1.5574541,0.8465604953461487,11,0.1838875,/home/nfs/data/nvme_datasets/Pictures_CFSB_leaf_damage/RSFB-Phenotyping_training_set/RSFB-Phenotyping_training_set/20251021_155758.jpg,/home/user/tabbakhab1/dev/project/cache/grid_crops_1400_inset075/20251021_155758_gridv3_69d862dd2d33.jpg,cache/dinov3_grid_tiled_mil_features_5x5/20251021_155758_f521f145cf3cb4ba.npz,0.02422197,0.017849391,0.022064496,0.017338315,0.01610911,0.017992876,0.17463812,0.08664069,0.014409464,0.018506248,0.025925739,0.1838875,0.13958892,0.025399713,0.02388173,0.020722555,0.01856357,0.028178008,0.021399653,0.018587843,0.016277937,0.01595455,0.01771138,0.016354848,0.017795345
20251021_120926,21.25,13.5115795,-7.7384205,0.6465294294625792,9,0.24308363,/home/nfs/data/nvme_datasets/Pictures_CFSB_leaf_damage/RSFB-Phenotyping_training_set/RSFB-Phenotyping_training_set/20251021_120926.jpg,/home/user/tabbakhab1/dev/project/cache/grid_crops_1400_inset075/20251021_120926_gridv3_f34602797b70.jpg,cache/dinov3_grid_tiled_mil_features_5x5/20251021_120926_5979a8934efa0cde.npz,0.0027309966,0.0023794984,0.00236468,0.0027401731,0.004136934,0.025427317,0.1300351,0.0036318034,0.043519214,0.24308363,0.0431181,0.18810874,0.0032685094,0.0025403192,0.0022108522,0.0017436029,0.0019117784,0.002436139,0.0022719228,0.0016496762,0.19579484,0.08689618,0.002447907,0.003382883,0.0021691627
20251021_160133,4.0,7.718828,3.7188282,0.798699287026265,13,0.17955709,/home/nfs/data/nvme_datasets/Pictures_CFSB_leaf_damage/RSFB-Phenotyping_training_set/RSFB-Phenotyping_training_set/20251021_160133.jpg,/home/user/tabbakhab1/dev/project/cache/grid_crops_1400_inset075/20251021_160133_gridv3_4c4b6b3ec13b.jpg,cache/dinov3_grid_tiled_mil_features_5x5/20251021_160133_a555b8e4924c4b66.npz,0.0034523206,0.0033859129,0.0049648248,0.0031362006,0.0034661666,0.042987738,0.102836646,0.10980448,0.1458316,0.079538345,0.0045237737,0.026979292,0.029952744,0.17955709,0.042048812,0.0035612753,0.0037631714,0.005115061,0.057536535,0.014362977,0.0042772554,0.005168002,0.0051906123,0.064959586,0.053599644
20251021_123220,7.0,7.861507,0.86150694,0.7789891911933009,8,0.19446662,/home/nfs/data/nvme_datasets/Pictures_CFSB_leaf_damage/RSFB-Phenotyping_training_set/RSFB-Phenotyping_training_set/20251021_123220.jpg,/home/user/tabbakhab1/dev/project/cache/grid_crops_1400_inset075/20251021_123220_gridv3_81d37d2d4ff4.jpg,cache/dinov3_grid_tiled_mil_features_5x5/20251021_123220_8e7c1650c90bd731.npz,0.0037773876,0.002816335,0.003641402,0.0026017893,0.0045554433,0.0035184855,0.029313881,0.06048685,0.19446662,0.13879362,0.004131569,0.0035694663,0.020032685,0.040993575,0.017592043,0.01184939,0.012500982,0.0035804017,0.0042874906,0.0032661676,0.1095687,0.10018275,0.07729268,0.033068508,0.11411176
20251021_125035,5.25,1.5960789,-3.6539211,0.844817917033319,16,0.1688437,/home/nfs/data/nvme_datasets/Pictures_CFSB_leaf_damage/RSFB-Phenotyping_training_set/RSFB-Phenotyping_training_set/20251021_125035.jpg,/home/user/tabbakhab1/dev/project/cache/grid_crops_1400_inset075/20251021_125035_gridv3_35b73f785ac5.jpg,cache/dinov3_grid_tiled_mil_features_5x5/20251021_125035_9b31e79a269735ad.npz,0.025359264,0.015183254,0.011438763,0.11279101,0.023674637,0.03007279,0.009018369,0.01711097,0.025373602,0.0108483825,0.016770046,0.011993123,0.013368915,0.05165511,0.012071744,0.12627853,0.1688437,0.013297655,0.12511362,0.102373555,0.014481204,0.011480575,0.02537471,0.013605706,0.012420776
20251021_154614,4.25,3.7110534,-0.5389466,0.8049398060783226,8,0.22975785,/home/nfs/data/nvme_datasets/Pictures_CFSB_leaf_damage/RSFB-Phenotyping_training_set/RSFB-Phenotyping_training_set/20251021_154614.jpg,/home/user/tabbakhab1/dev/project/cache/grid_crops_1400_inset075/20251021_154614_gridv3_76f8d16e6196.jpg,cache/dinov3_grid_tiled_mil_features_5x5/20251021_154614_a409b93c002d0822.npz,0.02351879,0.05019651,0.008025563,0.100738704,0.0053041745,0.026456319,0.12878613,0.009412384,0.22975785,0.00568291,0.0054487376,0.006368601,0.0072571724,0.0054262015,0.005241529,0.02080239,0.0051999604,0.08747701,0.069362365,0.065937966,0.026163122,0.0053527597,0.0452257,0.050615065,0.0062421076
20251021_155407,0.7500005,2.9157057,2.1657052,0.8850559571569139,24,0.175244,/home/nfs/data/nvme_datasets/Pictures_CFSB_leaf_damage/RSFB-Phenotyping_training_set/RSFB-Phenotyping_training_set/20251021_155407.jpg,/home/user/tabbakhab1/dev/project/cache/grid_crops_1400_inset075/20251021_155407_gridv3_5cdc07fb618a.jpg,cache/dinov3_grid_tiled_mil_features_5x5/20251021_155407_85161d9398f09ff7.npz,0.018471062,0.042628273,0.010046329,0.009514353,0.08159154,0.031699497,0.033676784,0.01719578,0.01852654,0.05219266,0.0036776867,0.0035941156,0.0035620367,0.004114334,0.004361918,0.03934753,0.054379012,0.03714876,0.042795084,0.07641344,0.048850756,0.07015234,0.06610901,0.054707132,0.175244
20251021_121704,2.0,2.7671924,0.76719236,0.8490903599032938,3,0.14566661,/home/nfs/data/nvme_datasets/Pictures_CFSB_leaf_damage/RSFB-Phenotyping_training_set/RSFB-Phenotyping_training_set/20251021_121704.jpg,/home/user/tabbakhab1/dev/project/cache/grid_crops_1400_inset075/20251021_121704_gridv3_0f0d4c1e9758.jpg,cache/dinov3_grid_tiled_mil_features_5x5/20251021_121704_71b16d2858f676ae.npz,0.034289762,0.01751505,0.14411746,0.14566661,0.0033630584,0.054382473,0.033450738,0.072212055,0.04051508,0.0037370364,0.025702793,0.016054008,0.0051518856,0.051204294,0.005668973,0.07873301,0.04630724,0.0058112345,0.044146407,0.0054945545,0.012997624,0.0035025806,0.0052814013,0.12148121,0.023213431
20251021_131634,1.25,2.049117,0.7991171,0.8950965306631231,17,0.121104956,/home/nfs/data/nvme_datasets/Pictures_CFSB_leaf_damage/RSFB-Phenotyping_training_set/RSFB-Phenotyping_training_set/20251021_131634.jpg,/home/user/tabbakhab1/dev/project/cache/grid_crops_1400_inset075/20251021_131634_gridv3_f842eeafd881.jpg,cache/dinov3_grid_tiled_mil_features_5x5/20251021_131634_e89fe3d41288a24d.npz,0.03684377,0.027570251,0.095373556,0.0385739,0.044799466,0.0044797985,0.027215851,0.025387805,0.025391752,0.033346966,0.050389197,0.020305645,0.060116746,0.10090854,0.0967206,0.03997488,0.021677483,0.121104956,0.06452999,0.045773763,0.0037642114,0.003540566,0.0049915817,0.004071698,0.0031470293
20251021_151952,4.25,4.648972,0.39897203,0.7699317657175933,20,0.2592127,/home/nfs/data/nvme_datasets/Pictures_CFSB_leaf_damage/RSFB-Phenotyping_training_set/RSFB-Phenotyping_training_set/20251021_151952.jpg,/home/user/tabbakhab1/dev/project/cache/grid_crops_1400_inset075/20251021_151952_gridv3_00ca7b203552.jpg,cache/dinov3_grid_tiled_mil_features_5x5/20251021_151952_329483862ca525e0.npz,0.0043667643,0.01942375,0.05628854,0.0482563,0.03171874,0.004335421,0.020591872,0.04230804,0.03908213,0.03989844,0.0038104926,0.0055553867,0.005426721,0.0048039984,0.0051916186,0.004032187,0.04200301,0.004572294,0.004138416,0.0035634204,0.2592127,0.10402555,0.15104672,0.09214366,0.0042038397
20251021_121633,3.25,3.2657614,0.015761375,0.8508082934370967,20,0.22934271,/home/nfs/data/nvme_datasets/Pictures_CFSB_leaf_damage/RSFB-Phenotyping_training_set/RSFB-Phenotyping_training_set/20251021_121633.jpg,/home/user/tabbakhab1/dev/project/cache/grid_crops_1400_inset075/20251021_121633_gridv3_faa95cff2abb.jpg,cache/dinov3_grid_tiled_mil_features_5x5/20251021_121633_8afdeccfe2d26d56.npz,0.019490493,0.065916635,0.059218384,0.05073292,0.0065766894,0.03341129,0.06663598,0.05177136,0.06323157,0.004897175,0.0068866853,0.0068818005,0.0051481957,0.0045862,0.004486304,0.09527638,0.015155839,0.045741353,0.046963807,0.022879122,0.22934271,0.008776189,0.03849438,0.031498097,0.016000427
20251021_121034,17.5,13.121719,-4.3782806,0.8157218752520282,3,0.16613406,/home/nfs/data/nvme_datasets/Pictures_CFSB_leaf_damage/RSFB-Phenotyping_training_set/RSFB-Phenotyping_training_set/20251021_121034.jpg,/home/user/tabbakhab1/dev/project/cache/grid_crops_1400_inset075/20251021_121034_gridv3_e11538bb4a1b.jpg,cache/dinov3_grid_tiled_mil_features_5x5/20251021_121034_03ee1d44dcd201aa.npz,0.015159139,0.0018622429,0.0620001,0.16613406,0.07003715,0.008374702,0.0021742806,0.096004605,0.108222865,0.1386331,0.0018182211,0.0018989895,0.0020734956,0.0019573856,0.0018949977,0.03077863,0.0020147893,0.001917564,0.03142993,0.034743495,0.049477153,0.03216349,0.035877198,0.060481668,0.042870697
20251021_162057,4.5,3.8272092,-0.67279077,0.8015095924675903,3,0.2292076,/home/nfs/data/nvme_datasets/Pictures_CFSB_leaf_damage/RSFB-Phenotyping_training_set/RSFB-Phenotyping_training_set/20251021_162057.jpg,/home/user/tabbakhab1/dev/project/cache/grid_crops_1400_inset075/20251021_162057_gridv3_ea8a3abf52a7.jpg,cache/dinov3_grid_tiled_mil_features_5x5/20251021_162057_d0803b846c46f3cf.npz,0.0049482635,0.0037240237,0.06465838,0.2292076,0.027552601,0.004489045,0.003909456,0.025426796,0.17481257,0.03167884,0.0047492585,0.0053704693,0.005175223,0.0055822497,0.0053280983,0.03933217,0.07299943,0.0063361856,0.04756654,0.049203012,0.0593447,0.02721598,0.0051108915,0.045492247,0.050786007
20251021_125003,2.65,4.728807,2.0788069,0.6110148134409495,15,0.34996757,/home/nfs/data/nvme_datasets/Pictures_CFSB_leaf_damage/RSFB-Phenotyping_training_set/RSFB-Phenotyping_training_set/20251021_125003.jpg,/home/user/tabbakhab1/dev/project/cache/grid_crops_1400_inset075/20251021_125003_gridv3_391f0a46277f.jpg,cache/dinov3_grid_tiled_mil_features_5x5/20251021_125003_8cdfcc3fd2f252be.npz,0.00995103,0.00843113,0.007509984,0.009443422,0.008704397,0.007822148,0.008046008,0.008930311,0.0061699087,0.005785384,0.085584186,0.00926626,0.009333384,0.008692817,0.07217906,0.34996757,0.0066896486,0.009120886,0.009915868,0.31724435,0.006653544,0.007050162,0.0125651155,0.006747023,0.008196461
20251021_151731,3.25,2.6744123,-0.57558775,0.9155002827335178,15,0.13611016,/home/nfs/data/nvme_datasets/Pictures_CFSB_leaf_damage/RSFB-Phenotyping_training_set/RSFB-Phenotyping_training_set/20251021_151731.jpg,/home/user/tabbakhab1/dev/project/cache/grid_crops_1400_inset075/20251021_151731_gridv3_d64c4734b819.jpg,cache/dinov3_grid_tiled_mil_features_5x5/20251021_151731_52d511e0cead184a.npz,0.029112427,0.037805896,0.06454917,0.057004027,0.055917375,0.03540715,0.036580026,0.055687327,0.05157162,0.044501346,0.0057355333,0.005330144,0.0061792,0.008061552,0.0063877874,0.13611016,0.005070187,0.029219782,0.039328475,0.05320563,0.0593441,0.005458307,0.052255254,0.04129767,0.07887984
20251021_162321,1.7000003,2.2247405,0.5247402,0.7797264442409547,23,0.22191416,/home/nfs/data/nvme_datasets/Pictures_CFSB_leaf_damage/RSFB-Phenotyping_training_set/RSFB-Phenotyping_training_set/20251021_162321.jpg,/home/user/tabbakhab1/dev/project/cache/grid_crops_1400_inset075/20251021_162321_gridv3_6105d1d9634e.jpg,cache/dinov3_grid_tiled_mil_features_5x5/20251021_162321_b5df14a188aef3f0.npz,0.007655417,0.0063089896,0.008728024,0.008680803,0.0069212997,0.16481371,0.0078344755,0.13438833,0.07475235,0.092645146,0.038144056,0.008801031,0.022961926,0.018401364,0.05550355,0.0070920447,0.008009706,0.0069944123,0.0069316304,0.006901282,0.0071357596,0.0063898475,0.03025617,0.22191416,0.04183446
20251021_125215,27.5,32.037254,4.5372543,0.770910579105949,1,0.15191704,/home/nfs/data/nvme_datasets/Pictures_CFSB_leaf_damage/RSFB-Phenotyping_training_set/RSFB-Phenotyping_training_set/20251021_125215.jpg,/home/user/tabbakhab1/dev/project/cache/grid_crops_1400_inset075/20251021_125215_gridv3_cd0f32ee4c48.jpg,cache/dinov3_grid_tiled_mil_features_5x5/20251021_125215_8aa03310726f1367.npz,0.002101271,0.15191704,0.09444258,0.13034397,0.0018208083,0.001955785,0.05324344,0.06518495,0.12335524,0.0018253799,0.0023967226,0.0025141784,0.002458227,0.0023975924,0.0018371096,0.0020791695,0.0872224,0.026057517,0.10760458,0.075680345,0.0019036358,0.0018470432,0.001731068,0.028912399,0.02916757
20251021_125129,0.9000001,2.5096898,1.6096897,0.7090745871932,20,0.34874275,/home/nfs/data/nvme_datasets/Pictures_CFSB_leaf_damage/RSFB-Phenotyping_training_set/RSFB-Phenotyping_training_set/20251021_125129.jpg,/home/user/tabbakhab1/dev/project/cache/grid_crops_1400_inset075/20251021_125129_gridv3_12fcd5f38d3e.jpg,cache/dinov3_grid_tiled_mil_features_5x5/20251021_125129_172dac6a18bed26b.npz,0.00969693,0.13195357,0.013312534,0.010415373,0.012448355,0.0118666785,0.15110828,0.011314946,0.009418632,0.013806292,0.013262626,0.01055594,0.012878759,0.01173518,0.011595757,0.1160201,0.010792458,0.018005293,0.010979259,0.011150472,0.34874275,0.011097774,0.014455019,0.011090213,0.012296827
20251021_161028,2.75,2.870946,0.12094593,0.7297910795763407,4,0.2804678,/home/nfs/data/nvme_datasets/Pictures_CFSB_leaf_damage/RSFB-Phenotyping_training_set/RSFB-Phenotyping_training_set/20251021_161028.jpg,/home/user/tabbakhab1/dev/project/cache/grid_crops_1400_inset075/20251021_161028_gridv3_6d57a83ae3ca.jpg,cache/dinov3_grid_tiled_mil_features_5x5/20251021_161028_7541a881d433fb4d.npz,0.03422231,0.046142653,0.030046193,0.0087167295,0.2804678,0.0056426646,0.00500844,0.0047267005,0.0047555775,0.0049070106,0.0073076948,0.0053165513,0.00539782,0.011094176,0.0054034777,0.007825943,0.10182417,0.1646823,0.068501405,0.0049017696,0.0075854314,0.060088795,0.11533796,0.005667024,0.00442936
20251021_160658,1.5,1.8588395,0.3588395,0.8966020542279862,22,0.11988469,/home/nfs/data/nvme_datasets/Pictures_CFSB_leaf_damage/RSFB-Phenotyping_training_set/RSFB-Phenotyping_training_set/20251021_160658.jpg,/home/user/tabbakhab1/dev/project/cache/grid_crops_1400_inset075/20251021_160658_gridv3_60552f858335.jpg,cache/dinov3_grid_tiled_mil_features_5x5/20251021_160658_c7588d3e169045eb.npz,0.018171307,0.0074898466,0.061808933,0.05566054,0.08257347,0.00686241,0.0064483345,0.019955229,0.065504044,0.0071862107,0.008042349,0.008023821,0.007223488,0.0085118925,0.010854332,0.094565146,0.075820796,0.04736654,0.058350433,0.050908588,0.030354295,0.047037333,0.11988469,0.07366178,0.027734153
20251021_162313,1.75,1.6095233,-0.1404767,0.8471227118831866,6,0.20125218,/home/nfs/data/nvme_datasets/Pictures_CFSB_leaf_damage/RSFB-Phenotyping_training_set/RSFB-Phenotyping_training_set/20251021_162313.jpg,/home/user/tabbakhab1/dev/project/cache/grid_crops_1400_inset075/20251021_162313_gridv3_9ea597bcd2f9.jpg,cache/dinov3_grid_tiled_mil_features_5x5/20251021_162313_518d20b54b4a2f9a.npz,0.017482983,0.08302497,0.053403303,0.01580932,0.011673615,0.016793253,0.20125218,0.1540253,0.012852519,0.010605401,0.012690135,0.0143500585,0.015135752,0.014429969,0.016027039,0.014350682,0.035397165,0.015386347,0.015470448,0.05716821,0.016041309,0.07325893,0.014729372,0.020186083,0.08845561
20251021_163044,4.0,6.1797705,2.1797705,0.6583166926860321,16,0.2640502,/home/nfs/data/nvme_datasets/Pictures_CFSB_leaf_damage/RSFB-Phenotyping_training_set/RSFB-Phenotyping_training_set/20251021_163044.jpg,/home/user/tabbakhab1/dev/project/cache/grid_crops_1400_inset075/20251021_163044_gridv3_ba02f8eaefdc.jpg,cache/dinov3_grid_tiled_mil_features_5x5/20251021_163044_7c77b835c640323b.npz,0.004201194,0.0034916038,0.0037469624,0.09303295,0.06422643,0.0046207537,0.0048354194,0.004519423,0.017032215,0.005058942,0.00420832,0.004574557,0.0034762868,0.0030062844,0.0031143024,0.1176466,0.2640502,0.2349914,0.12151868,0.018724108,0.004045606,0.004688494,0.004531164,0.0033374452,0.0033207138
20251021_160541,3.75,3.2821927,-0.4678073,0.8719424597571084,6,0.12011331,/home/nfs/data/nvme_datasets/Pictures_CFSB_leaf_damage/RSFB-Phenotyping_training_set/RSFB-Phenotyping_training_set/20251021_160541.jpg,/home/user/tabbakhab1/dev/project/cache/grid_crops_1400_inset075/20251021_160541_gridv3_a6eec9597bee.jpg,cache/dinov3_grid_tiled_mil_features_5x5/20251021_160541_6f1e820769849f85.npz,0.0031065673,0.028270422,0.016550478,0.053686045,0.081376724,0.04844012,0.12011331,0.064283095,0.0462689,0.03943363,0.004559687,0.003159183,0.003617294,0.0037551739,0.0036196476,0.0030817995,0.0024185376,0.04174057,0.07069068,0.092987426,0.09263489,0.0038100334,0.055414524,0.05894831,0.05803293
