filename,plot_group_id,cohort_id,source_path,target,base_prediction,prediction,residual,absolute_error,base_absolute_error,arm,seed,label_quality
2025_10_07_RSFB-Phenotyping_WG1_JLU/2025_10_07_RSFB-Phenotyping_WG1_JLU/20251007_122629.jpg,plot_f40cb1f676f8e783138c,wg_insects_t1_bbch10,/home/nfs/data/nvme_datasets/Pictures_CFSB_leaf_damage/2025_10_07_RSFB-Phenotyping_WG1_JLU/2025_10_07_RSFB-Phenotyping_WG1_JLU/20251007_122629.jpg,2.0,9.463201522827148,10.464347839355469,1.001145839691162,8.464347839355469,7.463201522827148,rank_margin10,43,single_rater_weak
2025_10_07_RSFB-Phenotyping_WG1_JLU/2025_10_07_RSFB-Phenotyping_WG1_JLU/20251007_122640.jpg,plot_f40cb1f676f8e783138c,wg_insects_t1_bbch10,/home/nfs/data/nvme_datasets/Pictures_CFSB_leaf_damage/2025_10_07_RSFB-Phenotyping_WG1_JLU/2025_10_07_RSFB-Phenotyping_WG1_JLU/20251007_122640.jpg,1.0,8.582976341247559,8.971485137939453,0.38850873708724976,7.971485137939453,7.582976341247559,rank_margin10,43,single_rater_weak
2025_10_07_RSFB-Phenotyping_WG1_JLU/2025_10_07_RSFB-Phenotyping_WG1_JLU/20251007_122700.jpg,plot_f40cb1f676f8e783138c,wg_insects_t1_bbch10,/home/nfs/data/nvme_datasets/Pictures_CFSB_leaf_damage/2025_10_07_RSFB-Phenotyping_WG1_JLU/2025_10_07_RSFB-Phenotyping_WG1_JLU/20251007_122700.jpg,1.0,7.462533950805664,7.728482246398926,0.26594823598861694,6.728482246398926,6.462533950805664,rank_margin10,43,single_rater_weak
2025_10_07_RSFB-Phenotyping_WG1_JLU/2025_10_07_RSFB-Phenotyping_WG1_JLU/20251007_122749.jpg,plot_40ad64adc4707d38372d,wg_insects_t1_bbch10,/home/nfs/data/nvme_datasets/Pictures_CFSB_leaf_damage/2025_10_07_RSFB-Phenotyping_WG1_JLU/2025_10_07_RSFB-Phenotyping_WG1_JLU/20251007_122749.jpg,1.0,3.9573452472686768,4.018828868865967,0.06148349121212959,3.018828868865967,2.9573452472686768,rank_margin10,43,single_rater_weak
2025_10_07_RSFB-Phenotyping_WG1_JLU/2025_10_07_RSFB-Phenotyping_WG1_JLU/20251007_122806.jpg,plot_40ad64adc4707d38372d,wg_insects_t1_bbch10,/home/nfs/data/nvme_datasets/Pictures_CFSB_leaf_damage/2025_10_07_RSFB-Phenotyping_WG1_JLU/2025_10_07_RSFB-Phenotyping_WG1_JLU/20251007_122806.jpg,1.0,4.941876411437988,4.860823154449463,-0.081053227186203,3.860823154449463,3.9418764114379883,rank_margin10,43,single_rater_weak
2025_10_07_RSFB-Phenotyping_WG1_JLU/2025_10_07_RSFB-Phenotyping_WG1_JLU/20251007_122816.jpg,plot_40ad64adc4707d38372d,wg_insects_t1_bbch10,/home/nfs/data/nvme_datasets/Pictures_CFSB_leaf_damage/2025_10_07_RSFB-Phenotyping_WG1_JLU/2025_10_07_RSFB-Phenotyping_WG1_JLU/20251007_122816.jpg,1.0,4.886032581329346,5.017970085144043,0.13193774223327637,4.017970085144043,3.8860325813293457,rank_margin10,43,single_rater_weak
2025_10_07_RSFB-Phenotyping_WG1_JLU/2025_10_07_RSFB-Phenotyping_WG1_JLU/20251007_122850.jpg,plot_5d8c28537e9ed8edc276,wg_insects_t1_bbch10,/home/nfs/data/nvme_datasets/Pictures_CFSB_leaf_damage/2025_10_07_RSFB-Phenotyping_WG1_JLU/2025_10_07_RSFB-Phenotyping_WG1_JLU/20251007_122850.jpg,1.0,9.546195983886719,10.509117126464844,0.9629208445549011,9.509117126464844,8.546195983886719,rank_margin10,43,single_rater_weak
2025_10_07_RSFB-Phenotyping_WG1_JLU/2025_10_07_RSFB-Phenotyping_WG1_JLU/20251007_122901.jpg,plot_5d8c28537e9ed8edc276,wg_insects_t1_bbch10,/home/nfs/data/nvme_datasets/Pictures_CFSB_leaf_damage/2025_10_07_RSFB-Phenotyping_WG1_JLU/2025_10_07_RSFB-Phenotyping_WG1_JLU/20251007_122901.jpg,1.0,4.711386680603027,5.504175186157227,0.7927883863449097,4.504175186157227,3.7113866806030273,rank_margin10,43,single_rater_weak
2025_10_07_RSFB-Phenotyping_WG1_JLU/2025_10_07_RSFB-Phenotyping_WG1_JLU/20251007_122909.jpg,plot_5d8c28537e9ed8edc276,wg_insects_t1_bbch10,/home/nfs/data/nvme_datasets/Pictures_CFSB_leaf_damage/2025_10_07_RSFB-Phenotyping_WG1_JLU/2025_10_07_RSFB-Phenotyping_WG1_JLU/20251007_122909.jpg,1.0,3.7766835689544678,4.074787616729736,0.29810386896133423,3.0747876167297363,2.7766835689544678,rank_margin10,43,single_rater_weak
2025_10_07_RSFB-Phenotyping_WG1_JLU/2025_10_07_RSFB-Phenotyping_WG1_JLU/20251007_122945.jpg,plot_bd0a7566e5e86586893c,wg_insects_t1_bbch10,/home/nfs/data/nvme_datasets/Pictures_CFSB_leaf_damage/2025_10_07_RSFB-Phenotyping_WG1_JLU/2025_10_07_RSFB-Phenotyping_WG1_JLU/20251007_122945.jpg,3.0,8.110058784484863,8.338431358337402,0.22837266325950623,5.338431358337402,5.110058784484863,rank_margin10,43,single_rater_weak
2025_10_07_RSFB-Phenotyping_WG1_JLU/2025_10_07_RSFB-Phenotyping_WG1_JLU/20251007_122956.jpg,plot_bd0a7566e5e86586893c,wg_insects_t1_bbch10,/home/nfs/data/nvme_datasets/Pictures_CFSB_leaf_damage/2025_10_07_RSFB-Phenotyping_WG1_JLU/2025_10_07_RSFB-Phenotyping_WG1_JLU/20251007_122956.jpg,2.0,5.406789779663086,5.741654396057129,0.33486461639404297,3.741654396057129,3.406789779663086,rank_margin10,43,single_rater_weak
2025_10_07_RSFB-Phenotyping_WG1_JLU/2025_10_07_RSFB-Phenotyping_WG1_JLU/20251007_123006.jpg,plot_bd0a7566e5e86586893c,wg_insects_t1_bbch10,/home/nfs/data/nvme_datasets/Pictures_CFSB_leaf_damage/2025_10_07_RSFB-Phenotyping_WG1_JLU/2025_10_07_RSFB-Phenotyping_WG1_JLU/20251007_123006.jpg,2.0,3.756744623184204,3.7986536026000977,0.041909024119377136,1.7986536026000977,1.756744623184204,rank_margin10,43,single_rater_weak
2025_10_07_RSFB-Phenotyping_WG1_JLU/2025_10_07_RSFB-Phenotyping_WG1_JLU/20251007_123042.jpg,plot_826c6bb776afe3a3aa1a,wg_insects_t1_bbch10,/home/nfs/data/nvme_datasets/Pictures_CFSB_leaf_damage/2025_10_07_RSFB-Phenotyping_WG1_JLU/2025_10_07_RSFB-Phenotyping_WG1_JLU/20251007_123042.jpg,12.0,4.047458648681641,4.957150936126709,0.9096923470497131,7.042849063873291,7.952541351318359,rank_margin10,43,single_rater_weak
2025_10_07_RSFB-Phenotyping_WG1_JLU/2025_10_07_RSFB-Phenotyping_WG1_JLU/20251007_123053.jpg,plot_826c6bb776afe3a3aa1a,wg_insects_t1_bbch10,/home/nfs/data/nvme_datasets/Pictures_CFSB_leaf_damage/2025_10_07_RSFB-Phenotyping_WG1_JLU/2025_10_07_RSFB-Phenotyping_WG1_JLU/20251007_123053.jpg,3.0,5.040009498596191,6.255372047424316,1.215362548828125,3.2553720474243164,2.0400094985961914,rank_margin10,43,single_rater_weak
2025_10_07_RSFB-Phenotyping_WG1_JLU/2025_10_07_RSFB-Phenotyping_WG1_JLU/20251007_123103.jpg,plot_826c6bb776afe3a3aa1a,wg_insects_t1_bbch10,/home/nfs/data/nvme_datasets/Pictures_CFSB_leaf_damage/2025_10_07_RSFB-Phenotyping_WG1_JLU/2025_10_07_RSFB-Phenotyping_WG1_JLU/20251007_123103.jpg,2.0,3.7741336822509766,5.063811302185059,1.289677381515503,3.0638113021850586,1.7741336822509766,rank_margin10,43,single_rater_weak
2025_10_07_RSFB-Phenotyping_WG1_JLU/2025_10_07_RSFB-Phenotyping_WG1_JLU/20251007_123132.jpg,plot_8f57ef6ca5343df62792,wg_insects_t1_bbch10,/home/nfs/data/nvme_datasets/Pictures_CFSB_leaf_damage/2025_10_07_RSFB-Phenotyping_WG1_JLU/2025_10_07_RSFB-Phenotyping_WG1_JLU/20251007_123132.jpg,3.0,3.4400110244750977,3.939452648162842,0.49944165349006653,0.9394526481628418,0.44001102447509766,rank_margin10,43,single_rater_weak
2025_10_07_RSFB-Phenotyping_WG1_JLU/2025_10_07_RSFB-Phenotyping_WG1_JLU/20251007_123140.jpg,plot_8f57ef6ca5343df62792,wg_insects_t1_bbch10,/home/nfs/data/nvme_datasets/Pictures_CFSB_leaf_damage/2025_10_07_RSFB-Phenotyping_WG1_JLU/2025_10_07_RSFB-Phenotyping_WG1_JLU/20251007_123140.jpg,3.0,3.3102731704711914,3.563826560974121,0.2535533308982849,0.5638265609741211,0.3102731704711914,rank_margin10,43,single_rater_weak
2025_10_07_RSFB-Phenotyping_WG1_JLU/2025_10_07_RSFB-Phenotyping_WG1_JLU/20251007_123150.jpg,plot_8f57ef6ca5343df62792,wg_insects_t1_bbch10,/home/nfs/data/nvme_datasets/Pictures_CFSB_leaf_damage/2025_10_07_RSFB-Phenotyping_WG1_JLU/2025_10_07_RSFB-Phenotyping_WG1_JLU/20251007_123150.jpg,2.0,2.7717647552490234,3.348848581314087,0.5770837664604187,1.348848581314087,0.7717647552490234,rank_margin10,43,single_rater_weak
2025_10_07_RSFB-Phenotyping_WG1_JLU/2025_10_07_RSFB-Phenotyping_WG1_JLU/20251007_123236.jpg,plot_cc93e237486bf58ced80,wg_insects_t1_bbch10,/home/nfs/data/nvme_datasets/Pictures_CFSB_leaf_damage/2025_10_07_RSFB-Phenotyping_WG1_JLU/2025_10_07_RSFB-Phenotyping_WG1_JLU/20251007_123236.jpg,10.0,5.070975303649902,5.438183784484863,0.36720848083496094,4.561816215515137,4.929024696350098,rank_margin10,43,single_rater_weak
2025_10_07_RSFB-Phenotyping_WG1_JLU/2025_10_07_RSFB-Phenotyping_WG1_JLU/20251007_123243.jpg,plot_cc93e237486bf58ced80,wg_insects_t1_bbch10,/home/nfs/data/nvme_datasets/Pictures_CFSB_leaf_damage/2025_10_07_RSFB-Phenotyping_WG1_JLU/2025_10_07_RSFB-Phenotyping_WG1_JLU/20251007_123243.jpg,25.0,3.971484899520874,4.580904006958008,0.609419047832489,20.419095993041992,21.028514862060547,rank_margin10,43,single_rater_weak
2025_10_07_RSFB-Phenotyping_WG1_JLU/2025_10_07_RSFB-Phenotyping_WG1_JLU/20251007_123255.jpg,plot_cc93e237486bf58ced80,wg_insects_t1_bbch10,/home/nfs/data/nvme_datasets/Pictures_CFSB_leaf_damage/2025_10_07_RSFB-Phenotyping_WG1_JLU/2025_10_07_RSFB-Phenotyping_WG1_JLU/20251007_123255.jpg,20.0,3.5570333003997803,4.156636714935303,0.5996032953262329,15.843362808227539,16.44296646118164,rank_margin10,43,single_rater_weak
2025_10_07_RSFB-Phenotyping_WG1_JLU/2025_10_07_RSFB-Phenotyping_WG1_JLU/20251007_123335.jpg,plot_32e70d34f4a0e0fb8137,wg_insects_t1_bbch10,/home/nfs/data/nvme_datasets/Pictures_CFSB_leaf_damage/2025_10_07_RSFB-Phenotyping_WG1_JLU/2025_10_07_RSFB-Phenotyping_WG1_JLU/20251007_123335.jpg,15.0,4.536552429199219,5.342230796813965,0.8056782484054565,9.657769203186035,10.463447570800781,rank_margin10,43,single_rater_weak
2025_10_07_RSFB-Phenotyping_WG1_JLU/2025_10_07_RSFB-Phenotyping_WG1_JLU/20251007_123345.jpg,plot_32e70d34f4a0e0fb8137,wg_insects_t1_bbch10,/home/nfs/data/nvme_datasets/Pictures_CFSB_leaf_damage/2025_10_07_RSFB-Phenotyping_WG1_JLU/2025_10_07_RSFB-Phenotyping_WG1_JLU/20251007_123345.jpg,12.0,3.1982264518737793,3.4137611389160156,0.21553471684455872,8.586238861083984,8.801773071289062,rank_margin10,43,single_rater_weak
2025_10_07_RSFB-Phenotyping_WG1_JLU/2025_10_07_RSFB-Phenotyping_WG1_JLU/20251007_123354.jpg,plot_32e70d34f4a0e0fb8137,wg_insects_t1_bbch10,/home/nfs/data/nvme_datasets/Pictures_CFSB_leaf_damage/2025_10_07_RSFB-Phenotyping_WG1_JLU/2025_10_07_RSFB-Phenotyping_WG1_JLU/20251007_123354.jpg,3.0,6.068032264709473,7.022892951965332,0.954860508441925,4.022892951965332,3.0680322647094727,rank_margin10,43,single_rater_weak
2025_10_07_RSFB-Phenotyping_WG1_JLU/2025_10_07_RSFB-Phenotyping_WG1_JLU/20251007_123430.jpg,plot_5376d6ca9264ae701f00,wg_insects_t1_bbch10,/home/nfs/data/nvme_datasets/Pictures_CFSB_leaf_damage/2025_10_07_RSFB-Phenotyping_WG1_JLU/2025_10_07_RSFB-Phenotyping_WG1_JLU/20251007_123430.jpg,5.0,3.534472703933716,3.780503749847412,0.24603113532066345,1.219496250152588,1.4655272960662842,rank_margin10,43,single_rater_weak
2025_10_07_RSFB-Phenotyping_WG1_JLU/2025_10_07_RSFB-Phenotyping_WG1_JLU/20251007_123439.jpg,plot_5376d6ca9264ae701f00,wg_insects_t1_bbch10,/home/nfs/data/nvme_datasets/Pictures_CFSB_leaf_damage/2025_10_07_RSFB-Phenotyping_WG1_JLU/2025_10_07_RSFB-Phenotyping_WG1_JLU/20251007_123439.jpg,25.0,5.025618553161621,6.096351623535156,1.0707330703735352,18.903648376464844,19.974380493164062,rank_margin10,43,single_rater_weak
2025_10_07_RSFB-Phenotyping_WG1_JLU/2025_10_07_RSFB-Phenotyping_WG1_JLU/20251007_123447.jpg,plot_5376d6ca9264ae701f00,wg_insects_t1_bbch10,/home/nfs/data/nvme_datasets/Pictures_CFSB_leaf_damage/2025_10_07_RSFB-Phenotyping_WG1_JLU/2025_10_07_RSFB-Phenotyping_WG1_JLU/20251007_123447.jpg,13.0,3.3851888179779053,4.215616226196289,0.8304274082183838,8.784383773803711,9.614810943603516,rank_margin10,43,single_rater_weak
2025_10_07_RSFB-Phenotyping_WG1_JLU/2025_10_07_RSFB-Phenotyping_WG1_JLU/20251007_123532.jpg,plot_d5f098880d5fe99c5c45,wg_insects_t1_bbch10,/home/nfs/data/nvme_datasets/Pictures_CFSB_leaf_damage/2025_10_07_RSFB-Phenotyping_WG1_JLU/2025_10_07_RSFB-Phenotyping_WG1_JLU/20251007_123532.jpg,20.0,3.4544196128845215,4.782183647155762,1.3277640342712402,15.217816352844238,16.54557991027832,rank_margin10,43,single_rater_weak
2025_10_07_RSFB-Phenotyping_WG1_JLU/2025_10_07_RSFB-Phenotyping_WG1_JLU/20251007_123539.jpg,plot_d5f098880d5fe99c5c45,wg_insects_t1_bbch10,/home/nfs/data/nvme_datasets/Pictures_CFSB_leaf_damage/2025_10_07_RSFB-Phenotyping_WG1_JLU/2025_10_07_RSFB-Phenotyping_WG1_JLU/20251007_123539.jpg,12.0,2.321375846862793,3.522888660430908,1.2015126943588257,8.47711181640625,9.678624153137207,rank_margin10,43,single_rater_weak
2025_10_07_RSFB-Phenotyping_WG1_JLU/2025_10_07_RSFB-Phenotyping_WG1_JLU/20251007_123547.jpg,plot_d5f098880d5fe99c5c45,wg_insects_t1_bbch10,/home/nfs/data/nvme_datasets/Pictures_CFSB_leaf_damage/2025_10_07_RSFB-Phenotyping_WG1_JLU/2025_10_07_RSFB-Phenotyping_WG1_JLU/20251007_123547.jpg,13.0,3.311077117919922,3.6790623664855957,0.3679853081703186,9.320938110351562,9.688922882080078,rank_margin10,43,single_rater_weak
2025_10_07_RSFB-Phenotyping_WG1_JLU/2025_10_07_RSFB-Phenotyping_WG1_JLU/20251007_123909.jpg,plot_ce610e311fd3804fd70f,wg_insects_t1_bbch10,/home/nfs/data/nvme_datasets/Pictures_CFSB_leaf_damage/2025_10_07_RSFB-Phenotyping_WG1_JLU/2025_10_07_RSFB-Phenotyping_WG1_JLU/20251007_123909.jpg,11.0,4.964158058166504,6.217390537261963,1.253232479095459,4.782609462738037,6.035841941833496,rank_margin10,43,single_rater_weak
2025_10_07_RSFB-Phenotyping_WG1_JLU/2025_10_07_RSFB-Phenotyping_WG1_JLU/20251007_123914.jpg,plot_ce610e311fd3804fd70f,wg_insects_t1_bbch10,/home/nfs/data/nvme_datasets/Pictures_CFSB_leaf_damage/2025_10_07_RSFB-Phenotyping_WG1_JLU/2025_10_07_RSFB-Phenotyping_WG1_JLU/20251007_123914.jpg,20.0,9.381425857543945,10.241349220275879,0.8599237203598022,9.758650779724121,10.618574142456055,rank_margin10,43,single_rater_weak
2025_10_07_RSFB-Phenotyping_WG1_JLU/2025_10_07_RSFB-Phenotyping_WG1_JLU/20251007_123921.jpg,plot_ce610e311fd3804fd70f,wg_insects_t1_bbch10,/home/nfs/data/nvme_datasets/Pictures_CFSB_leaf_damage/2025_10_07_RSFB-Phenotyping_WG1_JLU/2025_10_07_RSFB-Phenotyping_WG1_JLU/20251007_123921.jpg,30.0,4.31261682510376,5.199656963348389,0.8870401382446289,24.800342559814453,25.6873836517334,rank_margin10,43,single_rater_weak
2025_10_07_RSFB-Phenotyping_WG1_JLU/2025_10_07_RSFB-Phenotyping_WG1_JLU/20251007_124014.jpg,plot_36dd18c100e387b80070,wg_insects_t1_bbch10,/home/nfs/data/nvme_datasets/Pictures_CFSB_leaf_damage/2025_10_07_RSFB-Phenotyping_WG1_JLU/2025_10_07_RSFB-Phenotyping_WG1_JLU/20251007_124014.jpg,15.0,3.4827702045440674,3.4832823276519775,0.0005120085552334785,11.516717910766602,11.517230033874512,rank_margin10,43,single_rater_weak
2025_10_07_RSFB-Phenotyping_WG1_JLU/2025_10_07_RSFB-Phenotyping_WG1_JLU/20251007_124022.jpg,plot_36dd18c100e387b80070,wg_insects_t1_bbch10,/home/nfs/data/nvme_datasets/Pictures_CFSB_leaf_damage/2025_10_07_RSFB-Phenotyping_WG1_JLU/2025_10_07_RSFB-Phenotyping_WG1_JLU/20251007_124022.jpg,8.0,2.8534040451049805,2.6747753620147705,-0.17862869799137115,5.325224876403809,5.1465959548950195,rank_margin10,43,single_rater_weak
2025_10_07_RSFB-Phenotyping_WG1_JLU/2025_10_07_RSFB-Phenotyping_WG1_JLU/20251007_124030.jpg,plot_36dd18c100e387b80070,wg_insects_t1_bbch10,/home/nfs/data/nvme_datasets/Pictures_CFSB_leaf_damage/2025_10_07_RSFB-Phenotyping_WG1_JLU/2025_10_07_RSFB-Phenotyping_WG1_JLU/20251007_124030.jpg,16.0,2.6281394958496094,2.430584192276001,-0.19755540788173676,13.569416046142578,13.37186050415039,rank_margin10,43,single_rater_weak
2025_10_07_RSFB-Phenotyping_WG1_JLU/2025_10_07_RSFB-Phenotyping_WG1_JLU/20251007_124053.jpg,plot_889f7fb2862c28cdffc0,wg_insects_t1_bbch10,/home/nfs/data/nvme_datasets/Pictures_CFSB_leaf_damage/2025_10_07_RSFB-Phenotyping_WG1_JLU/2025_10_07_RSFB-Phenotyping_WG1_JLU/20251007_124053.jpg,23.0,5.3067169189453125,5.498656272888184,0.19193926453590393,17.5013427734375,17.693283081054688,rank_margin10,43,single_rater_weak
2025_10_07_RSFB-Phenotyping_WG1_JLU/2025_10_07_RSFB-Phenotyping_WG1_JLU/20251007_124059.jpg,plot_889f7fb2862c28cdffc0,wg_insects_t1_bbch10,/home/nfs/data/nvme_datasets/Pictures_CFSB_leaf_damage/2025_10_07_RSFB-Phenotyping_WG1_JLU/2025_10_07_RSFB-Phenotyping_WG1_JLU/20251007_124059.jpg,18.0,3.7989397048950195,3.7218222618103027,-0.07711756229400635,14.278177261352539,14.20106029510498,rank_margin10,43,single_rater_weak
2025_10_07_RSFB-Phenotyping_WG1_JLU/2025_10_07_RSFB-Phenotyping_WG1_JLU/20251007_124105.jpg,plot_889f7fb2862c28cdffc0,wg_insects_t1_bbch10,/home/nfs/data/nvme_datasets/Pictures_CFSB_leaf_damage/2025_10_07_RSFB-Phenotyping_WG1_JLU/2025_10_07_RSFB-Phenotyping_WG1_JLU/20251007_124105.jpg,16.0,2.2455992698669434,3.749685764312744,1.5040864944458008,12.250314712524414,13.754400253295898,rank_margin10,43,single_rater_weak
2025_10_07_RSFB-Phenotyping_WG1_JLU/2025_10_07_RSFB-Phenotyping_WG1_JLU/20251007_124124.jpg,plot_23b2c1fc8e3b2e0f4a47,wg_insects_t1_bbch10,/home/nfs/data/nvme_datasets/Pictures_CFSB_leaf_damage/2025_10_07_RSFB-Phenotyping_WG1_JLU/2025_10_07_RSFB-Phenotyping_WG1_JLU/20251007_124124.jpg,12.0,6.795008659362793,7.910911560058594,1.1159027814865112,4.089088439941406,5.204991340637207,rank_margin10,43,single_rater_weak
2025_10_07_RSFB-Phenotyping_WG1_JLU/2025_10_07_RSFB-Phenotyping_WG1_JLU/20251007_124129.jpg,plot_23b2c1fc8e3b2e0f4a47,wg_insects_t1_bbch10,/home/nfs/data/nvme_datasets/Pictures_CFSB_leaf_damage/2025_10_07_RSFB-Phenotyping_WG1_JLU/2025_10_07_RSFB-Phenotyping_WG1_JLU/20251007_124129.jpg,14.0,3.328845500946045,3.5886192321777344,0.2597738206386566,10.411380767822266,10.671154022216797,rank_margin10,43,single_rater_weak
2025_10_07_RSFB-Phenotyping_WG1_JLU/2025_10_07_RSFB-Phenotyping_WG1_JLU/20251007_124137.jpg,plot_23b2c1fc8e3b2e0f4a47,wg_insects_t1_bbch10,/home/nfs/data/nvme_datasets/Pictures_CFSB_leaf_damage/2025_10_07_RSFB-Phenotyping_WG1_JLU/2025_10_07_RSFB-Phenotyping_WG1_JLU/20251007_124137.jpg,10.0,2.8852286338806152,3.3593454360961914,0.47411680221557617,6.640654563903809,7.114771366119385,rank_margin10,43,single_rater_weak
2025_10_07_RSFB-Phenotyping_WG1_JLU/2025_10_07_RSFB-Phenotyping_WG1_JLU/20251007_124155.jpg,plot_ffa55cfddd27e01d2d64,wg_insects_t1_bbch10,/home/nfs/data/nvme_datasets/Pictures_CFSB_leaf_damage/2025_10_07_RSFB-Phenotyping_WG1_JLU/2025_10_07_RSFB-Phenotyping_WG1_JLU/20251007_124155.jpg,13.0,2.1790571212768555,3.0483293533325195,0.8692722916603088,9.95167064666748,10.820942878723145,rank_margin10,43,single_rater_weak
2025_10_07_RSFB-Phenotyping_WG1_JLU/2025_10_07_RSFB-Phenotyping_WG1_JLU/20251007_124201.jpg,plot_ffa55cfddd27e01d2d64,wg_insects_t1_bbch10,/home/nfs/data/nvme_datasets/Pictures_CFSB_leaf_damage/2025_10_07_RSFB-Phenotyping_WG1_JLU/2025_10_07_RSFB-Phenotyping_WG1_JLU/20251007_124201.jpg,12.0,3.7245934009552,3.943497657775879,0.21890434622764587,8.056502342224121,8.275406837463379,rank_margin10,43,single_rater_weak
2025_10_07_RSFB-Phenotyping_WG1_JLU/2025_10_07_RSFB-Phenotyping_WG1_JLU/20251007_124209.jpg,plot_ffa55cfddd27e01d2d64,wg_insects_t1_bbch10,/home/nfs/data/nvme_datasets/Pictures_CFSB_leaf_damage/2025_10_07_RSFB-Phenotyping_WG1_JLU/2025_10_07_RSFB-Phenotyping_WG1_JLU/20251007_124209.jpg,10.0,3.0835304260253906,3.257080316543579,0.1735498607158661,6.742919921875,6.916469573974609,rank_margin10,43,single_rater_weak
2025_10_07_RSFB-Phenotyping_WG1_JLU/2025_10_07_RSFB-Phenotyping_WG1_JLU/20251007_124230.jpg,plot_aa5da56c4ff5909660ca,wg_insects_t1_bbch10,/home/nfs/data/nvme_datasets/Pictures_CFSB_leaf_damage/2025_10_07_RSFB-Phenotyping_WG1_JLU/2025_10_07_RSFB-Phenotyping_WG1_JLU/20251007_124230.jpg,28.0,3.2433133125305176,3.866267204284668,0.6229540109634399,24.133731842041016,24.75668716430664,rank_margin10,43,single_rater_weak
2025_10_07_RSFB-Phenotyping_WG1_JLU/2025_10_07_RSFB-Phenotyping_WG1_JLU/20251007_124238.jpg,plot_aa5da56c4ff5909660ca,wg_insects_t1_bbch10,/home/nfs/data/nvme_datasets/Pictures_CFSB_leaf_damage/2025_10_07_RSFB-Phenotyping_WG1_JLU/2025_10_07_RSFB-Phenotyping_WG1_JLU/20251007_124238.jpg,16.0,2.591799259185791,3.530989646911621,0.9391902685165405,12.469010353088379,13.408201217651367,rank_margin10,43,single_rater_weak
2025_10_07_RSFB-Phenotyping_WG1_JLU/2025_10_07_RSFB-Phenotyping_WG1_JLU/20251007_124243.jpg,plot_aa5da56c4ff5909660ca,wg_insects_t1_bbch10,/home/nfs/data/nvme_datasets/Pictures_CFSB_leaf_damage/2025_10_07_RSFB-Phenotyping_WG1_JLU/2025_10_07_RSFB-Phenotyping_WG1_JLU/20251007_124243.jpg,12.0,2.447098731994629,3.04339599609375,0.5962971448898315,8.95660400390625,9.552901268005371,rank_margin10,43,single_rater_weak
2025_10_07_RSFB-Phenotyping_WG1_JLU/2025_10_07_RSFB-Phenotyping_WG1_JLU/20251007_124300.jpg,plot_35efb5a57785c98bb5f9,wg_insects_t1_bbch10,/home/nfs/data/nvme_datasets/Pictures_CFSB_leaf_damage/2025_10_07_RSFB-Phenotyping_WG1_JLU/2025_10_07_RSFB-Phenotyping_WG1_JLU/20251007_124300.jpg,12.0,3.4735465049743652,4.664458274841309,1.1909116506576538,7.335541725158691,8.526453018188477,rank_margin10,43,single_rater_weak
2025_10_07_RSFB-Phenotyping_WG1_JLU/2025_10_07_RSFB-Phenotyping_WG1_JLU/20251007_124307.jpg,plot_35efb5a57785c98bb5f9,wg_insects_t1_bbch10,/home/nfs/data/nvme_datasets/Pictures_CFSB_leaf_damage/2025_10_07_RSFB-Phenotyping_WG1_JLU/2025_10_07_RSFB-Phenotyping_WG1_JLU/20251007_124307.jpg,18.0,3.440424919128418,4.124960899353027,0.6845360398292542,13.875039100646973,14.559575080871582,rank_margin10,43,single_rater_weak
2025_10_07_RSFB-Phenotyping_WG1_JLU/2025_10_07_RSFB-Phenotyping_WG1_JLU/20251007_124313.jpg,plot_35efb5a57785c98bb5f9,wg_insects_t1_bbch10,/home/nfs/data/nvme_datasets/Pictures_CFSB_leaf_damage/2025_10_07_RSFB-Phenotyping_WG1_JLU/2025_10_07_RSFB-Phenotyping_WG1_JLU/20251007_124313.jpg,8.0,2.8413777351379395,2.825150728225708,-0.016227079555392265,5.174849510192871,5.1586222648620605,rank_margin10,43,single_rater_weak
2025_10_07_RSFB-Phenotyping_WG1_JLU/2025_10_07_RSFB-Phenotyping_WG1_JLU/20251007_124330.jpg,plot_4a2b6d595624fca09293,wg_insects_t1_bbch10,/home/nfs/data/nvme_datasets/Pictures_CFSB_leaf_damage/2025_10_07_RSFB-Phenotyping_WG1_JLU/2025_10_07_RSFB-Phenotyping_WG1_JLU/20251007_124330.jpg,10.0,2.5948476791381836,3.24169659614563,0.6468489170074463,6.758303642272949,7.405152320861816,rank_margin10,43,single_rater_weak
2025_10_07_RSFB-Phenotyping_WG1_JLU/2025_10_07_RSFB-Phenotyping_WG1_JLU/20251007_124338.jpg,plot_4a2b6d595624fca09293,wg_insects_t1_bbch10,/home/nfs/data/nvme_datasets/Pictures_CFSB_leaf_damage/2025_10_07_RSFB-Phenotyping_WG1_JLU/2025_10_07_RSFB-Phenotyping_WG1_JLU/20251007_124338.jpg,4.0,3.518507480621338,3.448808431625366,-0.06969904899597168,0.5511915683746338,0.4814925193786621,rank_margin10,43,single_rater_weak
2025_10_07_RSFB-Phenotyping_WG1_JLU/2025_10_07_RSFB-Phenotyping_WG1_JLU/20251007_124344.jpg,plot_4a2b6d595624fca09293,wg_insects_t1_bbch10,/home/nfs/data/nvme_datasets/Pictures_CFSB_leaf_damage/2025_10_07_RSFB-Phenotyping_WG1_JLU/2025_10_07_RSFB-Phenotyping_WG1_JLU/20251007_124344.jpg,11.0,3.096172332763672,3.8630006313323975,0.7668283581733704,7.136999130249023,7.903827667236328,rank_margin10,43,single_rater_weak
2025_10_07_RSFB-Phenotyping_WG1_JLU/2025_10_07_RSFB-Phenotyping_WG1_JLU/20251007_124402.jpg,plot_ad7477c4df0f7a524ad1,wg_insects_t1_bbch10,/home/nfs/data/nvme_datasets/Pictures_CFSB_leaf_damage/2025_10_07_RSFB-Phenotyping_WG1_JLU/2025_10_07_RSFB-Phenotyping_WG1_JLU/20251007_124402.jpg,12.0,2.711087703704834,3.4136228561401367,0.7025350332260132,8.586377143859863,9.288911819458008,rank_margin10,43,single_rater_weak
2025_10_07_RSFB-Phenotyping_WG1_JLU/2025_10_07_RSFB-Phenotyping_WG1_JLU/20251007_124409.jpg,plot_ad7477c4df0f7a524ad1,wg_insects_t1_bbch10,/home/nfs/data/nvme_datasets/Pictures_CFSB_leaf_damage/2025_10_07_RSFB-Phenotyping_WG1_JLU/2025_10_07_RSFB-Phenotyping_WG1_JLU/20251007_124409.jpg,10.0,3.159029483795166,3.3571321964263916,0.19810271263122559,6.6428680419921875,6.840970516204834,rank_margin10,43,single_rater_weak
2025_10_07_RSFB-Phenotyping_WG1_JLU/2025_10_07_RSFB-Phenotyping_WG1_JLU/20251007_124415.jpg,plot_ad7477c4df0f7a524ad1,wg_insects_t1_bbch10,/home/nfs/data/nvme_datasets/Pictures_CFSB_leaf_damage/2025_10_07_RSFB-Phenotyping_WG1_JLU/2025_10_07_RSFB-Phenotyping_WG1_JLU/20251007_124415.jpg,8.0,3.725750684738159,3.995429515838623,0.2696787714958191,4.004570484161377,4.274249076843262,rank_margin10,43,single_rater_weak
2025_10_07_RSFB-Phenotyping_WG1_JLU/2025_10_07_RSFB-Phenotyping_WG1_JLU/20251007_124434.jpg,plot_f84b4c2802871c1b5e0f,wg_insects_t1_bbch10,/home/nfs/data/nvme_datasets/Pictures_CFSB_leaf_damage/2025_10_07_RSFB-Phenotyping_WG1_JLU/2025_10_07_RSFB-Phenotyping_WG1_JLU/20251007_124434.jpg,12.0,2.850200653076172,3.6006109714508057,0.750410258769989,8.399389266967773,9.149799346923828,rank_margin10,43,single_rater_weak
2025_10_07_RSFB-Phenotyping_WG1_JLU/2025_10_07_RSFB-Phenotyping_WG1_JLU/20251007_124441.jpg,plot_f84b4c2802871c1b5e0f,wg_insects_t1_bbch10,/home/nfs/data/nvme_datasets/Pictures_CFSB_leaf_damage/2025_10_07_RSFB-Phenotyping_WG1_JLU/2025_10_07_RSFB-Phenotyping_WG1_JLU/20251007_124441.jpg,18.0,4.904670715332031,5.4195146560668945,0.5148441791534424,12.580485343933105,13.095329284667969,rank_margin10,43,single_rater_weak
2025_10_07_RSFB-Phenotyping_WG1_JLU/2025_10_07_RSFB-Phenotyping_WG1_JLU/20251007_124451.jpg,plot_f84b4c2802871c1b5e0f,wg_insects_t1_bbch10,/home/nfs/data/nvme_datasets/Pictures_CFSB_leaf_damage/2025_10_07_RSFB-Phenotyping_WG1_JLU/2025_10_07_RSFB-Phenotyping_WG1_JLU/20251007_124451.jpg,8.0,3.306394577026367,2.9308648109436035,-0.37552976608276367,5.0691351890563965,4.693605422973633,rank_margin10,43,single_rater_weak
2025_10_07_RSFB-Phenotyping_WG1_JLU/2025_10_07_RSFB-Phenotyping_WG1_JLU/20251007_124508.jpg,plot_a4b50325dbf9a5ebc276,wg_insects_t1_bbch10,/home/nfs/data/nvme_datasets/Pictures_CFSB_leaf_damage/2025_10_07_RSFB-Phenotyping_WG1_JLU/2025_10_07_RSFB-Phenotyping_WG1_JLU/20251007_124508.jpg,2.0,4.245302200317383,4.864357948303223,0.619055986404419,2.8643579483032227,2.245302200317383,rank_margin10,43,single_rater_weak
2025_10_07_RSFB-Phenotyping_WG1_JLU/2025_10_07_RSFB-Phenotyping_WG1_JLU/20251007_124515.jpg,plot_a4b50325dbf9a5ebc276,wg_insects_t1_bbch10,/home/nfs/data/nvme_datasets/Pictures_CFSB_leaf_damage/2025_10_07_RSFB-Phenotyping_WG1_JLU/2025_10_07_RSFB-Phenotyping_WG1_JLU/20251007_124515.jpg,30.0,3.905153512954712,4.68557071685791,0.7804170846939087,25.314430236816406,26.094846725463867,rank_margin10,43,single_rater_weak
2025_10_07_RSFB-Phenotyping_WG1_JLU/2025_10_07_RSFB-Phenotyping_WG1_JLU/20251007_124522.jpg,plot_a4b50325dbf9a5ebc276,wg_insects_t1_bbch10,/home/nfs/data/nvme_datasets/Pictures_CFSB_leaf_damage/2025_10_07_RSFB-Phenotyping_WG1_JLU/2025_10_07_RSFB-Phenotyping_WG1_JLU/20251007_124522.jpg,5.0,3.4093945026397705,3.2049615383148193,-0.20443293452262878,1.7950384616851807,1.5906054973602295,rank_margin10,43,single_rater_weak
2025_10_07_RSFB-Phenotyping_WG1_JLU/2025_10_07_RSFB-Phenotyping_WG1_JLU/20251007_124541.jpg,plot_9f72b83c4f2e8431403c,wg_insects_t1_bbch10,/home/nfs/data/nvme_datasets/Pictures_CFSB_leaf_damage/2025_10_07_RSFB-Phenotyping_WG1_JLU/2025_10_07_RSFB-Phenotyping_WG1_JLU/20251007_124541.jpg,20.0,4.667478084564209,5.738376617431641,1.0708986520767212,14.26162338256836,15.332521438598633,rank_margin10,43,single_rater_weak
2025_10_07_RSFB-Phenotyping_WG1_JLU/2025_10_07_RSFB-Phenotyping_WG1_JLU/20251007_124548.jpg,plot_9f72b83c4f2e8431403c,wg_insects_t1_bbch10,/home/nfs/data/nvme_datasets/Pictures_CFSB_leaf_damage/2025_10_07_RSFB-Phenotyping_WG1_JLU/2025_10_07_RSFB-Phenotyping_WG1_JLU/20251007_124548.jpg,12.0,2.6590452194213867,4.185813903808594,1.526768684387207,7.814186096191406,9.340954780578613,rank_margin10,43,single_rater_weak
2025_10_07_RSFB-Phenotyping_WG1_JLU/2025_10_07_RSFB-Phenotyping_WG1_JLU/20251007_124555.jpg,plot_9f72b83c4f2e8431403c,wg_insects_t1_bbch10,/home/nfs/data/nvme_datasets/Pictures_CFSB_leaf_damage/2025_10_07_RSFB-Phenotyping_WG1_JLU/2025_10_07_RSFB-Phenotyping_WG1_JLU/20251007_124555.jpg,9.0,5.466080665588379,7.230567932128906,1.7644871473312378,1.7694320678710938,3.533919334411621,rank_margin10,43,single_rater_weak
2025_10_07_RSFB-Phenotyping_WG1_JLU/2025_10_07_RSFB-Phenotyping_WG1_JLU/20251007_124614.jpg,plot_f847dbaff653f4b20c89,wg_insects_t1_bbch10,/home/nfs/data/nvme_datasets/Pictures_CFSB_leaf_damage/2025_10_07_RSFB-Phenotyping_WG1_JLU/2025_10_07_RSFB-Phenotyping_WG1_JLU/20251007_124614.jpg,8.0,2.7289767265319824,3.364140033721924,0.6351632475852966,4.635859966278076,5.271023273468018,rank_margin10,43,single_rater_weak
2025_10_07_RSFB-Phenotyping_WG1_JLU/2025_10_07_RSFB-Phenotyping_WG1_JLU/20251007_124621.jpg,plot_f847dbaff653f4b20c89,wg_insects_t1_bbch10,/home/nfs/data/nvme_datasets/Pictures_CFSB_leaf_damage/2025_10_07_RSFB-Phenotyping_WG1_JLU/2025_10_07_RSFB-Phenotyping_WG1_JLU/20251007_124621.jpg,12.0,4.877145767211914,4.79282283782959,-0.08432305604219437,7.20717716217041,7.122854232788086,rank_margin10,43,single_rater_weak
2025_10_07_RSFB-Phenotyping_WG1_JLU/2025_10_07_RSFB-Phenotyping_WG1_JLU/20251007_124628.jpg,plot_f847dbaff653f4b20c89,wg_insects_t1_bbch10,/home/nfs/data/nvme_datasets/Pictures_CFSB_leaf_damage/2025_10_07_RSFB-Phenotyping_WG1_JLU/2025_10_07_RSFB-Phenotyping_WG1_JLU/20251007_124628.jpg,8.0,5.704566955566406,6.2284040451049805,0.5238372087478638,1.7715959548950195,2.2954330444335938,rank_margin10,43,single_rater_weak
2025_10_07_RSFB-Phenotyping_WG1_JLU/2025_10_07_RSFB-Phenotyping_WG1_JLU/20251007_124649.jpg,plot_e594a79ebb12e0ace7b1,wg_insects_t1_bbch10,/home/nfs/data/nvme_datasets/Pictures_CFSB_leaf_damage/2025_10_07_RSFB-Phenotyping_WG1_JLU/2025_10_07_RSFB-Phenotyping_WG1_JLU/20251007_124649.jpg,3.0,3.312309741973877,3.9297854900360107,0.617475688457489,0.9297854900360107,0.31230974197387695,rank_margin10,43,single_rater_weak
2025_10_07_RSFB-Phenotyping_WG1_JLU/2025_10_07_RSFB-Phenotyping_WG1_JLU/20251007_124656.jpg,plot_e594a79ebb12e0ace7b1,wg_insects_t1_bbch10,/home/nfs/data/nvme_datasets/Pictures_CFSB_leaf_damage/2025_10_07_RSFB-Phenotyping_WG1_JLU/2025_10_07_RSFB-Phenotyping_WG1_JLU/20251007_124656.jpg,20.0,7.9487810134887695,7.812639236450195,-0.136141836643219,12.187360763549805,12.05121898651123,rank_margin10,43,single_rater_weak
2025_10_07_RSFB-Phenotyping_WG1_JLU/2025_10_07_RSFB-Phenotyping_WG1_JLU/20251007_124703.jpg,plot_e594a79ebb12e0ace7b1,wg_insects_t1_bbch10,/home/nfs/data/nvme_datasets/Pictures_CFSB_leaf_damage/2025_10_07_RSFB-Phenotyping_WG1_JLU/2025_10_07_RSFB-Phenotyping_WG1_JLU/20251007_124703.jpg,25.0,5.641627788543701,6.492937088012695,0.851309061050415,18.507062911987305,19.35837173461914,rank_margin10,43,single_rater_weak
2025_10_07_RSFB-Phenotyping_WG1_JLU/2025_10_07_RSFB-Phenotyping_WG1_JLU/20251007_124721.jpg,plot_b6e7174d690b75e292ff,wg_insects_t1_bbch10,/home/nfs/data/nvme_datasets/Pictures_CFSB_leaf_damage/2025_10_07_RSFB-Phenotyping_WG1_JLU/2025_10_07_RSFB-Phenotyping_WG1_JLU/20251007_124721.jpg,12.0,2.765319347381592,3.8881664276123047,1.122847080230713,8.111833572387695,9.23468017578125,rank_margin10,43,single_rater_weak
2025_10_07_RSFB-Phenotyping_WG1_JLU/2025_10_07_RSFB-Phenotyping_WG1_JLU/20251007_124729.jpg,plot_b6e7174d690b75e292ff,wg_insects_t1_bbch10,/home/nfs/data/nvme_datasets/Pictures_CFSB_leaf_damage/2025_10_07_RSFB-Phenotyping_WG1_JLU/2025_10_07_RSFB-Phenotyping_WG1_JLU/20251007_124729.jpg,4.0,4.355000972747803,4.116875648498535,-0.23812511563301086,0.11687564849853516,0.35500097274780273,rank_margin10,43,single_rater_weak
2025_10_07_RSFB-Phenotyping_WG1_JLU/2025_10_07_RSFB-Phenotyping_WG1_JLU/20251007_124735.jpg,plot_b6e7174d690b75e292ff,wg_insects_t1_bbch10,/home/nfs/data/nvme_datasets/Pictures_CFSB_leaf_damage/2025_10_07_RSFB-Phenotyping_WG1_JLU/2025_10_07_RSFB-Phenotyping_WG1_JLU/20251007_124735.jpg,4.0,3.692852735519409,3.3456902503967285,-0.3471623659133911,0.6543097496032715,0.3071472644805908,rank_margin10,43,single_rater_weak
2025_10_07_RSFB-Phenotyping_WG1_JLU/2025_10_07_RSFB-Phenotyping_WG1_JLU/20251007_124753.jpg,plot_2e3302092fee0c5ce1fa,wg_insects_t1_bbch10,/home/nfs/data/nvme_datasets/Pictures_CFSB_leaf_damage/2025_10_07_RSFB-Phenotyping_WG1_JLU/2025_10_07_RSFB-Phenotyping_WG1_JLU/20251007_124753.jpg,4.0,1.9722185134887695,2.4685564041137695,0.49633777141571045,1.5314435958862305,2.0277814865112305,rank_margin10,43,single_rater_weak
2025_10_07_RSFB-Phenotyping_WG1_JLU/2025_10_07_RSFB-Phenotyping_WG1_JLU/20251007_124800.jpg,plot_2e3302092fee0c5ce1fa,wg_insects_t1_bbch10,/home/nfs/data/nvme_datasets/Pictures_CFSB_leaf_damage/2025_10_07_RSFB-Phenotyping_WG1_JLU/2025_10_07_RSFB-Phenotyping_WG1_JLU/20251007_124800.jpg,4.0,2.916233539581299,2.552215099334717,-0.36401835083961487,1.4477849006652832,1.0837664604187012,rank_margin10,43,single_rater_weak
2025_10_07_RSFB-Phenotyping_WG1_JLU/2025_10_07_RSFB-Phenotyping_WG1_JLU/20251007_124805.jpg,plot_2e3302092fee0c5ce1fa,wg_insects_t1_bbch10,/home/nfs/data/nvme_datasets/Pictures_CFSB_leaf_damage/2025_10_07_RSFB-Phenotyping_WG1_JLU/2025_10_07_RSFB-Phenotyping_WG1_JLU/20251007_124805.jpg,5.0,2.17692232131958,1.9671099185943604,-0.20981240272521973,3.0328900814056396,2.82307767868042,rank_margin10,43,single_rater_weak
2025_10_07_RSFB-Phenotyping_WG1_JLU/2025_10_07_RSFB-Phenotyping_WG1_JLU/20251007_124823.jpg,plot_4398ed881510f755e158,wg_insects_t1_bbch10,/home/nfs/data/nvme_datasets/Pictures_CFSB_leaf_damage/2025_10_07_RSFB-Phenotyping_WG1_JLU/2025_10_07_RSFB-Phenotyping_WG1_JLU/20251007_124823.jpg,3.0,2.7188291549682617,3.4308979511260986,0.7120687365531921,0.43089795112609863,0.2811708450317383,rank_margin10,43,single_rater_weak
2025_10_07_RSFB-Phenotyping_WG1_JLU/2025_10_07_RSFB-Phenotyping_WG1_JLU/20251007_124830.jpg,plot_4398ed881510f755e158,wg_insects_t1_bbch10,/home/nfs/data/nvme_datasets/Pictures_CFSB_leaf_damage/2025_10_07_RSFB-Phenotyping_WG1_JLU/2025_10_07_RSFB-Phenotyping_WG1_JLU/20251007_124830.jpg,8.0,2.671842575073242,3.148040771484375,0.47619813680648804,4.851959228515625,5.328157424926758,rank_margin10,43,single_rater_weak
2025_10_07_RSFB-Phenotyping_WG1_JLU/2025_10_07_RSFB-Phenotyping_WG1_JLU/20251007_124837.jpg,plot_4398ed881510f755e158,wg_insects_t1_bbch10,/home/nfs/data/nvme_datasets/Pictures_CFSB_leaf_damage/2025_10_07_RSFB-Phenotyping_WG1_JLU/2025_10_07_RSFB-Phenotyping_WG1_JLU/20251007_124837.jpg,4.0,3.6518731117248535,3.463153839111328,-0.1887192577123642,0.5368461608886719,0.3481268882751465,rank_margin10,43,single_rater_weak
2025_10_07_RSFB-Phenotyping_WG1_JLU/2025_10_07_RSFB-Phenotyping_WG1_JLU/20251007_124855.jpg,plot_d1b3af3b3e502faffee0,wg_insects_t1_bbch10,/home/nfs/data/nvme_datasets/Pictures_CFSB_leaf_damage/2025_10_07_RSFB-Phenotyping_WG1_JLU/2025_10_07_RSFB-Phenotyping_WG1_JLU/20251007_124855.jpg,15.0,2.9822254180908203,3.2936835289001465,0.3114580810070038,11.706315994262695,12.01777458190918,rank_margin10,43,single_rater_weak
2025_10_07_RSFB-Phenotyping_WG1_JLU/2025_10_07_RSFB-Phenotyping_WG1_JLU/20251007_124903.jpg,plot_d1b3af3b3e502faffee0,wg_insects_t1_bbch10,/home/nfs/data/nvme_datasets/Pictures_CFSB_leaf_damage/2025_10_07_RSFB-Phenotyping_WG1_JLU/2025_10_07_RSFB-Phenotyping_WG1_JLU/20251007_124903.jpg,6.0,3.86490535736084,3.7711262702941895,-0.0937790498137474,2.2288737297058105,2.13509464263916,rank_margin10,43,single_rater_weak
2025_10_07_RSFB-Phenotyping_WG1_JLU/2025_10_07_RSFB-Phenotyping_WG1_JLU/20251007_124910.jpg,plot_d1b3af3b3e502faffee0,wg_insects_t1_bbch10,/home/nfs/data/nvme_datasets/Pictures_CFSB_leaf_damage/2025_10_07_RSFB-Phenotyping_WG1_JLU/2025_10_07_RSFB-Phenotyping_WG1_JLU/20251007_124910.jpg,4.0,2.5981149673461914,2.997025489807129,0.3989104926586151,1.002974510192871,1.4018850326538086,rank_margin10,43,single_rater_weak
2025_10_07_RSFB-Phenotyping_WG1_JLU/2025_10_07_RSFB-Phenotyping_WG1_JLU/20251007_124927.jpg,plot_28f8f26420203e55d179,wg_insects_t1_bbch10,/home/nfs/data/nvme_datasets/Pictures_CFSB_leaf_damage/2025_10_07_RSFB-Phenotyping_WG1_JLU/2025_10_07_RSFB-Phenotyping_WG1_JLU/20251007_124927.jpg,8.0,3.0702357292175293,3.2879934310913086,0.2177576720714569,4.712006568908691,4.929764270782471,rank_margin10,43,single_rater_weak
2025_10_07_RSFB-Phenotyping_WG1_JLU/2025_10_07_RSFB-Phenotyping_WG1_JLU/20251007_124934.jpg,plot_28f8f26420203e55d179,wg_insects_t1_bbch10,/home/nfs/data/nvme_datasets/Pictures_CFSB_leaf_damage/2025_10_07_RSFB-Phenotyping_WG1_JLU/2025_10_07_RSFB-Phenotyping_WG1_JLU/20251007_124934.jpg,4.0,3.246939182281494,4.140125274658203,0.8931860327720642,0.14012527465820312,0.7530608177185059,rank_margin10,43,single_rater_weak
2025_10_07_RSFB-Phenotyping_WG1_JLU/2025_10_07_RSFB-Phenotyping_WG1_JLU/20251007_124942.jpg,plot_28f8f26420203e55d179,wg_insects_t1_bbch10,/home/nfs/data/nvme_datasets/Pictures_CFSB_leaf_damage/2025_10_07_RSFB-Phenotyping_WG1_JLU/2025_10_07_RSFB-Phenotyping_WG1_JLU/20251007_124942.jpg,8.0,3.001779079437256,3.311898708343506,0.31011950969696045,4.688101291656494,4.998220920562744,rank_margin10,43,single_rater_weak
2025_10_07_RSFB-Phenotyping_WG1_JLU/2025_10_07_RSFB-Phenotyping_WG1_JLU/20251007_125005.jpg,plot_148d445959f73cc35e04,wg_insects_t1_bbch10,/home/nfs/data/nvme_datasets/Pictures_CFSB_leaf_damage/2025_10_07_RSFB-Phenotyping_WG1_JLU/2025_10_07_RSFB-Phenotyping_WG1_JLU/20251007_125005.jpg,4.0,3.5455102920532227,4.567096710205078,1.021586537361145,0.5670967102050781,0.45448970794677734,rank_margin10,43,single_rater_weak
2025_10_07_RSFB-Phenotyping_WG1_JLU/2025_10_07_RSFB-Phenotyping_WG1_JLU/20251007_125013.jpg,plot_148d445959f73cc35e04,wg_insects_t1_bbch10,/home/nfs/data/nvme_datasets/Pictures_CFSB_leaf_damage/2025_10_07_RSFB-Phenotyping_WG1_JLU/2025_10_07_RSFB-Phenotyping_WG1_JLU/20251007_125013.jpg,3.0,2.306025505065918,3.083212375640869,0.7771867513656616,0.08321237564086914,0.693974494934082,rank_margin10,43,single_rater_weak
2025_10_07_RSFB-Phenotyping_WG1_JLU/2025_10_07_RSFB-Phenotyping_WG1_JLU/20251007_125021.jpg,plot_148d445959f73cc35e04,wg_insects_t1_bbch10,/home/nfs/data/nvme_datasets/Pictures_CFSB_leaf_damage/2025_10_07_RSFB-Phenotyping_WG1_JLU/2025_10_07_RSFB-Phenotyping_WG1_JLU/20251007_125021.jpg,3.0,3.7161741256713867,3.922595500946045,0.20642134547233582,0.9225955009460449,0.7161741256713867,rank_margin10,43,single_rater_weak
2025_10_07_RSFB-Phenotyping_WG1_JLU/2025_10_07_RSFB-Phenotyping_WG1_JLU/20251007_125037.jpg,plot_9a559fa430e32ed63f90,wg_insects_t1_bbch10,/home/nfs/data/nvme_datasets/Pictures_CFSB_leaf_damage/2025_10_07_RSFB-Phenotyping_WG1_JLU/2025_10_07_RSFB-Phenotyping_WG1_JLU/20251007_125037.jpg,2.0,2.808891773223877,3.086515426635742,0.27762362360954285,1.0865154266357422,0.808891773223877,rank_margin10,43,single_rater_weak
2025_10_07_RSFB-Phenotyping_WG1_JLU/2025_10_07_RSFB-Phenotyping_WG1_JLU/20251007_125045.jpg,plot_9a559fa430e32ed63f90,wg_insects_t1_bbch10,/home/nfs/data/nvme_datasets/Pictures_CFSB_leaf_damage/2025_10_07_RSFB-Phenotyping_WG1_JLU/2025_10_07_RSFB-Phenotyping_WG1_JLU/20251007_125045.jpg,12.0,2.4906039237976074,3.166029930114746,0.6754261255264282,8.833970069885254,9.509395599365234,rank_margin10,43,single_rater_weak
2025_10_07_RSFB-Phenotyping_WG1_JLU/2025_10_07_RSFB-Phenotyping_WG1_JLU/20251007_125051.jpg,plot_9a559fa430e32ed63f90,wg_insects_t1_bbch10,/home/nfs/data/nvme_datasets/Pictures_CFSB_leaf_damage/2025_10_07_RSFB-Phenotyping_WG1_JLU/2025_10_07_RSFB-Phenotyping_WG1_JLU/20251007_125051.jpg,5.0,3.5044467449188232,3.9383556842803955,0.43390896916389465,1.0616443157196045,1.4955532550811768,rank_margin10,43,single_rater_weak
2025_10_07_RSFB-Phenotyping_WG1_JLU/2025_10_07_RSFB-Phenotyping_WG1_JLU/20251007_125111.jpg,plot_4cd62499bd1348049910,wg_insects_t1_bbch10,/home/nfs/data/nvme_datasets/Pictures_CFSB_leaf_damage/2025_10_07_RSFB-Phenotyping_WG1_JLU/2025_10_07_RSFB-Phenotyping_WG1_JLU/20251007_125111.jpg,6.0,2.799375534057617,3.844005823135376,1.0446302890777588,2.155994176864624,3.200624465942383,rank_margin10,43,single_rater_weak
2025_10_07_RSFB-Phenotyping_WG1_JLU/2025_10_07_RSFB-Phenotyping_WG1_JLU/20251007_125118.jpg,plot_4cd62499bd1348049910,wg_insects_t1_bbch10,/home/nfs/data/nvme_datasets/Pictures_CFSB_leaf_damage/2025_10_07_RSFB-Phenotyping_WG1_JLU/2025_10_07_RSFB-Phenotyping_WG1_JLU/20251007_125118.jpg,8.0,3.3026247024536133,4.2687859535217285,0.9661613702774048,3.7312140464782715,4.697375297546387,rank_margin10,43,single_rater_weak
2025_10_07_RSFB-Phenotyping_WG1_JLU/2025_10_07_RSFB-Phenotyping_WG1_JLU/20251007_125125.jpg,plot_4cd62499bd1348049910,wg_insects_t1_bbch10,/home/nfs/data/nvme_datasets/Pictures_CFSB_leaf_damage/2025_10_07_RSFB-Phenotyping_WG1_JLU/2025_10_07_RSFB-Phenotyping_WG1_JLU/20251007_125125.jpg,1.0,1.1721677780151367,2.5544631481170654,1.3822953701019287,1.5544631481170654,0.17216777801513672,rank_margin10,43,single_rater_weak
2025_10_07_RSFB-Phenotyping_WG1_JLU/2025_10_07_RSFB-Phenotyping_WG1_JLU/20251007_125152.jpg,plot_cfe5a3ab0645d46e2f47,wg_insects_t1_bbch10,/home/nfs/data/nvme_datasets/Pictures_CFSB_leaf_damage/2025_10_07_RSFB-Phenotyping_WG1_JLU/2025_10_07_RSFB-Phenotyping_WG1_JLU/20251007_125152.jpg,18.0,2.846146583557129,3.010946035385132,0.1647995263338089,14.989053726196289,15.153853416442871,rank_margin10,43,single_rater_weak
2025_10_07_RSFB-Phenotyping_WG1_JLU/2025_10_07_RSFB-Phenotyping_WG1_JLU/20251007_125200.jpg,plot_cfe5a3ab0645d46e2f47,wg_insects_t1_bbch10,/home/nfs/data/nvme_datasets/Pictures_CFSB_leaf_damage/2025_10_07_RSFB-Phenotyping_WG1_JLU/2025_10_07_RSFB-Phenotyping_WG1_JLU/20251007_125200.jpg,2.0,2.7095584869384766,2.936723232269287,0.22716474533081055,0.9367232322692871,0.7095584869384766,rank_margin10,43,single_rater_weak
2025_10_07_RSFB-Phenotyping_WG1_JLU/2025_10_07_RSFB-Phenotyping_WG1_JLU/20251007_125207.jpg,plot_cfe5a3ab0645d46e2f47,wg_insects_t1_bbch10,/home/nfs/data/nvme_datasets/Pictures_CFSB_leaf_damage/2025_10_07_RSFB-Phenotyping_WG1_JLU/2025_10_07_RSFB-Phenotyping_WG1_JLU/20251007_125207.jpg,7.0,3.615938901901245,4.131424903869629,0.5154862403869629,2.868575096130371,3.384061098098755,rank_margin10,43,single_rater_weak
2025_10_07_RSFB-Phenotyping_WG1_JLU/2025_10_07_RSFB-Phenotyping_WG1_JLU/20251007_125227.jpg,plot_0b74c085b1e71e64f05d,wg_insects_t1_bbch10,/home/nfs/data/nvme_datasets/Pictures_CFSB_leaf_damage/2025_10_07_RSFB-Phenotyping_WG1_JLU/2025_10_07_RSFB-Phenotyping_WG1_JLU/20251007_125227.jpg,16.0,4.156778335571289,4.315192699432373,0.15841427445411682,11.684806823730469,11.843221664428711,rank_margin10,43,single_rater_weak
2025_10_07_RSFB-Phenotyping_WG1_JLU/2025_10_07_RSFB-Phenotyping_WG1_JLU/20251007_125234.jpg,plot_0b74c085b1e71e64f05d,wg_insects_t1_bbch10,/home/nfs/data/nvme_datasets/Pictures_CFSB_leaf_damage/2025_10_07_RSFB-Phenotyping_WG1_JLU/2025_10_07_RSFB-Phenotyping_WG1_JLU/20251007_125234.jpg,4.0,5.779936790466309,6.737595558166504,0.9576587677001953,2.737595558166504,1.7799367904663086,rank_margin10,43,single_rater_weak
2025_10_07_RSFB-Phenotyping_WG1_JLU/2025_10_07_RSFB-Phenotyping_WG1_JLU/20251007_125242.jpg,plot_0b74c085b1e71e64f05d,wg_insects_t1_bbch10,/home/nfs/data/nvme_datasets/Pictures_CFSB_leaf_damage/2025_10_07_RSFB-Phenotyping_WG1_JLU/2025_10_07_RSFB-Phenotyping_WG1_JLU/20251007_125242.jpg,8.0,2.467771530151367,3.3175745010375977,0.8498028516769409,4.682425498962402,5.532228469848633,rank_margin10,43,single_rater_weak
2025_10_07_RSFB-Phenotyping_WG1_JLU/2025_10_07_RSFB-Phenotyping_WG1_JLU/20251007_125300.jpg,plot_20af516f8934d967910b,wg_insects_t1_bbch10,/home/nfs/data/nvme_datasets/Pictures_CFSB_leaf_damage/2025_10_07_RSFB-Phenotyping_WG1_JLU/2025_10_07_RSFB-Phenotyping_WG1_JLU/20251007_125300.jpg,12.0,3.9382786750793457,4.015561580657959,0.07728270441293716,7.984438419342041,8.061721801757812,rank_margin10,43,single_rater_weak
2025_10_07_RSFB-Phenotyping_WG1_JLU/2025_10_07_RSFB-Phenotyping_WG1_JLU/20251007_125308.jpg,plot_20af516f8934d967910b,wg_insects_t1_bbch10,/home/nfs/data/nvme_datasets/Pictures_CFSB_leaf_damage/2025_10_07_RSFB-Phenotyping_WG1_JLU/2025_10_07_RSFB-Phenotyping_WG1_JLU/20251007_125308.jpg,4.0,4.44669246673584,5.059253692626953,0.6125613451004028,1.0592536926269531,0.44669246673583984,rank_margin10,43,single_rater_weak
2025_10_07_RSFB-Phenotyping_WG1_JLU/2025_10_07_RSFB-Phenotyping_WG1_JLU/20251007_125315.jpg,plot_20af516f8934d967910b,wg_insects_t1_bbch10,/home/nfs/data/nvme_datasets/Pictures_CFSB_leaf_damage/2025_10_07_RSFB-Phenotyping_WG1_JLU/2025_10_07_RSFB-Phenotyping_WG1_JLU/20251007_125315.jpg,4.0,3.8064887523651123,5.402073860168457,1.5955852270126343,1.402073860168457,0.1935112476348877,rank_margin10,43,single_rater_weak
2025_10_07_RSFB-Phenotyping_WG1_JLU/2025_10_07_RSFB-Phenotyping_WG1_JLU/20251007_125336.jpg,plot_41f4bffea5cab47ba0c1,wg_insects_t1_bbch10,/home/nfs/data/nvme_datasets/Pictures_CFSB_leaf_damage/2025_10_07_RSFB-Phenotyping_WG1_JLU/2025_10_07_RSFB-Phenotyping_WG1_JLU/20251007_125336.jpg,15.0,4.180844783782959,4.566676616668701,0.3858320415019989,10.43332290649414,10.819154739379883,rank_margin10,43,single_rater_weak
2025_10_07_RSFB-Phenotyping_WG1_JLU/2025_10_07_RSFB-Phenotyping_WG1_JLU/20251007_125344.jpg,plot_41f4bffea5cab47ba0c1,wg_insects_t1_bbch10,/home/nfs/data/nvme_datasets/Pictures_CFSB_leaf_damage/2025_10_07_RSFB-Phenotyping_WG1_JLU/2025_10_07_RSFB-Phenotyping_WG1_JLU/20251007_125344.jpg,5.0,3.125753402709961,2.3798015117645264,-0.7459518909454346,2.6201984882354736,1.874246597290039,rank_margin10,43,single_rater_weak
2025_10_07_RSFB-Phenotyping_WG1_JLU/2025_10_07_RSFB-Phenotyping_WG1_JLU/20251007_125352.jpg,plot_41f4bffea5cab47ba0c1,wg_insects_t1_bbch10,/home/nfs/data/nvme_datasets/Pictures_CFSB_leaf_damage/2025_10_07_RSFB-Phenotyping_WG1_JLU/2025_10_07_RSFB-Phenotyping_WG1_JLU/20251007_125352.jpg,4.0,2.912992477416992,2.7038402557373047,-0.20915226638317108,1.2961597442626953,1.0870075225830078,rank_margin10,43,single_rater_weak
2025_10_07_RSFB-Phenotyping_WG1_JLU/2025_10_07_RSFB-Phenotyping_WG1_JLU/20251007_125410.jpg,plot_781f98589b11cd6b6181,wg_insects_t1_bbch10,/home/nfs/data/nvme_datasets/Pictures_CFSB_leaf_damage/2025_10_07_RSFB-Phenotyping_WG1_JLU/2025_10_07_RSFB-Phenotyping_WG1_JLU/20251007_125410.jpg,15.0,3.8436756134033203,4.484867095947266,0.6411915421485901,10.515132904052734,11.15632438659668,rank_margin10,43,single_rater_weak
2025_10_07_RSFB-Phenotyping_WG1_JLU/2025_10_07_RSFB-Phenotyping_WG1_JLU/20251007_125419.jpg,plot_781f98589b11cd6b6181,wg_insects_t1_bbch10,/home/nfs/data/nvme_datasets/Pictures_CFSB_leaf_damage/2025_10_07_RSFB-Phenotyping_WG1_JLU/2025_10_07_RSFB-Phenotyping_WG1_JLU/20251007_125419.jpg,8.0,3.5405325889587402,3.980661630630493,0.4401290714740753,4.019338607788086,4.45946741104126,rank_margin10,43,single_rater_weak
2025_10_07_RSFB-Phenotyping_WG1_JLU/2025_10_07_RSFB-Phenotyping_WG1_JLU/20251007_125428.jpg,plot_781f98589b11cd6b6181,wg_insects_t1_bbch10,/home/nfs/data/nvme_datasets/Pictures_CFSB_leaf_damage/2025_10_07_RSFB-Phenotyping_WG1_JLU/2025_10_07_RSFB-Phenotyping_WG1_JLU/20251007_125428.jpg,15.0,3.958411693572998,5.104836940765381,1.1464252471923828,9.895162582397461,11.041587829589844,rank_margin10,43,single_rater_weak
2025_10_07_RSFB-Phenotyping_WG1_JLU/2025_10_07_RSFB-Phenotyping_WG1_JLU/20251007_125446.jpg,plot_c5977069cd433cb0a85e,wg_insects_t1_bbch10,/home/nfs/data/nvme_datasets/Pictures_CFSB_leaf_damage/2025_10_07_RSFB-Phenotyping_WG1_JLU/2025_10_07_RSFB-Phenotyping_WG1_JLU/20251007_125446.jpg,4.0,3.6509103775024414,3.5448248386383057,-0.1060856506228447,0.45517516136169434,0.3490896224975586,rank_margin10,43,single_rater_weak
2025_10_07_RSFB-Phenotyping_WG1_JLU/2025_10_07_RSFB-Phenotyping_WG1_JLU/20251007_125454.jpg,plot_c5977069cd433cb0a85e,wg_insects_t1_bbch10,/home/nfs/data/nvme_datasets/Pictures_CFSB_leaf_damage/2025_10_07_RSFB-Phenotyping_WG1_JLU/2025_10_07_RSFB-Phenotyping_WG1_JLU/20251007_125454.jpg,3.0,4.79003381729126,4.553279399871826,-0.2367544174194336,1.5532793998718262,1.7900338172912598,rank_margin10,43,single_rater_weak
2025_10_07_RSFB-Phenotyping_WG1_JLU/2025_10_07_RSFB-Phenotyping_WG1_JLU/20251007_125500.jpg,plot_c5977069cd433cb0a85e,wg_insects_t1_bbch10,/home/nfs/data/nvme_datasets/Pictures_CFSB_leaf_damage/2025_10_07_RSFB-Phenotyping_WG1_JLU/2025_10_07_RSFB-Phenotyping_WG1_JLU/20251007_125500.jpg,16.0,3.8144001960754395,3.5029287338256836,-0.3114713430404663,12.497071266174316,12.185600280761719,rank_margin10,43,single_rater_weak
2025_10_07_RSFB-Phenotyping_WG1_JLU/2025_10_07_RSFB-Phenotyping_WG1_JLU/20251007_125520.jpg,plot_2080446bf49c603d321e,wg_insects_t1_bbch10,/home/nfs/data/nvme_datasets/Pictures_CFSB_leaf_damage/2025_10_07_RSFB-Phenotyping_WG1_JLU/2025_10_07_RSFB-Phenotyping_WG1_JLU/20251007_125520.jpg,18.0,3.3529577255249023,3.142192840576172,-0.21076498925685883,14.857807159423828,14.647042274475098,rank_margin10,43,single_rater_weak
2025_10_07_RSFB-Phenotyping_WG1_JLU/2025_10_07_RSFB-Phenotyping_WG1_JLU/20251007_125527.jpg,plot_2080446bf49c603d321e,wg_insects_t1_bbch10,/home/nfs/data/nvme_datasets/Pictures_CFSB_leaf_damage/2025_10_07_RSFB-Phenotyping_WG1_JLU/2025_10_07_RSFB-Phenotyping_WG1_JLU/20251007_125527.jpg,15.0,2.641848564147949,2.5201468467712402,-0.12170162051916122,12.479852676391602,12.35815143585205,rank_margin10,43,single_rater_weak
2025_10_07_RSFB-Phenotyping_WG1_JLU/2025_10_07_RSFB-Phenotyping_WG1_JLU/20251007_125535.jpg,plot_2080446bf49c603d321e,wg_insects_t1_bbch10,/home/nfs/data/nvme_datasets/Pictures_CFSB_leaf_damage/2025_10_07_RSFB-Phenotyping_WG1_JLU/2025_10_07_RSFB-Phenotyping_WG1_JLU/20251007_125535.jpg,18.0,3.3519463539123535,3.185127019882202,-0.1668192595243454,14.814872741699219,14.648054122924805,rank_margin10,43,single_rater_weak
2025_10_07_RSFB-Phenotyping_WG1_JLU/2025_10_07_RSFB-Phenotyping_WG1_JLU/20251007_125552.jpg,plot_f6076588cf1679b16da6,wg_insects_t1_bbch10,/home/nfs/data/nvme_datasets/Pictures_CFSB_leaf_damage/2025_10_07_RSFB-Phenotyping_WG1_JLU/2025_10_07_RSFB-Phenotyping_WG1_JLU/20251007_125552.jpg,12.0,3.312211513519287,2.9857261180877686,-0.32648536562919617,9.014273643493652,8.687788009643555,rank_margin10,43,single_rater_weak
2025_10_07_RSFB-Phenotyping_WG1_JLU/2025_10_07_RSFB-Phenotyping_WG1_JLU/20251007_125603.jpg,plot_f6076588cf1679b16da6,wg_insects_t1_bbch10,/home/nfs/data/nvme_datasets/Pictures_CFSB_leaf_damage/2025_10_07_RSFB-Phenotyping_WG1_JLU/2025_10_07_RSFB-Phenotyping_WG1_JLU/20251007_125603.jpg,3.0,5.709930419921875,6.0707855224609375,0.36085519194602966,3.0707855224609375,2.709930419921875,rank_margin10,43,single_rater_weak
2025_10_07_RSFB-Phenotyping_WG1_JLU/2025_10_07_RSFB-Phenotyping_WG1_JLU/20251007_125612.jpg,plot_f6076588cf1679b16da6,wg_insects_t1_bbch10,/home/nfs/data/nvme_datasets/Pictures_CFSB_leaf_damage/2025_10_07_RSFB-Phenotyping_WG1_JLU/2025_10_07_RSFB-Phenotyping_WG1_JLU/20251007_125612.jpg,3.0,3.3038320541381836,3.0962862968444824,-0.20754584670066833,0.09628629684448242,0.3038320541381836,rank_margin10,43,single_rater_weak
2025_10_07_RSFB-Phenotyping_WG1_JLU/2025_10_07_RSFB-Phenotyping_WG1_JLU/20251007_125630.jpg,plot_9f6bf19ef64a741a9b0e,wg_insects_t1_bbch10,/home/nfs/data/nvme_datasets/Pictures_CFSB_leaf_damage/2025_10_07_RSFB-Phenotyping_WG1_JLU/2025_10_07_RSFB-Phenotyping_WG1_JLU/20251007_125630.jpg,4.0,2.834319591522217,3.416464328765869,0.5821446180343628,0.5835356712341309,1.1656804084777832,rank_margin10,43,single_rater_weak
2025_10_07_RSFB-Phenotyping_WG1_JLU/2025_10_07_RSFB-Phenotyping_WG1_JLU/20251007_125639.jpg,plot_9f6bf19ef64a741a9b0e,wg_insects_t1_bbch10,/home/nfs/data/nvme_datasets/Pictures_CFSB_leaf_damage/2025_10_07_RSFB-Phenotyping_WG1_JLU/2025_10_07_RSFB-Phenotyping_WG1_JLU/20251007_125639.jpg,1.0,3.03969669342041,2.5940637588500977,-0.44563281536102295,1.5940637588500977,2.03969669342041,rank_margin10,43,single_rater_weak
2025_10_07_RSFB-Phenotyping_WG1_JLU/2025_10_07_RSFB-Phenotyping_WG1_JLU/20251007_125647.jpg,plot_9f6bf19ef64a741a9b0e,wg_insects_t1_bbch10,/home/nfs/data/nvme_datasets/Pictures_CFSB_leaf_damage/2025_10_07_RSFB-Phenotyping_WG1_JLU/2025_10_07_RSFB-Phenotyping_WG1_JLU/20251007_125647.jpg,2.0,3.0980992317199707,4.1687445640563965,1.0706453323364258,2.1687445640563965,1.0980992317199707,rank_margin10,43,single_rater_weak
2025_10_07_RSFB-Phenotyping_WG1_JLU/2025_10_07_RSFB-Phenotyping_WG1_JLU/20251007_125709.jpg,plot_af5218b2d31690d5b33f,wg_insects_t1_bbch10,/home/nfs/data/nvme_datasets/Pictures_CFSB_leaf_damage/2025_10_07_RSFB-Phenotyping_WG1_JLU/2025_10_07_RSFB-Phenotyping_WG1_JLU/20251007_125709.jpg,3.0,1.0697226524353027,2.345067024230957,1.2753443717956543,0.654932975769043,1.9302773475646973,rank_margin10,43,single_rater_weak
2025_10_07_RSFB-Phenotyping_WG1_JLU/2025_10_07_RSFB-Phenotyping_WG1_JLU/20251007_125718.jpg,plot_af5218b2d31690d5b33f,wg_insects_t1_bbch10,/home/nfs/data/nvme_datasets/Pictures_CFSB_leaf_damage/2025_10_07_RSFB-Phenotyping_WG1_JLU/2025_10_07_RSFB-Phenotyping_WG1_JLU/20251007_125718.jpg,3.0,3.2734527587890625,4.2258758544921875,0.9524232149124146,1.2258758544921875,0.2734527587890625,rank_margin10,43,single_rater_weak
2025_10_07_RSFB-Phenotyping_WG1_JLU/2025_10_07_RSFB-Phenotyping_WG1_JLU/20251007_125726.jpg,plot_af5218b2d31690d5b33f,wg_insects_t1_bbch10,/home/nfs/data/nvme_datasets/Pictures_CFSB_leaf_damage/2025_10_07_RSFB-Phenotyping_WG1_JLU/2025_10_07_RSFB-Phenotyping_WG1_JLU/20251007_125726.jpg,15.0,5.394677639007568,5.725289821624756,0.33061230182647705,9.274709701538086,9.605321884155273,rank_margin10,43,single_rater_weak
2025_10_07_RSFB-Phenotyping_WG1_JLU/2025_10_07_RSFB-Phenotyping_WG1_JLU/20251007_125758.jpg,plot_748730d3bcce86bb8a6d,wg_insects_t1_bbch10,/home/nfs/data/nvme_datasets/Pictures_CFSB_leaf_damage/2025_10_07_RSFB-Phenotyping_WG1_JLU/2025_10_07_RSFB-Phenotyping_WG1_JLU/20251007_125758.jpg,12.0,3.073866844177246,4.162090301513672,1.0882232189178467,7.837909698486328,8.926133155822754,rank_margin10,43,single_rater_weak
2025_10_07_RSFB-Phenotyping_WG1_JLU/2025_10_07_RSFB-Phenotyping_WG1_JLU/20251007_125807.jpg,plot_748730d3bcce86bb8a6d,wg_insects_t1_bbch10,/home/nfs/data/nvme_datasets/Pictures_CFSB_leaf_damage/2025_10_07_RSFB-Phenotyping_WG1_JLU/2025_10_07_RSFB-Phenotyping_WG1_JLU/20251007_125807.jpg,13.0,3.618360996246338,3.367388963699341,-0.2509719729423523,9.632611274719238,9.38163948059082,rank_margin10,43,single_rater_weak
2025_10_07_RSFB-Phenotyping_WG1_JLU/2025_10_07_RSFB-Phenotyping_WG1_JLU/20251007_125817.jpg,plot_748730d3bcce86bb8a6d,wg_insects_t1_bbch10,/home/nfs/data/nvme_datasets/Pictures_CFSB_leaf_damage/2025_10_07_RSFB-Phenotyping_WG1_JLU/2025_10_07_RSFB-Phenotyping_WG1_JLU/20251007_125817.jpg,4.0,3.166964054107666,4.018611431121826,0.8516474962234497,0.018611431121826172,0.833035945892334,rank_margin10,43,single_rater_weak
2025_10_07_RSFB-Phenotyping_WG1_JLU/2025_10_07_RSFB-Phenotyping_WG1_JLU/20251007_125835.jpg,plot_3872ce02f02f4d97cda0,wg_insects_t1_bbch10,/home/nfs/data/nvme_datasets/Pictures_CFSB_leaf_damage/2025_10_07_RSFB-Phenotyping_WG1_JLU/2025_10_07_RSFB-Phenotyping_WG1_JLU/20251007_125835.jpg,18.0,5.750619888305664,6.753159523010254,1.0025396347045898,11.246840476989746,12.249380111694336,rank_margin10,43,single_rater_weak
2025_10_07_RSFB-Phenotyping_WG1_JLU/2025_10_07_RSFB-Phenotyping_WG1_JLU/20251007_125845.jpg,plot_3872ce02f02f4d97cda0,wg_insects_t1_bbch10,/home/nfs/data/nvme_datasets/Pictures_CFSB_leaf_damage/2025_10_07_RSFB-Phenotyping_WG1_JLU/2025_10_07_RSFB-Phenotyping_WG1_JLU/20251007_125845.jpg,15.0,5.606566429138184,6.6787519454956055,1.072185754776001,8.321248054504395,9.393433570861816,rank_margin10,43,single_rater_weak
2025_10_07_RSFB-Phenotyping_WG1_JLU/2025_10_07_RSFB-Phenotyping_WG1_JLU/20251007_125853.jpg,plot_3872ce02f02f4d97cda0,wg_insects_t1_bbch10,/home/nfs/data/nvme_datasets/Pictures_CFSB_leaf_damage/2025_10_07_RSFB-Phenotyping_WG1_JLU/2025_10_07_RSFB-Phenotyping_WG1_JLU/20251007_125853.jpg,16.0,3.983607292175293,4.714028358459473,0.7304209470748901,11.285971641540527,12.016392707824707,rank_margin10,43,single_rater_weak
2025_10_07_RSFB-Phenotyping_WG1_JLU/2025_10_07_RSFB-Phenotyping_WG1_JLU/20251007_125911.jpg,plot_65eea01ba2506c15ed81,wg_insects_t1_bbch10,/home/nfs/data/nvme_datasets/Pictures_CFSB_leaf_damage/2025_10_07_RSFB-Phenotyping_WG1_JLU/2025_10_07_RSFB-Phenotyping_WG1_JLU/20251007_125911.jpg,5.0,2.4651031494140625,2.5921428203582764,0.12703967094421387,2.4078571796417236,2.5348968505859375,rank_margin10,43,single_rater_weak
2025_10_07_RSFB-Phenotyping_WG1_JLU/2025_10_07_RSFB-Phenotyping_WG1_JLU/20251007_125918.jpg,plot_65eea01ba2506c15ed81,wg_insects_t1_bbch10,/home/nfs/data/nvme_datasets/Pictures_CFSB_leaf_damage/2025_10_07_RSFB-Phenotyping_WG1_JLU/2025_10_07_RSFB-Phenotyping_WG1_JLU/20251007_125918.jpg,5.0,1.9319634437561035,2.7556424140930176,0.8236789703369141,2.2443575859069824,3.0680365562438965,rank_margin10,43,single_rater_weak
2025_10_07_RSFB-Phenotyping_WG1_JLU/2025_10_07_RSFB-Phenotyping_WG1_JLU/20251007_125926.jpg,plot_65eea01ba2506c15ed81,wg_insects_t1_bbch10,/home/nfs/data/nvme_datasets/Pictures_CFSB_leaf_damage/2025_10_07_RSFB-Phenotyping_WG1_JLU/2025_10_07_RSFB-Phenotyping_WG1_JLU/20251007_125926.jpg,6.0,3.6344501972198486,3.6752774715423584,0.04082738608121872,2.3247225284576416,2.3655498027801514,rank_margin10,43,single_rater_weak
2025_10_07_RSFB-Phenotyping_WG1_JLU/2025_10_07_RSFB-Phenotyping_WG1_JLU/20251007_125944.jpg,plot_4e65efbdcb5cafd1ab18,wg_insects_t1_bbch10,/home/nfs/data/nvme_datasets/Pictures_CFSB_leaf_damage/2025_10_07_RSFB-Phenotyping_WG1_JLU/2025_10_07_RSFB-Phenotyping_WG1_JLU/20251007_125944.jpg,13.0,2.785506248474121,3.2113919258117676,0.4258856177330017,9.78860855102539,10.214493751525879,rank_margin10,43,single_rater_weak
2025_10_07_RSFB-Phenotyping_WG1_JLU/2025_10_07_RSFB-Phenotyping_WG1_JLU/20251007_125951.jpg,plot_4e65efbdcb5cafd1ab18,wg_insects_t1_bbch10,/home/nfs/data/nvme_datasets/Pictures_CFSB_leaf_damage/2025_10_07_RSFB-Phenotyping_WG1_JLU/2025_10_07_RSFB-Phenotyping_WG1_JLU/20251007_125951.jpg,10.0,2.581920623779297,2.516909599304199,-0.06501106917858124,7.483090400695801,7.418079376220703,rank_margin10,43,single_rater_weak
2025_10_07_RSFB-Phenotyping_WG1_JLU/2025_10_07_RSFB-Phenotyping_WG1_JLU/20251007_125959.jpg,plot_4e65efbdcb5cafd1ab18,wg_insects_t1_bbch10,/home/nfs/data/nvme_datasets/Pictures_CFSB_leaf_damage/2025_10_07_RSFB-Phenotyping_WG1_JLU/2025_10_07_RSFB-Phenotyping_WG1_JLU/20251007_125959.jpg,15.0,4.176183700561523,4.22499942779541,0.048815589398145676,10.77500057220459,10.823816299438477,rank_margin10,43,single_rater_weak
2025_10_07_RSFB-Phenotyping_WG1_JLU/2025_10_07_RSFB-Phenotyping_WG1_JLU/20251007_130018.jpg,plot_ddcfcb8c282959206cbe,wg_insects_t1_bbch10,/home/nfs/data/nvme_datasets/Pictures_CFSB_leaf_damage/2025_10_07_RSFB-Phenotyping_WG1_JLU/2025_10_07_RSFB-Phenotyping_WG1_JLU/20251007_130018.jpg,4.0,4.192089080810547,5.323225975036621,1.1311368942260742,1.323225975036621,0.19208908081054688,rank_margin10,43,single_rater_weak
2025_10_07_RSFB-Phenotyping_WG1_JLU/2025_10_07_RSFB-Phenotyping_WG1_JLU/20251007_130026.jpg,plot_ddcfcb8c282959206cbe,wg_insects_t1_bbch10,/home/nfs/data/nvme_datasets/Pictures_CFSB_leaf_damage/2025_10_07_RSFB-Phenotyping_WG1_JLU/2025_10_07_RSFB-Phenotyping_WG1_JLU/20251007_130026.jpg,8.0,4.049808979034424,4.397812366485596,0.3480033576488495,3.6021876335144043,3.950191020965576,rank_margin10,43,single_rater_weak
2025_10_07_RSFB-Phenotyping_WG1_JLU/2025_10_07_RSFB-Phenotyping_WG1_JLU/20251007_130033.jpg,plot_ddcfcb8c282959206cbe,wg_insects_t1_bbch10,/home/nfs/data/nvme_datasets/Pictures_CFSB_leaf_damage/2025_10_07_RSFB-Phenotyping_WG1_JLU/2025_10_07_RSFB-Phenotyping_WG1_JLU/20251007_130033.jpg,3.0,4.5350847244262695,4.936896324157715,0.4018115997314453,1.9368963241577148,1.5350847244262695,rank_margin10,43,single_rater_weak
2025_10_07_RSFB-Phenotyping_WG1_JLU/2025_10_07_RSFB-Phenotyping_WG1_JLU/20251007_130102.jpg,plot_1ebe9957308b8d3d6f7c,wg_insects_t1_bbch10,/home/nfs/data/nvme_datasets/Pictures_CFSB_leaf_damage/2025_10_07_RSFB-Phenotyping_WG1_JLU/2025_10_07_RSFB-Phenotyping_WG1_JLU/20251007_130102.jpg,2.0,3.0150537490844727,2.841235637664795,-0.17381814122200012,0.8412356376647949,1.0150537490844727,rank_margin10,43,single_rater_weak
2025_10_07_RSFB-Phenotyping_WG1_JLU/2025_10_07_RSFB-Phenotyping_WG1_JLU/20251007_130110.jpg,plot_1ebe9957308b8d3d6f7c,wg_insects_t1_bbch10,/home/nfs/data/nvme_datasets/Pictures_CFSB_leaf_damage/2025_10_07_RSFB-Phenotyping_WG1_JLU/2025_10_07_RSFB-Phenotyping_WG1_JLU/20251007_130110.jpg,17.0,3.353799343109131,3.904499053955078,0.5506996512413025,13.095500946044922,13.646200180053711,rank_margin10,43,single_rater_weak
2025_10_07_RSFB-Phenotyping_WG1_JLU/2025_10_07_RSFB-Phenotyping_WG1_JLU/20251007_130118.jpg,plot_1ebe9957308b8d3d6f7c,wg_insects_t1_bbch10,/home/nfs/data/nvme_datasets/Pictures_CFSB_leaf_damage/2025_10_07_RSFB-Phenotyping_WG1_JLU/2025_10_07_RSFB-Phenotyping_WG1_JLU/20251007_130118.jpg,3.0,3.067507743835449,3.2438180446624756,0.1763102114200592,0.24381804466247559,0.06750774383544922,rank_margin10,43,single_rater_weak
2025_10_07_RSFB-Phenotyping_WG1_JLU/2025_10_07_RSFB-Phenotyping_WG1_JLU/20251007_130138.jpg,plot_2bd45c6deaec7c317449,wg_insects_t1_bbch10,/home/nfs/data/nvme_datasets/Pictures_CFSB_leaf_damage/2025_10_07_RSFB-Phenotyping_WG1_JLU/2025_10_07_RSFB-Phenotyping_WG1_JLU/20251007_130138.jpg,3.0,3.175227165222168,4.008734703063965,0.833507776260376,1.0087347030639648,0.17522716522216797,rank_margin10,43,single_rater_weak
2025_10_07_RSFB-Phenotyping_WG1_JLU/2025_10_07_RSFB-Phenotyping_WG1_JLU/20251007_130145.jpg,plot_2bd45c6deaec7c317449,wg_insects_t1_bbch10,/home/nfs/data/nvme_datasets/Pictures_CFSB_leaf_damage/2025_10_07_RSFB-Phenotyping_WG1_JLU/2025_10_07_RSFB-Phenotyping_WG1_JLU/20251007_130145.jpg,1.0,2.7936363220214844,3.546971321105957,0.7533351182937622,2.546971321105957,1.7936363220214844,rank_margin10,43,single_rater_weak
2025_10_07_RSFB-Phenotyping_WG1_JLU/2025_10_07_RSFB-Phenotyping_WG1_JLU/20251007_130154.jpg,plot_2bd45c6deaec7c317449,wg_insects_t1_bbch10,/home/nfs/data/nvme_datasets/Pictures_CFSB_leaf_damage/2025_10_07_RSFB-Phenotyping_WG1_JLU/2025_10_07_RSFB-Phenotyping_WG1_JLU/20251007_130154.jpg,2.0,2.062856674194336,2.6913228034973145,0.628466010093689,0.6913228034973145,0.06285667419433594,rank_margin10,43,single_rater_weak
2025_10_07_RSFB-Phenotyping_WG1_JLU/2025_10_07_RSFB-Phenotyping_WG1_JLU/20251007_130215.jpg,plot_daabce6fa0c139346130,wg_insects_t1_bbch10,/home/nfs/data/nvme_datasets/Pictures_CFSB_leaf_damage/2025_10_07_RSFB-Phenotyping_WG1_JLU/2025_10_07_RSFB-Phenotyping_WG1_JLU/20251007_130215.jpg,2.0,3.9486987590789795,3.919283866882324,-0.02941490150988102,1.9192838668823242,1.9486987590789795,rank_margin10,43,single_rater_weak
2025_10_07_RSFB-Phenotyping_WG1_JLU/2025_10_07_RSFB-Phenotyping_WG1_JLU/20251007_130224.jpg,plot_daabce6fa0c139346130,wg_insects_t1_bbch10,/home/nfs/data/nvme_datasets/Pictures_CFSB_leaf_damage/2025_10_07_RSFB-Phenotyping_WG1_JLU/2025_10_07_RSFB-Phenotyping_WG1_JLU/20251007_130224.jpg,3.0,2.9114584922790527,2.5852103233337402,-0.3262481093406677,0.41478967666625977,0.08854150772094727,rank_margin10,43,single_rater_weak
2025_10_07_RSFB-Phenotyping_WG1_JLU/2025_10_07_RSFB-Phenotyping_WG1_JLU/20251007_130234.jpg,plot_daabce6fa0c139346130,wg_insects_t1_bbch10,/home/nfs/data/nvme_datasets/Pictures_CFSB_leaf_damage/2025_10_07_RSFB-Phenotyping_WG1_JLU/2025_10_07_RSFB-Phenotyping_WG1_JLU/20251007_130234.jpg,3.0,4.260454177856445,4.161235809326172,-0.09921836853027344,1.1612358093261719,1.2604541778564453,rank_margin10,43,single_rater_weak
2025_10_07_RSFB-Phenotyping_WG1_JLU/2025_10_07_RSFB-Phenotyping_WG1_JLU/20251007_130253.jpg,plot_4206598cc044b47acb7d,wg_insects_t1_bbch10,/home/nfs/data/nvme_datasets/Pictures_CFSB_leaf_damage/2025_10_07_RSFB-Phenotyping_WG1_JLU/2025_10_07_RSFB-Phenotyping_WG1_JLU/20251007_130253.jpg,8.0,5.105946063995361,5.561005115509033,0.4550589323043823,2.438994884490967,2.8940539360046387,rank_margin10,43,single_rater_weak
2025_10_07_RSFB-Phenotyping_WG1_JLU/2025_10_07_RSFB-Phenotyping_WG1_JLU/20251007_130304.jpg,plot_4206598cc044b47acb7d,wg_insects_t1_bbch10,/home/nfs/data/nvme_datasets/Pictures_CFSB_leaf_damage/2025_10_07_RSFB-Phenotyping_WG1_JLU/2025_10_07_RSFB-Phenotyping_WG1_JLU/20251007_130304.jpg,4.0,2.8258090019226074,3.0450727939605713,0.2192637324333191,0.9549272060394287,1.1741909980773926,rank_margin10,43,single_rater_weak
2025_10_07_RSFB-Phenotyping_WG1_JLU/2025_10_07_RSFB-Phenotyping_WG1_JLU/20251007_130312.jpg,plot_4206598cc044b47acb7d,wg_insects_t1_bbch10,/home/nfs/data/nvme_datasets/Pictures_CFSB_leaf_damage/2025_10_07_RSFB-Phenotyping_WG1_JLU/2025_10_07_RSFB-Phenotyping_WG1_JLU/20251007_130312.jpg,1.0,2.4621591567993164,2.71115779876709,0.2489987164735794,1.7111577987670898,1.4621591567993164,rank_margin10,43,single_rater_weak
2025_10_07_RSFB-Phenotyping_WG1_JLU/2025_10_07_RSFB-Phenotyping_WG1_JLU/20251007_130332.jpg,plot_e1385eb9c590436bd736,wg_insects_t1_bbch10,/home/nfs/data/nvme_datasets/Pictures_CFSB_leaf_damage/2025_10_07_RSFB-Phenotyping_WG1_JLU/2025_10_07_RSFB-Phenotyping_WG1_JLU/20251007_130332.jpg,2.0,2.9672985076904297,2.4778053760528564,-0.4894930422306061,0.47780537605285645,0.9672985076904297,rank_margin10,43,single_rater_weak
2025_10_07_RSFB-Phenotyping_WG1_JLU/2025_10_07_RSFB-Phenotyping_WG1_JLU/20251007_130342.jpg,plot_e1385eb9c590436bd736,wg_insects_t1_bbch10,/home/nfs/data/nvme_datasets/Pictures_CFSB_leaf_damage/2025_10_07_RSFB-Phenotyping_WG1_JLU/2025_10_07_RSFB-Phenotyping_WG1_JLU/20251007_130342.jpg,3.0,2.7605433464050293,2.8844258785247803,0.1238824874162674,0.11557412147521973,0.2394566535949707,rank_margin10,43,single_rater_weak
2025_10_07_RSFB-Phenotyping_WG1_JLU/2025_10_07_RSFB-Phenotyping_WG1_JLU/20251007_130349.jpg,plot_e1385eb9c590436bd736,wg_insects_t1_bbch10,/home/nfs/data/nvme_datasets/Pictures_CFSB_leaf_damage/2025_10_07_RSFB-Phenotyping_WG1_JLU/2025_10_07_RSFB-Phenotyping_WG1_JLU/20251007_130349.jpg,2.0,4.223881244659424,4.163748264312744,-0.06013309583067894,2.163748264312744,2.223881244659424,rank_margin10,43,single_rater_weak
2025_10_07_RSFB-Phenotyping_WG1_JLU/2025_10_07_RSFB-Phenotyping_WG1_JLU/20251007_130409.jpg,plot_a2d22d7d1cf2377876ce,wg_insects_t1_bbch10,/home/nfs/data/nvme_datasets/Pictures_CFSB_leaf_damage/2025_10_07_RSFB-Phenotyping_WG1_JLU/2025_10_07_RSFB-Phenotyping_WG1_JLU/20251007_130409.jpg,10.0,4.631988048553467,4.6707634925842285,0.03877553343772888,5.3292365074157715,5.368011951446533,rank_margin10,43,single_rater_weak
2025_10_07_RSFB-Phenotyping_WG1_JLU/2025_10_07_RSFB-Phenotyping_WG1_JLU/20251007_130417.jpg,plot_a2d22d7d1cf2377876ce,wg_insects_t1_bbch10,/home/nfs/data/nvme_datasets/Pictures_CFSB_leaf_damage/2025_10_07_RSFB-Phenotyping_WG1_JLU/2025_10_07_RSFB-Phenotyping_WG1_JLU/20251007_130417.jpg,8.0,4.2797956466674805,3.7368860244750977,-0.5429096817970276,4.263113975524902,3.7202043533325195,rank_margin10,43,single_rater_weak
2025_10_07_RSFB-Phenotyping_WG1_JLU/2025_10_07_RSFB-Phenotyping_WG1_JLU/20251007_130424.jpg,plot_a2d22d7d1cf2377876ce,wg_insects_t1_bbch10,/home/nfs/data/nvme_datasets/Pictures_CFSB_leaf_damage/2025_10_07_RSFB-Phenotyping_WG1_JLU/2025_10_07_RSFB-Phenotyping_WG1_JLU/20251007_130424.jpg,23.0,3.5872981548309326,4.142539978027344,0.5552417635917664,18.857460021972656,19.412702560424805,rank_margin10,43,single_rater_weak
2025_10_07_RSFB-Phenotyping_WG1_JLU/2025_10_07_RSFB-Phenotyping_WG1_JLU/20251007_130444.jpg,plot_6f29d2d8e263d28a77d4,wg_insects_t1_bbch10,/home/nfs/data/nvme_datasets/Pictures_CFSB_leaf_damage/2025_10_07_RSFB-Phenotyping_WG1_JLU/2025_10_07_RSFB-Phenotyping_WG1_JLU/20251007_130444.jpg,12.0,2.796492576599121,3.1658105850219727,0.3693179488182068,8.834189414978027,9.203507423400879,rank_margin10,43,single_rater_weak
2025_10_07_RSFB-Phenotyping_WG1_JLU/2025_10_07_RSFB-Phenotyping_WG1_JLU/20251007_130454.jpg,plot_6f29d2d8e263d28a77d4,wg_insects_t1_bbch10,/home/nfs/data/nvme_datasets/Pictures_CFSB_leaf_damage/2025_10_07_RSFB-Phenotyping_WG1_JLU/2025_10_07_RSFB-Phenotyping_WG1_JLU/20251007_130454.jpg,3.0,3.5932345390319824,3.514103889465332,-0.07913068681955338,0.514103889465332,0.5932345390319824,rank_margin10,43,single_rater_weak
2025_10_07_RSFB-Phenotyping_WG1_JLU/2025_10_07_RSFB-Phenotyping_WG1_JLU/20251007_130504.jpg,plot_6f29d2d8e263d28a77d4,wg_insects_t1_bbch10,/home/nfs/data/nvme_datasets/Pictures_CFSB_leaf_damage/2025_10_07_RSFB-Phenotyping_WG1_JLU/2025_10_07_RSFB-Phenotyping_WG1_JLU/20251007_130504.jpg,4.0,4.115331649780273,4.490976333618164,0.3756449222564697,0.49097633361816406,0.11533164978027344,rank_margin10,43,single_rater_weak
2025_10_07_RSFB-Phenotyping_WG1_JLU/2025_10_07_RSFB-Phenotyping_WG1_JLU/20251007_130526.jpg,plot_3185dcaf01720036eb25,wg_insects_t1_bbch10,/home/nfs/data/nvme_datasets/Pictures_CFSB_leaf_damage/2025_10_07_RSFB-Phenotyping_WG1_JLU/2025_10_07_RSFB-Phenotyping_WG1_JLU/20251007_130526.jpg,4.0,2.914649486541748,3.431053400039673,0.5164039731025696,0.5689465999603271,1.085350513458252,rank_margin10,43,single_rater_weak
2025_10_07_RSFB-Phenotyping_WG1_JLU/2025_10_07_RSFB-Phenotyping_WG1_JLU/20251007_130534.jpg,plot_3185dcaf01720036eb25,wg_insects_t1_bbch10,/home/nfs/data/nvme_datasets/Pictures_CFSB_leaf_damage/2025_10_07_RSFB-Phenotyping_WG1_JLU/2025_10_07_RSFB-Phenotyping_WG1_JLU/20251007_130534.jpg,13.0,3.3476810455322266,4.058701515197754,0.7110205292701721,8.941298484802246,9.652318954467773,rank_margin10,43,single_rater_weak
2025_10_07_RSFB-Phenotyping_WG1_JLU/2025_10_07_RSFB-Phenotyping_WG1_JLU/20251007_130543.jpg,plot_3185dcaf01720036eb25,wg_insects_t1_bbch10,/home/nfs/data/nvme_datasets/Pictures_CFSB_leaf_damage/2025_10_07_RSFB-Phenotyping_WG1_JLU/2025_10_07_RSFB-Phenotyping_WG1_JLU/20251007_130543.jpg,5.0,2.2540030479431152,2.451023817062378,0.19702069461345673,2.548976182937622,2.7459969520568848,rank_margin10,43,single_rater_weak
2025_10_07_RSFB-Phenotyping_WG1_JLU/2025_10_07_RSFB-Phenotyping_WG1_JLU/20251007_130612.jpg,plot_504180001e19348e8218,wg_insects_t1_bbch10,/home/nfs/data/nvme_datasets/Pictures_CFSB_leaf_damage/2025_10_07_RSFB-Phenotyping_WG1_JLU/2025_10_07_RSFB-Phenotyping_WG1_JLU/20251007_130612.jpg,2.0,2.6794228553771973,3.209007740020752,0.5295849442481995,1.209007740020752,0.6794228553771973,rank_margin10,43,single_rater_weak
2025_10_07_RSFB-Phenotyping_WG1_JLU/2025_10_07_RSFB-Phenotyping_WG1_JLU/20251007_130619.jpg,plot_504180001e19348e8218,wg_insects_t1_bbch10,/home/nfs/data/nvme_datasets/Pictures_CFSB_leaf_damage/2025_10_07_RSFB-Phenotyping_WG1_JLU/2025_10_07_RSFB-Phenotyping_WG1_JLU/20251007_130619.jpg,2.0,4.940624237060547,6.055561065673828,1.1149365901947021,4.055561065673828,2.940624237060547,rank_margin10,43,single_rater_weak
2025_10_07_RSFB-Phenotyping_WG1_JLU/2025_10_07_RSFB-Phenotyping_WG1_JLU/20251007_130627.jpg,plot_504180001e19348e8218,wg_insects_t1_bbch10,/home/nfs/data/nvme_datasets/Pictures_CFSB_leaf_damage/2025_10_07_RSFB-Phenotyping_WG1_JLU/2025_10_07_RSFB-Phenotyping_WG1_JLU/20251007_130627.jpg,1.0,2.1256980895996094,2.5629220008850098,0.437223881483078,1.5629220008850098,1.1256980895996094,rank_margin10,43,single_rater_weak
2025_10_07_RSFB-Phenotyping_WG1_JLU/2025_10_07_RSFB-Phenotyping_WG1_JLU/20251007_130648.jpg,plot_f179b08f0fba3c9f4d06,wg_insects_t1_bbch10,/home/nfs/data/nvme_datasets/Pictures_CFSB_leaf_damage/2025_10_07_RSFB-Phenotyping_WG1_JLU/2025_10_07_RSFB-Phenotyping_WG1_JLU/20251007_130648.jpg,4.0,3.1810555458068848,3.4189453125,0.23788973689079285,0.5810546875,0.8189444541931152,rank_margin10,43,single_rater_weak
2025_10_07_RSFB-Phenotyping_WG1_JLU/2025_10_07_RSFB-Phenotyping_WG1_JLU/20251007_130656.jpg,plot_f179b08f0fba3c9f4d06,wg_insects_t1_bbch10,/home/nfs/data/nvme_datasets/Pictures_CFSB_leaf_damage/2025_10_07_RSFB-Phenotyping_WG1_JLU/2025_10_07_RSFB-Phenotyping_WG1_JLU/20251007_130656.jpg,2.0,3.549347162246704,3.7759151458740234,0.22656798362731934,1.7759151458740234,1.549347162246704,rank_margin10,43,single_rater_weak
2025_10_07_RSFB-Phenotyping_WG1_JLU/2025_10_07_RSFB-Phenotyping_WG1_JLU/20251007_130705.jpg,plot_f179b08f0fba3c9f4d06,wg_insects_t1_bbch10,/home/nfs/data/nvme_datasets/Pictures_CFSB_leaf_damage/2025_10_07_RSFB-Phenotyping_WG1_JLU/2025_10_07_RSFB-Phenotyping_WG1_JLU/20251007_130705.jpg,18.0,6.398591041564941,6.932406425476074,0.5338152647018433,11.067593574523926,11.601408958435059,rank_margin10,43,single_rater_weak
2025_10_07_RSFB-Phenotyping_WG1_JLU/2025_10_07_RSFB-Phenotyping_WG1_JLU/20251007_130726.jpg,plot_78287cf2b6571cf498a7,wg_insects_t1_bbch10,/home/nfs/data/nvme_datasets/Pictures_CFSB_leaf_damage/2025_10_07_RSFB-Phenotyping_WG1_JLU/2025_10_07_RSFB-Phenotyping_WG1_JLU/20251007_130726.jpg,14.0,6.005797386169434,7.224453926086426,1.2186564207077026,6.775546073913574,7.994202613830566,rank_margin10,43,single_rater_weak
2025_10_07_RSFB-Phenotyping_WG1_JLU/2025_10_07_RSFB-Phenotyping_WG1_JLU/20251007_130733.jpg,plot_78287cf2b6571cf498a7,wg_insects_t1_bbch10,/home/nfs/data/nvme_datasets/Pictures_CFSB_leaf_damage/2025_10_07_RSFB-Phenotyping_WG1_JLU/2025_10_07_RSFB-Phenotyping_WG1_JLU/20251007_130733.jpg,4.0,3.147400379180908,3.4320077896118164,0.28460752964019775,0.5679922103881836,0.8525996208190918,rank_margin10,43,single_rater_weak
2025_10_07_RSFB-Phenotyping_WG1_JLU/2025_10_07_RSFB-Phenotyping_WG1_JLU/20251007_130740.jpg,plot_78287cf2b6571cf498a7,wg_insects_t1_bbch10,/home/nfs/data/nvme_datasets/Pictures_CFSB_leaf_damage/2025_10_07_RSFB-Phenotyping_WG1_JLU/2025_10_07_RSFB-Phenotyping_WG1_JLU/20251007_130740.jpg,2.0,3.4471664428710938,4.01973819732666,0.5725716948509216,2.01973819732666,1.4471664428710938,rank_margin10,43,single_rater_weak
2025_10_07_RSFB-Phenotyping_WG1_JLU/2025_10_07_RSFB-Phenotyping_WG1_JLU/20251007_130758.jpg,plot_aa30bb17fa7e5df833e2,wg_insects_t1_bbch10,/home/nfs/data/nvme_datasets/Pictures_CFSB_leaf_damage/2025_10_07_RSFB-Phenotyping_WG1_JLU/2025_10_07_RSFB-Phenotyping_WG1_JLU/20251007_130758.jpg,13.0,2.5602622032165527,3.136765241622925,0.5765029788017273,9.863234519958496,10.439737319946289,rank_margin10,43,single_rater_weak
2025_10_07_RSFB-Phenotyping_WG1_JLU/2025_10_07_RSFB-Phenotyping_WG1_JLU/20251007_130804.jpg,plot_aa30bb17fa7e5df833e2,wg_insects_t1_bbch10,/home/nfs/data/nvme_datasets/Pictures_CFSB_leaf_damage/2025_10_07_RSFB-Phenotyping_WG1_JLU/2025_10_07_RSFB-Phenotyping_WG1_JLU/20251007_130804.jpg,8.0,2.0528788566589355,2.248157024383545,0.19527825713157654,5.751842975616455,5.9471211433410645,rank_margin10,43,single_rater_weak
2025_10_07_RSFB-Phenotyping_WG1_JLU/2025_10_07_RSFB-Phenotyping_WG1_JLU/20251007_130811.jpg,plot_aa30bb17fa7e5df833e2,wg_insects_t1_bbch10,/home/nfs/data/nvme_datasets/Pictures_CFSB_leaf_damage/2025_10_07_RSFB-Phenotyping_WG1_JLU/2025_10_07_RSFB-Phenotyping_WG1_JLU/20251007_130811.jpg,3.0,3.753615140914917,4.319680690765381,0.5660655498504639,1.3196806907653809,0.753615140914917,rank_margin10,43,single_rater_weak
2025_10_07_RSFB-Phenotyping_WG1_JLU/2025_10_07_RSFB-Phenotyping_WG1_JLU/20251007_130830.jpg,plot_9131f3f6bd76778beb76,wg_insects_t1_bbch10,/home/nfs/data/nvme_datasets/Pictures_CFSB_leaf_damage/2025_10_07_RSFB-Phenotyping_WG1_JLU/2025_10_07_RSFB-Phenotyping_WG1_JLU/20251007_130830.jpg,8.0,3.342439651489258,4.088315963745117,0.7458760738372803,3.911684036254883,4.657560348510742,rank_margin10,43,single_rater_weak
2025_10_07_RSFB-Phenotyping_WG1_JLU/2025_10_07_RSFB-Phenotyping_WG1_JLU/20251007_130838.jpg,plot_9131f3f6bd76778beb76,wg_insects_t1_bbch10,/home/nfs/data/nvme_datasets/Pictures_CFSB_leaf_damage/2025_10_07_RSFB-Phenotyping_WG1_JLU/2025_10_07_RSFB-Phenotyping_WG1_JLU/20251007_130838.jpg,2.0,2.8782591819763184,2.8660500049591064,-0.012209293432533741,0.8660500049591064,0.8782591819763184,rank_margin10,43,single_rater_weak
2025_10_07_RSFB-Phenotyping_WG1_JLU/2025_10_07_RSFB-Phenotyping_WG1_JLU/20251007_130845.jpg,plot_9131f3f6bd76778beb76,wg_insects_t1_bbch10,/home/nfs/data/nvme_datasets/Pictures_CFSB_leaf_damage/2025_10_07_RSFB-Phenotyping_WG1_JLU/2025_10_07_RSFB-Phenotyping_WG1_JLU/20251007_130845.jpg,8.0,3.5983474254608154,4.322146415710449,0.7237988114356995,3.677853584289551,4.4016523361206055,rank_margin10,43,single_rater_weak
2025_10_07_RSFB-Phenotyping_WG1_JLU/2025_10_07_RSFB-Phenotyping_WG1_JLU/20251007_130925.jpg,plot_8ced70c78fc97cac2d07,wg_insects_t1_bbch10,/home/nfs/data/nvme_datasets/Pictures_CFSB_leaf_damage/2025_10_07_RSFB-Phenotyping_WG1_JLU/2025_10_07_RSFB-Phenotyping_WG1_JLU/20251007_130925.jpg,3.0,6.8267645835876465,7.853350639343262,1.0265858173370361,4.853350639343262,3.8267645835876465,rank_margin10,43,single_rater_weak
2025_10_07_RSFB-Phenotyping_WG1_JLU/2025_10_07_RSFB-Phenotyping_WG1_JLU/20251007_130934.jpg,plot_8ced70c78fc97cac2d07,wg_insects_t1_bbch10,/home/nfs/data/nvme_datasets/Pictures_CFSB_leaf_damage/2025_10_07_RSFB-Phenotyping_WG1_JLU/2025_10_07_RSFB-Phenotyping_WG1_JLU/20251007_130934.jpg,1.0,6.824329376220703,7.027109622955322,0.2027801275253296,6.027109622955322,5.824329376220703,rank_margin10,43,single_rater_weak
2025_10_07_RSFB-Phenotyping_WG1_JLU/2025_10_07_RSFB-Phenotyping_WG1_JLU/20251007_130943.jpg,plot_8ced70c78fc97cac2d07,wg_insects_t1_bbch10,/home/nfs/data/nvme_datasets/Pictures_CFSB_leaf_damage/2025_10_07_RSFB-Phenotyping_WG1_JLU/2025_10_07_RSFB-Phenotyping_WG1_JLU/20251007_130943.jpg,2.0,3.3637478351593018,3.270479917526245,-0.09326791763305664,1.2704799175262451,1.3637478351593018,rank_margin10,43,single_rater_weak
2025_10_07_RSFB-Phenotyping_WG1_JLU/2025_10_07_RSFB-Phenotyping_WG1_JLU/20251007_131006.jpg,plot_f9a0a2ea5a8ea7c906d7,wg_insects_t1_bbch10,/home/nfs/data/nvme_datasets/Pictures_CFSB_leaf_damage/2025_10_07_RSFB-Phenotyping_WG1_JLU/2025_10_07_RSFB-Phenotyping_WG1_JLU/20251007_131006.jpg,4.0,8.292194366455078,9.586648941040039,1.2944540977478027,5.586648941040039,4.292194366455078,rank_margin10,43,single_rater_weak
2025_10_07_RSFB-Phenotyping_WG1_JLU/2025_10_07_RSFB-Phenotyping_WG1_JLU/20251007_131014.jpg,plot_f9a0a2ea5a8ea7c906d7,wg_insects_t1_bbch10,/home/nfs/data/nvme_datasets/Pictures_CFSB_leaf_damage/2025_10_07_RSFB-Phenotyping_WG1_JLU/2025_10_07_RSFB-Phenotyping_WG1_JLU/20251007_131014.jpg,19.0,9.382454872131348,9.309432029724121,-0.07302254438400269,9.690567970275879,9.617545127868652,rank_margin10,43,single_rater_weak
2025_10_07_RSFB-Phenotyping_WG1_JLU/2025_10_07_RSFB-Phenotyping_WG1_JLU/20251007_131021.jpg,plot_f9a0a2ea5a8ea7c906d7,wg_insects_t1_bbch10,/home/nfs/data/nvme_datasets/Pictures_CFSB_leaf_damage/2025_10_07_RSFB-Phenotyping_WG1_JLU/2025_10_07_RSFB-Phenotyping_WG1_JLU/20251007_131021.jpg,2.0,7.7009806632995605,8.43328857421875,0.7323079705238342,6.43328857421875,5.7009806632995605,rank_margin10,43,single_rater_weak
2025_10_07_RSFB-Phenotyping_WG1_JLU/2025_10_07_RSFB-Phenotyping_WG1_JLU/20251007_131039.jpg,plot_78e7e0789c84452c5544,wg_insects_t1_bbch10,/home/nfs/data/nvme_datasets/Pictures_CFSB_leaf_damage/2025_10_07_RSFB-Phenotyping_WG1_JLU/2025_10_07_RSFB-Phenotyping_WG1_JLU/20251007_131039.jpg,2.0,3.293886661529541,4.07363748550415,0.7797509431838989,2.0736374855041504,1.293886661529541,rank_margin10,43,single_rater_weak
2025_10_07_RSFB-Phenotyping_WG1_JLU/2025_10_07_RSFB-Phenotyping_WG1_JLU/20251007_131046.jpg,plot_78e7e0789c84452c5544,wg_insects_t1_bbch10,/home/nfs/data/nvme_datasets/Pictures_CFSB_leaf_damage/2025_10_07_RSFB-Phenotyping_WG1_JLU/2025_10_07_RSFB-Phenotyping_WG1_JLU/20251007_131046.jpg,3.0,7.151191711425781,8.419845581054688,1.2686536312103271,5.4198455810546875,4.151191711425781,rank_margin10,43,single_rater_weak
2025_10_07_RSFB-Phenotyping_WG1_JLU/2025_10_07_RSFB-Phenotyping_WG1_JLU/20251007_131053.jpg,plot_78e7e0789c84452c5544,wg_insects_t1_bbch10,/home/nfs/data/nvme_datasets/Pictures_CFSB_leaf_damage/2025_10_07_RSFB-Phenotyping_WG1_JLU/2025_10_07_RSFB-Phenotyping_WG1_JLU/20251007_131053.jpg,1.0,1.3344507217407227,2.957547426223755,1.6230967044830322,1.9575474262237549,0.33445072174072266,rank_margin10,43,single_rater_weak
2025_10_07_RSFB-Phenotyping_WG1_JLU/2025_10_07_RSFB-Phenotyping_WG1_JLU/20251007_131116.jpg,plot_87206044d7c8f4ed7e4f,wg_insects_t1_bbch10,/home/nfs/data/nvme_datasets/Pictures_CFSB_leaf_damage/2025_10_07_RSFB-Phenotyping_WG1_JLU/2025_10_07_RSFB-Phenotyping_WG1_JLU/20251007_131116.jpg,1.0,3.785796880722046,3.397047996520996,-0.38874879479408264,2.397047996520996,2.785796880722046,rank_margin10,43,single_rater_weak
2025_10_07_RSFB-Phenotyping_WG1_JLU/2025_10_07_RSFB-Phenotyping_WG1_JLU/20251007_131123.jpg,plot_87206044d7c8f4ed7e4f,wg_insects_t1_bbch10,/home/nfs/data/nvme_datasets/Pictures_CFSB_leaf_damage/2025_10_07_RSFB-Phenotyping_WG1_JLU/2025_10_07_RSFB-Phenotyping_WG1_JLU/20251007_131123.jpg,1.0,3.362509250640869,3.756540536880493,0.39403122663497925,2.756540536880493,2.362509250640869,rank_margin10,43,single_rater_weak
2025_10_07_RSFB-Phenotyping_WG1_JLU/2025_10_07_RSFB-Phenotyping_WG1_JLU/20251007_131133.jpg,plot_87206044d7c8f4ed7e4f,wg_insects_t1_bbch10,/home/nfs/data/nvme_datasets/Pictures_CFSB_leaf_damage/2025_10_07_RSFB-Phenotyping_WG1_JLU/2025_10_07_RSFB-Phenotyping_WG1_JLU/20251007_131133.jpg,2.0,3.5002529621124268,3.2795848846435547,-0.22066809237003326,1.2795848846435547,1.5002529621124268,rank_margin10,43,single_rater_weak
2025_10_07_RSFB-Phenotyping_WG1_JLU/2025_10_07_RSFB-Phenotyping_WG1_JLU/20251007_131150.jpg,plot_1917cffb7f35fb1f0351,wg_insects_t1_bbch10,/home/nfs/data/nvme_datasets/Pictures_CFSB_leaf_damage/2025_10_07_RSFB-Phenotyping_WG1_JLU/2025_10_07_RSFB-Phenotyping_WG1_JLU/20251007_131150.jpg,1.0,1.7957983016967773,2.45064640045166,0.6548481583595276,1.4506464004516602,0.7957983016967773,rank_margin10,43,single_rater_weak
2025_10_07_RSFB-Phenotyping_WG1_JLU/2025_10_07_RSFB-Phenotyping_WG1_JLU/20251007_131200.jpg,plot_1917cffb7f35fb1f0351,wg_insects_t1_bbch10,/home/nfs/data/nvme_datasets/Pictures_CFSB_leaf_damage/2025_10_07_RSFB-Phenotyping_WG1_JLU/2025_10_07_RSFB-Phenotyping_WG1_JLU/20251007_131200.jpg,4.0,3.9641873836517334,5.526730537414551,1.5625430345535278,1.5267305374145508,0.0358126163482666,rank_margin10,43,single_rater_weak
2025_10_07_RSFB-Phenotyping_WG1_JLU/2025_10_07_RSFB-Phenotyping_WG1_JLU/20251007_131207.jpg,plot_1917cffb7f35fb1f0351,wg_insects_t1_bbch10,/home/nfs/data/nvme_datasets/Pictures_CFSB_leaf_damage/2025_10_07_RSFB-Phenotyping_WG1_JLU/2025_10_07_RSFB-Phenotyping_WG1_JLU/20251007_131207.jpg,3.0,2.6149215698242188,2.529722213745117,-0.08519941568374634,0.4702777862548828,0.38507843017578125,rank_margin10,43,single_rater_weak
2025_10_07_RSFB-Phenotyping_WG1_JLU/2025_10_07_RSFB-Phenotyping_WG1_JLU/20251007_131225.jpg,plot_a0936eab9317839eecb3,wg_insects_t1_bbch10,/home/nfs/data/nvme_datasets/Pictures_CFSB_leaf_damage/2025_10_07_RSFB-Phenotyping_WG1_JLU/2025_10_07_RSFB-Phenotyping_WG1_JLU/20251007_131225.jpg,10.0,3.7630856037139893,4.852606773376465,1.0895212888717651,5.147393226623535,6.23691463470459,rank_margin10,43,single_rater_weak
2025_10_07_RSFB-Phenotyping_WG1_JLU/2025_10_07_RSFB-Phenotyping_WG1_JLU/20251007_131232.jpg,plot_a0936eab9317839eecb3,wg_insects_t1_bbch10,/home/nfs/data/nvme_datasets/Pictures_CFSB_leaf_damage/2025_10_07_RSFB-Phenotyping_WG1_JLU/2025_10_07_RSFB-Phenotyping_WG1_JLU/20251007_131232.jpg,16.0,2.9955873489379883,3.1606643199920654,0.16507692635059357,12.839335441589355,13.004412651062012,rank_margin10,43,single_rater_weak
2025_10_07_RSFB-Phenotyping_WG1_JLU/2025_10_07_RSFB-Phenotyping_WG1_JLU/20251007_131240.jpg,plot_a0936eab9317839eecb3,wg_insects_t1_bbch10,/home/nfs/data/nvme_datasets/Pictures_CFSB_leaf_damage/2025_10_07_RSFB-Phenotyping_WG1_JLU/2025_10_07_RSFB-Phenotyping_WG1_JLU/20251007_131240.jpg,3.0,3.358304262161255,3.5459485054016113,0.1876441240310669,0.5459485054016113,0.3583042621612549,rank_margin10,43,single_rater_weak
2025_10_07_RSFB-Phenotyping_WG1_JLU/2025_10_07_RSFB-Phenotyping_WG1_JLU/20251007_131259.jpg,plot_42c804b6709b845c09a3,wg_insects_t1_bbch10,/home/nfs/data/nvme_datasets/Pictures_CFSB_leaf_damage/2025_10_07_RSFB-Phenotyping_WG1_JLU/2025_10_07_RSFB-Phenotyping_WG1_JLU/20251007_131259.jpg,8.0,3.8480801582336426,5.2205610275268555,1.3724809885025024,2.7794389724731445,4.151919841766357,rank_margin10,43,single_rater_weak
2025_10_07_RSFB-Phenotyping_WG1_JLU/2025_10_07_RSFB-Phenotyping_WG1_JLU/20251007_131305.jpg,plot_42c804b6709b845c09a3,wg_insects_t1_bbch10,/home/nfs/data/nvme_datasets/Pictures_CFSB_leaf_damage/2025_10_07_RSFB-Phenotyping_WG1_JLU/2025_10_07_RSFB-Phenotyping_WG1_JLU/20251007_131305.jpg,3.0,3.5329809188842773,4.194340229034424,0.661359429359436,1.1943402290344238,0.5329809188842773,rank_margin10,43,single_rater_weak
2025_10_07_RSFB-Phenotyping_WG1_JLU/2025_10_07_RSFB-Phenotyping_WG1_JLU/20251007_131312.jpg,plot_42c804b6709b845c09a3,wg_insects_t1_bbch10,/home/nfs/data/nvme_datasets/Pictures_CFSB_leaf_damage/2025_10_07_RSFB-Phenotyping_WG1_JLU/2025_10_07_RSFB-Phenotyping_WG1_JLU/20251007_131312.jpg,3.0,4.058403968811035,5.4424519538879395,1.3840478658676147,2.4424519538879395,1.0584039688110352,rank_margin10,43,single_rater_weak
2025_10_07_RSFB-Phenotyping_WG1_JLU/2025_10_07_RSFB-Phenotyping_WG1_JLU/20251007_131332.jpg,plot_f8bd3526d9c55598df8e,wg_insects_t1_bbch10,/home/nfs/data/nvme_datasets/Pictures_CFSB_leaf_damage/2025_10_07_RSFB-Phenotyping_WG1_JLU/2025_10_07_RSFB-Phenotyping_WG1_JLU/20251007_131332.jpg,12.0,3.795905828475952,4.2551493644714355,0.4592435359954834,7.7448506355285645,8.204093933105469,rank_margin10,43,single_rater_weak
2025_10_07_RSFB-Phenotyping_WG1_JLU/2025_10_07_RSFB-Phenotyping_WG1_JLU/20251007_131339.jpg,plot_f8bd3526d9c55598df8e,wg_insects_t1_bbch10,/home/nfs/data/nvme_datasets/Pictures_CFSB_leaf_damage/2025_10_07_RSFB-Phenotyping_WG1_JLU/2025_10_07_RSFB-Phenotyping_WG1_JLU/20251007_131339.jpg,4.0,4.063373565673828,3.9435768127441406,-0.11979667842388153,0.056423187255859375,0.06337356567382812,rank_margin10,43,single_rater_weak
2025_10_07_RSFB-Phenotyping_WG1_JLU/2025_10_07_RSFB-Phenotyping_WG1_JLU/20251007_131348.jpg,plot_f8bd3526d9c55598df8e,wg_insects_t1_bbch10,/home/nfs/data/nvme_datasets/Pictures_CFSB_leaf_damage/2025_10_07_RSFB-Phenotyping_WG1_JLU/2025_10_07_RSFB-Phenotyping_WG1_JLU/20251007_131348.jpg,5.0,1.494530200958252,2.494438886642456,0.9999086856842041,2.505561113357544,3.505469799041748,rank_margin10,43,single_rater_weak
2025_10_07_RSFB-Phenotyping_WG1_JLU/2025_10_07_RSFB-Phenotyping_WG1_JLU/20251007_131407.jpg,plot_6c38620dbfde231ed816,wg_insects_t1_bbch10,/home/nfs/data/nvme_datasets/Pictures_CFSB_leaf_damage/2025_10_07_RSFB-Phenotyping_WG1_JLU/2025_10_07_RSFB-Phenotyping_WG1_JLU/20251007_131407.jpg,2.0,2.8147268295288086,2.643449544906616,-0.17127737402915955,0.6434495449066162,0.8147268295288086,rank_margin10,43,single_rater_weak
2025_10_07_RSFB-Phenotyping_WG1_JLU/2025_10_07_RSFB-Phenotyping_WG1_JLU/20251007_131414.jpg,plot_6c38620dbfde231ed816,wg_insects_t1_bbch10,/home/nfs/data/nvme_datasets/Pictures_CFSB_leaf_damage/2025_10_07_RSFB-Phenotyping_WG1_JLU/2025_10_07_RSFB-Phenotyping_WG1_JLU/20251007_131414.jpg,3.0,3.0403356552124023,3.9841721057891846,0.943836510181427,0.9841721057891846,0.040335655212402344,rank_margin10,43,single_rater_weak
2025_10_07_RSFB-Phenotyping_WG1_JLU/2025_10_07_RSFB-Phenotyping_WG1_JLU/20251007_131420.jpg,plot_6c38620dbfde231ed816,wg_insects_t1_bbch10,/home/nfs/data/nvme_datasets/Pictures_CFSB_leaf_damage/2025_10_07_RSFB-Phenotyping_WG1_JLU/2025_10_07_RSFB-Phenotyping_WG1_JLU/20251007_131420.jpg,4.0,3.8312630653381348,3.9389843940734863,0.1077212393283844,0.06101560592651367,0.16873693466186523,rank_margin10,43,single_rater_weak
2025_10_07_RSFB-Phenotyping_WG1_JLU/2025_10_07_RSFB-Phenotyping_WG1_JLU/20251007_131438.jpg,plot_95a120ddcb4142f71cc8,wg_insects_t1_bbch10,/home/nfs/data/nvme_datasets/Pictures_CFSB_leaf_damage/2025_10_07_RSFB-Phenotyping_WG1_JLU/2025_10_07_RSFB-Phenotyping_WG1_JLU/20251007_131438.jpg,3.0,3.2210235595703125,3.1112115383148193,-0.10981196165084839,0.11121153831481934,0.2210235595703125,rank_margin10,43,single_rater_weak
2025_10_07_RSFB-Phenotyping_WG1_JLU/2025_10_07_RSFB-Phenotyping_WG1_JLU/20251007_131445.jpg,plot_95a120ddcb4142f71cc8,wg_insects_t1_bbch10,/home/nfs/data/nvme_datasets/Pictures_CFSB_leaf_damage/2025_10_07_RSFB-Phenotyping_WG1_JLU/2025_10_07_RSFB-Phenotyping_WG1_JLU/20251007_131445.jpg,2.0,2.8113222122192383,3.343842029571533,0.5325198173522949,1.3438420295715332,0.8113222122192383,rank_margin10,43,single_rater_weak
2025_10_07_RSFB-Phenotyping_WG1_JLU/2025_10_07_RSFB-Phenotyping_WG1_JLU/20251007_131452.jpg,plot_95a120ddcb4142f71cc8,wg_insects_t1_bbch10,/home/nfs/data/nvme_datasets/Pictures_CFSB_leaf_damage/2025_10_07_RSFB-Phenotyping_WG1_JLU/2025_10_07_RSFB-Phenotyping_WG1_JLU/20251007_131452.jpg,2.0,3.523940086364746,4.369824409484863,0.845884382724762,2.3698244094848633,1.523940086364746,rank_margin10,43,single_rater_weak
2025_10_07_RSFB-Phenotyping_WG1_JLU/2025_10_07_RSFB-Phenotyping_WG1_JLU/20251007_131511.jpg,plot_070393c4afb318f09bba,wg_insects_t1_bbch10,/home/nfs/data/nvme_datasets/Pictures_CFSB_leaf_damage/2025_10_07_RSFB-Phenotyping_WG1_JLU/2025_10_07_RSFB-Phenotyping_WG1_JLU/20251007_131511.jpg,3.0,7.691803455352783,8.685206413269043,0.9934026002883911,5.685206413269043,4.691803455352783,rank_margin10,43,single_rater_weak
2025_10_07_RSFB-Phenotyping_WG1_JLU/2025_10_07_RSFB-Phenotyping_WG1_JLU/20251007_131518.jpg,plot_070393c4afb318f09bba,wg_insects_t1_bbch10,/home/nfs/data/nvme_datasets/Pictures_CFSB_leaf_damage/2025_10_07_RSFB-Phenotyping_WG1_JLU/2025_10_07_RSFB-Phenotyping_WG1_JLU/20251007_131518.jpg,2.0,2.6854467391967773,2.6291489601135254,-0.056297797709703445,0.6291489601135254,0.6854467391967773,rank_margin10,43,single_rater_weak
2025_10_07_RSFB-Phenotyping_WG1_JLU/2025_10_07_RSFB-Phenotyping_WG1_JLU/20251007_131525.jpg,plot_070393c4afb318f09bba,wg_insects_t1_bbch10,/home/nfs/data/nvme_datasets/Pictures_CFSB_leaf_damage/2025_10_07_RSFB-Phenotyping_WG1_JLU/2025_10_07_RSFB-Phenotyping_WG1_JLU/20251007_131525.jpg,2.0,2.526623249053955,3.417840003967285,0.8912166953086853,1.4178400039672852,0.5266232490539551,rank_margin10,43,single_rater_weak
2025_10_07_RSFB-Phenotyping_WG1_JLU/2025_10_07_RSFB-Phenotyping_WG1_JLU/20251007_131545.jpg,plot_e9e70368065f615a5caf,wg_insects_t1_bbch10,/home/nfs/data/nvme_datasets/Pictures_CFSB_leaf_damage/2025_10_07_RSFB-Phenotyping_WG1_JLU/2025_10_07_RSFB-Phenotyping_WG1_JLU/20251007_131545.jpg,4.0,5.458853721618652,6.783823490142822,1.3249696493148804,2.7838234901428223,1.4588537216186523,rank_margin10,43,single_rater_weak
2025_10_07_RSFB-Phenotyping_WG1_JLU/2025_10_07_RSFB-Phenotyping_WG1_JLU/20251007_131553.jpg,plot_e9e70368065f615a5caf,wg_insects_t1_bbch10,/home/nfs/data/nvme_datasets/Pictures_CFSB_leaf_damage/2025_10_07_RSFB-Phenotyping_WG1_JLU/2025_10_07_RSFB-Phenotyping_WG1_JLU/20251007_131553.jpg,2.0,3.562363624572754,3.3960814476013184,-0.16628219187259674,1.3960814476013184,1.562363624572754,rank_margin10,43,single_rater_weak
2025_10_07_RSFB-Phenotyping_WG1_JLU/2025_10_07_RSFB-Phenotyping_WG1_JLU/20251007_131559.jpg,plot_e9e70368065f615a5caf,wg_insects_t1_bbch10,/home/nfs/data/nvme_datasets/Pictures_CFSB_leaf_damage/2025_10_07_RSFB-Phenotyping_WG1_JLU/2025_10_07_RSFB-Phenotyping_WG1_JLU/20251007_131559.jpg,1.0,1.8971195220947266,3.382474422454834,1.4853547811508179,2.382474422454834,0.8971195220947266,rank_margin10,43,single_rater_weak
2025_10_07_RSFB-Phenotyping_WG1_JLU/2025_10_07_RSFB-Phenotyping_WG1_JLU/20251007_131619.jpg,plot_61e03f3c2084a75c02a0,wg_insects_t1_bbch10,/home/nfs/data/nvme_datasets/Pictures_CFSB_leaf_damage/2025_10_07_RSFB-Phenotyping_WG1_JLU/2025_10_07_RSFB-Phenotyping_WG1_JLU/20251007_131619.jpg,1.0,2.027383804321289,2.445007085800171,0.4176231920719147,1.445007085800171,1.027383804321289,rank_margin10,43,single_rater_weak
2025_10_07_RSFB-Phenotyping_WG1_JLU/2025_10_07_RSFB-Phenotyping_WG1_JLU/20251007_131626.jpg,plot_61e03f3c2084a75c02a0,wg_insects_t1_bbch10,/home/nfs/data/nvme_datasets/Pictures_CFSB_leaf_damage/2025_10_07_RSFB-Phenotyping_WG1_JLU/2025_10_07_RSFB-Phenotyping_WG1_JLU/20251007_131626.jpg,3.0,2.6172752380371094,3.2619383335113525,0.6446630358695984,0.26193833351135254,0.3827247619628906,rank_margin10,43,single_rater_weak
2025_10_07_RSFB-Phenotyping_WG1_JLU/2025_10_07_RSFB-Phenotyping_WG1_JLU/20251007_131632.jpg,plot_61e03f3c2084a75c02a0,wg_insects_t1_bbch10,/home/nfs/data/nvme_datasets/Pictures_CFSB_leaf_damage/2025_10_07_RSFB-Phenotyping_WG1_JLU/2025_10_07_RSFB-Phenotyping_WG1_JLU/20251007_131632.jpg,1.0,4.650906562805176,5.3564772605896,0.7055705189704895,4.3564772605896,3.650906562805176,rank_margin10,43,single_rater_weak
2025_10_07_RSFB-Phenotyping_WG1_JLU/2025_10_07_RSFB-Phenotyping_WG1_JLU/20251007_131654.jpg,plot_be5b81b9bfb5153b2e4f,wg_insects_t1_bbch10,/home/nfs/data/nvme_datasets/Pictures_CFSB_leaf_damage/2025_10_07_RSFB-Phenotyping_WG1_JLU/2025_10_07_RSFB-Phenotyping_WG1_JLU/20251007_131654.jpg,1.0,2.087686061859131,3.3469605445861816,1.2592744827270508,2.3469605445861816,1.0876860618591309,rank_margin10,43,single_rater_weak
2025_10_07_RSFB-Phenotyping_WG1_JLU/2025_10_07_RSFB-Phenotyping_WG1_JLU/20251007_131702.jpg,plot_be5b81b9bfb5153b2e4f,wg_insects_t1_bbch10,/home/nfs/data/nvme_datasets/Pictures_CFSB_leaf_damage/2025_10_07_RSFB-Phenotyping_WG1_JLU/2025_10_07_RSFB-Phenotyping_WG1_JLU/20251007_131702.jpg,3.0,5.3040642738342285,5.768123626708984,0.46405935287475586,2.7681236267089844,2.3040642738342285,rank_margin10,43,single_rater_weak
2025_10_07_RSFB-Phenotyping_WG1_JLU/2025_10_07_RSFB-Phenotyping_WG1_JLU/20251007_131709.jpg,plot_be5b81b9bfb5153b2e4f,wg_insects_t1_bbch10,/home/nfs/data/nvme_datasets/Pictures_CFSB_leaf_damage/2025_10_07_RSFB-Phenotyping_WG1_JLU/2025_10_07_RSFB-Phenotyping_WG1_JLU/20251007_131709.jpg,2.0,3.356159210205078,3.8430287837982178,0.4868694841861725,1.8430287837982178,1.3561592102050781,rank_margin10,43,single_rater_weak
2025_10_07_RSFB-Phenotyping_WG1_JLU/2025_10_07_RSFB-Phenotyping_WG1_JLU/20251007_131724.jpg,plot_b7d7b9c1783bb935aca4,wg_insects_t1_bbch10,/home/nfs/data/nvme_datasets/Pictures_CFSB_leaf_damage/2025_10_07_RSFB-Phenotyping_WG1_JLU/2025_10_07_RSFB-Phenotyping_WG1_JLU/20251007_131724.jpg,1.0,2.8046798706054688,2.580615758895874,-0.22406421601772308,1.580615758895874,1.8046798706054688,rank_margin10,43,single_rater_weak
2025_10_07_RSFB-Phenotyping_WG1_JLU/2025_10_07_RSFB-Phenotyping_WG1_JLU/20251007_131732.jpg,plot_b7d7b9c1783bb935aca4,wg_insects_t1_bbch10,/home/nfs/data/nvme_datasets/Pictures_CFSB_leaf_damage/2025_10_07_RSFB-Phenotyping_WG1_JLU/2025_10_07_RSFB-Phenotyping_WG1_JLU/20251007_131732.jpg,2.0,4.004331111907959,4.591590404510498,0.5872591733932495,2.591590404510498,2.004331111907959,rank_margin10,43,single_rater_weak
2025_10_07_RSFB-Phenotyping_WG1_JLU/2025_10_07_RSFB-Phenotyping_WG1_JLU/20251007_131738.jpg,plot_b7d7b9c1783bb935aca4,wg_insects_t1_bbch10,/home/nfs/data/nvme_datasets/Pictures_CFSB_leaf_damage/2025_10_07_RSFB-Phenotyping_WG1_JLU/2025_10_07_RSFB-Phenotyping_WG1_JLU/20251007_131738.jpg,4.0,4.001694679260254,5.055813789367676,1.0541189908981323,1.0558137893676758,0.0016946792602539062,rank_margin10,43,single_rater_weak
2025_10_07_RSFB-Phenotyping_WG1_JLU/2025_10_07_RSFB-Phenotyping_WG1_JLU/20251007_131800.jpg,plot_3d3a3d2699c09c09f151,wg_insects_t1_bbch10,/home/nfs/data/nvme_datasets/Pictures_CFSB_leaf_damage/2025_10_07_RSFB-Phenotyping_WG1_JLU/2025_10_07_RSFB-Phenotyping_WG1_JLU/20251007_131800.jpg,2.0,2.602597713470459,3.3404269218444824,0.7378290891647339,1.3404269218444824,0.602597713470459,rank_margin10,43,single_rater_weak
2025_10_07_RSFB-Phenotyping_WG1_JLU/2025_10_07_RSFB-Phenotyping_WG1_JLU/20251007_131807.jpg,plot_3d3a3d2699c09c09f151,wg_insects_t1_bbch10,/home/nfs/data/nvme_datasets/Pictures_CFSB_leaf_damage/2025_10_07_RSFB-Phenotyping_WG1_JLU/2025_10_07_RSFB-Phenotyping_WG1_JLU/20251007_131807.jpg,6.0,5.955233097076416,6.624011039733887,0.6687780618667603,0.6240110397338867,0.044766902923583984,rank_margin10,43,single_rater_weak
2025_10_07_RSFB-Phenotyping_WG1_JLU/2025_10_07_RSFB-Phenotyping_WG1_JLU/20251007_131814.jpg,plot_3d3a3d2699c09c09f151,wg_insects_t1_bbch10,/home/nfs/data/nvme_datasets/Pictures_CFSB_leaf_damage/2025_10_07_RSFB-Phenotyping_WG1_JLU/2025_10_07_RSFB-Phenotyping_WG1_JLU/20251007_131814.jpg,4.0,5.9525651931762695,6.327365875244141,0.37480056285858154,2.3273658752441406,1.9525651931762695,rank_margin10,43,single_rater_weak
2025_10_07_RSFB-Phenotyping_WG1_JLU/2025_10_07_RSFB-Phenotyping_WG1_JLU/20251007_131834.jpg,plot_56909c56fd28cbe7199d,wg_insects_t1_bbch10,/home/nfs/data/nvme_datasets/Pictures_CFSB_leaf_damage/2025_10_07_RSFB-Phenotyping_WG1_JLU/2025_10_07_RSFB-Phenotyping_WG1_JLU/20251007_131834.jpg,2.0,2.715278148651123,3.3732643127441406,0.657986044883728,1.3732643127441406,0.715278148651123,rank_margin10,43,single_rater_weak
2025_10_07_RSFB-Phenotyping_WG1_JLU/2025_10_07_RSFB-Phenotyping_WG1_JLU/20251007_131841.jpg,plot_56909c56fd28cbe7199d,wg_insects_t1_bbch10,/home/nfs/data/nvme_datasets/Pictures_CFSB_leaf_damage/2025_10_07_RSFB-Phenotyping_WG1_JLU/2025_10_07_RSFB-Phenotyping_WG1_JLU/20251007_131841.jpg,12.0,6.582221984863281,6.878537178039551,0.2963152825832367,5.121462821960449,5.417778015136719,rank_margin10,43,single_rater_weak
2025_10_07_RSFB-Phenotyping_WG1_JLU/2025_10_07_RSFB-Phenotyping_WG1_JLU/20251007_131849.jpg,plot_56909c56fd28cbe7199d,wg_insects_t1_bbch10,/home/nfs/data/nvme_datasets/Pictures_CFSB_leaf_damage/2025_10_07_RSFB-Phenotyping_WG1_JLU/2025_10_07_RSFB-Phenotyping_WG1_JLU/20251007_131849.jpg,9.0,2.7284979820251465,3.6944284439086914,0.9659303426742554,5.305571556091309,6.2715020179748535,rank_margin10,43,single_rater_weak
2025_10_07_RSFB-Phenotyping_WG1_JLU/2025_10_07_RSFB-Phenotyping_WG1_JLU/20251007_131911.jpg,plot_e5f6779bfab99ed66eaf,wg_insects_t1_bbch10,/home/nfs/data/nvme_datasets/Pictures_CFSB_leaf_damage/2025_10_07_RSFB-Phenotyping_WG1_JLU/2025_10_07_RSFB-Phenotyping_WG1_JLU/20251007_131911.jpg,10.0,4.665576934814453,5.204221248626709,0.5386441946029663,4.795778751373291,5.334423065185547,rank_margin10,43,single_rater_weak
2025_10_07_RSFB-Phenotyping_WG1_JLU/2025_10_07_RSFB-Phenotyping_WG1_JLU/20251007_131918.jpg,plot_e5f6779bfab99ed66eaf,wg_insects_t1_bbch10,/home/nfs/data/nvme_datasets/Pictures_CFSB_leaf_damage/2025_10_07_RSFB-Phenotyping_WG1_JLU/2025_10_07_RSFB-Phenotyping_WG1_JLU/20251007_131918.jpg,4.0,3.340095043182373,3.1647706031799316,-0.17532435059547424,0.8352293968200684,0.659904956817627,rank_margin10,43,single_rater_weak
2025_10_07_RSFB-Phenotyping_WG1_JLU/2025_10_07_RSFB-Phenotyping_WG1_JLU/20251007_131928.jpg,plot_e5f6779bfab99ed66eaf,wg_insects_t1_bbch10,/home/nfs/data/nvme_datasets/Pictures_CFSB_leaf_damage/2025_10_07_RSFB-Phenotyping_WG1_JLU/2025_10_07_RSFB-Phenotyping_WG1_JLU/20251007_131928.jpg,6.0,3.5837655067443848,4.401103973388672,0.8173385858535767,1.5988960266113281,2.4162344932556152,rank_margin10,43,single_rater_weak
2025_10_07_RSFB-Phenotyping_WG1_JLU/2025_10_07_RSFB-Phenotyping_WG1_JLU/20251007_131945.jpg,plot_3684ad79a5010f97ee8a,wg_insects_t1_bbch10,/home/nfs/data/nvme_datasets/Pictures_CFSB_leaf_damage/2025_10_07_RSFB-Phenotyping_WG1_JLU/2025_10_07_RSFB-Phenotyping_WG1_JLU/20251007_131945.jpg,4.0,2.874159812927246,3.8804502487182617,1.0062904357910156,0.11954975128173828,1.125840187072754,rank_margin10,43,single_rater_weak
2025_10_07_RSFB-Phenotyping_WG1_JLU/2025_10_07_RSFB-Phenotyping_WG1_JLU/20251007_131953.jpg,plot_3684ad79a5010f97ee8a,wg_insects_t1_bbch10,/home/nfs/data/nvme_datasets/Pictures_CFSB_leaf_damage/2025_10_07_RSFB-Phenotyping_WG1_JLU/2025_10_07_RSFB-Phenotyping_WG1_JLU/20251007_131953.jpg,4.0,3.541018009185791,4.626120567321777,1.0851023197174072,0.6261205673217773,0.458981990814209,rank_margin10,43,single_rater_weak
2025_10_07_RSFB-Phenotyping_WG1_JLU/2025_10_07_RSFB-Phenotyping_WG1_JLU/20251007_131959.jpg,plot_3684ad79a5010f97ee8a,wg_insects_t1_bbch10,/home/nfs/data/nvme_datasets/Pictures_CFSB_leaf_damage/2025_10_07_RSFB-Phenotyping_WG1_JLU/2025_10_07_RSFB-Phenotyping_WG1_JLU/20251007_131959.jpg,10.0,2.8366918563842773,3.680788516998291,0.8440965414047241,6.319211483001709,7.163308143615723,rank_margin10,43,single_rater_weak
2025_10_07_RSFB-Phenotyping_WG1_JLU/2025_10_07_RSFB-Phenotyping_WG1_JLU/20251007_132016.jpg,plot_e48ed30deb5a919fda2e,wg_insects_t1_bbch10,/home/nfs/data/nvme_datasets/Pictures_CFSB_leaf_damage/2025_10_07_RSFB-Phenotyping_WG1_JLU/2025_10_07_RSFB-Phenotyping_WG1_JLU/20251007_132016.jpg,3.0,2.8961896896362305,3.0744879245758057,0.17829826474189758,0.07448792457580566,0.10381031036376953,rank_margin10,43,single_rater_weak
2025_10_07_RSFB-Phenotyping_WG1_JLU/2025_10_07_RSFB-Phenotyping_WG1_JLU/20251007_132023.jpg,plot_e48ed30deb5a919fda2e,wg_insects_t1_bbch10,/home/nfs/data/nvme_datasets/Pictures_CFSB_leaf_damage/2025_10_07_RSFB-Phenotyping_WG1_JLU/2025_10_07_RSFB-Phenotyping_WG1_JLU/20251007_132023.jpg,4.0,6.264960765838623,7.600323677062988,1.3353629112243652,3.6003236770629883,2.264960765838623,rank_margin10,43,single_rater_weak
2025_10_07_RSFB-Phenotyping_WG1_JLU/2025_10_07_RSFB-Phenotyping_WG1_JLU/20251007_132031.jpg,plot_e48ed30deb5a919fda2e,wg_insects_t1_bbch10,/home/nfs/data/nvme_datasets/Pictures_CFSB_leaf_damage/2025_10_07_RSFB-Phenotyping_WG1_JLU/2025_10_07_RSFB-Phenotyping_WG1_JLU/20251007_132031.jpg,3.0,2.832681179046631,4.033053874969482,1.2003726959228516,1.0330538749694824,0.16731882095336914,rank_margin10,43,single_rater_weak
2025_10_07_RSFB-Phenotyping_WG1_JLU/2025_10_07_RSFB-Phenotyping_WG1_JLU/20251007_132051.jpg,plot_c45d55c4f3fced2170e8,wg_insects_t1_bbch10,/home/nfs/data/nvme_datasets/Pictures_CFSB_leaf_damage/2025_10_07_RSFB-Phenotyping_WG1_JLU/2025_10_07_RSFB-Phenotyping_WG1_JLU/20251007_132051.jpg,8.0,3.5036380290985107,3.9062225818634033,0.4025845229625702,4.093777656555176,4.49636173248291,rank_margin10,43,single_rater_weak
2025_10_07_RSFB-Phenotyping_WG1_JLU/2025_10_07_RSFB-Phenotyping_WG1_JLU/20251007_132058.jpg,plot_c45d55c4f3fced2170e8,wg_insects_t1_bbch10,/home/nfs/data/nvme_datasets/Pictures_CFSB_leaf_damage/2025_10_07_RSFB-Phenotyping_WG1_JLU/2025_10_07_RSFB-Phenotyping_WG1_JLU/20251007_132058.jpg,7.0,4.5801496505737305,5.319611549377441,0.7394618988037109,1.6803884506225586,2.4198503494262695,rank_margin10,43,single_rater_weak
2025_10_07_RSFB-Phenotyping_WG1_JLU/2025_10_07_RSFB-Phenotyping_WG1_JLU/20251007_132107.jpg,plot_c45d55c4f3fced2170e8,wg_insects_t1_bbch10,/home/nfs/data/nvme_datasets/Pictures_CFSB_leaf_damage/2025_10_07_RSFB-Phenotyping_WG1_JLU/2025_10_07_RSFB-Phenotyping_WG1_JLU/20251007_132107.jpg,7.0,3.180026054382324,3.4982030391693115,0.31817692518234253,3.5017969608306885,3.819973945617676,rank_margin10,43,single_rater_weak
2025_10_07_RSFB-Phenotyping_WG1_JLU/2025_10_07_RSFB-Phenotyping_WG1_JLU/20251007_132124.jpg,plot_9d9054fb92bbdfc2048b,wg_insects_t1_bbch10,/home/nfs/data/nvme_datasets/Pictures_CFSB_leaf_damage/2025_10_07_RSFB-Phenotyping_WG1_JLU/2025_10_07_RSFB-Phenotyping_WG1_JLU/20251007_132124.jpg,6.0,3.9181761741638184,3.9508121013641357,0.03263599053025246,2.0491878986358643,2.0818238258361816,rank_margin10,43,single_rater_weak
2025_10_07_RSFB-Phenotyping_WG1_JLU/2025_10_07_RSFB-Phenotyping_WG1_JLU/20251007_132132.jpg,plot_9d9054fb92bbdfc2048b,wg_insects_t1_bbch10,/home/nfs/data/nvme_datasets/Pictures_CFSB_leaf_damage/2025_10_07_RSFB-Phenotyping_WG1_JLU/2025_10_07_RSFB-Phenotyping_WG1_JLU/20251007_132132.jpg,2.0,3.48746395111084,2.9326698780059814,-0.5547941327095032,0.9326698780059814,1.4874639511108398,rank_margin10,43,single_rater_weak
2025_10_07_RSFB-Phenotyping_WG1_JLU/2025_10_07_RSFB-Phenotyping_WG1_JLU/20251007_132138.jpg,plot_9d9054fb92bbdfc2048b,wg_insects_t1_bbch10,/home/nfs/data/nvme_datasets/Pictures_CFSB_leaf_damage/2025_10_07_RSFB-Phenotyping_WG1_JLU/2025_10_07_RSFB-Phenotyping_WG1_JLU/20251007_132138.jpg,5.0,2.8840279579162598,3.6152284145355225,0.7312004566192627,1.3847715854644775,2.1159720420837402,rank_margin10,43,single_rater_weak
2025_10_07_RSFB-Phenotyping_WG1_JLU/2025_10_07_RSFB-Phenotyping_WG1_JLU/20251007_132205.jpg,plot_16f14a3716d6da06ca53,wg_insects_t1_bbch10,/home/nfs/data/nvme_datasets/Pictures_CFSB_leaf_damage/2025_10_07_RSFB-Phenotyping_WG1_JLU/2025_10_07_RSFB-Phenotyping_WG1_JLU/20251007_132205.jpg,4.0,3.6926629543304443,3.404010534286499,-0.28865233063697815,0.595989465713501,0.30733704566955566,rank_margin10,43,single_rater_weak
2025_10_07_RSFB-Phenotyping_WG1_JLU/2025_10_07_RSFB-Phenotyping_WG1_JLU/20251007_132215.jpg,plot_16f14a3716d6da06ca53,wg_insects_t1_bbch10,/home/nfs/data/nvme_datasets/Pictures_CFSB_leaf_damage/2025_10_07_RSFB-Phenotyping_WG1_JLU/2025_10_07_RSFB-Phenotyping_WG1_JLU/20251007_132215.jpg,2.0,4.63640832901001,4.842429161071777,0.2060207724571228,2.8424291610717773,2.6364083290100098,rank_margin10,43,single_rater_weak
2025_10_07_RSFB-Phenotyping_WG1_JLU/2025_10_07_RSFB-Phenotyping_WG1_JLU/20251007_132222.jpg,plot_16f14a3716d6da06ca53,wg_insects_t1_bbch10,/home/nfs/data/nvme_datasets/Pictures_CFSB_leaf_damage/2025_10_07_RSFB-Phenotyping_WG1_JLU/2025_10_07_RSFB-Phenotyping_WG1_JLU/20251007_132222.jpg,15.0,4.529329776763916,5.798473358154297,1.26914381980896,9.201526641845703,10.470670700073242,rank_margin10,43,single_rater_weak
2025_10_07_RSFB-Phenotyping_WG1_JLU/2025_10_07_RSFB-Phenotyping_WG1_JLU/20251007_132241.jpg,plot_4c1357bb43c9d844f034,wg_insects_t1_bbch10,/home/nfs/data/nvme_datasets/Pictures_CFSB_leaf_damage/2025_10_07_RSFB-Phenotyping_WG1_JLU/2025_10_07_RSFB-Phenotyping_WG1_JLU/20251007_132241.jpg,12.0,3.6080570220947266,3.38626766204834,-0.2217894196510315,8.61373233795166,8.391942977905273,rank_margin10,43,single_rater_weak
2025_10_07_RSFB-Phenotyping_WG1_JLU/2025_10_07_RSFB-Phenotyping_WG1_JLU/20251007_132249.jpg,plot_4c1357bb43c9d844f034,wg_insects_t1_bbch10,/home/nfs/data/nvme_datasets/Pictures_CFSB_leaf_damage/2025_10_07_RSFB-Phenotyping_WG1_JLU/2025_10_07_RSFB-Phenotyping_WG1_JLU/20251007_132249.jpg,8.0,4.264833927154541,4.314295768737793,0.04946206510066986,3.685704231262207,3.735166072845459,rank_margin10,43,single_rater_weak
2025_10_07_RSFB-Phenotyping_WG1_JLU/2025_10_07_RSFB-Phenotyping_WG1_JLU/20251007_132255.jpg,plot_4c1357bb43c9d844f034,wg_insects_t1_bbch10,/home/nfs/data/nvme_datasets/Pictures_CFSB_leaf_damage/2025_10_07_RSFB-Phenotyping_WG1_JLU/2025_10_07_RSFB-Phenotyping_WG1_JLU/20251007_132255.jpg,2.0,3.0930228233337402,3.6012439727783203,0.5082210898399353,1.6012439727783203,1.0930228233337402,rank_margin10,43,single_rater_weak
2025_10_07_RSFB-Phenotyping_WG1_JLU/2025_10_07_RSFB-Phenotyping_WG1_JLU/20251007_132326.jpg,plot_0a9a0de80bc9bfd2642a,wg_insects_t1_bbch10,/home/nfs/data/nvme_datasets/Pictures_CFSB_leaf_damage/2025_10_07_RSFB-Phenotyping_WG1_JLU/2025_10_07_RSFB-Phenotyping_WG1_JLU/20251007_132326.jpg,2.0,3.0270209312438965,3.0372087955474854,0.010187821462750435,1.0372087955474854,1.0270209312438965,rank_margin10,43,single_rater_weak
2025_10_07_RSFB-Phenotyping_WG1_JLU/2025_10_07_RSFB-Phenotyping_WG1_JLU/20251007_132334.jpg,plot_0a9a0de80bc9bfd2642a,wg_insects_t1_bbch10,/home/nfs/data/nvme_datasets/Pictures_CFSB_leaf_damage/2025_10_07_RSFB-Phenotyping_WG1_JLU/2025_10_07_RSFB-Phenotyping_WG1_JLU/20251007_132334.jpg,1.0,3.4227359294891357,3.608759641647339,0.1860237866640091,2.608759641647339,2.4227359294891357,rank_margin10,43,single_rater_weak
2025_10_07_RSFB-Phenotyping_WG1_JLU/2025_10_07_RSFB-Phenotyping_WG1_JLU/20251007_132341.jpg,plot_0a9a0de80bc9bfd2642a,wg_insects_t1_bbch10,/home/nfs/data/nvme_datasets/Pictures_CFSB_leaf_damage/2025_10_07_RSFB-Phenotyping_WG1_JLU/2025_10_07_RSFB-Phenotyping_WG1_JLU/20251007_132341.jpg,3.0,3.2717385292053223,3.5019426345825195,0.2302040010690689,0.5019426345825195,0.27173852920532227,rank_margin10,43,single_rater_weak
2025_10_07_RSFB-Phenotyping_WG1_JLU/2025_10_07_RSFB-Phenotyping_WG1_JLU/20251007_132401.jpg,plot_b850d6270044e70b0206,wg_insects_t1_bbch10,/home/nfs/data/nvme_datasets/Pictures_CFSB_leaf_damage/2025_10_07_RSFB-Phenotyping_WG1_JLU/2025_10_07_RSFB-Phenotyping_WG1_JLU/20251007_132401.jpg,9.0,2.071847915649414,3.6509621143341064,1.5791141986846924,5.349038124084473,6.928152084350586,rank_margin10,43,single_rater_weak
2025_10_07_RSFB-Phenotyping_WG1_JLU/2025_10_07_RSFB-Phenotyping_WG1_JLU/20251007_132411.jpg,plot_b850d6270044e70b0206,wg_insects_t1_bbch10,/home/nfs/data/nvme_datasets/Pictures_CFSB_leaf_damage/2025_10_07_RSFB-Phenotyping_WG1_JLU/2025_10_07_RSFB-Phenotyping_WG1_JLU/20251007_132411.jpg,7.0,2.3898911476135254,3.0265450477600098,0.6366538405418396,3.9734549522399902,4.610108852386475,rank_margin10,43,single_rater_weak
2025_10_07_RSFB-Phenotyping_WG1_JLU/2025_10_07_RSFB-Phenotyping_WG1_JLU/20251007_132423.jpg,plot_b850d6270044e70b0206,wg_insects_t1_bbch10,/home/nfs/data/nvme_datasets/Pictures_CFSB_leaf_damage/2025_10_07_RSFB-Phenotyping_WG1_JLU/2025_10_07_RSFB-Phenotyping_WG1_JLU/20251007_132423.jpg,8.0,2.5048670768737793,2.7923736572265625,0.28750649094581604,5.2076263427734375,5.495132923126221,rank_margin10,43,single_rater_weak
2025_10_07_RSFB-Phenotyping_WG1_JLU/2025_10_07_RSFB-Phenotyping_WG1_JLU/20251007_132441.jpg,plot_8e9494fa8d05ffe641da,wg_insects_t1_bbch10,/home/nfs/data/nvme_datasets/Pictures_CFSB_leaf_damage/2025_10_07_RSFB-Phenotyping_WG1_JLU/2025_10_07_RSFB-Phenotyping_WG1_JLU/20251007_132441.jpg,12.0,3.0770344734191895,3.596010208129883,0.5189757347106934,8.403989791870117,8.922966003417969,rank_margin10,43,single_rater_weak
2025_10_07_RSFB-Phenotyping_WG1_JLU/2025_10_07_RSFB-Phenotyping_WG1_JLU/20251007_132447.jpg,plot_8e9494fa8d05ffe641da,wg_insects_t1_bbch10,/home/nfs/data/nvme_datasets/Pictures_CFSB_leaf_damage/2025_10_07_RSFB-Phenotyping_WG1_JLU/2025_10_07_RSFB-Phenotyping_WG1_JLU/20251007_132447.jpg,2.0,3.927997350692749,3.7145678997039795,-0.21342942118644714,1.7145678997039795,1.927997350692749,rank_margin10,43,single_rater_weak
2025_10_07_RSFB-Phenotyping_WG1_JLU/2025_10_07_RSFB-Phenotyping_WG1_JLU/20251007_132453.jpg,plot_8e9494fa8d05ffe641da,wg_insects_t1_bbch10,/home/nfs/data/nvme_datasets/Pictures_CFSB_leaf_damage/2025_10_07_RSFB-Phenotyping_WG1_JLU/2025_10_07_RSFB-Phenotyping_WG1_JLU/20251007_132453.jpg,3.0,3.168153762817383,3.915362596511841,0.7472088932991028,0.9153625965118408,0.1681537628173828,rank_margin10,43,single_rater_weak
2025_10_07_RSFB-Phenotyping_WG1_JLU/2025_10_07_RSFB-Phenotyping_WG1_JLU/20251007_132516.jpg,plot_e94dea523994148f1710,wg_insects_t1_bbch10,/home/nfs/data/nvme_datasets/Pictures_CFSB_leaf_damage/2025_10_07_RSFB-Phenotyping_WG1_JLU/2025_10_07_RSFB-Phenotyping_WG1_JLU/20251007_132516.jpg,1.0,2.2121500968933105,2.528202772140503,0.31605270504951477,1.528202772140503,1.2121500968933105,rank_margin10,43,single_rater_weak
2025_10_07_RSFB-Phenotyping_WG1_JLU/2025_10_07_RSFB-Phenotyping_WG1_JLU/20251007_132524.jpg,plot_e94dea523994148f1710,wg_insects_t1_bbch10,/home/nfs/data/nvme_datasets/Pictures_CFSB_leaf_damage/2025_10_07_RSFB-Phenotyping_WG1_JLU/2025_10_07_RSFB-Phenotyping_WG1_JLU/20251007_132524.jpg,5.0,3.6139731407165527,3.305990219116211,-0.3079829216003418,1.694009780883789,1.3860268592834473,rank_margin10,43,single_rater_weak
2025_10_07_RSFB-Phenotyping_WG1_JLU/2025_10_07_RSFB-Phenotyping_WG1_JLU/20251007_132532.jpg,plot_e94dea523994148f1710,wg_insects_t1_bbch10,/home/nfs/data/nvme_datasets/Pictures_CFSB_leaf_damage/2025_10_07_RSFB-Phenotyping_WG1_JLU/2025_10_07_RSFB-Phenotyping_WG1_JLU/20251007_132532.jpg,5.0,4.006493091583252,5.556312084197998,1.5498191118240356,0.556312084197998,0.993506908416748,rank_margin10,43,single_rater_weak
2025_10_07_RSFB-Phenotyping_WG1_JLU/2025_10_07_RSFB-Phenotyping_WG1_JLU/20251007_132552.jpg,plot_7c424b18e7cee068fcaf,wg_insects_t1_bbch10,/home/nfs/data/nvme_datasets/Pictures_CFSB_leaf_damage/2025_10_07_RSFB-Phenotyping_WG1_JLU/2025_10_07_RSFB-Phenotyping_WG1_JLU/20251007_132552.jpg,3.0,3.790635585784912,4.564332962036133,0.7736976146697998,1.5643329620361328,0.7906355857849121,rank_margin10,43,single_rater_weak
2025_10_07_RSFB-Phenotyping_WG1_JLU/2025_10_07_RSFB-Phenotyping_WG1_JLU/20251007_132600.jpg,plot_7c424b18e7cee068fcaf,wg_insects_t1_bbch10,/home/nfs/data/nvme_datasets/Pictures_CFSB_leaf_damage/2025_10_07_RSFB-Phenotyping_WG1_JLU/2025_10_07_RSFB-Phenotyping_WG1_JLU/20251007_132600.jpg,4.0,4.177119255065918,4.624913692474365,0.4477943480014801,0.6249136924743652,0.17711925506591797,rank_margin10,43,single_rater_weak
2025_10_07_RSFB-Phenotyping_WG1_JLU/2025_10_07_RSFB-Phenotyping_WG1_JLU/20251007_132608.jpg,plot_7c424b18e7cee068fcaf,wg_insects_t1_bbch10,/home/nfs/data/nvme_datasets/Pictures_CFSB_leaf_damage/2025_10_07_RSFB-Phenotyping_WG1_JLU/2025_10_07_RSFB-Phenotyping_WG1_JLU/20251007_132608.jpg,3.0,4.115603923797607,4.418068885803223,0.3024649918079376,1.4180688858032227,1.1156039237976074,rank_margin10,43,single_rater_weak
2025_10_07_RSFB-Phenotyping_WG1_JLU/2025_10_07_RSFB-Phenotyping_WG1_JLU/20251007_132629.jpg,plot_1393a9a80e4f70bbc7d2,wg_insects_t1_bbch10,/home/nfs/data/nvme_datasets/Pictures_CFSB_leaf_damage/2025_10_07_RSFB-Phenotyping_WG1_JLU/2025_10_07_RSFB-Phenotyping_WG1_JLU/20251007_132629.jpg,4.0,4.665966987609863,5.943539142608643,1.2775721549987793,1.9435391426086426,0.6659669876098633,rank_margin10,43,single_rater_weak
2025_10_07_RSFB-Phenotyping_WG1_JLU/2025_10_07_RSFB-Phenotyping_WG1_JLU/20251007_132635.jpg,plot_1393a9a80e4f70bbc7d2,wg_insects_t1_bbch10,/home/nfs/data/nvme_datasets/Pictures_CFSB_leaf_damage/2025_10_07_RSFB-Phenotyping_WG1_JLU/2025_10_07_RSFB-Phenotyping_WG1_JLU/20251007_132635.jpg,9.0,3.1863303184509277,3.040234327316284,-0.14609603583812714,5.959765434265137,5.813669681549072,rank_margin10,43,single_rater_weak
2025_10_07_RSFB-Phenotyping_WG1_JLU/2025_10_07_RSFB-Phenotyping_WG1_JLU/20251007_132644.jpg,plot_1393a9a80e4f70bbc7d2,wg_insects_t1_bbch10,/home/nfs/data/nvme_datasets/Pictures_CFSB_leaf_damage/2025_10_07_RSFB-Phenotyping_WG1_JLU/2025_10_07_RSFB-Phenotyping_WG1_JLU/20251007_132644.jpg,8.0,3.3062667846679688,3.7844033241271973,0.47813650965690613,4.215596675872803,4.693733215332031,rank_margin10,43,single_rater_weak
2025_10_07_RSFB-Phenotyping_WG1_JLU/2025_10_07_RSFB-Phenotyping_WG1_JLU/20251007_132705.jpg,plot_dd3926a6a770dc90b025,wg_insects_t1_bbch10,/home/nfs/data/nvme_datasets/Pictures_CFSB_leaf_damage/2025_10_07_RSFB-Phenotyping_WG1_JLU/2025_10_07_RSFB-Phenotyping_WG1_JLU/20251007_132705.jpg,2.0,2.186295509338379,3.1344571113586426,0.9481617212295532,1.1344571113586426,0.1862955093383789,rank_margin10,43,single_rater_weak
2025_10_07_RSFB-Phenotyping_WG1_JLU/2025_10_07_RSFB-Phenotyping_WG1_JLU/20251007_132715.jpg,plot_dd3926a6a770dc90b025,wg_insects_t1_bbch10,/home/nfs/data/nvme_datasets/Pictures_CFSB_leaf_damage/2025_10_07_RSFB-Phenotyping_WG1_JLU/2025_10_07_RSFB-Phenotyping_WG1_JLU/20251007_132715.jpg,6.0,3.267233371734619,3.2637827396392822,-0.0034506008960306644,2.7362172603607178,2.732766628265381,rank_margin10,43,single_rater_weak
2025_10_07_RSFB-Phenotyping_WG1_JLU/2025_10_07_RSFB-Phenotyping_WG1_JLU/20251007_132725.jpg,plot_dd3926a6a770dc90b025,wg_insects_t1_bbch10,/home/nfs/data/nvme_datasets/Pictures_CFSB_leaf_damage/2025_10_07_RSFB-Phenotyping_WG1_JLU/2025_10_07_RSFB-Phenotyping_WG1_JLU/20251007_132725.jpg,2.0,3.240088939666748,3.1331019401550293,-0.1069871187210083,1.1331019401550293,1.240088939666748,rank_margin10,43,single_rater_weak
2025_10_07_RSFB-Phenotyping_WG1_JLU/2025_10_07_RSFB-Phenotyping_WG1_JLU/20251007_132745.jpg,plot_5e5dfa0f8c12a4a2cf7f,wg_insects_t1_bbch10,/home/nfs/data/nvme_datasets/Pictures_CFSB_leaf_damage/2025_10_07_RSFB-Phenotyping_WG1_JLU/2025_10_07_RSFB-Phenotyping_WG1_JLU/20251007_132745.jpg,2.0,3.2069625854492188,4.3643693923950195,1.1574066877365112,2.3643693923950195,1.2069625854492188,rank_margin10,43,single_rater_weak
2025_10_07_RSFB-Phenotyping_WG1_JLU/2025_10_07_RSFB-Phenotyping_WG1_JLU/20251007_132750.jpg,plot_5e5dfa0f8c12a4a2cf7f,wg_insects_t1_bbch10,/home/nfs/data/nvme_datasets/Pictures_CFSB_leaf_damage/2025_10_07_RSFB-Phenotyping_WG1_JLU/2025_10_07_RSFB-Phenotyping_WG1_JLU/20251007_132750.jpg,6.0,3.5714356899261475,3.933859348297119,0.3624236583709717,2.066140651702881,2.4285643100738525,rank_margin10,43,single_rater_weak
2025_10_07_RSFB-Phenotyping_WG1_JLU/2025_10_07_RSFB-Phenotyping_WG1_JLU/20251007_132756.jpg,plot_5e5dfa0f8c12a4a2cf7f,wg_insects_t1_bbch10,/home/nfs/data/nvme_datasets/Pictures_CFSB_leaf_damage/2025_10_07_RSFB-Phenotyping_WG1_JLU/2025_10_07_RSFB-Phenotyping_WG1_JLU/20251007_132756.jpg,5.0,2.4213366508483887,3.113896369934082,0.6925598382949829,1.886103630065918,2.5786633491516113,rank_margin10,43,single_rater_weak
2025_10_07_RSFB-Phenotyping_WG1_JLU/2025_10_07_RSFB-Phenotyping_WG1_JLU/20251007_132816.jpg,plot_6e0d4fc094d51da7ec4a,wg_insects_t1_bbch10,/home/nfs/data/nvme_datasets/Pictures_CFSB_leaf_damage/2025_10_07_RSFB-Phenotyping_WG1_JLU/2025_10_07_RSFB-Phenotyping_WG1_JLU/20251007_132816.jpg,9.0,4.175959587097168,4.670419216156006,0.4944598376750946,4.329580783843994,4.824040412902832,rank_margin10,43,single_rater_weak
2025_10_07_RSFB-Phenotyping_WG1_JLU/2025_10_07_RSFB-Phenotyping_WG1_JLU/20251007_132823.jpg,plot_6e0d4fc094d51da7ec4a,wg_insects_t1_bbch10,/home/nfs/data/nvme_datasets/Pictures_CFSB_leaf_damage/2025_10_07_RSFB-Phenotyping_WG1_JLU/2025_10_07_RSFB-Phenotyping_WG1_JLU/20251007_132823.jpg,6.0,6.3205976486206055,7.920062065124512,1.5994645357131958,1.9200620651245117,0.32059764862060547,rank_margin10,43,single_rater_weak
2025_10_07_RSFB-Phenotyping_WG1_JLU/2025_10_07_RSFB-Phenotyping_WG1_JLU/20251007_132832.jpg,plot_6e0d4fc094d51da7ec4a,wg_insects_t1_bbch10,/home/nfs/data/nvme_datasets/Pictures_CFSB_leaf_damage/2025_10_07_RSFB-Phenotyping_WG1_JLU/2025_10_07_RSFB-Phenotyping_WG1_JLU/20251007_132832.jpg,7.0,2.9315648078918457,2.6143128871917725,-0.3172518312931061,4.385686874389648,4.068435192108154,rank_margin10,43,single_rater_weak
2025_10_07_RSFB-Phenotyping_WG1_JLU/2025_10_07_RSFB-Phenotyping_WG1_JLU/20251007_132852.jpg,plot_904d61fe6e15f552a370,wg_insects_t1_bbch10,/home/nfs/data/nvme_datasets/Pictures_CFSB_leaf_damage/2025_10_07_RSFB-Phenotyping_WG1_JLU/2025_10_07_RSFB-Phenotyping_WG1_JLU/20251007_132852.jpg,10.0,3.281904697418213,3.5266811847686768,0.24477651715278625,6.473319053649902,6.718095302581787,rank_margin10,43,single_rater_weak
2025_10_07_RSFB-Phenotyping_WG1_JLU/2025_10_07_RSFB-Phenotyping_WG1_JLU/20251007_132858.jpg,plot_904d61fe6e15f552a370,wg_insects_t1_bbch10,/home/nfs/data/nvme_datasets/Pictures_CFSB_leaf_damage/2025_10_07_RSFB-Phenotyping_WG1_JLU/2025_10_07_RSFB-Phenotyping_WG1_JLU/20251007_132858.jpg,8.0,2.962672710418701,3.509721040725708,0.5470483303070068,4.490279197692871,5.037327289581299,rank_margin10,43,single_rater_weak
2025_10_07_RSFB-Phenotyping_WG1_JLU/2025_10_07_RSFB-Phenotyping_WG1_JLU/20251007_132905.jpg,plot_904d61fe6e15f552a370,wg_insects_t1_bbch10,/home/nfs/data/nvme_datasets/Pictures_CFSB_leaf_damage/2025_10_07_RSFB-Phenotyping_WG1_JLU/2025_10_07_RSFB-Phenotyping_WG1_JLU/20251007_132905.jpg,5.0,3.1332406997680664,3.334927558898926,0.20168684422969818,1.6650724411010742,1.8667593002319336,rank_margin10,43,single_rater_weak
2025_10_07_RSFB-Phenotyping_WG1_JLU/2025_10_07_RSFB-Phenotyping_WG1_JLU/20251007_132926.jpg,plot_bb99a629018ad614800a,wg_insects_t1_bbch10,/home/nfs/data/nvme_datasets/Pictures_CFSB_leaf_damage/2025_10_07_RSFB-Phenotyping_WG1_JLU/2025_10_07_RSFB-Phenotyping_WG1_JLU/20251007_132926.jpg,4.0,3.4265031814575195,3.9744327068328857,0.547929584980011,0.025567293167114258,0.5734968185424805,rank_margin10,43,single_rater_weak
2025_10_07_RSFB-Phenotyping_WG1_JLU/2025_10_07_RSFB-Phenotyping_WG1_JLU/20251007_132931.jpg,plot_bb99a629018ad614800a,wg_insects_t1_bbch10,/home/nfs/data/nvme_datasets/Pictures_CFSB_leaf_damage/2025_10_07_RSFB-Phenotyping_WG1_JLU/2025_10_07_RSFB-Phenotyping_WG1_JLU/20251007_132931.jpg,4.0,3.793041229248047,4.566354751586914,0.7733136415481567,0.5663547515869141,0.20695877075195312,rank_margin10,43,single_rater_weak
2025_10_07_RSFB-Phenotyping_WG1_JLU/2025_10_07_RSFB-Phenotyping_WG1_JLU/20251007_132938.jpg,plot_bb99a629018ad614800a,wg_insects_t1_bbch10,/home/nfs/data/nvme_datasets/Pictures_CFSB_leaf_damage/2025_10_07_RSFB-Phenotyping_WG1_JLU/2025_10_07_RSFB-Phenotyping_WG1_JLU/20251007_132938.jpg,3.0,2.8672680854797363,2.5932986736297607,-0.2739693224430084,0.40670132637023926,0.13273191452026367,rank_margin10,43,single_rater_weak
2025_10_07_RSFB-Phenotyping_WG1_JLU/2025_10_07_RSFB-Phenotyping_WG1_JLU/20251007_133000.jpg,plot_fbda5b526bf6e3b1c649,wg_insects_t1_bbch10,/home/nfs/data/nvme_datasets/Pictures_CFSB_leaf_damage/2025_10_07_RSFB-Phenotyping_WG1_JLU/2025_10_07_RSFB-Phenotyping_WG1_JLU/20251007_133000.jpg,9.0,3.114248275756836,3.1190378665924072,0.0047895158641040325,5.880962371826172,5.885751724243164,rank_margin10,43,single_rater_weak
2025_10_07_RSFB-Phenotyping_WG1_JLU/2025_10_07_RSFB-Phenotyping_WG1_JLU/20251007_133007.jpg,plot_fbda5b526bf6e3b1c649,wg_insects_t1_bbch10,/home/nfs/data/nvme_datasets/Pictures_CFSB_leaf_damage/2025_10_07_RSFB-Phenotyping_WG1_JLU/2025_10_07_RSFB-Phenotyping_WG1_JLU/20251007_133007.jpg,7.0,6.293693542480469,6.891392707824707,0.5976992249488831,0.10860729217529297,0.7063064575195312,rank_margin10,43,single_rater_weak
2025_10_07_RSFB-Phenotyping_WG1_JLU/2025_10_07_RSFB-Phenotyping_WG1_JLU/20251007_133014.jpg,plot_fbda5b526bf6e3b1c649,wg_insects_t1_bbch10,/home/nfs/data/nvme_datasets/Pictures_CFSB_leaf_damage/2025_10_07_RSFB-Phenotyping_WG1_JLU/2025_10_07_RSFB-Phenotyping_WG1_JLU/20251007_133014.jpg,9.0,4.263238906860352,5.038690567016602,0.7754516005516052,3.9613094329833984,4.736761093139648,rank_margin10,43,single_rater_weak
2025_10_07_RSFB-Phenotyping_WG1_JLU/2025_10_07_RSFB-Phenotyping_WG1_JLU/20251007_133035.jpg,plot_9cf29c2af25b47e6e88b,wg_insects_t1_bbch10,/home/nfs/data/nvme_datasets/Pictures_CFSB_leaf_damage/2025_10_07_RSFB-Phenotyping_WG1_JLU/2025_10_07_RSFB-Phenotyping_WG1_JLU/20251007_133035.jpg,4.0,2.9763283729553223,3.082672119140625,0.10634376108646393,0.917327880859375,1.0236716270446777,rank_margin10,43,single_rater_weak
2025_10_07_RSFB-Phenotyping_WG1_JLU/2025_10_07_RSFB-Phenotyping_WG1_JLU/20251007_133042.jpg,plot_9cf29c2af25b47e6e88b,wg_insects_t1_bbch10,/home/nfs/data/nvme_datasets/Pictures_CFSB_leaf_damage/2025_10_07_RSFB-Phenotyping_WG1_JLU/2025_10_07_RSFB-Phenotyping_WG1_JLU/20251007_133042.jpg,2.0,2.597440242767334,4.83968448638916,2.242244005203247,2.83968448638916,0.597440242767334,rank_margin10,43,single_rater_weak
2025_10_07_RSFB-Phenotyping_WG1_JLU/2025_10_07_RSFB-Phenotyping_WG1_JLU/20251007_133049.jpg,plot_9cf29c2af25b47e6e88b,wg_insects_t1_bbch10,/home/nfs/data/nvme_datasets/Pictures_CFSB_leaf_damage/2025_10_07_RSFB-Phenotyping_WG1_JLU/2025_10_07_RSFB-Phenotyping_WG1_JLU/20251007_133049.jpg,9.0,3.406820297241211,4.447183609008789,1.0403635501861572,4.552816390991211,5.593179702758789,rank_margin10,43,single_rater_weak
2025_10_07_RSFB-Phenotyping_WG1_JLU/2025_10_07_RSFB-Phenotyping_WG1_JLU/20251007_133113.jpg,plot_7d23a67bc562362ae25a,wg_insects_t1_bbch10,/home/nfs/data/nvme_datasets/Pictures_CFSB_leaf_damage/2025_10_07_RSFB-Phenotyping_WG1_JLU/2025_10_07_RSFB-Phenotyping_WG1_JLU/20251007_133113.jpg,5.0,2.3700294494628906,3.24322247505188,0.873193085193634,1.7567775249481201,2.6299705505371094,rank_margin10,43,single_rater_weak
2025_10_07_RSFB-Phenotyping_WG1_JLU/2025_10_07_RSFB-Phenotyping_WG1_JLU/20251007_133120.jpg,plot_7d23a67bc562362ae25a,wg_insects_t1_bbch10,/home/nfs/data/nvme_datasets/Pictures_CFSB_leaf_damage/2025_10_07_RSFB-Phenotyping_WG1_JLU/2025_10_07_RSFB-Phenotyping_WG1_JLU/20251007_133120.jpg,8.0,4.5379438400268555,5.408638954162598,0.8706950545310974,2.5913610458374023,3.4620561599731445,rank_margin10,43,single_rater_weak
2025_10_07_RSFB-Phenotyping_WG1_JLU/2025_10_07_RSFB-Phenotyping_WG1_JLU/20251007_133127.jpg,plot_7d23a67bc562362ae25a,wg_insects_t1_bbch10,/home/nfs/data/nvme_datasets/Pictures_CFSB_leaf_damage/2025_10_07_RSFB-Phenotyping_WG1_JLU/2025_10_07_RSFB-Phenotyping_WG1_JLU/20251007_133127.jpg,8.0,5.498597145080566,5.340469837188721,-0.15812727808952332,2.6595301628112793,2.5014028549194336,rank_margin10,43,single_rater_weak
2025_10_07_RSFB-Phenotyping_WG1_JLU/2025_10_07_RSFB-Phenotyping_WG1_JLU/20251007_133147.jpg,plot_a3b512b929e5e15f8ccb,wg_insects_t1_bbch10,/home/nfs/data/nvme_datasets/Pictures_CFSB_leaf_damage/2025_10_07_RSFB-Phenotyping_WG1_JLU/2025_10_07_RSFB-Phenotyping_WG1_JLU/20251007_133147.jpg,7.0,2.6469717025756836,2.834923028945923,0.18795134127140045,4.165077209472656,4.353028297424316,rank_margin10,43,single_rater_weak
2025_10_07_RSFB-Phenotyping_WG1_JLU/2025_10_07_RSFB-Phenotyping_WG1_JLU/20251007_133155.jpg,plot_a3b512b929e5e15f8ccb,wg_insects_t1_bbch10,/home/nfs/data/nvme_datasets/Pictures_CFSB_leaf_damage/2025_10_07_RSFB-Phenotyping_WG1_JLU/2025_10_07_RSFB-Phenotyping_WG1_JLU/20251007_133155.jpg,7.0,2.9819178581237793,3.3352818489074707,0.35336387157440186,3.6647181510925293,4.018082141876221,rank_margin10,43,single_rater_weak
2025_10_07_RSFB-Phenotyping_WG1_JLU/2025_10_07_RSFB-Phenotyping_WG1_JLU/20251007_133203.jpg,plot_a3b512b929e5e15f8ccb,wg_insects_t1_bbch10,/home/nfs/data/nvme_datasets/Pictures_CFSB_leaf_damage/2025_10_07_RSFB-Phenotyping_WG1_JLU/2025_10_07_RSFB-Phenotyping_WG1_JLU/20251007_133203.jpg,8.0,3.0593795776367188,2.95058274269104,-0.10879674553871155,5.049417495727539,4.940620422363281,rank_margin10,43,single_rater_weak
2025_10_07_RSFB-Phenotyping_WG1_JLU/2025_10_07_RSFB-Phenotyping_WG1_JLU/20251007_133225.jpg,plot_b25a72413177e5170eb5,wg_insects_t1_bbch10,/home/nfs/data/nvme_datasets/Pictures_CFSB_leaf_damage/2025_10_07_RSFB-Phenotyping_WG1_JLU/2025_10_07_RSFB-Phenotyping_WG1_JLU/20251007_133225.jpg,6.0,4.098742485046387,4.652958393096924,0.5542160868644714,1.3470416069030762,1.9012575149536133,rank_margin10,43,single_rater_weak
2025_10_07_RSFB-Phenotyping_WG1_JLU/2025_10_07_RSFB-Phenotyping_WG1_JLU/20251007_133232.jpg,plot_b25a72413177e5170eb5,wg_insects_t1_bbch10,/home/nfs/data/nvme_datasets/Pictures_CFSB_leaf_damage/2025_10_07_RSFB-Phenotyping_WG1_JLU/2025_10_07_RSFB-Phenotyping_WG1_JLU/20251007_133232.jpg,3.0,4.386030673980713,4.388044357299805,0.0020136914681643248,1.3880443572998047,1.386030673980713,rank_margin10,43,single_rater_weak
2025_10_07_RSFB-Phenotyping_WG1_JLU/2025_10_07_RSFB-Phenotyping_WG1_JLU/20251007_133238.jpg,plot_b25a72413177e5170eb5,wg_insects_t1_bbch10,/home/nfs/data/nvme_datasets/Pictures_CFSB_leaf_damage/2025_10_07_RSFB-Phenotyping_WG1_JLU/2025_10_07_RSFB-Phenotyping_WG1_JLU/20251007_133238.jpg,13.0,4.544094085693359,5.171660900115967,0.6275666356086731,7.828339099884033,8.45590591430664,rank_margin10,43,single_rater_weak
2025_10_07_RSFB-Phenotyping_WG1_JLU/2025_10_07_RSFB-Phenotyping_WG1_JLU/20251007_133258.jpg,plot_b1e75ad809ff8707c3b2,wg_insects_t1_bbch10,/home/nfs/data/nvme_datasets/Pictures_CFSB_leaf_damage/2025_10_07_RSFB-Phenotyping_WG1_JLU/2025_10_07_RSFB-Phenotyping_WG1_JLU/20251007_133258.jpg,35.0,4.735503196716309,5.492273330688477,0.7567698955535889,29.507726669311523,30.264495849609375,rank_margin10,43,single_rater_weak
2025_10_07_RSFB-Phenotyping_WG1_JLU/2025_10_07_RSFB-Phenotyping_WG1_JLU/20251007_133307.jpg,plot_b1e75ad809ff8707c3b2,wg_insects_t1_bbch10,/home/nfs/data/nvme_datasets/Pictures_CFSB_leaf_damage/2025_10_07_RSFB-Phenotyping_WG1_JLU/2025_10_07_RSFB-Phenotyping_WG1_JLU/20251007_133307.jpg,4.0,4.213135719299316,5.405040740966797,1.1919047832489014,1.4050407409667969,0.2131357192993164,rank_margin10,43,single_rater_weak
2025_10_07_RSFB-Phenotyping_WG1_JLU/2025_10_07_RSFB-Phenotyping_WG1_JLU/20251007_133314.jpg,plot_b1e75ad809ff8707c3b2,wg_insects_t1_bbch10,/home/nfs/data/nvme_datasets/Pictures_CFSB_leaf_damage/2025_10_07_RSFB-Phenotyping_WG1_JLU/2025_10_07_RSFB-Phenotyping_WG1_JLU/20251007_133314.jpg,3.0,3.6099913120269775,4.221219062805176,0.6112275123596191,1.2212190628051758,0.6099913120269775,rank_margin10,43,single_rater_weak
2025_10_07_RSFB-Phenotyping_WG1_JLU/2025_10_07_RSFB-Phenotyping_WG1_JLU/20251007_133337.jpg,plot_de50947285e53cf7dda0,wg_insects_t1_bbch10,/home/nfs/data/nvme_datasets/Pictures_CFSB_leaf_damage/2025_10_07_RSFB-Phenotyping_WG1_JLU/2025_10_07_RSFB-Phenotyping_WG1_JLU/20251007_133337.jpg,5.0,2.4759902954101562,3.74285888671875,1.2668687105178833,1.25714111328125,2.5240097045898438,rank_margin10,43,single_rater_weak
2025_10_07_RSFB-Phenotyping_WG1_JLU/2025_10_07_RSFB-Phenotyping_WG1_JLU/20251007_133345.jpg,plot_de50947285e53cf7dda0,wg_insects_t1_bbch10,/home/nfs/data/nvme_datasets/Pictures_CFSB_leaf_damage/2025_10_07_RSFB-Phenotyping_WG1_JLU/2025_10_07_RSFB-Phenotyping_WG1_JLU/20251007_133345.jpg,4.0,2.5883359909057617,2.352649688720703,-0.23568639159202576,1.6473503112792969,1.4116640090942383,rank_margin10,43,single_rater_weak
2025_10_07_RSFB-Phenotyping_WG1_JLU/2025_10_07_RSFB-Phenotyping_WG1_JLU/20251007_133352.jpg,plot_de50947285e53cf7dda0,wg_insects_t1_bbch10,/home/nfs/data/nvme_datasets/Pictures_CFSB_leaf_damage/2025_10_07_RSFB-Phenotyping_WG1_JLU/2025_10_07_RSFB-Phenotyping_WG1_JLU/20251007_133352.jpg,5.0,2.6244301795959473,2.380117416381836,-0.2443128079175949,2.619882583618164,2.3755698204040527,rank_margin10,43,single_rater_weak
2025_10_07_RSFB-Phenotyping_WG1_JLU/2025_10_07_RSFB-Phenotyping_WG1_JLU/20251007_133430.jpg,plot_761a79e351c799d38270,wg_insects_t1_bbch10,/home/nfs/data/nvme_datasets/Pictures_CFSB_leaf_damage/2025_10_07_RSFB-Phenotyping_WG1_JLU/2025_10_07_RSFB-Phenotyping_WG1_JLU/20251007_133430.jpg,5.0,3.4077985286712646,3.3324742317199707,-0.07532435655593872,1.6675257682800293,1.5922014713287354,rank_margin10,43,single_rater_weak
2025_10_07_RSFB-Phenotyping_WG1_JLU/2025_10_07_RSFB-Phenotyping_WG1_JLU/20251007_133437.jpg,plot_761a79e351c799d38270,wg_insects_t1_bbch10,/home/nfs/data/nvme_datasets/Pictures_CFSB_leaf_damage/2025_10_07_RSFB-Phenotyping_WG1_JLU/2025_10_07_RSFB-Phenotyping_WG1_JLU/20251007_133437.jpg,12.0,5.321219444274902,6.012392997741699,0.6911736726760864,5.987607002258301,6.678780555725098,rank_margin10,43,single_rater_weak
2025_10_07_RSFB-Phenotyping_WG1_JLU/2025_10_07_RSFB-Phenotyping_WG1_JLU/20251007_133444.jpg,plot_761a79e351c799d38270,wg_insects_t1_bbch10,/home/nfs/data/nvme_datasets/Pictures_CFSB_leaf_damage/2025_10_07_RSFB-Phenotyping_WG1_JLU/2025_10_07_RSFB-Phenotyping_WG1_JLU/20251007_133444.jpg,15.0,3.427847146987915,4.138167381286621,0.710320234298706,10.861832618713379,11.572153091430664,rank_margin10,43,single_rater_weak
2025_10_07_RSFB-Phenotyping_WG1_JLU/2025_10_07_RSFB-Phenotyping_WG1_JLU/20251007_133505.jpg,plot_ed3a507bea1287033964,wg_insects_t1_bbch10,/home/nfs/data/nvme_datasets/Pictures_CFSB_leaf_damage/2025_10_07_RSFB-Phenotyping_WG1_JLU/2025_10_07_RSFB-Phenotyping_WG1_JLU/20251007_133505.jpg,4.0,3.4403910636901855,4.005806922912598,0.565415620803833,0.005806922912597656,0.5596089363098145,rank_margin10,43,single_rater_weak
2025_10_07_RSFB-Phenotyping_WG1_JLU/2025_10_07_RSFB-Phenotyping_WG1_JLU/20251007_133513.jpg,plot_ed3a507bea1287033964,wg_insects_t1_bbch10,/home/nfs/data/nvme_datasets/Pictures_CFSB_leaf_damage/2025_10_07_RSFB-Phenotyping_WG1_JLU/2025_10_07_RSFB-Phenotyping_WG1_JLU/20251007_133513.jpg,9.0,3.2151618003845215,3.51505970954895,0.2998979687690735,5.484940528869629,5.7848381996154785,rank_margin10,43,single_rater_weak
2025_10_07_RSFB-Phenotyping_WG1_JLU/2025_10_07_RSFB-Phenotyping_WG1_JLU/20251007_133520.jpg,plot_ed3a507bea1287033964,wg_insects_t1_bbch10,/home/nfs/data/nvme_datasets/Pictures_CFSB_leaf_damage/2025_10_07_RSFB-Phenotyping_WG1_JLU/2025_10_07_RSFB-Phenotyping_WG1_JLU/20251007_133520.jpg,10.0,3.5867490768432617,4.221751689910889,0.6350027918815613,5.778248310089111,6.413250923156738,rank_margin10,43,single_rater_weak
2025_10_07_RSFB-Phenotyping_WG1_JLU/2025_10_07_RSFB-Phenotyping_WG1_JLU/20251007_133541.jpg,plot_4cb2c1be99f545063821,wg_insects_t1_bbch10,/home/nfs/data/nvme_datasets/Pictures_CFSB_leaf_damage/2025_10_07_RSFB-Phenotyping_WG1_JLU/2025_10_07_RSFB-Phenotyping_WG1_JLU/20251007_133541.jpg,14.0,2.5620718002319336,2.047163486480713,-0.5149081945419312,11.952836990356445,11.437928199768066,rank_margin10,43,single_rater_weak
2025_10_07_RSFB-Phenotyping_WG1_JLU/2025_10_07_RSFB-Phenotyping_WG1_JLU/20251007_133549.jpg,plot_4cb2c1be99f545063821,wg_insects_t1_bbch10,/home/nfs/data/nvme_datasets/Pictures_CFSB_leaf_damage/2025_10_07_RSFB-Phenotyping_WG1_JLU/2025_10_07_RSFB-Phenotyping_WG1_JLU/20251007_133549.jpg,8.0,2.362720489501953,1.8743259906768799,-0.48839446902275085,6.125674247741699,5.637279510498047,rank_margin10,43,single_rater_weak
2025_10_07_RSFB-Phenotyping_WG1_JLU/2025_10_07_RSFB-Phenotyping_WG1_JLU/20251007_133558.jpg,plot_4cb2c1be99f545063821,wg_insects_t1_bbch10,/home/nfs/data/nvme_datasets/Pictures_CFSB_leaf_damage/2025_10_07_RSFB-Phenotyping_WG1_JLU/2025_10_07_RSFB-Phenotyping_WG1_JLU/20251007_133558.jpg,3.0,5.222519397735596,5.372557163238525,0.1500379890203476,2.3725571632385254,2.2225193977355957,rank_margin10,43,single_rater_weak
2025_10_07_RSFB-Phenotyping_WG1_JLU/2025_10_07_RSFB-Phenotyping_WG1_JLU/20251007_133619.jpg,plot_1d77890fac8e7fa98fc9,wg_insects_t1_bbch10,/home/nfs/data/nvme_datasets/Pictures_CFSB_leaf_damage/2025_10_07_RSFB-Phenotyping_WG1_JLU/2025_10_07_RSFB-Phenotyping_WG1_JLU/20251007_133619.jpg,4.0,2.997920036315918,3.015024185180664,0.017104217782616615,0.9849758148193359,1.002079963684082,rank_margin10,43,single_rater_weak
2025_10_07_RSFB-Phenotyping_WG1_JLU/2025_10_07_RSFB-Phenotyping_WG1_JLU/20251007_133627.jpg,plot_1d77890fac8e7fa98fc9,wg_insects_t1_bbch10,/home/nfs/data/nvme_datasets/Pictures_CFSB_leaf_damage/2025_10_07_RSFB-Phenotyping_WG1_JLU/2025_10_07_RSFB-Phenotyping_WG1_JLU/20251007_133627.jpg,17.0,3.3593692779541016,3.946941614151001,0.5875723361968994,13.053058624267578,13.640630722045898,rank_margin10,43,single_rater_weak
2025_10_07_RSFB-Phenotyping_WG1_JLU/2025_10_07_RSFB-Phenotyping_WG1_JLU/20251007_133635.jpg,plot_1d77890fac8e7fa98fc9,wg_insects_t1_bbch10,/home/nfs/data/nvme_datasets/Pictures_CFSB_leaf_damage/2025_10_07_RSFB-Phenotyping_WG1_JLU/2025_10_07_RSFB-Phenotyping_WG1_JLU/20251007_133635.jpg,19.0,4.179770469665527,4.893401622772217,0.7136309742927551,14.106597900390625,14.820229530334473,rank_margin10,43,single_rater_weak
2025_10_07_RSFB-Phenotyping_WG1_JLU/2025_10_07_RSFB-Phenotyping_WG1_JLU/20251007_133700.jpg,plot_0ccd244f54fcda9028fb,wg_insects_t1_bbch10,/home/nfs/data/nvme_datasets/Pictures_CFSB_leaf_damage/2025_10_07_RSFB-Phenotyping_WG1_JLU/2025_10_07_RSFB-Phenotyping_WG1_JLU/20251007_133700.jpg,9.0,2.5800886154174805,2.382784843444824,-0.1973038762807846,6.617215156555176,6.4199113845825195,rank_margin10,43,single_rater_weak
2025_10_07_RSFB-Phenotyping_WG1_JLU/2025_10_07_RSFB-Phenotyping_WG1_JLU/20251007_133707.jpg,plot_0ccd244f54fcda9028fb,wg_insects_t1_bbch10,/home/nfs/data/nvme_datasets/Pictures_CFSB_leaf_damage/2025_10_07_RSFB-Phenotyping_WG1_JLU/2025_10_07_RSFB-Phenotyping_WG1_JLU/20251007_133707.jpg,8.0,3.2950148582458496,3.4384796619415283,0.14346490800380707,4.561520576477051,4.70498514175415,rank_margin10,43,single_rater_weak
2025_10_07_RSFB-Phenotyping_WG1_JLU/2025_10_07_RSFB-Phenotyping_WG1_JLU/20251007_133716.jpg,plot_0ccd244f54fcda9028fb,wg_insects_t1_bbch10,/home/nfs/data/nvme_datasets/Pictures_CFSB_leaf_damage/2025_10_07_RSFB-Phenotyping_WG1_JLU/2025_10_07_RSFB-Phenotyping_WG1_JLU/20251007_133716.jpg,4.0,2.6311120986938477,2.408963203430176,-0.22214898467063904,1.5910367965698242,1.3688879013061523,rank_margin10,43,single_rater_weak
2025_10_07_RSFB-Phenotyping_WG1_JLU/2025_10_07_RSFB-Phenotyping_WG1_JLU/20251007_133736.jpg,plot_554b38106eaa08e3d345,wg_insects_t1_bbch10,/home/nfs/data/nvme_datasets/Pictures_CFSB_leaf_damage/2025_10_07_RSFB-Phenotyping_WG1_JLU/2025_10_07_RSFB-Phenotyping_WG1_JLU/20251007_133736.jpg,10.0,2.075117588043213,2.1406257152557373,0.06550802290439606,7.859374046325684,7.924882411956787,rank_margin10,43,single_rater_weak
2025_10_07_RSFB-Phenotyping_WG1_JLU/2025_10_07_RSFB-Phenotyping_WG1_JLU/20251007_133742.jpg,plot_554b38106eaa08e3d345,wg_insects_t1_bbch10,/home/nfs/data/nvme_datasets/Pictures_CFSB_leaf_damage/2025_10_07_RSFB-Phenotyping_WG1_JLU/2025_10_07_RSFB-Phenotyping_WG1_JLU/20251007_133742.jpg,12.0,7.258735179901123,7.906782150268555,0.6480467915534973,4.093217849731445,4.741264820098877,rank_margin10,43,single_rater_weak
2025_10_07_RSFB-Phenotyping_WG1_JLU/2025_10_07_RSFB-Phenotyping_WG1_JLU/20251007_133748.jpg,plot_554b38106eaa08e3d345,wg_insects_t1_bbch10,/home/nfs/data/nvme_datasets/Pictures_CFSB_leaf_damage/2025_10_07_RSFB-Phenotyping_WG1_JLU/2025_10_07_RSFB-Phenotyping_WG1_JLU/20251007_133748.jpg,5.0,3.554457902908325,3.5739922523498535,0.019534358754754066,1.4260077476501465,1.4455420970916748,rank_margin10,43,single_rater_weak
2025_10_07_RSFB-Phenotyping_WG1_JLU/2025_10_07_RSFB-Phenotyping_WG1_JLU/20251007_133826.jpg,plot_3c5aba0567108bfa4110,wg_insects_t1_bbch10,/home/nfs/data/nvme_datasets/Pictures_CFSB_leaf_damage/2025_10_07_RSFB-Phenotyping_WG1_JLU/2025_10_07_RSFB-Phenotyping_WG1_JLU/20251007_133826.jpg,50.0,3.6139109134674072,5.958671569824219,2.3447604179382324,44.04132843017578,46.38608932495117,rank_margin10,43,single_rater_weak
2025_10_07_RSFB-Phenotyping_WG1_JLU/2025_10_07_RSFB-Phenotyping_WG1_JLU/20251007_133833.jpg,plot_3c5aba0567108bfa4110,wg_insects_t1_bbch10,/home/nfs/data/nvme_datasets/Pictures_CFSB_leaf_damage/2025_10_07_RSFB-Phenotyping_WG1_JLU/2025_10_07_RSFB-Phenotyping_WG1_JLU/20251007_133833.jpg,1.0,1.185020923614502,3.129863739013672,1.9448429346084595,2.129863739013672,0.18502092361450195,rank_margin10,43,single_rater_weak
2025_10_07_RSFB-Phenotyping_WG1_JLU/2025_10_07_RSFB-Phenotyping_WG1_JLU/20251007_133857.jpg,plot_91ac4a9cd21f932a6384,wg_insects_t1_bbch10,/home/nfs/data/nvme_datasets/Pictures_CFSB_leaf_damage/2025_10_07_RSFB-Phenotyping_WG1_JLU/2025_10_07_RSFB-Phenotyping_WG1_JLU/20251007_133857.jpg,8.0,3.6756033897399902,3.4077253341674805,-0.2678779363632202,4.5922746658325195,4.32439661026001,rank_margin10,43,single_rater_weak
2025_10_07_RSFB-Phenotyping_WG1_JLU/2025_10_07_RSFB-Phenotyping_WG1_JLU/20251007_133904.jpg,plot_91ac4a9cd21f932a6384,wg_insects_t1_bbch10,/home/nfs/data/nvme_datasets/Pictures_CFSB_leaf_damage/2025_10_07_RSFB-Phenotyping_WG1_JLU/2025_10_07_RSFB-Phenotyping_WG1_JLU/20251007_133904.jpg,4.0,2.7628140449523926,2.5120849609375,-0.2507290542125702,1.4879150390625,1.2371859550476074,rank_margin10,43,single_rater_weak
2025_10_07_RSFB-Phenotyping_WG1_JLU/2025_10_07_RSFB-Phenotyping_WG1_JLU/20251007_133911.jpg,plot_91ac4a9cd21f932a6384,wg_insects_t1_bbch10,/home/nfs/data/nvme_datasets/Pictures_CFSB_leaf_damage/2025_10_07_RSFB-Phenotyping_WG1_JLU/2025_10_07_RSFB-Phenotyping_WG1_JLU/20251007_133911.jpg,18.0,3.7922744750976562,3.7866315841674805,-0.005642932374030352,14.21336841583252,14.207725524902344,rank_margin10,43,single_rater_weak
2025_10_07_RSFB-Phenotyping_WG1_JLU/2025_10_07_RSFB-Phenotyping_WG1_JLU/20251007_133938.jpg,plot_aae9cf8456bd7d3487d0,wg_insects_t1_bbch10,/home/nfs/data/nvme_datasets/Pictures_CFSB_leaf_damage/2025_10_07_RSFB-Phenotyping_WG1_JLU/2025_10_07_RSFB-Phenotyping_WG1_JLU/20251007_133938.jpg,4.0,3.1318717002868652,3.7607219219207764,0.6288502216339111,0.23927807807922363,0.8681282997131348,rank_margin10,43,single_rater_weak
2025_10_07_RSFB-Phenotyping_WG1_JLU/2025_10_07_RSFB-Phenotyping_WG1_JLU/20251007_133946.jpg,plot_aae9cf8456bd7d3487d0,wg_insects_t1_bbch10,/home/nfs/data/nvme_datasets/Pictures_CFSB_leaf_damage/2025_10_07_RSFB-Phenotyping_WG1_JLU/2025_10_07_RSFB-Phenotyping_WG1_JLU/20251007_133946.jpg,3.0,3.1487202644348145,4.529183387756348,1.3804633617401123,1.5291833877563477,0.14872026443481445,rank_margin10,43,single_rater_weak
2025_10_07_RSFB-Phenotyping_WG1_JLU/2025_10_07_RSFB-Phenotyping_WG1_JLU/20251007_133957.jpg,plot_aae9cf8456bd7d3487d0,wg_insects_t1_bbch10,/home/nfs/data/nvme_datasets/Pictures_CFSB_leaf_damage/2025_10_07_RSFB-Phenotyping_WG1_JLU/2025_10_07_RSFB-Phenotyping_WG1_JLU/20251007_133957.jpg,11.0,3.0534348487854004,3.6085546016693115,0.5551198124885559,7.391445159912109,7.9465651512146,rank_margin10,43,single_rater_weak
2025_10_07_RSFB-Phenotyping_WG1_JLU/2025_10_07_RSFB-Phenotyping_WG1_JLU/20251007_134016.jpg,plot_beaf2427488cd0e1fa81,wg_insects_t1_bbch10,/home/nfs/data/nvme_datasets/Pictures_CFSB_leaf_damage/2025_10_07_RSFB-Phenotyping_WG1_JLU/2025_10_07_RSFB-Phenotyping_WG1_JLU/20251007_134016.jpg,5.0,6.381311416625977,7.345597267150879,0.9642857313156128,2.345597267150879,1.3813114166259766,rank_margin10,43,single_rater_weak
2025_10_07_RSFB-Phenotyping_WG1_JLU/2025_10_07_RSFB-Phenotyping_WG1_JLU/20251007_134023.jpg,plot_beaf2427488cd0e1fa81,wg_insects_t1_bbch10,/home/nfs/data/nvme_datasets/Pictures_CFSB_leaf_damage/2025_10_07_RSFB-Phenotyping_WG1_JLU/2025_10_07_RSFB-Phenotyping_WG1_JLU/20251007_134023.jpg,3.0,3.3935813903808594,3.262629985809326,-0.13095133006572723,0.26262998580932617,0.3935813903808594,rank_margin10,43,single_rater_weak
2025_10_07_RSFB-Phenotyping_WG1_JLU/2025_10_07_RSFB-Phenotyping_WG1_JLU/20251007_134030.jpg,plot_beaf2427488cd0e1fa81,wg_insects_t1_bbch10,/home/nfs/data/nvme_datasets/Pictures_CFSB_leaf_damage/2025_10_07_RSFB-Phenotyping_WG1_JLU/2025_10_07_RSFB-Phenotyping_WG1_JLU/20251007_134030.jpg,4.0,3.509305477142334,4.320892333984375,0.8115866780281067,0.320892333984375,0.490694522857666,rank_margin10,43,single_rater_weak
2025_10_07_RSFB-Phenotyping_WG1_JLU/2025_10_07_RSFB-Phenotyping_WG1_JLU/20251007_134049.jpg,plot_73cc40b0300eb96ccdb1,wg_insects_t1_bbch10,/home/nfs/data/nvme_datasets/Pictures_CFSB_leaf_damage/2025_10_07_RSFB-Phenotyping_WG1_JLU/2025_10_07_RSFB-Phenotyping_WG1_JLU/20251007_134049.jpg,2.0,2.6778249740600586,2.5413320064544678,-0.13649296760559082,0.5413320064544678,0.6778249740600586,rank_margin10,43,single_rater_weak
2025_10_07_RSFB-Phenotyping_WG1_JLU/2025_10_07_RSFB-Phenotyping_WG1_JLU/20251007_134055.jpg,plot_73cc40b0300eb96ccdb1,wg_insects_t1_bbch10,/home/nfs/data/nvme_datasets/Pictures_CFSB_leaf_damage/2025_10_07_RSFB-Phenotyping_WG1_JLU/2025_10_07_RSFB-Phenotyping_WG1_JLU/20251007_134055.jpg,3.0,3.726858615875244,3.7890703678131104,0.06221165880560875,0.7890703678131104,0.7268586158752441,rank_margin10,43,single_rater_weak
2025_10_07_RSFB-Phenotyping_WG1_JLU/2025_10_07_RSFB-Phenotyping_WG1_JLU/20251007_134104.jpg,plot_73cc40b0300eb96ccdb1,wg_insects_t1_bbch10,/home/nfs/data/nvme_datasets/Pictures_CFSB_leaf_damage/2025_10_07_RSFB-Phenotyping_WG1_JLU/2025_10_07_RSFB-Phenotyping_WG1_JLU/20251007_134104.jpg,8.0,3.2520928382873535,2.8145952224731445,-0.437497615814209,5.1854047775268555,4.7479071617126465,rank_margin10,43,single_rater_weak
2025_10_07_RSFB-Phenotyping_WG1_JLU/2025_10_07_RSFB-Phenotyping_WG1_JLU/20251007_134123.jpg,plot_0dc14c5babac0bfbd23b,wg_insects_t1_bbch10,/home/nfs/data/nvme_datasets/Pictures_CFSB_leaf_damage/2025_10_07_RSFB-Phenotyping_WG1_JLU/2025_10_07_RSFB-Phenotyping_WG1_JLU/20251007_134123.jpg,30.0,3.948458433151245,3.7518694400787354,-0.19658905267715454,26.248130798339844,26.051542282104492,rank_margin10,43,single_rater_weak
2025_10_07_RSFB-Phenotyping_WG1_JLU/2025_10_07_RSFB-Phenotyping_WG1_JLU/20251007_134130.jpg,plot_0dc14c5babac0bfbd23b,wg_insects_t1_bbch10,/home/nfs/data/nvme_datasets/Pictures_CFSB_leaf_damage/2025_10_07_RSFB-Phenotyping_WG1_JLU/2025_10_07_RSFB-Phenotyping_WG1_JLU/20251007_134130.jpg,20.0,3.5961263179779053,4.757770538330078,1.1616439819335938,15.242229461669922,16.403873443603516,rank_margin10,43,single_rater_weak
2025_10_07_RSFB-Phenotyping_WG1_JLU/2025_10_07_RSFB-Phenotyping_WG1_JLU/20251007_134136.jpg,plot_0dc14c5babac0bfbd23b,wg_insects_t1_bbch10,/home/nfs/data/nvme_datasets/Pictures_CFSB_leaf_damage/2025_10_07_RSFB-Phenotyping_WG1_JLU/2025_10_07_RSFB-Phenotyping_WG1_JLU/20251007_134136.jpg,15.0,3.382525682449341,4.905582904815674,1.5230571031570435,10.094417572021484,11.617474555969238,rank_margin10,43,single_rater_weak
2025_10_07_RSFB-Phenotyping_WG1_JLU/2025_10_07_RSFB-Phenotyping_WG1_JLU/20251007_134155.jpg,plot_8703b46712cb1c9c6aa8,wg_insects_t1_bbch10,/home/nfs/data/nvme_datasets/Pictures_CFSB_leaf_damage/2025_10_07_RSFB-Phenotyping_WG1_JLU/2025_10_07_RSFB-Phenotyping_WG1_JLU/20251007_134155.jpg,3.0,2.802938461303711,3.785503625869751,0.98256516456604,0.785503625869751,0.19706153869628906,rank_margin10,43,single_rater_weak
2025_10_07_RSFB-Phenotyping_WG1_JLU/2025_10_07_RSFB-Phenotyping_WG1_JLU/20251007_134202.jpg,plot_8703b46712cb1c9c6aa8,wg_insects_t1_bbch10,/home/nfs/data/nvme_datasets/Pictures_CFSB_leaf_damage/2025_10_07_RSFB-Phenotyping_WG1_JLU/2025_10_07_RSFB-Phenotyping_WG1_JLU/20251007_134202.jpg,2.0,2.4758996963500977,2.584115743637085,0.10821602493524551,0.584115743637085,0.47589969635009766,rank_margin10,43,single_rater_weak
2025_10_07_RSFB-Phenotyping_WG1_JLU/2025_10_07_RSFB-Phenotyping_WG1_JLU/20251007_134209.jpg,plot_8703b46712cb1c9c6aa8,wg_insects_t1_bbch10,/home/nfs/data/nvme_datasets/Pictures_CFSB_leaf_damage/2025_10_07_RSFB-Phenotyping_WG1_JLU/2025_10_07_RSFB-Phenotyping_WG1_JLU/20251007_134209.jpg,33.0,3.1532020568847656,3.374145746231079,0.22094376385211945,29.6258544921875,29.846797943115234,rank_margin10,43,single_rater_weak
2025_10_07_RSFB-Phenotyping_WG1_JLU/2025_10_07_RSFB-Phenotyping_WG1_JLU/20251007_134231.jpg,plot_c269bf51510f5908bdde,wg_insects_t1_bbch10,/home/nfs/data/nvme_datasets/Pictures_CFSB_leaf_damage/2025_10_07_RSFB-Phenotyping_WG1_JLU/2025_10_07_RSFB-Phenotyping_WG1_JLU/20251007_134231.jpg,4.0,0.5693292617797852,2.5998833179473877,2.0305540561676025,1.4001166820526123,3.430670738220215,rank_margin10,43,single_rater_weak
2025_10_07_RSFB-Phenotyping_WG1_JLU/2025_10_07_RSFB-Phenotyping_WG1_JLU/20251007_134236.jpg,plot_c269bf51510f5908bdde,wg_insects_t1_bbch10,/home/nfs/data/nvme_datasets/Pictures_CFSB_leaf_damage/2025_10_07_RSFB-Phenotyping_WG1_JLU/2025_10_07_RSFB-Phenotyping_WG1_JLU/20251007_134236.jpg,2.0,0.941279411315918,3.0645487308502197,2.1232693195343018,1.0645487308502197,1.058720588684082,rank_margin10,43,single_rater_weak
2025_10_07_RSFB-Phenotyping_WG1_JLU/2025_10_07_RSFB-Phenotyping_WG1_JLU/20251007_134244.jpg,plot_c269bf51510f5908bdde,wg_insects_t1_bbch10,/home/nfs/data/nvme_datasets/Pictures_CFSB_leaf_damage/2025_10_07_RSFB-Phenotyping_WG1_JLU/2025_10_07_RSFB-Phenotyping_WG1_JLU/20251007_134244.jpg,5.0,0.7072396278381348,2.7808806896209717,2.073641061782837,2.2191193103790283,4.292760372161865,rank_margin10,43,single_rater_weak
2025_10_07_RSFB-Phenotyping_WG1_JLU/2025_10_07_RSFB-Phenotyping_WG1_JLU/20251007_134311.jpg,plot_91629e9b3a2abf1aae0c,wg_insects_t1_bbch10,/home/nfs/data/nvme_datasets/Pictures_CFSB_leaf_damage/2025_10_07_RSFB-Phenotyping_WG1_JLU/2025_10_07_RSFB-Phenotyping_WG1_JLU/20251007_134311.jpg,22.0,2.9258627891540527,3.8060543537139893,0.8801916241645813,18.193944931030273,19.07413673400879,rank_margin10,43,single_rater_weak
2025_10_07_RSFB-Phenotyping_WG1_JLU/2025_10_07_RSFB-Phenotyping_WG1_JLU/20251007_134319.jpg,plot_91629e9b3a2abf1aae0c,wg_insects_t1_bbch10,/home/nfs/data/nvme_datasets/Pictures_CFSB_leaf_damage/2025_10_07_RSFB-Phenotyping_WG1_JLU/2025_10_07_RSFB-Phenotyping_WG1_JLU/20251007_134319.jpg,7.0,3.466517210006714,3.627531051635742,0.16101378202438354,3.372468948364258,3.533482789993286,rank_margin10,43,single_rater_weak
2025_10_07_RSFB-Phenotyping_WG1_JLU/2025_10_07_RSFB-Phenotyping_WG1_JLU/20251007_134325.jpg,plot_91629e9b3a2abf1aae0c,wg_insects_t1_bbch10,/home/nfs/data/nvme_datasets/Pictures_CFSB_leaf_damage/2025_10_07_RSFB-Phenotyping_WG1_JLU/2025_10_07_RSFB-Phenotyping_WG1_JLU/20251007_134325.jpg,12.0,3.0642566680908203,3.3478598594665527,0.2836032211780548,8.652139663696289,8.93574333190918,rank_margin10,43,single_rater_weak
2025_10_07_RSFB-Phenotyping_WG1_JLU/2025_10_07_RSFB-Phenotyping_WG1_JLU/20251007_134345.jpg,plot_c8ab7ee89b7142cd52eb,wg_insects_t1_bbch10,/home/nfs/data/nvme_datasets/Pictures_CFSB_leaf_damage/2025_10_07_RSFB-Phenotyping_WG1_JLU/2025_10_07_RSFB-Phenotyping_WG1_JLU/20251007_134345.jpg,4.0,3.4875900745391846,3.9088337421417236,0.4212436079978943,0.09116625785827637,0.5124099254608154,rank_margin10,43,single_rater_weak
2025_10_07_RSFB-Phenotyping_WG1_JLU/2025_10_07_RSFB-Phenotyping_WG1_JLU/20251007_134354.jpg,plot_c8ab7ee89b7142cd52eb,wg_insects_t1_bbch10,/home/nfs/data/nvme_datasets/Pictures_CFSB_leaf_damage/2025_10_07_RSFB-Phenotyping_WG1_JLU/2025_10_07_RSFB-Phenotyping_WG1_JLU/20251007_134354.jpg,26.0,5.022382736206055,5.5837178230285645,0.5613350868225098,20.416282653808594,20.977617263793945,rank_margin10,43,single_rater_weak
2025_10_07_RSFB-Phenotyping_WG1_JLU/2025_10_07_RSFB-Phenotyping_WG1_JLU/20251007_134402.jpg,plot_c8ab7ee89b7142cd52eb,wg_insects_t1_bbch10,/home/nfs/data/nvme_datasets/Pictures_CFSB_leaf_damage/2025_10_07_RSFB-Phenotyping_WG1_JLU/2025_10_07_RSFB-Phenotyping_WG1_JLU/20251007_134402.jpg,3.0,2.3210620880126953,2.898451566696167,0.5773895382881165,0.10154843330383301,0.6789379119873047,rank_margin10,43,single_rater_weak
2025_10_07_RSFB-Phenotyping_WG1_JLU/2025_10_07_RSFB-Phenotyping_WG1_JLU/20251007_134425.jpg,plot_3efb2941f93198730d19,wg_insects_t1_bbch10,/home/nfs/data/nvme_datasets/Pictures_CFSB_leaf_damage/2025_10_07_RSFB-Phenotyping_WG1_JLU/2025_10_07_RSFB-Phenotyping_WG1_JLU/20251007_134425.jpg,10.0,9.024895668029785,8.873516082763672,-0.15137924253940582,1.1264839172363281,0.9751043319702148,rank_margin10,43,single_rater_weak
2025_10_07_RSFB-Phenotyping_WG1_JLU/2025_10_07_RSFB-Phenotyping_WG1_JLU/20251007_134433.jpg,plot_3efb2941f93198730d19,wg_insects_t1_bbch10,/home/nfs/data/nvme_datasets/Pictures_CFSB_leaf_damage/2025_10_07_RSFB-Phenotyping_WG1_JLU/2025_10_07_RSFB-Phenotyping_WG1_JLU/20251007_134433.jpg,7.0,4.261630058288574,3.916349411010742,-0.3452807664871216,3.083650588989258,2.738369941711426,rank_margin10,43,single_rater_weak
2025_10_07_RSFB-Phenotyping_WG1_JLU/2025_10_07_RSFB-Phenotyping_WG1_JLU/20251007_134442.jpg,plot_3efb2941f93198730d19,wg_insects_t1_bbch10,/home/nfs/data/nvme_datasets/Pictures_CFSB_leaf_damage/2025_10_07_RSFB-Phenotyping_WG1_JLU/2025_10_07_RSFB-Phenotyping_WG1_JLU/20251007_134442.jpg,21.0,3.6792728900909424,4.539246082305908,0.8599730730056763,16.46075439453125,17.32072639465332,rank_margin10,43,single_rater_weak
2025_10_07_RSFB-Phenotyping_WG1_JLU/2025_10_07_RSFB-Phenotyping_WG1_JLU/20251007_134503.jpg,plot_32302a98de0ae97df1fc,wg_insects_t1_bbch10,/home/nfs/data/nvme_datasets/Pictures_CFSB_leaf_damage/2025_10_07_RSFB-Phenotyping_WG1_JLU/2025_10_07_RSFB-Phenotyping_WG1_JLU/20251007_134503.jpg,6.0,3.185044765472412,3.2840192317962646,0.09897446632385254,2.7159807682037354,2.814955234527588,rank_margin10,43,single_rater_weak
2025_10_07_RSFB-Phenotyping_WG1_JLU/2025_10_07_RSFB-Phenotyping_WG1_JLU/20251007_134510.jpg,plot_32302a98de0ae97df1fc,wg_insects_t1_bbch10,/home/nfs/data/nvme_datasets/Pictures_CFSB_leaf_damage/2025_10_07_RSFB-Phenotyping_WG1_JLU/2025_10_07_RSFB-Phenotyping_WG1_JLU/20251007_134510.jpg,20.0,3.313394546508789,3.9227185249328613,0.6093238592147827,16.077281951904297,16.68660545349121,rank_margin10,43,single_rater_weak
2025_10_07_RSFB-Phenotyping_WG1_JLU/2025_10_07_RSFB-Phenotyping_WG1_JLU/20251007_134517.jpg,plot_32302a98de0ae97df1fc,wg_insects_t1_bbch10,/home/nfs/data/nvme_datasets/Pictures_CFSB_leaf_damage/2025_10_07_RSFB-Phenotyping_WG1_JLU/2025_10_07_RSFB-Phenotyping_WG1_JLU/20251007_134517.jpg,15.0,4.757681846618652,5.8319501876831055,1.0742683410644531,9.168049812316895,10.242318153381348,rank_margin10,43,single_rater_weak
2025_10_07_RSFB-Phenotyping_WG1_JLU/2025_10_07_RSFB-Phenotyping_WG1_JLU/20251007_134607.jpg,plot_553caedde4489480dbef,wg_insects_t1_bbch10,/home/nfs/data/nvme_datasets/Pictures_CFSB_leaf_damage/2025_10_07_RSFB-Phenotyping_WG1_JLU/2025_10_07_RSFB-Phenotyping_WG1_JLU/20251007_134607.jpg,7.0,3.148690700531006,3.1568500995635986,0.008159296587109566,3.8431499004364014,3.851309299468994,rank_margin10,43,single_rater_weak
2025_10_07_RSFB-Phenotyping_WG1_JLU/2025_10_07_RSFB-Phenotyping_WG1_JLU/20251007_134615.jpg,plot_553caedde4489480dbef,wg_insects_t1_bbch10,/home/nfs/data/nvme_datasets/Pictures_CFSB_leaf_damage/2025_10_07_RSFB-Phenotyping_WG1_JLU/2025_10_07_RSFB-Phenotyping_WG1_JLU/20251007_134615.jpg,6.0,3.485612154006958,3.9241905212402344,0.43857845664024353,2.0758094787597656,2.514387845993042,rank_margin10,43,single_rater_weak
2025_10_07_RSFB-Phenotyping_WG1_JLU/2025_10_07_RSFB-Phenotyping_WG1_JLU/20251007_134622.jpg,plot_553caedde4489480dbef,wg_insects_t1_bbch10,/home/nfs/data/nvme_datasets/Pictures_CFSB_leaf_damage/2025_10_07_RSFB-Phenotyping_WG1_JLU/2025_10_07_RSFB-Phenotyping_WG1_JLU/20251007_134622.jpg,4.0,3.519313097000122,4.665902137756348,1.1465892791748047,0.6659021377563477,0.48068690299987793,rank_margin10,43,single_rater_weak
2025_10_07_RSFB-Phenotyping_WG1_JLU/2025_10_07_RSFB-Phenotyping_WG1_JLU/20251007_134640.jpg,plot_0ee2401049b303496bc5,wg_insects_t1_bbch10,/home/nfs/data/nvme_datasets/Pictures_CFSB_leaf_damage/2025_10_07_RSFB-Phenotyping_WG1_JLU/2025_10_07_RSFB-Phenotyping_WG1_JLU/20251007_134640.jpg,3.0,4.264863967895508,5.36073112487793,1.0958672761917114,2.3607311248779297,1.2648639678955078,rank_margin10,43,single_rater_weak
2025_10_07_RSFB-Phenotyping_WG1_JLU/2025_10_07_RSFB-Phenotyping_WG1_JLU/20251007_134648.jpg,plot_0ee2401049b303496bc5,wg_insects_t1_bbch10,/home/nfs/data/nvme_datasets/Pictures_CFSB_leaf_damage/2025_10_07_RSFB-Phenotyping_WG1_JLU/2025_10_07_RSFB-Phenotyping_WG1_JLU/20251007_134648.jpg,4.0,3.2938733100891113,4.337390899658203,1.0435177087783813,0.3373908996582031,0.7061266899108887,rank_margin10,43,single_rater_weak
2025_10_07_RSFB-Phenotyping_WG1_JLU/2025_10_07_RSFB-Phenotyping_WG1_JLU/20251007_134654.jpg,plot_0ee2401049b303496bc5,wg_insects_t1_bbch10,/home/nfs/data/nvme_datasets/Pictures_CFSB_leaf_damage/2025_10_07_RSFB-Phenotyping_WG1_JLU/2025_10_07_RSFB-Phenotyping_WG1_JLU/20251007_134654.jpg,5.0,5.373900413513184,5.796927452087402,0.42302724719047546,0.7969274520874023,0.3739004135131836,rank_margin10,43,single_rater_weak
2025_10_07_RSFB-Phenotyping_WG1_JLU/2025_10_07_RSFB-Phenotyping_WG1_JLU/20251007_134713.jpg,plot_b5ff78134da2cbee9da9,wg_insects_t1_bbch10,/home/nfs/data/nvme_datasets/Pictures_CFSB_leaf_damage/2025_10_07_RSFB-Phenotyping_WG1_JLU/2025_10_07_RSFB-Phenotyping_WG1_JLU/20251007_134713.jpg,2.0,2.9910879135131836,4.300761699676514,1.30967378616333,2.3007616996765137,0.9910879135131836,rank_margin10,43,single_rater_weak
2025_10_07_RSFB-Phenotyping_WG1_JLU/2025_10_07_RSFB-Phenotyping_WG1_JLU/20251007_134721.jpg,plot_b5ff78134da2cbee9da9,wg_insects_t1_bbch10,/home/nfs/data/nvme_datasets/Pictures_CFSB_leaf_damage/2025_10_07_RSFB-Phenotyping_WG1_JLU/2025_10_07_RSFB-Phenotyping_WG1_JLU/20251007_134721.jpg,5.0,4.208320140838623,5.630483150482178,1.4221631288528442,0.6304831504821777,0.791679859161377,rank_margin10,43,single_rater_weak
2025_10_07_RSFB-Phenotyping_WG1_JLU/2025_10_07_RSFB-Phenotyping_WG1_JLU/20251007_134728.jpg,plot_b5ff78134da2cbee9da9,wg_insects_t1_bbch10,/home/nfs/data/nvme_datasets/Pictures_CFSB_leaf_damage/2025_10_07_RSFB-Phenotyping_WG1_JLU/2025_10_07_RSFB-Phenotyping_WG1_JLU/20251007_134728.jpg,7.0,4.099761962890625,4.602680206298828,0.5029184818267822,2.397319793701172,2.900238037109375,rank_margin10,43,single_rater_weak
2025_10_07_RSFB-Phenotyping_WG1_JLU/2025_10_07_RSFB-Phenotyping_WG1_JLU/20251007_134747.jpg,plot_e756a03d19d7a2d30203,wg_insects_t1_bbch10,/home/nfs/data/nvme_datasets/Pictures_CFSB_leaf_damage/2025_10_07_RSFB-Phenotyping_WG1_JLU/2025_10_07_RSFB-Phenotyping_WG1_JLU/20251007_134747.jpg,12.0,3.049128532409668,3.339756965637207,0.2906285226345062,8.660243034362793,8.950871467590332,rank_margin10,43,single_rater_weak
2025_10_07_RSFB-Phenotyping_WG1_JLU/2025_10_07_RSFB-Phenotyping_WG1_JLU/20251007_134753.jpg,plot_e756a03d19d7a2d30203,wg_insects_t1_bbch10,/home/nfs/data/nvme_datasets/Pictures_CFSB_leaf_damage/2025_10_07_RSFB-Phenotyping_WG1_JLU/2025_10_07_RSFB-Phenotyping_WG1_JLU/20251007_134753.jpg,8.0,5.901533126831055,6.794932842254639,0.8933995962142944,1.2050671577453613,2.0984668731689453,rank_margin10,43,single_rater_weak
2025_10_07_RSFB-Phenotyping_WG1_JLU/2025_10_07_RSFB-Phenotyping_WG1_JLU/20251007_134803.jpg,plot_e756a03d19d7a2d30203,wg_insects_t1_bbch10,/home/nfs/data/nvme_datasets/Pictures_CFSB_leaf_damage/2025_10_07_RSFB-Phenotyping_WG1_JLU/2025_10_07_RSFB-Phenotyping_WG1_JLU/20251007_134803.jpg,4.0,3.2278318405151367,3.2908873558044434,0.06305544823408127,0.7091126441955566,0.7721681594848633,rank_margin10,43,single_rater_weak
2025_10_07_RSFB-Phenotyping_WG1_JLU/2025_10_07_RSFB-Phenotyping_WG1_JLU/20251007_134820.jpg,plot_c6b6d66c129d9fca2b7b,wg_insects_t1_bbch10,/home/nfs/data/nvme_datasets/Pictures_CFSB_leaf_damage/2025_10_07_RSFB-Phenotyping_WG1_JLU/2025_10_07_RSFB-Phenotyping_WG1_JLU/20251007_134820.jpg,5.0,4.732010841369629,5.687944412231445,0.9559334516525269,0.6879444122314453,0.2679891586303711,rank_margin10,43,single_rater_weak
2025_10_07_RSFB-Phenotyping_WG1_JLU/2025_10_07_RSFB-Phenotyping_WG1_JLU/20251007_134828.jpg,plot_c6b6d66c129d9fca2b7b,wg_insects_t1_bbch10,/home/nfs/data/nvme_datasets/Pictures_CFSB_leaf_damage/2025_10_07_RSFB-Phenotyping_WG1_JLU/2025_10_07_RSFB-Phenotyping_WG1_JLU/20251007_134828.jpg,7.0,4.453807830810547,5.141439914703369,0.6876319646835327,1.8585600852966309,2.546192169189453,rank_margin10,43,single_rater_weak
2025_10_07_RSFB-Phenotyping_WG1_JLU/2025_10_07_RSFB-Phenotyping_WG1_JLU/20251007_134834.jpg,plot_c6b6d66c129d9fca2b7b,wg_insects_t1_bbch10,/home/nfs/data/nvme_datasets/Pictures_CFSB_leaf_damage/2025_10_07_RSFB-Phenotyping_WG1_JLU/2025_10_07_RSFB-Phenotyping_WG1_JLU/20251007_134834.jpg,5.0,2.967437267303467,4.327818870544434,1.3603813648223877,0.6721811294555664,2.032562732696533,rank_margin10,43,single_rater_weak
2025_10_07_RSFB-Phenotyping_WG1_JLU/2025_10_07_RSFB-Phenotyping_WG1_JLU/20251007_134852.jpg,plot_8340f1a8e5939e69142f,wg_insects_t1_bbch10,/home/nfs/data/nvme_datasets/Pictures_CFSB_leaf_damage/2025_10_07_RSFB-Phenotyping_WG1_JLU/2025_10_07_RSFB-Phenotyping_WG1_JLU/20251007_134852.jpg,3.0,2.531548500061035,2.841707468032837,0.31015899777412415,0.15829253196716309,0.46845149993896484,rank_margin10,43,single_rater_weak
2025_10_07_RSFB-Phenotyping_WG1_JLU/2025_10_07_RSFB-Phenotyping_WG1_JLU/20251007_134900.jpg,plot_8340f1a8e5939e69142f,wg_insects_t1_bbch10,/home/nfs/data/nvme_datasets/Pictures_CFSB_leaf_damage/2025_10_07_RSFB-Phenotyping_WG1_JLU/2025_10_07_RSFB-Phenotyping_WG1_JLU/20251007_134900.jpg,3.0,1.9881629943847656,3.2161622047424316,1.2279990911483765,0.21616220474243164,1.0118370056152344,rank_margin10,43,single_rater_weak
2025_10_07_RSFB-Phenotyping_WG1_JLU/2025_10_07_RSFB-Phenotyping_WG1_JLU/20251007_134912.jpg,plot_8340f1a8e5939e69142f,wg_insects_t1_bbch10,/home/nfs/data/nvme_datasets/Pictures_CFSB_leaf_damage/2025_10_07_RSFB-Phenotyping_WG1_JLU/2025_10_07_RSFB-Phenotyping_WG1_JLU/20251007_134912.jpg,4.0,3.371112585067749,3.6401212215423584,0.2690086364746094,0.3598787784576416,0.628887414932251,rank_margin10,43,single_rater_weak
2025_10_07_RSFB-Phenotyping_WG1_JLU/2025_10_07_RSFB-Phenotyping_WG1_JLU/20251007_134928_001.jpg,plot_b37ece4be73f21235396,wg_insects_t1_bbch10,/home/nfs/data/nvme_datasets/Pictures_CFSB_leaf_damage/2025_10_07_RSFB-Phenotyping_WG1_JLU/2025_10_07_RSFB-Phenotyping_WG1_JLU/20251007_134928_001.jpg,1.0,3.647066831588745,4.427300453186035,0.7802335023880005,3.427300453186035,2.647066831588745,rank_margin10,43,single_rater_weak
2025_10_07_RSFB-Phenotyping_WG1_JLU/2025_10_07_RSFB-Phenotyping_WG1_JLU/20251007_134928_002.jpg,plot_b37ece4be73f21235396,wg_insects_t1_bbch10,/home/nfs/data/nvme_datasets/Pictures_CFSB_leaf_damage/2025_10_07_RSFB-Phenotyping_WG1_JLU/2025_10_07_RSFB-Phenotyping_WG1_JLU/20251007_134928_002.jpg,1.0,3.3825552463531494,4.253178596496582,0.8706231117248535,3.253178596496582,2.3825552463531494,rank_margin10,43,single_rater_weak
2025_10_07_RSFB-Phenotyping_WG1_JLU/2025_10_07_RSFB-Phenotyping_WG1_JLU/20251007_134929.jpg,plot_b37ece4be73f21235396,wg_insects_t1_bbch10,/home/nfs/data/nvme_datasets/Pictures_CFSB_leaf_damage/2025_10_07_RSFB-Phenotyping_WG1_JLU/2025_10_07_RSFB-Phenotyping_WG1_JLU/20251007_134929.jpg,1.0,3.6469712257385254,4.221338272094727,0.5743672251701355,3.2213382720947266,2.6469712257385254,rank_margin10,43,single_rater_weak
2025_10_07_RSFB-Phenotyping_WG1_JLU/2025_10_07_RSFB-Phenotyping_WG1_JLU/20251007_134931.jpg,plot_b37ece4be73f21235396,wg_insects_t1_bbch10,/home/nfs/data/nvme_datasets/Pictures_CFSB_leaf_damage/2025_10_07_RSFB-Phenotyping_WG1_JLU/2025_10_07_RSFB-Phenotyping_WG1_JLU/20251007_134931.jpg,1.0,3.4711785316467285,4.138490676879883,0.6673122048377991,3.138490676879883,2.4711785316467285,rank_margin10,43,single_rater_weak
2025_10_07_RSFB-Phenotyping_WG1_JLU/2025_10_07_RSFB-Phenotyping_WG1_JLU/20251007_134942.jpg,plot_b37ece4be73f21235396,wg_insects_t1_bbch10,/home/nfs/data/nvme_datasets/Pictures_CFSB_leaf_damage/2025_10_07_RSFB-Phenotyping_WG1_JLU/2025_10_07_RSFB-Phenotyping_WG1_JLU/20251007_134942.jpg,1.0,4.029778480529785,5.057263374328613,1.0274850130081177,4.057263374328613,3.029778480529785,rank_margin10,43,single_rater_weak
2025_10_07_RSFB-Phenotyping_WG1_JLU/2025_10_07_RSFB-Phenotyping_WG1_JLU/20251007_135028.jpg,plot_b37ece4be73f21235396,wg_insects_t1_bbch10,/home/nfs/data/nvme_datasets/Pictures_CFSB_leaf_damage/2025_10_07_RSFB-Phenotyping_WG1_JLU/2025_10_07_RSFB-Phenotyping_WG1_JLU/20251007_135028.jpg,1.0,3.43731427192688,3.541316270828247,0.10400191694498062,2.541316270828247,2.43731427192688,rank_margin10,43,single_rater_weak
2025_10_07_RSFB-Phenotyping_WG1_JLU/2025_10_07_RSFB-Phenotyping_WG1_JLU/20251007_135035.jpg,plot_b37ece4be73f21235396,wg_insects_t1_bbch10,/home/nfs/data/nvme_datasets/Pictures_CFSB_leaf_damage/2025_10_07_RSFB-Phenotyping_WG1_JLU/2025_10_07_RSFB-Phenotyping_WG1_JLU/20251007_135035.jpg,3.0,2.4567861557006836,3.760575294494629,1.3037891387939453,0.7605752944946289,0.5432138442993164,rank_margin10,43,single_rater_weak
2025_10_07_RSFB-Phenotyping_WG1_JLU/2025_10_07_RSFB-Phenotyping_WG1_JLU/20251007_135041.jpg,plot_b37ece4be73f21235396,wg_insects_t1_bbch10,/home/nfs/data/nvme_datasets/Pictures_CFSB_leaf_damage/2025_10_07_RSFB-Phenotyping_WG1_JLU/2025_10_07_RSFB-Phenotyping_WG1_JLU/20251007_135041.jpg,2.0,2.6037678718566895,3.5869596004486084,0.9831917881965637,1.5869596004486084,0.6037678718566895,rank_margin10,43,single_rater_weak
2025_10_07_RSFB-Phenotyping_WG1_JLU/2025_10_07_RSFB-Phenotyping_WG1_JLU/20251007_135048.jpg,plot_b37ece4be73f21235396,wg_insects_t1_bbch10,/home/nfs/data/nvme_datasets/Pictures_CFSB_leaf_damage/2025_10_07_RSFB-Phenotyping_WG1_JLU/2025_10_07_RSFB-Phenotyping_WG1_JLU/20251007_135048.jpg,1.0,3.2575016021728516,3.4276959896087646,0.17019449174404144,2.4276959896087646,2.2575016021728516,rank_margin10,43,single_rater_weak
2025_10_07_RSFB-Phenotyping_WG1_JLU/2025_10_07_RSFB-Phenotyping_WG1_JLU/20251007_135105.jpg,plot_703c6d37517647dcb629,wg_insects_t1_bbch10,/home/nfs/data/nvme_datasets/Pictures_CFSB_leaf_damage/2025_10_07_RSFB-Phenotyping_WG1_JLU/2025_10_07_RSFB-Phenotyping_WG1_JLU/20251007_135105.jpg,5.0,3.026111602783203,3.4091038703918457,0.38299235701560974,1.5908961296081543,1.9738883972167969,rank_margin10,43,single_rater_weak
2025_10_07_RSFB-Phenotyping_WG1_JLU/2025_10_07_RSFB-Phenotyping_WG1_JLU/20251007_135113.jpg,plot_703c6d37517647dcb629,wg_insects_t1_bbch10,/home/nfs/data/nvme_datasets/Pictures_CFSB_leaf_damage/2025_10_07_RSFB-Phenotyping_WG1_JLU/2025_10_07_RSFB-Phenotyping_WG1_JLU/20251007_135113.jpg,10.0,3.181446075439453,3.219404697418213,0.03795868158340454,6.780595302581787,6.818553924560547,rank_margin10,43,single_rater_weak
2025_10_07_RSFB-Phenotyping_WG1_JLU/2025_10_07_RSFB-Phenotyping_WG1_JLU/20251007_135120.jpg,plot_703c6d37517647dcb629,wg_insects_t1_bbch10,/home/nfs/data/nvme_datasets/Pictures_CFSB_leaf_damage/2025_10_07_RSFB-Phenotyping_WG1_JLU/2025_10_07_RSFB-Phenotyping_WG1_JLU/20251007_135120.jpg,2.0,3.0398154258728027,4.4428205490112305,1.4030053615570068,2.4428205490112305,1.0398154258728027,rank_margin10,43,single_rater_weak
2025_10_07_RSFB-Phenotyping_WG1_JLU/2025_10_07_RSFB-Phenotyping_WG1_JLU/20251007_135136.jpg,plot_39a5d9a096c24f894a86,wg_insects_t1_bbch10,/home/nfs/data/nvme_datasets/Pictures_CFSB_leaf_damage/2025_10_07_RSFB-Phenotyping_WG1_JLU/2025_10_07_RSFB-Phenotyping_WG1_JLU/20251007_135136.jpg,2.0,2.55344820022583,3.9372024536132812,1.3837542533874512,1.9372024536132812,0.5534482002258301,rank_margin10,43,single_rater_weak
2025_10_07_RSFB-Phenotyping_WG1_JLU/2025_10_07_RSFB-Phenotyping_WG1_JLU/20251007_135142.jpg,plot_39a5d9a096c24f894a86,wg_insects_t1_bbch10,/home/nfs/data/nvme_datasets/Pictures_CFSB_leaf_damage/2025_10_07_RSFB-Phenotyping_WG1_JLU/2025_10_07_RSFB-Phenotyping_WG1_JLU/20251007_135142.jpg,4.0,3.0852856636047363,3.890644073486328,0.8053584098815918,0.10935592651367188,0.9147143363952637,rank_margin10,43,single_rater_weak
2025_10_07_RSFB-Phenotyping_WG1_JLU/2025_10_07_RSFB-Phenotyping_WG1_JLU/20251007_135149.jpg,plot_39a5d9a096c24f894a86,wg_insects_t1_bbch10,/home/nfs/data/nvme_datasets/Pictures_CFSB_leaf_damage/2025_10_07_RSFB-Phenotyping_WG1_JLU/2025_10_07_RSFB-Phenotyping_WG1_JLU/20251007_135149.jpg,8.0,4.651336193084717,5.290286064147949,0.6389501094818115,2.709713935852051,3.348663806915283,rank_margin10,43,single_rater_weak
2025_10_07_RSFB-Phenotyping_WG1_JLU/2025_10_07_RSFB-Phenotyping_WG1_JLU/20251007_135206.jpg,plot_123fb6227016b71de6ed,wg_insects_t1_bbch10,/home/nfs/data/nvme_datasets/Pictures_CFSB_leaf_damage/2025_10_07_RSFB-Phenotyping_WG1_JLU/2025_10_07_RSFB-Phenotyping_WG1_JLU/20251007_135206.jpg,15.0,2.9186573028564453,2.654982328414917,-0.2636750042438507,12.345017433166504,12.081342697143555,rank_margin10,43,single_rater_weak
2025_10_07_RSFB-Phenotyping_WG1_JLU/2025_10_07_RSFB-Phenotyping_WG1_JLU/20251007_135213.jpg,plot_123fb6227016b71de6ed,wg_insects_t1_bbch10,/home/nfs/data/nvme_datasets/Pictures_CFSB_leaf_damage/2025_10_07_RSFB-Phenotyping_WG1_JLU/2025_10_07_RSFB-Phenotyping_WG1_JLU/20251007_135213.jpg,5.0,2.2900662422180176,3.6166207790374756,1.326554536819458,1.3833792209625244,2.7099337577819824,rank_margin10,43,single_rater_weak
2025_10_07_RSFB-Phenotyping_WG1_JLU/2025_10_07_RSFB-Phenotyping_WG1_JLU/20251007_135220.jpg,plot_123fb6227016b71de6ed,wg_insects_t1_bbch10,/home/nfs/data/nvme_datasets/Pictures_CFSB_leaf_damage/2025_10_07_RSFB-Phenotyping_WG1_JLU/2025_10_07_RSFB-Phenotyping_WG1_JLU/20251007_135220.jpg,4.0,5.906536102294922,6.443007469177246,0.5364713668823242,2.443007469177246,1.9065361022949219,rank_margin10,43,single_rater_weak
2025_10_07_RSFB-Phenotyping_WG1_JLU/2025_10_07_RSFB-Phenotyping_WG1_JLU/20251007_135237.jpg,plot_b20da2cb3f64c4a00599,wg_insects_t1_bbch10,/home/nfs/data/nvme_datasets/Pictures_CFSB_leaf_damage/2025_10_07_RSFB-Phenotyping_WG1_JLU/2025_10_07_RSFB-Phenotyping_WG1_JLU/20251007_135237.jpg,12.0,5.314820289611816,6.033485412597656,0.7186652421951294,5.966514587402344,6.685179710388184,rank_margin10,43,single_rater_weak
2025_10_07_RSFB-Phenotyping_WG1_JLU/2025_10_07_RSFB-Phenotyping_WG1_JLU/20251007_135242.jpg,plot_b20da2cb3f64c4a00599,wg_insects_t1_bbch10,/home/nfs/data/nvme_datasets/Pictures_CFSB_leaf_damage/2025_10_07_RSFB-Phenotyping_WG1_JLU/2025_10_07_RSFB-Phenotyping_WG1_JLU/20251007_135242.jpg,5.0,2.8010501861572266,2.7053134441375732,-0.09573683887720108,2.2946865558624268,2.1989498138427734,rank_margin10,43,single_rater_weak
2025_10_07_RSFB-Phenotyping_WG1_JLU/2025_10_07_RSFB-Phenotyping_WG1_JLU/20251007_135306.jpg,plot_63e5acc853f9da264c66,wg_insects_t1_bbch10,/home/nfs/data/nvme_datasets/Pictures_CFSB_leaf_damage/2025_10_07_RSFB-Phenotyping_WG1_JLU/2025_10_07_RSFB-Phenotyping_WG1_JLU/20251007_135306.jpg,1.0,1.8160896301269531,2.825500011444092,1.0094103813171387,1.8255000114440918,0.8160896301269531,rank_margin10,43,single_rater_weak
2025_10_07_RSFB-Phenotyping_WG1_JLU/2025_10_07_RSFB-Phenotyping_WG1_JLU/20251007_135316.jpg,plot_63e5acc853f9da264c66,wg_insects_t1_bbch10,/home/nfs/data/nvme_datasets/Pictures_CFSB_leaf_damage/2025_10_07_RSFB-Phenotyping_WG1_JLU/2025_10_07_RSFB-Phenotyping_WG1_JLU/20251007_135316.jpg,2.0,2.0959925651550293,2.5703399181365967,0.4743473529815674,0.5703399181365967,0.0959925651550293,rank_margin10,43,single_rater_weak
2025_10_07_RSFB-Phenotyping_WG1_JLU/2025_10_07_RSFB-Phenotyping_WG1_JLU/20251007_135322.jpg,plot_63e5acc853f9da264c66,wg_insects_t1_bbch10,/home/nfs/data/nvme_datasets/Pictures_CFSB_leaf_damage/2025_10_07_RSFB-Phenotyping_WG1_JLU/2025_10_07_RSFB-Phenotyping_WG1_JLU/20251007_135322.jpg,1.0,2.9861326217651367,3.406909704208374,0.42077702283859253,2.406909704208374,1.9861326217651367,rank_margin10,43,single_rater_weak
2025_10_07_RSFB-Phenotyping_WG1_JLU/2025_10_07_RSFB-Phenotyping_WG1_JLU/20251007_135337.jpg,plot_8751b5e06eb6ffeec689,wg_insects_t1_bbch10,/home/nfs/data/nvme_datasets/Pictures_CFSB_leaf_damage/2025_10_07_RSFB-Phenotyping_WG1_JLU/2025_10_07_RSFB-Phenotyping_WG1_JLU/20251007_135337.jpg,2.0,2.725402355194092,2.4368088245391846,-0.288593590259552,0.43680882453918457,0.7254023551940918,rank_margin10,43,single_rater_weak
2025_10_07_RSFB-Phenotyping_WG1_JLU/2025_10_07_RSFB-Phenotyping_WG1_JLU/20251007_135343.jpg,plot_8751b5e06eb6ffeec689,wg_insects_t1_bbch10,/home/nfs/data/nvme_datasets/Pictures_CFSB_leaf_damage/2025_10_07_RSFB-Phenotyping_WG1_JLU/2025_10_07_RSFB-Phenotyping_WG1_JLU/20251007_135343.jpg,4.0,3.983921766281128,4.983827114105225,0.9999054074287415,0.9838271141052246,0.01607823371887207,rank_margin10,43,single_rater_weak
2025_10_07_RSFB-Phenotyping_WG1_JLU/2025_10_07_RSFB-Phenotyping_WG1_JLU/20251007_135349.jpg,plot_8751b5e06eb6ffeec689,wg_insects_t1_bbch10,/home/nfs/data/nvme_datasets/Pictures_CFSB_leaf_damage/2025_10_07_RSFB-Phenotyping_WG1_JLU/2025_10_07_RSFB-Phenotyping_WG1_JLU/20251007_135349.jpg,2.0,2.85048770904541,2.6337618827819824,-0.21672582626342773,0.6337618827819824,0.8504877090454102,rank_margin10,43,single_rater_weak
2025_10_07_RSFB-Phenotyping_WG1_JLU/2025_10_07_RSFB-Phenotyping_WG1_JLU/20251007_135406.jpg,plot_279d83b6c8945c8a6c37,wg_insects_t1_bbch10,/home/nfs/data/nvme_datasets/Pictures_CFSB_leaf_damage/2025_10_07_RSFB-Phenotyping_WG1_JLU/2025_10_07_RSFB-Phenotyping_WG1_JLU/20251007_135406.jpg,2.0,4.14279842376709,4.669836521148682,0.5270379185676575,2.6698365211486816,2.14279842376709,rank_margin10,43,single_rater_weak
2025_10_07_RSFB-Phenotyping_WG1_JLU/2025_10_07_RSFB-Phenotyping_WG1_JLU/20251007_135414.jpg,plot_279d83b6c8945c8a6c37,wg_insects_t1_bbch10,/home/nfs/data/nvme_datasets/Pictures_CFSB_leaf_damage/2025_10_07_RSFB-Phenotyping_WG1_JLU/2025_10_07_RSFB-Phenotyping_WG1_JLU/20251007_135414.jpg,3.0,2.7725930213928223,3.5004754066467285,0.7278825044631958,0.5004754066467285,0.22740697860717773,rank_margin10,43,single_rater_weak
2025_10_07_RSFB-Phenotyping_WG1_JLU/2025_10_07_RSFB-Phenotyping_WG1_JLU/20251007_135420.jpg,plot_279d83b6c8945c8a6c37,wg_insects_t1_bbch10,/home/nfs/data/nvme_datasets/Pictures_CFSB_leaf_damage/2025_10_07_RSFB-Phenotyping_WG1_JLU/2025_10_07_RSFB-Phenotyping_WG1_JLU/20251007_135420.jpg,2.0,3.3076767921447754,3.431647777557373,0.12397109717130661,1.431647777557373,1.3076767921447754,rank_margin10,43,single_rater_weak
2025_10_07_RSFB-Phenotyping_WG1_JLU/2025_10_07_RSFB-Phenotyping_WG1_JLU/20251007_135436.jpg,plot_75d8d7a2141a2b398071,wg_insects_t1_bbch10,/home/nfs/data/nvme_datasets/Pictures_CFSB_leaf_damage/2025_10_07_RSFB-Phenotyping_WG1_JLU/2025_10_07_RSFB-Phenotyping_WG1_JLU/20251007_135436.jpg,3.0,2.0934648513793945,3.6031694412231445,1.50970458984375,0.6031694412231445,0.9065351486206055,rank_margin10,43,single_rater_weak
2025_10_07_RSFB-Phenotyping_WG1_JLU/2025_10_07_RSFB-Phenotyping_WG1_JLU/20251007_135442.jpg,plot_75d8d7a2141a2b398071,wg_insects_t1_bbch10,/home/nfs/data/nvme_datasets/Pictures_CFSB_leaf_damage/2025_10_07_RSFB-Phenotyping_WG1_JLU/2025_10_07_RSFB-Phenotyping_WG1_JLU/20251007_135442.jpg,5.0,2.8169188499450684,3.297477960586548,0.4805591106414795,1.7025220394134521,2.1830811500549316,rank_margin10,43,single_rater_weak
2025_10_07_RSFB-Phenotyping_WG1_JLU/2025_10_07_RSFB-Phenotyping_WG1_JLU/20251007_135447.jpg,plot_75d8d7a2141a2b398071,wg_insects_t1_bbch10,/home/nfs/data/nvme_datasets/Pictures_CFSB_leaf_damage/2025_10_07_RSFB-Phenotyping_WG1_JLU/2025_10_07_RSFB-Phenotyping_WG1_JLU/20251007_135447.jpg,2.0,2.957270622253418,3.180427074432373,0.2231564223766327,1.180427074432373,0.957270622253418,rank_margin10,43,single_rater_weak
2025_10_07_RSFB-Phenotyping_WG1_JLU/2025_10_07_RSFB-Phenotyping_WG1_JLU/20251007_135506.jpg,plot_391b7b2cd084a1a57456,wg_insects_t1_bbch10,/home/nfs/data/nvme_datasets/Pictures_CFSB_leaf_damage/2025_10_07_RSFB-Phenotyping_WG1_JLU/2025_10_07_RSFB-Phenotyping_WG1_JLU/20251007_135506.jpg,1.0,2.3380179405212402,3.3789491653442383,1.040931224822998,2.3789491653442383,1.3380179405212402,rank_margin10,43,single_rater_weak
2025_10_07_RSFB-Phenotyping_WG1_JLU/2025_10_07_RSFB-Phenotyping_WG1_JLU/20251007_135512.jpg,plot_391b7b2cd084a1a57456,wg_insects_t1_bbch10,/home/nfs/data/nvme_datasets/Pictures_CFSB_leaf_damage/2025_10_07_RSFB-Phenotyping_WG1_JLU/2025_10_07_RSFB-Phenotyping_WG1_JLU/20251007_135512.jpg,1.0,3.1576194763183594,4.146448135375977,0.9888288974761963,3.1464481353759766,2.1576194763183594,rank_margin10,43,single_rater_weak
2025_10_07_RSFB-Phenotyping_WG1_JLU/2025_10_07_RSFB-Phenotyping_WG1_JLU/20251007_135518.jpg,plot_391b7b2cd084a1a57456,wg_insects_t1_bbch10,/home/nfs/data/nvme_datasets/Pictures_CFSB_leaf_damage/2025_10_07_RSFB-Phenotyping_WG1_JLU/2025_10_07_RSFB-Phenotyping_WG1_JLU/20251007_135518.jpg,2.0,2.8990097045898438,4.456881999969482,1.5578722953796387,2.4568819999694824,0.8990097045898438,rank_margin10,43,single_rater_weak
2025_10_07_RSFB-Phenotyping_WG1_JLU/2025_10_07_RSFB-Phenotyping_WG1_JLU/20251007_135535.jpg,plot_784047cfbf20092543c1,wg_insects_t1_bbch10,/home/nfs/data/nvme_datasets/Pictures_CFSB_leaf_damage/2025_10_07_RSFB-Phenotyping_WG1_JLU/2025_10_07_RSFB-Phenotyping_WG1_JLU/20251007_135535.jpg,2.0,2.730782985687256,3.7713394165039062,1.04055655002594,1.7713394165039062,0.7307829856872559,rank_margin10,43,single_rater_weak
2025_10_07_RSFB-Phenotyping_WG1_JLU/2025_10_07_RSFB-Phenotyping_WG1_JLU/20251007_135543.jpg,plot_784047cfbf20092543c1,wg_insects_t1_bbch10,/home/nfs/data/nvme_datasets/Pictures_CFSB_leaf_damage/2025_10_07_RSFB-Phenotyping_WG1_JLU/2025_10_07_RSFB-Phenotyping_WG1_JLU/20251007_135543.jpg,8.0,6.871976375579834,7.9144287109375,1.042452096939087,0.0855712890625,1.128023624420166,rank_margin10,43,single_rater_weak
2025_10_07_RSFB-Phenotyping_WG1_JLU/2025_10_07_RSFB-Phenotyping_WG1_JLU/20251007_135550.jpg,plot_784047cfbf20092543c1,wg_insects_t1_bbch10,/home/nfs/data/nvme_datasets/Pictures_CFSB_leaf_damage/2025_10_07_RSFB-Phenotyping_WG1_JLU/2025_10_07_RSFB-Phenotyping_WG1_JLU/20251007_135550.jpg,3.0,4.9374589920043945,6.241617679595947,1.3041585683822632,3.2416176795959473,1.9374589920043945,rank_margin10,43,single_rater_weak
2025_10_07_RSFB-Phenotyping_WG1_JLU/2025_10_07_RSFB-Phenotyping_WG1_JLU/20251007_135610.jpg,plot_d5cfc93370f06cfcb0c7,wg_insects_t1_bbch10,/home/nfs/data/nvme_datasets/Pictures_CFSB_leaf_damage/2025_10_07_RSFB-Phenotyping_WG1_JLU/2025_10_07_RSFB-Phenotyping_WG1_JLU/20251007_135610.jpg,3.0,2.7141523361206055,2.669534921646118,-0.044617507606744766,0.33046507835388184,0.28584766387939453,rank_margin10,43,single_rater_weak
2025_10_07_RSFB-Phenotyping_WG1_JLU/2025_10_07_RSFB-Phenotyping_WG1_JLU/20251007_135616.jpg,plot_d5cfc93370f06cfcb0c7,wg_insects_t1_bbch10,/home/nfs/data/nvme_datasets/Pictures_CFSB_leaf_damage/2025_10_07_RSFB-Phenotyping_WG1_JLU/2025_10_07_RSFB-Phenotyping_WG1_JLU/20251007_135616.jpg,2.0,3.1280078887939453,2.894226551055908,-0.2337813675403595,0.8942265510559082,1.1280078887939453,rank_margin10,43,single_rater_weak
2025_10_07_RSFB-Phenotyping_WG1_JLU/2025_10_07_RSFB-Phenotyping_WG1_JLU/20251007_135622.jpg,plot_d5cfc93370f06cfcb0c7,wg_insects_t1_bbch10,/home/nfs/data/nvme_datasets/Pictures_CFSB_leaf_damage/2025_10_07_RSFB-Phenotyping_WG1_JLU/2025_10_07_RSFB-Phenotyping_WG1_JLU/20251007_135622.jpg,32.0,14.899188995361328,14.801716804504395,-0.09747244417667389,17.198284149169922,17.100811004638672,rank_margin10,43,single_rater_weak
2025_10_07_RSFB-Phenotyping_WG1_JLU/2025_10_07_RSFB-Phenotyping_WG1_JLU/20251007_135638.jpg,plot_c0cf3bf80f64b46d97d5,wg_insects_t1_bbch10,/home/nfs/data/nvme_datasets/Pictures_CFSB_leaf_damage/2025_10_07_RSFB-Phenotyping_WG1_JLU/2025_10_07_RSFB-Phenotyping_WG1_JLU/20251007_135638.jpg,2.0,5.555531024932861,6.85191011428833,1.2963789701461792,4.85191011428833,3.5555310249328613,rank_margin10,43,single_rater_weak
2025_10_07_RSFB-Phenotyping_WG1_JLU/2025_10_07_RSFB-Phenotyping_WG1_JLU/20251007_135644.jpg,plot_c0cf3bf80f64b46d97d5,wg_insects_t1_bbch10,/home/nfs/data/nvme_datasets/Pictures_CFSB_leaf_damage/2025_10_07_RSFB-Phenotyping_WG1_JLU/2025_10_07_RSFB-Phenotyping_WG1_JLU/20251007_135644.jpg,4.0,3.586724281311035,4.120763301849365,0.5340391993522644,0.12076330184936523,0.41327571868896484,rank_margin10,43,single_rater_weak
2025_10_07_RSFB-Phenotyping_WG1_JLU/2025_10_07_RSFB-Phenotyping_WG1_JLU/20251007_135649.jpg,plot_c0cf3bf80f64b46d97d5,wg_insects_t1_bbch10,/home/nfs/data/nvme_datasets/Pictures_CFSB_leaf_damage/2025_10_07_RSFB-Phenotyping_WG1_JLU/2025_10_07_RSFB-Phenotyping_WG1_JLU/20251007_135649.jpg,1.0,6.399509906768799,7.25340461730957,0.853894829750061,6.25340461730957,5.399509906768799,rank_margin10,43,single_rater_weak
2025_10_07_RSFB-Phenotyping_WG1_JLU/2025_10_07_RSFB-Phenotyping_WG1_JLU/20251007_135707.jpg,plot_7994b465855ba89ef3f7,wg_insects_t1_bbch10,/home/nfs/data/nvme_datasets/Pictures_CFSB_leaf_damage/2025_10_07_RSFB-Phenotyping_WG1_JLU/2025_10_07_RSFB-Phenotyping_WG1_JLU/20251007_135707.jpg,6.0,5.907803535461426,7.259830951690674,1.3520275354385376,1.2598309516906738,0.09219646453857422,rank_margin10,43,single_rater_weak
2025_10_07_RSFB-Phenotyping_WG1_JLU/2025_10_07_RSFB-Phenotyping_WG1_JLU/20251007_135713.jpg,plot_7994b465855ba89ef3f7,wg_insects_t1_bbch10,/home/nfs/data/nvme_datasets/Pictures_CFSB_leaf_damage/2025_10_07_RSFB-Phenotyping_WG1_JLU/2025_10_07_RSFB-Phenotyping_WG1_JLU/20251007_135713.jpg,3.0,3.886780261993408,5.26957368850708,1.3827933073043823,2.26957368850708,0.8867802619934082,rank_margin10,43,single_rater_weak
2025_10_07_RSFB-Phenotyping_WG1_JLU/2025_10_07_RSFB-Phenotyping_WG1_JLU/20251007_135720.jpg,plot_7994b465855ba89ef3f7,wg_insects_t1_bbch10,/home/nfs/data/nvme_datasets/Pictures_CFSB_leaf_damage/2025_10_07_RSFB-Phenotyping_WG1_JLU/2025_10_07_RSFB-Phenotyping_WG1_JLU/20251007_135720.jpg,7.0,5.510242938995361,6.243300437927246,0.7330573797225952,0.7566995620727539,1.4897570610046387,rank_margin10,43,single_rater_weak
2025_10_07_RSFB-Phenotyping_WG1_JLU/2025_10_07_RSFB-Phenotyping_WG1_JLU/20251007_135735.jpg,plot_f7ae4a70541e93d0656c,wg_insects_t1_bbch10,/home/nfs/data/nvme_datasets/Pictures_CFSB_leaf_damage/2025_10_07_RSFB-Phenotyping_WG1_JLU/2025_10_07_RSFB-Phenotyping_WG1_JLU/20251007_135735.jpg,2.0,4.301476001739502,5.68633508682251,1.3848590850830078,3.6863350868225098,2.301476001739502,rank_margin10,43,single_rater_weak
2025_10_07_RSFB-Phenotyping_WG1_JLU/2025_10_07_RSFB-Phenotyping_WG1_JLU/20251007_135741.jpg,plot_f7ae4a70541e93d0656c,wg_insects_t1_bbch10,/home/nfs/data/nvme_datasets/Pictures_CFSB_leaf_damage/2025_10_07_RSFB-Phenotyping_WG1_JLU/2025_10_07_RSFB-Phenotyping_WG1_JLU/20251007_135741.jpg,4.0,5.322671890258789,6.181247711181641,0.8585758209228516,2.1812477111816406,1.322671890258789,rank_margin10,43,single_rater_weak
2025_10_07_RSFB-Phenotyping_WG1_JLU/2025_10_07_RSFB-Phenotyping_WG1_JLU/20251007_135746.jpg,plot_f7ae4a70541e93d0656c,wg_insects_t1_bbch10,/home/nfs/data/nvme_datasets/Pictures_CFSB_leaf_damage/2025_10_07_RSFB-Phenotyping_WG1_JLU/2025_10_07_RSFB-Phenotyping_WG1_JLU/20251007_135746.jpg,4.0,3.929838180541992,4.119270324707031,0.18943198025226593,0.11927032470703125,0.07016181945800781,rank_margin10,43,single_rater_weak
2025_10_07_RSFB-Phenotyping_WG1_JLU/2025_10_07_RSFB-Phenotyping_WG1_JLU/20251007_135805.jpg,plot_5f1d72a5413cc21a71ee,wg_insects_t1_bbch10,/home/nfs/data/nvme_datasets/Pictures_CFSB_leaf_damage/2025_10_07_RSFB-Phenotyping_WG1_JLU/2025_10_07_RSFB-Phenotyping_WG1_JLU/20251007_135805.jpg,2.0,3.5484790802001953,4.573597431182861,1.0251184701919556,2.5735974311828613,1.5484790802001953,rank_margin10,43,single_rater_weak
2025_10_07_RSFB-Phenotyping_WG1_JLU/2025_10_07_RSFB-Phenotyping_WG1_JLU/20251007_135811.jpg,plot_5f1d72a5413cc21a71ee,wg_insects_t1_bbch10,/home/nfs/data/nvme_datasets/Pictures_CFSB_leaf_damage/2025_10_07_RSFB-Phenotyping_WG1_JLU/2025_10_07_RSFB-Phenotyping_WG1_JLU/20251007_135811.jpg,2.0,3.126955032348633,3.2027995586395264,0.07584461569786072,1.2027995586395264,1.1269550323486328,rank_margin10,43,single_rater_weak
2025_10_07_RSFB-Phenotyping_WG1_JLU/2025_10_07_RSFB-Phenotyping_WG1_JLU/20251007_135817.jpg,plot_5f1d72a5413cc21a71ee,wg_insects_t1_bbch10,/home/nfs/data/nvme_datasets/Pictures_CFSB_leaf_damage/2025_10_07_RSFB-Phenotyping_WG1_JLU/2025_10_07_RSFB-Phenotyping_WG1_JLU/20251007_135817.jpg,3.0,3.157824993133545,3.5740952491760254,0.41627031564712524,0.5740952491760254,0.15782499313354492,rank_margin10,43,single_rater_weak
2025_10_07_RSFB-Phenotyping_WG1_JLU/2025_10_07_RSFB-Phenotyping_WG1_JLU/20251007_135834.jpg,plot_21695cfe70d5bb799d9f,wg_insects_t1_bbch10,/home/nfs/data/nvme_datasets/Pictures_CFSB_leaf_damage/2025_10_07_RSFB-Phenotyping_WG1_JLU/2025_10_07_RSFB-Phenotyping_WG1_JLU/20251007_135834.jpg,4.0,2.941511631011963,3.0703165531158447,0.12880492210388184,0.9296834468841553,1.058488368988037,rank_margin10,43,single_rater_weak
2025_10_07_RSFB-Phenotyping_WG1_JLU/2025_10_07_RSFB-Phenotyping_WG1_JLU/20251007_135838.jpg,plot_21695cfe70d5bb799d9f,wg_insects_t1_bbch10,/home/nfs/data/nvme_datasets/Pictures_CFSB_leaf_damage/2025_10_07_RSFB-Phenotyping_WG1_JLU/2025_10_07_RSFB-Phenotyping_WG1_JLU/20251007_135838.jpg,3.0,3.2387614250183105,3.633554458618164,0.3947930335998535,0.6335544586181641,0.23876142501831055,rank_margin10,43,single_rater_weak
2025_10_07_RSFB-Phenotyping_WG1_JLU/2025_10_07_RSFB-Phenotyping_WG1_JLU/20251007_135843.jpg,plot_21695cfe70d5bb799d9f,wg_insects_t1_bbch10,/home/nfs/data/nvme_datasets/Pictures_CFSB_leaf_damage/2025_10_07_RSFB-Phenotyping_WG1_JLU/2025_10_07_RSFB-Phenotyping_WG1_JLU/20251007_135843.jpg,5.0,4.2571611404418945,4.260173797607422,0.0030126653145998716,0.7398262023925781,0.7428388595581055,rank_margin10,43,single_rater_weak
2025_10_07_RSFB-Phenotyping_WG1_JLU/2025_10_07_RSFB-Phenotyping_WG1_JLU/20251007_135903.jpg,plot_b05a9a381ed5bb6bb939,wg_insects_t1_bbch10,/home/nfs/data/nvme_datasets/Pictures_CFSB_leaf_damage/2025_10_07_RSFB-Phenotyping_WG1_JLU/2025_10_07_RSFB-Phenotyping_WG1_JLU/20251007_135903.jpg,3.0,2.424936294555664,2.9434924125671387,0.5185561180114746,0.05650758743286133,0.5750637054443359,rank_margin10,43,single_rater_weak
2025_10_07_RSFB-Phenotyping_WG1_JLU/2025_10_07_RSFB-Phenotyping_WG1_JLU/20251007_135907.jpg,plot_b05a9a381ed5bb6bb939,wg_insects_t1_bbch10,/home/nfs/data/nvme_datasets/Pictures_CFSB_leaf_damage/2025_10_07_RSFB-Phenotyping_WG1_JLU/2025_10_07_RSFB-Phenotyping_WG1_JLU/20251007_135907.jpg,7.0,3.020690441131592,3.3796517848968506,0.3589613735675812,3.6203482151031494,3.979309558868408,rank_margin10,43,single_rater_weak
2025_10_07_RSFB-Phenotyping_WG1_JLU/2025_10_07_RSFB-Phenotyping_WG1_JLU/20251007_135913.jpg,plot_b05a9a381ed5bb6bb939,wg_insects_t1_bbch10,/home/nfs/data/nvme_datasets/Pictures_CFSB_leaf_damage/2025_10_07_RSFB-Phenotyping_WG1_JLU/2025_10_07_RSFB-Phenotyping_WG1_JLU/20251007_135913.jpg,6.0,3.1765499114990234,3.362046241760254,0.18549633026123047,2.637953758239746,2.8234500885009766,rank_margin10,43,single_rater_weak
2025_10_07_RSFB-Phenotyping_WG1_JLU/2025_10_07_RSFB-Phenotyping_WG1_JLU/20251007_135930.jpg,plot_c04069eb316edaeedad5,wg_insects_t1_bbch10,/home/nfs/data/nvme_datasets/Pictures_CFSB_leaf_damage/2025_10_07_RSFB-Phenotyping_WG1_JLU/2025_10_07_RSFB-Phenotyping_WG1_JLU/20251007_135930.jpg,4.0,2.776381492614746,2.8852338790893555,0.10885249078273773,1.1147661209106445,1.223618507385254,rank_margin10,43,single_rater_weak
2025_10_07_RSFB-Phenotyping_WG1_JLU/2025_10_07_RSFB-Phenotyping_WG1_JLU/20251007_135935.jpg,plot_c04069eb316edaeedad5,wg_insects_t1_bbch10,/home/nfs/data/nvme_datasets/Pictures_CFSB_leaf_damage/2025_10_07_RSFB-Phenotyping_WG1_JLU/2025_10_07_RSFB-Phenotyping_WG1_JLU/20251007_135935.jpg,2.0,2.2316102981567383,1.7740087509155273,-0.45760148763656616,0.22599124908447266,0.23161029815673828,rank_margin10,43,single_rater_weak
2025_10_07_RSFB-Phenotyping_WG1_JLU/2025_10_07_RSFB-Phenotyping_WG1_JLU/20251007_135941.jpg,plot_c04069eb316edaeedad5,wg_insects_t1_bbch10,/home/nfs/data/nvme_datasets/Pictures_CFSB_leaf_damage/2025_10_07_RSFB-Phenotyping_WG1_JLU/2025_10_07_RSFB-Phenotyping_WG1_JLU/20251007_135941.jpg,2.0,1.8147501945495605,2.2455544471740723,0.43080437183380127,0.24555444717407227,0.18524980545043945,rank_margin10,43,single_rater_weak
2025_10_07_RSFB-Phenotyping_WG1_JLU/2025_10_07_RSFB-Phenotyping_WG1_JLU/20251007_140002.jpg,plot_be3c0739df7f361261c9,wg_insects_t1_bbch10,/home/nfs/data/nvme_datasets/Pictures_CFSB_leaf_damage/2025_10_07_RSFB-Phenotyping_WG1_JLU/2025_10_07_RSFB-Phenotyping_WG1_JLU/20251007_140002.jpg,3.0,4.88292121887207,6.098444938659668,1.215523600578308,3.098444938659668,1.8829212188720703,rank_margin10,43,single_rater_weak
2025_10_07_RSFB-Phenotyping_WG1_JLU/2025_10_07_RSFB-Phenotyping_WG1_JLU/20251007_140007.jpg,plot_be3c0739df7f361261c9,wg_insects_t1_bbch10,/home/nfs/data/nvme_datasets/Pictures_CFSB_leaf_damage/2025_10_07_RSFB-Phenotyping_WG1_JLU/2025_10_07_RSFB-Phenotyping_WG1_JLU/20251007_140007.jpg,1.0,3.038334369659424,2.8539810180664062,-0.18435336649417877,1.8539810180664062,2.038334369659424,rank_margin10,43,single_rater_weak
2025_10_07_RSFB-Phenotyping_WG1_JLU/2025_10_07_RSFB-Phenotyping_WG1_JLU/20251007_140013.jpg,plot_be3c0739df7f361261c9,wg_insects_t1_bbch10,/home/nfs/data/nvme_datasets/Pictures_CFSB_leaf_damage/2025_10_07_RSFB-Phenotyping_WG1_JLU/2025_10_07_RSFB-Phenotyping_WG1_JLU/20251007_140013.jpg,5.0,2.317188262939453,2.2819325923919678,-0.0352555587887764,2.7180674076080322,2.682811737060547,rank_margin10,43,single_rater_weak
2025_10_07_RSFB-Phenotyping_WG1_JLU/2025_10_07_RSFB-Phenotyping_WG1_JLU/20251007_140028.jpg,plot_297f57dd119bda5f0a2b,wg_insects_t1_bbch10,/home/nfs/data/nvme_datasets/Pictures_CFSB_leaf_damage/2025_10_07_RSFB-Phenotyping_WG1_JLU/2025_10_07_RSFB-Phenotyping_WG1_JLU/20251007_140028.jpg,4.0,2.944924831390381,3.792294979095459,0.8473701477050781,0.20770502090454102,1.0550751686096191,rank_margin10,43,single_rater_weak
2025_10_07_RSFB-Phenotyping_WG1_JLU/2025_10_07_RSFB-Phenotyping_WG1_JLU/20251007_140034.jpg,plot_297f57dd119bda5f0a2b,wg_insects_t1_bbch10,/home/nfs/data/nvme_datasets/Pictures_CFSB_leaf_damage/2025_10_07_RSFB-Phenotyping_WG1_JLU/2025_10_07_RSFB-Phenotyping_WG1_JLU/20251007_140034.jpg,18.0,4.381537437438965,5.812155246734619,1.4306178092956543,12.187845230102539,13.618462562561035,rank_margin10,43,single_rater_weak
2025_10_07_RSFB-Phenotyping_WG1_JLU/2025_10_07_RSFB-Phenotyping_WG1_JLU/20251007_140039.jpg,plot_297f57dd119bda5f0a2b,wg_insects_t1_bbch10,/home/nfs/data/nvme_datasets/Pictures_CFSB_leaf_damage/2025_10_07_RSFB-Phenotyping_WG1_JLU/2025_10_07_RSFB-Phenotyping_WG1_JLU/20251007_140039.jpg,14.0,4.322799205780029,4.950446128845215,0.6276471018791199,9.049553871154785,9.677200317382812,rank_margin10,43,single_rater_weak
2025_10_07_RSFB-Phenotyping_WG1_JLU/2025_10_07_RSFB-Phenotyping_WG1_JLU/20251007_140055.jpg,plot_2f19274e2dd50563c731,wg_insects_t1_bbch10,/home/nfs/data/nvme_datasets/Pictures_CFSB_leaf_damage/2025_10_07_RSFB-Phenotyping_WG1_JLU/2025_10_07_RSFB-Phenotyping_WG1_JLU/20251007_140055.jpg,4.0,3.8334338665008545,4.3390936851501465,0.5056598782539368,0.3390936851501465,0.1665661334991455,rank_margin10,43,single_rater_weak
2025_10_07_RSFB-Phenotyping_WG1_JLU/2025_10_07_RSFB-Phenotyping_WG1_JLU/20251007_140059(0).jpg,plot_2f19274e2dd50563c731,wg_insects_t1_bbch10,/home/nfs/data/nvme_datasets/Pictures_CFSB_leaf_damage/2025_10_07_RSFB-Phenotyping_WG1_JLU/2025_10_07_RSFB-Phenotyping_WG1_JLU/20251007_140059(0).jpg,3.0,4.489925861358643,5.155172824859619,0.6652471423149109,2.155172824859619,1.4899258613586426,rank_margin10,43,single_rater_weak
2025_10_07_RSFB-Phenotyping_WG1_JLU/2025_10_07_RSFB-Phenotyping_WG1_JLU/20251007_140059.jpg,plot_2f19274e2dd50563c731,wg_insects_t1_bbch10,/home/nfs/data/nvme_datasets/Pictures_CFSB_leaf_damage/2025_10_07_RSFB-Phenotyping_WG1_JLU/2025_10_07_RSFB-Phenotyping_WG1_JLU/20251007_140059.jpg,3.0,4.120746612548828,4.740412712097168,0.6196659803390503,1.740412712097168,1.1207466125488281,rank_margin10,43,single_rater_weak
2025_10_07_RSFB-Phenotyping_WG1_JLU/2025_10_07_RSFB-Phenotyping_WG1_JLU/20251007_140106.jpg,plot_2f19274e2dd50563c731,wg_insects_t1_bbch10,/home/nfs/data/nvme_datasets/Pictures_CFSB_leaf_damage/2025_10_07_RSFB-Phenotyping_WG1_JLU/2025_10_07_RSFB-Phenotyping_WG1_JLU/20251007_140106.jpg,6.0,3.2119622230529785,3.5517759323120117,0.33981359004974365,2.4482240676879883,2.7880377769470215,rank_margin10,43,single_rater_weak
2025_10_07_RSFB-Phenotyping_WG1_JLU/2025_10_07_RSFB-Phenotyping_WG1_JLU/20251007_140125.jpg,plot_223bd36920a6f0acce98,wg_insects_t1_bbch10,/home/nfs/data/nvme_datasets/Pictures_CFSB_leaf_damage/2025_10_07_RSFB-Phenotyping_WG1_JLU/2025_10_07_RSFB-Phenotyping_WG1_JLU/20251007_140125.jpg,8.0,2.9077892303466797,3.3500702381134033,0.44228094816207886,4.649930000305176,5.09221076965332,rank_margin10,43,single_rater_weak
2025_10_07_RSFB-Phenotyping_WG1_JLU/2025_10_07_RSFB-Phenotyping_WG1_JLU/20251007_140130.jpg,plot_223bd36920a6f0acce98,wg_insects_t1_bbch10,/home/nfs/data/nvme_datasets/Pictures_CFSB_leaf_damage/2025_10_07_RSFB-Phenotyping_WG1_JLU/2025_10_07_RSFB-Phenotyping_WG1_JLU/20251007_140130.jpg,28.0,11.806681632995605,12.764616966247559,0.9579353928565979,15.235383033752441,16.193317413330078,rank_margin10,43,single_rater_weak
2025_10_07_RSFB-Phenotyping_WG1_JLU/2025_10_07_RSFB-Phenotyping_WG1_JLU/20251007_140135.jpg,plot_223bd36920a6f0acce98,wg_insects_t1_bbch10,/home/nfs/data/nvme_datasets/Pictures_CFSB_leaf_damage/2025_10_07_RSFB-Phenotyping_WG1_JLU/2025_10_07_RSFB-Phenotyping_WG1_JLU/20251007_140135.jpg,3.0,2.1829233169555664,2.049738883972168,-0.1331845223903656,0.950261116027832,0.8170766830444336,rank_margin10,43,single_rater_weak
2025_10_07_RSFB-Phenotyping_WG1_JLU/2025_10_07_RSFB-Phenotyping_WG1_JLU/20251007_140152.jpg,plot_4e525a5594354b5813c5,wg_insects_t1_bbch10,/home/nfs/data/nvme_datasets/Pictures_CFSB_leaf_damage/2025_10_07_RSFB-Phenotyping_WG1_JLU/2025_10_07_RSFB-Phenotyping_WG1_JLU/20251007_140152.jpg,2.0,3.2807717323303223,3.158330202102661,-0.1224416047334671,1.1583302021026611,1.2807717323303223,rank_margin10,43,single_rater_weak
2025_10_07_RSFB-Phenotyping_WG1_JLU/2025_10_07_RSFB-Phenotyping_WG1_JLU/20251007_140200.jpg,plot_4e525a5594354b5813c5,wg_insects_t1_bbch10,/home/nfs/data/nvme_datasets/Pictures_CFSB_leaf_damage/2025_10_07_RSFB-Phenotyping_WG1_JLU/2025_10_07_RSFB-Phenotyping_WG1_JLU/20251007_140200.jpg,3.0,3.7684314250946045,4.31620979309082,0.5477784276008606,1.3162097930908203,0.7684314250946045,rank_margin10,43,single_rater_weak
2025_10_07_RSFB-Phenotyping_WG1_JLU/2025_10_07_RSFB-Phenotyping_WG1_JLU/20251007_140206.jpg,plot_4e525a5594354b5813c5,wg_insects_t1_bbch10,/home/nfs/data/nvme_datasets/Pictures_CFSB_leaf_damage/2025_10_07_RSFB-Phenotyping_WG1_JLU/2025_10_07_RSFB-Phenotyping_WG1_JLU/20251007_140206.jpg,4.0,2.4566640853881836,2.7661142349243164,0.30945003032684326,1.2338857650756836,1.5433359146118164,rank_margin10,43,single_rater_weak
2025_10_07_RSFB-Phenotyping_WG1_JLU/2025_10_07_RSFB-Phenotyping_WG1_JLU/20251007_140229.jpg,plot_84263b33a357d0cbb029,wg_insects_t1_bbch10,/home/nfs/data/nvme_datasets/Pictures_CFSB_leaf_damage/2025_10_07_RSFB-Phenotyping_WG1_JLU/2025_10_07_RSFB-Phenotyping_WG1_JLU/20251007_140229.jpg,2.0,1.9184050559997559,2.552638053894043,0.6342329978942871,0.552638053894043,0.08159494400024414,rank_margin10,43,single_rater_weak
2025_10_07_RSFB-Phenotyping_WG1_JLU/2025_10_07_RSFB-Phenotyping_WG1_JLU/20251007_140235.jpg,plot_84263b33a357d0cbb029,wg_insects_t1_bbch10,/home/nfs/data/nvme_datasets/Pictures_CFSB_leaf_damage/2025_10_07_RSFB-Phenotyping_WG1_JLU/2025_10_07_RSFB-Phenotyping_WG1_JLU/20251007_140235.jpg,7.0,3.077780246734619,3.5994961261749268,0.5217158794403076,3.4005038738250732,3.922219753265381,rank_margin10,43,single_rater_weak
2025_10_07_RSFB-Phenotyping_WG1_JLU/2025_10_07_RSFB-Phenotyping_WG1_JLU/20251007_140241.jpg,plot_84263b33a357d0cbb029,wg_insects_t1_bbch10,/home/nfs/data/nvme_datasets/Pictures_CFSB_leaf_damage/2025_10_07_RSFB-Phenotyping_WG1_JLU/2025_10_07_RSFB-Phenotyping_WG1_JLU/20251007_140241.jpg,3.0,4.822954177856445,5.725787162780762,0.9028328657150269,2.7257871627807617,1.8229541778564453,rank_margin10,43,single_rater_weak
2025_10_07_RSFB-Phenotyping_WG1_JLU/2025_10_07_RSFB-Phenotyping_WG1_JLU/20251007_140304.jpg,plot_1b506e2dd76da396d0a7,wg_insects_t1_bbch10,/home/nfs/data/nvme_datasets/Pictures_CFSB_leaf_damage/2025_10_07_RSFB-Phenotyping_WG1_JLU/2025_10_07_RSFB-Phenotyping_WG1_JLU/20251007_140304.jpg,6.0,3.413895845413208,3.7974753379821777,0.3835794925689697,2.2025246620178223,2.586104154586792,rank_margin10,43,single_rater_weak
2025_10_07_RSFB-Phenotyping_WG1_JLU/2025_10_07_RSFB-Phenotyping_WG1_JLU/20251007_140310.jpg,plot_1b506e2dd76da396d0a7,wg_insects_t1_bbch10,/home/nfs/data/nvme_datasets/Pictures_CFSB_leaf_damage/2025_10_07_RSFB-Phenotyping_WG1_JLU/2025_10_07_RSFB-Phenotyping_WG1_JLU/20251007_140310.jpg,3.0,3.2807531356811523,3.691183090209961,0.41042986512184143,0.6911830902099609,0.28075313568115234,rank_margin10,43,single_rater_weak
2025_10_07_RSFB-Phenotyping_WG1_JLU/2025_10_07_RSFB-Phenotyping_WG1_JLU/20251007_140315.jpg,plot_1b506e2dd76da396d0a7,wg_insects_t1_bbch10,/home/nfs/data/nvme_datasets/Pictures_CFSB_leaf_damage/2025_10_07_RSFB-Phenotyping_WG1_JLU/2025_10_07_RSFB-Phenotyping_WG1_JLU/20251007_140315.jpg,5.0,5.629280090332031,6.428861618041992,0.7995815277099609,1.4288616180419922,0.6292800903320312,rank_margin10,43,single_rater_weak
2025_10_07_RSFB-Phenotyping_WG1_JLU/2025_10_07_RSFB-Phenotyping_WG1_JLU/20251007_140330.jpg,plot_c548a78911429153a5ab,wg_insects_t1_bbch10,/home/nfs/data/nvme_datasets/Pictures_CFSB_leaf_damage/2025_10_07_RSFB-Phenotyping_WG1_JLU/2025_10_07_RSFB-Phenotyping_WG1_JLU/20251007_140330.jpg,2.0,2.571476459503174,2.5508475303649902,-0.020628897473216057,0.5508475303649902,0.5714764595031738,rank_margin10,43,single_rater_weak
2025_10_07_RSFB-Phenotyping_WG1_JLU/2025_10_07_RSFB-Phenotyping_WG1_JLU/20251007_140334.jpg,plot_c548a78911429153a5ab,wg_insects_t1_bbch10,/home/nfs/data/nvme_datasets/Pictures_CFSB_leaf_damage/2025_10_07_RSFB-Phenotyping_WG1_JLU/2025_10_07_RSFB-Phenotyping_WG1_JLU/20251007_140334.jpg,2.0,5.911376953125,7.137248992919922,1.2258721590042114,5.137248992919922,3.911376953125,rank_margin10,43,single_rater_weak
2025_10_07_RSFB-Phenotyping_WG1_JLU/2025_10_07_RSFB-Phenotyping_WG1_JLU/20251007_140340.jpg,plot_c548a78911429153a5ab,wg_insects_t1_bbch10,/home/nfs/data/nvme_datasets/Pictures_CFSB_leaf_damage/2025_10_07_RSFB-Phenotyping_WG1_JLU/2025_10_07_RSFB-Phenotyping_WG1_JLU/20251007_140340.jpg,4.0,3.5412609577178955,3.6930766105651855,0.1518157422542572,0.30692338943481445,0.4587390422821045,rank_margin10,43,single_rater_weak
2025_10_07_RSFB-Phenotyping_WG1_JLU/2025_10_07_RSFB-Phenotyping_WG1_JLU/20251007_140356.jpg,plot_fd19b5391d548ef15d2b,wg_insects_t1_bbch10,/home/nfs/data/nvme_datasets/Pictures_CFSB_leaf_damage/2025_10_07_RSFB-Phenotyping_WG1_JLU/2025_10_07_RSFB-Phenotyping_WG1_JLU/20251007_140356.jpg,2.0,2.534121513366699,2.558725118637085,0.024603690952062607,0.558725118637085,0.5341215133666992,rank_margin10,43,single_rater_weak
2025_10_07_RSFB-Phenotyping_WG1_JLU/2025_10_07_RSFB-Phenotyping_WG1_JLU/20251007_140400.jpg,plot_fd19b5391d548ef15d2b,wg_insects_t1_bbch10,/home/nfs/data/nvme_datasets/Pictures_CFSB_leaf_damage/2025_10_07_RSFB-Phenotyping_WG1_JLU/2025_10_07_RSFB-Phenotyping_WG1_JLU/20251007_140400.jpg,2.0,4.89574670791626,5.728758335113525,0.8330118060112,3.7287583351135254,2.8957467079162598,rank_margin10,43,single_rater_weak
2025_10_07_RSFB-Phenotyping_WG1_JLU/2025_10_07_RSFB-Phenotyping_WG1_JLU/20251007_140405.jpg,plot_fd19b5391d548ef15d2b,wg_insects_t1_bbch10,/home/nfs/data/nvme_datasets/Pictures_CFSB_leaf_damage/2025_10_07_RSFB-Phenotyping_WG1_JLU/2025_10_07_RSFB-Phenotyping_WG1_JLU/20251007_140405.jpg,3.0,3.05716609954834,3.619708776473999,0.5625426173210144,0.619708776473999,0.057166099548339844,rank_margin10,43,single_rater_weak
2025_10_07_RSFB-Phenotyping_WG1_JLU/2025_10_07_RSFB-Phenotyping_WG1_JLU/20251007_140421.jpg,plot_cd90b898808d6e057f8e,wg_insects_t1_bbch10,/home/nfs/data/nvme_datasets/Pictures_CFSB_leaf_damage/2025_10_07_RSFB-Phenotyping_WG1_JLU/2025_10_07_RSFB-Phenotyping_WG1_JLU/20251007_140421.jpg,2.0,2.9908652305603027,3.559093713760376,0.5682284235954285,1.559093713760376,0.9908652305603027,rank_margin10,43,single_rater_weak
2025_10_07_RSFB-Phenotyping_WG1_JLU/2025_10_07_RSFB-Phenotyping_WG1_JLU/20251007_140432.jpg,plot_cd90b898808d6e057f8e,wg_insects_t1_bbch10,/home/nfs/data/nvme_datasets/Pictures_CFSB_leaf_damage/2025_10_07_RSFB-Phenotyping_WG1_JLU/2025_10_07_RSFB-Phenotyping_WG1_JLU/20251007_140432.jpg,9.0,3.0126423835754395,3.600709915161133,0.5880674123764038,5.399290084838867,5.9873576164245605,rank_margin10,43,single_rater_weak
2025_10_07_RSFB-Phenotyping_WG1_JLU/2025_10_07_RSFB-Phenotyping_WG1_JLU/20251007_140458.jpg,plot_6edc5cb5ceffbd230c38,wg_insects_t1_bbch10,/home/nfs/data/nvme_datasets/Pictures_CFSB_leaf_damage/2025_10_07_RSFB-Phenotyping_WG1_JLU/2025_10_07_RSFB-Phenotyping_WG1_JLU/20251007_140458.jpg,3.0,2.3234286308288574,3.435945987701416,1.1125173568725586,0.435945987701416,0.6765713691711426,rank_margin10,43,single_rater_weak
2025_10_07_RSFB-Phenotyping_WG1_JLU/2025_10_07_RSFB-Phenotyping_WG1_JLU/20251007_140502.jpg,plot_6edc5cb5ceffbd230c38,wg_insects_t1_bbch10,/home/nfs/data/nvme_datasets/Pictures_CFSB_leaf_damage/2025_10_07_RSFB-Phenotyping_WG1_JLU/2025_10_07_RSFB-Phenotyping_WG1_JLU/20251007_140502.jpg,2.0,3.435635566711426,3.3741815090179443,-0.06145402044057846,1.3741815090179443,1.4356355667114258,rank_margin10,43,single_rater_weak
2025_10_07_RSFB-Phenotyping_WG1_JLU/2025_10_07_RSFB-Phenotyping_WG1_JLU/20251007_140507.jpg,plot_6edc5cb5ceffbd230c38,wg_insects_t1_bbch10,/home/nfs/data/nvme_datasets/Pictures_CFSB_leaf_damage/2025_10_07_RSFB-Phenotyping_WG1_JLU/2025_10_07_RSFB-Phenotyping_WG1_JLU/20251007_140507.jpg,3.0,3.3389201164245605,4.17445182800293,0.8355318903923035,1.1744518280029297,0.33892011642456055,rank_margin10,43,single_rater_weak
2025_10_07_RSFB-Phenotyping_WG1_JLU/2025_10_07_RSFB-Phenotyping_WG1_JLU/20251007_140522.jpg,plot_b6088519bdd4f0ed709c,wg_insects_t1_bbch10,/home/nfs/data/nvme_datasets/Pictures_CFSB_leaf_damage/2025_10_07_RSFB-Phenotyping_WG1_JLU/2025_10_07_RSFB-Phenotyping_WG1_JLU/20251007_140522.jpg,1.0,3.6010048389434814,4.037977695465088,0.43697285652160645,3.037977695465088,2.6010048389434814,rank_margin10,43,single_rater_weak
2025_10_07_RSFB-Phenotyping_WG1_JLU/2025_10_07_RSFB-Phenotyping_WG1_JLU/20251007_140527.jpg,plot_b6088519bdd4f0ed709c,wg_insects_t1_bbch10,/home/nfs/data/nvme_datasets/Pictures_CFSB_leaf_damage/2025_10_07_RSFB-Phenotyping_WG1_JLU/2025_10_07_RSFB-Phenotyping_WG1_JLU/20251007_140527.jpg,4.0,3.861426591873169,3.7960479259490967,-0.06537874788045883,0.20395207405090332,0.13857340812683105,rank_margin10,43,single_rater_weak
2025_10_07_RSFB-Phenotyping_WG1_JLU/2025_10_07_RSFB-Phenotyping_WG1_JLU/20251007_140533.jpg,plot_b6088519bdd4f0ed709c,wg_insects_t1_bbch10,/home/nfs/data/nvme_datasets/Pictures_CFSB_leaf_damage/2025_10_07_RSFB-Phenotyping_WG1_JLU/2025_10_07_RSFB-Phenotyping_WG1_JLU/20251007_140533.jpg,3.0,3.6275129318237305,3.474464178085327,-0.15304873883724213,0.47446417808532715,0.6275129318237305,rank_margin10,43,single_rater_weak
2025_10_07_RSFB-Phenotyping_WG1_JLU/2025_10_07_RSFB-Phenotyping_WG1_JLU/20251007_140550.jpg,plot_1f349c6b264b009496d5,wg_insects_t1_bbch10,/home/nfs/data/nvme_datasets/Pictures_CFSB_leaf_damage/2025_10_07_RSFB-Phenotyping_WG1_JLU/2025_10_07_RSFB-Phenotyping_WG1_JLU/20251007_140550.jpg,2.0,2.2569894790649414,2.5386714935302734,0.2816821038722992,0.5386714935302734,0.2569894790649414,rank_margin10,43,single_rater_weak
2025_10_07_RSFB-Phenotyping_WG1_JLU/2025_10_07_RSFB-Phenotyping_WG1_JLU/20251007_140555.jpg,plot_1f349c6b264b009496d5,wg_insects_t1_bbch10,/home/nfs/data/nvme_datasets/Pictures_CFSB_leaf_damage/2025_10_07_RSFB-Phenotyping_WG1_JLU/2025_10_07_RSFB-Phenotyping_WG1_JLU/20251007_140555.jpg,3.0,3.9386403560638428,4.6568708419799805,0.7182303071022034,1.6568708419799805,0.9386403560638428,rank_margin10,43,single_rater_weak
2025_10_07_RSFB-Phenotyping_WG1_JLU/2025_10_07_RSFB-Phenotyping_WG1_JLU/20251007_140601.jpg,plot_1f349c6b264b009496d5,wg_insects_t1_bbch10,/home/nfs/data/nvme_datasets/Pictures_CFSB_leaf_damage/2025_10_07_RSFB-Phenotyping_WG1_JLU/2025_10_07_RSFB-Phenotyping_WG1_JLU/20251007_140601.jpg,4.0,3.6887900829315186,3.7411091327667236,0.05231901630759239,0.25889086723327637,0.31120991706848145,rank_margin10,43,single_rater_weak
2025_10_07_RSFB-Phenotyping_WG1_JLU/2025_10_07_RSFB-Phenotyping_WG1_JLU/20251007_140616.jpg,plot_4437d181265b5befe118,wg_insects_t1_bbch10,/home/nfs/data/nvme_datasets/Pictures_CFSB_leaf_damage/2025_10_07_RSFB-Phenotyping_WG1_JLU/2025_10_07_RSFB-Phenotyping_WG1_JLU/20251007_140616.jpg,3.0,3.0422844886779785,2.7262909412384033,-0.31599360704421997,0.2737090587615967,0.042284488677978516,rank_margin10,43,single_rater_weak
2025_10_07_RSFB-Phenotyping_WG1_JLU/2025_10_07_RSFB-Phenotyping_WG1_JLU/20251007_140620.jpg,plot_4437d181265b5befe118,wg_insects_t1_bbch10,/home/nfs/data/nvme_datasets/Pictures_CFSB_leaf_damage/2025_10_07_RSFB-Phenotyping_WG1_JLU/2025_10_07_RSFB-Phenotyping_WG1_JLU/20251007_140620.jpg,1.0,3.473564386367798,3.6726722717285156,0.19910791516304016,2.6726722717285156,2.473564386367798,rank_margin10,43,single_rater_weak
2025_10_07_RSFB-Phenotyping_WG1_JLU/2025_10_07_RSFB-Phenotyping_WG1_JLU/20251007_140626.jpg,plot_4437d181265b5befe118,wg_insects_t1_bbch10,/home/nfs/data/nvme_datasets/Pictures_CFSB_leaf_damage/2025_10_07_RSFB-Phenotyping_WG1_JLU/2025_10_07_RSFB-Phenotyping_WG1_JLU/20251007_140626.jpg,7.0,4.480566024780273,5.512511253356934,1.031944990158081,1.4874887466430664,2.5194339752197266,rank_margin10,43,single_rater_weak
2025_10_07_RSFB-Phenotyping_WG1_JLU/2025_10_07_RSFB-Phenotyping_WG1_JLU/20251007_140645.jpg,plot_dd06c1212800a9c9b658,wg_insects_t1_bbch10,/home/nfs/data/nvme_datasets/Pictures_CFSB_leaf_damage/2025_10_07_RSFB-Phenotyping_WG1_JLU/2025_10_07_RSFB-Phenotyping_WG1_JLU/20251007_140645.jpg,2.0,2.2884044647216797,3.5546317100524902,1.2662273645401,1.5546317100524902,0.2884044647216797,rank_margin10,43,single_rater_weak
2025_10_07_RSFB-Phenotyping_WG1_JLU/2025_10_07_RSFB-Phenotyping_WG1_JLU/20251007_140652.jpg,plot_dd06c1212800a9c9b658,wg_insects_t1_bbch10,/home/nfs/data/nvme_datasets/Pictures_CFSB_leaf_damage/2025_10_07_RSFB-Phenotyping_WG1_JLU/2025_10_07_RSFB-Phenotyping_WG1_JLU/20251007_140652.jpg,4.0,5.965023040771484,6.237227439880371,0.2722041606903076,2.237227439880371,1.9650230407714844,rank_margin10,43,single_rater_weak
2025_10_07_RSFB-Phenotyping_WG1_JLU/2025_10_07_RSFB-Phenotyping_WG1_JLU/20251007_140657.jpg,plot_dd06c1212800a9c9b658,wg_insects_t1_bbch10,/home/nfs/data/nvme_datasets/Pictures_CFSB_leaf_damage/2025_10_07_RSFB-Phenotyping_WG1_JLU/2025_10_07_RSFB-Phenotyping_WG1_JLU/20251007_140657.jpg,8.0,3.4033801555633545,4.316514015197754,0.9131339192390442,3.683485984802246,4.596619606018066,rank_margin10,43,single_rater_weak
2025_10_07_RSFB-Phenotyping_WG1_JLU/2025_10_07_RSFB-Phenotyping_WG1_JLU/20251007_140713.jpg,plot_ee664ca1ea90391f016d,wg_insects_t1_bbch10,/home/nfs/data/nvme_datasets/Pictures_CFSB_leaf_damage/2025_10_07_RSFB-Phenotyping_WG1_JLU/2025_10_07_RSFB-Phenotyping_WG1_JLU/20251007_140713.jpg,7.0,4.224553108215332,4.4487175941467285,0.22416441142559052,2.5512824058532715,2.775446891784668,rank_margin10,43,single_rater_weak
2025_10_07_RSFB-Phenotyping_WG1_JLU/2025_10_07_RSFB-Phenotyping_WG1_JLU/20251007_140719.jpg,plot_ee664ca1ea90391f016d,wg_insects_t1_bbch10,/home/nfs/data/nvme_datasets/Pictures_CFSB_leaf_damage/2025_10_07_RSFB-Phenotyping_WG1_JLU/2025_10_07_RSFB-Phenotyping_WG1_JLU/20251007_140719.jpg,12.0,6.97532320022583,7.313396453857422,0.33807334303855896,4.686603546142578,5.02467679977417,rank_margin10,43,single_rater_weak
2025_10_07_RSFB-Phenotyping_WG1_JLU/2025_10_07_RSFB-Phenotyping_WG1_JLU/20251007_140724.jpg,plot_ee664ca1ea90391f016d,wg_insects_t1_bbch10,/home/nfs/data/nvme_datasets/Pictures_CFSB_leaf_damage/2025_10_07_RSFB-Phenotyping_WG1_JLU/2025_10_07_RSFB-Phenotyping_WG1_JLU/20251007_140724.jpg,14.0,8.04421615600586,8.035745620727539,-0.008470272645354271,5.964254379272461,5.955783843994141,rank_margin10,43,single_rater_weak
2025_10_07_RSFB-Phenotyping_WG1_JLU/2025_10_07_RSFB-Phenotyping_WG1_JLU/20251007_140747.jpg,plot_23cd12f62caab1b06338,wg_insects_t1_bbch10,/home/nfs/data/nvme_datasets/Pictures_CFSB_leaf_damage/2025_10_07_RSFB-Phenotyping_WG1_JLU/2025_10_07_RSFB-Phenotyping_WG1_JLU/20251007_140747.jpg,3.0,3.2935032844543457,3.5382132530212402,0.2447100132703781,0.5382132530212402,0.2935032844543457,rank_margin10,43,single_rater_weak
2025_10_07_RSFB-Phenotyping_WG1_JLU/2025_10_07_RSFB-Phenotyping_WG1_JLU/20251007_140755.jpg,plot_23cd12f62caab1b06338,wg_insects_t1_bbch10,/home/nfs/data/nvme_datasets/Pictures_CFSB_leaf_damage/2025_10_07_RSFB-Phenotyping_WG1_JLU/2025_10_07_RSFB-Phenotyping_WG1_JLU/20251007_140755.jpg,8.0,2.841099739074707,4.535499095916748,1.694399356842041,3.464500904083252,5.158900260925293,rank_margin10,43,single_rater_weak
2025_10_07_RSFB-Phenotyping_WG1_JLU/2025_10_07_RSFB-Phenotyping_WG1_JLU/20251007_140812.jpg,plot_b5c94fdf5ff63fcf800b,wg_insects_t1_bbch10,/home/nfs/data/nvme_datasets/Pictures_CFSB_leaf_damage/2025_10_07_RSFB-Phenotyping_WG1_JLU/2025_10_07_RSFB-Phenotyping_WG1_JLU/20251007_140812.jpg,2.0,2.7349724769592285,3.178424835205078,0.44345247745513916,1.1784248352050781,0.7349724769592285,rank_margin10,43,single_rater_weak
2025_10_07_RSFB-Phenotyping_WG1_JLU/2025_10_07_RSFB-Phenotyping_WG1_JLU/20251007_140818.jpg,plot_b5c94fdf5ff63fcf800b,wg_insects_t1_bbch10,/home/nfs/data/nvme_datasets/Pictures_CFSB_leaf_damage/2025_10_07_RSFB-Phenotyping_WG1_JLU/2025_10_07_RSFB-Phenotyping_WG1_JLU/20251007_140818.jpg,2.0,3.2980995178222656,3.490028142929077,0.19192852079868317,1.4900281429290771,1.2980995178222656,rank_margin10,43,single_rater_weak
2025_10_07_RSFB-Phenotyping_WG1_JLU/2025_10_07_RSFB-Phenotyping_WG1_JLU/20251007_140823.jpg,plot_b5c94fdf5ff63fcf800b,wg_insects_t1_bbch10,/home/nfs/data/nvme_datasets/Pictures_CFSB_leaf_damage/2025_10_07_RSFB-Phenotyping_WG1_JLU/2025_10_07_RSFB-Phenotyping_WG1_JLU/20251007_140823.jpg,3.0,3.1064391136169434,3.312307596206665,0.20586839318275452,0.31230759620666504,0.10643911361694336,rank_margin10,43,single_rater_weak
2025_10_07_RSFB-Phenotyping_WG1_JLU/2025_10_07_RSFB-Phenotyping_WG1_JLU/20251007_140839.jpg,plot_5e0ddc981b39a33d33be,wg_insects_t1_bbch10,/home/nfs/data/nvme_datasets/Pictures_CFSB_leaf_damage/2025_10_07_RSFB-Phenotyping_WG1_JLU/2025_10_07_RSFB-Phenotyping_WG1_JLU/20251007_140839.jpg,3.0,3.696244478225708,4.012197494506836,0.3159528374671936,1.012197494506836,0.696244478225708,rank_margin10,43,single_rater_weak
2025_10_07_RSFB-Phenotyping_WG1_JLU/2025_10_07_RSFB-Phenotyping_WG1_JLU/20251007_140845.jpg,plot_5e0ddc981b39a33d33be,wg_insects_t1_bbch10,/home/nfs/data/nvme_datasets/Pictures_CFSB_leaf_damage/2025_10_07_RSFB-Phenotyping_WG1_JLU/2025_10_07_RSFB-Phenotyping_WG1_JLU/20251007_140845.jpg,9.0,4.351551055908203,4.497920513153076,0.1463695466518402,4.502079486846924,4.648448944091797,rank_margin10,43,single_rater_weak
2025_10_07_RSFB-Phenotyping_WG1_JLU/2025_10_07_RSFB-Phenotyping_WG1_JLU/20251007_140851.jpg,plot_5e0ddc981b39a33d33be,wg_insects_t1_bbch10,/home/nfs/data/nvme_datasets/Pictures_CFSB_leaf_damage/2025_10_07_RSFB-Phenotyping_WG1_JLU/2025_10_07_RSFB-Phenotyping_WG1_JLU/20251007_140851.jpg,9.0,7.607351779937744,7.960298538208008,0.3529469966888428,1.0397014617919922,1.3926482200622559,rank_margin10,43,single_rater_weak
2025_10_07_RSFB-Phenotyping_WG1_JLU/2025_10_07_RSFB-Phenotyping_WG1_JLU/20251007_140908.jpg,plot_b1695890dca6afbc601e,wg_insects_t1_bbch10,/home/nfs/data/nvme_datasets/Pictures_CFSB_leaf_damage/2025_10_07_RSFB-Phenotyping_WG1_JLU/2025_10_07_RSFB-Phenotyping_WG1_JLU/20251007_140908.jpg,4.0,2.8632564544677734,3.513199806213379,0.6499432921409607,0.4868001937866211,1.1367435455322266,rank_margin10,43,single_rater_weak
2025_10_07_RSFB-Phenotyping_WG1_JLU/2025_10_07_RSFB-Phenotyping_WG1_JLU/20251007_140913.jpg,plot_b1695890dca6afbc601e,wg_insects_t1_bbch10,/home/nfs/data/nvme_datasets/Pictures_CFSB_leaf_damage/2025_10_07_RSFB-Phenotyping_WG1_JLU/2025_10_07_RSFB-Phenotyping_WG1_JLU/20251007_140913.jpg,9.0,5.2784318923950195,5.4209675788879395,0.14253568649291992,3.5790324211120605,3.7215681076049805,rank_margin10,43,single_rater_weak
2025_10_07_RSFB-Phenotyping_WG1_JLU/2025_10_07_RSFB-Phenotyping_WG1_JLU/20251007_140919.jpg,plot_b1695890dca6afbc601e,wg_insects_t1_bbch10,/home/nfs/data/nvme_datasets/Pictures_CFSB_leaf_damage/2025_10_07_RSFB-Phenotyping_WG1_JLU/2025_10_07_RSFB-Phenotyping_WG1_JLU/20251007_140919.jpg,9.0,5.476168155670166,5.826136589050293,0.34996840357780457,3.173863410949707,3.523831844329834,rank_margin10,43,single_rater_weak
2025_10_07_RSFB-Phenotyping_WG1_JLU/2025_10_07_RSFB-Phenotyping_WG1_JLU/20251007_140935.jpg,plot_0f10ff3ea078098fa0a2,wg_insects_t1_bbch10,/home/nfs/data/nvme_datasets/Pictures_CFSB_leaf_damage/2025_10_07_RSFB-Phenotyping_WG1_JLU/2025_10_07_RSFB-Phenotyping_WG1_JLU/20251007_140935.jpg,3.0,5.784615993499756,7.067131519317627,1.2825154066085815,4.067131519317627,2.784615993499756,rank_margin10,43,single_rater_weak
2025_10_07_RSFB-Phenotyping_WG1_JLU/2025_10_07_RSFB-Phenotyping_WG1_JLU/20251007_140939.jpg,plot_0f10ff3ea078098fa0a2,wg_insects_t1_bbch10,/home/nfs/data/nvme_datasets/Pictures_CFSB_leaf_damage/2025_10_07_RSFB-Phenotyping_WG1_JLU/2025_10_07_RSFB-Phenotyping_WG1_JLU/20251007_140939.jpg,10.0,4.60953426361084,5.02054500579834,0.4110105037689209,4.97945499420166,5.39046573638916,rank_margin10,43,single_rater_weak
2025_10_07_RSFB-Phenotyping_WG1_JLU/2025_10_07_RSFB-Phenotyping_WG1_JLU/20251007_140945.jpg,plot_0f10ff3ea078098fa0a2,wg_insects_t1_bbch10,/home/nfs/data/nvme_datasets/Pictures_CFSB_leaf_damage/2025_10_07_RSFB-Phenotyping_WG1_JLU/2025_10_07_RSFB-Phenotyping_WG1_JLU/20251007_140945.jpg,6.0,5.387799263000488,6.068119049072266,0.6803199052810669,0.06811904907226562,0.6122007369995117,rank_margin10,43,single_rater_weak
2025_10_07_RSFB-Phenotyping_WG1_JLU/2025_10_07_RSFB-Phenotyping_WG1_JLU/20251007_141001.jpg,plot_0f4f514127c596841410,wg_insects_t1_bbch10,/home/nfs/data/nvme_datasets/Pictures_CFSB_leaf_damage/2025_10_07_RSFB-Phenotyping_WG1_JLU/2025_10_07_RSFB-Phenotyping_WG1_JLU/20251007_141001.jpg,1.0,4.632386207580566,5.662326812744141,1.0299406051635742,4.662326812744141,3.6323862075805664,rank_margin10,43,single_rater_weak
2025_10_07_RSFB-Phenotyping_WG1_JLU/2025_10_07_RSFB-Phenotyping_WG1_JLU/20251007_141005.jpg,plot_0f4f514127c596841410,wg_insects_t1_bbch10,/home/nfs/data/nvme_datasets/Pictures_CFSB_leaf_damage/2025_10_07_RSFB-Phenotyping_WG1_JLU/2025_10_07_RSFB-Phenotyping_WG1_JLU/20251007_141005.jpg,18.0,6.885249137878418,6.786649227142334,-0.09859989583492279,11.213350296020508,11.114750862121582,rank_margin10,43,single_rater_weak
2025_10_07_RSFB-Phenotyping_WG1_JLU/2025_10_07_RSFB-Phenotyping_WG1_JLU/20251007_141012.jpg,plot_0f4f514127c596841410,wg_insects_t1_bbch10,/home/nfs/data/nvme_datasets/Pictures_CFSB_leaf_damage/2025_10_07_RSFB-Phenotyping_WG1_JLU/2025_10_07_RSFB-Phenotyping_WG1_JLU/20251007_141012.jpg,20.0,3.365586519241333,4.042844772338867,0.6772581338882446,15.957155227661133,16.63441276550293,rank_margin10,43,single_rater_weak
2025_10_07_RSFB-Phenotyping_WG1_JLU/2025_10_07_RSFB-Phenotyping_WG1_JLU/20251007_141028.jpg,plot_11db3b011021c649d70f,wg_insects_t1_bbch10,/home/nfs/data/nvme_datasets/Pictures_CFSB_leaf_damage/2025_10_07_RSFB-Phenotyping_WG1_JLU/2025_10_07_RSFB-Phenotyping_WG1_JLU/20251007_141028.jpg,6.0,3.4166574478149414,3.621307134628296,0.20464979112148285,2.378692865371704,2.5833425521850586,rank_margin10,43,single_rater_weak
2025_10_07_RSFB-Phenotyping_WG1_JLU/2025_10_07_RSFB-Phenotyping_WG1_JLU/20251007_141033.jpg,plot_11db3b011021c649d70f,wg_insects_t1_bbch10,/home/nfs/data/nvme_datasets/Pictures_CFSB_leaf_damage/2025_10_07_RSFB-Phenotyping_WG1_JLU/2025_10_07_RSFB-Phenotyping_WG1_JLU/20251007_141033.jpg,7.0,3.668281316757202,3.5589194297790527,-0.10936193913221359,3.4410805702209473,3.331718683242798,rank_margin10,43,single_rater_weak
2025_10_07_RSFB-Phenotyping_WG1_JLU/2025_10_07_RSFB-Phenotyping_WG1_JLU/20251007_141039.jpg,plot_11db3b011021c649d70f,wg_insects_t1_bbch10,/home/nfs/data/nvme_datasets/Pictures_CFSB_leaf_damage/2025_10_07_RSFB-Phenotyping_WG1_JLU/2025_10_07_RSFB-Phenotyping_WG1_JLU/20251007_141039.jpg,4.0,5.3494720458984375,5.698451995849609,0.3489799499511719,1.6984519958496094,1.3494720458984375,rank_margin10,43,single_rater_weak
2025_10_07_RSFB-Phenotyping_WG1_JLU/2025_10_07_RSFB-Phenotyping_WG1_JLU/20251007_141056.jpg,plot_3f194f85b6fc463cf70a,wg_insects_t1_bbch10,/home/nfs/data/nvme_datasets/Pictures_CFSB_leaf_damage/2025_10_07_RSFB-Phenotyping_WG1_JLU/2025_10_07_RSFB-Phenotyping_WG1_JLU/20251007_141056.jpg,8.0,3.1206088066101074,3.234050989151001,0.11344219744205475,4.765949249267578,4.879391193389893,rank_margin10,43,single_rater_weak
2025_10_07_RSFB-Phenotyping_WG1_JLU/2025_10_07_RSFB-Phenotyping_WG1_JLU/20251007_141103.jpg,plot_3f194f85b6fc463cf70a,wg_insects_t1_bbch10,/home/nfs/data/nvme_datasets/Pictures_CFSB_leaf_damage/2025_10_07_RSFB-Phenotyping_WG1_JLU/2025_10_07_RSFB-Phenotyping_WG1_JLU/20251007_141103.jpg,7.0,4.1312761306762695,4.656656265258789,0.5253799557685852,2.343343734741211,2.8687238693237305,rank_margin10,43,single_rater_weak
2025_10_07_RSFB-Phenotyping_WG1_JLU/2025_10_07_RSFB-Phenotyping_WG1_JLU/20251007_141108.jpg,plot_3f194f85b6fc463cf70a,wg_insects_t1_bbch10,/home/nfs/data/nvme_datasets/Pictures_CFSB_leaf_damage/2025_10_07_RSFB-Phenotyping_WG1_JLU/2025_10_07_RSFB-Phenotyping_WG1_JLU/20251007_141108.jpg,19.0,8.692691802978516,9.96466064453125,1.2719683647155762,9.03533935546875,10.307308197021484,rank_margin10,43,single_rater_weak
2025_10_07_RSFB-Phenotyping_WG1_JLU/2025_10_07_RSFB-Phenotyping_WG1_JLU/20251007_141126.jpg,plot_1effba29e1b5bad755d3,wg_insects_t1_bbch10,/home/nfs/data/nvme_datasets/Pictures_CFSB_leaf_damage/2025_10_07_RSFB-Phenotyping_WG1_JLU/2025_10_07_RSFB-Phenotyping_WG1_JLU/20251007_141126.jpg,11.0,3.58339262008667,4.6059250831604,1.0225324630737305,6.3940749168396,7.41660737991333,rank_margin10,43,single_rater_weak
2025_10_07_RSFB-Phenotyping_WG1_JLU/2025_10_07_RSFB-Phenotyping_WG1_JLU/20251007_141134.jpg,plot_1effba29e1b5bad755d3,wg_insects_t1_bbch10,/home/nfs/data/nvme_datasets/Pictures_CFSB_leaf_damage/2025_10_07_RSFB-Phenotyping_WG1_JLU/2025_10_07_RSFB-Phenotyping_WG1_JLU/20251007_141134.jpg,6.0,3.9492599964141846,4.95170259475708,1.0024425983428955,1.04829740524292,2.0507400035858154,rank_margin10,43,single_rater_weak
2025_10_07_RSFB-Phenotyping_WG1_JLU/2025_10_07_RSFB-Phenotyping_WG1_JLU/20251007_141139.jpg,plot_1effba29e1b5bad755d3,wg_insects_t1_bbch10,/home/nfs/data/nvme_datasets/Pictures_CFSB_leaf_damage/2025_10_07_RSFB-Phenotyping_WG1_JLU/2025_10_07_RSFB-Phenotyping_WG1_JLU/20251007_141139.jpg,4.0,3.341266632080078,3.484178066253662,0.1429114043712616,0.5158219337463379,0.6587333679199219,rank_margin10,43,single_rater_weak
2025_10_07_RSFB-Phenotyping_WG1_JLU/2025_10_07_RSFB-Phenotyping_WG1_JLU/20251007_141154.jpg,plot_ac13eb76ee6f99f24af8,wg_insects_t1_bbch10,/home/nfs/data/nvme_datasets/Pictures_CFSB_leaf_damage/2025_10_07_RSFB-Phenotyping_WG1_JLU/2025_10_07_RSFB-Phenotyping_WG1_JLU/20251007_141154.jpg,4.0,2.7485623359680176,3.328728675842285,0.5801664590835571,0.6712713241577148,1.2514376640319824,rank_margin10,43,single_rater_weak
2025_10_07_RSFB-Phenotyping_WG1_JLU/2025_10_07_RSFB-Phenotyping_WG1_JLU/20251007_141159.jpg,plot_ac13eb76ee6f99f24af8,wg_insects_t1_bbch10,/home/nfs/data/nvme_datasets/Pictures_CFSB_leaf_damage/2025_10_07_RSFB-Phenotyping_WG1_JLU/2025_10_07_RSFB-Phenotyping_WG1_JLU/20251007_141159.jpg,2.0,3.6671030521392822,4.538928508758545,0.8718255162239075,2.538928508758545,1.6671030521392822,rank_margin10,43,single_rater_weak
2025_10_07_RSFB-Phenotyping_WG1_JLU/2025_10_07_RSFB-Phenotyping_WG1_JLU/20251007_141204.jpg,plot_ac13eb76ee6f99f24af8,wg_insects_t1_bbch10,/home/nfs/data/nvme_datasets/Pictures_CFSB_leaf_damage/2025_10_07_RSFB-Phenotyping_WG1_JLU/2025_10_07_RSFB-Phenotyping_WG1_JLU/20251007_141204.jpg,4.0,4.409335613250732,4.178147315979004,-0.23118826746940613,0.1781473159790039,0.4093356132507324,rank_margin10,43,single_rater_weak
2025_10_07_RSFB-Phenotyping_WG1_JLU/2025_10_07_RSFB-Phenotyping_WG1_JLU/20251007_141221.jpg,plot_411203e7c1d96bc4d5cf,wg_insects_t1_bbch10,/home/nfs/data/nvme_datasets/Pictures_CFSB_leaf_damage/2025_10_07_RSFB-Phenotyping_WG1_JLU/2025_10_07_RSFB-Phenotyping_WG1_JLU/20251007_141221.jpg,3.0,3.723660945892334,3.9298956394195557,0.20623473823070526,0.9298956394195557,0.723660945892334,rank_margin10,43,single_rater_weak
2025_10_07_RSFB-Phenotyping_WG1_JLU/2025_10_07_RSFB-Phenotyping_WG1_JLU/20251007_141226.jpg,plot_411203e7c1d96bc4d5cf,wg_insects_t1_bbch10,/home/nfs/data/nvme_datasets/Pictures_CFSB_leaf_damage/2025_10_07_RSFB-Phenotyping_WG1_JLU/2025_10_07_RSFB-Phenotyping_WG1_JLU/20251007_141226.jpg,3.0,3.425373077392578,2.9926328659057617,-0.43274009227752686,0.007367134094238281,0.4253730773925781,rank_margin10,43,single_rater_weak
2025_10_07_RSFB-Phenotyping_WG1_JLU/2025_10_07_RSFB-Phenotyping_WG1_JLU/20251007_141232.jpg,plot_411203e7c1d96bc4d5cf,wg_insects_t1_bbch10,/home/nfs/data/nvme_datasets/Pictures_CFSB_leaf_damage/2025_10_07_RSFB-Phenotyping_WG1_JLU/2025_10_07_RSFB-Phenotyping_WG1_JLU/20251007_141232.jpg,2.0,3.969975471496582,4.053219795227051,0.08324429392814636,2.053219795227051,1.969975471496582,rank_margin10,43,single_rater_weak
2025_10_07_RSFB-Phenotyping_WG1_JLU/2025_10_07_RSFB-Phenotyping_WG1_JLU/20251007_141249.jpg,plot_c1e107950db22229fd34,wg_insects_t1_bbch10,/home/nfs/data/nvme_datasets/Pictures_CFSB_leaf_damage/2025_10_07_RSFB-Phenotyping_WG1_JLU/2025_10_07_RSFB-Phenotyping_WG1_JLU/20251007_141249.jpg,2.0,3.7255446910858154,4.087531089782715,0.36198657751083374,2.087531089782715,1.7255446910858154,rank_margin10,43,single_rater_weak
2025_10_07_RSFB-Phenotyping_WG1_JLU/2025_10_07_RSFB-Phenotyping_WG1_JLU/20251007_141254.jpg,plot_c1e107950db22229fd34,wg_insects_t1_bbch10,/home/nfs/data/nvme_datasets/Pictures_CFSB_leaf_damage/2025_10_07_RSFB-Phenotyping_WG1_JLU/2025_10_07_RSFB-Phenotyping_WG1_JLU/20251007_141254.jpg,3.0,3.278561592102051,3.606835126876831,0.3282734453678131,0.606835126876831,0.2785615921020508,rank_margin10,43,single_rater_weak
2025_10_07_RSFB-Phenotyping_WG1_JLU/2025_10_07_RSFB-Phenotyping_WG1_JLU/20251007_141259.jpg,plot_c1e107950db22229fd34,wg_insects_t1_bbch10,/home/nfs/data/nvme_datasets/Pictures_CFSB_leaf_damage/2025_10_07_RSFB-Phenotyping_WG1_JLU/2025_10_07_RSFB-Phenotyping_WG1_JLU/20251007_141259.jpg,4.0,4.398381233215332,5.24910306930542,0.8507217168807983,1.24910306930542,0.39838123321533203,rank_margin10,43,single_rater_weak
2025_10_07_RSFB-Phenotyping_WG1_JLU/2025_10_07_RSFB-Phenotyping_WG1_JLU/20251007_141316.jpg,plot_af38589abb8004c8fccb,wg_insects_t1_bbch10,/home/nfs/data/nvme_datasets/Pictures_CFSB_leaf_damage/2025_10_07_RSFB-Phenotyping_WG1_JLU/2025_10_07_RSFB-Phenotyping_WG1_JLU/20251007_141316.jpg,10.0,4.559879302978516,5.354082107543945,0.7942026853561401,4.645917892456055,5.440120697021484,rank_margin10,43,single_rater_weak
2025_10_07_RSFB-Phenotyping_WG1_JLU/2025_10_07_RSFB-Phenotyping_WG1_JLU/20251007_141322.jpg,plot_af38589abb8004c8fccb,wg_insects_t1_bbch10,/home/nfs/data/nvme_datasets/Pictures_CFSB_leaf_damage/2025_10_07_RSFB-Phenotyping_WG1_JLU/2025_10_07_RSFB-Phenotyping_WG1_JLU/20251007_141322.jpg,4.0,3.4926910400390625,3.5630667209625244,0.07037574052810669,0.4369332790374756,0.5073089599609375,rank_margin10,43,single_rater_weak
2025_10_07_RSFB-Phenotyping_WG1_JLU/2025_10_07_RSFB-Phenotyping_WG1_JLU/20251007_141328.jpg,plot_af38589abb8004c8fccb,wg_insects_t1_bbch10,/home/nfs/data/nvme_datasets/Pictures_CFSB_leaf_damage/2025_10_07_RSFB-Phenotyping_WG1_JLU/2025_10_07_RSFB-Phenotyping_WG1_JLU/20251007_141328.jpg,21.0,9.053622245788574,10.14684009552002,1.0932174921035767,10.85315990447998,11.946377754211426,rank_margin10,43,single_rater_weak
2025_10_07_RSFB-Phenotyping_WG1_JLU/2025_10_07_RSFB-Phenotyping_WG1_JLU/20251007_141344.jpg,plot_f446c2275604a6a48853,wg_insects_t1_bbch10,/home/nfs/data/nvme_datasets/Pictures_CFSB_leaf_damage/2025_10_07_RSFB-Phenotyping_WG1_JLU/2025_10_07_RSFB-Phenotyping_WG1_JLU/20251007_141344.jpg,6.0,3.22268009185791,3.789515972137451,0.5668357610702515,2.210484027862549,2.77731990814209,rank_margin10,43,single_rater_weak
2025_10_07_RSFB-Phenotyping_WG1_JLU/2025_10_07_RSFB-Phenotyping_WG1_JLU/20251007_141349.jpg,plot_f446c2275604a6a48853,wg_insects_t1_bbch10,/home/nfs/data/nvme_datasets/Pictures_CFSB_leaf_damage/2025_10_07_RSFB-Phenotyping_WG1_JLU/2025_10_07_RSFB-Phenotyping_WG1_JLU/20251007_141349.jpg,12.0,3.40598726272583,3.2326812744140625,-0.17330609261989594,8.767318725585938,8.594013214111328,rank_margin10,43,single_rater_weak
2025_10_07_RSFB-Phenotyping_WG1_JLU/2025_10_07_RSFB-Phenotyping_WG1_JLU/20251007_141355.jpg,plot_f446c2275604a6a48853,wg_insects_t1_bbch10,/home/nfs/data/nvme_datasets/Pictures_CFSB_leaf_damage/2025_10_07_RSFB-Phenotyping_WG1_JLU/2025_10_07_RSFB-Phenotyping_WG1_JLU/20251007_141355.jpg,9.0,3.2638039588928223,3.221991539001465,-0.04181236773729324,5.778008460998535,5.736196041107178,rank_margin10,43,single_rater_weak
2025_10_07_RSFB-Phenotyping_WG1_JLU/2025_10_07_RSFB-Phenotyping_WG1_JLU/20251007_141414.jpg,plot_adb8beeebca560f05148,wg_insects_t1_bbch10,/home/nfs/data/nvme_datasets/Pictures_CFSB_leaf_damage/2025_10_07_RSFB-Phenotyping_WG1_JLU/2025_10_07_RSFB-Phenotyping_WG1_JLU/20251007_141414.jpg,3.0,6.670196056365967,7.238519668579102,0.5683236718177795,4.238519668579102,3.670196056365967,rank_margin10,43,single_rater_weak
2025_10_07_RSFB-Phenotyping_WG1_JLU/2025_10_07_RSFB-Phenotyping_WG1_JLU/20251007_141419.jpg,plot_adb8beeebca560f05148,wg_insects_t1_bbch10,/home/nfs/data/nvme_datasets/Pictures_CFSB_leaf_damage/2025_10_07_RSFB-Phenotyping_WG1_JLU/2025_10_07_RSFB-Phenotyping_WG1_JLU/20251007_141419.jpg,8.0,10.89195728302002,11.718703269958496,0.8267461061477661,3.718703269958496,2.8919572830200195,rank_margin10,43,single_rater_weak
2025_10_07_RSFB-Phenotyping_WG1_JLU/2025_10_07_RSFB-Phenotyping_WG1_JLU/20251007_141427.jpg,plot_adb8beeebca560f05148,wg_insects_t1_bbch10,/home/nfs/data/nvme_datasets/Pictures_CFSB_leaf_damage/2025_10_07_RSFB-Phenotyping_WG1_JLU/2025_10_07_RSFB-Phenotyping_WG1_JLU/20251007_141427.jpg,4.0,2.9518470764160156,3.233480930328369,0.28163379430770874,0.7665190696716309,1.0481529235839844,rank_margin10,43,single_rater_weak
2025_10_07_RSFB-Phenotyping_WG1_JLU/2025_10_07_RSFB-Phenotyping_WG1_JLU/20251007_141443.jpg,plot_6bf6bf651a4d36a8ce81,wg_insects_t1_bbch10,/home/nfs/data/nvme_datasets/Pictures_CFSB_leaf_damage/2025_10_07_RSFB-Phenotyping_WG1_JLU/2025_10_07_RSFB-Phenotyping_WG1_JLU/20251007_141443.jpg,3.0,2.7938098907470703,2.9325530529022217,0.13874313235282898,0.06744694709777832,0.2061901092529297,rank_margin10,43,single_rater_weak
2025_10_07_RSFB-Phenotyping_WG1_JLU/2025_10_07_RSFB-Phenotyping_WG1_JLU/20251007_141449.jpg,plot_6bf6bf651a4d36a8ce81,wg_insects_t1_bbch10,/home/nfs/data/nvme_datasets/Pictures_CFSB_leaf_damage/2025_10_07_RSFB-Phenotyping_WG1_JLU/2025_10_07_RSFB-Phenotyping_WG1_JLU/20251007_141449.jpg,3.0,2.58978271484375,2.518080949783325,-0.07170183211565018,0.4819190502166748,0.41021728515625,rank_margin10,43,single_rater_weak
2025_10_07_RSFB-Phenotyping_WG1_JLU/2025_10_07_RSFB-Phenotyping_WG1_JLU/20251007_141453.jpg,plot_6bf6bf651a4d36a8ce81,wg_insects_t1_bbch10,/home/nfs/data/nvme_datasets/Pictures_CFSB_leaf_damage/2025_10_07_RSFB-Phenotyping_WG1_JLU/2025_10_07_RSFB-Phenotyping_WG1_JLU/20251007_141453.jpg,4.0,2.5177969932556152,2.056976795196533,-0.4608202278614044,1.9430232048034668,1.4822030067443848,rank_margin10,43,single_rater_weak
2025_10_07_RSFB-Phenotyping_WG1_JLU/2025_10_07_RSFB-Phenotyping_WG1_JLU/20251007_141512.jpg,plot_99a25b806dca170825f2,wg_insects_t1_bbch10,/home/nfs/data/nvme_datasets/Pictures_CFSB_leaf_damage/2025_10_07_RSFB-Phenotyping_WG1_JLU/2025_10_07_RSFB-Phenotyping_WG1_JLU/20251007_141512.jpg,14.0,2.268087387084961,2.8109140396118164,0.5428267121315002,11.189085960388184,11.731912612915039,rank_margin10,43,single_rater_weak
2025_10_07_RSFB-Phenotyping_WG1_JLU/2025_10_07_RSFB-Phenotyping_WG1_JLU/20251007_141519.jpg,plot_99a25b806dca170825f2,wg_insects_t1_bbch10,/home/nfs/data/nvme_datasets/Pictures_CFSB_leaf_damage/2025_10_07_RSFB-Phenotyping_WG1_JLU/2025_10_07_RSFB-Phenotyping_WG1_JLU/20251007_141519.jpg,11.0,2.885590076446533,3.7974226474761963,0.9118325114250183,7.202577590942383,8.114410400390625,rank_margin10,43,single_rater_weak
2025_10_07_RSFB-Phenotyping_WG1_JLU/2025_10_07_RSFB-Phenotyping_WG1_JLU/20251007_141526.jpg,plot_99a25b806dca170825f2,wg_insects_t1_bbch10,/home/nfs/data/nvme_datasets/Pictures_CFSB_leaf_damage/2025_10_07_RSFB-Phenotyping_WG1_JLU/2025_10_07_RSFB-Phenotyping_WG1_JLU/20251007_141526.jpg,3.0,4.26365852355957,5.21929407119751,0.9556354284286499,2.2192940711975098,1.2636585235595703,rank_margin10,43,single_rater_weak
2025_10_07_RSFB-Phenotyping_WG1_JLU/2025_10_07_RSFB-Phenotyping_WG1_JLU/20251007_141542.jpg,plot_3b73ffaad10c9fd11dbc,wg_insects_t1_bbch10,/home/nfs/data/nvme_datasets/Pictures_CFSB_leaf_damage/2025_10_07_RSFB-Phenotyping_WG1_JLU/2025_10_07_RSFB-Phenotyping_WG1_JLU/20251007_141542.jpg,8.0,3.7661445140838623,4.522352695465088,0.7562080025672913,3.477647304534912,4.233855247497559,rank_margin10,43,single_rater_weak
2025_10_07_RSFB-Phenotyping_WG1_JLU/2025_10_07_RSFB-Phenotyping_WG1_JLU/20251007_141547.jpg,plot_3b73ffaad10c9fd11dbc,wg_insects_t1_bbch10,/home/nfs/data/nvme_datasets/Pictures_CFSB_leaf_damage/2025_10_07_RSFB-Phenotyping_WG1_JLU/2025_10_07_RSFB-Phenotyping_WG1_JLU/20251007_141547.jpg,10.0,3.9159317016601562,4.229447364807129,0.31351563334465027,5.770552635192871,6.084068298339844,rank_margin10,43,single_rater_weak
2025_10_07_RSFB-Phenotyping_WG1_JLU/2025_10_07_RSFB-Phenotyping_WG1_JLU/20251007_141556.jpg,plot_3b73ffaad10c9fd11dbc,wg_insects_t1_bbch10,/home/nfs/data/nvme_datasets/Pictures_CFSB_leaf_damage/2025_10_07_RSFB-Phenotyping_WG1_JLU/2025_10_07_RSFB-Phenotyping_WG1_JLU/20251007_141556.jpg,4.0,2.4295525550842285,2.982865333557129,0.5533127784729004,1.017134666442871,1.5704474449157715,rank_margin10,43,single_rater_weak
2025_10_07_RSFB-Phenotyping_WG1_JLU/2025_10_07_RSFB-Phenotyping_WG1_JLU/20251007_141613.jpg,plot_6e42ec20a5bb7da4eeda,wg_insects_t1_bbch10,/home/nfs/data/nvme_datasets/Pictures_CFSB_leaf_damage/2025_10_07_RSFB-Phenotyping_WG1_JLU/2025_10_07_RSFB-Phenotyping_WG1_JLU/20251007_141613.jpg,5.0,3.4979164600372314,3.8868751525878906,0.3889586925506592,1.1131248474121094,1.5020835399627686,rank_margin10,43,single_rater_weak
2025_10_07_RSFB-Phenotyping_WG1_JLU/2025_10_07_RSFB-Phenotyping_WG1_JLU/20251007_141618.jpg,plot_6e42ec20a5bb7da4eeda,wg_insects_t1_bbch10,/home/nfs/data/nvme_datasets/Pictures_CFSB_leaf_damage/2025_10_07_RSFB-Phenotyping_WG1_JLU/2025_10_07_RSFB-Phenotyping_WG1_JLU/20251007_141618.jpg,8.0,2.1154260635375977,2.699366569519043,0.5839405059814453,5.300633430480957,5.884573936462402,rank_margin10,43,single_rater_weak
2025_10_07_RSFB-Phenotyping_WG1_JLU/2025_10_07_RSFB-Phenotyping_WG1_JLU/20251007_141623.jpg,plot_6e42ec20a5bb7da4eeda,wg_insects_t1_bbch10,/home/nfs/data/nvme_datasets/Pictures_CFSB_leaf_damage/2025_10_07_RSFB-Phenotyping_WG1_JLU/2025_10_07_RSFB-Phenotyping_WG1_JLU/20251007_141623.jpg,9.0,8.319936752319336,9.152790069580078,0.8328537940979004,0.15279006958007812,0.6800632476806641,rank_margin10,43,single_rater_weak
2025_10_07_RSFB-Phenotyping_WG1_JLU/2025_10_07_RSFB-Phenotyping_WG1_JLU/20251007_141702.jpg,plot_db7d2b1c2bf3151b8c1e,wg_insects_t1_bbch10,/home/nfs/data/nvme_datasets/Pictures_CFSB_leaf_damage/2025_10_07_RSFB-Phenotyping_WG1_JLU/2025_10_07_RSFB-Phenotyping_WG1_JLU/20251007_141702.jpg,8.0,3.0596237182617188,4.045450210571289,0.985826313495636,3.954549789428711,4.940376281738281,rank_margin10,43,single_rater_weak
2025_10_07_RSFB-Phenotyping_WG1_JLU/2025_10_07_RSFB-Phenotyping_WG1_JLU/20251007_141707.jpg,plot_db7d2b1c2bf3151b8c1e,wg_insects_t1_bbch10,/home/nfs/data/nvme_datasets/Pictures_CFSB_leaf_damage/2025_10_07_RSFB-Phenotyping_WG1_JLU/2025_10_07_RSFB-Phenotyping_WG1_JLU/20251007_141707.jpg,4.0,4.16043758392334,4.445206165313721,0.28476858139038086,0.4452061653137207,0.16043758392333984,rank_margin10,43,single_rater_weak
2025_10_07_RSFB-Phenotyping_WG1_JLU/2025_10_07_RSFB-Phenotyping_WG1_JLU/20251007_141712.jpg,plot_db7d2b1c2bf3151b8c1e,wg_insects_t1_bbch10,/home/nfs/data/nvme_datasets/Pictures_CFSB_leaf_damage/2025_10_07_RSFB-Phenotyping_WG1_JLU/2025_10_07_RSFB-Phenotyping_WG1_JLU/20251007_141712.jpg,5.0,2.7109646797180176,2.5734446048736572,-0.13752004504203796,2.4265553951263428,2.2890353202819824,rank_margin10,43,single_rater_weak
2025_10_07_RSFB-Phenotyping_WG1_JLU/2025_10_07_RSFB-Phenotyping_WG1_JLU/20251007_141723.jpg,plot_529819377143ee09a0ab,wg_insects_t1_bbch10,/home/nfs/data/nvme_datasets/Pictures_CFSB_leaf_damage/2025_10_07_RSFB-Phenotyping_WG1_JLU/2025_10_07_RSFB-Phenotyping_WG1_JLU/20251007_141723.jpg,9.0,3.5686521530151367,4.153032302856445,0.5843803882598877,4.846967697143555,5.431347846984863,rank_margin10,43,single_rater_weak
2025_10_07_RSFB-Phenotyping_WG1_JLU/2025_10_07_RSFB-Phenotyping_WG1_JLU/20251007_141729.jpg,plot_529819377143ee09a0ab,wg_insects_t1_bbch10,/home/nfs/data/nvme_datasets/Pictures_CFSB_leaf_damage/2025_10_07_RSFB-Phenotyping_WG1_JLU/2025_10_07_RSFB-Phenotyping_WG1_JLU/20251007_141729.jpg,4.0,2.8902502059936523,3.6769919395446777,0.7867416143417358,0.32300806045532227,1.1097497940063477,rank_margin10,43,single_rater_weak
2025_10_07_RSFB-Phenotyping_WG1_JLU/2025_10_07_RSFB-Phenotyping_WG1_JLU/20251007_141735.jpg,plot_529819377143ee09a0ab,wg_insects_t1_bbch10,/home/nfs/data/nvme_datasets/Pictures_CFSB_leaf_damage/2025_10_07_RSFB-Phenotyping_WG1_JLU/2025_10_07_RSFB-Phenotyping_WG1_JLU/20251007_141735.jpg,5.0,3.666607141494751,4.156256675720215,0.48964977264404297,0.8437433242797852,1.333392858505249,rank_margin10,43,single_rater_weak
2025_10_07_RSFB-Phenotyping_WG1_JLU/2025_10_07_RSFB-Phenotyping_WG1_JLU/20251007_141749.jpg,plot_a4b69901915632bc9a05,wg_insects_t1_bbch10,/home/nfs/data/nvme_datasets/Pictures_CFSB_leaf_damage/2025_10_07_RSFB-Phenotyping_WG1_JLU/2025_10_07_RSFB-Phenotyping_WG1_JLU/20251007_141749.jpg,7.0,2.5721492767333984,2.762213945388794,0.19006474316120148,4.237786293029785,4.427850723266602,rank_margin10,43,single_rater_weak
2025_10_07_RSFB-Phenotyping_WG1_JLU/2025_10_07_RSFB-Phenotyping_WG1_JLU/20251007_141756.jpg,plot_a4b69901915632bc9a05,wg_insects_t1_bbch10,/home/nfs/data/nvme_datasets/Pictures_CFSB_leaf_damage/2025_10_07_RSFB-Phenotyping_WG1_JLU/2025_10_07_RSFB-Phenotyping_WG1_JLU/20251007_141756.jpg,10.0,2.874446392059326,2.856464385986328,-0.01798202469944954,7.143535614013672,7.125553607940674,rank_margin10,43,single_rater_weak
2025_10_07_RSFB-Phenotyping_WG1_JLU/2025_10_07_RSFB-Phenotyping_WG1_JLU/20251007_141801.jpg,plot_a4b69901915632bc9a05,wg_insects_t1_bbch10,/home/nfs/data/nvme_datasets/Pictures_CFSB_leaf_damage/2025_10_07_RSFB-Phenotyping_WG1_JLU/2025_10_07_RSFB-Phenotyping_WG1_JLU/20251007_141801.jpg,4.0,5.517180442810059,5.826421737670898,0.3092411458492279,1.8264217376708984,1.5171804428100586,rank_margin10,43,single_rater_weak
2025_10_07_RSFB-Phenotyping_WG1_JLU/2025_10_07_RSFB-Phenotyping_WG1_JLU/20251007_141817.jpg,plot_2ebd15070d13d8c6d7a6,wg_insects_t1_bbch10,/home/nfs/data/nvme_datasets/Pictures_CFSB_leaf_damage/2025_10_07_RSFB-Phenotyping_WG1_JLU/2025_10_07_RSFB-Phenotyping_WG1_JLU/20251007_141817.jpg,8.0,3.0636043548583984,3.955521583557129,0.8919171094894409,4.044478416442871,4.936395645141602,rank_margin10,43,single_rater_weak
2025_10_07_RSFB-Phenotyping_WG1_JLU/2025_10_07_RSFB-Phenotyping_WG1_JLU/20251007_141823.jpg,plot_2ebd15070d13d8c6d7a6,wg_insects_t1_bbch10,/home/nfs/data/nvme_datasets/Pictures_CFSB_leaf_damage/2025_10_07_RSFB-Phenotyping_WG1_JLU/2025_10_07_RSFB-Phenotyping_WG1_JLU/20251007_141823.jpg,3.0,3.2955732345581055,3.350268602371216,0.054695308208465576,0.3502686023712158,0.29557323455810547,rank_margin10,43,single_rater_weak
2025_10_07_RSFB-Phenotyping_WG1_JLU/2025_10_07_RSFB-Phenotyping_WG1_JLU/20251007_141829.jpg,plot_2ebd15070d13d8c6d7a6,wg_insects_t1_bbch10,/home/nfs/data/nvme_datasets/Pictures_CFSB_leaf_damage/2025_10_07_RSFB-Phenotyping_WG1_JLU/2025_10_07_RSFB-Phenotyping_WG1_JLU/20251007_141829.jpg,14.0,4.658819198608398,5.205585956573486,0.5467665791511536,8.794414520263672,9.341180801391602,rank_margin10,43,single_rater_weak
2025_10_07_RSFB-Phenotyping_WG1_JLU/2025_10_07_RSFB-Phenotyping_WG1_JLU/20251007_141846.jpg,plot_5272a7fbade6b73ab0a8,wg_insects_t1_bbch10,/home/nfs/data/nvme_datasets/Pictures_CFSB_leaf_damage/2025_10_07_RSFB-Phenotyping_WG1_JLU/2025_10_07_RSFB-Phenotyping_WG1_JLU/20251007_141846.jpg,6.0,4.257055282592773,4.4254560470581055,0.16840100288391113,1.5745439529418945,1.7429447174072266,rank_margin10,43,single_rater_weak
2025_10_07_RSFB-Phenotyping_WG1_JLU/2025_10_07_RSFB-Phenotyping_WG1_JLU/20251007_141853.jpg,plot_5272a7fbade6b73ab0a8,wg_insects_t1_bbch10,/home/nfs/data/nvme_datasets/Pictures_CFSB_leaf_damage/2025_10_07_RSFB-Phenotyping_WG1_JLU/2025_10_07_RSFB-Phenotyping_WG1_JLU/20251007_141853.jpg,11.0,4.199770927429199,5.639795303344727,1.4400241374969482,5.360204696655273,6.800229072570801,rank_margin10,43,single_rater_weak
2025_10_07_RSFB-Phenotyping_WG1_JLU/2025_10_07_RSFB-Phenotyping_WG1_JLU/20251007_141858.jpg,plot_5272a7fbade6b73ab0a8,wg_insects_t1_bbch10,/home/nfs/data/nvme_datasets/Pictures_CFSB_leaf_damage/2025_10_07_RSFB-Phenotyping_WG1_JLU/2025_10_07_RSFB-Phenotyping_WG1_JLU/20251007_141858.jpg,12.0,4.6806488037109375,4.951759338378906,0.27111032605171204,7.048240661621094,7.3193511962890625,rank_margin10,43,single_rater_weak
2025_10_07_RSFB-Phenotyping_WG1_JLU/2025_10_07_RSFB-Phenotyping_WG1_JLU/20251007_141915.jpg,plot_d258ade8562d220dd689,wg_insects_t1_bbch10,/home/nfs/data/nvme_datasets/Pictures_CFSB_leaf_damage/2025_10_07_RSFB-Phenotyping_WG1_JLU/2025_10_07_RSFB-Phenotyping_WG1_JLU/20251007_141915.jpg,1.0,3.9923317432403564,4.95200252532959,0.959670901298523,3.95200252532959,2.9923317432403564,rank_margin10,43,single_rater_weak
2025_10_07_RSFB-Phenotyping_WG1_JLU/2025_10_07_RSFB-Phenotyping_WG1_JLU/20251007_141919.jpg,plot_d258ade8562d220dd689,wg_insects_t1_bbch10,/home/nfs/data/nvme_datasets/Pictures_CFSB_leaf_damage/2025_10_07_RSFB-Phenotyping_WG1_JLU/2025_10_07_RSFB-Phenotyping_WG1_JLU/20251007_141919.jpg,4.0,6.090468883514404,5.987306594848633,-0.10316245257854462,1.9873065948486328,2.0904688835144043,rank_margin10,43,single_rater_weak
2025_10_07_RSFB-Phenotyping_WG1_JLU/2025_10_07_RSFB-Phenotyping_WG1_JLU/20251007_141924.jpg,plot_d258ade8562d220dd689,wg_insects_t1_bbch10,/home/nfs/data/nvme_datasets/Pictures_CFSB_leaf_damage/2025_10_07_RSFB-Phenotyping_WG1_JLU/2025_10_07_RSFB-Phenotyping_WG1_JLU/20251007_141924.jpg,5.0,2.9981913566589355,3.235910654067993,0.23771940171718597,1.7640893459320068,2.0018086433410645,rank_margin10,43,single_rater_weak
2025_10_07_RSFB-Phenotyping_WG1_JLU/2025_10_07_RSFB-Phenotyping_WG1_JLU/20251007_141943.jpg,plot_86b21db3ef9aacce2827,wg_insects_t1_bbch10,/home/nfs/data/nvme_datasets/Pictures_CFSB_leaf_damage/2025_10_07_RSFB-Phenotyping_WG1_JLU/2025_10_07_RSFB-Phenotyping_WG1_JLU/20251007_141943.jpg,3.0,2.796558380126953,2.814857244491577,0.018298977985978127,0.18514275550842285,0.20344161987304688,rank_margin10,43,single_rater_weak
2025_10_07_RSFB-Phenotyping_WG1_JLU/2025_10_07_RSFB-Phenotyping_WG1_JLU/20251007_141948.jpg,plot_86b21db3ef9aacce2827,wg_insects_t1_bbch10,/home/nfs/data/nvme_datasets/Pictures_CFSB_leaf_damage/2025_10_07_RSFB-Phenotyping_WG1_JLU/2025_10_07_RSFB-Phenotyping_WG1_JLU/20251007_141948.jpg,4.0,3.577955484390259,3.5263707637786865,-0.051584646105766296,0.4736292362213135,0.4220445156097412,rank_margin10,43,single_rater_weak
2025_10_07_RSFB-Phenotyping_WG1_JLU/2025_10_07_RSFB-Phenotyping_WG1_JLU/20251007_141954.jpg,plot_86b21db3ef9aacce2827,wg_insects_t1_bbch10,/home/nfs/data/nvme_datasets/Pictures_CFSB_leaf_damage/2025_10_07_RSFB-Phenotyping_WG1_JLU/2025_10_07_RSFB-Phenotyping_WG1_JLU/20251007_141954.jpg,3.0,3.504842758178711,3.5210540294647217,0.01621118187904358,0.5210540294647217,0.5048427581787109,rank_margin10,43,single_rater_weak
2025_10_07_RSFB-Phenotyping_WG1_JLU/2025_10_07_RSFB-Phenotyping_WG1_JLU/20251007_142011.jpg,plot_250cef0aa8a66524e7b3,wg_insects_t1_bbch10,/home/nfs/data/nvme_datasets/Pictures_CFSB_leaf_damage/2025_10_07_RSFB-Phenotyping_WG1_JLU/2025_10_07_RSFB-Phenotyping_WG1_JLU/20251007_142011.jpg,2.0,5.399341106414795,6.652702331542969,1.2533609867095947,4.652702331542969,3.399341106414795,rank_margin10,43,single_rater_weak
2025_10_07_RSFB-Phenotyping_WG1_JLU/2025_10_07_RSFB-Phenotyping_WG1_JLU/20251007_142016.jpg,plot_250cef0aa8a66524e7b3,wg_insects_t1_bbch10,/home/nfs/data/nvme_datasets/Pictures_CFSB_leaf_damage/2025_10_07_RSFB-Phenotyping_WG1_JLU/2025_10_07_RSFB-Phenotyping_WG1_JLU/20251007_142016.jpg,2.0,5.585482597351074,6.155538082122803,0.5700554847717285,4.155538082122803,3.585482597351074,rank_margin10,43,single_rater_weak
2025_10_07_RSFB-Phenotyping_WG1_JLU/2025_10_07_RSFB-Phenotyping_WG1_JLU/20251007_142022.jpg,plot_250cef0aa8a66524e7b3,wg_insects_t1_bbch10,/home/nfs/data/nvme_datasets/Pictures_CFSB_leaf_damage/2025_10_07_RSFB-Phenotyping_WG1_JLU/2025_10_07_RSFB-Phenotyping_WG1_JLU/20251007_142022.jpg,4.0,4.2825469970703125,5.638792991638184,1.3562458753585815,1.6387929916381836,0.2825469970703125,rank_margin10,43,single_rater_weak
2025_10_07_RSFB-Phenotyping_WG1_JLU/2025_10_07_RSFB-Phenotyping_WG1_JLU/20251007_142036.jpg,plot_c259f15ad47dc731aa8f,wg_insects_t1_bbch10,/home/nfs/data/nvme_datasets/Pictures_CFSB_leaf_damage/2025_10_07_RSFB-Phenotyping_WG1_JLU/2025_10_07_RSFB-Phenotyping_WG1_JLU/20251007_142036.jpg,1.0,2.7287821769714355,2.383415460586548,-0.3453667461872101,1.3834154605865479,1.7287821769714355,rank_margin10,43,single_rater_weak
2025_10_07_RSFB-Phenotyping_WG1_JLU/2025_10_07_RSFB-Phenotyping_WG1_JLU/20251007_142041.jpg,plot_c259f15ad47dc731aa8f,wg_insects_t1_bbch10,/home/nfs/data/nvme_datasets/Pictures_CFSB_leaf_damage/2025_10_07_RSFB-Phenotyping_WG1_JLU/2025_10_07_RSFB-Phenotyping_WG1_JLU/20251007_142041.jpg,2.0,2.5701355934143066,2.3885579109191895,-0.18157756328582764,0.38855791091918945,0.5701355934143066,rank_margin10,43,single_rater_weak
2025_10_07_RSFB-Phenotyping_WG1_JLU/2025_10_07_RSFB-Phenotyping_WG1_JLU/20251007_142047.jpg,plot_c259f15ad47dc731aa8f,wg_insects_t1_bbch10,/home/nfs/data/nvme_datasets/Pictures_CFSB_leaf_damage/2025_10_07_RSFB-Phenotyping_WG1_JLU/2025_10_07_RSFB-Phenotyping_WG1_JLU/20251007_142047.jpg,10.0,5.133059501647949,4.828397750854492,-0.30466151237487793,5.171602249145508,4.866940498352051,rank_margin10,43,single_rater_weak
2025_10_07_RSFB-Phenotyping_WG1_JLU/2025_10_07_RSFB-Phenotyping_WG1_JLU/20251007_142103.jpg,plot_4690748ade6aa02179ec,wg_insects_t1_bbch10,/home/nfs/data/nvme_datasets/Pictures_CFSB_leaf_damage/2025_10_07_RSFB-Phenotyping_WG1_JLU/2025_10_07_RSFB-Phenotyping_WG1_JLU/20251007_142103.jpg,2.0,2.915184497833252,2.868138313293457,-0.04704626649618149,0.868138313293457,0.915184497833252,rank_margin10,43,single_rater_weak
2025_10_07_RSFB-Phenotyping_WG1_JLU/2025_10_07_RSFB-Phenotyping_WG1_JLU/20251007_142112.jpg,plot_4690748ade6aa02179ec,wg_insects_t1_bbch10,/home/nfs/data/nvme_datasets/Pictures_CFSB_leaf_damage/2025_10_07_RSFB-Phenotyping_WG1_JLU/2025_10_07_RSFB-Phenotyping_WG1_JLU/20251007_142112.jpg,8.0,4.882040500640869,5.1880693435668945,0.3060290217399597,2.8119306564331055,3.117959499359131,rank_margin10,43,single_rater_weak
2025_10_07_RSFB-Phenotyping_WG1_JLU/2025_10_07_RSFB-Phenotyping_WG1_JLU/20251007_142117.jpg,plot_4690748ade6aa02179ec,wg_insects_t1_bbch10,/home/nfs/data/nvme_datasets/Pictures_CFSB_leaf_damage/2025_10_07_RSFB-Phenotyping_WG1_JLU/2025_10_07_RSFB-Phenotyping_WG1_JLU/20251007_142117.jpg,20.0,4.676065444946289,5.937200546264648,1.2611353397369385,14.062799453735352,15.323934555053711,rank_margin10,43,single_rater_weak
2025_10_07_RSFB-Phenotyping_WG1_JLU/2025_10_07_RSFB-Phenotyping_WG1_JLU/20251007_142137.jpg,plot_78301f7caaae71a8f0bb,wg_insects_t1_bbch10,/home/nfs/data/nvme_datasets/Pictures_CFSB_leaf_damage/2025_10_07_RSFB-Phenotyping_WG1_JLU/2025_10_07_RSFB-Phenotyping_WG1_JLU/20251007_142137.jpg,5.0,5.539514541625977,5.551563739776611,0.012049097567796707,0.5515637397766113,0.5395145416259766,rank_margin10,43,single_rater_weak
2025_10_07_RSFB-Phenotyping_WG1_JLU/2025_10_07_RSFB-Phenotyping_WG1_JLU/20251007_142143.jpg,plot_78301f7caaae71a8f0bb,wg_insects_t1_bbch10,/home/nfs/data/nvme_datasets/Pictures_CFSB_leaf_damage/2025_10_07_RSFB-Phenotyping_WG1_JLU/2025_10_07_RSFB-Phenotyping_WG1_JLU/20251007_142143.jpg,2.0,2.512430191040039,1.8202893733978271,-0.6921407580375671,0.17971062660217285,0.5124301910400391,rank_margin10,43,single_rater_weak
2025_10_07_RSFB-Phenotyping_WG1_JLU/2025_10_07_RSFB-Phenotyping_WG1_JLU/20251007_142149.jpg,plot_78301f7caaae71a8f0bb,wg_insects_t1_bbch10,/home/nfs/data/nvme_datasets/Pictures_CFSB_leaf_damage/2025_10_07_RSFB-Phenotyping_WG1_JLU/2025_10_07_RSFB-Phenotyping_WG1_JLU/20251007_142149.jpg,2.0,4.6345953941345215,4.746593952178955,0.11199839413166046,2.746593952178955,2.6345953941345215,rank_margin10,43,single_rater_weak
2025_10_07_RSFB-Phenotyping_WG1_JLU/2025_10_07_RSFB-Phenotyping_WG1_JLU/20251007_142210.jpg,plot_73e0bbbac0208c51d206,wg_insects_t1_bbch10,/home/nfs/data/nvme_datasets/Pictures_CFSB_leaf_damage/2025_10_07_RSFB-Phenotyping_WG1_JLU/2025_10_07_RSFB-Phenotyping_WG1_JLU/20251007_142210.jpg,13.0,6.844034194946289,6.865566253662109,0.021532123908400536,6.134433746337891,6.155965805053711,rank_margin10,43,single_rater_weak
2025_10_07_RSFB-Phenotyping_WG1_JLU/2025_10_07_RSFB-Phenotyping_WG1_JLU/20251007_142217.jpg,plot_73e0bbbac0208c51d206,wg_insects_t1_bbch10,/home/nfs/data/nvme_datasets/Pictures_CFSB_leaf_damage/2025_10_07_RSFB-Phenotyping_WG1_JLU/2025_10_07_RSFB-Phenotyping_WG1_JLU/20251007_142217.jpg,3.0,4.410686492919922,4.244503974914551,-0.16618266701698303,1.2445039749145508,1.4106864929199219,rank_margin10,43,single_rater_weak
2025_10_07_RSFB-Phenotyping_WG1_JLU/2025_10_07_RSFB-Phenotyping_WG1_JLU/20251007_142222.jpg,plot_73e0bbbac0208c51d206,wg_insects_t1_bbch10,/home/nfs/data/nvme_datasets/Pictures_CFSB_leaf_damage/2025_10_07_RSFB-Phenotyping_WG1_JLU/2025_10_07_RSFB-Phenotyping_WG1_JLU/20251007_142222.jpg,5.0,3.1004109382629395,3.0851664543151855,-0.01524452492594719,1.9148335456848145,1.8995890617370605,rank_margin10,43,single_rater_weak
2025_10_07_RSFB-Phenotyping_WG1_JLU/2025_10_07_RSFB-Phenotyping_WG1_JLU/20251007_142240.jpg,plot_528b221ffdba83ae382b,wg_insects_t1_bbch10,/home/nfs/data/nvme_datasets/Pictures_CFSB_leaf_damage/2025_10_07_RSFB-Phenotyping_WG1_JLU/2025_10_07_RSFB-Phenotyping_WG1_JLU/20251007_142240.jpg,3.0,3.2483530044555664,3.0268359184265137,-0.22151701152324677,0.026835918426513672,0.2483530044555664,rank_margin10,43,single_rater_weak
2025_10_07_RSFB-Phenotyping_WG1_JLU/2025_10_07_RSFB-Phenotyping_WG1_JLU/20251007_142245.jpg,plot_528b221ffdba83ae382b,wg_insects_t1_bbch10,/home/nfs/data/nvme_datasets/Pictures_CFSB_leaf_damage/2025_10_07_RSFB-Phenotyping_WG1_JLU/2025_10_07_RSFB-Phenotyping_WG1_JLU/20251007_142245.jpg,3.0,3.680331230163574,3.4891085624694824,-0.1912226527929306,0.4891085624694824,0.6803312301635742,rank_margin10,43,single_rater_weak
2025_10_07_RSFB-Phenotyping_WG1_JLU/2025_10_07_RSFB-Phenotyping_WG1_JLU/20251007_142252.jpg,plot_528b221ffdba83ae382b,wg_insects_t1_bbch10,/home/nfs/data/nvme_datasets/Pictures_CFSB_leaf_damage/2025_10_07_RSFB-Phenotyping_WG1_JLU/2025_10_07_RSFB-Phenotyping_WG1_JLU/20251007_142252.jpg,1.0,5.681360244750977,5.769965171813965,0.08860491216182709,4.769965171813965,4.681360244750977,rank_margin10,43,single_rater_weak
2025_10_07_RSFB-Phenotyping_WG1_JLU/2025_10_07_RSFB-Phenotyping_WG1_JLU/20251007_142306.jpg,plot_131be62dbf51989d4d38,wg_insects_t1_bbch10,/home/nfs/data/nvme_datasets/Pictures_CFSB_leaf_damage/2025_10_07_RSFB-Phenotyping_WG1_JLU/2025_10_07_RSFB-Phenotyping_WG1_JLU/20251007_142306.jpg,2.0,4.89621639251709,5.019635200500488,0.12341858446598053,3.0196352005004883,2.89621639251709,rank_margin10,43,single_rater_weak
2025_10_07_RSFB-Phenotyping_WG1_JLU/2025_10_07_RSFB-Phenotyping_WG1_JLU/20251007_142313.jpg,plot_131be62dbf51989d4d38,wg_insects_t1_bbch10,/home/nfs/data/nvme_datasets/Pictures_CFSB_leaf_damage/2025_10_07_RSFB-Phenotyping_WG1_JLU/2025_10_07_RSFB-Phenotyping_WG1_JLU/20251007_142313.jpg,3.0,3.3714804649353027,3.0631227493286133,-0.308357834815979,0.06312274932861328,0.37148046493530273,rank_margin10,43,single_rater_weak
2025_10_07_RSFB-Phenotyping_WG1_JLU/2025_10_07_RSFB-Phenotyping_WG1_JLU/20251007_142319.jpg,plot_131be62dbf51989d4d38,wg_insects_t1_bbch10,/home/nfs/data/nvme_datasets/Pictures_CFSB_leaf_damage/2025_10_07_RSFB-Phenotyping_WG1_JLU/2025_10_07_RSFB-Phenotyping_WG1_JLU/20251007_142319.jpg,4.0,4.079738616943359,4.764047622680664,0.6843090057373047,0.7640476226806641,0.07973861694335938,rank_margin10,43,single_rater_weak
2025_10_07_RSFB-Phenotyping_WG1_JLU/2025_10_07_RSFB-Phenotyping_WG1_JLU/20251007_142334.jpg,plot_d1274d1d6e986d360875,wg_insects_t1_bbch10,/home/nfs/data/nvme_datasets/Pictures_CFSB_leaf_damage/2025_10_07_RSFB-Phenotyping_WG1_JLU/2025_10_07_RSFB-Phenotyping_WG1_JLU/20251007_142334.jpg,2.0,1.9627084732055664,2.727344274520874,0.7646357417106628,0.727344274520874,0.037291526794433594,rank_margin10,43,single_rater_weak
2025_10_07_RSFB-Phenotyping_WG1_JLU/2025_10_07_RSFB-Phenotyping_WG1_JLU/20251007_142339.jpg,plot_d1274d1d6e986d360875,wg_insects_t1_bbch10,/home/nfs/data/nvme_datasets/Pictures_CFSB_leaf_damage/2025_10_07_RSFB-Phenotyping_WG1_JLU/2025_10_07_RSFB-Phenotyping_WG1_JLU/20251007_142339.jpg,2.0,3.0772595405578613,3.230556011199951,0.15329653024673462,1.2305560111999512,1.0772595405578613,rank_margin10,43,single_rater_weak
2025_10_07_RSFB-Phenotyping_WG1_JLU/2025_10_07_RSFB-Phenotyping_WG1_JLU/20251007_142347.jpg,plot_d1274d1d6e986d360875,wg_insects_t1_bbch10,/home/nfs/data/nvme_datasets/Pictures_CFSB_leaf_damage/2025_10_07_RSFB-Phenotyping_WG1_JLU/2025_10_07_RSFB-Phenotyping_WG1_JLU/20251007_142347.jpg,19.0,4.304086685180664,4.935243129730225,0.6311562657356262,14.064756393432617,14.695913314819336,rank_margin10,43,single_rater_weak
2025_10_07_RSFB-Phenotyping_WG1_JLU/2025_10_07_RSFB-Phenotyping_WG1_JLU/20251007_142403.jpg,plot_16c55d014e295e0ba022,wg_insects_t1_bbch10,/home/nfs/data/nvme_datasets/Pictures_CFSB_leaf_damage/2025_10_07_RSFB-Phenotyping_WG1_JLU/2025_10_07_RSFB-Phenotyping_WG1_JLU/20251007_142403.jpg,4.0,5.430481433868408,6.559185981750488,1.1287044286727905,2.5591859817504883,1.4304814338684082,rank_margin10,43,single_rater_weak
2025_10_07_RSFB-Phenotyping_WG1_JLU/2025_10_07_RSFB-Phenotyping_WG1_JLU/20251007_142410.jpg,plot_16c55d014e295e0ba022,wg_insects_t1_bbch10,/home/nfs/data/nvme_datasets/Pictures_CFSB_leaf_damage/2025_10_07_RSFB-Phenotyping_WG1_JLU/2025_10_07_RSFB-Phenotyping_WG1_JLU/20251007_142410.jpg,4.0,4.3226847648620605,3.7165706157684326,-0.6061141490936279,0.2834293842315674,0.32268476486206055,rank_margin10,43,single_rater_weak
2025_10_07_RSFB-Phenotyping_WG1_JLU/2025_10_07_RSFB-Phenotyping_WG1_JLU/20251007_142415.jpg,plot_16c55d014e295e0ba022,wg_insects_t1_bbch10,/home/nfs/data/nvme_datasets/Pictures_CFSB_leaf_damage/2025_10_07_RSFB-Phenotyping_WG1_JLU/2025_10_07_RSFB-Phenotyping_WG1_JLU/20251007_142415.jpg,5.0,3.9532928466796875,4.15496826171875,0.20167557895183563,0.84503173828125,1.0467071533203125,rank_margin10,43,single_rater_weak
2025_10_07_RSFB-Phenotyping_WG1_JLU/2025_10_07_RSFB-Phenotyping_WG1_JLU/20251007_142430.jpg,plot_580f5e613cd9f022668b,wg_insects_t1_bbch10,/home/nfs/data/nvme_datasets/Pictures_CFSB_leaf_damage/2025_10_07_RSFB-Phenotyping_WG1_JLU/2025_10_07_RSFB-Phenotyping_WG1_JLU/20251007_142430.jpg,7.0,4.029665946960449,4.5722856521606445,0.5426197052001953,2.4277143478393555,2.970334053039551,rank_margin10,43,single_rater_weak
2025_10_07_RSFB-Phenotyping_WG1_JLU/2025_10_07_RSFB-Phenotyping_WG1_JLU/20251007_142435.jpg,plot_580f5e613cd9f022668b,wg_insects_t1_bbch10,/home/nfs/data/nvme_datasets/Pictures_CFSB_leaf_damage/2025_10_07_RSFB-Phenotyping_WG1_JLU/2025_10_07_RSFB-Phenotyping_WG1_JLU/20251007_142435.jpg,3.0,3.4826669692993164,3.1948585510253906,-0.2878083884716034,0.19485855102539062,0.4826669692993164,rank_margin10,43,single_rater_weak
2025_10_07_RSFB-Phenotyping_WG1_JLU/2025_10_07_RSFB-Phenotyping_WG1_JLU/20251007_142441.jpg,plot_580f5e613cd9f022668b,wg_insects_t1_bbch10,/home/nfs/data/nvme_datasets/Pictures_CFSB_leaf_damage/2025_10_07_RSFB-Phenotyping_WG1_JLU/2025_10_07_RSFB-Phenotyping_WG1_JLU/20251007_142441.jpg,9.0,7.811573505401611,9.261191368103027,1.449617624282837,0.26119136810302734,1.1884264945983887,rank_margin10,43,single_rater_weak
2025_10_07_RSFB-Phenotyping_WG1_JLU/2025_10_07_RSFB-Phenotyping_WG1_JLU/20251007_142455.jpg,plot_cf6c07e4fcae447ab338,wg_insects_t1_bbch10,/home/nfs/data/nvme_datasets/Pictures_CFSB_leaf_damage/2025_10_07_RSFB-Phenotyping_WG1_JLU/2025_10_07_RSFB-Phenotyping_WG1_JLU/20251007_142455.jpg,7.0,3.1859097480773926,4.564504146575928,1.3785945177078247,2.4354958534240723,3.8140902519226074,rank_margin10,43,single_rater_weak
2025_10_07_RSFB-Phenotyping_WG1_JLU/2025_10_07_RSFB-Phenotyping_WG1_JLU/20251007_142503.jpg,plot_cf6c07e4fcae447ab338,wg_insects_t1_bbch10,/home/nfs/data/nvme_datasets/Pictures_CFSB_leaf_damage/2025_10_07_RSFB-Phenotyping_WG1_JLU/2025_10_07_RSFB-Phenotyping_WG1_JLU/20251007_142503.jpg,4.0,3.3762245178222656,3.7319159507751465,0.3556913435459137,0.2680840492248535,0.6237754821777344,rank_margin10,43,single_rater_weak
2025_10_07_RSFB-Phenotyping_WG1_JLU/2025_10_07_RSFB-Phenotyping_WG1_JLU/20251007_142508.jpg,plot_cf6c07e4fcae447ab338,wg_insects_t1_bbch10,/home/nfs/data/nvme_datasets/Pictures_CFSB_leaf_damage/2025_10_07_RSFB-Phenotyping_WG1_JLU/2025_10_07_RSFB-Phenotyping_WG1_JLU/20251007_142508.jpg,6.0,3.858659029006958,4.607451915740967,0.7487930059432983,1.3925480842590332,2.141340970993042,rank_margin10,43,single_rater_weak
2025_10_07_RSFB-Phenotyping_WG1_JLU/2025_10_07_RSFB-Phenotyping_WG1_JLU/20251007_142525.jpg,plot_d93e1d2812add952bc05,wg_insects_t1_bbch10,/home/nfs/data/nvme_datasets/Pictures_CFSB_leaf_damage/2025_10_07_RSFB-Phenotyping_WG1_JLU/2025_10_07_RSFB-Phenotyping_WG1_JLU/20251007_142525.jpg,2.0,5.350128173828125,5.625735282897949,0.27560722827911377,3.625735282897949,3.350128173828125,rank_margin10,43,single_rater_weak
2025_10_07_RSFB-Phenotyping_WG1_JLU/2025_10_07_RSFB-Phenotyping_WG1_JLU/20251007_142530.jpg,plot_d93e1d2812add952bc05,wg_insects_t1_bbch10,/home/nfs/data/nvme_datasets/Pictures_CFSB_leaf_damage/2025_10_07_RSFB-Phenotyping_WG1_JLU/2025_10_07_RSFB-Phenotyping_WG1_JLU/20251007_142530.jpg,3.0,4.51650857925415,4.109433174133301,-0.40707552433013916,1.1094331741333008,1.5165085792541504,rank_margin10,43,single_rater_weak
2025_10_07_RSFB-Phenotyping_WG1_JLU/2025_10_07_RSFB-Phenotyping_WG1_JLU/20251007_142535.jpg,plot_d93e1d2812add952bc05,wg_insects_t1_bbch10,/home/nfs/data/nvme_datasets/Pictures_CFSB_leaf_damage/2025_10_07_RSFB-Phenotyping_WG1_JLU/2025_10_07_RSFB-Phenotyping_WG1_JLU/20251007_142535.jpg,2.0,5.048810005187988,5.075318813323975,0.02650858648121357,3.0753188133239746,3.0488100051879883,rank_margin10,43,single_rater_weak
2025_10_07_RSFB-Phenotyping_WG1_JLU/2025_10_07_RSFB-Phenotyping_WG1_JLU/20251007_142550.jpg,plot_485952b0e10a79ec8185,wg_insects_t1_bbch10,/home/nfs/data/nvme_datasets/Pictures_CFSB_leaf_damage/2025_10_07_RSFB-Phenotyping_WG1_JLU/2025_10_07_RSFB-Phenotyping_WG1_JLU/20251007_142550.jpg,1.0,3.098994731903076,3.3352444171905518,0.236249640583992,2.3352444171905518,2.098994731903076,rank_margin10,43,single_rater_weak
2025_10_07_RSFB-Phenotyping_WG1_JLU/2025_10_07_RSFB-Phenotyping_WG1_JLU/20251007_142558.jpg,plot_485952b0e10a79ec8185,wg_insects_t1_bbch10,/home/nfs/data/nvme_datasets/Pictures_CFSB_leaf_damage/2025_10_07_RSFB-Phenotyping_WG1_JLU/2025_10_07_RSFB-Phenotyping_WG1_JLU/20251007_142558.jpg,1.0,5.1779890060424805,5.480532646179199,0.30254387855529785,4.480532646179199,4.1779890060424805,rank_margin10,43,single_rater_weak
2025_10_07_RSFB-Phenotyping_WG1_JLU/2025_10_07_RSFB-Phenotyping_WG1_JLU/20251007_142608.jpg,plot_485952b0e10a79ec8185,wg_insects_t1_bbch10,/home/nfs/data/nvme_datasets/Pictures_CFSB_leaf_damage/2025_10_07_RSFB-Phenotyping_WG1_JLU/2025_10_07_RSFB-Phenotyping_WG1_JLU/20251007_142608.jpg,2.0,4.1000847816467285,4.055843830108643,-0.04424102231860161,2.0558438301086426,2.1000847816467285,rank_margin10,43,single_rater_weak
2025_10_07_RSFB-Phenotyping_WG1_JLU/2025_10_07_RSFB-Phenotyping_WG1_JLU/20251007_142627.jpg,plot_744d52c29a1221ece015,wg_insects_t1_bbch10,/home/nfs/data/nvme_datasets/Pictures_CFSB_leaf_damage/2025_10_07_RSFB-Phenotyping_WG1_JLU/2025_10_07_RSFB-Phenotyping_WG1_JLU/20251007_142627.jpg,1.0,3.004025459289551,2.6129581928253174,-0.3910673260688782,1.6129581928253174,2.004025459289551,rank_margin10,43,single_rater_weak
2025_10_07_RSFB-Phenotyping_WG1_JLU/2025_10_07_RSFB-Phenotyping_WG1_JLU/20251007_142633.jpg,plot_744d52c29a1221ece015,wg_insects_t1_bbch10,/home/nfs/data/nvme_datasets/Pictures_CFSB_leaf_damage/2025_10_07_RSFB-Phenotyping_WG1_JLU/2025_10_07_RSFB-Phenotyping_WG1_JLU/20251007_142633.jpg,2.0,2.644526958465576,2.45124888420105,-0.19327802956104279,0.4512488842010498,0.6445269584655762,rank_margin10,43,single_rater_weak
2025_10_07_RSFB-Phenotyping_WG1_JLU/2025_10_07_RSFB-Phenotyping_WG1_JLU/20251007_142639.jpg,plot_744d52c29a1221ece015,wg_insects_t1_bbch10,/home/nfs/data/nvme_datasets/Pictures_CFSB_leaf_damage/2025_10_07_RSFB-Phenotyping_WG1_JLU/2025_10_07_RSFB-Phenotyping_WG1_JLU/20251007_142639.jpg,3.0,3.635253667831421,4.496834754943848,0.8615810871124268,1.4968347549438477,0.6352536678314209,rank_margin10,43,single_rater_weak
2025_10_07_RSFB-Phenotyping_WG1_JLU/2025_10_07_RSFB-Phenotyping_WG1_JLU/20251007_142655.jpg,plot_18192f1b18eadc2b30db,wg_insects_t1_bbch10,/home/nfs/data/nvme_datasets/Pictures_CFSB_leaf_damage/2025_10_07_RSFB-Phenotyping_WG1_JLU/2025_10_07_RSFB-Phenotyping_WG1_JLU/20251007_142655.jpg,1.0,2.997239112854004,3.1495234966278076,0.15228447318077087,2.1495234966278076,1.997239112854004,rank_margin10,43,single_rater_weak
2025_10_07_RSFB-Phenotyping_WG1_JLU/2025_10_07_RSFB-Phenotyping_WG1_JLU/20251007_142702.jpg,plot_18192f1b18eadc2b30db,wg_insects_t1_bbch10,/home/nfs/data/nvme_datasets/Pictures_CFSB_leaf_damage/2025_10_07_RSFB-Phenotyping_WG1_JLU/2025_10_07_RSFB-Phenotyping_WG1_JLU/20251007_142702.jpg,1.0,3.8885915279388428,4.055884838104248,0.16729310154914856,3.055884838104248,2.8885915279388428,rank_margin10,43,single_rater_weak
2025_10_07_RSFB-Phenotyping_WG1_JLU/2025_10_07_RSFB-Phenotyping_WG1_JLU/20251007_142708.jpg,plot_18192f1b18eadc2b30db,wg_insects_t1_bbch10,/home/nfs/data/nvme_datasets/Pictures_CFSB_leaf_damage/2025_10_07_RSFB-Phenotyping_WG1_JLU/2025_10_07_RSFB-Phenotyping_WG1_JLU/20251007_142708.jpg,4.0,4.275563716888428,4.591909885406494,0.3163459897041321,0.5919098854064941,0.27556371688842773,rank_margin10,43,single_rater_weak
2025_10_07_RSFB-Phenotyping_WG1_JLU/2025_10_07_RSFB-Phenotyping_WG1_JLU/20251007_142723.jpg,plot_1c39766e5574b9aecdad,wg_insects_t1_bbch10,/home/nfs/data/nvme_datasets/Pictures_CFSB_leaf_damage/2025_10_07_RSFB-Phenotyping_WG1_JLU/2025_10_07_RSFB-Phenotyping_WG1_JLU/20251007_142723.jpg,1.0,2.412351131439209,2.7789623737335205,0.3666112422943115,1.7789623737335205,1.412351131439209,rank_margin10,43,single_rater_weak
2025_10_07_RSFB-Phenotyping_WG1_JLU/2025_10_07_RSFB-Phenotyping_WG1_JLU/20251007_142728.jpg,plot_1c39766e5574b9aecdad,wg_insects_t1_bbch10,/home/nfs/data/nvme_datasets/Pictures_CFSB_leaf_damage/2025_10_07_RSFB-Phenotyping_WG1_JLU/2025_10_07_RSFB-Phenotyping_WG1_JLU/20251007_142728.jpg,1.0,2.701551914215088,2.4335145950317383,-0.26803719997406006,1.4335145950317383,1.701551914215088,rank_margin10,43,single_rater_weak
2025_10_07_RSFB-Phenotyping_WG1_JLU/2025_10_07_RSFB-Phenotyping_WG1_JLU/20251007_142734.jpg,plot_1c39766e5574b9aecdad,wg_insects_t1_bbch10,/home/nfs/data/nvme_datasets/Pictures_CFSB_leaf_damage/2025_10_07_RSFB-Phenotyping_WG1_JLU/2025_10_07_RSFB-Phenotyping_WG1_JLU/20251007_142734.jpg,2.0,3.332770347595215,3.963867664337158,0.6310971975326538,1.9638676643371582,1.3327703475952148,rank_margin10,43,single_rater_weak
2025_10_07_RSFB-Phenotyping_WG1_JLU/2025_10_07_RSFB-Phenotyping_WG1_JLU/20251007_142749.jpg,plot_207fcb76844931a4163b,wg_insects_t1_bbch10,/home/nfs/data/nvme_datasets/Pictures_CFSB_leaf_damage/2025_10_07_RSFB-Phenotyping_WG1_JLU/2025_10_07_RSFB-Phenotyping_WG1_JLU/20251007_142749.jpg,3.0,5.78317403793335,7.2508955001831055,1.4677214622497559,4.2508955001831055,2.7831740379333496,rank_margin10,43,single_rater_weak
2025_10_07_RSFB-Phenotyping_WG1_JLU/2025_10_07_RSFB-Phenotyping_WG1_JLU/20251007_142754.jpg,plot_207fcb76844931a4163b,wg_insects_t1_bbch10,/home/nfs/data/nvme_datasets/Pictures_CFSB_leaf_damage/2025_10_07_RSFB-Phenotyping_WG1_JLU/2025_10_07_RSFB-Phenotyping_WG1_JLU/20251007_142754.jpg,6.0,4.089529037475586,3.6600255966186523,-0.4295033812522888,2.3399744033813477,1.910470962524414,rank_margin10,43,single_rater_weak
2025_10_07_RSFB-Phenotyping_WG1_JLU/2025_10_07_RSFB-Phenotyping_WG1_JLU/20251007_142803.jpg,plot_207fcb76844931a4163b,wg_insects_t1_bbch10,/home/nfs/data/nvme_datasets/Pictures_CFSB_leaf_damage/2025_10_07_RSFB-Phenotyping_WG1_JLU/2025_10_07_RSFB-Phenotyping_WG1_JLU/20251007_142803.jpg,8.0,4.274497032165527,4.408557891845703,0.13406063616275787,3.591442108154297,3.7255029678344727,rank_margin10,43,single_rater_weak
2025_10_07_RSFB-Phenotyping_WG1_JLU/2025_10_07_RSFB-Phenotyping_WG1_JLU/20251007_142818.jpg,plot_f028b355ae3da1155aa1,wg_insects_t1_bbch10,/home/nfs/data/nvme_datasets/Pictures_CFSB_leaf_damage/2025_10_07_RSFB-Phenotyping_WG1_JLU/2025_10_07_RSFB-Phenotyping_WG1_JLU/20251007_142818.jpg,6.0,3.21589994430542,3.4546146392822266,0.238714799284935,2.5453853607177734,2.78410005569458,rank_margin10,43,single_rater_weak
2025_10_07_RSFB-Phenotyping_WG1_JLU/2025_10_07_RSFB-Phenotyping_WG1_JLU/20251007_142824.jpg,plot_f028b355ae3da1155aa1,wg_insects_t1_bbch10,/home/nfs/data/nvme_datasets/Pictures_CFSB_leaf_damage/2025_10_07_RSFB-Phenotyping_WG1_JLU/2025_10_07_RSFB-Phenotyping_WG1_JLU/20251007_142824.jpg,4.0,2.950308322906494,3.0422441959381104,0.09193576127290726,0.9577558040618896,1.0496916770935059,rank_margin10,43,single_rater_weak
2025_10_07_RSFB-Phenotyping_WG1_JLU/2025_10_07_RSFB-Phenotyping_WG1_JLU/20251007_142831.jpg,plot_f028b355ae3da1155aa1,wg_insects_t1_bbch10,/home/nfs/data/nvme_datasets/Pictures_CFSB_leaf_damage/2025_10_07_RSFB-Phenotyping_WG1_JLU/2025_10_07_RSFB-Phenotyping_WG1_JLU/20251007_142831.jpg,5.0,5.093229293823242,5.993434906005859,0.9002054333686829,0.9934349060058594,0.09322929382324219,rank_margin10,43,single_rater_weak
2025_10_07_RSFB-Phenotyping_WG1_JLU/2025_10_07_RSFB-Phenotyping_WG1_JLU/20251007_142848.jpg,plot_896ef3565b8a2b3913bd,wg_insects_t1_bbch10,/home/nfs/data/nvme_datasets/Pictures_CFSB_leaf_damage/2025_10_07_RSFB-Phenotyping_WG1_JLU/2025_10_07_RSFB-Phenotyping_WG1_JLU/20251007_142848.jpg,3.0,3.3704426288604736,4.229757785797119,0.8593152761459351,1.2297577857971191,0.37044262886047363,rank_margin10,43,single_rater_weak
2025_10_07_RSFB-Phenotyping_WG1_JLU/2025_10_07_RSFB-Phenotyping_WG1_JLU/20251007_142854.jpg,plot_896ef3565b8a2b3913bd,wg_insects_t1_bbch10,/home/nfs/data/nvme_datasets/Pictures_CFSB_leaf_damage/2025_10_07_RSFB-Phenotyping_WG1_JLU/2025_10_07_RSFB-Phenotyping_WG1_JLU/20251007_142854.jpg,2.0,2.633209228515625,3.559157371520996,0.9259480834007263,1.559157371520996,0.633209228515625,rank_margin10,43,single_rater_weak
2025_10_07_RSFB-Phenotyping_WG1_JLU/2025_10_07_RSFB-Phenotyping_WG1_JLU/20251007_142900.jpg,plot_896ef3565b8a2b3913bd,wg_insects_t1_bbch10,/home/nfs/data/nvme_datasets/Pictures_CFSB_leaf_damage/2025_10_07_RSFB-Phenotyping_WG1_JLU/2025_10_07_RSFB-Phenotyping_WG1_JLU/20251007_142900.jpg,14.0,4.113642692565918,4.216983795166016,0.10334113240242004,9.783016204833984,9.886357307434082,rank_margin10,43,single_rater_weak
2025_10_07_RSFB-Phenotyping_WG1_JLU/2025_10_07_RSFB-Phenotyping_WG1_JLU/20251007_142915.jpg,plot_4bd0766de071a823ace0,wg_insects_t1_bbch10,/home/nfs/data/nvme_datasets/Pictures_CFSB_leaf_damage/2025_10_07_RSFB-Phenotyping_WG1_JLU/2025_10_07_RSFB-Phenotyping_WG1_JLU/20251007_142915.jpg,7.0,2.8585848808288574,3.1934826374053955,0.3348977863788605,3.8065173625946045,4.141415119171143,rank_margin10,43,single_rater_weak
2025_10_07_RSFB-Phenotyping_WG1_JLU/2025_10_07_RSFB-Phenotyping_WG1_JLU/20251007_142921.jpg,plot_4bd0766de071a823ace0,wg_insects_t1_bbch10,/home/nfs/data/nvme_datasets/Pictures_CFSB_leaf_damage/2025_10_07_RSFB-Phenotyping_WG1_JLU/2025_10_07_RSFB-Phenotyping_WG1_JLU/20251007_142921.jpg,2.0,3.4484763145446777,3.0221540927886963,-0.42632225155830383,1.0221540927886963,1.4484763145446777,rank_margin10,43,single_rater_weak
2025_10_07_RSFB-Phenotyping_WG1_JLU/2025_10_07_RSFB-Phenotyping_WG1_JLU/20251007_142927.jpg,plot_4bd0766de071a823ace0,wg_insects_t1_bbch10,/home/nfs/data/nvme_datasets/Pictures_CFSB_leaf_damage/2025_10_07_RSFB-Phenotyping_WG1_JLU/2025_10_07_RSFB-Phenotyping_WG1_JLU/20251007_142927.jpg,17.0,6.672557830810547,8.0469388961792,1.374381184577942,8.9530611038208,10.327442169189453,rank_margin10,43,single_rater_weak
2025_10_07_RSFB-Phenotyping_WG1_JLU/2025_10_07_RSFB-Phenotyping_WG1_JLU/20251007_142941.jpg,plot_17a078cb9a1dd8f425ef,wg_insects_t1_bbch10,/home/nfs/data/nvme_datasets/Pictures_CFSB_leaf_damage/2025_10_07_RSFB-Phenotyping_WG1_JLU/2025_10_07_RSFB-Phenotyping_WG1_JLU/20251007_142941.jpg,3.0,4.516521453857422,4.15546178817749,-0.3610597550868988,1.1554617881774902,1.5165214538574219,rank_margin10,43,single_rater_weak
2025_10_07_RSFB-Phenotyping_WG1_JLU/2025_10_07_RSFB-Phenotyping_WG1_JLU/20251007_142947.jpg,plot_17a078cb9a1dd8f425ef,wg_insects_t1_bbch10,/home/nfs/data/nvme_datasets/Pictures_CFSB_leaf_damage/2025_10_07_RSFB-Phenotyping_WG1_JLU/2025_10_07_RSFB-Phenotyping_WG1_JLU/20251007_142947.jpg,3.0,5.339061737060547,5.406717300415039,0.06765567511320114,2.406717300415039,2.339061737060547,rank_margin10,43,single_rater_weak
2025_10_07_RSFB-Phenotyping_WG1_JLU/2025_10_07_RSFB-Phenotyping_WG1_JLU/20251007_142953.jpg,plot_17a078cb9a1dd8f425ef,wg_insects_t1_bbch10,/home/nfs/data/nvme_datasets/Pictures_CFSB_leaf_damage/2025_10_07_RSFB-Phenotyping_WG1_JLU/2025_10_07_RSFB-Phenotyping_WG1_JLU/20251007_142953.jpg,4.0,4.2982177734375,4.268716335296631,-0.029501233249902725,0.26871633529663086,0.2982177734375,rank_margin10,43,single_rater_weak
2025_10_07_RSFB-Phenotyping_WG1_JLU/2025_10_07_RSFB-Phenotyping_WG1_JLU/20251007_143009.jpg,plot_8dc64b36fafe00e7d90d,wg_insects_t1_bbch10,/home/nfs/data/nvme_datasets/Pictures_CFSB_leaf_damage/2025_10_07_RSFB-Phenotyping_WG1_JLU/2025_10_07_RSFB-Phenotyping_WG1_JLU/20251007_143009.jpg,3.0,5.631438255310059,5.953042030334473,0.3216036558151245,2.9530420303344727,2.6314382553100586,rank_margin10,43,single_rater_weak
2025_10_07_RSFB-Phenotyping_WG1_JLU/2025_10_07_RSFB-Phenotyping_WG1_JLU/20251007_143015.jpg,plot_8dc64b36fafe00e7d90d,wg_insects_t1_bbch10,/home/nfs/data/nvme_datasets/Pictures_CFSB_leaf_damage/2025_10_07_RSFB-Phenotyping_WG1_JLU/2025_10_07_RSFB-Phenotyping_WG1_JLU/20251007_143015.jpg,2.0,3.5289556980133057,3.2298529148101807,-0.2991027235984802,1.2298529148101807,1.5289556980133057,rank_margin10,43,single_rater_weak
2025_10_07_RSFB-Phenotyping_WG1_JLU/2025_10_07_RSFB-Phenotyping_WG1_JLU/20251007_143021.jpg,plot_8dc64b36fafe00e7d90d,wg_insects_t1_bbch10,/home/nfs/data/nvme_datasets/Pictures_CFSB_leaf_damage/2025_10_07_RSFB-Phenotyping_WG1_JLU/2025_10_07_RSFB-Phenotyping_WG1_JLU/20251007_143021.jpg,1.0,3.163442611694336,4.274402618408203,1.1109601259231567,3.274402618408203,2.163442611694336,rank_margin10,43,single_rater_weak
2025_10_07_RSFB-Phenotyping_WG1_JLU/2025_10_07_RSFB-Phenotyping_WG1_JLU/20251007_143041.jpg,plot_e440ad19e2645e40c203,wg_insects_t1_bbch10,/home/nfs/data/nvme_datasets/Pictures_CFSB_leaf_damage/2025_10_07_RSFB-Phenotyping_WG1_JLU/2025_10_07_RSFB-Phenotyping_WG1_JLU/20251007_143041.jpg,4.0,3.865999221801758,3.810194492340088,-0.05580461025238037,0.1898055076599121,0.1340007781982422,rank_margin10,43,single_rater_weak
2025_10_07_RSFB-Phenotyping_WG1_JLU/2025_10_07_RSFB-Phenotyping_WG1_JLU/20251007_143047.jpg,plot_e440ad19e2645e40c203,wg_insects_t1_bbch10,/home/nfs/data/nvme_datasets/Pictures_CFSB_leaf_damage/2025_10_07_RSFB-Phenotyping_WG1_JLU/2025_10_07_RSFB-Phenotyping_WG1_JLU/20251007_143047.jpg,3.0,3.7059340476989746,3.974839925765991,0.26890578866004944,0.9748399257659912,0.7059340476989746,rank_margin10,43,single_rater_weak
2025_10_07_RSFB-Phenotyping_WG1_JLU/2025_10_07_RSFB-Phenotyping_WG1_JLU/20251007_143053.jpg,plot_e440ad19e2645e40c203,wg_insects_t1_bbch10,/home/nfs/data/nvme_datasets/Pictures_CFSB_leaf_damage/2025_10_07_RSFB-Phenotyping_WG1_JLU/2025_10_07_RSFB-Phenotyping_WG1_JLU/20251007_143053.jpg,3.0,9.756750106811523,9.627662658691406,-0.12908753752708435,6.627662658691406,6.756750106811523,rank_margin10,43,single_rater_weak
2025_10_07_RSFB-Phenotyping_WG1_JLU/2025_10_07_RSFB-Phenotyping_WG1_JLU/20251007_143117.jpg,plot_ec7204b67ec985b6e0fe,wg_insects_t1_bbch10,/home/nfs/data/nvme_datasets/Pictures_CFSB_leaf_damage/2025_10_07_RSFB-Phenotyping_WG1_JLU/2025_10_07_RSFB-Phenotyping_WG1_JLU/20251007_143117.jpg,2.0,2.8128199577331543,2.553459405899048,-0.2593606114387512,0.5534594058990479,0.8128199577331543,rank_margin10,43,single_rater_weak
2025_10_07_RSFB-Phenotyping_WG1_JLU/2025_10_07_RSFB-Phenotyping_WG1_JLU/20251007_143122.jpg,plot_ec7204b67ec985b6e0fe,wg_insects_t1_bbch10,/home/nfs/data/nvme_datasets/Pictures_CFSB_leaf_damage/2025_10_07_RSFB-Phenotyping_WG1_JLU/2025_10_07_RSFB-Phenotyping_WG1_JLU/20251007_143122.jpg,8.0,5.163503646850586,5.877718925476074,0.7142151594161987,2.122281074523926,2.836496353149414,rank_margin10,43,single_rater_weak
2025_10_07_RSFB-Phenotyping_WG1_JLU/2025_10_07_RSFB-Phenotyping_WG1_JLU/20251007_143128.jpg,plot_ec7204b67ec985b6e0fe,wg_insects_t1_bbch10,/home/nfs/data/nvme_datasets/Pictures_CFSB_leaf_damage/2025_10_07_RSFB-Phenotyping_WG1_JLU/2025_10_07_RSFB-Phenotyping_WG1_JLU/20251007_143128.jpg,8.0,3.455866575241089,3.359933376312256,-0.09593313932418823,4.640066623687744,4.544133186340332,rank_margin10,43,single_rater_weak
2025_10_07_RSFB-Phenotyping_WG1_JLU/2025_10_07_RSFB-Phenotyping_WG1_JLU/20251007_143145.jpg,plot_ff280b60a06f61174155,wg_insects_t1_bbch10,/home/nfs/data/nvme_datasets/Pictures_CFSB_leaf_damage/2025_10_07_RSFB-Phenotyping_WG1_JLU/2025_10_07_RSFB-Phenotyping_WG1_JLU/20251007_143145.jpg,2.0,2.6058096885681152,3.479593515396118,0.8737838864326477,1.4795935153961182,0.6058096885681152,rank_margin10,43,single_rater_weak
2025_10_07_RSFB-Phenotyping_WG1_JLU/2025_10_07_RSFB-Phenotyping_WG1_JLU/20251007_143152.jpg,plot_ff280b60a06f61174155,wg_insects_t1_bbch10,/home/nfs/data/nvme_datasets/Pictures_CFSB_leaf_damage/2025_10_07_RSFB-Phenotyping_WG1_JLU/2025_10_07_RSFB-Phenotyping_WG1_JLU/20251007_143152.jpg,2.0,7.316402912139893,8.426894187927246,1.110491394996643,6.426894187927246,5.316402912139893,rank_margin10,43,single_rater_weak
2025_10_07_RSFB-Phenotyping_WG1_JLU/2025_10_07_RSFB-Phenotyping_WG1_JLU/20251007_143213.jpg,plot_4489d1bc182a788bdae8,wg_insects_t1_bbch10,/home/nfs/data/nvme_datasets/Pictures_CFSB_leaf_damage/2025_10_07_RSFB-Phenotyping_WG1_JLU/2025_10_07_RSFB-Phenotyping_WG1_JLU/20251007_143213.jpg,2.0,2.6478004455566406,3.0801734924316406,0.43237295746803284,1.0801734924316406,0.6478004455566406,rank_margin10,43,single_rater_weak
2025_10_07_RSFB-Phenotyping_WG1_JLU/2025_10_07_RSFB-Phenotyping_WG1_JLU/20251007_143218.jpg,plot_4489d1bc182a788bdae8,wg_insects_t1_bbch10,/home/nfs/data/nvme_datasets/Pictures_CFSB_leaf_damage/2025_10_07_RSFB-Phenotyping_WG1_JLU/2025_10_07_RSFB-Phenotyping_WG1_JLU/20251007_143218.jpg,2.0,2.602107524871826,2.186328887939453,-0.41577857732772827,0.18632888793945312,0.6021075248718262,rank_margin10,43,single_rater_weak
2025_10_07_RSFB-Phenotyping_WG1_JLU/2025_10_07_RSFB-Phenotyping_WG1_JLU/20251007_143224.jpg,plot_4489d1bc182a788bdae8,wg_insects_t1_bbch10,/home/nfs/data/nvme_datasets/Pictures_CFSB_leaf_damage/2025_10_07_RSFB-Phenotyping_WG1_JLU/2025_10_07_RSFB-Phenotyping_WG1_JLU/20251007_143224.jpg,2.0,2.747509002685547,2.648273468017578,-0.09923551976680756,0.6482734680175781,0.7475090026855469,rank_margin10,43,single_rater_weak
2025_10_07_RSFB-Phenotyping_WG1_JLU/2025_10_07_RSFB-Phenotyping_WG1_JLU/20251007_143246.jpg,plot_92aa02bf0421f8fae990,wg_insects_t1_bbch10,/home/nfs/data/nvme_datasets/Pictures_CFSB_leaf_damage/2025_10_07_RSFB-Phenotyping_WG1_JLU/2025_10_07_RSFB-Phenotyping_WG1_JLU/20251007_143246.jpg,3.0,3.6768574714660645,4.799883842468262,1.1230262517929077,1.7998838424682617,0.6768574714660645,rank_margin10,43,single_rater_weak
2025_10_07_RSFB-Phenotyping_WG1_JLU/2025_10_07_RSFB-Phenotyping_WG1_JLU/20251007_143252.jpg,plot_92aa02bf0421f8fae990,wg_insects_t1_bbch10,/home/nfs/data/nvme_datasets/Pictures_CFSB_leaf_damage/2025_10_07_RSFB-Phenotyping_WG1_JLU/2025_10_07_RSFB-Phenotyping_WG1_JLU/20251007_143252.jpg,3.0,3.1035118103027344,2.545259952545166,-0.5582519173622131,0.454740047454834,0.10351181030273438,rank_margin10,43,single_rater_weak
2025_10_07_RSFB-Phenotyping_WG1_JLU/2025_10_07_RSFB-Phenotyping_WG1_JLU/20251007_143258.jpg,plot_92aa02bf0421f8fae990,wg_insects_t1_bbch10,/home/nfs/data/nvme_datasets/Pictures_CFSB_leaf_damage/2025_10_07_RSFB-Phenotyping_WG1_JLU/2025_10_07_RSFB-Phenotyping_WG1_JLU/20251007_143258.jpg,4.0,3.5309510231018066,4.1999053955078125,0.668954610824585,0.1999053955078125,0.46904897689819336,rank_margin10,43,single_rater_weak
2025_10_07_RSFB-Phenotyping_WG1_JLU/2025_10_07_RSFB-Phenotyping_WG1_JLU/20251007_143313.jpg,plot_8c9a840a088e04850988,wg_insects_t1_bbch10,/home/nfs/data/nvme_datasets/Pictures_CFSB_leaf_damage/2025_10_07_RSFB-Phenotyping_WG1_JLU/2025_10_07_RSFB-Phenotyping_WG1_JLU/20251007_143313.jpg,2.0,2.2081522941589355,1.9795856475830078,-0.2285667061805725,0.020414352416992188,0.20815229415893555,rank_margin10,43,single_rater_weak
2025_10_07_RSFB-Phenotyping_WG1_JLU/2025_10_07_RSFB-Phenotyping_WG1_JLU/20251007_143318.jpg,plot_8c9a840a088e04850988,wg_insects_t1_bbch10,/home/nfs/data/nvme_datasets/Pictures_CFSB_leaf_damage/2025_10_07_RSFB-Phenotyping_WG1_JLU/2025_10_07_RSFB-Phenotyping_WG1_JLU/20251007_143318.jpg,3.0,3.386127471923828,3.3738090991973877,-0.012318388558924198,0.3738090991973877,0.3861274719238281,rank_margin10,43,single_rater_weak
2025_10_07_RSFB-Phenotyping_WG1_JLU/2025_10_07_RSFB-Phenotyping_WG1_JLU/20251007_143324.jpg,plot_8c9a840a088e04850988,wg_insects_t1_bbch10,/home/nfs/data/nvme_datasets/Pictures_CFSB_leaf_damage/2025_10_07_RSFB-Phenotyping_WG1_JLU/2025_10_07_RSFB-Phenotyping_WG1_JLU/20251007_143324.jpg,3.0,3.7553038597106934,3.673070192337036,-0.08223356306552887,0.6730701923370361,0.7553038597106934,rank_margin10,43,single_rater_weak
2025_10_07_RSFB-Phenotyping_WG1_JLU/2025_10_07_RSFB-Phenotyping_WG1_JLU/20251007_143344.jpg,plot_d9c4eca6240ca33cec8a,wg_insects_t1_bbch10,/home/nfs/data/nvme_datasets/Pictures_CFSB_leaf_damage/2025_10_07_RSFB-Phenotyping_WG1_JLU/2025_10_07_RSFB-Phenotyping_WG1_JLU/20251007_143344.jpg,4.0,4.765888214111328,5.2927422523498535,0.5268538594245911,1.2927422523498535,0.7658882141113281,rank_margin10,43,single_rater_weak
2025_10_07_RSFB-Phenotyping_WG1_JLU/2025_10_07_RSFB-Phenotyping_WG1_JLU/20251007_143351.jpg,plot_d9c4eca6240ca33cec8a,wg_insects_t1_bbch10,/home/nfs/data/nvme_datasets/Pictures_CFSB_leaf_damage/2025_10_07_RSFB-Phenotyping_WG1_JLU/2025_10_07_RSFB-Phenotyping_WG1_JLU/20251007_143351.jpg,5.0,3.892948865890503,4.015608787536621,0.12265969812870026,0.9843912124633789,1.107051134109497,rank_margin10,43,single_rater_weak
2025_10_07_RSFB-Phenotyping_WG1_JLU/2025_10_07_RSFB-Phenotyping_WG1_JLU/20251007_143357.jpg,plot_d9c4eca6240ca33cec8a,wg_insects_t1_bbch10,/home/nfs/data/nvme_datasets/Pictures_CFSB_leaf_damage/2025_10_07_RSFB-Phenotyping_WG1_JLU/2025_10_07_RSFB-Phenotyping_WG1_JLU/20251007_143357.jpg,4.0,7.647010803222656,8.392021179199219,0.7450100183486938,4.392021179199219,3.6470108032226562,rank_margin10,43,single_rater_weak
2025_10_07_RSFB-Phenotyping_WG1_JLU/2025_10_07_RSFB-Phenotyping_WG1_JLU/20251007_143413.jpg,plot_391adb2aa68668f865be,wg_insects_t1_bbch10,/home/nfs/data/nvme_datasets/Pictures_CFSB_leaf_damage/2025_10_07_RSFB-Phenotyping_WG1_JLU/2025_10_07_RSFB-Phenotyping_WG1_JLU/20251007_143413.jpg,2.0,2.940983772277832,2.9167444705963135,-0.024239392951130867,0.9167444705963135,0.940983772277832,rank_margin10,43,single_rater_weak
2025_10_07_RSFB-Phenotyping_WG1_JLU/2025_10_07_RSFB-Phenotyping_WG1_JLU/20251007_143419.jpg,plot_391adb2aa68668f865be,wg_insects_t1_bbch10,/home/nfs/data/nvme_datasets/Pictures_CFSB_leaf_damage/2025_10_07_RSFB-Phenotyping_WG1_JLU/2025_10_07_RSFB-Phenotyping_WG1_JLU/20251007_143419.jpg,4.0,3.552058458328247,3.935617446899414,0.383558988571167,0.06438255310058594,0.44794154167175293,rank_margin10,43,single_rater_weak
2025_10_07_RSFB-Phenotyping_WG1_JLU/2025_10_07_RSFB-Phenotyping_WG1_JLU/20251007_143425.jpg,plot_391adb2aa68668f865be,wg_insects_t1_bbch10,/home/nfs/data/nvme_datasets/Pictures_CFSB_leaf_damage/2025_10_07_RSFB-Phenotyping_WG1_JLU/2025_10_07_RSFB-Phenotyping_WG1_JLU/20251007_143425.jpg,6.0,6.280543327331543,6.966629981994629,0.686086893081665,0.9666299819946289,0.28054332733154297,rank_margin10,43,single_rater_weak
2025_10_07_RSFB-Phenotyping_WG1_JLU/2025_10_07_RSFB-Phenotyping_WG1_JLU/20251007_143444.jpg,plot_5bfbbcb9288a86fb3a45,wg_insects_t1_bbch10,/home/nfs/data/nvme_datasets/Pictures_CFSB_leaf_damage/2025_10_07_RSFB-Phenotyping_WG1_JLU/2025_10_07_RSFB-Phenotyping_WG1_JLU/20251007_143444.jpg,1.0,2.7218050956726074,2.6375694274902344,-0.08423555642366409,1.6375694274902344,1.7218050956726074,rank_margin10,43,single_rater_weak
2025_10_07_RSFB-Phenotyping_WG1_JLU/2025_10_07_RSFB-Phenotyping_WG1_JLU/20251007_143450.jpg,plot_5bfbbcb9288a86fb3a45,wg_insects_t1_bbch10,/home/nfs/data/nvme_datasets/Pictures_CFSB_leaf_damage/2025_10_07_RSFB-Phenotyping_WG1_JLU/2025_10_07_RSFB-Phenotyping_WG1_JLU/20251007_143450.jpg,1.0,7.242828369140625,8.245732307434082,1.0029040575027466,7.245732307434082,6.242828369140625,rank_margin10,43,single_rater_weak
2025_10_07_RSFB-Phenotyping_WG1_JLU/2025_10_07_RSFB-Phenotyping_WG1_JLU/20251007_143456.jpg,plot_5bfbbcb9288a86fb3a45,wg_insects_t1_bbch10,/home/nfs/data/nvme_datasets/Pictures_CFSB_leaf_damage/2025_10_07_RSFB-Phenotyping_WG1_JLU/2025_10_07_RSFB-Phenotyping_WG1_JLU/20251007_143456.jpg,4.0,3.205578327178955,3.084937810897827,-0.12064062803983688,0.9150621891021729,0.7944216728210449,rank_margin10,43,single_rater_weak
2025_10_07_RSFB-Phenotyping_WG1_JLU/2025_10_07_RSFB-Phenotyping_WG1_JLU/20251007_143513.jpg,plot_60088a033e41430aba03,wg_insects_t1_bbch10,/home/nfs/data/nvme_datasets/Pictures_CFSB_leaf_damage/2025_10_07_RSFB-Phenotyping_WG1_JLU/2025_10_07_RSFB-Phenotyping_WG1_JLU/20251007_143513.jpg,3.0,5.388516426086426,5.839796543121338,0.45128002762794495,2.839796543121338,2.388516426086426,rank_margin10,43,single_rater_weak
2025_10_07_RSFB-Phenotyping_WG1_JLU/2025_10_07_RSFB-Phenotyping_WG1_JLU/20251007_143518.jpg,plot_60088a033e41430aba03,wg_insects_t1_bbch10,/home/nfs/data/nvme_datasets/Pictures_CFSB_leaf_damage/2025_10_07_RSFB-Phenotyping_WG1_JLU/2025_10_07_RSFB-Phenotyping_WG1_JLU/20251007_143518.jpg,3.0,4.469491004943848,4.272382736206055,-0.19710831344127655,1.2723827362060547,1.4694910049438477,rank_margin10,43,single_rater_weak
2025_10_07_RSFB-Phenotyping_WG1_JLU/2025_10_07_RSFB-Phenotyping_WG1_JLU/20251007_143526.jpg,plot_60088a033e41430aba03,wg_insects_t1_bbch10,/home/nfs/data/nvme_datasets/Pictures_CFSB_leaf_damage/2025_10_07_RSFB-Phenotyping_WG1_JLU/2025_10_07_RSFB-Phenotyping_WG1_JLU/20251007_143526.jpg,8.0,4.746337890625,5.5488176345825195,0.80247962474823,2.4511823654174805,3.253662109375,rank_margin10,43,single_rater_weak
2025_10_07_RSFB-Phenotyping_WG1_JLU/2025_10_07_RSFB-Phenotyping_WG1_JLU/20251007_143544.jpg,plot_18802f8a07563d069054,wg_insects_t1_bbch10,/home/nfs/data/nvme_datasets/Pictures_CFSB_leaf_damage/2025_10_07_RSFB-Phenotyping_WG1_JLU/2025_10_07_RSFB-Phenotyping_WG1_JLU/20251007_143544.jpg,2.0,2.549532413482666,2.5584447383880615,0.008912268094718456,0.5584447383880615,0.549532413482666,rank_margin10,43,single_rater_weak
2025_10_07_RSFB-Phenotyping_WG1_JLU/2025_10_07_RSFB-Phenotyping_WG1_JLU/20251007_143550.jpg,plot_18802f8a07563d069054,wg_insects_t1_bbch10,/home/nfs/data/nvme_datasets/Pictures_CFSB_leaf_damage/2025_10_07_RSFB-Phenotyping_WG1_JLU/2025_10_07_RSFB-Phenotyping_WG1_JLU/20251007_143550.jpg,2.0,4.244100570678711,3.9575624465942383,-0.28653815388679504,1.9575624465942383,2.244100570678711,rank_margin10,43,single_rater_weak
2025_10_07_RSFB-Phenotyping_WG1_JLU/2025_10_07_RSFB-Phenotyping_WG1_JLU/20251007_143556.jpg,plot_18802f8a07563d069054,wg_insects_t1_bbch10,/home/nfs/data/nvme_datasets/Pictures_CFSB_leaf_damage/2025_10_07_RSFB-Phenotyping_WG1_JLU/2025_10_07_RSFB-Phenotyping_WG1_JLU/20251007_143556.jpg,18.0,2.6145691871643066,3.3414740562438965,0.7269048690795898,14.658525466918945,15.385431289672852,rank_margin10,43,single_rater_weak
2025_10_07_RSFB-Phenotyping_WG1_JLU/2025_10_07_RSFB-Phenotyping_WG1_JLU/20251007_143613.jpg,plot_3e704ac9c25be86e5000,wg_insects_t1_bbch10,/home/nfs/data/nvme_datasets/Pictures_CFSB_leaf_damage/2025_10_07_RSFB-Phenotyping_WG1_JLU/2025_10_07_RSFB-Phenotyping_WG1_JLU/20251007_143613.jpg,7.0,4.4175615310668945,4.284385681152344,-0.13317608833312988,2.7156143188476562,2.5824384689331055,rank_margin10,43,single_rater_weak
2025_10_07_RSFB-Phenotyping_WG1_JLU/2025_10_07_RSFB-Phenotyping_WG1_JLU/20251007_143619.jpg,plot_3e704ac9c25be86e5000,wg_insects_t1_bbch10,/home/nfs/data/nvme_datasets/Pictures_CFSB_leaf_damage/2025_10_07_RSFB-Phenotyping_WG1_JLU/2025_10_07_RSFB-Phenotyping_WG1_JLU/20251007_143619.jpg,2.0,5.103899002075195,5.375138759613037,0.27123984694480896,3.375138759613037,3.1038990020751953,rank_margin10,43,single_rater_weak
2025_10_07_RSFB-Phenotyping_WG1_JLU/2025_10_07_RSFB-Phenotyping_WG1_JLU/20251007_143625.jpg,plot_3e704ac9c25be86e5000,wg_insects_t1_bbch10,/home/nfs/data/nvme_datasets/Pictures_CFSB_leaf_damage/2025_10_07_RSFB-Phenotyping_WG1_JLU/2025_10_07_RSFB-Phenotyping_WG1_JLU/20251007_143625.jpg,4.0,7.23110294342041,7.464739799499512,0.23363688588142395,3.4647397994995117,3.23110294342041,rank_margin10,43,single_rater_weak
2025_10_07_RSFB-Phenotyping_WG1_JLU/2025_10_07_RSFB-Phenotyping_WG1_JLU/20251007_143642.jpg,plot_1f92e12b123c6375337d,wg_insects_t1_bbch10,/home/nfs/data/nvme_datasets/Pictures_CFSB_leaf_damage/2025_10_07_RSFB-Phenotyping_WG1_JLU/2025_10_07_RSFB-Phenotyping_WG1_JLU/20251007_143642.jpg,1.0,2.482973575592041,1.7934038639068604,-0.6895697712898254,0.7934038639068604,1.482973575592041,rank_margin10,43,single_rater_weak
2025_10_07_RSFB-Phenotyping_WG1_JLU/2025_10_07_RSFB-Phenotyping_WG1_JLU/20251007_143701.jpg,plot_88fd2236f7a1a108893e,wg_insects_t1_bbch10,/home/nfs/data/nvme_datasets/Pictures_CFSB_leaf_damage/2025_10_07_RSFB-Phenotyping_WG1_JLU/2025_10_07_RSFB-Phenotyping_WG1_JLU/20251007_143701.jpg,3.0,3.3394298553466797,3.350717544555664,0.011287671513855457,0.35071754455566406,0.3394298553466797,rank_margin10,43,single_rater_weak
2025_10_07_RSFB-Phenotyping_WG1_JLU/2025_10_07_RSFB-Phenotyping_WG1_JLU/20251007_143706.jpg,plot_88fd2236f7a1a108893e,wg_insects_t1_bbch10,/home/nfs/data/nvme_datasets/Pictures_CFSB_leaf_damage/2025_10_07_RSFB-Phenotyping_WG1_JLU/2025_10_07_RSFB-Phenotyping_WG1_JLU/20251007_143706.jpg,3.0,4.266393661499023,5.307713508605957,1.0413196086883545,2.307713508605957,1.2663936614990234,rank_margin10,43,single_rater_weak
2025_10_07_RSFB-Phenotyping_WG1_JLU/2025_10_07_RSFB-Phenotyping_WG1_JLU/20251007_143738.jpg,plot_32b7cef74e0cccc27d9d,wg_insects_t1_bbch10,/home/nfs/data/nvme_datasets/Pictures_CFSB_leaf_damage/2025_10_07_RSFB-Phenotyping_WG1_JLU/2025_10_07_RSFB-Phenotyping_WG1_JLU/20251007_143738.jpg,1.0,2.6568899154663086,2.399871587753296,-0.2570183277130127,1.399871587753296,1.6568899154663086,rank_margin10,43,single_rater_weak
2025_10_07_RSFB-Phenotyping_WG1_JLU/2025_10_07_RSFB-Phenotyping_WG1_JLU/20251007_143744.jpg,plot_32b7cef74e0cccc27d9d,wg_insects_t1_bbch10,/home/nfs/data/nvme_datasets/Pictures_CFSB_leaf_damage/2025_10_07_RSFB-Phenotyping_WG1_JLU/2025_10_07_RSFB-Phenotyping_WG1_JLU/20251007_143744.jpg,1.0,2.6358819007873535,2.4438929557800293,-0.19198888540267944,1.4438929557800293,1.6358819007873535,rank_margin10,43,single_rater_weak
2025_10_07_RSFB-Phenotyping_WG1_JLU/2025_10_07_RSFB-Phenotyping_WG1_JLU/20251007_143750.jpg,plot_32b7cef74e0cccc27d9d,wg_insects_t1_bbch10,/home/nfs/data/nvme_datasets/Pictures_CFSB_leaf_damage/2025_10_07_RSFB-Phenotyping_WG1_JLU/2025_10_07_RSFB-Phenotyping_WG1_JLU/20251007_143750.jpg,4.0,2.466339588165283,2.5644638538360596,0.09812437742948532,1.4355361461639404,1.5336604118347168,rank_margin10,43,single_rater_weak
2025_10_07_RSFB-Phenotyping_WG1_JLU/2025_10_07_RSFB-Phenotyping_WG1_JLU/20251007_143809.jpg,plot_c7b49d2fec987ad9b86e,wg_insects_t1_bbch10,/home/nfs/data/nvme_datasets/Pictures_CFSB_leaf_damage/2025_10_07_RSFB-Phenotyping_WG1_JLU/2025_10_07_RSFB-Phenotyping_WG1_JLU/20251007_143809.jpg,3.0,5.822906494140625,6.3965301513671875,0.5736238360404968,3.3965301513671875,2.822906494140625,rank_margin10,43,single_rater_weak
2025_10_07_RSFB-Phenotyping_WG1_JLU/2025_10_07_RSFB-Phenotyping_WG1_JLU/20251007_143814.jpg,plot_c7b49d2fec987ad9b86e,wg_insects_t1_bbch10,/home/nfs/data/nvme_datasets/Pictures_CFSB_leaf_damage/2025_10_07_RSFB-Phenotyping_WG1_JLU/2025_10_07_RSFB-Phenotyping_WG1_JLU/20251007_143814.jpg,4.0,3.5883538722991943,3.360261917114258,-0.22809191048145294,0.6397380828857422,0.41164612770080566,rank_margin10,43,single_rater_weak
2025_10_07_RSFB-Phenotyping_WG1_JLU/2025_10_07_RSFB-Phenotyping_WG1_JLU/20251007_143818.jpg,plot_c7b49d2fec987ad9b86e,wg_insects_t1_bbch10,/home/nfs/data/nvme_datasets/Pictures_CFSB_leaf_damage/2025_10_07_RSFB-Phenotyping_WG1_JLU/2025_10_07_RSFB-Phenotyping_WG1_JLU/20251007_143818.jpg,2.0,3.2667932510375977,3.9500880241394043,0.6832948327064514,1.9500880241394043,1.2667932510375977,rank_margin10,43,single_rater_weak
2025_10_07_RSFB-Phenotyping_WG1_JLU/2025_10_07_RSFB-Phenotyping_WG1_JLU/20251007_143839.jpg,plot_fbb7081233c4126f0b4d,wg_insects_t1_bbch10,/home/nfs/data/nvme_datasets/Pictures_CFSB_leaf_damage/2025_10_07_RSFB-Phenotyping_WG1_JLU/2025_10_07_RSFB-Phenotyping_WG1_JLU/20251007_143839.jpg,4.0,2.4746899604797363,2.4579460620880127,-0.016743846237659454,1.5420539379119873,1.5253100395202637,rank_margin10,43,single_rater_weak
2025_10_07_RSFB-Phenotyping_WG1_JLU/2025_10_07_RSFB-Phenotyping_WG1_JLU/20251007_143846.jpg,plot_fbb7081233c4126f0b4d,wg_insects_t1_bbch10,/home/nfs/data/nvme_datasets/Pictures_CFSB_leaf_damage/2025_10_07_RSFB-Phenotyping_WG1_JLU/2025_10_07_RSFB-Phenotyping_WG1_JLU/20251007_143846.jpg,4.0,4.020847797393799,4.024166107177734,0.0033181761391460896,0.024166107177734375,0.020847797393798828,rank_margin10,43,single_rater_weak
2025_10_07_RSFB-Phenotyping_WG1_JLU/2025_10_07_RSFB-Phenotyping_WG1_JLU/20251007_143851.jpg,plot_fbb7081233c4126f0b4d,wg_insects_t1_bbch10,/home/nfs/data/nvme_datasets/Pictures_CFSB_leaf_damage/2025_10_07_RSFB-Phenotyping_WG1_JLU/2025_10_07_RSFB-Phenotyping_WG1_JLU/20251007_143851.jpg,3.0,3.2451295852661133,2.884293556213379,-0.36083611845970154,0.1157064437866211,0.24512958526611328,rank_margin10,43,single_rater_weak
2025_10_07_RSFB-Phenotyping_WG1_JLU/2025_10_07_RSFB-Phenotyping_WG1_JLU/20251007_143914.jpg,plot_3e96239c85645a495d42,wg_insects_t1_bbch10,/home/nfs/data/nvme_datasets/Pictures_CFSB_leaf_damage/2025_10_07_RSFB-Phenotyping_WG1_JLU/2025_10_07_RSFB-Phenotyping_WG1_JLU/20251007_143914.jpg,3.0,4.42199182510376,5.247255325317383,0.8252633213996887,2.247255325317383,1.4219918251037598,rank_margin10,43,single_rater_weak
2025_10_07_RSFB-Phenotyping_WG1_JLU/2025_10_07_RSFB-Phenotyping_WG1_JLU/20251007_143919.jpg,plot_3e96239c85645a495d42,wg_insects_t1_bbch10,/home/nfs/data/nvme_datasets/Pictures_CFSB_leaf_damage/2025_10_07_RSFB-Phenotyping_WG1_JLU/2025_10_07_RSFB-Phenotyping_WG1_JLU/20251007_143919.jpg,2.0,3.301995277404785,3.1269493103027344,-0.17504586279392242,1.1269493103027344,1.3019952774047852,rank_margin10,43,single_rater_weak
2025_10_07_RSFB-Phenotyping_WG1_JLU/2025_10_07_RSFB-Phenotyping_WG1_JLU/20251007_143924.jpg,plot_3e96239c85645a495d42,wg_insects_t1_bbch10,/home/nfs/data/nvme_datasets/Pictures_CFSB_leaf_damage/2025_10_07_RSFB-Phenotyping_WG1_JLU/2025_10_07_RSFB-Phenotyping_WG1_JLU/20251007_143924.jpg,2.0,4.284678936004639,4.534010887145996,0.24933207035064697,2.534010887145996,2.2846789360046387,rank_margin10,43,single_rater_weak
2025_10_07_RSFB-Phenotyping_WG1_JLU/2025_10_07_RSFB-Phenotyping_WG1_JLU/20251007_143941.jpg,plot_1ea7a92cf3f391fc084c,wg_insects_t1_bbch10,/home/nfs/data/nvme_datasets/Pictures_CFSB_leaf_damage/2025_10_07_RSFB-Phenotyping_WG1_JLU/2025_10_07_RSFB-Phenotyping_WG1_JLU/20251007_143941.jpg,2.0,2.373784065246582,2.9579215049743652,0.584137499332428,0.9579215049743652,0.37378406524658203,rank_margin10,43,single_rater_weak
2025_10_07_RSFB-Phenotyping_WG1_JLU/2025_10_07_RSFB-Phenotyping_WG1_JLU/20251007_143947.jpg,plot_1ea7a92cf3f391fc084c,wg_insects_t1_bbch10,/home/nfs/data/nvme_datasets/Pictures_CFSB_leaf_damage/2025_10_07_RSFB-Phenotyping_WG1_JLU/2025_10_07_RSFB-Phenotyping_WG1_JLU/20251007_143947.jpg,6.0,3.808974266052246,3.7914960384368896,-0.01747816614806652,2.2085039615631104,2.191025733947754,rank_margin10,43,single_rater_weak
2025_10_07_RSFB-Phenotyping_WG1_JLU/2025_10_07_RSFB-Phenotyping_WG1_JLU/20251007_143954.jpg,plot_1ea7a92cf3f391fc084c,wg_insects_t1_bbch10,/home/nfs/data/nvme_datasets/Pictures_CFSB_leaf_damage/2025_10_07_RSFB-Phenotyping_WG1_JLU/2025_10_07_RSFB-Phenotyping_WG1_JLU/20251007_143954.jpg,4.0,3.379533529281616,3.2104833126068115,-0.16905027627944946,0.7895166873931885,0.6204664707183838,rank_margin10,43,single_rater_weak
2025_10_07_RSFB-Phenotyping_WG1_JLU/2025_10_07_RSFB-Phenotyping_WG1_JLU/20251007_144009.jpg,plot_35ccfc047f622070e5b1,wg_insects_t1_bbch10,/home/nfs/data/nvme_datasets/Pictures_CFSB_leaf_damage/2025_10_07_RSFB-Phenotyping_WG1_JLU/2025_10_07_RSFB-Phenotyping_WG1_JLU/20251007_144009.jpg,3.0,3.680940628051758,3.8261232376098633,0.1451825499534607,0.8261232376098633,0.6809406280517578,rank_margin10,43,single_rater_weak
2025_10_07_RSFB-Phenotyping_WG1_JLU/2025_10_07_RSFB-Phenotyping_WG1_JLU/20251007_144015.jpg,plot_35ccfc047f622070e5b1,wg_insects_t1_bbch10,/home/nfs/data/nvme_datasets/Pictures_CFSB_leaf_damage/2025_10_07_RSFB-Phenotyping_WG1_JLU/2025_10_07_RSFB-Phenotyping_WG1_JLU/20251007_144015.jpg,3.0,4.385697364807129,4.344020366668701,-0.041676778346300125,1.3440203666687012,1.385697364807129,rank_margin10,43,single_rater_weak
2025_10_07_RSFB-Phenotyping_WG1_JLU/2025_10_07_RSFB-Phenotyping_WG1_JLU/20251007_144020.jpg,plot_35ccfc047f622070e5b1,wg_insects_t1_bbch10,/home/nfs/data/nvme_datasets/Pictures_CFSB_leaf_damage/2025_10_07_RSFB-Phenotyping_WG1_JLU/2025_10_07_RSFB-Phenotyping_WG1_JLU/20251007_144020.jpg,4.0,3.6901652812957764,4.295897483825684,0.6057320237159729,0.2958974838256836,0.30983471870422363,rank_margin10,43,single_rater_weak
2025_10_07_RSFB-Phenotyping_WG1_JLU/2025_10_07_RSFB-Phenotyping_WG1_JLU/20251007_144035.jpg,plot_be5e56e3541d2f83bd4d,wg_insects_t1_bbch10,/home/nfs/data/nvme_datasets/Pictures_CFSB_leaf_damage/2025_10_07_RSFB-Phenotyping_WG1_JLU/2025_10_07_RSFB-Phenotyping_WG1_JLU/20251007_144035.jpg,3.0,2.937424659729004,3.724639892578125,0.7872151136398315,0.724639892578125,0.0625753402709961,rank_margin10,43,single_rater_weak
2025_10_07_RSFB-Phenotyping_WG1_JLU/2025_10_07_RSFB-Phenotyping_WG1_JLU/20251007_144040.jpg,plot_ef4270733417aaaa51b7,wg_insects_t1_bbch10,/home/nfs/data/nvme_datasets/Pictures_CFSB_leaf_damage/2025_10_07_RSFB-Phenotyping_WG1_JLU/2025_10_07_RSFB-Phenotyping_WG1_JLU/20251007_144040.jpg,4.0,3.2791848182678223,3.2612059116363525,-0.017978839576244354,0.7387940883636475,0.7208151817321777,rank_margin10,43,single_rater_weak
2025_10_07_RSFB-Phenotyping_WG1_JLU/2025_10_07_RSFB-Phenotyping_WG1_JLU/20251007_144045.jpg,plot_ef4270733417aaaa51b7,wg_insects_t1_bbch10,/home/nfs/data/nvme_datasets/Pictures_CFSB_leaf_damage/2025_10_07_RSFB-Phenotyping_WG1_JLU/2025_10_07_RSFB-Phenotyping_WG1_JLU/20251007_144045.jpg,4.0,2.5104732513427734,2.5071959495544434,-0.0032771886326372623,1.4928040504455566,1.4895267486572266,rank_margin10,43,single_rater_weak
2025_10_07_RSFB-Phenotyping_WG1_JLU/2025_10_07_RSFB-Phenotyping_WG1_JLU/20251007_144102.jpg,plot_f41fa6fd5e51ae6e677c,wg_insects_t1_bbch10,/home/nfs/data/nvme_datasets/Pictures_CFSB_leaf_damage/2025_10_07_RSFB-Phenotyping_WG1_JLU/2025_10_07_RSFB-Phenotyping_WG1_JLU/20251007_144102.jpg,2.0,2.5030274391174316,2.8570313453674316,0.35400390625,0.8570313453674316,0.5030274391174316,rank_margin10,43,single_rater_weak
2025_10_07_RSFB-Phenotyping_WG1_JLU/2025_10_07_RSFB-Phenotyping_WG1_JLU/20251007_144108.jpg,plot_f41fa6fd5e51ae6e677c,wg_insects_t1_bbch10,/home/nfs/data/nvme_datasets/Pictures_CFSB_leaf_damage/2025_10_07_RSFB-Phenotyping_WG1_JLU/2025_10_07_RSFB-Phenotyping_WG1_JLU/20251007_144108.jpg,3.0,4.065561294555664,4.799481391906738,0.7339203357696533,1.7994813919067383,1.065561294555664,rank_margin10,43,single_rater_weak
2025_10_07_RSFB-Phenotyping_WG1_JLU/2025_10_07_RSFB-Phenotyping_WG1_JLU/20251007_144114.jpg,plot_f41fa6fd5e51ae6e677c,wg_insects_t1_bbch10,/home/nfs/data/nvme_datasets/Pictures_CFSB_leaf_damage/2025_10_07_RSFB-Phenotyping_WG1_JLU/2025_10_07_RSFB-Phenotyping_WG1_JLU/20251007_144114.jpg,2.0,3.283130645751953,4.141805648803711,0.8586751222610474,2.141805648803711,1.2831306457519531,rank_margin10,43,single_rater_weak
2025_10_07_RSFB-Phenotyping_WG1_JLU/2025_10_07_RSFB-Phenotyping_WG1_JLU/20251007_144129.jpg,plot_5bc52303129c2b7f74af,wg_insects_t1_bbch10,/home/nfs/data/nvme_datasets/Pictures_CFSB_leaf_damage/2025_10_07_RSFB-Phenotyping_WG1_JLU/2025_10_07_RSFB-Phenotyping_WG1_JLU/20251007_144129.jpg,1.0,2.018709182739258,2.26926851272583,0.25055941939353943,1.26926851272583,1.0187091827392578,rank_margin10,43,single_rater_weak
2025_10_07_RSFB-Phenotyping_WG1_JLU/2025_10_07_RSFB-Phenotyping_WG1_JLU/20251007_144136.jpg,plot_5bc52303129c2b7f74af,wg_insects_t1_bbch10,/home/nfs/data/nvme_datasets/Pictures_CFSB_leaf_damage/2025_10_07_RSFB-Phenotyping_WG1_JLU/2025_10_07_RSFB-Phenotyping_WG1_JLU/20251007_144136.jpg,6.0,3.6740384101867676,3.474487781524658,-0.19955074787139893,2.525512218475342,2.3259615898132324,rank_margin10,43,single_rater_weak
2025_10_07_RSFB-Phenotyping_WG1_JLU/2025_10_07_RSFB-Phenotyping_WG1_JLU/20251007_144140.jpg,plot_5bc52303129c2b7f74af,wg_insects_t1_bbch10,/home/nfs/data/nvme_datasets/Pictures_CFSB_leaf_damage/2025_10_07_RSFB-Phenotyping_WG1_JLU/2025_10_07_RSFB-Phenotyping_WG1_JLU/20251007_144140.jpg,2.0,2.3531298637390137,1.917987585067749,-0.4351422190666199,0.08201241493225098,0.35312986373901367,rank_margin10,43,single_rater_weak
2025_10_07_RSFB-Phenotyping_WG1_JLU/2025_10_07_RSFB-Phenotyping_WG1_JLU/20251007_144203.jpg,plot_9a80778513194653de06,wg_insects_t1_bbch10,/home/nfs/data/nvme_datasets/Pictures_CFSB_leaf_damage/2025_10_07_RSFB-Phenotyping_WG1_JLU/2025_10_07_RSFB-Phenotyping_WG1_JLU/20251007_144203.jpg,2.0,3.8180315494537354,4.042149066925049,0.2241174727678299,2.042149066925049,1.8180315494537354,rank_margin10,43,single_rater_weak
2025_10_07_RSFB-Phenotyping_WG1_JLU/2025_10_07_RSFB-Phenotyping_WG1_JLU/20251007_144208.jpg,plot_9a80778513194653de06,wg_insects_t1_bbch10,/home/nfs/data/nvme_datasets/Pictures_CFSB_leaf_damage/2025_10_07_RSFB-Phenotyping_WG1_JLU/2025_10_07_RSFB-Phenotyping_WG1_JLU/20251007_144208.jpg,3.0,4.712941646575928,5.154365062713623,0.4414234757423401,2.154365062713623,1.7129416465759277,rank_margin10,43,single_rater_weak
2025_10_07_RSFB-Phenotyping_WG1_JLU/2025_10_07_RSFB-Phenotyping_WG1_JLU/20251007_144213.jpg,plot_9a80778513194653de06,wg_insects_t1_bbch10,/home/nfs/data/nvme_datasets/Pictures_CFSB_leaf_damage/2025_10_07_RSFB-Phenotyping_WG1_JLU/2025_10_07_RSFB-Phenotyping_WG1_JLU/20251007_144213.jpg,2.0,3.73311448097229,4.214616775512695,0.4815025329589844,2.2146167755126953,1.73311448097229,rank_margin10,43,single_rater_weak
2025_10_07_RSFB-Phenotyping_WG1_JLU/2025_10_07_RSFB-Phenotyping_WG1_JLU/20251007_144232.jpg,plot_98de263707cba984cc00,wg_insects_t1_bbch10,/home/nfs/data/nvme_datasets/Pictures_CFSB_leaf_damage/2025_10_07_RSFB-Phenotyping_WG1_JLU/2025_10_07_RSFB-Phenotyping_WG1_JLU/20251007_144232.jpg,4.0,3.864408016204834,4.033395767211914,0.1689879596233368,0.03339576721191406,0.13559198379516602,rank_margin10,43,single_rater_weak
2025_10_07_RSFB-Phenotyping_WG1_JLU/2025_10_07_RSFB-Phenotyping_WG1_JLU/20251007_144238.jpg,plot_98de263707cba984cc00,wg_insects_t1_bbch10,/home/nfs/data/nvme_datasets/Pictures_CFSB_leaf_damage/2025_10_07_RSFB-Phenotyping_WG1_JLU/2025_10_07_RSFB-Phenotyping_WG1_JLU/20251007_144238.jpg,6.0,8.505911827087402,8.496784210205078,-0.009127561002969742,2.496784210205078,2.5059118270874023,rank_margin10,43,single_rater_weak
2025_10_07_RSFB-Phenotyping_WG1_JLU/2025_10_07_RSFB-Phenotyping_WG1_JLU/20251007_144243.jpg,plot_98de263707cba984cc00,wg_insects_t1_bbch10,/home/nfs/data/nvme_datasets/Pictures_CFSB_leaf_damage/2025_10_07_RSFB-Phenotyping_WG1_JLU/2025_10_07_RSFB-Phenotyping_WG1_JLU/20251007_144243.jpg,2.0,3.610452175140381,3.8036270141601562,0.193174809217453,1.8036270141601562,1.6104521751403809,rank_margin10,43,single_rater_weak
2025_10_07_RSFB-Phenotyping_WG1_JLU/2025_10_07_RSFB-Phenotyping_WG1_JLU/20251007_144310.jpg,plot_319432c7fd0185a0c43a,wg_insects_t1_bbch10,/home/nfs/data/nvme_datasets/Pictures_CFSB_leaf_damage/2025_10_07_RSFB-Phenotyping_WG1_JLU/2025_10_07_RSFB-Phenotyping_WG1_JLU/20251007_144310.jpg,3.0,3.412822723388672,4.504669189453125,1.0918465852737427,1.504669189453125,0.4128227233886719,rank_margin10,43,single_rater_weak
2025_10_07_RSFB-Phenotyping_WG1_JLU/2025_10_07_RSFB-Phenotyping_WG1_JLU/20251007_144318.jpg,plot_319432c7fd0185a0c43a,wg_insects_t1_bbch10,/home/nfs/data/nvme_datasets/Pictures_CFSB_leaf_damage/2025_10_07_RSFB-Phenotyping_WG1_JLU/2025_10_07_RSFB-Phenotyping_WG1_JLU/20251007_144318.jpg,4.0,3.421172618865967,4.096688270568848,0.67551589012146,0.09668827056884766,0.5788273811340332,rank_margin10,43,single_rater_weak
2025_10_07_RSFB-Phenotyping_WG1_JLU/2025_10_07_RSFB-Phenotyping_WG1_JLU/20251007_144323.jpg,plot_319432c7fd0185a0c43a,wg_insects_t1_bbch10,/home/nfs/data/nvme_datasets/Pictures_CFSB_leaf_damage/2025_10_07_RSFB-Phenotyping_WG1_JLU/2025_10_07_RSFB-Phenotyping_WG1_JLU/20251007_144323.jpg,3.0,2.8891639709472656,3.9380621910095215,1.0488981008529663,0.9380621910095215,0.11083602905273438,rank_margin10,43,single_rater_weak
2025_10_07_RSFB-Phenotyping_WG1_JLU/2025_10_07_RSFB-Phenotyping_WG1_JLU/20251007_144339.jpg,plot_aa887eb46849a0600b10,wg_insects_t1_bbch10,/home/nfs/data/nvme_datasets/Pictures_CFSB_leaf_damage/2025_10_07_RSFB-Phenotyping_WG1_JLU/2025_10_07_RSFB-Phenotyping_WG1_JLU/20251007_144339.jpg,7.0,5.239424705505371,5.449520111083984,0.21009549498558044,1.5504798889160156,1.760575294494629,rank_margin10,43,single_rater_weak
2025_10_07_RSFB-Phenotyping_WG1_JLU/2025_10_07_RSFB-Phenotyping_WG1_JLU/20251007_144345.jpg,plot_aa887eb46849a0600b10,wg_insects_t1_bbch10,/home/nfs/data/nvme_datasets/Pictures_CFSB_leaf_damage/2025_10_07_RSFB-Phenotyping_WG1_JLU/2025_10_07_RSFB-Phenotyping_WG1_JLU/20251007_144345.jpg,4.0,3.8127779960632324,3.534639835357666,-0.27813810110092163,0.465360164642334,0.18722200393676758,rank_margin10,43,single_rater_weak
2025_10_07_RSFB-Phenotyping_WG1_JLU/2025_10_07_RSFB-Phenotyping_WG1_JLU/20251007_144349.jpg,plot_aa887eb46849a0600b10,wg_insects_t1_bbch10,/home/nfs/data/nvme_datasets/Pictures_CFSB_leaf_damage/2025_10_07_RSFB-Phenotyping_WG1_JLU/2025_10_07_RSFB-Phenotyping_WG1_JLU/20251007_144349.jpg,13.0,3.781639814376831,3.694746255874634,-0.08689363300800323,9.305253982543945,9.21835994720459,rank_margin10,43,single_rater_weak
2025_10_07_RSFB-Phenotyping_WG1_JLU/2025_10_07_RSFB-Phenotyping_WG1_JLU/20251007_152817.jpg,plot_fb8da9d0d63721abfc66,wg_insects_t1_bbch10,/home/nfs/data/nvme_datasets/Pictures_CFSB_leaf_damage/2025_10_07_RSFB-Phenotyping_WG1_JLU/2025_10_07_RSFB-Phenotyping_WG1_JLU/20251007_152817.jpg,15.0,3.9503750801086426,4.2494354248046875,0.2990601658821106,10.750564575195312,11.049625396728516,rank_margin10,43,single_rater_weak
2025_10_07_RSFB-Phenotyping_WG1_JLU/2025_10_07_RSFB-Phenotyping_WG1_JLU/20251007_152822.jpg,plot_fb8da9d0d63721abfc66,wg_insects_t1_bbch10,/home/nfs/data/nvme_datasets/Pictures_CFSB_leaf_damage/2025_10_07_RSFB-Phenotyping_WG1_JLU/2025_10_07_RSFB-Phenotyping_WG1_JLU/20251007_152822.jpg,13.0,3.042973041534424,2.783269166946411,-0.2597038447856903,10.216731071472168,9.957027435302734,rank_margin10,43,single_rater_weak
2025_10_07_RSFB-Phenotyping_WG1_JLU/2025_10_07_RSFB-Phenotyping_WG1_JLU/20251007_152829.jpg,plot_fb8da9d0d63721abfc66,wg_insects_t1_bbch10,/home/nfs/data/nvme_datasets/Pictures_CFSB_leaf_damage/2025_10_07_RSFB-Phenotyping_WG1_JLU/2025_10_07_RSFB-Phenotyping_WG1_JLU/20251007_152829.jpg,8.0,3.0607433319091797,3.903280019760132,0.8425366282463074,4.096719741821289,4.93925666809082,rank_margin10,43,single_rater_weak
2025_10_07_RSFB-Phenotyping_WG1_JLU/2025_10_07_RSFB-Phenotyping_WG1_JLU/20251007_152848.jpg,plot_31bf08ef46ae88fcb269,wg_insects_t1_bbch10,/home/nfs/data/nvme_datasets/Pictures_CFSB_leaf_damage/2025_10_07_RSFB-Phenotyping_WG1_JLU/2025_10_07_RSFB-Phenotyping_WG1_JLU/20251007_152848.jpg,12.0,4.387125492095947,4.232047080993652,-0.1550784856081009,7.767952919006348,7.612874507904053,rank_margin10,43,single_rater_weak
2025_10_07_RSFB-Phenotyping_WG1_JLU/2025_10_07_RSFB-Phenotyping_WG1_JLU/20251007_152855.jpg,plot_31bf08ef46ae88fcb269,wg_insects_t1_bbch10,/home/nfs/data/nvme_datasets/Pictures_CFSB_leaf_damage/2025_10_07_RSFB-Phenotyping_WG1_JLU/2025_10_07_RSFB-Phenotyping_WG1_JLU/20251007_152855.jpg,6.0,3.352342128753662,3.051922559738159,-0.30041956901550293,2.948077440261841,2.647657871246338,rank_margin10,43,single_rater_weak
2025_10_07_RSFB-Phenotyping_WG1_JLU/2025_10_07_RSFB-Phenotyping_WG1_JLU/20251007_152900.jpg,plot_31bf08ef46ae88fcb269,wg_insects_t1_bbch10,/home/nfs/data/nvme_datasets/Pictures_CFSB_leaf_damage/2025_10_07_RSFB-Phenotyping_WG1_JLU/2025_10_07_RSFB-Phenotyping_WG1_JLU/20251007_152900.jpg,18.0,6.008127212524414,6.574228286743164,0.5661012530326843,11.425771713256836,11.991872787475586,rank_margin10,43,single_rater_weak
2025_10_07_RSFB-Phenotyping_WG1_JLU/2025_10_07_RSFB-Phenotyping_WG1_JLU/20251007_152915.jpg,plot_023d6085c595be00fd36,wg_insects_t1_bbch10,/home/nfs/data/nvme_datasets/Pictures_CFSB_leaf_damage/2025_10_07_RSFB-Phenotyping_WG1_JLU/2025_10_07_RSFB-Phenotyping_WG1_JLU/20251007_152915.jpg,2.0,1.8276519775390625,2.811169147491455,0.9835171699523926,0.8111691474914551,0.1723480224609375,rank_margin10,43,single_rater_weak
2025_10_07_RSFB-Phenotyping_WG1_JLU/2025_10_07_RSFB-Phenotyping_WG1_JLU/20251007_152920.jpg,plot_023d6085c595be00fd36,wg_insects_t1_bbch10,/home/nfs/data/nvme_datasets/Pictures_CFSB_leaf_damage/2025_10_07_RSFB-Phenotyping_WG1_JLU/2025_10_07_RSFB-Phenotyping_WG1_JLU/20251007_152920.jpg,5.0,2.7741007804870605,2.685014247894287,-0.08908650279045105,2.314985752105713,2.2258992195129395,rank_margin10,43,single_rater_weak
2025_10_07_RSFB-Phenotyping_WG1_JLU/2025_10_07_RSFB-Phenotyping_WG1_JLU/20251007_152927.jpg,plot_023d6085c595be00fd36,wg_insects_t1_bbch10,/home/nfs/data/nvme_datasets/Pictures_CFSB_leaf_damage/2025_10_07_RSFB-Phenotyping_WG1_JLU/2025_10_07_RSFB-Phenotyping_WG1_JLU/20251007_152927.jpg,3.0,3.3548178672790527,3.2202248573303223,-0.13459311425685883,0.22022485733032227,0.35481786727905273,rank_margin10,43,single_rater_weak
2025_10_07_RSFB-Phenotyping_WG1_JLU/2025_10_07_RSFB-Phenotyping_WG1_JLU/20251007_152943.jpg,plot_fcda3dcbba709e985c4c,wg_insects_t1_bbch10,/home/nfs/data/nvme_datasets/Pictures_CFSB_leaf_damage/2025_10_07_RSFB-Phenotyping_WG1_JLU/2025_10_07_RSFB-Phenotyping_WG1_JLU/20251007_152943.jpg,2.0,3.1848273277282715,3.153975248336792,-0.030852030962705612,1.153975248336792,1.1848273277282715,rank_margin10,43,single_rater_weak
2025_10_07_RSFB-Phenotyping_WG1_JLU/2025_10_07_RSFB-Phenotyping_WG1_JLU/20251007_152950.jpg,plot_fcda3dcbba709e985c4c,wg_insects_t1_bbch10,/home/nfs/data/nvme_datasets/Pictures_CFSB_leaf_damage/2025_10_07_RSFB-Phenotyping_WG1_JLU/2025_10_07_RSFB-Phenotyping_WG1_JLU/20251007_152950.jpg,2.0,2.9087095260620117,3.569798231124878,0.661088764667511,1.569798231124878,0.9087095260620117,rank_margin10,43,single_rater_weak
2025_10_07_RSFB-Phenotyping_WG1_JLU/2025_10_07_RSFB-Phenotyping_WG1_JLU/20251007_152957.jpg,plot_fcda3dcbba709e985c4c,wg_insects_t1_bbch10,/home/nfs/data/nvme_datasets/Pictures_CFSB_leaf_damage/2025_10_07_RSFB-Phenotyping_WG1_JLU/2025_10_07_RSFB-Phenotyping_WG1_JLU/20251007_152957.jpg,4.0,3.43560528755188,3.8782005310058594,0.4425952136516571,0.12179946899414062,0.5643947124481201,rank_margin10,43,single_rater_weak
2025_10_07_RSFB-Phenotyping_WG1_JLU/2025_10_07_RSFB-Phenotyping_WG1_JLU/20251007_153023.jpg,plot_0e581537fa6e88cf3ab6,wg_insects_t1_bbch10,/home/nfs/data/nvme_datasets/Pictures_CFSB_leaf_damage/2025_10_07_RSFB-Phenotyping_WG1_JLU/2025_10_07_RSFB-Phenotyping_WG1_JLU/20251007_153023.jpg,5.0,4.314471244812012,5.117853164672852,0.8033818602561951,0.11785316467285156,0.6855287551879883,rank_margin10,43,single_rater_weak
2025_10_07_RSFB-Phenotyping_WG1_JLU/2025_10_07_RSFB-Phenotyping_WG1_JLU/20251007_153029.jpg,plot_0e581537fa6e88cf3ab6,wg_insects_t1_bbch10,/home/nfs/data/nvme_datasets/Pictures_CFSB_leaf_damage/2025_10_07_RSFB-Phenotyping_WG1_JLU/2025_10_07_RSFB-Phenotyping_WG1_JLU/20251007_153029.jpg,5.0,4.221285820007324,4.166373252868652,-0.05491253361105919,0.8336267471313477,0.7787141799926758,rank_margin10,43,single_rater_weak
2025_10_07_RSFB-Phenotyping_WG1_JLU/2025_10_07_RSFB-Phenotyping_WG1_JLU/20251007_153034.jpg,plot_0e581537fa6e88cf3ab6,wg_insects_t1_bbch10,/home/nfs/data/nvme_datasets/Pictures_CFSB_leaf_damage/2025_10_07_RSFB-Phenotyping_WG1_JLU/2025_10_07_RSFB-Phenotyping_WG1_JLU/20251007_153034.jpg,4.0,3.9809694290161133,4.158285140991211,0.1773156225681305,0.15828514099121094,0.01903057098388672,rank_margin10,43,single_rater_weak
2025_10_07_RSFB-Phenotyping_WG1_JLU/2025_10_07_RSFB-Phenotyping_WG1_JLU/20251007_153107.jpg,plot_6d174de4d118fe49cb3a,wg_insects_t1_bbch10,/home/nfs/data/nvme_datasets/Pictures_CFSB_leaf_damage/2025_10_07_RSFB-Phenotyping_WG1_JLU/2025_10_07_RSFB-Phenotyping_WG1_JLU/20251007_153107.jpg,13.0,3.5068955421447754,4.378777027130127,0.8718814849853516,8.621223449707031,9.493104934692383,rank_margin10,43,single_rater_weak
2025_10_07_RSFB-Phenotyping_WG1_JLU/2025_10_07_RSFB-Phenotyping_WG1_JLU/20251007_153113.jpg,plot_6d174de4d118fe49cb3a,wg_insects_t1_bbch10,/home/nfs/data/nvme_datasets/Pictures_CFSB_leaf_damage/2025_10_07_RSFB-Phenotyping_WG1_JLU/2025_10_07_RSFB-Phenotyping_WG1_JLU/20251007_153113.jpg,7.0,5.460137367248535,6.182337284088135,0.7221997380256653,0.8176627159118652,1.5398626327514648,rank_margin10,43,single_rater_weak
2025_10_07_RSFB-Phenotyping_WG1_JLU/2025_10_07_RSFB-Phenotyping_WG1_JLU/20251007_153119.jpg,plot_6d174de4d118fe49cb3a,wg_insects_t1_bbch10,/home/nfs/data/nvme_datasets/Pictures_CFSB_leaf_damage/2025_10_07_RSFB-Phenotyping_WG1_JLU/2025_10_07_RSFB-Phenotyping_WG1_JLU/20251007_153119.jpg,8.0,6.27034854888916,7.985857009887695,1.7155086994171143,0.014142990112304688,1.7296514511108398,rank_margin10,43,single_rater_weak
2025_10_07_RSFB-Phenotyping_WG1_JLU/2025_10_07_RSFB-Phenotyping_WG1_JLU/20251007_153132.jpg,plot_697daa59a67a19cf0be3,wg_insects_t1_bbch10,/home/nfs/data/nvme_datasets/Pictures_CFSB_leaf_damage/2025_10_07_RSFB-Phenotyping_WG1_JLU/2025_10_07_RSFB-Phenotyping_WG1_JLU/20251007_153132.jpg,2.0,3.0047178268432617,2.8010003566741943,-0.20371749997138977,0.8010003566741943,1.0047178268432617,rank_margin10,43,single_rater_weak
2025_10_07_RSFB-Phenotyping_WG1_JLU/2025_10_07_RSFB-Phenotyping_WG1_JLU/20251007_153138.jpg,plot_697daa59a67a19cf0be3,wg_insects_t1_bbch10,/home/nfs/data/nvme_datasets/Pictures_CFSB_leaf_damage/2025_10_07_RSFB-Phenotyping_WG1_JLU/2025_10_07_RSFB-Phenotyping_WG1_JLU/20251007_153138.jpg,4.0,4.276381969451904,4.293700695037842,0.01731884852051735,0.2937006950378418,0.2763819694519043,rank_margin10,43,single_rater_weak
2025_10_07_RSFB-Phenotyping_WG1_JLU/2025_10_07_RSFB-Phenotyping_WG1_JLU/20251007_153143.jpg,plot_697daa59a67a19cf0be3,wg_insects_t1_bbch10,/home/nfs/data/nvme_datasets/Pictures_CFSB_leaf_damage/2025_10_07_RSFB-Phenotyping_WG1_JLU/2025_10_07_RSFB-Phenotyping_WG1_JLU/20251007_153143.jpg,3.0,5.105151176452637,6.114863395690918,1.0097121000289917,3.114863395690918,2.1051511764526367,rank_margin10,43,single_rater_weak
2025_10_07_RSFB-Phenotyping_WG1_JLU/2025_10_07_RSFB-Phenotyping_WG1_JLU/20251007_153201.jpg,plot_90dc4db5d083d59f935d,wg_insects_t1_bbch10,/home/nfs/data/nvme_datasets/Pictures_CFSB_leaf_damage/2025_10_07_RSFB-Phenotyping_WG1_JLU/2025_10_07_RSFB-Phenotyping_WG1_JLU/20251007_153201.jpg,6.0,5.904333591461182,6.334044933319092,0.42971134185791016,0.3340449333190918,0.09566640853881836,rank_margin10,43,single_rater_weak
2025_10_07_RSFB-Phenotyping_WG1_JLU/2025_10_07_RSFB-Phenotyping_WG1_JLU/20251007_153206.jpg,plot_90dc4db5d083d59f935d,wg_insects_t1_bbch10,/home/nfs/data/nvme_datasets/Pictures_CFSB_leaf_damage/2025_10_07_RSFB-Phenotyping_WG1_JLU/2025_10_07_RSFB-Phenotyping_WG1_JLU/20251007_153206.jpg,6.0,3.125782012939453,3.906986951828003,0.7812049388885498,2.093013048171997,2.874217987060547,rank_margin10,43,single_rater_weak
2025_10_07_RSFB-Phenotyping_WG1_JLU/2025_10_07_RSFB-Phenotyping_WG1_JLU/20251007_153211.jpg,plot_90dc4db5d083d59f935d,wg_insects_t1_bbch10,/home/nfs/data/nvme_datasets/Pictures_CFSB_leaf_damage/2025_10_07_RSFB-Phenotyping_WG1_JLU/2025_10_07_RSFB-Phenotyping_WG1_JLU/20251007_153211.jpg,15.0,5.703639984130859,6.353564262390137,0.6499241590499878,8.646435737609863,9.29636001586914,rank_margin10,43,single_rater_weak
2025_10_07_RSFB-Phenotyping_WG1_JLU/2025_10_07_RSFB-Phenotyping_WG1_JLU/20251007_153228.jpg,plot_b36552db6b92d609e70b,wg_insects_t1_bbch10,/home/nfs/data/nvme_datasets/Pictures_CFSB_leaf_damage/2025_10_07_RSFB-Phenotyping_WG1_JLU/2025_10_07_RSFB-Phenotyping_WG1_JLU/20251007_153228.jpg,6.0,7.047576427459717,7.330994606018066,0.2834182381629944,1.3309946060180664,1.0475764274597168,rank_margin10,43,single_rater_weak
2025_10_07_RSFB-Phenotyping_WG1_JLU/2025_10_07_RSFB-Phenotyping_WG1_JLU/20251007_153233.jpg,plot_b36552db6b92d609e70b,wg_insects_t1_bbch10,/home/nfs/data/nvme_datasets/Pictures_CFSB_leaf_damage/2025_10_07_RSFB-Phenotyping_WG1_JLU/2025_10_07_RSFB-Phenotyping_WG1_JLU/20251007_153233.jpg,7.0,4.523519515991211,4.533679008483887,0.010159304365515709,2.4663209915161133,2.476480484008789,rank_margin10,43,single_rater_weak
2025_10_07_RSFB-Phenotyping_WG1_JLU/2025_10_07_RSFB-Phenotyping_WG1_JLU/20251007_153238.jpg,plot_b36552db6b92d609e70b,wg_insects_t1_bbch10,/home/nfs/data/nvme_datasets/Pictures_CFSB_leaf_damage/2025_10_07_RSFB-Phenotyping_WG1_JLU/2025_10_07_RSFB-Phenotyping_WG1_JLU/20251007_153238.jpg,14.0,9.113356590270996,9.332748413085938,0.2193920910358429,4.6672515869140625,4.886643409729004,rank_margin10,43,single_rater_weak
2025_10_07_RSFB-Phenotyping_WG1_JLU/2025_10_07_RSFB-Phenotyping_WG1_JLU/20251007_153254.jpg,plot_f590de6904e8d9e8ccc1,wg_insects_t1_bbch10,/home/nfs/data/nvme_datasets/Pictures_CFSB_leaf_damage/2025_10_07_RSFB-Phenotyping_WG1_JLU/2025_10_07_RSFB-Phenotyping_WG1_JLU/20251007_153254.jpg,3.0,2.102419853210449,2.835681200027466,0.7332613468170166,0.16431879997253418,0.8975801467895508,rank_margin10,43,single_rater_weak
2025_10_07_RSFB-Phenotyping_WG1_JLU/2025_10_07_RSFB-Phenotyping_WG1_JLU/20251007_153258.jpg,plot_f590de6904e8d9e8ccc1,wg_insects_t1_bbch10,/home/nfs/data/nvme_datasets/Pictures_CFSB_leaf_damage/2025_10_07_RSFB-Phenotyping_WG1_JLU/2025_10_07_RSFB-Phenotyping_WG1_JLU/20251007_153258.jpg,9.0,3.3655762672424316,3.591743230819702,0.2261669635772705,5.408256530761719,5.634423732757568,rank_margin10,43,single_rater_weak
2025_10_07_RSFB-Phenotyping_WG1_JLU/2025_10_07_RSFB-Phenotyping_WG1_JLU/20251007_153303.jpg,plot_f590de6904e8d9e8ccc1,wg_insects_t1_bbch10,/home/nfs/data/nvme_datasets/Pictures_CFSB_leaf_damage/2025_10_07_RSFB-Phenotyping_WG1_JLU/2025_10_07_RSFB-Phenotyping_WG1_JLU/20251007_153303.jpg,3.0,2.1464686393737793,2.828608989715576,0.6821404695510864,0.17139101028442383,0.8535313606262207,rank_margin10,43,single_rater_weak
2025_10_07_RSFB-Phenotyping_WG1_JLU/2025_10_07_RSFB-Phenotyping_WG1_JLU/20251007_153319.jpg,plot_e61302bdc45d11dd82af,wg_insects_t1_bbch10,/home/nfs/data/nvme_datasets/Pictures_CFSB_leaf_damage/2025_10_07_RSFB-Phenotyping_WG1_JLU/2025_10_07_RSFB-Phenotyping_WG1_JLU/20251007_153319.jpg,8.0,4.719298362731934,5.422545433044434,0.7032468318939209,2.5774545669555664,3.2807016372680664,rank_margin10,43,single_rater_weak
2025_10_07_RSFB-Phenotyping_WG1_JLU/2025_10_07_RSFB-Phenotyping_WG1_JLU/20251007_153324.jpg,plot_e61302bdc45d11dd82af,wg_insects_t1_bbch10,/home/nfs/data/nvme_datasets/Pictures_CFSB_leaf_damage/2025_10_07_RSFB-Phenotyping_WG1_JLU/2025_10_07_RSFB-Phenotyping_WG1_JLU/20251007_153324.jpg,8.0,3.9764211177825928,4.75715970993042,0.7807387113571167,3.24284029006958,4.023578643798828,rank_margin10,43,single_rater_weak
2025_10_07_RSFB-Phenotyping_WG1_JLU/2025_10_07_RSFB-Phenotyping_WG1_JLU/20251007_153328.jpg,plot_e61302bdc45d11dd82af,wg_insects_t1_bbch10,/home/nfs/data/nvme_datasets/Pictures_CFSB_leaf_damage/2025_10_07_RSFB-Phenotyping_WG1_JLU/2025_10_07_RSFB-Phenotyping_WG1_JLU/20251007_153328.jpg,12.0,4.873581886291504,5.660797595977783,0.7872157692909241,6.339202404022217,7.126418113708496,rank_margin10,43,single_rater_weak
2025_10_07_RSFB-Phenotyping_WG1_JLU/2025_10_07_RSFB-Phenotyping_WG1_JLU/20251007_153344.jpg,plot_331dbeca01446d9747ff,wg_insects_t1_bbch10,/home/nfs/data/nvme_datasets/Pictures_CFSB_leaf_damage/2025_10_07_RSFB-Phenotyping_WG1_JLU/2025_10_07_RSFB-Phenotyping_WG1_JLU/20251007_153344.jpg,3.0,2.6702795028686523,2.7949492931365967,0.12466975301504135,0.20505070686340332,0.32972049713134766,rank_margin10,43,single_rater_weak
2025_10_07_RSFB-Phenotyping_WG1_JLU/2025_10_07_RSFB-Phenotyping_WG1_JLU/20251007_153350.jpg,plot_331dbeca01446d9747ff,wg_insects_t1_bbch10,/home/nfs/data/nvme_datasets/Pictures_CFSB_leaf_damage/2025_10_07_RSFB-Phenotyping_WG1_JLU/2025_10_07_RSFB-Phenotyping_WG1_JLU/20251007_153350.jpg,5.0,3.975937843322754,4.340726852416992,0.36478880047798157,0.6592731475830078,1.024062156677246,rank_margin10,43,single_rater_weak
2025_10_07_RSFB-Phenotyping_WG1_JLU/2025_10_07_RSFB-Phenotyping_WG1_JLU/20251007_153357.jpg,plot_331dbeca01446d9747ff,wg_insects_t1_bbch10,/home/nfs/data/nvme_datasets/Pictures_CFSB_leaf_damage/2025_10_07_RSFB-Phenotyping_WG1_JLU/2025_10_07_RSFB-Phenotyping_WG1_JLU/20251007_153357.jpg,22.0,5.818587303161621,6.770256042480469,0.9516688585281372,15.229743957519531,16.181411743164062,rank_margin10,43,single_rater_weak
2025_10_07_RSFB-Phenotyping_WG1_JLU/2025_10_07_RSFB-Phenotyping_WG1_JLU/20251007_153413.jpg,plot_70ff6598dd18395bfb32,wg_insects_t1_bbch10,/home/nfs/data/nvme_datasets/Pictures_CFSB_leaf_damage/2025_10_07_RSFB-Phenotyping_WG1_JLU/2025_10_07_RSFB-Phenotyping_WG1_JLU/20251007_153413.jpg,7.0,3.4544715881347656,3.6653881072998047,0.2109163999557495,3.3346118927001953,3.5455284118652344,rank_margin10,43,single_rater_weak
2025_10_07_RSFB-Phenotyping_WG1_JLU/2025_10_07_RSFB-Phenotyping_WG1_JLU/20251007_153419.jpg,plot_70ff6598dd18395bfb32,wg_insects_t1_bbch10,/home/nfs/data/nvme_datasets/Pictures_CFSB_leaf_damage/2025_10_07_RSFB-Phenotyping_WG1_JLU/2025_10_07_RSFB-Phenotyping_WG1_JLU/20251007_153419.jpg,12.0,5.016910552978516,6.257749080657959,1.2408384084701538,5.742250919342041,6.983089447021484,rank_margin10,43,single_rater_weak
2025_10_07_RSFB-Phenotyping_WG1_JLU/2025_10_07_RSFB-Phenotyping_WG1_JLU/20251007_153424.jpg,plot_70ff6598dd18395bfb32,wg_insects_t1_bbch10,/home/nfs/data/nvme_datasets/Pictures_CFSB_leaf_damage/2025_10_07_RSFB-Phenotyping_WG1_JLU/2025_10_07_RSFB-Phenotyping_WG1_JLU/20251007_153424.jpg,8.0,2.0426883697509766,2.5759034156799316,0.5332149267196655,5.424096584320068,5.957311630249023,rank_margin10,43,single_rater_weak
2025_10_07_RSFB-Phenotyping_WG1_JLU/2025_10_07_RSFB-Phenotyping_WG1_JLU/20251007_153441.jpg,plot_2f23ef2166478075b107,wg_insects_t1_bbch10,/home/nfs/data/nvme_datasets/Pictures_CFSB_leaf_damage/2025_10_07_RSFB-Phenotyping_WG1_JLU/2025_10_07_RSFB-Phenotyping_WG1_JLU/20251007_153441.jpg,4.0,3.582038640975952,4.110309600830078,0.5282707214355469,0.11030960083007812,0.41796135902404785,rank_margin10,43,single_rater_weak
2025_10_07_RSFB-Phenotyping_WG1_JLU/2025_10_07_RSFB-Phenotyping_WG1_JLU/20251007_153449.jpg,plot_2f23ef2166478075b107,wg_insects_t1_bbch10,/home/nfs/data/nvme_datasets/Pictures_CFSB_leaf_damage/2025_10_07_RSFB-Phenotyping_WG1_JLU/2025_10_07_RSFB-Phenotyping_WG1_JLU/20251007_153449.jpg,15.0,6.659184455871582,7.062429904937744,0.4032456576824188,7.937570095062256,8.340815544128418,rank_margin10,43,single_rater_weak
2025_10_07_RSFB-Phenotyping_WG1_JLU/2025_10_07_RSFB-Phenotyping_WG1_JLU/20251007_153454.jpg,plot_2f23ef2166478075b107,wg_insects_t1_bbch10,/home/nfs/data/nvme_datasets/Pictures_CFSB_leaf_damage/2025_10_07_RSFB-Phenotyping_WG1_JLU/2025_10_07_RSFB-Phenotyping_WG1_JLU/20251007_153454.jpg,6.0,3.2097043991088867,3.3901710510253906,0.18046674132347107,2.6098289489746094,2.7902956008911133,rank_margin10,43,single_rater_weak
2025_10_07_RSFB-Phenotyping_WG1_JLU/2025_10_07_RSFB-Phenotyping_WG1_JLU/20251007_153513.jpg,plot_542c7ec32eea3eba1112,wg_insects_t1_bbch10,/home/nfs/data/nvme_datasets/Pictures_CFSB_leaf_damage/2025_10_07_RSFB-Phenotyping_WG1_JLU/2025_10_07_RSFB-Phenotyping_WG1_JLU/20251007_153513.jpg,3.0,5.290097713470459,6.047927379608154,0.7578298449516296,3.0479273796081543,2.290097713470459,rank_margin10,43,single_rater_weak
2025_10_07_RSFB-Phenotyping_WG1_JLU/2025_10_07_RSFB-Phenotyping_WG1_JLU/20251007_153518.jpg,plot_542c7ec32eea3eba1112,wg_insects_t1_bbch10,/home/nfs/data/nvme_datasets/Pictures_CFSB_leaf_damage/2025_10_07_RSFB-Phenotyping_WG1_JLU/2025_10_07_RSFB-Phenotyping_WG1_JLU/20251007_153518.jpg,2.0,2.576162815093994,2.9933369159698486,0.4171741306781769,0.9933369159698486,0.5761628150939941,rank_margin10,43,single_rater_weak
2025_10_07_RSFB-Phenotyping_WG1_JLU/2025_10_07_RSFB-Phenotyping_WG1_JLU/20251007_153523.jpg,plot_542c7ec32eea3eba1112,wg_insects_t1_bbch10,/home/nfs/data/nvme_datasets/Pictures_CFSB_leaf_damage/2025_10_07_RSFB-Phenotyping_WG1_JLU/2025_10_07_RSFB-Phenotyping_WG1_JLU/20251007_153523.jpg,4.0,4.120671272277832,4.658624649047852,0.5379533171653748,0.6586246490478516,0.12067127227783203,rank_margin10,43,single_rater_weak
2025_10_07_RSFB-Phenotyping_WG1_JLU/2025_10_07_RSFB-Phenotyping_WG1_JLU/20251007_153541.jpg,plot_951c638fa6ec8fb91316,wg_insects_t1_bbch10,/home/nfs/data/nvme_datasets/Pictures_CFSB_leaf_damage/2025_10_07_RSFB-Phenotyping_WG1_JLU/2025_10_07_RSFB-Phenotyping_WG1_JLU/20251007_153541.jpg,4.0,3.2542061805725098,3.023872137069702,-0.23033404350280762,0.9761278629302979,0.7457938194274902,rank_margin10,43,single_rater_weak
2025_10_07_RSFB-Phenotyping_WG1_JLU/2025_10_07_RSFB-Phenotyping_WG1_JLU/20251007_153546.jpg,plot_951c638fa6ec8fb91316,wg_insects_t1_bbch10,/home/nfs/data/nvme_datasets/Pictures_CFSB_leaf_damage/2025_10_07_RSFB-Phenotyping_WG1_JLU/2025_10_07_RSFB-Phenotyping_WG1_JLU/20251007_153546.jpg,5.0,3.564181327819824,3.5156073570251465,-0.04857390746474266,1.4843926429748535,1.4358186721801758,rank_margin10,43,single_rater_weak
2025_10_07_RSFB-Phenotyping_WG1_JLU/2025_10_07_RSFB-Phenotyping_WG1_JLU/20251007_153551.jpg,plot_951c638fa6ec8fb91316,wg_insects_t1_bbch10,/home/nfs/data/nvme_datasets/Pictures_CFSB_leaf_damage/2025_10_07_RSFB-Phenotyping_WG1_JLU/2025_10_07_RSFB-Phenotyping_WG1_JLU/20251007_153551.jpg,6.0,4.530287265777588,4.936648368835449,0.40636110305786133,1.0633516311645508,1.469712734222412,rank_margin10,43,single_rater_weak
2025_10_07_RSFB-Phenotyping_WG1_JLU/2025_10_07_RSFB-Phenotyping_WG1_JLU/20251007_153624.jpg,plot_8d03f76f1e8b78107651,wg_insects_t1_bbch10,/home/nfs/data/nvme_datasets/Pictures_CFSB_leaf_damage/2025_10_07_RSFB-Phenotyping_WG1_JLU/2025_10_07_RSFB-Phenotyping_WG1_JLU/20251007_153624.jpg,7.0,3.6299920082092285,3.9727306365966797,0.34273862838745117,3.0272693634033203,3.3700079917907715,rank_margin10,43,single_rater_weak
2025_10_07_RSFB-Phenotyping_WG1_JLU/2025_10_07_RSFB-Phenotyping_WG1_JLU/20251007_153632.jpg,plot_8d03f76f1e8b78107651,wg_insects_t1_bbch10,/home/nfs/data/nvme_datasets/Pictures_CFSB_leaf_damage/2025_10_07_RSFB-Phenotyping_WG1_JLU/2025_10_07_RSFB-Phenotyping_WG1_JLU/20251007_153632.jpg,11.0,3.0518383979797363,4.4801411628723145,1.4283027648925781,6.5198588371276855,7.948161602020264,rank_margin10,43,single_rater_weak
2025_10_07_RSFB-Phenotyping_WG1_JLU/2025_10_07_RSFB-Phenotyping_WG1_JLU/20251007_153638.jpg,plot_8d03f76f1e8b78107651,wg_insects_t1_bbch10,/home/nfs/data/nvme_datasets/Pictures_CFSB_leaf_damage/2025_10_07_RSFB-Phenotyping_WG1_JLU/2025_10_07_RSFB-Phenotyping_WG1_JLU/20251007_153638.jpg,12.0,2.8445491790771484,3.841165065765381,0.9966158270835876,8.158834457397461,9.155450820922852,rank_margin10,43,single_rater_weak
2025_10_07_RSFB-Phenotyping_WG1_JLU/2025_10_07_RSFB-Phenotyping_WG1_JLU/20251007_153659.jpg,plot_97036f2854e70825a21d,wg_insects_t1_bbch10,/home/nfs/data/nvme_datasets/Pictures_CFSB_leaf_damage/2025_10_07_RSFB-Phenotyping_WG1_JLU/2025_10_07_RSFB-Phenotyping_WG1_JLU/20251007_153659.jpg,5.0,2.902060031890869,3.4768166542053223,0.5747566819190979,1.5231833457946777,2.097939968109131,rank_margin10,43,single_rater_weak
2025_10_07_RSFB-Phenotyping_WG1_JLU/2025_10_07_RSFB-Phenotyping_WG1_JLU/20251007_153706.jpg,plot_97036f2854e70825a21d,wg_insects_t1_bbch10,/home/nfs/data/nvme_datasets/Pictures_CFSB_leaf_damage/2025_10_07_RSFB-Phenotyping_WG1_JLU/2025_10_07_RSFB-Phenotyping_WG1_JLU/20251007_153706.jpg,10.0,3.453932762145996,4.095876216888428,0.6419434547424316,5.904123783111572,6.546067237854004,rank_margin10,43,single_rater_weak
2025_10_07_RSFB-Phenotyping_WG1_JLU/2025_10_07_RSFB-Phenotyping_WG1_JLU/20251007_153717.jpg,plot_97036f2854e70825a21d,wg_insects_t1_bbch10,/home/nfs/data/nvme_datasets/Pictures_CFSB_leaf_damage/2025_10_07_RSFB-Phenotyping_WG1_JLU/2025_10_07_RSFB-Phenotyping_WG1_JLU/20251007_153717.jpg,15.0,7.535330772399902,8.627490043640137,1.092159628868103,6.372509956359863,7.464669227600098,rank_margin10,43,single_rater_weak
2025_10_07_RSFB-Phenotyping_WG1_JLU/2025_10_07_RSFB-Phenotyping_WG1_JLU/20251007_153735.jpg,plot_a6f2c9a112e6bcc09372,wg_insects_t1_bbch10,/home/nfs/data/nvme_datasets/Pictures_CFSB_leaf_damage/2025_10_07_RSFB-Phenotyping_WG1_JLU/2025_10_07_RSFB-Phenotyping_WG1_JLU/20251007_153735.jpg,12.0,6.668320655822754,6.6633620262146,-0.004958708770573139,5.3366379737854,5.331679344177246,rank_margin10,43,single_rater_weak
2025_10_07_RSFB-Phenotyping_WG1_JLU/2025_10_07_RSFB-Phenotyping_WG1_JLU/20251007_153742.jpg,plot_a6f2c9a112e6bcc09372,wg_insects_t1_bbch10,/home/nfs/data/nvme_datasets/Pictures_CFSB_leaf_damage/2025_10_07_RSFB-Phenotyping_WG1_JLU/2025_10_07_RSFB-Phenotyping_WG1_JLU/20251007_153742.jpg,6.0,6.788293838500977,6.681413173675537,-0.10688062757253647,0.6814131736755371,0.7882938385009766,rank_margin10,43,single_rater_weak
2025_10_07_RSFB-Phenotyping_WG1_JLU/2025_10_07_RSFB-Phenotyping_WG1_JLU/20251007_153748.jpg,plot_a6f2c9a112e6bcc09372,wg_insects_t1_bbch10,/home/nfs/data/nvme_datasets/Pictures_CFSB_leaf_damage/2025_10_07_RSFB-Phenotyping_WG1_JLU/2025_10_07_RSFB-Phenotyping_WG1_JLU/20251007_153748.jpg,4.0,3.2362003326416016,3.1788697242736816,-0.05733068659901619,0.8211302757263184,0.7637996673583984,rank_margin10,43,single_rater_weak
2025_10_07_RSFB-Phenotyping_WG1_JLU/2025_10_07_RSFB-Phenotyping_WG1_JLU/20251007_153807.jpg,plot_c0ea55db7db71c2492da,wg_insects_t1_bbch10,/home/nfs/data/nvme_datasets/Pictures_CFSB_leaf_damage/2025_10_07_RSFB-Phenotyping_WG1_JLU/2025_10_07_RSFB-Phenotyping_WG1_JLU/20251007_153807.jpg,19.0,7.627426624298096,7.856164455413818,0.22873777151107788,11.143835067749023,11.372573852539062,rank_margin10,43,single_rater_weak
2025_10_07_RSFB-Phenotyping_WG1_JLU/2025_10_07_RSFB-Phenotyping_WG1_JLU/20251007_153813.jpg,plot_c0ea55db7db71c2492da,wg_insects_t1_bbch10,/home/nfs/data/nvme_datasets/Pictures_CFSB_leaf_damage/2025_10_07_RSFB-Phenotyping_WG1_JLU/2025_10_07_RSFB-Phenotyping_WG1_JLU/20251007_153813.jpg,15.0,3.8446969985961914,3.418459892272949,-0.426237016916275,11.58154010772705,11.155303001403809,rank_margin10,43,single_rater_weak
2025_10_07_RSFB-Phenotyping_WG1_JLU/2025_10_07_RSFB-Phenotyping_WG1_JLU/20251007_153819.jpg,plot_c0ea55db7db71c2492da,wg_insects_t1_bbch10,/home/nfs/data/nvme_datasets/Pictures_CFSB_leaf_damage/2025_10_07_RSFB-Phenotyping_WG1_JLU/2025_10_07_RSFB-Phenotyping_WG1_JLU/20251007_153819.jpg,7.0,4.762920379638672,4.992044448852539,0.22912420332431793,2.007955551147461,2.237079620361328,rank_margin10,43,single_rater_weak
2025_10_07_RSFB-Phenotyping_WG1_JLU/2025_10_07_RSFB-Phenotyping_WG1_JLU/20251007_153837.jpg,plot_827f7f427b7b1eee5745,wg_insects_t1_bbch10,/home/nfs/data/nvme_datasets/Pictures_CFSB_leaf_damage/2025_10_07_RSFB-Phenotyping_WG1_JLU/2025_10_07_RSFB-Phenotyping_WG1_JLU/20251007_153837.jpg,8.0,4.615718841552734,4.653816223144531,0.03809715807437897,3.3461837768554688,3.3842811584472656,rank_margin10,43,single_rater_weak
2025_10_07_RSFB-Phenotyping_WG1_JLU/2025_10_07_RSFB-Phenotyping_WG1_JLU/20251007_153842.jpg,plot_827f7f427b7b1eee5745,wg_insects_t1_bbch10,/home/nfs/data/nvme_datasets/Pictures_CFSB_leaf_damage/2025_10_07_RSFB-Phenotyping_WG1_JLU/2025_10_07_RSFB-Phenotyping_WG1_JLU/20251007_153842.jpg,12.0,3.747901678085327,3.3693442344665527,-0.3785575032234192,8.630655288696289,8.252098083496094,rank_margin10,43,single_rater_weak
2025_10_07_RSFB-Phenotyping_WG1_JLU/2025_10_07_RSFB-Phenotyping_WG1_JLU/20251007_153847.jpg,plot_827f7f427b7b1eee5745,wg_insects_t1_bbch10,/home/nfs/data/nvme_datasets/Pictures_CFSB_leaf_damage/2025_10_07_RSFB-Phenotyping_WG1_JLU/2025_10_07_RSFB-Phenotyping_WG1_JLU/20251007_153847.jpg,10.0,3.792609930038452,4.0137939453125,0.22118398547172546,5.9862060546875,6.207389831542969,rank_margin10,43,single_rater_weak
2025_10_07_RSFB-Phenotyping_WG1_JLU/2025_10_07_RSFB-Phenotyping_WG1_JLU/20251007_153905.jpg,plot_72102d68a67d996b7e3d,wg_insects_t1_bbch10,/home/nfs/data/nvme_datasets/Pictures_CFSB_leaf_damage/2025_10_07_RSFB-Phenotyping_WG1_JLU/2025_10_07_RSFB-Phenotyping_WG1_JLU/20251007_153905.jpg,9.0,6.496588706970215,6.53391695022583,0.037328191101551056,2.46608304977417,2.503411293029785,rank_margin10,43,single_rater_weak
2025_10_07_RSFB-Phenotyping_WG1_JLU/2025_10_07_RSFB-Phenotyping_WG1_JLU/20251007_153924.jpg,plot_72102d68a67d996b7e3d,wg_insects_t1_bbch10,/home/nfs/data/nvme_datasets/Pictures_CFSB_leaf_damage/2025_10_07_RSFB-Phenotyping_WG1_JLU/2025_10_07_RSFB-Phenotyping_WG1_JLU/20251007_153924.jpg,13.0,3.855928421020508,4.157552242279053,0.30162376165390015,8.842447280883789,9.144071578979492,rank_margin10,43,single_rater_weak
2025_10_07_RSFB-Phenotyping_WG1_JLU/2025_10_07_RSFB-Phenotyping_WG1_JLU/20251007_153930.jpg,plot_72102d68a67d996b7e3d,wg_insects_t1_bbch10,/home/nfs/data/nvme_datasets/Pictures_CFSB_leaf_damage/2025_10_07_RSFB-Phenotyping_WG1_JLU/2025_10_07_RSFB-Phenotyping_WG1_JLU/20251007_153930.jpg,4.0,2.9115238189697266,3.7653632164001465,0.8538393974304199,0.23463678359985352,1.0884761810302734,rank_margin10,43,single_rater_weak
2025_10_07_RSFB-Phenotyping_WG1_JLU/2025_10_07_RSFB-Phenotyping_WG1_JLU/20251007_153950.jpg,plot_955f23eb642201c107b7,wg_insects_t1_bbch10,/home/nfs/data/nvme_datasets/Pictures_CFSB_leaf_damage/2025_10_07_RSFB-Phenotyping_WG1_JLU/2025_10_07_RSFB-Phenotyping_WG1_JLU/20251007_153950.jpg,7.0,3.2197365760803223,2.9853618144989014,-0.23437470197677612,4.0146379470825195,3.7802634239196777,rank_margin10,43,single_rater_weak
2025_10_07_RSFB-Phenotyping_WG1_JLU/2025_10_07_RSFB-Phenotyping_WG1_JLU/20251007_153956.jpg,plot_955f23eb642201c107b7,wg_insects_t1_bbch10,/home/nfs/data/nvme_datasets/Pictures_CFSB_leaf_damage/2025_10_07_RSFB-Phenotyping_WG1_JLU/2025_10_07_RSFB-Phenotyping_WG1_JLU/20251007_153956.jpg,12.0,3.3089842796325684,3.349701166152954,0.040716808289289474,8.650299072265625,8.691015243530273,rank_margin10,43,single_rater_weak
2025_10_07_RSFB-Phenotyping_WG1_JLU/2025_10_07_RSFB-Phenotyping_WG1_JLU/20251007_154004.jpg,plot_955f23eb642201c107b7,wg_insects_t1_bbch10,/home/nfs/data/nvme_datasets/Pictures_CFSB_leaf_damage/2025_10_07_RSFB-Phenotyping_WG1_JLU/2025_10_07_RSFB-Phenotyping_WG1_JLU/20251007_154004.jpg,13.0,3.9504709243774414,4.850346565246582,0.8998755216598511,8.149653434753418,9.049529075622559,rank_margin10,43,single_rater_weak
2025_10_07_RSFB-Phenotyping_WG1_JLU/2025_10_07_RSFB-Phenotyping_WG1_JLU/20251007_154023.jpg,plot_0ae42abd57e36c46221c,wg_insects_t1_bbch10,/home/nfs/data/nvme_datasets/Pictures_CFSB_leaf_damage/2025_10_07_RSFB-Phenotyping_WG1_JLU/2025_10_07_RSFB-Phenotyping_WG1_JLU/20251007_154023.jpg,7.0,3.9061458110809326,4.288251876831055,0.3821060359477997,2.7117481231689453,3.0938541889190674,rank_margin10,43,single_rater_weak
2025_10_07_RSFB-Phenotyping_WG1_JLU/2025_10_07_RSFB-Phenotyping_WG1_JLU/20251007_154028.jpg,plot_0ae42abd57e36c46221c,wg_insects_t1_bbch10,/home/nfs/data/nvme_datasets/Pictures_CFSB_leaf_damage/2025_10_07_RSFB-Phenotyping_WG1_JLU/2025_10_07_RSFB-Phenotyping_WG1_JLU/20251007_154028.jpg,16.0,5.605151653289795,6.605337619781494,1.0001860857009888,9.394662857055664,10.394847869873047,rank_margin10,43,single_rater_weak
2025_10_07_RSFB-Phenotyping_WG1_JLU/2025_10_07_RSFB-Phenotyping_WG1_JLU/20251007_154035.jpg,plot_0ae42abd57e36c46221c,wg_insects_t1_bbch10,/home/nfs/data/nvme_datasets/Pictures_CFSB_leaf_damage/2025_10_07_RSFB-Phenotyping_WG1_JLU/2025_10_07_RSFB-Phenotyping_WG1_JLU/20251007_154035.jpg,7.0,2.6282906532287598,3.7276792526245117,1.0993884801864624,3.2723207473754883,4.37170934677124,rank_margin10,43,single_rater_weak
2025_10_07_RSFB-Phenotyping_WG1_JLU/2025_10_07_RSFB-Phenotyping_WG1_JLU/20251007_154052.jpg,plot_17be050207ebabc51732,wg_insects_t1_bbch10,/home/nfs/data/nvme_datasets/Pictures_CFSB_leaf_damage/2025_10_07_RSFB-Phenotyping_WG1_JLU/2025_10_07_RSFB-Phenotyping_WG1_JLU/20251007_154052.jpg,8.0,3.6675236225128174,3.7661750316619873,0.09865143150091171,4.233824729919434,4.332476615905762,rank_margin10,43,single_rater_weak
2025_10_07_RSFB-Phenotyping_WG1_JLU/2025_10_07_RSFB-Phenotyping_WG1_JLU/20251007_154057.jpg,plot_17be050207ebabc51732,wg_insects_t1_bbch10,/home/nfs/data/nvme_datasets/Pictures_CFSB_leaf_damage/2025_10_07_RSFB-Phenotyping_WG1_JLU/2025_10_07_RSFB-Phenotyping_WG1_JLU/20251007_154057.jpg,4.0,3.102511405944824,4.008057594299316,0.905546247959137,0.008057594299316406,0.8974885940551758,rank_margin10,43,single_rater_weak
2025_10_07_RSFB-Phenotyping_WG1_JLU/2025_10_07_RSFB-Phenotyping_WG1_JLU/20251007_154103.jpg,plot_17be050207ebabc51732,wg_insects_t1_bbch10,/home/nfs/data/nvme_datasets/Pictures_CFSB_leaf_damage/2025_10_07_RSFB-Phenotyping_WG1_JLU/2025_10_07_RSFB-Phenotyping_WG1_JLU/20251007_154103.jpg,11.0,3.8916051387786865,4.376326084136963,0.4847211241722107,6.623673915863037,7.108394622802734,rank_margin10,43,single_rater_weak
2025_10_07_RSFB-Phenotyping_WG1_JLU/2025_10_07_RSFB-Phenotyping_WG1_JLU/20251007_154121.jpg,plot_00616806e795c4926dac,wg_insects_t1_bbch10,/home/nfs/data/nvme_datasets/Pictures_CFSB_leaf_damage/2025_10_07_RSFB-Phenotyping_WG1_JLU/2025_10_07_RSFB-Phenotyping_WG1_JLU/20251007_154121.jpg,8.0,2.1435790061950684,2.842254638671875,0.6986755132675171,5.157745361328125,5.856420993804932,rank_margin10,43,single_rater_weak
2025_10_07_RSFB-Phenotyping_WG1_JLU/2025_10_07_RSFB-Phenotyping_WG1_JLU/20251007_154126.jpg,plot_00616806e795c4926dac,wg_insects_t1_bbch10,/home/nfs/data/nvme_datasets/Pictures_CFSB_leaf_damage/2025_10_07_RSFB-Phenotyping_WG1_JLU/2025_10_07_RSFB-Phenotyping_WG1_JLU/20251007_154126.jpg,9.0,2.4565248489379883,3.5793890953063965,1.1228643655776978,5.4206109046936035,6.543475151062012,rank_margin10,43,single_rater_weak
2025_10_07_RSFB-Phenotyping_WG1_JLU/2025_10_07_RSFB-Phenotyping_WG1_JLU/20251007_154130.jpg,plot_00616806e795c4926dac,wg_insects_t1_bbch10,/home/nfs/data/nvme_datasets/Pictures_CFSB_leaf_damage/2025_10_07_RSFB-Phenotyping_WG1_JLU/2025_10_07_RSFB-Phenotyping_WG1_JLU/20251007_154130.jpg,13.0,3.1821722984313965,3.897822141647339,0.7156498432159424,9.102177619934082,9.817827224731445,rank_margin10,43,single_rater_weak
2025_10_07_RSFB-Phenotyping_WG1_JLU/2025_10_07_RSFB-Phenotyping_WG1_JLU/20251007_154146.jpg,plot_712ccf79133e6a449732,wg_insects_t1_bbch10,/home/nfs/data/nvme_datasets/Pictures_CFSB_leaf_damage/2025_10_07_RSFB-Phenotyping_WG1_JLU/2025_10_07_RSFB-Phenotyping_WG1_JLU/20251007_154146.jpg,7.0,2.2381439208984375,2.744075298309326,0.5059312582015991,4.255924701690674,4.7618560791015625,rank_margin10,43,single_rater_weak
2025_10_07_RSFB-Phenotyping_WG1_JLU/2025_10_07_RSFB-Phenotyping_WG1_JLU/20251007_154153.jpg,plot_712ccf79133e6a449732,wg_insects_t1_bbch10,/home/nfs/data/nvme_datasets/Pictures_CFSB_leaf_damage/2025_10_07_RSFB-Phenotyping_WG1_JLU/2025_10_07_RSFB-Phenotyping_WG1_JLU/20251007_154153.jpg,8.0,1.6754851341247559,2.0125749111175537,0.33708977699279785,5.987424850463867,6.324514865875244,rank_margin10,43,single_rater_weak
2025_10_07_RSFB-Phenotyping_WG1_JLU/2025_10_07_RSFB-Phenotyping_WG1_JLU/20251007_154159.jpg,plot_712ccf79133e6a449732,wg_insects_t1_bbch10,/home/nfs/data/nvme_datasets/Pictures_CFSB_leaf_damage/2025_10_07_RSFB-Phenotyping_WG1_JLU/2025_10_07_RSFB-Phenotyping_WG1_JLU/20251007_154159.jpg,11.0,3.123018741607666,3.1280529499053955,0.005034229718148708,7.871947288513184,7.876981258392334,rank_margin10,43,single_rater_weak
2025_10_07_RSFB-Phenotyping_WG1_JLU/2025_10_07_RSFB-Phenotyping_WG1_JLU/20251007_154221.jpg,plot_367d991e5c388db77837,wg_insects_t1_bbch10,/home/nfs/data/nvme_datasets/Pictures_CFSB_leaf_damage/2025_10_07_RSFB-Phenotyping_WG1_JLU/2025_10_07_RSFB-Phenotyping_WG1_JLU/20251007_154221.jpg,9.0,3.0164132118225098,3.651958465576172,0.6355453729629517,5.348041534423828,5.98358678817749,rank_margin10,43,single_rater_weak
2025_10_07_RSFB-Phenotyping_WG1_JLU/2025_10_07_RSFB-Phenotyping_WG1_JLU/20251007_154227.jpg,plot_367d991e5c388db77837,wg_insects_t1_bbch10,/home/nfs/data/nvme_datasets/Pictures_CFSB_leaf_damage/2025_10_07_RSFB-Phenotyping_WG1_JLU/2025_10_07_RSFB-Phenotyping_WG1_JLU/20251007_154227.jpg,15.0,2.9962663650512695,3.511345148086548,0.5150788426399231,11.488655090332031,12.00373363494873,rank_margin10,43,single_rater_weak
2025_10_07_RSFB-Phenotyping_WG1_JLU/2025_10_07_RSFB-Phenotyping_WG1_JLU/20251007_154233.jpg,plot_367d991e5c388db77837,wg_insects_t1_bbch10,/home/nfs/data/nvme_datasets/Pictures_CFSB_leaf_damage/2025_10_07_RSFB-Phenotyping_WG1_JLU/2025_10_07_RSFB-Phenotyping_WG1_JLU/20251007_154233.jpg,4.0,3.1531553268432617,3.1150736808776855,-0.03808169066905975,0.8849263191223145,0.8468446731567383,rank_margin10,43,single_rater_weak
2025_10_07_RSFB-Phenotyping_WG1_JLU/2025_10_07_RSFB-Phenotyping_WG1_JLU/20251007_154249.jpg,plot_92d6e3a3e8d4422f3a87,wg_insects_t1_bbch10,/home/nfs/data/nvme_datasets/Pictures_CFSB_leaf_damage/2025_10_07_RSFB-Phenotyping_WG1_JLU/2025_10_07_RSFB-Phenotyping_WG1_JLU/20251007_154249.jpg,1.0,4.8203654289245605,6.531352996826172,1.7109873294830322,5.531352996826172,3.8203654289245605,rank_margin10,43,single_rater_weak
2025_10_07_RSFB-Phenotyping_WG1_JLU/2025_10_07_RSFB-Phenotyping_WG1_JLU/20251007_154254.jpg,plot_92d6e3a3e8d4422f3a87,wg_insects_t1_bbch10,/home/nfs/data/nvme_datasets/Pictures_CFSB_leaf_damage/2025_10_07_RSFB-Phenotyping_WG1_JLU/2025_10_07_RSFB-Phenotyping_WG1_JLU/20251007_154254.jpg,4.0,4.088726997375488,4.263418674468994,0.17469164729118347,0.26341867446899414,0.08872699737548828,rank_margin10,43,single_rater_weak
2025_10_07_RSFB-Phenotyping_WG1_JLU/2025_10_07_RSFB-Phenotyping_WG1_JLU/20251007_154259.jpg,plot_92d6e3a3e8d4422f3a87,wg_insects_t1_bbch10,/home/nfs/data/nvme_datasets/Pictures_CFSB_leaf_damage/2025_10_07_RSFB-Phenotyping_WG1_JLU/2025_10_07_RSFB-Phenotyping_WG1_JLU/20251007_154259.jpg,5.0,3.032540798187256,3.750742197036743,0.7182014584541321,1.2492578029632568,1.9674592018127441,rank_margin10,43,single_rater_weak
2025_10_07_RSFB-Phenotyping_WG1_JLU/2025_10_07_RSFB-Phenotyping_WG1_JLU/20251007_154316.jpg,plot_e055152a3eb1fb23ae7c,wg_insects_t1_bbch10,/home/nfs/data/nvme_datasets/Pictures_CFSB_leaf_damage/2025_10_07_RSFB-Phenotyping_WG1_JLU/2025_10_07_RSFB-Phenotyping_WG1_JLU/20251007_154316.jpg,3.0,3.2865467071533203,2.9374232292175293,-0.34912335872650146,0.0625767707824707,0.2865467071533203,rank_margin10,43,single_rater_weak
2025_10_07_RSFB-Phenotyping_WG1_JLU/2025_10_07_RSFB-Phenotyping_WG1_JLU/20251007_154321.jpg,plot_e055152a3eb1fb23ae7c,wg_insects_t1_bbch10,/home/nfs/data/nvme_datasets/Pictures_CFSB_leaf_damage/2025_10_07_RSFB-Phenotyping_WG1_JLU/2025_10_07_RSFB-Phenotyping_WG1_JLU/20251007_154321.jpg,3.0,3.1547679901123047,2.958320140838623,-0.19644789397716522,0.04167985916137695,0.1547679901123047,rank_margin10,43,single_rater_weak
2025_10_07_RSFB-Phenotyping_WG1_JLU/2025_10_07_RSFB-Phenotyping_WG1_JLU/20251007_154326.jpg,plot_e055152a3eb1fb23ae7c,wg_insects_t1_bbch10,/home/nfs/data/nvme_datasets/Pictures_CFSB_leaf_damage/2025_10_07_RSFB-Phenotyping_WG1_JLU/2025_10_07_RSFB-Phenotyping_WG1_JLU/20251007_154326.jpg,7.0,3.551927328109741,4.111109733581543,0.5591822266578674,2.888890266418457,3.448072671890259,rank_margin10,43,single_rater_weak
2025_10_07_RSFB-Phenotyping_WG1_JLU/2025_10_07_RSFB-Phenotyping_WG1_JLU/20251007_154343.jpg,plot_68d276b5791acd0e0848,wg_insects_t1_bbch10,/home/nfs/data/nvme_datasets/Pictures_CFSB_leaf_damage/2025_10_07_RSFB-Phenotyping_WG1_JLU/2025_10_07_RSFB-Phenotyping_WG1_JLU/20251007_154343.jpg,12.0,5.283470630645752,5.925184726715088,0.6417142748832703,6.074815273284912,6.716529369354248,rank_margin10,43,single_rater_weak
2025_10_07_RSFB-Phenotyping_WG1_JLU/2025_10_07_RSFB-Phenotyping_WG1_JLU/20251007_154348.jpg,plot_68d276b5791acd0e0848,wg_insects_t1_bbch10,/home/nfs/data/nvme_datasets/Pictures_CFSB_leaf_damage/2025_10_07_RSFB-Phenotyping_WG1_JLU/2025_10_07_RSFB-Phenotyping_WG1_JLU/20251007_154348.jpg,3.0,3.811810255050659,4.09281063079834,0.28100013732910156,1.0928106307983398,0.8118102550506592,rank_margin10,43,single_rater_weak
2025_10_07_RSFB-Phenotyping_WG1_JLU/2025_10_07_RSFB-Phenotyping_WG1_JLU/20251007_154355.jpg,plot_68d276b5791acd0e0848,wg_insects_t1_bbch10,/home/nfs/data/nvme_datasets/Pictures_CFSB_leaf_damage/2025_10_07_RSFB-Phenotyping_WG1_JLU/2025_10_07_RSFB-Phenotyping_WG1_JLU/20251007_154355.jpg,17.0,14.696212768554688,15.01661205291748,0.32039883732795715,1.9833879470825195,2.3037872314453125,rank_margin10,43,single_rater_weak
2025_10_07_RSFB-Phenotyping_WG1_JLU/2025_10_07_RSFB-Phenotyping_WG1_JLU/20251007_154411.jpg,plot_b2899f4cd19706a8e36f,wg_insects_t1_bbch10,/home/nfs/data/nvme_datasets/Pictures_CFSB_leaf_damage/2025_10_07_RSFB-Phenotyping_WG1_JLU/2025_10_07_RSFB-Phenotyping_WG1_JLU/20251007_154411.jpg,5.0,3.337380886077881,2.887718677520752,-0.44966208934783936,2.112281322479248,1.6626191139221191,rank_margin10,43,single_rater_weak
2025_10_07_RSFB-Phenotyping_WG1_JLU/2025_10_07_RSFB-Phenotyping_WG1_JLU/20251007_154419.jpg,plot_b2899f4cd19706a8e36f,wg_insects_t1_bbch10,/home/nfs/data/nvme_datasets/Pictures_CFSB_leaf_damage/2025_10_07_RSFB-Phenotyping_WG1_JLU/2025_10_07_RSFB-Phenotyping_WG1_JLU/20251007_154419.jpg,7.0,4.78533935546875,4.9781904220581055,0.19285109639167786,2.0218095779418945,2.21466064453125,rank_margin10,43,single_rater_weak
2025_10_07_RSFB-Phenotyping_WG1_JLU/2025_10_07_RSFB-Phenotyping_WG1_JLU/20251007_154425.jpg,plot_b2899f4cd19706a8e36f,wg_insects_t1_bbch10,/home/nfs/data/nvme_datasets/Pictures_CFSB_leaf_damage/2025_10_07_RSFB-Phenotyping_WG1_JLU/2025_10_07_RSFB-Phenotyping_WG1_JLU/20251007_154425.jpg,19.0,5.435991287231445,5.654088973999023,0.2180977463722229,13.345911026000977,13.564008712768555,rank_margin10,43,single_rater_weak
2025_10_07_RSFB-Phenotyping_WG1_JLU/2025_10_07_RSFB-Phenotyping_WG1_JLU/20251007_154441.jpg,plot_8e7bddd72f5819e6bfbd,wg_insects_t1_bbch10,/home/nfs/data/nvme_datasets/Pictures_CFSB_leaf_damage/2025_10_07_RSFB-Phenotyping_WG1_JLU/2025_10_07_RSFB-Phenotyping_WG1_JLU/20251007_154441.jpg,4.0,3.703220844268799,3.525749921798706,-0.17747081816196442,0.47425007820129395,0.29677915573120117,rank_margin10,43,single_rater_weak
2025_10_07_RSFB-Phenotyping_WG1_JLU/2025_10_07_RSFB-Phenotyping_WG1_JLU/20251007_154447.jpg,plot_8e7bddd72f5819e6bfbd,wg_insects_t1_bbch10,/home/nfs/data/nvme_datasets/Pictures_CFSB_leaf_damage/2025_10_07_RSFB-Phenotyping_WG1_JLU/2025_10_07_RSFB-Phenotyping_WG1_JLU/20251007_154447.jpg,3.0,3.667447805404663,3.6137211322784424,-0.053726598620414734,0.6137211322784424,0.6674478054046631,rank_margin10,43,single_rater_weak
2025_10_07_RSFB-Phenotyping_WG1_JLU/2025_10_07_RSFB-Phenotyping_WG1_JLU/20251007_154452.jpg,plot_8e7bddd72f5819e6bfbd,wg_insects_t1_bbch10,/home/nfs/data/nvme_datasets/Pictures_CFSB_leaf_damage/2025_10_07_RSFB-Phenotyping_WG1_JLU/2025_10_07_RSFB-Phenotyping_WG1_JLU/20251007_154452.jpg,22.0,8.206913948059082,8.206052780151367,-0.0008612638339400291,13.793947219848633,13.793086051940918,rank_margin10,43,single_rater_weak
2025_10_07_RSFB-Phenotyping_WG1_JLU/2025_10_07_RSFB-Phenotyping_WG1_JLU/20251007_154510.jpg,plot_762e5eaff9e54eb0c31b,wg_insects_t1_bbch10,/home/nfs/data/nvme_datasets/Pictures_CFSB_leaf_damage/2025_10_07_RSFB-Phenotyping_WG1_JLU/2025_10_07_RSFB-Phenotyping_WG1_JLU/20251007_154510.jpg,28.0,5.9890456199646,6.927829265594482,0.9387836456298828,21.07217025756836,22.010953903198242,rank_margin10,43,single_rater_weak
2025_10_07_RSFB-Phenotyping_WG1_JLU/2025_10_07_RSFB-Phenotyping_WG1_JLU/20251007_154516.jpg,plot_762e5eaff9e54eb0c31b,wg_insects_t1_bbch10,/home/nfs/data/nvme_datasets/Pictures_CFSB_leaf_damage/2025_10_07_RSFB-Phenotyping_WG1_JLU/2025_10_07_RSFB-Phenotyping_WG1_JLU/20251007_154516.jpg,17.0,3.083113193511963,3.8359806537628174,0.7528674006462097,13.164019584655762,13.916887283325195,rank_margin10,43,single_rater_weak
2025_10_07_RSFB-Phenotyping_WG1_JLU/2025_10_07_RSFB-Phenotyping_WG1_JLU/20251007_154522.jpg,plot_762e5eaff9e54eb0c31b,wg_insects_t1_bbch10,/home/nfs/data/nvme_datasets/Pictures_CFSB_leaf_damage/2025_10_07_RSFB-Phenotyping_WG1_JLU/2025_10_07_RSFB-Phenotyping_WG1_JLU/20251007_154522.jpg,8.0,7.386135101318359,7.770105838775635,0.3839706778526306,0.22989416122436523,0.6138648986816406,rank_margin10,43,single_rater_weak
2025_10_07_RSFB-Phenotyping_WG1_JLU/2025_10_07_RSFB-Phenotyping_WG1_JLU/20251007_154539.jpg,plot_8ce0028acd070e45bd69,wg_insects_t1_bbch10,/home/nfs/data/nvme_datasets/Pictures_CFSB_leaf_damage/2025_10_07_RSFB-Phenotyping_WG1_JLU/2025_10_07_RSFB-Phenotyping_WG1_JLU/20251007_154539.jpg,4.0,2.7614049911499023,3.2337634563446045,0.47235846519470215,0.7662365436553955,1.2385950088500977,rank_margin10,43,single_rater_weak
2025_10_07_RSFB-Phenotyping_WG1_JLU/2025_10_07_RSFB-Phenotyping_WG1_JLU/20251007_154544.jpg,plot_8ce0028acd070e45bd69,wg_insects_t1_bbch10,/home/nfs/data/nvme_datasets/Pictures_CFSB_leaf_damage/2025_10_07_RSFB-Phenotyping_WG1_JLU/2025_10_07_RSFB-Phenotyping_WG1_JLU/20251007_154544.jpg,10.0,7.888331890106201,8.63791561126709,0.749583899974823,1.3620843887329102,2.111668109893799,rank_margin10,43,single_rater_weak
2025_10_07_RSFB-Phenotyping_WG1_JLU/2025_10_07_RSFB-Phenotyping_WG1_JLU/20251007_154553.jpg,plot_8ce0028acd070e45bd69,wg_insects_t1_bbch10,/home/nfs/data/nvme_datasets/Pictures_CFSB_leaf_damage/2025_10_07_RSFB-Phenotyping_WG1_JLU/2025_10_07_RSFB-Phenotyping_WG1_JLU/20251007_154553.jpg,30.0,8.780308723449707,8.831093788146973,0.050784602761268616,21.168907165527344,21.21969223022461,rank_margin10,43,single_rater_weak
2025_10_07_RSFB-Phenotyping_WG1_JLU/2025_10_07_RSFB-Phenotyping_WG1_JLU/20251007_154610.jpg,plot_0cee1028a7bb97e81cda,wg_insects_t1_bbch10,/home/nfs/data/nvme_datasets/Pictures_CFSB_leaf_damage/2025_10_07_RSFB-Phenotyping_WG1_JLU/2025_10_07_RSFB-Phenotyping_WG1_JLU/20251007_154610.jpg,3.0,4.735837936401367,5.472659111022949,0.7368212938308716,2.472659111022949,1.7358379364013672,rank_margin10,43,single_rater_weak
2025_10_07_RSFB-Phenotyping_WG1_JLU/2025_10_07_RSFB-Phenotyping_WG1_JLU/20251007_154614.jpg,plot_0cee1028a7bb97e81cda,wg_insects_t1_bbch10,/home/nfs/data/nvme_datasets/Pictures_CFSB_leaf_damage/2025_10_07_RSFB-Phenotyping_WG1_JLU/2025_10_07_RSFB-Phenotyping_WG1_JLU/20251007_154614.jpg,18.0,3.890334129333496,4.522837162017822,0.6325030326843262,13.477163314819336,14.109665870666504,rank_margin10,43,single_rater_weak
2025_10_07_RSFB-Phenotyping_WG1_JLU/2025_10_07_RSFB-Phenotyping_WG1_JLU/20251007_154620.jpg,plot_0cee1028a7bb97e81cda,wg_insects_t1_bbch10,/home/nfs/data/nvme_datasets/Pictures_CFSB_leaf_damage/2025_10_07_RSFB-Phenotyping_WG1_JLU/2025_10_07_RSFB-Phenotyping_WG1_JLU/20251007_154620.jpg,27.0,3.9542765617370605,4.567147731781006,0.6128712892532349,22.432851791381836,23.04572296142578,rank_margin10,43,single_rater_weak
2025_10_07_RSFB-Phenotyping_WG1_JLU/2025_10_07_RSFB-Phenotyping_WG1_JLU/20251007_154638.jpg,plot_b18e82c06eea92ccde98,wg_insects_t1_bbch10,/home/nfs/data/nvme_datasets/Pictures_CFSB_leaf_damage/2025_10_07_RSFB-Phenotyping_WG1_JLU/2025_10_07_RSFB-Phenotyping_WG1_JLU/20251007_154638.jpg,5.0,3.2401585578918457,3.176553726196289,-0.0636049285531044,1.823446273803711,1.7598414421081543,rank_margin10,43,single_rater_weak
2025_10_07_RSFB-Phenotyping_WG1_JLU/2025_10_07_RSFB-Phenotyping_WG1_JLU/20251007_154643.jpg,plot_b18e82c06eea92ccde98,wg_insects_t1_bbch10,/home/nfs/data/nvme_datasets/Pictures_CFSB_leaf_damage/2025_10_07_RSFB-Phenotyping_WG1_JLU/2025_10_07_RSFB-Phenotyping_WG1_JLU/20251007_154643.jpg,10.0,9.8367919921875,10.490384101867676,0.6535924077033997,0.4903841018676758,0.1632080078125,rank_margin10,43,single_rater_weak
2025_10_07_RSFB-Phenotyping_WG1_JLU/2025_10_07_RSFB-Phenotyping_WG1_JLU/20251007_154649.jpg,plot_b18e82c06eea92ccde98,wg_insects_t1_bbch10,/home/nfs/data/nvme_datasets/Pictures_CFSB_leaf_damage/2025_10_07_RSFB-Phenotyping_WG1_JLU/2025_10_07_RSFB-Phenotyping_WG1_JLU/20251007_154649.jpg,30.0,13.529685974121094,14.672652244567871,1.1429662704467773,15.327347755432129,16.470314025878906,rank_margin10,43,single_rater_weak
2025_10_07_RSFB-Phenotyping_WG1_JLU/2025_10_07_RSFB-Phenotyping_WG1_JLU/20251007_154709.jpg,plot_bbf0f1e0cf8f3bba20c3,wg_insects_t1_bbch10,/home/nfs/data/nvme_datasets/Pictures_CFSB_leaf_damage/2025_10_07_RSFB-Phenotyping_WG1_JLU/2025_10_07_RSFB-Phenotyping_WG1_JLU/20251007_154709.jpg,4.0,0.8159232139587402,1.8070902824401855,0.9911671280860901,2.1929097175598145,3.1840767860412598,rank_margin10,43,single_rater_weak
2025_10_07_RSFB-Phenotyping_WG1_JLU/2025_10_07_RSFB-Phenotyping_WG1_JLU/20251007_154714.jpg,plot_bbf0f1e0cf8f3bba20c3,wg_insects_t1_bbch10,/home/nfs/data/nvme_datasets/Pictures_CFSB_leaf_damage/2025_10_07_RSFB-Phenotyping_WG1_JLU/2025_10_07_RSFB-Phenotyping_WG1_JLU/20251007_154714.jpg,8.0,4.045732021331787,4.065886497497559,0.020154517143964767,3.9341135025024414,3.954267978668213,rank_margin10,43,single_rater_weak
2025_10_07_RSFB-Phenotyping_WG1_JLU/2025_10_07_RSFB-Phenotyping_WG1_JLU/20251007_154720.jpg,plot_bbf0f1e0cf8f3bba20c3,wg_insects_t1_bbch10,/home/nfs/data/nvme_datasets/Pictures_CFSB_leaf_damage/2025_10_07_RSFB-Phenotyping_WG1_JLU/2025_10_07_RSFB-Phenotyping_WG1_JLU/20251007_154720.jpg,15.0,5.7551493644714355,6.317999839782715,0.562850296497345,8.682000160217285,9.244850158691406,rank_margin10,43,single_rater_weak
2025_10_07_RSFB-Phenotyping_WG1_JLU/2025_10_07_RSFB-Phenotyping_WG1_JLU/20251007_154737.jpg,plot_fb3b769f0300c33e5aca,wg_insects_t1_bbch10,/home/nfs/data/nvme_datasets/Pictures_CFSB_leaf_damage/2025_10_07_RSFB-Phenotyping_WG1_JLU/2025_10_07_RSFB-Phenotyping_WG1_JLU/20251007_154737.jpg,7.0,5.499684810638428,7.385523319244385,1.885838508605957,0.38552331924438477,1.5003151893615723,rank_margin10,43,single_rater_weak
2025_10_07_RSFB-Phenotyping_WG1_JLU/2025_10_07_RSFB-Phenotyping_WG1_JLU/20251007_154742.jpg,plot_fb3b769f0300c33e5aca,wg_insects_t1_bbch10,/home/nfs/data/nvme_datasets/Pictures_CFSB_leaf_damage/2025_10_07_RSFB-Phenotyping_WG1_JLU/2025_10_07_RSFB-Phenotyping_WG1_JLU/20251007_154742.jpg,7.0,5.911993503570557,6.459802150726318,0.547808825969696,0.5401978492736816,1.0880064964294434,rank_margin10,43,single_rater_weak
2025_10_07_RSFB-Phenotyping_WG1_JLU/2025_10_07_RSFB-Phenotyping_WG1_JLU/20251007_154747.jpg,plot_fb3b769f0300c33e5aca,wg_insects_t1_bbch10,/home/nfs/data/nvme_datasets/Pictures_CFSB_leaf_damage/2025_10_07_RSFB-Phenotyping_WG1_JLU/2025_10_07_RSFB-Phenotyping_WG1_JLU/20251007_154747.jpg,3.0,5.099639892578125,6.078821182250977,0.9791812896728516,3.0788211822509766,2.099639892578125,rank_margin10,43,single_rater_weak
2025_10_07_RSFB-Phenotyping_WG1_JLU/2025_10_07_RSFB-Phenotyping_WG1_JLU/20251007_154805.jpg,plot_02cfa6891f01f3d5231b,wg_insects_t1_bbch10,/home/nfs/data/nvme_datasets/Pictures_CFSB_leaf_damage/2025_10_07_RSFB-Phenotyping_WG1_JLU/2025_10_07_RSFB-Phenotyping_WG1_JLU/20251007_154805.jpg,21.0,4.334228992462158,5.376482963562012,1.0422537326812744,15.623517036437988,16.665771484375,rank_margin10,43,single_rater_weak
2025_10_07_RSFB-Phenotyping_WG1_JLU/2025_10_07_RSFB-Phenotyping_WG1_JLU/20251007_154810.jpg,plot_02cfa6891f01f3d5231b,wg_insects_t1_bbch10,/home/nfs/data/nvme_datasets/Pictures_CFSB_leaf_damage/2025_10_07_RSFB-Phenotyping_WG1_JLU/2025_10_07_RSFB-Phenotyping_WG1_JLU/20251007_154810.jpg,5.0,5.16230583190918,5.768919467926025,0.6066135168075562,0.7689194679260254,0.1623058319091797,rank_margin10,43,single_rater_weak
2025_10_07_RSFB-Phenotyping_WG1_JLU/2025_10_07_RSFB-Phenotyping_WG1_JLU/20251007_154814.jpg,plot_02cfa6891f01f3d5231b,wg_insects_t1_bbch10,/home/nfs/data/nvme_datasets/Pictures_CFSB_leaf_damage/2025_10_07_RSFB-Phenotyping_WG1_JLU/2025_10_07_RSFB-Phenotyping_WG1_JLU/20251007_154814.jpg,8.0,6.819064140319824,7.511851787567139,0.6927877068519592,0.48814821243286133,1.1809358596801758,rank_margin10,43,single_rater_weak
2025_10_07_RSFB-Phenotyping_WG1_JLU/2025_10_07_RSFB-Phenotyping_WG1_JLU/20251007_154833.jpg,plot_2b1aa70660abe9827eb1,wg_insects_t1_bbch10,/home/nfs/data/nvme_datasets/Pictures_CFSB_leaf_damage/2025_10_07_RSFB-Phenotyping_WG1_JLU/2025_10_07_RSFB-Phenotyping_WG1_JLU/20251007_154833.jpg,6.0,6.6292405128479,7.405004978179932,0.7757643461227417,1.4050049781799316,0.6292405128479004,rank_margin10,43,single_rater_weak
2025_10_07_RSFB-Phenotyping_WG1_JLU/2025_10_07_RSFB-Phenotyping_WG1_JLU/20251007_154837.jpg,plot_2b1aa70660abe9827eb1,wg_insects_t1_bbch10,/home/nfs/data/nvme_datasets/Pictures_CFSB_leaf_damage/2025_10_07_RSFB-Phenotyping_WG1_JLU/2025_10_07_RSFB-Phenotyping_WG1_JLU/20251007_154837.jpg,8.0,7.675398349761963,7.963683605194092,0.2882852852344513,0.0363163948059082,0.3246016502380371,rank_margin10,43,single_rater_weak
2025_10_07_RSFB-Phenotyping_WG1_JLU/2025_10_07_RSFB-Phenotyping_WG1_JLU/20251007_154842.jpg,plot_2b1aa70660abe9827eb1,wg_insects_t1_bbch10,/home/nfs/data/nvme_datasets/Pictures_CFSB_leaf_damage/2025_10_07_RSFB-Phenotyping_WG1_JLU/2025_10_07_RSFB-Phenotyping_WG1_JLU/20251007_154842.jpg,4.0,4.466029167175293,5.157520771026611,0.6914917230606079,1.1575207710266113,0.46602916717529297,rank_margin10,43,single_rater_weak
2025_10_07_RSFB-Phenotyping_WG1_JLU/2025_10_07_RSFB-Phenotyping_WG1_JLU/20251007_154859.jpg,plot_e12754ee189808186c04,wg_insects_t1_bbch10,/home/nfs/data/nvme_datasets/Pictures_CFSB_leaf_damage/2025_10_07_RSFB-Phenotyping_WG1_JLU/2025_10_07_RSFB-Phenotyping_WG1_JLU/20251007_154859.jpg,3.0,2.751718521118164,3.440596342086792,0.6888777613639832,0.440596342086792,0.24828147888183594,rank_margin10,43,single_rater_weak
2025_10_07_RSFB-Phenotyping_WG1_JLU/2025_10_07_RSFB-Phenotyping_WG1_JLU/20251007_154903.jpg,plot_e12754ee189808186c04,wg_insects_t1_bbch10,/home/nfs/data/nvme_datasets/Pictures_CFSB_leaf_damage/2025_10_07_RSFB-Phenotyping_WG1_JLU/2025_10_07_RSFB-Phenotyping_WG1_JLU/20251007_154903.jpg,2.0,3.0341262817382812,3.2975664138793945,0.2634400427341461,1.2975664138793945,1.0341262817382812,rank_margin10,43,single_rater_weak
2025_10_07_RSFB-Phenotyping_WG1_JLU/2025_10_07_RSFB-Phenotyping_WG1_JLU/20251007_154908.jpg,plot_e12754ee189808186c04,wg_insects_t1_bbch10,/home/nfs/data/nvme_datasets/Pictures_CFSB_leaf_damage/2025_10_07_RSFB-Phenotyping_WG1_JLU/2025_10_07_RSFB-Phenotyping_WG1_JLU/20251007_154908.jpg,6.0,8.942708015441895,9.969391822814941,1.0266835689544678,3.9693918228149414,2.9427080154418945,rank_margin10,43,single_rater_weak
2025_10_07_RSFB-Phenotyping_WG1_JLU/2025_10_07_RSFB-Phenotyping_WG1_JLU/20251007_154926.jpg,plot_e91d97ecd146606e2c8d,wg_insects_t1_bbch10,/home/nfs/data/nvme_datasets/Pictures_CFSB_leaf_damage/2025_10_07_RSFB-Phenotyping_WG1_JLU/2025_10_07_RSFB-Phenotyping_WG1_JLU/20251007_154926.jpg,2.0,3.419471263885498,3.552973508834839,0.13350215554237366,1.5529735088348389,1.419471263885498,rank_margin10,43,single_rater_weak
2025_10_07_RSFB-Phenotyping_WG1_JLU/2025_10_07_RSFB-Phenotyping_WG1_JLU/20251007_154932.jpg,plot_e91d97ecd146606e2c8d,wg_insects_t1_bbch10,/home/nfs/data/nvme_datasets/Pictures_CFSB_leaf_damage/2025_10_07_RSFB-Phenotyping_WG1_JLU/2025_10_07_RSFB-Phenotyping_WG1_JLU/20251007_154932.jpg,3.0,4.723981857299805,5.5458574295043945,0.8218756914138794,2.5458574295043945,1.7239818572998047,rank_margin10,43,single_rater_weak
2025_10_07_RSFB-Phenotyping_WG1_JLU/2025_10_07_RSFB-Phenotyping_WG1_JLU/20251007_154939.jpg,plot_e91d97ecd146606e2c8d,wg_insects_t1_bbch10,/home/nfs/data/nvme_datasets/Pictures_CFSB_leaf_damage/2025_10_07_RSFB-Phenotyping_WG1_JLU/2025_10_07_RSFB-Phenotyping_WG1_JLU/20251007_154939.jpg,9.0,4.18705940246582,5.008948802947998,0.8218895196914673,3.991051197052002,4.81294059753418,rank_margin10,43,single_rater_weak
2025_10_07_RSFB-Phenotyping_WG1_JLU/2025_10_07_RSFB-Phenotyping_WG1_JLU/20251007_154956.jpg,plot_71bf9937ab72933ae979,wg_insects_t1_bbch10,/home/nfs/data/nvme_datasets/Pictures_CFSB_leaf_damage/2025_10_07_RSFB-Phenotyping_WG1_JLU/2025_10_07_RSFB-Phenotyping_WG1_JLU/20251007_154956.jpg,2.0,2.7157182693481445,3.4128787517547607,0.6971604824066162,1.4128787517547607,0.7157182693481445,rank_margin10,43,single_rater_weak
2025_10_07_RSFB-Phenotyping_WG1_JLU/2025_10_07_RSFB-Phenotyping_WG1_JLU/20251007_155002.jpg,plot_71bf9937ab72933ae979,wg_insects_t1_bbch10,/home/nfs/data/nvme_datasets/Pictures_CFSB_leaf_damage/2025_10_07_RSFB-Phenotyping_WG1_JLU/2025_10_07_RSFB-Phenotyping_WG1_JLU/20251007_155002.jpg,2.0,3.916184663772583,4.644694805145264,0.7285102605819702,2.6446948051452637,1.916184663772583,rank_margin10,43,single_rater_weak
2025_10_07_RSFB-Phenotyping_WG1_JLU/2025_10_07_RSFB-Phenotyping_WG1_JLU/20251007_155011.jpg,plot_71bf9937ab72933ae979,wg_insects_t1_bbch10,/home/nfs/data/nvme_datasets/Pictures_CFSB_leaf_damage/2025_10_07_RSFB-Phenotyping_WG1_JLU/2025_10_07_RSFB-Phenotyping_WG1_JLU/20251007_155011.jpg,20.0,3.713542938232422,4.3280439376831055,0.6145011186599731,15.671956062316895,16.286457061767578,rank_margin10,43,single_rater_weak
2025_10_07_RSFB-Phenotyping_WG1_JLU/2025_10_07_RSFB-Phenotyping_WG1_JLU/20251007_155028.jpg,plot_9beca7e121428acae667,wg_insects_t1_bbch10,/home/nfs/data/nvme_datasets/Pictures_CFSB_leaf_damage/2025_10_07_RSFB-Phenotyping_WG1_JLU/2025_10_07_RSFB-Phenotyping_WG1_JLU/20251007_155028.jpg,3.0,4.3129730224609375,5.126821994781494,0.8138490915298462,2.126821994781494,1.3129730224609375,rank_margin10,43,single_rater_weak
2025_10_07_RSFB-Phenotyping_WG1_JLU/2025_10_07_RSFB-Phenotyping_WG1_JLU/20251007_155034.jpg,plot_9beca7e121428acae667,wg_insects_t1_bbch10,/home/nfs/data/nvme_datasets/Pictures_CFSB_leaf_damage/2025_10_07_RSFB-Phenotyping_WG1_JLU/2025_10_07_RSFB-Phenotyping_WG1_JLU/20251007_155034.jpg,5.0,1.7322564125061035,2.491349697113037,0.7590932250022888,2.508650302886963,3.2677435874938965,rank_margin10,43,single_rater_weak
2025_10_07_RSFB-Phenotyping_WG1_JLU/2025_10_07_RSFB-Phenotyping_WG1_JLU/20251007_155039.jpg,plot_9beca7e121428acae667,wg_insects_t1_bbch10,/home/nfs/data/nvme_datasets/Pictures_CFSB_leaf_damage/2025_10_07_RSFB-Phenotyping_WG1_JLU/2025_10_07_RSFB-Phenotyping_WG1_JLU/20251007_155039.jpg,1.0,2.146444320678711,2.034393072128296,-0.11205113679170609,1.034393072128296,1.146444320678711,rank_margin10,43,single_rater_weak
2025_10_07_RSFB-Phenotyping_WG1_JLU/2025_10_07_RSFB-Phenotyping_WG1_JLU/20251007_155055.jpg,plot_727f5b9ef2736b508feb,wg_insects_t1_bbch10,/home/nfs/data/nvme_datasets/Pictures_CFSB_leaf_damage/2025_10_07_RSFB-Phenotyping_WG1_JLU/2025_10_07_RSFB-Phenotyping_WG1_JLU/20251007_155055.jpg,2.0,2.5525717735290527,2.432671070098877,-0.11990077048540115,0.43267107009887695,0.5525717735290527,rank_margin10,43,single_rater_weak
2025_10_07_RSFB-Phenotyping_WG1_JLU/2025_10_07_RSFB-Phenotyping_WG1_JLU/20251007_155100.jpg,plot_727f5b9ef2736b508feb,wg_insects_t1_bbch10,/home/nfs/data/nvme_datasets/Pictures_CFSB_leaf_damage/2025_10_07_RSFB-Phenotyping_WG1_JLU/2025_10_07_RSFB-Phenotyping_WG1_JLU/20251007_155100.jpg,2.0,2.3010215759277344,2.0557453632354736,-0.2452763170003891,0.05574536323547363,0.3010215759277344,rank_margin10,43,single_rater_weak
2025_10_07_RSFB-Phenotyping_WG1_JLU/2025_10_07_RSFB-Phenotyping_WG1_JLU/20251007_155107.jpg,plot_727f5b9ef2736b508feb,wg_insects_t1_bbch10,/home/nfs/data/nvme_datasets/Pictures_CFSB_leaf_damage/2025_10_07_RSFB-Phenotyping_WG1_JLU/2025_10_07_RSFB-Phenotyping_WG1_JLU/20251007_155107.jpg,3.0,3.2695250511169434,3.615777015686035,0.3462519943714142,0.6157770156860352,0.26952505111694336,rank_margin10,43,single_rater_weak
2025_10_07_RSFB-Phenotyping_WG1_JLU/2025_10_07_RSFB-Phenotyping_WG1_JLU/20251007_155124.jpg,plot_d5e7bd3b6010fe66d4f4,wg_insects_t1_bbch10,/home/nfs/data/nvme_datasets/Pictures_CFSB_leaf_damage/2025_10_07_RSFB-Phenotyping_WG1_JLU/2025_10_07_RSFB-Phenotyping_WG1_JLU/20251007_155124.jpg,2.0,4.5519914627075195,4.992968559265137,0.4409770667552948,2.9929685592651367,2.5519914627075195,rank_margin10,43,single_rater_weak
2025_10_07_RSFB-Phenotyping_WG1_JLU/2025_10_07_RSFB-Phenotyping_WG1_JLU/20251007_155128.jpg,plot_d5e7bd3b6010fe66d4f4,wg_insects_t1_bbch10,/home/nfs/data/nvme_datasets/Pictures_CFSB_leaf_damage/2025_10_07_RSFB-Phenotyping_WG1_JLU/2025_10_07_RSFB-Phenotyping_WG1_JLU/20251007_155128.jpg,2.0,3.0078177452087402,3.396326780319214,0.388509064912796,1.3963267803192139,1.0078177452087402,rank_margin10,43,single_rater_weak
2025_10_07_RSFB-Phenotyping_WG1_JLU/2025_10_07_RSFB-Phenotyping_WG1_JLU/20251007_155135.jpg,plot_d5e7bd3b6010fe66d4f4,wg_insects_t1_bbch10,/home/nfs/data/nvme_datasets/Pictures_CFSB_leaf_damage/2025_10_07_RSFB-Phenotyping_WG1_JLU/2025_10_07_RSFB-Phenotyping_WG1_JLU/20251007_155135.jpg,4.0,2.8668370246887207,2.8964943885803223,0.029657289385795593,1.1035056114196777,1.1331629753112793,rank_margin10,43,single_rater_weak
2025_10_07_RSFB-Phenotyping_WG1_JLU/2025_10_07_RSFB-Phenotyping_WG1_JLU/20251007_155152.jpg,plot_7ce66ab9cf520dcc270b,wg_insects_t1_bbch10,/home/nfs/data/nvme_datasets/Pictures_CFSB_leaf_damage/2025_10_07_RSFB-Phenotyping_WG1_JLU/2025_10_07_RSFB-Phenotyping_WG1_JLU/20251007_155152.jpg,18.0,5.166679382324219,5.718282699584961,0.5516035556793213,12.281717300415039,12.833320617675781,rank_margin10,43,single_rater_weak
2025_10_07_RSFB-Phenotyping_WG1_JLU/2025_10_07_RSFB-Phenotyping_WG1_JLU/20251007_155157.jpg,plot_7ce66ab9cf520dcc270b,wg_insects_t1_bbch10,/home/nfs/data/nvme_datasets/Pictures_CFSB_leaf_damage/2025_10_07_RSFB-Phenotyping_WG1_JLU/2025_10_07_RSFB-Phenotyping_WG1_JLU/20251007_155157.jpg,3.0,3.306467056274414,3.424694538116455,0.1182275339961052,0.4246945381164551,0.30646705627441406,rank_margin10,43,single_rater_weak
2025_10_07_RSFB-Phenotyping_WG1_JLU/2025_10_07_RSFB-Phenotyping_WG1_JLU/20251007_155202.jpg,plot_7ce66ab9cf520dcc270b,wg_insects_t1_bbch10,/home/nfs/data/nvme_datasets/Pictures_CFSB_leaf_damage/2025_10_07_RSFB-Phenotyping_WG1_JLU/2025_10_07_RSFB-Phenotyping_WG1_JLU/20251007_155202.jpg,7.0,6.024155616760254,6.71966552734375,0.6955097913742065,0.28033447265625,0.9758443832397461,rank_margin10,43,single_rater_weak
2025_10_07_RSFB-Phenotyping_WG1_JLU/2025_10_07_RSFB-Phenotyping_WG1_JLU/20251007_155219.jpg,plot_521a71ee2de32f95c943,wg_insects_t1_bbch10,/home/nfs/data/nvme_datasets/Pictures_CFSB_leaf_damage/2025_10_07_RSFB-Phenotyping_WG1_JLU/2025_10_07_RSFB-Phenotyping_WG1_JLU/20251007_155219.jpg,4.0,3.664552688598633,4.662508010864258,0.9979551434516907,0.6625080108642578,0.3354473114013672,rank_margin10,43,single_rater_weak
2025_10_07_RSFB-Phenotyping_WG1_JLU/2025_10_07_RSFB-Phenotyping_WG1_JLU/20251007_155225.jpg,plot_521a71ee2de32f95c943,wg_insects_t1_bbch10,/home/nfs/data/nvme_datasets/Pictures_CFSB_leaf_damage/2025_10_07_RSFB-Phenotyping_WG1_JLU/2025_10_07_RSFB-Phenotyping_WG1_JLU/20251007_155225.jpg,3.0,2.5605597496032715,2.481527328491211,-0.07903239876031876,0.5184726715087891,0.4394402503967285,rank_margin10,43,single_rater_weak
2025_10_07_RSFB-Phenotyping_WG1_JLU/2025_10_07_RSFB-Phenotyping_WG1_JLU/20251007_155232.jpg,plot_521a71ee2de32f95c943,wg_insects_t1_bbch10,/home/nfs/data/nvme_datasets/Pictures_CFSB_leaf_damage/2025_10_07_RSFB-Phenotyping_WG1_JLU/2025_10_07_RSFB-Phenotyping_WG1_JLU/20251007_155232.jpg,1.0,2.763923168182373,2.960130453109741,0.1962072253227234,1.9601304531097412,1.763923168182373,rank_margin10,43,single_rater_weak
2025_10_07_RSFB-Phenotyping_WG1_JLU/2025_10_07_RSFB-Phenotyping_WG1_JLU/20251007_155252.jpg,plot_e9e78f54471dbaf45e8f,wg_insects_t1_bbch10,/home/nfs/data/nvme_datasets/Pictures_CFSB_leaf_damage/2025_10_07_RSFB-Phenotyping_WG1_JLU/2025_10_07_RSFB-Phenotyping_WG1_JLU/20251007_155252.jpg,3.0,2.4341955184936523,3.076056957244873,0.6418614983558655,0.07605695724487305,0.5658044815063477,rank_margin10,43,single_rater_weak
2025_10_07_RSFB-Phenotyping_WG1_JLU/2025_10_07_RSFB-Phenotyping_WG1_JLU/20251007_155256.jpg,plot_e9e78f54471dbaf45e8f,wg_insects_t1_bbch10,/home/nfs/data/nvme_datasets/Pictures_CFSB_leaf_damage/2025_10_07_RSFB-Phenotyping_WG1_JLU/2025_10_07_RSFB-Phenotyping_WG1_JLU/20251007_155256.jpg,2.0,3.892047643661499,3.9756994247436523,0.08365185558795929,1.9756994247436523,1.892047643661499,rank_margin10,43,single_rater_weak
2025_10_07_RSFB-Phenotyping_WG1_JLU/2025_10_07_RSFB-Phenotyping_WG1_JLU/20251007_155301.jpg,plot_e9e78f54471dbaf45e8f,wg_insects_t1_bbch10,/home/nfs/data/nvme_datasets/Pictures_CFSB_leaf_damage/2025_10_07_RSFB-Phenotyping_WG1_JLU/2025_10_07_RSFB-Phenotyping_WG1_JLU/20251007_155301.jpg,2.0,3.2398715019226074,3.365123987197876,0.12525257468223572,1.365123987197876,1.2398715019226074,rank_margin10,43,single_rater_weak
2025_10_07_RSFB-Phenotyping_WG1_JLU/2025_10_07_RSFB-Phenotyping_WG1_JLU/20251007_155319.jpg,plot_c8ac9d350e25eb7d247e,wg_insects_t1_bbch10,/home/nfs/data/nvme_datasets/Pictures_CFSB_leaf_damage/2025_10_07_RSFB-Phenotyping_WG1_JLU/2025_10_07_RSFB-Phenotyping_WG1_JLU/20251007_155319.jpg,3.0,4.985078811645508,4.752234935760498,-0.23284375667572021,1.752234935760498,1.9850788116455078,rank_margin10,43,single_rater_weak
2025_10_07_RSFB-Phenotyping_WG1_JLU/2025_10_07_RSFB-Phenotyping_WG1_JLU/20251007_155325.jpg,plot_c8ac9d350e25eb7d247e,wg_insects_t1_bbch10,/home/nfs/data/nvme_datasets/Pictures_CFSB_leaf_damage/2025_10_07_RSFB-Phenotyping_WG1_JLU/2025_10_07_RSFB-Phenotyping_WG1_JLU/20251007_155325.jpg,1.0,2.606572151184082,3.296407461166382,0.6898353099822998,2.296407461166382,1.606572151184082,rank_margin10,43,single_rater_weak
2025_10_07_RSFB-Phenotyping_WG1_JLU/2025_10_07_RSFB-Phenotyping_WG1_JLU/20251007_155330.jpg,plot_c8ac9d350e25eb7d247e,wg_insects_t1_bbch10,/home/nfs/data/nvme_datasets/Pictures_CFSB_leaf_damage/2025_10_07_RSFB-Phenotyping_WG1_JLU/2025_10_07_RSFB-Phenotyping_WG1_JLU/20251007_155330.jpg,2.0,6.540422439575195,7.028827667236328,0.4884049892425537,5.028827667236328,4.540422439575195,rank_margin10,43,single_rater_weak
2025_10_07_RSFB-Phenotyping_WG1_JLU/2025_10_07_RSFB-Phenotyping_WG1_JLU/20251007_155347.jpg,plot_2b6ce2e0c85b0d519b90,wg_insects_t1_bbch10,/home/nfs/data/nvme_datasets/Pictures_CFSB_leaf_damage/2025_10_07_RSFB-Phenotyping_WG1_JLU/2025_10_07_RSFB-Phenotyping_WG1_JLU/20251007_155347.jpg,1.0,4.007205963134766,3.501770496368408,-0.5054355263710022,2.501770496368408,3.0072059631347656,rank_margin10,43,single_rater_weak
2025_10_07_RSFB-Phenotyping_WG1_JLU/2025_10_07_RSFB-Phenotyping_WG1_JLU/20251007_155353.jpg,plot_2b6ce2e0c85b0d519b90,wg_insects_t1_bbch10,/home/nfs/data/nvme_datasets/Pictures_CFSB_leaf_damage/2025_10_07_RSFB-Phenotyping_WG1_JLU/2025_10_07_RSFB-Phenotyping_WG1_JLU/20251007_155353.jpg,3.0,3.0568981170654297,3.4134459495544434,0.3565477132797241,0.41344594955444336,0.05689811706542969,rank_margin10,43,single_rater_weak
2025_10_07_RSFB-Phenotyping_WG1_JLU/2025_10_07_RSFB-Phenotyping_WG1_JLU/20251007_155359.jpg,plot_2b6ce2e0c85b0d519b90,wg_insects_t1_bbch10,/home/nfs/data/nvme_datasets/Pictures_CFSB_leaf_damage/2025_10_07_RSFB-Phenotyping_WG1_JLU/2025_10_07_RSFB-Phenotyping_WG1_JLU/20251007_155359.jpg,9.0,2.3483738899230957,3.0161337852478027,0.667759895324707,5.983866214752197,6.651626110076904,rank_margin10,43,single_rater_weak
2025_10_07_RSFB-Phenotyping_WG1_JLU/2025_10_07_RSFB-Phenotyping_WG1_JLU/20251007_155420.jpg,plot_a9313194f1c8e93e42e4,wg_insects_t1_bbch10,/home/nfs/data/nvme_datasets/Pictures_CFSB_leaf_damage/2025_10_07_RSFB-Phenotyping_WG1_JLU/2025_10_07_RSFB-Phenotyping_WG1_JLU/20251007_155420.jpg,6.0,7.427088737487793,7.9083781242370605,0.4812893569469452,1.9083781242370605,1.427088737487793,rank_margin10,43,single_rater_weak
2025_10_07_RSFB-Phenotyping_WG1_JLU/2025_10_07_RSFB-Phenotyping_WG1_JLU/20251007_155426.jpg,plot_a9313194f1c8e93e42e4,wg_insects_t1_bbch10,/home/nfs/data/nvme_datasets/Pictures_CFSB_leaf_damage/2025_10_07_RSFB-Phenotyping_WG1_JLU/2025_10_07_RSFB-Phenotyping_WG1_JLU/20251007_155426.jpg,4.0,2.9179954528808594,3.0109593868255615,0.09296402335166931,0.9890406131744385,1.0820045471191406,rank_margin10,43,single_rater_weak
2025_10_07_RSFB-Phenotyping_WG1_JLU/2025_10_07_RSFB-Phenotyping_WG1_JLU/20251007_155433.jpg,plot_a9313194f1c8e93e42e4,wg_insects_t1_bbch10,/home/nfs/data/nvme_datasets/Pictures_CFSB_leaf_damage/2025_10_07_RSFB-Phenotyping_WG1_JLU/2025_10_07_RSFB-Phenotyping_WG1_JLU/20251007_155433.jpg,31.0,23.571529388427734,23.773635864257812,0.20210573077201843,7.2263641357421875,7.428470611572266,rank_margin10,43,single_rater_weak
2025_10_07_RSFB-Phenotyping_WG1_JLU/2025_10_07_RSFB-Phenotyping_WG1_JLU/20251007_155448.jpg,plot_090d10b4afbf762ac1a5,wg_insects_t1_bbch10,/home/nfs/data/nvme_datasets/Pictures_CFSB_leaf_damage/2025_10_07_RSFB-Phenotyping_WG1_JLU/2025_10_07_RSFB-Phenotyping_WG1_JLU/20251007_155448.jpg,3.0,3.4110634326934814,3.3277127742767334,-0.08335058391094208,0.3277127742767334,0.41106343269348145,rank_margin10,43,single_rater_weak
2025_10_07_RSFB-Phenotyping_WG1_JLU/2025_10_07_RSFB-Phenotyping_WG1_JLU/20251007_155453.jpg,plot_090d10b4afbf762ac1a5,wg_insects_t1_bbch10,/home/nfs/data/nvme_datasets/Pictures_CFSB_leaf_damage/2025_10_07_RSFB-Phenotyping_WG1_JLU/2025_10_07_RSFB-Phenotyping_WG1_JLU/20251007_155453.jpg,3.0,2.2557101249694824,2.602818489074707,0.34710848331451416,0.39718151092529297,0.7442898750305176,rank_margin10,43,single_rater_weak
2025_10_07_RSFB-Phenotyping_WG1_JLU/2025_10_07_RSFB-Phenotyping_WG1_JLU/20251007_155459.jpg,plot_090d10b4afbf762ac1a5,wg_insects_t1_bbch10,/home/nfs/data/nvme_datasets/Pictures_CFSB_leaf_damage/2025_10_07_RSFB-Phenotyping_WG1_JLU/2025_10_07_RSFB-Phenotyping_WG1_JLU/20251007_155459.jpg,5.0,4.883861541748047,4.677659034729004,-0.20620226860046387,0.3223409652709961,0.11613845825195312,rank_margin10,43,single_rater_weak
2025_10_07_RSFB-Phenotyping_WG1_JLU/2025_10_07_RSFB-Phenotyping_WG1_JLU/20251007_155516.jpg,plot_ea1c6826e1f8439636da,wg_insects_t1_bbch10,/home/nfs/data/nvme_datasets/Pictures_CFSB_leaf_damage/2025_10_07_RSFB-Phenotyping_WG1_JLU/2025_10_07_RSFB-Phenotyping_WG1_JLU/20251007_155516.jpg,7.0,4.103838920593262,4.806243896484375,0.7024049162864685,2.193756103515625,2.8961610794067383,rank_margin10,43,single_rater_weak
2025_10_07_RSFB-Phenotyping_WG1_JLU/2025_10_07_RSFB-Phenotyping_WG1_JLU/20251007_155520.jpg,plot_ea1c6826e1f8439636da,wg_insects_t1_bbch10,/home/nfs/data/nvme_datasets/Pictures_CFSB_leaf_damage/2025_10_07_RSFB-Phenotyping_WG1_JLU/2025_10_07_RSFB-Phenotyping_WG1_JLU/20251007_155520.jpg,8.0,7.253942012786865,6.953222751617432,-0.3007192313671112,1.0467772483825684,0.7460579872131348,rank_margin10,43,single_rater_weak
2025_10_07_RSFB-Phenotyping_WG1_JLU/2025_10_07_RSFB-Phenotyping_WG1_JLU/20251007_155529.jpg,plot_ea1c6826e1f8439636da,wg_insects_t1_bbch10,/home/nfs/data/nvme_datasets/Pictures_CFSB_leaf_damage/2025_10_07_RSFB-Phenotyping_WG1_JLU/2025_10_07_RSFB-Phenotyping_WG1_JLU/20251007_155529.jpg,2.0,3.189155101776123,3.283708333969116,0.09455332159996033,1.2837083339691162,1.189155101776123,rank_margin10,43,single_rater_weak
2025_10_07_RSFB-Phenotyping_WG1_JLU/2025_10_07_RSFB-Phenotyping_WG1_JLU/20251007_155547.jpg,plot_740ea37a7e7d2ba5872f,wg_insects_t1_bbch10,/home/nfs/data/nvme_datasets/Pictures_CFSB_leaf_damage/2025_10_07_RSFB-Phenotyping_WG1_JLU/2025_10_07_RSFB-Phenotyping_WG1_JLU/20251007_155547.jpg,18.0,3.3270487785339355,4.816819190979004,1.4897701740264893,13.183180809020996,14.672950744628906,rank_margin10,43,single_rater_weak
2025_10_07_RSFB-Phenotyping_WG1_JLU/2025_10_07_RSFB-Phenotyping_WG1_JLU/20251007_155554.jpg,plot_740ea37a7e7d2ba5872f,wg_insects_t1_bbch10,/home/nfs/data/nvme_datasets/Pictures_CFSB_leaf_damage/2025_10_07_RSFB-Phenotyping_WG1_JLU/2025_10_07_RSFB-Phenotyping_WG1_JLU/20251007_155554.jpg,18.0,4.034588813781738,3.8975603580474854,-0.1370285004377365,14.102439880371094,13.965411186218262,rank_margin10,43,single_rater_weak
2025_10_07_RSFB-Phenotyping_WG1_JLU/2025_10_07_RSFB-Phenotyping_WG1_JLU/20251007_155559.jpg,plot_740ea37a7e7d2ba5872f,wg_insects_t1_bbch10,/home/nfs/data/nvme_datasets/Pictures_CFSB_leaf_damage/2025_10_07_RSFB-Phenotyping_WG1_JLU/2025_10_07_RSFB-Phenotyping_WG1_JLU/20251007_155559.jpg,30.0,6.1466064453125,6.834777355194092,0.6881707310676575,23.16522216796875,23.8533935546875,rank_margin10,43,single_rater_weak
2025_10_07_RSFB-Phenotyping_WG1_JLU/2025_10_07_RSFB-Phenotyping_WG1_JLU/20251007_155615.jpg,plot_c08384e341650c84b7e3,wg_insects_t1_bbch10,/home/nfs/data/nvme_datasets/Pictures_CFSB_leaf_damage/2025_10_07_RSFB-Phenotyping_WG1_JLU/2025_10_07_RSFB-Phenotyping_WG1_JLU/20251007_155615.jpg,19.0,3.7983627319335938,3.9179270267486572,0.11956427246332169,15.082073211669922,15.201637268066406,rank_margin10,43,single_rater_weak
2025_10_07_RSFB-Phenotyping_WG1_JLU/2025_10_07_RSFB-Phenotyping_WG1_JLU/20251007_155620.jpg,plot_c08384e341650c84b7e3,wg_insects_t1_bbch10,/home/nfs/data/nvme_datasets/Pictures_CFSB_leaf_damage/2025_10_07_RSFB-Phenotyping_WG1_JLU/2025_10_07_RSFB-Phenotyping_WG1_JLU/20251007_155620.jpg,2.0,3.267422676086426,3.519274950027466,0.2518521845340729,1.5192749500274658,1.2674226760864258,rank_margin10,43,single_rater_weak
2025_10_07_RSFB-Phenotyping_WG1_JLU/2025_10_07_RSFB-Phenotyping_WG1_JLU/20251007_155625.jpg,plot_c08384e341650c84b7e3,wg_insects_t1_bbch10,/home/nfs/data/nvme_datasets/Pictures_CFSB_leaf_damage/2025_10_07_RSFB-Phenotyping_WG1_JLU/2025_10_07_RSFB-Phenotyping_WG1_JLU/20251007_155625.jpg,12.0,5.8507304191589355,5.795307159423828,-0.055423472076654434,6.204692840576172,6.1492695808410645,rank_margin10,43,single_rater_weak
2025_10_07_RSFB-Phenotyping_WG1_JLU/2025_10_07_RSFB-Phenotyping_WG1_JLU/20251007_155642.jpg,plot_2c2b7818d88cc60083c0,wg_insects_t1_bbch10,/home/nfs/data/nvme_datasets/Pictures_CFSB_leaf_damage/2025_10_07_RSFB-Phenotyping_WG1_JLU/2025_10_07_RSFB-Phenotyping_WG1_JLU/20251007_155642.jpg,2.0,4.628165245056152,5.460014820098877,0.8318495750427246,3.460014820098877,2.6281652450561523,rank_margin10,43,single_rater_weak
2025_10_07_RSFB-Phenotyping_WG1_JLU/2025_10_07_RSFB-Phenotyping_WG1_JLU/20251007_155647.jpg,plot_2c2b7818d88cc60083c0,wg_insects_t1_bbch10,/home/nfs/data/nvme_datasets/Pictures_CFSB_leaf_damage/2025_10_07_RSFB-Phenotyping_WG1_JLU/2025_10_07_RSFB-Phenotyping_WG1_JLU/20251007_155647.jpg,2.0,3.7309417724609375,3.577953577041626,-0.15298816561698914,1.577953577041626,1.7309417724609375,rank_margin10,43,single_rater_weak
2025_10_07_RSFB-Phenotyping_WG1_JLU/2025_10_07_RSFB-Phenotyping_WG1_JLU/20251007_155652.jpg,plot_2c2b7818d88cc60083c0,wg_insects_t1_bbch10,/home/nfs/data/nvme_datasets/Pictures_CFSB_leaf_damage/2025_10_07_RSFB-Phenotyping_WG1_JLU/2025_10_07_RSFB-Phenotyping_WG1_JLU/20251007_155652.jpg,3.0,2.894064426422119,3.2523038387298584,0.35823947191238403,0.2523038387298584,0.10593557357788086,rank_margin10,43,single_rater_weak
2025_10_07_RSFB-Phenotyping_WG1_JLU/2025_10_07_RSFB-Phenotyping_WG1_JLU/20251007_155708.jpg,plot_c127083b02a0a3c20d9e,wg_insects_t1_bbch10,/home/nfs/data/nvme_datasets/Pictures_CFSB_leaf_damage/2025_10_07_RSFB-Phenotyping_WG1_JLU/2025_10_07_RSFB-Phenotyping_WG1_JLU/20251007_155708.jpg,3.0,2.9609808921813965,2.5732085704803467,-0.3877723813056946,0.4267914295196533,0.039019107818603516,rank_margin10,43,single_rater_weak
2025_10_07_RSFB-Phenotyping_WG1_JLU/2025_10_07_RSFB-Phenotyping_WG1_JLU/20251007_155714.jpg,plot_c127083b02a0a3c20d9e,wg_insects_t1_bbch10,/home/nfs/data/nvme_datasets/Pictures_CFSB_leaf_damage/2025_10_07_RSFB-Phenotyping_WG1_JLU/2025_10_07_RSFB-Phenotyping_WG1_JLU/20251007_155714.jpg,3.0,2.866060733795166,2.424159526824951,-0.44190114736557007,0.5758404731750488,0.13393926620483398,rank_margin10,43,single_rater_weak
2025_10_07_RSFB-Phenotyping_WG1_JLU/2025_10_07_RSFB-Phenotyping_WG1_JLU/20251007_155719.jpg,plot_c127083b02a0a3c20d9e,wg_insects_t1_bbch10,/home/nfs/data/nvme_datasets/Pictures_CFSB_leaf_damage/2025_10_07_RSFB-Phenotyping_WG1_JLU/2025_10_07_RSFB-Phenotyping_WG1_JLU/20251007_155719.jpg,6.0,3.060309886932373,3.60105037689209,0.5407404899597168,2.39894962310791,2.939690113067627,rank_margin10,43,single_rater_weak
2025_10_07_RSFB-Phenotyping_WG1_JLU/2025_10_07_RSFB-Phenotyping_WG1_JLU/20251007_155736.jpg,plot_9989fe456f6ba82751d6,wg_insects_t1_bbch10,/home/nfs/data/nvme_datasets/Pictures_CFSB_leaf_damage/2025_10_07_RSFB-Phenotyping_WG1_JLU/2025_10_07_RSFB-Phenotyping_WG1_JLU/20251007_155736.jpg,5.0,4.039605140686035,4.444482803344727,0.40487751364707947,0.5555171966552734,0.9603948593139648,rank_margin10,43,single_rater_weak
2025_10_07_RSFB-Phenotyping_WG1_JLU/2025_10_07_RSFB-Phenotyping_WG1_JLU/20251007_155742.jpg,plot_9989fe456f6ba82751d6,wg_insects_t1_bbch10,/home/nfs/data/nvme_datasets/Pictures_CFSB_leaf_damage/2025_10_07_RSFB-Phenotyping_WG1_JLU/2025_10_07_RSFB-Phenotyping_WG1_JLU/20251007_155742.jpg,9.0,3.92252516746521,4.240821361541748,0.3182963728904724,4.759178638458252,5.077474594116211,rank_margin10,43,single_rater_weak
2025_10_07_RSFB-Phenotyping_WG1_JLU/2025_10_07_RSFB-Phenotyping_WG1_JLU/20251007_155750.jpg,plot_9989fe456f6ba82751d6,wg_insects_t1_bbch10,/home/nfs/data/nvme_datasets/Pictures_CFSB_leaf_damage/2025_10_07_RSFB-Phenotyping_WG1_JLU/2025_10_07_RSFB-Phenotyping_WG1_JLU/20251007_155750.jpg,30.0,8.936188697814941,9.979388236999512,1.0431997776031494,20.020610809326172,21.063812255859375,rank_margin10,43,single_rater_weak
2025_10_07_RSFB-Phenotyping_WG1_JLU/2025_10_07_RSFB-Phenotyping_WG1_JLU/20251007_155807.jpg,plot_0dc71a8af0c39e4f26f7,wg_insects_t1_bbch10,/home/nfs/data/nvme_datasets/Pictures_CFSB_leaf_damage/2025_10_07_RSFB-Phenotyping_WG1_JLU/2025_10_07_RSFB-Phenotyping_WG1_JLU/20251007_155807.jpg,14.0,3.5517382621765137,4.654087066650391,1.102348804473877,9.34591293334961,10.448261260986328,rank_margin10,43,single_rater_weak
2025_10_07_RSFB-Phenotyping_WG1_JLU/2025_10_07_RSFB-Phenotyping_WG1_JLU/20251007_155813.jpg,plot_0dc71a8af0c39e4f26f7,wg_insects_t1_bbch10,/home/nfs/data/nvme_datasets/Pictures_CFSB_leaf_damage/2025_10_07_RSFB-Phenotyping_WG1_JLU/2025_10_07_RSFB-Phenotyping_WG1_JLU/20251007_155813.jpg,2.0,3.3943581581115723,3.508955955505371,0.11459783464670181,1.508955955505371,1.3943581581115723,rank_margin10,43,single_rater_weak
2025_10_07_RSFB-Phenotyping_WG1_JLU/2025_10_07_RSFB-Phenotyping_WG1_JLU/20251007_155819.jpg,plot_0dc71a8af0c39e4f26f7,wg_insects_t1_bbch10,/home/nfs/data/nvme_datasets/Pictures_CFSB_leaf_damage/2025_10_07_RSFB-Phenotyping_WG1_JLU/2025_10_07_RSFB-Phenotyping_WG1_JLU/20251007_155819.jpg,12.0,4.861799240112305,4.5502448081970215,-0.3115543723106384,7.4497551918029785,7.138200759887695,rank_margin10,43,single_rater_weak
2025_10_07_RSFB-Phenotyping_WG1_JLU/2025_10_07_RSFB-Phenotyping_WG1_JLU/20251007_155834.jpg,plot_9c2f17ed639688600321,wg_insects_t1_bbch10,/home/nfs/data/nvme_datasets/Pictures_CFSB_leaf_damage/2025_10_07_RSFB-Phenotyping_WG1_JLU/2025_10_07_RSFB-Phenotyping_WG1_JLU/20251007_155834.jpg,4.0,3.8690078258514404,5.422078609466553,1.5530706644058228,1.4220786094665527,0.13099217414855957,rank_margin10,43,single_rater_weak
2025_10_07_RSFB-Phenotyping_WG1_JLU/2025_10_07_RSFB-Phenotyping_WG1_JLU/20251007_155839.jpg,plot_9c2f17ed639688600321,wg_insects_t1_bbch10,/home/nfs/data/nvme_datasets/Pictures_CFSB_leaf_damage/2025_10_07_RSFB-Phenotyping_WG1_JLU/2025_10_07_RSFB-Phenotyping_WG1_JLU/20251007_155839.jpg,2.0,2.508420944213867,2.7741050720214844,0.26568418741226196,0.7741050720214844,0.5084209442138672,rank_margin10,43,single_rater_weak
2025_10_07_RSFB-Phenotyping_WG1_JLU/2025_10_07_RSFB-Phenotyping_WG1_JLU/20251007_155845.jpg,plot_9c2f17ed639688600321,wg_insects_t1_bbch10,/home/nfs/data/nvme_datasets/Pictures_CFSB_leaf_damage/2025_10_07_RSFB-Phenotyping_WG1_JLU/2025_10_07_RSFB-Phenotyping_WG1_JLU/20251007_155845.jpg,31.0,13.36829948425293,14.558658599853516,1.1903595924377441,16.441341400146484,17.63170051574707,rank_margin10,43,single_rater_weak
2025_10_07_RSFB-Phenotyping_WG1_JLU/2025_10_07_RSFB-Phenotyping_WG1_JLU/20251007_155902.jpg,plot_c738121aa8f29aca11a9,wg_insects_t1_bbch10,/home/nfs/data/nvme_datasets/Pictures_CFSB_leaf_damage/2025_10_07_RSFB-Phenotyping_WG1_JLU/2025_10_07_RSFB-Phenotyping_WG1_JLU/20251007_155902.jpg,17.0,1.952737808227539,2.893792152404785,0.9410543441772461,14.106207847595215,15.047262191772461,rank_margin10,43,single_rater_weak
2025_10_07_RSFB-Phenotyping_WG1_JLU/2025_10_07_RSFB-Phenotyping_WG1_JLU/20251007_155907.jpg,plot_c738121aa8f29aca11a9,wg_insects_t1_bbch10,/home/nfs/data/nvme_datasets/Pictures_CFSB_leaf_damage/2025_10_07_RSFB-Phenotyping_WG1_JLU/2025_10_07_RSFB-Phenotyping_WG1_JLU/20251007_155907.jpg,4.0,3.5948944091796875,4.577537536621094,0.9826428890228271,0.5775375366210938,0.4051055908203125,rank_margin10,43,single_rater_weak
2025_10_07_RSFB-Phenotyping_WG1_JLU/2025_10_07_RSFB-Phenotyping_WG1_JLU/20251007_155913.jpg,plot_c738121aa8f29aca11a9,wg_insects_t1_bbch10,/home/nfs/data/nvme_datasets/Pictures_CFSB_leaf_damage/2025_10_07_RSFB-Phenotyping_WG1_JLU/2025_10_07_RSFB-Phenotyping_WG1_JLU/20251007_155913.jpg,5.0,5.283969879150391,5.303350925445557,0.01938108541071415,0.30335092544555664,0.2839698791503906,rank_margin10,43,single_rater_weak
2025_10_07_RSFB-Phenotyping_WG1_JLU/2025_10_07_RSFB-Phenotyping_WG1_JLU/20251007_155930.jpg,plot_1ac8631fd159b0102da1,wg_insects_t1_bbch10,/home/nfs/data/nvme_datasets/Pictures_CFSB_leaf_damage/2025_10_07_RSFB-Phenotyping_WG1_JLU/2025_10_07_RSFB-Phenotyping_WG1_JLU/20251007_155930.jpg,1.0,6.326013088226318,6.244795322418213,-0.08121772855520248,5.244795322418213,5.326013088226318,rank_margin10,43,single_rater_weak
2025_10_07_RSFB-Phenotyping_WG1_JLU/2025_10_07_RSFB-Phenotyping_WG1_JLU/20251007_155935.jpg,plot_1ac8631fd159b0102da1,wg_insects_t1_bbch10,/home/nfs/data/nvme_datasets/Pictures_CFSB_leaf_damage/2025_10_07_RSFB-Phenotyping_WG1_JLU/2025_10_07_RSFB-Phenotyping_WG1_JLU/20251007_155935.jpg,2.0,2.8936500549316406,2.911959648132324,0.01830948330461979,0.9119596481323242,0.8936500549316406,rank_margin10,43,single_rater_weak
2025_10_07_RSFB-Phenotyping_WG1_JLU/2025_10_07_RSFB-Phenotyping_WG1_JLU/20251007_155956.jpg,plot_1a3b4f0d3c68e9c58008,wg_insects_t1_bbch10,/home/nfs/data/nvme_datasets/Pictures_CFSB_leaf_damage/2025_10_07_RSFB-Phenotyping_WG1_JLU/2025_10_07_RSFB-Phenotyping_WG1_JLU/20251007_155956.jpg,6.0,6.393829345703125,7.179383277893066,0.785554051399231,1.1793832778930664,0.393829345703125,rank_margin10,43,single_rater_weak
2025_10_07_RSFB-Phenotyping_WG1_JLU/2025_10_07_RSFB-Phenotyping_WG1_JLU/20251007_160001.jpg,plot_1a3b4f0d3c68e9c58008,wg_insects_t1_bbch10,/home/nfs/data/nvme_datasets/Pictures_CFSB_leaf_damage/2025_10_07_RSFB-Phenotyping_WG1_JLU/2025_10_07_RSFB-Phenotyping_WG1_JLU/20251007_160001.jpg,15.0,4.25767707824707,4.138120174407959,-0.11955709010362625,10.861879348754883,10.74232292175293,rank_margin10,43,single_rater_weak
2025_10_07_RSFB-Phenotyping_WG1_JLU/2025_10_07_RSFB-Phenotyping_WG1_JLU/20251007_160007.jpg,plot_1a3b4f0d3c68e9c58008,wg_insects_t1_bbch10,/home/nfs/data/nvme_datasets/Pictures_CFSB_leaf_damage/2025_10_07_RSFB-Phenotyping_WG1_JLU/2025_10_07_RSFB-Phenotyping_WG1_JLU/20251007_160007.jpg,16.0,3.0770974159240723,3.65360951423645,0.5765121579170227,12.346390724182129,12.922903060913086,rank_margin10,43,single_rater_weak
