filename,plot_group_id,cohort_id,source_path,target,base_prediction,prediction,residual,absolute_error,base_absolute_error,arm,seed,label_quality
2025_09_15_Re4StRes_T1_DSV/IMG_2531.JPG,plot_23cc72626c0b214985ab,dsv_asendorf_t1_bbch11,/home/nfs/data/nvme_datasets/Pictures_CFSB_leaf_damage/2025_09_15_Re4StRes_T1_DSV/IMG_2531.JPG,20.0,2.418842315673828,2.5087146759033203,0.0898723304271698,17.49128532409668,17.581157684326172,midpoint,46,single_rater_weak
2025_09_15_Re4StRes_T1_DSV/IMG_2532.JPG,plot_23cc72626c0b214985ab,dsv_asendorf_t1_bbch11,/home/nfs/data/nvme_datasets/Pictures_CFSB_leaf_damage/2025_09_15_Re4StRes_T1_DSV/IMG_2532.JPG,36.0,3.8160104751586914,3.9299073219299316,0.1138969361782074,32.070091247558594,32.183990478515625,midpoint,46,single_rater_weak
2025_09_15_Re4StRes_T1_DSV/IMG_2533.JPG,plot_23cc72626c0b214985ab,dsv_asendorf_t1_bbch11,/home/nfs/data/nvme_datasets/Pictures_CFSB_leaf_damage/2025_09_15_Re4StRes_T1_DSV/IMG_2533.JPG,3.0,0.7360854148864746,0.41222867369651794,-0.32385674118995667,2.587771415710449,2.2639145851135254,midpoint,46,single_rater_weak
2025_09_15_Re4StRes_T1_DSV/IMG_2534.JPG,plot_af0435fffd7e1bd6f5ae,dsv_asendorf_t1_bbch11,/home/nfs/data/nvme_datasets/Pictures_CFSB_leaf_damage/2025_09_15_Re4StRes_T1_DSV/IMG_2534.JPG,35.0,4.640049934387207,4.477362632751465,-0.16268707811832428,30.52263641357422,30.35995101928711,midpoint,46,single_rater_weak
2025_09_15_Re4StRes_T1_DSV/IMG_2535.JPG,plot_af0435fffd7e1bd6f5ae,dsv_asendorf_t1_bbch11,/home/nfs/data/nvme_datasets/Pictures_CFSB_leaf_damage/2025_09_15_Re4StRes_T1_DSV/IMG_2535.JPG,22.0,3.439335584640503,3.2527661323547363,-0.18656951189041138,18.747234344482422,18.560665130615234,midpoint,46,single_rater_weak
2025_09_15_Re4StRes_T1_DSV/IMG_2536.JPG,plot_af0435fffd7e1bd6f5ae,dsv_asendorf_t1_bbch11,/home/nfs/data/nvme_datasets/Pictures_CFSB_leaf_damage/2025_09_15_Re4StRes_T1_DSV/IMG_2536.JPG,10.0,2.123239517211914,1.847407341003418,-0.2758322060108185,8.152592658996582,7.876760482788086,midpoint,46,single_rater_weak
2025_09_15_Re4StRes_T1_DSV/IMG_2537.JPG,plot_f6d3e31f379821075584,dsv_asendorf_t1_bbch11,/home/nfs/data/nvme_datasets/Pictures_CFSB_leaf_damage/2025_09_15_Re4StRes_T1_DSV/IMG_2537.JPG,3.0,0.8045659065246582,0.30307644605636597,-0.5014894604682922,2.6969234943389893,2.195434093475342,midpoint,46,single_rater_weak
2025_09_15_Re4StRes_T1_DSV/IMG_2538.JPG,plot_f6d3e31f379821075584,dsv_asendorf_t1_bbch11,/home/nfs/data/nvme_datasets/Pictures_CFSB_leaf_damage/2025_09_15_Re4StRes_T1_DSV/IMG_2538.JPG,8.0,2.054401397705078,1.8527297973632812,-0.2016715705394745,6.147270202636719,5.945598602294922,midpoint,46,single_rater_weak
2025_09_15_Re4StRes_T1_DSV/IMG_2539.JPG,plot_f6d3e31f379821075584,dsv_asendorf_t1_bbch11,/home/nfs/data/nvme_datasets/Pictures_CFSB_leaf_damage/2025_09_15_Re4StRes_T1_DSV/IMG_2539.JPG,1.0,2.2449288368225098,2.1209309101104736,-0.1239979937672615,1.1209309101104736,1.2449288368225098,midpoint,46,single_rater_weak
2025_09_15_Re4StRes_T1_DSV/IMG_2540.JPG,plot_2a2b2bdfa0d41a033651,dsv_asendorf_t1_bbch11,/home/nfs/data/nvme_datasets/Pictures_CFSB_leaf_damage/2025_09_15_Re4StRes_T1_DSV/IMG_2540.JPG,1.0,3.8079445362091064,3.974494218826294,0.16654960811138153,2.974494218826294,2.8079445362091064,midpoint,46,single_rater_weak
2025_09_15_Re4StRes_T1_DSV/IMG_2541.JPG,plot_2a2b2bdfa0d41a033651,dsv_asendorf_t1_bbch11,/home/nfs/data/nvme_datasets/Pictures_CFSB_leaf_damage/2025_09_15_Re4StRes_T1_DSV/IMG_2541.JPG,30.0,6.730196952819824,6.8380913734436035,0.1078944206237793,23.161909103393555,23.26980209350586,midpoint,46,single_rater_weak
2025_09_15_Re4StRes_T1_DSV/IMG_2542.JPG,plot_2a2b2bdfa0d41a033651,dsv_asendorf_t1_bbch11,/home/nfs/data/nvme_datasets/Pictures_CFSB_leaf_damage/2025_09_15_Re4StRes_T1_DSV/IMG_2542.JPG,20.0,2.169712543487549,2.166102647781372,-0.00360987801104784,17.83389663696289,17.83028793334961,midpoint,46,single_rater_weak
2025_09_15_Re4StRes_T1_DSV/IMG_2543.JPG,plot_287543c1b6420318ac5a,dsv_asendorf_t1_bbch11,/home/nfs/data/nvme_datasets/Pictures_CFSB_leaf_damage/2025_09_15_Re4StRes_T1_DSV/IMG_2543.JPG,8.0,2.5818071365356445,2.9592337608337402,0.3774265944957733,5.04076623916626,5.4181928634643555,midpoint,46,single_rater_weak
2025_09_15_Re4StRes_T1_DSV/IMG_2544.JPG,plot_287543c1b6420318ac5a,dsv_asendorf_t1_bbch11,/home/nfs/data/nvme_datasets/Pictures_CFSB_leaf_damage/2025_09_15_Re4StRes_T1_DSV/IMG_2544.JPG,6.0,3.5849921703338623,3.8154733180999756,0.2304811030626297,2.1845266819000244,2.4150078296661377,midpoint,46,single_rater_weak
2025_09_15_Re4StRes_T1_DSV/IMG_2545.JPG,plot_287543c1b6420318ac5a,dsv_asendorf_t1_bbch11,/home/nfs/data/nvme_datasets/Pictures_CFSB_leaf_damage/2025_09_15_Re4StRes_T1_DSV/IMG_2545.JPG,8.0,4.5440144538879395,4.63859748840332,0.09458314627408981,3.3614025115966797,3.4559855461120605,midpoint,46,single_rater_weak
2025_09_15_Re4StRes_T1_DSV/IMG_2546.JPG,plot_1eb1bc916cce4ed13b43,dsv_asendorf_t1_bbch11,/home/nfs/data/nvme_datasets/Pictures_CFSB_leaf_damage/2025_09_15_Re4StRes_T1_DSV/IMG_2546.JPG,7.0,2.8127899169921875,3.0142977237701416,0.20150773227214813,3.9857022762298584,4.1872100830078125,midpoint,46,single_rater_weak
2025_09_15_Re4StRes_T1_DSV/IMG_2547.JPG,plot_1eb1bc916cce4ed13b43,dsv_asendorf_t1_bbch11,/home/nfs/data/nvme_datasets/Pictures_CFSB_leaf_damage/2025_09_15_Re4StRes_T1_DSV/IMG_2547.JPG,6.0,2.1796875,2.2927510738372803,0.11306360363960266,3.7072489261627197,3.8203125,midpoint,46,single_rater_weak
2025_09_15_Re4StRes_T1_DSV/IMG_2548.JPG,plot_1eb1bc916cce4ed13b43,dsv_asendorf_t1_bbch11,/home/nfs/data/nvme_datasets/Pictures_CFSB_leaf_damage/2025_09_15_Re4StRes_T1_DSV/IMG_2548.JPG,23.0,2.28135347366333,2.0012993812561035,-0.28005415201187134,20.998701095581055,20.718647003173828,midpoint,46,single_rater_weak
2025_09_15_Re4StRes_T1_DSV/IMG_2549.JPG,plot_062849fd42834d79d5c8,dsv_asendorf_t1_bbch11,/home/nfs/data/nvme_datasets/Pictures_CFSB_leaf_damage/2025_09_15_Re4StRes_T1_DSV/IMG_2549.JPG,15.0,4.036520004272461,3.8689067363739014,-0.16761335730552673,11.13109302520752,10.963479995727539,midpoint,46,single_rater_weak
2025_09_15_Re4StRes_T1_DSV/IMG_2550.JPG,plot_062849fd42834d79d5c8,dsv_asendorf_t1_bbch11,/home/nfs/data/nvme_datasets/Pictures_CFSB_leaf_damage/2025_09_15_Re4StRes_T1_DSV/IMG_2550.JPG,32.0,2.949042320251465,3.014615058898926,0.06557275354862213,28.98538589477539,29.05095672607422,midpoint,46,single_rater_weak
2025_09_15_Re4StRes_T1_DSV/IMG_2551.JPG,plot_062849fd42834d79d5c8,dsv_asendorf_t1_bbch11,/home/nfs/data/nvme_datasets/Pictures_CFSB_leaf_damage/2025_09_15_Re4StRes_T1_DSV/IMG_2551.JPG,7.0,3.5131185054779053,3.440042734146118,-0.07307588309049606,3.559957265853882,3.4868814945220947,midpoint,46,single_rater_weak
2025_09_15_Re4StRes_T1_DSV/IMG_2552.JPG,plot_c86a34c84012b2a6cd5e,dsv_asendorf_t1_bbch11,/home/nfs/data/nvme_datasets/Pictures_CFSB_leaf_damage/2025_09_15_Re4StRes_T1_DSV/IMG_2552.JPG,12.0,0.2345113754272461,-0.12679195404052734,-0.36130332946777344,12.126791954040527,11.765488624572754,midpoint,46,single_rater_weak
2025_09_15_Re4StRes_T1_DSV/IMG_2553.JPG,plot_c86a34c84012b2a6cd5e,dsv_asendorf_t1_bbch11,/home/nfs/data/nvme_datasets/Pictures_CFSB_leaf_damage/2025_09_15_Re4StRes_T1_DSV/IMG_2553.JPG,3.0,0.24790239334106445,0.04801084101200104,-0.19989155232906342,2.95198917388916,2.7520976066589355,midpoint,46,single_rater_weak
2025_09_15_Re4StRes_T1_DSV/IMG_2554.JPG,plot_c86a34c84012b2a6cd5e,dsv_asendorf_t1_bbch11,/home/nfs/data/nvme_datasets/Pictures_CFSB_leaf_damage/2025_09_15_Re4StRes_T1_DSV/IMG_2554.JPG,1.0,0.9268560409545898,0.6383104920387268,-0.28854554891586304,0.3616895079612732,0.07314395904541016,midpoint,46,single_rater_weak
2025_09_15_Re4StRes_T1_DSV/IMG_2555.JPG,plot_c7ccb8d79650c71e2fdb,dsv_asendorf_t1_bbch11,/home/nfs/data/nvme_datasets/Pictures_CFSB_leaf_damage/2025_09_15_Re4StRes_T1_DSV/IMG_2555.JPG,30.0,5.506744384765625,5.532280445098877,0.025536198168992996,24.46772003173828,24.493255615234375,midpoint,46,single_rater_weak
2025_09_15_Re4StRes_T1_DSV/IMG_2556.JPG,plot_c7ccb8d79650c71e2fdb,dsv_asendorf_t1_bbch11,/home/nfs/data/nvme_datasets/Pictures_CFSB_leaf_damage/2025_09_15_Re4StRes_T1_DSV/IMG_2556.JPG,15.0,3.3354783058166504,3.3262693881988525,-0.00920901633799076,11.673730850219727,11.664522171020508,midpoint,46,single_rater_weak
2025_09_15_Re4StRes_T1_DSV/IMG_2557.JPG,plot_c7ccb8d79650c71e2fdb,dsv_asendorf_t1_bbch11,/home/nfs/data/nvme_datasets/Pictures_CFSB_leaf_damage/2025_09_15_Re4StRes_T1_DSV/IMG_2557.JPG,5.0,3.9060778617858887,3.8962020874023438,-0.009875748306512833,1.1037979125976562,1.0939221382141113,midpoint,46,single_rater_weak
2025_09_15_Re4StRes_T1_DSV/IMG_2558.JPG,plot_4b6282099a93285f4437,dsv_asendorf_t1_bbch11,/home/nfs/data/nvme_datasets/Pictures_CFSB_leaf_damage/2025_09_15_Re4StRes_T1_DSV/IMG_2558.JPG,20.0,0.7123146057128906,0.7355976700782776,0.023283084854483604,19.264402389526367,19.28768539428711,midpoint,46,single_rater_weak
2025_09_15_Re4StRes_T1_DSV/IMG_2559.JPG,plot_4b6282099a93285f4437,dsv_asendorf_t1_bbch11,/home/nfs/data/nvme_datasets/Pictures_CFSB_leaf_damage/2025_09_15_Re4StRes_T1_DSV/IMG_2559.JPG,5.0,2.4265494346618652,2.5921828746795654,0.16563346982002258,2.4078171253204346,2.5734505653381348,midpoint,46,single_rater_weak
2025_09_15_Re4StRes_T1_DSV/IMG_2560.JPG,plot_4b6282099a93285f4437,dsv_asendorf_t1_bbch11,/home/nfs/data/nvme_datasets/Pictures_CFSB_leaf_damage/2025_09_15_Re4StRes_T1_DSV/IMG_2560.JPG,10.0,5.280682563781738,5.43602991104126,0.1553475260734558,4.56397008895874,4.719317436218262,midpoint,46,single_rater_weak
2025_09_15_Re4StRes_T1_DSV/IMG_2561.JPG,plot_b876a7c031c3da996880,dsv_asendorf_t1_bbch11,/home/nfs/data/nvme_datasets/Pictures_CFSB_leaf_damage/2025_09_15_Re4StRes_T1_DSV/IMG_2561.JPG,5.0,2.0592384338378906,1.5589351654052734,-0.5003032088279724,3.4410648345947266,2.9407615661621094,midpoint,46,single_rater_weak
2025_09_15_Re4StRes_T1_DSV/IMG_2562.JPG,plot_b876a7c031c3da996880,dsv_asendorf_t1_bbch11,/home/nfs/data/nvme_datasets/Pictures_CFSB_leaf_damage/2025_09_15_Re4StRes_T1_DSV/IMG_2562.JPG,12.0,2.284829616546631,1.879683494567871,-0.405146062374115,10.120316505432129,9.715169906616211,midpoint,46,single_rater_weak
2025_09_15_Re4StRes_T1_DSV/IMG_2563.JPG,plot_b876a7c031c3da996880,dsv_asendorf_t1_bbch11,/home/nfs/data/nvme_datasets/Pictures_CFSB_leaf_damage/2025_09_15_Re4StRes_T1_DSV/IMG_2563.JPG,12.0,5.025210380554199,4.874661445617676,-0.15054884552955627,7.125338554382324,6.974789619445801,midpoint,46,single_rater_weak
2025_09_15_Re4StRes_T1_DSV/IMG_2564.JPG,plot_3428b15a8bd1ae96baaa,dsv_asendorf_t1_bbch11,/home/nfs/data/nvme_datasets/Pictures_CFSB_leaf_damage/2025_09_15_Re4StRes_T1_DSV/IMG_2564.JPG,4.0,2.7564172744750977,2.593095541000366,-0.16332177817821503,1.4069044589996338,1.2435827255249023,midpoint,46,single_rater_weak
2025_09_15_Re4StRes_T1_DSV/IMG_2565.JPG,plot_3428b15a8bd1ae96baaa,dsv_asendorf_t1_bbch11,/home/nfs/data/nvme_datasets/Pictures_CFSB_leaf_damage/2025_09_15_Re4StRes_T1_DSV/IMG_2565.JPG,8.0,3.9188520908355713,4.052795886993408,0.13394372165203094,3.947204113006592,4.081148147583008,midpoint,46,single_rater_weak
2025_09_15_Re4StRes_T1_DSV/IMG_2566.JPG,plot_3428b15a8bd1ae96baaa,dsv_asendorf_t1_bbch11,/home/nfs/data/nvme_datasets/Pictures_CFSB_leaf_damage/2025_09_15_Re4StRes_T1_DSV/IMG_2566.JPG,8.0,3.3372983932495117,2.982332229614258,-0.35496625304222107,5.017667770385742,4.662701606750488,midpoint,46,single_rater_weak
2025_09_15_Re4StRes_T1_DSV/IMG_2567.JPG,plot_e2bf7b495dd0626af206,dsv_asendorf_t1_bbch11,/home/nfs/data/nvme_datasets/Pictures_CFSB_leaf_damage/2025_09_15_Re4StRes_T1_DSV/IMG_2567.JPG,14.0,0.34828948974609375,-0.0048673152923583984,-0.35315680503845215,14.004867553710938,13.651710510253906,midpoint,46,single_rater_weak
2025_09_15_Re4StRes_T1_DSV/IMG_2568.JPG,plot_e2bf7b495dd0626af206,dsv_asendorf_t1_bbch11,/home/nfs/data/nvme_datasets/Pictures_CFSB_leaf_damage/2025_09_15_Re4StRes_T1_DSV/IMG_2568.JPG,16.0,1.894404411315918,2.229304313659668,0.33489978313446045,13.770695686340332,14.105595588684082,midpoint,46,single_rater_weak
2025_09_15_Re4StRes_T1_DSV/IMG_2569.JPG,plot_e2bf7b495dd0626af206,dsv_asendorf_t1_bbch11,/home/nfs/data/nvme_datasets/Pictures_CFSB_leaf_damage/2025_09_15_Re4StRes_T1_DSV/IMG_2569.JPG,15.0,1.8725934028625488,2.145413875579834,0.2728203535079956,12.854585647583008,13.12740707397461,midpoint,46,single_rater_weak
2025_09_15_Re4StRes_T1_DSV/IMG_2570.JPG,plot_3bd91170ed2167071221,dsv_asendorf_t1_bbch11,/home/nfs/data/nvme_datasets/Pictures_CFSB_leaf_damage/2025_09_15_Re4StRes_T1_DSV/IMG_2570.JPG,2.0,2.492593288421631,2.6384754180908203,0.14588220417499542,0.6384754180908203,0.49259328842163086,midpoint,46,single_rater_weak
2025_09_15_Re4StRes_T1_DSV/IMG_2571.JPG,plot_3bd91170ed2167071221,dsv_asendorf_t1_bbch11,/home/nfs/data/nvme_datasets/Pictures_CFSB_leaf_damage/2025_09_15_Re4StRes_T1_DSV/IMG_2571.JPG,4.0,4.612041473388672,4.858827114105225,0.2467857003211975,0.8588271141052246,0.6120414733886719,midpoint,46,single_rater_weak
2025_09_15_Re4StRes_T1_DSV/IMG_2572.JPG,plot_3bd91170ed2167071221,dsv_asendorf_t1_bbch11,/home/nfs/data/nvme_datasets/Pictures_CFSB_leaf_damage/2025_09_15_Re4StRes_T1_DSV/IMG_2572.JPG,7.0,5.2513909339904785,5.364421844482422,0.11303073167800903,1.6355781555175781,1.7486090660095215,midpoint,46,single_rater_weak
2025_09_15_Re4StRes_T1_DSV/IMG_2573.JPG,plot_c5c4cbd994bc130ff116,dsv_asendorf_t1_bbch11,/home/nfs/data/nvme_datasets/Pictures_CFSB_leaf_damage/2025_09_15_Re4StRes_T1_DSV/IMG_2573.JPG,11.0,1.319411277770996,1.2995866537094116,-0.019824612885713577,9.700413703918457,9.680588722229004,midpoint,46,single_rater_weak
2025_09_15_Re4StRes_T1_DSV/IMG_2574.JPG,plot_c5c4cbd994bc130ff116,dsv_asendorf_t1_bbch11,/home/nfs/data/nvme_datasets/Pictures_CFSB_leaf_damage/2025_09_15_Re4StRes_T1_DSV/IMG_2574.JPG,5.0,2.6211843490600586,2.788087844848633,0.16690349578857422,2.211912155151367,2.3788156509399414,midpoint,46,single_rater_weak
2025_09_15_Re4StRes_T1_DSV/IMG_2575.JPG,plot_c5c4cbd994bc130ff116,dsv_asendorf_t1_bbch11,/home/nfs/data/nvme_datasets/Pictures_CFSB_leaf_damage/2025_09_15_Re4StRes_T1_DSV/IMG_2575.JPG,12.0,0.5037355422973633,0.6444215178489685,0.14068599045276642,11.355578422546387,11.496264457702637,midpoint,46,single_rater_weak
2025_09_15_Re4StRes_T1_DSV/IMG_2576.JPG,plot_31cae2f101d65806098b,dsv_asendorf_t1_bbch11,/home/nfs/data/nvme_datasets/Pictures_CFSB_leaf_damage/2025_09_15_Re4StRes_T1_DSV/IMG_2576.JPG,12.0,2.1183652877807617,2.2811155319213867,0.1627502739429474,9.718884468078613,9.881634712219238,midpoint,46,single_rater_weak
2025_09_15_Re4StRes_T1_DSV/IMG_2577.JPG,plot_31cae2f101d65806098b,dsv_asendorf_t1_bbch11,/home/nfs/data/nvme_datasets/Pictures_CFSB_leaf_damage/2025_09_15_Re4StRes_T1_DSV/IMG_2577.JPG,4.0,1.3246431350708008,1.338095784187317,0.01345260813832283,2.6619043350219727,2.675356864929199,midpoint,46,single_rater_weak
2025_09_15_Re4StRes_T1_DSV/IMG_2578.JPG,plot_31cae2f101d65806098b,dsv_asendorf_t1_bbch11,/home/nfs/data/nvme_datasets/Pictures_CFSB_leaf_damage/2025_09_15_Re4StRes_T1_DSV/IMG_2578.JPG,8.0,2.8436875343322754,3.124728202819824,0.28104060888290405,4.875271797180176,5.156312465667725,midpoint,46,single_rater_weak
2025_09_15_Re4StRes_T1_DSV/IMG_2579.JPG,plot_fa76df368fa3ce27a086,dsv_asendorf_t1_bbch11,/home/nfs/data/nvme_datasets/Pictures_CFSB_leaf_damage/2025_09_15_Re4StRes_T1_DSV/IMG_2579.JPG,5.0,0.2308664321899414,0.09747329354286194,-0.13339313864707947,4.90252685546875,4.769133567810059,midpoint,46,single_rater_weak
2025_09_15_Re4StRes_T1_DSV/IMG_2580.JPG,plot_fa76df368fa3ce27a086,dsv_asendorf_t1_bbch11,/home/nfs/data/nvme_datasets/Pictures_CFSB_leaf_damage/2025_09_15_Re4StRes_T1_DSV/IMG_2580.JPG,14.0,0.9972667694091797,0.9888439774513245,-0.008422777988016605,13.01115608215332,13.00273323059082,midpoint,46,single_rater_weak
2025_09_15_Re4StRes_T1_DSV/IMG_2581.JPG,plot_fa76df368fa3ce27a086,dsv_asendorf_t1_bbch11,/home/nfs/data/nvme_datasets/Pictures_CFSB_leaf_damage/2025_09_15_Re4StRes_T1_DSV/IMG_2581.JPG,18.0,3.479218006134033,3.1460325717926025,-0.3331853449344635,14.853967666625977,14.520782470703125,midpoint,46,single_rater_weak
2025_09_15_Re4StRes_T1_DSV/IMG_2582.JPG,plot_731f46fe3168ffe1165d,dsv_asendorf_t1_bbch11,/home/nfs/data/nvme_datasets/Pictures_CFSB_leaf_damage/2025_09_15_Re4StRes_T1_DSV/IMG_2582.JPG,14.0,4.014379024505615,3.861231565475464,-0.15314754843711853,10.138768196105957,9.985620498657227,midpoint,46,single_rater_weak
2025_09_15_Re4StRes_T1_DSV/IMG_2583.JPG,plot_731f46fe3168ffe1165d,dsv_asendorf_t1_bbch11,/home/nfs/data/nvme_datasets/Pictures_CFSB_leaf_damage/2025_09_15_Re4StRes_T1_DSV/IMG_2583.JPG,17.0,3.250899314880371,3.351123809814453,0.10022437572479248,13.648876190185547,13.749100685119629,midpoint,46,single_rater_weak
2025_09_15_Re4StRes_T1_DSV/IMG_2584.JPG,plot_731f46fe3168ffe1165d,dsv_asendorf_t1_bbch11,/home/nfs/data/nvme_datasets/Pictures_CFSB_leaf_damage/2025_09_15_Re4StRes_T1_DSV/IMG_2584.JPG,23.0,1.1772236824035645,1.372085690498352,0.1948620080947876,21.627914428710938,21.822776794433594,midpoint,46,single_rater_weak
2025_09_15_Re4StRes_T1_DSV/IMG_2585.JPG,plot_a04b04c31d587b2d46a5,dsv_asendorf_t1_bbch11,/home/nfs/data/nvme_datasets/Pictures_CFSB_leaf_damage/2025_09_15_Re4StRes_T1_DSV/IMG_2585.JPG,10.0,1.8751845359802246,1.7808743715286255,-0.09431012719869614,8.219125747680664,8.124814987182617,midpoint,46,single_rater_weak
2025_09_15_Re4StRes_T1_DSV/IMG_2586.JPG,plot_a04b04c31d587b2d46a5,dsv_asendorf_t1_bbch11,/home/nfs/data/nvme_datasets/Pictures_CFSB_leaf_damage/2025_09_15_Re4StRes_T1_DSV/IMG_2586.JPG,13.0,1.2915949821472168,1.3021918535232544,0.010596835054457188,11.697808265686035,11.708404541015625,midpoint,46,single_rater_weak
2025_09_15_Re4StRes_T1_DSV/IMG_2587.JPG,plot_a04b04c31d587b2d46a5,dsv_asendorf_t1_bbch11,/home/nfs/data/nvme_datasets/Pictures_CFSB_leaf_damage/2025_09_15_Re4StRes_T1_DSV/IMG_2587.JPG,19.0,1.59033203125,1.7337480783462524,0.14341601729393005,17.266252517700195,17.40966796875,midpoint,46,single_rater_weak
2025_09_15_Re4StRes_T1_DSV/IMG_2588.JPG,plot_e8f4692a65bceb6ce3e4,dsv_asendorf_t1_bbch11,/home/nfs/data/nvme_datasets/Pictures_CFSB_leaf_damage/2025_09_15_Re4StRes_T1_DSV/IMG_2588.JPG,4.0,1.9318571090698242,1.6936001777648926,-0.23825699090957642,2.3063998222351074,2.068142890930176,midpoint,46,single_rater_weak
2025_09_15_Re4StRes_T1_DSV/IMG_2589.JPG,plot_e8f4692a65bceb6ce3e4,dsv_asendorf_t1_bbch11,/home/nfs/data/nvme_datasets/Pictures_CFSB_leaf_damage/2025_09_15_Re4StRes_T1_DSV/IMG_2589.JPG,23.0,6.141819953918457,6.237267017364502,0.09544699639081955,16.762733459472656,16.85818099975586,midpoint,46,single_rater_weak
2025_09_15_Re4StRes_T1_DSV/IMG_2589_2.JPG,plot_e8f4692a65bceb6ce3e4,dsv_asendorf_t1_bbch11,/home/nfs/data/nvme_datasets/Pictures_CFSB_leaf_damage/2025_09_15_Re4StRes_T1_DSV/IMG_2589_2.JPG,34.0,5.084651470184326,5.087204456329346,0.0025528317783027887,28.912796020507812,28.915348052978516,midpoint,46,single_rater_weak
2025_09_15_Re4StRes_T1_DSV/IMG_2590.JPG,plot_707244c76bf8f4690ba7,dsv_asendorf_t1_bbch11,/home/nfs/data/nvme_datasets/Pictures_CFSB_leaf_damage/2025_09_15_Re4StRes_T1_DSV/IMG_2590.JPG,10.0,4.103888988494873,3.813936710357666,-0.2899523377418518,6.186063289642334,5.896111011505127,midpoint,46,single_rater_weak
2025_09_15_Re4StRes_T1_DSV/IMG_2591.JPG,plot_707244c76bf8f4690ba7,dsv_asendorf_t1_bbch11,/home/nfs/data/nvme_datasets/Pictures_CFSB_leaf_damage/2025_09_15_Re4StRes_T1_DSV/IMG_2591.JPG,4.0,3.49753737449646,3.339885711669922,-0.1576516032218933,0.6601142883300781,0.50246262550354,midpoint,46,single_rater_weak
2025_09_15_Re4StRes_T1_DSV/IMG_2592.JPG,plot_707244c76bf8f4690ba7,dsv_asendorf_t1_bbch11,/home/nfs/data/nvme_datasets/Pictures_CFSB_leaf_damage/2025_09_15_Re4StRes_T1_DSV/IMG_2592.JPG,17.0,7.486425399780273,7.536375045776367,0.04994984343647957,9.463624954223633,9.513574600219727,midpoint,46,single_rater_weak
2025_09_15_Re4StRes_T1_DSV/IMG_2593.JPG,plot_40371a1af2798543b978,dsv_asendorf_t1_bbch11,/home/nfs/data/nvme_datasets/Pictures_CFSB_leaf_damage/2025_09_15_Re4StRes_T1_DSV/IMG_2593.JPG,10.0,1.5856399536132812,1.2689261436462402,-0.3167138695716858,8.731073379516602,8.414360046386719,midpoint,46,single_rater_weak
2025_09_15_Re4StRes_T1_DSV/IMG_2594.JPG,plot_40371a1af2798543b978,dsv_asendorf_t1_bbch11,/home/nfs/data/nvme_datasets/Pictures_CFSB_leaf_damage/2025_09_15_Re4StRes_T1_DSV/IMG_2594.JPG,1.0,2.5082011222839355,1.9309628009796143,-0.5772383809089661,0.9309628009796143,1.5082011222839355,midpoint,46,single_rater_weak
2025_09_15_Re4StRes_T1_DSV/IMG_2595.JPG,plot_40371a1af2798543b978,dsv_asendorf_t1_bbch11,/home/nfs/data/nvme_datasets/Pictures_CFSB_leaf_damage/2025_09_15_Re4StRes_T1_DSV/IMG_2595.JPG,3.0,9.708683967590332,9.920687675476074,0.21200326085090637,6.920687675476074,6.708683967590332,midpoint,46,single_rater_weak
2025_09_15_Re4StRes_T1_DSV/IMG_2596.JPG,plot_2d323249f2cdbc401337,dsv_asendorf_t1_bbch11,/home/nfs/data/nvme_datasets/Pictures_CFSB_leaf_damage/2025_09_15_Re4StRes_T1_DSV/IMG_2596.JPG,5.0,1.1764230728149414,0.7640787959098816,-0.4123442769050598,4.235921382904053,3.8235769271850586,midpoint,46,single_rater_weak
2025_09_15_Re4StRes_T1_DSV/IMG_2597.JPG,plot_2d323249f2cdbc401337,dsv_asendorf_t1_bbch11,/home/nfs/data/nvme_datasets/Pictures_CFSB_leaf_damage/2025_09_15_Re4StRes_T1_DSV/IMG_2597.JPG,4.0,1.2567248344421387,0.7100982666015625,-0.5466265678405762,3.2899017333984375,2.7432751655578613,midpoint,46,single_rater_weak
2025_09_15_Re4StRes_T1_DSV/IMG_2598.JPG,plot_2d323249f2cdbc401337,dsv_asendorf_t1_bbch11,/home/nfs/data/nvme_datasets/Pictures_CFSB_leaf_damage/2025_09_15_Re4StRes_T1_DSV/IMG_2598.JPG,23.0,3.573564291000366,3.937710762023926,0.3641463816165924,19.06229019165039,19.426435470581055,midpoint,46,single_rater_weak
2025_09_15_Re4StRes_T1_DSV/IMG_2599.JPG,plot_7e3914ccf642d49c8258,dsv_asendorf_t1_bbch11,/home/nfs/data/nvme_datasets/Pictures_CFSB_leaf_damage/2025_09_15_Re4StRes_T1_DSV/IMG_2599.JPG,23.0,2.553670883178711,2.219921588897705,-0.3337492048740387,20.780078887939453,20.44632911682129,midpoint,46,single_rater_weak
2025_09_15_Re4StRes_T1_DSV/IMG_2600.JPG,plot_7e3914ccf642d49c8258,dsv_asendorf_t1_bbch11,/home/nfs/data/nvme_datasets/Pictures_CFSB_leaf_damage/2025_09_15_Re4StRes_T1_DSV/IMG_2600.JPG,7.0,2.0231642723083496,1.9193799495697021,-0.10378438234329224,5.080619812011719,4.97683572769165,midpoint,46,single_rater_weak
2025_09_15_Re4StRes_T1_DSV/IMG_2601.JPG,plot_7e3914ccf642d49c8258,dsv_asendorf_t1_bbch11,/home/nfs/data/nvme_datasets/Pictures_CFSB_leaf_damage/2025_09_15_Re4StRes_T1_DSV/IMG_2601.JPG,6.0,2.716012954711914,2.7144458293914795,-0.0015671621076762676,3.2855541706085205,3.283987045288086,midpoint,46,single_rater_weak
2025_09_15_Re4StRes_T1_DSV/IMG_2602.JPG,plot_4c75cf4fe53b689660ca,dsv_asendorf_t1_bbch11,/home/nfs/data/nvme_datasets/Pictures_CFSB_leaf_damage/2025_09_15_Re4StRes_T1_DSV/IMG_2602.JPG,3.0,2.1734652519226074,1.6235570907592773,-0.5499082207679749,1.3764429092407227,0.8265347480773926,midpoint,46,single_rater_weak
2025_09_15_Re4StRes_T1_DSV/IMG_2603.JPG,plot_4c75cf4fe53b689660ca,dsv_asendorf_t1_bbch11,/home/nfs/data/nvme_datasets/Pictures_CFSB_leaf_damage/2025_09_15_Re4StRes_T1_DSV/IMG_2603.JPG,7.0,6.798402786254883,6.302781105041504,-0.4956217408180237,0.6972188949584961,0.2015972137451172,midpoint,46,single_rater_weak
2025_09_15_Re4StRes_T1_DSV/IMG_2604.JPG,plot_4c75cf4fe53b689660ca,dsv_asendorf_t1_bbch11,/home/nfs/data/nvme_datasets/Pictures_CFSB_leaf_damage/2025_09_15_Re4StRes_T1_DSV/IMG_2604.JPG,35.0,9.98967170715332,10.02224063873291,0.03256921470165253,24.977760314941406,25.01032829284668,midpoint,46,single_rater_weak
2025_09_15_Re4StRes_T1_DSV/IMG_2605.JPG,plot_5a26296d1fb3d29bbb28,dsv_asendorf_t1_bbch11,/home/nfs/data/nvme_datasets/Pictures_CFSB_leaf_damage/2025_09_15_Re4StRes_T1_DSV/IMG_2605.JPG,2.0,2.282776355743408,2.1012606620788574,-0.1815156489610672,0.10126066207885742,0.2827763557434082,midpoint,46,single_rater_weak
2025_09_15_Re4StRes_T1_DSV/IMG_2606.JPG,plot_5a26296d1fb3d29bbb28,dsv_asendorf_t1_bbch11,/home/nfs/data/nvme_datasets/Pictures_CFSB_leaf_damage/2025_09_15_Re4StRes_T1_DSV/IMG_2606.JPG,18.0,2.6132164001464844,2.955268383026123,0.34205204248428345,15.044731140136719,15.386783599853516,midpoint,46,single_rater_weak
2025_09_15_Re4StRes_T1_DSV/IMG_2606_2.JPG,plot_5a26296d1fb3d29bbb28,dsv_asendorf_t1_bbch11,/home/nfs/data/nvme_datasets/Pictures_CFSB_leaf_damage/2025_09_15_Re4StRes_T1_DSV/IMG_2606_2.JPG,4.0,1.710731029510498,1.1572744846343994,-0.5534564852714539,2.8427255153656006,2.289268970489502,midpoint,46,single_rater_weak
2025_09_15_Re4StRes_T1_DSV/IMG_2608.JPG,plot_46c1efcf4428e47a8433,dsv_asendorf_t1_bbch11,/home/nfs/data/nvme_datasets/Pictures_CFSB_leaf_damage/2025_09_15_Re4StRes_T1_DSV/IMG_2608.JPG,2.0,3.7565183639526367,4.052593231201172,0.29607486724853516,2.052593231201172,1.7565183639526367,midpoint,46,single_rater_weak
2025_09_15_Re4StRes_T1_DSV/IMG_2609.JPG,plot_46c1efcf4428e47a8433,dsv_asendorf_t1_bbch11,/home/nfs/data/nvme_datasets/Pictures_CFSB_leaf_damage/2025_09_15_Re4StRes_T1_DSV/IMG_2609.JPG,5.0,2.6399292945861816,2.07741117477417,-0.5625181198120117,2.92258882522583,2.3600707054138184,midpoint,46,single_rater_weak
2025_09_15_Re4StRes_T1_DSV/IMG_2610.JPG,plot_46c1efcf4428e47a8433,dsv_asendorf_t1_bbch11,/home/nfs/data/nvme_datasets/Pictures_CFSB_leaf_damage/2025_09_15_Re4StRes_T1_DSV/IMG_2610.JPG,11.0,3.9724013805389404,3.704918384552002,-0.2674829363822937,7.295081615447998,7.0275983810424805,midpoint,46,single_rater_weak
2025_09_15_Re4StRes_T1_DSV/IMG_2611.JPG,plot_6ad87ac5e10c8f43e276,dsv_asendorf_t1_bbch11,/home/nfs/data/nvme_datasets/Pictures_CFSB_leaf_damage/2025_09_15_Re4StRes_T1_DSV/IMG_2611.JPG,3.0,0.8360943794250488,0.7544140219688416,-0.08168034255504608,2.2455859184265137,2.163905620574951,midpoint,46,single_rater_weak
2025_09_15_Re4StRes_T1_DSV/IMG_2612.JPG,plot_6ad87ac5e10c8f43e276,dsv_asendorf_t1_bbch11,/home/nfs/data/nvme_datasets/Pictures_CFSB_leaf_damage/2025_09_15_Re4StRes_T1_DSV/IMG_2612.JPG,3.0,0.5878314971923828,0.5773978233337402,-0.010433644987642765,2.4226021766662598,2.412168502807617,midpoint,46,single_rater_weak
2025_09_15_Re4StRes_T1_DSV/IMG_2613.JPG,plot_6ad87ac5e10c8f43e276,dsv_asendorf_t1_bbch11,/home/nfs/data/nvme_datasets/Pictures_CFSB_leaf_damage/2025_09_15_Re4StRes_T1_DSV/IMG_2613.JPG,40.0,3.935574769973755,4.209018707275391,0.2734437584877014,35.79098129272461,36.06442642211914,midpoint,46,single_rater_weak
2025_09_15_Re4StRes_T1_DSV/IMG_2614.JPG,plot_9b875862086dac6bd729,dsv_asendorf_t1_bbch11,/home/nfs/data/nvme_datasets/Pictures_CFSB_leaf_damage/2025_09_15_Re4StRes_T1_DSV/IMG_2614.JPG,4.0,3.0062570571899414,2.8787245750427246,-0.12753236293792725,1.1212754249572754,0.9937429428100586,midpoint,46,single_rater_weak
2025_09_15_Re4StRes_T1_DSV/IMG_2615.JPG,plot_9b875862086dac6bd729,dsv_asendorf_t1_bbch11,/home/nfs/data/nvme_datasets/Pictures_CFSB_leaf_damage/2025_09_15_Re4StRes_T1_DSV/IMG_2615.JPG,12.0,2.578787326812744,2.5082907676696777,-0.07049645483493805,9.491708755493164,9.421213150024414,midpoint,46,single_rater_weak
2025_09_15_Re4StRes_T1_DSV/IMG_2616.JPG,plot_9b875862086dac6bd729,dsv_asendorf_t1_bbch11,/home/nfs/data/nvme_datasets/Pictures_CFSB_leaf_damage/2025_09_15_Re4StRes_T1_DSV/IMG_2616.JPG,14.0,4.786221027374268,4.816288471221924,0.030067313462495804,9.183712005615234,9.21377944946289,midpoint,46,single_rater_weak
2025_09_15_Re4StRes_T1_DSV/IMG_2617.JPG,plot_b2a3e31c2e6cc1eb0673,dsv_asendorf_t1_bbch11,/home/nfs/data/nvme_datasets/Pictures_CFSB_leaf_damage/2025_09_15_Re4StRes_T1_DSV/IMG_2617.JPG,2.0,1.621382236480713,1.4597151279449463,-0.16166715323925018,0.5402848720550537,0.3786177635192871,midpoint,46,single_rater_weak
2025_09_15_Re4StRes_T1_DSV/IMG_2618.JPG,plot_b2a3e31c2e6cc1eb0673,dsv_asendorf_t1_bbch11,/home/nfs/data/nvme_datasets/Pictures_CFSB_leaf_damage/2025_09_15_Re4StRes_T1_DSV/IMG_2618.JPG,12.0,2.420034408569336,2.408982515335083,-0.011051836423575878,9.591017723083496,9.579965591430664,midpoint,46,single_rater_weak
2025_09_15_Re4StRes_T1_DSV/IMG_2619.JPG,plot_b2a3e31c2e6cc1eb0673,dsv_asendorf_t1_bbch11,/home/nfs/data/nvme_datasets/Pictures_CFSB_leaf_damage/2025_09_15_Re4StRes_T1_DSV/IMG_2619.JPG,17.0,2.5560646057128906,2.117281675338745,-0.4387829899787903,14.882718086242676,14.44393539428711,midpoint,46,single_rater_weak
2025_09_15_Re4StRes_T1_DSV/IMG_2620.JPG,plot_b03192acadc05d9ac642,dsv_asendorf_t1_bbch11,/home/nfs/data/nvme_datasets/Pictures_CFSB_leaf_damage/2025_09_15_Re4StRes_T1_DSV/IMG_2620.JPG,3.0,0.600433349609375,0.05675226449966431,-0.5436810851097107,2.9432477951049805,2.399566650390625,midpoint,46,single_rater_weak
2025_09_15_Re4StRes_T1_DSV/IMG_2621.JPG,plot_b03192acadc05d9ac642,dsv_asendorf_t1_bbch11,/home/nfs/data/nvme_datasets/Pictures_CFSB_leaf_damage/2025_09_15_Re4StRes_T1_DSV/IMG_2621.JPG,5.0,0.923001766204834,0.6302067041397095,-0.2927950322628021,4.36979341506958,4.076998233795166,midpoint,46,single_rater_weak
2025_09_15_Re4StRes_T1_DSV/IMG_2622.JPG,plot_b03192acadc05d9ac642,dsv_asendorf_t1_bbch11,/home/nfs/data/nvme_datasets/Pictures_CFSB_leaf_damage/2025_09_15_Re4StRes_T1_DSV/IMG_2622.JPG,7.0,1.6413326263427734,1.417891263961792,-0.22344130277633667,5.582108497619629,5.358667373657227,midpoint,46,single_rater_weak
2025_09_15_Re4StRes_T1_DSV/IMG_2623.JPG,plot_ad2868ba0107fb9b7835,dsv_asendorf_t1_bbch11,/home/nfs/data/nvme_datasets/Pictures_CFSB_leaf_damage/2025_09_15_Re4StRes_T1_DSV/IMG_2623.JPG,10.0,2.9615297317504883,3.167673110961914,0.20614340901374817,6.832326889038086,7.038470268249512,midpoint,46,single_rater_weak
2025_09_15_Re4StRes_T1_DSV/IMG_2624.JPG,plot_ad2868ba0107fb9b7835,dsv_asendorf_t1_bbch11,/home/nfs/data/nvme_datasets/Pictures_CFSB_leaf_damage/2025_09_15_Re4StRes_T1_DSV/IMG_2624.JPG,2.0,3.870285749435425,4.303554534912109,0.4332689940929413,2.3035545349121094,1.8702857494354248,midpoint,46,single_rater_weak
2025_09_15_Re4StRes_T1_DSV/IMG_2625.JPG,plot_ad2868ba0107fb9b7835,dsv_asendorf_t1_bbch11,/home/nfs/data/nvme_datasets/Pictures_CFSB_leaf_damage/2025_09_15_Re4StRes_T1_DSV/IMG_2625.JPG,19.0,3.0369977951049805,3.1793341636657715,0.14233624935150146,15.82066535949707,15.96300220489502,midpoint,46,single_rater_weak
2025_09_15_Re4StRes_T1_DSV/IMG_2626.JPG,plot_d36ced0541e95ee9540c,dsv_asendorf_t1_bbch11,/home/nfs/data/nvme_datasets/Pictures_CFSB_leaf_damage/2025_09_15_Re4StRes_T1_DSV/IMG_2626.JPG,10.0,1.3477649688720703,1.4042001962661743,0.056435246020555496,8.595799446105957,8.65223503112793,midpoint,46,single_rater_weak
2025_09_15_Re4StRes_T1_DSV/IMG_2627.JPG,plot_d36ced0541e95ee9540c,dsv_asendorf_t1_bbch11,/home/nfs/data/nvme_datasets/Pictures_CFSB_leaf_damage/2025_09_15_Re4StRes_T1_DSV/IMG_2627.JPG,2.0,0.8240456581115723,0.6244333982467651,-0.19961225986480713,1.3755666017532349,1.1759543418884277,midpoint,46,single_rater_weak
2025_09_15_Re4StRes_T1_DSV/IMG_2628.JPG,plot_d36ced0541e95ee9540c,dsv_asendorf_t1_bbch11,/home/nfs/data/nvme_datasets/Pictures_CFSB_leaf_damage/2025_09_15_Re4StRes_T1_DSV/IMG_2628.JPG,18.0,2.9012551307678223,2.885503053665161,-0.015752019360661507,15.114497184753418,15.098745346069336,midpoint,46,single_rater_weak
2025_09_15_Re4StRes_T1_DSV/IMG_2629.JPG,plot_aa0809a29b3adcfe1082,dsv_asendorf_t1_bbch11,/home/nfs/data/nvme_datasets/Pictures_CFSB_leaf_damage/2025_09_15_Re4StRes_T1_DSV/IMG_2629.JPG,8.0,1.1345019340515137,1.354221224784851,0.21971924602985382,6.645778656005859,6.865498065948486,midpoint,46,single_rater_weak
2025_09_15_Re4StRes_T1_DSV/IMG_2630.JPG,plot_aa0809a29b3adcfe1082,dsv_asendorf_t1_bbch11,/home/nfs/data/nvme_datasets/Pictures_CFSB_leaf_damage/2025_09_15_Re4StRes_T1_DSV/IMG_2630.JPG,23.0,1.34653902053833,1.7130999565124512,0.3665609359741211,21.28689956665039,21.653461456298828,midpoint,46,single_rater_weak
2025_09_15_Re4StRes_T1_DSV/IMG_2631.JPG,plot_aa0809a29b3adcfe1082,dsv_asendorf_t1_bbch11,/home/nfs/data/nvme_datasets/Pictures_CFSB_leaf_damage/2025_09_15_Re4StRes_T1_DSV/IMG_2631.JPG,15.0,0.47879743576049805,0.7349332571029663,0.2561357915401459,14.265067100524902,14.521202087402344,midpoint,46,single_rater_weak
2025_09_15_Re4StRes_T1_DSV/IMG_2632.JPG,plot_a80ff455babb8bbad605,dsv_asendorf_t1_bbch11,/home/nfs/data/nvme_datasets/Pictures_CFSB_leaf_damage/2025_09_15_Re4StRes_T1_DSV/IMG_2632.JPG,32.0,3.5614123344421387,3.7985999584198,0.23718757927417755,28.201400756835938,28.438587188720703,midpoint,46,single_rater_weak
2025_09_15_Re4StRes_T1_DSV/IMG_2633.JPG,plot_a80ff455babb8bbad605,dsv_asendorf_t1_bbch11,/home/nfs/data/nvme_datasets/Pictures_CFSB_leaf_damage/2025_09_15_Re4StRes_T1_DSV/IMG_2633.JPG,39.0,2.724973678588867,3.0416343212127686,0.3166605532169342,35.95836639404297,36.2750244140625,midpoint,46,single_rater_weak
2025_09_15_Re4StRes_T1_DSV/IMG_2634.JPG,plot_a80ff455babb8bbad605,dsv_asendorf_t1_bbch11,/home/nfs/data/nvme_datasets/Pictures_CFSB_leaf_damage/2025_09_15_Re4StRes_T1_DSV/IMG_2634.JPG,40.0,5.892397880554199,5.992639064788818,0.10024136304855347,34.007362365722656,34.107601165771484,midpoint,46,single_rater_weak
2025_09_15_Re4StRes_T1_DSV/IMG_2635.JPG,plot_73516a1533725dd1f172,dsv_asendorf_t1_bbch11,/home/nfs/data/nvme_datasets/Pictures_CFSB_leaf_damage/2025_09_15_Re4StRes_T1_DSV/IMG_2635.JPG,24.0,3.6416218280792236,3.938253164291382,0.2966313064098358,20.06174659729004,20.35837745666504,midpoint,46,single_rater_weak
2025_09_15_Re4StRes_T1_DSV/IMG_2636.JPG,plot_73516a1533725dd1f172,dsv_asendorf_t1_bbch11,/home/nfs/data/nvme_datasets/Pictures_CFSB_leaf_damage/2025_09_15_Re4StRes_T1_DSV/IMG_2636.JPG,36.0,5.042792320251465,5.080866813659668,0.03807465732097626,30.919132232666016,30.95720672607422,midpoint,46,single_rater_weak
2025_09_15_Re4StRes_T1_DSV/IMG_2637.JPG,plot_73516a1533725dd1f172,dsv_asendorf_t1_bbch11,/home/nfs/data/nvme_datasets/Pictures_CFSB_leaf_damage/2025_09_15_Re4StRes_T1_DSV/IMG_2637.JPG,42.0,4.654311180114746,5.026638984680176,0.37232768535614014,36.97336196899414,37.34568786621094,midpoint,46,single_rater_weak
2025_09_15_Re4StRes_T1_DSV/IMG_2638.JPG,plot_8fcd736eda326263efa9,dsv_asendorf_t1_bbch11,/home/nfs/data/nvme_datasets/Pictures_CFSB_leaf_damage/2025_09_15_Re4StRes_T1_DSV/IMG_2638.JPG,30.0,3.806260347366333,3.926069974899292,0.11980962008237839,26.073930740356445,26.19373893737793,midpoint,46,single_rater_weak
2025_09_15_Re4StRes_T1_DSV/IMG_2639.JPG,plot_8fcd736eda326263efa9,dsv_asendorf_t1_bbch11,/home/nfs/data/nvme_datasets/Pictures_CFSB_leaf_damage/2025_09_15_Re4StRes_T1_DSV/IMG_2639.JPG,42.0,1.475809097290039,1.1161704063415527,-0.3596387505531311,40.88383102416992,40.524192810058594,midpoint,46,single_rater_weak
2025_09_15_Re4StRes_T1_DSV/IMG_2640.JPG,plot_8fcd736eda326263efa9,dsv_asendorf_t1_bbch11,/home/nfs/data/nvme_datasets/Pictures_CFSB_leaf_damage/2025_09_15_Re4StRes_T1_DSV/IMG_2640.JPG,45.0,6.877355098724365,6.928818225860596,0.05146326497197151,38.07118225097656,38.12264633178711,midpoint,46,single_rater_weak
2025_09_15_Re4StRes_T1_DSV/IMG_2641.JPG,plot_4e2d6e2c277a5922c74b,dsv_asendorf_t1_bbch11,/home/nfs/data/nvme_datasets/Pictures_CFSB_leaf_damage/2025_09_15_Re4StRes_T1_DSV/IMG_2641.JPG,28.0,1.8573598861694336,1.8067985773086548,-0.05056136101484299,26.193201065063477,26.14263916015625,midpoint,46,single_rater_weak
2025_09_15_Re4StRes_T1_DSV/IMG_2642.JPG,plot_4e2d6e2c277a5922c74b,dsv_asendorf_t1_bbch11,/home/nfs/data/nvme_datasets/Pictures_CFSB_leaf_damage/2025_09_15_Re4StRes_T1_DSV/IMG_2642.JPG,2.0,3.0010647773742676,3.174180507659912,0.17311584949493408,1.174180507659912,1.0010647773742676,midpoint,46,single_rater_weak
2025_09_15_Re4StRes_T1_DSV/IMG_2643.JPG,plot_4e2d6e2c277a5922c74b,dsv_asendorf_t1_bbch11,/home/nfs/data/nvme_datasets/Pictures_CFSB_leaf_damage/2025_09_15_Re4StRes_T1_DSV/IMG_2643.JPG,3.0,1.5149450302124023,1.0534971952438354,-0.4614478647708893,1.9465028047561646,1.4850549697875977,midpoint,46,single_rater_weak
2025_09_15_Re4StRes_T1_DSV/IMG_2644.JPG,plot_7db3d9c8037049d83796,dsv_asendorf_t1_bbch11,/home/nfs/data/nvme_datasets/Pictures_CFSB_leaf_damage/2025_09_15_Re4StRes_T1_DSV/IMG_2644.JPG,1.0,1.4477825164794922,1.012891411781311,-0.43489110469818115,0.012891411781311035,0.4477825164794922,midpoint,46,single_rater_weak
2025_09_15_Re4StRes_T1_DSV/IMG_2645.JPG,plot_7db3d9c8037049d83796,dsv_asendorf_t1_bbch11,/home/nfs/data/nvme_datasets/Pictures_CFSB_leaf_damage/2025_09_15_Re4StRes_T1_DSV/IMG_2645.JPG,2.0,1.2121801376342773,0.4390786290168762,-0.7731015086174011,1.5609214305877686,0.7878198623657227,midpoint,46,single_rater_weak
2025_09_15_Re4StRes_T1_DSV/IMG_2646.JPG,plot_7db3d9c8037049d83796,dsv_asendorf_t1_bbch11,/home/nfs/data/nvme_datasets/Pictures_CFSB_leaf_damage/2025_09_15_Re4StRes_T1_DSV/IMG_2646.JPG,8.0,2.0018868446350098,1.8900519609451294,-0.11183484643697739,6.10994815826416,5.99811315536499,midpoint,46,single_rater_weak
2025_09_15_Re4StRes_T1_DSV/IMG_2647.JPG,plot_6d60b4e277f2e74cc45f,dsv_asendorf_t1_bbch11,/home/nfs/data/nvme_datasets/Pictures_CFSB_leaf_damage/2025_09_15_Re4StRes_T1_DSV/IMG_2647.JPG,9.0,2.743995189666748,2.3050546646118164,-0.4389406442642212,6.694945335388184,6.256004810333252,midpoint,46,single_rater_weak
2025_09_15_Re4StRes_T1_DSV/IMG_2648.JPG,plot_6d60b4e277f2e74cc45f,dsv_asendorf_t1_bbch11,/home/nfs/data/nvme_datasets/Pictures_CFSB_leaf_damage/2025_09_15_Re4StRes_T1_DSV/IMG_2648.JPG,24.0,2.7487869262695312,2.338181734085083,-0.410605251789093,21.66181755065918,21.25121307373047,midpoint,46,single_rater_weak
2025_09_15_Re4StRes_T1_DSV/IMG_2649.JPG,plot_6d60b4e277f2e74cc45f,dsv_asendorf_t1_bbch11,/home/nfs/data/nvme_datasets/Pictures_CFSB_leaf_damage/2025_09_15_Re4StRes_T1_DSV/IMG_2649.JPG,3.0,1.8222894668579102,1.1418678760528564,-0.6804216504096985,1.8581321239471436,1.1777105331420898,midpoint,46,single_rater_weak
2025_09_15_Re4StRes_T1_DSV/IMG_2650.JPG,plot_f42d982b26d6135b33d5,dsv_asendorf_t1_bbch11,/home/nfs/data/nvme_datasets/Pictures_CFSB_leaf_damage/2025_09_15_Re4StRes_T1_DSV/IMG_2650.JPG,2.0,1.503964900970459,0.8762406706809998,-0.6277242302894592,1.1237592697143555,0.496035099029541,midpoint,46,single_rater_weak
2025_09_15_Re4StRes_T1_DSV/IMG_2651.JPG,plot_f42d982b26d6135b33d5,dsv_asendorf_t1_bbch11,/home/nfs/data/nvme_datasets/Pictures_CFSB_leaf_damage/2025_09_15_Re4StRes_T1_DSV/IMG_2651.JPG,1.0,0.950202465057373,0.4024457335472107,-0.5477567315101624,0.5975542664527893,0.04979753494262695,midpoint,46,single_rater_weak
2025_09_15_Re4StRes_T1_DSV/IMG_2652.JPG,plot_f42d982b26d6135b33d5,dsv_asendorf_t1_bbch11,/home/nfs/data/nvme_datasets/Pictures_CFSB_leaf_damage/2025_09_15_Re4StRes_T1_DSV/IMG_2652.JPG,13.0,1.5530610084533691,0.9764549136161804,-0.5766060948371887,12.023545265197754,11.446939468383789,midpoint,46,single_rater_weak
2025_09_15_Re4StRes_T1_DSV/IMG_2653.JPG,plot_3b786930378c9a733914,dsv_asendorf_t1_bbch11,/home/nfs/data/nvme_datasets/Pictures_CFSB_leaf_damage/2025_09_15_Re4StRes_T1_DSV/IMG_2653.JPG,11.0,1.3474621772766113,0.9946237206459045,-0.3528384566307068,10.005375862121582,9.652538299560547,midpoint,46,single_rater_weak
2025_09_15_Re4StRes_T1_DSV/IMG_2654.JPG,plot_3b786930378c9a733914,dsv_asendorf_t1_bbch11,/home/nfs/data/nvme_datasets/Pictures_CFSB_leaf_damage/2025_09_15_Re4StRes_T1_DSV/IMG_2654.JPG,7.0,0.8094310760498047,0.3614993393421173,-0.4479317367076874,6.638500690460205,6.190568923950195,midpoint,46,single_rater_weak
2025_09_15_Re4StRes_T1_DSV/IMG_2655.JPG,plot_3b786930378c9a733914,dsv_asendorf_t1_bbch11,/home/nfs/data/nvme_datasets/Pictures_CFSB_leaf_damage/2025_09_15_Re4StRes_T1_DSV/IMG_2655.JPG,8.0,4.934948444366455,5.002729415893555,0.06778073310852051,2.9972705841064453,3.065051555633545,midpoint,46,single_rater_weak
2025_09_15_Re4StRes_T1_DSV/IMG_2656.JPG,plot_be9f8bc4fd001859e553,dsv_asendorf_t1_bbch11,/home/nfs/data/nvme_datasets/Pictures_CFSB_leaf_damage/2025_09_15_Re4StRes_T1_DSV/IMG_2656.JPG,2.0,3.4549028873443604,3.3326473236083984,-0.12225554138422012,1.3326473236083984,1.4549028873443604,midpoint,46,single_rater_weak
2025_09_15_Re4StRes_T1_DSV/IMG_2657.JPG,plot_be9f8bc4fd001859e553,dsv_asendorf_t1_bbch11,/home/nfs/data/nvme_datasets/Pictures_CFSB_leaf_damage/2025_09_15_Re4StRes_T1_DSV/IMG_2657.JPG,1.0,5.78933572769165,5.538433074951172,-0.25090262293815613,4.538433074951172,4.78933572769165,midpoint,46,single_rater_weak
2025_09_15_Re4StRes_T1_DSV/IMG_2657_2.JPG,plot_be9f8bc4fd001859e553,dsv_asendorf_t1_bbch11,/home/nfs/data/nvme_datasets/Pictures_CFSB_leaf_damage/2025_09_15_Re4StRes_T1_DSV/IMG_2657_2.JPG,6.0,2.6616783142089844,2.1040406227111816,-0.557637631893158,3.8959593772888184,3.3383216857910156,midpoint,46,single_rater_weak
2025_09_15_Re4StRes_T1_DSV/IMG_2659.JPG,plot_8f8a0ed1a54d2a6671f4,dsv_asendorf_t1_bbch11,/home/nfs/data/nvme_datasets/Pictures_CFSB_leaf_damage/2025_09_15_Re4StRes_T1_DSV/IMG_2659.JPG,15.0,3.1912713050842285,2.7912817001342773,-0.399989515542984,12.208718299865723,11.80872917175293,midpoint,46,single_rater_weak
2025_09_15_Re4StRes_T1_DSV/IMG_2660.JPG,plot_8f8a0ed1a54d2a6671f4,dsv_asendorf_t1_bbch11,/home/nfs/data/nvme_datasets/Pictures_CFSB_leaf_damage/2025_09_15_Re4StRes_T1_DSV/IMG_2660.JPG,18.0,3.9834651947021484,3.752279281616211,-0.23118579387664795,14.247720718383789,14.016534805297852,midpoint,46,single_rater_weak
2025_09_15_Re4StRes_T1_DSV/IMG_2661.JPG,plot_8f8a0ed1a54d2a6671f4,dsv_asendorf_t1_bbch11,/home/nfs/data/nvme_datasets/Pictures_CFSB_leaf_damage/2025_09_15_Re4StRes_T1_DSV/IMG_2661.JPG,25.0,3.266641139984131,3.076033592224121,-0.19060763716697693,21.923965454101562,21.73335838317871,midpoint,46,single_rater_weak
2025_09_15_Re4StRes_T1_DSV/IMG_2662.JPG,plot_7dff48577a5b7ced7d39,dsv_asendorf_t1_bbch11,/home/nfs/data/nvme_datasets/Pictures_CFSB_leaf_damage/2025_09_15_Re4StRes_T1_DSV/IMG_2662.JPG,12.0,2.469180107116699,2.4434492588043213,-0.025730842724442482,9.556550979614258,9.5308198928833,midpoint,46,single_rater_weak
2025_09_15_Re4StRes_T1_DSV/IMG_2663.JPG,plot_7dff48577a5b7ced7d39,dsv_asendorf_t1_bbch11,/home/nfs/data/nvme_datasets/Pictures_CFSB_leaf_damage/2025_09_15_Re4StRes_T1_DSV/IMG_2663.JPG,38.0,4.252421855926514,4.227374076843262,-0.025047801434993744,33.77262496948242,33.74757766723633,midpoint,46,single_rater_weak
2025_09_15_Re4StRes_T1_DSV/IMG_2664.JPG,plot_7dff48577a5b7ced7d39,dsv_asendorf_t1_bbch11,/home/nfs/data/nvme_datasets/Pictures_CFSB_leaf_damage/2025_09_15_Re4StRes_T1_DSV/IMG_2664.JPG,15.0,6.236867904663086,5.984907627105713,-0.25196006894111633,9.015092849731445,8.763132095336914,midpoint,46,single_rater_weak
2025_09_15_Re4StRes_T1_DSV/IMG_2665.JPG,plot_fa485d2f45bfc9148558,dsv_asendorf_t1_bbch11,/home/nfs/data/nvme_datasets/Pictures_CFSB_leaf_damage/2025_09_15_Re4StRes_T1_DSV/IMG_2665.JPG,45.0,4.744265556335449,4.857019901275635,0.1127542108297348,40.14297866821289,40.255733489990234,midpoint,46,single_rater_weak
2025_09_15_Re4StRes_T1_DSV/IMG_2666.JPG,plot_fa485d2f45bfc9148558,dsv_asendorf_t1_bbch11,/home/nfs/data/nvme_datasets/Pictures_CFSB_leaf_damage/2025_09_15_Re4StRes_T1_DSV/IMG_2666.JPG,40.0,1.7689547538757324,1.896909475326538,0.12795472145080566,38.103092193603516,38.23104476928711,midpoint,46,single_rater_weak
2025_09_15_Re4StRes_T1_DSV/IMG_2667.JPG,plot_fa485d2f45bfc9148558,dsv_asendorf_t1_bbch11,/home/nfs/data/nvme_datasets/Pictures_CFSB_leaf_damage/2025_09_15_Re4StRes_T1_DSV/IMG_2667.JPG,10.0,0.522585391998291,0.5052223801612854,-0.017362983897328377,9.49477767944336,9.477415084838867,midpoint,46,single_rater_weak
2025_09_15_Re4StRes_T1_DSV/IMG_2668.JPG,plot_fda0b4cafe14bb4573e3,dsv_asendorf_t1_bbch11,/home/nfs/data/nvme_datasets/Pictures_CFSB_leaf_damage/2025_09_15_Re4StRes_T1_DSV/IMG_2668.JPG,42.0,4.149078845977783,4.5150146484375,0.36593592166900635,37.4849853515625,37.850921630859375,midpoint,46,single_rater_weak
2025_09_15_Re4StRes_T1_DSV/IMG_2669.JPG,plot_fda0b4cafe14bb4573e3,dsv_asendorf_t1_bbch11,/home/nfs/data/nvme_datasets/Pictures_CFSB_leaf_damage/2025_09_15_Re4StRes_T1_DSV/IMG_2669.JPG,40.0,0.3922123908996582,0.34241724014282227,-0.04979516565799713,39.6575813293457,39.6077880859375,midpoint,46,single_rater_weak
2025_09_15_Re4StRes_T1_DSV/IMG_2670.JPG,plot_fda0b4cafe14bb4573e3,dsv_asendorf_t1_bbch11,/home/nfs/data/nvme_datasets/Pictures_CFSB_leaf_damage/2025_09_15_Re4StRes_T1_DSV/IMG_2670.JPG,30.0,0.14708805084228516,-0.12559184432029724,-0.2726798951625824,30.125591278076172,29.85291290283203,midpoint,46,single_rater_weak
2025_09_15_Re4StRes_T1_DSV/IMG_2671.JPG,plot_875009e20325d359d8c9,dsv_asendorf_t1_bbch11,/home/nfs/data/nvme_datasets/Pictures_CFSB_leaf_damage/2025_09_15_Re4StRes_T1_DSV/IMG_2671.JPG,8.0,4.169244289398193,4.433939456939697,0.26469504833221436,3.5660605430603027,3.8307557106018066,midpoint,46,single_rater_weak
2025_09_15_Re4StRes_T1_DSV/IMG_2672.JPG,plot_875009e20325d359d8c9,dsv_asendorf_t1_bbch11,/home/nfs/data/nvme_datasets/Pictures_CFSB_leaf_damage/2025_09_15_Re4StRes_T1_DSV/IMG_2672.JPG,30.0,1.624943733215332,1.4505760669708252,-0.17436771094799042,28.549423217773438,28.375057220458984,midpoint,46,single_rater_weak
2025_09_15_Re4StRes_T1_DSV/IMG_2673.JPG,plot_875009e20325d359d8c9,dsv_asendorf_t1_bbch11,/home/nfs/data/nvme_datasets/Pictures_CFSB_leaf_damage/2025_09_15_Re4StRes_T1_DSV/IMG_2673.JPG,3.0,1.271561622619629,0.8054314851760864,-0.4661301374435425,2.194568634033203,1.728438377380371,midpoint,46,single_rater_weak
2025_09_15_Re4StRes_T1_DSV/IMG_2674.JPG,plot_04022cc1273501af6aaa,dsv_asendorf_t1_bbch11,/home/nfs/data/nvme_datasets/Pictures_CFSB_leaf_damage/2025_09_15_Re4StRes_T1_DSV/IMG_2674.JPG,1.0,1.123143196105957,0.7294539213180542,-0.39368927478790283,0.2705460786819458,0.12314319610595703,midpoint,46,single_rater_weak
2025_09_15_Re4StRes_T1_DSV/IMG_2675.JPG,plot_04022cc1273501af6aaa,dsv_asendorf_t1_bbch11,/home/nfs/data/nvme_datasets/Pictures_CFSB_leaf_damage/2025_09_15_Re4StRes_T1_DSV/IMG_2675.JPG,1.0,0.8923687934875488,0.349587082862854,-0.5427817106246948,0.650412917137146,0.10763120651245117,midpoint,46,single_rater_weak
2025_09_15_Re4StRes_T1_DSV/IMG_2676.JPG,plot_04022cc1273501af6aaa,dsv_asendorf_t1_bbch11,/home/nfs/data/nvme_datasets/Pictures_CFSB_leaf_damage/2025_09_15_Re4StRes_T1_DSV/IMG_2676.JPG,3.0,1.532209873199463,1.0352247953414917,-0.4969850480556488,1.9647752046585083,1.467790126800537,midpoint,46,single_rater_weak
2025_09_15_Re4StRes_T1_DSV/IMG_2677.JPG,plot_5f15397b7bb54891ab9b,dsv_asendorf_t1_bbch11,/home/nfs/data/nvme_datasets/Pictures_CFSB_leaf_damage/2025_09_15_Re4StRes_T1_DSV/IMG_2677.JPG,1.0,0.7867822647094727,-0.12526142597198486,-0.9120436906814575,1.1252614259719849,0.21321773529052734,midpoint,46,single_rater_weak
2025_09_15_Re4StRes_T1_DSV/IMG_2678.JPG,plot_5f15397b7bb54891ab9b,dsv_asendorf_t1_bbch11,/home/nfs/data/nvme_datasets/Pictures_CFSB_leaf_damage/2025_09_15_Re4StRes_T1_DSV/IMG_2678.JPG,1.0,0.7090034484863281,0.31871557235717773,-0.3902878761291504,0.6812844276428223,0.2909965515136719,midpoint,46,single_rater_weak
2025_09_15_Re4StRes_T1_DSV/IMG_2679.JPG,plot_5f15397b7bb54891ab9b,dsv_asendorf_t1_bbch11,/home/nfs/data/nvme_datasets/Pictures_CFSB_leaf_damage/2025_09_15_Re4StRes_T1_DSV/IMG_2679.JPG,1.0,0.8307466506958008,0.13383156061172485,-0.6969150900840759,0.8661684393882751,0.16925334930419922,midpoint,46,single_rater_weak
2025_09_15_Re4StRes_T1_DSV/IMG_2680.JPG,plot_a2e507dd1a5b46dd448b,dsv_asendorf_t1_bbch11,/home/nfs/data/nvme_datasets/Pictures_CFSB_leaf_damage/2025_09_15_Re4StRes_T1_DSV/IMG_2680.JPG,7.0,1.3360424041748047,0.5324655771255493,-0.8035768270492554,6.46753454208374,5.663957595825195,midpoint,46,single_rater_weak
2025_09_15_Re4StRes_T1_DSV/IMG_2681.JPG,plot_a2e507dd1a5b46dd448b,dsv_asendorf_t1_bbch11,/home/nfs/data/nvme_datasets/Pictures_CFSB_leaf_damage/2025_09_15_Re4StRes_T1_DSV/IMG_2681.JPG,5.0,0.7139291763305664,-0.30708420276641846,-1.0210133790969849,5.307084083557129,4.286070823669434,midpoint,46,single_rater_weak
2025_09_15_Re4StRes_T1_DSV/IMG_2682.JPG,plot_a2e507dd1a5b46dd448b,dsv_asendorf_t1_bbch11,/home/nfs/data/nvme_datasets/Pictures_CFSB_leaf_damage/2025_09_15_Re4StRes_T1_DSV/IMG_2682.JPG,3.0,0.20037508010864258,-0.7985585331916809,-0.9989336133003235,3.798558473587036,2.7996249198913574,midpoint,46,single_rater_weak
2025_09_15_Re4StRes_T1_DSV/IMG_2683.JPG,plot_294ecb4c0cc0415b63ba,dsv_asendorf_t1_bbch11,/home/nfs/data/nvme_datasets/Pictures_CFSB_leaf_damage/2025_09_15_Re4StRes_T1_DSV/IMG_2683.JPG,2.0,1.1573424339294434,0.7202854156494141,-0.4370570480823517,1.279714584350586,0.8426575660705566,midpoint,46,single_rater_weak
2025_09_15_Re4StRes_T1_DSV/IMG_2683_2.JPG,plot_294ecb4c0cc0415b63ba,dsv_asendorf_t1_bbch11,/home/nfs/data/nvme_datasets/Pictures_CFSB_leaf_damage/2025_09_15_Re4StRes_T1_DSV/IMG_2683_2.JPG,5.0,0.9989166259765625,1.0361286401748657,0.037212058901786804,3.963871479034424,4.0010833740234375,midpoint,46,single_rater_weak
2025_09_15_Re4StRes_T1_DSV/IMG_2684.JPG,plot_294ecb4c0cc0415b63ba,dsv_asendorf_t1_bbch11,/home/nfs/data/nvme_datasets/Pictures_CFSB_leaf_damage/2025_09_15_Re4StRes_T1_DSV/IMG_2684.JPG,7.0,0.753899097442627,0.1970098614692688,-0.5568892359733582,6.802989959716797,6.246100902557373,midpoint,46,single_rater_weak
2025_09_15_Re4StRes_T1_DSV/IMG_2686.JPG,plot_423b961101cdbd0d5304,dsv_asendorf_t1_bbch11,/home/nfs/data/nvme_datasets/Pictures_CFSB_leaf_damage/2025_09_15_Re4StRes_T1_DSV/IMG_2686.JPG,1.0,0.8004045486450195,0.17935490608215332,-0.6210496425628662,0.8206450939178467,0.19959545135498047,midpoint,46,single_rater_weak
2025_09_15_Re4StRes_T1_DSV/IMG_2687.JPG,plot_423b961101cdbd0d5304,dsv_asendorf_t1_bbch11,/home/nfs/data/nvme_datasets/Pictures_CFSB_leaf_damage/2025_09_15_Re4StRes_T1_DSV/IMG_2687.JPG,1.0,0.876563549041748,0.12427675724029541,-0.7522867918014526,0.8757232427597046,0.12343645095825195,midpoint,46,single_rater_weak
2025_09_15_Re4StRes_T1_DSV/IMG_2688.JPG,plot_423b961101cdbd0d5304,dsv_asendorf_t1_bbch11,/home/nfs/data/nvme_datasets/Pictures_CFSB_leaf_damage/2025_09_15_Re4StRes_T1_DSV/IMG_2688.JPG,1.0,0.7838592529296875,0.3367404341697693,-0.4471188187599182,0.6632595658302307,0.2161407470703125,midpoint,46,single_rater_weak
2025_09_15_Re4StRes_T1_DSV/IMG_2689.JPG,plot_dd04b204b1bcb3a5725e,dsv_asendorf_t1_bbch11,/home/nfs/data/nvme_datasets/Pictures_CFSB_leaf_damage/2025_09_15_Re4StRes_T1_DSV/IMG_2689.JPG,1.0,5.0384955406188965,4.737961769104004,-0.3005339503288269,3.737961769104004,4.0384955406188965,midpoint,46,single_rater_weak
2025_09_15_Re4StRes_T1_DSV/IMG_2690.JPG,plot_dd04b204b1bcb3a5725e,dsv_asendorf_t1_bbch11,/home/nfs/data/nvme_datasets/Pictures_CFSB_leaf_damage/2025_09_15_Re4StRes_T1_DSV/IMG_2690.JPG,2.0,1.8211565017700195,1.2469022274017334,-0.5742542147636414,0.7530977725982666,0.17884349822998047,midpoint,46,single_rater_weak
2025_09_15_Re4StRes_T1_DSV/IMG_2691.JPG,plot_dd04b204b1bcb3a5725e,dsv_asendorf_t1_bbch11,/home/nfs/data/nvme_datasets/Pictures_CFSB_leaf_damage/2025_09_15_Re4StRes_T1_DSV/IMG_2691.JPG,1.0,1.2767033576965332,0.573596179485321,-0.7031071782112122,0.42640382051467896,0.2767033576965332,midpoint,46,single_rater_weak
2025_09_15_Re4StRes_T1_DSV/IMG_2692.JPG,plot_ee34702f16a23139878d,dsv_asendorf_t1_bbch11,/home/nfs/data/nvme_datasets/Pictures_CFSB_leaf_damage/2025_09_15_Re4StRes_T1_DSV/IMG_2692.JPG,20.0,2.2843546867370605,2.162956953048706,-0.1213977187871933,17.83704376220703,17.71564483642578,midpoint,46,single_rater_weak
2025_09_15_Re4StRes_T1_DSV/IMG_2693.JPG,plot_ee34702f16a23139878d,dsv_asendorf_t1_bbch11,/home/nfs/data/nvme_datasets/Pictures_CFSB_leaf_damage/2025_09_15_Re4StRes_T1_DSV/IMG_2693.JPG,9.0,1.1694765090942383,0.7518090009689331,-0.4176675081253052,8.248190879821777,7.830523490905762,midpoint,46,single_rater_weak
2025_09_15_Re4StRes_T1_DSV/IMG_2694.JPG,plot_ee34702f16a23139878d,dsv_asendorf_t1_bbch11,/home/nfs/data/nvme_datasets/Pictures_CFSB_leaf_damage/2025_09_15_Re4StRes_T1_DSV/IMG_2694.JPG,1.0,1.1359987258911133,0.7436261773109436,-0.3923725485801697,0.2563738226890564,0.13599872589111328,midpoint,46,single_rater_weak
2025_09_15_Re4StRes_T1_DSV/IMG_2695.JPG,plot_ec431a420c01c755bc8f,dsv_asendorf_t1_bbch11,/home/nfs/data/nvme_datasets/Pictures_CFSB_leaf_damage/2025_09_15_Re4StRes_T1_DSV/IMG_2695.JPG,1.0,0.43314409255981445,-0.5092699527740479,-0.9424140453338623,1.5092699527740479,0.5668559074401855,midpoint,46,single_rater_weak
2025_09_15_Re4StRes_T1_DSV/IMG_2696.JPG,plot_ec431a420c01c755bc8f,dsv_asendorf_t1_bbch11,/home/nfs/data/nvme_datasets/Pictures_CFSB_leaf_damage/2025_09_15_Re4StRes_T1_DSV/IMG_2696.JPG,2.0,0.529085636138916,0.1269148886203766,-0.40217074751853943,1.8730851411819458,1.470914363861084,midpoint,46,single_rater_weak
2025_09_15_Re4StRes_T1_DSV/IMG_2697.JPG,plot_ec431a420c01c755bc8f,dsv_asendorf_t1_bbch11,/home/nfs/data/nvme_datasets/Pictures_CFSB_leaf_damage/2025_09_15_Re4StRes_T1_DSV/IMG_2697.JPG,1.0,0.38968992233276367,-0.12713325023651123,-0.5168231725692749,1.1271332502365112,0.6103100776672363,midpoint,46,single_rater_weak
2025_09_15_Re4StRes_T1_DSV/IMG_2698.JPG,plot_988fee0f83b74284189c,dsv_asendorf_t1_bbch11,/home/nfs/data/nvme_datasets/Pictures_CFSB_leaf_damage/2025_09_15_Re4StRes_T1_DSV/IMG_2698.JPG,7.0,0.21980857849121094,-0.09319871664047241,-0.31300729513168335,7.093198776245117,6.780191421508789,midpoint,46,single_rater_weak
2025_09_15_Re4StRes_T1_DSV/IMG_2699.JPG,plot_988fee0f83b74284189c,dsv_asendorf_t1_bbch11,/home/nfs/data/nvme_datasets/Pictures_CFSB_leaf_damage/2025_09_15_Re4StRes_T1_DSV/IMG_2699.JPG,10.0,2.251718044281006,2.255939483642578,0.004221388604491949,7.744060516357422,7.748281955718994,midpoint,46,single_rater_weak
2025_09_15_Re4StRes_T1_DSV/IMG_2700.JPG,plot_988fee0f83b74284189c,dsv_asendorf_t1_bbch11,/home/nfs/data/nvme_datasets/Pictures_CFSB_leaf_damage/2025_09_15_Re4StRes_T1_DSV/IMG_2700.JPG,32.0,1.1430516242980957,0.9102981686592102,-0.2327534705400467,31.089702606201172,30.856948852539062,midpoint,46,single_rater_weak
2025_09_15_Re4StRes_T1_DSV/IMG_2701.JPG,plot_9eb00a9bc11de06488a0,dsv_asendorf_t1_bbch11,/home/nfs/data/nvme_datasets/Pictures_CFSB_leaf_damage/2025_09_15_Re4StRes_T1_DSV/IMG_2701.JPG,11.0,1.0356526374816895,0.4227173328399658,-0.6129353046417236,10.577282905578613,9.964347839355469,midpoint,46,single_rater_weak
2025_09_15_Re4StRes_T1_DSV/IMG_2702.JPG,plot_9eb00a9bc11de06488a0,dsv_asendorf_t1_bbch11,/home/nfs/data/nvme_datasets/Pictures_CFSB_leaf_damage/2025_09_15_Re4StRes_T1_DSV/IMG_2702.JPG,1.0,1.8165416717529297,1.1764044761657715,-0.640137255191803,0.17640447616577148,0.8165416717529297,midpoint,46,single_rater_weak
2025_09_15_Re4StRes_T1_DSV/IMG_2703.JPG,plot_9eb00a9bc11de06488a0,dsv_asendorf_t1_bbch11,/home/nfs/data/nvme_datasets/Pictures_CFSB_leaf_damage/2025_09_15_Re4StRes_T1_DSV/IMG_2703.JPG,24.0,2.748602867126465,2.210904121398926,-0.5376988053321838,21.78909683227539,21.25139617919922,midpoint,46,single_rater_weak
2025_09_15_Re4StRes_T1_DSV/IMG_2704.JPG,plot_067d70ac047c7beabc7b,dsv_asendorf_t1_bbch11,/home/nfs/data/nvme_datasets/Pictures_CFSB_leaf_damage/2025_09_15_Re4StRes_T1_DSV/IMG_2704.JPG,1.0,1.2136597633361816,1.0540345907211304,-0.1596251279115677,0.05403459072113037,0.21365976333618164,midpoint,46,single_rater_weak
2025_09_15_Re4StRes_T1_DSV/IMG_2705.JPG,plot_067d70ac047c7beabc7b,dsv_asendorf_t1_bbch11,/home/nfs/data/nvme_datasets/Pictures_CFSB_leaf_damage/2025_09_15_Re4StRes_T1_DSV/IMG_2705.JPG,2.0,0.5136270523071289,0.23133084177970886,-0.28229621052742004,1.7686691284179688,1.486372947692871,midpoint,46,single_rater_weak
2025_09_15_Re4StRes_T1_DSV/IMG_2706.JPG,plot_067d70ac047c7beabc7b,dsv_asendorf_t1_bbch11,/home/nfs/data/nvme_datasets/Pictures_CFSB_leaf_damage/2025_09_15_Re4StRes_T1_DSV/IMG_2706.JPG,1.0,-0.095489501953125,-0.5588902235031128,-0.4634007513523102,1.5588902235031128,1.095489501953125,midpoint,46,single_rater_weak
2025_09_15_Re4StRes_T1_DSV/IMG_2707.JPG,plot_a634cafe461a956c2d81,dsv_asendorf_t1_bbch11,/home/nfs/data/nvme_datasets/Pictures_CFSB_leaf_damage/2025_09_15_Re4StRes_T1_DSV/IMG_2707.JPG,4.0,3.4705843925476074,3.0262887477874756,-0.44429558515548706,0.9737112522125244,0.5294156074523926,midpoint,46,single_rater_weak
2025_09_15_Re4StRes_T1_DSV/IMG_2708.JPG,plot_a634cafe461a956c2d81,dsv_asendorf_t1_bbch11,/home/nfs/data/nvme_datasets/Pictures_CFSB_leaf_damage/2025_09_15_Re4StRes_T1_DSV/IMG_2708.JPG,2.0,-0.23987340927124023,-0.670305073261261,-0.43043166399002075,2.670305013656616,2.2398734092712402,midpoint,46,single_rater_weak
2025_09_15_Re4StRes_T1_DSV/IMG_2709.JPG,plot_a634cafe461a956c2d81,dsv_asendorf_t1_bbch11,/home/nfs/data/nvme_datasets/Pictures_CFSB_leaf_damage/2025_09_15_Re4StRes_T1_DSV/IMG_2709.JPG,4.0,0.7403650283813477,0.1457362174987793,-0.5946288108825684,3.8542637825012207,3.2596349716186523,midpoint,46,single_rater_weak
2025_09_15_Re4StRes_T1_DSV/IMG_2710.JPG,plot_3b886b3e202d4072bdd2,dsv_asendorf_t1_bbch11,/home/nfs/data/nvme_datasets/Pictures_CFSB_leaf_damage/2025_09_15_Re4StRes_T1_DSV/IMG_2710.JPG,2.0,2.49261474609375,1.4766016006469727,-1.0160131454467773,0.5233983993530273,0.49261474609375,midpoint,46,single_rater_weak
2025_09_15_Re4StRes_T1_DSV/IMG_2711.JPG,plot_3b886b3e202d4072bdd2,dsv_asendorf_t1_bbch11,/home/nfs/data/nvme_datasets/Pictures_CFSB_leaf_damage/2025_09_15_Re4StRes_T1_DSV/IMG_2711.JPG,2.0,2.479586124420166,1.9921672344207764,-0.48741888999938965,0.007832765579223633,0.479586124420166,midpoint,46,single_rater_weak
2025_09_15_Re4StRes_T1_DSV/IMG_2712.JPG,plot_3b886b3e202d4072bdd2,dsv_asendorf_t1_bbch11,/home/nfs/data/nvme_datasets/Pictures_CFSB_leaf_damage/2025_09_15_Re4StRes_T1_DSV/IMG_2712.JPG,3.0,3.5250449180603027,2.9847254753112793,-0.5403194427490234,0.015274524688720703,0.5250449180603027,midpoint,46,single_rater_weak
2025_09_15_Re4StRes_T1_DSV/IMG_2713.JPG,plot_07c97a5e3a44ad63a809,dsv_asendorf_t1_bbch11,/home/nfs/data/nvme_datasets/Pictures_CFSB_leaf_damage/2025_09_15_Re4StRes_T1_DSV/IMG_2713.JPG,3.0,5.25924015045166,5.074955940246582,-0.1842842698097229,2.074955940246582,2.25924015045166,midpoint,46,single_rater_weak
2025_09_15_Re4StRes_T1_DSV/IMG_2714.JPG,plot_07c97a5e3a44ad63a809,dsv_asendorf_t1_bbch11,/home/nfs/data/nvme_datasets/Pictures_CFSB_leaf_damage/2025_09_15_Re4StRes_T1_DSV/IMG_2714.JPG,4.0,3.5039615631103516,2.9283254146575928,-0.575636088848114,1.0716745853424072,0.49603843688964844,midpoint,46,single_rater_weak
2025_09_15_Re4StRes_T1_DSV/IMG_2715.JPG,plot_07c97a5e3a44ad63a809,dsv_asendorf_t1_bbch11,/home/nfs/data/nvme_datasets/Pictures_CFSB_leaf_damage/2025_09_15_Re4StRes_T1_DSV/IMG_2715.JPG,7.0,6.875071048736572,6.229165077209473,-0.6459059715270996,0.7708349227905273,0.12492895126342773,midpoint,46,single_rater_weak
2025_09_15_Re4StRes_T1_DSV/IMG_2716.JPG,plot_53faa98749b09bdbbe6a,dsv_asendorf_t1_bbch11,/home/nfs/data/nvme_datasets/Pictures_CFSB_leaf_damage/2025_09_15_Re4StRes_T1_DSV/IMG_2716.JPG,2.0,1.6950068473815918,1.007276177406311,-0.6877306699752808,0.992723822593689,0.3049931526184082,midpoint,46,single_rater_weak
2025_09_15_Re4StRes_T1_DSV/IMG_2717.JPG,plot_53faa98749b09bdbbe6a,dsv_asendorf_t1_bbch11,/home/nfs/data/nvme_datasets/Pictures_CFSB_leaf_damage/2025_09_15_Re4StRes_T1_DSV/IMG_2717.JPG,9.0,3.3507137298583984,2.848935842514038,-0.5017778277397156,6.151063919067383,5.649286270141602,midpoint,46,single_rater_weak
2025_09_15_Re4StRes_T1_DSV/IMG_2718.JPG,plot_53faa98749b09bdbbe6a,dsv_asendorf_t1_bbch11,/home/nfs/data/nvme_datasets/Pictures_CFSB_leaf_damage/2025_09_15_Re4StRes_T1_DSV/IMG_2718.JPG,15.0,5.557132244110107,4.970006942749023,-0.5871253609657288,10.029993057250977,9.442867279052734,midpoint,46,single_rater_weak
2025_09_15_Re4StRes_T1_DSV/IMG_2719.JPG,plot_a5ea2e8d1388b1eeddc1,dsv_asendorf_t1_bbch11,/home/nfs/data/nvme_datasets/Pictures_CFSB_leaf_damage/2025_09_15_Re4StRes_T1_DSV/IMG_2719.JPG,29.0,1.4305477142333984,1.4678757190704346,0.03732805699110031,27.532123565673828,27.5694522857666,midpoint,46,single_rater_weak
2025_09_15_Re4StRes_T1_DSV/IMG_2720.JPG,plot_a5ea2e8d1388b1eeddc1,dsv_asendorf_t1_bbch11,/home/nfs/data/nvme_datasets/Pictures_CFSB_leaf_damage/2025_09_15_Re4StRes_T1_DSV/IMG_2720.JPG,14.0,1.9809951782226562,1.6978102922439575,-0.28318488597869873,12.302189826965332,12.019004821777344,midpoint,46,single_rater_weak
2025_09_15_Re4StRes_T1_DSV/IMG_2721.JPG,plot_a5ea2e8d1388b1eeddc1,dsv_asendorf_t1_bbch11,/home/nfs/data/nvme_datasets/Pictures_CFSB_leaf_damage/2025_09_15_Re4StRes_T1_DSV/IMG_2721.JPG,20.0,1.0791034698486328,1.2567683458328247,0.1776648908853531,18.74323081970215,18.920896530151367,midpoint,46,single_rater_weak
2025_09_15_Re4StRes_T1_DSV/IMG_2722.JPG,plot_4d7cf47fcb2fb6abd413,dsv_asendorf_t1_bbch11,/home/nfs/data/nvme_datasets/Pictures_CFSB_leaf_damage/2025_09_15_Re4StRes_T1_DSV/IMG_2722.JPG,3.0,1.419055461883545,0.9117060899734497,-0.5073493719100952,2.08829402923584,1.580944538116455,midpoint,46,single_rater_weak
2025_09_15_Re4StRes_T1_DSV/IMG_2723.JPG,plot_4d7cf47fcb2fb6abd413,dsv_asendorf_t1_bbch11,/home/nfs/data/nvme_datasets/Pictures_CFSB_leaf_damage/2025_09_15_Re4StRes_T1_DSV/IMG_2723.JPG,1.0,1.176459789276123,0.8743133544921875,-0.30214646458625793,0.1256866455078125,0.17645978927612305,midpoint,46,single_rater_weak
2025_09_15_Re4StRes_T1_DSV/IMG_2724.JPG,plot_4d7cf47fcb2fb6abd413,dsv_asendorf_t1_bbch11,/home/nfs/data/nvme_datasets/Pictures_CFSB_leaf_damage/2025_09_15_Re4StRes_T1_DSV/IMG_2724.JPG,1.0,0.8228054046630859,0.5396389961242676,-0.28316643834114075,0.4603610038757324,0.17719459533691406,midpoint,46,single_rater_weak
2025_09_15_Re4StRes_T1_DSV/IMG_2725.JPG,plot_4b6225fbc993b063f5b7,dsv_asendorf_t1_bbch11,/home/nfs/data/nvme_datasets/Pictures_CFSB_leaf_damage/2025_09_15_Re4StRes_T1_DSV/IMG_2725.JPG,2.0,2.293792247772217,2.328213930130005,0.03442169725894928,0.3282139301300049,0.2937922477722168,midpoint,46,single_rater_weak
2025_09_15_Re4StRes_T1_DSV/IMG_2726.JPG,plot_4b6225fbc993b063f5b7,dsv_asendorf_t1_bbch11,/home/nfs/data/nvme_datasets/Pictures_CFSB_leaf_damage/2025_09_15_Re4StRes_T1_DSV/IMG_2726.JPG,8.0,3.2821569442749023,3.100835084915161,-0.1813218891620636,4.899165153503418,4.717843055725098,midpoint,46,single_rater_weak
2025_09_15_Re4StRes_T1_DSV/IMG_2727.JPG,plot_4b6225fbc993b063f5b7,dsv_asendorf_t1_bbch11,/home/nfs/data/nvme_datasets/Pictures_CFSB_leaf_damage/2025_09_15_Re4StRes_T1_DSV/IMG_2727.JPG,2.0,3.301485538482666,3.0195345878601074,-0.28195086121559143,1.0195345878601074,1.301485538482666,midpoint,46,single_rater_weak
2025_09_15_Re4StRes_T1_DSV/IMG_2728.JPG,plot_d49e9b4578f7759ad81d,dsv_asendorf_t1_bbch11,/home/nfs/data/nvme_datasets/Pictures_CFSB_leaf_damage/2025_09_15_Re4StRes_T1_DSV/IMG_2728.JPG,1.0,0.7131671905517578,0.08674335479736328,-0.6264238357543945,0.9132566452026367,0.2868328094482422,midpoint,46,single_rater_weak
2025_09_15_Re4StRes_T1_DSV/IMG_2729.JPG,plot_d49e9b4578f7759ad81d,dsv_asendorf_t1_bbch11,/home/nfs/data/nvme_datasets/Pictures_CFSB_leaf_damage/2025_09_15_Re4StRes_T1_DSV/IMG_2729.JPG,2.0,2.3623266220092773,1.513179898262024,-0.8491467237472534,0.4868201017379761,0.36232662200927734,midpoint,46,single_rater_weak
2025_09_15_Re4StRes_T1_DSV/IMG_2730.JPG,plot_d49e9b4578f7759ad81d,dsv_asendorf_t1_bbch11,/home/nfs/data/nvme_datasets/Pictures_CFSB_leaf_damage/2025_09_15_Re4StRes_T1_DSV/IMG_2730.JPG,2.0,2.176830768585205,1.7999587059020996,-0.37687209248542786,0.2000412940979004,0.17683076858520508,midpoint,46,single_rater_weak
2025_09_15_Re4StRes_T1_DSV/IMG_2731.JPG,plot_b8c2240b7f830c371fd1,dsv_asendorf_t1_bbch11,/home/nfs/data/nvme_datasets/Pictures_CFSB_leaf_damage/2025_09_15_Re4StRes_T1_DSV/IMG_2731.JPG,6.0,6.421927452087402,5.915248394012451,-0.5066791772842407,0.08475160598754883,0.42192745208740234,midpoint,46,single_rater_weak
2025_09_15_Re4StRes_T1_DSV/IMG_2732.JPG,plot_b8c2240b7f830c371fd1,dsv_asendorf_t1_bbch11,/home/nfs/data/nvme_datasets/Pictures_CFSB_leaf_damage/2025_09_15_Re4StRes_T1_DSV/IMG_2732.JPG,1.0,2.8505711555480957,2.132493019104004,-0.7180782556533813,1.132493019104004,1.8505711555480957,midpoint,46,single_rater_weak
2025_09_15_Re4StRes_T1_DSV/IMG_2733.JPG,plot_b8c2240b7f830c371fd1,dsv_asendorf_t1_bbch11,/home/nfs/data/nvme_datasets/Pictures_CFSB_leaf_damage/2025_09_15_Re4StRes_T1_DSV/IMG_2733.JPG,4.0,4.218050003051758,3.876746654510498,-0.3413032293319702,0.12325334548950195,0.2180500030517578,midpoint,46,single_rater_weak
2025_09_15_Re4StRes_T1_DSV/IMG_2734.JPG,plot_01b5efb889367fd80c37,dsv_asendorf_t1_bbch11,/home/nfs/data/nvme_datasets/Pictures_CFSB_leaf_damage/2025_09_15_Re4StRes_T1_DSV/IMG_2734.JPG,2.0,1.3491301536560059,0.627643346786499,-0.7214868068695068,1.372356653213501,0.6508698463439941,midpoint,46,single_rater_weak
2025_09_15_Re4StRes_T1_DSV/IMG_2735.JPG,plot_01b5efb889367fd80c37,dsv_asendorf_t1_bbch11,/home/nfs/data/nvme_datasets/Pictures_CFSB_leaf_damage/2025_09_15_Re4StRes_T1_DSV/IMG_2735.JPG,1.0,0.8087453842163086,0.5098177194595337,-0.2989276647567749,0.4901822805404663,0.1912546157836914,midpoint,46,single_rater_weak
2025_09_15_Re4StRes_T1_DSV/IMG_2736.JPG,plot_01b5efb889367fd80c37,dsv_asendorf_t1_bbch11,/home/nfs/data/nvme_datasets/Pictures_CFSB_leaf_damage/2025_09_15_Re4StRes_T1_DSV/IMG_2736.JPG,3.0,2.5241403579711914,1.931526780128479,-0.5926135778427124,1.068473219871521,0.4758596420288086,midpoint,46,single_rater_weak
2025_09_15_Re4StRes_T1_DSV/IMG_2737.JPG,plot_12108390b536c4fafa2e,dsv_asendorf_t1_bbch11,/home/nfs/data/nvme_datasets/Pictures_CFSB_leaf_damage/2025_09_15_Re4StRes_T1_DSV/IMG_2737.JPG,2.0,-0.07177066802978516,-0.4183409810066223,-0.34657031297683716,2.4183409214019775,2.071770668029785,midpoint,46,single_rater_weak
2025_09_15_Re4StRes_T1_DSV/IMG_2738.JPG,plot_12108390b536c4fafa2e,dsv_asendorf_t1_bbch11,/home/nfs/data/nvme_datasets/Pictures_CFSB_leaf_damage/2025_09_15_Re4StRes_T1_DSV/IMG_2738.JPG,5.0,3.5455636978149414,3.6286063194274902,0.08304259926080704,1.3713936805725098,1.4544363021850586,midpoint,46,single_rater_weak
2025_09_15_Re4StRes_T1_DSV/IMG_2739.JPG,plot_12108390b536c4fafa2e,dsv_asendorf_t1_bbch11,/home/nfs/data/nvme_datasets/Pictures_CFSB_leaf_damage/2025_09_15_Re4StRes_T1_DSV/IMG_2739.JPG,20.0,0.8885278701782227,0.23033499717712402,-0.6581928730010986,19.769664764404297,19.111473083496094,midpoint,46,single_rater_weak
2025_09_15_Re4StRes_T1_DSV/IMG_2740.JPG,plot_ae063f69796c01a65a5c,dsv_asendorf_t1_bbch11,/home/nfs/data/nvme_datasets/Pictures_CFSB_leaf_damage/2025_09_15_Re4StRes_T1_DSV/IMG_2740.JPG,17.0,0.9403643608093262,0.1430688500404358,-0.7972955107688904,16.856931686401367,16.059635162353516,midpoint,46,single_rater_weak
2025_09_15_Re4StRes_T1_DSV/IMG_2741.JPG,plot_ae063f69796c01a65a5c,dsv_asendorf_t1_bbch11,/home/nfs/data/nvme_datasets/Pictures_CFSB_leaf_damage/2025_09_15_Re4StRes_T1_DSV/IMG_2741.JPG,6.0,0.6707048416137695,0.13866108655929565,-0.5320437550544739,5.861339092254639,5.3292951583862305,midpoint,46,single_rater_weak
2025_09_15_Re4StRes_T1_DSV/IMG_2742.JPG,plot_ae063f69796c01a65a5c,dsv_asendorf_t1_bbch11,/home/nfs/data/nvme_datasets/Pictures_CFSB_leaf_damage/2025_09_15_Re4StRes_T1_DSV/IMG_2742.JPG,2.0,0.9635934829711914,0.8110138773918152,-0.15257962048053741,1.18898606300354,1.0364065170288086,midpoint,46,single_rater_weak
2025_09_15_Re4StRes_T1_DSV/IMG_2743.JPG,plot_fa88e8aaf0b2e4ce53ce,dsv_asendorf_t1_bbch11,/home/nfs/data/nvme_datasets/Pictures_CFSB_leaf_damage/2025_09_15_Re4StRes_T1_DSV/IMG_2743.JPG,2.0,0.7377901077270508,0.620674729347229,-0.11711539328098297,1.379325270652771,1.2622098922729492,midpoint,46,single_rater_weak
2025_09_15_Re4StRes_T1_DSV/IMG_2744.JPG,plot_fa88e8aaf0b2e4ce53ce,dsv_asendorf_t1_bbch11,/home/nfs/data/nvme_datasets/Pictures_CFSB_leaf_damage/2025_09_15_Re4StRes_T1_DSV/IMG_2744.JPG,2.0,1.6628503799438477,1.6108108758926392,-0.05203954875469208,0.38918912410736084,0.33714962005615234,midpoint,46,single_rater_weak
2025_09_15_Re4StRes_T1_DSV/IMG_2745.JPG,plot_fa88e8aaf0b2e4ce53ce,dsv_asendorf_t1_bbch11,/home/nfs/data/nvme_datasets/Pictures_CFSB_leaf_damage/2025_09_15_Re4StRes_T1_DSV/IMG_2745.JPG,2.0,2.159661293029785,2.256364345550537,0.09670316427946091,0.2563643455505371,0.15966129302978516,midpoint,46,single_rater_weak
2025_09_15_Re4StRes_T1_DSV/IMG_2746.JPG,plot_fbe3bee6f8231bea9197,dsv_asendorf_t1_bbch11,/home/nfs/data/nvme_datasets/Pictures_CFSB_leaf_damage/2025_09_15_Re4StRes_T1_DSV/IMG_2746.JPG,2.0,4.440169334411621,4.136485576629639,-0.30368390679359436,2.1364855766296387,2.440169334411621,midpoint,46,single_rater_weak
2025_09_15_Re4StRes_T1_DSV/IMG_2747.JPG,plot_fbe3bee6f8231bea9197,dsv_asendorf_t1_bbch11,/home/nfs/data/nvme_datasets/Pictures_CFSB_leaf_damage/2025_09_15_Re4StRes_T1_DSV/IMG_2747.JPG,2.0,2.986863136291504,2.7224984169006348,-0.2643648087978363,0.7224984169006348,0.9868631362915039,midpoint,46,single_rater_weak
2025_09_15_Re4StRes_T1_DSV/IMG_2748.JPG,plot_fbe3bee6f8231bea9197,dsv_asendorf_t1_bbch11,/home/nfs/data/nvme_datasets/Pictures_CFSB_leaf_damage/2025_09_15_Re4StRes_T1_DSV/IMG_2748.JPG,8.0,4.5979509353637695,4.3390278816223145,-0.25892284512519836,3.6609721183776855,3.4020490646362305,midpoint,46,single_rater_weak
2025_09_15_Re4StRes_T1_DSV/IMG_2749.JPG,plot_5d76f2da92706c2d215a,dsv_asendorf_t1_bbch11,/home/nfs/data/nvme_datasets/Pictures_CFSB_leaf_damage/2025_09_15_Re4StRes_T1_DSV/IMG_2749.JPG,9.0,3.250047206878662,2.8468143939971924,-0.40323275327682495,6.153185844421387,5.749952793121338,midpoint,46,single_rater_weak
2025_09_15_Re4StRes_T1_DSV/IMG_2750.JPG,plot_5d76f2da92706c2d215a,dsv_asendorf_t1_bbch11,/home/nfs/data/nvme_datasets/Pictures_CFSB_leaf_damage/2025_09_15_Re4StRes_T1_DSV/IMG_2750.JPG,8.0,0.8346052169799805,0.42203158140182495,-0.4125736355781555,7.577968597412109,7.1653947830200195,midpoint,46,single_rater_weak
2025_09_15_Re4StRes_T1_DSV/IMG_2752.JPG,plot_5d76f2da92706c2d215a,dsv_asendorf_t1_bbch11,/home/nfs/data/nvme_datasets/Pictures_CFSB_leaf_damage/2025_09_15_Re4StRes_T1_DSV/IMG_2752.JPG,1.0,0.7037835121154785,0.46163904666900635,-0.24214446544647217,0.5383609533309937,0.2962164878845215,midpoint,46,single_rater_weak
2025_09_15_Re4StRes_T1_DSV/IMG_2753.JPG,plot_56dd09af3a066828ea24,dsv_asendorf_t1_bbch11,/home/nfs/data/nvme_datasets/Pictures_CFSB_leaf_damage/2025_09_15_Re4StRes_T1_DSV/IMG_2753.JPG,4.0,3.135150909423828,2.6069629192352295,-0.5281879901885986,1.3930370807647705,0.8648490905761719,midpoint,46,single_rater_weak
2025_09_15_Re4StRes_T1_DSV/IMG_2754.JPG,plot_56dd09af3a066828ea24,dsv_asendorf_t1_bbch11,/home/nfs/data/nvme_datasets/Pictures_CFSB_leaf_damage/2025_09_15_Re4StRes_T1_DSV/IMG_2754.JPG,1.0,1.0590424537658691,0.428386926651001,-0.6306555271148682,0.571613073348999,0.05904245376586914,midpoint,46,single_rater_weak
2025_09_15_Re4StRes_T1_DSV/IMG_2755.JPG,plot_56dd09af3a066828ea24,dsv_asendorf_t1_bbch11,/home/nfs/data/nvme_datasets/Pictures_CFSB_leaf_damage/2025_09_15_Re4StRes_T1_DSV/IMG_2755.JPG,2.0,3.3701727390289307,2.8794174194335938,-0.49075543880462646,0.8794174194335938,1.3701727390289307,midpoint,46,single_rater_weak
2025_09_15_Re4StRes_T1_DSV/IMG_2756.JPG,plot_0638fea60d60117179b5,dsv_asendorf_t1_bbch11,/home/nfs/data/nvme_datasets/Pictures_CFSB_leaf_damage/2025_09_15_Re4StRes_T1_DSV/IMG_2756.JPG,1.0,0.8199629783630371,0.25270092487335205,-0.5672620534896851,0.747299075126648,0.1800370216369629,midpoint,46,single_rater_weak
2025_09_15_Re4StRes_T1_DSV/IMG_2757.JPG,plot_0638fea60d60117179b5,dsv_asendorf_t1_bbch11,/home/nfs/data/nvme_datasets/Pictures_CFSB_leaf_damage/2025_09_15_Re4StRes_T1_DSV/IMG_2757.JPG,7.0,0.7943511009216309,0.5924147963523865,-0.20193630456924438,6.407585144042969,6.205648899078369,midpoint,46,single_rater_weak
2025_09_15_Re4StRes_T1_DSV/IMG_2758.JPG,plot_0638fea60d60117179b5,dsv_asendorf_t1_bbch11,/home/nfs/data/nvme_datasets/Pictures_CFSB_leaf_damage/2025_09_15_Re4StRes_T1_DSV/IMG_2758.JPG,3.0,2.9037137031555176,2.5759685039520264,-0.3277451992034912,0.42403149604797363,0.09628629684448242,midpoint,46,single_rater_weak
2025_09_15_Re4StRes_T1_DSV/IMG_2759.JPG,plot_6ae5e5261e38fd15ad2c,dsv_asendorf_t1_bbch11,/home/nfs/data/nvme_datasets/Pictures_CFSB_leaf_damage/2025_09_15_Re4StRes_T1_DSV/IMG_2759.JPG,6.0,2.604707717895508,2.400840997695923,-0.20386680960655212,3.599159002304077,3.395292282104492,midpoint,46,single_rater_weak
2025_09_15_Re4StRes_T1_DSV/IMG_2760.JPG,plot_6ae5e5261e38fd15ad2c,dsv_asendorf_t1_bbch11,/home/nfs/data/nvme_datasets/Pictures_CFSB_leaf_damage/2025_09_15_Re4StRes_T1_DSV/IMG_2760.JPG,3.0,0.7551307678222656,-0.0855034589767456,-0.8406342267990112,3.085503578186035,2.2448692321777344,midpoint,46,single_rater_weak
2025_09_15_Re4StRes_T1_DSV/IMG_2761.JPG,plot_6ae5e5261e38fd15ad2c,dsv_asendorf_t1_bbch11,/home/nfs/data/nvme_datasets/Pictures_CFSB_leaf_damage/2025_09_15_Re4StRes_T1_DSV/IMG_2761.JPG,12.0,2.801787853240967,2.4968323707580566,-0.30495551228523254,9.503168106079102,9.198211669921875,midpoint,46,single_rater_weak
2025_09_15_Re4StRes_T1_DSV/IMG_2762.JPG,plot_d26aea413294dd037c86,dsv_asendorf_t1_bbch11,/home/nfs/data/nvme_datasets/Pictures_CFSB_leaf_damage/2025_09_15_Re4StRes_T1_DSV/IMG_2762.JPG,3.0,0.9245195388793945,0.1583351492881775,-0.766184389591217,2.8416647911071777,2.0754804611206055,midpoint,46,single_rater_weak
2025_09_15_Re4StRes_T1_DSV/IMG_2763.JPG,plot_d26aea413294dd037c86,dsv_asendorf_t1_bbch11,/home/nfs/data/nvme_datasets/Pictures_CFSB_leaf_damage/2025_09_15_Re4StRes_T1_DSV/IMG_2763.JPG,3.0,3.319983959197998,2.865812301635742,-0.4541717767715454,0.1341876983642578,0.31998395919799805,midpoint,46,single_rater_weak
2025_09_15_Re4StRes_T1_DSV/IMG_2764.JPG,plot_d26aea413294dd037c86,dsv_asendorf_t1_bbch11,/home/nfs/data/nvme_datasets/Pictures_CFSB_leaf_damage/2025_09_15_Re4StRes_T1_DSV/IMG_2764.JPG,4.0,2.8996009826660156,2.8384196758270264,-0.06118136644363403,1.1615803241729736,1.1003990173339844,midpoint,46,single_rater_weak
2025_09_15_Re4StRes_T1_DSV/IMG_2765.JPG,plot_4e337111532d455af776,dsv_asendorf_t1_bbch11,/home/nfs/data/nvme_datasets/Pictures_CFSB_leaf_damage/2025_09_15_Re4StRes_T1_DSV/IMG_2765.JPG,4.0,1.3897228240966797,0.9078571200370789,-0.48186570405960083,3.0921428203582764,2.6102771759033203,midpoint,46,single_rater_weak
2025_09_15_Re4StRes_T1_DSV/IMG_2766.JPG,plot_4e337111532d455af776,dsv_asendorf_t1_bbch11,/home/nfs/data/nvme_datasets/Pictures_CFSB_leaf_damage/2025_09_15_Re4StRes_T1_DSV/IMG_2766.JPG,2.0,0.11138153076171875,-0.2413773536682129,-0.35275888442993164,2.241377353668213,1.8886184692382812,midpoint,46,single_rater_weak
2025_09_15_Re4StRes_T1_DSV/IMG_2767.JPG,plot_4e337111532d455af776,dsv_asendorf_t1_bbch11,/home/nfs/data/nvme_datasets/Pictures_CFSB_leaf_damage/2025_09_15_Re4StRes_T1_DSV/IMG_2767.JPG,26.0,5.762456893920898,5.59617805480957,-0.16627880930900574,20.40382194519043,20.2375431060791,midpoint,46,single_rater_weak
2025_09_15_Re4StRes_T1_DSV/IMG_2768.JPG,plot_60df965b48b303ba5397,dsv_asendorf_t1_bbch11,/home/nfs/data/nvme_datasets/Pictures_CFSB_leaf_damage/2025_09_15_Re4StRes_T1_DSV/IMG_2768.JPG,4.0,1.8621869087219238,1.415867567062378,-0.4463193118572235,2.584132432937622,2.137813091278076,midpoint,46,single_rater_weak
2025_09_15_Re4StRes_T1_DSV/IMG_2769.JPG,plot_60df965b48b303ba5397,dsv_asendorf_t1_bbch11,/home/nfs/data/nvme_datasets/Pictures_CFSB_leaf_damage/2025_09_15_Re4StRes_T1_DSV/IMG_2769.JPG,2.0,1.660280704498291,1.4219346046447754,-0.23834609985351562,0.5780653953552246,0.339719295501709,midpoint,46,single_rater_weak
2025_09_15_Re4StRes_T1_DSV/IMG_2770.JPG,plot_60df965b48b303ba5397,dsv_asendorf_t1_bbch11,/home/nfs/data/nvme_datasets/Pictures_CFSB_leaf_damage/2025_09_15_Re4StRes_T1_DSV/IMG_2770.JPG,29.0,9.437885284423828,9.259710311889648,-0.17817530035972595,19.74028968811035,19.562114715576172,midpoint,46,single_rater_weak
2025_09_15_Re4StRes_T1_DSV/IMG_2771.JPG,plot_c2400fd336def266e957,dsv_asendorf_t1_bbch11,/home/nfs/data/nvme_datasets/Pictures_CFSB_leaf_damage/2025_09_15_Re4StRes_T1_DSV/IMG_2771.JPG,2.0,1.7156009674072266,1.369715690612793,-0.3458852171897888,0.630284309387207,0.28439903259277344,midpoint,46,single_rater_weak
2025_09_15_Re4StRes_T1_DSV/IMG_2772.JPG,plot_c2400fd336def266e957,dsv_asendorf_t1_bbch11,/home/nfs/data/nvme_datasets/Pictures_CFSB_leaf_damage/2025_09_15_Re4StRes_T1_DSV/IMG_2772.JPG,3.0,1.2875428199768066,0.9483892917633057,-0.33915355801582336,2.0516107082366943,1.7124571800231934,midpoint,46,single_rater_weak
2025_09_15_Re4StRes_T1_DSV/IMG_2773.JPG,plot_c2400fd336def266e957,dsv_asendorf_t1_bbch11,/home/nfs/data/nvme_datasets/Pictures_CFSB_leaf_damage/2025_09_15_Re4StRes_T1_DSV/IMG_2773.JPG,2.0,1.236088752746582,0.45989054441452026,-0.7761982083320618,1.540109395980835,0.763911247253418,midpoint,46,single_rater_weak
2025_09_15_Re4StRes_T1_DSV/IMG_2774.JPG,plot_e4ebac91f2d79ec081b7,dsv_asendorf_t1_bbch11,/home/nfs/data/nvme_datasets/Pictures_CFSB_leaf_damage/2025_09_15_Re4StRes_T1_DSV/IMG_2774.JPG,7.0,2.506582260131836,3.0946922302246094,0.5881100296974182,3.9053077697753906,4.493417739868164,midpoint,46,single_rater_weak
2025_09_15_Re4StRes_T1_DSV/IMG_2775.JPG,plot_e4ebac91f2d79ec081b7,dsv_asendorf_t1_bbch11,/home/nfs/data/nvme_datasets/Pictures_CFSB_leaf_damage/2025_09_15_Re4StRes_T1_DSV/IMG_2775.JPG,4.0,4.008482933044434,3.692857503890991,-0.31562551856040955,0.3071424961090088,0.008482933044433594,midpoint,46,single_rater_weak
2025_09_15_Re4StRes_T1_DSV/IMG_2776.JPG,plot_e4ebac91f2d79ec081b7,dsv_asendorf_t1_bbch11,/home/nfs/data/nvme_datasets/Pictures_CFSB_leaf_damage/2025_09_15_Re4StRes_T1_DSV/IMG_2776.JPG,2.0,0.8656797409057617,0.7007125616073608,-0.16496716439723969,1.2992874383926392,1.1343202590942383,midpoint,46,single_rater_weak
2025_09_15_Re4StRes_T1_DSV/IMG_2777.JPG,plot_25163706ac28a6bb2213,dsv_asendorf_t1_bbch11,/home/nfs/data/nvme_datasets/Pictures_CFSB_leaf_damage/2025_09_15_Re4StRes_T1_DSV/IMG_2777.JPG,3.0,0.4748106002807617,-0.3707500696182251,-0.8455606698989868,3.3707499504089355,2.5251893997192383,midpoint,46,single_rater_weak
2025_09_15_Re4StRes_T1_DSV/IMG_2778.JPG,plot_25163706ac28a6bb2213,dsv_asendorf_t1_bbch11,/home/nfs/data/nvme_datasets/Pictures_CFSB_leaf_damage/2025_09_15_Re4StRes_T1_DSV/IMG_2778.JPG,3.0,0.3224978446960449,-0.34791070222854614,-0.6704085469245911,3.3479106426239014,2.677502155303955,midpoint,46,single_rater_weak
2025_09_15_Re4StRes_T1_DSV/IMG_2779.JPG,plot_25163706ac28a6bb2213,dsv_asendorf_t1_bbch11,/home/nfs/data/nvme_datasets/Pictures_CFSB_leaf_damage/2025_09_15_Re4StRes_T1_DSV/IMG_2779.JPG,5.0,1.4368023872375488,0.8709777593612671,-0.5658246278762817,4.129022121429443,3.563197612762451,midpoint,46,single_rater_weak
2025_09_15_Re4StRes_T1_DSV/IMG_2780.JPG,plot_a62b3a77b6ca3ea20de0,dsv_asendorf_t1_bbch11,/home/nfs/data/nvme_datasets/Pictures_CFSB_leaf_damage/2025_09_15_Re4StRes_T1_DSV/IMG_2780.JPG,2.0,1.2118163108825684,0.9562888145446777,-0.25552746653556824,1.0437111854553223,0.7881836891174316,midpoint,46,single_rater_weak
2025_09_15_Re4StRes_T1_DSV/IMG_2781.JPG,plot_a62b3a77b6ca3ea20de0,dsv_asendorf_t1_bbch11,/home/nfs/data/nvme_datasets/Pictures_CFSB_leaf_damage/2025_09_15_Re4StRes_T1_DSV/IMG_2781.JPG,1.0,2.443584442138672,2.571943759918213,0.12835931777954102,1.571943759918213,1.4435844421386719,midpoint,46,single_rater_weak
2025_09_15_Re4StRes_T1_DSV/IMG_2782.JPG,plot_a62b3a77b6ca3ea20de0,dsv_asendorf_t1_bbch11,/home/nfs/data/nvme_datasets/Pictures_CFSB_leaf_damage/2025_09_15_Re4StRes_T1_DSV/IMG_2782.JPG,2.0,1.3517098426818848,1.2795920372009277,-0.07211779057979584,0.7204079627990723,0.6482901573181152,midpoint,46,single_rater_weak
2025_09_15_Re4StRes_T1_DSV/IMG_2783.JPG,plot_588a5e4f50bc05cd2744,dsv_asendorf_t1_bbch11,/home/nfs/data/nvme_datasets/Pictures_CFSB_leaf_damage/2025_09_15_Re4StRes_T1_DSV/IMG_2783.JPG,6.0,3.2359046936035156,2.9371423721313477,-0.29876235127449036,3.0628576278686523,2.7640953063964844,midpoint,46,single_rater_weak
2025_09_15_Re4StRes_T1_DSV/IMG_2784.JPG,plot_588a5e4f50bc05cd2744,dsv_asendorf_t1_bbch11,/home/nfs/data/nvme_datasets/Pictures_CFSB_leaf_damage/2025_09_15_Re4StRes_T1_DSV/IMG_2784.JPG,14.0,5.1931328773498535,5.069753646850586,-0.12337929755449295,8.930246353149414,8.806867599487305,midpoint,46,single_rater_weak
2025_09_15_Re4StRes_T1_DSV/IMG_2785.JPG,plot_588a5e4f50bc05cd2744,dsv_asendorf_t1_bbch11,/home/nfs/data/nvme_datasets/Pictures_CFSB_leaf_damage/2025_09_15_Re4StRes_T1_DSV/IMG_2785.JPG,11.0,3.751199960708618,3.263132333755493,-0.48806753754615784,7.736867904663086,7.248800277709961,midpoint,46,single_rater_weak
2025_09_15_Re4StRes_T1_DSV/IMG_2786.JPG,plot_9c3c78a78c41b358f0d0,dsv_asendorf_t1_bbch11,/home/nfs/data/nvme_datasets/Pictures_CFSB_leaf_damage/2025_09_15_Re4StRes_T1_DSV/IMG_2786.JPG,6.0,1.076209545135498,0.8872504234313965,-0.18895909190177917,5.1127495765686035,4.923790454864502,midpoint,46,single_rater_weak
2025_09_15_Re4StRes_T1_DSV/IMG_2787.JPG,plot_9c3c78a78c41b358f0d0,dsv_asendorf_t1_bbch11,/home/nfs/data/nvme_datasets/Pictures_CFSB_leaf_damage/2025_09_15_Re4StRes_T1_DSV/IMG_2787.JPG,5.0,1.8274316787719727,1.2650434970855713,-0.5623881816864014,3.7349565029144287,3.1725683212280273,midpoint,46,single_rater_weak
2025_09_15_Re4StRes_T1_DSV/IMG_2788.JPG,plot_9c3c78a78c41b358f0d0,dsv_asendorf_t1_bbch11,/home/nfs/data/nvme_datasets/Pictures_CFSB_leaf_damage/2025_09_15_Re4StRes_T1_DSV/IMG_2788.JPG,3.0,3.747983694076538,3.2217960357666016,-0.5261877775192261,0.22179603576660156,0.7479836940765381,midpoint,46,single_rater_weak
2025_09_15_Re4StRes_T1_DSV/IMG_2789.JPG,plot_decf5592092ca2554caf,dsv_asendorf_t1_bbch11,/home/nfs/data/nvme_datasets/Pictures_CFSB_leaf_damage/2025_09_15_Re4StRes_T1_DSV/IMG_2789.JPG,4.0,0.8030872344970703,-0.09521383047103882,-0.8983010649681091,4.095213890075684,3.1969127655029297,midpoint,46,single_rater_weak
2025_09_15_Re4StRes_T1_DSV/IMG_2790.JPG,plot_decf5592092ca2554caf,dsv_asendorf_t1_bbch11,/home/nfs/data/nvme_datasets/Pictures_CFSB_leaf_damage/2025_09_15_Re4StRes_T1_DSV/IMG_2790.JPG,1.0,0.5238432884216309,-0.3060477375984192,-0.82989102602005,1.3060476779937744,0.47615671157836914,midpoint,46,single_rater_weak
2025_09_15_Re4StRes_T1_DSV/IMG_2791.JPG,plot_decf5592092ca2554caf,dsv_asendorf_t1_bbch11,/home/nfs/data/nvme_datasets/Pictures_CFSB_leaf_damage/2025_09_15_Re4StRes_T1_DSV/IMG_2791.JPG,1.0,0.21439075469970703,-0.7736707925796509,-0.9880615472793579,1.7736707925796509,0.785609245300293,midpoint,46,single_rater_weak
2025_09_15_Re4StRes_T1_DSV/IMG_2792.JPG,plot_1b56fde03127b3b712c6,dsv_asendorf_t1_bbch11,/home/nfs/data/nvme_datasets/Pictures_CFSB_leaf_damage/2025_09_15_Re4StRes_T1_DSV/IMG_2792.JPG,14.0,0.8573627471923828,0.557334840297699,-0.30002790689468384,13.442665100097656,13.142637252807617,midpoint,46,single_rater_weak
2025_09_15_Re4StRes_T1_DSV/IMG_2793.JPG,plot_1b56fde03127b3b712c6,dsv_asendorf_t1_bbch11,/home/nfs/data/nvme_datasets/Pictures_CFSB_leaf_damage/2025_09_15_Re4StRes_T1_DSV/IMG_2793.JPG,2.0,0.978874683380127,0.48823434114456177,-0.4906403422355652,1.511765718460083,1.021125316619873,midpoint,46,single_rater_weak
2025_09_15_Re4StRes_T1_DSV/IMG_2794.JPG,plot_1b56fde03127b3b712c6,dsv_asendorf_t1_bbch11,/home/nfs/data/nvme_datasets/Pictures_CFSB_leaf_damage/2025_09_15_Re4StRes_T1_DSV/IMG_2794.JPG,3.0,1.2117972373962402,0.7917260527610779,-0.42007118463516235,2.2082738876342773,1.7882027626037598,midpoint,46,single_rater_weak
2025_09_15_Re4StRes_T1_DSV/IMG_2795.JPG,plot_b4f665cae11a1867c3fa,dsv_asendorf_t1_bbch11,/home/nfs/data/nvme_datasets/Pictures_CFSB_leaf_damage/2025_09_15_Re4StRes_T1_DSV/IMG_2795.JPG,5.0,0.41879987716674805,-0.4191009998321533,-0.8379008769989014,5.419100761413574,4.581200122833252,midpoint,46,single_rater_weak
2025_09_15_Re4StRes_T1_DSV/IMG_2796.JPG,plot_b4f665cae11a1867c3fa,dsv_asendorf_t1_bbch11,/home/nfs/data/nvme_datasets/Pictures_CFSB_leaf_damage/2025_09_15_Re4StRes_T1_DSV/IMG_2796.JPG,1.0,0.16614484786987305,-0.4533037543296814,-0.6194486021995544,1.4533038139343262,0.833855152130127,midpoint,46,single_rater_weak
2025_09_15_Re4StRes_T1_DSV/IMG_2797.JPG,plot_b4f665cae11a1867c3fa,dsv_asendorf_t1_bbch11,/home/nfs/data/nvme_datasets/Pictures_CFSB_leaf_damage/2025_09_15_Re4StRes_T1_DSV/IMG_2797.JPG,3.0,0.6677193641662598,-0.03203868865966797,-0.6997580528259277,3.032038688659668,2.3322806358337402,midpoint,46,single_rater_weak
2025_09_15_Re4StRes_T1_DSV/IMG_2798.JPG,plot_2ef2db7a8993d40b1071,dsv_asendorf_t1_bbch11,/home/nfs/data/nvme_datasets/Pictures_CFSB_leaf_damage/2025_09_15_Re4StRes_T1_DSV/IMG_2798.JPG,5.0,2.510976791381836,2.0268969535827637,-0.4840797185897827,2.9731030464172363,2.489023208618164,midpoint,46,single_rater_weak
2025_09_15_Re4StRes_T1_DSV/IMG_2799.JPG,plot_2ef2db7a8993d40b1071,dsv_asendorf_t1_bbch11,/home/nfs/data/nvme_datasets/Pictures_CFSB_leaf_damage/2025_09_15_Re4StRes_T1_DSV/IMG_2799.JPG,13.0,2.9097471237182617,2.420980215072632,-0.4887668788433075,10.579019546508789,10.090252876281738,midpoint,46,single_rater_weak
2025_09_15_Re4StRes_T1_DSV/IMG_2799_2.JPG,plot_2ef2db7a8993d40b1071,dsv_asendorf_t1_bbch11,/home/nfs/data/nvme_datasets/Pictures_CFSB_leaf_damage/2025_09_15_Re4StRes_T1_DSV/IMG_2799_2.JPG,30.0,7.116720199584961,6.734280586242676,-0.3824397623538971,23.26572036743164,22.88327980041504,midpoint,46,single_rater_weak
2025_09_15_Re4StRes_T1_DSV/IMG_2801.JPG,plot_eca8c3fb6680d53d6302,dsv_asendorf_t1_bbch11,/home/nfs/data/nvme_datasets/Pictures_CFSB_leaf_damage/2025_09_15_Re4StRes_T1_DSV/IMG_2801.JPG,11.0,1.4913759231567383,1.079826831817627,-0.41154903173446655,9.920173645019531,9.508624076843262,midpoint,46,single_rater_weak
2025_09_15_Re4StRes_T1_DSV/IMG_2802.JPG,plot_eca8c3fb6680d53d6302,dsv_asendorf_t1_bbch11,/home/nfs/data/nvme_datasets/Pictures_CFSB_leaf_damage/2025_09_15_Re4StRes_T1_DSV/IMG_2802.JPG,5.0,3.53307843208313,3.0650248527526855,-0.4680534601211548,1.9349751472473145,1.4669215679168701,midpoint,46,single_rater_weak
2025_09_15_Re4StRes_T1_DSV/IMG_2803.JPG,plot_eca8c3fb6680d53d6302,dsv_asendorf_t1_bbch11,/home/nfs/data/nvme_datasets/Pictures_CFSB_leaf_damage/2025_09_15_Re4StRes_T1_DSV/IMG_2803.JPG,6.0,2.0774760246276855,1.5740830898284912,-0.5033929347991943,4.42591667175293,3.9225239753723145,midpoint,46,single_rater_weak
2025_09_15_Re4StRes_T1_DSV/IMG_2805.JPG,plot_57ca9ea9ad1127350a7a,dsv_asendorf_t1_bbch11,/home/nfs/data/nvme_datasets/Pictures_CFSB_leaf_damage/2025_09_15_Re4StRes_T1_DSV/IMG_2805.JPG,3.0,0.9685511589050293,0.585554838180542,-0.3829963207244873,2.414445161819458,2.0314488410949707,midpoint,46,single_rater_weak
2025_09_15_Re4StRes_T1_DSV/IMG_2806.JPG,plot_57ca9ea9ad1127350a7a,dsv_asendorf_t1_bbch11,/home/nfs/data/nvme_datasets/Pictures_CFSB_leaf_damage/2025_09_15_Re4StRes_T1_DSV/IMG_2806.JPG,7.0,0.04125165939331055,-0.7090606093406677,-0.7503122687339783,7.7090606689453125,6.9587483406066895,midpoint,46,single_rater_weak
2025_09_15_Re4StRes_T1_DSV/IMG_2807.JPG,plot_57ca9ea9ad1127350a7a,dsv_asendorf_t1_bbch11,/home/nfs/data/nvme_datasets/Pictures_CFSB_leaf_damage/2025_09_15_Re4StRes_T1_DSV/IMG_2807.JPG,2.0,0.9320464134216309,0.262703537940979,-0.6693428754806519,1.737296462059021,1.0679535865783691,midpoint,46,single_rater_weak
2025_09_15_Re4StRes_T1_DSV/IMG_2808.JPG,plot_686e3a43dd992b8a1840,dsv_asendorf_t1_bbch11,/home/nfs/data/nvme_datasets/Pictures_CFSB_leaf_damage/2025_09_15_Re4StRes_T1_DSV/IMG_2808.JPG,1.0,2.0064139366149902,1.8647387027740479,-0.14167529344558716,0.8647387027740479,1.0064139366149902,midpoint,46,single_rater_weak
2025_09_15_Re4StRes_T1_DSV/IMG_2809.JPG,plot_686e3a43dd992b8a1840,dsv_asendorf_t1_bbch11,/home/nfs/data/nvme_datasets/Pictures_CFSB_leaf_damage/2025_09_15_Re4StRes_T1_DSV/IMG_2809.JPG,2.0,2.2587475776672363,2.019782543182373,-0.2389650046825409,0.019782543182373047,0.25874757766723633,midpoint,46,single_rater_weak
2025_09_15_Re4StRes_T1_DSV/IMG_2810.JPG,plot_686e3a43dd992b8a1840,dsv_asendorf_t1_bbch11,/home/nfs/data/nvme_datasets/Pictures_CFSB_leaf_damage/2025_09_15_Re4StRes_T1_DSV/IMG_2810.JPG,1.0,1.2192721366882324,0.7729251384735107,-0.4463469982147217,0.22707486152648926,0.21927213668823242,midpoint,46,single_rater_weak
2025_09_15_Re4StRes_T1_DSV/IMG_2811.JPG,plot_c63973f869024d2007d6,dsv_asendorf_t1_bbch11,/home/nfs/data/nvme_datasets/Pictures_CFSB_leaf_damage/2025_09_15_Re4StRes_T1_DSV/IMG_2811.JPG,1.0,1.7665562629699707,1.2800133228302002,-0.4865429103374481,0.2800133228302002,0.7665562629699707,midpoint,46,single_rater_weak
2025_09_15_Re4StRes_T1_DSV/IMG_2812.JPG,plot_c63973f869024d2007d6,dsv_asendorf_t1_bbch11,/home/nfs/data/nvme_datasets/Pictures_CFSB_leaf_damage/2025_09_15_Re4StRes_T1_DSV/IMG_2812.JPG,1.0,2.259695529937744,2.066929340362549,-0.19276607036590576,1.0669293403625488,1.2596955299377441,midpoint,46,single_rater_weak
2025_09_15_Re4StRes_T1_DSV/IMG_2813.JPG,plot_c63973f869024d2007d6,dsv_asendorf_t1_bbch11,/home/nfs/data/nvme_datasets/Pictures_CFSB_leaf_damage/2025_09_15_Re4StRes_T1_DSV/IMG_2813.JPG,4.0,1.5478754043579102,1.1427125930786133,-0.4051627516746521,2.8572874069213867,2.45212459564209,midpoint,46,single_rater_weak
2025_09_15_Re4StRes_T1_DSV/IMG_2814.JPG,plot_bceb77a99363fcf3c1e2,dsv_asendorf_t1_bbch11,/home/nfs/data/nvme_datasets/Pictures_CFSB_leaf_damage/2025_09_15_Re4StRes_T1_DSV/IMG_2814.JPG,2.0,1.3228940963745117,0.9245168566703796,-0.3983772397041321,1.0754830837249756,0.6771059036254883,midpoint,46,single_rater_weak
2025_09_15_Re4StRes_T1_DSV/IMG_2815.JPG,plot_bceb77a99363fcf3c1e2,dsv_asendorf_t1_bbch11,/home/nfs/data/nvme_datasets/Pictures_CFSB_leaf_damage/2025_09_15_Re4StRes_T1_DSV/IMG_2815.JPG,2.0,0.7896218299865723,0.2693381905555725,-0.5202836394309998,1.7306618690490723,1.2103781700134277,midpoint,46,single_rater_weak
2025_09_15_Re4StRes_T1_DSV/IMG_2816.JPG,plot_bceb77a99363fcf3c1e2,dsv_asendorf_t1_bbch11,/home/nfs/data/nvme_datasets/Pictures_CFSB_leaf_damage/2025_09_15_Re4StRes_T1_DSV/IMG_2816.JPG,2.0,2.826756477355957,2.710627317428589,-0.1161290630698204,0.7106273174285889,0.826756477355957,midpoint,46,single_rater_weak
2025_09_15_Re4StRes_T1_DSV/IMG_2817.JPG,plot_ff22be3ef1b30dc11796,dsv_asendorf_t1_bbch11,/home/nfs/data/nvme_datasets/Pictures_CFSB_leaf_damage/2025_09_15_Re4StRes_T1_DSV/IMG_2817.JPG,1.0,1.162245273590088,0.4715579152107239,-0.690687358379364,0.5284420847892761,0.1622452735900879,midpoint,46,single_rater_weak
2025_09_15_Re4StRes_T1_DSV/IMG_2818.JPG,plot_ff22be3ef1b30dc11796,dsv_asendorf_t1_bbch11,/home/nfs/data/nvme_datasets/Pictures_CFSB_leaf_damage/2025_09_15_Re4StRes_T1_DSV/IMG_2818.JPG,5.0,1.317399501800537,1.2189137935638428,-0.09848566353321075,3.7810862064361572,3.682600498199463,midpoint,46,single_rater_weak
2025_09_15_Re4StRes_T1_DSV/IMG_2819.JPG,plot_ff22be3ef1b30dc11796,dsv_asendorf_t1_bbch11,/home/nfs/data/nvme_datasets/Pictures_CFSB_leaf_damage/2025_09_15_Re4StRes_T1_DSV/IMG_2819.JPG,5.0,1.2809066772460938,1.2133150100708008,-0.06759172677993774,3.786684989929199,3.7190933227539062,midpoint,46,single_rater_weak
2025_09_15_Re4StRes_T1_DSV/IMG_2820.JPG,plot_0244c16f1b7da46365e8,dsv_asendorf_t1_bbch11,/home/nfs/data/nvme_datasets/Pictures_CFSB_leaf_damage/2025_09_15_Re4StRes_T1_DSV/IMG_2820.JPG,1.0,1.7639641761779785,1.4104220867156982,-0.3535420894622803,0.41042208671569824,0.7639641761779785,midpoint,46,single_rater_weak
2025_09_15_Re4StRes_T1_DSV/IMG_2821.JPG,plot_0244c16f1b7da46365e8,dsv_asendorf_t1_bbch11,/home/nfs/data/nvme_datasets/Pictures_CFSB_leaf_damage/2025_09_15_Re4StRes_T1_DSV/IMG_2821.JPG,2.0,2.92336368560791,2.256964683532715,-0.6663990020751953,0.25696468353271484,0.9233636856079102,midpoint,46,single_rater_weak
2025_09_15_Re4StRes_T1_DSV/IMG_2822.JPG,plot_0244c16f1b7da46365e8,dsv_asendorf_t1_bbch11,/home/nfs/data/nvme_datasets/Pictures_CFSB_leaf_damage/2025_09_15_Re4StRes_T1_DSV/IMG_2822.JPG,1.0,1.3565263748168945,0.593339204788208,-0.7631871700286865,0.406660795211792,0.35652637481689453,midpoint,46,single_rater_weak
2025_09_15_Re4StRes_T1_DSV/IMG_2823.JPG,plot_463fbe86ab5f5a3963dd,dsv_asendorf_t1_bbch11,/home/nfs/data/nvme_datasets/Pictures_CFSB_leaf_damage/2025_09_15_Re4StRes_T1_DSV/IMG_2823.JPG,3.0,1.3737034797668457,0.9290751218795776,-0.44462835788726807,2.070924758911133,1.6262965202331543,midpoint,46,single_rater_weak
2025_09_15_Re4StRes_T1_DSV/IMG_2824.JPG,plot_463fbe86ab5f5a3963dd,dsv_asendorf_t1_bbch11,/home/nfs/data/nvme_datasets/Pictures_CFSB_leaf_damage/2025_09_15_Re4StRes_T1_DSV/IMG_2824.JPG,33.0,3.22513484954834,3.0391860008239746,-0.18594877421855927,29.960813522338867,29.774864196777344,midpoint,46,single_rater_weak
2025_09_15_Re4StRes_T1_DSV/IMG_2825.JPG,plot_463fbe86ab5f5a3963dd,dsv_asendorf_t1_bbch11,/home/nfs/data/nvme_datasets/Pictures_CFSB_leaf_damage/2025_09_15_Re4StRes_T1_DSV/IMG_2825.JPG,2.0,1.4151215553283691,1.0043234825134277,-0.41079801321029663,0.9956765174865723,0.5848784446716309,midpoint,46,single_rater_weak
2025_09_15_Re4StRes_T1_DSV/IMG_2826.JPG,plot_cdc03d060fabf9cda7b5,dsv_asendorf_t1_bbch11,/home/nfs/data/nvme_datasets/Pictures_CFSB_leaf_damage/2025_09_15_Re4StRes_T1_DSV/IMG_2826.JPG,12.0,1.6970515251159668,0.9887548685073853,-0.7082966566085815,11.011244773864746,10.302947998046875,midpoint,46,single_rater_weak
2025_09_15_Re4StRes_T1_DSV/IMG_2827.JPG,plot_cdc03d060fabf9cda7b5,dsv_asendorf_t1_bbch11,/home/nfs/data/nvme_datasets/Pictures_CFSB_leaf_damage/2025_09_15_Re4StRes_T1_DSV/IMG_2827.JPG,1.0,1.5529112815856934,0.8727983832359314,-0.680112898349762,0.1272016167640686,0.5529112815856934,midpoint,46,single_rater_weak
2025_09_15_Re4StRes_T1_DSV/IMG_2828.JPG,plot_cdc03d060fabf9cda7b5,dsv_asendorf_t1_bbch11,/home/nfs/data/nvme_datasets/Pictures_CFSB_leaf_damage/2025_09_15_Re4StRes_T1_DSV/IMG_2828.JPG,1.0,1.2712516784667969,0.16208839416503906,-1.1091632843017578,0.8379116058349609,0.2712516784667969,midpoint,46,single_rater_weak
2025_09_15_Re4StRes_T1_DSV/IMG_2829.JPG,plot_5be37850e3ff940ad957,dsv_asendorf_t1_bbch11,/home/nfs/data/nvme_datasets/Pictures_CFSB_leaf_damage/2025_09_15_Re4StRes_T1_DSV/IMG_2829.JPG,7.0,1.6168794631958008,0.9075890183448792,-0.7092904448509216,6.092411041259766,5.383120536804199,midpoint,46,single_rater_weak
2025_09_15_Re4StRes_T1_DSV/IMG_2830.JPG,plot_5be37850e3ff940ad957,dsv_asendorf_t1_bbch11,/home/nfs/data/nvme_datasets/Pictures_CFSB_leaf_damage/2025_09_15_Re4StRes_T1_DSV/IMG_2830.JPG,3.0,2.5009288787841797,1.920000433921814,-0.5809284448623657,1.079999566078186,0.4990711212158203,midpoint,46,single_rater_weak
2025_09_15_Re4StRes_T1_DSV/IMG_2831.JPG,plot_5be37850e3ff940ad957,dsv_asendorf_t1_bbch11,/home/nfs/data/nvme_datasets/Pictures_CFSB_leaf_damage/2025_09_15_Re4StRes_T1_DSV/IMG_2831.JPG,1.0,1.7400436401367188,0.9521030783653259,-0.7879405617713928,0.04789692163467407,0.7400436401367188,midpoint,46,single_rater_weak
2025_09_15_Re4StRes_T1_DSV/IMG_2832.JPG,plot_043f66e99d1614656004,dsv_asendorf_t1_bbch11,/home/nfs/data/nvme_datasets/Pictures_CFSB_leaf_damage/2025_09_15_Re4StRes_T1_DSV/IMG_2832.JPG,18.0,1.3615102767944336,0.9625482559204102,-0.3989620506763458,17.037452697753906,16.63848876953125,midpoint,46,single_rater_weak
2025_09_15_Re4StRes_T1_DSV/IMG_2833.JPG,plot_043f66e99d1614656004,dsv_asendorf_t1_bbch11,/home/nfs/data/nvme_datasets/Pictures_CFSB_leaf_damage/2025_09_15_Re4StRes_T1_DSV/IMG_2833.JPG,2.0,3.2807130813598633,2.9496707916259766,-0.3310422897338867,0.9496707916259766,1.2807130813598633,midpoint,46,single_rater_weak
2025_09_15_Re4StRes_T1_DSV/IMG_2834.JPG,plot_043f66e99d1614656004,dsv_asendorf_t1_bbch11,/home/nfs/data/nvme_datasets/Pictures_CFSB_leaf_damage/2025_09_15_Re4StRes_T1_DSV/IMG_2834.JPG,3.0,1.4373526573181152,0.8522048592567444,-0.5851477980613708,2.1477952003479004,1.5626473426818848,midpoint,46,single_rater_weak
2025_09_15_Re4StRes_T1_DSV/IMG_2835.JPG,plot_3d3d8b967e6547e92911,dsv_asendorf_t1_bbch11,/home/nfs/data/nvme_datasets/Pictures_CFSB_leaf_damage/2025_09_15_Re4StRes_T1_DSV/IMG_2835.JPG,4.0,0.7042913436889648,-0.06768190860748291,-0.7719732522964478,4.067681789398193,3.295708656311035,midpoint,46,single_rater_weak
2025_09_15_Re4StRes_T1_DSV/IMG_2836.JPG,plot_3d3d8b967e6547e92911,dsv_asendorf_t1_bbch11,/home/nfs/data/nvme_datasets/Pictures_CFSB_leaf_damage/2025_09_15_Re4StRes_T1_DSV/IMG_2836.JPG,5.0,2.158092498779297,1.4460140466690063,-0.7120784521102905,3.553986072540283,2.841907501220703,midpoint,46,single_rater_weak
2025_09_15_Re4StRes_T1_DSV/IMG_2837.JPG,plot_3d3d8b967e6547e92911,dsv_asendorf_t1_bbch11,/home/nfs/data/nvme_datasets/Pictures_CFSB_leaf_damage/2025_09_15_Re4StRes_T1_DSV/IMG_2837.JPG,2.0,0.7450342178344727,0.047698259353637695,-0.697335958480835,1.9523017406463623,1.2549657821655273,midpoint,46,single_rater_weak
2025_09_15_Re4StRes_T1_DSV/IMG_2838.JPG,plot_76f157dea3d143b587c1,dsv_asendorf_t1_bbch11,/home/nfs/data/nvme_datasets/Pictures_CFSB_leaf_damage/2025_09_15_Re4StRes_T1_DSV/IMG_2838.JPG,1.0,0.6677660942077637,0.050026655197143555,-0.6177394390106201,0.9499733448028564,0.33223390579223633,midpoint,46,single_rater_weak
2025_09_15_Re4StRes_T1_DSV/IMG_2839.JPG,plot_76f157dea3d143b587c1,dsv_asendorf_t1_bbch11,/home/nfs/data/nvme_datasets/Pictures_CFSB_leaf_damage/2025_09_15_Re4StRes_T1_DSV/IMG_2839.JPG,8.0,1.491511344909668,0.6541626453399658,-0.8373486995697021,7.345837593078613,6.508488655090332,midpoint,46,single_rater_weak
2025_09_15_Re4StRes_T1_DSV/IMG_2840.JPG,plot_76f157dea3d143b587c1,dsv_asendorf_t1_bbch11,/home/nfs/data/nvme_datasets/Pictures_CFSB_leaf_damage/2025_09_15_Re4StRes_T1_DSV/IMG_2840.JPG,2.0,1.2072715759277344,0.5322770476341248,-0.6749945282936096,1.4677228927612305,0.7927284240722656,midpoint,46,single_rater_weak
2025_09_15_Re4StRes_T1_DSV/IMG_2841.JPG,plot_74ee91a70def5e1240d4,dsv_asendorf_t1_bbch11,/home/nfs/data/nvme_datasets/Pictures_CFSB_leaf_damage/2025_09_15_Re4StRes_T1_DSV/IMG_2841.JPG,2.0,0.5021586418151855,-0.2618277072906494,-0.763986349105835,2.2618277072906494,1.4978413581848145,midpoint,46,single_rater_weak
2025_09_15_Re4StRes_T1_DSV/IMG_2842.JPG,plot_74ee91a70def5e1240d4,dsv_asendorf_t1_bbch11,/home/nfs/data/nvme_datasets/Pictures_CFSB_leaf_damage/2025_09_15_Re4StRes_T1_DSV/IMG_2842.JPG,1.0,0.6967215538024902,0.029582619667053223,-0.667138934135437,0.9704173803329468,0.30327844619750977,midpoint,46,single_rater_weak
2025_09_15_Re4StRes_T1_DSV/IMG_2843.JPG,plot_74ee91a70def5e1240d4,dsv_asendorf_t1_bbch11,/home/nfs/data/nvme_datasets/Pictures_CFSB_leaf_damage/2025_09_15_Re4StRes_T1_DSV/IMG_2843.JPG,1.0,1.059180736541748,0.2858116030693054,-0.7733691334724426,0.7141883969306946,0.05918073654174805,midpoint,46,single_rater_weak
2025_09_15_Re4StRes_T1_DSV/IMG_2844.JPG,plot_f0879f07e7b82b6cbf3c,dsv_asendorf_t1_bbch11,/home/nfs/data/nvme_datasets/Pictures_CFSB_leaf_damage/2025_09_15_Re4StRes_T1_DSV/IMG_2844.JPG,1.0,1.4029507637023926,1.018991470336914,-0.38395923376083374,0.018991470336914062,0.4029507637023926,midpoint,46,single_rater_weak
2025_09_15_Re4StRes_T1_DSV/IMG_2845.JPG,plot_f0879f07e7b82b6cbf3c,dsv_asendorf_t1_bbch11,/home/nfs/data/nvme_datasets/Pictures_CFSB_leaf_damage/2025_09_15_Re4StRes_T1_DSV/IMG_2845.JPG,2.0,0.20724773406982422,-0.17306971549987793,-0.38031744956970215,2.173069715499878,1.7927522659301758,midpoint,46,single_rater_weak
2025_09_15_Re4StRes_T1_DSV/IMG_2846.JPG,plot_f0879f07e7b82b6cbf3c,dsv_asendorf_t1_bbch11,/home/nfs/data/nvme_datasets/Pictures_CFSB_leaf_damage/2025_09_15_Re4StRes_T1_DSV/IMG_2846.JPG,3.0,3.0043249130249023,2.222494125366211,-0.781830906867981,0.7775058746337891,0.004324913024902344,midpoint,46,single_rater_weak
2025_09_15_Re4StRes_T1_DSV/IMG_2847.JPG,plot_fcd7e8b035def23fede6,dsv_asendorf_t1_bbch11,/home/nfs/data/nvme_datasets/Pictures_CFSB_leaf_damage/2025_09_15_Re4StRes_T1_DSV/IMG_2847.JPG,1.0,1.3943686485290527,0.5293785929679871,-0.8649900555610657,0.47062140703201294,0.39436864852905273,midpoint,46,single_rater_weak
2025_09_15_Re4StRes_T1_DSV/IMG_2848.JPG,plot_fcd7e8b035def23fede6,dsv_asendorf_t1_bbch11,/home/nfs/data/nvme_datasets/Pictures_CFSB_leaf_damage/2025_09_15_Re4StRes_T1_DSV/IMG_2848.JPG,1.0,1.5537614822387695,0.6005396842956543,-0.9532217979431152,0.3994603157043457,0.5537614822387695,midpoint,46,single_rater_weak
2025_09_15_Re4StRes_T1_DSV/IMG_2849.JPG,plot_fcd7e8b035def23fede6,dsv_asendorf_t1_bbch11,/home/nfs/data/nvme_datasets/Pictures_CFSB_leaf_damage/2025_09_15_Re4StRes_T1_DSV/IMG_2849.JPG,1.0,1.3571181297302246,0.42626452445983887,-0.9308536052703857,0.5737354755401611,0.3571181297302246,midpoint,46,single_rater_weak
2025_09_15_Re4StRes_T1_DSV/IMG_2850.JPG,plot_d9718fbb395864c7b86c,dsv_asendorf_t1_bbch11,/home/nfs/data/nvme_datasets/Pictures_CFSB_leaf_damage/2025_09_15_Re4StRes_T1_DSV/IMG_2850.JPG,1.0,0.7659568786621094,0.1203775405883789,-0.6455793380737305,0.8796224594116211,0.23404312133789062,midpoint,46,single_rater_weak
2025_09_15_Re4StRes_T1_DSV/IMG_2851.JPG,plot_d9718fbb395864c7b86c,dsv_asendorf_t1_bbch11,/home/nfs/data/nvme_datasets/Pictures_CFSB_leaf_damage/2025_09_15_Re4StRes_T1_DSV/IMG_2851.JPG,2.0,1.5961604118347168,1.059523582458496,-0.5366368293762207,0.9404764175415039,0.4038395881652832,midpoint,46,single_rater_weak
2025_09_15_Re4StRes_T1_DSV/IMG_2852.JPG,plot_d9718fbb395864c7b86c,dsv_asendorf_t1_bbch11,/home/nfs/data/nvme_datasets/Pictures_CFSB_leaf_damage/2025_09_15_Re4StRes_T1_DSV/IMG_2852.JPG,5.0,1.3736763000488281,0.9295848608016968,-0.44409140944480896,4.070415019989014,3.626323699951172,midpoint,46,single_rater_weak
2025_09_15_Re4StRes_T1_DSV/IMG_2853.JPG,plot_a8844705497a4f5f1781,dsv_asendorf_t1_bbch11,/home/nfs/data/nvme_datasets/Pictures_CFSB_leaf_damage/2025_09_15_Re4StRes_T1_DSV/IMG_2853.JPG,1.0,0.7934703826904297,0.08433717489242554,-0.7091332077980042,0.9156628251075745,0.2065296173095703,midpoint,46,single_rater_weak
2025_09_15_Re4StRes_T1_DSV/IMG_2854.JPG,plot_a8844705497a4f5f1781,dsv_asendorf_t1_bbch11,/home/nfs/data/nvme_datasets/Pictures_CFSB_leaf_damage/2025_09_15_Re4StRes_T1_DSV/IMG_2854.JPG,1.0,1.3056983947753906,0.8095643520355225,-0.49613404273986816,0.19043564796447754,0.3056983947753906,midpoint,46,single_rater_weak
2025_09_15_Re4StRes_T1_DSV/IMG_2855.JPG,plot_a8844705497a4f5f1781,dsv_asendorf_t1_bbch11,/home/nfs/data/nvme_datasets/Pictures_CFSB_leaf_damage/2025_09_15_Re4StRes_T1_DSV/IMG_2855.JPG,1.0,1.9042563438415527,1.2402137517929077,-0.664042592048645,0.24021375179290771,0.9042563438415527,midpoint,46,single_rater_weak
2025_09_15_Re4StRes_T1_DSV/IMG_2856.JPG,plot_49332c73775f577459b5,dsv_asendorf_t1_bbch11,/home/nfs/data/nvme_datasets/Pictures_CFSB_leaf_damage/2025_09_15_Re4StRes_T1_DSV/IMG_2856.JPG,2.0,0.6057720184326172,0.24421089887619019,-0.361561119556427,1.755789041519165,1.3942279815673828,midpoint,46,single_rater_weak
2025_09_15_Re4StRes_T1_DSV/IMG_2857.JPG,plot_49332c73775f577459b5,dsv_asendorf_t1_bbch11,/home/nfs/data/nvme_datasets/Pictures_CFSB_leaf_damage/2025_09_15_Re4StRes_T1_DSV/IMG_2857.JPG,1.0,0.6995072364807129,-0.05944514274597168,-0.7589523792266846,1.0594451427459717,0.3004927635192871,midpoint,46,single_rater_weak
2025_09_15_Re4StRes_T1_DSV/IMG_2858.JPG,plot_49332c73775f577459b5,dsv_asendorf_t1_bbch11,/home/nfs/data/nvme_datasets/Pictures_CFSB_leaf_damage/2025_09_15_Re4StRes_T1_DSV/IMG_2858.JPG,2.0,2.4377708435058594,1.5727185010910034,-0.865052342414856,0.4272814989089966,0.4377708435058594,midpoint,46,single_rater_weak
2025_09_15_Re4StRes_T1_DSV/IMG_2859.JPG,plot_ebd4356cb69020d146d3,dsv_asendorf_t1_bbch11,/home/nfs/data/nvme_datasets/Pictures_CFSB_leaf_damage/2025_09_15_Re4StRes_T1_DSV/IMG_2859.JPG,9.0,0.8230524063110352,-0.15701508522033691,-0.9800674915313721,9.157014846801758,8.176947593688965,midpoint,46,single_rater_weak
2025_09_15_Re4StRes_T1_DSV/IMG_2860.JPG,plot_ebd4356cb69020d146d3,dsv_asendorf_t1_bbch11,/home/nfs/data/nvme_datasets/Pictures_CFSB_leaf_damage/2025_09_15_Re4StRes_T1_DSV/IMG_2860.JPG,1.0,0.5891284942626953,-0.4208437204360962,-1.0099722146987915,1.4208437204360962,0.4108715057373047,midpoint,46,single_rater_weak
2025_09_15_Re4StRes_T1_DSV/IMG_2861.JPG,plot_ebd4356cb69020d146d3,dsv_asendorf_t1_bbch11,/home/nfs/data/nvme_datasets/Pictures_CFSB_leaf_damage/2025_09_15_Re4StRes_T1_DSV/IMG_2861.JPG,5.0,0.2361435890197754,-0.23034527897834778,-0.46648886799812317,5.230345249176025,4.763856410980225,midpoint,46,single_rater_weak
2025_09_15_Re4StRes_T1_DSV/IMG_2862.JPG,plot_f0c559e92e25adfd20fd,dsv_asendorf_t1_bbch11,/home/nfs/data/nvme_datasets/Pictures_CFSB_leaf_damage/2025_09_15_Re4StRes_T1_DSV/IMG_2862.JPG,2.0,1.1134557723999023,0.322087824344635,-0.7913679480552673,1.6779122352600098,0.8865442276000977,midpoint,46,single_rater_weak
2025_09_15_Re4StRes_T1_DSV/IMG_2863.JPG,plot_f0c559e92e25adfd20fd,dsv_asendorf_t1_bbch11,/home/nfs/data/nvme_datasets/Pictures_CFSB_leaf_damage/2025_09_15_Re4StRes_T1_DSV/IMG_2863.JPG,1.0,0.2880129814147949,-0.16566181182861328,-0.4536747932434082,1.1656618118286133,0.7119870185852051,midpoint,46,single_rater_weak
2025_09_15_Re4StRes_T1_DSV/IMG_2864.JPG,plot_f0c559e92e25adfd20fd,dsv_asendorf_t1_bbch11,/home/nfs/data/nvme_datasets/Pictures_CFSB_leaf_damage/2025_09_15_Re4StRes_T1_DSV/IMG_2864.JPG,1.0,0.01400613784790039,-0.6252351999282837,-0.6392413377761841,1.6252351999282837,0.9859938621520996,midpoint,46,single_rater_weak
2025_09_15_Re4StRes_T1_DSV/IMG_2865.JPG,plot_d7b8935e967a38afc8af,dsv_asendorf_t1_bbch11,/home/nfs/data/nvme_datasets/Pictures_CFSB_leaf_damage/2025_09_15_Re4StRes_T1_DSV/IMG_2865.JPG,5.0,2.178295135498047,1.8255038261413574,-0.35279130935668945,3.1744961738586426,2.821704864501953,midpoint,46,single_rater_weak
2025_09_15_Re4StRes_T1_DSV/IMG_2866.JPG,plot_d7b8935e967a38afc8af,dsv_asendorf_t1_bbch11,/home/nfs/data/nvme_datasets/Pictures_CFSB_leaf_damage/2025_09_15_Re4StRes_T1_DSV/IMG_2866.JPG,1.0,1.8151192665100098,1.9028395414352417,0.08772023767232895,0.9028395414352417,0.8151192665100098,midpoint,46,single_rater_weak
2025_09_15_Re4StRes_T1_DSV/IMG_2867.JPG,plot_d7b8935e967a38afc8af,dsv_asendorf_t1_bbch11,/home/nfs/data/nvme_datasets/Pictures_CFSB_leaf_damage/2025_09_15_Re4StRes_T1_DSV/IMG_2867.JPG,1.0,1.1350693702697754,0.5061286091804504,-0.628940761089325,0.49387139081954956,0.1350693702697754,midpoint,46,single_rater_weak
2025_09_15_Re4StRes_T1_DSV/IMG_2868.JPG,plot_df9b1e761cc41b9141d8,dsv_asendorf_t1_bbch11,/home/nfs/data/nvme_datasets/Pictures_CFSB_leaf_damage/2025_09_15_Re4StRes_T1_DSV/IMG_2868.JPG,2.0,1.3889713287353516,1.1431963443756104,-0.24577496945858002,0.8568036556243896,0.6110286712646484,midpoint,46,single_rater_weak
2025_09_15_Re4StRes_T1_DSV/IMG_2869.JPG,plot_df9b1e761cc41b9141d8,dsv_asendorf_t1_bbch11,/home/nfs/data/nvme_datasets/Pictures_CFSB_leaf_damage/2025_09_15_Re4StRes_T1_DSV/IMG_2869.JPG,1.0,1.5871367454528809,1.1206709146499634,-0.4664658010005951,0.12067091464996338,0.5871367454528809,midpoint,46,single_rater_weak
2025_09_15_Re4StRes_T1_DSV/IMG_2870.JPG,plot_df9b1e761cc41b9141d8,dsv_asendorf_t1_bbch11,/home/nfs/data/nvme_datasets/Pictures_CFSB_leaf_damage/2025_09_15_Re4StRes_T1_DSV/IMG_2870.JPG,2.0,1.0503425598144531,0.4647402763366699,-0.5856022834777832,1.53525972366333,0.9496574401855469,midpoint,46,single_rater_weak
2025_09_15_Re4StRes_T1_DSV/IMG_2871.JPG,plot_a967d2993a2c6d109d24,dsv_asendorf_t1_bbch11,/home/nfs/data/nvme_datasets/Pictures_CFSB_leaf_damage/2025_09_15_Re4StRes_T1_DSV/IMG_2871.JPG,2.0,1.211137294769287,1.0409232378005981,-0.17021402716636658,0.9590767621994019,0.7888627052307129,midpoint,46,single_rater_weak
2025_09_15_Re4StRes_T1_DSV/IMG_2872.JPG,plot_a967d2993a2c6d109d24,dsv_asendorf_t1_bbch11,/home/nfs/data/nvme_datasets/Pictures_CFSB_leaf_damage/2025_09_15_Re4StRes_T1_DSV/IMG_2872.JPG,1.0,0.7037897109985352,-0.1092948317527771,-0.8130845427513123,1.1092948913574219,0.29621028900146484,midpoint,46,single_rater_weak
2025_09_15_Re4StRes_T1_DSV/IMG_2873.JPG,plot_a967d2993a2c6d109d24,dsv_asendorf_t1_bbch11,/home/nfs/data/nvme_datasets/Pictures_CFSB_leaf_damage/2025_09_15_Re4StRes_T1_DSV/IMG_2873.JPG,1.0,0.09009027481079102,-0.6208032965660095,-0.7108935713768005,1.6208033561706543,0.909909725189209,midpoint,46,single_rater_weak
2025_09_15_Re4StRes_T1_DSV/IMG_2874.JPG,plot_d2d9c664f2153b1e0828,dsv_asendorf_t1_bbch11,/home/nfs/data/nvme_datasets/Pictures_CFSB_leaf_damage/2025_09_15_Re4StRes_T1_DSV/IMG_2874.JPG,1.0,0.5149836540222168,-0.13244295120239258,-0.6474266052246094,1.1324429512023926,0.4850163459777832,midpoint,46,single_rater_weak
2025_09_15_Re4StRes_T1_DSV/IMG_2875.JPG,plot_d2d9c664f2153b1e0828,dsv_asendorf_t1_bbch11,/home/nfs/data/nvme_datasets/Pictures_CFSB_leaf_damage/2025_09_15_Re4StRes_T1_DSV/IMG_2875.JPG,1.0,1.2031745910644531,0.8230683207511902,-0.38010627031326294,0.17693167924880981,0.20317459106445312,midpoint,46,single_rater_weak
2025_09_15_Re4StRes_T1_DSV/IMG_2876.JPG,plot_d2d9c664f2153b1e0828,dsv_asendorf_t1_bbch11,/home/nfs/data/nvme_datasets/Pictures_CFSB_leaf_damage/2025_09_15_Re4StRes_T1_DSV/IMG_2876.JPG,6.0,1.8810162544250488,1.5127263069152832,-0.368289977312088,4.487273693084717,4.118983745574951,midpoint,46,single_rater_weak
2025_09_15_Re4StRes_T1_DSV/IMG_2877.JPG,plot_06077aa9b2739738e87e,dsv_asendorf_t1_bbch11,/home/nfs/data/nvme_datasets/Pictures_CFSB_leaf_damage/2025_09_15_Re4StRes_T1_DSV/IMG_2877.JPG,1.0,0.32219839096069336,-0.3310354948043823,-0.6532338857650757,1.3310354948043823,0.6778016090393066,midpoint,46,single_rater_weak
2025_09_15_Re4StRes_T1_DSV/IMG_2878.JPG,plot_06077aa9b2739738e87e,dsv_asendorf_t1_bbch11,/home/nfs/data/nvme_datasets/Pictures_CFSB_leaf_damage/2025_09_15_Re4StRes_T1_DSV/IMG_2878.JPG,4.0,0.5079765319824219,-0.2031819224357605,-0.7111584544181824,4.203181743621826,3.492023468017578,midpoint,46,single_rater_weak
2025_09_15_Re4StRes_T1_DSV/IMG_2879.JPG,plot_06077aa9b2739738e87e,dsv_asendorf_t1_bbch11,/home/nfs/data/nvme_datasets/Pictures_CFSB_leaf_damage/2025_09_15_Re4StRes_T1_DSV/IMG_2879.JPG,1.0,0.8748979568481445,-0.13173723220825195,-1.0066351890563965,1.131737232208252,0.12510204315185547,midpoint,46,single_rater_weak
2025_09_15_Re4StRes_T1_DSV/IMG_2880.JPG,plot_d89a8bcf8d0d7729813c,dsv_asendorf_t1_bbch11,/home/nfs/data/nvme_datasets/Pictures_CFSB_leaf_damage/2025_09_15_Re4StRes_T1_DSV/IMG_2880.JPG,2.0,0.08350086212158203,-0.6825724840164185,-0.7660733461380005,2.682572364807129,1.916499137878418,midpoint,46,single_rater_weak
2025_09_15_Re4StRes_T1_DSV/IMG_2881.JPG,plot_d89a8bcf8d0d7729813c,dsv_asendorf_t1_bbch11,/home/nfs/data/nvme_datasets/Pictures_CFSB_leaf_damage/2025_09_15_Re4StRes_T1_DSV/IMG_2881.JPG,1.0,1.5334033966064453,1.4811979532241821,-0.05220542103052139,0.48119795322418213,0.5334033966064453,midpoint,46,single_rater_weak
2025_09_15_Re4StRes_T1_DSV/IMG_2882.JPG,plot_d89a8bcf8d0d7729813c,dsv_asendorf_t1_bbch11,/home/nfs/data/nvme_datasets/Pictures_CFSB_leaf_damage/2025_09_15_Re4StRes_T1_DSV/IMG_2882.JPG,1.0,0.3118104934692383,-0.40904563665390015,-0.7208561301231384,1.409045696258545,0.6881895065307617,midpoint,46,single_rater_weak
2025_09_15_Re4StRes_T1_DSV/IMG_2883.JPG,plot_9d01cfe64d34d5079290,dsv_asendorf_t1_bbch11,/home/nfs/data/nvme_datasets/Pictures_CFSB_leaf_damage/2025_09_15_Re4StRes_T1_DSV/IMG_2883.JPG,1.0,0.8802976608276367,0.5759973526000977,-0.30430030822753906,0.42400264739990234,0.11970233917236328,midpoint,46,single_rater_weak
2025_09_15_Re4StRes_T1_DSV/IMG_2884.JPG,plot_9d01cfe64d34d5079290,dsv_asendorf_t1_bbch11,/home/nfs/data/nvme_datasets/Pictures_CFSB_leaf_damage/2025_09_15_Re4StRes_T1_DSV/IMG_2884.JPG,9.0,0.6708583831787109,0.23697268962860107,-0.43388569355010986,8.76302719116211,8.329141616821289,midpoint,46,single_rater_weak
2025_09_15_Re4StRes_T1_DSV/IMG_2885.JPG,plot_9d01cfe64d34d5079290,dsv_asendorf_t1_bbch11,/home/nfs/data/nvme_datasets/Pictures_CFSB_leaf_damage/2025_09_15_Re4StRes_T1_DSV/IMG_2885.JPG,5.0,0.04093360900878906,-0.5091115236282349,-0.5500451326370239,5.509111404418945,4.959066390991211,midpoint,46,single_rater_weak
2025_09_15_Re4StRes_T1_DSV/IMG_2886.JPG,plot_d60fc64330d7114e5f4c,dsv_asendorf_t1_bbch11,/home/nfs/data/nvme_datasets/Pictures_CFSB_leaf_damage/2025_09_15_Re4StRes_T1_DSV/IMG_2886.JPG,8.0,2.595609188079834,2.1497175693511963,-0.4458915889263153,5.850282669067383,5.404390811920166,midpoint,46,single_rater_weak
2025_09_15_Re4StRes_T1_DSV/IMG_2887.JPG,plot_d60fc64330d7114e5f4c,dsv_asendorf_t1_bbch11,/home/nfs/data/nvme_datasets/Pictures_CFSB_leaf_damage/2025_09_15_Re4StRes_T1_DSV/IMG_2887.JPG,1.0,-0.12610626220703125,-0.4944493770599365,-0.3683431148529053,1.4944493770599365,1.1261062622070312,midpoint,46,single_rater_weak
2025_09_15_Re4StRes_T1_DSV/IMG_2888.JPG,plot_d60fc64330d7114e5f4c,dsv_asendorf_t1_bbch11,/home/nfs/data/nvme_datasets/Pictures_CFSB_leaf_damage/2025_09_15_Re4StRes_T1_DSV/IMG_2888.JPG,1.0,0.26618194580078125,0.4256267547607422,0.15944479405879974,0.5743732452392578,0.7338180541992188,midpoint,46,single_rater_weak
2025_09_15_Re4StRes_T1_DSV/IMG_2889.JPG,plot_c6c3a3cc275334f1f08b,dsv_asendorf_t1_bbch11,/home/nfs/data/nvme_datasets/Pictures_CFSB_leaf_damage/2025_09_15_Re4StRes_T1_DSV/IMG_2889.JPG,1.0,0.09987545013427734,-0.1583276093006134,-0.25820305943489075,1.158327579498291,0.9001245498657227,midpoint,46,single_rater_weak
2025_09_15_Re4StRes_T1_DSV/IMG_2890.JPG,plot_c6c3a3cc275334f1f08b,dsv_asendorf_t1_bbch11,/home/nfs/data/nvme_datasets/Pictures_CFSB_leaf_damage/2025_09_15_Re4StRes_T1_DSV/IMG_2890.JPG,2.0,0.5963473320007324,0.5950785279273987,-0.0012687942944467068,1.404921531677246,1.4036526679992676,midpoint,46,single_rater_weak
2025_09_15_Re4StRes_T1_DSV/IMG_2891.JPG,plot_c6c3a3cc275334f1f08b,dsv_asendorf_t1_bbch11,/home/nfs/data/nvme_datasets/Pictures_CFSB_leaf_damage/2025_09_15_Re4StRes_T1_DSV/IMG_2891.JPG,2.0,0.2980642318725586,-0.139232337474823,-0.4372965693473816,2.1392323970794678,1.7019357681274414,midpoint,46,single_rater_weak
2025_09_15_Re4StRes_T1_DSV/IMG_2892.JPG,plot_173aba14c5464b12bb95,dsv_asendorf_t1_bbch11,/home/nfs/data/nvme_datasets/Pictures_CFSB_leaf_damage/2025_09_15_Re4StRes_T1_DSV/IMG_2892.JPG,2.0,2.1068196296691895,1.8260846138000488,-0.28073495626449585,0.17391538619995117,0.10681962966918945,midpoint,46,single_rater_weak
2025_09_15_Re4StRes_T1_DSV/IMG_2893.JPG,plot_173aba14c5464b12bb95,dsv_asendorf_t1_bbch11,/home/nfs/data/nvme_datasets/Pictures_CFSB_leaf_damage/2025_09_15_Re4StRes_T1_DSV/IMG_2893.JPG,1.0,0.6350064277648926,-0.19970250129699707,-0.8347089290618896,1.199702501296997,0.3649935722351074,midpoint,46,single_rater_weak
2025_09_15_Re4StRes_T1_DSV/IMG_2894.JPG,plot_173aba14c5464b12bb95,dsv_asendorf_t1_bbch11,/home/nfs/data/nvme_datasets/Pictures_CFSB_leaf_damage/2025_09_15_Re4StRes_T1_DSV/IMG_2894.JPG,5.0,2.300139904022217,2.18320369720459,-0.11693622916936874,2.81679630279541,2.699860095977783,midpoint,46,single_rater_weak
2025_09_15_Re4StRes_T1_DSV/IMG_2895.JPG,plot_5b92a0664e4fb6d58534,dsv_asendorf_t1_bbch11,/home/nfs/data/nvme_datasets/Pictures_CFSB_leaf_damage/2025_09_15_Re4StRes_T1_DSV/IMG_2895.JPG,25.0,3.730823040008545,3.459230422973633,-0.2715927064418793,21.540769577026367,21.269176483154297,midpoint,46,single_rater_weak
2025_09_15_Re4StRes_T1_DSV/IMG_2896.JPG,plot_5b92a0664e4fb6d58534,dsv_asendorf_t1_bbch11,/home/nfs/data/nvme_datasets/Pictures_CFSB_leaf_damage/2025_09_15_Re4StRes_T1_DSV/IMG_2896.JPG,18.0,4.096707344055176,4.248931884765625,0.15222448110580444,13.751068115234375,13.903292655944824,midpoint,46,single_rater_weak
2025_09_15_Re4StRes_T1_DSV/IMG_2897.JPG,plot_5b92a0664e4fb6d58534,dsv_asendorf_t1_bbch11,/home/nfs/data/nvme_datasets/Pictures_CFSB_leaf_damage/2025_09_15_Re4StRes_T1_DSV/IMG_2897.JPG,10.0,1.0621953010559082,0.5076508522033691,-0.5545444488525391,9.492349624633789,8.93780517578125,midpoint,46,single_rater_weak
2025_09_15_Re4StRes_T1_DSV/IMG_2898.JPG,plot_d667cdaecff8d0c52a9e,dsv_asendorf_t1_bbch11,/home/nfs/data/nvme_datasets/Pictures_CFSB_leaf_damage/2025_09_15_Re4StRes_T1_DSV/IMG_2898.JPG,10.0,2.7373881340026855,2.0488343238830566,-0.6885538101196289,7.951165676116943,7.2626118659973145,midpoint,46,single_rater_weak
2025_09_15_Re4StRes_T1_DSV/IMG_2900.JPG,plot_d667cdaecff8d0c52a9e,dsv_asendorf_t1_bbch11,/home/nfs/data/nvme_datasets/Pictures_CFSB_leaf_damage/2025_09_15_Re4StRes_T1_DSV/IMG_2900.JPG,15.0,2.5893335342407227,2.646395444869995,0.05706183612346649,12.353604316711426,12.410666465759277,midpoint,46,single_rater_weak
2025_09_15_Re4StRes_T1_DSV/IMG_2901.JPG,plot_d667cdaecff8d0c52a9e,dsv_asendorf_t1_bbch11,/home/nfs/data/nvme_datasets/Pictures_CFSB_leaf_damage/2025_09_15_Re4StRes_T1_DSV/IMG_2901.JPG,7.0,3.5019848346710205,3.223762035369873,-0.27822279930114746,3.776237964630127,3.4980151653289795,midpoint,46,single_rater_weak
2025_09_15_Re4StRes_T1_DSV/IMG_2902.JPG,plot_94ea7c58860f7d8c77c9,dsv_asendorf_t1_bbch11,/home/nfs/data/nvme_datasets/Pictures_CFSB_leaf_damage/2025_09_15_Re4StRes_T1_DSV/IMG_2902.JPG,23.0,7.425163269042969,7.628119468688965,0.20295637845993042,15.371880531311035,15.574836730957031,midpoint,46,single_rater_weak
2025_09_15_Re4StRes_T1_DSV/IMG_2903.JPG,plot_94ea7c58860f7d8c77c9,dsv_asendorf_t1_bbch11,/home/nfs/data/nvme_datasets/Pictures_CFSB_leaf_damage/2025_09_15_Re4StRes_T1_DSV/IMG_2903.JPG,15.0,7.292356491088867,7.137268543243408,-0.15508805215358734,7.862731456756592,7.707643508911133,midpoint,46,single_rater_weak
2025_09_15_Re4StRes_T1_DSV/IMG_2904.JPG,plot_94ea7c58860f7d8c77c9,dsv_asendorf_t1_bbch11,/home/nfs/data/nvme_datasets/Pictures_CFSB_leaf_damage/2025_09_15_Re4StRes_T1_DSV/IMG_2904.JPG,3.0,1.687222957611084,1.4225332736968994,-0.26468968391418457,1.5774667263031006,1.312777042388916,midpoint,46,single_rater_weak
2025_09_15_Re4StRes_T1_DSV/IMG_2905.JPG,plot_dbc6c631115af6239c6c,dsv_asendorf_t1_bbch11,/home/nfs/data/nvme_datasets/Pictures_CFSB_leaf_damage/2025_09_15_Re4StRes_T1_DSV/IMG_2905.JPG,3.0,0.8328380584716797,0.8612533211708069,0.02841528132557869,2.138746738433838,2.1671619415283203,midpoint,46,single_rater_weak
2025_09_15_Re4StRes_T1_DSV/IMG_2906.JPG,plot_dbc6c631115af6239c6c,dsv_asendorf_t1_bbch11,/home/nfs/data/nvme_datasets/Pictures_CFSB_leaf_damage/2025_09_15_Re4StRes_T1_DSV/IMG_2906.JPG,2.0,2.3833727836608887,2.431123971939087,0.04775109887123108,0.4311239719390869,0.38337278366088867,midpoint,46,single_rater_weak
2025_09_15_Re4StRes_T1_DSV/IMG_2907.JPG,plot_dbc6c631115af6239c6c,dsv_asendorf_t1_bbch11,/home/nfs/data/nvme_datasets/Pictures_CFSB_leaf_damage/2025_09_15_Re4StRes_T1_DSV/IMG_2907.JPG,8.0,0.6087455749511719,0.07497256994247437,-0.5337730050086975,7.925027370452881,7.391254425048828,midpoint,46,single_rater_weak
2025_09_15_Re4StRes_T1_DSV/IMG_2908.JPG,plot_94a13f7206c6a3c73cd6,dsv_asendorf_t1_bbch11,/home/nfs/data/nvme_datasets/Pictures_CFSB_leaf_damage/2025_09_15_Re4StRes_T1_DSV/IMG_2908.JPG,2.0,0.5547738075256348,0.24479547142982483,-0.30997833609580994,1.7552045583724976,1.4452261924743652,midpoint,46,single_rater_weak
2025_09_15_Re4StRes_T1_DSV/IMG_2909.JPG,plot_94a13f7206c6a3c73cd6,dsv_asendorf_t1_bbch11,/home/nfs/data/nvme_datasets/Pictures_CFSB_leaf_damage/2025_09_15_Re4StRes_T1_DSV/IMG_2909.JPG,14.0,2.342489242553711,2.4908695220947266,0.1483803540468216,11.509130477905273,11.657510757446289,midpoint,46,single_rater_weak
2025_09_15_Re4StRes_T1_DSV/IMG_2911.JPG,plot_94a13f7206c6a3c73cd6,dsv_asendorf_t1_bbch11,/home/nfs/data/nvme_datasets/Pictures_CFSB_leaf_damage/2025_09_15_Re4StRes_T1_DSV/IMG_2911.JPG,11.0,2.315518379211426,2.1955718994140625,-0.1199464425444603,8.804428100585938,8.684481620788574,midpoint,46,single_rater_weak
2025_09_15_Re4StRes_T1_DSV/IMG_2912.JPG,plot_401959473a7fdf98fa1b,dsv_asendorf_t1_bbch11,/home/nfs/data/nvme_datasets/Pictures_CFSB_leaf_damage/2025_09_15_Re4StRes_T1_DSV/IMG_2912.JPG,5.0,3.753545045852661,3.4781653881073,-0.27537962794303894,1.5218346118927002,1.2464549541473389,midpoint,46,single_rater_weak
2025_09_15_Re4StRes_T1_DSV/IMG_2913.JPG,plot_401959473a7fdf98fa1b,dsv_asendorf_t1_bbch11,/home/nfs/data/nvme_datasets/Pictures_CFSB_leaf_damage/2025_09_15_Re4StRes_T1_DSV/IMG_2913.JPG,11.0,3.036937713623047,2.4905214309692383,-0.5464162230491638,8.509478569030762,7.963062286376953,midpoint,46,single_rater_weak
2025_09_15_Re4StRes_T1_DSV/IMG_2914.JPG,plot_401959473a7fdf98fa1b,dsv_asendorf_t1_bbch11,/home/nfs/data/nvme_datasets/Pictures_CFSB_leaf_damage/2025_09_15_Re4StRes_T1_DSV/IMG_2914.JPG,6.0,2.2323665618896484,2.02907395362854,-0.20329268276691437,3.97092604637146,3.7676334381103516,midpoint,46,single_rater_weak
2025_09_15_Re4StRes_T1_DSV/IMG_2915.JPG,plot_acea1f718990cc6d06f9,dsv_asendorf_t1_bbch11,/home/nfs/data/nvme_datasets/Pictures_CFSB_leaf_damage/2025_09_15_Re4StRes_T1_DSV/IMG_2915.JPG,18.0,2.989988327026367,2.3365278244018555,-0.6534605026245117,15.663472175598145,15.010011672973633,midpoint,46,single_rater_weak
2025_09_15_Re4StRes_T1_DSV/IMG_2916.JPG,plot_acea1f718990cc6d06f9,dsv_asendorf_t1_bbch11,/home/nfs/data/nvme_datasets/Pictures_CFSB_leaf_damage/2025_09_15_Re4StRes_T1_DSV/IMG_2916.JPG,18.0,2.3386192321777344,1.9290835857391357,-0.40953558683395386,16.0709171295166,15.661380767822266,midpoint,46,single_rater_weak
2025_09_15_Re4StRes_T1_DSV/IMG_2917.JPG,plot_acea1f718990cc6d06f9,dsv_asendorf_t1_bbch11,/home/nfs/data/nvme_datasets/Pictures_CFSB_leaf_damage/2025_09_15_Re4StRes_T1_DSV/IMG_2917.JPG,3.0,0.5673747062683105,0.09286853671073914,-0.4745061695575714,2.9071314334869385,2.4326252937316895,midpoint,46,single_rater_weak
2025_09_15_Re4StRes_T1_DSV/IMG_2918.JPG,plot_2a793365ce625b6d0933,dsv_asendorf_t1_bbch11,/home/nfs/data/nvme_datasets/Pictures_CFSB_leaf_damage/2025_09_15_Re4StRes_T1_DSV/IMG_2918.JPG,6.0,2.0866189002990723,1.8955745697021484,-0.19104434549808502,4.104425430297852,3.9133810997009277,midpoint,46,single_rater_weak
2025_09_15_Re4StRes_T1_DSV/IMG_2919.JPG,plot_2a793365ce625b6d0933,dsv_asendorf_t1_bbch11,/home/nfs/data/nvme_datasets/Pictures_CFSB_leaf_damage/2025_09_15_Re4StRes_T1_DSV/IMG_2919.JPG,2.0,1.5406699180603027,0.8864207863807678,-0.6542491316795349,1.113579273223877,0.45933008193969727,midpoint,46,single_rater_weak
2025_09_15_Re4StRes_T1_DSV/IMG_2920.JPG,plot_2a793365ce625b6d0933,dsv_asendorf_t1_bbch11,/home/nfs/data/nvme_datasets/Pictures_CFSB_leaf_damage/2025_09_15_Re4StRes_T1_DSV/IMG_2920.JPG,2.0,1.4532928466796875,1.5602140426635742,0.10692115873098373,0.4397859573364258,0.5467071533203125,midpoint,46,single_rater_weak
2025_09_15_Re4StRes_T1_DSV/IMG_2922.JPG,plot_728875283c2174c74a38,dsv_asendorf_t1_bbch11,/home/nfs/data/nvme_datasets/Pictures_CFSB_leaf_damage/2025_09_15_Re4StRes_T1_DSV/IMG_2922.JPG,14.0,2.858076572418213,2.5842132568359375,-0.2738632559776306,11.415786743164062,11.141923904418945,midpoint,46,single_rater_weak
2025_09_15_Re4StRes_T1_DSV/IMG_2923.JPG,plot_728875283c2174c74a38,dsv_asendorf_t1_bbch11,/home/nfs/data/nvme_datasets/Pictures_CFSB_leaf_damage/2025_09_15_Re4StRes_T1_DSV/IMG_2923.JPG,2.0,1.2124881744384766,0.5970696210861206,-0.615418553352356,1.4029303789138794,0.7875118255615234,midpoint,46,single_rater_weak
2025_09_15_Re4StRes_T1_DSV/IMG_2924.JPG,plot_728875283c2174c74a38,dsv_asendorf_t1_bbch11,/home/nfs/data/nvme_datasets/Pictures_CFSB_leaf_damage/2025_09_15_Re4StRes_T1_DSV/IMG_2924.JPG,4.0,0.17945575714111328,-0.1965409517288208,-0.3759967088699341,4.196540832519531,3.8205442428588867,midpoint,46,single_rater_weak
2025_09_15_Re4StRes_T1_DSV/IMG_2925.JPG,plot_08c76eef14bf2854a036,dsv_asendorf_t1_bbch11,/home/nfs/data/nvme_datasets/Pictures_CFSB_leaf_damage/2025_09_15_Re4StRes_T1_DSV/IMG_2925.JPG,2.0,0.47456979751586914,-0.2675250172615051,-0.7420948147773743,2.2675249576568604,1.5254302024841309,midpoint,46,single_rater_weak
2025_09_15_Re4StRes_T1_DSV/IMG_2926.JPG,plot_08c76eef14bf2854a036,dsv_asendorf_t1_bbch11,/home/nfs/data/nvme_datasets/Pictures_CFSB_leaf_damage/2025_09_15_Re4StRes_T1_DSV/IMG_2926.JPG,1.0,1.9333109855651855,1.8187222480773926,-0.11458878219127655,0.8187222480773926,0.9333109855651855,midpoint,46,single_rater_weak
2025_09_15_Re4StRes_T1_DSV/IMG_2927.JPG,plot_08c76eef14bf2854a036,dsv_asendorf_t1_bbch11,/home/nfs/data/nvme_datasets/Pictures_CFSB_leaf_damage/2025_09_15_Re4StRes_T1_DSV/IMG_2927.JPG,16.0,0.9964523315429688,1.0253492593765259,0.028896963223814964,14.974650382995605,15.003547668457031,midpoint,46,single_rater_weak
2025_09_15_Re4StRes_T1_DSV/IMG_2928.JPG,plot_3a39c4e211148b28458d,dsv_asendorf_t1_bbch11,/home/nfs/data/nvme_datasets/Pictures_CFSB_leaf_damage/2025_09_15_Re4StRes_T1_DSV/IMG_2928.JPG,10.0,0.0067272186279296875,-0.7239062786102295,-0.7306334972381592,10.723906517028809,9.99327278137207,midpoint,46,single_rater_weak
2025_09_15_Re4StRes_T1_DSV/IMG_2929.JPG,plot_3a39c4e211148b28458d,dsv_asendorf_t1_bbch11,/home/nfs/data/nvme_datasets/Pictures_CFSB_leaf_damage/2025_09_15_Re4StRes_T1_DSV/IMG_2929.JPG,19.0,2.0884804725646973,1.7920637130737305,-0.296416699886322,17.207935333251953,16.91152000427246,midpoint,46,single_rater_weak
2025_09_15_Re4StRes_T1_DSV/IMG_2930.JPG,plot_3a39c4e211148b28458d,dsv_asendorf_t1_bbch11,/home/nfs/data/nvme_datasets/Pictures_CFSB_leaf_damage/2025_09_15_Re4StRes_T1_DSV/IMG_2930.JPG,1.0,1.1021194458007812,0.6564719080924988,-0.44564753770828247,0.3435280919075012,0.10211944580078125,midpoint,46,single_rater_weak
2025_09_15_Re4StRes_T1_DSV/IMG_2931.JPG,plot_49ce69d3cc874d1b62c8,dsv_asendorf_t1_bbch11,/home/nfs/data/nvme_datasets/Pictures_CFSB_leaf_damage/2025_09_15_Re4StRes_T1_DSV/IMG_2931.JPG,12.0,2.6687417030334473,2.399033546447754,-0.26970812678337097,9.600966453552246,9.331258773803711,midpoint,46,single_rater_weak
2025_09_15_Re4StRes_T1_DSV/IMG_2932.JPG,plot_49ce69d3cc874d1b62c8,dsv_asendorf_t1_bbch11,/home/nfs/data/nvme_datasets/Pictures_CFSB_leaf_damage/2025_09_15_Re4StRes_T1_DSV/IMG_2932.JPG,22.0,3.2607216835021973,3.4080522060394287,0.1473306268453598,18.591947555541992,18.73927879333496,midpoint,46,single_rater_weak
2025_09_15_Re4StRes_T1_DSV/IMG_2933.JPG,plot_49ce69d3cc874d1b62c8,dsv_asendorf_t1_bbch11,/home/nfs/data/nvme_datasets/Pictures_CFSB_leaf_damage/2025_09_15_Re4StRes_T1_DSV/IMG_2933.JPG,2.0,4.935155391693115,4.9451117515563965,0.009956312365829945,2.9451117515563965,2.9351553916931152,midpoint,46,single_rater_weak
2025_09_15_Re4StRes_T1_DSV/IMG_2934.JPG,plot_f672e06e78f4310a2300,dsv_asendorf_t1_bbch11,/home/nfs/data/nvme_datasets/Pictures_CFSB_leaf_damage/2025_09_15_Re4StRes_T1_DSV/IMG_2934.JPG,2.0,0.4916090965270996,0.0322699248790741,-0.4593391716480255,1.9677300453186035,1.5083909034729004,midpoint,46,single_rater_weak
2025_09_15_Re4StRes_T1_DSV/IMG_2935.JPG,plot_f672e06e78f4310a2300,dsv_asendorf_t1_bbch11,/home/nfs/data/nvme_datasets/Pictures_CFSB_leaf_damage/2025_09_15_Re4StRes_T1_DSV/IMG_2935.JPG,4.0,3.4211411476135254,3.289682388305664,-0.13145866990089417,0.7103176116943359,0.5788588523864746,midpoint,46,single_rater_weak
2025_09_15_Re4StRes_T1_DSV/IMG_2936.JPG,plot_f672e06e78f4310a2300,dsv_asendorf_t1_bbch11,/home/nfs/data/nvme_datasets/Pictures_CFSB_leaf_damage/2025_09_15_Re4StRes_T1_DSV/IMG_2936.JPG,9.0,1.116525650024414,0.8632020950317383,-0.2533235251903534,8.136797904968262,7.883474349975586,midpoint,46,single_rater_weak
2025_09_15_Re4StRes_T1_DSV/IMG_2937.JPG,plot_3b699ca9c300cc1cce74,dsv_asendorf_t1_bbch11,/home/nfs/data/nvme_datasets/Pictures_CFSB_leaf_damage/2025_09_15_Re4StRes_T1_DSV/IMG_2937.JPG,11.0,1.9621729850769043,1.8815914392471313,-0.08058159798383713,9.118408203125,9.037826538085938,midpoint,46,single_rater_weak
2025_09_15_Re4StRes_T1_DSV/IMG_2938.JPG,plot_3b699ca9c300cc1cce74,dsv_asendorf_t1_bbch11,/home/nfs/data/nvme_datasets/Pictures_CFSB_leaf_damage/2025_09_15_Re4StRes_T1_DSV/IMG_2938.JPG,23.0,2.7952518463134766,2.967557191848755,0.17230524122714996,20.032442092895508,20.204748153686523,midpoint,46,single_rater_weak
2025_09_15_Re4StRes_T1_DSV/IMG_2939.JPG,plot_3b699ca9c300cc1cce74,dsv_asendorf_t1_bbch11,/home/nfs/data/nvme_datasets/Pictures_CFSB_leaf_damage/2025_09_15_Re4StRes_T1_DSV/IMG_2939.JPG,4.0,1.8251609802246094,1.2112053632736206,-0.6139556169509888,2.78879451751709,2.1748390197753906,midpoint,46,single_rater_weak
2025_09_15_Re4StRes_T1_DSV/IMG_2940.JPG,plot_e329dfdd5eef80a5d030,dsv_asendorf_t1_bbch11,/home/nfs/data/nvme_datasets/Pictures_CFSB_leaf_damage/2025_09_15_Re4StRes_T1_DSV/IMG_2940.JPG,1.0,0.8815112113952637,0.9023489356040955,0.02083773910999298,0.09765106439590454,0.11848878860473633,midpoint,46,single_rater_weak
2025_09_15_Re4StRes_T1_DSV/IMG_2941.JPG,plot_e329dfdd5eef80a5d030,dsv_asendorf_t1_bbch11,/home/nfs/data/nvme_datasets/Pictures_CFSB_leaf_damage/2025_09_15_Re4StRes_T1_DSV/IMG_2941.JPG,4.0,3.947845935821533,3.9444334506988525,-0.003412391059100628,0.05556654930114746,0.0521540641784668,midpoint,46,single_rater_weak
2025_09_15_Re4StRes_T1_DSV/IMG_2942.JPG,plot_e329dfdd5eef80a5d030,dsv_asendorf_t1_bbch11,/home/nfs/data/nvme_datasets/Pictures_CFSB_leaf_damage/2025_09_15_Re4StRes_T1_DSV/IMG_2942.JPG,16.0,1.1769089698791504,1.3135706186294556,0.13666164875030518,14.686429023742676,14.823091506958008,midpoint,46,single_rater_weak
2025_09_15_Re4StRes_T1_DSV/IMG_2943.JPG,plot_18a2195a85762dad8df2,dsv_asendorf_t1_bbch11,/home/nfs/data/nvme_datasets/Pictures_CFSB_leaf_damage/2025_09_15_Re4StRes_T1_DSV/IMG_2943.JPG,4.0,1.099764347076416,1.10888671875,0.009122315794229507,2.89111328125,2.900235652923584,midpoint,46,single_rater_weak
2025_09_15_Re4StRes_T1_DSV/IMG_2944.JPG,plot_18a2195a85762dad8df2,dsv_asendorf_t1_bbch11,/home/nfs/data/nvme_datasets/Pictures_CFSB_leaf_damage/2025_09_15_Re4StRes_T1_DSV/IMG_2944.JPG,18.0,1.061145305633545,0.8782216906547546,-0.18292361497879028,17.12177848815918,16.938854217529297,midpoint,46,single_rater_weak
2025_09_15_Re4StRes_T1_DSV/IMG_2945.JPG,plot_18a2195a85762dad8df2,dsv_asendorf_t1_bbch11,/home/nfs/data/nvme_datasets/Pictures_CFSB_leaf_damage/2025_09_15_Re4StRes_T1_DSV/IMG_2945.JPG,20.0,1.2880244255065918,1.2980446815490723,0.010020237416028976,18.701955795288086,18.71197509765625,midpoint,46,single_rater_weak
2025_09_15_Re4StRes_T1_DSV/IMG_2946.JPG,plot_63b18ea658eedaada1c0,dsv_asendorf_t1_bbch11,/home/nfs/data/nvme_datasets/Pictures_CFSB_leaf_damage/2025_09_15_Re4StRes_T1_DSV/IMG_2946.JPG,2.0,0.6641602516174316,0.7694416046142578,0.10528132319450378,1.2305583953857422,1.3358397483825684,midpoint,46,single_rater_weak
2025_09_15_Re4StRes_T1_DSV/IMG_2947.JPG,plot_63b18ea658eedaada1c0,dsv_asendorf_t1_bbch11,/home/nfs/data/nvme_datasets/Pictures_CFSB_leaf_damage/2025_09_15_Re4StRes_T1_DSV/IMG_2947.JPG,35.0,5.169910907745361,5.185657024383545,0.01574588567018509,29.814342498779297,29.830089569091797,midpoint,46,single_rater_weak
2025_09_15_Re4StRes_T1_DSV/IMG_2948.JPG,plot_63b18ea658eedaada1c0,dsv_asendorf_t1_bbch11,/home/nfs/data/nvme_datasets/Pictures_CFSB_leaf_damage/2025_09_15_Re4StRes_T1_DSV/IMG_2948.JPG,23.0,1.0963821411132812,1.0204026699066162,-0.07597946375608444,21.979597091674805,21.90361785888672,midpoint,46,single_rater_weak
2025_09_15_Re4StRes_T1_DSV/IMG_2949.JPG,plot_724abc754b17665c24b5,dsv_asendorf_t1_bbch11,/home/nfs/data/nvme_datasets/Pictures_CFSB_leaf_damage/2025_09_15_Re4StRes_T1_DSV/IMG_2949.JPG,7.0,1.0961413383483887,0.6982771754264832,-0.3978641629219055,6.301723003387451,5.903858661651611,midpoint,46,single_rater_weak
2025_09_15_Re4StRes_T1_DSV/IMG_2950.JPG,plot_724abc754b17665c24b5,dsv_asendorf_t1_bbch11,/home/nfs/data/nvme_datasets/Pictures_CFSB_leaf_damage/2025_09_15_Re4StRes_T1_DSV/IMG_2950.JPG,9.0,2.0386290550231934,1.6587095260620117,-0.3799195885658264,7.341290473937988,6.961370944976807,midpoint,46,single_rater_weak
2025_09_15_Re4StRes_T1_DSV/IMG_2951.JPG,plot_724abc754b17665c24b5,dsv_asendorf_t1_bbch11,/home/nfs/data/nvme_datasets/Pictures_CFSB_leaf_damage/2025_09_15_Re4StRes_T1_DSV/IMG_2951.JPG,4.0,1.267348289489746,1.2767807245254517,0.00943238940089941,2.723219394683838,2.732651710510254,midpoint,46,single_rater_weak
2025_09_15_Re4StRes_T1_DSV/IMG_2952.JPG,plot_adc4faadd2469476e975,dsv_asendorf_t1_bbch11,/home/nfs/data/nvme_datasets/Pictures_CFSB_leaf_damage/2025_09_15_Re4StRes_T1_DSV/IMG_2952.JPG,7.0,7.432642459869385,7.322225570678711,-0.11041665077209473,0.32222557067871094,0.43264245986938477,midpoint,46,single_rater_weak
2025_09_15_Re4StRes_T1_DSV/IMG_2953.JPG,plot_adc4faadd2469476e975,dsv_asendorf_t1_bbch11,/home/nfs/data/nvme_datasets/Pictures_CFSB_leaf_damage/2025_09_15_Re4StRes_T1_DSV/IMG_2953.JPG,14.0,4.099679946899414,3.811561107635498,-0.28811877965927124,10.188438415527344,9.900320053100586,midpoint,46,single_rater_weak
2025_09_15_Re4StRes_T1_DSV/IMG_2954.JPG,plot_adc4faadd2469476e975,dsv_asendorf_t1_bbch11,/home/nfs/data/nvme_datasets/Pictures_CFSB_leaf_damage/2025_09_15_Re4StRes_T1_DSV/IMG_2954.JPG,8.0,1.5942745208740234,1.3012691736221313,-0.2930053770542145,6.698730945587158,6.405725479125977,midpoint,46,single_rater_weak
2025_09_15_Re4StRes_T1_DSV/IMG_2955.JPG,plot_ea983699b2703524116f,dsv_asendorf_t1_bbch11,/home/nfs/data/nvme_datasets/Pictures_CFSB_leaf_damage/2025_09_15_Re4StRes_T1_DSV/IMG_2955.JPG,2.0,1.3135795593261719,1.0367271900177002,-0.2768523097038269,0.9632728099822998,0.6864204406738281,midpoint,46,single_rater_weak
2025_09_15_Re4StRes_T1_DSV/IMG_2956.JPG,plot_ea983699b2703524116f,dsv_asendorf_t1_bbch11,/home/nfs/data/nvme_datasets/Pictures_CFSB_leaf_damage/2025_09_15_Re4StRes_T1_DSV/IMG_2956.JPG,13.0,3.9204211235046387,3.7742857933044434,-0.14613525569438934,9.225713729858398,9.079578399658203,midpoint,46,single_rater_weak
2025_09_15_Re4StRes_T1_DSV/IMG_2957.JPG,plot_ea983699b2703524116f,dsv_asendorf_t1_bbch11,/home/nfs/data/nvme_datasets/Pictures_CFSB_leaf_damage/2025_09_15_Re4StRes_T1_DSV/IMG_2957.JPG,6.0,0.9767541885375977,0.633394181728363,-0.3433600068092346,5.366605758666992,5.023245811462402,midpoint,46,single_rater_weak
2025_09_15_Re4StRes_T1_DSV/IMG_2958.JPG,plot_08de49746d4125eddd77,dsv_asendorf_t1_bbch11,/home/nfs/data/nvme_datasets/Pictures_CFSB_leaf_damage/2025_09_15_Re4StRes_T1_DSV/IMG_2958.JPG,11.0,2.0839381217956543,2.2067885398864746,0.12285041809082031,8.793210983276367,8.916061401367188,midpoint,46,single_rater_weak
2025_09_15_Re4StRes_T1_DSV/IMG_2959.JPG,plot_08de49746d4125eddd77,dsv_asendorf_t1_bbch11,/home/nfs/data/nvme_datasets/Pictures_CFSB_leaf_damage/2025_09_15_Re4StRes_T1_DSV/IMG_2959.JPG,16.0,6.219453811645508,6.455234050750732,0.23578031361103058,9.54476547241211,9.780546188354492,midpoint,46,single_rater_weak
2025_09_15_Re4StRes_T1_DSV/IMG_2960.JPG,plot_08de49746d4125eddd77,dsv_asendorf_t1_bbch11,/home/nfs/data/nvme_datasets/Pictures_CFSB_leaf_damage/2025_09_15_Re4StRes_T1_DSV/IMG_2960.JPG,8.0,2.554636001586914,2.144946813583374,-0.4096892476081848,5.855052947998047,5.445363998413086,midpoint,46,single_rater_weak
2025_09_15_Re4StRes_T1_DSV/IMG_2961.JPG,plot_2751d4a40273ff4d4fe0,dsv_asendorf_t1_bbch11,/home/nfs/data/nvme_datasets/Pictures_CFSB_leaf_damage/2025_09_15_Re4StRes_T1_DSV/IMG_2961.JPG,6.0,3.5120272636413574,3.2236502170562744,-0.2883770763874054,2.7763497829437256,2.4879727363586426,midpoint,46,single_rater_weak
2025_09_15_Re4StRes_T1_DSV/IMG_2962.JPG,plot_2751d4a40273ff4d4fe0,dsv_asendorf_t1_bbch11,/home/nfs/data/nvme_datasets/Pictures_CFSB_leaf_damage/2025_09_15_Re4StRes_T1_DSV/IMG_2962.JPG,3.0,3.242724895477295,3.0093398094177246,-0.23338519036769867,0.00933980941772461,0.24272489547729492,midpoint,46,single_rater_weak
2025_09_15_Re4StRes_T1_DSV/IMG_2963.JPG,plot_2751d4a40273ff4d4fe0,dsv_asendorf_t1_bbch11,/home/nfs/data/nvme_datasets/Pictures_CFSB_leaf_damage/2025_09_15_Re4StRes_T1_DSV/IMG_2963.JPG,7.0,2.16727876663208,1.7150365114212036,-0.45224225521087646,5.284963607788086,4.83272123336792,midpoint,46,single_rater_weak
2025_09_15_Re4StRes_T1_DSV/IMG_2964.JPG,plot_0de0877cf374ef8b5b55,dsv_asendorf_t1_bbch11,/home/nfs/data/nvme_datasets/Pictures_CFSB_leaf_damage/2025_09_15_Re4StRes_T1_DSV/IMG_2964.JPG,18.0,3.01253604888916,2.9589920043945312,-0.0535440631210804,15.041007995605469,14.98746395111084,midpoint,46,single_rater_weak
2025_09_15_Re4StRes_T1_DSV/IMG_2965.JPG,plot_0de0877cf374ef8b5b55,dsv_asendorf_t1_bbch11,/home/nfs/data/nvme_datasets/Pictures_CFSB_leaf_damage/2025_09_15_Re4StRes_T1_DSV/IMG_2965.JPG,16.0,1.9836454391479492,1.3586819171905518,-0.6249635219573975,14.641318321228027,14.01635456085205,midpoint,46,single_rater_weak
2025_09_15_Re4StRes_T1_DSV/IMG_2966.JPG,plot_0de0877cf374ef8b5b55,dsv_asendorf_t1_bbch11,/home/nfs/data/nvme_datasets/Pictures_CFSB_leaf_damage/2025_09_15_Re4StRes_T1_DSV/IMG_2966.JPG,2.0,1.0396599769592285,0.0988277792930603,-0.9408321976661682,1.901172161102295,0.9603400230407715,midpoint,46,single_rater_weak
2025_09_15_Re4StRes_T1_DSV/IMG_2967.JPG,plot_a66b30f609330a40334a,dsv_asendorf_t1_bbch11,/home/nfs/data/nvme_datasets/Pictures_CFSB_leaf_damage/2025_09_15_Re4StRes_T1_DSV/IMG_2967.JPG,3.0,-0.3145637512207031,-0.6391775608062744,-0.3246138095855713,3.6391775608062744,3.314563751220703,midpoint,46,single_rater_weak
2025_09_15_Re4StRes_T1_DSV/IMG_2968.JPG,plot_a66b30f609330a40334a,dsv_asendorf_t1_bbch11,/home/nfs/data/nvme_datasets/Pictures_CFSB_leaf_damage/2025_09_15_Re4StRes_T1_DSV/IMG_2968.JPG,12.0,2.9917731285095215,2.472388744354248,-0.5193844437599182,9.527610778808594,9.00822639465332,midpoint,46,single_rater_weak
2025_09_15_Re4StRes_T1_DSV/IMG_2969.JPG,plot_a66b30f609330a40334a,dsv_asendorf_t1_bbch11,/home/nfs/data/nvme_datasets/Pictures_CFSB_leaf_damage/2025_09_15_Re4StRes_T1_DSV/IMG_2969.JPG,2.0,1.5164680480957031,0.7385362982749939,-0.7779317498207092,1.2614636421203613,0.4835319519042969,midpoint,46,single_rater_weak
2025_09_15_Re4StRes_T1_DSV/IMG_2970.JPG,plot_c1f0c6e2f35f65ae31ef,dsv_asendorf_t1_bbch11,/home/nfs/data/nvme_datasets/Pictures_CFSB_leaf_damage/2025_09_15_Re4StRes_T1_DSV/IMG_2970.JPG,2.0,1.1921305656433105,0.8020440340042114,-0.39008650183677673,1.1979559659957886,0.8078694343566895,midpoint,46,single_rater_weak
2025_09_15_Re4StRes_T1_DSV/IMG_2971.JPG,plot_c1f0c6e2f35f65ae31ef,dsv_asendorf_t1_bbch11,/home/nfs/data/nvme_datasets/Pictures_CFSB_leaf_damage/2025_09_15_Re4StRes_T1_DSV/IMG_2971.JPG,1.0,-0.2030940055847168,-0.8741289377212524,-0.6710349321365356,1.8741289377212524,1.2030940055847168,midpoint,46,single_rater_weak
2025_09_15_Re4StRes_T1_DSV/IMG_2972.JPG,plot_c1f0c6e2f35f65ae31ef,dsv_asendorf_t1_bbch11,/home/nfs/data/nvme_datasets/Pictures_CFSB_leaf_damage/2025_09_15_Re4StRes_T1_DSV/IMG_2972.JPG,32.0,3.3095202445983887,3.213766098022461,-0.09575402736663818,28.78623390197754,28.690479278564453,midpoint,46,single_rater_weak
2025_09_15_Re4StRes_T1_DSV/IMG_2973.JPG,plot_80e741bf3b567627e2ee,dsv_asendorf_t1_bbch11,/home/nfs/data/nvme_datasets/Pictures_CFSB_leaf_damage/2025_09_15_Re4StRes_T1_DSV/IMG_2973.JPG,10.0,0.7615575790405273,0.3125932812690735,-0.44896429777145386,9.687406539916992,9.238442420959473,midpoint,46,single_rater_weak
2025_09_15_Re4StRes_T1_DSV/IMG_2974.JPG,plot_80e741bf3b567627e2ee,dsv_asendorf_t1_bbch11,/home/nfs/data/nvme_datasets/Pictures_CFSB_leaf_damage/2025_09_15_Re4StRes_T1_DSV/IMG_2974.JPG,2.0,0.8760685920715332,-0.003773510456085205,-0.8798421025276184,2.0037734508514404,1.1239314079284668,midpoint,46,single_rater_weak
2025_09_15_Re4StRes_T1_DSV/IMG_2975.JPG,plot_80e741bf3b567627e2ee,dsv_asendorf_t1_bbch11,/home/nfs/data/nvme_datasets/Pictures_CFSB_leaf_damage/2025_09_15_Re4StRes_T1_DSV/IMG_2975.JPG,3.0,2.2534313201904297,2.3852334022521973,0.13180196285247803,0.6147665977478027,0.7465686798095703,midpoint,46,single_rater_weak
2025_09_15_Re4StRes_T1_DSV/IMG_2976.JPG,plot_1278629ae0c47e163452,dsv_asendorf_t1_bbch11,/home/nfs/data/nvme_datasets/Pictures_CFSB_leaf_damage/2025_09_15_Re4StRes_T1_DSV/IMG_2976.JPG,11.0,2.9560484886169434,2.6597862243652344,-0.2962622046470642,8.340213775634766,8.043951034545898,midpoint,46,single_rater_weak
2025_09_15_Re4StRes_T1_DSV/IMG_2976_2.JPG,plot_1278629ae0c47e163452,dsv_asendorf_t1_bbch11,/home/nfs/data/nvme_datasets/Pictures_CFSB_leaf_damage/2025_09_15_Re4StRes_T1_DSV/IMG_2976_2.JPG,11.0,1.7302236557006836,0.9935430884361267,-0.7366805672645569,10.006457328796387,9.269776344299316,midpoint,46,single_rater_weak
2025_09_15_Re4StRes_T1_DSV/IMG_2976_3.JPG,plot_1278629ae0c47e163452,dsv_asendorf_t1_bbch11,/home/nfs/data/nvme_datasets/Pictures_CFSB_leaf_damage/2025_09_15_Re4StRes_T1_DSV/IMG_2976_3.JPG,23.0,2.829380512237549,2.5188236236572266,-0.31055697798728943,20.481176376342773,20.17061996459961,midpoint,46,single_rater_weak
2025_09_15_Re4StRes_T1_DSV/IMG_2980.JPG,plot_c7fbabf6a2b26f24808f,dsv_asendorf_t1_bbch11,/home/nfs/data/nvme_datasets/Pictures_CFSB_leaf_damage/2025_09_15_Re4StRes_T1_DSV/IMG_2980.JPG,16.0,1.7387185096740723,1.724682092666626,-0.01403646357357502,14.275318145751953,14.261281967163086,midpoint,46,single_rater_weak
2025_09_15_Re4StRes_T1_DSV/IMG_2982.JPG,plot_c7fbabf6a2b26f24808f,dsv_asendorf_t1_bbch11,/home/nfs/data/nvme_datasets/Pictures_CFSB_leaf_damage/2025_09_15_Re4StRes_T1_DSV/IMG_2982.JPG,3.0,2.4038143157958984,2.193448066711426,-0.21036632359027863,0.8065519332885742,0.5961856842041016,midpoint,46,single_rater_weak
2025_09_15_Re4StRes_T1_DSV/IMG_2983.JPG,plot_c7fbabf6a2b26f24808f,dsv_asendorf_t1_bbch11,/home/nfs/data/nvme_datasets/Pictures_CFSB_leaf_damage/2025_09_15_Re4StRes_T1_DSV/IMG_2983.JPG,14.0,2.2192578315734863,2.4400973320007324,0.2208394557237625,11.55990219116211,11.780742645263672,midpoint,46,single_rater_weak
2025_09_15_Re4StRes_T1_DSV/IMG_2984.JPG,plot_0aa20eee4008b12c7827,dsv_asendorf_t1_bbch11,/home/nfs/data/nvme_datasets/Pictures_CFSB_leaf_damage/2025_09_15_Re4StRes_T1_DSV/IMG_2984.JPG,2.0,1.758371353149414,2.0849270820617676,0.32655563950538635,0.08492708206176758,0.24162864685058594,midpoint,46,single_rater_weak
2025_09_15_Re4StRes_T1_DSV/IMG_2985.JPG,plot_0aa20eee4008b12c7827,dsv_asendorf_t1_bbch11,/home/nfs/data/nvme_datasets/Pictures_CFSB_leaf_damage/2025_09_15_Re4StRes_T1_DSV/IMG_2985.JPG,10.0,3.798095703125,3.9208452701568604,0.12274951487779617,6.079154968261719,6.201904296875,midpoint,46,single_rater_weak
2025_09_15_Re4StRes_T1_DSV/IMG_2986.JPG,plot_0aa20eee4008b12c7827,dsv_asendorf_t1_bbch11,/home/nfs/data/nvme_datasets/Pictures_CFSB_leaf_damage/2025_09_15_Re4StRes_T1_DSV/IMG_2986.JPG,11.0,1.3612151145935059,1.3677570819854736,0.006541990675032139,9.632243156433105,9.638784408569336,midpoint,46,single_rater_weak
2025_09_15_Re4StRes_T1_DSV/IMG_2987.JPG,plot_63616db7b2f3b692a2db,dsv_asendorf_t1_bbch11,/home/nfs/data/nvme_datasets/Pictures_CFSB_leaf_damage/2025_09_15_Re4StRes_T1_DSV/IMG_2987.JPG,3.0,2.5035133361816406,2.2031428813934326,-0.300370454788208,0.7968571186065674,0.4964866638183594,midpoint,46,single_rater_weak
2025_09_15_Re4StRes_T1_DSV/IMG_2988.JPG,plot_63616db7b2f3b692a2db,dsv_asendorf_t1_bbch11,/home/nfs/data/nvme_datasets/Pictures_CFSB_leaf_damage/2025_09_15_Re4StRes_T1_DSV/IMG_2988.JPG,3.0,2.9105610847473145,2.3850419521331787,-0.5255191326141357,0.6149580478668213,0.08943891525268555,midpoint,46,single_rater_weak
2025_09_15_Re4StRes_T1_DSV/IMG_2989.JPG,plot_63616db7b2f3b692a2db,dsv_asendorf_t1_bbch11,/home/nfs/data/nvme_datasets/Pictures_CFSB_leaf_damage/2025_09_15_Re4StRes_T1_DSV/IMG_2989.JPG,3.0,1.5873918533325195,1.1304123401641846,-0.45697951316833496,1.8695876598358154,1.4126081466674805,midpoint,46,single_rater_weak
2025_09_15_Re4StRes_T1_DSV/IMG_2991.JPG,plot_8a89bf60b740c0cda37c,dsv_asendorf_t1_bbch11,/home/nfs/data/nvme_datasets/Pictures_CFSB_leaf_damage/2025_09_15_Re4StRes_T1_DSV/IMG_2991.JPG,1.0,0.45303869247436523,0.300101101398468,-0.1529376059770584,0.699898898601532,0.5469613075256348,midpoint,46,single_rater_weak
2025_09_15_Re4StRes_T1_DSV/IMG_2992.JPG,plot_8a89bf60b740c0cda37c,dsv_asendorf_t1_bbch11,/home/nfs/data/nvme_datasets/Pictures_CFSB_leaf_damage/2025_09_15_Re4StRes_T1_DSV/IMG_2992.JPG,1.0,1.129075050354004,1.178792953491211,0.04971794784069061,0.17879295349121094,0.1290750503540039,midpoint,46,single_rater_weak
2025_09_15_Re4StRes_T1_DSV/IMG_2993.JPG,plot_8a89bf60b740c0cda37c,dsv_asendorf_t1_bbch11,/home/nfs/data/nvme_datasets/Pictures_CFSB_leaf_damage/2025_09_15_Re4StRes_T1_DSV/IMG_2993.JPG,5.0,0.6988029479980469,0.2968840003013611,-0.4019189476966858,4.703115940093994,4.301197052001953,midpoint,46,single_rater_weak
2025_09_15_Re4StRes_T1_DSV/IMG_2994.JPG,plot_bc4295919e8dde16e25b,dsv_asendorf_t1_bbch11,/home/nfs/data/nvme_datasets/Pictures_CFSB_leaf_damage/2025_09_15_Re4StRes_T1_DSV/IMG_2994.JPG,3.0,0.7874131202697754,0.15075886249542236,-0.636654257774353,2.849241256713867,2.2125868797302246,midpoint,46,single_rater_weak
2025_09_15_Re4StRes_T1_DSV/IMG_2995.JPG,plot_bc4295919e8dde16e25b,dsv_asendorf_t1_bbch11,/home/nfs/data/nvme_datasets/Pictures_CFSB_leaf_damage/2025_09_15_Re4StRes_T1_DSV/IMG_2995.JPG,6.0,1.2194108963012695,0.8617600202560425,-0.35765084624290466,5.138239860534668,4.7805891036987305,midpoint,46,single_rater_weak
2025_09_15_Re4StRes_T1_DSV/IMG_2996.JPG,plot_bc4295919e8dde16e25b,dsv_asendorf_t1_bbch11,/home/nfs/data/nvme_datasets/Pictures_CFSB_leaf_damage/2025_09_15_Re4StRes_T1_DSV/IMG_2996.JPG,4.0,0.8217215538024902,0.23729872703552246,-0.5844228267669678,3.7627012729644775,3.1782784461975098,midpoint,46,single_rater_weak
2025_09_15_Re4StRes_T1_DSV/IMG_2997.JPG,plot_97c5080017cabf6ae37d,dsv_asendorf_t1_bbch11,/home/nfs/data/nvme_datasets/Pictures_CFSB_leaf_damage/2025_09_15_Re4StRes_T1_DSV/IMG_2997.JPG,2.0,1.1566181182861328,0.9413490891456604,-0.2152690291404724,1.0586509704589844,0.8433818817138672,midpoint,46,single_rater_weak
2025_09_15_Re4StRes_T1_DSV/IMG_2998.JPG,plot_97c5080017cabf6ae37d,dsv_asendorf_t1_bbch11,/home/nfs/data/nvme_datasets/Pictures_CFSB_leaf_damage/2025_09_15_Re4StRes_T1_DSV/IMG_2998.JPG,2.0,0.6791396141052246,0.4560897946357727,-0.2230498343706131,1.543910264968872,1.3208603858947754,midpoint,46,single_rater_weak
2025_09_15_Re4StRes_T1_DSV/IMG_2999.JPG,plot_97c5080017cabf6ae37d,dsv_asendorf_t1_bbch11,/home/nfs/data/nvme_datasets/Pictures_CFSB_leaf_damage/2025_09_15_Re4StRes_T1_DSV/IMG_2999.JPG,8.0,2.0771985054016113,1.9677965641021729,-0.10940197110176086,6.032203674316406,5.922801494598389,midpoint,46,single_rater_weak
2025_09_15_Re4StRes_T1_DSV/IMG_3000.JPG,plot_14a8fb424e96fe0a56d0,dsv_asendorf_t1_bbch11,/home/nfs/data/nvme_datasets/Pictures_CFSB_leaf_damage/2025_09_15_Re4StRes_T1_DSV/IMG_3000.JPG,5.0,7.569680213928223,7.385568618774414,-0.1841115951538086,2.385568618774414,2.5696802139282227,midpoint,46,single_rater_weak
2025_09_15_Re4StRes_T1_DSV/IMG_3001.JPG,plot_14a8fb424e96fe0a56d0,dsv_asendorf_t1_bbch11,/home/nfs/data/nvme_datasets/Pictures_CFSB_leaf_damage/2025_09_15_Re4StRes_T1_DSV/IMG_3001.JPG,3.0,1.6058478355407715,1.1831049919128418,-0.4227428138256073,1.8168950080871582,1.3941521644592285,midpoint,46,single_rater_weak
2025_09_15_Re4StRes_T1_DSV/IMG_3002.JPG,plot_14a8fb424e96fe0a56d0,dsv_asendorf_t1_bbch11,/home/nfs/data/nvme_datasets/Pictures_CFSB_leaf_damage/2025_09_15_Re4StRes_T1_DSV/IMG_3002.JPG,2.0,1.3744845390319824,1.001234531402588,-0.37324994802474976,0.9987654685974121,0.6255154609680176,midpoint,46,single_rater_weak
2025_09_15_Re4StRes_T1_DSV/IMG_3003.JPG,plot_aa97836ee689a5b0b216,dsv_asendorf_t1_bbch11,/home/nfs/data/nvme_datasets/Pictures_CFSB_leaf_damage/2025_09_15_Re4StRes_T1_DSV/IMG_3003.JPG,1.0,1.047658920288086,0.3211982250213623,-0.7264606952667236,0.6788017749786377,0.04765892028808594,midpoint,46,single_rater_weak
2025_09_15_Re4StRes_T1_DSV/IMG_3004.JPG,plot_aa97836ee689a5b0b216,dsv_asendorf_t1_bbch11,/home/nfs/data/nvme_datasets/Pictures_CFSB_leaf_damage/2025_09_15_Re4StRes_T1_DSV/IMG_3004.JPG,1.0,1.2519283294677734,1.4861494302749634,0.23422107100486755,0.4861494302749634,0.25192832946777344,midpoint,46,single_rater_weak
2025_09_15_Re4StRes_T1_DSV/IMG_3005.JPG,plot_aa97836ee689a5b0b216,dsv_asendorf_t1_bbch11,/home/nfs/data/nvme_datasets/Pictures_CFSB_leaf_damage/2025_09_15_Re4StRes_T1_DSV/IMG_3005.JPG,1.0,1.3862013816833496,0.9331598281860352,-0.45304155349731445,0.06684017181396484,0.3862013816833496,midpoint,46,single_rater_weak
2025_09_15_Re4StRes_T1_DSV/IMG_3006.JPG,plot_a1e8146ba955f839ae4f,dsv_asendorf_t1_bbch11,/home/nfs/data/nvme_datasets/Pictures_CFSB_leaf_damage/2025_09_15_Re4StRes_T1_DSV/IMG_3006.JPG,2.0,2.5587449073791504,2.5113563537597656,-0.04738853871822357,0.5113563537597656,0.5587449073791504,midpoint,46,single_rater_weak
2025_09_15_Re4StRes_T1_DSV/IMG_3007.JPG,plot_a1e8146ba955f839ae4f,dsv_asendorf_t1_bbch11,/home/nfs/data/nvme_datasets/Pictures_CFSB_leaf_damage/2025_09_15_Re4StRes_T1_DSV/IMG_3007.JPG,1.0,1.3458471298217773,0.9168513417243958,-0.4289957880973816,0.08314865827560425,0.34584712982177734,midpoint,46,single_rater_weak
2025_09_15_Re4StRes_T1_DSV/IMG_3008.JPG,plot_a1e8146ba955f839ae4f,dsv_asendorf_t1_bbch11,/home/nfs/data/nvme_datasets/Pictures_CFSB_leaf_damage/2025_09_15_Re4StRes_T1_DSV/IMG_3008.JPG,2.0,4.336676597595215,3.99875807762146,-0.3379184603691101,1.99875807762146,2.336676597595215,midpoint,46,single_rater_weak
2025_09_15_Re4StRes_T1_DSV/IMG_3009.JPG,plot_9f0cb6f1d4a457848dbb,dsv_asendorf_t1_bbch11,/home/nfs/data/nvme_datasets/Pictures_CFSB_leaf_damage/2025_09_15_Re4StRes_T1_DSV/IMG_3009.JPG,1.0,2.825843334197998,3.0145697593688965,0.188726544380188,2.0145697593688965,1.825843334197998,midpoint,46,single_rater_weak
2025_09_15_Re4StRes_T1_DSV/IMG_3010.JPG,plot_9f0cb6f1d4a457848dbb,dsv_asendorf_t1_bbch11,/home/nfs/data/nvme_datasets/Pictures_CFSB_leaf_damage/2025_09_15_Re4StRes_T1_DSV/IMG_3010.JPG,2.0,1.4765691757202148,1.1342251300811768,-0.34234410524368286,0.8657748699188232,0.5234308242797852,midpoint,46,single_rater_weak
2025_09_15_Re4StRes_T1_DSV/IMG_3011.JPG,plot_9f0cb6f1d4a457848dbb,dsv_asendorf_t1_bbch11,/home/nfs/data/nvme_datasets/Pictures_CFSB_leaf_damage/2025_09_15_Re4StRes_T1_DSV/IMG_3011.JPG,3.0,0.8321342468261719,0.9421142339706421,0.10998000204563141,2.0578856468200684,2.167865753173828,midpoint,46,single_rater_weak
2025_09_15_Re4StRes_T1_DSV/IMG_3012.JPG,plot_d3562811b7b7b9141ae0,dsv_asendorf_t1_bbch11,/home/nfs/data/nvme_datasets/Pictures_CFSB_leaf_damage/2025_09_15_Re4StRes_T1_DSV/IMG_3012.JPG,2.0,0.4133114814758301,0.026972681283950806,-0.3863388001918793,1.9730273485183716,1.58668851852417,midpoint,46,single_rater_weak
2025_09_15_Re4StRes_T1_DSV/IMG_3013.JPG,plot_d3562811b7b7b9141ae0,dsv_asendorf_t1_bbch11,/home/nfs/data/nvme_datasets/Pictures_CFSB_leaf_damage/2025_09_15_Re4StRes_T1_DSV/IMG_3013.JPG,2.0,2.6845803260803223,2.715423107147217,0.03084276057779789,0.7154231071472168,0.6845803260803223,midpoint,46,single_rater_weak
2025_09_15_Re4StRes_T1_DSV/IMG_3014.JPG,plot_d3562811b7b7b9141ae0,dsv_asendorf_t1_bbch11,/home/nfs/data/nvme_datasets/Pictures_CFSB_leaf_damage/2025_09_15_Re4StRes_T1_DSV/IMG_3014.JPG,1.0,1.7185001373291016,1.6888993978500366,-0.02960069477558136,0.6888993978500366,0.7185001373291016,midpoint,46,single_rater_weak
2025_09_15_Re4StRes_T1_DSV/IMG_3016.JPG,plot_71afd76761b661030718,dsv_asendorf_t1_bbch11,/home/nfs/data/nvme_datasets/Pictures_CFSB_leaf_damage/2025_09_15_Re4StRes_T1_DSV/IMG_3016.JPG,5.0,1.744734764099121,1.6789169311523438,-0.06581779569387436,3.3210830688476562,3.255265235900879,midpoint,46,single_rater_weak
2025_09_15_Re4StRes_T1_DSV/IMG_3017.JPG,plot_71afd76761b661030718,dsv_asendorf_t1_bbch11,/home/nfs/data/nvme_datasets/Pictures_CFSB_leaf_damage/2025_09_15_Re4StRes_T1_DSV/IMG_3017.JPG,1.0,0.2534751892089844,-0.35889309644699097,-0.6123682856559753,1.3588931560516357,0.7465248107910156,midpoint,46,single_rater_weak
2025_09_15_Re4StRes_T1_DSV/IMG_3018.JPG,plot_71afd76761b661030718,dsv_asendorf_t1_bbch11,/home/nfs/data/nvme_datasets/Pictures_CFSB_leaf_damage/2025_09_15_Re4StRes_T1_DSV/IMG_3018.JPG,1.0,0.033873558044433594,-0.1685626208782196,-0.2024361789226532,1.168562650680542,0.9661264419555664,midpoint,46,single_rater_weak
2025_09_15_Re4StRes_T1_DSV/IMG_3019.JPG,plot_d104a1c2316299fcc3e9,dsv_asendorf_t1_bbch11,/home/nfs/data/nvme_datasets/Pictures_CFSB_leaf_damage/2025_09_15_Re4StRes_T1_DSV/IMG_3019.JPG,7.0,2.3736519813537598,2.0867562294006348,-0.28689587116241455,4.913243770599365,4.62634801864624,midpoint,46,single_rater_weak
2025_09_15_Re4StRes_T1_DSV/IMG_3020.JPG,plot_d104a1c2316299fcc3e9,dsv_asendorf_t1_bbch11,/home/nfs/data/nvme_datasets/Pictures_CFSB_leaf_damage/2025_09_15_Re4StRes_T1_DSV/IMG_3020.JPG,12.0,3.314687728881836,2.736574411392212,-0.5781133770942688,9.263425827026367,8.685312271118164,midpoint,46,single_rater_weak
2025_09_15_Re4StRes_T1_DSV/IMG_3021.JPG,plot_d104a1c2316299fcc3e9,dsv_asendorf_t1_bbch11,/home/nfs/data/nvme_datasets/Pictures_CFSB_leaf_damage/2025_09_15_Re4StRes_T1_DSV/IMG_3021.JPG,9.0,2.1058287620544434,1.5860929489135742,-0.5197358727455139,7.413907051086426,6.894171237945557,midpoint,46,single_rater_weak
2025_09_15_Re4StRes_T1_DSV/IMG_3022.JPG,plot_fcd78b9cf75eff63f9b3,dsv_asendorf_t1_bbch11,/home/nfs/data/nvme_datasets/Pictures_CFSB_leaf_damage/2025_09_15_Re4StRes_T1_DSV/IMG_3022.JPG,4.0,1.7818589210510254,1.1559386253356934,-0.6259202361106873,2.8440613746643066,2.2181410789489746,midpoint,46,single_rater_weak
2025_09_15_Re4StRes_T1_DSV/IMG_3023.JPG,plot_fcd78b9cf75eff63f9b3,dsv_asendorf_t1_bbch11,/home/nfs/data/nvme_datasets/Pictures_CFSB_leaf_damage/2025_09_15_Re4StRes_T1_DSV/IMG_3023.JPG,5.0,0.3160514831542969,-0.3781927227973938,-0.6942442059516907,5.378192901611328,4.683948516845703,midpoint,46,single_rater_weak
2025_09_15_Re4StRes_T1_DSV/IMG_3024.JPG,plot_fcd78b9cf75eff63f9b3,dsv_asendorf_t1_bbch11,/home/nfs/data/nvme_datasets/Pictures_CFSB_leaf_damage/2025_09_15_Re4StRes_T1_DSV/IMG_3024.JPG,3.0,-0.37993431091308594,-0.9715349078178406,-0.5916005969047546,3.9715349674224854,3.379934310913086,midpoint,46,single_rater_weak
2025_09_15_Re4StRes_T1_DSV/IMG_3025.JPG,plot_5ea37da6e73f21c4a6e1,dsv_asendorf_t1_bbch11,/home/nfs/data/nvme_datasets/Pictures_CFSB_leaf_damage/2025_09_15_Re4StRes_T1_DSV/IMG_3025.JPG,2.0,0.8951554298400879,0.38003337383270264,-0.5151220560073853,1.6199666261672974,1.104844570159912,midpoint,46,single_rater_weak
2025_09_15_Re4StRes_T1_DSV/IMG_3026.JPG,plot_5ea37da6e73f21c4a6e1,dsv_asendorf_t1_bbch11,/home/nfs/data/nvme_datasets/Pictures_CFSB_leaf_damage/2025_09_15_Re4StRes_T1_DSV/IMG_3026.JPG,3.0,0.1971454620361328,-0.14587774872779846,-0.3430232107639313,3.1458778381347656,2.802854537963867,midpoint,46,single_rater_weak
2025_09_15_Re4StRes_T1_DSV/IMG_3029.JPG,plot_5ea37da6e73f21c4a6e1,dsv_asendorf_t1_bbch11,/home/nfs/data/nvme_datasets/Pictures_CFSB_leaf_damage/2025_09_15_Re4StRes_T1_DSV/IMG_3029.JPG,2.0,0.6689701080322266,-0.3348885774612427,-1.0038586854934692,2.334888458251953,1.3310298919677734,midpoint,46,single_rater_weak
2025_09_15_Re4StRes_T1_DSV/IMG_3030.JPG,plot_0ce175aa7ca7721d50e7,dsv_asendorf_t1_bbch11,/home/nfs/data/nvme_datasets/Pictures_CFSB_leaf_damage/2025_09_15_Re4StRes_T1_DSV/IMG_3030.JPG,4.0,2.3100967407226562,1.7341665029525757,-0.5759302377700806,2.2658333778381348,1.6899032592773438,midpoint,46,single_rater_weak
2025_09_15_Re4StRes_T1_DSV/IMG_3031.JPG,plot_0ce175aa7ca7721d50e7,dsv_asendorf_t1_bbch11,/home/nfs/data/nvme_datasets/Pictures_CFSB_leaf_damage/2025_09_15_Re4StRes_T1_DSV/IMG_3031.JPG,7.0,2.4199156761169434,1.9353114366531372,-0.48460420966148376,5.064688682556152,4.580084323883057,midpoint,46,single_rater_weak
2025_09_15_Re4StRes_T1_DSV/IMG_3032.JPG,plot_0ce175aa7ca7721d50e7,dsv_asendorf_t1_bbch11,/home/nfs/data/nvme_datasets/Pictures_CFSB_leaf_damage/2025_09_15_Re4StRes_T1_DSV/IMG_3032.JPG,2.0,0.9584217071533203,0.3517811894416809,-0.6066405177116394,1.6482188701629639,1.0415782928466797,midpoint,46,single_rater_weak
2025_09_15_Re4StRes_T1_DSV/IMG_3033.JPG,plot_a3eb976f1f47c49facd3,dsv_asendorf_t1_bbch11,/home/nfs/data/nvme_datasets/Pictures_CFSB_leaf_damage/2025_09_15_Re4StRes_T1_DSV/IMG_3033.JPG,8.0,2.392977714538574,1.9885053634643555,-0.40447235107421875,6.0114946365356445,5.607022285461426,midpoint,46,single_rater_weak
2025_09_15_Re4StRes_T1_DSV/IMG_3034.JPG,plot_a3eb976f1f47c49facd3,dsv_asendorf_t1_bbch11,/home/nfs/data/nvme_datasets/Pictures_CFSB_leaf_damage/2025_09_15_Re4StRes_T1_DSV/IMG_3034.JPG,14.0,2.1985158920288086,1.585880994796753,-0.6126348376274109,12.414118766784668,11.801484107971191,midpoint,46,single_rater_weak
2025_09_15_Re4StRes_T1_DSV/IMG_3035.JPG,plot_a3eb976f1f47c49facd3,dsv_asendorf_t1_bbch11,/home/nfs/data/nvme_datasets/Pictures_CFSB_leaf_damage/2025_09_15_Re4StRes_T1_DSV/IMG_3035.JPG,5.0,3.513529062271118,2.7174975872039795,-0.7960314750671387,2.2825024127960205,1.4864709377288818,midpoint,46,single_rater_weak
2025_09_15_Re4StRes_T1_DSV/IMG_3038.JPG,plot_77d5b5f84041b233d0f3,dsv_asendorf_t1_bbch11,/home/nfs/data/nvme_datasets/Pictures_CFSB_leaf_damage/2025_09_15_Re4StRes_T1_DSV/IMG_3038.JPG,10.0,1.4808297157287598,1.2558329105377197,-0.22499674558639526,8.74416732788086,8.519170761108398,midpoint,46,single_rater_weak
2025_09_15_Re4StRes_T1_DSV/IMG_3039.JPG,plot_77d5b5f84041b233d0f3,dsv_asendorf_t1_bbch11,/home/nfs/data/nvme_datasets/Pictures_CFSB_leaf_damage/2025_09_15_Re4StRes_T1_DSV/IMG_3039.JPG,14.0,1.2762045860290527,0.3960721492767334,-0.8801324367523193,13.603927612304688,12.723794937133789,midpoint,46,single_rater_weak
2025_09_15_Re4StRes_T1_DSV/IMG_3040.JPG,plot_77d5b5f84041b233d0f3,dsv_asendorf_t1_bbch11,/home/nfs/data/nvme_datasets/Pictures_CFSB_leaf_damage/2025_09_15_Re4StRes_T1_DSV/IMG_3040.JPG,12.0,1.0310354232788086,0.31761741638183594,-0.7134180068969727,11.682382583618164,10.968964576721191,midpoint,46,single_rater_weak
2025_09_15_Re4StRes_T1_DSV/IMG_3041.JPG,plot_41e2d36a0697e4fdd1d3,dsv_asendorf_t1_bbch11,/home/nfs/data/nvme_datasets/Pictures_CFSB_leaf_damage/2025_09_15_Re4StRes_T1_DSV/IMG_3041.JPG,1.0,-0.5602178573608398,-0.40978944301605225,0.1504283994436264,1.4097894430160522,1.5602178573608398,midpoint,46,single_rater_weak
2025_09_15_Re4StRes_T1_DSV/IMG_3042.JPG,plot_41e2d36a0697e4fdd1d3,dsv_asendorf_t1_bbch11,/home/nfs/data/nvme_datasets/Pictures_CFSB_leaf_damage/2025_09_15_Re4StRes_T1_DSV/IMG_3042.JPG,4.0,0.4389195442199707,0.45766547322273254,0.01874592900276184,3.54233455657959,3.5610804557800293,midpoint,46,single_rater_weak
2025_09_15_Re4StRes_T1_DSV/IMG_3043.JPG,plot_41e2d36a0697e4fdd1d3,dsv_asendorf_t1_bbch11,/home/nfs/data/nvme_datasets/Pictures_CFSB_leaf_damage/2025_09_15_Re4StRes_T1_DSV/IMG_3043.JPG,2.0,0.42969751358032227,0.6493054628372192,0.21960793435573578,1.3506945371627808,1.5703024864196777,midpoint,46,single_rater_weak
2025_09_15_Re4StRes_T1_DSV/IMG_3044.JPG,plot_82a33bdf683d81af54ca,dsv_asendorf_t1_bbch11,/home/nfs/data/nvme_datasets/Pictures_CFSB_leaf_damage/2025_09_15_Re4StRes_T1_DSV/IMG_3044.JPG,2.0,0.9982171058654785,0.6238546371459961,-0.3743624687194824,1.376145362854004,1.0017828941345215,midpoint,46,single_rater_weak
2025_09_15_Re4StRes_T1_DSV/IMG_3045.JPG,plot_82a33bdf683d81af54ca,dsv_asendorf_t1_bbch11,/home/nfs/data/nvme_datasets/Pictures_CFSB_leaf_damage/2025_09_15_Re4StRes_T1_DSV/IMG_3045.JPG,2.0,0.4906034469604492,-0.20403552055358887,-0.6946389675140381,2.204035520553589,1.5093965530395508,midpoint,46,single_rater_weak
2025_09_15_Re4StRes_T1_DSV/IMG_3046.JPG,plot_82a33bdf683d81af54ca,dsv_asendorf_t1_bbch11,/home/nfs/data/nvme_datasets/Pictures_CFSB_leaf_damage/2025_09_15_Re4StRes_T1_DSV/IMG_3046.JPG,3.0,1.848196029663086,1.2160563468933105,-0.6321396827697754,1.7839436531066895,1.151803970336914,midpoint,46,single_rater_weak
2025_09_15_Re4StRes_T1_DSV/IMG_3047.JPG,plot_beabe437af1837675d26,dsv_asendorf_t1_bbch11,/home/nfs/data/nvme_datasets/Pictures_CFSB_leaf_damage/2025_09_15_Re4StRes_T1_DSV/IMG_3047.JPG,12.0,3.0942749977111816,2.6378490924835205,-0.45642581582069397,9.362151145935059,8.905725479125977,midpoint,46,single_rater_weak
2025_09_15_Re4StRes_T1_DSV/IMG_3048.JPG,plot_beabe437af1837675d26,dsv_asendorf_t1_bbch11,/home/nfs/data/nvme_datasets/Pictures_CFSB_leaf_damage/2025_09_15_Re4StRes_T1_DSV/IMG_3048.JPG,1.0,0.06614351272583008,-0.06229369342327118,-0.12843720614910126,1.0622936487197876,0.9338564872741699,midpoint,46,single_rater_weak
2025_09_15_Re4StRes_T1_DSV/IMG_3049.JPG,plot_beabe437af1837675d26,dsv_asendorf_t1_bbch11,/home/nfs/data/nvme_datasets/Pictures_CFSB_leaf_damage/2025_09_15_Re4StRes_T1_DSV/IMG_3049.JPG,15.0,0.6644692420959473,0.21609258651733398,-0.4483766555786133,14.783906936645508,14.335531234741211,midpoint,46,single_rater_weak
2025_09_15_Re4StRes_T1_DSV/IMG_3051.JPG,plot_a2ed1cc6b8bdcc6149bd,dsv_asendorf_t1_bbch11,/home/nfs/data/nvme_datasets/Pictures_CFSB_leaf_damage/2025_09_15_Re4StRes_T1_DSV/IMG_3051.JPG,20.0,3.4707210063934326,3.4992566108703613,0.02853565849363804,16.500743865966797,16.529279708862305,midpoint,46,single_rater_weak
2025_09_15_Re4StRes_T1_DSV/IMG_3052.JPG,plot_a2ed1cc6b8bdcc6149bd,dsv_asendorf_t1_bbch11,/home/nfs/data/nvme_datasets/Pictures_CFSB_leaf_damage/2025_09_15_Re4StRes_T1_DSV/IMG_3052.JPG,1.0,0.2760128974914551,-0.10114637017250061,-0.3771592676639557,1.1011463403701782,0.7239871025085449,midpoint,46,single_rater_weak
2025_09_15_Re4StRes_T1_DSV/IMG_3053.JPG,plot_a2ed1cc6b8bdcc6149bd,dsv_asendorf_t1_bbch11,/home/nfs/data/nvme_datasets/Pictures_CFSB_leaf_damage/2025_09_15_Re4StRes_T1_DSV/IMG_3053.JPG,6.0,1.2175383567810059,0.3399967551231384,-0.8775416016578674,5.660003185272217,4.782461643218994,midpoint,46,single_rater_weak
2025_09_15_Re4StRes_T1_DSV/IMG_3054.JPG,plot_b4a8a8105ed2dbe9ebe8,dsv_asendorf_t1_bbch11,/home/nfs/data/nvme_datasets/Pictures_CFSB_leaf_damage/2025_09_15_Re4StRes_T1_DSV/IMG_3054.JPG,2.0,2.6400294303894043,2.2027993202209473,-0.4372299909591675,0.20279932022094727,0.6400294303894043,midpoint,46,single_rater_weak
2025_09_15_Re4StRes_T1_DSV/IMG_3055.JPG,plot_b4a8a8105ed2dbe9ebe8,dsv_asendorf_t1_bbch11,/home/nfs/data/nvme_datasets/Pictures_CFSB_leaf_damage/2025_09_15_Re4StRes_T1_DSV/IMG_3055.JPG,14.0,1.2995834350585938,0.783964216709137,-0.5156192183494568,13.216035842895508,12.700416564941406,midpoint,46,single_rater_weak
2025_09_15_Re4StRes_T1_DSV/IMG_3056.JPG,plot_b4a8a8105ed2dbe9ebe8,dsv_asendorf_t1_bbch11,/home/nfs/data/nvme_datasets/Pictures_CFSB_leaf_damage/2025_09_15_Re4StRes_T1_DSV/IMG_3056.JPG,19.0,3.325007915496826,2.9714150428771973,-0.3535929024219513,16.02858543395996,15.674991607666016,midpoint,46,single_rater_weak
2025_09_15_Re4StRes_T1_DSV/IMG_3057.JPG,plot_3e540258e11d136b5e0a,dsv_asendorf_t1_bbch11,/home/nfs/data/nvme_datasets/Pictures_CFSB_leaf_damage/2025_09_15_Re4StRes_T1_DSV/IMG_3057.JPG,2.0,0.6487579345703125,-0.2718285322189331,-0.9205864667892456,2.2718286514282227,1.3512420654296875,midpoint,46,single_rater_weak
2025_09_15_Re4StRes_T1_DSV/IMG_3058.JPG,plot_3e540258e11d136b5e0a,dsv_asendorf_t1_bbch11,/home/nfs/data/nvme_datasets/Pictures_CFSB_leaf_damage/2025_09_15_Re4StRes_T1_DSV/IMG_3058.JPG,2.0,1.025611400604248,0.1907639503479004,-0.8348474502563477,1.8092360496520996,0.974388599395752,midpoint,46,single_rater_weak
2025_09_15_Re4StRes_T1_DSV/IMG_3059.JPG,plot_3e540258e11d136b5e0a,dsv_asendorf_t1_bbch11,/home/nfs/data/nvme_datasets/Pictures_CFSB_leaf_damage/2025_09_15_Re4StRes_T1_DSV/IMG_3059.JPG,22.0,2.257467746734619,1.6837890148162842,-0.5736787915229797,20.316211700439453,19.74253273010254,midpoint,46,single_rater_weak
2025_09_15_Re4StRes_T1_DSV/IMG_3060.JPG,plot_36946134443f48a42c1a,dsv_asendorf_t1_bbch11,/home/nfs/data/nvme_datasets/Pictures_CFSB_leaf_damage/2025_09_15_Re4StRes_T1_DSV/IMG_3060.JPG,4.0,1.299349308013916,1.0289456844329834,-0.27040356397628784,2.9710543155670166,2.700650691986084,midpoint,46,single_rater_weak
2025_09_15_Re4StRes_T1_DSV/IMG_3061.JPG,plot_36946134443f48a42c1a,dsv_asendorf_t1_bbch11,/home/nfs/data/nvme_datasets/Pictures_CFSB_leaf_damage/2025_09_15_Re4StRes_T1_DSV/IMG_3061.JPG,22.0,3.3880677223205566,3.067107915878296,-0.32095980644226074,18.932891845703125,18.6119327545166,midpoint,46,single_rater_weak
2025_09_15_Re4StRes_T1_DSV/IMG_3062.JPG,plot_36946134443f48a42c1a,dsv_asendorf_t1_bbch11,/home/nfs/data/nvme_datasets/Pictures_CFSB_leaf_damage/2025_09_15_Re4StRes_T1_DSV/IMG_3062.JPG,1.0,0.7341017723083496,-0.050435781478881836,-0.7845375537872314,1.0504357814788818,0.2658982276916504,midpoint,46,single_rater_weak
2025_09_15_Re4StRes_T1_DSV/IMG_3063.JPG,plot_c6d52590997c1a6a7b06,dsv_asendorf_t1_bbch11,/home/nfs/data/nvme_datasets/Pictures_CFSB_leaf_damage/2025_09_15_Re4StRes_T1_DSV/IMG_3063.JPG,4.0,1.6631250381469727,0.6200826168060303,-1.0430424213409424,3.3799173831939697,2.3368749618530273,midpoint,46,single_rater_weak
2025_09_15_Re4StRes_T1_DSV/IMG_3064.JPG,plot_c6d52590997c1a6a7b06,dsv_asendorf_t1_bbch11,/home/nfs/data/nvme_datasets/Pictures_CFSB_leaf_damage/2025_09_15_Re4StRes_T1_DSV/IMG_3064.JPG,4.0,2.9771180152893066,3.1991801261901855,0.22206205129623413,0.8008198738098145,1.0228819847106934,midpoint,46,single_rater_weak
2025_09_15_Re4StRes_T1_DSV/IMG_3065.JPG,plot_c6d52590997c1a6a7b06,dsv_asendorf_t1_bbch11,/home/nfs/data/nvme_datasets/Pictures_CFSB_leaf_damage/2025_09_15_Re4StRes_T1_DSV/IMG_3065.JPG,10.0,3.2421154975891113,2.9993298053741455,-0.2427857369184494,7.000670433044434,6.757884502410889,midpoint,46,single_rater_weak
2025_09_15_Re4StRes_T1_DSV/IMG_3066.JPG,plot_5b5cb2833023b786f6d1,dsv_asendorf_t1_bbch11,/home/nfs/data/nvme_datasets/Pictures_CFSB_leaf_damage/2025_09_15_Re4StRes_T1_DSV/IMG_3066.JPG,2.0,0.5046696662902832,0.12177655100822449,-0.3828931152820587,1.8782234191894531,1.4953303337097168,midpoint,46,single_rater_weak
2025_09_15_Re4StRes_T1_DSV/IMG_3067.JPG,plot_5b5cb2833023b786f6d1,dsv_asendorf_t1_bbch11,/home/nfs/data/nvme_datasets/Pictures_CFSB_leaf_damage/2025_09_15_Re4StRes_T1_DSV/IMG_3067.JPG,3.0,0.440310001373291,-0.1989169716835022,-0.6392269730567932,3.1989169120788574,2.559689998626709,midpoint,46,single_rater_weak
2025_09_15_Re4StRes_T1_DSV/IMG_3068.JPG,plot_5b5cb2833023b786f6d1,dsv_asendorf_t1_bbch11,/home/nfs/data/nvme_datasets/Pictures_CFSB_leaf_damage/2025_09_15_Re4StRes_T1_DSV/IMG_3068.JPG,15.0,1.2661442756652832,0.7752077579498291,-0.4909364879131317,14.22479248046875,13.733856201171875,midpoint,46,single_rater_weak
2025_09_15_Re4StRes_T1_DSV/IMG_3069.JPG,plot_a4f0c368013c826ed72e,dsv_asendorf_t1_bbch11,/home/nfs/data/nvme_datasets/Pictures_CFSB_leaf_damage/2025_09_15_Re4StRes_T1_DSV/IMG_3069.JPG,8.0,0.9964022636413574,0.6149730682373047,-0.3814292252063751,7.385026931762695,7.003597736358643,midpoint,46,single_rater_weak
2025_09_15_Re4StRes_T1_DSV/IMG_3070.JPG,plot_a4f0c368013c826ed72e,dsv_asendorf_t1_bbch11,/home/nfs/data/nvme_datasets/Pictures_CFSB_leaf_damage/2025_09_15_Re4StRes_T1_DSV/IMG_3070.JPG,2.0,0.3432140350341797,0.5696686506271362,0.22645458579063416,1.4303313493728638,1.6567859649658203,midpoint,46,single_rater_weak
2025_09_15_Re4StRes_T1_DSV/IMG_3071.JPG,plot_a4f0c368013c826ed72e,dsv_asendorf_t1_bbch11,/home/nfs/data/nvme_datasets/Pictures_CFSB_leaf_damage/2025_09_15_Re4StRes_T1_DSV/IMG_3071.JPG,8.0,1.5473108291625977,1.8303122520446777,0.2830013632774353,6.169687747955322,6.452689170837402,midpoint,46,single_rater_weak
2025_09_15_Re4StRes_T1_DSV/IMG_3072.JPG,plot_079cfae1722c234c4cbf,dsv_asendorf_t1_bbch11,/home/nfs/data/nvme_datasets/Pictures_CFSB_leaf_damage/2025_09_15_Re4StRes_T1_DSV/IMG_3072.JPG,6.0,0.7883696556091309,0.3372359275817871,-0.45113372802734375,5.662764072418213,5.211630344390869,midpoint,46,single_rater_weak
2025_09_15_Re4StRes_T1_DSV/IMG_3073.JPG,plot_079cfae1722c234c4cbf,dsv_asendorf_t1_bbch11,/home/nfs/data/nvme_datasets/Pictures_CFSB_leaf_damage/2025_09_15_Re4StRes_T1_DSV/IMG_3073.JPG,5.0,0.6857118606567383,1.030483603477478,0.34477177262306213,3.9695162773132324,4.314288139343262,midpoint,46,single_rater_weak
2025_09_15_Re4StRes_T1_DSV/IMG_3074.JPG,plot_079cfae1722c234c4cbf,dsv_asendorf_t1_bbch11,/home/nfs/data/nvme_datasets/Pictures_CFSB_leaf_damage/2025_09_15_Re4StRes_T1_DSV/IMG_3074.JPG,16.0,2.4581894874572754,2.7289888858795166,0.27079930901527405,13.271011352539062,13.541810989379883,midpoint,46,single_rater_weak
2025_09_15_Re4StRes_T1_DSV/IMG_3075.JPG,plot_dfca0e4d30041b1626c7,dsv_asendorf_t1_bbch11,/home/nfs/data/nvme_datasets/Pictures_CFSB_leaf_damage/2025_09_15_Re4StRes_T1_DSV/IMG_3075.JPG,21.0,1.83314847946167,1.9613780975341797,0.12822963297367096,19.03862190246582,19.166851043701172,midpoint,46,single_rater_weak
2025_09_15_Re4StRes_T1_DSV/IMG_3076.JPG,plot_dfca0e4d30041b1626c7,dsv_asendorf_t1_bbch11,/home/nfs/data/nvme_datasets/Pictures_CFSB_leaf_damage/2025_09_15_Re4StRes_T1_DSV/IMG_3076.JPG,10.0,0.3918018341064453,0.27655839920043945,-0.11524342000484467,9.723442077636719,9.608198165893555,midpoint,46,single_rater_weak
2025_09_15_Re4StRes_T1_DSV/IMG_3077.JPG,plot_dfca0e4d30041b1626c7,dsv_asendorf_t1_bbch11,/home/nfs/data/nvme_datasets/Pictures_CFSB_leaf_damage/2025_09_15_Re4StRes_T1_DSV/IMG_3077.JPG,16.0,1.4392070770263672,1.7952141761779785,0.3560071587562561,14.20478630065918,14.560792922973633,midpoint,46,single_rater_weak
2025_09_15_Re4StRes_T1_DSV/IMG_3078.JPG,plot_872a472d88c05d21c13c,dsv_asendorf_t1_bbch11,/home/nfs/data/nvme_datasets/Pictures_CFSB_leaf_damage/2025_09_15_Re4StRes_T1_DSV/IMG_3078.JPG,4.0,0.10432577133178711,-0.5179935097694397,-0.6223192811012268,4.517993450164795,3.895674228668213,midpoint,46,single_rater_weak
2025_09_15_Re4StRes_T1_DSV/IMG_3079.JPG,plot_872a472d88c05d21c13c,dsv_asendorf_t1_bbch11,/home/nfs/data/nvme_datasets/Pictures_CFSB_leaf_damage/2025_09_15_Re4StRes_T1_DSV/IMG_3079.JPG,5.0,-0.43995237350463867,-0.9960300326347351,-0.5560776591300964,5.996029853820801,5.439952373504639,midpoint,46,single_rater_weak
2025_09_15_Re4StRes_T1_DSV/IMG_3080.JPG,plot_872a472d88c05d21c13c,dsv_asendorf_t1_bbch11,/home/nfs/data/nvme_datasets/Pictures_CFSB_leaf_damage/2025_09_15_Re4StRes_T1_DSV/IMG_3080.JPG,14.0,-0.24537420272827148,-0.783988356590271,-0.5386141538619995,14.783987998962402,14.24537467956543,midpoint,46,single_rater_weak
2025_09_15_Re4StRes_T1_DSV/IMG_3081.JPG,plot_b87d088d07adcfff1ebd,dsv_asendorf_t1_bbch11,/home/nfs/data/nvme_datasets/Pictures_CFSB_leaf_damage/2025_09_15_Re4StRes_T1_DSV/IMG_3081.JPG,3.0,1.2138023376464844,0.43805330991744995,-0.7757490277290344,2.5619466304779053,1.7861976623535156,midpoint,46,single_rater_weak
2025_09_15_Re4StRes_T1_DSV/IMG_3082.JPG,plot_b87d088d07adcfff1ebd,dsv_asendorf_t1_bbch11,/home/nfs/data/nvme_datasets/Pictures_CFSB_leaf_damage/2025_09_15_Re4StRes_T1_DSV/IMG_3082.JPG,18.0,1.202061653137207,0.815677285194397,-0.38638439774513245,17.184322357177734,16.79793930053711,midpoint,46,single_rater_weak
2025_09_15_Re4StRes_T1_DSV/IMG_3083.JPG,plot_b87d088d07adcfff1ebd,dsv_asendorf_t1_bbch11,/home/nfs/data/nvme_datasets/Pictures_CFSB_leaf_damage/2025_09_15_Re4StRes_T1_DSV/IMG_3083.JPG,6.0,0.33817529678344727,-0.23118799924850464,-0.5693632960319519,6.23118782043457,5.661824703216553,midpoint,46,single_rater_weak
2025_09_15_Re4StRes_T1_DSV/IMG_3084.JPG,plot_b4abae7476e8e480b37d,dsv_asendorf_t1_bbch11,/home/nfs/data/nvme_datasets/Pictures_CFSB_leaf_damage/2025_09_15_Re4StRes_T1_DSV/IMG_3084.JPG,34.0,4.425973415374756,4.99630880355835,0.5703352689743042,29.003690719604492,29.574026107788086,midpoint,46,single_rater_weak
2025_09_15_Re4StRes_T1_DSV/IMG_3085.JPG,plot_b4abae7476e8e480b37d,dsv_asendorf_t1_bbch11,/home/nfs/data/nvme_datasets/Pictures_CFSB_leaf_damage/2025_09_15_Re4StRes_T1_DSV/IMG_3085.JPG,10.0,2.148224353790283,1.5245193243026733,-0.6237050294876099,8.475481033325195,7.851775646209717,midpoint,46,single_rater_weak
2025_09_15_Re4StRes_T1_DSV/IMG_3086.JPG,plot_b4abae7476e8e480b37d,dsv_asendorf_t1_bbch11,/home/nfs/data/nvme_datasets/Pictures_CFSB_leaf_damage/2025_09_15_Re4StRes_T1_DSV/IMG_3086.JPG,5.0,2.717020034790039,2.3958542346954346,-0.32116588950157166,2.6041457653045654,2.282979965209961,midpoint,46,single_rater_weak
2025_09_15_Re4StRes_T1_DSV/IMG_3088.JPG,plot_b3f1539c2f57598a4432,dsv_asendorf_t1_bbch11,/home/nfs/data/nvme_datasets/Pictures_CFSB_leaf_damage/2025_09_15_Re4StRes_T1_DSV/IMG_3088.JPG,18.0,3.7695696353912354,3.35744571685791,-0.4121239185333252,14.64255428314209,14.230430603027344,midpoint,46,single_rater_weak
2025_09_15_Re4StRes_T1_DSV/IMG_3089.JPG,plot_b3f1539c2f57598a4432,dsv_asendorf_t1_bbch11,/home/nfs/data/nvme_datasets/Pictures_CFSB_leaf_damage/2025_09_15_Re4StRes_T1_DSV/IMG_3089.JPG,4.0,1.5833568572998047,0.8324546813964844,-0.7509021759033203,3.1675453186035156,2.4166431427001953,midpoint,46,single_rater_weak
2025_09_15_Re4StRes_T1_DSV/IMG_3090.JPG,plot_b3f1539c2f57598a4432,dsv_asendorf_t1_bbch11,/home/nfs/data/nvme_datasets/Pictures_CFSB_leaf_damage/2025_09_15_Re4StRes_T1_DSV/IMG_3090.JPG,9.0,3.2248992919921875,2.918591022491455,-0.306308388710022,6.081408977508545,5.7751007080078125,midpoint,46,single_rater_weak
2025_09_15_Re4StRes_T1_DSV/IMG_3091.JPG,plot_6011f9d40ff6fb4ce860,dsv_asendorf_t1_bbch11,/home/nfs/data/nvme_datasets/Pictures_CFSB_leaf_damage/2025_09_15_Re4StRes_T1_DSV/IMG_3091.JPG,17.0,4.396340370178223,4.161601543426514,-0.2347387671470642,12.838397979736328,12.603659629821777,midpoint,46,single_rater_weak
2025_09_15_Re4StRes_T1_DSV/IMG_3092.JPG,plot_6011f9d40ff6fb4ce860,dsv_asendorf_t1_bbch11,/home/nfs/data/nvme_datasets/Pictures_CFSB_leaf_damage/2025_09_15_Re4StRes_T1_DSV/IMG_3092.JPG,17.0,2.2418289184570312,1.9728230237960815,-0.2690059244632721,15.027176856994629,14.758171081542969,midpoint,46,single_rater_weak
2025_09_15_Re4StRes_T1_DSV/IMG_3093.JPG,plot_6011f9d40ff6fb4ce860,dsv_asendorf_t1_bbch11,/home/nfs/data/nvme_datasets/Pictures_CFSB_leaf_damage/2025_09_15_Re4StRes_T1_DSV/IMG_3093.JPG,14.0,3.3833091259002686,3.4139857292175293,0.030676722526550293,10.586013793945312,10.616690635681152,midpoint,46,single_rater_weak
2025_09_15_Re4StRes_T1_DSV/IMG_3094.JPG,plot_5100e524f84c956c18b7,dsv_asendorf_t1_bbch11,/home/nfs/data/nvme_datasets/Pictures_CFSB_leaf_damage/2025_09_15_Re4StRes_T1_DSV/IMG_3094.JPG,18.0,1.9026708602905273,1.8565387725830078,-0.04613209143280983,16.143461227416992,16.097328186035156,midpoint,46,single_rater_weak
2025_09_15_Re4StRes_T1_DSV/IMG_3095.JPG,plot_5100e524f84c956c18b7,dsv_asendorf_t1_bbch11,/home/nfs/data/nvme_datasets/Pictures_CFSB_leaf_damage/2025_09_15_Re4StRes_T1_DSV/IMG_3095.JPG,4.0,0.6349067687988281,0.02616029977798462,-0.6087464690208435,3.97383975982666,3.365093231201172,midpoint,46,single_rater_weak
2025_09_15_Re4StRes_T1_DSV/IMG_3096.JPG,plot_5100e524f84c956c18b7,dsv_asendorf_t1_bbch11,/home/nfs/data/nvme_datasets/Pictures_CFSB_leaf_damage/2025_09_15_Re4StRes_T1_DSV/IMG_3096.JPG,15.0,2.2383651733398438,1.7414894104003906,-0.4968758225440979,13.25851058959961,12.761634826660156,midpoint,46,single_rater_weak
2025_09_15_Re4StRes_T1_DSV/IMG_3097.JPG,plot_c3c09c194700bb617aa1,dsv_asendorf_t1_bbch11,/home/nfs/data/nvme_datasets/Pictures_CFSB_leaf_damage/2025_09_15_Re4StRes_T1_DSV/IMG_3097.JPG,14.0,2.25296688079834,1.9514851570129395,-0.3014817237854004,12.048515319824219,11.74703311920166,midpoint,46,single_rater_weak
2025_09_15_Re4StRes_T1_DSV/IMG_3098.JPG,plot_c3c09c194700bb617aa1,dsv_asendorf_t1_bbch11,/home/nfs/data/nvme_datasets/Pictures_CFSB_leaf_damage/2025_09_15_Re4StRes_T1_DSV/IMG_3098.JPG,17.0,4.236663341522217,4.156411647796631,-0.08025175333023071,12.843587875366211,12.763336181640625,midpoint,46,single_rater_weak
2025_09_15_Re4StRes_T1_DSV/IMG_3099.JPG,plot_c3c09c194700bb617aa1,dsv_asendorf_t1_bbch11,/home/nfs/data/nvme_datasets/Pictures_CFSB_leaf_damage/2025_09_15_Re4StRes_T1_DSV/IMG_3099.JPG,3.0,1.214141845703125,0.2687707543373108,-0.9453710913658142,2.731229305267334,1.785858154296875,midpoint,46,single_rater_weak
2025_09_15_Re4StRes_T1_DSV/IMG_3099_2.JPG,plot_94e5641632f0dce0a05a,dsv_asendorf_t1_bbch11,/home/nfs/data/nvme_datasets/Pictures_CFSB_leaf_damage/2025_09_15_Re4StRes_T1_DSV/IMG_3099_2.JPG,12.0,3.297511577606201,2.824446201324463,-0.4730653762817383,9.175554275512695,8.70248794555664,midpoint,46,single_rater_weak
2025_09_15_Re4StRes_T1_DSV/IMG_3101.JPG,plot_94e5641632f0dce0a05a,dsv_asendorf_t1_bbch11,/home/nfs/data/nvme_datasets/Pictures_CFSB_leaf_damage/2025_09_15_Re4StRes_T1_DSV/IMG_3101.JPG,5.0,1.6814327239990234,1.1170237064361572,-0.5644089579582214,3.8829762935638428,3.3185672760009766,midpoint,46,single_rater_weak
2025_09_15_Re4StRes_T1_DSV/IMG_3102.JPG,plot_94e5641632f0dce0a05a,dsv_asendorf_t1_bbch11,/home/nfs/data/nvme_datasets/Pictures_CFSB_leaf_damage/2025_09_15_Re4StRes_T1_DSV/IMG_3102.JPG,9.0,2.55192232131958,1.7927055358886719,-0.759216845035553,7.207294464111328,6.44807767868042,midpoint,46,single_rater_weak
2025_09_15_Re4StRes_T1_DSV/IMG_3103.JPG,plot_25a7d10c39cb9d0d2f47,dsv_asendorf_t1_bbch11,/home/nfs/data/nvme_datasets/Pictures_CFSB_leaf_damage/2025_09_15_Re4StRes_T1_DSV/IMG_3103.JPG,3.0,0.3089618682861328,-0.2349921464920044,-0.5439540147781372,3.234992027282715,2.691038131713867,midpoint,46,single_rater_weak
2025_09_15_Re4StRes_T1_DSV/IMG_3104.JPG,plot_25a7d10c39cb9d0d2f47,dsv_asendorf_t1_bbch11,/home/nfs/data/nvme_datasets/Pictures_CFSB_leaf_damage/2025_09_15_Re4StRes_T1_DSV/IMG_3104.JPG,3.0,4.065129280090332,4.0182719230651855,-0.0468575619161129,1.0182719230651855,1.065129280090332,midpoint,46,single_rater_weak
2025_09_15_Re4StRes_T1_DSV/IMG_3104_2.JPG,plot_25a7d10c39cb9d0d2f47,dsv_asendorf_t1_bbch11,/home/nfs/data/nvme_datasets/Pictures_CFSB_leaf_damage/2025_09_15_Re4StRes_T1_DSV/IMG_3104_2.JPG,15.0,3.8527796268463135,3.6646862030029297,-0.18809351325035095,11.33531379699707,11.147220611572266,midpoint,46,single_rater_weak
2025_09_15_Re4StRes_T1_DSV/IMG_3106.JPG,plot_2e1a2f00c33795668ec5,dsv_asendorf_t1_bbch11,/home/nfs/data/nvme_datasets/Pictures_CFSB_leaf_damage/2025_09_15_Re4StRes_T1_DSV/IMG_3106.JPG,18.0,16.6096134185791,16.40683364868164,-0.20277908444404602,1.5931663513183594,1.3903865814208984,midpoint,46,single_rater_weak
2025_09_15_Re4StRes_T1_DSV/IMG_3107.JPG,plot_2e1a2f00c33795668ec5,dsv_asendorf_t1_bbch11,/home/nfs/data/nvme_datasets/Pictures_CFSB_leaf_damage/2025_09_15_Re4StRes_T1_DSV/IMG_3107.JPG,6.0,6.89410924911499,7.146803855895996,0.25269439816474915,1.146803855895996,0.8941092491149902,midpoint,46,single_rater_weak
2025_09_15_Re4StRes_T1_DSV/IMG_3109.JPG,plot_2e1a2f00c33795668ec5,dsv_asendorf_t1_bbch11,/home/nfs/data/nvme_datasets/Pictures_CFSB_leaf_damage/2025_09_15_Re4StRes_T1_DSV/IMG_3109.JPG,3.0,6.086594581604004,6.194692611694336,0.10809792578220367,3.194692611694336,3.086594581604004,midpoint,46,single_rater_weak
2025_09_15_Re4StRes_T1_DSV/IMG_3110.JPG,plot_8f97ab14ca366f893551,dsv_asendorf_t1_bbch11,/home/nfs/data/nvme_datasets/Pictures_CFSB_leaf_damage/2025_09_15_Re4StRes_T1_DSV/IMG_3110.JPG,2.0,6.009902000427246,5.875657081604004,-0.13424505293369293,3.875657081604004,4.009902000427246,midpoint,46,single_rater_weak
2025_09_15_Re4StRes_T1_DSV/IMG_3111.JPG,plot_8f97ab14ca366f893551,dsv_asendorf_t1_bbch11,/home/nfs/data/nvme_datasets/Pictures_CFSB_leaf_damage/2025_09_15_Re4StRes_T1_DSV/IMG_3111.JPG,3.0,3.907872438430786,4.130063056945801,0.22219067811965942,1.1300630569458008,0.9078724384307861,midpoint,46,single_rater_weak
2025_09_15_Re4StRes_T1_DSV/IMG_3112.JPG,plot_8f97ab14ca366f893551,dsv_asendorf_t1_bbch11,/home/nfs/data/nvme_datasets/Pictures_CFSB_leaf_damage/2025_09_15_Re4StRes_T1_DSV/IMG_3112.JPG,2.0,3.7889010906219482,3.7135212421417236,-0.0753798633813858,1.7135212421417236,1.7889010906219482,midpoint,46,single_rater_weak
2025_09_15_Re4StRes_T1_DSV/IMG_3113.JPG,plot_45e5d47a775c5c22c387,dsv_asendorf_t1_bbch11,/home/nfs/data/nvme_datasets/Pictures_CFSB_leaf_damage/2025_09_15_Re4StRes_T1_DSV/IMG_3113.JPG,3.0,3.1972150802612305,3.2791051864624023,0.0818900391459465,0.27910518646240234,0.19721508026123047,midpoint,46,single_rater_weak
2025_09_15_Re4StRes_T1_DSV/IMG_3114.JPG,plot_45e5d47a775c5c22c387,dsv_asendorf_t1_bbch11,/home/nfs/data/nvme_datasets/Pictures_CFSB_leaf_damage/2025_09_15_Re4StRes_T1_DSV/IMG_3114.JPG,48.0,13.302993774414062,13.285944938659668,-0.017048442736268044,34.714054107666016,34.69700622558594,midpoint,46,single_rater_weak
2025_09_15_Re4StRes_T1_DSV/IMG_3115.JPG,plot_45e5d47a775c5c22c387,dsv_asendorf_t1_bbch11,/home/nfs/data/nvme_datasets/Pictures_CFSB_leaf_damage/2025_09_15_Re4StRes_T1_DSV/IMG_3115.JPG,4.0,3.1438255310058594,3.3001809120178223,0.1563553512096405,0.6998190879821777,0.8561744689941406,midpoint,46,single_rater_weak
2025_09_15_Re4StRes_T1_DSV/IMG_3116.JPG,plot_c045065644851d981f21,dsv_asendorf_t1_bbch11,/home/nfs/data/nvme_datasets/Pictures_CFSB_leaf_damage/2025_09_15_Re4StRes_T1_DSV/IMG_3116.JPG,25.0,3.9443469047546387,3.9950196743011475,0.050672754645347595,21.004980087280273,21.055652618408203,midpoint,46,single_rater_weak
2025_09_15_Re4StRes_T1_DSV/IMG_3117.JPG,plot_c045065644851d981f21,dsv_asendorf_t1_bbch11,/home/nfs/data/nvme_datasets/Pictures_CFSB_leaf_damage/2025_09_15_Re4StRes_T1_DSV/IMG_3117.JPG,16.0,8.977635383605957,9.29134464263916,0.31370964646339417,6.70865535736084,7.022364616394043,midpoint,46,single_rater_weak
2025_09_15_Re4StRes_T1_DSV/IMG_3118.JPG,plot_c045065644851d981f21,dsv_asendorf_t1_bbch11,/home/nfs/data/nvme_datasets/Pictures_CFSB_leaf_damage/2025_09_15_Re4StRes_T1_DSV/IMG_3118.JPG,14.0,2.99575138092041,3.3059916496276855,0.310240238904953,10.694007873535156,11.00424861907959,midpoint,46,single_rater_weak
2025_09_15_Re4StRes_T1_DSV/IMG_3119.JPG,plot_e468f5dd8b1b730b76d1,dsv_asendorf_t1_bbch11,/home/nfs/data/nvme_datasets/Pictures_CFSB_leaf_damage/2025_09_15_Re4StRes_T1_DSV/IMG_3119.JPG,3.0,1.1895503997802734,0.8761223554611206,-0.3134280741214752,2.12387752532959,1.8104496002197266,midpoint,46,single_rater_weak
2025_09_15_Re4StRes_T1_DSV/IMG_3120.JPG,plot_e468f5dd8b1b730b76d1,dsv_asendorf_t1_bbch11,/home/nfs/data/nvme_datasets/Pictures_CFSB_leaf_damage/2025_09_15_Re4StRes_T1_DSV/IMG_3120.JPG,45.0,3.2047576904296875,3.4798099994659424,0.27505239844322205,41.52019119262695,41.79524230957031,midpoint,46,single_rater_weak
2025_09_15_Re4StRes_T1_DSV/IMG_3121.JPG,plot_e468f5dd8b1b730b76d1,dsv_asendorf_t1_bbch11,/home/nfs/data/nvme_datasets/Pictures_CFSB_leaf_damage/2025_09_15_Re4StRes_T1_DSV/IMG_3121.JPG,2.0,1.9378910064697266,2.100111484527588,0.16222041845321655,0.10011148452758789,0.06210899353027344,midpoint,46,single_rater_weak
2025_09_15_Re4StRes_T1_DSV/IMG_3122.JPG,plot_6cb9d13e71aef46deb58,dsv_asendorf_t1_bbch11,/home/nfs/data/nvme_datasets/Pictures_CFSB_leaf_damage/2025_09_15_Re4StRes_T1_DSV/IMG_3122.JPG,3.0,3.5128231048583984,3.6562893390655518,0.14346615970134735,0.6562893390655518,0.5128231048583984,midpoint,46,single_rater_weak
2025_09_15_Re4StRes_T1_DSV/IMG_3123.JPG,plot_6cb9d13e71aef46deb58,dsv_asendorf_t1_bbch11,/home/nfs/data/nvme_datasets/Pictures_CFSB_leaf_damage/2025_09_15_Re4StRes_T1_DSV/IMG_3123.JPG,3.0,3.5465712547302246,3.394686460494995,-0.1518847644329071,0.3946864604949951,0.5465712547302246,midpoint,46,single_rater_weak
2025_09_15_Re4StRes_T1_DSV/IMG_3124.JPG,plot_6cb9d13e71aef46deb58,dsv_asendorf_t1_bbch11,/home/nfs/data/nvme_datasets/Pictures_CFSB_leaf_damage/2025_09_15_Re4StRes_T1_DSV/IMG_3124.JPG,2.0,2.514031410217285,2.4602737426757812,-0.053757574409246445,0.46027374267578125,0.5140314102172852,midpoint,46,single_rater_weak
2025_09_15_Re4StRes_T1_DSV/IMG_3126.JPG,plot_1e2dcb74caaf75a16ad2,dsv_asendorf_t1_bbch11,/home/nfs/data/nvme_datasets/Pictures_CFSB_leaf_damage/2025_09_15_Re4StRes_T1_DSV/IMG_3126.JPG,3.0,12.266050338745117,12.077301025390625,-0.18874937295913696,9.077301025390625,9.266050338745117,midpoint,46,single_rater_weak
2025_09_15_Re4StRes_T1_DSV/IMG_3127.JPG,plot_1e2dcb74caaf75a16ad2,dsv_asendorf_t1_bbch11,/home/nfs/data/nvme_datasets/Pictures_CFSB_leaf_damage/2025_09_15_Re4StRes_T1_DSV/IMG_3127.JPG,4.0,12.286869049072266,12.354708671569824,0.0678393617272377,8.354708671569824,8.286869049072266,midpoint,46,single_rater_weak
2025_09_15_Re4StRes_T1_DSV/IMG_3128.JPG,plot_1e2dcb74caaf75a16ad2,dsv_asendorf_t1_bbch11,/home/nfs/data/nvme_datasets/Pictures_CFSB_leaf_damage/2025_09_15_Re4StRes_T1_DSV/IMG_3128.JPG,5.0,4.679406642913818,4.672726631164551,-0.006679811514914036,0.3272733688354492,0.32059335708618164,midpoint,46,single_rater_weak
2025_09_15_Re4StRes_T1_DSV/IMG_3129.JPG,plot_ea34f182d30f6a058201,dsv_asendorf_t1_bbch11,/home/nfs/data/nvme_datasets/Pictures_CFSB_leaf_damage/2025_09_15_Re4StRes_T1_DSV/IMG_3129.JPG,2.0,4.2683844566345215,4.37860631942749,0.11022165417671204,2.3786063194274902,2.2683844566345215,midpoint,46,single_rater_weak
2025_09_15_Re4StRes_T1_DSV/IMG_3130.JPG,plot_ea34f182d30f6a058201,dsv_asendorf_t1_bbch11,/home/nfs/data/nvme_datasets/Pictures_CFSB_leaf_damage/2025_09_15_Re4StRes_T1_DSV/IMG_3130.JPG,3.0,3.0013890266418457,2.5926432609558105,-0.4087458848953247,0.40735673904418945,0.0013890266418457031,midpoint,46,single_rater_weak
2025_09_15_Re4StRes_T1_DSV/IMG_3131.JPG,plot_ea34f182d30f6a058201,dsv_asendorf_t1_bbch11,/home/nfs/data/nvme_datasets/Pictures_CFSB_leaf_damage/2025_09_15_Re4StRes_T1_DSV/IMG_3131.JPG,2.0,1.9552764892578125,1.8845045566558838,-0.07077199220657349,0.11549544334411621,0.0447235107421875,midpoint,46,single_rater_weak
2025_09_15_Re4StRes_T1_DSV/IMG_3132.JPG,plot_a90588857c6940d985e9,dsv_asendorf_t1_bbch11,/home/nfs/data/nvme_datasets/Pictures_CFSB_leaf_damage/2025_09_15_Re4StRes_T1_DSV/IMG_3132.JPG,3.0,1.7396979331970215,1.3471014499664307,-0.3925964832305908,1.6528985500335693,1.2603020668029785,midpoint,46,single_rater_weak
2025_09_15_Re4StRes_T1_DSV/IMG_3133.JPG,plot_a90588857c6940d985e9,dsv_asendorf_t1_bbch11,/home/nfs/data/nvme_datasets/Pictures_CFSB_leaf_damage/2025_09_15_Re4StRes_T1_DSV/IMG_3133.JPG,2.0,0.49309730529785156,0.6334940195083618,0.14039674401283264,1.3665059804916382,1.5069026947021484,midpoint,46,single_rater_weak
2025_09_15_Re4StRes_T1_DSV/IMG_3134.JPG,plot_a90588857c6940d985e9,dsv_asendorf_t1_bbch11,/home/nfs/data/nvme_datasets/Pictures_CFSB_leaf_damage/2025_09_15_Re4StRes_T1_DSV/IMG_3134.JPG,3.0,2.0919089317321777,1.8088487386703491,-0.2830601930618286,1.1911512613296509,0.9080910682678223,midpoint,46,single_rater_weak
2025_09_15_Re4StRes_T1_DSV/IMG_3135.JPG,plot_119a975033e716bf35c7,dsv_asendorf_t1_bbch11,/home/nfs/data/nvme_datasets/Pictures_CFSB_leaf_damage/2025_09_15_Re4StRes_T1_DSV/IMG_3135.JPG,4.0,2.6203413009643555,2.5989227294921875,-0.02141849882900715,1.4010772705078125,1.3796586990356445,midpoint,46,single_rater_weak
2025_09_15_Re4StRes_T1_DSV/IMG_3136.JPG,plot_119a975033e716bf35c7,dsv_asendorf_t1_bbch11,/home/nfs/data/nvme_datasets/Pictures_CFSB_leaf_damage/2025_09_15_Re4StRes_T1_DSV/IMG_3136.JPG,2.0,3.7810277938842773,4.044007301330566,0.2629796266555786,2.0440073013305664,1.7810277938842773,midpoint,46,single_rater_weak
2025_09_15_Re4StRes_T1_DSV/IMG_3137.JPG,plot_119a975033e716bf35c7,dsv_asendorf_t1_bbch11,/home/nfs/data/nvme_datasets/Pictures_CFSB_leaf_damage/2025_09_15_Re4StRes_T1_DSV/IMG_3137.JPG,2.0,3.2859034538269043,3.729863405227661,0.44395989179611206,1.7298634052276611,1.2859034538269043,midpoint,46,single_rater_weak
2025_09_15_Re4StRes_T1_DSV/IMG_3138.JPG,plot_8b3c956191aca614ae52,dsv_asendorf_t1_bbch11,/home/nfs/data/nvme_datasets/Pictures_CFSB_leaf_damage/2025_09_15_Re4StRes_T1_DSV/IMG_3138.JPG,5.0,9.367469787597656,9.441205024719238,0.07373496890068054,4.441205024719238,4.367469787597656,midpoint,46,single_rater_weak
2025_09_15_Re4StRes_T1_DSV/IMG_3139.JPG,plot_8b3c956191aca614ae52,dsv_asendorf_t1_bbch11,/home/nfs/data/nvme_datasets/Pictures_CFSB_leaf_damage/2025_09_15_Re4StRes_T1_DSV/IMG_3139.JPG,3.0,4.244006633758545,4.401219367980957,0.15721289813518524,1.401219367980957,1.244006633758545,midpoint,46,single_rater_weak
2025_09_15_Re4StRes_T1_DSV/IMG_3140.JPG,plot_8b3c956191aca614ae52,dsv_asendorf_t1_bbch11,/home/nfs/data/nvme_datasets/Pictures_CFSB_leaf_damage/2025_09_15_Re4StRes_T1_DSV/IMG_3140.JPG,3.0,5.4611496925354,5.511015892028809,0.04986599460244179,2.5110158920288086,2.4611496925354004,midpoint,46,single_rater_weak
2025_09_15_Re4StRes_T1_DSV/IMG_3141.JPG,plot_211c30fcd4fa6d8b7d89,dsv_asendorf_t1_bbch11,/home/nfs/data/nvme_datasets/Pictures_CFSB_leaf_damage/2025_09_15_Re4StRes_T1_DSV/IMG_3141.JPG,4.0,5.192996025085449,5.530689716339111,0.3376937210559845,1.5306897163391113,1.1929960250854492,midpoint,46,single_rater_weak
2025_09_15_Re4StRes_T1_DSV/IMG_3142.JPG,plot_211c30fcd4fa6d8b7d89,dsv_asendorf_t1_bbch11,/home/nfs/data/nvme_datasets/Pictures_CFSB_leaf_damage/2025_09_15_Re4StRes_T1_DSV/IMG_3142.JPG,3.0,5.6278300285339355,5.884334087371826,0.2565039098262787,2.884334087371826,2.6278300285339355,midpoint,46,single_rater_weak
2025_09_15_Re4StRes_T1_DSV/IMG_3143.JPG,plot_211c30fcd4fa6d8b7d89,dsv_asendorf_t1_bbch11,/home/nfs/data/nvme_datasets/Pictures_CFSB_leaf_damage/2025_09_15_Re4StRes_T1_DSV/IMG_3143.JPG,3.0,8.013126373291016,8.541585922241211,0.5284594893455505,5.541585922241211,5.013126373291016,midpoint,46,single_rater_weak
2025_09_15_Re4StRes_T1_DSV/IMG_3144.JPG,plot_b110edf915a30daabf56,dsv_asendorf_t1_bbch11,/home/nfs/data/nvme_datasets/Pictures_CFSB_leaf_damage/2025_09_15_Re4StRes_T1_DSV/IMG_3144.JPG,2.0,5.1649580001831055,5.383505821228027,0.21854791045188904,3.3835058212280273,3.1649580001831055,midpoint,46,single_rater_weak
2025_09_15_Re4StRes_T1_DSV/IMG_3145.JPG,plot_b110edf915a30daabf56,dsv_asendorf_t1_bbch11,/home/nfs/data/nvme_datasets/Pictures_CFSB_leaf_damage/2025_09_15_Re4StRes_T1_DSV/IMG_3145.JPG,2.0,3.5878376960754395,3.5605733394622803,-0.027264364063739777,1.5605733394622803,1.5878376960754395,midpoint,46,single_rater_weak
2025_09_15_Re4StRes_T1_DSV/IMG_3146.JPG,plot_b110edf915a30daabf56,dsv_asendorf_t1_bbch11,/home/nfs/data/nvme_datasets/Pictures_CFSB_leaf_damage/2025_09_15_Re4StRes_T1_DSV/IMG_3146.JPG,2.0,4.07967472076416,4.347984313964844,0.2683093845844269,2.3479843139648438,2.07967472076416,midpoint,46,single_rater_weak
2025_09_15_Re4StRes_T1_DSV/IMG_3146_2.JPG,plot_097a5780d7d7a5ec62e5,dsv_asendorf_t1_bbch11,/home/nfs/data/nvme_datasets/Pictures_CFSB_leaf_damage/2025_09_15_Re4StRes_T1_DSV/IMG_3146_2.JPG,4.0,1.5379114151000977,1.2596949338912964,-0.27821648120880127,2.740304946899414,2.4620885848999023,midpoint,46,single_rater_weak
2025_09_15_Re4StRes_T1_DSV/IMG_3148.JPG,plot_097a5780d7d7a5ec62e5,dsv_asendorf_t1_bbch11,/home/nfs/data/nvme_datasets/Pictures_CFSB_leaf_damage/2025_09_15_Re4StRes_T1_DSV/IMG_3148.JPG,2.0,4.7881622314453125,5.115184307098389,0.32702207565307617,3.1151843070983887,2.7881622314453125,midpoint,46,single_rater_weak
2025_09_15_Re4StRes_T1_DSV/IMG_3150.JPG,plot_097a5780d7d7a5ec62e5,dsv_asendorf_t1_bbch11,/home/nfs/data/nvme_datasets/Pictures_CFSB_leaf_damage/2025_09_15_Re4StRes_T1_DSV/IMG_3150.JPG,2.0,3.3172531127929688,3.3747284412384033,0.057475436478853226,1.3747284412384033,1.3172531127929688,midpoint,46,single_rater_weak
2025_09_15_Re4StRes_T1_DSV/IMG_3151.JPG,plot_40a61238035691d9bbef,dsv_asendorf_t1_bbch11,/home/nfs/data/nvme_datasets/Pictures_CFSB_leaf_damage/2025_09_15_Re4StRes_T1_DSV/IMG_3151.JPG,3.0,4.088446617126465,4.056434154510498,-0.03201233968138695,1.056434154510498,1.0884466171264648,midpoint,46,single_rater_weak
2025_09_15_Re4StRes_T1_DSV/IMG_3152.JPG,plot_40a61238035691d9bbef,dsv_asendorf_t1_bbch11,/home/nfs/data/nvme_datasets/Pictures_CFSB_leaf_damage/2025_09_15_Re4StRes_T1_DSV/IMG_3152.JPG,10.0,3.2407398223876953,3.375427722930908,0.13468800485134125,6.624572277069092,6.759260177612305,midpoint,46,single_rater_weak
2025_09_15_Re4StRes_T1_DSV/IMG_3153.JPG,plot_40a61238035691d9bbef,dsv_asendorf_t1_bbch11,/home/nfs/data/nvme_datasets/Pictures_CFSB_leaf_damage/2025_09_15_Re4StRes_T1_DSV/IMG_3153.JPG,3.0,2.7958483695983887,2.67216157913208,-0.12368668615818024,0.3278384208679199,0.20415163040161133,midpoint,46,single_rater_weak
2025_09_15_Re4StRes_T1_DSV/IMG_3154.JPG,plot_5df77eb15df5145ba912,dsv_asendorf_t1_bbch11,/home/nfs/data/nvme_datasets/Pictures_CFSB_leaf_damage/2025_09_15_Re4StRes_T1_DSV/IMG_3154.JPG,2.0,3.6422903537750244,4.0881428718566895,0.44585245847702026,2.0881428718566895,1.6422903537750244,midpoint,46,single_rater_weak
2025_09_15_Re4StRes_T1_DSV/IMG_3155.JPG,plot_5df77eb15df5145ba912,dsv_asendorf_t1_bbch11,/home/nfs/data/nvme_datasets/Pictures_CFSB_leaf_damage/2025_09_15_Re4StRes_T1_DSV/IMG_3155.JPG,2.0,4.602785110473633,4.766606330871582,0.16382110118865967,2.766606330871582,2.602785110473633,midpoint,46,single_rater_weak
2025_09_15_Re4StRes_T1_DSV/IMG_3156.JPG,plot_5df77eb15df5145ba912,dsv_asendorf_t1_bbch11,/home/nfs/data/nvme_datasets/Pictures_CFSB_leaf_damage/2025_09_15_Re4StRes_T1_DSV/IMG_3156.JPG,4.0,6.302677154541016,6.479558944702148,0.17688164114952087,2.4795589447021484,2.3026771545410156,midpoint,46,single_rater_weak
2025_09_15_Re4StRes_T1_DSV/IMG_3157.JPG,plot_ca56a0a042e3c9becb07,dsv_asendorf_t1_bbch11,/home/nfs/data/nvme_datasets/Pictures_CFSB_leaf_damage/2025_09_15_Re4StRes_T1_DSV/IMG_3157.JPG,3.0,3.1058430671691895,2.8543548583984375,-0.25148826837539673,0.1456451416015625,0.10584306716918945,midpoint,46,single_rater_weak
2025_09_15_Re4StRes_T1_DSV/IMG_3158.JPG,plot_ca56a0a042e3c9becb07,dsv_asendorf_t1_bbch11,/home/nfs/data/nvme_datasets/Pictures_CFSB_leaf_damage/2025_09_15_Re4StRes_T1_DSV/IMG_3158.JPG,2.0,3.285609722137451,3.5705394744873047,0.2849297821521759,1.5705394744873047,1.2856097221374512,midpoint,46,single_rater_weak
2025_09_15_Re4StRes_T1_DSV/IMG_3159.JPG,plot_ca56a0a042e3c9becb07,dsv_asendorf_t1_bbch11,/home/nfs/data/nvme_datasets/Pictures_CFSB_leaf_damage/2025_09_15_Re4StRes_T1_DSV/IMG_3159.JPG,21.0,3.5889828205108643,3.8142051696777344,0.22522222995758057,17.185794830322266,17.4110164642334,midpoint,46,single_rater_weak
2025_09_15_Re4StRes_T1_DSV/IMG_3160.JPG,plot_b98e4d9359ffdf235e1f,dsv_asendorf_t1_bbch11,/home/nfs/data/nvme_datasets/Pictures_CFSB_leaf_damage/2025_09_15_Re4StRes_T1_DSV/IMG_3160.JPG,8.0,1.576568603515625,1.238157033920288,-0.33841150999069214,6.761842727661133,6.423431396484375,midpoint,46,single_rater_weak
2025_09_15_Re4StRes_T1_DSV/IMG_3161.JPG,plot_b98e4d9359ffdf235e1f,dsv_asendorf_t1_bbch11,/home/nfs/data/nvme_datasets/Pictures_CFSB_leaf_damage/2025_09_15_Re4StRes_T1_DSV/IMG_3161.JPG,6.0,2.1697912216186523,2.204859495162964,0.03506837785243988,3.795140504837036,3.8302087783813477,midpoint,46,single_rater_weak
2025_09_15_Re4StRes_T1_DSV/IMG_3162.JPG,plot_b98e4d9359ffdf235e1f,dsv_asendorf_t1_bbch11,/home/nfs/data/nvme_datasets/Pictures_CFSB_leaf_damage/2025_09_15_Re4StRes_T1_DSV/IMG_3162.JPG,3.0,3.8823306560516357,3.9387600421905518,0.056429341435432434,0.9387600421905518,0.8823306560516357,midpoint,46,single_rater_weak
2025_09_15_Re4StRes_T1_DSV/IMG_3163.JPG,plot_73f361754eddb6b5326a,dsv_asendorf_t1_bbch11,/home/nfs/data/nvme_datasets/Pictures_CFSB_leaf_damage/2025_09_15_Re4StRes_T1_DSV/IMG_3163.JPG,2.0,6.92376184463501,7.1939239501953125,0.27016207575798035,5.1939239501953125,4.92376184463501,midpoint,46,single_rater_weak
2025_09_15_Re4StRes_T1_DSV/IMG_3164.JPG,plot_73f361754eddb6b5326a,dsv_asendorf_t1_bbch11,/home/nfs/data/nvme_datasets/Pictures_CFSB_leaf_damage/2025_09_15_Re4StRes_T1_DSV/IMG_3164.JPG,3.0,13.020712852478027,12.761070251464844,-0.259643018245697,9.761070251464844,10.020712852478027,midpoint,46,single_rater_weak
2025_09_15_Re4StRes_T1_DSV/IMG_3165.JPG,plot_73f361754eddb6b5326a,dsv_asendorf_t1_bbch11,/home/nfs/data/nvme_datasets/Pictures_CFSB_leaf_damage/2025_09_15_Re4StRes_T1_DSV/IMG_3165.JPG,2.0,3.6106371879577637,4.0772786140441895,0.46664154529571533,2.0772786140441895,1.6106371879577637,midpoint,46,single_rater_weak
2025_09_15_Re4StRes_T1_DSV/IMG_3169.JPG,plot_945d05724acc18ae7225,dsv_asendorf_t1_bbch11,/home/nfs/data/nvme_datasets/Pictures_CFSB_leaf_damage/2025_09_15_Re4StRes_T1_DSV/IMG_3169.JPG,2.0,9.566378593444824,9.738035202026367,0.17165634036064148,7.738035202026367,7.566378593444824,midpoint,46,single_rater_weak
2025_09_15_Re4StRes_T1_DSV/IMG_3170.JPG,plot_945d05724acc18ae7225,dsv_asendorf_t1_bbch11,/home/nfs/data/nvme_datasets/Pictures_CFSB_leaf_damage/2025_09_15_Re4StRes_T1_DSV/IMG_3170.JPG,3.0,9.100582122802734,8.728652000427246,-0.37192994356155396,5.728652000427246,6.100582122802734,midpoint,46,single_rater_weak
2025_09_15_Re4StRes_T1_DSV/IMG_3171.JPG,plot_945d05724acc18ae7225,dsv_asendorf_t1_bbch11,/home/nfs/data/nvme_datasets/Pictures_CFSB_leaf_damage/2025_09_15_Re4StRes_T1_DSV/IMG_3171.JPG,26.0,12.452152252197266,12.818622589111328,0.3664701581001282,13.181377410888672,13.547847747802734,midpoint,46,single_rater_weak
2025_09_15_Re4StRes_T1_DSV/IMG_3172.JPG,plot_aaf5cb0e7c43e9e13fc7,dsv_asendorf_t1_bbch11,/home/nfs/data/nvme_datasets/Pictures_CFSB_leaf_damage/2025_09_15_Re4StRes_T1_DSV/IMG_3172.JPG,3.0,6.300771713256836,6.129440784454346,-0.17133094370365143,3.1294407844543457,3.300771713256836,midpoint,46,single_rater_weak
2025_09_15_Re4StRes_T1_DSV/IMG_3173.JPG,plot_aaf5cb0e7c43e9e13fc7,dsv_asendorf_t1_bbch11,/home/nfs/data/nvme_datasets/Pictures_CFSB_leaf_damage/2025_09_15_Re4StRes_T1_DSV/IMG_3173.JPG,2.0,4.669383525848389,4.699922561645508,0.03053893893957138,2.699922561645508,2.6693835258483887,midpoint,46,single_rater_weak
2025_09_15_Re4StRes_T1_DSV/IMG_3174.JPG,plot_aaf5cb0e7c43e9e13fc7,dsv_asendorf_t1_bbch11,/home/nfs/data/nvme_datasets/Pictures_CFSB_leaf_damage/2025_09_15_Re4StRes_T1_DSV/IMG_3174.JPG,5.0,14.925565719604492,14.278456687927246,-0.647108793258667,9.278456687927246,9.925565719604492,midpoint,46,single_rater_weak
2025_09_15_Re4StRes_T1_DSV/IMG_3175.JPG,plot_b80269ea15d9e812ebb1,dsv_asendorf_t1_bbch11,/home/nfs/data/nvme_datasets/Pictures_CFSB_leaf_damage/2025_09_15_Re4StRes_T1_DSV/IMG_3175.JPG,4.0,10.527118682861328,10.405952453613281,-0.12116577476263046,6.405952453613281,6.527118682861328,midpoint,46,single_rater_weak
2025_09_15_Re4StRes_T1_DSV/IMG_3176.JPG,plot_b80269ea15d9e812ebb1,dsv_asendorf_t1_bbch11,/home/nfs/data/nvme_datasets/Pictures_CFSB_leaf_damage/2025_09_15_Re4StRes_T1_DSV/IMG_3176.JPG,3.0,6.65133810043335,6.761019229888916,0.10968110710382462,3.761019229888916,3.6513381004333496,midpoint,46,single_rater_weak
2025_09_15_Re4StRes_T1_DSV/IMG_3177.JPG,plot_b80269ea15d9e812ebb1,dsv_asendorf_t1_bbch11,/home/nfs/data/nvme_datasets/Pictures_CFSB_leaf_damage/2025_09_15_Re4StRes_T1_DSV/IMG_3177.JPG,2.0,7.010120391845703,7.247786521911621,0.23766595125198364,5.247786521911621,5.010120391845703,midpoint,46,single_rater_weak
2025_09_15_Re4StRes_T1_DSV/IMG_3178.JPG,plot_25f666fca951a0f5e945,dsv_asendorf_t1_bbch11,/home/nfs/data/nvme_datasets/Pictures_CFSB_leaf_damage/2025_09_15_Re4StRes_T1_DSV/IMG_3178.JPG,4.0,5.080422878265381,5.107667446136475,0.027244362980127335,1.1076674461364746,1.0804228782653809,midpoint,46,single_rater_weak
2025_09_15_Re4StRes_T1_DSV/IMG_3179.JPG,plot_25f666fca951a0f5e945,dsv_asendorf_t1_bbch11,/home/nfs/data/nvme_datasets/Pictures_CFSB_leaf_damage/2025_09_15_Re4StRes_T1_DSV/IMG_3179.JPG,3.0,7.483114242553711,7.420228481292725,-0.06288573145866394,4.420228481292725,4.483114242553711,midpoint,46,single_rater_weak
2025_09_15_Re4StRes_T1_DSV/IMG_3180.JPG,plot_25f666fca951a0f5e945,dsv_asendorf_t1_bbch11,/home/nfs/data/nvme_datasets/Pictures_CFSB_leaf_damage/2025_09_15_Re4StRes_T1_DSV/IMG_3180.JPG,5.0,8.081583976745605,7.933891773223877,-0.14769229292869568,2.933891773223877,3.0815839767456055,midpoint,46,single_rater_weak
2025_09_15_Re4StRes_T1_DSV/IMG_3181.JPG,plot_a35f549b6adb23ddedb3,dsv_asendorf_t1_bbch11,/home/nfs/data/nvme_datasets/Pictures_CFSB_leaf_damage/2025_09_15_Re4StRes_T1_DSV/IMG_3181.JPG,2.0,10.158775329589844,9.942170143127441,-0.21660475432872772,7.942170143127441,8.158775329589844,midpoint,46,single_rater_weak
2025_09_15_Re4StRes_T1_DSV/IMG_3182.JPG,plot_a35f549b6adb23ddedb3,dsv_asendorf_t1_bbch11,/home/nfs/data/nvme_datasets/Pictures_CFSB_leaf_damage/2025_09_15_Re4StRes_T1_DSV/IMG_3182.JPG,3.0,7.699751853942871,7.640061378479004,-0.05969041585922241,4.640061378479004,4.699751853942871,midpoint,46,single_rater_weak
2025_09_15_Re4StRes_T1_DSV/IMG_3183.JPG,plot_a35f549b6adb23ddedb3,dsv_asendorf_t1_bbch11,/home/nfs/data/nvme_datasets/Pictures_CFSB_leaf_damage/2025_09_15_Re4StRes_T1_DSV/IMG_3183.JPG,4.0,14.700122833251953,14.372461318969727,-0.3276613652706146,10.372461318969727,10.700122833251953,midpoint,46,single_rater_weak
2025_09_15_Re4StRes_T1_DSV/IMG_3184.JPG,plot_cfe78efc9fbf34b7f4b9,dsv_asendorf_t1_bbch11,/home/nfs/data/nvme_datasets/Pictures_CFSB_leaf_damage/2025_09_15_Re4StRes_T1_DSV/IMG_3184.JPG,3.0,6.486600875854492,6.629639148712158,0.14303836226463318,3.629639148712158,3.486600875854492,midpoint,46,single_rater_weak
2025_09_15_Re4StRes_T1_DSV/IMG_3185.JPG,plot_cfe78efc9fbf34b7f4b9,dsv_asendorf_t1_bbch11,/home/nfs/data/nvme_datasets/Pictures_CFSB_leaf_damage/2025_09_15_Re4StRes_T1_DSV/IMG_3185.JPG,5.0,12.92922592163086,13.216171264648438,0.2869453728199005,8.216171264648438,7.929225921630859,midpoint,46,single_rater_weak
2025_09_15_Re4StRes_T1_DSV/IMG_3186.JPG,plot_cfe78efc9fbf34b7f4b9,dsv_asendorf_t1_bbch11,/home/nfs/data/nvme_datasets/Pictures_CFSB_leaf_damage/2025_09_15_Re4StRes_T1_DSV/IMG_3186.JPG,4.0,12.246541976928711,11.983845710754395,-0.26269638538360596,7.9838457107543945,8.246541976928711,midpoint,46,single_rater_weak
2025_09_15_Re4StRes_T1_DSV/IMG_3187.JPG,plot_a75bd7b0d3ff79351265,dsv_asendorf_t1_bbch11,/home/nfs/data/nvme_datasets/Pictures_CFSB_leaf_damage/2025_09_15_Re4StRes_T1_DSV/IMG_3187.JPG,3.0,4.639463901519775,5.008073329925537,0.3686092793941498,2.008073329925537,1.6394639015197754,midpoint,46,single_rater_weak
2025_09_15_Re4StRes_T1_DSV/IMG_3188.JPG,plot_a75bd7b0d3ff79351265,dsv_asendorf_t1_bbch11,/home/nfs/data/nvme_datasets/Pictures_CFSB_leaf_damage/2025_09_15_Re4StRes_T1_DSV/IMG_3188.JPG,2.0,5.510610580444336,6.172688007354736,0.6620775461196899,4.172688007354736,3.510610580444336,midpoint,46,single_rater_weak
2025_09_15_Re4StRes_T1_DSV/IMG_3189.JPG,plot_a75bd7b0d3ff79351265,dsv_asendorf_t1_bbch11,/home/nfs/data/nvme_datasets/Pictures_CFSB_leaf_damage/2025_09_15_Re4StRes_T1_DSV/IMG_3189.JPG,1.0,3.3455772399902344,3.9001548290252686,0.5545775890350342,2.9001548290252686,2.3455772399902344,midpoint,46,single_rater_weak
2025_09_15_Re4StRes_T1_DSV/IMG_3190.JPG,plot_336d70e197749a85305d,dsv_asendorf_t1_bbch11,/home/nfs/data/nvme_datasets/Pictures_CFSB_leaf_damage/2025_09_15_Re4StRes_T1_DSV/IMG_3190.JPG,2.0,7.1462297439575195,7.571713924407959,0.42548421025276184,5.571713924407959,5.1462297439575195,midpoint,46,single_rater_weak
2025_09_15_Re4StRes_T1_DSV/IMG_3191.JPG,plot_336d70e197749a85305d,dsv_asendorf_t1_bbch11,/home/nfs/data/nvme_datasets/Pictures_CFSB_leaf_damage/2025_09_15_Re4StRes_T1_DSV/IMG_3191.JPG,2.0,4.8879547119140625,5.334623336791992,0.44666874408721924,3.334623336791992,2.8879547119140625,midpoint,46,single_rater_weak
2025_09_15_Re4StRes_T1_DSV/IMG_3192.JPG,plot_336d70e197749a85305d,dsv_asendorf_t1_bbch11,/home/nfs/data/nvme_datasets/Pictures_CFSB_leaf_damage/2025_09_15_Re4StRes_T1_DSV/IMG_3192.JPG,3.0,8.490324020385742,8.846719741821289,0.3563953936100006,5.846719741821289,5.490324020385742,midpoint,46,single_rater_weak
2025_09_15_Re4StRes_T1_DSV/IMG_3193.JPG,plot_72b1d0fc83e440054c83,dsv_asendorf_t1_bbch11,/home/nfs/data/nvme_datasets/Pictures_CFSB_leaf_damage/2025_09_15_Re4StRes_T1_DSV/IMG_3193.JPG,1.0,6.585760116577148,6.920230388641357,0.33447012305259705,5.920230388641357,5.585760116577148,midpoint,46,single_rater_weak
2025_09_15_Re4StRes_T1_DSV/IMG_3194.JPG,plot_72b1d0fc83e440054c83,dsv_asendorf_t1_bbch11,/home/nfs/data/nvme_datasets/Pictures_CFSB_leaf_damage/2025_09_15_Re4StRes_T1_DSV/IMG_3194.JPG,1.0,9.205995559692383,9.486673355102539,0.2806779444217682,8.486673355102539,8.205995559692383,midpoint,46,single_rater_weak
2025_09_15_Re4StRes_T1_DSV/IMG_3195.JPG,plot_72b1d0fc83e440054c83,dsv_asendorf_t1_bbch11,/home/nfs/data/nvme_datasets/Pictures_CFSB_leaf_damage/2025_09_15_Re4StRes_T1_DSV/IMG_3195.JPG,1.0,2.5957908630371094,2.901651620864868,0.3058606684207916,1.9016516208648682,1.5957908630371094,midpoint,46,single_rater_weak
2025_09_15_Re4StRes_T1_DSV/IMG_3196.JPG,plot_a1803f305fedaf6b8aa4,dsv_asendorf_t1_bbch11,/home/nfs/data/nvme_datasets/Pictures_CFSB_leaf_damage/2025_09_15_Re4StRes_T1_DSV/IMG_3196.JPG,2.0,5.769084930419922,5.825806617736816,0.056721869856119156,3.8258066177368164,3.769084930419922,midpoint,46,single_rater_weak
2025_09_15_Re4StRes_T1_DSV/IMG_3197.JPG,plot_a1803f305fedaf6b8aa4,dsv_asendorf_t1_bbch11,/home/nfs/data/nvme_datasets/Pictures_CFSB_leaf_damage/2025_09_15_Re4StRes_T1_DSV/IMG_3197.JPG,2.0,12.454526901245117,12.584492683410645,0.1299661248922348,10.584492683410645,10.454526901245117,midpoint,46,single_rater_weak
2025_09_15_Re4StRes_T1_DSV/IMG_3198.JPG,plot_a1803f305fedaf6b8aa4,dsv_asendorf_t1_bbch11,/home/nfs/data/nvme_datasets/Pictures_CFSB_leaf_damage/2025_09_15_Re4StRes_T1_DSV/IMG_3198.JPG,1.0,6.992740154266357,6.78635311126709,-0.20638686418533325,5.78635311126709,5.992740154266357,midpoint,46,single_rater_weak
2025_09_15_Re4StRes_T1_DSV/IMG_3199.JPG,plot_a9ab88f04c34dafa250a,dsv_asendorf_t1_bbch11,/home/nfs/data/nvme_datasets/Pictures_CFSB_leaf_damage/2025_09_15_Re4StRes_T1_DSV/IMG_3199.JPG,2.0,4.7880120277404785,5.13625431060791,0.3482421636581421,3.13625431060791,2.7880120277404785,midpoint,46,single_rater_weak
2025_09_15_Re4StRes_T1_DSV/IMG_3200.JPG,plot_a9ab88f04c34dafa250a,dsv_asendorf_t1_bbch11,/home/nfs/data/nvme_datasets/Pictures_CFSB_leaf_damage/2025_09_15_Re4StRes_T1_DSV/IMG_3200.JPG,2.0,9.296844482421875,9.407426834106445,0.1105823740363121,7.407426834106445,7.296844482421875,midpoint,46,single_rater_weak
2025_09_15_Re4StRes_T1_DSV/IMG_3201.JPG,plot_a9ab88f04c34dafa250a,dsv_asendorf_t1_bbch11,/home/nfs/data/nvme_datasets/Pictures_CFSB_leaf_damage/2025_09_15_Re4StRes_T1_DSV/IMG_3201.JPG,2.0,9.855751037597656,10.038211822509766,0.18246030807495117,8.038211822509766,7.855751037597656,midpoint,46,single_rater_weak
2025_09_15_Re4StRes_T1_DSV/IMG_3202.JPG,plot_60400e702bee57585895,dsv_asendorf_t1_bbch11,/home/nfs/data/nvme_datasets/Pictures_CFSB_leaf_damage/2025_09_15_Re4StRes_T1_DSV/IMG_3202.JPG,6.0,6.036959171295166,6.408276557922363,0.3713173270225525,0.4082765579223633,0.036959171295166016,midpoint,46,single_rater_weak
2025_09_15_Re4StRes_T1_DSV/IMG_3203.JPG,plot_60400e702bee57585895,dsv_asendorf_t1_bbch11,/home/nfs/data/nvme_datasets/Pictures_CFSB_leaf_damage/2025_09_15_Re4StRes_T1_DSV/IMG_3203.JPG,4.0,8.547225952148438,8.663052558898926,0.11582643538713455,4.663052558898926,4.5472259521484375,midpoint,46,single_rater_weak
2025_09_15_Re4StRes_T1_DSV/IMG_3204.JPG,plot_60400e702bee57585895,dsv_asendorf_t1_bbch11,/home/nfs/data/nvme_datasets/Pictures_CFSB_leaf_damage/2025_09_15_Re4StRes_T1_DSV/IMG_3204.JPG,1.0,2.980808734893799,3.172633647918701,0.19182491302490234,2.172633647918701,1.9808087348937988,midpoint,46,single_rater_weak
2025_09_15_Re4StRes_T1_DSV/IMG_3205.JPG,plot_2bbedc53a1730a8c1c06,dsv_asendorf_t1_bbch11,/home/nfs/data/nvme_datasets/Pictures_CFSB_leaf_damage/2025_09_15_Re4StRes_T1_DSV/IMG_3205.JPG,1.0,7.122015953063965,7.482795715332031,0.3607798218727112,6.482795715332031,6.122015953063965,midpoint,46,single_rater_weak
2025_09_15_Re4StRes_T1_DSV/IMG_3206.JPG,plot_2bbedc53a1730a8c1c06,dsv_asendorf_t1_bbch11,/home/nfs/data/nvme_datasets/Pictures_CFSB_leaf_damage/2025_09_15_Re4StRes_T1_DSV/IMG_3206.JPG,3.0,8.254079818725586,8.641197204589844,0.3871174156665802,5.641197204589844,5.254079818725586,midpoint,46,single_rater_weak
2025_09_15_Re4StRes_T1_DSV/IMG_3207.JPG,plot_2bbedc53a1730a8c1c06,dsv_asendorf_t1_bbch11,/home/nfs/data/nvme_datasets/Pictures_CFSB_leaf_damage/2025_09_15_Re4StRes_T1_DSV/IMG_3207.JPG,4.0,9.578096389770508,9.87426471710205,0.2961680591106415,5.874264717102051,5.578096389770508,midpoint,46,single_rater_weak
2025_09_15_Re4StRes_T1_DSV/IMG_3208.JPG,plot_b1894e39332675c8b77d,dsv_asendorf_t1_bbch11,/home/nfs/data/nvme_datasets/Pictures_CFSB_leaf_damage/2025_09_15_Re4StRes_T1_DSV/IMG_3208.JPG,1.0,7.803131580352783,7.848071575164795,0.04494013264775276,6.848071575164795,6.803131580352783,midpoint,46,single_rater_weak
2025_09_15_Re4StRes_T1_DSV/IMG_3209.JPG,plot_b1894e39332675c8b77d,dsv_asendorf_t1_bbch11,/home/nfs/data/nvme_datasets/Pictures_CFSB_leaf_damage/2025_09_15_Re4StRes_T1_DSV/IMG_3209.JPG,1.0,7.797965049743652,7.895168304443359,0.09720340371131897,6.895168304443359,6.797965049743652,midpoint,46,single_rater_weak
2025_09_15_Re4StRes_T1_DSV/IMG_3210.JPG,plot_b1894e39332675c8b77d,dsv_asendorf_t1_bbch11,/home/nfs/data/nvme_datasets/Pictures_CFSB_leaf_damage/2025_09_15_Re4StRes_T1_DSV/IMG_3210.JPG,1.0,2.2068862915039062,2.6043810844421387,0.39749470353126526,1.6043810844421387,1.2068862915039062,midpoint,46,single_rater_weak
2025_09_15_Re4StRes_T1_DSV/IMG_3211.JPG,plot_3539600a59aabc9b75de,dsv_asendorf_t1_bbch11,/home/nfs/data/nvme_datasets/Pictures_CFSB_leaf_damage/2025_09_15_Re4StRes_T1_DSV/IMG_3211.JPG,2.0,6.53978157043457,6.948429584503174,0.40864789485931396,4.948429584503174,4.53978157043457,midpoint,46,single_rater_weak
2025_09_15_Re4StRes_T1_DSV/IMG_3212.JPG,plot_3539600a59aabc9b75de,dsv_asendorf_t1_bbch11,/home/nfs/data/nvme_datasets/Pictures_CFSB_leaf_damage/2025_09_15_Re4StRes_T1_DSV/IMG_3212.JPG,1.0,8.17827320098877,8.644261360168457,0.4659879803657532,7.644261360168457,7.1782732009887695,midpoint,46,single_rater_weak
2025_09_15_Re4StRes_T1_DSV/IMG_3214.JPG,plot_3539600a59aabc9b75de,dsv_asendorf_t1_bbch11,/home/nfs/data/nvme_datasets/Pictures_CFSB_leaf_damage/2025_09_15_Re4StRes_T1_DSV/IMG_3214.JPG,1.0,3.7532150745391846,4.2810750007629395,0.5278598666191101,3.2810750007629395,2.7532150745391846,midpoint,46,single_rater_weak
2025_09_15_Re4StRes_T1_DSV/IMG_3215.JPG,plot_eb3702ae538f36e12fdc,dsv_asendorf_t1_bbch11,/home/nfs/data/nvme_datasets/Pictures_CFSB_leaf_damage/2025_09_15_Re4StRes_T1_DSV/IMG_3215.JPG,15.0,11.096017837524414,11.145940780639648,0.04992285743355751,3.8540592193603516,3.903982162475586,midpoint,46,single_rater_weak
2025_09_15_Re4StRes_T1_DSV/IMG_3216.JPG,plot_eb3702ae538f36e12fdc,dsv_asendorf_t1_bbch11,/home/nfs/data/nvme_datasets/Pictures_CFSB_leaf_damage/2025_09_15_Re4StRes_T1_DSV/IMG_3216.JPG,1.0,5.999086856842041,5.721657752990723,-0.2774293124675751,4.721657752990723,4.999086856842041,midpoint,46,single_rater_weak
2025_09_15_Re4StRes_T1_DSV/IMG_3217.JPG,plot_eb3702ae538f36e12fdc,dsv_asendorf_t1_bbch11,/home/nfs/data/nvme_datasets/Pictures_CFSB_leaf_damage/2025_09_15_Re4StRes_T1_DSV/IMG_3217.JPG,1.0,4.044604301452637,3.9232428073883057,-0.12136155366897583,2.9232428073883057,3.0446043014526367,midpoint,46,single_rater_weak
2025_09_15_Re4StRes_T1_DSV/IMG_3218.JPG,plot_bf214bfe62ce3ba5d1f9,dsv_asendorf_t1_bbch11,/home/nfs/data/nvme_datasets/Pictures_CFSB_leaf_damage/2025_09_15_Re4StRes_T1_DSV/IMG_3218.JPG,1.0,7.085705280303955,7.010327339172363,-0.07537809014320374,6.010327339172363,6.085705280303955,midpoint,46,single_rater_weak
2025_09_15_Re4StRes_T1_DSV/IMG_3219.JPG,plot_bf214bfe62ce3ba5d1f9,dsv_asendorf_t1_bbch11,/home/nfs/data/nvme_datasets/Pictures_CFSB_leaf_damage/2025_09_15_Re4StRes_T1_DSV/IMG_3219.JPG,1.0,9.832852363586426,9.74026870727539,-0.09258364140987396,8.74026870727539,8.832852363586426,midpoint,46,single_rater_weak
2025_09_15_Re4StRes_T1_DSV/IMG_3220.JPG,plot_bf214bfe62ce3ba5d1f9,dsv_asendorf_t1_bbch11,/home/nfs/data/nvme_datasets/Pictures_CFSB_leaf_damage/2025_09_15_Re4StRes_T1_DSV/IMG_3220.JPG,1.0,7.085134506225586,7.533478260040283,0.4483438730239868,6.533478260040283,6.085134506225586,midpoint,46,single_rater_weak
2025_09_15_Re4StRes_T1_DSV/IMG_3221.JPG,plot_34d14aebbb15b88da30e,dsv_asendorf_t1_bbch11,/home/nfs/data/nvme_datasets/Pictures_CFSB_leaf_damage/2025_09_15_Re4StRes_T1_DSV/IMG_3221.JPG,1.0,6.855101585388184,7.395954132080078,0.5408526659011841,6.395954132080078,5.855101585388184,midpoint,46,single_rater_weak
2025_09_15_Re4StRes_T1_DSV/IMG_3222.JPG,plot_34d14aebbb15b88da30e,dsv_asendorf_t1_bbch11,/home/nfs/data/nvme_datasets/Pictures_CFSB_leaf_damage/2025_09_15_Re4StRes_T1_DSV/IMG_3222.JPG,1.0,7.161209583282471,7.06291389465332,-0.09829573333263397,6.06291389465332,6.161209583282471,midpoint,46,single_rater_weak
2025_09_15_Re4StRes_T1_DSV/IMG_3223.JPG,plot_34d14aebbb15b88da30e,dsv_asendorf_t1_bbch11,/home/nfs/data/nvme_datasets/Pictures_CFSB_leaf_damage/2025_09_15_Re4StRes_T1_DSV/IMG_3223.JPG,2.0,4.494197845458984,4.773255348205566,0.2790573835372925,2.7732553482055664,2.4941978454589844,midpoint,46,single_rater_weak
2025_09_15_Re4StRes_T1_DSV/IMG_3224.JPG,plot_6731bbcab62df30b34c1,dsv_asendorf_t1_bbch11,/home/nfs/data/nvme_datasets/Pictures_CFSB_leaf_damage/2025_09_15_Re4StRes_T1_DSV/IMG_3224.JPG,5.0,8.28774642944336,8.670024871826172,0.3822784423828125,3.670024871826172,3.2877464294433594,midpoint,46,single_rater_weak
2025_09_15_Re4StRes_T1_DSV/IMG_3225.JPG,plot_6731bbcab62df30b34c1,dsv_asendorf_t1_bbch11,/home/nfs/data/nvme_datasets/Pictures_CFSB_leaf_damage/2025_09_15_Re4StRes_T1_DSV/IMG_3225.JPG,30.0,8.864034652709961,9.138991355895996,0.27495625615119934,20.861007690429688,21.13596534729004,midpoint,46,single_rater_weak
2025_09_15_Re4StRes_T1_DSV/IMG_3226.JPG,plot_6731bbcab62df30b34c1,dsv_asendorf_t1_bbch11,/home/nfs/data/nvme_datasets/Pictures_CFSB_leaf_damage/2025_09_15_Re4StRes_T1_DSV/IMG_3226.JPG,3.0,6.539009094238281,6.958975315093994,0.4199662506580353,3.958975315093994,3.5390090942382812,midpoint,46,single_rater_weak
2025_09_15_Re4StRes_T1_DSV/IMG_3227.JPG,plot_9beea524c46e83073ca7,dsv_asendorf_t1_bbch11,/home/nfs/data/nvme_datasets/Pictures_CFSB_leaf_damage/2025_09_15_Re4StRes_T1_DSV/IMG_3227.JPG,2.0,5.301202297210693,5.579079627990723,0.27787744998931885,3.5790796279907227,3.3012022972106934,midpoint,46,single_rater_weak
2025_09_15_Re4StRes_T1_DSV/IMG_3228.JPG,plot_9beea524c46e83073ca7,dsv_asendorf_t1_bbch11,/home/nfs/data/nvme_datasets/Pictures_CFSB_leaf_damage/2025_09_15_Re4StRes_T1_DSV/IMG_3228.JPG,1.0,6.114943504333496,6.150465965270996,0.035522542893886566,5.150465965270996,5.114943504333496,midpoint,46,single_rater_weak
2025_09_15_Re4StRes_T1_DSV/IMG_3229.JPG,plot_9beea524c46e83073ca7,dsv_asendorf_t1_bbch11,/home/nfs/data/nvme_datasets/Pictures_CFSB_leaf_damage/2025_09_15_Re4StRes_T1_DSV/IMG_3229.JPG,1.0,7.083940029144287,7.132657527923584,0.04871746152639389,6.132657527923584,6.083940029144287,midpoint,46,single_rater_weak
2025_09_15_Re4StRes_T1_DSV/IMG_3230.JPG,plot_3a1e6f5f9680120c73d7,dsv_asendorf_t1_bbch11,/home/nfs/data/nvme_datasets/Pictures_CFSB_leaf_damage/2025_09_15_Re4StRes_T1_DSV/IMG_3230.JPG,6.0,5.313708305358887,5.556275844573975,0.2425677478313446,0.4437241554260254,0.6862916946411133,midpoint,46,single_rater_weak
2025_09_15_Re4StRes_T1_DSV/IMG_3231.JPG,plot_3a1e6f5f9680120c73d7,dsv_asendorf_t1_bbch11,/home/nfs/data/nvme_datasets/Pictures_CFSB_leaf_damage/2025_09_15_Re4StRes_T1_DSV/IMG_3231.JPG,1.0,3.1524953842163086,3.4712603092193604,0.31876498460769653,2.4712603092193604,2.1524953842163086,midpoint,46,single_rater_weak
2025_09_15_Re4StRes_T1_DSV/IMG_3232.JPG,plot_3a1e6f5f9680120c73d7,dsv_asendorf_t1_bbch11,/home/nfs/data/nvme_datasets/Pictures_CFSB_leaf_damage/2025_09_15_Re4StRes_T1_DSV/IMG_3232.JPG,1.0,7.113359451293945,7.201855182647705,0.08849586546421051,6.201855182647705,6.113359451293945,midpoint,46,single_rater_weak
2025_09_15_Re4StRes_T1_DSV/IMG_3233.JPG,plot_fd43d9c52c96a3e24697,dsv_asendorf_t1_bbch11,/home/nfs/data/nvme_datasets/Pictures_CFSB_leaf_damage/2025_09_15_Re4StRes_T1_DSV/IMG_3233.JPG,21.0,9.909082412719727,10.371465682983398,0.46238279342651367,10.628534317016602,11.090917587280273,midpoint,46,single_rater_weak
2025_09_15_Re4StRes_T1_DSV/IMG_3234.JPG,plot_fd43d9c52c96a3e24697,dsv_asendorf_t1_bbch11,/home/nfs/data/nvme_datasets/Pictures_CFSB_leaf_damage/2025_09_15_Re4StRes_T1_DSV/IMG_3234.JPG,12.0,5.833051681518555,5.959347724914551,0.12629610300064087,6.040652275085449,6.166948318481445,midpoint,46,single_rater_weak
2025_09_15_Re4StRes_T1_DSV/IMG_3235.JPG,plot_fd43d9c52c96a3e24697,dsv_asendorf_t1_bbch11,/home/nfs/data/nvme_datasets/Pictures_CFSB_leaf_damage/2025_09_15_Re4StRes_T1_DSV/IMG_3235.JPG,5.0,13.621265411376953,12.953471183776855,-0.6677941083908081,7.9534711837768555,8.621265411376953,midpoint,46,single_rater_weak
2025_09_15_Re4StRes_T1_DSV/IMG_3236.JPG,plot_41a6db88739c2508f149,dsv_asendorf_t1_bbch11,/home/nfs/data/nvme_datasets/Pictures_CFSB_leaf_damage/2025_09_15_Re4StRes_T1_DSV/IMG_3236.JPG,1.0,6.586790084838867,6.821239471435547,0.2344493567943573,5.821239471435547,5.586790084838867,midpoint,46,single_rater_weak
2025_09_15_Re4StRes_T1_DSV/IMG_3237.JPG,plot_41a6db88739c2508f149,dsv_asendorf_t1_bbch11,/home/nfs/data/nvme_datasets/Pictures_CFSB_leaf_damage/2025_09_15_Re4StRes_T1_DSV/IMG_3237.JPG,3.0,5.6842756271362305,5.926188945770264,0.2419131100177765,2.9261889457702637,2.6842756271362305,midpoint,46,single_rater_weak
2025_09_15_Re4StRes_T1_DSV/IMG_3238.JPG,plot_41a6db88739c2508f149,dsv_asendorf_t1_bbch11,/home/nfs/data/nvme_datasets/Pictures_CFSB_leaf_damage/2025_09_15_Re4StRes_T1_DSV/IMG_3238.JPG,11.0,9.932931900024414,10.611074447631836,0.678142786026001,0.38892555236816406,1.067068099975586,midpoint,46,single_rater_weak
2025_09_15_Re4StRes_T1_DSV/IMG_3239.JPG,plot_edb991aad2fb45d1b632,dsv_asendorf_t1_bbch11,/home/nfs/data/nvme_datasets/Pictures_CFSB_leaf_damage/2025_09_15_Re4StRes_T1_DSV/IMG_3239.JPG,1.0,6.966110706329346,7.311707496643066,0.34559664130210876,6.311707496643066,5.966110706329346,midpoint,46,single_rater_weak
2025_09_15_Re4StRes_T1_DSV/IMG_3240.JPG,plot_edb991aad2fb45d1b632,dsv_asendorf_t1_bbch11,/home/nfs/data/nvme_datasets/Pictures_CFSB_leaf_damage/2025_09_15_Re4StRes_T1_DSV/IMG_3240.JPG,2.0,6.247437477111816,6.594742774963379,0.3473051190376282,4.594742774963379,4.247437477111816,midpoint,46,single_rater_weak
2025_09_15_Re4StRes_T1_DSV/IMG_3241.JPG,plot_edb991aad2fb45d1b632,dsv_asendorf_t1_bbch11,/home/nfs/data/nvme_datasets/Pictures_CFSB_leaf_damage/2025_09_15_Re4StRes_T1_DSV/IMG_3241.JPG,2.0,8.644009590148926,8.653824806213379,0.009815254248678684,6.653824806213379,6.644009590148926,midpoint,46,single_rater_weak
2025_09_15_Re4StRes_T1_DSV/IMG_3242.JPG,plot_e2e387746e45a02831d7,dsv_asendorf_t1_bbch11,/home/nfs/data/nvme_datasets/Pictures_CFSB_leaf_damage/2025_09_15_Re4StRes_T1_DSV/IMG_3242.JPG,1.0,7.370645999908447,7.297486305236816,-0.0731595903635025,6.297486305236816,6.370645999908447,midpoint,46,single_rater_weak
2025_09_15_Re4StRes_T1_DSV/IMG_3243.JPG,plot_e2e387746e45a02831d7,dsv_asendorf_t1_bbch11,/home/nfs/data/nvme_datasets/Pictures_CFSB_leaf_damage/2025_09_15_Re4StRes_T1_DSV/IMG_3243.JPG,6.0,4.99554443359375,5.171392917633057,0.17584829032421112,0.8286070823669434,1.00445556640625,midpoint,46,single_rater_weak
2025_09_15_Re4StRes_T1_DSV/IMG_3244.JPG,plot_e2e387746e45a02831d7,dsv_asendorf_t1_bbch11,/home/nfs/data/nvme_datasets/Pictures_CFSB_leaf_damage/2025_09_15_Re4StRes_T1_DSV/IMG_3244.JPG,9.0,9.144104957580566,9.713641166687012,0.5695363283157349,0.7136411666870117,0.1441049575805664,midpoint,46,single_rater_weak
2025_09_15_Re4StRes_T1_DSV/IMG_3245.JPG,plot_3f47d5961542eef7d91c,dsv_asendorf_t1_bbch11,/home/nfs/data/nvme_datasets/Pictures_CFSB_leaf_damage/2025_09_15_Re4StRes_T1_DSV/IMG_3245.JPG,6.0,6.820703983306885,7.017623424530029,0.19691947102546692,1.0176234245300293,0.8207039833068848,midpoint,46,single_rater_weak
2025_09_15_Re4StRes_T1_DSV/IMG_3246.JPG,plot_3f47d5961542eef7d91c,dsv_asendorf_t1_bbch11,/home/nfs/data/nvme_datasets/Pictures_CFSB_leaf_damage/2025_09_15_Re4StRes_T1_DSV/IMG_3246.JPG,26.0,8.723492622375488,8.84039306640625,0.11690042912960052,17.15960693359375,17.276508331298828,midpoint,46,single_rater_weak
2025_09_15_Re4StRes_T1_DSV/IMG_3248.JPG,plot_3f47d5961542eef7d91c,dsv_asendorf_t1_bbch11,/home/nfs/data/nvme_datasets/Pictures_CFSB_leaf_damage/2025_09_15_Re4StRes_T1_DSV/IMG_3248.JPG,2.0,5.603714466094971,5.7844367027282715,0.18072226643562317,3.7844367027282715,3.6037144660949707,midpoint,46,single_rater_weak
2025_09_15_Re4StRes_T1_DSV/IMG_3249.JPG,plot_9d45423b126c61c30b77,dsv_asendorf_t1_bbch11,/home/nfs/data/nvme_datasets/Pictures_CFSB_leaf_damage/2025_09_15_Re4StRes_T1_DSV/IMG_3249.JPG,12.0,10.851515769958496,11.448898315429688,0.5973827838897705,0.5511016845703125,1.148484230041504,midpoint,46,single_rater_weak
2025_09_15_Re4StRes_T1_DSV/IMG_3250.JPG,plot_9d45423b126c61c30b77,dsv_asendorf_t1_bbch11,/home/nfs/data/nvme_datasets/Pictures_CFSB_leaf_damage/2025_09_15_Re4StRes_T1_DSV/IMG_3250.JPG,9.0,9.592536926269531,9.965733528137207,0.3731962740421295,0.965733528137207,0.5925369262695312,midpoint,46,single_rater_weak
2025_09_15_Re4StRes_T1_DSV/IMG_3251.JPG,plot_9d45423b126c61c30b77,dsv_asendorf_t1_bbch11,/home/nfs/data/nvme_datasets/Pictures_CFSB_leaf_damage/2025_09_15_Re4StRes_T1_DSV/IMG_3251.JPG,1.0,4.7528815269470215,5.138375282287598,0.3854939937591553,4.138375282287598,3.7528815269470215,midpoint,46,single_rater_weak
2025_09_15_Re4StRes_T1_DSV/IMG_3252.JPG,plot_129f30939368c8935b7c,dsv_asendorf_t1_bbch11,/home/nfs/data/nvme_datasets/Pictures_CFSB_leaf_damage/2025_09_15_Re4StRes_T1_DSV/IMG_3252.JPG,3.0,6.562870979309082,6.877139091491699,0.31426820158958435,3.877139091491699,3.562870979309082,midpoint,46,single_rater_weak
2025_09_15_Re4StRes_T1_DSV/IMG_3253.JPG,plot_129f30939368c8935b7c,dsv_asendorf_t1_bbch11,/home/nfs/data/nvme_datasets/Pictures_CFSB_leaf_damage/2025_09_15_Re4StRes_T1_DSV/IMG_3253.JPG,1.0,8.059892654418945,8.464171409606934,0.40427887439727783,7.464171409606934,7.059892654418945,midpoint,46,single_rater_weak
2025_09_15_Re4StRes_T1_DSV/IMG_3254.JPG,plot_129f30939368c8935b7c,dsv_asendorf_t1_bbch11,/home/nfs/data/nvme_datasets/Pictures_CFSB_leaf_damage/2025_09_15_Re4StRes_T1_DSV/IMG_3254.JPG,7.0,9.021354675292969,9.342106819152832,0.32075244188308716,2.342106819152832,2.0213546752929688,midpoint,46,single_rater_weak
2025_09_15_Re4StRes_T1_DSV/IMG_3255.JPG,plot_f9626d0c917f313e8a19,dsv_asendorf_t1_bbch11,/home/nfs/data/nvme_datasets/Pictures_CFSB_leaf_damage/2025_09_15_Re4StRes_T1_DSV/IMG_3255.JPG,2.0,7.7274489402771,7.807460308074951,0.08001139760017395,5.807460308074951,5.7274489402771,midpoint,46,single_rater_weak
2025_09_15_Re4StRes_T1_DSV/IMG_3256.JPG,plot_f9626d0c917f313e8a19,dsv_asendorf_t1_bbch11,/home/nfs/data/nvme_datasets/Pictures_CFSB_leaf_damage/2025_09_15_Re4StRes_T1_DSV/IMG_3256.JPG,1.0,7.871983528137207,7.94294548034668,0.07096195220947266,6.94294548034668,6.871983528137207,midpoint,46,single_rater_weak
2025_09_15_Re4StRes_T1_DSV/IMG_3257.JPG,plot_f9626d0c917f313e8a19,dsv_asendorf_t1_bbch11,/home/nfs/data/nvme_datasets/Pictures_CFSB_leaf_damage/2025_09_15_Re4StRes_T1_DSV/IMG_3257.JPG,40.0,5.259878158569336,5.902105331420898,0.6422269940376282,34.09789276123047,34.74011993408203,midpoint,46,single_rater_weak
2025_09_15_Re4StRes_T1_DSV/IMG_3257_2.JPG,plot_6a051a6bb4230ee9520b,dsv_asendorf_t1_bbch11,/home/nfs/data/nvme_datasets/Pictures_CFSB_leaf_damage/2025_09_15_Re4StRes_T1_DSV/IMG_3257_2.JPG,7.0,2.752387046813965,2.722155809402466,-0.030231161043047905,4.277844429016113,4.247612953186035,midpoint,46,single_rater_weak
2025_09_15_Re4StRes_T1_DSV/IMG_3259.JPG,plot_6a051a6bb4230ee9520b,dsv_asendorf_t1_bbch11,/home/nfs/data/nvme_datasets/Pictures_CFSB_leaf_damage/2025_09_15_Re4StRes_T1_DSV/IMG_3259.JPG,34.0,8.845437049865723,9.516033172607422,0.6705958843231201,24.483966827392578,25.154563903808594,midpoint,46,single_rater_weak
2025_09_15_Re4StRes_T1_DSV/IMG_3260.JPG,plot_6a051a6bb4230ee9520b,dsv_asendorf_t1_bbch11,/home/nfs/data/nvme_datasets/Pictures_CFSB_leaf_damage/2025_09_15_Re4StRes_T1_DSV/IMG_3260.JPG,16.0,10.558832168579102,10.804560661315918,0.24572817981243134,5.195439338684082,5.441167831420898,midpoint,46,single_rater_weak
2025_09_15_Re4StRes_T1_DSV/IMG_3261.JPG,plot_1216c7d6681be8f3d99c,dsv_asendorf_t1_bbch11,/home/nfs/data/nvme_datasets/Pictures_CFSB_leaf_damage/2025_09_15_Re4StRes_T1_DSV/IMG_3261.JPG,7.0,5.822601795196533,5.937570095062256,0.11496827006340027,1.0624299049377441,1.1773982048034668,midpoint,46,single_rater_weak
2025_09_15_Re4StRes_T1_DSV/IMG_3262.JPG,plot_1216c7d6681be8f3d99c,dsv_asendorf_t1_bbch11,/home/nfs/data/nvme_datasets/Pictures_CFSB_leaf_damage/2025_09_15_Re4StRes_T1_DSV/IMG_3262.JPG,2.0,5.949078559875488,6.312109470367432,0.36303088068962097,4.312109470367432,3.9490785598754883,midpoint,46,single_rater_weak
2025_09_15_Re4StRes_T1_DSV/IMG_3263.JPG,plot_1216c7d6681be8f3d99c,dsv_asendorf_t1_bbch11,/home/nfs/data/nvme_datasets/Pictures_CFSB_leaf_damage/2025_09_15_Re4StRes_T1_DSV/IMG_3263.JPG,10.0,4.377449035644531,4.488102912902832,0.11065409332513809,5.511897087097168,5.622550964355469,midpoint,46,single_rater_weak
2025_09_15_Re4StRes_T1_DSV/IMG_3264.JPG,plot_ca3beff6a94eea1ef628,dsv_asendorf_t1_bbch11,/home/nfs/data/nvme_datasets/Pictures_CFSB_leaf_damage/2025_09_15_Re4StRes_T1_DSV/IMG_3264.JPG,2.0,5.291474342346191,5.528537750244141,0.23706363141536713,3.5285377502441406,3.2914743423461914,midpoint,46,single_rater_weak
2025_09_15_Re4StRes_T1_DSV/IMG_3265.JPG,plot_ca3beff6a94eea1ef628,dsv_asendorf_t1_bbch11,/home/nfs/data/nvme_datasets/Pictures_CFSB_leaf_damage/2025_09_15_Re4StRes_T1_DSV/IMG_3265.JPG,1.0,7.550016403198242,7.913588523864746,0.36357223987579346,6.913588523864746,6.550016403198242,midpoint,46,single_rater_weak
2025_09_15_Re4StRes_T1_DSV/IMG_3266.JPG,plot_ca3beff6a94eea1ef628,dsv_asendorf_t1_bbch11,/home/nfs/data/nvme_datasets/Pictures_CFSB_leaf_damage/2025_09_15_Re4StRes_T1_DSV/IMG_3266.JPG,6.0,8.306214332580566,8.922708511352539,0.6164945363998413,2.922708511352539,2.3062143325805664,midpoint,46,single_rater_weak
2025_09_15_Re4StRes_T1_DSV/IMG_3267.JPG,plot_d5a1df628e189c0794a5,dsv_asendorf_t1_bbch11,/home/nfs/data/nvme_datasets/Pictures_CFSB_leaf_damage/2025_09_15_Re4StRes_T1_DSV/IMG_3267.JPG,3.0,7.333776950836182,7.408126354217529,0.07434961944818497,4.408126354217529,4.333776950836182,midpoint,46,single_rater_weak
2025_09_15_Re4StRes_T1_DSV/IMG_3268.JPG,plot_d5a1df628e189c0794a5,dsv_asendorf_t1_bbch11,/home/nfs/data/nvme_datasets/Pictures_CFSB_leaf_damage/2025_09_15_Re4StRes_T1_DSV/IMG_3268.JPG,2.0,5.817133903503418,6.28122091293335,0.4640870690345764,4.28122091293335,3.817133903503418,midpoint,46,single_rater_weak
2025_09_15_Re4StRes_T1_DSV/IMG_3269.JPG,plot_d5a1df628e189c0794a5,dsv_asendorf_t1_bbch11,/home/nfs/data/nvme_datasets/Pictures_CFSB_leaf_damage/2025_09_15_Re4StRes_T1_DSV/IMG_3269.JPG,3.0,4.249739646911621,4.460563659667969,0.21082407236099243,1.4605636596679688,1.249739646911621,midpoint,46,single_rater_weak
2025_09_15_Re4StRes_T1_DSV/IMG_3270.JPG,plot_dbcfc7149ccf66bb6b4b,dsv_asendorf_t1_bbch11,/home/nfs/data/nvme_datasets/Pictures_CFSB_leaf_damage/2025_09_15_Re4StRes_T1_DSV/IMG_3270.JPG,2.0,1.8398175239562988,2.137047052383423,0.29722946882247925,0.13704705238342285,0.16018247604370117,midpoint,46,single_rater_weak
2025_09_15_Re4StRes_T1_DSV/IMG_3271.JPG,plot_dbcfc7149ccf66bb6b4b,dsv_asendorf_t1_bbch11,/home/nfs/data/nvme_datasets/Pictures_CFSB_leaf_damage/2025_09_15_Re4StRes_T1_DSV/IMG_3271.JPG,3.0,2.819943428039551,2.8238587379455566,0.003915244247764349,0.17614126205444336,0.18005657196044922,midpoint,46,single_rater_weak
2025_09_15_Re4StRes_T1_DSV/IMG_3272.JPG,plot_dbcfc7149ccf66bb6b4b,dsv_asendorf_t1_bbch11,/home/nfs/data/nvme_datasets/Pictures_CFSB_leaf_damage/2025_09_15_Re4StRes_T1_DSV/IMG_3272.JPG,5.0,3.8232598304748535,4.077009201049805,0.2537492513656616,0.9229907989501953,1.1767401695251465,midpoint,46,single_rater_weak
2025_09_15_Re4StRes_T1_DSV/IMG_3273.JPG,plot_b9a431186e2b1507c308,dsv_asendorf_t1_bbch11,/home/nfs/data/nvme_datasets/Pictures_CFSB_leaf_damage/2025_09_15_Re4StRes_T1_DSV/IMG_3273.JPG,5.0,7.831160545349121,7.9345831871032715,0.10342277586460114,2.9345831871032715,2.831160545349121,midpoint,46,single_rater_weak
2025_09_15_Re4StRes_T1_DSV/IMG_3274.JPG,plot_b9a431186e2b1507c308,dsv_asendorf_t1_bbch11,/home/nfs/data/nvme_datasets/Pictures_CFSB_leaf_damage/2025_09_15_Re4StRes_T1_DSV/IMG_3274.JPG,5.0,6.8565754890441895,7.0609636306762695,0.20438838005065918,2.0609636306762695,1.8565754890441895,midpoint,46,single_rater_weak
2025_09_15_Re4StRes_T1_DSV/IMG_3275.JPG,plot_b9a431186e2b1507c308,dsv_asendorf_t1_bbch11,/home/nfs/data/nvme_datasets/Pictures_CFSB_leaf_damage/2025_09_15_Re4StRes_T1_DSV/IMG_3275.JPG,2.0,4.64591121673584,4.9586920738220215,0.3127806782722473,2.9586920738220215,2.64591121673584,midpoint,46,single_rater_weak
2025_09_15_Re4StRes_T1_DSV/IMG_3276.JPG,plot_7486149307b454bb4f4a,dsv_asendorf_t1_bbch11,/home/nfs/data/nvme_datasets/Pictures_CFSB_leaf_damage/2025_09_15_Re4StRes_T1_DSV/IMG_3276.JPG,2.0,2.646395206451416,2.6986422538757324,0.05224697291851044,0.6986422538757324,0.646395206451416,midpoint,46,single_rater_weak
2025_09_15_Re4StRes_T1_DSV/IMG_3277.JPG,plot_7486149307b454bb4f4a,dsv_asendorf_t1_bbch11,/home/nfs/data/nvme_datasets/Pictures_CFSB_leaf_damage/2025_09_15_Re4StRes_T1_DSV/IMG_3277.JPG,2.0,6.239706993103027,6.4041619300842285,0.16445472836494446,4.4041619300842285,4.239706993103027,midpoint,46,single_rater_weak
2025_09_15_Re4StRes_T1_DSV/IMG_3278.JPG,plot_7486149307b454bb4f4a,dsv_asendorf_t1_bbch11,/home/nfs/data/nvme_datasets/Pictures_CFSB_leaf_damage/2025_09_15_Re4StRes_T1_DSV/IMG_3278.JPG,1.0,3.572471857070923,3.5356340408325195,-0.0368378721177578,2.5356340408325195,2.572471857070923,midpoint,46,single_rater_weak
2025_09_15_Re4StRes_T1_DSV/IMG_3280.JPG,plot_3789b4cb6a6fe6da8348,dsv_asendorf_t1_bbch11,/home/nfs/data/nvme_datasets/Pictures_CFSB_leaf_damage/2025_09_15_Re4StRes_T1_DSV/IMG_3280.JPG,4.0,7.120625972747803,7.395179271697998,0.2745533585548401,3.395179271697998,3.1206259727478027,midpoint,46,single_rater_weak
2025_09_15_Re4StRes_T1_DSV/IMG_3281.JPG,plot_3789b4cb6a6fe6da8348,dsv_asendorf_t1_bbch11,/home/nfs/data/nvme_datasets/Pictures_CFSB_leaf_damage/2025_09_15_Re4StRes_T1_DSV/IMG_3281.JPG,4.0,5.916557788848877,6.016875267028809,0.10031731426715851,2.0168752670288086,1.916557788848877,midpoint,46,single_rater_weak
2025_09_15_Re4StRes_T1_DSV/IMG_3282.JPG,plot_3789b4cb6a6fe6da8348,dsv_asendorf_t1_bbch11,/home/nfs/data/nvme_datasets/Pictures_CFSB_leaf_damage/2025_09_15_Re4StRes_T1_DSV/IMG_3282.JPG,3.0,5.068778991699219,5.342700958251953,0.27392175793647766,2.342700958251953,2.0687789916992188,midpoint,46,single_rater_weak
2025_09_15_Re4StRes_T1_DSV/IMG_3283.JPG,plot_e617326cca4ff14f62d2,dsv_asendorf_t1_bbch11,/home/nfs/data/nvme_datasets/Pictures_CFSB_leaf_damage/2025_09_15_Re4StRes_T1_DSV/IMG_3283.JPG,2.0,13.419233322143555,13.485594749450684,0.06636179238557816,11.485594749450684,11.419233322143555,midpoint,46,single_rater_weak
2025_09_15_Re4StRes_T1_DSV/IMG_3284.JPG,plot_e617326cca4ff14f62d2,dsv_asendorf_t1_bbch11,/home/nfs/data/nvme_datasets/Pictures_CFSB_leaf_damage/2025_09_15_Re4StRes_T1_DSV/IMG_3284.JPG,6.0,10.269521713256836,10.561735153198242,0.29221296310424805,4.561735153198242,4.269521713256836,midpoint,46,single_rater_weak
2025_09_15_Re4StRes_T1_DSV/IMG_3285.JPG,plot_e617326cca4ff14f62d2,dsv_asendorf_t1_bbch11,/home/nfs/data/nvme_datasets/Pictures_CFSB_leaf_damage/2025_09_15_Re4StRes_T1_DSV/IMG_3285.JPG,2.0,8.717026710510254,8.967856407165527,0.2508296072483063,6.967856407165527,6.717026710510254,midpoint,46,single_rater_weak
2025_09_15_Re4StRes_T1_DSV/IMG_3286.JPG,plot_0ae6f966a908651f5cab,dsv_asendorf_t1_bbch11,/home/nfs/data/nvme_datasets/Pictures_CFSB_leaf_damage/2025_09_15_Re4StRes_T1_DSV/IMG_3286.JPG,3.0,5.541299819946289,5.817233562469482,0.2759336829185486,2.8172335624694824,2.541299819946289,midpoint,46,single_rater_weak
2025_09_15_Re4StRes_T1_DSV/IMG_3287.JPG,plot_0ae6f966a908651f5cab,dsv_asendorf_t1_bbch11,/home/nfs/data/nvme_datasets/Pictures_CFSB_leaf_damage/2025_09_15_Re4StRes_T1_DSV/IMG_3287.JPG,5.0,8.702006340026855,8.943986892700195,0.24198098480701447,3.9439868927001953,3.7020063400268555,midpoint,46,single_rater_weak
2025_09_15_Re4StRes_T1_DSV/IMG_3288.JPG,plot_0ae6f966a908651f5cab,dsv_asendorf_t1_bbch11,/home/nfs/data/nvme_datasets/Pictures_CFSB_leaf_damage/2025_09_15_Re4StRes_T1_DSV/IMG_3288.JPG,2.0,8.901330947875977,9.244680404663086,0.34334951639175415,7.244680404663086,6.901330947875977,midpoint,46,single_rater_weak
2025_09_15_Re4StRes_T1_DSV/IMG_3289.JPG,plot_8097028aac14b09b554b,dsv_asendorf_t1_bbch11,/home/nfs/data/nvme_datasets/Pictures_CFSB_leaf_damage/2025_09_15_Re4StRes_T1_DSV/IMG_3289.JPG,2.0,6.312001705169678,6.4804368019104,0.16843509674072266,4.4804368019104,4.312001705169678,midpoint,46,single_rater_weak
2025_09_15_Re4StRes_T1_DSV/IMG_3290.JPG,plot_8097028aac14b09b554b,dsv_asendorf_t1_bbch11,/home/nfs/data/nvme_datasets/Pictures_CFSB_leaf_damage/2025_09_15_Re4StRes_T1_DSV/IMG_3290.JPG,1.0,4.47889518737793,4.479896545410156,0.0010012672282755375,3.4798965454101562,3.4788951873779297,midpoint,46,single_rater_weak
2025_09_15_Re4StRes_T1_DSV/IMG_3291.JPG,plot_8097028aac14b09b554b,dsv_asendorf_t1_bbch11,/home/nfs/data/nvme_datasets/Pictures_CFSB_leaf_damage/2025_09_15_Re4StRes_T1_DSV/IMG_3291.JPG,4.0,10.498762130737305,10.365886688232422,-0.13287566602230072,6.365886688232422,6.498762130737305,midpoint,46,single_rater_weak
2025_09_15_Re4StRes_T1_DSV/IMG_3292.JPG,plot_97272306323ab99ec6e4,dsv_asendorf_t1_bbch11,/home/nfs/data/nvme_datasets/Pictures_CFSB_leaf_damage/2025_09_15_Re4StRes_T1_DSV/IMG_3292.JPG,1.0,5.5170698165893555,5.6083083152771,0.0912385880947113,4.6083083152771,4.5170698165893555,midpoint,46,single_rater_weak
2025_09_15_Re4StRes_T1_DSV/IMG_3293.JPG,plot_97272306323ab99ec6e4,dsv_asendorf_t1_bbch11,/home/nfs/data/nvme_datasets/Pictures_CFSB_leaf_damage/2025_09_15_Re4StRes_T1_DSV/IMG_3293.JPG,2.0,5.500261306762695,5.546271324157715,0.04601021856069565,3.546271324157715,3.5002613067626953,midpoint,46,single_rater_weak
2025_09_15_Re4StRes_T1_DSV/IMG_3294.JPG,plot_97272306323ab99ec6e4,dsv_asendorf_t1_bbch11,/home/nfs/data/nvme_datasets/Pictures_CFSB_leaf_damage/2025_09_15_Re4StRes_T1_DSV/IMG_3294.JPG,4.0,3.971569776535034,3.8412563800811768,-0.1303134560585022,0.15874361991882324,0.02843022346496582,midpoint,46,single_rater_weak
2025_09_15_Re4StRes_T1_DSV/IMG_3295.JPG,plot_c62ed8a803b2f7fb0c8e,dsv_asendorf_t1_bbch11,/home/nfs/data/nvme_datasets/Pictures_CFSB_leaf_damage/2025_09_15_Re4StRes_T1_DSV/IMG_3295.JPG,2.0,3.109602451324463,3.2569777965545654,0.14737537503242493,1.2569777965545654,1.109602451324463,midpoint,46,single_rater_weak
2025_09_15_Re4StRes_T1_DSV/IMG_3296.JPG,plot_c62ed8a803b2f7fb0c8e,dsv_asendorf_t1_bbch11,/home/nfs/data/nvme_datasets/Pictures_CFSB_leaf_damage/2025_09_15_Re4StRes_T1_DSV/IMG_3296.JPG,3.0,2.706404685974121,2.710524082183838,0.0041193715296685696,0.2894759178161621,0.2935953140258789,midpoint,46,single_rater_weak
2025_09_15_Re4StRes_T1_DSV/IMG_3297.JPG,plot_c62ed8a803b2f7fb0c8e,dsv_asendorf_t1_bbch11,/home/nfs/data/nvme_datasets/Pictures_CFSB_leaf_damage/2025_09_15_Re4StRes_T1_DSV/IMG_3297.JPG,3.0,2.7647156715393066,2.7444944381713867,-0.02022119238972664,0.2555055618286133,0.23528432846069336,midpoint,46,single_rater_weak
2025_09_15_Re4StRes_T1_DSV/IMG_3298.JPG,plot_2d2c766ece40a4a2ce28,dsv_asendorf_t1_bbch11,/home/nfs/data/nvme_datasets/Pictures_CFSB_leaf_damage/2025_09_15_Re4StRes_T1_DSV/IMG_3298.JPG,1.0,5.800792694091797,5.722383499145508,-0.07840942591428757,4.722383499145508,4.800792694091797,midpoint,46,single_rater_weak
2025_09_15_Re4StRes_T1_DSV/IMG_3299.JPG,plot_2d2c766ece40a4a2ce28,dsv_asendorf_t1_bbch11,/home/nfs/data/nvme_datasets/Pictures_CFSB_leaf_damage/2025_09_15_Re4StRes_T1_DSV/IMG_3299.JPG,3.0,7.7008466720581055,7.828601360321045,0.1277545839548111,4.828601360321045,4.7008466720581055,midpoint,46,single_rater_weak
2025_09_15_Re4StRes_T1_DSV/IMG_3300.JPG,plot_2d2c766ece40a4a2ce28,dsv_asendorf_t1_bbch11,/home/nfs/data/nvme_datasets/Pictures_CFSB_leaf_damage/2025_09_15_Re4StRes_T1_DSV/IMG_3300.JPG,23.0,7.584792137145996,7.490818500518799,-0.09397386014461517,15.50918197631836,15.415207862854004,midpoint,46,single_rater_weak
2025_09_15_Re4StRes_T1_DSV/IMG_3301.JPG,plot_7cacbc714931b970206b,dsv_asendorf_t1_bbch11,/home/nfs/data/nvme_datasets/Pictures_CFSB_leaf_damage/2025_09_15_Re4StRes_T1_DSV/IMG_3301.JPG,5.0,9.313529968261719,9.518445014953613,0.20491471886634827,4.518445014953613,4.313529968261719,midpoint,46,single_rater_weak
2025_09_15_Re4StRes_T1_DSV/IMG_3302.JPG,plot_7cacbc714931b970206b,dsv_asendorf_t1_bbch11,/home/nfs/data/nvme_datasets/Pictures_CFSB_leaf_damage/2025_09_15_Re4StRes_T1_DSV/IMG_3302.JPG,5.0,11.17260456085205,10.926493644714355,-0.2461112141609192,5.9264936447143555,6.172604560852051,midpoint,46,single_rater_weak
2025_09_15_Re4StRes_T1_DSV/IMG_3303.JPG,plot_7cacbc714931b970206b,dsv_asendorf_t1_bbch11,/home/nfs/data/nvme_datasets/Pictures_CFSB_leaf_damage/2025_09_15_Re4StRes_T1_DSV/IMG_3303.JPG,2.0,5.8891801834106445,5.9434332847595215,0.054253194481134415,3.9434332847595215,3.8891801834106445,midpoint,46,single_rater_weak
2025_09_15_Re4StRes_T1_DSV/IMG_3304.JPG,plot_3f88067c4a7d39bd1cb7,dsv_asendorf_t1_bbch11,/home/nfs/data/nvme_datasets/Pictures_CFSB_leaf_damage/2025_09_15_Re4StRes_T1_DSV/IMG_3304.JPG,3.0,3.7680718898773193,3.8722176551818848,0.104145847260952,0.8722176551818848,0.7680718898773193,midpoint,46,single_rater_weak
2025_09_15_Re4StRes_T1_DSV/IMG_3305.JPG,plot_3f88067c4a7d39bd1cb7,dsv_asendorf_t1_bbch11,/home/nfs/data/nvme_datasets/Pictures_CFSB_leaf_damage/2025_09_15_Re4StRes_T1_DSV/IMG_3305.JPG,15.0,10.08148193359375,10.38896369934082,0.30748221278190613,4.61103630065918,4.91851806640625,midpoint,46,single_rater_weak
2025_09_15_Re4StRes_T1_DSV/IMG_3306.JPG,plot_3f88067c4a7d39bd1cb7,dsv_asendorf_t1_bbch11,/home/nfs/data/nvme_datasets/Pictures_CFSB_leaf_damage/2025_09_15_Re4StRes_T1_DSV/IMG_3306.JPG,5.0,3.902663230895996,4.120666980743408,0.21800360083580017,0.8793330192565918,1.097336769104004,midpoint,46,single_rater_weak
2025_09_15_Re4StRes_T1_DSV/IMG_3307.JPG,plot_2bd349d21470dba8ebb9,dsv_asendorf_t1_bbch11,/home/nfs/data/nvme_datasets/Pictures_CFSB_leaf_damage/2025_09_15_Re4StRes_T1_DSV/IMG_3307.JPG,1.0,3.994246006011963,4.107275009155273,0.11302879452705383,3.1072750091552734,2.994246006011963,midpoint,46,single_rater_weak
2025_09_15_Re4StRes_T1_DSV/IMG_3308.JPG,plot_2bd349d21470dba8ebb9,dsv_asendorf_t1_bbch11,/home/nfs/data/nvme_datasets/Pictures_CFSB_leaf_damage/2025_09_15_Re4StRes_T1_DSV/IMG_3308.JPG,12.0,7.846336841583252,8.152772903442383,0.30643588304519653,3.847227096557617,4.153663158416748,midpoint,46,single_rater_weak
2025_09_15_Re4StRes_T1_DSV/IMG_3309.JPG,plot_2bd349d21470dba8ebb9,dsv_asendorf_t1_bbch11,/home/nfs/data/nvme_datasets/Pictures_CFSB_leaf_damage/2025_09_15_Re4StRes_T1_DSV/IMG_3309.JPG,8.0,7.127667427062988,7.478314399719238,0.3506467938423157,0.5216856002807617,0.8723325729370117,midpoint,46,single_rater_weak
2025_09_15_Re4StRes_T1_DSV/IMG_3310.JPG,plot_7cea4932b02b7abad1a0,dsv_asendorf_t1_bbch11,/home/nfs/data/nvme_datasets/Pictures_CFSB_leaf_damage/2025_09_15_Re4StRes_T1_DSV/IMG_3310.JPG,3.0,5.499111175537109,5.613567352294922,0.11445633322000504,2.613567352294922,2.4991111755371094,midpoint,46,single_rater_weak
2025_09_15_Re4StRes_T1_DSV/IMG_3311.JPG,plot_7cea4932b02b7abad1a0,dsv_asendorf_t1_bbch11,/home/nfs/data/nvme_datasets/Pictures_CFSB_leaf_damage/2025_09_15_Re4StRes_T1_DSV/IMG_3311.JPG,0.0,4.663445949554443,5.108414649963379,0.4449686110019684,5.108414649963379,4.663445949554443,midpoint,46,single_rater_weak
2025_09_15_Re4StRes_T1_DSV/IMG_3312.JPG,plot_7cea4932b02b7abad1a0,dsv_asendorf_t1_bbch11,/home/nfs/data/nvme_datasets/Pictures_CFSB_leaf_damage/2025_09_15_Re4StRes_T1_DSV/IMG_3312.JPG,2.0,4.453484058380127,4.756373882293701,0.302889883518219,2.756373882293701,2.453484058380127,midpoint,46,single_rater_weak
2025_09_15_Re4StRes_T1_DSV/IMG_3313.JPG,plot_aade77a958856ea66bcc,dsv_asendorf_t1_bbch11,/home/nfs/data/nvme_datasets/Pictures_CFSB_leaf_damage/2025_09_15_Re4StRes_T1_DSV/IMG_3313.JPG,13.0,10.1251220703125,10.456188201904297,0.3310661315917969,2.543811798095703,2.8748779296875,midpoint,46,single_rater_weak
2025_09_15_Re4StRes_T1_DSV/IMG_3314.JPG,plot_aade77a958856ea66bcc,dsv_asendorf_t1_bbch11,/home/nfs/data/nvme_datasets/Pictures_CFSB_leaf_damage/2025_09_15_Re4StRes_T1_DSV/IMG_3314.JPG,6.0,8.015485763549805,8.104206085205078,0.08871995657682419,2.104206085205078,2.0154857635498047,midpoint,46,single_rater_weak
2025_09_15_Re4StRes_T1_DSV/IMG_3315.JPG,plot_aade77a958856ea66bcc,dsv_asendorf_t1_bbch11,/home/nfs/data/nvme_datasets/Pictures_CFSB_leaf_damage/2025_09_15_Re4StRes_T1_DSV/IMG_3315.JPG,22.0,9.758557319641113,10.062785148620605,0.3042275011539459,11.937214851379395,12.241442680358887,midpoint,46,single_rater_weak
2025_09_15_Re4StRes_T1_DSV/IMG_3316.JPG,plot_78c7672b97ddc73895d7,dsv_asendorf_t1_bbch11,/home/nfs/data/nvme_datasets/Pictures_CFSB_leaf_damage/2025_09_15_Re4StRes_T1_DSV/IMG_3316.JPG,3.0,4.588035583496094,4.813510417938232,0.2254747599363327,1.8135104179382324,1.5880355834960938,midpoint,46,single_rater_weak
2025_09_15_Re4StRes_T1_DSV/IMG_3317.JPG,plot_78c7672b97ddc73895d7,dsv_asendorf_t1_bbch11,/home/nfs/data/nvme_datasets/Pictures_CFSB_leaf_damage/2025_09_15_Re4StRes_T1_DSV/IMG_3317.JPG,2.0,4.957961559295654,5.144033432006836,0.18607185781002045,3.144033432006836,2.9579615592956543,midpoint,46,single_rater_weak
2025_09_15_Re4StRes_T1_DSV/IMG_3318.JPG,plot_78c7672b97ddc73895d7,dsv_asendorf_t1_bbch11,/home/nfs/data/nvme_datasets/Pictures_CFSB_leaf_damage/2025_09_15_Re4StRes_T1_DSV/IMG_3318.JPG,18.0,5.7913665771484375,6.012387752532959,0.2210213840007782,11.987611770629883,12.208633422851562,midpoint,46,single_rater_weak
2025_09_15_Re4StRes_T1_DSV/IMG_3319.JPG,plot_95b7c810444a00ae4705,dsv_asendorf_t1_bbch11,/home/nfs/data/nvme_datasets/Pictures_CFSB_leaf_damage/2025_09_15_Re4StRes_T1_DSV/IMG_3319.JPG,21.0,4.809358596801758,5.096277713775635,0.28691911697387695,15.903722763061523,16.190641403198242,midpoint,46,single_rater_weak
2025_09_15_Re4StRes_T1_DSV/IMG_3320.JPG,plot_95b7c810444a00ae4705,dsv_asendorf_t1_bbch11,/home/nfs/data/nvme_datasets/Pictures_CFSB_leaf_damage/2025_09_15_Re4StRes_T1_DSV/IMG_3320.JPG,1.0,5.331779479980469,5.349456787109375,0.017677288502454758,4.349456787109375,4.331779479980469,midpoint,46,single_rater_weak
2025_09_15_Re4StRes_T1_DSV/IMG_3321.JPG,plot_95b7c810444a00ae4705,dsv_asendorf_t1_bbch11,/home/nfs/data/nvme_datasets/Pictures_CFSB_leaf_damage/2025_09_15_Re4StRes_T1_DSV/IMG_3321.JPG,2.0,5.614443302154541,5.583629608154297,-0.030813544988632202,3.583629608154297,3.614443302154541,midpoint,46,single_rater_weak
2025_09_15_Re4StRes_T1_DSV/IMG_3322.JPG,plot_65931f89e793cfd8ed57,dsv_asendorf_t1_bbch11,/home/nfs/data/nvme_datasets/Pictures_CFSB_leaf_damage/2025_09_15_Re4StRes_T1_DSV/IMG_3322.JPG,22.0,5.813101291656494,6.1606879234313965,0.3475867211818695,15.839311599731445,16.186899185180664,midpoint,46,single_rater_weak
2025_09_15_Re4StRes_T1_DSV/IMG_3323.JPG,plot_65931f89e793cfd8ed57,dsv_asendorf_t1_bbch11,/home/nfs/data/nvme_datasets/Pictures_CFSB_leaf_damage/2025_09_15_Re4StRes_T1_DSV/IMG_3323.JPG,5.0,5.640074253082275,5.4651594161987305,-0.17491476237773895,0.46515941619873047,0.6400742530822754,midpoint,46,single_rater_weak
2025_09_15_Re4StRes_T1_DSV/IMG_3324.JPG,plot_65931f89e793cfd8ed57,dsv_asendorf_t1_bbch11,/home/nfs/data/nvme_datasets/Pictures_CFSB_leaf_damage/2025_09_15_Re4StRes_T1_DSV/IMG_3324.JPG,23.0,13.643416404724121,13.598898887634277,-0.04451725259423256,9.401101112365723,9.356583595275879,midpoint,46,single_rater_weak
2025_09_15_Re4StRes_T1_DSV/IMG_3325.JPG,plot_b23eede93d0769614492,dsv_asendorf_t1_bbch11,/home/nfs/data/nvme_datasets/Pictures_CFSB_leaf_damage/2025_09_15_Re4StRes_T1_DSV/IMG_3325.JPG,12.0,5.818829536437988,6.203923225402832,0.3850938081741333,5.796076774597168,6.181170463562012,midpoint,46,single_rater_weak
2025_09_15_Re4StRes_T1_DSV/IMG_3326.JPG,plot_b23eede93d0769614492,dsv_asendorf_t1_bbch11,/home/nfs/data/nvme_datasets/Pictures_CFSB_leaf_damage/2025_09_15_Re4StRes_T1_DSV/IMG_3326.JPG,3.0,8.174452781677246,8.590775489807129,0.41632306575775146,5.590775489807129,5.174452781677246,midpoint,46,single_rater_weak
2025_09_15_Re4StRes_T1_DSV/IMG_3327.JPG,plot_b23eede93d0769614492,dsv_asendorf_t1_bbch11,/home/nfs/data/nvme_datasets/Pictures_CFSB_leaf_damage/2025_09_15_Re4StRes_T1_DSV/IMG_3327.JPG,28.0,5.776567459106445,5.978489875793457,0.20192259550094604,22.02151107788086,22.223432540893555,midpoint,46,single_rater_weak
2025_09_15_Re4StRes_T1_DSV/IMG_3328.JPG,plot_adeaac1f14a1a4d9559e,dsv_asendorf_t1_bbch11,/home/nfs/data/nvme_datasets/Pictures_CFSB_leaf_damage/2025_09_15_Re4StRes_T1_DSV/IMG_3328.JPG,4.0,2.8060736656188965,3.2338318824768066,0.427758127450943,0.7661681175231934,1.1939263343811035,midpoint,46,single_rater_weak
2025_09_15_Re4StRes_T1_DSV/IMG_3329.JPG,plot_adeaac1f14a1a4d9559e,dsv_asendorf_t1_bbch11,/home/nfs/data/nvme_datasets/Pictures_CFSB_leaf_damage/2025_09_15_Re4StRes_T1_DSV/IMG_3329.JPG,29.0,7.151340007781982,7.574386119842529,0.42304617166519165,21.425613403320312,21.84865951538086,midpoint,46,single_rater_weak
2025_09_15_Re4StRes_T1_DSV/IMG_3330.JPG,plot_adeaac1f14a1a4d9559e,dsv_asendorf_t1_bbch11,/home/nfs/data/nvme_datasets/Pictures_CFSB_leaf_damage/2025_09_15_Re4StRes_T1_DSV/IMG_3330.JPG,4.0,3.087899684906006,3.0146467685699463,-0.07325287163257599,0.9853532314300537,0.9121003150939941,midpoint,46,single_rater_weak
2025_09_15_Re4StRes_T1_DSV/IMG_3331.JPG,plot_43d5937dd6531addbc2e,dsv_asendorf_t1_bbch11,/home/nfs/data/nvme_datasets/Pictures_CFSB_leaf_damage/2025_09_15_Re4StRes_T1_DSV/IMG_3331.JPG,3.0,7.791904449462891,8.083633422851562,0.2917286157608032,5.0836334228515625,4.791904449462891,midpoint,46,single_rater_weak
2025_09_15_Re4StRes_T1_DSV/IMG_3332.JPG,plot_43d5937dd6531addbc2e,dsv_asendorf_t1_bbch11,/home/nfs/data/nvme_datasets/Pictures_CFSB_leaf_damage/2025_09_15_Re4StRes_T1_DSV/IMG_3332.JPG,3.0,4.593134880065918,4.584830284118652,-0.008304444141685963,1.5848302841186523,1.593134880065918,midpoint,46,single_rater_weak
2025_09_15_Re4StRes_T1_DSV/IMG_3333.JPG,plot_43d5937dd6531addbc2e,dsv_asendorf_t1_bbch11,/home/nfs/data/nvme_datasets/Pictures_CFSB_leaf_damage/2025_09_15_Re4StRes_T1_DSV/IMG_3333.JPG,2.0,3.8371715545654297,4.094127178192139,0.2569558024406433,2.0941271781921387,1.8371715545654297,midpoint,46,single_rater_weak
2025_09_15_Re4StRes_T1_DSV/IMG_3334.JPG,plot_0a81b4c942a2db474f37,dsv_asendorf_t1_bbch11,/home/nfs/data/nvme_datasets/Pictures_CFSB_leaf_damage/2025_09_15_Re4StRes_T1_DSV/IMG_3334.JPG,6.0,4.101334571838379,3.8684353828430176,-0.23289912939071655,2.1315646171569824,1.898665428161621,midpoint,46,single_rater_weak
2025_09_15_Re4StRes_T1_DSV/IMG_3334_2.JPG,plot_0a81b4c942a2db474f37,dsv_asendorf_t1_bbch11,/home/nfs/data/nvme_datasets/Pictures_CFSB_leaf_damage/2025_09_15_Re4StRes_T1_DSV/IMG_3334_2.JPG,3.0,2.9987711906433105,2.4254837036132812,-0.5732874274253845,0.5745162963867188,0.0012288093566894531,midpoint,46,single_rater_weak
2025_09_15_Re4StRes_T1_DSV/IMG_3336.JPG,plot_0a81b4c942a2db474f37,dsv_asendorf_t1_bbch11,/home/nfs/data/nvme_datasets/Pictures_CFSB_leaf_damage/2025_09_15_Re4StRes_T1_DSV/IMG_3336.JPG,2.0,7.065014839172363,6.914924621582031,-0.1500903218984604,4.914924621582031,5.065014839172363,midpoint,46,single_rater_weak
2025_09_15_Re4StRes_T1_DSV/IMG_3337.JPG,plot_893ea76139db7e8e9beb,dsv_asendorf_t1_bbch11,/home/nfs/data/nvme_datasets/Pictures_CFSB_leaf_damage/2025_09_15_Re4StRes_T1_DSV/IMG_3337.JPG,8.0,4.33909273147583,4.652869701385498,0.3137768805027008,3.347130298614502,3.66090726852417,midpoint,46,single_rater_weak
2025_09_15_Re4StRes_T1_DSV/IMG_3338.JPG,plot_893ea76139db7e8e9beb,dsv_asendorf_t1_bbch11,/home/nfs/data/nvme_datasets/Pictures_CFSB_leaf_damage/2025_09_15_Re4StRes_T1_DSV/IMG_3338.JPG,3.0,4.614325523376465,4.877279758453369,0.2629541754722595,1.8772797584533691,1.6143255233764648,midpoint,46,single_rater_weak
2025_09_15_Re4StRes_T1_DSV/IMG_3339.JPG,plot_893ea76139db7e8e9beb,dsv_asendorf_t1_bbch11,/home/nfs/data/nvme_datasets/Pictures_CFSB_leaf_damage/2025_09_15_Re4StRes_T1_DSV/IMG_3339.JPG,4.0,3.784986734390259,4.224964618682861,0.4399780035018921,0.22496461868286133,0.2150132656097412,midpoint,46,single_rater_weak
2025_09_15_Re4StRes_T1_DSV/IMG_3340.JPG,plot_444191e50a4fb24d1ec2,dsv_asendorf_t1_bbch11,/home/nfs/data/nvme_datasets/Pictures_CFSB_leaf_damage/2025_09_15_Re4StRes_T1_DSV/IMG_3340.JPG,2.0,4.590782165527344,4.8125481605529785,0.22176587581634521,2.8125481605529785,2.5907821655273438,midpoint,46,single_rater_weak
2025_09_15_Re4StRes_T1_DSV/IMG_3341.JPG,plot_444191e50a4fb24d1ec2,dsv_asendorf_t1_bbch11,/home/nfs/data/nvme_datasets/Pictures_CFSB_leaf_damage/2025_09_15_Re4StRes_T1_DSV/IMG_3341.JPG,2.0,8.303425788879395,8.10678768157959,-0.19663818180561066,6.10678768157959,6.3034257888793945,midpoint,46,single_rater_weak
2025_09_15_Re4StRes_T1_DSV/IMG_3342.JPG,plot_444191e50a4fb24d1ec2,dsv_asendorf_t1_bbch11,/home/nfs/data/nvme_datasets/Pictures_CFSB_leaf_damage/2025_09_15_Re4StRes_T1_DSV/IMG_3342.JPG,4.0,8.210273742675781,8.4330472946167,0.22277382016181946,4.433047294616699,4.210273742675781,midpoint,46,single_rater_weak
2025_09_15_Re4StRes_T1_DSV/IMG_3343.JPG,plot_cc4976c5ce94cf8ec18d,dsv_asendorf_t1_bbch11,/home/nfs/data/nvme_datasets/Pictures_CFSB_leaf_damage/2025_09_15_Re4StRes_T1_DSV/IMG_3343.JPG,2.0,3.6904187202453613,3.5840952396392822,-0.1063234806060791,1.5840952396392822,1.6904187202453613,midpoint,46,single_rater_weak
2025_09_15_Re4StRes_T1_DSV/IMG_3343_2.JPG,plot_cc4976c5ce94cf8ec18d,dsv_asendorf_t1_bbch11,/home/nfs/data/nvme_datasets/Pictures_CFSB_leaf_damage/2025_09_15_Re4StRes_T1_DSV/IMG_3343_2.JPG,3.0,2.0810742378234863,1.7148245573043823,-0.366249680519104,1.2851754426956177,0.9189257621765137,midpoint,46,single_rater_weak
2025_09_15_Re4StRes_T1_DSV/IMG_3347.JPG,plot_cc4976c5ce94cf8ec18d,dsv_asendorf_t1_bbch11,/home/nfs/data/nvme_datasets/Pictures_CFSB_leaf_damage/2025_09_15_Re4StRes_T1_DSV/IMG_3347.JPG,3.0,3.203136920928955,3.4540939331054688,0.25095704197883606,0.45409393310546875,0.20313692092895508,midpoint,46,single_rater_weak
2025_09_15_Re4StRes_T1_DSV/IMG_3348.JPG,plot_e05bdf194d70de829545,dsv_asendorf_t1_bbch11,/home/nfs/data/nvme_datasets/Pictures_CFSB_leaf_damage/2025_09_15_Re4StRes_T1_DSV/IMG_3348.JPG,2.0,6.681058406829834,6.785950183868408,0.10489197075366974,4.785950183868408,4.681058406829834,midpoint,46,single_rater_weak
2025_09_15_Re4StRes_T1_DSV/IMG_3349.JPG,plot_e05bdf194d70de829545,dsv_asendorf_t1_bbch11,/home/nfs/data/nvme_datasets/Pictures_CFSB_leaf_damage/2025_09_15_Re4StRes_T1_DSV/IMG_3349.JPG,2.0,4.691664695739746,4.646350860595703,-0.04531397670507431,2.646350860595703,2.691664695739746,midpoint,46,single_rater_weak
2025_09_15_Re4StRes_T1_DSV/IMG_3350.JPG,plot_e05bdf194d70de829545,dsv_asendorf_t1_bbch11,/home/nfs/data/nvme_datasets/Pictures_CFSB_leaf_damage/2025_09_15_Re4StRes_T1_DSV/IMG_3350.JPG,8.0,3.5047767162323,3.734496593475342,0.22971995174884796,4.265503406524658,4.495223045349121,midpoint,46,single_rater_weak
2025_09_15_Re4StRes_T1_DSV/IMG_3351.JPG,plot_3d536e5af09fac1c9a11,dsv_asendorf_t1_bbch11,/home/nfs/data/nvme_datasets/Pictures_CFSB_leaf_damage/2025_09_15_Re4StRes_T1_DSV/IMG_3351.JPG,8.0,7.64668083190918,8.017935752868652,0.371255099773407,0.017935752868652344,0.3533191680908203,midpoint,46,single_rater_weak
2025_09_15_Re4StRes_T1_DSV/IMG_3352.JPG,plot_3d536e5af09fac1c9a11,dsv_asendorf_t1_bbch11,/home/nfs/data/nvme_datasets/Pictures_CFSB_leaf_damage/2025_09_15_Re4StRes_T1_DSV/IMG_3352.JPG,8.0,7.244872570037842,7.225836277008057,-0.019036324694752693,0.7741637229919434,0.7551274299621582,midpoint,46,single_rater_weak
2025_09_15_Re4StRes_T1_DSV/IMG_3353.JPG,plot_3d536e5af09fac1c9a11,dsv_asendorf_t1_bbch11,/home/nfs/data/nvme_datasets/Pictures_CFSB_leaf_damage/2025_09_15_Re4StRes_T1_DSV/IMG_3353.JPG,2.0,6.673094749450684,6.8259358406066895,0.1528409868478775,4.8259358406066895,4.673094749450684,midpoint,46,single_rater_weak
2025_09_15_Re4StRes_T1_DSV/IMG_3354.JPG,plot_6c3a5e4270d0e8a36c26,dsv_asendorf_t1_bbch11,/home/nfs/data/nvme_datasets/Pictures_CFSB_leaf_damage/2025_09_15_Re4StRes_T1_DSV/IMG_3354.JPG,3.0,12.333226203918457,12.30367374420166,-0.029552031308412552,9.30367374420166,9.333226203918457,midpoint,46,single_rater_weak
2025_09_15_Re4StRes_T1_DSV/IMG_3355.JPG,plot_6c3a5e4270d0e8a36c26,dsv_asendorf_t1_bbch11,/home/nfs/data/nvme_datasets/Pictures_CFSB_leaf_damage/2025_09_15_Re4StRes_T1_DSV/IMG_3355.JPG,2.0,3.1215267181396484,2.7020316123962402,-0.4194951355457306,0.7020316123962402,1.1215267181396484,midpoint,46,single_rater_weak
2025_09_15_Re4StRes_T1_DSV/IMG_3357.JPG,plot_6c3a5e4270d0e8a36c26,dsv_asendorf_t1_bbch11,/home/nfs/data/nvme_datasets/Pictures_CFSB_leaf_damage/2025_09_15_Re4StRes_T1_DSV/IMG_3357.JPG,2.0,5.621125221252441,5.695687294006348,0.07456231117248535,3.6956872940063477,3.6211252212524414,midpoint,46,single_rater_weak
2025_09_15_Re4StRes_T1_DSV/IMG_3358.JPG,plot_19702f4fd7356a8a0516,dsv_asendorf_t1_bbch11,/home/nfs/data/nvme_datasets/Pictures_CFSB_leaf_damage/2025_09_15_Re4StRes_T1_DSV/IMG_3358.JPG,7.0,7.720637321472168,7.475734233856201,-0.2449030876159668,0.47573423385620117,0.720637321472168,midpoint,46,single_rater_weak
2025_09_15_Re4StRes_T1_DSV/IMG_3359.JPG,plot_19702f4fd7356a8a0516,dsv_asendorf_t1_bbch11,/home/nfs/data/nvme_datasets/Pictures_CFSB_leaf_damage/2025_09_15_Re4StRes_T1_DSV/IMG_3359.JPG,6.0,2.187650680541992,2.375481367111206,0.18783079087734222,3.624518632888794,3.812349319458008,midpoint,46,single_rater_weak
2025_09_15_Re4StRes_T1_DSV/IMG_3360.JPG,plot_19702f4fd7356a8a0516,dsv_asendorf_t1_bbch11,/home/nfs/data/nvme_datasets/Pictures_CFSB_leaf_damage/2025_09_15_Re4StRes_T1_DSV/IMG_3360.JPG,6.0,2.6298937797546387,2.519090175628662,-0.11080365628004074,3.480909824371338,3.3701062202453613,midpoint,46,single_rater_weak
2025_09_15_Re4StRes_T1_DSV/IMG_3361.JPG,plot_e8dd7f47d2a9924443f9,dsv_asendorf_t1_bbch11,/home/nfs/data/nvme_datasets/Pictures_CFSB_leaf_damage/2025_09_15_Re4StRes_T1_DSV/IMG_3361.JPG,2.0,2.6921796798706055,2.585932970046997,-0.10624666512012482,0.5859329700469971,0.6921796798706055,midpoint,46,single_rater_weak
2025_09_15_Re4StRes_T1_DSV/IMG_3362.JPG,plot_e8dd7f47d2a9924443f9,dsv_asendorf_t1_bbch11,/home/nfs/data/nvme_datasets/Pictures_CFSB_leaf_damage/2025_09_15_Re4StRes_T1_DSV/IMG_3362.JPG,4.0,2.1812500953674316,2.0105953216552734,-0.17065472900867462,1.9894046783447266,1.8187499046325684,midpoint,46,single_rater_weak
2025_09_15_Re4StRes_T1_DSV/IMG_3363.JPG,plot_e8dd7f47d2a9924443f9,dsv_asendorf_t1_bbch11,/home/nfs/data/nvme_datasets/Pictures_CFSB_leaf_damage/2025_09_15_Re4StRes_T1_DSV/IMG_3363.JPG,3.0,2.6036882400512695,2.75520396232605,0.15151576697826385,0.2447960376739502,0.39631175994873047,midpoint,46,single_rater_weak
2025_09_15_Re4StRes_T1_DSV/IMG_3364.JPG,plot_1479ec7e7b20027ed6b9,dsv_asendorf_t1_bbch11,/home/nfs/data/nvme_datasets/Pictures_CFSB_leaf_damage/2025_09_15_Re4StRes_T1_DSV/IMG_3364.JPG,2.0,2.6269054412841797,2.473954677581787,-0.15295086801052094,0.4739546775817871,0.6269054412841797,midpoint,46,single_rater_weak
2025_09_15_Re4StRes_T1_DSV/IMG_3365.JPG,plot_1479ec7e7b20027ed6b9,dsv_asendorf_t1_bbch11,/home/nfs/data/nvme_datasets/Pictures_CFSB_leaf_damage/2025_09_15_Re4StRes_T1_DSV/IMG_3365.JPG,3.0,1.2507147789001465,0.8425416946411133,-0.4081730842590332,2.1574583053588867,1.7492852210998535,midpoint,46,single_rater_weak
2025_09_15_Re4StRes_T1_DSV/IMG_3366.JPG,plot_1479ec7e7b20027ed6b9,dsv_asendorf_t1_bbch11,/home/nfs/data/nvme_datasets/Pictures_CFSB_leaf_damage/2025_09_15_Re4StRes_T1_DSV/IMG_3366.JPG,5.0,2.4891862869262695,2.3422391414642334,-0.14694710075855255,2.6577608585357666,2.5108137130737305,midpoint,46,single_rater_weak
2025_09_15_Re4StRes_T1_DSV/IMG_3367.JPG,plot_95aaa5709244ec873418,dsv_asendorf_t1_bbch11,/home/nfs/data/nvme_datasets/Pictures_CFSB_leaf_damage/2025_09_15_Re4StRes_T1_DSV/IMG_3367.JPG,2.0,2.4260830879211426,1.9244427680969238,-0.5016403198242188,0.07555723190307617,0.4260830879211426,midpoint,46,single_rater_weak
2025_09_15_Re4StRes_T1_DSV/IMG_3368.JPG,plot_95aaa5709244ec873418,dsv_asendorf_t1_bbch11,/home/nfs/data/nvme_datasets/Pictures_CFSB_leaf_damage/2025_09_15_Re4StRes_T1_DSV/IMG_3368.JPG,4.0,11.002265930175781,10.84657096862793,-0.155694842338562,6.84657096862793,7.002265930175781,midpoint,46,single_rater_weak
2025_09_15_Re4StRes_T1_DSV/IMG_3369.JPG,plot_95aaa5709244ec873418,dsv_asendorf_t1_bbch11,/home/nfs/data/nvme_datasets/Pictures_CFSB_leaf_damage/2025_09_15_Re4StRes_T1_DSV/IMG_3369.JPG,3.0,2.8236379623413086,3.0010149478912354,0.1773768961429596,0.0010149478912353516,0.1763620376586914,midpoint,46,single_rater_weak
2025_09_15_Re4StRes_T1_DSV/IMG_3370.JPG,plot_01f060fea973c05839f8,dsv_asendorf_t1_bbch11,/home/nfs/data/nvme_datasets/Pictures_CFSB_leaf_damage/2025_09_15_Re4StRes_T1_DSV/IMG_3370.JPG,7.0,2.076727867126465,2.12148118019104,0.04475324973464012,4.878519058227539,4.923272132873535,midpoint,46,single_rater_weak
2025_09_15_Re4StRes_T1_DSV/IMG_3371.JPG,plot_01f060fea973c05839f8,dsv_asendorf_t1_bbch11,/home/nfs/data/nvme_datasets/Pictures_CFSB_leaf_damage/2025_09_15_Re4StRes_T1_DSV/IMG_3371.JPG,2.0,1.320930004119873,1.22866690158844,-0.0922631025314331,0.7713330984115601,0.679069995880127,midpoint,46,single_rater_weak
2025_09_15_Re4StRes_T1_DSV/IMG_3372.JPG,plot_01f060fea973c05839f8,dsv_asendorf_t1_bbch11,/home/nfs/data/nvme_datasets/Pictures_CFSB_leaf_damage/2025_09_15_Re4StRes_T1_DSV/IMG_3372.JPG,5.0,2.584810256958008,2.7384655475616455,0.15365538001060486,2.2615344524383545,2.415189743041992,midpoint,46,single_rater_weak
2025_09_15_Re4StRes_T1_DSV/IMG_3373.JPG,plot_67bd59113d9f98c1efe4,dsv_asendorf_t1_bbch11,/home/nfs/data/nvme_datasets/Pictures_CFSB_leaf_damage/2025_09_15_Re4StRes_T1_DSV/IMG_3373.JPG,3.0,5.537160873413086,5.664270877838135,0.12710997462272644,2.6642708778381348,2.537160873413086,midpoint,46,single_rater_weak
2025_09_15_Re4StRes_T1_DSV/IMG_3374.JPG,plot_67bd59113d9f98c1efe4,dsv_asendorf_t1_bbch11,/home/nfs/data/nvme_datasets/Pictures_CFSB_leaf_damage/2025_09_15_Re4StRes_T1_DSV/IMG_3374.JPG,3.0,3.758373498916626,4.200902938842773,0.4425293803215027,1.2009029388427734,0.758373498916626,midpoint,46,single_rater_weak
2025_09_15_Re4StRes_T1_DSV/IMG_3375.JPG,plot_67bd59113d9f98c1efe4,dsv_asendorf_t1_bbch11,/home/nfs/data/nvme_datasets/Pictures_CFSB_leaf_damage/2025_09_15_Re4StRes_T1_DSV/IMG_3375.JPG,5.0,1.8335065841674805,1.7417922019958496,-0.09171440452337265,3.2582077980041504,3.1664934158325195,midpoint,46,single_rater_weak
2025_09_15_Re4StRes_T1_DSV/IMG_3376.JPG,plot_86355422f68667a79eb7,dsv_asendorf_t1_bbch11,/home/nfs/data/nvme_datasets/Pictures_CFSB_leaf_damage/2025_09_15_Re4StRes_T1_DSV/IMG_3376.JPG,3.0,4.651296615600586,4.670971870422363,0.019675150513648987,1.6709718704223633,1.651296615600586,midpoint,46,single_rater_weak
2025_09_15_Re4StRes_T1_DSV/IMG_3377.JPG,plot_86355422f68667a79eb7,dsv_asendorf_t1_bbch11,/home/nfs/data/nvme_datasets/Pictures_CFSB_leaf_damage/2025_09_15_Re4StRes_T1_DSV/IMG_3377.JPG,4.0,7.265337944030762,7.514973163604736,0.24963541328907013,3.5149731636047363,3.2653379440307617,midpoint,46,single_rater_weak
2025_09_15_Re4StRes_T1_DSV/IMG_3378.JPG,plot_86355422f68667a79eb7,dsv_asendorf_t1_bbch11,/home/nfs/data/nvme_datasets/Pictures_CFSB_leaf_damage/2025_09_15_Re4StRes_T1_DSV/IMG_3378.JPG,2.0,1.9010682106018066,1.8851102590560913,-0.015957921743392944,0.11488974094390869,0.09893178939819336,midpoint,46,single_rater_weak
2025_09_15_Re4StRes_T1_DSV/IMG_3379.JPG,plot_b009f64014ddc2c9c1b4,dsv_asendorf_t1_bbch11,/home/nfs/data/nvme_datasets/Pictures_CFSB_leaf_damage/2025_09_15_Re4StRes_T1_DSV/IMG_3379.JPG,2.0,2.0613536834716797,2.0520923137664795,-0.00926135666668415,0.05209231376647949,0.06135368347167969,midpoint,46,single_rater_weak
2025_09_15_Re4StRes_T1_DSV/IMG_3380.JPG,plot_b009f64014ddc2c9c1b4,dsv_asendorf_t1_bbch11,/home/nfs/data/nvme_datasets/Pictures_CFSB_leaf_damage/2025_09_15_Re4StRes_T1_DSV/IMG_3380.JPG,8.0,10.123323440551758,10.213504791259766,0.09018102288246155,2.2135047912597656,2.123323440551758,midpoint,46,single_rater_weak
2025_09_15_Re4StRes_T1_DSV/IMG_3381.JPG,plot_b009f64014ddc2c9c1b4,dsv_asendorf_t1_bbch11,/home/nfs/data/nvme_datasets/Pictures_CFSB_leaf_damage/2025_09_15_Re4StRes_T1_DSV/IMG_3381.JPG,16.0,7.444121360778809,7.727437496185303,0.28331610560417175,8.272562026977539,8.555878639221191,midpoint,46,single_rater_weak
2025_09_15_Re4StRes_T1_DSV/IMG_3382.JPG,plot_279dc3489f82ba55175e,dsv_asendorf_t1_bbch11,/home/nfs/data/nvme_datasets/Pictures_CFSB_leaf_damage/2025_09_15_Re4StRes_T1_DSV/IMG_3382.JPG,9.0,7.750909805297852,8.014942169189453,0.26403188705444336,0.9850578308105469,1.2490901947021484,midpoint,46,single_rater_weak
2025_09_15_Re4StRes_T1_DSV/IMG_3383.JPG,plot_279dc3489f82ba55175e,dsv_asendorf_t1_bbch11,/home/nfs/data/nvme_datasets/Pictures_CFSB_leaf_damage/2025_09_15_Re4StRes_T1_DSV/IMG_3383.JPG,3.0,4.522320747375488,4.4519195556640625,-0.07040106505155563,1.4519195556640625,1.5223207473754883,midpoint,46,single_rater_weak
2025_09_15_Re4StRes_T1_DSV/IMG_3384.JPG,plot_279dc3489f82ba55175e,dsv_asendorf_t1_bbch11,/home/nfs/data/nvme_datasets/Pictures_CFSB_leaf_damage/2025_09_15_Re4StRes_T1_DSV/IMG_3384.JPG,6.0,1.9078645706176758,1.7191888093948364,-0.18867579102516174,4.280811309814453,4.092135429382324,midpoint,46,single_rater_weak
2025_09_15_Re4StRes_T1_DSV/IMG_3385.JPG,plot_2b26b904941899e2c243,dsv_asendorf_t1_bbch11,/home/nfs/data/nvme_datasets/Pictures_CFSB_leaf_damage/2025_09_15_Re4StRes_T1_DSV/IMG_3385.JPG,4.0,4.315256118774414,4.814960479736328,0.4997042417526245,0.8149604797363281,0.31525611877441406,midpoint,46,single_rater_weak
2025_09_15_Re4StRes_T1_DSV/IMG_3386.JPG,plot_2b26b904941899e2c243,dsv_asendorf_t1_bbch11,/home/nfs/data/nvme_datasets/Pictures_CFSB_leaf_damage/2025_09_15_Re4StRes_T1_DSV/IMG_3386.JPG,2.0,6.370690822601318,6.361574172973633,-0.009116807021200657,4.361574172973633,4.370690822601318,midpoint,46,single_rater_weak
2025_09_15_Re4StRes_T1_DSV/IMG_3387.JPG,plot_2b26b904941899e2c243,dsv_asendorf_t1_bbch11,/home/nfs/data/nvme_datasets/Pictures_CFSB_leaf_damage/2025_09_15_Re4StRes_T1_DSV/IMG_3387.JPG,5.0,5.703219413757324,5.6553802490234375,-0.0478389635682106,0.6553802490234375,0.7032194137573242,midpoint,46,single_rater_weak
2025_09_15_Re4StRes_T1_DSV/IMG_3388.JPG,plot_8f5dc92512cf0eb95f7a,dsv_asendorf_t1_bbch11,/home/nfs/data/nvme_datasets/Pictures_CFSB_leaf_damage/2025_09_15_Re4StRes_T1_DSV/IMG_3388.JPG,4.0,6.377146244049072,6.06240177154541,-0.3147447109222412,2.06240177154541,2.3771462440490723,midpoint,46,single_rater_weak
2025_09_15_Re4StRes_T1_DSV/IMG_3389.JPG,plot_8f5dc92512cf0eb95f7a,dsv_asendorf_t1_bbch11,/home/nfs/data/nvme_datasets/Pictures_CFSB_leaf_damage/2025_09_15_Re4StRes_T1_DSV/IMG_3389.JPG,9.0,7.853210926055908,7.5193705558776855,-0.33384019136428833,1.4806294441223145,1.1467890739440918,midpoint,46,single_rater_weak
2025_09_15_Re4StRes_T1_DSV/IMG_3390.JPG,plot_8f5dc92512cf0eb95f7a,dsv_asendorf_t1_bbch11,/home/nfs/data/nvme_datasets/Pictures_CFSB_leaf_damage/2025_09_15_Re4StRes_T1_DSV/IMG_3390.JPG,3.0,5.425729274749756,5.423457145690918,-0.0022719588596373796,2.423457145690918,2.425729274749756,midpoint,46,single_rater_weak
2025_09_15_Re4StRes_T1_DSV/IMG_3391.JPG,plot_11fb60acd8f186a903c5,dsv_asendorf_t1_bbch11,/home/nfs/data/nvme_datasets/Pictures_CFSB_leaf_damage/2025_09_15_Re4StRes_T1_DSV/IMG_3391.JPG,5.0,3.3620665073394775,3.2353718280792236,-0.12669461965560913,1.7646281719207764,1.6379334926605225,midpoint,46,single_rater_weak
2025_09_15_Re4StRes_T1_DSV/IMG_3392.JPG,plot_11fb60acd8f186a903c5,dsv_asendorf_t1_bbch11,/home/nfs/data/nvme_datasets/Pictures_CFSB_leaf_damage/2025_09_15_Re4StRes_T1_DSV/IMG_3392.JPG,2.0,1.3681716918945312,1.3545242547988892,-0.013647452928125858,0.6454757452011108,0.6318283081054688,midpoint,46,single_rater_weak
2025_09_15_Re4StRes_T1_DSV/IMG_3393.JPG,plot_11fb60acd8f186a903c5,dsv_asendorf_t1_bbch11,/home/nfs/data/nvme_datasets/Pictures_CFSB_leaf_damage/2025_09_15_Re4StRes_T1_DSV/IMG_3393.JPG,2.0,4.379054069519043,4.085229873657227,-0.29382434487342834,2.0852298736572266,2.379054069519043,midpoint,46,single_rater_weak
2025_09_15_Re4StRes_T1_DSV/IMG_3394.JPG,plot_da39b0333859bfc5f57c,dsv_asendorf_t1_bbch11,/home/nfs/data/nvme_datasets/Pictures_CFSB_leaf_damage/2025_09_15_Re4StRes_T1_DSV/IMG_3394.JPG,2.0,2.187556743621826,1.5155107975006104,-0.6720459461212158,0.48448920249938965,0.18755674362182617,midpoint,46,single_rater_weak
2025_09_15_Re4StRes_T1_DSV/IMG_3395.JPG,plot_da39b0333859bfc5f57c,dsv_asendorf_t1_bbch11,/home/nfs/data/nvme_datasets/Pictures_CFSB_leaf_damage/2025_09_15_Re4StRes_T1_DSV/IMG_3395.JPG,2.0,2.5866527557373047,2.1657912731170654,-0.4208615720272064,0.16579127311706543,0.5866527557373047,midpoint,46,single_rater_weak
2025_09_15_Re4StRes_T1_DSV/IMG_3396.JPG,plot_da39b0333859bfc5f57c,dsv_asendorf_t1_bbch11,/home/nfs/data/nvme_datasets/Pictures_CFSB_leaf_damage/2025_09_15_Re4StRes_T1_DSV/IMG_3396.JPG,3.0,0.6142988204956055,0.31282833218574524,-0.30147048830986023,2.687171697616577,2.3857011795043945,midpoint,46,single_rater_weak
2025_09_15_Re4StRes_T1_DSV/IMG_3398.JPG,plot_943a936db43f424a9be4,dsv_asendorf_t1_bbch11,/home/nfs/data/nvme_datasets/Pictures_CFSB_leaf_damage/2025_09_15_Re4StRes_T1_DSV/IMG_3398.JPG,6.0,3.0443944931030273,2.8794569969177246,-0.16493754088878632,3.1205430030822754,2.9556055068969727,midpoint,46,single_rater_weak
2025_09_15_Re4StRes_T1_DSV/IMG_3399.JPG,plot_943a936db43f424a9be4,dsv_asendorf_t1_bbch11,/home/nfs/data/nvme_datasets/Pictures_CFSB_leaf_damage/2025_09_15_Re4StRes_T1_DSV/IMG_3399.JPG,3.0,2.730679512023926,2.2904748916625977,-0.4402047395706177,0.7095251083374023,0.2693204879760742,midpoint,46,single_rater_weak
2025_09_15_Re4StRes_T1_DSV/IMG_3400.JPG,plot_943a936db43f424a9be4,dsv_asendorf_t1_bbch11,/home/nfs/data/nvme_datasets/Pictures_CFSB_leaf_damage/2025_09_15_Re4StRes_T1_DSV/IMG_3400.JPG,2.0,2.622373104095459,2.438534736633301,-0.18383842706680298,0.4385347366333008,0.622373104095459,midpoint,46,single_rater_weak
2025_09_15_Re4StRes_T1_DSV/IMG_3401.JPG,plot_dcd59592fcea5eca7a8e,dsv_asendorf_t1_bbch11,/home/nfs/data/nvme_datasets/Pictures_CFSB_leaf_damage/2025_09_15_Re4StRes_T1_DSV/IMG_3401.JPG,7.0,1.4051480293273926,1.2553491592407227,-0.14979887008666992,5.744650840759277,5.594851970672607,midpoint,46,single_rater_weak
2025_09_15_Re4StRes_T1_DSV/IMG_3402.JPG,plot_dcd59592fcea5eca7a8e,dsv_asendorf_t1_bbch11,/home/nfs/data/nvme_datasets/Pictures_CFSB_leaf_damage/2025_09_15_Re4StRes_T1_DSV/IMG_3402.JPG,8.0,6.785821437835693,6.699643135070801,-0.08617851883172989,1.3003568649291992,1.2141785621643066,midpoint,46,single_rater_weak
2025_09_15_Re4StRes_T1_DSV/IMG_3403.JPG,plot_dcd59592fcea5eca7a8e,dsv_asendorf_t1_bbch11,/home/nfs/data/nvme_datasets/Pictures_CFSB_leaf_damage/2025_09_15_Re4StRes_T1_DSV/IMG_3403.JPG,5.0,3.4613468647003174,3.1654815673828125,-0.2958652675151825,1.8345184326171875,1.5386531352996826,midpoint,46,single_rater_weak
2025_09_15_Re4StRes_T1_DSV/IMG_3404.JPG,plot_b9325e65ceef18b62385,dsv_asendorf_t1_bbch11,/home/nfs/data/nvme_datasets/Pictures_CFSB_leaf_damage/2025_09_15_Re4StRes_T1_DSV/IMG_3404.JPG,2.0,2.149081230163574,1.8339219093322754,-0.31515932083129883,0.1660780906677246,0.14908123016357422,midpoint,46,single_rater_weak
2025_09_15_Re4StRes_T1_DSV/IMG_3405.JPG,plot_b9325e65ceef18b62385,dsv_asendorf_t1_bbch11,/home/nfs/data/nvme_datasets/Pictures_CFSB_leaf_damage/2025_09_15_Re4StRes_T1_DSV/IMG_3405.JPG,3.0,1.974565029144287,1.564132809638977,-0.41043224930763245,1.435867190361023,1.025434970855713,midpoint,46,single_rater_weak
2025_09_15_Re4StRes_T1_DSV/IMG_3406.JPG,plot_b9325e65ceef18b62385,dsv_asendorf_t1_bbch11,/home/nfs/data/nvme_datasets/Pictures_CFSB_leaf_damage/2025_09_15_Re4StRes_T1_DSV/IMG_3406.JPG,2.0,2.358853816986084,2.0584053993225098,-0.30044835805892944,0.058405399322509766,0.358853816986084,midpoint,46,single_rater_weak
2025_09_15_Re4StRes_T1_DSV/IMG_3407.JPG,plot_e9b852a0cf347e4eb711,dsv_asendorf_t1_bbch11,/home/nfs/data/nvme_datasets/Pictures_CFSB_leaf_damage/2025_09_15_Re4StRes_T1_DSV/IMG_3407.JPG,3.0,2.352111339569092,1.9717442989349365,-0.38036710023880005,1.0282557010650635,0.6478886604309082,midpoint,46,single_rater_weak
2025_09_15_Re4StRes_T1_DSV/IMG_3408.JPG,plot_e9b852a0cf347e4eb711,dsv_asendorf_t1_bbch11,/home/nfs/data/nvme_datasets/Pictures_CFSB_leaf_damage/2025_09_15_Re4StRes_T1_DSV/IMG_3408.JPG,3.0,1.6288199424743652,1.4397039413452148,-0.18911606073379517,1.5602960586547852,1.3711800575256348,midpoint,46,single_rater_weak
2025_09_15_Re4StRes_T1_DSV/IMG_3409.JPG,plot_e9b852a0cf347e4eb711,dsv_asendorf_t1_bbch11,/home/nfs/data/nvme_datasets/Pictures_CFSB_leaf_damage/2025_09_15_Re4StRes_T1_DSV/IMG_3409.JPG,4.0,1.61350679397583,0.9919138550758362,-0.6215929388999939,3.0080862045288086,2.38649320602417,midpoint,46,single_rater_weak
2025_09_15_Re4StRes_T1_DSV/IMG_3410.JPG,plot_31d7aa1692e13f9b708b,dsv_asendorf_t1_bbch11,/home/nfs/data/nvme_datasets/Pictures_CFSB_leaf_damage/2025_09_15_Re4StRes_T1_DSV/IMG_3410.JPG,4.0,1.9136834144592285,1.6272907257080078,-0.2863927185535431,2.372709274291992,2.0863165855407715,midpoint,46,single_rater_weak
2025_09_15_Re4StRes_T1_DSV/IMG_3411.JPG,plot_31d7aa1692e13f9b708b,dsv_asendorf_t1_bbch11,/home/nfs/data/nvme_datasets/Pictures_CFSB_leaf_damage/2025_09_15_Re4StRes_T1_DSV/IMG_3411.JPG,9.0,1.9595694541931152,1.99385666847229,0.034287240356206894,7.006143569946289,7.040430545806885,midpoint,46,single_rater_weak
2025_09_15_Re4StRes_T1_DSV/IMG_3412.JPG,plot_31d7aa1692e13f9b708b,dsv_asendorf_t1_bbch11,/home/nfs/data/nvme_datasets/Pictures_CFSB_leaf_damage/2025_09_15_Re4StRes_T1_DSV/IMG_3412.JPG,4.0,1.9020442962646484,2.005134344100952,0.10308998823165894,1.9948656558990479,2.0979557037353516,midpoint,46,single_rater_weak
2025_09_15_Re4StRes_T1_DSV/IMG_3413.JPG,plot_7282ae44ee098094299d,dsv_asendorf_t1_bbch11,/home/nfs/data/nvme_datasets/Pictures_CFSB_leaf_damage/2025_09_15_Re4StRes_T1_DSV/IMG_3413.JPG,9.0,0.8649215698242188,0.47713226079940796,-0.3877893090248108,8.522868156433105,8.135078430175781,midpoint,46,single_rater_weak
2025_09_15_Re4StRes_T1_DSV/IMG_3414.JPG,plot_7282ae44ee098094299d,dsv_asendorf_t1_bbch11,/home/nfs/data/nvme_datasets/Pictures_CFSB_leaf_damage/2025_09_15_Re4StRes_T1_DSV/IMG_3414.JPG,4.0,1.7446765899658203,1.4466140270233154,-0.2980625033378601,2.5533859729766846,2.2553234100341797,midpoint,46,single_rater_weak
2025_09_15_Re4StRes_T1_DSV/IMG_3415.JPG,plot_7282ae44ee098094299d,dsv_asendorf_t1_bbch11,/home/nfs/data/nvme_datasets/Pictures_CFSB_leaf_damage/2025_09_15_Re4StRes_T1_DSV/IMG_3415.JPG,3.0,4.654205322265625,4.551690101623535,-0.1025153324007988,1.5516901016235352,1.654205322265625,midpoint,46,single_rater_weak
2025_09_15_Re4StRes_T1_DSV/IMG_3416.JPG,plot_c8f9459b4263e9523ccc,dsv_asendorf_t1_bbch11,/home/nfs/data/nvme_datasets/Pictures_CFSB_leaf_damage/2025_09_15_Re4StRes_T1_DSV/IMG_3416.JPG,3.0,1.6381072998046875,1.201770305633545,-0.43633705377578735,1.798229694366455,1.3618927001953125,midpoint,46,single_rater_weak
2025_09_15_Re4StRes_T1_DSV/IMG_3417.JPG,plot_c8f9459b4263e9523ccc,dsv_asendorf_t1_bbch11,/home/nfs/data/nvme_datasets/Pictures_CFSB_leaf_damage/2025_09_15_Re4StRes_T1_DSV/IMG_3417.JPG,2.0,2.790346145629883,2.326575756072998,-0.4637705087661743,0.32657575607299805,0.7903461456298828,midpoint,46,single_rater_weak
2025_09_15_Re4StRes_T1_DSV/IMG_3418.JPG,plot_c8f9459b4263e9523ccc,dsv_asendorf_t1_bbch11,/home/nfs/data/nvme_datasets/Pictures_CFSB_leaf_damage/2025_09_15_Re4StRes_T1_DSV/IMG_3418.JPG,3.0,2.098210334777832,1.5875508785247803,-0.5106594562530518,1.4124491214752197,0.901789665222168,midpoint,46,single_rater_weak
2025_09_15_Re4StRes_T1_DSV/IMG_3419.JPG,plot_cb5e43daf6b8fbb2933c,dsv_asendorf_t1_bbch11,/home/nfs/data/nvme_datasets/Pictures_CFSB_leaf_damage/2025_09_15_Re4StRes_T1_DSV/IMG_3419.JPG,6.0,3.8378007411956787,3.5905685424804688,-0.24723222851753235,2.4094314575195312,2.1621992588043213,midpoint,46,single_rater_weak
2025_09_15_Re4StRes_T1_DSV/IMG_3420.JPG,plot_cb5e43daf6b8fbb2933c,dsv_asendorf_t1_bbch11,/home/nfs/data/nvme_datasets/Pictures_CFSB_leaf_damage/2025_09_15_Re4StRes_T1_DSV/IMG_3420.JPG,2.0,0.6802058219909668,0.4160030484199524,-0.2642027735710144,1.5839970111846924,1.3197941780090332,midpoint,46,single_rater_weak
2025_09_15_Re4StRes_T1_DSV/IMG_3421.JPG,plot_cb5e43daf6b8fbb2933c,dsv_asendorf_t1_bbch11,/home/nfs/data/nvme_datasets/Pictures_CFSB_leaf_damage/2025_09_15_Re4StRes_T1_DSV/IMG_3421.JPG,2.0,2.2069172859191895,1.9244403839111328,-0.28247687220573425,0.07555961608886719,0.20691728591918945,midpoint,46,single_rater_weak
2025_09_15_Re4StRes_T1_DSV/IMG_3423.JPG,plot_a9c9691c0e46d0afbf99,dsv_asendorf_t1_bbch11,/home/nfs/data/nvme_datasets/Pictures_CFSB_leaf_damage/2025_09_15_Re4StRes_T1_DSV/IMG_3423.JPG,4.0,10.30391788482666,10.506757736206055,0.20284020900726318,6.506757736206055,6.30391788482666,midpoint,46,single_rater_weak
2025_09_15_Re4StRes_T1_DSV/IMG_3424.JPG,plot_a9c9691c0e46d0afbf99,dsv_asendorf_t1_bbch11,/home/nfs/data/nvme_datasets/Pictures_CFSB_leaf_damage/2025_09_15_Re4StRes_T1_DSV/IMG_3424.JPG,3.0,3.462289333343506,3.4729130268096924,0.010623601265251637,0.4729130268096924,0.46228933334350586,midpoint,46,single_rater_weak
2025_09_15_Re4StRes_T1_DSV/IMG_3425.JPG,plot_a9c9691c0e46d0afbf99,dsv_asendorf_t1_bbch11,/home/nfs/data/nvme_datasets/Pictures_CFSB_leaf_damage/2025_09_15_Re4StRes_T1_DSV/IMG_3425.JPG,3.0,4.880382537841797,4.656223773956299,-0.22415855526924133,1.6562237739562988,1.8803825378417969,midpoint,46,single_rater_weak
2025_09_15_Re4StRes_T1_DSV/IMG_3426.JPG,plot_69209fd4a197caaab33b,dsv_asendorf_t1_bbch11,/home/nfs/data/nvme_datasets/Pictures_CFSB_leaf_damage/2025_09_15_Re4StRes_T1_DSV/IMG_3426.JPG,2.0,2.206768035888672,1.7610543966293335,-0.4457136392593384,0.2389456033706665,0.20676803588867188,midpoint,46,single_rater_weak
2025_09_15_Re4StRes_T1_DSV/IMG_3427.JPG,plot_69209fd4a197caaab33b,dsv_asendorf_t1_bbch11,/home/nfs/data/nvme_datasets/Pictures_CFSB_leaf_damage/2025_09_15_Re4StRes_T1_DSV/IMG_3427.JPG,4.0,7.114322185516357,6.910207748413086,-0.204114630818367,2.910207748413086,3.1143221855163574,midpoint,46,single_rater_weak
2025_09_15_Re4StRes_T1_DSV/IMG_3428.JPG,plot_69209fd4a197caaab33b,dsv_asendorf_t1_bbch11,/home/nfs/data/nvme_datasets/Pictures_CFSB_leaf_damage/2025_09_15_Re4StRes_T1_DSV/IMG_3428.JPG,2.0,2.6780824661254883,2.186433792114258,-0.49164876341819763,0.1864337921142578,0.6780824661254883,midpoint,46,single_rater_weak
2025_09_15_Re4StRes_T1_DSV/IMG_3429.JPG,plot_18d279bc106253cd1c9d,dsv_asendorf_t1_bbch11,/home/nfs/data/nvme_datasets/Pictures_CFSB_leaf_damage/2025_09_15_Re4StRes_T1_DSV/IMG_3429.JPG,3.0,2.483220100402832,2.2323381900787354,-0.25088196992874146,0.7676618099212646,0.516779899597168,midpoint,46,single_rater_weak
2025_09_15_Re4StRes_T1_DSV/IMG_3430.JPG,plot_18d279bc106253cd1c9d,dsv_asendorf_t1_bbch11,/home/nfs/data/nvme_datasets/Pictures_CFSB_leaf_damage/2025_09_15_Re4StRes_T1_DSV/IMG_3430.JPG,2.0,1.6762213706970215,1.3144861459732056,-0.3617352247238159,0.6855138540267944,0.3237786293029785,midpoint,46,single_rater_weak
2025_09_15_Re4StRes_T1_DSV/IMG_3431.JPG,plot_18d279bc106253cd1c9d,dsv_asendorf_t1_bbch11,/home/nfs/data/nvme_datasets/Pictures_CFSB_leaf_damage/2025_09_15_Re4StRes_T1_DSV/IMG_3431.JPG,2.0,1.6471920013427734,1.5620869398117065,-0.0851050466299057,0.43791306018829346,0.35280799865722656,midpoint,46,single_rater_weak
2025_09_15_Re4StRes_T1_DSV/IMG_3432.JPG,plot_ccacdc4234f806957f66,dsv_asendorf_t1_bbch11,/home/nfs/data/nvme_datasets/Pictures_CFSB_leaf_damage/2025_09_15_Re4StRes_T1_DSV/IMG_3432.JPG,4.0,2.0693888664245605,1.8015645742416382,-0.26782429218292236,2.1984353065490723,1.9306111335754395,midpoint,46,single_rater_weak
2025_09_15_Re4StRes_T1_DSV/IMG_3433.JPG,plot_ccacdc4234f806957f66,dsv_asendorf_t1_bbch11,/home/nfs/data/nvme_datasets/Pictures_CFSB_leaf_damage/2025_09_15_Re4StRes_T1_DSV/IMG_3433.JPG,3.0,3.559316396713257,3.01308536529541,-0.5462309122085571,0.013085365295410156,0.5593163967132568,midpoint,46,single_rater_weak
2025_09_15_Re4StRes_T1_DSV/IMG_3434.JPG,plot_ccacdc4234f806957f66,dsv_asendorf_t1_bbch11,/home/nfs/data/nvme_datasets/Pictures_CFSB_leaf_damage/2025_09_15_Re4StRes_T1_DSV/IMG_3434.JPG,6.0,3.477123260498047,3.5791492462158203,0.10202600806951523,2.4208507537841797,2.522876739501953,midpoint,46,single_rater_weak
2025_09_15_Re4StRes_T1_DSV/IMG_3435.JPG,plot_4af0822cb67388a1aa56,dsv_asendorf_t1_bbch11,/home/nfs/data/nvme_datasets/Pictures_CFSB_leaf_damage/2025_09_15_Re4StRes_T1_DSV/IMG_3435.JPG,6.0,1.9636359214782715,1.5263440608978271,-0.4372918903827667,4.473655700683594,4.0363640785217285,midpoint,46,single_rater_weak
2025_09_15_Re4StRes_T1_DSV/IMG_3436.JPG,plot_4af0822cb67388a1aa56,dsv_asendorf_t1_bbch11,/home/nfs/data/nvme_datasets/Pictures_CFSB_leaf_damage/2025_09_15_Re4StRes_T1_DSV/IMG_3436.JPG,4.0,2.0665783882141113,1.5690525770187378,-0.49752581119537354,2.4309473037719727,1.9334216117858887,midpoint,46,single_rater_weak
2025_09_15_Re4StRes_T1_DSV/IMG_3437.JPG,plot_4af0822cb67388a1aa56,dsv_asendorf_t1_bbch11,/home/nfs/data/nvme_datasets/Pictures_CFSB_leaf_damage/2025_09_15_Re4StRes_T1_DSV/IMG_3437.JPG,2.0,1.5529451370239258,0.959285318851471,-0.5936598181724548,1.0407147407531738,0.4470548629760742,midpoint,46,single_rater_weak
2025_09_15_Re4StRes_T1_DSV/IMG_3438.JPG,plot_0683f47dd1c11c0ce769,dsv_asendorf_t1_bbch11,/home/nfs/data/nvme_datasets/Pictures_CFSB_leaf_damage/2025_09_15_Re4StRes_T1_DSV/IMG_3438.JPG,12.0,3.5578291416168213,3.5332818031311035,-0.02454731985926628,8.466718673706055,8.442171096801758,midpoint,46,single_rater_weak
2025_09_15_Re4StRes_T1_DSV/IMG_3439.JPG,plot_0683f47dd1c11c0ce769,dsv_asendorf_t1_bbch11,/home/nfs/data/nvme_datasets/Pictures_CFSB_leaf_damage/2025_09_15_Re4StRes_T1_DSV/IMG_3439.JPG,3.0,2.1883296966552734,1.9474126100540161,-0.24091705679893494,1.0525873899459839,0.8116703033447266,midpoint,46,single_rater_weak
2025_09_15_Re4StRes_T1_DSV/IMG_3440.JPG,plot_0683f47dd1c11c0ce769,dsv_asendorf_t1_bbch11,/home/nfs/data/nvme_datasets/Pictures_CFSB_leaf_damage/2025_09_15_Re4StRes_T1_DSV/IMG_3440.JPG,3.0,2.4092164039611816,2.3411903381347656,-0.06802615523338318,0.6588096618652344,0.5907835960388184,midpoint,46,single_rater_weak
2025_09_15_Re4StRes_T1_DSV/IMG_3441.JPG,plot_00a1f727b2710f3f49a2,dsv_asendorf_t1_bbch11,/home/nfs/data/nvme_datasets/Pictures_CFSB_leaf_damage/2025_09_15_Re4StRes_T1_DSV/IMG_3441.JPG,2.0,2.3213443756103516,2.1836230754852295,-0.1377212554216385,0.1836230754852295,0.32134437561035156,midpoint,46,single_rater_weak
2025_09_15_Re4StRes_T1_DSV/IMG_3442.JPG,plot_00a1f727b2710f3f49a2,dsv_asendorf_t1_bbch11,/home/nfs/data/nvme_datasets/Pictures_CFSB_leaf_damage/2025_09_15_Re4StRes_T1_DSV/IMG_3442.JPG,6.0,2.084308624267578,1.9689314365386963,-0.11537712812423706,4.031068801879883,3.915691375732422,midpoint,46,single_rater_weak
2025_09_15_Re4StRes_T1_DSV/IMG_3443.JPG,plot_00a1f727b2710f3f49a2,dsv_asendorf_t1_bbch11,/home/nfs/data/nvme_datasets/Pictures_CFSB_leaf_damage/2025_09_15_Re4StRes_T1_DSV/IMG_3443.JPG,2.0,1.488431453704834,1.0049126148223877,-0.4835188686847687,0.9950873851776123,0.511568546295166,midpoint,46,single_rater_weak
2025_09_15_Re4StRes_T1_DSV/IMG_3444.JPG,plot_880523c6ba0634076207,dsv_asendorf_t1_bbch11,/home/nfs/data/nvme_datasets/Pictures_CFSB_leaf_damage/2025_09_15_Re4StRes_T1_DSV/IMG_3444.JPG,6.0,6.257329940795898,6.188214302062988,-0.06911567598581314,0.18821430206298828,0.25732994079589844,midpoint,46,single_rater_weak
2025_09_15_Re4StRes_T1_DSV/IMG_3445.JPG,plot_880523c6ba0634076207,dsv_asendorf_t1_bbch11,/home/nfs/data/nvme_datasets/Pictures_CFSB_leaf_damage/2025_09_15_Re4StRes_T1_DSV/IMG_3445.JPG,2.0,3.89266037940979,4.078378200531006,0.18571767210960388,2.078378200531006,1.89266037940979,midpoint,46,single_rater_weak
2025_09_15_Re4StRes_T1_DSV/IMG_3447.JPG,plot_880523c6ba0634076207,dsv_asendorf_t1_bbch11,/home/nfs/data/nvme_datasets/Pictures_CFSB_leaf_damage/2025_09_15_Re4StRes_T1_DSV/IMG_3447.JPG,3.0,7.997313976287842,7.951148509979248,-0.04616529494524002,4.951148509979248,4.997313976287842,midpoint,46,single_rater_weak
2025_09_15_Re4StRes_T1_DSV/IMG_3448.JPG,plot_a4ef3fe093cfc9f1b569,dsv_asendorf_t1_bbch11,/home/nfs/data/nvme_datasets/Pictures_CFSB_leaf_damage/2025_09_15_Re4StRes_T1_DSV/IMG_3448.JPG,7.0,2.43214750289917,2.1801795959472656,-0.2519678473472595,4.819820404052734,4.56785249710083,midpoint,46,single_rater_weak
2025_09_15_Re4StRes_T1_DSV/IMG_3449.JPG,plot_a4ef3fe093cfc9f1b569,dsv_asendorf_t1_bbch11,/home/nfs/data/nvme_datasets/Pictures_CFSB_leaf_damage/2025_09_15_Re4StRes_T1_DSV/IMG_3449.JPG,11.0,3.7094297409057617,3.3684144020080566,-0.3410152792930603,7.631585597991943,7.290570259094238,midpoint,46,single_rater_weak
2025_09_15_Re4StRes_T1_DSV/IMG_3450.JPG,plot_a4ef3fe093cfc9f1b569,dsv_asendorf_t1_bbch11,/home/nfs/data/nvme_datasets/Pictures_CFSB_leaf_damage/2025_09_15_Re4StRes_T1_DSV/IMG_3450.JPG,3.0,9.346039772033691,9.253605842590332,-0.09243360161781311,6.253605842590332,6.346039772033691,midpoint,46,single_rater_weak
2025_09_15_Re4StRes_T1_DSV/IMG_3451.JPG,plot_0eea5d50cd3b95d1da1e,dsv_asendorf_t1_bbch11,/home/nfs/data/nvme_datasets/Pictures_CFSB_leaf_damage/2025_09_15_Re4StRes_T1_DSV/IMG_3451.JPG,4.0,3.814026117324829,3.4718410968780518,-0.34218502044677734,0.5281589031219482,0.1859738826751709,midpoint,46,single_rater_weak
2025_09_15_Re4StRes_T1_DSV/IMG_3452.JPG,plot_0eea5d50cd3b95d1da1e,dsv_asendorf_t1_bbch11,/home/nfs/data/nvme_datasets/Pictures_CFSB_leaf_damage/2025_09_15_Re4StRes_T1_DSV/IMG_3452.JPG,1.0,3.0575222969055176,2.4275920391082764,-0.6299301981925964,1.4275920391082764,2.0575222969055176,midpoint,46,single_rater_weak
2025_09_15_Re4StRes_T1_DSV/IMG_3453.JPG,plot_0eea5d50cd3b95d1da1e,dsv_asendorf_t1_bbch11,/home/nfs/data/nvme_datasets/Pictures_CFSB_leaf_damage/2025_09_15_Re4StRes_T1_DSV/IMG_3453.JPG,4.0,1.3354287147521973,0.8364366292953491,-0.49899205565452576,3.1635632514953613,2.6645712852478027,midpoint,46,single_rater_weak
2025_09_15_Re4StRes_T1_DSV/IMG_3454.JPG,plot_26207204d59e6b292692,dsv_asendorf_t1_bbch11,/home/nfs/data/nvme_datasets/Pictures_CFSB_leaf_damage/2025_09_15_Re4StRes_T1_DSV/IMG_3454.JPG,1.0,2.3467960357666016,2.174893617630005,-0.1719023585319519,1.1748936176300049,1.3467960357666016,midpoint,46,single_rater_weak
2025_09_15_Re4StRes_T1_DSV/IMG_3455.JPG,plot_26207204d59e6b292692,dsv_asendorf_t1_bbch11,/home/nfs/data/nvme_datasets/Pictures_CFSB_leaf_damage/2025_09_15_Re4StRes_T1_DSV/IMG_3455.JPG,3.0,2.6755170822143555,2.096855401992798,-0.5786616802215576,0.9031445980072021,0.32448291778564453,midpoint,46,single_rater_weak
2025_09_15_Re4StRes_T1_DSV/IMG_3456.JPG,plot_26207204d59e6b292692,dsv_asendorf_t1_bbch11,/home/nfs/data/nvme_datasets/Pictures_CFSB_leaf_damage/2025_09_15_Re4StRes_T1_DSV/IMG_3456.JPG,2.0,1.0022993087768555,0.594111979007721,-0.4081873297691345,1.4058880805969238,0.9977006912231445,midpoint,46,single_rater_weak
