filename,plot_group_id,cohort_id,source_path,target,base_prediction,prediction,residual,absolute_error,base_absolute_error,arm,seed,label_quality
2025_10_07_RSFB-Phenotyping_WG1_JLU/2025_10_07_RSFB-Phenotyping_WG1_JLU/20251007_122629.jpg,plot_f40cb1f676f8e783138c,wg_insects_t1_bbch10,/home/nfs/data/nvme_datasets/Pictures_CFSB_leaf_damage/2025_10_07_RSFB-Phenotyping_WG1_JLU/2025_10_07_RSFB-Phenotyping_WG1_JLU/20251007_122629.jpg,2.0,9.463201522827148,10.339482307434082,0.8762807846069336,8.339482307434082,7.463201522827148,rank,42,single_rater_weak
2025_10_07_RSFB-Phenotyping_WG1_JLU/2025_10_07_RSFB-Phenotyping_WG1_JLU/20251007_122640.jpg,plot_f40cb1f676f8e783138c,wg_insects_t1_bbch10,/home/nfs/data/nvme_datasets/Pictures_CFSB_leaf_damage/2025_10_07_RSFB-Phenotyping_WG1_JLU/2025_10_07_RSFB-Phenotyping_WG1_JLU/20251007_122640.jpg,1.0,8.582976341247559,8.978975296020508,0.3959987759590149,7.978975296020508,7.582976341247559,rank,42,single_rater_weak
2025_10_07_RSFB-Phenotyping_WG1_JLU/2025_10_07_RSFB-Phenotyping_WG1_JLU/20251007_122700.jpg,plot_f40cb1f676f8e783138c,wg_insects_t1_bbch10,/home/nfs/data/nvme_datasets/Pictures_CFSB_leaf_damage/2025_10_07_RSFB-Phenotyping_WG1_JLU/2025_10_07_RSFB-Phenotyping_WG1_JLU/20251007_122700.jpg,1.0,7.462533950805664,7.855862140655518,0.3933280110359192,6.855862140655518,6.462533950805664,rank,42,single_rater_weak
2025_10_07_RSFB-Phenotyping_WG1_JLU/2025_10_07_RSFB-Phenotyping_WG1_JLU/20251007_122749.jpg,plot_40ad64adc4707d38372d,wg_insects_t1_bbch10,/home/nfs/data/nvme_datasets/Pictures_CFSB_leaf_damage/2025_10_07_RSFB-Phenotyping_WG1_JLU/2025_10_07_RSFB-Phenotyping_WG1_JLU/20251007_122749.jpg,1.0,3.9573452472686768,4.002049446105957,0.04470424726605415,3.002049446105957,2.9573452472686768,rank,42,single_rater_weak
2025_10_07_RSFB-Phenotyping_WG1_JLU/2025_10_07_RSFB-Phenotyping_WG1_JLU/20251007_122806.jpg,plot_40ad64adc4707d38372d,wg_insects_t1_bbch10,/home/nfs/data/nvme_datasets/Pictures_CFSB_leaf_damage/2025_10_07_RSFB-Phenotyping_WG1_JLU/2025_10_07_RSFB-Phenotyping_WG1_JLU/20251007_122806.jpg,1.0,4.941876411437988,5.07569694519043,0.13382039964199066,4.07569694519043,3.9418764114379883,rank,42,single_rater_weak
2025_10_07_RSFB-Phenotyping_WG1_JLU/2025_10_07_RSFB-Phenotyping_WG1_JLU/20251007_122816.jpg,plot_40ad64adc4707d38372d,wg_insects_t1_bbch10,/home/nfs/data/nvme_datasets/Pictures_CFSB_leaf_damage/2025_10_07_RSFB-Phenotyping_WG1_JLU/2025_10_07_RSFB-Phenotyping_WG1_JLU/20251007_122816.jpg,1.0,4.886032581329346,5.163969039916992,0.2779366970062256,4.163969039916992,3.8860325813293457,rank,42,single_rater_weak
2025_10_07_RSFB-Phenotyping_WG1_JLU/2025_10_07_RSFB-Phenotyping_WG1_JLU/20251007_122850.jpg,plot_5d8c28537e9ed8edc276,wg_insects_t1_bbch10,/home/nfs/data/nvme_datasets/Pictures_CFSB_leaf_damage/2025_10_07_RSFB-Phenotyping_WG1_JLU/2025_10_07_RSFB-Phenotyping_WG1_JLU/20251007_122850.jpg,1.0,9.546195983886719,10.405466079711914,0.8592697978019714,9.405466079711914,8.546195983886719,rank,42,single_rater_weak
2025_10_07_RSFB-Phenotyping_WG1_JLU/2025_10_07_RSFB-Phenotyping_WG1_JLU/20251007_122901.jpg,plot_5d8c28537e9ed8edc276,wg_insects_t1_bbch10,/home/nfs/data/nvme_datasets/Pictures_CFSB_leaf_damage/2025_10_07_RSFB-Phenotyping_WG1_JLU/2025_10_07_RSFB-Phenotyping_WG1_JLU/20251007_122901.jpg,1.0,4.711386680603027,5.270131587982178,0.5587450265884399,4.270131587982178,3.7113866806030273,rank,42,single_rater_weak
2025_10_07_RSFB-Phenotyping_WG1_JLU/2025_10_07_RSFB-Phenotyping_WG1_JLU/20251007_122909.jpg,plot_5d8c28537e9ed8edc276,wg_insects_t1_bbch10,/home/nfs/data/nvme_datasets/Pictures_CFSB_leaf_damage/2025_10_07_RSFB-Phenotyping_WG1_JLU/2025_10_07_RSFB-Phenotyping_WG1_JLU/20251007_122909.jpg,1.0,3.7766835689544678,3.9154345989227295,0.1387510895729065,2.9154345989227295,2.7766835689544678,rank,42,single_rater_weak
2025_10_07_RSFB-Phenotyping_WG1_JLU/2025_10_07_RSFB-Phenotyping_WG1_JLU/20251007_122945.jpg,plot_bd0a7566e5e86586893c,wg_insects_t1_bbch10,/home/nfs/data/nvme_datasets/Pictures_CFSB_leaf_damage/2025_10_07_RSFB-Phenotyping_WG1_JLU/2025_10_07_RSFB-Phenotyping_WG1_JLU/20251007_122945.jpg,3.0,8.110058784484863,8.352428436279297,0.24236994981765747,5.352428436279297,5.110058784484863,rank,42,single_rater_weak
2025_10_07_RSFB-Phenotyping_WG1_JLU/2025_10_07_RSFB-Phenotyping_WG1_JLU/20251007_122956.jpg,plot_bd0a7566e5e86586893c,wg_insects_t1_bbch10,/home/nfs/data/nvme_datasets/Pictures_CFSB_leaf_damage/2025_10_07_RSFB-Phenotyping_WG1_JLU/2025_10_07_RSFB-Phenotyping_WG1_JLU/20251007_122956.jpg,2.0,5.406789779663086,5.728803634643555,0.322013795375824,3.7288036346435547,3.406789779663086,rank,42,single_rater_weak
2025_10_07_RSFB-Phenotyping_WG1_JLU/2025_10_07_RSFB-Phenotyping_WG1_JLU/20251007_123006.jpg,plot_bd0a7566e5e86586893c,wg_insects_t1_bbch10,/home/nfs/data/nvme_datasets/Pictures_CFSB_leaf_damage/2025_10_07_RSFB-Phenotyping_WG1_JLU/2025_10_07_RSFB-Phenotyping_WG1_JLU/20251007_123006.jpg,2.0,3.756744623184204,3.595168352127075,-0.16157618165016174,1.5951683521270752,1.756744623184204,rank,42,single_rater_weak
2025_10_07_RSFB-Phenotyping_WG1_JLU/2025_10_07_RSFB-Phenotyping_WG1_JLU/20251007_123042.jpg,plot_826c6bb776afe3a3aa1a,wg_insects_t1_bbch10,/home/nfs/data/nvme_datasets/Pictures_CFSB_leaf_damage/2025_10_07_RSFB-Phenotyping_WG1_JLU/2025_10_07_RSFB-Phenotyping_WG1_JLU/20251007_123042.jpg,12.0,4.047458648681641,4.76554012298584,0.7180813550949097,7.23445987701416,7.952541351318359,rank,42,single_rater_weak
2025_10_07_RSFB-Phenotyping_WG1_JLU/2025_10_07_RSFB-Phenotyping_WG1_JLU/20251007_123053.jpg,plot_826c6bb776afe3a3aa1a,wg_insects_t1_bbch10,/home/nfs/data/nvme_datasets/Pictures_CFSB_leaf_damage/2025_10_07_RSFB-Phenotyping_WG1_JLU/2025_10_07_RSFB-Phenotyping_WG1_JLU/20251007_123053.jpg,3.0,5.040009498596191,6.003462791442871,0.9634531736373901,3.003462791442871,2.0400094985961914,rank,42,single_rater_weak
2025_10_07_RSFB-Phenotyping_WG1_JLU/2025_10_07_RSFB-Phenotyping_WG1_JLU/20251007_123103.jpg,plot_826c6bb776afe3a3aa1a,wg_insects_t1_bbch10,/home/nfs/data/nvme_datasets/Pictures_CFSB_leaf_damage/2025_10_07_RSFB-Phenotyping_WG1_JLU/2025_10_07_RSFB-Phenotyping_WG1_JLU/20251007_123103.jpg,2.0,3.7741336822509766,4.737887859344482,0.9637542963027954,2.7378878593444824,1.7741336822509766,rank,42,single_rater_weak
2025_10_07_RSFB-Phenotyping_WG1_JLU/2025_10_07_RSFB-Phenotyping_WG1_JLU/20251007_123132.jpg,plot_8f57ef6ca5343df62792,wg_insects_t1_bbch10,/home/nfs/data/nvme_datasets/Pictures_CFSB_leaf_damage/2025_10_07_RSFB-Phenotyping_WG1_JLU/2025_10_07_RSFB-Phenotyping_WG1_JLU/20251007_123132.jpg,3.0,3.4400110244750977,3.6336679458618164,0.19365684688091278,0.6336679458618164,0.44001102447509766,rank,42,single_rater_weak
2025_10_07_RSFB-Phenotyping_WG1_JLU/2025_10_07_RSFB-Phenotyping_WG1_JLU/20251007_123140.jpg,plot_8f57ef6ca5343df62792,wg_insects_t1_bbch10,/home/nfs/data/nvme_datasets/Pictures_CFSB_leaf_damage/2025_10_07_RSFB-Phenotyping_WG1_JLU/2025_10_07_RSFB-Phenotyping_WG1_JLU/20251007_123140.jpg,3.0,3.3102731704711914,3.344536781311035,0.034263599663972855,0.34453678131103516,0.3102731704711914,rank,42,single_rater_weak
2025_10_07_RSFB-Phenotyping_WG1_JLU/2025_10_07_RSFB-Phenotyping_WG1_JLU/20251007_123150.jpg,plot_8f57ef6ca5343df62792,wg_insects_t1_bbch10,/home/nfs/data/nvme_datasets/Pictures_CFSB_leaf_damage/2025_10_07_RSFB-Phenotyping_WG1_JLU/2025_10_07_RSFB-Phenotyping_WG1_JLU/20251007_123150.jpg,2.0,2.7717647552490234,3.0593621730804443,0.2875973582267761,1.0593621730804443,0.7717647552490234,rank,42,single_rater_weak
2025_10_07_RSFB-Phenotyping_WG1_JLU/2025_10_07_RSFB-Phenotyping_WG1_JLU/20251007_123236.jpg,plot_cc93e237486bf58ced80,wg_insects_t1_bbch10,/home/nfs/data/nvme_datasets/Pictures_CFSB_leaf_damage/2025_10_07_RSFB-Phenotyping_WG1_JLU/2025_10_07_RSFB-Phenotyping_WG1_JLU/20251007_123236.jpg,10.0,5.070975303649902,5.37170934677124,0.3007340431213379,4.62829065322876,4.929024696350098,rank,42,single_rater_weak
2025_10_07_RSFB-Phenotyping_WG1_JLU/2025_10_07_RSFB-Phenotyping_WG1_JLU/20251007_123243.jpg,plot_cc93e237486bf58ced80,wg_insects_t1_bbch10,/home/nfs/data/nvme_datasets/Pictures_CFSB_leaf_damage/2025_10_07_RSFB-Phenotyping_WG1_JLU/2025_10_07_RSFB-Phenotyping_WG1_JLU/20251007_123243.jpg,25.0,3.971484899520874,4.314404487609863,0.34291958808898926,20.685596466064453,21.028514862060547,rank,42,single_rater_weak
2025_10_07_RSFB-Phenotyping_WG1_JLU/2025_10_07_RSFB-Phenotyping_WG1_JLU/20251007_123255.jpg,plot_cc93e237486bf58ced80,wg_insects_t1_bbch10,/home/nfs/data/nvme_datasets/Pictures_CFSB_leaf_damage/2025_10_07_RSFB-Phenotyping_WG1_JLU/2025_10_07_RSFB-Phenotyping_WG1_JLU/20251007_123255.jpg,20.0,3.5570333003997803,4.0303144454956055,0.4732811748981476,15.969685554504395,16.44296646118164,rank,42,single_rater_weak
2025_10_07_RSFB-Phenotyping_WG1_JLU/2025_10_07_RSFB-Phenotyping_WG1_JLU/20251007_123335.jpg,plot_32e70d34f4a0e0fb8137,wg_insects_t1_bbch10,/home/nfs/data/nvme_datasets/Pictures_CFSB_leaf_damage/2025_10_07_RSFB-Phenotyping_WG1_JLU/2025_10_07_RSFB-Phenotyping_WG1_JLU/20251007_123335.jpg,15.0,4.536552429199219,5.175158500671387,0.6386062502861023,9.824841499328613,10.463447570800781,rank,42,single_rater_weak
2025_10_07_RSFB-Phenotyping_WG1_JLU/2025_10_07_RSFB-Phenotyping_WG1_JLU/20251007_123345.jpg,plot_32e70d34f4a0e0fb8137,wg_insects_t1_bbch10,/home/nfs/data/nvme_datasets/Pictures_CFSB_leaf_damage/2025_10_07_RSFB-Phenotyping_WG1_JLU/2025_10_07_RSFB-Phenotyping_WG1_JLU/20251007_123345.jpg,12.0,3.1982264518737793,3.188673973083496,-0.00955253653228283,8.811326026916504,8.801773071289062,rank,42,single_rater_weak
2025_10_07_RSFB-Phenotyping_WG1_JLU/2025_10_07_RSFB-Phenotyping_WG1_JLU/20251007_123354.jpg,plot_32e70d34f4a0e0fb8137,wg_insects_t1_bbch10,/home/nfs/data/nvme_datasets/Pictures_CFSB_leaf_damage/2025_10_07_RSFB-Phenotyping_WG1_JLU/2025_10_07_RSFB-Phenotyping_WG1_JLU/20251007_123354.jpg,3.0,6.068032264709473,6.982776165008545,0.9147440791130066,3.982776165008545,3.0680322647094727,rank,42,single_rater_weak
2025_10_07_RSFB-Phenotyping_WG1_JLU/2025_10_07_RSFB-Phenotyping_WG1_JLU/20251007_123430.jpg,plot_5376d6ca9264ae701f00,wg_insects_t1_bbch10,/home/nfs/data/nvme_datasets/Pictures_CFSB_leaf_damage/2025_10_07_RSFB-Phenotyping_WG1_JLU/2025_10_07_RSFB-Phenotyping_WG1_JLU/20251007_123430.jpg,5.0,3.534472703933716,3.518946647644043,-0.015525972470641136,1.481053352355957,1.4655272960662842,rank,42,single_rater_weak
2025_10_07_RSFB-Phenotyping_WG1_JLU/2025_10_07_RSFB-Phenotyping_WG1_JLU/20251007_123439.jpg,plot_5376d6ca9264ae701f00,wg_insects_t1_bbch10,/home/nfs/data/nvme_datasets/Pictures_CFSB_leaf_damage/2025_10_07_RSFB-Phenotyping_WG1_JLU/2025_10_07_RSFB-Phenotyping_WG1_JLU/20251007_123439.jpg,25.0,5.025618553161621,5.817197322845459,0.7915789484977722,19.182802200317383,19.974380493164062,rank,42,single_rater_weak
2025_10_07_RSFB-Phenotyping_WG1_JLU/2025_10_07_RSFB-Phenotyping_WG1_JLU/20251007_123447.jpg,plot_5376d6ca9264ae701f00,wg_insects_t1_bbch10,/home/nfs/data/nvme_datasets/Pictures_CFSB_leaf_damage/2025_10_07_RSFB-Phenotyping_WG1_JLU/2025_10_07_RSFB-Phenotyping_WG1_JLU/20251007_123447.jpg,13.0,3.3851888179779053,3.8796467781066895,0.49445807933807373,9.120353698730469,9.614810943603516,rank,42,single_rater_weak
2025_10_07_RSFB-Phenotyping_WG1_JLU/2025_10_07_RSFB-Phenotyping_WG1_JLU/20251007_123532.jpg,plot_d5f098880d5fe99c5c45,wg_insects_t1_bbch10,/home/nfs/data/nvme_datasets/Pictures_CFSB_leaf_damage/2025_10_07_RSFB-Phenotyping_WG1_JLU/2025_10_07_RSFB-Phenotyping_WG1_JLU/20251007_123532.jpg,20.0,3.4544196128845215,4.53966760635376,1.0852481126785278,15.460332870483398,16.54557991027832,rank,42,single_rater_weak
2025_10_07_RSFB-Phenotyping_WG1_JLU/2025_10_07_RSFB-Phenotyping_WG1_JLU/20251007_123539.jpg,plot_d5f098880d5fe99c5c45,wg_insects_t1_bbch10,/home/nfs/data/nvme_datasets/Pictures_CFSB_leaf_damage/2025_10_07_RSFB-Phenotyping_WG1_JLU/2025_10_07_RSFB-Phenotyping_WG1_JLU/20251007_123539.jpg,12.0,2.321375846862793,3.333096504211426,1.0117206573486328,8.666903495788574,9.678624153137207,rank,42,single_rater_weak
2025_10_07_RSFB-Phenotyping_WG1_JLU/2025_10_07_RSFB-Phenotyping_WG1_JLU/20251007_123547.jpg,plot_d5f098880d5fe99c5c45,wg_insects_t1_bbch10,/home/nfs/data/nvme_datasets/Pictures_CFSB_leaf_damage/2025_10_07_RSFB-Phenotyping_WG1_JLU/2025_10_07_RSFB-Phenotyping_WG1_JLU/20251007_123547.jpg,13.0,3.311077117919922,3.3840274810791016,0.07295036315917969,9.615972518920898,9.688922882080078,rank,42,single_rater_weak
2025_10_07_RSFB-Phenotyping_WG1_JLU/2025_10_07_RSFB-Phenotyping_WG1_JLU/20251007_123909.jpg,plot_ce610e311fd3804fd70f,wg_insects_t1_bbch10,/home/nfs/data/nvme_datasets/Pictures_CFSB_leaf_damage/2025_10_07_RSFB-Phenotyping_WG1_JLU/2025_10_07_RSFB-Phenotyping_WG1_JLU/20251007_123909.jpg,11.0,4.964158058166504,5.982265472412109,1.0181076526641846,5.017734527587891,6.035841941833496,rank,42,single_rater_weak
2025_10_07_RSFB-Phenotyping_WG1_JLU/2025_10_07_RSFB-Phenotyping_WG1_JLU/20251007_123914.jpg,plot_ce610e311fd3804fd70f,wg_insects_t1_bbch10,/home/nfs/data/nvme_datasets/Pictures_CFSB_leaf_damage/2025_10_07_RSFB-Phenotyping_WG1_JLU/2025_10_07_RSFB-Phenotyping_WG1_JLU/20251007_123914.jpg,20.0,9.381425857543945,9.956844329833984,0.5754186511039734,10.043155670166016,10.618574142456055,rank,42,single_rater_weak
2025_10_07_RSFB-Phenotyping_WG1_JLU/2025_10_07_RSFB-Phenotyping_WG1_JLU/20251007_123921.jpg,plot_ce610e311fd3804fd70f,wg_insects_t1_bbch10,/home/nfs/data/nvme_datasets/Pictures_CFSB_leaf_damage/2025_10_07_RSFB-Phenotyping_WG1_JLU/2025_10_07_RSFB-Phenotyping_WG1_JLU/20251007_123921.jpg,30.0,4.31261682510376,4.963342666625977,0.6507258415222168,25.036657333374023,25.6873836517334,rank,42,single_rater_weak
2025_10_07_RSFB-Phenotyping_WG1_JLU/2025_10_07_RSFB-Phenotyping_WG1_JLU/20251007_124014.jpg,plot_36dd18c100e387b80070,wg_insects_t1_bbch10,/home/nfs/data/nvme_datasets/Pictures_CFSB_leaf_damage/2025_10_07_RSFB-Phenotyping_WG1_JLU/2025_10_07_RSFB-Phenotyping_WG1_JLU/20251007_124014.jpg,15.0,3.4827702045440674,3.4212393760681152,-0.06153089553117752,11.578760147094727,11.517230033874512,rank,42,single_rater_weak
2025_10_07_RSFB-Phenotyping_WG1_JLU/2025_10_07_RSFB-Phenotyping_WG1_JLU/20251007_124022.jpg,plot_36dd18c100e387b80070,wg_insects_t1_bbch10,/home/nfs/data/nvme_datasets/Pictures_CFSB_leaf_damage/2025_10_07_RSFB-Phenotyping_WG1_JLU/2025_10_07_RSFB-Phenotyping_WG1_JLU/20251007_124022.jpg,8.0,2.8534040451049805,2.547670841217041,-0.30573320388793945,5.452329158782959,5.1465959548950195,rank,42,single_rater_weak
2025_10_07_RSFB-Phenotyping_WG1_JLU/2025_10_07_RSFB-Phenotyping_WG1_JLU/20251007_124030.jpg,plot_36dd18c100e387b80070,wg_insects_t1_bbch10,/home/nfs/data/nvme_datasets/Pictures_CFSB_leaf_damage/2025_10_07_RSFB-Phenotyping_WG1_JLU/2025_10_07_RSFB-Phenotyping_WG1_JLU/20251007_124030.jpg,16.0,2.6281394958496094,2.3722944259643555,-0.2558450400829315,13.627705574035645,13.37186050415039,rank,42,single_rater_weak
2025_10_07_RSFB-Phenotyping_WG1_JLU/2025_10_07_RSFB-Phenotyping_WG1_JLU/20251007_124053.jpg,plot_889f7fb2862c28cdffc0,wg_insects_t1_bbch10,/home/nfs/data/nvme_datasets/Pictures_CFSB_leaf_damage/2025_10_07_RSFB-Phenotyping_WG1_JLU/2025_10_07_RSFB-Phenotyping_WG1_JLU/20251007_124053.jpg,23.0,5.3067169189453125,5.454957485198975,0.1482405662536621,17.545042037963867,17.693283081054688,rank,42,single_rater_weak
2025_10_07_RSFB-Phenotyping_WG1_JLU/2025_10_07_RSFB-Phenotyping_WG1_JLU/20251007_124059.jpg,plot_889f7fb2862c28cdffc0,wg_insects_t1_bbch10,/home/nfs/data/nvme_datasets/Pictures_CFSB_leaf_damage/2025_10_07_RSFB-Phenotyping_WG1_JLU/2025_10_07_RSFB-Phenotyping_WG1_JLU/20251007_124059.jpg,18.0,3.7989397048950195,3.6097183227539062,-0.18922142684459686,14.390281677246094,14.20106029510498,rank,42,single_rater_weak
2025_10_07_RSFB-Phenotyping_WG1_JLU/2025_10_07_RSFB-Phenotyping_WG1_JLU/20251007_124105.jpg,plot_889f7fb2862c28cdffc0,wg_insects_t1_bbch10,/home/nfs/data/nvme_datasets/Pictures_CFSB_leaf_damage/2025_10_07_RSFB-Phenotyping_WG1_JLU/2025_10_07_RSFB-Phenotyping_WG1_JLU/20251007_124105.jpg,16.0,2.2455992698669434,3.4682106971740723,1.2226113080978394,12.531789779663086,13.754400253295898,rank,42,single_rater_weak
2025_10_07_RSFB-Phenotyping_WG1_JLU/2025_10_07_RSFB-Phenotyping_WG1_JLU/20251007_124124.jpg,plot_23b2c1fc8e3b2e0f4a47,wg_insects_t1_bbch10,/home/nfs/data/nvme_datasets/Pictures_CFSB_leaf_damage/2025_10_07_RSFB-Phenotyping_WG1_JLU/2025_10_07_RSFB-Phenotyping_WG1_JLU/20251007_124124.jpg,12.0,6.795008659362793,7.668167591094971,0.8731590509414673,4.331832408905029,5.204991340637207,rank,42,single_rater_weak
2025_10_07_RSFB-Phenotyping_WG1_JLU/2025_10_07_RSFB-Phenotyping_WG1_JLU/20251007_124129.jpg,plot_23b2c1fc8e3b2e0f4a47,wg_insects_t1_bbch10,/home/nfs/data/nvme_datasets/Pictures_CFSB_leaf_damage/2025_10_07_RSFB-Phenotyping_WG1_JLU/2025_10_07_RSFB-Phenotyping_WG1_JLU/20251007_124129.jpg,14.0,3.328845500946045,3.3561906814575195,0.027345165610313416,10.64380931854248,10.671154022216797,rank,42,single_rater_weak
2025_10_07_RSFB-Phenotyping_WG1_JLU/2025_10_07_RSFB-Phenotyping_WG1_JLU/20251007_124137.jpg,plot_23b2c1fc8e3b2e0f4a47,wg_insects_t1_bbch10,/home/nfs/data/nvme_datasets/Pictures_CFSB_leaf_damage/2025_10_07_RSFB-Phenotyping_WG1_JLU/2025_10_07_RSFB-Phenotyping_WG1_JLU/20251007_124137.jpg,10.0,2.8852286338806152,3.15047025680542,0.26524150371551514,6.84952974319458,7.114771366119385,rank,42,single_rater_weak
2025_10_07_RSFB-Phenotyping_WG1_JLU/2025_10_07_RSFB-Phenotyping_WG1_JLU/20251007_124155.jpg,plot_ffa55cfddd27e01d2d64,wg_insects_t1_bbch10,/home/nfs/data/nvme_datasets/Pictures_CFSB_leaf_damage/2025_10_07_RSFB-Phenotyping_WG1_JLU/2025_10_07_RSFB-Phenotyping_WG1_JLU/20251007_124155.jpg,13.0,2.1790571212768555,2.6766085624694824,0.49755150079727173,10.32339096069336,10.820942878723145,rank,42,single_rater_weak
2025_10_07_RSFB-Phenotyping_WG1_JLU/2025_10_07_RSFB-Phenotyping_WG1_JLU/20251007_124201.jpg,plot_ffa55cfddd27e01d2d64,wg_insects_t1_bbch10,/home/nfs/data/nvme_datasets/Pictures_CFSB_leaf_damage/2025_10_07_RSFB-Phenotyping_WG1_JLU/2025_10_07_RSFB-Phenotyping_WG1_JLU/20251007_124201.jpg,12.0,3.7245934009552,3.815833806991577,0.091240294277668,8.184165954589844,8.275406837463379,rank,42,single_rater_weak
2025_10_07_RSFB-Phenotyping_WG1_JLU/2025_10_07_RSFB-Phenotyping_WG1_JLU/20251007_124209.jpg,plot_ffa55cfddd27e01d2d64,wg_insects_t1_bbch10,/home/nfs/data/nvme_datasets/Pictures_CFSB_leaf_damage/2025_10_07_RSFB-Phenotyping_WG1_JLU/2025_10_07_RSFB-Phenotyping_WG1_JLU/20251007_124209.jpg,10.0,3.0835304260253906,3.089712142944336,0.006181799806654453,6.910287857055664,6.916469573974609,rank,42,single_rater_weak
2025_10_07_RSFB-Phenotyping_WG1_JLU/2025_10_07_RSFB-Phenotyping_WG1_JLU/20251007_124230.jpg,plot_aa5da56c4ff5909660ca,wg_insects_t1_bbch10,/home/nfs/data/nvme_datasets/Pictures_CFSB_leaf_damage/2025_10_07_RSFB-Phenotyping_WG1_JLU/2025_10_07_RSFB-Phenotyping_WG1_JLU/20251007_124230.jpg,28.0,3.2433133125305176,3.658407688140869,0.4150943160057068,24.34159278869629,24.75668716430664,rank,42,single_rater_weak
2025_10_07_RSFB-Phenotyping_WG1_JLU/2025_10_07_RSFB-Phenotyping_WG1_JLU/20251007_124238.jpg,plot_aa5da56c4ff5909660ca,wg_insects_t1_bbch10,/home/nfs/data/nvme_datasets/Pictures_CFSB_leaf_damage/2025_10_07_RSFB-Phenotyping_WG1_JLU/2025_10_07_RSFB-Phenotyping_WG1_JLU/20251007_124238.jpg,16.0,2.591799259185791,3.2553980350494385,0.6635987758636475,12.74460220336914,13.408201217651367,rank,42,single_rater_weak
2025_10_07_RSFB-Phenotyping_WG1_JLU/2025_10_07_RSFB-Phenotyping_WG1_JLU/20251007_124243.jpg,plot_aa5da56c4ff5909660ca,wg_insects_t1_bbch10,/home/nfs/data/nvme_datasets/Pictures_CFSB_leaf_damage/2025_10_07_RSFB-Phenotyping_WG1_JLU/2025_10_07_RSFB-Phenotyping_WG1_JLU/20251007_124243.jpg,12.0,2.447098731994629,2.7077107429504395,0.26061195135116577,9.292289733886719,9.552901268005371,rank,42,single_rater_weak
2025_10_07_RSFB-Phenotyping_WG1_JLU/2025_10_07_RSFB-Phenotyping_WG1_JLU/20251007_124300.jpg,plot_35efb5a57785c98bb5f9,wg_insects_t1_bbch10,/home/nfs/data/nvme_datasets/Pictures_CFSB_leaf_damage/2025_10_07_RSFB-Phenotyping_WG1_JLU/2025_10_07_RSFB-Phenotyping_WG1_JLU/20251007_124300.jpg,12.0,3.4735465049743652,4.2524094581604,0.7788628339767456,7.7475905418396,8.526453018188477,rank,42,single_rater_weak
2025_10_07_RSFB-Phenotyping_WG1_JLU/2025_10_07_RSFB-Phenotyping_WG1_JLU/20251007_124307.jpg,plot_35efb5a57785c98bb5f9,wg_insects_t1_bbch10,/home/nfs/data/nvme_datasets/Pictures_CFSB_leaf_damage/2025_10_07_RSFB-Phenotyping_WG1_JLU/2025_10_07_RSFB-Phenotyping_WG1_JLU/20251007_124307.jpg,18.0,3.440424919128418,3.9531772136688232,0.5127522945404053,14.046822547912598,14.559575080871582,rank,42,single_rater_weak
2025_10_07_RSFB-Phenotyping_WG1_JLU/2025_10_07_RSFB-Phenotyping_WG1_JLU/20251007_124313.jpg,plot_35efb5a57785c98bb5f9,wg_insects_t1_bbch10,/home/nfs/data/nvme_datasets/Pictures_CFSB_leaf_damage/2025_10_07_RSFB-Phenotyping_WG1_JLU/2025_10_07_RSFB-Phenotyping_WG1_JLU/20251007_124313.jpg,8.0,2.8413777351379395,2.65815806388855,-0.18321958184242249,5.341841697692871,5.1586222648620605,rank,42,single_rater_weak
2025_10_07_RSFB-Phenotyping_WG1_JLU/2025_10_07_RSFB-Phenotyping_WG1_JLU/20251007_124330.jpg,plot_4a2b6d595624fca09293,wg_insects_t1_bbch10,/home/nfs/data/nvme_datasets/Pictures_CFSB_leaf_damage/2025_10_07_RSFB-Phenotyping_WG1_JLU/2025_10_07_RSFB-Phenotyping_WG1_JLU/20251007_124330.jpg,10.0,2.5948476791381836,2.902191400527954,0.3073436915874481,7.097808837890625,7.405152320861816,rank,42,single_rater_weak
2025_10_07_RSFB-Phenotyping_WG1_JLU/2025_10_07_RSFB-Phenotyping_WG1_JLU/20251007_124338.jpg,plot_4a2b6d595624fca09293,wg_insects_t1_bbch10,/home/nfs/data/nvme_datasets/Pictures_CFSB_leaf_damage/2025_10_07_RSFB-Phenotyping_WG1_JLU/2025_10_07_RSFB-Phenotyping_WG1_JLU/20251007_124338.jpg,4.0,3.518507480621338,3.3429524898529053,-0.17555493116378784,0.6570475101470947,0.4814925193786621,rank,42,single_rater_weak
2025_10_07_RSFB-Phenotyping_WG1_JLU/2025_10_07_RSFB-Phenotyping_WG1_JLU/20251007_124344.jpg,plot_4a2b6d595624fca09293,wg_insects_t1_bbch10,/home/nfs/data/nvme_datasets/Pictures_CFSB_leaf_damage/2025_10_07_RSFB-Phenotyping_WG1_JLU/2025_10_07_RSFB-Phenotyping_WG1_JLU/20251007_124344.jpg,11.0,3.096172332763672,3.5659780502319336,0.4698057770729065,7.434021949768066,7.903827667236328,rank,42,single_rater_weak
2025_10_07_RSFB-Phenotyping_WG1_JLU/2025_10_07_RSFB-Phenotyping_WG1_JLU/20251007_124402.jpg,plot_ad7477c4df0f7a524ad1,wg_insects_t1_bbch10,/home/nfs/data/nvme_datasets/Pictures_CFSB_leaf_damage/2025_10_07_RSFB-Phenotyping_WG1_JLU/2025_10_07_RSFB-Phenotyping_WG1_JLU/20251007_124402.jpg,12.0,2.711087703704834,3.103466272354126,0.3923785090446472,8.896533966064453,9.288911819458008,rank,42,single_rater_weak
2025_10_07_RSFB-Phenotyping_WG1_JLU/2025_10_07_RSFB-Phenotyping_WG1_JLU/20251007_124409.jpg,plot_ad7477c4df0f7a524ad1,wg_insects_t1_bbch10,/home/nfs/data/nvme_datasets/Pictures_CFSB_leaf_damage/2025_10_07_RSFB-Phenotyping_WG1_JLU/2025_10_07_RSFB-Phenotyping_WG1_JLU/20251007_124409.jpg,10.0,3.159029483795166,3.2520244121551514,0.09299488365650177,6.7479753494262695,6.840970516204834,rank,42,single_rater_weak
2025_10_07_RSFB-Phenotyping_WG1_JLU/2025_10_07_RSFB-Phenotyping_WG1_JLU/20251007_124415.jpg,plot_ad7477c4df0f7a524ad1,wg_insects_t1_bbch10,/home/nfs/data/nvme_datasets/Pictures_CFSB_leaf_damage/2025_10_07_RSFB-Phenotyping_WG1_JLU/2025_10_07_RSFB-Phenotyping_WG1_JLU/20251007_124415.jpg,8.0,3.725750684738159,3.7849953174591064,0.05924457311630249,4.215004920959473,4.274249076843262,rank,42,single_rater_weak
2025_10_07_RSFB-Phenotyping_WG1_JLU/2025_10_07_RSFB-Phenotyping_WG1_JLU/20251007_124434.jpg,plot_f84b4c2802871c1b5e0f,wg_insects_t1_bbch10,/home/nfs/data/nvme_datasets/Pictures_CFSB_leaf_damage/2025_10_07_RSFB-Phenotyping_WG1_JLU/2025_10_07_RSFB-Phenotyping_WG1_JLU/20251007_124434.jpg,12.0,2.850200653076172,3.4117140769958496,0.561513364315033,8.588285446166992,9.149799346923828,rank,42,single_rater_weak
2025_10_07_RSFB-Phenotyping_WG1_JLU/2025_10_07_RSFB-Phenotyping_WG1_JLU/20251007_124441.jpg,plot_f84b4c2802871c1b5e0f,wg_insects_t1_bbch10,/home/nfs/data/nvme_datasets/Pictures_CFSB_leaf_damage/2025_10_07_RSFB-Phenotyping_WG1_JLU/2025_10_07_RSFB-Phenotyping_WG1_JLU/20251007_124441.jpg,18.0,4.904670715332031,5.43227481842041,0.5276038646697998,12.56772518157959,13.095329284667969,rank,42,single_rater_weak
2025_10_07_RSFB-Phenotyping_WG1_JLU/2025_10_07_RSFB-Phenotyping_WG1_JLU/20251007_124451.jpg,plot_f84b4c2802871c1b5e0f,wg_insects_t1_bbch10,/home/nfs/data/nvme_datasets/Pictures_CFSB_leaf_damage/2025_10_07_RSFB-Phenotyping_WG1_JLU/2025_10_07_RSFB-Phenotyping_WG1_JLU/20251007_124451.jpg,8.0,3.306394577026367,3.006561517715454,-0.2998329997062683,4.993438720703125,4.693605422973633,rank,42,single_rater_weak
2025_10_07_RSFB-Phenotyping_WG1_JLU/2025_10_07_RSFB-Phenotyping_WG1_JLU/20251007_124508.jpg,plot_a4b50325dbf9a5ebc276,wg_insects_t1_bbch10,/home/nfs/data/nvme_datasets/Pictures_CFSB_leaf_damage/2025_10_07_RSFB-Phenotyping_WG1_JLU/2025_10_07_RSFB-Phenotyping_WG1_JLU/20251007_124508.jpg,2.0,4.245302200317383,4.723949909210205,0.4786476790904999,2.723949909210205,2.245302200317383,rank,42,single_rater_weak
2025_10_07_RSFB-Phenotyping_WG1_JLU/2025_10_07_RSFB-Phenotyping_WG1_JLU/20251007_124515.jpg,plot_a4b50325dbf9a5ebc276,wg_insects_t1_bbch10,/home/nfs/data/nvme_datasets/Pictures_CFSB_leaf_damage/2025_10_07_RSFB-Phenotyping_WG1_JLU/2025_10_07_RSFB-Phenotyping_WG1_JLU/20251007_124515.jpg,30.0,3.905153512954712,4.660273551940918,0.755120038986206,25.339725494384766,26.094846725463867,rank,42,single_rater_weak
2025_10_07_RSFB-Phenotyping_WG1_JLU/2025_10_07_RSFB-Phenotyping_WG1_JLU/20251007_124522.jpg,plot_a4b50325dbf9a5ebc276,wg_insects_t1_bbch10,/home/nfs/data/nvme_datasets/Pictures_CFSB_leaf_damage/2025_10_07_RSFB-Phenotyping_WG1_JLU/2025_10_07_RSFB-Phenotyping_WG1_JLU/20251007_124522.jpg,5.0,3.4093945026397705,3.134291887283325,-0.27510252594947815,1.8657081127166748,1.5906054973602295,rank,42,single_rater_weak
2025_10_07_RSFB-Phenotyping_WG1_JLU/2025_10_07_RSFB-Phenotyping_WG1_JLU/20251007_124541.jpg,plot_9f72b83c4f2e8431403c,wg_insects_t1_bbch10,/home/nfs/data/nvme_datasets/Pictures_CFSB_leaf_damage/2025_10_07_RSFB-Phenotyping_WG1_JLU/2025_10_07_RSFB-Phenotyping_WG1_JLU/20251007_124541.jpg,20.0,4.667478084564209,5.532087326049805,0.8646092414855957,14.467912673950195,15.332521438598633,rank,42,single_rater_weak
2025_10_07_RSFB-Phenotyping_WG1_JLU/2025_10_07_RSFB-Phenotyping_WG1_JLU/20251007_124548.jpg,plot_9f72b83c4f2e8431403c,wg_insects_t1_bbch10,/home/nfs/data/nvme_datasets/Pictures_CFSB_leaf_damage/2025_10_07_RSFB-Phenotyping_WG1_JLU/2025_10_07_RSFB-Phenotyping_WG1_JLU/20251007_124548.jpg,12.0,2.6590452194213867,3.875485897064209,1.2164407968521118,8.124513626098633,9.340954780578613,rank,42,single_rater_weak
2025_10_07_RSFB-Phenotyping_WG1_JLU/2025_10_07_RSFB-Phenotyping_WG1_JLU/20251007_124555.jpg,plot_9f72b83c4f2e8431403c,wg_insects_t1_bbch10,/home/nfs/data/nvme_datasets/Pictures_CFSB_leaf_damage/2025_10_07_RSFB-Phenotyping_WG1_JLU/2025_10_07_RSFB-Phenotyping_WG1_JLU/20251007_124555.jpg,9.0,5.466080665588379,6.913729667663574,1.4476490020751953,2.086270332336426,3.533919334411621,rank,42,single_rater_weak
2025_10_07_RSFB-Phenotyping_WG1_JLU/2025_10_07_RSFB-Phenotyping_WG1_JLU/20251007_124614.jpg,plot_f847dbaff653f4b20c89,wg_insects_t1_bbch10,/home/nfs/data/nvme_datasets/Pictures_CFSB_leaf_damage/2025_10_07_RSFB-Phenotyping_WG1_JLU/2025_10_07_RSFB-Phenotyping_WG1_JLU/20251007_124614.jpg,8.0,2.7289767265319824,3.0446481704711914,0.31567132472991943,4.955351829528809,5.271023273468018,rank,42,single_rater_weak
2025_10_07_RSFB-Phenotyping_WG1_JLU/2025_10_07_RSFB-Phenotyping_WG1_JLU/20251007_124621.jpg,plot_f847dbaff653f4b20c89,wg_insects_t1_bbch10,/home/nfs/data/nvme_datasets/Pictures_CFSB_leaf_damage/2025_10_07_RSFB-Phenotyping_WG1_JLU/2025_10_07_RSFB-Phenotyping_WG1_JLU/20251007_124621.jpg,12.0,4.877145767211914,4.828246593475342,-0.04889921844005585,7.171753406524658,7.122854232788086,rank,42,single_rater_weak
2025_10_07_RSFB-Phenotyping_WG1_JLU/2025_10_07_RSFB-Phenotyping_WG1_JLU/20251007_124628.jpg,plot_f847dbaff653f4b20c89,wg_insects_t1_bbch10,/home/nfs/data/nvme_datasets/Pictures_CFSB_leaf_damage/2025_10_07_RSFB-Phenotyping_WG1_JLU/2025_10_07_RSFB-Phenotyping_WG1_JLU/20251007_124628.jpg,8.0,5.704566955566406,6.125352382659912,0.42078539729118347,1.874647617340088,2.2954330444335938,rank,42,single_rater_weak
2025_10_07_RSFB-Phenotyping_WG1_JLU/2025_10_07_RSFB-Phenotyping_WG1_JLU/20251007_124649.jpg,plot_e594a79ebb12e0ace7b1,wg_insects_t1_bbch10,/home/nfs/data/nvme_datasets/Pictures_CFSB_leaf_damage/2025_10_07_RSFB-Phenotyping_WG1_JLU/2025_10_07_RSFB-Phenotyping_WG1_JLU/20251007_124649.jpg,3.0,3.312309741973877,3.6128554344177246,0.3005457818508148,0.6128554344177246,0.31230974197387695,rank,42,single_rater_weak
2025_10_07_RSFB-Phenotyping_WG1_JLU/2025_10_07_RSFB-Phenotyping_WG1_JLU/20251007_124656.jpg,plot_e594a79ebb12e0ace7b1,wg_insects_t1_bbch10,/home/nfs/data/nvme_datasets/Pictures_CFSB_leaf_damage/2025_10_07_RSFB-Phenotyping_WG1_JLU/2025_10_07_RSFB-Phenotyping_WG1_JLU/20251007_124656.jpg,20.0,7.9487810134887695,7.912162780761719,-0.03661813959479332,12.087837219238281,12.05121898651123,rank,42,single_rater_weak
2025_10_07_RSFB-Phenotyping_WG1_JLU/2025_10_07_RSFB-Phenotyping_WG1_JLU/20251007_124703.jpg,plot_e594a79ebb12e0ace7b1,wg_insects_t1_bbch10,/home/nfs/data/nvme_datasets/Pictures_CFSB_leaf_damage/2025_10_07_RSFB-Phenotyping_WG1_JLU/2025_10_07_RSFB-Phenotyping_WG1_JLU/20251007_124703.jpg,25.0,5.641627788543701,6.276622772216797,0.6349952220916748,18.723377227783203,19.35837173461914,rank,42,single_rater_weak
2025_10_07_RSFB-Phenotyping_WG1_JLU/2025_10_07_RSFB-Phenotyping_WG1_JLU/20251007_124721.jpg,plot_b6e7174d690b75e292ff,wg_insects_t1_bbch10,/home/nfs/data/nvme_datasets/Pictures_CFSB_leaf_damage/2025_10_07_RSFB-Phenotyping_WG1_JLU/2025_10_07_RSFB-Phenotyping_WG1_JLU/20251007_124721.jpg,12.0,2.765319347381592,3.5860795974731445,0.8207603693008423,8.413920402526855,9.23468017578125,rank,42,single_rater_weak
2025_10_07_RSFB-Phenotyping_WG1_JLU/2025_10_07_RSFB-Phenotyping_WG1_JLU/20251007_124729.jpg,plot_b6e7174d690b75e292ff,wg_insects_t1_bbch10,/home/nfs/data/nvme_datasets/Pictures_CFSB_leaf_damage/2025_10_07_RSFB-Phenotyping_WG1_JLU/2025_10_07_RSFB-Phenotyping_WG1_JLU/20251007_124729.jpg,4.0,4.355000972747803,4.213887691497803,-0.1411130726337433,0.21388769149780273,0.35500097274780273,rank,42,single_rater_weak
2025_10_07_RSFB-Phenotyping_WG1_JLU/2025_10_07_RSFB-Phenotyping_WG1_JLU/20251007_124735.jpg,plot_b6e7174d690b75e292ff,wg_insects_t1_bbch10,/home/nfs/data/nvme_datasets/Pictures_CFSB_leaf_damage/2025_10_07_RSFB-Phenotyping_WG1_JLU/2025_10_07_RSFB-Phenotyping_WG1_JLU/20251007_124735.jpg,4.0,3.692852735519409,3.5118765830993652,-0.18097621202468872,0.48812341690063477,0.3071472644805908,rank,42,single_rater_weak
2025_10_07_RSFB-Phenotyping_WG1_JLU/2025_10_07_RSFB-Phenotyping_WG1_JLU/20251007_124753.jpg,plot_2e3302092fee0c5ce1fa,wg_insects_t1_bbch10,/home/nfs/data/nvme_datasets/Pictures_CFSB_leaf_damage/2025_10_07_RSFB-Phenotyping_WG1_JLU/2025_10_07_RSFB-Phenotyping_WG1_JLU/20251007_124753.jpg,4.0,1.9722185134887695,2.2092647552490234,0.23704616725444794,1.7907352447509766,2.0277814865112305,rank,42,single_rater_weak
2025_10_07_RSFB-Phenotyping_WG1_JLU/2025_10_07_RSFB-Phenotyping_WG1_JLU/20251007_124800.jpg,plot_2e3302092fee0c5ce1fa,wg_insects_t1_bbch10,/home/nfs/data/nvme_datasets/Pictures_CFSB_leaf_damage/2025_10_07_RSFB-Phenotyping_WG1_JLU/2025_10_07_RSFB-Phenotyping_WG1_JLU/20251007_124800.jpg,4.0,2.916233539581299,2.4694976806640625,-0.44673585891723633,1.5305023193359375,1.0837664604187012,rank,42,single_rater_weak
2025_10_07_RSFB-Phenotyping_WG1_JLU/2025_10_07_RSFB-Phenotyping_WG1_JLU/20251007_124805.jpg,plot_2e3302092fee0c5ce1fa,wg_insects_t1_bbch10,/home/nfs/data/nvme_datasets/Pictures_CFSB_leaf_damage/2025_10_07_RSFB-Phenotyping_WG1_JLU/2025_10_07_RSFB-Phenotyping_WG1_JLU/20251007_124805.jpg,5.0,2.17692232131958,1.7824184894561768,-0.3945038318634033,3.2175815105438232,2.82307767868042,rank,42,single_rater_weak
2025_10_07_RSFB-Phenotyping_WG1_JLU/2025_10_07_RSFB-Phenotyping_WG1_JLU/20251007_124823.jpg,plot_4398ed881510f755e158,wg_insects_t1_bbch10,/home/nfs/data/nvme_datasets/Pictures_CFSB_leaf_damage/2025_10_07_RSFB-Phenotyping_WG1_JLU/2025_10_07_RSFB-Phenotyping_WG1_JLU/20251007_124823.jpg,3.0,2.7188291549682617,3.3047139644622803,0.5858848094940186,0.3047139644622803,0.2811708450317383,rank,42,single_rater_weak
2025_10_07_RSFB-Phenotyping_WG1_JLU/2025_10_07_RSFB-Phenotyping_WG1_JLU/20251007_124830.jpg,plot_4398ed881510f755e158,wg_insects_t1_bbch10,/home/nfs/data/nvme_datasets/Pictures_CFSB_leaf_damage/2025_10_07_RSFB-Phenotyping_WG1_JLU/2025_10_07_RSFB-Phenotyping_WG1_JLU/20251007_124830.jpg,8.0,2.671842575073242,2.950010061264038,0.2781674861907959,5.049989700317383,5.328157424926758,rank,42,single_rater_weak
2025_10_07_RSFB-Phenotyping_WG1_JLU/2025_10_07_RSFB-Phenotyping_WG1_JLU/20251007_124837.jpg,plot_4398ed881510f755e158,wg_insects_t1_bbch10,/home/nfs/data/nvme_datasets/Pictures_CFSB_leaf_damage/2025_10_07_RSFB-Phenotyping_WG1_JLU/2025_10_07_RSFB-Phenotyping_WG1_JLU/20251007_124837.jpg,4.0,3.6518731117248535,3.4822216033935547,-0.16965150833129883,0.5177783966064453,0.3481268882751465,rank,42,single_rater_weak
2025_10_07_RSFB-Phenotyping_WG1_JLU/2025_10_07_RSFB-Phenotyping_WG1_JLU/20251007_124855.jpg,plot_d1b3af3b3e502faffee0,wg_insects_t1_bbch10,/home/nfs/data/nvme_datasets/Pictures_CFSB_leaf_damage/2025_10_07_RSFB-Phenotyping_WG1_JLU/2025_10_07_RSFB-Phenotyping_WG1_JLU/20251007_124855.jpg,15.0,2.9822254180908203,3.070784330368042,0.08855880796909332,11.929215431213379,12.01777458190918,rank,42,single_rater_weak
2025_10_07_RSFB-Phenotyping_WG1_JLU/2025_10_07_RSFB-Phenotyping_WG1_JLU/20251007_124903.jpg,plot_d1b3af3b3e502faffee0,wg_insects_t1_bbch10,/home/nfs/data/nvme_datasets/Pictures_CFSB_leaf_damage/2025_10_07_RSFB-Phenotyping_WG1_JLU/2025_10_07_RSFB-Phenotyping_WG1_JLU/20251007_124903.jpg,6.0,3.86490535736084,3.75005841255188,-0.11484691500663757,2.24994158744812,2.13509464263916,rank,42,single_rater_weak
2025_10_07_RSFB-Phenotyping_WG1_JLU/2025_10_07_RSFB-Phenotyping_WG1_JLU/20251007_124910.jpg,plot_d1b3af3b3e502faffee0,wg_insects_t1_bbch10,/home/nfs/data/nvme_datasets/Pictures_CFSB_leaf_damage/2025_10_07_RSFB-Phenotyping_WG1_JLU/2025_10_07_RSFB-Phenotyping_WG1_JLU/20251007_124910.jpg,4.0,2.5981149673461914,2.804460287094116,0.20634523034095764,1.1955397129058838,1.4018850326538086,rank,42,single_rater_weak
2025_10_07_RSFB-Phenotyping_WG1_JLU/2025_10_07_RSFB-Phenotyping_WG1_JLU/20251007_124927.jpg,plot_28f8f26420203e55d179,wg_insects_t1_bbch10,/home/nfs/data/nvme_datasets/Pictures_CFSB_leaf_damage/2025_10_07_RSFB-Phenotyping_WG1_JLU/2025_10_07_RSFB-Phenotyping_WG1_JLU/20251007_124927.jpg,8.0,3.0702357292175293,3.0162343978881836,-0.0540013387799263,4.983765602111816,4.929764270782471,rank,42,single_rater_weak
2025_10_07_RSFB-Phenotyping_WG1_JLU/2025_10_07_RSFB-Phenotyping_WG1_JLU/20251007_124934.jpg,plot_28f8f26420203e55d179,wg_insects_t1_bbch10,/home/nfs/data/nvme_datasets/Pictures_CFSB_leaf_damage/2025_10_07_RSFB-Phenotyping_WG1_JLU/2025_10_07_RSFB-Phenotyping_WG1_JLU/20251007_124934.jpg,4.0,3.246939182281494,3.9020986557006836,0.6551594734191895,0.0979013442993164,0.7530608177185059,rank,42,single_rater_weak
2025_10_07_RSFB-Phenotyping_WG1_JLU/2025_10_07_RSFB-Phenotyping_WG1_JLU/20251007_124942.jpg,plot_28f8f26420203e55d179,wg_insects_t1_bbch10,/home/nfs/data/nvme_datasets/Pictures_CFSB_leaf_damage/2025_10_07_RSFB-Phenotyping_WG1_JLU/2025_10_07_RSFB-Phenotyping_WG1_JLU/20251007_124942.jpg,8.0,3.001779079437256,3.003971576690674,0.002192593878135085,4.996028423309326,4.998220920562744,rank,42,single_rater_weak
2025_10_07_RSFB-Phenotyping_WG1_JLU/2025_10_07_RSFB-Phenotyping_WG1_JLU/20251007_125005.jpg,plot_148d445959f73cc35e04,wg_insects_t1_bbch10,/home/nfs/data/nvme_datasets/Pictures_CFSB_leaf_damage/2025_10_07_RSFB-Phenotyping_WG1_JLU/2025_10_07_RSFB-Phenotyping_WG1_JLU/20251007_125005.jpg,4.0,3.5455102920532227,4.3047285079956055,0.7592179775238037,0.30472850799560547,0.45448970794677734,rank,42,single_rater_weak
2025_10_07_RSFB-Phenotyping_WG1_JLU/2025_10_07_RSFB-Phenotyping_WG1_JLU/20251007_125013.jpg,plot_148d445959f73cc35e04,wg_insects_t1_bbch10,/home/nfs/data/nvme_datasets/Pictures_CFSB_leaf_damage/2025_10_07_RSFB-Phenotyping_WG1_JLU/2025_10_07_RSFB-Phenotyping_WG1_JLU/20251007_125013.jpg,3.0,2.306025505065918,2.810433864593506,0.5044084191322327,0.18956613540649414,0.693974494934082,rank,42,single_rater_weak
2025_10_07_RSFB-Phenotyping_WG1_JLU/2025_10_07_RSFB-Phenotyping_WG1_JLU/20251007_125021.jpg,plot_148d445959f73cc35e04,wg_insects_t1_bbch10,/home/nfs/data/nvme_datasets/Pictures_CFSB_leaf_damage/2025_10_07_RSFB-Phenotyping_WG1_JLU/2025_10_07_RSFB-Phenotyping_WG1_JLU/20251007_125021.jpg,3.0,3.7161741256713867,3.8011202812194824,0.0849461555480957,0.8011202812194824,0.7161741256713867,rank,42,single_rater_weak
2025_10_07_RSFB-Phenotyping_WG1_JLU/2025_10_07_RSFB-Phenotyping_WG1_JLU/20251007_125037.jpg,plot_9a559fa430e32ed63f90,wg_insects_t1_bbch10,/home/nfs/data/nvme_datasets/Pictures_CFSB_leaf_damage/2025_10_07_RSFB-Phenotyping_WG1_JLU/2025_10_07_RSFB-Phenotyping_WG1_JLU/20251007_125037.jpg,2.0,2.808891773223877,2.779271364212036,-0.029620461165905,0.7792713642120361,0.808891773223877,rank,42,single_rater_weak
2025_10_07_RSFB-Phenotyping_WG1_JLU/2025_10_07_RSFB-Phenotyping_WG1_JLU/20251007_125045.jpg,plot_9a559fa430e32ed63f90,wg_insects_t1_bbch10,/home/nfs/data/nvme_datasets/Pictures_CFSB_leaf_damage/2025_10_07_RSFB-Phenotyping_WG1_JLU/2025_10_07_RSFB-Phenotyping_WG1_JLU/20251007_125045.jpg,12.0,2.4906039237976074,3.061455011367798,0.5708510279655457,8.938545227050781,9.509395599365234,rank,42,single_rater_weak
2025_10_07_RSFB-Phenotyping_WG1_JLU/2025_10_07_RSFB-Phenotyping_WG1_JLU/20251007_125051.jpg,plot_9a559fa430e32ed63f90,wg_insects_t1_bbch10,/home/nfs/data/nvme_datasets/Pictures_CFSB_leaf_damage/2025_10_07_RSFB-Phenotyping_WG1_JLU/2025_10_07_RSFB-Phenotyping_WG1_JLU/20251007_125051.jpg,5.0,3.5044467449188232,3.68735933303833,0.18291249871253967,1.31264066696167,1.4955532550811768,rank,42,single_rater_weak
2025_10_07_RSFB-Phenotyping_WG1_JLU/2025_10_07_RSFB-Phenotyping_WG1_JLU/20251007_125111.jpg,plot_4cd62499bd1348049910,wg_insects_t1_bbch10,/home/nfs/data/nvme_datasets/Pictures_CFSB_leaf_damage/2025_10_07_RSFB-Phenotyping_WG1_JLU/2025_10_07_RSFB-Phenotyping_WG1_JLU/20251007_125111.jpg,6.0,2.799375534057617,3.4986484050750732,0.699272871017456,2.5013515949249268,3.200624465942383,rank,42,single_rater_weak
2025_10_07_RSFB-Phenotyping_WG1_JLU/2025_10_07_RSFB-Phenotyping_WG1_JLU/20251007_125118.jpg,plot_4cd62499bd1348049910,wg_insects_t1_bbch10,/home/nfs/data/nvme_datasets/Pictures_CFSB_leaf_damage/2025_10_07_RSFB-Phenotyping_WG1_JLU/2025_10_07_RSFB-Phenotyping_WG1_JLU/20251007_125118.jpg,8.0,3.3026247024536133,3.845439910888672,0.542815089225769,4.154560089111328,4.697375297546387,rank,42,single_rater_weak
2025_10_07_RSFB-Phenotyping_WG1_JLU/2025_10_07_RSFB-Phenotyping_WG1_JLU/20251007_125125.jpg,plot_4cd62499bd1348049910,wg_insects_t1_bbch10,/home/nfs/data/nvme_datasets/Pictures_CFSB_leaf_damage/2025_10_07_RSFB-Phenotyping_WG1_JLU/2025_10_07_RSFB-Phenotyping_WG1_JLU/20251007_125125.jpg,1.0,1.1721677780151367,2.259097099304199,1.086929202079773,1.2590970993041992,0.17216777801513672,rank,42,single_rater_weak
2025_10_07_RSFB-Phenotyping_WG1_JLU/2025_10_07_RSFB-Phenotyping_WG1_JLU/20251007_125152.jpg,plot_cfe5a3ab0645d46e2f47,wg_insects_t1_bbch10,/home/nfs/data/nvme_datasets/Pictures_CFSB_leaf_damage/2025_10_07_RSFB-Phenotyping_WG1_JLU/2025_10_07_RSFB-Phenotyping_WG1_JLU/20251007_125152.jpg,18.0,2.846146583557129,2.9173264503479004,0.07117993384599686,15.082674026489258,15.153853416442871,rank,42,single_rater_weak
2025_10_07_RSFB-Phenotyping_WG1_JLU/2025_10_07_RSFB-Phenotyping_WG1_JLU/20251007_125200.jpg,plot_cfe5a3ab0645d46e2f47,wg_insects_t1_bbch10,/home/nfs/data/nvme_datasets/Pictures_CFSB_leaf_damage/2025_10_07_RSFB-Phenotyping_WG1_JLU/2025_10_07_RSFB-Phenotyping_WG1_JLU/20251007_125200.jpg,2.0,2.7095584869384766,2.8310041427612305,0.12144554406404495,0.8310041427612305,0.7095584869384766,rank,42,single_rater_weak
2025_10_07_RSFB-Phenotyping_WG1_JLU/2025_10_07_RSFB-Phenotyping_WG1_JLU/20251007_125207.jpg,plot_cfe5a3ab0645d46e2f47,wg_insects_t1_bbch10,/home/nfs/data/nvme_datasets/Pictures_CFSB_leaf_damage/2025_10_07_RSFB-Phenotyping_WG1_JLU/2025_10_07_RSFB-Phenotyping_WG1_JLU/20251007_125207.jpg,7.0,3.615938901901245,4.099959373474121,0.484020471572876,2.900040626525879,3.384061098098755,rank,42,single_rater_weak
2025_10_07_RSFB-Phenotyping_WG1_JLU/2025_10_07_RSFB-Phenotyping_WG1_JLU/20251007_125227.jpg,plot_0b74c085b1e71e64f05d,wg_insects_t1_bbch10,/home/nfs/data/nvme_datasets/Pictures_CFSB_leaf_damage/2025_10_07_RSFB-Phenotyping_WG1_JLU/2025_10_07_RSFB-Phenotyping_WG1_JLU/20251007_125227.jpg,16.0,4.156778335571289,4.203775882720947,0.04699774459004402,11.796224594116211,11.843221664428711,rank,42,single_rater_weak
2025_10_07_RSFB-Phenotyping_WG1_JLU/2025_10_07_RSFB-Phenotyping_WG1_JLU/20251007_125234.jpg,plot_0b74c085b1e71e64f05d,wg_insects_t1_bbch10,/home/nfs/data/nvme_datasets/Pictures_CFSB_leaf_damage/2025_10_07_RSFB-Phenotyping_WG1_JLU/2025_10_07_RSFB-Phenotyping_WG1_JLU/20251007_125234.jpg,4.0,5.779936790466309,6.424002170562744,0.6440654993057251,2.424002170562744,1.7799367904663086,rank,42,single_rater_weak
2025_10_07_RSFB-Phenotyping_WG1_JLU/2025_10_07_RSFB-Phenotyping_WG1_JLU/20251007_125242.jpg,plot_0b74c085b1e71e64f05d,wg_insects_t1_bbch10,/home/nfs/data/nvme_datasets/Pictures_CFSB_leaf_damage/2025_10_07_RSFB-Phenotyping_WG1_JLU/2025_10_07_RSFB-Phenotyping_WG1_JLU/20251007_125242.jpg,8.0,2.467771530151367,2.9552969932556152,0.4875255823135376,5.044703006744385,5.532228469848633,rank,42,single_rater_weak
2025_10_07_RSFB-Phenotyping_WG1_JLU/2025_10_07_RSFB-Phenotyping_WG1_JLU/20251007_125300.jpg,plot_20af516f8934d967910b,wg_insects_t1_bbch10,/home/nfs/data/nvme_datasets/Pictures_CFSB_leaf_damage/2025_10_07_RSFB-Phenotyping_WG1_JLU/2025_10_07_RSFB-Phenotyping_WG1_JLU/20251007_125300.jpg,12.0,3.9382786750793457,3.9748034477233887,0.03652472421526909,8.025196075439453,8.061721801757812,rank,42,single_rater_weak
2025_10_07_RSFB-Phenotyping_WG1_JLU/2025_10_07_RSFB-Phenotyping_WG1_JLU/20251007_125308.jpg,plot_20af516f8934d967910b,wg_insects_t1_bbch10,/home/nfs/data/nvme_datasets/Pictures_CFSB_leaf_damage/2025_10_07_RSFB-Phenotyping_WG1_JLU/2025_10_07_RSFB-Phenotyping_WG1_JLU/20251007_125308.jpg,4.0,4.44669246673584,5.010034084320068,0.5633414387702942,1.0100340843200684,0.44669246673583984,rank,42,single_rater_weak
2025_10_07_RSFB-Phenotyping_WG1_JLU/2025_10_07_RSFB-Phenotyping_WG1_JLU/20251007_125315.jpg,plot_20af516f8934d967910b,wg_insects_t1_bbch10,/home/nfs/data/nvme_datasets/Pictures_CFSB_leaf_damage/2025_10_07_RSFB-Phenotyping_WG1_JLU/2025_10_07_RSFB-Phenotyping_WG1_JLU/20251007_125315.jpg,4.0,3.8064887523651123,5.023423194885254,1.2169342041015625,1.023423194885254,0.1935112476348877,rank,42,single_rater_weak
2025_10_07_RSFB-Phenotyping_WG1_JLU/2025_10_07_RSFB-Phenotyping_WG1_JLU/20251007_125336.jpg,plot_41f4bffea5cab47ba0c1,wg_insects_t1_bbch10,/home/nfs/data/nvme_datasets/Pictures_CFSB_leaf_damage/2025_10_07_RSFB-Phenotyping_WG1_JLU/2025_10_07_RSFB-Phenotyping_WG1_JLU/20251007_125336.jpg,15.0,4.180844783782959,4.564401149749756,0.3835562467575073,10.435598373413086,10.819154739379883,rank,42,single_rater_weak
2025_10_07_RSFB-Phenotyping_WG1_JLU/2025_10_07_RSFB-Phenotyping_WG1_JLU/20251007_125344.jpg,plot_41f4bffea5cab47ba0c1,wg_insects_t1_bbch10,/home/nfs/data/nvme_datasets/Pictures_CFSB_leaf_damage/2025_10_07_RSFB-Phenotyping_WG1_JLU/2025_10_07_RSFB-Phenotyping_WG1_JLU/20251007_125344.jpg,5.0,3.125753402709961,2.5788474082946777,-0.5469061136245728,2.4211525917053223,1.874246597290039,rank,42,single_rater_weak
2025_10_07_RSFB-Phenotyping_WG1_JLU/2025_10_07_RSFB-Phenotyping_WG1_JLU/20251007_125352.jpg,plot_41f4bffea5cab47ba0c1,wg_insects_t1_bbch10,/home/nfs/data/nvme_datasets/Pictures_CFSB_leaf_damage/2025_10_07_RSFB-Phenotyping_WG1_JLU/2025_10_07_RSFB-Phenotyping_WG1_JLU/20251007_125352.jpg,4.0,2.912992477416992,2.5211825370788574,-0.39180988073349,1.4788174629211426,1.0870075225830078,rank,42,single_rater_weak
2025_10_07_RSFB-Phenotyping_WG1_JLU/2025_10_07_RSFB-Phenotyping_WG1_JLU/20251007_125410.jpg,plot_781f98589b11cd6b6181,wg_insects_t1_bbch10,/home/nfs/data/nvme_datasets/Pictures_CFSB_leaf_damage/2025_10_07_RSFB-Phenotyping_WG1_JLU/2025_10_07_RSFB-Phenotyping_WG1_JLU/20251007_125410.jpg,15.0,3.8436756134033203,4.302381992340088,0.4587063789367676,10.69761848449707,11.15632438659668,rank,42,single_rater_weak
2025_10_07_RSFB-Phenotyping_WG1_JLU/2025_10_07_RSFB-Phenotyping_WG1_JLU/20251007_125419.jpg,plot_781f98589b11cd6b6181,wg_insects_t1_bbch10,/home/nfs/data/nvme_datasets/Pictures_CFSB_leaf_damage/2025_10_07_RSFB-Phenotyping_WG1_JLU/2025_10_07_RSFB-Phenotyping_WG1_JLU/20251007_125419.jpg,8.0,3.5405325889587402,3.7769675254821777,0.2364349067211151,4.223032474517822,4.45946741104126,rank,42,single_rater_weak
2025_10_07_RSFB-Phenotyping_WG1_JLU/2025_10_07_RSFB-Phenotyping_WG1_JLU/20251007_125428.jpg,plot_781f98589b11cd6b6181,wg_insects_t1_bbch10,/home/nfs/data/nvme_datasets/Pictures_CFSB_leaf_damage/2025_10_07_RSFB-Phenotyping_WG1_JLU/2025_10_07_RSFB-Phenotyping_WG1_JLU/20251007_125428.jpg,15.0,3.958411693572998,4.912718772888184,0.954306960105896,10.087281227111816,11.041587829589844,rank,42,single_rater_weak
2025_10_07_RSFB-Phenotyping_WG1_JLU/2025_10_07_RSFB-Phenotyping_WG1_JLU/20251007_125446.jpg,plot_c5977069cd433cb0a85e,wg_insects_t1_bbch10,/home/nfs/data/nvme_datasets/Pictures_CFSB_leaf_damage/2025_10_07_RSFB-Phenotyping_WG1_JLU/2025_10_07_RSFB-Phenotyping_WG1_JLU/20251007_125446.jpg,4.0,3.6509103775024414,3.552065849304199,-0.09884457290172577,0.4479341506958008,0.3490896224975586,rank,42,single_rater_weak
2025_10_07_RSFB-Phenotyping_WG1_JLU/2025_10_07_RSFB-Phenotyping_WG1_JLU/20251007_125454.jpg,plot_c5977069cd433cb0a85e,wg_insects_t1_bbch10,/home/nfs/data/nvme_datasets/Pictures_CFSB_leaf_damage/2025_10_07_RSFB-Phenotyping_WG1_JLU/2025_10_07_RSFB-Phenotyping_WG1_JLU/20251007_125454.jpg,3.0,4.79003381729126,4.686396598815918,-0.10363724827766418,1.686396598815918,1.7900338172912598,rank,42,single_rater_weak
2025_10_07_RSFB-Phenotyping_WG1_JLU/2025_10_07_RSFB-Phenotyping_WG1_JLU/20251007_125500.jpg,plot_c5977069cd433cb0a85e,wg_insects_t1_bbch10,/home/nfs/data/nvme_datasets/Pictures_CFSB_leaf_damage/2025_10_07_RSFB-Phenotyping_WG1_JLU/2025_10_07_RSFB-Phenotyping_WG1_JLU/20251007_125500.jpg,16.0,3.8144001960754395,3.588176727294922,-0.2262233942747116,12.411823272705078,12.185600280761719,rank,42,single_rater_weak
2025_10_07_RSFB-Phenotyping_WG1_JLU/2025_10_07_RSFB-Phenotyping_WG1_JLU/20251007_125520.jpg,plot_2080446bf49c603d321e,wg_insects_t1_bbch10,/home/nfs/data/nvme_datasets/Pictures_CFSB_leaf_damage/2025_10_07_RSFB-Phenotyping_WG1_JLU/2025_10_07_RSFB-Phenotyping_WG1_JLU/20251007_125520.jpg,18.0,3.3529577255249023,3.1789298057556152,-0.17402781546115875,14.821069717407227,14.647042274475098,rank,42,single_rater_weak
2025_10_07_RSFB-Phenotyping_WG1_JLU/2025_10_07_RSFB-Phenotyping_WG1_JLU/20251007_125527.jpg,plot_2080446bf49c603d321e,wg_insects_t1_bbch10,/home/nfs/data/nvme_datasets/Pictures_CFSB_leaf_damage/2025_10_07_RSFB-Phenotyping_WG1_JLU/2025_10_07_RSFB-Phenotyping_WG1_JLU/20251007_125527.jpg,15.0,2.641848564147949,2.422800064086914,-0.21904858946800232,12.577199935913086,12.35815143585205,rank,42,single_rater_weak
2025_10_07_RSFB-Phenotyping_WG1_JLU/2025_10_07_RSFB-Phenotyping_WG1_JLU/20251007_125535.jpg,plot_2080446bf49c603d321e,wg_insects_t1_bbch10,/home/nfs/data/nvme_datasets/Pictures_CFSB_leaf_damage/2025_10_07_RSFB-Phenotyping_WG1_JLU/2025_10_07_RSFB-Phenotyping_WG1_JLU/20251007_125535.jpg,18.0,3.3519463539123535,3.137228012084961,-0.2147183120250702,14.862771987915039,14.648054122924805,rank,42,single_rater_weak
2025_10_07_RSFB-Phenotyping_WG1_JLU/2025_10_07_RSFB-Phenotyping_WG1_JLU/20251007_125552.jpg,plot_f6076588cf1679b16da6,wg_insects_t1_bbch10,/home/nfs/data/nvme_datasets/Pictures_CFSB_leaf_damage/2025_10_07_RSFB-Phenotyping_WG1_JLU/2025_10_07_RSFB-Phenotyping_WG1_JLU/20251007_125552.jpg,12.0,3.312211513519287,2.952221155166626,-0.3599904477596283,9.047779083251953,8.687788009643555,rank,42,single_rater_weak
2025_10_07_RSFB-Phenotyping_WG1_JLU/2025_10_07_RSFB-Phenotyping_WG1_JLU/20251007_125603.jpg,plot_f6076588cf1679b16da6,wg_insects_t1_bbch10,/home/nfs/data/nvme_datasets/Pictures_CFSB_leaf_damage/2025_10_07_RSFB-Phenotyping_WG1_JLU/2025_10_07_RSFB-Phenotyping_WG1_JLU/20251007_125603.jpg,3.0,5.709930419921875,5.827793121337891,0.11786253750324249,2.8277931213378906,2.709930419921875,rank,42,single_rater_weak
2025_10_07_RSFB-Phenotyping_WG1_JLU/2025_10_07_RSFB-Phenotyping_WG1_JLU/20251007_125612.jpg,plot_f6076588cf1679b16da6,wg_insects_t1_bbch10,/home/nfs/data/nvme_datasets/Pictures_CFSB_leaf_damage/2025_10_07_RSFB-Phenotyping_WG1_JLU/2025_10_07_RSFB-Phenotyping_WG1_JLU/20251007_125612.jpg,3.0,3.3038320541381836,2.97316575050354,-0.3306662440299988,0.02683424949645996,0.3038320541381836,rank,42,single_rater_weak
2025_10_07_RSFB-Phenotyping_WG1_JLU/2025_10_07_RSFB-Phenotyping_WG1_JLU/20251007_125630.jpg,plot_9f6bf19ef64a741a9b0e,wg_insects_t1_bbch10,/home/nfs/data/nvme_datasets/Pictures_CFSB_leaf_damage/2025_10_07_RSFB-Phenotyping_WG1_JLU/2025_10_07_RSFB-Phenotyping_WG1_JLU/20251007_125630.jpg,4.0,2.834319591522217,3.135840892791748,0.301521360874176,0.864159107208252,1.1656804084777832,rank,42,single_rater_weak
2025_10_07_RSFB-Phenotyping_WG1_JLU/2025_10_07_RSFB-Phenotyping_WG1_JLU/20251007_125639.jpg,plot_9f6bf19ef64a741a9b0e,wg_insects_t1_bbch10,/home/nfs/data/nvme_datasets/Pictures_CFSB_leaf_damage/2025_10_07_RSFB-Phenotyping_WG1_JLU/2025_10_07_RSFB-Phenotyping_WG1_JLU/20251007_125639.jpg,1.0,3.03969669342041,2.6003763675689697,-0.43932032585144043,1.6003763675689697,2.03969669342041,rank,42,single_rater_weak
2025_10_07_RSFB-Phenotyping_WG1_JLU/2025_10_07_RSFB-Phenotyping_WG1_JLU/20251007_125647.jpg,plot_9f6bf19ef64a741a9b0e,wg_insects_t1_bbch10,/home/nfs/data/nvme_datasets/Pictures_CFSB_leaf_damage/2025_10_07_RSFB-Phenotyping_WG1_JLU/2025_10_07_RSFB-Phenotyping_WG1_JLU/20251007_125647.jpg,2.0,3.0980992317199707,3.948925495147705,0.8508262634277344,1.948925495147705,1.0980992317199707,rank,42,single_rater_weak
2025_10_07_RSFB-Phenotyping_WG1_JLU/2025_10_07_RSFB-Phenotyping_WG1_JLU/20251007_125709.jpg,plot_af5218b2d31690d5b33f,wg_insects_t1_bbch10,/home/nfs/data/nvme_datasets/Pictures_CFSB_leaf_damage/2025_10_07_RSFB-Phenotyping_WG1_JLU/2025_10_07_RSFB-Phenotyping_WG1_JLU/20251007_125709.jpg,3.0,1.0697226524353027,2.0772485733032227,1.00752592086792,0.9227514266967773,1.9302773475646973,rank,42,single_rater_weak
2025_10_07_RSFB-Phenotyping_WG1_JLU/2025_10_07_RSFB-Phenotyping_WG1_JLU/20251007_125718.jpg,plot_af5218b2d31690d5b33f,wg_insects_t1_bbch10,/home/nfs/data/nvme_datasets/Pictures_CFSB_leaf_damage/2025_10_07_RSFB-Phenotyping_WG1_JLU/2025_10_07_RSFB-Phenotyping_WG1_JLU/20251007_125718.jpg,3.0,3.2734527587890625,3.8807268142700195,0.607274055480957,0.8807268142700195,0.2734527587890625,rank,42,single_rater_weak
2025_10_07_RSFB-Phenotyping_WG1_JLU/2025_10_07_RSFB-Phenotyping_WG1_JLU/20251007_125726.jpg,plot_af5218b2d31690d5b33f,wg_insects_t1_bbch10,/home/nfs/data/nvme_datasets/Pictures_CFSB_leaf_damage/2025_10_07_RSFB-Phenotyping_WG1_JLU/2025_10_07_RSFB-Phenotyping_WG1_JLU/20251007_125726.jpg,15.0,5.394677639007568,5.712498188018799,0.31782066822052,9.28750228881836,9.605321884155273,rank,42,single_rater_weak
2025_10_07_RSFB-Phenotyping_WG1_JLU/2025_10_07_RSFB-Phenotyping_WG1_JLU/20251007_125758.jpg,plot_748730d3bcce86bb8a6d,wg_insects_t1_bbch10,/home/nfs/data/nvme_datasets/Pictures_CFSB_leaf_damage/2025_10_07_RSFB-Phenotyping_WG1_JLU/2025_10_07_RSFB-Phenotyping_WG1_JLU/20251007_125758.jpg,12.0,3.073866844177246,4.010353088378906,0.9364863634109497,7.989646911621094,8.926133155822754,rank,42,single_rater_weak
2025_10_07_RSFB-Phenotyping_WG1_JLU/2025_10_07_RSFB-Phenotyping_WG1_JLU/20251007_125807.jpg,plot_748730d3bcce86bb8a6d,wg_insects_t1_bbch10,/home/nfs/data/nvme_datasets/Pictures_CFSB_leaf_damage/2025_10_07_RSFB-Phenotyping_WG1_JLU/2025_10_07_RSFB-Phenotyping_WG1_JLU/20251007_125807.jpg,13.0,3.618360996246338,3.3047239780426025,-0.3136369287967682,9.695276260375977,9.38163948059082,rank,42,single_rater_weak
2025_10_07_RSFB-Phenotyping_WG1_JLU/2025_10_07_RSFB-Phenotyping_WG1_JLU/20251007_125817.jpg,plot_748730d3bcce86bb8a6d,wg_insects_t1_bbch10,/home/nfs/data/nvme_datasets/Pictures_CFSB_leaf_damage/2025_10_07_RSFB-Phenotyping_WG1_JLU/2025_10_07_RSFB-Phenotyping_WG1_JLU/20251007_125817.jpg,4.0,3.166964054107666,3.7279438972473145,0.5609797835350037,0.27205610275268555,0.833035945892334,rank,42,single_rater_weak
2025_10_07_RSFB-Phenotyping_WG1_JLU/2025_10_07_RSFB-Phenotyping_WG1_JLU/20251007_125835.jpg,plot_3872ce02f02f4d97cda0,wg_insects_t1_bbch10,/home/nfs/data/nvme_datasets/Pictures_CFSB_leaf_damage/2025_10_07_RSFB-Phenotyping_WG1_JLU/2025_10_07_RSFB-Phenotyping_WG1_JLU/20251007_125835.jpg,18.0,5.750619888305664,6.442739963531494,0.6921198964118958,11.557260513305664,12.249380111694336,rank,42,single_rater_weak
2025_10_07_RSFB-Phenotyping_WG1_JLU/2025_10_07_RSFB-Phenotyping_WG1_JLU/20251007_125845.jpg,plot_3872ce02f02f4d97cda0,wg_insects_t1_bbch10,/home/nfs/data/nvme_datasets/Pictures_CFSB_leaf_damage/2025_10_07_RSFB-Phenotyping_WG1_JLU/2025_10_07_RSFB-Phenotyping_WG1_JLU/20251007_125845.jpg,15.0,5.606566429138184,6.523875713348389,0.9173094034194946,8.476123809814453,9.393433570861816,rank,42,single_rater_weak
2025_10_07_RSFB-Phenotyping_WG1_JLU/2025_10_07_RSFB-Phenotyping_WG1_JLU/20251007_125853.jpg,plot_3872ce02f02f4d97cda0,wg_insects_t1_bbch10,/home/nfs/data/nvme_datasets/Pictures_CFSB_leaf_damage/2025_10_07_RSFB-Phenotyping_WG1_JLU/2025_10_07_RSFB-Phenotyping_WG1_JLU/20251007_125853.jpg,16.0,3.983607292175293,4.508565902709961,0.524958610534668,11.491434097290039,12.016392707824707,rank,42,single_rater_weak
2025_10_07_RSFB-Phenotyping_WG1_JLU/2025_10_07_RSFB-Phenotyping_WG1_JLU/20251007_125911.jpg,plot_65eea01ba2506c15ed81,wg_insects_t1_bbch10,/home/nfs/data/nvme_datasets/Pictures_CFSB_leaf_damage/2025_10_07_RSFB-Phenotyping_WG1_JLU/2025_10_07_RSFB-Phenotyping_WG1_JLU/20251007_125911.jpg,5.0,2.4651031494140625,2.4432132244110107,-0.02188984677195549,2.5567867755889893,2.5348968505859375,rank,42,single_rater_weak
2025_10_07_RSFB-Phenotyping_WG1_JLU/2025_10_07_RSFB-Phenotyping_WG1_JLU/20251007_125918.jpg,plot_65eea01ba2506c15ed81,wg_insects_t1_bbch10,/home/nfs/data/nvme_datasets/Pictures_CFSB_leaf_damage/2025_10_07_RSFB-Phenotyping_WG1_JLU/2025_10_07_RSFB-Phenotyping_WG1_JLU/20251007_125918.jpg,5.0,1.9319634437561035,2.4145724773406982,0.48260900378227234,2.5854275226593018,3.0680365562438965,rank,42,single_rater_weak
2025_10_07_RSFB-Phenotyping_WG1_JLU/2025_10_07_RSFB-Phenotyping_WG1_JLU/20251007_125926.jpg,plot_65eea01ba2506c15ed81,wg_insects_t1_bbch10,/home/nfs/data/nvme_datasets/Pictures_CFSB_leaf_damage/2025_10_07_RSFB-Phenotyping_WG1_JLU/2025_10_07_RSFB-Phenotyping_WG1_JLU/20251007_125926.jpg,6.0,3.6344501972198486,3.6077980995178223,-0.026652052998542786,2.3922019004821777,2.3655498027801514,rank,42,single_rater_weak
2025_10_07_RSFB-Phenotyping_WG1_JLU/2025_10_07_RSFB-Phenotyping_WG1_JLU/20251007_125944.jpg,plot_4e65efbdcb5cafd1ab18,wg_insects_t1_bbch10,/home/nfs/data/nvme_datasets/Pictures_CFSB_leaf_damage/2025_10_07_RSFB-Phenotyping_WG1_JLU/2025_10_07_RSFB-Phenotyping_WG1_JLU/20251007_125944.jpg,13.0,2.785506248474121,2.9466230869293213,0.16111689805984497,10.053377151489258,10.214493751525879,rank,42,single_rater_weak
2025_10_07_RSFB-Phenotyping_WG1_JLU/2025_10_07_RSFB-Phenotyping_WG1_JLU/20251007_125951.jpg,plot_4e65efbdcb5cafd1ab18,wg_insects_t1_bbch10,/home/nfs/data/nvme_datasets/Pictures_CFSB_leaf_damage/2025_10_07_RSFB-Phenotyping_WG1_JLU/2025_10_07_RSFB-Phenotyping_WG1_JLU/20251007_125951.jpg,10.0,2.581920623779297,2.4197402000427246,-0.16218049824237823,7.580259799957275,7.418079376220703,rank,42,single_rater_weak
2025_10_07_RSFB-Phenotyping_WG1_JLU/2025_10_07_RSFB-Phenotyping_WG1_JLU/20251007_125959.jpg,plot_4e65efbdcb5cafd1ab18,wg_insects_t1_bbch10,/home/nfs/data/nvme_datasets/Pictures_CFSB_leaf_damage/2025_10_07_RSFB-Phenotyping_WG1_JLU/2025_10_07_RSFB-Phenotyping_WG1_JLU/20251007_125959.jpg,15.0,4.176183700561523,4.082558631896973,-0.09362488985061646,10.917441368103027,10.823816299438477,rank,42,single_rater_weak
2025_10_07_RSFB-Phenotyping_WG1_JLU/2025_10_07_RSFB-Phenotyping_WG1_JLU/20251007_130018.jpg,plot_ddcfcb8c282959206cbe,wg_insects_t1_bbch10,/home/nfs/data/nvme_datasets/Pictures_CFSB_leaf_damage/2025_10_07_RSFB-Phenotyping_WG1_JLU/2025_10_07_RSFB-Phenotyping_WG1_JLU/20251007_130018.jpg,4.0,4.192089080810547,5.000554084777832,0.808464765548706,1.000554084777832,0.19208908081054688,rank,42,single_rater_weak
2025_10_07_RSFB-Phenotyping_WG1_JLU/2025_10_07_RSFB-Phenotyping_WG1_JLU/20251007_130026.jpg,plot_ddcfcb8c282959206cbe,wg_insects_t1_bbch10,/home/nfs/data/nvme_datasets/Pictures_CFSB_leaf_damage/2025_10_07_RSFB-Phenotyping_WG1_JLU/2025_10_07_RSFB-Phenotyping_WG1_JLU/20251007_130026.jpg,8.0,4.049808979034424,4.244480133056641,0.19467127323150635,3.7555198669433594,3.950191020965576,rank,42,single_rater_weak
2025_10_07_RSFB-Phenotyping_WG1_JLU/2025_10_07_RSFB-Phenotyping_WG1_JLU/20251007_130033.jpg,plot_ddcfcb8c282959206cbe,wg_insects_t1_bbch10,/home/nfs/data/nvme_datasets/Pictures_CFSB_leaf_damage/2025_10_07_RSFB-Phenotyping_WG1_JLU/2025_10_07_RSFB-Phenotyping_WG1_JLU/20251007_130033.jpg,3.0,4.5350847244262695,4.797824859619141,0.26274001598358154,1.7978248596191406,1.5350847244262695,rank,42,single_rater_weak
2025_10_07_RSFB-Phenotyping_WG1_JLU/2025_10_07_RSFB-Phenotyping_WG1_JLU/20251007_130102.jpg,plot_1ebe9957308b8d3d6f7c,wg_insects_t1_bbch10,/home/nfs/data/nvme_datasets/Pictures_CFSB_leaf_damage/2025_10_07_RSFB-Phenotyping_WG1_JLU/2025_10_07_RSFB-Phenotyping_WG1_JLU/20251007_130102.jpg,2.0,3.0150537490844727,2.673539638519287,-0.3415140211582184,0.6735396385192871,1.0150537490844727,rank,42,single_rater_weak
2025_10_07_RSFB-Phenotyping_WG1_JLU/2025_10_07_RSFB-Phenotyping_WG1_JLU/20251007_130110.jpg,plot_1ebe9957308b8d3d6f7c,wg_insects_t1_bbch10,/home/nfs/data/nvme_datasets/Pictures_CFSB_leaf_damage/2025_10_07_RSFB-Phenotyping_WG1_JLU/2025_10_07_RSFB-Phenotyping_WG1_JLU/20251007_130110.jpg,17.0,3.353799343109131,3.6505603790283203,0.29676103591918945,13.34943962097168,13.646200180053711,rank,42,single_rater_weak
2025_10_07_RSFB-Phenotyping_WG1_JLU/2025_10_07_RSFB-Phenotyping_WG1_JLU/20251007_130118.jpg,plot_1ebe9957308b8d3d6f7c,wg_insects_t1_bbch10,/home/nfs/data/nvme_datasets/Pictures_CFSB_leaf_damage/2025_10_07_RSFB-Phenotyping_WG1_JLU/2025_10_07_RSFB-Phenotyping_WG1_JLU/20251007_130118.jpg,3.0,3.067507743835449,3.2667198181152344,0.1992121934890747,0.2667198181152344,0.06750774383544922,rank,42,single_rater_weak
2025_10_07_RSFB-Phenotyping_WG1_JLU/2025_10_07_RSFB-Phenotyping_WG1_JLU/20251007_130138.jpg,plot_2bd45c6deaec7c317449,wg_insects_t1_bbch10,/home/nfs/data/nvme_datasets/Pictures_CFSB_leaf_damage/2025_10_07_RSFB-Phenotyping_WG1_JLU/2025_10_07_RSFB-Phenotyping_WG1_JLU/20251007_130138.jpg,3.0,3.175227165222168,3.7533576488494873,0.5781304836273193,0.7533576488494873,0.17522716522216797,rank,42,single_rater_weak
2025_10_07_RSFB-Phenotyping_WG1_JLU/2025_10_07_RSFB-Phenotyping_WG1_JLU/20251007_130145.jpg,plot_2bd45c6deaec7c317449,wg_insects_t1_bbch10,/home/nfs/data/nvme_datasets/Pictures_CFSB_leaf_damage/2025_10_07_RSFB-Phenotyping_WG1_JLU/2025_10_07_RSFB-Phenotyping_WG1_JLU/20251007_130145.jpg,1.0,2.7936363220214844,3.2754406929016113,0.48180443048477173,2.2754406929016113,1.7936363220214844,rank,42,single_rater_weak
2025_10_07_RSFB-Phenotyping_WG1_JLU/2025_10_07_RSFB-Phenotyping_WG1_JLU/20251007_130154.jpg,plot_2bd45c6deaec7c317449,wg_insects_t1_bbch10,/home/nfs/data/nvme_datasets/Pictures_CFSB_leaf_damage/2025_10_07_RSFB-Phenotyping_WG1_JLU/2025_10_07_RSFB-Phenotyping_WG1_JLU/20251007_130154.jpg,2.0,2.062856674194336,2.3591527938842773,0.2962961196899414,0.35915279388427734,0.06285667419433594,rank,42,single_rater_weak
2025_10_07_RSFB-Phenotyping_WG1_JLU/2025_10_07_RSFB-Phenotyping_WG1_JLU/20251007_130215.jpg,plot_daabce6fa0c139346130,wg_insects_t1_bbch10,/home/nfs/data/nvme_datasets/Pictures_CFSB_leaf_damage/2025_10_07_RSFB-Phenotyping_WG1_JLU/2025_10_07_RSFB-Phenotyping_WG1_JLU/20251007_130215.jpg,2.0,3.9486987590789795,4.066844463348389,0.11814559996128082,2.0668444633483887,1.9486987590789795,rank,42,single_rater_weak
2025_10_07_RSFB-Phenotyping_WG1_JLU/2025_10_07_RSFB-Phenotyping_WG1_JLU/20251007_130224.jpg,plot_daabce6fa0c139346130,wg_insects_t1_bbch10,/home/nfs/data/nvme_datasets/Pictures_CFSB_leaf_damage/2025_10_07_RSFB-Phenotyping_WG1_JLU/2025_10_07_RSFB-Phenotyping_WG1_JLU/20251007_130224.jpg,3.0,2.9114584922790527,2.5487256050109863,-0.36273300647735596,0.45127439498901367,0.08854150772094727,rank,42,single_rater_weak
2025_10_07_RSFB-Phenotyping_WG1_JLU/2025_10_07_RSFB-Phenotyping_WG1_JLU/20251007_130234.jpg,plot_daabce6fa0c139346130,wg_insects_t1_bbch10,/home/nfs/data/nvme_datasets/Pictures_CFSB_leaf_damage/2025_10_07_RSFB-Phenotyping_WG1_JLU/2025_10_07_RSFB-Phenotyping_WG1_JLU/20251007_130234.jpg,3.0,4.260454177856445,4.218837261199951,-0.04161673039197922,1.2188372611999512,1.2604541778564453,rank,42,single_rater_weak
2025_10_07_RSFB-Phenotyping_WG1_JLU/2025_10_07_RSFB-Phenotyping_WG1_JLU/20251007_130253.jpg,plot_4206598cc044b47acb7d,wg_insects_t1_bbch10,/home/nfs/data/nvme_datasets/Pictures_CFSB_leaf_damage/2025_10_07_RSFB-Phenotyping_WG1_JLU/2025_10_07_RSFB-Phenotyping_WG1_JLU/20251007_130253.jpg,8.0,5.105946063995361,5.535910606384277,0.42996466159820557,2.4640893936157227,2.8940539360046387,rank,42,single_rater_weak
2025_10_07_RSFB-Phenotyping_WG1_JLU/2025_10_07_RSFB-Phenotyping_WG1_JLU/20251007_130304.jpg,plot_4206598cc044b47acb7d,wg_insects_t1_bbch10,/home/nfs/data/nvme_datasets/Pictures_CFSB_leaf_damage/2025_10_07_RSFB-Phenotyping_WG1_JLU/2025_10_07_RSFB-Phenotyping_WG1_JLU/20251007_130304.jpg,4.0,2.8258090019226074,2.7580857276916504,-0.06772319227457047,1.2419142723083496,1.1741909980773926,rank,42,single_rater_weak
2025_10_07_RSFB-Phenotyping_WG1_JLU/2025_10_07_RSFB-Phenotyping_WG1_JLU/20251007_130312.jpg,plot_4206598cc044b47acb7d,wg_insects_t1_bbch10,/home/nfs/data/nvme_datasets/Pictures_CFSB_leaf_damage/2025_10_07_RSFB-Phenotyping_WG1_JLU/2025_10_07_RSFB-Phenotyping_WG1_JLU/20251007_130312.jpg,1.0,2.4621591567993164,2.4034759998321533,-0.05868324637413025,1.4034759998321533,1.4621591567993164,rank,42,single_rater_weak
2025_10_07_RSFB-Phenotyping_WG1_JLU/2025_10_07_RSFB-Phenotyping_WG1_JLU/20251007_130332.jpg,plot_e1385eb9c590436bd736,wg_insects_t1_bbch10,/home/nfs/data/nvme_datasets/Pictures_CFSB_leaf_damage/2025_10_07_RSFB-Phenotyping_WG1_JLU/2025_10_07_RSFB-Phenotyping_WG1_JLU/20251007_130332.jpg,2.0,2.9672985076904297,2.413419246673584,-0.5538792610168457,0.413419246673584,0.9672985076904297,rank,42,single_rater_weak
2025_10_07_RSFB-Phenotyping_WG1_JLU/2025_10_07_RSFB-Phenotyping_WG1_JLU/20251007_130342.jpg,plot_e1385eb9c590436bd736,wg_insects_t1_bbch10,/home/nfs/data/nvme_datasets/Pictures_CFSB_leaf_damage/2025_10_07_RSFB-Phenotyping_WG1_JLU/2025_10_07_RSFB-Phenotyping_WG1_JLU/20251007_130342.jpg,3.0,2.7605433464050293,2.664093255996704,-0.09645015001296997,0.3359067440032959,0.2394566535949707,rank,42,single_rater_weak
2025_10_07_RSFB-Phenotyping_WG1_JLU/2025_10_07_RSFB-Phenotyping_WG1_JLU/20251007_130349.jpg,plot_e1385eb9c590436bd736,wg_insects_t1_bbch10,/home/nfs/data/nvme_datasets/Pictures_CFSB_leaf_damage/2025_10_07_RSFB-Phenotyping_WG1_JLU/2025_10_07_RSFB-Phenotyping_WG1_JLU/20251007_130349.jpg,2.0,4.223881244659424,4.281006813049316,0.057125769555568695,2.2810068130493164,2.223881244659424,rank,42,single_rater_weak
2025_10_07_RSFB-Phenotyping_WG1_JLU/2025_10_07_RSFB-Phenotyping_WG1_JLU/20251007_130409.jpg,plot_a2d22d7d1cf2377876ce,wg_insects_t1_bbch10,/home/nfs/data/nvme_datasets/Pictures_CFSB_leaf_damage/2025_10_07_RSFB-Phenotyping_WG1_JLU/2025_10_07_RSFB-Phenotyping_WG1_JLU/20251007_130409.jpg,10.0,4.631988048553467,4.779309272766113,0.14732123911380768,5.220690727233887,5.368011951446533,rank,42,single_rater_weak
2025_10_07_RSFB-Phenotyping_WG1_JLU/2025_10_07_RSFB-Phenotyping_WG1_JLU/20251007_130417.jpg,plot_a2d22d7d1cf2377876ce,wg_insects_t1_bbch10,/home/nfs/data/nvme_datasets/Pictures_CFSB_leaf_damage/2025_10_07_RSFB-Phenotyping_WG1_JLU/2025_10_07_RSFB-Phenotyping_WG1_JLU/20251007_130417.jpg,8.0,4.2797956466674805,3.95574951171875,-0.3240460157394409,4.04425048828125,3.7202043533325195,rank,42,single_rater_weak
2025_10_07_RSFB-Phenotyping_WG1_JLU/2025_10_07_RSFB-Phenotyping_WG1_JLU/20251007_130424.jpg,plot_a2d22d7d1cf2377876ce,wg_insects_t1_bbch10,/home/nfs/data/nvme_datasets/Pictures_CFSB_leaf_damage/2025_10_07_RSFB-Phenotyping_WG1_JLU/2025_10_07_RSFB-Phenotyping_WG1_JLU/20251007_130424.jpg,23.0,3.5872981548309326,4.045130252838135,0.4578322172164917,18.954870223999023,19.412702560424805,rank,42,single_rater_weak
2025_10_07_RSFB-Phenotyping_WG1_JLU/2025_10_07_RSFB-Phenotyping_WG1_JLU/20251007_130444.jpg,plot_6f29d2d8e263d28a77d4,wg_insects_t1_bbch10,/home/nfs/data/nvme_datasets/Pictures_CFSB_leaf_damage/2025_10_07_RSFB-Phenotyping_WG1_JLU/2025_10_07_RSFB-Phenotyping_WG1_JLU/20251007_130444.jpg,12.0,2.796492576599121,3.033900022506714,0.23740744590759277,8.966099739074707,9.203507423400879,rank,42,single_rater_weak
2025_10_07_RSFB-Phenotyping_WG1_JLU/2025_10_07_RSFB-Phenotyping_WG1_JLU/20251007_130454.jpg,plot_6f29d2d8e263d28a77d4,wg_insects_t1_bbch10,/home/nfs/data/nvme_datasets/Pictures_CFSB_leaf_damage/2025_10_07_RSFB-Phenotyping_WG1_JLU/2025_10_07_RSFB-Phenotyping_WG1_JLU/20251007_130454.jpg,3.0,3.5932345390319824,3.432870388031006,-0.1603640913963318,0.43287038803100586,0.5932345390319824,rank,42,single_rater_weak
2025_10_07_RSFB-Phenotyping_WG1_JLU/2025_10_07_RSFB-Phenotyping_WG1_JLU/20251007_130504.jpg,plot_6f29d2d8e263d28a77d4,wg_insects_t1_bbch10,/home/nfs/data/nvme_datasets/Pictures_CFSB_leaf_damage/2025_10_07_RSFB-Phenotyping_WG1_JLU/2025_10_07_RSFB-Phenotyping_WG1_JLU/20251007_130504.jpg,4.0,4.115331649780273,4.346980571746826,0.23164881765842438,0.34698057174682617,0.11533164978027344,rank,42,single_rater_weak
2025_10_07_RSFB-Phenotyping_WG1_JLU/2025_10_07_RSFB-Phenotyping_WG1_JLU/20251007_130526.jpg,plot_3185dcaf01720036eb25,wg_insects_t1_bbch10,/home/nfs/data/nvme_datasets/Pictures_CFSB_leaf_damage/2025_10_07_RSFB-Phenotyping_WG1_JLU/2025_10_07_RSFB-Phenotyping_WG1_JLU/20251007_130526.jpg,4.0,2.914649486541748,2.9538495540618896,0.03920016810297966,1.0461504459381104,1.085350513458252,rank,42,single_rater_weak
2025_10_07_RSFB-Phenotyping_WG1_JLU/2025_10_07_RSFB-Phenotyping_WG1_JLU/20251007_130534.jpg,plot_3185dcaf01720036eb25,wg_insects_t1_bbch10,/home/nfs/data/nvme_datasets/Pictures_CFSB_leaf_damage/2025_10_07_RSFB-Phenotyping_WG1_JLU/2025_10_07_RSFB-Phenotyping_WG1_JLU/20251007_130534.jpg,13.0,3.3476810455322266,3.8108365535736084,0.46315547823905945,9.189163208007812,9.652318954467773,rank,42,single_rater_weak
2025_10_07_RSFB-Phenotyping_WG1_JLU/2025_10_07_RSFB-Phenotyping_WG1_JLU/20251007_130543.jpg,plot_3185dcaf01720036eb25,wg_insects_t1_bbch10,/home/nfs/data/nvme_datasets/Pictures_CFSB_leaf_damage/2025_10_07_RSFB-Phenotyping_WG1_JLU/2025_10_07_RSFB-Phenotyping_WG1_JLU/20251007_130543.jpg,5.0,2.2540030479431152,2.1905059814453125,-0.0634971484541893,2.8094940185546875,2.7459969520568848,rank,42,single_rater_weak
2025_10_07_RSFB-Phenotyping_WG1_JLU/2025_10_07_RSFB-Phenotyping_WG1_JLU/20251007_130612.jpg,plot_504180001e19348e8218,wg_insects_t1_bbch10,/home/nfs/data/nvme_datasets/Pictures_CFSB_leaf_damage/2025_10_07_RSFB-Phenotyping_WG1_JLU/2025_10_07_RSFB-Phenotyping_WG1_JLU/20251007_130612.jpg,2.0,2.6794228553771973,2.9669418334960938,0.28751885890960693,0.9669418334960938,0.6794228553771973,rank,42,single_rater_weak
2025_10_07_RSFB-Phenotyping_WG1_JLU/2025_10_07_RSFB-Phenotyping_WG1_JLU/20251007_130619.jpg,plot_504180001e19348e8218,wg_insects_t1_bbch10,/home/nfs/data/nvme_datasets/Pictures_CFSB_leaf_damage/2025_10_07_RSFB-Phenotyping_WG1_JLU/2025_10_07_RSFB-Phenotyping_WG1_JLU/20251007_130619.jpg,2.0,4.940624237060547,5.697041988372803,0.7564175724983215,3.6970419883728027,2.940624237060547,rank,42,single_rater_weak
2025_10_07_RSFB-Phenotyping_WG1_JLU/2025_10_07_RSFB-Phenotyping_WG1_JLU/20251007_130627.jpg,plot_504180001e19348e8218,wg_insects_t1_bbch10,/home/nfs/data/nvme_datasets/Pictures_CFSB_leaf_damage/2025_10_07_RSFB-Phenotyping_WG1_JLU/2025_10_07_RSFB-Phenotyping_WG1_JLU/20251007_130627.jpg,1.0,2.1256980895996094,2.325815200805664,0.20011723041534424,1.325815200805664,1.1256980895996094,rank,42,single_rater_weak
2025_10_07_RSFB-Phenotyping_WG1_JLU/2025_10_07_RSFB-Phenotyping_WG1_JLU/20251007_130648.jpg,plot_f179b08f0fba3c9f4d06,wg_insects_t1_bbch10,/home/nfs/data/nvme_datasets/Pictures_CFSB_leaf_damage/2025_10_07_RSFB-Phenotyping_WG1_JLU/2025_10_07_RSFB-Phenotyping_WG1_JLU/20251007_130648.jpg,4.0,3.1810555458068848,3.2231733798980713,0.04211784899234772,0.7768266201019287,0.8189444541931152,rank,42,single_rater_weak
2025_10_07_RSFB-Phenotyping_WG1_JLU/2025_10_07_RSFB-Phenotyping_WG1_JLU/20251007_130656.jpg,plot_f179b08f0fba3c9f4d06,wg_insects_t1_bbch10,/home/nfs/data/nvme_datasets/Pictures_CFSB_leaf_damage/2025_10_07_RSFB-Phenotyping_WG1_JLU/2025_10_07_RSFB-Phenotyping_WG1_JLU/20251007_130656.jpg,2.0,3.549347162246704,3.6279900074005127,0.07864288985729218,1.6279900074005127,1.549347162246704,rank,42,single_rater_weak
2025_10_07_RSFB-Phenotyping_WG1_JLU/2025_10_07_RSFB-Phenotyping_WG1_JLU/20251007_130705.jpg,plot_f179b08f0fba3c9f4d06,wg_insects_t1_bbch10,/home/nfs/data/nvme_datasets/Pictures_CFSB_leaf_damage/2025_10_07_RSFB-Phenotyping_WG1_JLU/2025_10_07_RSFB-Phenotyping_WG1_JLU/20251007_130705.jpg,18.0,6.398591041564941,7.017567157745361,0.6189762353897095,10.982433319091797,11.601408958435059,rank,42,single_rater_weak
2025_10_07_RSFB-Phenotyping_WG1_JLU/2025_10_07_RSFB-Phenotyping_WG1_JLU/20251007_130726.jpg,plot_78287cf2b6571cf498a7,wg_insects_t1_bbch10,/home/nfs/data/nvme_datasets/Pictures_CFSB_leaf_damage/2025_10_07_RSFB-Phenotyping_WG1_JLU/2025_10_07_RSFB-Phenotyping_WG1_JLU/20251007_130726.jpg,14.0,6.005797386169434,6.901673316955566,0.8958757519721985,7.098326683044434,7.994202613830566,rank,42,single_rater_weak
2025_10_07_RSFB-Phenotyping_WG1_JLU/2025_10_07_RSFB-Phenotyping_WG1_JLU/20251007_130733.jpg,plot_78287cf2b6571cf498a7,wg_insects_t1_bbch10,/home/nfs/data/nvme_datasets/Pictures_CFSB_leaf_damage/2025_10_07_RSFB-Phenotyping_WG1_JLU/2025_10_07_RSFB-Phenotyping_WG1_JLU/20251007_130733.jpg,4.0,3.147400379180908,3.1941781044006348,0.046777740120887756,0.8058218955993652,0.8525996208190918,rank,42,single_rater_weak
2025_10_07_RSFB-Phenotyping_WG1_JLU/2025_10_07_RSFB-Phenotyping_WG1_JLU/20251007_130740.jpg,plot_78287cf2b6571cf498a7,wg_insects_t1_bbch10,/home/nfs/data/nvme_datasets/Pictures_CFSB_leaf_damage/2025_10_07_RSFB-Phenotyping_WG1_JLU/2025_10_07_RSFB-Phenotyping_WG1_JLU/20251007_130740.jpg,2.0,3.4471664428710938,3.6618683338165283,0.21470192074775696,1.6618683338165283,1.4471664428710938,rank,42,single_rater_weak
2025_10_07_RSFB-Phenotyping_WG1_JLU/2025_10_07_RSFB-Phenotyping_WG1_JLU/20251007_130758.jpg,plot_aa30bb17fa7e5df833e2,wg_insects_t1_bbch10,/home/nfs/data/nvme_datasets/Pictures_CFSB_leaf_damage/2025_10_07_RSFB-Phenotyping_WG1_JLU/2025_10_07_RSFB-Phenotyping_WG1_JLU/20251007_130758.jpg,13.0,2.5602622032165527,2.9750242233276367,0.414762020111084,10.024975776672363,10.439737319946289,rank,42,single_rater_weak
2025_10_07_RSFB-Phenotyping_WG1_JLU/2025_10_07_RSFB-Phenotyping_WG1_JLU/20251007_130804.jpg,plot_aa30bb17fa7e5df833e2,wg_insects_t1_bbch10,/home/nfs/data/nvme_datasets/Pictures_CFSB_leaf_damage/2025_10_07_RSFB-Phenotyping_WG1_JLU/2025_10_07_RSFB-Phenotyping_WG1_JLU/20251007_130804.jpg,8.0,2.0528788566589355,2.0100467205047607,-0.04283219203352928,5.98995304107666,5.9471211433410645,rank,42,single_rater_weak
2025_10_07_RSFB-Phenotyping_WG1_JLU/2025_10_07_RSFB-Phenotyping_WG1_JLU/20251007_130811.jpg,plot_aa30bb17fa7e5df833e2,wg_insects_t1_bbch10,/home/nfs/data/nvme_datasets/Pictures_CFSB_leaf_damage/2025_10_07_RSFB-Phenotyping_WG1_JLU/2025_10_07_RSFB-Phenotyping_WG1_JLU/20251007_130811.jpg,3.0,3.753615140914917,4.090049743652344,0.33643484115600586,1.0900497436523438,0.753615140914917,rank,42,single_rater_weak
2025_10_07_RSFB-Phenotyping_WG1_JLU/2025_10_07_RSFB-Phenotyping_WG1_JLU/20251007_130830.jpg,plot_9131f3f6bd76778beb76,wg_insects_t1_bbch10,/home/nfs/data/nvme_datasets/Pictures_CFSB_leaf_damage/2025_10_07_RSFB-Phenotyping_WG1_JLU/2025_10_07_RSFB-Phenotyping_WG1_JLU/20251007_130830.jpg,8.0,3.342439651489258,3.864915370941162,0.5224757790565491,4.135084629058838,4.657560348510742,rank,42,single_rater_weak
2025_10_07_RSFB-Phenotyping_WG1_JLU/2025_10_07_RSFB-Phenotyping_WG1_JLU/20251007_130838.jpg,plot_9131f3f6bd76778beb76,wg_insects_t1_bbch10,/home/nfs/data/nvme_datasets/Pictures_CFSB_leaf_damage/2025_10_07_RSFB-Phenotyping_WG1_JLU/2025_10_07_RSFB-Phenotyping_WG1_JLU/20251007_130838.jpg,2.0,2.8782591819763184,2.736769676208496,-0.1414894461631775,0.7367696762084961,0.8782591819763184,rank,42,single_rater_weak
2025_10_07_RSFB-Phenotyping_WG1_JLU/2025_10_07_RSFB-Phenotyping_WG1_JLU/20251007_130845.jpg,plot_9131f3f6bd76778beb76,wg_insects_t1_bbch10,/home/nfs/data/nvme_datasets/Pictures_CFSB_leaf_damage/2025_10_07_RSFB-Phenotyping_WG1_JLU/2025_10_07_RSFB-Phenotyping_WG1_JLU/20251007_130845.jpg,8.0,3.5983474254608154,4.053442001342773,0.4550943970680237,3.9465579986572266,4.4016523361206055,rank,42,single_rater_weak
2025_10_07_RSFB-Phenotyping_WG1_JLU/2025_10_07_RSFB-Phenotyping_WG1_JLU/20251007_130925.jpg,plot_8ced70c78fc97cac2d07,wg_insects_t1_bbch10,/home/nfs/data/nvme_datasets/Pictures_CFSB_leaf_damage/2025_10_07_RSFB-Phenotyping_WG1_JLU/2025_10_07_RSFB-Phenotyping_WG1_JLU/20251007_130925.jpg,3.0,6.8267645835876465,7.657969951629639,0.8312053084373474,4.657969951629639,3.8267645835876465,rank,42,single_rater_weak
2025_10_07_RSFB-Phenotyping_WG1_JLU/2025_10_07_RSFB-Phenotyping_WG1_JLU/20251007_130934.jpg,plot_8ced70c78fc97cac2d07,wg_insects_t1_bbch10,/home/nfs/data/nvme_datasets/Pictures_CFSB_leaf_damage/2025_10_07_RSFB-Phenotyping_WG1_JLU/2025_10_07_RSFB-Phenotyping_WG1_JLU/20251007_130934.jpg,1.0,6.824329376220703,7.157855033874512,0.33352550864219666,6.157855033874512,5.824329376220703,rank,42,single_rater_weak
2025_10_07_RSFB-Phenotyping_WG1_JLU/2025_10_07_RSFB-Phenotyping_WG1_JLU/20251007_130943.jpg,plot_8ced70c78fc97cac2d07,wg_insects_t1_bbch10,/home/nfs/data/nvme_datasets/Pictures_CFSB_leaf_damage/2025_10_07_RSFB-Phenotyping_WG1_JLU/2025_10_07_RSFB-Phenotyping_WG1_JLU/20251007_130943.jpg,2.0,3.3637478351593018,3.2727975845336914,-0.0909501314163208,1.2727975845336914,1.3637478351593018,rank,42,single_rater_weak
2025_10_07_RSFB-Phenotyping_WG1_JLU/2025_10_07_RSFB-Phenotyping_WG1_JLU/20251007_131006.jpg,plot_f9a0a2ea5a8ea7c906d7,wg_insects_t1_bbch10,/home/nfs/data/nvme_datasets/Pictures_CFSB_leaf_damage/2025_10_07_RSFB-Phenotyping_WG1_JLU/2025_10_07_RSFB-Phenotyping_WG1_JLU/20251007_131006.jpg,4.0,8.292194366455078,9.315315246582031,1.0231205224990845,5.315315246582031,4.292194366455078,rank,42,single_rater_weak
2025_10_07_RSFB-Phenotyping_WG1_JLU/2025_10_07_RSFB-Phenotyping_WG1_JLU/20251007_131014.jpg,plot_f9a0a2ea5a8ea7c906d7,wg_insects_t1_bbch10,/home/nfs/data/nvme_datasets/Pictures_CFSB_leaf_damage/2025_10_07_RSFB-Phenotyping_WG1_JLU/2025_10_07_RSFB-Phenotyping_WG1_JLU/20251007_131014.jpg,19.0,9.382454872131348,9.708355903625488,0.32590121030807495,9.291644096374512,9.617545127868652,rank,42,single_rater_weak
2025_10_07_RSFB-Phenotyping_WG1_JLU/2025_10_07_RSFB-Phenotyping_WG1_JLU/20251007_131021.jpg,plot_f9a0a2ea5a8ea7c906d7,wg_insects_t1_bbch10,/home/nfs/data/nvme_datasets/Pictures_CFSB_leaf_damage/2025_10_07_RSFB-Phenotyping_WG1_JLU/2025_10_07_RSFB-Phenotyping_WG1_JLU/20251007_131021.jpg,2.0,7.7009806632995605,8.295845031738281,0.594864547252655,6.295845031738281,5.7009806632995605,rank,42,single_rater_weak
2025_10_07_RSFB-Phenotyping_WG1_JLU/2025_10_07_RSFB-Phenotyping_WG1_JLU/20251007_131039.jpg,plot_78e7e0789c84452c5544,wg_insects_t1_bbch10,/home/nfs/data/nvme_datasets/Pictures_CFSB_leaf_damage/2025_10_07_RSFB-Phenotyping_WG1_JLU/2025_10_07_RSFB-Phenotyping_WG1_JLU/20251007_131039.jpg,2.0,3.293886661529541,3.6756751537323,0.38178858160972595,1.6756751537322998,1.293886661529541,rank,42,single_rater_weak
2025_10_07_RSFB-Phenotyping_WG1_JLU/2025_10_07_RSFB-Phenotyping_WG1_JLU/20251007_131046.jpg,plot_78e7e0789c84452c5544,wg_insects_t1_bbch10,/home/nfs/data/nvme_datasets/Pictures_CFSB_leaf_damage/2025_10_07_RSFB-Phenotyping_WG1_JLU/2025_10_07_RSFB-Phenotyping_WG1_JLU/20251007_131046.jpg,3.0,7.151191711425781,8.218452453613281,1.0672610998153687,5.218452453613281,4.151191711425781,rank,42,single_rater_weak
2025_10_07_RSFB-Phenotyping_WG1_JLU/2025_10_07_RSFB-Phenotyping_WG1_JLU/20251007_131053.jpg,plot_78e7e0789c84452c5544,wg_insects_t1_bbch10,/home/nfs/data/nvme_datasets/Pictures_CFSB_leaf_damage/2025_10_07_RSFB-Phenotyping_WG1_JLU/2025_10_07_RSFB-Phenotyping_WG1_JLU/20251007_131053.jpg,1.0,1.3344507217407227,2.6092801094055176,1.2748295068740845,1.6092801094055176,0.33445072174072266,rank,42,single_rater_weak
2025_10_07_RSFB-Phenotyping_WG1_JLU/2025_10_07_RSFB-Phenotyping_WG1_JLU/20251007_131116.jpg,plot_87206044d7c8f4ed7e4f,wg_insects_t1_bbch10,/home/nfs/data/nvme_datasets/Pictures_CFSB_leaf_damage/2025_10_07_RSFB-Phenotyping_WG1_JLU/2025_10_07_RSFB-Phenotyping_WG1_JLU/20251007_131116.jpg,1.0,3.785796880722046,3.507310628890991,-0.2784861922264099,2.507310628890991,2.785796880722046,rank,42,single_rater_weak
2025_10_07_RSFB-Phenotyping_WG1_JLU/2025_10_07_RSFB-Phenotyping_WG1_JLU/20251007_131123.jpg,plot_87206044d7c8f4ed7e4f,wg_insects_t1_bbch10,/home/nfs/data/nvme_datasets/Pictures_CFSB_leaf_damage/2025_10_07_RSFB-Phenotyping_WG1_JLU/2025_10_07_RSFB-Phenotyping_WG1_JLU/20251007_131123.jpg,1.0,3.362509250640869,3.615729808807373,0.25322049856185913,2.615729808807373,2.362509250640869,rank,42,single_rater_weak
2025_10_07_RSFB-Phenotyping_WG1_JLU/2025_10_07_RSFB-Phenotyping_WG1_JLU/20251007_131133.jpg,plot_87206044d7c8f4ed7e4f,wg_insects_t1_bbch10,/home/nfs/data/nvme_datasets/Pictures_CFSB_leaf_damage/2025_10_07_RSFB-Phenotyping_WG1_JLU/2025_10_07_RSFB-Phenotyping_WG1_JLU/20251007_131133.jpg,2.0,3.5002529621124268,3.2854907512664795,-0.21476224064826965,1.2854907512664795,1.5002529621124268,rank,42,single_rater_weak
2025_10_07_RSFB-Phenotyping_WG1_JLU/2025_10_07_RSFB-Phenotyping_WG1_JLU/20251007_131150.jpg,plot_1917cffb7f35fb1f0351,wg_insects_t1_bbch10,/home/nfs/data/nvme_datasets/Pictures_CFSB_leaf_damage/2025_10_07_RSFB-Phenotyping_WG1_JLU/2025_10_07_RSFB-Phenotyping_WG1_JLU/20251007_131150.jpg,1.0,1.7957983016967773,2.149658441543579,0.35386019945144653,1.149658441543579,0.7957983016967773,rank,42,single_rater_weak
2025_10_07_RSFB-Phenotyping_WG1_JLU/2025_10_07_RSFB-Phenotyping_WG1_JLU/20251007_131200.jpg,plot_1917cffb7f35fb1f0351,wg_insects_t1_bbch10,/home/nfs/data/nvme_datasets/Pictures_CFSB_leaf_damage/2025_10_07_RSFB-Phenotyping_WG1_JLU/2025_10_07_RSFB-Phenotyping_WG1_JLU/20251007_131200.jpg,4.0,3.9641873836517334,5.063269138336182,1.0990816354751587,1.0632691383361816,0.0358126163482666,rank,42,single_rater_weak
2025_10_07_RSFB-Phenotyping_WG1_JLU/2025_10_07_RSFB-Phenotyping_WG1_JLU/20251007_131207.jpg,plot_1917cffb7f35fb1f0351,wg_insects_t1_bbch10,/home/nfs/data/nvme_datasets/Pictures_CFSB_leaf_damage/2025_10_07_RSFB-Phenotyping_WG1_JLU/2025_10_07_RSFB-Phenotyping_WG1_JLU/20251007_131207.jpg,3.0,2.6149215698242188,2.3302366733551025,-0.2846849262714386,0.6697633266448975,0.38507843017578125,rank,42,single_rater_weak
2025_10_07_RSFB-Phenotyping_WG1_JLU/2025_10_07_RSFB-Phenotyping_WG1_JLU/20251007_131225.jpg,plot_a0936eab9317839eecb3,wg_insects_t1_bbch10,/home/nfs/data/nvme_datasets/Pictures_CFSB_leaf_damage/2025_10_07_RSFB-Phenotyping_WG1_JLU/2025_10_07_RSFB-Phenotyping_WG1_JLU/20251007_131225.jpg,10.0,3.7630856037139893,4.571933269500732,0.8088474869728088,5.428066730499268,6.23691463470459,rank,42,single_rater_weak
2025_10_07_RSFB-Phenotyping_WG1_JLU/2025_10_07_RSFB-Phenotyping_WG1_JLU/20251007_131232.jpg,plot_a0936eab9317839eecb3,wg_insects_t1_bbch10,/home/nfs/data/nvme_datasets/Pictures_CFSB_leaf_damage/2025_10_07_RSFB-Phenotyping_WG1_JLU/2025_10_07_RSFB-Phenotyping_WG1_JLU/20251007_131232.jpg,16.0,2.9955873489379883,2.8748555183410645,-0.1207318976521492,13.125144958496094,13.004412651062012,rank,42,single_rater_weak
2025_10_07_RSFB-Phenotyping_WG1_JLU/2025_10_07_RSFB-Phenotyping_WG1_JLU/20251007_131240.jpg,plot_a0936eab9317839eecb3,wg_insects_t1_bbch10,/home/nfs/data/nvme_datasets/Pictures_CFSB_leaf_damage/2025_10_07_RSFB-Phenotyping_WG1_JLU/2025_10_07_RSFB-Phenotyping_WG1_JLU/20251007_131240.jpg,3.0,3.358304262161255,3.3932201862335205,0.03491591662168503,0.3932201862335205,0.3583042621612549,rank,42,single_rater_weak
2025_10_07_RSFB-Phenotyping_WG1_JLU/2025_10_07_RSFB-Phenotyping_WG1_JLU/20251007_131259.jpg,plot_42c804b6709b845c09a3,wg_insects_t1_bbch10,/home/nfs/data/nvme_datasets/Pictures_CFSB_leaf_damage/2025_10_07_RSFB-Phenotyping_WG1_JLU/2025_10_07_RSFB-Phenotyping_WG1_JLU/20251007_131259.jpg,8.0,3.8480801582336426,4.8443498611450195,0.9962698817253113,3.1556501388549805,4.151919841766357,rank,42,single_rater_weak
2025_10_07_RSFB-Phenotyping_WG1_JLU/2025_10_07_RSFB-Phenotyping_WG1_JLU/20251007_131305.jpg,plot_42c804b6709b845c09a3,wg_insects_t1_bbch10,/home/nfs/data/nvme_datasets/Pictures_CFSB_leaf_damage/2025_10_07_RSFB-Phenotyping_WG1_JLU/2025_10_07_RSFB-Phenotyping_WG1_JLU/20251007_131305.jpg,3.0,3.5329809188842773,4.0086669921875,0.47568586468696594,1.0086669921875,0.5329809188842773,rank,42,single_rater_weak
2025_10_07_RSFB-Phenotyping_WG1_JLU/2025_10_07_RSFB-Phenotyping_WG1_JLU/20251007_131312.jpg,plot_42c804b6709b845c09a3,wg_insects_t1_bbch10,/home/nfs/data/nvme_datasets/Pictures_CFSB_leaf_damage/2025_10_07_RSFB-Phenotyping_WG1_JLU/2025_10_07_RSFB-Phenotyping_WG1_JLU/20251007_131312.jpg,3.0,4.058403968811035,5.125183582305908,1.066779613494873,2.125183582305908,1.0584039688110352,rank,42,single_rater_weak
2025_10_07_RSFB-Phenotyping_WG1_JLU/2025_10_07_RSFB-Phenotyping_WG1_JLU/20251007_131332.jpg,plot_f8bd3526d9c55598df8e,wg_insects_t1_bbch10,/home/nfs/data/nvme_datasets/Pictures_CFSB_leaf_damage/2025_10_07_RSFB-Phenotyping_WG1_JLU/2025_10_07_RSFB-Phenotyping_WG1_JLU/20251007_131332.jpg,12.0,3.795905828475952,4.189352989196777,0.39344725012779236,7.810647010803223,8.204093933105469,rank,42,single_rater_weak
2025_10_07_RSFB-Phenotyping_WG1_JLU/2025_10_07_RSFB-Phenotyping_WG1_JLU/20251007_131339.jpg,plot_f8bd3526d9c55598df8e,wg_insects_t1_bbch10,/home/nfs/data/nvme_datasets/Pictures_CFSB_leaf_damage/2025_10_07_RSFB-Phenotyping_WG1_JLU/2025_10_07_RSFB-Phenotyping_WG1_JLU/20251007_131339.jpg,4.0,4.063373565673828,3.898524522781372,-0.16484902799129486,0.10147547721862793,0.06337356567382812,rank,42,single_rater_weak
2025_10_07_RSFB-Phenotyping_WG1_JLU/2025_10_07_RSFB-Phenotyping_WG1_JLU/20251007_131348.jpg,plot_f8bd3526d9c55598df8e,wg_insects_t1_bbch10,/home/nfs/data/nvme_datasets/Pictures_CFSB_leaf_damage/2025_10_07_RSFB-Phenotyping_WG1_JLU/2025_10_07_RSFB-Phenotyping_WG1_JLU/20251007_131348.jpg,5.0,1.494530200958252,2.2847743034362793,0.7902440428733826,2.7152256965637207,3.505469799041748,rank,42,single_rater_weak
2025_10_07_RSFB-Phenotyping_WG1_JLU/2025_10_07_RSFB-Phenotyping_WG1_JLU/20251007_131407.jpg,plot_6c38620dbfde231ed816,wg_insects_t1_bbch10,/home/nfs/data/nvme_datasets/Pictures_CFSB_leaf_damage/2025_10_07_RSFB-Phenotyping_WG1_JLU/2025_10_07_RSFB-Phenotyping_WG1_JLU/20251007_131407.jpg,2.0,2.8147268295288086,2.543348789215088,-0.2713780999183655,0.5433487892150879,0.8147268295288086,rank,42,single_rater_weak
2025_10_07_RSFB-Phenotyping_WG1_JLU/2025_10_07_RSFB-Phenotyping_WG1_JLU/20251007_131414.jpg,plot_6c38620dbfde231ed816,wg_insects_t1_bbch10,/home/nfs/data/nvme_datasets/Pictures_CFSB_leaf_damage/2025_10_07_RSFB-Phenotyping_WG1_JLU/2025_10_07_RSFB-Phenotyping_WG1_JLU/20251007_131414.jpg,3.0,3.0403356552124023,3.8756070137023926,0.8352714776992798,0.8756070137023926,0.040335655212402344,rank,42,single_rater_weak
2025_10_07_RSFB-Phenotyping_WG1_JLU/2025_10_07_RSFB-Phenotyping_WG1_JLU/20251007_131420.jpg,plot_6c38620dbfde231ed816,wg_insects_t1_bbch10,/home/nfs/data/nvme_datasets/Pictures_CFSB_leaf_damage/2025_10_07_RSFB-Phenotyping_WG1_JLU/2025_10_07_RSFB-Phenotyping_WG1_JLU/20251007_131420.jpg,4.0,3.8312630653381348,3.877565383911133,0.046302422881126404,0.12243461608886719,0.16873693466186523,rank,42,single_rater_weak
2025_10_07_RSFB-Phenotyping_WG1_JLU/2025_10_07_RSFB-Phenotyping_WG1_JLU/20251007_131438.jpg,plot_95a120ddcb4142f71cc8,wg_insects_t1_bbch10,/home/nfs/data/nvme_datasets/Pictures_CFSB_leaf_damage/2025_10_07_RSFB-Phenotyping_WG1_JLU/2025_10_07_RSFB-Phenotyping_WG1_JLU/20251007_131438.jpg,3.0,3.2210235595703125,2.9715754985809326,-0.24944806098937988,0.028424501419067383,0.2210235595703125,rank,42,single_rater_weak
2025_10_07_RSFB-Phenotyping_WG1_JLU/2025_10_07_RSFB-Phenotyping_WG1_JLU/20251007_131445.jpg,plot_95a120ddcb4142f71cc8,wg_insects_t1_bbch10,/home/nfs/data/nvme_datasets/Pictures_CFSB_leaf_damage/2025_10_07_RSFB-Phenotyping_WG1_JLU/2025_10_07_RSFB-Phenotyping_WG1_JLU/20251007_131445.jpg,2.0,2.8113222122192383,3.1623570919036865,0.35103487968444824,1.1623570919036865,0.8113222122192383,rank,42,single_rater_weak
2025_10_07_RSFB-Phenotyping_WG1_JLU/2025_10_07_RSFB-Phenotyping_WG1_JLU/20251007_131452.jpg,plot_95a120ddcb4142f71cc8,wg_insects_t1_bbch10,/home/nfs/data/nvme_datasets/Pictures_CFSB_leaf_damage/2025_10_07_RSFB-Phenotyping_WG1_JLU/2025_10_07_RSFB-Phenotyping_WG1_JLU/20251007_131452.jpg,2.0,3.523940086364746,4.241366386413574,0.7174262404441833,2.241366386413574,1.523940086364746,rank,42,single_rater_weak
2025_10_07_RSFB-Phenotyping_WG1_JLU/2025_10_07_RSFB-Phenotyping_WG1_JLU/20251007_131511.jpg,plot_070393c4afb318f09bba,wg_insects_t1_bbch10,/home/nfs/data/nvme_datasets/Pictures_CFSB_leaf_damage/2025_10_07_RSFB-Phenotyping_WG1_JLU/2025_10_07_RSFB-Phenotyping_WG1_JLU/20251007_131511.jpg,3.0,7.691803455352783,8.654613494873047,0.9628096222877502,5.654613494873047,4.691803455352783,rank,42,single_rater_weak
2025_10_07_RSFB-Phenotyping_WG1_JLU/2025_10_07_RSFB-Phenotyping_WG1_JLU/20251007_131518.jpg,plot_070393c4afb318f09bba,wg_insects_t1_bbch10,/home/nfs/data/nvme_datasets/Pictures_CFSB_leaf_damage/2025_10_07_RSFB-Phenotyping_WG1_JLU/2025_10_07_RSFB-Phenotyping_WG1_JLU/20251007_131518.jpg,2.0,2.6854467391967773,2.4875667095184326,-0.19788004457950592,0.4875667095184326,0.6854467391967773,rank,42,single_rater_weak
2025_10_07_RSFB-Phenotyping_WG1_JLU/2025_10_07_RSFB-Phenotyping_WG1_JLU/20251007_131525.jpg,plot_070393c4afb318f09bba,wg_insects_t1_bbch10,/home/nfs/data/nvme_datasets/Pictures_CFSB_leaf_damage/2025_10_07_RSFB-Phenotyping_WG1_JLU/2025_10_07_RSFB-Phenotyping_WG1_JLU/20251007_131525.jpg,2.0,2.526623249053955,3.090942621231079,0.5643194317817688,1.090942621231079,0.5266232490539551,rank,42,single_rater_weak
2025_10_07_RSFB-Phenotyping_WG1_JLU/2025_10_07_RSFB-Phenotyping_WG1_JLU/20251007_131545.jpg,plot_e9e70368065f615a5caf,wg_insects_t1_bbch10,/home/nfs/data/nvme_datasets/Pictures_CFSB_leaf_damage/2025_10_07_RSFB-Phenotyping_WG1_JLU/2025_10_07_RSFB-Phenotyping_WG1_JLU/20251007_131545.jpg,4.0,5.458853721618652,6.6175079345703125,1.1586542129516602,2.6175079345703125,1.4588537216186523,rank,42,single_rater_weak
2025_10_07_RSFB-Phenotyping_WG1_JLU/2025_10_07_RSFB-Phenotyping_WG1_JLU/20251007_131553.jpg,plot_e9e70368065f615a5caf,wg_insects_t1_bbch10,/home/nfs/data/nvme_datasets/Pictures_CFSB_leaf_damage/2025_10_07_RSFB-Phenotyping_WG1_JLU/2025_10_07_RSFB-Phenotyping_WG1_JLU/20251007_131553.jpg,2.0,3.562363624572754,3.37165904045105,-0.19070462882518768,1.3716590404510498,1.562363624572754,rank,42,single_rater_weak
2025_10_07_RSFB-Phenotyping_WG1_JLU/2025_10_07_RSFB-Phenotyping_WG1_JLU/20251007_131559.jpg,plot_e9e70368065f615a5caf,wg_insects_t1_bbch10,/home/nfs/data/nvme_datasets/Pictures_CFSB_leaf_damage/2025_10_07_RSFB-Phenotyping_WG1_JLU/2025_10_07_RSFB-Phenotyping_WG1_JLU/20251007_131559.jpg,1.0,1.8971195220947266,3.1241655349731445,1.227046012878418,2.1241655349731445,0.8971195220947266,rank,42,single_rater_weak
2025_10_07_RSFB-Phenotyping_WG1_JLU/2025_10_07_RSFB-Phenotyping_WG1_JLU/20251007_131619.jpg,plot_61e03f3c2084a75c02a0,wg_insects_t1_bbch10,/home/nfs/data/nvme_datasets/Pictures_CFSB_leaf_damage/2025_10_07_RSFB-Phenotyping_WG1_JLU/2025_10_07_RSFB-Phenotyping_WG1_JLU/20251007_131619.jpg,1.0,2.027383804321289,2.063040256500244,0.03565649688243866,1.0630402565002441,1.027383804321289,rank,42,single_rater_weak
2025_10_07_RSFB-Phenotyping_WG1_JLU/2025_10_07_RSFB-Phenotyping_WG1_JLU/20251007_131626.jpg,plot_61e03f3c2084a75c02a0,wg_insects_t1_bbch10,/home/nfs/data/nvme_datasets/Pictures_CFSB_leaf_damage/2025_10_07_RSFB-Phenotyping_WG1_JLU/2025_10_07_RSFB-Phenotyping_WG1_JLU/20251007_131626.jpg,3.0,2.6172752380371094,3.0005180835723877,0.3832428455352783,0.0005180835723876953,0.3827247619628906,rank,42,single_rater_weak
2025_10_07_RSFB-Phenotyping_WG1_JLU/2025_10_07_RSFB-Phenotyping_WG1_JLU/20251007_131632.jpg,plot_61e03f3c2084a75c02a0,wg_insects_t1_bbch10,/home/nfs/data/nvme_datasets/Pictures_CFSB_leaf_damage/2025_10_07_RSFB-Phenotyping_WG1_JLU/2025_10_07_RSFB-Phenotyping_WG1_JLU/20251007_131632.jpg,1.0,4.650906562805176,5.478218078613281,0.8273113369941711,4.478218078613281,3.650906562805176,rank,42,single_rater_weak
2025_10_07_RSFB-Phenotyping_WG1_JLU/2025_10_07_RSFB-Phenotyping_WG1_JLU/20251007_131654.jpg,plot_be5b81b9bfb5153b2e4f,wg_insects_t1_bbch10,/home/nfs/data/nvme_datasets/Pictures_CFSB_leaf_damage/2025_10_07_RSFB-Phenotyping_WG1_JLU/2025_10_07_RSFB-Phenotyping_WG1_JLU/20251007_131654.jpg,1.0,2.087686061859131,3.0528552532196045,0.9651691913604736,2.0528552532196045,1.0876860618591309,rank,42,single_rater_weak
2025_10_07_RSFB-Phenotyping_WG1_JLU/2025_10_07_RSFB-Phenotyping_WG1_JLU/20251007_131702.jpg,plot_be5b81b9bfb5153b2e4f,wg_insects_t1_bbch10,/home/nfs/data/nvme_datasets/Pictures_CFSB_leaf_damage/2025_10_07_RSFB-Phenotyping_WG1_JLU/2025_10_07_RSFB-Phenotyping_WG1_JLU/20251007_131702.jpg,3.0,5.3040642738342285,5.560145378112793,0.2560812532901764,2.560145378112793,2.3040642738342285,rank,42,single_rater_weak
2025_10_07_RSFB-Phenotyping_WG1_JLU/2025_10_07_RSFB-Phenotyping_WG1_JLU/20251007_131709.jpg,plot_be5b81b9bfb5153b2e4f,wg_insects_t1_bbch10,/home/nfs/data/nvme_datasets/Pictures_CFSB_leaf_damage/2025_10_07_RSFB-Phenotyping_WG1_JLU/2025_10_07_RSFB-Phenotyping_WG1_JLU/20251007_131709.jpg,2.0,3.356159210205078,3.5933449268341064,0.23718580603599548,1.5933449268341064,1.3561592102050781,rank,42,single_rater_weak
2025_10_07_RSFB-Phenotyping_WG1_JLU/2025_10_07_RSFB-Phenotyping_WG1_JLU/20251007_131724.jpg,plot_b7d7b9c1783bb935aca4,wg_insects_t1_bbch10,/home/nfs/data/nvme_datasets/Pictures_CFSB_leaf_damage/2025_10_07_RSFB-Phenotyping_WG1_JLU/2025_10_07_RSFB-Phenotyping_WG1_JLU/20251007_131724.jpg,1.0,2.8046798706054688,2.4796624183654785,-0.32501742243766785,1.4796624183654785,1.8046798706054688,rank,42,single_rater_weak
2025_10_07_RSFB-Phenotyping_WG1_JLU/2025_10_07_RSFB-Phenotyping_WG1_JLU/20251007_131732.jpg,plot_b7d7b9c1783bb935aca4,wg_insects_t1_bbch10,/home/nfs/data/nvme_datasets/Pictures_CFSB_leaf_damage/2025_10_07_RSFB-Phenotyping_WG1_JLU/2025_10_07_RSFB-Phenotyping_WG1_JLU/20251007_131732.jpg,2.0,4.004331111907959,4.426734924316406,0.4224039912223816,2.4267349243164062,2.004331111907959,rank,42,single_rater_weak
2025_10_07_RSFB-Phenotyping_WG1_JLU/2025_10_07_RSFB-Phenotyping_WG1_JLU/20251007_131738.jpg,plot_b7d7b9c1783bb935aca4,wg_insects_t1_bbch10,/home/nfs/data/nvme_datasets/Pictures_CFSB_leaf_damage/2025_10_07_RSFB-Phenotyping_WG1_JLU/2025_10_07_RSFB-Phenotyping_WG1_JLU/20251007_131738.jpg,4.0,4.001694679260254,4.875866413116455,0.8741715550422668,0.8758664131164551,0.0016946792602539062,rank,42,single_rater_weak
2025_10_07_RSFB-Phenotyping_WG1_JLU/2025_10_07_RSFB-Phenotyping_WG1_JLU/20251007_131800.jpg,plot_3d3a3d2699c09c09f151,wg_insects_t1_bbch10,/home/nfs/data/nvme_datasets/Pictures_CFSB_leaf_damage/2025_10_07_RSFB-Phenotyping_WG1_JLU/2025_10_07_RSFB-Phenotyping_WG1_JLU/20251007_131800.jpg,2.0,2.602597713470459,3.042145252227783,0.43954741954803467,1.0421452522277832,0.602597713470459,rank,42,single_rater_weak
2025_10_07_RSFB-Phenotyping_WG1_JLU/2025_10_07_RSFB-Phenotyping_WG1_JLU/20251007_131807.jpg,plot_3d3a3d2699c09c09f151,wg_insects_t1_bbch10,/home/nfs/data/nvme_datasets/Pictures_CFSB_leaf_damage/2025_10_07_RSFB-Phenotyping_WG1_JLU/2025_10_07_RSFB-Phenotyping_WG1_JLU/20251007_131807.jpg,6.0,5.955233097076416,6.3145432472229,0.3593101501464844,0.3145432472229004,0.044766902923583984,rank,42,single_rater_weak
2025_10_07_RSFB-Phenotyping_WG1_JLU/2025_10_07_RSFB-Phenotyping_WG1_JLU/20251007_131814.jpg,plot_3d3a3d2699c09c09f151,wg_insects_t1_bbch10,/home/nfs/data/nvme_datasets/Pictures_CFSB_leaf_damage/2025_10_07_RSFB-Phenotyping_WG1_JLU/2025_10_07_RSFB-Phenotyping_WG1_JLU/20251007_131814.jpg,4.0,5.9525651931762695,6.10440731048584,0.15184199810028076,2.10440731048584,1.9525651931762695,rank,42,single_rater_weak
2025_10_07_RSFB-Phenotyping_WG1_JLU/2025_10_07_RSFB-Phenotyping_WG1_JLU/20251007_131834.jpg,plot_56909c56fd28cbe7199d,wg_insects_t1_bbch10,/home/nfs/data/nvme_datasets/Pictures_CFSB_leaf_damage/2025_10_07_RSFB-Phenotyping_WG1_JLU/2025_10_07_RSFB-Phenotyping_WG1_JLU/20251007_131834.jpg,2.0,2.715278148651123,3.200472593307495,0.48519447445869446,1.2004725933074951,0.715278148651123,rank,42,single_rater_weak
2025_10_07_RSFB-Phenotyping_WG1_JLU/2025_10_07_RSFB-Phenotyping_WG1_JLU/20251007_131841.jpg,plot_56909c56fd28cbe7199d,wg_insects_t1_bbch10,/home/nfs/data/nvme_datasets/Pictures_CFSB_leaf_damage/2025_10_07_RSFB-Phenotyping_WG1_JLU/2025_10_07_RSFB-Phenotyping_WG1_JLU/20251007_131841.jpg,12.0,6.582221984863281,7.005256652832031,0.4230346977710724,4.994743347167969,5.417778015136719,rank,42,single_rater_weak
2025_10_07_RSFB-Phenotyping_WG1_JLU/2025_10_07_RSFB-Phenotyping_WG1_JLU/20251007_131849.jpg,plot_56909c56fd28cbe7199d,wg_insects_t1_bbch10,/home/nfs/data/nvme_datasets/Pictures_CFSB_leaf_damage/2025_10_07_RSFB-Phenotyping_WG1_JLU/2025_10_07_RSFB-Phenotyping_WG1_JLU/20251007_131849.jpg,9.0,2.7284979820251465,3.769212245941162,1.040714144706726,5.230787754058838,6.2715020179748535,rank,42,single_rater_weak
2025_10_07_RSFB-Phenotyping_WG1_JLU/2025_10_07_RSFB-Phenotyping_WG1_JLU/20251007_131911.jpg,plot_e5f6779bfab99ed66eaf,wg_insects_t1_bbch10,/home/nfs/data/nvme_datasets/Pictures_CFSB_leaf_damage/2025_10_07_RSFB-Phenotyping_WG1_JLU/2025_10_07_RSFB-Phenotyping_WG1_JLU/20251007_131911.jpg,10.0,4.665576934814453,5.018523693084717,0.35294681787490845,4.981476306915283,5.334423065185547,rank,42,single_rater_weak
2025_10_07_RSFB-Phenotyping_WG1_JLU/2025_10_07_RSFB-Phenotyping_WG1_JLU/20251007_131918.jpg,plot_e5f6779bfab99ed66eaf,wg_insects_t1_bbch10,/home/nfs/data/nvme_datasets/Pictures_CFSB_leaf_damage/2025_10_07_RSFB-Phenotyping_WG1_JLU/2025_10_07_RSFB-Phenotyping_WG1_JLU/20251007_131918.jpg,4.0,3.340095043182373,3.041515588760376,-0.29857951402664185,0.958484411239624,0.659904956817627,rank,42,single_rater_weak
2025_10_07_RSFB-Phenotyping_WG1_JLU/2025_10_07_RSFB-Phenotyping_WG1_JLU/20251007_131928.jpg,plot_e5f6779bfab99ed66eaf,wg_insects_t1_bbch10,/home/nfs/data/nvme_datasets/Pictures_CFSB_leaf_damage/2025_10_07_RSFB-Phenotyping_WG1_JLU/2025_10_07_RSFB-Phenotyping_WG1_JLU/20251007_131928.jpg,6.0,3.5837655067443848,4.144106864929199,0.5603415966033936,1.8558931350708008,2.4162344932556152,rank,42,single_rater_weak
2025_10_07_RSFB-Phenotyping_WG1_JLU/2025_10_07_RSFB-Phenotyping_WG1_JLU/20251007_131945.jpg,plot_3684ad79a5010f97ee8a,wg_insects_t1_bbch10,/home/nfs/data/nvme_datasets/Pictures_CFSB_leaf_damage/2025_10_07_RSFB-Phenotyping_WG1_JLU/2025_10_07_RSFB-Phenotyping_WG1_JLU/20251007_131945.jpg,4.0,2.874159812927246,3.50343918800354,0.629279375076294,0.49656081199645996,1.125840187072754,rank,42,single_rater_weak
2025_10_07_RSFB-Phenotyping_WG1_JLU/2025_10_07_RSFB-Phenotyping_WG1_JLU/20251007_131953.jpg,plot_3684ad79a5010f97ee8a,wg_insects_t1_bbch10,/home/nfs/data/nvme_datasets/Pictures_CFSB_leaf_damage/2025_10_07_RSFB-Phenotyping_WG1_JLU/2025_10_07_RSFB-Phenotyping_WG1_JLU/20251007_131953.jpg,4.0,3.541018009185791,4.301824569702148,0.7608064413070679,0.30182456970214844,0.458981990814209,rank,42,single_rater_weak
2025_10_07_RSFB-Phenotyping_WG1_JLU/2025_10_07_RSFB-Phenotyping_WG1_JLU/20251007_131959.jpg,plot_3684ad79a5010f97ee8a,wg_insects_t1_bbch10,/home/nfs/data/nvme_datasets/Pictures_CFSB_leaf_damage/2025_10_07_RSFB-Phenotyping_WG1_JLU/2025_10_07_RSFB-Phenotyping_WG1_JLU/20251007_131959.jpg,10.0,2.8366918563842773,3.374795436859131,0.5381035208702087,6.625204563140869,7.163308143615723,rank,42,single_rater_weak
2025_10_07_RSFB-Phenotyping_WG1_JLU/2025_10_07_RSFB-Phenotyping_WG1_JLU/20251007_132016.jpg,plot_e48ed30deb5a919fda2e,wg_insects_t1_bbch10,/home/nfs/data/nvme_datasets/Pictures_CFSB_leaf_damage/2025_10_07_RSFB-Phenotyping_WG1_JLU/2025_10_07_RSFB-Phenotyping_WG1_JLU/20251007_132016.jpg,3.0,2.8961896896362305,2.7788801193237305,-0.11730967462062836,0.22111988067626953,0.10381031036376953,rank,42,single_rater_weak
2025_10_07_RSFB-Phenotyping_WG1_JLU/2025_10_07_RSFB-Phenotyping_WG1_JLU/20251007_132023.jpg,plot_e48ed30deb5a919fda2e,wg_insects_t1_bbch10,/home/nfs/data/nvme_datasets/Pictures_CFSB_leaf_damage/2025_10_07_RSFB-Phenotyping_WG1_JLU/2025_10_07_RSFB-Phenotyping_WG1_JLU/20251007_132023.jpg,4.0,6.264960765838623,7.1335272789001465,0.8685663938522339,3.1335272789001465,2.264960765838623,rank,42,single_rater_weak
2025_10_07_RSFB-Phenotyping_WG1_JLU/2025_10_07_RSFB-Phenotyping_WG1_JLU/20251007_132031.jpg,plot_e48ed30deb5a919fda2e,wg_insects_t1_bbch10,/home/nfs/data/nvme_datasets/Pictures_CFSB_leaf_damage/2025_10_07_RSFB-Phenotyping_WG1_JLU/2025_10_07_RSFB-Phenotyping_WG1_JLU/20251007_132031.jpg,3.0,2.832681179046631,3.7783257961273193,0.9456446766853333,0.7783257961273193,0.16731882095336914,rank,42,single_rater_weak
2025_10_07_RSFB-Phenotyping_WG1_JLU/2025_10_07_RSFB-Phenotyping_WG1_JLU/20251007_132051.jpg,plot_c45d55c4f3fced2170e8,wg_insects_t1_bbch10,/home/nfs/data/nvme_datasets/Pictures_CFSB_leaf_damage/2025_10_07_RSFB-Phenotyping_WG1_JLU/2025_10_07_RSFB-Phenotyping_WG1_JLU/20251007_132051.jpg,8.0,3.5036380290985107,3.6547317504882812,0.1510937362909317,4.345268249511719,4.49636173248291,rank,42,single_rater_weak
2025_10_07_RSFB-Phenotyping_WG1_JLU/2025_10_07_RSFB-Phenotyping_WG1_JLU/20251007_132058.jpg,plot_c45d55c4f3fced2170e8,wg_insects_t1_bbch10,/home/nfs/data/nvme_datasets/Pictures_CFSB_leaf_damage/2025_10_07_RSFB-Phenotyping_WG1_JLU/2025_10_07_RSFB-Phenotyping_WG1_JLU/20251007_132058.jpg,7.0,4.5801496505737305,5.040194034576416,0.460044264793396,1.959805965423584,2.4198503494262695,rank,42,single_rater_weak
2025_10_07_RSFB-Phenotyping_WG1_JLU/2025_10_07_RSFB-Phenotyping_WG1_JLU/20251007_132107.jpg,plot_c45d55c4f3fced2170e8,wg_insects_t1_bbch10,/home/nfs/data/nvme_datasets/Pictures_CFSB_leaf_damage/2025_10_07_RSFB-Phenotyping_WG1_JLU/2025_10_07_RSFB-Phenotyping_WG1_JLU/20251007_132107.jpg,7.0,3.180026054382324,3.249823570251465,0.06979744881391525,3.750176429748535,3.819973945617676,rank,42,single_rater_weak
2025_10_07_RSFB-Phenotyping_WG1_JLU/2025_10_07_RSFB-Phenotyping_WG1_JLU/20251007_132124.jpg,plot_9d9054fb92bbdfc2048b,wg_insects_t1_bbch10,/home/nfs/data/nvme_datasets/Pictures_CFSB_leaf_damage/2025_10_07_RSFB-Phenotyping_WG1_JLU/2025_10_07_RSFB-Phenotyping_WG1_JLU/20251007_132124.jpg,6.0,3.9181761741638184,3.9060306549072266,-0.012145553715527058,2.0939693450927734,2.0818238258361816,rank,42,single_rater_weak
2025_10_07_RSFB-Phenotyping_WG1_JLU/2025_10_07_RSFB-Phenotyping_WG1_JLU/20251007_132132.jpg,plot_9d9054fb92bbdfc2048b,wg_insects_t1_bbch10,/home/nfs/data/nvme_datasets/Pictures_CFSB_leaf_damage/2025_10_07_RSFB-Phenotyping_WG1_JLU/2025_10_07_RSFB-Phenotyping_WG1_JLU/20251007_132132.jpg,2.0,3.48746395111084,3.036748170852661,-0.45071572065353394,1.0367481708526611,1.4874639511108398,rank,42,single_rater_weak
2025_10_07_RSFB-Phenotyping_WG1_JLU/2025_10_07_RSFB-Phenotyping_WG1_JLU/20251007_132138.jpg,plot_9d9054fb92bbdfc2048b,wg_insects_t1_bbch10,/home/nfs/data/nvme_datasets/Pictures_CFSB_leaf_damage/2025_10_07_RSFB-Phenotyping_WG1_JLU/2025_10_07_RSFB-Phenotyping_WG1_JLU/20251007_132138.jpg,5.0,2.8840279579162598,3.441892385482788,0.5578643679618835,1.558107614517212,2.1159720420837402,rank,42,single_rater_weak
2025_10_07_RSFB-Phenotyping_WG1_JLU/2025_10_07_RSFB-Phenotyping_WG1_JLU/20251007_132205.jpg,plot_16f14a3716d6da06ca53,wg_insects_t1_bbch10,/home/nfs/data/nvme_datasets/Pictures_CFSB_leaf_damage/2025_10_07_RSFB-Phenotyping_WG1_JLU/2025_10_07_RSFB-Phenotyping_WG1_JLU/20251007_132205.jpg,4.0,3.6926629543304443,3.4986584186553955,-0.19400447607040405,0.5013415813446045,0.30733704566955566,rank,42,single_rater_weak
2025_10_07_RSFB-Phenotyping_WG1_JLU/2025_10_07_RSFB-Phenotyping_WG1_JLU/20251007_132215.jpg,plot_16f14a3716d6da06ca53,wg_insects_t1_bbch10,/home/nfs/data/nvme_datasets/Pictures_CFSB_leaf_damage/2025_10_07_RSFB-Phenotyping_WG1_JLU/2025_10_07_RSFB-Phenotyping_WG1_JLU/20251007_132215.jpg,2.0,4.63640832901001,4.864114761352539,0.22770661115646362,2.864114761352539,2.6364083290100098,rank,42,single_rater_weak
2025_10_07_RSFB-Phenotyping_WG1_JLU/2025_10_07_RSFB-Phenotyping_WG1_JLU/20251007_132222.jpg,plot_16f14a3716d6da06ca53,wg_insects_t1_bbch10,/home/nfs/data/nvme_datasets/Pictures_CFSB_leaf_damage/2025_10_07_RSFB-Phenotyping_WG1_JLU/2025_10_07_RSFB-Phenotyping_WG1_JLU/20251007_132222.jpg,15.0,4.529329776763916,5.717683792114258,1.188354253768921,9.282316207885742,10.470670700073242,rank,42,single_rater_weak
2025_10_07_RSFB-Phenotyping_WG1_JLU/2025_10_07_RSFB-Phenotyping_WG1_JLU/20251007_132241.jpg,plot_4c1357bb43c9d844f034,wg_insects_t1_bbch10,/home/nfs/data/nvme_datasets/Pictures_CFSB_leaf_damage/2025_10_07_RSFB-Phenotyping_WG1_JLU/2025_10_07_RSFB-Phenotyping_WG1_JLU/20251007_132241.jpg,12.0,3.6080570220947266,3.365973711013794,-0.2420833706855774,8.634026527404785,8.391942977905273,rank,42,single_rater_weak
2025_10_07_RSFB-Phenotyping_WG1_JLU/2025_10_07_RSFB-Phenotyping_WG1_JLU/20251007_132249.jpg,plot_4c1357bb43c9d844f034,wg_insects_t1_bbch10,/home/nfs/data/nvme_datasets/Pictures_CFSB_leaf_damage/2025_10_07_RSFB-Phenotyping_WG1_JLU/2025_10_07_RSFB-Phenotyping_WG1_JLU/20251007_132249.jpg,8.0,4.264833927154541,4.2316436767578125,-0.033190179616212845,3.7683563232421875,3.735166072845459,rank,42,single_rater_weak
2025_10_07_RSFB-Phenotyping_WG1_JLU/2025_10_07_RSFB-Phenotyping_WG1_JLU/20251007_132255.jpg,plot_4c1357bb43c9d844f034,wg_insects_t1_bbch10,/home/nfs/data/nvme_datasets/Pictures_CFSB_leaf_damage/2025_10_07_RSFB-Phenotyping_WG1_JLU/2025_10_07_RSFB-Phenotyping_WG1_JLU/20251007_132255.jpg,2.0,3.0930228233337402,3.311103582382202,0.21808066964149475,1.3111035823822021,1.0930228233337402,rank,42,single_rater_weak
2025_10_07_RSFB-Phenotyping_WG1_JLU/2025_10_07_RSFB-Phenotyping_WG1_JLU/20251007_132326.jpg,plot_0a9a0de80bc9bfd2642a,wg_insects_t1_bbch10,/home/nfs/data/nvme_datasets/Pictures_CFSB_leaf_damage/2025_10_07_RSFB-Phenotyping_WG1_JLU/2025_10_07_RSFB-Phenotyping_WG1_JLU/20251007_132326.jpg,2.0,3.0270209312438965,2.8586409091949463,-0.16837996244430542,0.8586409091949463,1.0270209312438965,rank,42,single_rater_weak
2025_10_07_RSFB-Phenotyping_WG1_JLU/2025_10_07_RSFB-Phenotyping_WG1_JLU/20251007_132334.jpg,plot_0a9a0de80bc9bfd2642a,wg_insects_t1_bbch10,/home/nfs/data/nvme_datasets/Pictures_CFSB_leaf_damage/2025_10_07_RSFB-Phenotyping_WG1_JLU/2025_10_07_RSFB-Phenotyping_WG1_JLU/20251007_132334.jpg,1.0,3.4227359294891357,3.484194278717041,0.061458420008420944,2.484194278717041,2.4227359294891357,rank,42,single_rater_weak
2025_10_07_RSFB-Phenotyping_WG1_JLU/2025_10_07_RSFB-Phenotyping_WG1_JLU/20251007_132341.jpg,plot_0a9a0de80bc9bfd2642a,wg_insects_t1_bbch10,/home/nfs/data/nvme_datasets/Pictures_CFSB_leaf_damage/2025_10_07_RSFB-Phenotyping_WG1_JLU/2025_10_07_RSFB-Phenotyping_WG1_JLU/20251007_132341.jpg,3.0,3.2717385292053223,3.3536577224731445,0.08191927522420883,0.35365772247314453,0.27173852920532227,rank,42,single_rater_weak
2025_10_07_RSFB-Phenotyping_WG1_JLU/2025_10_07_RSFB-Phenotyping_WG1_JLU/20251007_132401.jpg,plot_b850d6270044e70b0206,wg_insects_t1_bbch10,/home/nfs/data/nvme_datasets/Pictures_CFSB_leaf_damage/2025_10_07_RSFB-Phenotyping_WG1_JLU/2025_10_07_RSFB-Phenotyping_WG1_JLU/20251007_132401.jpg,9.0,2.071847915649414,3.420912504196167,1.349064588546753,5.579087257385254,6.928152084350586,rank,42,single_rater_weak
2025_10_07_RSFB-Phenotyping_WG1_JLU/2025_10_07_RSFB-Phenotyping_WG1_JLU/20251007_132411.jpg,plot_b850d6270044e70b0206,wg_insects_t1_bbch10,/home/nfs/data/nvme_datasets/Pictures_CFSB_leaf_damage/2025_10_07_RSFB-Phenotyping_WG1_JLU/2025_10_07_RSFB-Phenotyping_WG1_JLU/20251007_132411.jpg,7.0,2.3898911476135254,2.8141815662384033,0.42429041862487793,4.185818672180176,4.610108852386475,rank,42,single_rater_weak
2025_10_07_RSFB-Phenotyping_WG1_JLU/2025_10_07_RSFB-Phenotyping_WG1_JLU/20251007_132423.jpg,plot_b850d6270044e70b0206,wg_insects_t1_bbch10,/home/nfs/data/nvme_datasets/Pictures_CFSB_leaf_damage/2025_10_07_RSFB-Phenotyping_WG1_JLU/2025_10_07_RSFB-Phenotyping_WG1_JLU/20251007_132423.jpg,8.0,2.5048670768737793,2.624868869781494,0.12000169605016708,5.375131130218506,5.495132923126221,rank,42,single_rater_weak
2025_10_07_RSFB-Phenotyping_WG1_JLU/2025_10_07_RSFB-Phenotyping_WG1_JLU/20251007_132441.jpg,plot_8e9494fa8d05ffe641da,wg_insects_t1_bbch10,/home/nfs/data/nvme_datasets/Pictures_CFSB_leaf_damage/2025_10_07_RSFB-Phenotyping_WG1_JLU/2025_10_07_RSFB-Phenotyping_WG1_JLU/20251007_132441.jpg,12.0,3.0770344734191895,3.40187931060791,0.3248448669910431,8.59812068939209,8.922966003417969,rank,42,single_rater_weak
2025_10_07_RSFB-Phenotyping_WG1_JLU/2025_10_07_RSFB-Phenotyping_WG1_JLU/20251007_132447.jpg,plot_8e9494fa8d05ffe641da,wg_insects_t1_bbch10,/home/nfs/data/nvme_datasets/Pictures_CFSB_leaf_damage/2025_10_07_RSFB-Phenotyping_WG1_JLU/2025_10_07_RSFB-Phenotyping_WG1_JLU/20251007_132447.jpg,2.0,3.927997350692749,3.927361488342285,-0.0006358698010444641,1.9273614883422852,1.927997350692749,rank,42,single_rater_weak
2025_10_07_RSFB-Phenotyping_WG1_JLU/2025_10_07_RSFB-Phenotyping_WG1_JLU/20251007_132453.jpg,plot_8e9494fa8d05ffe641da,wg_insects_t1_bbch10,/home/nfs/data/nvme_datasets/Pictures_CFSB_leaf_damage/2025_10_07_RSFB-Phenotyping_WG1_JLU/2025_10_07_RSFB-Phenotyping_WG1_JLU/20251007_132453.jpg,3.0,3.168153762817383,3.80877423286438,0.6406205296516418,0.8087742328643799,0.1681537628173828,rank,42,single_rater_weak
2025_10_07_RSFB-Phenotyping_WG1_JLU/2025_10_07_RSFB-Phenotyping_WG1_JLU/20251007_132516.jpg,plot_e94dea523994148f1710,wg_insects_t1_bbch10,/home/nfs/data/nvme_datasets/Pictures_CFSB_leaf_damage/2025_10_07_RSFB-Phenotyping_WG1_JLU/2025_10_07_RSFB-Phenotyping_WG1_JLU/20251007_132516.jpg,1.0,2.2121500968933105,2.3765714168548584,0.16442137956619263,1.3765714168548584,1.2121500968933105,rank,42,single_rater_weak
2025_10_07_RSFB-Phenotyping_WG1_JLU/2025_10_07_RSFB-Phenotyping_WG1_JLU/20251007_132524.jpg,plot_e94dea523994148f1710,wg_insects_t1_bbch10,/home/nfs/data/nvme_datasets/Pictures_CFSB_leaf_damage/2025_10_07_RSFB-Phenotyping_WG1_JLU/2025_10_07_RSFB-Phenotyping_WG1_JLU/20251007_132524.jpg,5.0,3.6139731407165527,3.4146580696105957,-0.1993151158094406,1.5853419303894043,1.3860268592834473,rank,42,single_rater_weak
2025_10_07_RSFB-Phenotyping_WG1_JLU/2025_10_07_RSFB-Phenotyping_WG1_JLU/20251007_132532.jpg,plot_e94dea523994148f1710,wg_insects_t1_bbch10,/home/nfs/data/nvme_datasets/Pictures_CFSB_leaf_damage/2025_10_07_RSFB-Phenotyping_WG1_JLU/2025_10_07_RSFB-Phenotyping_WG1_JLU/20251007_132532.jpg,5.0,4.006493091583252,5.191621780395508,1.185128927230835,0.1916217803955078,0.993506908416748,rank,42,single_rater_weak
2025_10_07_RSFB-Phenotyping_WG1_JLU/2025_10_07_RSFB-Phenotyping_WG1_JLU/20251007_132552.jpg,plot_7c424b18e7cee068fcaf,wg_insects_t1_bbch10,/home/nfs/data/nvme_datasets/Pictures_CFSB_leaf_damage/2025_10_07_RSFB-Phenotyping_WG1_JLU/2025_10_07_RSFB-Phenotyping_WG1_JLU/20251007_132552.jpg,3.0,3.790635585784912,4.384019374847412,0.5933837890625,1.384019374847412,0.7906355857849121,rank,42,single_rater_weak
2025_10_07_RSFB-Phenotyping_WG1_JLU/2025_10_07_RSFB-Phenotyping_WG1_JLU/20251007_132600.jpg,plot_7c424b18e7cee068fcaf,wg_insects_t1_bbch10,/home/nfs/data/nvme_datasets/Pictures_CFSB_leaf_damage/2025_10_07_RSFB-Phenotyping_WG1_JLU/2025_10_07_RSFB-Phenotyping_WG1_JLU/20251007_132600.jpg,4.0,4.177119255065918,4.488692760467529,0.3115735948085785,0.4886927604675293,0.17711925506591797,rank,42,single_rater_weak
2025_10_07_RSFB-Phenotyping_WG1_JLU/2025_10_07_RSFB-Phenotyping_WG1_JLU/20251007_132608.jpg,plot_7c424b18e7cee068fcaf,wg_insects_t1_bbch10,/home/nfs/data/nvme_datasets/Pictures_CFSB_leaf_damage/2025_10_07_RSFB-Phenotyping_WG1_JLU/2025_10_07_RSFB-Phenotyping_WG1_JLU/20251007_132608.jpg,3.0,4.115603923797607,4.257981777191162,0.14237762987613678,1.257981777191162,1.1156039237976074,rank,42,single_rater_weak
2025_10_07_RSFB-Phenotyping_WG1_JLU/2025_10_07_RSFB-Phenotyping_WG1_JLU/20251007_132629.jpg,plot_1393a9a80e4f70bbc7d2,wg_insects_t1_bbch10,/home/nfs/data/nvme_datasets/Pictures_CFSB_leaf_damage/2025_10_07_RSFB-Phenotyping_WG1_JLU/2025_10_07_RSFB-Phenotyping_WG1_JLU/20251007_132629.jpg,4.0,4.665966987609863,5.6902360916137695,1.0242691040039062,1.6902360916137695,0.6659669876098633,rank,42,single_rater_weak
2025_10_07_RSFB-Phenotyping_WG1_JLU/2025_10_07_RSFB-Phenotyping_WG1_JLU/20251007_132635.jpg,plot_1393a9a80e4f70bbc7d2,wg_insects_t1_bbch10,/home/nfs/data/nvme_datasets/Pictures_CFSB_leaf_damage/2025_10_07_RSFB-Phenotyping_WG1_JLU/2025_10_07_RSFB-Phenotyping_WG1_JLU/20251007_132635.jpg,9.0,3.1863303184509277,2.9536173343658447,-0.23271290957927704,6.046382904052734,5.813669681549072,rank,42,single_rater_weak
2025_10_07_RSFB-Phenotyping_WG1_JLU/2025_10_07_RSFB-Phenotyping_WG1_JLU/20251007_132644.jpg,plot_1393a9a80e4f70bbc7d2,wg_insects_t1_bbch10,/home/nfs/data/nvme_datasets/Pictures_CFSB_leaf_damage/2025_10_07_RSFB-Phenotyping_WG1_JLU/2025_10_07_RSFB-Phenotyping_WG1_JLU/20251007_132644.jpg,8.0,3.3062667846679688,3.547456979751587,0.2411901354789734,4.452543258666992,4.693733215332031,rank,42,single_rater_weak
2025_10_07_RSFB-Phenotyping_WG1_JLU/2025_10_07_RSFB-Phenotyping_WG1_JLU/20251007_132705.jpg,plot_dd3926a6a770dc90b025,wg_insects_t1_bbch10,/home/nfs/data/nvme_datasets/Pictures_CFSB_leaf_damage/2025_10_07_RSFB-Phenotyping_WG1_JLU/2025_10_07_RSFB-Phenotyping_WG1_JLU/20251007_132705.jpg,2.0,2.186295509338379,2.7872767448425293,0.6009811758995056,0.7872767448425293,0.1862955093383789,rank,42,single_rater_weak
2025_10_07_RSFB-Phenotyping_WG1_JLU/2025_10_07_RSFB-Phenotyping_WG1_JLU/20251007_132715.jpg,plot_dd3926a6a770dc90b025,wg_insects_t1_bbch10,/home/nfs/data/nvme_datasets/Pictures_CFSB_leaf_damage/2025_10_07_RSFB-Phenotyping_WG1_JLU/2025_10_07_RSFB-Phenotyping_WG1_JLU/20251007_132715.jpg,6.0,3.267233371734619,3.200983762741089,-0.06624962389469147,2.799016237258911,2.732766628265381,rank,42,single_rater_weak
2025_10_07_RSFB-Phenotyping_WG1_JLU/2025_10_07_RSFB-Phenotyping_WG1_JLU/20251007_132725.jpg,plot_dd3926a6a770dc90b025,wg_insects_t1_bbch10,/home/nfs/data/nvme_datasets/Pictures_CFSB_leaf_damage/2025_10_07_RSFB-Phenotyping_WG1_JLU/2025_10_07_RSFB-Phenotyping_WG1_JLU/20251007_132725.jpg,2.0,3.240088939666748,2.9724338054656982,-0.26765507459640503,0.9724338054656982,1.240088939666748,rank,42,single_rater_weak
2025_10_07_RSFB-Phenotyping_WG1_JLU/2025_10_07_RSFB-Phenotyping_WG1_JLU/20251007_132745.jpg,plot_5e5dfa0f8c12a4a2cf7f,wg_insects_t1_bbch10,/home/nfs/data/nvme_datasets/Pictures_CFSB_leaf_damage/2025_10_07_RSFB-Phenotyping_WG1_JLU/2025_10_07_RSFB-Phenotyping_WG1_JLU/20251007_132745.jpg,2.0,3.2069625854492188,4.065994739532471,0.859032154083252,2.0659947395324707,1.2069625854492188,rank,42,single_rater_weak
2025_10_07_RSFB-Phenotyping_WG1_JLU/2025_10_07_RSFB-Phenotyping_WG1_JLU/20251007_132750.jpg,plot_5e5dfa0f8c12a4a2cf7f,wg_insects_t1_bbch10,/home/nfs/data/nvme_datasets/Pictures_CFSB_leaf_damage/2025_10_07_RSFB-Phenotyping_WG1_JLU/2025_10_07_RSFB-Phenotyping_WG1_JLU/20251007_132750.jpg,6.0,3.5714356899261475,3.7280728816986084,0.1566372662782669,2.2719271183013916,2.4285643100738525,rank,42,single_rater_weak
2025_10_07_RSFB-Phenotyping_WG1_JLU/2025_10_07_RSFB-Phenotyping_WG1_JLU/20251007_132756.jpg,plot_5e5dfa0f8c12a4a2cf7f,wg_insects_t1_bbch10,/home/nfs/data/nvme_datasets/Pictures_CFSB_leaf_damage/2025_10_07_RSFB-Phenotyping_WG1_JLU/2025_10_07_RSFB-Phenotyping_WG1_JLU/20251007_132756.jpg,5.0,2.4213366508483887,2.8133180141448975,0.3919813334941864,2.1866819858551025,2.5786633491516113,rank,42,single_rater_weak
2025_10_07_RSFB-Phenotyping_WG1_JLU/2025_10_07_RSFB-Phenotyping_WG1_JLU/20251007_132816.jpg,plot_6e0d4fc094d51da7ec4a,wg_insects_t1_bbch10,/home/nfs/data/nvme_datasets/Pictures_CFSB_leaf_damage/2025_10_07_RSFB-Phenotyping_WG1_JLU/2025_10_07_RSFB-Phenotyping_WG1_JLU/20251007_132816.jpg,9.0,4.175959587097168,4.4835309982299805,0.30757126212120056,4.5164690017700195,4.824040412902832,rank,42,single_rater_weak
2025_10_07_RSFB-Phenotyping_WG1_JLU/2025_10_07_RSFB-Phenotyping_WG1_JLU/20251007_132823.jpg,plot_6e0d4fc094d51da7ec4a,wg_insects_t1_bbch10,/home/nfs/data/nvme_datasets/Pictures_CFSB_leaf_damage/2025_10_07_RSFB-Phenotyping_WG1_JLU/2025_10_07_RSFB-Phenotyping_WG1_JLU/20251007_132823.jpg,6.0,6.3205976486206055,7.518874168395996,1.1982767581939697,1.518874168395996,0.32059764862060547,rank,42,single_rater_weak
2025_10_07_RSFB-Phenotyping_WG1_JLU/2025_10_07_RSFB-Phenotyping_WG1_JLU/20251007_132832.jpg,plot_6e0d4fc094d51da7ec4a,wg_insects_t1_bbch10,/home/nfs/data/nvme_datasets/Pictures_CFSB_leaf_damage/2025_10_07_RSFB-Phenotyping_WG1_JLU/2025_10_07_RSFB-Phenotyping_WG1_JLU/20251007_132832.jpg,7.0,2.9315648078918457,2.5754129886627197,-0.3561517298221588,4.424587249755859,4.068435192108154,rank,42,single_rater_weak
2025_10_07_RSFB-Phenotyping_WG1_JLU/2025_10_07_RSFB-Phenotyping_WG1_JLU/20251007_132852.jpg,plot_904d61fe6e15f552a370,wg_insects_t1_bbch10,/home/nfs/data/nvme_datasets/Pictures_CFSB_leaf_damage/2025_10_07_RSFB-Phenotyping_WG1_JLU/2025_10_07_RSFB-Phenotyping_WG1_JLU/20251007_132852.jpg,10.0,3.281904697418213,3.281872272491455,-3.248918801546097e-05,6.718127727508545,6.718095302581787,rank,42,single_rater_weak
2025_10_07_RSFB-Phenotyping_WG1_JLU/2025_10_07_RSFB-Phenotyping_WG1_JLU/20251007_132858.jpg,plot_904d61fe6e15f552a370,wg_insects_t1_bbch10,/home/nfs/data/nvme_datasets/Pictures_CFSB_leaf_damage/2025_10_07_RSFB-Phenotyping_WG1_JLU/2025_10_07_RSFB-Phenotyping_WG1_JLU/20251007_132858.jpg,8.0,2.962672710418701,3.2214601039886475,0.2587873339653015,4.778539657592773,5.037327289581299,rank,42,single_rater_weak
2025_10_07_RSFB-Phenotyping_WG1_JLU/2025_10_07_RSFB-Phenotyping_WG1_JLU/20251007_132905.jpg,plot_904d61fe6e15f552a370,wg_insects_t1_bbch10,/home/nfs/data/nvme_datasets/Pictures_CFSB_leaf_damage/2025_10_07_RSFB-Phenotyping_WG1_JLU/2025_10_07_RSFB-Phenotyping_WG1_JLU/20251007_132905.jpg,5.0,3.1332406997680664,3.0915088653564453,-0.041731856763362885,1.9084911346435547,1.8667593002319336,rank,42,single_rater_weak
2025_10_07_RSFB-Phenotyping_WG1_JLU/2025_10_07_RSFB-Phenotyping_WG1_JLU/20251007_132926.jpg,plot_bb99a629018ad614800a,wg_insects_t1_bbch10,/home/nfs/data/nvme_datasets/Pictures_CFSB_leaf_damage/2025_10_07_RSFB-Phenotyping_WG1_JLU/2025_10_07_RSFB-Phenotyping_WG1_JLU/20251007_132926.jpg,4.0,3.4265031814575195,3.7687108516693115,0.34220772981643677,0.23128914833068848,0.5734968185424805,rank,42,single_rater_weak
2025_10_07_RSFB-Phenotyping_WG1_JLU/2025_10_07_RSFB-Phenotyping_WG1_JLU/20251007_132931.jpg,plot_bb99a629018ad614800a,wg_insects_t1_bbch10,/home/nfs/data/nvme_datasets/Pictures_CFSB_leaf_damage/2025_10_07_RSFB-Phenotyping_WG1_JLU/2025_10_07_RSFB-Phenotyping_WG1_JLU/20251007_132931.jpg,4.0,3.793041229248047,4.319594860076904,0.5265535712242126,0.3195948600769043,0.20695877075195312,rank,42,single_rater_weak
2025_10_07_RSFB-Phenotyping_WG1_JLU/2025_10_07_RSFB-Phenotyping_WG1_JLU/20251007_132938.jpg,plot_bb99a629018ad614800a,wg_insects_t1_bbch10,/home/nfs/data/nvme_datasets/Pictures_CFSB_leaf_damage/2025_10_07_RSFB-Phenotyping_WG1_JLU/2025_10_07_RSFB-Phenotyping_WG1_JLU/20251007_132938.jpg,3.0,2.8672680854797363,2.519590139389038,-0.34767794609069824,0.4804098606109619,0.13273191452026367,rank,42,single_rater_weak
2025_10_07_RSFB-Phenotyping_WG1_JLU/2025_10_07_RSFB-Phenotyping_WG1_JLU/20251007_133000.jpg,plot_fbda5b526bf6e3b1c649,wg_insects_t1_bbch10,/home/nfs/data/nvme_datasets/Pictures_CFSB_leaf_damage/2025_10_07_RSFB-Phenotyping_WG1_JLU/2025_10_07_RSFB-Phenotyping_WG1_JLU/20251007_133000.jpg,9.0,3.114248275756836,2.946218967437744,-0.16802933812141418,6.053781032562256,5.885751724243164,rank,42,single_rater_weak
2025_10_07_RSFB-Phenotyping_WG1_JLU/2025_10_07_RSFB-Phenotyping_WG1_JLU/20251007_133007.jpg,plot_fbda5b526bf6e3b1c649,wg_insects_t1_bbch10,/home/nfs/data/nvme_datasets/Pictures_CFSB_leaf_damage/2025_10_07_RSFB-Phenotyping_WG1_JLU/2025_10_07_RSFB-Phenotyping_WG1_JLU/20251007_133007.jpg,7.0,6.293693542480469,6.856927394866943,0.5632337331771851,0.14307260513305664,0.7063064575195312,rank,42,single_rater_weak
2025_10_07_RSFB-Phenotyping_WG1_JLU/2025_10_07_RSFB-Phenotyping_WG1_JLU/20251007_133014.jpg,plot_fbda5b526bf6e3b1c649,wg_insects_t1_bbch10,/home/nfs/data/nvme_datasets/Pictures_CFSB_leaf_damage/2025_10_07_RSFB-Phenotyping_WG1_JLU/2025_10_07_RSFB-Phenotyping_WG1_JLU/20251007_133014.jpg,9.0,4.263238906860352,4.7582316398620605,0.4949926733970642,4.2417683601379395,4.736761093139648,rank,42,single_rater_weak
2025_10_07_RSFB-Phenotyping_WG1_JLU/2025_10_07_RSFB-Phenotyping_WG1_JLU/20251007_133035.jpg,plot_9cf29c2af25b47e6e88b,wg_insects_t1_bbch10,/home/nfs/data/nvme_datasets/Pictures_CFSB_leaf_damage/2025_10_07_RSFB-Phenotyping_WG1_JLU/2025_10_07_RSFB-Phenotyping_WG1_JLU/20251007_133035.jpg,4.0,2.9763283729553223,2.860114336013794,-0.11621411144733429,1.139885663986206,1.0236716270446777,rank,42,single_rater_weak
2025_10_07_RSFB-Phenotyping_WG1_JLU/2025_10_07_RSFB-Phenotyping_WG1_JLU/20251007_133042.jpg,plot_9cf29c2af25b47e6e88b,wg_insects_t1_bbch10,/home/nfs/data/nvme_datasets/Pictures_CFSB_leaf_damage/2025_10_07_RSFB-Phenotyping_WG1_JLU/2025_10_07_RSFB-Phenotyping_WG1_JLU/20251007_133042.jpg,2.0,2.597440242767334,4.52833890914917,1.9308985471725464,2.52833890914917,0.597440242767334,rank,42,single_rater_weak
2025_10_07_RSFB-Phenotyping_WG1_JLU/2025_10_07_RSFB-Phenotyping_WG1_JLU/20251007_133049.jpg,plot_9cf29c2af25b47e6e88b,wg_insects_t1_bbch10,/home/nfs/data/nvme_datasets/Pictures_CFSB_leaf_damage/2025_10_07_RSFB-Phenotyping_WG1_JLU/2025_10_07_RSFB-Phenotyping_WG1_JLU/20251007_133049.jpg,9.0,3.406820297241211,4.2480034828186035,0.8411830067634583,4.7519965171813965,5.593179702758789,rank,42,single_rater_weak
2025_10_07_RSFB-Phenotyping_WG1_JLU/2025_10_07_RSFB-Phenotyping_WG1_JLU/20251007_133113.jpg,plot_7d23a67bc562362ae25a,wg_insects_t1_bbch10,/home/nfs/data/nvme_datasets/Pictures_CFSB_leaf_damage/2025_10_07_RSFB-Phenotyping_WG1_JLU/2025_10_07_RSFB-Phenotyping_WG1_JLU/20251007_133113.jpg,5.0,2.3700294494628906,2.866508960723877,0.4964795708656311,2.133491039276123,2.6299705505371094,rank,42,single_rater_weak
2025_10_07_RSFB-Phenotyping_WG1_JLU/2025_10_07_RSFB-Phenotyping_WG1_JLU/20251007_133120.jpg,plot_7d23a67bc562362ae25a,wg_insects_t1_bbch10,/home/nfs/data/nvme_datasets/Pictures_CFSB_leaf_damage/2025_10_07_RSFB-Phenotyping_WG1_JLU/2025_10_07_RSFB-Phenotyping_WG1_JLU/20251007_133120.jpg,8.0,4.5379438400268555,5.233948707580566,0.6960047483444214,2.7660512924194336,3.4620561599731445,rank,42,single_rater_weak
2025_10_07_RSFB-Phenotyping_WG1_JLU/2025_10_07_RSFB-Phenotyping_WG1_JLU/20251007_133127.jpg,plot_7d23a67bc562362ae25a,wg_insects_t1_bbch10,/home/nfs/data/nvme_datasets/Pictures_CFSB_leaf_damage/2025_10_07_RSFB-Phenotyping_WG1_JLU/2025_10_07_RSFB-Phenotyping_WG1_JLU/20251007_133127.jpg,8.0,5.498597145080566,5.5791239738464355,0.0805269181728363,2.4208760261535645,2.5014028549194336,rank,42,single_rater_weak
2025_10_07_RSFB-Phenotyping_WG1_JLU/2025_10_07_RSFB-Phenotyping_WG1_JLU/20251007_133147.jpg,plot_a3b512b929e5e15f8ccb,wg_insects_t1_bbch10,/home/nfs/data/nvme_datasets/Pictures_CFSB_leaf_damage/2025_10_07_RSFB-Phenotyping_WG1_JLU/2025_10_07_RSFB-Phenotyping_WG1_JLU/20251007_133147.jpg,7.0,2.6469717025756836,2.6459121704101562,-0.001059453934431076,4.354087829589844,4.353028297424316,rank,42,single_rater_weak
2025_10_07_RSFB-Phenotyping_WG1_JLU/2025_10_07_RSFB-Phenotyping_WG1_JLU/20251007_133155.jpg,plot_a3b512b929e5e15f8ccb,wg_insects_t1_bbch10,/home/nfs/data/nvme_datasets/Pictures_CFSB_leaf_damage/2025_10_07_RSFB-Phenotyping_WG1_JLU/2025_10_07_RSFB-Phenotyping_WG1_JLU/20251007_133155.jpg,7.0,2.9819178581237793,3.1354098320007324,0.15349185466766357,3.8645901679992676,4.018082141876221,rank,42,single_rater_weak
2025_10_07_RSFB-Phenotyping_WG1_JLU/2025_10_07_RSFB-Phenotyping_WG1_JLU/20251007_133203.jpg,plot_a3b512b929e5e15f8ccb,wg_insects_t1_bbch10,/home/nfs/data/nvme_datasets/Pictures_CFSB_leaf_damage/2025_10_07_RSFB-Phenotyping_WG1_JLU/2025_10_07_RSFB-Phenotyping_WG1_JLU/20251007_133203.jpg,8.0,3.0593795776367188,2.8923230171203613,-0.1670565903186798,5.107676982879639,4.940620422363281,rank,42,single_rater_weak
2025_10_07_RSFB-Phenotyping_WG1_JLU/2025_10_07_RSFB-Phenotyping_WG1_JLU/20251007_133225.jpg,plot_b25a72413177e5170eb5,wg_insects_t1_bbch10,/home/nfs/data/nvme_datasets/Pictures_CFSB_leaf_damage/2025_10_07_RSFB-Phenotyping_WG1_JLU/2025_10_07_RSFB-Phenotyping_WG1_JLU/20251007_133225.jpg,6.0,4.098742485046387,4.428498268127441,0.32975560426712036,1.5715017318725586,1.9012575149536133,rank,42,single_rater_weak
2025_10_07_RSFB-Phenotyping_WG1_JLU/2025_10_07_RSFB-Phenotyping_WG1_JLU/20251007_133232.jpg,plot_b25a72413177e5170eb5,wg_insects_t1_bbch10,/home/nfs/data/nvme_datasets/Pictures_CFSB_leaf_damage/2025_10_07_RSFB-Phenotyping_WG1_JLU/2025_10_07_RSFB-Phenotyping_WG1_JLU/20251007_133232.jpg,3.0,4.386030673980713,4.6876702308654785,0.3016394078731537,1.6876702308654785,1.386030673980713,rank,42,single_rater_weak
2025_10_07_RSFB-Phenotyping_WG1_JLU/2025_10_07_RSFB-Phenotyping_WG1_JLU/20251007_133238.jpg,plot_b25a72413177e5170eb5,wg_insects_t1_bbch10,/home/nfs/data/nvme_datasets/Pictures_CFSB_leaf_damage/2025_10_07_RSFB-Phenotyping_WG1_JLU/2025_10_07_RSFB-Phenotyping_WG1_JLU/20251007_133238.jpg,13.0,4.544094085693359,5.170503616333008,0.6264095902442932,7.829496383666992,8.45590591430664,rank,42,single_rater_weak
2025_10_07_RSFB-Phenotyping_WG1_JLU/2025_10_07_RSFB-Phenotyping_WG1_JLU/20251007_133258.jpg,plot_b1e75ad809ff8707c3b2,wg_insects_t1_bbch10,/home/nfs/data/nvme_datasets/Pictures_CFSB_leaf_damage/2025_10_07_RSFB-Phenotyping_WG1_JLU/2025_10_07_RSFB-Phenotyping_WG1_JLU/20251007_133258.jpg,35.0,4.735503196716309,5.348855495452881,0.6133524775505066,29.65114402770996,30.264495849609375,rank,42,single_rater_weak
2025_10_07_RSFB-Phenotyping_WG1_JLU/2025_10_07_RSFB-Phenotyping_WG1_JLU/20251007_133307.jpg,plot_b1e75ad809ff8707c3b2,wg_insects_t1_bbch10,/home/nfs/data/nvme_datasets/Pictures_CFSB_leaf_damage/2025_10_07_RSFB-Phenotyping_WG1_JLU/2025_10_07_RSFB-Phenotyping_WG1_JLU/20251007_133307.jpg,4.0,4.213135719299316,5.076066970825195,0.8629311323165894,1.0760669708251953,0.2131357192993164,rank,42,single_rater_weak
2025_10_07_RSFB-Phenotyping_WG1_JLU/2025_10_07_RSFB-Phenotyping_WG1_JLU/20251007_133314.jpg,plot_b1e75ad809ff8707c3b2,wg_insects_t1_bbch10,/home/nfs/data/nvme_datasets/Pictures_CFSB_leaf_damage/2025_10_07_RSFB-Phenotyping_WG1_JLU/2025_10_07_RSFB-Phenotyping_WG1_JLU/20251007_133314.jpg,3.0,3.6099913120269775,3.911559820175171,0.3015684187412262,0.9115598201751709,0.6099913120269775,rank,42,single_rater_weak
2025_10_07_RSFB-Phenotyping_WG1_JLU/2025_10_07_RSFB-Phenotyping_WG1_JLU/20251007_133337.jpg,plot_de50947285e53cf7dda0,wg_insects_t1_bbch10,/home/nfs/data/nvme_datasets/Pictures_CFSB_leaf_damage/2025_10_07_RSFB-Phenotyping_WG1_JLU/2025_10_07_RSFB-Phenotyping_WG1_JLU/20251007_133337.jpg,5.0,2.4759902954101562,3.3934316635131836,0.9174413681030273,1.6065683364868164,2.5240097045898438,rank,42,single_rater_weak
2025_10_07_RSFB-Phenotyping_WG1_JLU/2025_10_07_RSFB-Phenotyping_WG1_JLU/20251007_133345.jpg,plot_de50947285e53cf7dda0,wg_insects_t1_bbch10,/home/nfs/data/nvme_datasets/Pictures_CFSB_leaf_damage/2025_10_07_RSFB-Phenotyping_WG1_JLU/2025_10_07_RSFB-Phenotyping_WG1_JLU/20251007_133345.jpg,4.0,2.5883359909057617,2.241852283477783,-0.34648382663726807,1.7581477165222168,1.4116640090942383,rank,42,single_rater_weak
2025_10_07_RSFB-Phenotyping_WG1_JLU/2025_10_07_RSFB-Phenotyping_WG1_JLU/20251007_133352.jpg,plot_de50947285e53cf7dda0,wg_insects_t1_bbch10,/home/nfs/data/nvme_datasets/Pictures_CFSB_leaf_damage/2025_10_07_RSFB-Phenotyping_WG1_JLU/2025_10_07_RSFB-Phenotyping_WG1_JLU/20251007_133352.jpg,5.0,2.6244301795959473,2.256566047668457,-0.36786407232284546,2.743433952331543,2.3755698204040527,rank,42,single_rater_weak
2025_10_07_RSFB-Phenotyping_WG1_JLU/2025_10_07_RSFB-Phenotyping_WG1_JLU/20251007_133430.jpg,plot_761a79e351c799d38270,wg_insects_t1_bbch10,/home/nfs/data/nvme_datasets/Pictures_CFSB_leaf_damage/2025_10_07_RSFB-Phenotyping_WG1_JLU/2025_10_07_RSFB-Phenotyping_WG1_JLU/20251007_133430.jpg,5.0,3.4077985286712646,3.266238212585449,-0.1415604054927826,1.7337617874145508,1.5922014713287354,rank,42,single_rater_weak
2025_10_07_RSFB-Phenotyping_WG1_JLU/2025_10_07_RSFB-Phenotyping_WG1_JLU/20251007_133437.jpg,plot_761a79e351c799d38270,wg_insects_t1_bbch10,/home/nfs/data/nvme_datasets/Pictures_CFSB_leaf_damage/2025_10_07_RSFB-Phenotyping_WG1_JLU/2025_10_07_RSFB-Phenotyping_WG1_JLU/20251007_133437.jpg,12.0,5.321219444274902,5.964365005493164,0.6431456804275513,6.035634994506836,6.678780555725098,rank,42,single_rater_weak
2025_10_07_RSFB-Phenotyping_WG1_JLU/2025_10_07_RSFB-Phenotyping_WG1_JLU/20251007_133444.jpg,plot_761a79e351c799d38270,wg_insects_t1_bbch10,/home/nfs/data/nvme_datasets/Pictures_CFSB_leaf_damage/2025_10_07_RSFB-Phenotyping_WG1_JLU/2025_10_07_RSFB-Phenotyping_WG1_JLU/20251007_133444.jpg,15.0,3.427847146987915,3.9583592414855957,0.5305120944976807,11.041641235351562,11.572153091430664,rank,42,single_rater_weak
2025_10_07_RSFB-Phenotyping_WG1_JLU/2025_10_07_RSFB-Phenotyping_WG1_JLU/20251007_133505.jpg,plot_ed3a507bea1287033964,wg_insects_t1_bbch10,/home/nfs/data/nvme_datasets/Pictures_CFSB_leaf_damage/2025_10_07_RSFB-Phenotyping_WG1_JLU/2025_10_07_RSFB-Phenotyping_WG1_JLU/20251007_133505.jpg,4.0,3.4403910636901855,3.7367782592773438,0.2963871955871582,0.26322174072265625,0.5596089363098145,rank,42,single_rater_weak
2025_10_07_RSFB-Phenotyping_WG1_JLU/2025_10_07_RSFB-Phenotyping_WG1_JLU/20251007_133513.jpg,plot_ed3a507bea1287033964,wg_insects_t1_bbch10,/home/nfs/data/nvme_datasets/Pictures_CFSB_leaf_damage/2025_10_07_RSFB-Phenotyping_WG1_JLU/2025_10_07_RSFB-Phenotyping_WG1_JLU/20251007_133513.jpg,9.0,3.2151618003845215,3.2816197872161865,0.06645801663398743,5.718379974365234,5.7848381996154785,rank,42,single_rater_weak
2025_10_07_RSFB-Phenotyping_WG1_JLU/2025_10_07_RSFB-Phenotyping_WG1_JLU/20251007_133520.jpg,plot_ed3a507bea1287033964,wg_insects_t1_bbch10,/home/nfs/data/nvme_datasets/Pictures_CFSB_leaf_damage/2025_10_07_RSFB-Phenotyping_WG1_JLU/2025_10_07_RSFB-Phenotyping_WG1_JLU/20251007_133520.jpg,10.0,3.5867490768432617,3.962233304977417,0.3754842281341553,6.037766456604004,6.413250923156738,rank,42,single_rater_weak
2025_10_07_RSFB-Phenotyping_WG1_JLU/2025_10_07_RSFB-Phenotyping_WG1_JLU/20251007_133541.jpg,plot_4cb2c1be99f545063821,wg_insects_t1_bbch10,/home/nfs/data/nvme_datasets/Pictures_CFSB_leaf_damage/2025_10_07_RSFB-Phenotyping_WG1_JLU/2025_10_07_RSFB-Phenotyping_WG1_JLU/20251007_133541.jpg,14.0,2.5620718002319336,1.9707818031311035,-0.5912899374961853,12.029218673706055,11.437928199768066,rank,42,single_rater_weak
2025_10_07_RSFB-Phenotyping_WG1_JLU/2025_10_07_RSFB-Phenotyping_WG1_JLU/20251007_133549.jpg,plot_4cb2c1be99f545063821,wg_insects_t1_bbch10,/home/nfs/data/nvme_datasets/Pictures_CFSB_leaf_damage/2025_10_07_RSFB-Phenotyping_WG1_JLU/2025_10_07_RSFB-Phenotyping_WG1_JLU/20251007_133549.jpg,8.0,2.362720489501953,1.803781509399414,-0.5589390397071838,6.196218490600586,5.637279510498047,rank,42,single_rater_weak
2025_10_07_RSFB-Phenotyping_WG1_JLU/2025_10_07_RSFB-Phenotyping_WG1_JLU/20251007_133558.jpg,plot_4cb2c1be99f545063821,wg_insects_t1_bbch10,/home/nfs/data/nvme_datasets/Pictures_CFSB_leaf_damage/2025_10_07_RSFB-Phenotyping_WG1_JLU/2025_10_07_RSFB-Phenotyping_WG1_JLU/20251007_133558.jpg,3.0,5.222519397735596,5.396856784820557,0.1743374466896057,2.3968567848205566,2.2225193977355957,rank,42,single_rater_weak
2025_10_07_RSFB-Phenotyping_WG1_JLU/2025_10_07_RSFB-Phenotyping_WG1_JLU/20251007_133619.jpg,plot_1d77890fac8e7fa98fc9,wg_insects_t1_bbch10,/home/nfs/data/nvme_datasets/Pictures_CFSB_leaf_damage/2025_10_07_RSFB-Phenotyping_WG1_JLU/2025_10_07_RSFB-Phenotyping_WG1_JLU/20251007_133619.jpg,4.0,2.997920036315918,2.885206460952759,-0.11271356046199799,1.1147935390472412,1.002079963684082,rank,42,single_rater_weak
2025_10_07_RSFB-Phenotyping_WG1_JLU/2025_10_07_RSFB-Phenotyping_WG1_JLU/20251007_133627.jpg,plot_1d77890fac8e7fa98fc9,wg_insects_t1_bbch10,/home/nfs/data/nvme_datasets/Pictures_CFSB_leaf_damage/2025_10_07_RSFB-Phenotyping_WG1_JLU/2025_10_07_RSFB-Phenotyping_WG1_JLU/20251007_133627.jpg,17.0,3.3593692779541016,3.705246925354004,0.3458775579929352,13.294753074645996,13.640630722045898,rank,42,single_rater_weak
2025_10_07_RSFB-Phenotyping_WG1_JLU/2025_10_07_RSFB-Phenotyping_WG1_JLU/20251007_133635.jpg,plot_1d77890fac8e7fa98fc9,wg_insects_t1_bbch10,/home/nfs/data/nvme_datasets/Pictures_CFSB_leaf_damage/2025_10_07_RSFB-Phenotyping_WG1_JLU/2025_10_07_RSFB-Phenotyping_WG1_JLU/20251007_133635.jpg,19.0,4.179770469665527,4.642526626586914,0.4627562165260315,14.357473373413086,14.820229530334473,rank,42,single_rater_weak
2025_10_07_RSFB-Phenotyping_WG1_JLU/2025_10_07_RSFB-Phenotyping_WG1_JLU/20251007_133700.jpg,plot_0ccd244f54fcda9028fb,wg_insects_t1_bbch10,/home/nfs/data/nvme_datasets/Pictures_CFSB_leaf_damage/2025_10_07_RSFB-Phenotyping_WG1_JLU/2025_10_07_RSFB-Phenotyping_WG1_JLU/20251007_133700.jpg,9.0,2.5800886154174805,2.2488198280334473,-0.33126890659332275,6.751180171966553,6.4199113845825195,rank,42,single_rater_weak
2025_10_07_RSFB-Phenotyping_WG1_JLU/2025_10_07_RSFB-Phenotyping_WG1_JLU/20251007_133707.jpg,plot_0ccd244f54fcda9028fb,wg_insects_t1_bbch10,/home/nfs/data/nvme_datasets/Pictures_CFSB_leaf_damage/2025_10_07_RSFB-Phenotyping_WG1_JLU/2025_10_07_RSFB-Phenotyping_WG1_JLU/20251007_133707.jpg,8.0,3.2950148582458496,3.1943671703338623,-0.10064772516489029,4.805632591247559,4.70498514175415,rank,42,single_rater_weak
2025_10_07_RSFB-Phenotyping_WG1_JLU/2025_10_07_RSFB-Phenotyping_WG1_JLU/20251007_133716.jpg,plot_0ccd244f54fcda9028fb,wg_insects_t1_bbch10,/home/nfs/data/nvme_datasets/Pictures_CFSB_leaf_damage/2025_10_07_RSFB-Phenotyping_WG1_JLU/2025_10_07_RSFB-Phenotyping_WG1_JLU/20251007_133716.jpg,4.0,2.6311120986938477,2.248211622238159,-0.3829003870487213,1.7517883777618408,1.3688879013061523,rank,42,single_rater_weak
2025_10_07_RSFB-Phenotyping_WG1_JLU/2025_10_07_RSFB-Phenotyping_WG1_JLU/20251007_133736.jpg,plot_554b38106eaa08e3d345,wg_insects_t1_bbch10,/home/nfs/data/nvme_datasets/Pictures_CFSB_leaf_damage/2025_10_07_RSFB-Phenotyping_WG1_JLU/2025_10_07_RSFB-Phenotyping_WG1_JLU/20251007_133736.jpg,10.0,2.075117588043213,1.8654006719589233,-0.20971687138080597,8.134599685668945,7.924882411956787,rank,42,single_rater_weak
2025_10_07_RSFB-Phenotyping_WG1_JLU/2025_10_07_RSFB-Phenotyping_WG1_JLU/20251007_133742.jpg,plot_554b38106eaa08e3d345,wg_insects_t1_bbch10,/home/nfs/data/nvme_datasets/Pictures_CFSB_leaf_damage/2025_10_07_RSFB-Phenotyping_WG1_JLU/2025_10_07_RSFB-Phenotyping_WG1_JLU/20251007_133742.jpg,12.0,7.258735179901123,7.867340564727783,0.6086053848266602,4.132659435272217,4.741264820098877,rank,42,single_rater_weak
2025_10_07_RSFB-Phenotyping_WG1_JLU/2025_10_07_RSFB-Phenotyping_WG1_JLU/20251007_133748.jpg,plot_554b38106eaa08e3d345,wg_insects_t1_bbch10,/home/nfs/data/nvme_datasets/Pictures_CFSB_leaf_damage/2025_10_07_RSFB-Phenotyping_WG1_JLU/2025_10_07_RSFB-Phenotyping_WG1_JLU/20251007_133748.jpg,5.0,3.554457902908325,3.439391613006592,-0.11506620794534683,1.5606083869934082,1.4455420970916748,rank,42,single_rater_weak
2025_10_07_RSFB-Phenotyping_WG1_JLU/2025_10_07_RSFB-Phenotyping_WG1_JLU/20251007_133826.jpg,plot_3c5aba0567108bfa4110,wg_insects_t1_bbch10,/home/nfs/data/nvme_datasets/Pictures_CFSB_leaf_damage/2025_10_07_RSFB-Phenotyping_WG1_JLU/2025_10_07_RSFB-Phenotyping_WG1_JLU/20251007_133826.jpg,50.0,3.6139109134674072,5.838233947753906,2.224323272705078,44.161766052246094,46.38608932495117,rank,42,single_rater_weak
2025_10_07_RSFB-Phenotyping_WG1_JLU/2025_10_07_RSFB-Phenotyping_WG1_JLU/20251007_133833.jpg,plot_3c5aba0567108bfa4110,wg_insects_t1_bbch10,/home/nfs/data/nvme_datasets/Pictures_CFSB_leaf_damage/2025_10_07_RSFB-Phenotyping_WG1_JLU/2025_10_07_RSFB-Phenotyping_WG1_JLU/20251007_133833.jpg,1.0,1.185020923614502,2.8240091800689697,1.6389882564544678,1.8240091800689697,0.18502092361450195,rank,42,single_rater_weak
2025_10_07_RSFB-Phenotyping_WG1_JLU/2025_10_07_RSFB-Phenotyping_WG1_JLU/20251007_133857.jpg,plot_91ac4a9cd21f932a6384,wg_insects_t1_bbch10,/home/nfs/data/nvme_datasets/Pictures_CFSB_leaf_damage/2025_10_07_RSFB-Phenotyping_WG1_JLU/2025_10_07_RSFB-Phenotyping_WG1_JLU/20251007_133857.jpg,8.0,3.6756033897399902,3.3656668663024902,-0.30993664264678955,4.63433313369751,4.32439661026001,rank,42,single_rater_weak
2025_10_07_RSFB-Phenotyping_WG1_JLU/2025_10_07_RSFB-Phenotyping_WG1_JLU/20251007_133904.jpg,plot_91ac4a9cd21f932a6384,wg_insects_t1_bbch10,/home/nfs/data/nvme_datasets/Pictures_CFSB_leaf_damage/2025_10_07_RSFB-Phenotyping_WG1_JLU/2025_10_07_RSFB-Phenotyping_WG1_JLU/20251007_133904.jpg,4.0,2.7628140449523926,2.4659318923950195,-0.2968822419643402,1.5340681076049805,1.2371859550476074,rank,42,single_rater_weak
2025_10_07_RSFB-Phenotyping_WG1_JLU/2025_10_07_RSFB-Phenotyping_WG1_JLU/20251007_133911.jpg,plot_91ac4a9cd21f932a6384,wg_insects_t1_bbch10,/home/nfs/data/nvme_datasets/Pictures_CFSB_leaf_damage/2025_10_07_RSFB-Phenotyping_WG1_JLU/2025_10_07_RSFB-Phenotyping_WG1_JLU/20251007_133911.jpg,18.0,3.7922744750976562,3.791055202484131,-0.0012191850692033768,14.208944320678711,14.207725524902344,rank,42,single_rater_weak
2025_10_07_RSFB-Phenotyping_WG1_JLU/2025_10_07_RSFB-Phenotyping_WG1_JLU/20251007_133938.jpg,plot_aae9cf8456bd7d3487d0,wg_insects_t1_bbch10,/home/nfs/data/nvme_datasets/Pictures_CFSB_leaf_damage/2025_10_07_RSFB-Phenotyping_WG1_JLU/2025_10_07_RSFB-Phenotyping_WG1_JLU/20251007_133938.jpg,4.0,3.1318717002868652,3.485703706741333,0.3538319170475006,0.514296293258667,0.8681282997131348,rank,42,single_rater_weak
2025_10_07_RSFB-Phenotyping_WG1_JLU/2025_10_07_RSFB-Phenotyping_WG1_JLU/20251007_133946.jpg,plot_aae9cf8456bd7d3487d0,wg_insects_t1_bbch10,/home/nfs/data/nvme_datasets/Pictures_CFSB_leaf_damage/2025_10_07_RSFB-Phenotyping_WG1_JLU/2025_10_07_RSFB-Phenotyping_WG1_JLU/20251007_133946.jpg,3.0,3.1487202644348145,4.134521484375,0.985801100730896,1.134521484375,0.14872026443481445,rank,42,single_rater_weak
2025_10_07_RSFB-Phenotyping_WG1_JLU/2025_10_07_RSFB-Phenotyping_WG1_JLU/20251007_133957.jpg,plot_aae9cf8456bd7d3487d0,wg_insects_t1_bbch10,/home/nfs/data/nvme_datasets/Pictures_CFSB_leaf_damage/2025_10_07_RSFB-Phenotyping_WG1_JLU/2025_10_07_RSFB-Phenotyping_WG1_JLU/20251007_133957.jpg,11.0,3.0534348487854004,3.4309582710266113,0.3775233328342438,7.569041728973389,7.9465651512146,rank,42,single_rater_weak
2025_10_07_RSFB-Phenotyping_WG1_JLU/2025_10_07_RSFB-Phenotyping_WG1_JLU/20251007_134016.jpg,plot_beaf2427488cd0e1fa81,wg_insects_t1_bbch10,/home/nfs/data/nvme_datasets/Pictures_CFSB_leaf_damage/2025_10_07_RSFB-Phenotyping_WG1_JLU/2025_10_07_RSFB-Phenotyping_WG1_JLU/20251007_134016.jpg,5.0,6.381311416625977,7.196376323699951,0.8150647878646851,2.196376323699951,1.3813114166259766,rank,42,single_rater_weak
2025_10_07_RSFB-Phenotyping_WG1_JLU/2025_10_07_RSFB-Phenotyping_WG1_JLU/20251007_134023.jpg,plot_beaf2427488cd0e1fa81,wg_insects_t1_bbch10,/home/nfs/data/nvme_datasets/Pictures_CFSB_leaf_damage/2025_10_07_RSFB-Phenotyping_WG1_JLU/2025_10_07_RSFB-Phenotyping_WG1_JLU/20251007_134023.jpg,3.0,3.3935813903808594,3.314263343811035,-0.0793180763721466,0.31426334381103516,0.3935813903808594,rank,42,single_rater_weak
2025_10_07_RSFB-Phenotyping_WG1_JLU/2025_10_07_RSFB-Phenotyping_WG1_JLU/20251007_134030.jpg,plot_beaf2427488cd0e1fa81,wg_insects_t1_bbch10,/home/nfs/data/nvme_datasets/Pictures_CFSB_leaf_damage/2025_10_07_RSFB-Phenotyping_WG1_JLU/2025_10_07_RSFB-Phenotyping_WG1_JLU/20251007_134030.jpg,4.0,3.509305477142334,4.1818461418151855,0.6725406646728516,0.18184614181518555,0.490694522857666,rank,42,single_rater_weak
2025_10_07_RSFB-Phenotyping_WG1_JLU/2025_10_07_RSFB-Phenotyping_WG1_JLU/20251007_134049.jpg,plot_73cc40b0300eb96ccdb1,wg_insects_t1_bbch10,/home/nfs/data/nvme_datasets/Pictures_CFSB_leaf_damage/2025_10_07_RSFB-Phenotyping_WG1_JLU/2025_10_07_RSFB-Phenotyping_WG1_JLU/20251007_134049.jpg,2.0,2.6778249740600586,2.346926212310791,-0.3308987021446228,0.346926212310791,0.6778249740600586,rank,42,single_rater_weak
2025_10_07_RSFB-Phenotyping_WG1_JLU/2025_10_07_RSFB-Phenotyping_WG1_JLU/20251007_134055.jpg,plot_73cc40b0300eb96ccdb1,wg_insects_t1_bbch10,/home/nfs/data/nvme_datasets/Pictures_CFSB_leaf_damage/2025_10_07_RSFB-Phenotyping_WG1_JLU/2025_10_07_RSFB-Phenotyping_WG1_JLU/20251007_134055.jpg,3.0,3.726858615875244,3.6753883361816406,-0.051470376551151276,0.6753883361816406,0.7268586158752441,rank,42,single_rater_weak
2025_10_07_RSFB-Phenotyping_WG1_JLU/2025_10_07_RSFB-Phenotyping_WG1_JLU/20251007_134104.jpg,plot_73cc40b0300eb96ccdb1,wg_insects_t1_bbch10,/home/nfs/data/nvme_datasets/Pictures_CFSB_leaf_damage/2025_10_07_RSFB-Phenotyping_WG1_JLU/2025_10_07_RSFB-Phenotyping_WG1_JLU/20251007_134104.jpg,8.0,3.2520928382873535,2.8187782764434814,-0.43331459164619446,5.181221961975098,4.7479071617126465,rank,42,single_rater_weak
2025_10_07_RSFB-Phenotyping_WG1_JLU/2025_10_07_RSFB-Phenotyping_WG1_JLU/20251007_134123.jpg,plot_0dc14c5babac0bfbd23b,wg_insects_t1_bbch10,/home/nfs/data/nvme_datasets/Pictures_CFSB_leaf_damage/2025_10_07_RSFB-Phenotyping_WG1_JLU/2025_10_07_RSFB-Phenotyping_WG1_JLU/20251007_134123.jpg,30.0,3.948458433151245,3.788508415222168,-0.15995009243488312,26.211490631103516,26.051542282104492,rank,42,single_rater_weak
2025_10_07_RSFB-Phenotyping_WG1_JLU/2025_10_07_RSFB-Phenotyping_WG1_JLU/20251007_134130.jpg,plot_0dc14c5babac0bfbd23b,wg_insects_t1_bbch10,/home/nfs/data/nvme_datasets/Pictures_CFSB_leaf_damage/2025_10_07_RSFB-Phenotyping_WG1_JLU/2025_10_07_RSFB-Phenotyping_WG1_JLU/20251007_134130.jpg,20.0,3.5961263179779053,4.482119560241699,0.8859930038452148,15.5178804397583,16.403873443603516,rank,42,single_rater_weak
2025_10_07_RSFB-Phenotyping_WG1_JLU/2025_10_07_RSFB-Phenotyping_WG1_JLU/20251007_134136.jpg,plot_0dc14c5babac0bfbd23b,wg_insects_t1_bbch10,/home/nfs/data/nvme_datasets/Pictures_CFSB_leaf_damage/2025_10_07_RSFB-Phenotyping_WG1_JLU/2025_10_07_RSFB-Phenotyping_WG1_JLU/20251007_134136.jpg,15.0,3.382525682449341,4.664220809936523,1.2816951274871826,10.335779190063477,11.617474555969238,rank,42,single_rater_weak
2025_10_07_RSFB-Phenotyping_WG1_JLU/2025_10_07_RSFB-Phenotyping_WG1_JLU/20251007_134155.jpg,plot_8703b46712cb1c9c6aa8,wg_insects_t1_bbch10,/home/nfs/data/nvme_datasets/Pictures_CFSB_leaf_damage/2025_10_07_RSFB-Phenotyping_WG1_JLU/2025_10_07_RSFB-Phenotyping_WG1_JLU/20251007_134155.jpg,3.0,2.802938461303711,3.55043363571167,0.7474952936172485,0.5504336357116699,0.19706153869628906,rank,42,single_rater_weak
2025_10_07_RSFB-Phenotyping_WG1_JLU/2025_10_07_RSFB-Phenotyping_WG1_JLU/20251007_134202.jpg,plot_8703b46712cb1c9c6aa8,wg_insects_t1_bbch10,/home/nfs/data/nvme_datasets/Pictures_CFSB_leaf_damage/2025_10_07_RSFB-Phenotyping_WG1_JLU/2025_10_07_RSFB-Phenotyping_WG1_JLU/20251007_134202.jpg,2.0,2.4758996963500977,2.330329418182373,-0.14557038247585297,0.33032941818237305,0.47589969635009766,rank,42,single_rater_weak
2025_10_07_RSFB-Phenotyping_WG1_JLU/2025_10_07_RSFB-Phenotyping_WG1_JLU/20251007_134209.jpg,plot_8703b46712cb1c9c6aa8,wg_insects_t1_bbch10,/home/nfs/data/nvme_datasets/Pictures_CFSB_leaf_damage/2025_10_07_RSFB-Phenotyping_WG1_JLU/2025_10_07_RSFB-Phenotyping_WG1_JLU/20251007_134209.jpg,33.0,3.1532020568847656,3.0314149856567383,-0.12178695201873779,29.968585968017578,29.846797943115234,rank,42,single_rater_weak
2025_10_07_RSFB-Phenotyping_WG1_JLU/2025_10_07_RSFB-Phenotyping_WG1_JLU/20251007_134231.jpg,plot_c269bf51510f5908bdde,wg_insects_t1_bbch10,/home/nfs/data/nvme_datasets/Pictures_CFSB_leaf_damage/2025_10_07_RSFB-Phenotyping_WG1_JLU/2025_10_07_RSFB-Phenotyping_WG1_JLU/20251007_134231.jpg,4.0,0.5693292617797852,2.3902158737182617,1.8208867311477661,1.6097841262817383,3.430670738220215,rank,42,single_rater_weak
2025_10_07_RSFB-Phenotyping_WG1_JLU/2025_10_07_RSFB-Phenotyping_WG1_JLU/20251007_134236.jpg,plot_c269bf51510f5908bdde,wg_insects_t1_bbch10,/home/nfs/data/nvme_datasets/Pictures_CFSB_leaf_damage/2025_10_07_RSFB-Phenotyping_WG1_JLU/2025_10_07_RSFB-Phenotyping_WG1_JLU/20251007_134236.jpg,2.0,0.941279411315918,2.889112710952759,1.9478332996368408,0.8891127109527588,1.058720588684082,rank,42,single_rater_weak
2025_10_07_RSFB-Phenotyping_WG1_JLU/2025_10_07_RSFB-Phenotyping_WG1_JLU/20251007_134244.jpg,plot_c269bf51510f5908bdde,wg_insects_t1_bbch10,/home/nfs/data/nvme_datasets/Pictures_CFSB_leaf_damage/2025_10_07_RSFB-Phenotyping_WG1_JLU/2025_10_07_RSFB-Phenotyping_WG1_JLU/20251007_134244.jpg,5.0,0.7072396278381348,2.5151994228363037,1.807959794998169,2.4848005771636963,4.292760372161865,rank,42,single_rater_weak
2025_10_07_RSFB-Phenotyping_WG1_JLU/2025_10_07_RSFB-Phenotyping_WG1_JLU/20251007_134311.jpg,plot_91629e9b3a2abf1aae0c,wg_insects_t1_bbch10,/home/nfs/data/nvme_datasets/Pictures_CFSB_leaf_damage/2025_10_07_RSFB-Phenotyping_WG1_JLU/2025_10_07_RSFB-Phenotyping_WG1_JLU/20251007_134311.jpg,22.0,2.9258627891540527,3.451996326446533,0.5261334776878357,18.548004150390625,19.07413673400879,rank,42,single_rater_weak
2025_10_07_RSFB-Phenotyping_WG1_JLU/2025_10_07_RSFB-Phenotyping_WG1_JLU/20251007_134319.jpg,plot_91629e9b3a2abf1aae0c,wg_insects_t1_bbch10,/home/nfs/data/nvme_datasets/Pictures_CFSB_leaf_damage/2025_10_07_RSFB-Phenotyping_WG1_JLU/2025_10_07_RSFB-Phenotyping_WG1_JLU/20251007_134319.jpg,7.0,3.466517210006714,3.4121007919311523,-0.05441641807556152,3.5878992080688477,3.533482789993286,rank,42,single_rater_weak
2025_10_07_RSFB-Phenotyping_WG1_JLU/2025_10_07_RSFB-Phenotyping_WG1_JLU/20251007_134325.jpg,plot_91629e9b3a2abf1aae0c,wg_insects_t1_bbch10,/home/nfs/data/nvme_datasets/Pictures_CFSB_leaf_damage/2025_10_07_RSFB-Phenotyping_WG1_JLU/2025_10_07_RSFB-Phenotyping_WG1_JLU/20251007_134325.jpg,12.0,3.0642566680908203,3.040416717529297,-0.02384001389145851,8.959583282470703,8.93574333190918,rank,42,single_rater_weak
2025_10_07_RSFB-Phenotyping_WG1_JLU/2025_10_07_RSFB-Phenotyping_WG1_JLU/20251007_134345.jpg,plot_c8ab7ee89b7142cd52eb,wg_insects_t1_bbch10,/home/nfs/data/nvme_datasets/Pictures_CFSB_leaf_damage/2025_10_07_RSFB-Phenotyping_WG1_JLU/2025_10_07_RSFB-Phenotyping_WG1_JLU/20251007_134345.jpg,4.0,3.4875900745391846,3.6926817893981934,0.20509177446365356,0.30731821060180664,0.5124099254608154,rank,42,single_rater_weak
2025_10_07_RSFB-Phenotyping_WG1_JLU/2025_10_07_RSFB-Phenotyping_WG1_JLU/20251007_134354.jpg,plot_c8ab7ee89b7142cd52eb,wg_insects_t1_bbch10,/home/nfs/data/nvme_datasets/Pictures_CFSB_leaf_damage/2025_10_07_RSFB-Phenotyping_WG1_JLU/2025_10_07_RSFB-Phenotyping_WG1_JLU/20251007_134354.jpg,26.0,5.022382736206055,5.417214393615723,0.3948315680027008,20.582786560058594,20.977617263793945,rank,42,single_rater_weak
2025_10_07_RSFB-Phenotyping_WG1_JLU/2025_10_07_RSFB-Phenotyping_WG1_JLU/20251007_134402.jpg,plot_c8ab7ee89b7142cd52eb,wg_insects_t1_bbch10,/home/nfs/data/nvme_datasets/Pictures_CFSB_leaf_damage/2025_10_07_RSFB-Phenotyping_WG1_JLU/2025_10_07_RSFB-Phenotyping_WG1_JLU/20251007_134402.jpg,3.0,2.3210620880126953,2.6674892902374268,0.34642720222473145,0.33251070976257324,0.6789379119873047,rank,42,single_rater_weak
2025_10_07_RSFB-Phenotyping_WG1_JLU/2025_10_07_RSFB-Phenotyping_WG1_JLU/20251007_134425.jpg,plot_3efb2941f93198730d19,wg_insects_t1_bbch10,/home/nfs/data/nvme_datasets/Pictures_CFSB_leaf_damage/2025_10_07_RSFB-Phenotyping_WG1_JLU/2025_10_07_RSFB-Phenotyping_WG1_JLU/20251007_134425.jpg,10.0,9.024895668029785,9.123306274414062,0.09841039776802063,0.8766937255859375,0.9751043319702148,rank,42,single_rater_weak
2025_10_07_RSFB-Phenotyping_WG1_JLU/2025_10_07_RSFB-Phenotyping_WG1_JLU/20251007_134433.jpg,plot_3efb2941f93198730d19,wg_insects_t1_bbch10,/home/nfs/data/nvme_datasets/Pictures_CFSB_leaf_damage/2025_10_07_RSFB-Phenotyping_WG1_JLU/2025_10_07_RSFB-Phenotyping_WG1_JLU/20251007_134433.jpg,7.0,4.261630058288574,4.00408411026001,-0.2575458288192749,2.9959158897399902,2.738369941711426,rank,42,single_rater_weak
2025_10_07_RSFB-Phenotyping_WG1_JLU/2025_10_07_RSFB-Phenotyping_WG1_JLU/20251007_134442.jpg,plot_3efb2941f93198730d19,wg_insects_t1_bbch10,/home/nfs/data/nvme_datasets/Pictures_CFSB_leaf_damage/2025_10_07_RSFB-Phenotyping_WG1_JLU/2025_10_07_RSFB-Phenotyping_WG1_JLU/20251007_134442.jpg,21.0,3.6792728900909424,4.465710163116455,0.7864373326301575,16.534290313720703,17.32072639465332,rank,42,single_rater_weak
2025_10_07_RSFB-Phenotyping_WG1_JLU/2025_10_07_RSFB-Phenotyping_WG1_JLU/20251007_134503.jpg,plot_32302a98de0ae97df1fc,wg_insects_t1_bbch10,/home/nfs/data/nvme_datasets/Pictures_CFSB_leaf_damage/2025_10_07_RSFB-Phenotyping_WG1_JLU/2025_10_07_RSFB-Phenotyping_WG1_JLU/20251007_134503.jpg,6.0,3.185044765472412,3.019021511077881,-0.1660233736038208,2.980978488922119,2.814955234527588,rank,42,single_rater_weak
2025_10_07_RSFB-Phenotyping_WG1_JLU/2025_10_07_RSFB-Phenotyping_WG1_JLU/20251007_134510.jpg,plot_32302a98de0ae97df1fc,wg_insects_t1_bbch10,/home/nfs/data/nvme_datasets/Pictures_CFSB_leaf_damage/2025_10_07_RSFB-Phenotyping_WG1_JLU/2025_10_07_RSFB-Phenotyping_WG1_JLU/20251007_134510.jpg,20.0,3.313394546508789,3.7745633125305176,0.46116873621940613,16.22543716430664,16.68660545349121,rank,42,single_rater_weak
2025_10_07_RSFB-Phenotyping_WG1_JLU/2025_10_07_RSFB-Phenotyping_WG1_JLU/20251007_134517.jpg,plot_32302a98de0ae97df1fc,wg_insects_t1_bbch10,/home/nfs/data/nvme_datasets/Pictures_CFSB_leaf_damage/2025_10_07_RSFB-Phenotyping_WG1_JLU/2025_10_07_RSFB-Phenotyping_WG1_JLU/20251007_134517.jpg,15.0,4.757681846618652,5.508386611938477,0.7507047653198242,9.491613388061523,10.242318153381348,rank,42,single_rater_weak
2025_10_07_RSFB-Phenotyping_WG1_JLU/2025_10_07_RSFB-Phenotyping_WG1_JLU/20251007_134607.jpg,plot_553caedde4489480dbef,wg_insects_t1_bbch10,/home/nfs/data/nvme_datasets/Pictures_CFSB_leaf_damage/2025_10_07_RSFB-Phenotyping_WG1_JLU/2025_10_07_RSFB-Phenotyping_WG1_JLU/20251007_134607.jpg,7.0,3.148690700531006,2.961197853088379,-0.18749293684959412,4.038802146911621,3.851309299468994,rank,42,single_rater_weak
2025_10_07_RSFB-Phenotyping_WG1_JLU/2025_10_07_RSFB-Phenotyping_WG1_JLU/20251007_134615.jpg,plot_553caedde4489480dbef,wg_insects_t1_bbch10,/home/nfs/data/nvme_datasets/Pictures_CFSB_leaf_damage/2025_10_07_RSFB-Phenotyping_WG1_JLU/2025_10_07_RSFB-Phenotyping_WG1_JLU/20251007_134615.jpg,6.0,3.485612154006958,3.743255853652954,0.25764375925064087,2.256744146347046,2.514387845993042,rank,42,single_rater_weak
2025_10_07_RSFB-Phenotyping_WG1_JLU/2025_10_07_RSFB-Phenotyping_WG1_JLU/20251007_134622.jpg,plot_553caedde4489480dbef,wg_insects_t1_bbch10,/home/nfs/data/nvme_datasets/Pictures_CFSB_leaf_damage/2025_10_07_RSFB-Phenotyping_WG1_JLU/2025_10_07_RSFB-Phenotyping_WG1_JLU/20251007_134622.jpg,4.0,3.519313097000122,4.339701175689697,0.8203879594802856,0.33970117568969727,0.48068690299987793,rank,42,single_rater_weak
2025_10_07_RSFB-Phenotyping_WG1_JLU/2025_10_07_RSFB-Phenotyping_WG1_JLU/20251007_134640.jpg,plot_0ee2401049b303496bc5,wg_insects_t1_bbch10,/home/nfs/data/nvme_datasets/Pictures_CFSB_leaf_damage/2025_10_07_RSFB-Phenotyping_WG1_JLU/2025_10_07_RSFB-Phenotyping_WG1_JLU/20251007_134640.jpg,3.0,4.264863967895508,5.172775745391846,0.9079118967056274,2.1727757453918457,1.2648639678955078,rank,42,single_rater_weak
2025_10_07_RSFB-Phenotyping_WG1_JLU/2025_10_07_RSFB-Phenotyping_WG1_JLU/20251007_134648.jpg,plot_0ee2401049b303496bc5,wg_insects_t1_bbch10,/home/nfs/data/nvme_datasets/Pictures_CFSB_leaf_damage/2025_10_07_RSFB-Phenotyping_WG1_JLU/2025_10_07_RSFB-Phenotyping_WG1_JLU/20251007_134648.jpg,4.0,3.2938733100891113,4.070821762084961,0.7769486308097839,0.07082176208496094,0.7061266899108887,rank,42,single_rater_weak
2025_10_07_RSFB-Phenotyping_WG1_JLU/2025_10_07_RSFB-Phenotyping_WG1_JLU/20251007_134654.jpg,plot_0ee2401049b303496bc5,wg_insects_t1_bbch10,/home/nfs/data/nvme_datasets/Pictures_CFSB_leaf_damage/2025_10_07_RSFB-Phenotyping_WG1_JLU/2025_10_07_RSFB-Phenotyping_WG1_JLU/20251007_134654.jpg,5.0,5.373900413513184,5.730682373046875,0.35678189992904663,0.730682373046875,0.3739004135131836,rank,42,single_rater_weak
2025_10_07_RSFB-Phenotyping_WG1_JLU/2025_10_07_RSFB-Phenotyping_WG1_JLU/20251007_134713.jpg,plot_b5ff78134da2cbee9da9,wg_insects_t1_bbch10,/home/nfs/data/nvme_datasets/Pictures_CFSB_leaf_damage/2025_10_07_RSFB-Phenotyping_WG1_JLU/2025_10_07_RSFB-Phenotyping_WG1_JLU/20251007_134713.jpg,2.0,2.9910879135131836,3.970630407333374,0.9795424938201904,1.970630407333374,0.9910879135131836,rank,42,single_rater_weak
2025_10_07_RSFB-Phenotyping_WG1_JLU/2025_10_07_RSFB-Phenotyping_WG1_JLU/20251007_134721.jpg,plot_b5ff78134da2cbee9da9,wg_insects_t1_bbch10,/home/nfs/data/nvme_datasets/Pictures_CFSB_leaf_damage/2025_10_07_RSFB-Phenotyping_WG1_JLU/2025_10_07_RSFB-Phenotyping_WG1_JLU/20251007_134721.jpg,5.0,4.208320140838623,5.367485523223877,1.159165382385254,0.36748552322387695,0.791679859161377,rank,42,single_rater_weak
2025_10_07_RSFB-Phenotyping_WG1_JLU/2025_10_07_RSFB-Phenotyping_WG1_JLU/20251007_134728.jpg,plot_b5ff78134da2cbee9da9,wg_insects_t1_bbch10,/home/nfs/data/nvme_datasets/Pictures_CFSB_leaf_damage/2025_10_07_RSFB-Phenotyping_WG1_JLU/2025_10_07_RSFB-Phenotyping_WG1_JLU/20251007_134728.jpg,7.0,4.099761962890625,4.452950954437256,0.3531888425350189,2.547049045562744,2.900238037109375,rank,42,single_rater_weak
2025_10_07_RSFB-Phenotyping_WG1_JLU/2025_10_07_RSFB-Phenotyping_WG1_JLU/20251007_134747.jpg,plot_e756a03d19d7a2d30203,wg_insects_t1_bbch10,/home/nfs/data/nvme_datasets/Pictures_CFSB_leaf_damage/2025_10_07_RSFB-Phenotyping_WG1_JLU/2025_10_07_RSFB-Phenotyping_WG1_JLU/20251007_134747.jpg,12.0,3.049128532409668,3.202160120010376,0.15303157269954681,8.797840118408203,8.950871467590332,rank,42,single_rater_weak
2025_10_07_RSFB-Phenotyping_WG1_JLU/2025_10_07_RSFB-Phenotyping_WG1_JLU/20251007_134753.jpg,plot_e756a03d19d7a2d30203,wg_insects_t1_bbch10,/home/nfs/data/nvme_datasets/Pictures_CFSB_leaf_damage/2025_10_07_RSFB-Phenotyping_WG1_JLU/2025_10_07_RSFB-Phenotyping_WG1_JLU/20251007_134753.jpg,8.0,5.901533126831055,6.604910850524902,0.7033779621124268,1.3950891494750977,2.0984668731689453,rank,42,single_rater_weak
2025_10_07_RSFB-Phenotyping_WG1_JLU/2025_10_07_RSFB-Phenotyping_WG1_JLU/20251007_134803.jpg,plot_e756a03d19d7a2d30203,wg_insects_t1_bbch10,/home/nfs/data/nvme_datasets/Pictures_CFSB_leaf_damage/2025_10_07_RSFB-Phenotyping_WG1_JLU/2025_10_07_RSFB-Phenotyping_WG1_JLU/20251007_134803.jpg,4.0,3.2278318405151367,3.2633321285247803,0.03550030291080475,0.7366678714752197,0.7721681594848633,rank,42,single_rater_weak
2025_10_07_RSFB-Phenotyping_WG1_JLU/2025_10_07_RSFB-Phenotyping_WG1_JLU/20251007_134820.jpg,plot_c6b6d66c129d9fca2b7b,wg_insects_t1_bbch10,/home/nfs/data/nvme_datasets/Pictures_CFSB_leaf_damage/2025_10_07_RSFB-Phenotyping_WG1_JLU/2025_10_07_RSFB-Phenotyping_WG1_JLU/20251007_134820.jpg,5.0,4.732010841369629,5.3952956199646,0.6632848978042603,0.3952956199645996,0.2679891586303711,rank,42,single_rater_weak
2025_10_07_RSFB-Phenotyping_WG1_JLU/2025_10_07_RSFB-Phenotyping_WG1_JLU/20251007_134828.jpg,plot_c6b6d66c129d9fca2b7b,wg_insects_t1_bbch10,/home/nfs/data/nvme_datasets/Pictures_CFSB_leaf_damage/2025_10_07_RSFB-Phenotyping_WG1_JLU/2025_10_07_RSFB-Phenotyping_WG1_JLU/20251007_134828.jpg,7.0,4.453807830810547,5.028697490692139,0.5748897194862366,1.9713025093078613,2.546192169189453,rank,42,single_rater_weak
2025_10_07_RSFB-Phenotyping_WG1_JLU/2025_10_07_RSFB-Phenotyping_WG1_JLU/20251007_134834.jpg,plot_c6b6d66c129d9fca2b7b,wg_insects_t1_bbch10,/home/nfs/data/nvme_datasets/Pictures_CFSB_leaf_damage/2025_10_07_RSFB-Phenotyping_WG1_JLU/2025_10_07_RSFB-Phenotyping_WG1_JLU/20251007_134834.jpg,5.0,2.967437267303467,3.8401994705200195,0.872762143611908,1.1598005294799805,2.032562732696533,rank,42,single_rater_weak
2025_10_07_RSFB-Phenotyping_WG1_JLU/2025_10_07_RSFB-Phenotyping_WG1_JLU/20251007_134852.jpg,plot_8340f1a8e5939e69142f,wg_insects_t1_bbch10,/home/nfs/data/nvme_datasets/Pictures_CFSB_leaf_damage/2025_10_07_RSFB-Phenotyping_WG1_JLU/2025_10_07_RSFB-Phenotyping_WG1_JLU/20251007_134852.jpg,3.0,2.531548500061035,2.5639376640319824,0.03238923102617264,0.4360623359680176,0.46845149993896484,rank,42,single_rater_weak
2025_10_07_RSFB-Phenotyping_WG1_JLU/2025_10_07_RSFB-Phenotyping_WG1_JLU/20251007_134900.jpg,plot_8340f1a8e5939e69142f,wg_insects_t1_bbch10,/home/nfs/data/nvme_datasets/Pictures_CFSB_leaf_damage/2025_10_07_RSFB-Phenotyping_WG1_JLU/2025_10_07_RSFB-Phenotyping_WG1_JLU/20251007_134900.jpg,3.0,1.9881629943847656,2.8755149841308594,0.8873518705368042,0.12448501586914062,1.0118370056152344,rank,42,single_rater_weak
2025_10_07_RSFB-Phenotyping_WG1_JLU/2025_10_07_RSFB-Phenotyping_WG1_JLU/20251007_134912.jpg,plot_8340f1a8e5939e69142f,wg_insects_t1_bbch10,/home/nfs/data/nvme_datasets/Pictures_CFSB_leaf_damage/2025_10_07_RSFB-Phenotyping_WG1_JLU/2025_10_07_RSFB-Phenotyping_WG1_JLU/20251007_134912.jpg,4.0,3.371112585067749,3.487365245819092,0.11625264585018158,0.5126347541809082,0.628887414932251,rank,42,single_rater_weak
2025_10_07_RSFB-Phenotyping_WG1_JLU/2025_10_07_RSFB-Phenotyping_WG1_JLU/20251007_134928_001.jpg,plot_b37ece4be73f21235396,wg_insects_t1_bbch10,/home/nfs/data/nvme_datasets/Pictures_CFSB_leaf_damage/2025_10_07_RSFB-Phenotyping_WG1_JLU/2025_10_07_RSFB-Phenotyping_WG1_JLU/20251007_134928_001.jpg,1.0,3.647066831588745,4.222479343414307,0.5754125118255615,3.2224793434143066,2.647066831588745,rank,42,single_rater_weak
2025_10_07_RSFB-Phenotyping_WG1_JLU/2025_10_07_RSFB-Phenotyping_WG1_JLU/20251007_134928_002.jpg,plot_b37ece4be73f21235396,wg_insects_t1_bbch10,/home/nfs/data/nvme_datasets/Pictures_CFSB_leaf_damage/2025_10_07_RSFB-Phenotyping_WG1_JLU/2025_10_07_RSFB-Phenotyping_WG1_JLU/20251007_134928_002.jpg,1.0,3.3825552463531494,4.028746604919434,0.6461912393569946,3.0287466049194336,2.3825552463531494,rank,42,single_rater_weak
2025_10_07_RSFB-Phenotyping_WG1_JLU/2025_10_07_RSFB-Phenotyping_WG1_JLU/20251007_134929.jpg,plot_b37ece4be73f21235396,wg_insects_t1_bbch10,/home/nfs/data/nvme_datasets/Pictures_CFSB_leaf_damage/2025_10_07_RSFB-Phenotyping_WG1_JLU/2025_10_07_RSFB-Phenotyping_WG1_JLU/20251007_134929.jpg,1.0,3.6469712257385254,4.146101951599121,0.49913063645362854,3.146101951599121,2.6469712257385254,rank,42,single_rater_weak
2025_10_07_RSFB-Phenotyping_WG1_JLU/2025_10_07_RSFB-Phenotyping_WG1_JLU/20251007_134931.jpg,plot_b37ece4be73f21235396,wg_insects_t1_bbch10,/home/nfs/data/nvme_datasets/Pictures_CFSB_leaf_damage/2025_10_07_RSFB-Phenotyping_WG1_JLU/2025_10_07_RSFB-Phenotyping_WG1_JLU/20251007_134931.jpg,1.0,3.4711785316467285,4.020753383636475,0.5495747327804565,3.0207533836364746,2.4711785316467285,rank,42,single_rater_weak
2025_10_07_RSFB-Phenotyping_WG1_JLU/2025_10_07_RSFB-Phenotyping_WG1_JLU/20251007_134942.jpg,plot_b37ece4be73f21235396,wg_insects_t1_bbch10,/home/nfs/data/nvme_datasets/Pictures_CFSB_leaf_damage/2025_10_07_RSFB-Phenotyping_WG1_JLU/2025_10_07_RSFB-Phenotyping_WG1_JLU/20251007_134942.jpg,1.0,4.029778480529785,5.001713752746582,0.9719350337982178,4.001713752746582,3.029778480529785,rank,42,single_rater_weak
2025_10_07_RSFB-Phenotyping_WG1_JLU/2025_10_07_RSFB-Phenotyping_WG1_JLU/20251007_135028.jpg,plot_b37ece4be73f21235396,wg_insects_t1_bbch10,/home/nfs/data/nvme_datasets/Pictures_CFSB_leaf_damage/2025_10_07_RSFB-Phenotyping_WG1_JLU/2025_10_07_RSFB-Phenotyping_WG1_JLU/20251007_135028.jpg,1.0,3.43731427192688,3.4246630668640137,-0.012651161290705204,2.4246630668640137,2.43731427192688,rank,42,single_rater_weak
2025_10_07_RSFB-Phenotyping_WG1_JLU/2025_10_07_RSFB-Phenotyping_WG1_JLU/20251007_135035.jpg,plot_b37ece4be73f21235396,wg_insects_t1_bbch10,/home/nfs/data/nvme_datasets/Pictures_CFSB_leaf_damage/2025_10_07_RSFB-Phenotyping_WG1_JLU/2025_10_07_RSFB-Phenotyping_WG1_JLU/20251007_135035.jpg,3.0,2.4567861557006836,3.458003520965576,1.001217246055603,0.45800352096557617,0.5432138442993164,rank,42,single_rater_weak
2025_10_07_RSFB-Phenotyping_WG1_JLU/2025_10_07_RSFB-Phenotyping_WG1_JLU/20251007_135041.jpg,plot_b37ece4be73f21235396,wg_insects_t1_bbch10,/home/nfs/data/nvme_datasets/Pictures_CFSB_leaf_damage/2025_10_07_RSFB-Phenotyping_WG1_JLU/2025_10_07_RSFB-Phenotyping_WG1_JLU/20251007_135041.jpg,2.0,2.6037678718566895,3.570565700531006,0.9667978286743164,1.5705657005310059,0.6037678718566895,rank,42,single_rater_weak
2025_10_07_RSFB-Phenotyping_WG1_JLU/2025_10_07_RSFB-Phenotyping_WG1_JLU/20251007_135048.jpg,plot_b37ece4be73f21235396,wg_insects_t1_bbch10,/home/nfs/data/nvme_datasets/Pictures_CFSB_leaf_damage/2025_10_07_RSFB-Phenotyping_WG1_JLU/2025_10_07_RSFB-Phenotyping_WG1_JLU/20251007_135048.jpg,1.0,3.2575016021728516,3.2980024814605713,0.040500789880752563,2.2980024814605713,2.2575016021728516,rank,42,single_rater_weak
2025_10_07_RSFB-Phenotyping_WG1_JLU/2025_10_07_RSFB-Phenotyping_WG1_JLU/20251007_135105.jpg,plot_703c6d37517647dcb629,wg_insects_t1_bbch10,/home/nfs/data/nvme_datasets/Pictures_CFSB_leaf_damage/2025_10_07_RSFB-Phenotyping_WG1_JLU/2025_10_07_RSFB-Phenotyping_WG1_JLU/20251007_135105.jpg,5.0,3.026111602783203,3.3173201084136963,0.2912084460258484,1.6826798915863037,1.9738883972167969,rank,42,single_rater_weak
2025_10_07_RSFB-Phenotyping_WG1_JLU/2025_10_07_RSFB-Phenotyping_WG1_JLU/20251007_135113.jpg,plot_703c6d37517647dcb629,wg_insects_t1_bbch10,/home/nfs/data/nvme_datasets/Pictures_CFSB_leaf_damage/2025_10_07_RSFB-Phenotyping_WG1_JLU/2025_10_07_RSFB-Phenotyping_WG1_JLU/20251007_135113.jpg,10.0,3.181446075439453,3.1281540393829346,-0.05329194664955139,6.8718461990356445,6.818553924560547,rank,42,single_rater_weak
2025_10_07_RSFB-Phenotyping_WG1_JLU/2025_10_07_RSFB-Phenotyping_WG1_JLU/20251007_135120.jpg,plot_703c6d37517647dcb629,wg_insects_t1_bbch10,/home/nfs/data/nvme_datasets/Pictures_CFSB_leaf_damage/2025_10_07_RSFB-Phenotyping_WG1_JLU/2025_10_07_RSFB-Phenotyping_WG1_JLU/20251007_135120.jpg,2.0,3.0398154258728027,4.1324663162231445,1.092651128768921,2.1324663162231445,1.0398154258728027,rank,42,single_rater_weak
2025_10_07_RSFB-Phenotyping_WG1_JLU/2025_10_07_RSFB-Phenotyping_WG1_JLU/20251007_135136.jpg,plot_39a5d9a096c24f894a86,wg_insects_t1_bbch10,/home/nfs/data/nvme_datasets/Pictures_CFSB_leaf_damage/2025_10_07_RSFB-Phenotyping_WG1_JLU/2025_10_07_RSFB-Phenotyping_WG1_JLU/20251007_135136.jpg,2.0,2.55344820022583,3.62528133392334,1.0718331336975098,1.6252813339233398,0.5534482002258301,rank,42,single_rater_weak
2025_10_07_RSFB-Phenotyping_WG1_JLU/2025_10_07_RSFB-Phenotyping_WG1_JLU/20251007_135142.jpg,plot_39a5d9a096c24f894a86,wg_insects_t1_bbch10,/home/nfs/data/nvme_datasets/Pictures_CFSB_leaf_damage/2025_10_07_RSFB-Phenotyping_WG1_JLU/2025_10_07_RSFB-Phenotyping_WG1_JLU/20251007_135142.jpg,4.0,3.0852856636047363,3.7082653045654297,0.6229797601699829,0.2917346954345703,0.9147143363952637,rank,42,single_rater_weak
2025_10_07_RSFB-Phenotyping_WG1_JLU/2025_10_07_RSFB-Phenotyping_WG1_JLU/20251007_135149.jpg,plot_39a5d9a096c24f894a86,wg_insects_t1_bbch10,/home/nfs/data/nvme_datasets/Pictures_CFSB_leaf_damage/2025_10_07_RSFB-Phenotyping_WG1_JLU/2025_10_07_RSFB-Phenotyping_WG1_JLU/20251007_135149.jpg,8.0,4.651336193084717,5.200863838195801,0.549527645111084,2.799136161804199,3.348663806915283,rank,42,single_rater_weak
2025_10_07_RSFB-Phenotyping_WG1_JLU/2025_10_07_RSFB-Phenotyping_WG1_JLU/20251007_135206.jpg,plot_123fb6227016b71de6ed,wg_insects_t1_bbch10,/home/nfs/data/nvme_datasets/Pictures_CFSB_leaf_damage/2025_10_07_RSFB-Phenotyping_WG1_JLU/2025_10_07_RSFB-Phenotyping_WG1_JLU/20251007_135206.jpg,15.0,2.9186573028564453,2.516620635986328,-0.40203657746315,12.483379364013672,12.081342697143555,rank,42,single_rater_weak
2025_10_07_RSFB-Phenotyping_WG1_JLU/2025_10_07_RSFB-Phenotyping_WG1_JLU/20251007_135213.jpg,plot_123fb6227016b71de6ed,wg_insects_t1_bbch10,/home/nfs/data/nvme_datasets/Pictures_CFSB_leaf_damage/2025_10_07_RSFB-Phenotyping_WG1_JLU/2025_10_07_RSFB-Phenotyping_WG1_JLU/20251007_135213.jpg,5.0,2.2900662422180176,3.184828042984009,0.8947617411613464,1.8151719570159912,2.7099337577819824,rank,42,single_rater_weak
2025_10_07_RSFB-Phenotyping_WG1_JLU/2025_10_07_RSFB-Phenotyping_WG1_JLU/20251007_135220.jpg,plot_123fb6227016b71de6ed,wg_insects_t1_bbch10,/home/nfs/data/nvme_datasets/Pictures_CFSB_leaf_damage/2025_10_07_RSFB-Phenotyping_WG1_JLU/2025_10_07_RSFB-Phenotyping_WG1_JLU/20251007_135220.jpg,4.0,5.906536102294922,6.183835506439209,0.27729931473731995,2.183835506439209,1.9065361022949219,rank,42,single_rater_weak
2025_10_07_RSFB-Phenotyping_WG1_JLU/2025_10_07_RSFB-Phenotyping_WG1_JLU/20251007_135237.jpg,plot_b20da2cb3f64c4a00599,wg_insects_t1_bbch10,/home/nfs/data/nvme_datasets/Pictures_CFSB_leaf_damage/2025_10_07_RSFB-Phenotyping_WG1_JLU/2025_10_07_RSFB-Phenotyping_WG1_JLU/20251007_135237.jpg,12.0,5.314820289611816,5.908016204833984,0.5931956768035889,6.091983795166016,6.685179710388184,rank,42,single_rater_weak
2025_10_07_RSFB-Phenotyping_WG1_JLU/2025_10_07_RSFB-Phenotyping_WG1_JLU/20251007_135242.jpg,plot_b20da2cb3f64c4a00599,wg_insects_t1_bbch10,/home/nfs/data/nvme_datasets/Pictures_CFSB_leaf_damage/2025_10_07_RSFB-Phenotyping_WG1_JLU/2025_10_07_RSFB-Phenotyping_WG1_JLU/20251007_135242.jpg,5.0,2.8010501861572266,2.562182903289795,-0.2388671636581421,2.437817096710205,2.1989498138427734,rank,42,single_rater_weak
2025_10_07_RSFB-Phenotyping_WG1_JLU/2025_10_07_RSFB-Phenotyping_WG1_JLU/20251007_135306.jpg,plot_63e5acc853f9da264c66,wg_insects_t1_bbch10,/home/nfs/data/nvme_datasets/Pictures_CFSB_leaf_damage/2025_10_07_RSFB-Phenotyping_WG1_JLU/2025_10_07_RSFB-Phenotyping_WG1_JLU/20251007_135306.jpg,1.0,1.8160896301269531,2.616805076599121,0.8007153868675232,1.616805076599121,0.8160896301269531,rank,42,single_rater_weak
2025_10_07_RSFB-Phenotyping_WG1_JLU/2025_10_07_RSFB-Phenotyping_WG1_JLU/20251007_135316.jpg,plot_63e5acc853f9da264c66,wg_insects_t1_bbch10,/home/nfs/data/nvme_datasets/Pictures_CFSB_leaf_damage/2025_10_07_RSFB-Phenotyping_WG1_JLU/2025_10_07_RSFB-Phenotyping_WG1_JLU/20251007_135316.jpg,2.0,2.0959925651550293,2.3014016151428223,0.20540910959243774,0.30140161514282227,0.0959925651550293,rank,42,single_rater_weak
2025_10_07_RSFB-Phenotyping_WG1_JLU/2025_10_07_RSFB-Phenotyping_WG1_JLU/20251007_135322.jpg,plot_63e5acc853f9da264c66,wg_insects_t1_bbch10,/home/nfs/data/nvme_datasets/Pictures_CFSB_leaf_damage/2025_10_07_RSFB-Phenotyping_WG1_JLU/2025_10_07_RSFB-Phenotyping_WG1_JLU/20251007_135322.jpg,1.0,2.9861326217651367,3.3177490234375,0.33161646127700806,2.3177490234375,1.9861326217651367,rank,42,single_rater_weak
2025_10_07_RSFB-Phenotyping_WG1_JLU/2025_10_07_RSFB-Phenotyping_WG1_JLU/20251007_135337.jpg,plot_8751b5e06eb6ffeec689,wg_insects_t1_bbch10,/home/nfs/data/nvme_datasets/Pictures_CFSB_leaf_damage/2025_10_07_RSFB-Phenotyping_WG1_JLU/2025_10_07_RSFB-Phenotyping_WG1_JLU/20251007_135337.jpg,2.0,2.725402355194092,2.3462002277374268,-0.3792022168636322,0.34620022773742676,0.7254023551940918,rank,42,single_rater_weak
2025_10_07_RSFB-Phenotyping_WG1_JLU/2025_10_07_RSFB-Phenotyping_WG1_JLU/20251007_135343.jpg,plot_8751b5e06eb6ffeec689,wg_insects_t1_bbch10,/home/nfs/data/nvme_datasets/Pictures_CFSB_leaf_damage/2025_10_07_RSFB-Phenotyping_WG1_JLU/2025_10_07_RSFB-Phenotyping_WG1_JLU/20251007_135343.jpg,4.0,3.983921766281128,4.577932357788086,0.5940107703208923,0.5779323577880859,0.01607823371887207,rank,42,single_rater_weak
2025_10_07_RSFB-Phenotyping_WG1_JLU/2025_10_07_RSFB-Phenotyping_WG1_JLU/20251007_135349.jpg,plot_8751b5e06eb6ffeec689,wg_insects_t1_bbch10,/home/nfs/data/nvme_datasets/Pictures_CFSB_leaf_damage/2025_10_07_RSFB-Phenotyping_WG1_JLU/2025_10_07_RSFB-Phenotyping_WG1_JLU/20251007_135349.jpg,2.0,2.85048770904541,2.529292345046997,-0.32119542360305786,0.5292923450469971,0.8504877090454102,rank,42,single_rater_weak
2025_10_07_RSFB-Phenotyping_WG1_JLU/2025_10_07_RSFB-Phenotyping_WG1_JLU/20251007_135406.jpg,plot_279d83b6c8945c8a6c37,wg_insects_t1_bbch10,/home/nfs/data/nvme_datasets/Pictures_CFSB_leaf_damage/2025_10_07_RSFB-Phenotyping_WG1_JLU/2025_10_07_RSFB-Phenotyping_WG1_JLU/20251007_135406.jpg,2.0,4.14279842376709,4.503061294555664,0.3602626323699951,2.503061294555664,2.14279842376709,rank,42,single_rater_weak
2025_10_07_RSFB-Phenotyping_WG1_JLU/2025_10_07_RSFB-Phenotyping_WG1_JLU/20251007_135414.jpg,plot_279d83b6c8945c8a6c37,wg_insects_t1_bbch10,/home/nfs/data/nvme_datasets/Pictures_CFSB_leaf_damage/2025_10_07_RSFB-Phenotyping_WG1_JLU/2025_10_07_RSFB-Phenotyping_WG1_JLU/20251007_135414.jpg,3.0,2.7725930213928223,3.227848768234253,0.45525577664375305,0.22784876823425293,0.22740697860717773,rank,42,single_rater_weak
2025_10_07_RSFB-Phenotyping_WG1_JLU/2025_10_07_RSFB-Phenotyping_WG1_JLU/20251007_135420.jpg,plot_279d83b6c8945c8a6c37,wg_insects_t1_bbch10,/home/nfs/data/nvme_datasets/Pictures_CFSB_leaf_damage/2025_10_07_RSFB-Phenotyping_WG1_JLU/2025_10_07_RSFB-Phenotyping_WG1_JLU/20251007_135420.jpg,2.0,3.3076767921447754,3.197784423828125,-0.10989240556955338,1.197784423828125,1.3076767921447754,rank,42,single_rater_weak
2025_10_07_RSFB-Phenotyping_WG1_JLU/2025_10_07_RSFB-Phenotyping_WG1_JLU/20251007_135436.jpg,plot_75d8d7a2141a2b398071,wg_insects_t1_bbch10,/home/nfs/data/nvme_datasets/Pictures_CFSB_leaf_damage/2025_10_07_RSFB-Phenotyping_WG1_JLU/2025_10_07_RSFB-Phenotyping_WG1_JLU/20251007_135436.jpg,3.0,2.0934648513793945,3.351574420928955,1.25810968875885,0.3515744209289551,0.9065351486206055,rank,42,single_rater_weak
2025_10_07_RSFB-Phenotyping_WG1_JLU/2025_10_07_RSFB-Phenotyping_WG1_JLU/20251007_135442.jpg,plot_75d8d7a2141a2b398071,wg_insects_t1_bbch10,/home/nfs/data/nvme_datasets/Pictures_CFSB_leaf_damage/2025_10_07_RSFB-Phenotyping_WG1_JLU/2025_10_07_RSFB-Phenotyping_WG1_JLU/20251007_135442.jpg,5.0,2.8169188499450684,3.0448732376098633,0.22795426845550537,1.9551267623901367,2.1830811500549316,rank,42,single_rater_weak
2025_10_07_RSFB-Phenotyping_WG1_JLU/2025_10_07_RSFB-Phenotyping_WG1_JLU/20251007_135447.jpg,plot_75d8d7a2141a2b398071,wg_insects_t1_bbch10,/home/nfs/data/nvme_datasets/Pictures_CFSB_leaf_damage/2025_10_07_RSFB-Phenotyping_WG1_JLU/2025_10_07_RSFB-Phenotyping_WG1_JLU/20251007_135447.jpg,2.0,2.957270622253418,3.0342063903808594,0.076935775578022,1.0342063903808594,0.957270622253418,rank,42,single_rater_weak
2025_10_07_RSFB-Phenotyping_WG1_JLU/2025_10_07_RSFB-Phenotyping_WG1_JLU/20251007_135506.jpg,plot_391b7b2cd084a1a57456,wg_insects_t1_bbch10,/home/nfs/data/nvme_datasets/Pictures_CFSB_leaf_damage/2025_10_07_RSFB-Phenotyping_WG1_JLU/2025_10_07_RSFB-Phenotyping_WG1_JLU/20251007_135506.jpg,1.0,2.3380179405212402,3.1215381622314453,0.7835201025009155,2.1215381622314453,1.3380179405212402,rank,42,single_rater_weak
2025_10_07_RSFB-Phenotyping_WG1_JLU/2025_10_07_RSFB-Phenotyping_WG1_JLU/20251007_135512.jpg,plot_391b7b2cd084a1a57456,wg_insects_t1_bbch10,/home/nfs/data/nvme_datasets/Pictures_CFSB_leaf_damage/2025_10_07_RSFB-Phenotyping_WG1_JLU/2025_10_07_RSFB-Phenotyping_WG1_JLU/20251007_135512.jpg,1.0,3.1576194763183594,3.9416286945343018,0.7840091586112976,2.9416286945343018,2.1576194763183594,rank,42,single_rater_weak
2025_10_07_RSFB-Phenotyping_WG1_JLU/2025_10_07_RSFB-Phenotyping_WG1_JLU/20251007_135518.jpg,plot_391b7b2cd084a1a57456,wg_insects_t1_bbch10,/home/nfs/data/nvme_datasets/Pictures_CFSB_leaf_damage/2025_10_07_RSFB-Phenotyping_WG1_JLU/2025_10_07_RSFB-Phenotyping_WG1_JLU/20251007_135518.jpg,2.0,2.8990097045898438,4.295527935028076,1.3965182304382324,2.295527935028076,0.8990097045898438,rank,42,single_rater_weak
2025_10_07_RSFB-Phenotyping_WG1_JLU/2025_10_07_RSFB-Phenotyping_WG1_JLU/20251007_135535.jpg,plot_784047cfbf20092543c1,wg_insects_t1_bbch10,/home/nfs/data/nvme_datasets/Pictures_CFSB_leaf_damage/2025_10_07_RSFB-Phenotyping_WG1_JLU/2025_10_07_RSFB-Phenotyping_WG1_JLU/20251007_135535.jpg,2.0,2.730782985687256,3.393787145614624,0.6630042195320129,1.393787145614624,0.7307829856872559,rank,42,single_rater_weak
2025_10_07_RSFB-Phenotyping_WG1_JLU/2025_10_07_RSFB-Phenotyping_WG1_JLU/20251007_135543.jpg,plot_784047cfbf20092543c1,wg_insects_t1_bbch10,/home/nfs/data/nvme_datasets/Pictures_CFSB_leaf_damage/2025_10_07_RSFB-Phenotyping_WG1_JLU/2025_10_07_RSFB-Phenotyping_WG1_JLU/20251007_135543.jpg,8.0,6.871976375579834,7.5474982261657715,0.675521731376648,0.4525017738342285,1.128023624420166,rank,42,single_rater_weak
2025_10_07_RSFB-Phenotyping_WG1_JLU/2025_10_07_RSFB-Phenotyping_WG1_JLU/20251007_135550.jpg,plot_784047cfbf20092543c1,wg_insects_t1_bbch10,/home/nfs/data/nvme_datasets/Pictures_CFSB_leaf_damage/2025_10_07_RSFB-Phenotyping_WG1_JLU/2025_10_07_RSFB-Phenotyping_WG1_JLU/20251007_135550.jpg,3.0,4.9374589920043945,6.029730796813965,1.0922718048095703,3.029730796813965,1.9374589920043945,rank,42,single_rater_weak
2025_10_07_RSFB-Phenotyping_WG1_JLU/2025_10_07_RSFB-Phenotyping_WG1_JLU/20251007_135610.jpg,plot_d5cfc93370f06cfcb0c7,wg_insects_t1_bbch10,/home/nfs/data/nvme_datasets/Pictures_CFSB_leaf_damage/2025_10_07_RSFB-Phenotyping_WG1_JLU/2025_10_07_RSFB-Phenotyping_WG1_JLU/20251007_135610.jpg,3.0,2.7141523361206055,2.6522305011749268,-0.06192180514335632,0.34776949882507324,0.28584766387939453,rank,42,single_rater_weak
2025_10_07_RSFB-Phenotyping_WG1_JLU/2025_10_07_RSFB-Phenotyping_WG1_JLU/20251007_135616.jpg,plot_d5cfc93370f06cfcb0c7,wg_insects_t1_bbch10,/home/nfs/data/nvme_datasets/Pictures_CFSB_leaf_damage/2025_10_07_RSFB-Phenotyping_WG1_JLU/2025_10_07_RSFB-Phenotyping_WG1_JLU/20251007_135616.jpg,2.0,3.1280078887939453,3.1053290367126465,-0.022678786888718605,1.1053290367126465,1.1280078887939453,rank,42,single_rater_weak
2025_10_07_RSFB-Phenotyping_WG1_JLU/2025_10_07_RSFB-Phenotyping_WG1_JLU/20251007_135622.jpg,plot_d5cfc93370f06cfcb0c7,wg_insects_t1_bbch10,/home/nfs/data/nvme_datasets/Pictures_CFSB_leaf_damage/2025_10_07_RSFB-Phenotyping_WG1_JLU/2025_10_07_RSFB-Phenotyping_WG1_JLU/20251007_135622.jpg,32.0,14.899188995361328,14.931466102600098,0.03227728232741356,17.06853485107422,17.100811004638672,rank,42,single_rater_weak
2025_10_07_RSFB-Phenotyping_WG1_JLU/2025_10_07_RSFB-Phenotyping_WG1_JLU/20251007_135638.jpg,plot_c0cf3bf80f64b46d97d5,wg_insects_t1_bbch10,/home/nfs/data/nvme_datasets/Pictures_CFSB_leaf_damage/2025_10_07_RSFB-Phenotyping_WG1_JLU/2025_10_07_RSFB-Phenotyping_WG1_JLU/20251007_135638.jpg,2.0,5.555531024932861,6.749526023864746,1.1939949989318848,4.749526023864746,3.5555310249328613,rank,42,single_rater_weak
2025_10_07_RSFB-Phenotyping_WG1_JLU/2025_10_07_RSFB-Phenotyping_WG1_JLU/20251007_135644.jpg,plot_c0cf3bf80f64b46d97d5,wg_insects_t1_bbch10,/home/nfs/data/nvme_datasets/Pictures_CFSB_leaf_damage/2025_10_07_RSFB-Phenotyping_WG1_JLU/2025_10_07_RSFB-Phenotyping_WG1_JLU/20251007_135644.jpg,4.0,3.586724281311035,4.103221893310547,0.516497790813446,0.10322189331054688,0.41327571868896484,rank,42,single_rater_weak
2025_10_07_RSFB-Phenotyping_WG1_JLU/2025_10_07_RSFB-Phenotyping_WG1_JLU/20251007_135649.jpg,plot_c0cf3bf80f64b46d97d5,wg_insects_t1_bbch10,/home/nfs/data/nvme_datasets/Pictures_CFSB_leaf_damage/2025_10_07_RSFB-Phenotyping_WG1_JLU/2025_10_07_RSFB-Phenotyping_WG1_JLU/20251007_135649.jpg,1.0,6.399509906768799,7.333399295806885,0.9338895082473755,6.333399295806885,5.399509906768799,rank,42,single_rater_weak
2025_10_07_RSFB-Phenotyping_WG1_JLU/2025_10_07_RSFB-Phenotyping_WG1_JLU/20251007_135707.jpg,plot_7994b465855ba89ef3f7,wg_insects_t1_bbch10,/home/nfs/data/nvme_datasets/Pictures_CFSB_leaf_damage/2025_10_07_RSFB-Phenotyping_WG1_JLU/2025_10_07_RSFB-Phenotyping_WG1_JLU/20251007_135707.jpg,6.0,5.907803535461426,7.078695297241211,1.1708917617797852,1.078695297241211,0.09219646453857422,rank,42,single_rater_weak
2025_10_07_RSFB-Phenotyping_WG1_JLU/2025_10_07_RSFB-Phenotyping_WG1_JLU/20251007_135713.jpg,plot_7994b465855ba89ef3f7,wg_insects_t1_bbch10,/home/nfs/data/nvme_datasets/Pictures_CFSB_leaf_damage/2025_10_07_RSFB-Phenotyping_WG1_JLU/2025_10_07_RSFB-Phenotyping_WG1_JLU/20251007_135713.jpg,3.0,3.886780261993408,4.896886825561523,1.0101065635681152,1.8968868255615234,0.8867802619934082,rank,42,single_rater_weak
2025_10_07_RSFB-Phenotyping_WG1_JLU/2025_10_07_RSFB-Phenotyping_WG1_JLU/20251007_135720.jpg,plot_7994b465855ba89ef3f7,wg_insects_t1_bbch10,/home/nfs/data/nvme_datasets/Pictures_CFSB_leaf_damage/2025_10_07_RSFB-Phenotyping_WG1_JLU/2025_10_07_RSFB-Phenotyping_WG1_JLU/20251007_135720.jpg,7.0,5.510242938995361,6.125792026519775,0.6155492663383484,0.8742079734802246,1.4897570610046387,rank,42,single_rater_weak
2025_10_07_RSFB-Phenotyping_WG1_JLU/2025_10_07_RSFB-Phenotyping_WG1_JLU/20251007_135735.jpg,plot_f7ae4a70541e93d0656c,wg_insects_t1_bbch10,/home/nfs/data/nvme_datasets/Pictures_CFSB_leaf_damage/2025_10_07_RSFB-Phenotyping_WG1_JLU/2025_10_07_RSFB-Phenotyping_WG1_JLU/20251007_135735.jpg,2.0,4.301476001739502,5.300218105316162,0.9987419247627258,3.300218105316162,2.301476001739502,rank,42,single_rater_weak
2025_10_07_RSFB-Phenotyping_WG1_JLU/2025_10_07_RSFB-Phenotyping_WG1_JLU/20251007_135741.jpg,plot_f7ae4a70541e93d0656c,wg_insects_t1_bbch10,/home/nfs/data/nvme_datasets/Pictures_CFSB_leaf_damage/2025_10_07_RSFB-Phenotyping_WG1_JLU/2025_10_07_RSFB-Phenotyping_WG1_JLU/20251007_135741.jpg,4.0,5.322671890258789,5.891512393951416,0.568840503692627,1.891512393951416,1.322671890258789,rank,42,single_rater_weak
2025_10_07_RSFB-Phenotyping_WG1_JLU/2025_10_07_RSFB-Phenotyping_WG1_JLU/20251007_135746.jpg,plot_f7ae4a70541e93d0656c,wg_insects_t1_bbch10,/home/nfs/data/nvme_datasets/Pictures_CFSB_leaf_damage/2025_10_07_RSFB-Phenotyping_WG1_JLU/2025_10_07_RSFB-Phenotyping_WG1_JLU/20251007_135746.jpg,4.0,3.929838180541992,3.937297821044922,0.007459655404090881,0.06270217895507812,0.07016181945800781,rank,42,single_rater_weak
2025_10_07_RSFB-Phenotyping_WG1_JLU/2025_10_07_RSFB-Phenotyping_WG1_JLU/20251007_135805.jpg,plot_5f1d72a5413cc21a71ee,wg_insects_t1_bbch10,/home/nfs/data/nvme_datasets/Pictures_CFSB_leaf_damage/2025_10_07_RSFB-Phenotyping_WG1_JLU/2025_10_07_RSFB-Phenotyping_WG1_JLU/20251007_135805.jpg,2.0,3.5484790802001953,4.197211265563965,0.64873206615448,2.197211265563965,1.5484790802001953,rank,42,single_rater_weak
2025_10_07_RSFB-Phenotyping_WG1_JLU/2025_10_07_RSFB-Phenotyping_WG1_JLU/20251007_135811.jpg,plot_5f1d72a5413cc21a71ee,wg_insects_t1_bbch10,/home/nfs/data/nvme_datasets/Pictures_CFSB_leaf_damage/2025_10_07_RSFB-Phenotyping_WG1_JLU/2025_10_07_RSFB-Phenotyping_WG1_JLU/20251007_135811.jpg,2.0,3.126955032348633,3.0069069862365723,-0.12004803121089935,1.0069069862365723,1.1269550323486328,rank,42,single_rater_weak
2025_10_07_RSFB-Phenotyping_WG1_JLU/2025_10_07_RSFB-Phenotyping_WG1_JLU/20251007_135817.jpg,plot_5f1d72a5413cc21a71ee,wg_insects_t1_bbch10,/home/nfs/data/nvme_datasets/Pictures_CFSB_leaf_damage/2025_10_07_RSFB-Phenotyping_WG1_JLU/2025_10_07_RSFB-Phenotyping_WG1_JLU/20251007_135817.jpg,3.0,3.157824993133545,3.26141619682312,0.10359130054712296,0.2614161968231201,0.15782499313354492,rank,42,single_rater_weak
2025_10_07_RSFB-Phenotyping_WG1_JLU/2025_10_07_RSFB-Phenotyping_WG1_JLU/20251007_135834.jpg,plot_21695cfe70d5bb799d9f,wg_insects_t1_bbch10,/home/nfs/data/nvme_datasets/Pictures_CFSB_leaf_damage/2025_10_07_RSFB-Phenotyping_WG1_JLU/2025_10_07_RSFB-Phenotyping_WG1_JLU/20251007_135834.jpg,4.0,2.941511631011963,2.8567774295806885,-0.08473417907953262,1.1432225704193115,1.058488368988037,rank,42,single_rater_weak
2025_10_07_RSFB-Phenotyping_WG1_JLU/2025_10_07_RSFB-Phenotyping_WG1_JLU/20251007_135838.jpg,plot_21695cfe70d5bb799d9f,wg_insects_t1_bbch10,/home/nfs/data/nvme_datasets/Pictures_CFSB_leaf_damage/2025_10_07_RSFB-Phenotyping_WG1_JLU/2025_10_07_RSFB-Phenotyping_WG1_JLU/20251007_135838.jpg,3.0,3.2387614250183105,3.52272629737854,0.2839649021625519,0.52272629737854,0.23876142501831055,rank,42,single_rater_weak
2025_10_07_RSFB-Phenotyping_WG1_JLU/2025_10_07_RSFB-Phenotyping_WG1_JLU/20251007_135843.jpg,plot_21695cfe70d5bb799d9f,wg_insects_t1_bbch10,/home/nfs/data/nvme_datasets/Pictures_CFSB_leaf_damage/2025_10_07_RSFB-Phenotyping_WG1_JLU/2025_10_07_RSFB-Phenotyping_WG1_JLU/20251007_135843.jpg,5.0,4.2571611404418945,4.241832733154297,-0.01532850693911314,0.7581672668457031,0.7428388595581055,rank,42,single_rater_weak
2025_10_07_RSFB-Phenotyping_WG1_JLU/2025_10_07_RSFB-Phenotyping_WG1_JLU/20251007_135903.jpg,plot_b05a9a381ed5bb6bb939,wg_insects_t1_bbch10,/home/nfs/data/nvme_datasets/Pictures_CFSB_leaf_damage/2025_10_07_RSFB-Phenotyping_WG1_JLU/2025_10_07_RSFB-Phenotyping_WG1_JLU/20251007_135903.jpg,3.0,2.424936294555664,2.650243043899536,0.22530673444271088,0.34975695610046387,0.5750637054443359,rank,42,single_rater_weak
2025_10_07_RSFB-Phenotyping_WG1_JLU/2025_10_07_RSFB-Phenotyping_WG1_JLU/20251007_135907.jpg,plot_b05a9a381ed5bb6bb939,wg_insects_t1_bbch10,/home/nfs/data/nvme_datasets/Pictures_CFSB_leaf_damage/2025_10_07_RSFB-Phenotyping_WG1_JLU/2025_10_07_RSFB-Phenotyping_WG1_JLU/20251007_135907.jpg,7.0,3.020690441131592,3.057609796524048,0.03691934049129486,3.942390203475952,3.979309558868408,rank,42,single_rater_weak
2025_10_07_RSFB-Phenotyping_WG1_JLU/2025_10_07_RSFB-Phenotyping_WG1_JLU/20251007_135913.jpg,plot_b05a9a381ed5bb6bb939,wg_insects_t1_bbch10,/home/nfs/data/nvme_datasets/Pictures_CFSB_leaf_damage/2025_10_07_RSFB-Phenotyping_WG1_JLU/2025_10_07_RSFB-Phenotyping_WG1_JLU/20251007_135913.jpg,6.0,3.1765499114990234,3.0872268676757812,-0.08932298421859741,2.9127731323242188,2.8234500885009766,rank,42,single_rater_weak
2025_10_07_RSFB-Phenotyping_WG1_JLU/2025_10_07_RSFB-Phenotyping_WG1_JLU/20251007_135930.jpg,plot_c04069eb316edaeedad5,wg_insects_t1_bbch10,/home/nfs/data/nvme_datasets/Pictures_CFSB_leaf_damage/2025_10_07_RSFB-Phenotyping_WG1_JLU/2025_10_07_RSFB-Phenotyping_WG1_JLU/20251007_135930.jpg,4.0,2.776381492614746,2.7055606842041016,-0.07082077115774155,1.2944393157958984,1.223618507385254,rank,42,single_rater_weak
2025_10_07_RSFB-Phenotyping_WG1_JLU/2025_10_07_RSFB-Phenotyping_WG1_JLU/20251007_135935.jpg,plot_c04069eb316edaeedad5,wg_insects_t1_bbch10,/home/nfs/data/nvme_datasets/Pictures_CFSB_leaf_damage/2025_10_07_RSFB-Phenotyping_WG1_JLU/2025_10_07_RSFB-Phenotyping_WG1_JLU/20251007_135935.jpg,2.0,2.2316102981567383,1.636192798614502,-0.5954174995422363,0.36380720138549805,0.23161029815673828,rank,42,single_rater_weak
2025_10_07_RSFB-Phenotyping_WG1_JLU/2025_10_07_RSFB-Phenotyping_WG1_JLU/20251007_135941.jpg,plot_c04069eb316edaeedad5,wg_insects_t1_bbch10,/home/nfs/data/nvme_datasets/Pictures_CFSB_leaf_damage/2025_10_07_RSFB-Phenotyping_WG1_JLU/2025_10_07_RSFB-Phenotyping_WG1_JLU/20251007_135941.jpg,2.0,1.8147501945495605,1.9659593105316162,0.15120917558670044,0.03404068946838379,0.18524980545043945,rank,42,single_rater_weak
2025_10_07_RSFB-Phenotyping_WG1_JLU/2025_10_07_RSFB-Phenotyping_WG1_JLU/20251007_140002.jpg,plot_be3c0739df7f361261c9,wg_insects_t1_bbch10,/home/nfs/data/nvme_datasets/Pictures_CFSB_leaf_damage/2025_10_07_RSFB-Phenotyping_WG1_JLU/2025_10_07_RSFB-Phenotyping_WG1_JLU/20251007_140002.jpg,3.0,4.88292121887207,5.820916175842285,0.9379950761795044,2.820916175842285,1.8829212188720703,rank,42,single_rater_weak
2025_10_07_RSFB-Phenotyping_WG1_JLU/2025_10_07_RSFB-Phenotyping_WG1_JLU/20251007_140007.jpg,plot_be3c0739df7f361261c9,wg_insects_t1_bbch10,/home/nfs/data/nvme_datasets/Pictures_CFSB_leaf_damage/2025_10_07_RSFB-Phenotyping_WG1_JLU/2025_10_07_RSFB-Phenotyping_WG1_JLU/20251007_140007.jpg,1.0,3.038334369659424,2.7536978721618652,-0.284636527299881,1.7536978721618652,2.038334369659424,rank,42,single_rater_weak
2025_10_07_RSFB-Phenotyping_WG1_JLU/2025_10_07_RSFB-Phenotyping_WG1_JLU/20251007_140013.jpg,plot_be3c0739df7f361261c9,wg_insects_t1_bbch10,/home/nfs/data/nvme_datasets/Pictures_CFSB_leaf_damage/2025_10_07_RSFB-Phenotyping_WG1_JLU/2025_10_07_RSFB-Phenotyping_WG1_JLU/20251007_140013.jpg,5.0,2.317188262939453,2.0559566020965576,-0.26123160123825073,2.9440433979034424,2.682811737060547,rank,42,single_rater_weak
2025_10_07_RSFB-Phenotyping_WG1_JLU/2025_10_07_RSFB-Phenotyping_WG1_JLU/20251007_140028.jpg,plot_297f57dd119bda5f0a2b,wg_insects_t1_bbch10,/home/nfs/data/nvme_datasets/Pictures_CFSB_leaf_damage/2025_10_07_RSFB-Phenotyping_WG1_JLU/2025_10_07_RSFB-Phenotyping_WG1_JLU/20251007_140028.jpg,4.0,2.944924831390381,3.5092830657958984,0.564358115196228,0.49071693420410156,1.0550751686096191,rank,42,single_rater_weak
2025_10_07_RSFB-Phenotyping_WG1_JLU/2025_10_07_RSFB-Phenotyping_WG1_JLU/20251007_140034.jpg,plot_297f57dd119bda5f0a2b,wg_insects_t1_bbch10,/home/nfs/data/nvme_datasets/Pictures_CFSB_leaf_damage/2025_10_07_RSFB-Phenotyping_WG1_JLU/2025_10_07_RSFB-Phenotyping_WG1_JLU/20251007_140034.jpg,18.0,4.381537437438965,5.58079195022583,1.1992545127868652,12.419208526611328,13.618462562561035,rank,42,single_rater_weak
2025_10_07_RSFB-Phenotyping_WG1_JLU/2025_10_07_RSFB-Phenotyping_WG1_JLU/20251007_140039.jpg,plot_297f57dd119bda5f0a2b,wg_insects_t1_bbch10,/home/nfs/data/nvme_datasets/Pictures_CFSB_leaf_damage/2025_10_07_RSFB-Phenotyping_WG1_JLU/2025_10_07_RSFB-Phenotyping_WG1_JLU/20251007_140039.jpg,14.0,4.322799205780029,4.85588264465332,0.5330834984779358,9.14411735534668,9.677200317382812,rank,42,single_rater_weak
2025_10_07_RSFB-Phenotyping_WG1_JLU/2025_10_07_RSFB-Phenotyping_WG1_JLU/20251007_140055.jpg,plot_2f19274e2dd50563c731,wg_insects_t1_bbch10,/home/nfs/data/nvme_datasets/Pictures_CFSB_leaf_damage/2025_10_07_RSFB-Phenotyping_WG1_JLU/2025_10_07_RSFB-Phenotyping_WG1_JLU/20251007_140055.jpg,4.0,3.8334338665008545,4.111661434173584,0.2782277762889862,0.11166143417358398,0.1665661334991455,rank,42,single_rater_weak
2025_10_07_RSFB-Phenotyping_WG1_JLU/2025_10_07_RSFB-Phenotyping_WG1_JLU/20251007_140059(0).jpg,plot_2f19274e2dd50563c731,wg_insects_t1_bbch10,/home/nfs/data/nvme_datasets/Pictures_CFSB_leaf_damage/2025_10_07_RSFB-Phenotyping_WG1_JLU/2025_10_07_RSFB-Phenotyping_WG1_JLU/20251007_140059(0).jpg,3.0,4.489925861358643,4.9795823097229,0.48965659737586975,1.9795823097229004,1.4899258613586426,rank,42,single_rater_weak
2025_10_07_RSFB-Phenotyping_WG1_JLU/2025_10_07_RSFB-Phenotyping_WG1_JLU/20251007_140059.jpg,plot_2f19274e2dd50563c731,wg_insects_t1_bbch10,/home/nfs/data/nvme_datasets/Pictures_CFSB_leaf_damage/2025_10_07_RSFB-Phenotyping_WG1_JLU/2025_10_07_RSFB-Phenotyping_WG1_JLU/20251007_140059.jpg,3.0,4.120746612548828,4.609177589416504,0.4884308874607086,1.609177589416504,1.1207466125488281,rank,42,single_rater_weak
2025_10_07_RSFB-Phenotyping_WG1_JLU/2025_10_07_RSFB-Phenotyping_WG1_JLU/20251007_140106.jpg,plot_2f19274e2dd50563c731,wg_insects_t1_bbch10,/home/nfs/data/nvme_datasets/Pictures_CFSB_leaf_damage/2025_10_07_RSFB-Phenotyping_WG1_JLU/2025_10_07_RSFB-Phenotyping_WG1_JLU/20251007_140106.jpg,6.0,3.2119622230529785,3.4064066410064697,0.1944444477558136,2.5935933589935303,2.7880377769470215,rank,42,single_rater_weak
2025_10_07_RSFB-Phenotyping_WG1_JLU/2025_10_07_RSFB-Phenotyping_WG1_JLU/20251007_140125.jpg,plot_223bd36920a6f0acce98,wg_insects_t1_bbch10,/home/nfs/data/nvme_datasets/Pictures_CFSB_leaf_damage/2025_10_07_RSFB-Phenotyping_WG1_JLU/2025_10_07_RSFB-Phenotyping_WG1_JLU/20251007_140125.jpg,8.0,2.9077892303466797,3.0390098094940186,0.13122065365314484,4.960989952087402,5.09221076965332,rank,42,single_rater_weak
2025_10_07_RSFB-Phenotyping_WG1_JLU/2025_10_07_RSFB-Phenotyping_WG1_JLU/20251007_140130.jpg,plot_223bd36920a6f0acce98,wg_insects_t1_bbch10,/home/nfs/data/nvme_datasets/Pictures_CFSB_leaf_damage/2025_10_07_RSFB-Phenotyping_WG1_JLU/2025_10_07_RSFB-Phenotyping_WG1_JLU/20251007_140130.jpg,28.0,11.806681632995605,12.456463813781738,0.6497825384140015,15.543536186218262,16.193317413330078,rank,42,single_rater_weak
2025_10_07_RSFB-Phenotyping_WG1_JLU/2025_10_07_RSFB-Phenotyping_WG1_JLU/20251007_140135.jpg,plot_223bd36920a6f0acce98,wg_insects_t1_bbch10,/home/nfs/data/nvme_datasets/Pictures_CFSB_leaf_damage/2025_10_07_RSFB-Phenotyping_WG1_JLU/2025_10_07_RSFB-Phenotyping_WG1_JLU/20251007_140135.jpg,3.0,2.1829233169555664,1.8366279602050781,-0.34629538655281067,1.1633720397949219,0.8170766830444336,rank,42,single_rater_weak
2025_10_07_RSFB-Phenotyping_WG1_JLU/2025_10_07_RSFB-Phenotyping_WG1_JLU/20251007_140152.jpg,plot_4e525a5594354b5813c5,wg_insects_t1_bbch10,/home/nfs/data/nvme_datasets/Pictures_CFSB_leaf_damage/2025_10_07_RSFB-Phenotyping_WG1_JLU/2025_10_07_RSFB-Phenotyping_WG1_JLU/20251007_140152.jpg,2.0,3.2807717323303223,2.9883453845977783,-0.29242631793022156,0.9883453845977783,1.2807717323303223,rank,42,single_rater_weak
2025_10_07_RSFB-Phenotyping_WG1_JLU/2025_10_07_RSFB-Phenotyping_WG1_JLU/20251007_140200.jpg,plot_4e525a5594354b5813c5,wg_insects_t1_bbch10,/home/nfs/data/nvme_datasets/Pictures_CFSB_leaf_damage/2025_10_07_RSFB-Phenotyping_WG1_JLU/2025_10_07_RSFB-Phenotyping_WG1_JLU/20251007_140200.jpg,3.0,3.7684314250946045,4.1062541007995605,0.33782267570495605,1.1062541007995605,0.7684314250946045,rank,42,single_rater_weak
2025_10_07_RSFB-Phenotyping_WG1_JLU/2025_10_07_RSFB-Phenotyping_WG1_JLU/20251007_140206.jpg,plot_4e525a5594354b5813c5,wg_insects_t1_bbch10,/home/nfs/data/nvme_datasets/Pictures_CFSB_leaf_damage/2025_10_07_RSFB-Phenotyping_WG1_JLU/2025_10_07_RSFB-Phenotyping_WG1_JLU/20251007_140206.jpg,4.0,2.4566640853881836,2.5018887519836426,0.045224592089653015,1.4981112480163574,1.5433359146118164,rank,42,single_rater_weak
2025_10_07_RSFB-Phenotyping_WG1_JLU/2025_10_07_RSFB-Phenotyping_WG1_JLU/20251007_140229.jpg,plot_84263b33a357d0cbb029,wg_insects_t1_bbch10,/home/nfs/data/nvme_datasets/Pictures_CFSB_leaf_damage/2025_10_07_RSFB-Phenotyping_WG1_JLU/2025_10_07_RSFB-Phenotyping_WG1_JLU/20251007_140229.jpg,2.0,1.9184050559997559,2.2628629207611084,0.3444579541683197,0.2628629207611084,0.08159494400024414,rank,42,single_rater_weak
2025_10_07_RSFB-Phenotyping_WG1_JLU/2025_10_07_RSFB-Phenotyping_WG1_JLU/20251007_140235.jpg,plot_84263b33a357d0cbb029,wg_insects_t1_bbch10,/home/nfs/data/nvme_datasets/Pictures_CFSB_leaf_damage/2025_10_07_RSFB-Phenotyping_WG1_JLU/2025_10_07_RSFB-Phenotyping_WG1_JLU/20251007_140235.jpg,7.0,3.077780246734619,3.403663396835327,0.3258832097053528,3.596336603164673,3.922219753265381,rank,42,single_rater_weak
2025_10_07_RSFB-Phenotyping_WG1_JLU/2025_10_07_RSFB-Phenotyping_WG1_JLU/20251007_140241.jpg,plot_84263b33a357d0cbb029,wg_insects_t1_bbch10,/home/nfs/data/nvme_datasets/Pictures_CFSB_leaf_damage/2025_10_07_RSFB-Phenotyping_WG1_JLU/2025_10_07_RSFB-Phenotyping_WG1_JLU/20251007_140241.jpg,3.0,4.822954177856445,5.427050590515137,0.6040966510772705,2.4270505905151367,1.8229541778564453,rank,42,single_rater_weak
2025_10_07_RSFB-Phenotyping_WG1_JLU/2025_10_07_RSFB-Phenotyping_WG1_JLU/20251007_140304.jpg,plot_1b506e2dd76da396d0a7,wg_insects_t1_bbch10,/home/nfs/data/nvme_datasets/Pictures_CFSB_leaf_damage/2025_10_07_RSFB-Phenotyping_WG1_JLU/2025_10_07_RSFB-Phenotyping_WG1_JLU/20251007_140304.jpg,6.0,3.413895845413208,3.4941415786743164,0.08024580776691437,2.5058584213256836,2.586104154586792,rank,42,single_rater_weak
2025_10_07_RSFB-Phenotyping_WG1_JLU/2025_10_07_RSFB-Phenotyping_WG1_JLU/20251007_140310.jpg,plot_1b506e2dd76da396d0a7,wg_insects_t1_bbch10,/home/nfs/data/nvme_datasets/Pictures_CFSB_leaf_damage/2025_10_07_RSFB-Phenotyping_WG1_JLU/2025_10_07_RSFB-Phenotyping_WG1_JLU/20251007_140310.jpg,3.0,3.2807531356811523,3.4126319885253906,0.13187886774539948,0.4126319885253906,0.28075313568115234,rank,42,single_rater_weak
2025_10_07_RSFB-Phenotyping_WG1_JLU/2025_10_07_RSFB-Phenotyping_WG1_JLU/20251007_140315.jpg,plot_1b506e2dd76da396d0a7,wg_insects_t1_bbch10,/home/nfs/data/nvme_datasets/Pictures_CFSB_leaf_damage/2025_10_07_RSFB-Phenotyping_WG1_JLU/2025_10_07_RSFB-Phenotyping_WG1_JLU/20251007_140315.jpg,5.0,5.629280090332031,6.224369525909424,0.5950893759727478,1.2243695259094238,0.6292800903320312,rank,42,single_rater_weak
2025_10_07_RSFB-Phenotyping_WG1_JLU/2025_10_07_RSFB-Phenotyping_WG1_JLU/20251007_140330.jpg,plot_c548a78911429153a5ab,wg_insects_t1_bbch10,/home/nfs/data/nvme_datasets/Pictures_CFSB_leaf_damage/2025_10_07_RSFB-Phenotyping_WG1_JLU/2025_10_07_RSFB-Phenotyping_WG1_JLU/20251007_140330.jpg,2.0,2.571476459503174,2.2664272785186768,-0.3050490915775299,0.26642727851867676,0.5714764595031738,rank,42,single_rater_weak
2025_10_07_RSFB-Phenotyping_WG1_JLU/2025_10_07_RSFB-Phenotyping_WG1_JLU/20251007_140334.jpg,plot_c548a78911429153a5ab,wg_insects_t1_bbch10,/home/nfs/data/nvme_datasets/Pictures_CFSB_leaf_damage/2025_10_07_RSFB-Phenotyping_WG1_JLU/2025_10_07_RSFB-Phenotyping_WG1_JLU/20251007_140334.jpg,2.0,5.911376953125,6.7191972732543945,0.8078205585479736,4.7191972732543945,3.911376953125,rank,42,single_rater_weak
2025_10_07_RSFB-Phenotyping_WG1_JLU/2025_10_07_RSFB-Phenotyping_WG1_JLU/20251007_140340.jpg,plot_c548a78911429153a5ab,wg_insects_t1_bbch10,/home/nfs/data/nvme_datasets/Pictures_CFSB_leaf_damage/2025_10_07_RSFB-Phenotyping_WG1_JLU/2025_10_07_RSFB-Phenotyping_WG1_JLU/20251007_140340.jpg,4.0,3.5412609577178955,3.6479556560516357,0.10669481009244919,0.35204434394836426,0.4587390422821045,rank,42,single_rater_weak
2025_10_07_RSFB-Phenotyping_WG1_JLU/2025_10_07_RSFB-Phenotyping_WG1_JLU/20251007_140356.jpg,plot_fd19b5391d548ef15d2b,wg_insects_t1_bbch10,/home/nfs/data/nvme_datasets/Pictures_CFSB_leaf_damage/2025_10_07_RSFB-Phenotyping_WG1_JLU/2025_10_07_RSFB-Phenotyping_WG1_JLU/20251007_140356.jpg,2.0,2.534121513366699,2.3836050033569336,-0.15051651000976562,0.3836050033569336,0.5341215133666992,rank,42,single_rater_weak
2025_10_07_RSFB-Phenotyping_WG1_JLU/2025_10_07_RSFB-Phenotyping_WG1_JLU/20251007_140400.jpg,plot_fd19b5391d548ef15d2b,wg_insects_t1_bbch10,/home/nfs/data/nvme_datasets/Pictures_CFSB_leaf_damage/2025_10_07_RSFB-Phenotyping_WG1_JLU/2025_10_07_RSFB-Phenotyping_WG1_JLU/20251007_140400.jpg,2.0,4.89574670791626,5.443232536315918,0.5474860072135925,3.443232536315918,2.8957467079162598,rank,42,single_rater_weak
2025_10_07_RSFB-Phenotyping_WG1_JLU/2025_10_07_RSFB-Phenotyping_WG1_JLU/20251007_140405.jpg,plot_fd19b5391d548ef15d2b,wg_insects_t1_bbch10,/home/nfs/data/nvme_datasets/Pictures_CFSB_leaf_damage/2025_10_07_RSFB-Phenotyping_WG1_JLU/2025_10_07_RSFB-Phenotyping_WG1_JLU/20251007_140405.jpg,3.0,3.05716609954834,3.304448127746582,0.24728190898895264,0.30444812774658203,0.057166099548339844,rank,42,single_rater_weak
2025_10_07_RSFB-Phenotyping_WG1_JLU/2025_10_07_RSFB-Phenotyping_WG1_JLU/20251007_140421.jpg,plot_cd90b898808d6e057f8e,wg_insects_t1_bbch10,/home/nfs/data/nvme_datasets/Pictures_CFSB_leaf_damage/2025_10_07_RSFB-Phenotyping_WG1_JLU/2025_10_07_RSFB-Phenotyping_WG1_JLU/20251007_140421.jpg,2.0,2.9908652305603027,3.467341184616089,0.4764760136604309,1.4673411846160889,0.9908652305603027,rank,42,single_rater_weak
2025_10_07_RSFB-Phenotyping_WG1_JLU/2025_10_07_RSFB-Phenotyping_WG1_JLU/20251007_140432.jpg,plot_cd90b898808d6e057f8e,wg_insects_t1_bbch10,/home/nfs/data/nvme_datasets/Pictures_CFSB_leaf_damage/2025_10_07_RSFB-Phenotyping_WG1_JLU/2025_10_07_RSFB-Phenotyping_WG1_JLU/20251007_140432.jpg,9.0,3.0126423835754395,3.571439504623413,0.5587971806526184,5.428560256958008,5.9873576164245605,rank,42,single_rater_weak
2025_10_07_RSFB-Phenotyping_WG1_JLU/2025_10_07_RSFB-Phenotyping_WG1_JLU/20251007_140458.jpg,plot_6edc5cb5ceffbd230c38,wg_insects_t1_bbch10,/home/nfs/data/nvme_datasets/Pictures_CFSB_leaf_damage/2025_10_07_RSFB-Phenotyping_WG1_JLU/2025_10_07_RSFB-Phenotyping_WG1_JLU/20251007_140458.jpg,3.0,2.3234286308288574,3.176335334777832,0.8529067039489746,0.17633533477783203,0.6765713691711426,rank,42,single_rater_weak
2025_10_07_RSFB-Phenotyping_WG1_JLU/2025_10_07_RSFB-Phenotyping_WG1_JLU/20251007_140502.jpg,plot_6edc5cb5ceffbd230c38,wg_insects_t1_bbch10,/home/nfs/data/nvme_datasets/Pictures_CFSB_leaf_damage/2025_10_07_RSFB-Phenotyping_WG1_JLU/2025_10_07_RSFB-Phenotyping_WG1_JLU/20251007_140502.jpg,2.0,3.435635566711426,3.2863481044769287,-0.1492873728275299,1.2863481044769287,1.4356355667114258,rank,42,single_rater_weak
2025_10_07_RSFB-Phenotyping_WG1_JLU/2025_10_07_RSFB-Phenotyping_WG1_JLU/20251007_140507.jpg,plot_6edc5cb5ceffbd230c38,wg_insects_t1_bbch10,/home/nfs/data/nvme_datasets/Pictures_CFSB_leaf_damage/2025_10_07_RSFB-Phenotyping_WG1_JLU/2025_10_07_RSFB-Phenotyping_WG1_JLU/20251007_140507.jpg,3.0,3.3389201164245605,3.857456684112549,0.5185365676879883,0.8574566841125488,0.33892011642456055,rank,42,single_rater_weak
2025_10_07_RSFB-Phenotyping_WG1_JLU/2025_10_07_RSFB-Phenotyping_WG1_JLU/20251007_140522.jpg,plot_b6088519bdd4f0ed709c,wg_insects_t1_bbch10,/home/nfs/data/nvme_datasets/Pictures_CFSB_leaf_damage/2025_10_07_RSFB-Phenotyping_WG1_JLU/2025_10_07_RSFB-Phenotyping_WG1_JLU/20251007_140522.jpg,1.0,3.6010048389434814,3.8725857734680176,0.27158084511756897,2.8725857734680176,2.6010048389434814,rank,42,single_rater_weak
2025_10_07_RSFB-Phenotyping_WG1_JLU/2025_10_07_RSFB-Phenotyping_WG1_JLU/20251007_140527.jpg,plot_b6088519bdd4f0ed709c,wg_insects_t1_bbch10,/home/nfs/data/nvme_datasets/Pictures_CFSB_leaf_damage/2025_10_07_RSFB-Phenotyping_WG1_JLU/2025_10_07_RSFB-Phenotyping_WG1_JLU/20251007_140527.jpg,4.0,3.861426591873169,3.6665163040161133,-0.1949101835489273,0.3334836959838867,0.13857340812683105,rank,42,single_rater_weak
2025_10_07_RSFB-Phenotyping_WG1_JLU/2025_10_07_RSFB-Phenotyping_WG1_JLU/20251007_140533.jpg,plot_b6088519bdd4f0ed709c,wg_insects_t1_bbch10,/home/nfs/data/nvme_datasets/Pictures_CFSB_leaf_damage/2025_10_07_RSFB-Phenotyping_WG1_JLU/2025_10_07_RSFB-Phenotyping_WG1_JLU/20251007_140533.jpg,3.0,3.6275129318237305,3.398601531982422,-0.22891128063201904,0.3986015319824219,0.6275129318237305,rank,42,single_rater_weak
2025_10_07_RSFB-Phenotyping_WG1_JLU/2025_10_07_RSFB-Phenotyping_WG1_JLU/20251007_140550.jpg,plot_1f349c6b264b009496d5,wg_insects_t1_bbch10,/home/nfs/data/nvme_datasets/Pictures_CFSB_leaf_damage/2025_10_07_RSFB-Phenotyping_WG1_JLU/2025_10_07_RSFB-Phenotyping_WG1_JLU/20251007_140550.jpg,2.0,2.2569894790649414,2.3459396362304688,0.08895023167133331,0.34593963623046875,0.2569894790649414,rank,42,single_rater_weak
2025_10_07_RSFB-Phenotyping_WG1_JLU/2025_10_07_RSFB-Phenotyping_WG1_JLU/20251007_140555.jpg,plot_1f349c6b264b009496d5,wg_insects_t1_bbch10,/home/nfs/data/nvme_datasets/Pictures_CFSB_leaf_damage/2025_10_07_RSFB-Phenotyping_WG1_JLU/2025_10_07_RSFB-Phenotyping_WG1_JLU/20251007_140555.jpg,3.0,3.9386403560638428,4.601323127746582,0.6626825332641602,1.601323127746582,0.9386403560638428,rank,42,single_rater_weak
2025_10_07_RSFB-Phenotyping_WG1_JLU/2025_10_07_RSFB-Phenotyping_WG1_JLU/20251007_140601.jpg,plot_1f349c6b264b009496d5,wg_insects_t1_bbch10,/home/nfs/data/nvme_datasets/Pictures_CFSB_leaf_damage/2025_10_07_RSFB-Phenotyping_WG1_JLU/2025_10_07_RSFB-Phenotyping_WG1_JLU/20251007_140601.jpg,4.0,3.6887900829315186,3.5966503620147705,-0.09213963150978088,0.4033496379852295,0.31120991706848145,rank,42,single_rater_weak
2025_10_07_RSFB-Phenotyping_WG1_JLU/2025_10_07_RSFB-Phenotyping_WG1_JLU/20251007_140616.jpg,plot_4437d181265b5befe118,wg_insects_t1_bbch10,/home/nfs/data/nvme_datasets/Pictures_CFSB_leaf_damage/2025_10_07_RSFB-Phenotyping_WG1_JLU/2025_10_07_RSFB-Phenotyping_WG1_JLU/20251007_140616.jpg,3.0,3.0422844886779785,2.6954355239868164,-0.34684884548187256,0.3045644760131836,0.042284488677978516,rank,42,single_rater_weak
2025_10_07_RSFB-Phenotyping_WG1_JLU/2025_10_07_RSFB-Phenotyping_WG1_JLU/20251007_140620.jpg,plot_4437d181265b5befe118,wg_insects_t1_bbch10,/home/nfs/data/nvme_datasets/Pictures_CFSB_leaf_damage/2025_10_07_RSFB-Phenotyping_WG1_JLU/2025_10_07_RSFB-Phenotyping_WG1_JLU/20251007_140620.jpg,1.0,3.473564386367798,3.514256238937378,0.04069174826145172,2.514256238937378,2.473564386367798,rank,42,single_rater_weak
2025_10_07_RSFB-Phenotyping_WG1_JLU/2025_10_07_RSFB-Phenotyping_WG1_JLU/20251007_140626.jpg,plot_4437d181265b5befe118,wg_insects_t1_bbch10,/home/nfs/data/nvme_datasets/Pictures_CFSB_leaf_damage/2025_10_07_RSFB-Phenotyping_WG1_JLU/2025_10_07_RSFB-Phenotyping_WG1_JLU/20251007_140626.jpg,7.0,4.480566024780273,5.233767509460449,0.7532012462615967,1.7662324905395508,2.5194339752197266,rank,42,single_rater_weak
2025_10_07_RSFB-Phenotyping_WG1_JLU/2025_10_07_RSFB-Phenotyping_WG1_JLU/20251007_140645.jpg,plot_dd06c1212800a9c9b658,wg_insects_t1_bbch10,/home/nfs/data/nvme_datasets/Pictures_CFSB_leaf_damage/2025_10_07_RSFB-Phenotyping_WG1_JLU/2025_10_07_RSFB-Phenotyping_WG1_JLU/20251007_140645.jpg,2.0,2.2884044647216797,3.4627089500427246,1.1743043661117554,1.4627089500427246,0.2884044647216797,rank,42,single_rater_weak
2025_10_07_RSFB-Phenotyping_WG1_JLU/2025_10_07_RSFB-Phenotyping_WG1_JLU/20251007_140652.jpg,plot_dd06c1212800a9c9b658,wg_insects_t1_bbch10,/home/nfs/data/nvme_datasets/Pictures_CFSB_leaf_damage/2025_10_07_RSFB-Phenotyping_WG1_JLU/2025_10_07_RSFB-Phenotyping_WG1_JLU/20251007_140652.jpg,4.0,5.965023040771484,6.277362823486328,0.31234002113342285,2.277362823486328,1.9650230407714844,rank,42,single_rater_weak
2025_10_07_RSFB-Phenotyping_WG1_JLU/2025_10_07_RSFB-Phenotyping_WG1_JLU/20251007_140657.jpg,plot_dd06c1212800a9c9b658,wg_insects_t1_bbch10,/home/nfs/data/nvme_datasets/Pictures_CFSB_leaf_damage/2025_10_07_RSFB-Phenotyping_WG1_JLU/2025_10_07_RSFB-Phenotyping_WG1_JLU/20251007_140657.jpg,8.0,3.4033801555633545,4.052425384521484,0.6490452289581299,3.9475746154785156,4.596619606018066,rank,42,single_rater_weak
2025_10_07_RSFB-Phenotyping_WG1_JLU/2025_10_07_RSFB-Phenotyping_WG1_JLU/20251007_140713.jpg,plot_ee664ca1ea90391f016d,wg_insects_t1_bbch10,/home/nfs/data/nvme_datasets/Pictures_CFSB_leaf_damage/2025_10_07_RSFB-Phenotyping_WG1_JLU/2025_10_07_RSFB-Phenotyping_WG1_JLU/20251007_140713.jpg,7.0,4.224553108215332,4.373476028442383,0.14892306923866272,2.626523971557617,2.775446891784668,rank,42,single_rater_weak
2025_10_07_RSFB-Phenotyping_WG1_JLU/2025_10_07_RSFB-Phenotyping_WG1_JLU/20251007_140719.jpg,plot_ee664ca1ea90391f016d,wg_insects_t1_bbch10,/home/nfs/data/nvme_datasets/Pictures_CFSB_leaf_damage/2025_10_07_RSFB-Phenotyping_WG1_JLU/2025_10_07_RSFB-Phenotyping_WG1_JLU/20251007_140719.jpg,12.0,6.97532320022583,7.520376205444336,0.5450528860092163,4.479623794555664,5.02467679977417,rank,42,single_rater_weak
2025_10_07_RSFB-Phenotyping_WG1_JLU/2025_10_07_RSFB-Phenotyping_WG1_JLU/20251007_140724.jpg,plot_ee664ca1ea90391f016d,wg_insects_t1_bbch10,/home/nfs/data/nvme_datasets/Pictures_CFSB_leaf_damage/2025_10_07_RSFB-Phenotyping_WG1_JLU/2025_10_07_RSFB-Phenotyping_WG1_JLU/20251007_140724.jpg,14.0,8.04421615600586,8.354896545410156,0.3106808066368103,5.645103454589844,5.955783843994141,rank,42,single_rater_weak
2025_10_07_RSFB-Phenotyping_WG1_JLU/2025_10_07_RSFB-Phenotyping_WG1_JLU/20251007_140747.jpg,plot_23cd12f62caab1b06338,wg_insects_t1_bbch10,/home/nfs/data/nvme_datasets/Pictures_CFSB_leaf_damage/2025_10_07_RSFB-Phenotyping_WG1_JLU/2025_10_07_RSFB-Phenotyping_WG1_JLU/20251007_140747.jpg,3.0,3.2935032844543457,3.2594006061553955,-0.03410259634256363,0.2594006061553955,0.2935032844543457,rank,42,single_rater_weak
2025_10_07_RSFB-Phenotyping_WG1_JLU/2025_10_07_RSFB-Phenotyping_WG1_JLU/20251007_140755.jpg,plot_23cd12f62caab1b06338,wg_insects_t1_bbch10,/home/nfs/data/nvme_datasets/Pictures_CFSB_leaf_damage/2025_10_07_RSFB-Phenotyping_WG1_JLU/2025_10_07_RSFB-Phenotyping_WG1_JLU/20251007_140755.jpg,8.0,2.841099739074707,4.122330665588379,1.281231164932251,3.877669334411621,5.158900260925293,rank,42,single_rater_weak
2025_10_07_RSFB-Phenotyping_WG1_JLU/2025_10_07_RSFB-Phenotyping_WG1_JLU/20251007_140812.jpg,plot_b5c94fdf5ff63fcf800b,wg_insects_t1_bbch10,/home/nfs/data/nvme_datasets/Pictures_CFSB_leaf_damage/2025_10_07_RSFB-Phenotyping_WG1_JLU/2025_10_07_RSFB-Phenotyping_WG1_JLU/20251007_140812.jpg,2.0,2.7349724769592285,3.0068471431732178,0.27187472581863403,1.0068471431732178,0.7349724769592285,rank,42,single_rater_weak
2025_10_07_RSFB-Phenotyping_WG1_JLU/2025_10_07_RSFB-Phenotyping_WG1_JLU/20251007_140818.jpg,plot_b5c94fdf5ff63fcf800b,wg_insects_t1_bbch10,/home/nfs/data/nvme_datasets/Pictures_CFSB_leaf_damage/2025_10_07_RSFB-Phenotyping_WG1_JLU/2025_10_07_RSFB-Phenotyping_WG1_JLU/20251007_140818.jpg,2.0,3.2980995178222656,3.2517616748809814,-0.04633793979883194,1.2517616748809814,1.2980995178222656,rank,42,single_rater_weak
2025_10_07_RSFB-Phenotyping_WG1_JLU/2025_10_07_RSFB-Phenotyping_WG1_JLU/20251007_140823.jpg,plot_b5c94fdf5ff63fcf800b,wg_insects_t1_bbch10,/home/nfs/data/nvme_datasets/Pictures_CFSB_leaf_damage/2025_10_07_RSFB-Phenotyping_WG1_JLU/2025_10_07_RSFB-Phenotyping_WG1_JLU/20251007_140823.jpg,3.0,3.1064391136169434,3.093424081802368,-0.013015059754252434,0.09342408180236816,0.10643911361694336,rank,42,single_rater_weak
2025_10_07_RSFB-Phenotyping_WG1_JLU/2025_10_07_RSFB-Phenotyping_WG1_JLU/20251007_140839.jpg,plot_5e0ddc981b39a33d33be,wg_insects_t1_bbch10,/home/nfs/data/nvme_datasets/Pictures_CFSB_leaf_damage/2025_10_07_RSFB-Phenotyping_WG1_JLU/2025_10_07_RSFB-Phenotyping_WG1_JLU/20251007_140839.jpg,3.0,3.696244478225708,3.856393575668335,0.16014909744262695,0.856393575668335,0.696244478225708,rank,42,single_rater_weak
2025_10_07_RSFB-Phenotyping_WG1_JLU/2025_10_07_RSFB-Phenotyping_WG1_JLU/20251007_140845.jpg,plot_5e0ddc981b39a33d33be,wg_insects_t1_bbch10,/home/nfs/data/nvme_datasets/Pictures_CFSB_leaf_damage/2025_10_07_RSFB-Phenotyping_WG1_JLU/2025_10_07_RSFB-Phenotyping_WG1_JLU/20251007_140845.jpg,9.0,4.351551055908203,4.387061595916748,0.03551030531525612,4.612938404083252,4.648448944091797,rank,42,single_rater_weak
2025_10_07_RSFB-Phenotyping_WG1_JLU/2025_10_07_RSFB-Phenotyping_WG1_JLU/20251007_140851.jpg,plot_5e0ddc981b39a33d33be,wg_insects_t1_bbch10,/home/nfs/data/nvme_datasets/Pictures_CFSB_leaf_damage/2025_10_07_RSFB-Phenotyping_WG1_JLU/2025_10_07_RSFB-Phenotyping_WG1_JLU/20251007_140851.jpg,9.0,7.607351779937744,8.049123764038086,0.44177156686782837,0.9508762359619141,1.3926482200622559,rank,42,single_rater_weak
2025_10_07_RSFB-Phenotyping_WG1_JLU/2025_10_07_RSFB-Phenotyping_WG1_JLU/20251007_140908.jpg,plot_b1695890dca6afbc601e,wg_insects_t1_bbch10,/home/nfs/data/nvme_datasets/Pictures_CFSB_leaf_damage/2025_10_07_RSFB-Phenotyping_WG1_JLU/2025_10_07_RSFB-Phenotyping_WG1_JLU/20251007_140908.jpg,4.0,2.8632564544677734,3.265594244003296,0.4023377299308777,0.7344057559967041,1.1367435455322266,rank,42,single_rater_weak
2025_10_07_RSFB-Phenotyping_WG1_JLU/2025_10_07_RSFB-Phenotyping_WG1_JLU/20251007_140913.jpg,plot_b1695890dca6afbc601e,wg_insects_t1_bbch10,/home/nfs/data/nvme_datasets/Pictures_CFSB_leaf_damage/2025_10_07_RSFB-Phenotyping_WG1_JLU/2025_10_07_RSFB-Phenotyping_WG1_JLU/20251007_140913.jpg,9.0,5.2784318923950195,5.61765718460083,0.33922550082206726,3.38234281539917,3.7215681076049805,rank,42,single_rater_weak
2025_10_07_RSFB-Phenotyping_WG1_JLU/2025_10_07_RSFB-Phenotyping_WG1_JLU/20251007_140919.jpg,plot_b1695890dca6afbc601e,wg_insects_t1_bbch10,/home/nfs/data/nvme_datasets/Pictures_CFSB_leaf_damage/2025_10_07_RSFB-Phenotyping_WG1_JLU/2025_10_07_RSFB-Phenotyping_WG1_JLU/20251007_140919.jpg,9.0,5.476168155670166,5.9728240966796875,0.4966561496257782,3.0271759033203125,3.523831844329834,rank,42,single_rater_weak
2025_10_07_RSFB-Phenotyping_WG1_JLU/2025_10_07_RSFB-Phenotyping_WG1_JLU/20251007_140935.jpg,plot_0f10ff3ea078098fa0a2,wg_insects_t1_bbch10,/home/nfs/data/nvme_datasets/Pictures_CFSB_leaf_damage/2025_10_07_RSFB-Phenotyping_WG1_JLU/2025_10_07_RSFB-Phenotyping_WG1_JLU/20251007_140935.jpg,3.0,5.784615993499756,6.752442359924316,0.9678264856338501,3.7524423599243164,2.784615993499756,rank,42,single_rater_weak
2025_10_07_RSFB-Phenotyping_WG1_JLU/2025_10_07_RSFB-Phenotyping_WG1_JLU/20251007_140939.jpg,plot_0f10ff3ea078098fa0a2,wg_insects_t1_bbch10,/home/nfs/data/nvme_datasets/Pictures_CFSB_leaf_damage/2025_10_07_RSFB-Phenotyping_WG1_JLU/2025_10_07_RSFB-Phenotyping_WG1_JLU/20251007_140939.jpg,10.0,4.60953426361084,4.816730976104736,0.2071968913078308,5.183269023895264,5.39046573638916,rank,42,single_rater_weak
2025_10_07_RSFB-Phenotyping_WG1_JLU/2025_10_07_RSFB-Phenotyping_WG1_JLU/20251007_140945.jpg,plot_0f10ff3ea078098fa0a2,wg_insects_t1_bbch10,/home/nfs/data/nvme_datasets/Pictures_CFSB_leaf_damage/2025_10_07_RSFB-Phenotyping_WG1_JLU/2025_10_07_RSFB-Phenotyping_WG1_JLU/20251007_140945.jpg,6.0,5.387799263000488,5.880348205566406,0.49254876375198364,0.11965179443359375,0.6122007369995117,rank,42,single_rater_weak
2025_10_07_RSFB-Phenotyping_WG1_JLU/2025_10_07_RSFB-Phenotyping_WG1_JLU/20251007_141001.jpg,plot_0f4f514127c596841410,wg_insects_t1_bbch10,/home/nfs/data/nvme_datasets/Pictures_CFSB_leaf_damage/2025_10_07_RSFB-Phenotyping_WG1_JLU/2025_10_07_RSFB-Phenotyping_WG1_JLU/20251007_141001.jpg,1.0,4.632386207580566,5.356292247772217,0.7239059209823608,4.356292247772217,3.6323862075805664,rank,42,single_rater_weak
2025_10_07_RSFB-Phenotyping_WG1_JLU/2025_10_07_RSFB-Phenotyping_WG1_JLU/20251007_141005.jpg,plot_0f4f514127c596841410,wg_insects_t1_bbch10,/home/nfs/data/nvme_datasets/Pictures_CFSB_leaf_damage/2025_10_07_RSFB-Phenotyping_WG1_JLU/2025_10_07_RSFB-Phenotyping_WG1_JLU/20251007_141005.jpg,18.0,6.885249137878418,7.144153594970703,0.25890442728996277,10.855846405029297,11.114750862121582,rank,42,single_rater_weak
2025_10_07_RSFB-Phenotyping_WG1_JLU/2025_10_07_RSFB-Phenotyping_WG1_JLU/20251007_141012.jpg,plot_0f4f514127c596841410,wg_insects_t1_bbch10,/home/nfs/data/nvme_datasets/Pictures_CFSB_leaf_damage/2025_10_07_RSFB-Phenotyping_WG1_JLU/2025_10_07_RSFB-Phenotyping_WG1_JLU/20251007_141012.jpg,20.0,3.365586519241333,3.798654079437256,0.4330676794052124,16.201345443725586,16.63441276550293,rank,42,single_rater_weak
2025_10_07_RSFB-Phenotyping_WG1_JLU/2025_10_07_RSFB-Phenotyping_WG1_JLU/20251007_141028.jpg,plot_11db3b011021c649d70f,wg_insects_t1_bbch10,/home/nfs/data/nvme_datasets/Pictures_CFSB_leaf_damage/2025_10_07_RSFB-Phenotyping_WG1_JLU/2025_10_07_RSFB-Phenotyping_WG1_JLU/20251007_141028.jpg,6.0,3.4166574478149414,3.4799036979675293,0.06324634701013565,2.5200963020324707,2.5833425521850586,rank,42,single_rater_weak
2025_10_07_RSFB-Phenotyping_WG1_JLU/2025_10_07_RSFB-Phenotyping_WG1_JLU/20251007_141033.jpg,plot_11db3b011021c649d70f,wg_insects_t1_bbch10,/home/nfs/data/nvme_datasets/Pictures_CFSB_leaf_damage/2025_10_07_RSFB-Phenotyping_WG1_JLU/2025_10_07_RSFB-Phenotyping_WG1_JLU/20251007_141033.jpg,7.0,3.668281316757202,3.3884899616241455,-0.27979132533073425,3.6115100383758545,3.331718683242798,rank,42,single_rater_weak
2025_10_07_RSFB-Phenotyping_WG1_JLU/2025_10_07_RSFB-Phenotyping_WG1_JLU/20251007_141039.jpg,plot_11db3b011021c649d70f,wg_insects_t1_bbch10,/home/nfs/data/nvme_datasets/Pictures_CFSB_leaf_damage/2025_10_07_RSFB-Phenotyping_WG1_JLU/2025_10_07_RSFB-Phenotyping_WG1_JLU/20251007_141039.jpg,4.0,5.3494720458984375,5.639319896697998,0.2898479104042053,1.639319896697998,1.3494720458984375,rank,42,single_rater_weak
2025_10_07_RSFB-Phenotyping_WG1_JLU/2025_10_07_RSFB-Phenotyping_WG1_JLU/20251007_141056.jpg,plot_3f194f85b6fc463cf70a,wg_insects_t1_bbch10,/home/nfs/data/nvme_datasets/Pictures_CFSB_leaf_damage/2025_10_07_RSFB-Phenotyping_WG1_JLU/2025_10_07_RSFB-Phenotyping_WG1_JLU/20251007_141056.jpg,8.0,3.1206088066101074,3.1325764656066895,0.011967620812356472,4.8674235343933105,4.879391193389893,rank,42,single_rater_weak
2025_10_07_RSFB-Phenotyping_WG1_JLU/2025_10_07_RSFB-Phenotyping_WG1_JLU/20251007_141103.jpg,plot_3f194f85b6fc463cf70a,wg_insects_t1_bbch10,/home/nfs/data/nvme_datasets/Pictures_CFSB_leaf_damage/2025_10_07_RSFB-Phenotyping_WG1_JLU/2025_10_07_RSFB-Phenotyping_WG1_JLU/20251007_141103.jpg,7.0,4.1312761306762695,4.412341117858887,0.2810652256011963,2.5876588821411133,2.8687238693237305,rank,42,single_rater_weak
2025_10_07_RSFB-Phenotyping_WG1_JLU/2025_10_07_RSFB-Phenotyping_WG1_JLU/20251007_141108.jpg,plot_3f194f85b6fc463cf70a,wg_insects_t1_bbch10,/home/nfs/data/nvme_datasets/Pictures_CFSB_leaf_damage/2025_10_07_RSFB-Phenotyping_WG1_JLU/2025_10_07_RSFB-Phenotyping_WG1_JLU/20251007_141108.jpg,19.0,8.692691802978516,9.752837181091309,1.0601454973220825,9.247162818908691,10.307308197021484,rank,42,single_rater_weak
2025_10_07_RSFB-Phenotyping_WG1_JLU/2025_10_07_RSFB-Phenotyping_WG1_JLU/20251007_141126.jpg,plot_1effba29e1b5bad755d3,wg_insects_t1_bbch10,/home/nfs/data/nvme_datasets/Pictures_CFSB_leaf_damage/2025_10_07_RSFB-Phenotyping_WG1_JLU/2025_10_07_RSFB-Phenotyping_WG1_JLU/20251007_141126.jpg,11.0,3.58339262008667,4.322685241699219,0.7392928004264832,6.677314758300781,7.41660737991333,rank,42,single_rater_weak
2025_10_07_RSFB-Phenotyping_WG1_JLU/2025_10_07_RSFB-Phenotyping_WG1_JLU/20251007_141134.jpg,plot_1effba29e1b5bad755d3,wg_insects_t1_bbch10,/home/nfs/data/nvme_datasets/Pictures_CFSB_leaf_damage/2025_10_07_RSFB-Phenotyping_WG1_JLU/2025_10_07_RSFB-Phenotyping_WG1_JLU/20251007_141134.jpg,6.0,3.9492599964141846,4.744746208190918,0.7954864501953125,1.255253791809082,2.0507400035858154,rank,42,single_rater_weak
2025_10_07_RSFB-Phenotyping_WG1_JLU/2025_10_07_RSFB-Phenotyping_WG1_JLU/20251007_141139.jpg,plot_1effba29e1b5bad755d3,wg_insects_t1_bbch10,/home/nfs/data/nvme_datasets/Pictures_CFSB_leaf_damage/2025_10_07_RSFB-Phenotyping_WG1_JLU/2025_10_07_RSFB-Phenotyping_WG1_JLU/20251007_141139.jpg,4.0,3.341266632080078,3.320990562438965,-0.020276125520467758,0.6790094375610352,0.6587333679199219,rank,42,single_rater_weak
2025_10_07_RSFB-Phenotyping_WG1_JLU/2025_10_07_RSFB-Phenotyping_WG1_JLU/20251007_141154.jpg,plot_ac13eb76ee6f99f24af8,wg_insects_t1_bbch10,/home/nfs/data/nvme_datasets/Pictures_CFSB_leaf_damage/2025_10_07_RSFB-Phenotyping_WG1_JLU/2025_10_07_RSFB-Phenotyping_WG1_JLU/20251007_141154.jpg,4.0,2.7485623359680176,3.051889419555664,0.3033270537853241,0.9481105804443359,1.2514376640319824,rank,42,single_rater_weak
2025_10_07_RSFB-Phenotyping_WG1_JLU/2025_10_07_RSFB-Phenotyping_WG1_JLU/20251007_141159.jpg,plot_ac13eb76ee6f99f24af8,wg_insects_t1_bbch10,/home/nfs/data/nvme_datasets/Pictures_CFSB_leaf_damage/2025_10_07_RSFB-Phenotyping_WG1_JLU/2025_10_07_RSFB-Phenotyping_WG1_JLU/20251007_141159.jpg,2.0,3.6671030521392822,4.249495029449463,0.5823918581008911,2.249495029449463,1.6671030521392822,rank,42,single_rater_weak
2025_10_07_RSFB-Phenotyping_WG1_JLU/2025_10_07_RSFB-Phenotyping_WG1_JLU/20251007_141204.jpg,plot_ac13eb76ee6f99f24af8,wg_insects_t1_bbch10,/home/nfs/data/nvme_datasets/Pictures_CFSB_leaf_damage/2025_10_07_RSFB-Phenotyping_WG1_JLU/2025_10_07_RSFB-Phenotyping_WG1_JLU/20251007_141204.jpg,4.0,4.409335613250732,4.233442783355713,-0.1758926808834076,0.2334427833557129,0.4093356132507324,rank,42,single_rater_weak
2025_10_07_RSFB-Phenotyping_WG1_JLU/2025_10_07_RSFB-Phenotyping_WG1_JLU/20251007_141221.jpg,plot_411203e7c1d96bc4d5cf,wg_insects_t1_bbch10,/home/nfs/data/nvme_datasets/Pictures_CFSB_leaf_damage/2025_10_07_RSFB-Phenotyping_WG1_JLU/2025_10_07_RSFB-Phenotyping_WG1_JLU/20251007_141221.jpg,3.0,3.723660945892334,3.707547664642334,-0.016113165766000748,0.707547664642334,0.723660945892334,rank,42,single_rater_weak
2025_10_07_RSFB-Phenotyping_WG1_JLU/2025_10_07_RSFB-Phenotyping_WG1_JLU/20251007_141226.jpg,plot_411203e7c1d96bc4d5cf,wg_insects_t1_bbch10,/home/nfs/data/nvme_datasets/Pictures_CFSB_leaf_damage/2025_10_07_RSFB-Phenotyping_WG1_JLU/2025_10_07_RSFB-Phenotyping_WG1_JLU/20251007_141226.jpg,3.0,3.425373077392578,3.015644073486328,-0.4097290635108948,0.015644073486328125,0.4253730773925781,rank,42,single_rater_weak
2025_10_07_RSFB-Phenotyping_WG1_JLU/2025_10_07_RSFB-Phenotyping_WG1_JLU/20251007_141232.jpg,plot_411203e7c1d96bc4d5cf,wg_insects_t1_bbch10,/home/nfs/data/nvme_datasets/Pictures_CFSB_leaf_damage/2025_10_07_RSFB-Phenotyping_WG1_JLU/2025_10_07_RSFB-Phenotyping_WG1_JLU/20251007_141232.jpg,2.0,3.969975471496582,3.9122400283813477,-0.05773545801639557,1.9122400283813477,1.969975471496582,rank,42,single_rater_weak
2025_10_07_RSFB-Phenotyping_WG1_JLU/2025_10_07_RSFB-Phenotyping_WG1_JLU/20251007_141249.jpg,plot_c1e107950db22229fd34,wg_insects_t1_bbch10,/home/nfs/data/nvme_datasets/Pictures_CFSB_leaf_damage/2025_10_07_RSFB-Phenotyping_WG1_JLU/2025_10_07_RSFB-Phenotyping_WG1_JLU/20251007_141249.jpg,2.0,3.7255446910858154,3.814997434616089,0.08945279568433762,1.8149974346160889,1.7255446910858154,rank,42,single_rater_weak
2025_10_07_RSFB-Phenotyping_WG1_JLU/2025_10_07_RSFB-Phenotyping_WG1_JLU/20251007_141254.jpg,plot_c1e107950db22229fd34,wg_insects_t1_bbch10,/home/nfs/data/nvme_datasets/Pictures_CFSB_leaf_damage/2025_10_07_RSFB-Phenotyping_WG1_JLU/2025_10_07_RSFB-Phenotyping_WG1_JLU/20251007_141254.jpg,3.0,3.278561592102051,3.3076224327087402,0.029060721397399902,0.30762243270874023,0.2785615921020508,rank,42,single_rater_weak
2025_10_07_RSFB-Phenotyping_WG1_JLU/2025_10_07_RSFB-Phenotyping_WG1_JLU/20251007_141259.jpg,plot_c1e107950db22229fd34,wg_insects_t1_bbch10,/home/nfs/data/nvme_datasets/Pictures_CFSB_leaf_damage/2025_10_07_RSFB-Phenotyping_WG1_JLU/2025_10_07_RSFB-Phenotyping_WG1_JLU/20251007_141259.jpg,4.0,4.398381233215332,4.847171306610107,0.448790043592453,0.8471713066101074,0.39838123321533203,rank,42,single_rater_weak
2025_10_07_RSFB-Phenotyping_WG1_JLU/2025_10_07_RSFB-Phenotyping_WG1_JLU/20251007_141316.jpg,plot_af38589abb8004c8fccb,wg_insects_t1_bbch10,/home/nfs/data/nvme_datasets/Pictures_CFSB_leaf_damage/2025_10_07_RSFB-Phenotyping_WG1_JLU/2025_10_07_RSFB-Phenotyping_WG1_JLU/20251007_141316.jpg,10.0,4.559879302978516,5.250665664672852,0.690786600112915,4.749334335327148,5.440120697021484,rank,42,single_rater_weak
2025_10_07_RSFB-Phenotyping_WG1_JLU/2025_10_07_RSFB-Phenotyping_WG1_JLU/20251007_141322.jpg,plot_af38589abb8004c8fccb,wg_insects_t1_bbch10,/home/nfs/data/nvme_datasets/Pictures_CFSB_leaf_damage/2025_10_07_RSFB-Phenotyping_WG1_JLU/2025_10_07_RSFB-Phenotyping_WG1_JLU/20251007_141322.jpg,4.0,3.4926910400390625,3.4483344554901123,-0.044356539845466614,0.5516655445098877,0.5073089599609375,rank,42,single_rater_weak
2025_10_07_RSFB-Phenotyping_WG1_JLU/2025_10_07_RSFB-Phenotyping_WG1_JLU/20251007_141328.jpg,plot_af38589abb8004c8fccb,wg_insects_t1_bbch10,/home/nfs/data/nvme_datasets/Pictures_CFSB_leaf_damage/2025_10_07_RSFB-Phenotyping_WG1_JLU/2025_10_07_RSFB-Phenotyping_WG1_JLU/20251007_141328.jpg,21.0,9.053622245788574,9.720017433166504,0.6663948893547058,11.279982566833496,11.946377754211426,rank,42,single_rater_weak
2025_10_07_RSFB-Phenotyping_WG1_JLU/2025_10_07_RSFB-Phenotyping_WG1_JLU/20251007_141344.jpg,plot_f446c2275604a6a48853,wg_insects_t1_bbch10,/home/nfs/data/nvme_datasets/Pictures_CFSB_leaf_damage/2025_10_07_RSFB-Phenotyping_WG1_JLU/2025_10_07_RSFB-Phenotyping_WG1_JLU/20251007_141344.jpg,6.0,3.22268009185791,3.5116872787475586,0.289007306098938,2.4883127212524414,2.77731990814209,rank,42,single_rater_weak
2025_10_07_RSFB-Phenotyping_WG1_JLU/2025_10_07_RSFB-Phenotyping_WG1_JLU/20251007_141349.jpg,plot_f446c2275604a6a48853,wg_insects_t1_bbch10,/home/nfs/data/nvme_datasets/Pictures_CFSB_leaf_damage/2025_10_07_RSFB-Phenotyping_WG1_JLU/2025_10_07_RSFB-Phenotyping_WG1_JLU/20251007_141349.jpg,12.0,3.40598726272583,3.240940809249878,-0.16504642367362976,8.759058952331543,8.594013214111328,rank,42,single_rater_weak
2025_10_07_RSFB-Phenotyping_WG1_JLU/2025_10_07_RSFB-Phenotyping_WG1_JLU/20251007_141355.jpg,plot_f446c2275604a6a48853,wg_insects_t1_bbch10,/home/nfs/data/nvme_datasets/Pictures_CFSB_leaf_damage/2025_10_07_RSFB-Phenotyping_WG1_JLU/2025_10_07_RSFB-Phenotyping_WG1_JLU/20251007_141355.jpg,9.0,3.2638039588928223,3.073639392852783,-0.19016461074352264,5.926360607147217,5.736196041107178,rank,42,single_rater_weak
2025_10_07_RSFB-Phenotyping_WG1_JLU/2025_10_07_RSFB-Phenotyping_WG1_JLU/20251007_141414.jpg,plot_adb8beeebca560f05148,wg_insects_t1_bbch10,/home/nfs/data/nvme_datasets/Pictures_CFSB_leaf_damage/2025_10_07_RSFB-Phenotyping_WG1_JLU/2025_10_07_RSFB-Phenotyping_WG1_JLU/20251007_141414.jpg,3.0,6.670196056365967,7.424015522003174,0.7538196444511414,4.424015522003174,3.670196056365967,rank,42,single_rater_weak
2025_10_07_RSFB-Phenotyping_WG1_JLU/2025_10_07_RSFB-Phenotyping_WG1_JLU/20251007_141419.jpg,plot_adb8beeebca560f05148,wg_insects_t1_bbch10,/home/nfs/data/nvme_datasets/Pictures_CFSB_leaf_damage/2025_10_07_RSFB-Phenotyping_WG1_JLU/2025_10_07_RSFB-Phenotyping_WG1_JLU/20251007_141419.jpg,8.0,10.89195728302002,11.495015144348145,0.603057861328125,3.4950151443481445,2.8919572830200195,rank,42,single_rater_weak
2025_10_07_RSFB-Phenotyping_WG1_JLU/2025_10_07_RSFB-Phenotyping_WG1_JLU/20251007_141427.jpg,plot_adb8beeebca560f05148,wg_insects_t1_bbch10,/home/nfs/data/nvme_datasets/Pictures_CFSB_leaf_damage/2025_10_07_RSFB-Phenotyping_WG1_JLU/2025_10_07_RSFB-Phenotyping_WG1_JLU/20251007_141427.jpg,4.0,2.9518470764160156,3.164574146270752,0.2127271145582199,0.835425853729248,1.0481529235839844,rank,42,single_rater_weak
2025_10_07_RSFB-Phenotyping_WG1_JLU/2025_10_07_RSFB-Phenotyping_WG1_JLU/20251007_141443.jpg,plot_6bf6bf651a4d36a8ce81,wg_insects_t1_bbch10,/home/nfs/data/nvme_datasets/Pictures_CFSB_leaf_damage/2025_10_07_RSFB-Phenotyping_WG1_JLU/2025_10_07_RSFB-Phenotyping_WG1_JLU/20251007_141443.jpg,3.0,2.7938098907470703,2.740245819091797,-0.0535641685128212,0.2597541809082031,0.2061901092529297,rank,42,single_rater_weak
2025_10_07_RSFB-Phenotyping_WG1_JLU/2025_10_07_RSFB-Phenotyping_WG1_JLU/20251007_141449.jpg,plot_6bf6bf651a4d36a8ce81,wg_insects_t1_bbch10,/home/nfs/data/nvme_datasets/Pictures_CFSB_leaf_damage/2025_10_07_RSFB-Phenotyping_WG1_JLU/2025_10_07_RSFB-Phenotyping_WG1_JLU/20251007_141449.jpg,3.0,2.58978271484375,2.2742574214935303,-0.31552526354789734,0.7257425785064697,0.41021728515625,rank,42,single_rater_weak
2025_10_07_RSFB-Phenotyping_WG1_JLU/2025_10_07_RSFB-Phenotyping_WG1_JLU/20251007_141453.jpg,plot_6bf6bf651a4d36a8ce81,wg_insects_t1_bbch10,/home/nfs/data/nvme_datasets/Pictures_CFSB_leaf_damage/2025_10_07_RSFB-Phenotyping_WG1_JLU/2025_10_07_RSFB-Phenotyping_WG1_JLU/20251007_141453.jpg,4.0,2.5177969932556152,1.9471136331558228,-0.5706833600997925,2.052886486053467,1.4822030067443848,rank,42,single_rater_weak
2025_10_07_RSFB-Phenotyping_WG1_JLU/2025_10_07_RSFB-Phenotyping_WG1_JLU/20251007_141512.jpg,plot_99a25b806dca170825f2,wg_insects_t1_bbch10,/home/nfs/data/nvme_datasets/Pictures_CFSB_leaf_damage/2025_10_07_RSFB-Phenotyping_WG1_JLU/2025_10_07_RSFB-Phenotyping_WG1_JLU/20251007_141512.jpg,14.0,2.268087387084961,2.4668500423431396,0.1987627148628235,11.533149719238281,11.731912612915039,rank,42,single_rater_weak
2025_10_07_RSFB-Phenotyping_WG1_JLU/2025_10_07_RSFB-Phenotyping_WG1_JLU/20251007_141519.jpg,plot_99a25b806dca170825f2,wg_insects_t1_bbch10,/home/nfs/data/nvme_datasets/Pictures_CFSB_leaf_damage/2025_10_07_RSFB-Phenotyping_WG1_JLU/2025_10_07_RSFB-Phenotyping_WG1_JLU/20251007_141519.jpg,11.0,2.885590076446533,3.4915356636047363,0.6059455275535583,7.508464336395264,8.114410400390625,rank,42,single_rater_weak
2025_10_07_RSFB-Phenotyping_WG1_JLU/2025_10_07_RSFB-Phenotyping_WG1_JLU/20251007_141526.jpg,plot_99a25b806dca170825f2,wg_insects_t1_bbch10,/home/nfs/data/nvme_datasets/Pictures_CFSB_leaf_damage/2025_10_07_RSFB-Phenotyping_WG1_JLU/2025_10_07_RSFB-Phenotyping_WG1_JLU/20251007_141526.jpg,3.0,4.26365852355957,4.825567245483398,0.5619088411331177,1.8255672454833984,1.2636585235595703,rank,42,single_rater_weak
2025_10_07_RSFB-Phenotyping_WG1_JLU/2025_10_07_RSFB-Phenotyping_WG1_JLU/20251007_141542.jpg,plot_3b73ffaad10c9fd11dbc,wg_insects_t1_bbch10,/home/nfs/data/nvme_datasets/Pictures_CFSB_leaf_damage/2025_10_07_RSFB-Phenotyping_WG1_JLU/2025_10_07_RSFB-Phenotyping_WG1_JLU/20251007_141542.jpg,8.0,3.7661445140838623,4.115342617034912,0.34919798374176025,3.884657382965088,4.233855247497559,rank,42,single_rater_weak
2025_10_07_RSFB-Phenotyping_WG1_JLU/2025_10_07_RSFB-Phenotyping_WG1_JLU/20251007_141547.jpg,plot_3b73ffaad10c9fd11dbc,wg_insects_t1_bbch10,/home/nfs/data/nvme_datasets/Pictures_CFSB_leaf_damage/2025_10_07_RSFB-Phenotyping_WG1_JLU/2025_10_07_RSFB-Phenotyping_WG1_JLU/20251007_141547.jpg,10.0,3.9159317016601562,4.042956352233887,0.12702463567256927,5.957043647766113,6.084068298339844,rank,42,single_rater_weak
2025_10_07_RSFB-Phenotyping_WG1_JLU/2025_10_07_RSFB-Phenotyping_WG1_JLU/20251007_141556.jpg,plot_3b73ffaad10c9fd11dbc,wg_insects_t1_bbch10,/home/nfs/data/nvme_datasets/Pictures_CFSB_leaf_damage/2025_10_07_RSFB-Phenotyping_WG1_JLU/2025_10_07_RSFB-Phenotyping_WG1_JLU/20251007_141556.jpg,4.0,2.4295525550842285,2.6772260665893555,0.24767348170280457,1.3227739334106445,1.5704474449157715,rank,42,single_rater_weak
2025_10_07_RSFB-Phenotyping_WG1_JLU/2025_10_07_RSFB-Phenotyping_WG1_JLU/20251007_141613.jpg,plot_6e42ec20a5bb7da4eeda,wg_insects_t1_bbch10,/home/nfs/data/nvme_datasets/Pictures_CFSB_leaf_damage/2025_10_07_RSFB-Phenotyping_WG1_JLU/2025_10_07_RSFB-Phenotyping_WG1_JLU/20251007_141613.jpg,5.0,3.4979164600372314,3.6326334476470947,0.1347169727087021,1.3673665523529053,1.5020835399627686,rank,42,single_rater_weak
2025_10_07_RSFB-Phenotyping_WG1_JLU/2025_10_07_RSFB-Phenotyping_WG1_JLU/20251007_141618.jpg,plot_6e42ec20a5bb7da4eeda,wg_insects_t1_bbch10,/home/nfs/data/nvme_datasets/Pictures_CFSB_leaf_damage/2025_10_07_RSFB-Phenotyping_WG1_JLU/2025_10_07_RSFB-Phenotyping_WG1_JLU/20251007_141618.jpg,8.0,2.1154260635375977,2.340663433074951,0.22523725032806396,5.659336566925049,5.884573936462402,rank,42,single_rater_weak
2025_10_07_RSFB-Phenotyping_WG1_JLU/2025_10_07_RSFB-Phenotyping_WG1_JLU/20251007_141623.jpg,plot_6e42ec20a5bb7da4eeda,wg_insects_t1_bbch10,/home/nfs/data/nvme_datasets/Pictures_CFSB_leaf_damage/2025_10_07_RSFB-Phenotyping_WG1_JLU/2025_10_07_RSFB-Phenotyping_WG1_JLU/20251007_141623.jpg,9.0,8.319936752319336,9.026521682739258,0.706585168838501,0.026521682739257812,0.6800632476806641,rank,42,single_rater_weak
2025_10_07_RSFB-Phenotyping_WG1_JLU/2025_10_07_RSFB-Phenotyping_WG1_JLU/20251007_141702.jpg,plot_db7d2b1c2bf3151b8c1e,wg_insects_t1_bbch10,/home/nfs/data/nvme_datasets/Pictures_CFSB_leaf_damage/2025_10_07_RSFB-Phenotyping_WG1_JLU/2025_10_07_RSFB-Phenotyping_WG1_JLU/20251007_141702.jpg,8.0,3.0596237182617188,3.8517465591430664,0.7921227216720581,4.148253440856934,4.940376281738281,rank,42,single_rater_weak
2025_10_07_RSFB-Phenotyping_WG1_JLU/2025_10_07_RSFB-Phenotyping_WG1_JLU/20251007_141707.jpg,plot_db7d2b1c2bf3151b8c1e,wg_insects_t1_bbch10,/home/nfs/data/nvme_datasets/Pictures_CFSB_leaf_damage/2025_10_07_RSFB-Phenotyping_WG1_JLU/2025_10_07_RSFB-Phenotyping_WG1_JLU/20251007_141707.jpg,4.0,4.16043758392334,4.313739776611328,0.1533021628856659,0.3137397766113281,0.16043758392333984,rank,42,single_rater_weak
2025_10_07_RSFB-Phenotyping_WG1_JLU/2025_10_07_RSFB-Phenotyping_WG1_JLU/20251007_141712.jpg,plot_db7d2b1c2bf3151b8c1e,wg_insects_t1_bbch10,/home/nfs/data/nvme_datasets/Pictures_CFSB_leaf_damage/2025_10_07_RSFB-Phenotyping_WG1_JLU/2025_10_07_RSFB-Phenotyping_WG1_JLU/20251007_141712.jpg,5.0,2.7109646797180176,2.321448802947998,-0.3895159959793091,2.678551197052002,2.2890353202819824,rank,42,single_rater_weak
2025_10_07_RSFB-Phenotyping_WG1_JLU/2025_10_07_RSFB-Phenotyping_WG1_JLU/20251007_141723.jpg,plot_529819377143ee09a0ab,wg_insects_t1_bbch10,/home/nfs/data/nvme_datasets/Pictures_CFSB_leaf_damage/2025_10_07_RSFB-Phenotyping_WG1_JLU/2025_10_07_RSFB-Phenotyping_WG1_JLU/20251007_141723.jpg,9.0,3.5686521530151367,4.188395023345947,0.6197430491447449,4.811604976654053,5.431347846984863,rank,42,single_rater_weak
2025_10_07_RSFB-Phenotyping_WG1_JLU/2025_10_07_RSFB-Phenotyping_WG1_JLU/20251007_141729.jpg,plot_529819377143ee09a0ab,wg_insects_t1_bbch10,/home/nfs/data/nvme_datasets/Pictures_CFSB_leaf_damage/2025_10_07_RSFB-Phenotyping_WG1_JLU/2025_10_07_RSFB-Phenotyping_WG1_JLU/20251007_141729.jpg,4.0,2.8902502059936523,3.463897228240967,0.573647141456604,0.5361027717590332,1.1097497940063477,rank,42,single_rater_weak
2025_10_07_RSFB-Phenotyping_WG1_JLU/2025_10_07_RSFB-Phenotyping_WG1_JLU/20251007_141735.jpg,plot_529819377143ee09a0ab,wg_insects_t1_bbch10,/home/nfs/data/nvme_datasets/Pictures_CFSB_leaf_damage/2025_10_07_RSFB-Phenotyping_WG1_JLU/2025_10_07_RSFB-Phenotyping_WG1_JLU/20251007_141735.jpg,5.0,3.666607141494751,3.9235148429870605,0.25690776109695435,1.0764851570129395,1.333392858505249,rank,42,single_rater_weak
2025_10_07_RSFB-Phenotyping_WG1_JLU/2025_10_07_RSFB-Phenotyping_WG1_JLU/20251007_141749.jpg,plot_a4b69901915632bc9a05,wg_insects_t1_bbch10,/home/nfs/data/nvme_datasets/Pictures_CFSB_leaf_damage/2025_10_07_RSFB-Phenotyping_WG1_JLU/2025_10_07_RSFB-Phenotyping_WG1_JLU/20251007_141749.jpg,7.0,2.5721492767333984,2.509453535079956,-0.0626957044005394,4.490546226501465,4.427850723266602,rank,42,single_rater_weak
2025_10_07_RSFB-Phenotyping_WG1_JLU/2025_10_07_RSFB-Phenotyping_WG1_JLU/20251007_141756.jpg,plot_a4b69901915632bc9a05,wg_insects_t1_bbch10,/home/nfs/data/nvme_datasets/Pictures_CFSB_leaf_damage/2025_10_07_RSFB-Phenotyping_WG1_JLU/2025_10_07_RSFB-Phenotyping_WG1_JLU/20251007_141756.jpg,10.0,2.874446392059326,2.652256965637207,-0.22218933701515198,7.347743034362793,7.125553607940674,rank,42,single_rater_weak
2025_10_07_RSFB-Phenotyping_WG1_JLU/2025_10_07_RSFB-Phenotyping_WG1_JLU/20251007_141801.jpg,plot_a4b69901915632bc9a05,wg_insects_t1_bbch10,/home/nfs/data/nvme_datasets/Pictures_CFSB_leaf_damage/2025_10_07_RSFB-Phenotyping_WG1_JLU/2025_10_07_RSFB-Phenotyping_WG1_JLU/20251007_141801.jpg,4.0,5.517180442810059,5.8715009689331055,0.3543207347393036,1.8715009689331055,1.5171804428100586,rank,42,single_rater_weak
2025_10_07_RSFB-Phenotyping_WG1_JLU/2025_10_07_RSFB-Phenotyping_WG1_JLU/20251007_141817.jpg,plot_2ebd15070d13d8c6d7a6,wg_insects_t1_bbch10,/home/nfs/data/nvme_datasets/Pictures_CFSB_leaf_damage/2025_10_07_RSFB-Phenotyping_WG1_JLU/2025_10_07_RSFB-Phenotyping_WG1_JLU/20251007_141817.jpg,8.0,3.0636043548583984,3.679840326309204,0.6162359714508057,4.320159912109375,4.936395645141602,rank,42,single_rater_weak
2025_10_07_RSFB-Phenotyping_WG1_JLU/2025_10_07_RSFB-Phenotyping_WG1_JLU/20251007_141823.jpg,plot_2ebd15070d13d8c6d7a6,wg_insects_t1_bbch10,/home/nfs/data/nvme_datasets/Pictures_CFSB_leaf_damage/2025_10_07_RSFB-Phenotyping_WG1_JLU/2025_10_07_RSFB-Phenotyping_WG1_JLU/20251007_141823.jpg,3.0,3.2955732345581055,3.1115517616271973,-0.1840214729309082,0.11155176162719727,0.29557323455810547,rank,42,single_rater_weak
2025_10_07_RSFB-Phenotyping_WG1_JLU/2025_10_07_RSFB-Phenotyping_WG1_JLU/20251007_141829.jpg,plot_2ebd15070d13d8c6d7a6,wg_insects_t1_bbch10,/home/nfs/data/nvme_datasets/Pictures_CFSB_leaf_damage/2025_10_07_RSFB-Phenotyping_WG1_JLU/2025_10_07_RSFB-Phenotyping_WG1_JLU/20251007_141829.jpg,14.0,4.658819198608398,5.0486369132995605,0.38981762528419495,8.951362609863281,9.341180801391602,rank,42,single_rater_weak
2025_10_07_RSFB-Phenotyping_WG1_JLU/2025_10_07_RSFB-Phenotyping_WG1_JLU/20251007_141846.jpg,plot_5272a7fbade6b73ab0a8,wg_insects_t1_bbch10,/home/nfs/data/nvme_datasets/Pictures_CFSB_leaf_damage/2025_10_07_RSFB-Phenotyping_WG1_JLU/2025_10_07_RSFB-Phenotyping_WG1_JLU/20251007_141846.jpg,6.0,4.257055282592773,4.380680561065674,0.12362542748451233,1.6193194389343262,1.7429447174072266,rank,42,single_rater_weak
2025_10_07_RSFB-Phenotyping_WG1_JLU/2025_10_07_RSFB-Phenotyping_WG1_JLU/20251007_141853.jpg,plot_5272a7fbade6b73ab0a8,wg_insects_t1_bbch10,/home/nfs/data/nvme_datasets/Pictures_CFSB_leaf_damage/2025_10_07_RSFB-Phenotyping_WG1_JLU/2025_10_07_RSFB-Phenotyping_WG1_JLU/20251007_141853.jpg,11.0,4.199770927429199,5.323485851287842,1.1237149238586426,5.676514148712158,6.800229072570801,rank,42,single_rater_weak
2025_10_07_RSFB-Phenotyping_WG1_JLU/2025_10_07_RSFB-Phenotyping_WG1_JLU/20251007_141858.jpg,plot_5272a7fbade6b73ab0a8,wg_insects_t1_bbch10,/home/nfs/data/nvme_datasets/Pictures_CFSB_leaf_damage/2025_10_07_RSFB-Phenotyping_WG1_JLU/2025_10_07_RSFB-Phenotyping_WG1_JLU/20251007_141858.jpg,12.0,4.6806488037109375,4.876856803894043,0.1962079107761383,7.123143196105957,7.3193511962890625,rank,42,single_rater_weak
2025_10_07_RSFB-Phenotyping_WG1_JLU/2025_10_07_RSFB-Phenotyping_WG1_JLU/20251007_141915.jpg,plot_d258ade8562d220dd689,wg_insects_t1_bbch10,/home/nfs/data/nvme_datasets/Pictures_CFSB_leaf_damage/2025_10_07_RSFB-Phenotyping_WG1_JLU/2025_10_07_RSFB-Phenotyping_WG1_JLU/20251007_141915.jpg,1.0,3.9923317432403564,5.0336151123046875,1.0412836074829102,4.0336151123046875,2.9923317432403564,rank,42,single_rater_weak
2025_10_07_RSFB-Phenotyping_WG1_JLU/2025_10_07_RSFB-Phenotyping_WG1_JLU/20251007_141919.jpg,plot_d258ade8562d220dd689,wg_insects_t1_bbch10,/home/nfs/data/nvme_datasets/Pictures_CFSB_leaf_damage/2025_10_07_RSFB-Phenotyping_WG1_JLU/2025_10_07_RSFB-Phenotyping_WG1_JLU/20251007_141919.jpg,4.0,6.090468883514404,6.123904228210449,0.03343522176146507,2.123904228210449,2.0904688835144043,rank,42,single_rater_weak
2025_10_07_RSFB-Phenotyping_WG1_JLU/2025_10_07_RSFB-Phenotyping_WG1_JLU/20251007_141924.jpg,plot_d258ade8562d220dd689,wg_insects_t1_bbch10,/home/nfs/data/nvme_datasets/Pictures_CFSB_leaf_damage/2025_10_07_RSFB-Phenotyping_WG1_JLU/2025_10_07_RSFB-Phenotyping_WG1_JLU/20251007_141924.jpg,5.0,2.9981913566589355,3.229917526245117,0.23172609508037567,1.7700824737548828,2.0018086433410645,rank,42,single_rater_weak
2025_10_07_RSFB-Phenotyping_WG1_JLU/2025_10_07_RSFB-Phenotyping_WG1_JLU/20251007_141943.jpg,plot_86b21db3ef9aacce2827,wg_insects_t1_bbch10,/home/nfs/data/nvme_datasets/Pictures_CFSB_leaf_damage/2025_10_07_RSFB-Phenotyping_WG1_JLU/2025_10_07_RSFB-Phenotyping_WG1_JLU/20251007_141943.jpg,3.0,2.796558380126953,2.6145753860473633,-0.18198293447494507,0.3854246139526367,0.20344161987304688,rank,42,single_rater_weak
2025_10_07_RSFB-Phenotyping_WG1_JLU/2025_10_07_RSFB-Phenotyping_WG1_JLU/20251007_141948.jpg,plot_86b21db3ef9aacce2827,wg_insects_t1_bbch10,/home/nfs/data/nvme_datasets/Pictures_CFSB_leaf_damage/2025_10_07_RSFB-Phenotyping_WG1_JLU/2025_10_07_RSFB-Phenotyping_WG1_JLU/20251007_141948.jpg,4.0,3.577955484390259,3.4777185916900635,-0.10023678839206696,0.5222814083099365,0.4220445156097412,rank,42,single_rater_weak
2025_10_07_RSFB-Phenotyping_WG1_JLU/2025_10_07_RSFB-Phenotyping_WG1_JLU/20251007_141954.jpg,plot_86b21db3ef9aacce2827,wg_insects_t1_bbch10,/home/nfs/data/nvme_datasets/Pictures_CFSB_leaf_damage/2025_10_07_RSFB-Phenotyping_WG1_JLU/2025_10_07_RSFB-Phenotyping_WG1_JLU/20251007_141954.jpg,3.0,3.504842758178711,3.447354555130005,-0.05748821794986725,0.4473545551300049,0.5048427581787109,rank,42,single_rater_weak
2025_10_07_RSFB-Phenotyping_WG1_JLU/2025_10_07_RSFB-Phenotyping_WG1_JLU/20251007_142011.jpg,plot_250cef0aa8a66524e7b3,wg_insects_t1_bbch10,/home/nfs/data/nvme_datasets/Pictures_CFSB_leaf_damage/2025_10_07_RSFB-Phenotyping_WG1_JLU/2025_10_07_RSFB-Phenotyping_WG1_JLU/20251007_142011.jpg,2.0,5.399341106414795,6.528746604919434,1.1294056177139282,4.528746604919434,3.399341106414795,rank,42,single_rater_weak
2025_10_07_RSFB-Phenotyping_WG1_JLU/2025_10_07_RSFB-Phenotyping_WG1_JLU/20251007_142016.jpg,plot_250cef0aa8a66524e7b3,wg_insects_t1_bbch10,/home/nfs/data/nvme_datasets/Pictures_CFSB_leaf_damage/2025_10_07_RSFB-Phenotyping_WG1_JLU/2025_10_07_RSFB-Phenotyping_WG1_JLU/20251007_142016.jpg,2.0,5.585482597351074,6.136460781097412,0.5509780645370483,4.136460781097412,3.585482597351074,rank,42,single_rater_weak
2025_10_07_RSFB-Phenotyping_WG1_JLU/2025_10_07_RSFB-Phenotyping_WG1_JLU/20251007_142022.jpg,plot_250cef0aa8a66524e7b3,wg_insects_t1_bbch10,/home/nfs/data/nvme_datasets/Pictures_CFSB_leaf_damage/2025_10_07_RSFB-Phenotyping_WG1_JLU/2025_10_07_RSFB-Phenotyping_WG1_JLU/20251007_142022.jpg,4.0,4.2825469970703125,5.352337837219238,1.0697910785675049,1.3523378372192383,0.2825469970703125,rank,42,single_rater_weak
2025_10_07_RSFB-Phenotyping_WG1_JLU/2025_10_07_RSFB-Phenotyping_WG1_JLU/20251007_142036.jpg,plot_c259f15ad47dc731aa8f,wg_insects_t1_bbch10,/home/nfs/data/nvme_datasets/Pictures_CFSB_leaf_damage/2025_10_07_RSFB-Phenotyping_WG1_JLU/2025_10_07_RSFB-Phenotyping_WG1_JLU/20251007_142036.jpg,1.0,2.7287821769714355,2.298711061477661,-0.4300711750984192,1.2987110614776611,1.7287821769714355,rank,42,single_rater_weak
2025_10_07_RSFB-Phenotyping_WG1_JLU/2025_10_07_RSFB-Phenotyping_WG1_JLU/20251007_142041.jpg,plot_c259f15ad47dc731aa8f,wg_insects_t1_bbch10,/home/nfs/data/nvme_datasets/Pictures_CFSB_leaf_damage/2025_10_07_RSFB-Phenotyping_WG1_JLU/2025_10_07_RSFB-Phenotyping_WG1_JLU/20251007_142041.jpg,2.0,2.5701355934143066,2.208050012588501,-0.36208558082580566,0.20805001258850098,0.5701355934143066,rank,42,single_rater_weak
2025_10_07_RSFB-Phenotyping_WG1_JLU/2025_10_07_RSFB-Phenotyping_WG1_JLU/20251007_142047.jpg,plot_c259f15ad47dc731aa8f,wg_insects_t1_bbch10,/home/nfs/data/nvme_datasets/Pictures_CFSB_leaf_damage/2025_10_07_RSFB-Phenotyping_WG1_JLU/2025_10_07_RSFB-Phenotyping_WG1_JLU/20251007_142047.jpg,10.0,5.133059501647949,5.1637773513793945,0.03071761131286621,4.8362226486206055,4.866940498352051,rank,42,single_rater_weak
2025_10_07_RSFB-Phenotyping_WG1_JLU/2025_10_07_RSFB-Phenotyping_WG1_JLU/20251007_142103.jpg,plot_4690748ade6aa02179ec,wg_insects_t1_bbch10,/home/nfs/data/nvme_datasets/Pictures_CFSB_leaf_damage/2025_10_07_RSFB-Phenotyping_WG1_JLU/2025_10_07_RSFB-Phenotyping_WG1_JLU/20251007_142103.jpg,2.0,2.915184497833252,2.6278276443481445,-0.2873569428920746,0.6278276443481445,0.915184497833252,rank,42,single_rater_weak
2025_10_07_RSFB-Phenotyping_WG1_JLU/2025_10_07_RSFB-Phenotyping_WG1_JLU/20251007_142112.jpg,plot_4690748ade6aa02179ec,wg_insects_t1_bbch10,/home/nfs/data/nvme_datasets/Pictures_CFSB_leaf_damage/2025_10_07_RSFB-Phenotyping_WG1_JLU/2025_10_07_RSFB-Phenotyping_WG1_JLU/20251007_142112.jpg,8.0,4.882040500640869,5.022381782531738,0.1403413861989975,2.9776182174682617,3.117959499359131,rank,42,single_rater_weak
2025_10_07_RSFB-Phenotyping_WG1_JLU/2025_10_07_RSFB-Phenotyping_WG1_JLU/20251007_142117.jpg,plot_4690748ade6aa02179ec,wg_insects_t1_bbch10,/home/nfs/data/nvme_datasets/Pictures_CFSB_leaf_damage/2025_10_07_RSFB-Phenotyping_WG1_JLU/2025_10_07_RSFB-Phenotyping_WG1_JLU/20251007_142117.jpg,20.0,4.676065444946289,5.8310956954956055,1.1550304889678955,14.168904304504395,15.323934555053711,rank,42,single_rater_weak
2025_10_07_RSFB-Phenotyping_WG1_JLU/2025_10_07_RSFB-Phenotyping_WG1_JLU/20251007_142137.jpg,plot_78301f7caaae71a8f0bb,wg_insects_t1_bbch10,/home/nfs/data/nvme_datasets/Pictures_CFSB_leaf_damage/2025_10_07_RSFB-Phenotyping_WG1_JLU/2025_10_07_RSFB-Phenotyping_WG1_JLU/20251007_142137.jpg,5.0,5.539514541625977,5.50562858581543,-0.03388571739196777,0.5056285858154297,0.5395145416259766,rank,42,single_rater_weak
2025_10_07_RSFB-Phenotyping_WG1_JLU/2025_10_07_RSFB-Phenotyping_WG1_JLU/20251007_142143.jpg,plot_78301f7caaae71a8f0bb,wg_insects_t1_bbch10,/home/nfs/data/nvme_datasets/Pictures_CFSB_leaf_damage/2025_10_07_RSFB-Phenotyping_WG1_JLU/2025_10_07_RSFB-Phenotyping_WG1_JLU/20251007_142143.jpg,2.0,2.512430191040039,1.8348135948181152,-0.677616536617279,0.16518640518188477,0.5124301910400391,rank,42,single_rater_weak
2025_10_07_RSFB-Phenotyping_WG1_JLU/2025_10_07_RSFB-Phenotyping_WG1_JLU/20251007_142149.jpg,plot_78301f7caaae71a8f0bb,wg_insects_t1_bbch10,/home/nfs/data/nvme_datasets/Pictures_CFSB_leaf_damage/2025_10_07_RSFB-Phenotyping_WG1_JLU/2025_10_07_RSFB-Phenotyping_WG1_JLU/20251007_142149.jpg,2.0,4.6345953941345215,4.753172397613525,0.11857704073190689,2.7531723976135254,2.6345953941345215,rank,42,single_rater_weak
2025_10_07_RSFB-Phenotyping_WG1_JLU/2025_10_07_RSFB-Phenotyping_WG1_JLU/20251007_142210.jpg,plot_73e0bbbac0208c51d206,wg_insects_t1_bbch10,/home/nfs/data/nvme_datasets/Pictures_CFSB_leaf_damage/2025_10_07_RSFB-Phenotyping_WG1_JLU/2025_10_07_RSFB-Phenotyping_WG1_JLU/20251007_142210.jpg,13.0,6.844034194946289,6.982091426849365,0.13805711269378662,6.017908573150635,6.155965805053711,rank,42,single_rater_weak
2025_10_07_RSFB-Phenotyping_WG1_JLU/2025_10_07_RSFB-Phenotyping_WG1_JLU/20251007_142217.jpg,plot_73e0bbbac0208c51d206,wg_insects_t1_bbch10,/home/nfs/data/nvme_datasets/Pictures_CFSB_leaf_damage/2025_10_07_RSFB-Phenotyping_WG1_JLU/2025_10_07_RSFB-Phenotyping_WG1_JLU/20251007_142217.jpg,3.0,4.410686492919922,4.272457599639893,-0.13822898268699646,1.2724575996398926,1.4106864929199219,rank,42,single_rater_weak
2025_10_07_RSFB-Phenotyping_WG1_JLU/2025_10_07_RSFB-Phenotyping_WG1_JLU/20251007_142222.jpg,plot_73e0bbbac0208c51d206,wg_insects_t1_bbch10,/home/nfs/data/nvme_datasets/Pictures_CFSB_leaf_damage/2025_10_07_RSFB-Phenotyping_WG1_JLU/2025_10_07_RSFB-Phenotyping_WG1_JLU/20251007_142222.jpg,5.0,3.1004109382629395,2.9993155002593994,-0.10109539330005646,2.0006844997406006,1.8995890617370605,rank,42,single_rater_weak
2025_10_07_RSFB-Phenotyping_WG1_JLU/2025_10_07_RSFB-Phenotyping_WG1_JLU/20251007_142240.jpg,plot_528b221ffdba83ae382b,wg_insects_t1_bbch10,/home/nfs/data/nvme_datasets/Pictures_CFSB_leaf_damage/2025_10_07_RSFB-Phenotyping_WG1_JLU/2025_10_07_RSFB-Phenotyping_WG1_JLU/20251007_142240.jpg,3.0,3.2483530044555664,2.905412435531616,-0.3429405093193054,0.09458756446838379,0.2483530044555664,rank,42,single_rater_weak
2025_10_07_RSFB-Phenotyping_WG1_JLU/2025_10_07_RSFB-Phenotyping_WG1_JLU/20251007_142245.jpg,plot_528b221ffdba83ae382b,wg_insects_t1_bbch10,/home/nfs/data/nvme_datasets/Pictures_CFSB_leaf_damage/2025_10_07_RSFB-Phenotyping_WG1_JLU/2025_10_07_RSFB-Phenotyping_WG1_JLU/20251007_142245.jpg,3.0,3.680331230163574,3.5437417030334473,-0.13658951222896576,0.5437417030334473,0.6803312301635742,rank,42,single_rater_weak
2025_10_07_RSFB-Phenotyping_WG1_JLU/2025_10_07_RSFB-Phenotyping_WG1_JLU/20251007_142252.jpg,plot_528b221ffdba83ae382b,wg_insects_t1_bbch10,/home/nfs/data/nvme_datasets/Pictures_CFSB_leaf_damage/2025_10_07_RSFB-Phenotyping_WG1_JLU/2025_10_07_RSFB-Phenotyping_WG1_JLU/20251007_142252.jpg,1.0,5.681360244750977,5.940741539001465,0.259381502866745,4.940741539001465,4.681360244750977,rank,42,single_rater_weak
2025_10_07_RSFB-Phenotyping_WG1_JLU/2025_10_07_RSFB-Phenotyping_WG1_JLU/20251007_142306.jpg,plot_131be62dbf51989d4d38,wg_insects_t1_bbch10,/home/nfs/data/nvme_datasets/Pictures_CFSB_leaf_damage/2025_10_07_RSFB-Phenotyping_WG1_JLU/2025_10_07_RSFB-Phenotyping_WG1_JLU/20251007_142306.jpg,2.0,4.89621639251709,5.018157958984375,0.12194159626960754,3.018157958984375,2.89621639251709,rank,42,single_rater_weak
2025_10_07_RSFB-Phenotyping_WG1_JLU/2025_10_07_RSFB-Phenotyping_WG1_JLU/20251007_142313.jpg,plot_131be62dbf51989d4d38,wg_insects_t1_bbch10,/home/nfs/data/nvme_datasets/Pictures_CFSB_leaf_damage/2025_10_07_RSFB-Phenotyping_WG1_JLU/2025_10_07_RSFB-Phenotyping_WG1_JLU/20251007_142313.jpg,3.0,3.3714804649353027,3.0576300621032715,-0.3138502836227417,0.057630062103271484,0.37148046493530273,rank,42,single_rater_weak
2025_10_07_RSFB-Phenotyping_WG1_JLU/2025_10_07_RSFB-Phenotyping_WG1_JLU/20251007_142319.jpg,plot_131be62dbf51989d4d38,wg_insects_t1_bbch10,/home/nfs/data/nvme_datasets/Pictures_CFSB_leaf_damage/2025_10_07_RSFB-Phenotyping_WG1_JLU/2025_10_07_RSFB-Phenotyping_WG1_JLU/20251007_142319.jpg,4.0,4.079738616943359,4.611390113830566,0.5316517353057861,0.6113901138305664,0.07973861694335938,rank,42,single_rater_weak
2025_10_07_RSFB-Phenotyping_WG1_JLU/2025_10_07_RSFB-Phenotyping_WG1_JLU/20251007_142334.jpg,plot_d1274d1d6e986d360875,wg_insects_t1_bbch10,/home/nfs/data/nvme_datasets/Pictures_CFSB_leaf_damage/2025_10_07_RSFB-Phenotyping_WG1_JLU/2025_10_07_RSFB-Phenotyping_WG1_JLU/20251007_142334.jpg,2.0,1.9627084732055664,2.589066505432129,0.6263580918312073,0.5890665054321289,0.037291526794433594,rank,42,single_rater_weak
2025_10_07_RSFB-Phenotyping_WG1_JLU/2025_10_07_RSFB-Phenotyping_WG1_JLU/20251007_142339.jpg,plot_d1274d1d6e986d360875,wg_insects_t1_bbch10,/home/nfs/data/nvme_datasets/Pictures_CFSB_leaf_damage/2025_10_07_RSFB-Phenotyping_WG1_JLU/2025_10_07_RSFB-Phenotyping_WG1_JLU/20251007_142339.jpg,2.0,3.0772595405578613,3.041470766067505,-0.03578874468803406,1.0414707660675049,1.0772595405578613,rank,42,single_rater_weak
2025_10_07_RSFB-Phenotyping_WG1_JLU/2025_10_07_RSFB-Phenotyping_WG1_JLU/20251007_142347.jpg,plot_d1274d1d6e986d360875,wg_insects_t1_bbch10,/home/nfs/data/nvme_datasets/Pictures_CFSB_leaf_damage/2025_10_07_RSFB-Phenotyping_WG1_JLU/2025_10_07_RSFB-Phenotyping_WG1_JLU/20251007_142347.jpg,19.0,4.304086685180664,4.6872382164001465,0.3831513524055481,14.312761306762695,14.695913314819336,rank,42,single_rater_weak
2025_10_07_RSFB-Phenotyping_WG1_JLU/2025_10_07_RSFB-Phenotyping_WG1_JLU/20251007_142403.jpg,plot_16c55d014e295e0ba022,wg_insects_t1_bbch10,/home/nfs/data/nvme_datasets/Pictures_CFSB_leaf_damage/2025_10_07_RSFB-Phenotyping_WG1_JLU/2025_10_07_RSFB-Phenotyping_WG1_JLU/20251007_142403.jpg,4.0,5.430481433868408,6.279834747314453,0.8493533134460449,2.279834747314453,1.4304814338684082,rank,42,single_rater_weak
2025_10_07_RSFB-Phenotyping_WG1_JLU/2025_10_07_RSFB-Phenotyping_WG1_JLU/20251007_142410.jpg,plot_16c55d014e295e0ba022,wg_insects_t1_bbch10,/home/nfs/data/nvme_datasets/Pictures_CFSB_leaf_damage/2025_10_07_RSFB-Phenotyping_WG1_JLU/2025_10_07_RSFB-Phenotyping_WG1_JLU/20251007_142410.jpg,4.0,4.3226847648620605,3.962564468383789,-0.3601202666759491,0.03743553161621094,0.32268476486206055,rank,42,single_rater_weak
2025_10_07_RSFB-Phenotyping_WG1_JLU/2025_10_07_RSFB-Phenotyping_WG1_JLU/20251007_142415.jpg,plot_16c55d014e295e0ba022,wg_insects_t1_bbch10,/home/nfs/data/nvme_datasets/Pictures_CFSB_leaf_damage/2025_10_07_RSFB-Phenotyping_WG1_JLU/2025_10_07_RSFB-Phenotyping_WG1_JLU/20251007_142415.jpg,5.0,3.9532928466796875,4.059247016906738,0.10595404356718063,0.9407529830932617,1.0467071533203125,rank,42,single_rater_weak
2025_10_07_RSFB-Phenotyping_WG1_JLU/2025_10_07_RSFB-Phenotyping_WG1_JLU/20251007_142430.jpg,plot_580f5e613cd9f022668b,wg_insects_t1_bbch10,/home/nfs/data/nvme_datasets/Pictures_CFSB_leaf_damage/2025_10_07_RSFB-Phenotyping_WG1_JLU/2025_10_07_RSFB-Phenotyping_WG1_JLU/20251007_142430.jpg,7.0,4.029665946960449,4.4305267333984375,0.40086087584495544,2.5694732666015625,2.970334053039551,rank,42,single_rater_weak
2025_10_07_RSFB-Phenotyping_WG1_JLU/2025_10_07_RSFB-Phenotyping_WG1_JLU/20251007_142435.jpg,plot_580f5e613cd9f022668b,wg_insects_t1_bbch10,/home/nfs/data/nvme_datasets/Pictures_CFSB_leaf_damage/2025_10_07_RSFB-Phenotyping_WG1_JLU/2025_10_07_RSFB-Phenotyping_WG1_JLU/20251007_142435.jpg,3.0,3.4826669692993164,3.21844482421875,-0.26422202587127686,0.21844482421875,0.4826669692993164,rank,42,single_rater_weak
2025_10_07_RSFB-Phenotyping_WG1_JLU/2025_10_07_RSFB-Phenotyping_WG1_JLU/20251007_142441.jpg,plot_580f5e613cd9f022668b,wg_insects_t1_bbch10,/home/nfs/data/nvme_datasets/Pictures_CFSB_leaf_damage/2025_10_07_RSFB-Phenotyping_WG1_JLU/2025_10_07_RSFB-Phenotyping_WG1_JLU/20251007_142441.jpg,9.0,7.811573505401611,8.96386432647705,1.152290940284729,0.03613567352294922,1.1884264945983887,rank,42,single_rater_weak
2025_10_07_RSFB-Phenotyping_WG1_JLU/2025_10_07_RSFB-Phenotyping_WG1_JLU/20251007_142455.jpg,plot_cf6c07e4fcae447ab338,wg_insects_t1_bbch10,/home/nfs/data/nvme_datasets/Pictures_CFSB_leaf_damage/2025_10_07_RSFB-Phenotyping_WG1_JLU/2025_10_07_RSFB-Phenotyping_WG1_JLU/20251007_142455.jpg,7.0,3.1859097480773926,4.2689104080200195,1.083000898361206,2.7310895919799805,3.8140902519226074,rank,42,single_rater_weak
2025_10_07_RSFB-Phenotyping_WG1_JLU/2025_10_07_RSFB-Phenotyping_WG1_JLU/20251007_142503.jpg,plot_cf6c07e4fcae447ab338,wg_insects_t1_bbch10,/home/nfs/data/nvme_datasets/Pictures_CFSB_leaf_damage/2025_10_07_RSFB-Phenotyping_WG1_JLU/2025_10_07_RSFB-Phenotyping_WG1_JLU/20251007_142503.jpg,4.0,3.3762245178222656,3.6751255989074707,0.2989009618759155,0.3248744010925293,0.6237754821777344,rank,42,single_rater_weak
2025_10_07_RSFB-Phenotyping_WG1_JLU/2025_10_07_RSFB-Phenotyping_WG1_JLU/20251007_142508.jpg,plot_cf6c07e4fcae447ab338,wg_insects_t1_bbch10,/home/nfs/data/nvme_datasets/Pictures_CFSB_leaf_damage/2025_10_07_RSFB-Phenotyping_WG1_JLU/2025_10_07_RSFB-Phenotyping_WG1_JLU/20251007_142508.jpg,6.0,3.858659029006958,4.436602592468262,0.5779433250427246,1.5633974075317383,2.141340970993042,rank,42,single_rater_weak
2025_10_07_RSFB-Phenotyping_WG1_JLU/2025_10_07_RSFB-Phenotyping_WG1_JLU/20251007_142525.jpg,plot_d93e1d2812add952bc05,wg_insects_t1_bbch10,/home/nfs/data/nvme_datasets/Pictures_CFSB_leaf_damage/2025_10_07_RSFB-Phenotyping_WG1_JLU/2025_10_07_RSFB-Phenotyping_WG1_JLU/20251007_142525.jpg,2.0,5.350128173828125,5.683070182800293,0.3329421877861023,3.683070182800293,3.350128173828125,rank,42,single_rater_weak
2025_10_07_RSFB-Phenotyping_WG1_JLU/2025_10_07_RSFB-Phenotyping_WG1_JLU/20251007_142530.jpg,plot_d93e1d2812add952bc05,wg_insects_t1_bbch10,/home/nfs/data/nvme_datasets/Pictures_CFSB_leaf_damage/2025_10_07_RSFB-Phenotyping_WG1_JLU/2025_10_07_RSFB-Phenotyping_WG1_JLU/20251007_142530.jpg,3.0,4.51650857925415,4.297521114349365,-0.21898749470710754,1.2975211143493652,1.5165085792541504,rank,42,single_rater_weak
2025_10_07_RSFB-Phenotyping_WG1_JLU/2025_10_07_RSFB-Phenotyping_WG1_JLU/20251007_142535.jpg,plot_d93e1d2812add952bc05,wg_insects_t1_bbch10,/home/nfs/data/nvme_datasets/Pictures_CFSB_leaf_damage/2025_10_07_RSFB-Phenotyping_WG1_JLU/2025_10_07_RSFB-Phenotyping_WG1_JLU/20251007_142535.jpg,2.0,5.048810005187988,5.205206871032715,0.15639671683311462,3.205206871032715,3.0488100051879883,rank,42,single_rater_weak
2025_10_07_RSFB-Phenotyping_WG1_JLU/2025_10_07_RSFB-Phenotyping_WG1_JLU/20251007_142550.jpg,plot_485952b0e10a79ec8185,wg_insects_t1_bbch10,/home/nfs/data/nvme_datasets/Pictures_CFSB_leaf_damage/2025_10_07_RSFB-Phenotyping_WG1_JLU/2025_10_07_RSFB-Phenotyping_WG1_JLU/20251007_142550.jpg,1.0,3.098994731903076,3.1264302730560303,0.02743564546108246,2.1264302730560303,2.098994731903076,rank,42,single_rater_weak
2025_10_07_RSFB-Phenotyping_WG1_JLU/2025_10_07_RSFB-Phenotyping_WG1_JLU/20251007_142558.jpg,plot_485952b0e10a79ec8185,wg_insects_t1_bbch10,/home/nfs/data/nvme_datasets/Pictures_CFSB_leaf_damage/2025_10_07_RSFB-Phenotyping_WG1_JLU/2025_10_07_RSFB-Phenotyping_WG1_JLU/20251007_142558.jpg,1.0,5.1779890060424805,5.434689998626709,0.25670096278190613,4.434689998626709,4.1779890060424805,rank,42,single_rater_weak
2025_10_07_RSFB-Phenotyping_WG1_JLU/2025_10_07_RSFB-Phenotyping_WG1_JLU/20251007_142608.jpg,plot_485952b0e10a79ec8185,wg_insects_t1_bbch10,/home/nfs/data/nvme_datasets/Pictures_CFSB_leaf_damage/2025_10_07_RSFB-Phenotyping_WG1_JLU/2025_10_07_RSFB-Phenotyping_WG1_JLU/20251007_142608.jpg,2.0,4.1000847816467285,4.181927680969238,0.08184268325567245,2.1819276809692383,2.1000847816467285,rank,42,single_rater_weak
2025_10_07_RSFB-Phenotyping_WG1_JLU/2025_10_07_RSFB-Phenotyping_WG1_JLU/20251007_142627.jpg,plot_744d52c29a1221ece015,wg_insects_t1_bbch10,/home/nfs/data/nvme_datasets/Pictures_CFSB_leaf_damage/2025_10_07_RSFB-Phenotyping_WG1_JLU/2025_10_07_RSFB-Phenotyping_WG1_JLU/20251007_142627.jpg,1.0,3.004025459289551,2.5422823429107666,-0.46174317598342896,1.5422823429107666,2.004025459289551,rank,42,single_rater_weak
2025_10_07_RSFB-Phenotyping_WG1_JLU/2025_10_07_RSFB-Phenotyping_WG1_JLU/20251007_142633.jpg,plot_744d52c29a1221ece015,wg_insects_t1_bbch10,/home/nfs/data/nvme_datasets/Pictures_CFSB_leaf_damage/2025_10_07_RSFB-Phenotyping_WG1_JLU/2025_10_07_RSFB-Phenotyping_WG1_JLU/20251007_142633.jpg,2.0,2.644526958465576,2.309337615966797,-0.3351893424987793,0.3093376159667969,0.6445269584655762,rank,42,single_rater_weak
2025_10_07_RSFB-Phenotyping_WG1_JLU/2025_10_07_RSFB-Phenotyping_WG1_JLU/20251007_142639.jpg,plot_744d52c29a1221ece015,wg_insects_t1_bbch10,/home/nfs/data/nvme_datasets/Pictures_CFSB_leaf_damage/2025_10_07_RSFB-Phenotyping_WG1_JLU/2025_10_07_RSFB-Phenotyping_WG1_JLU/20251007_142639.jpg,3.0,3.635253667831421,4.176730155944824,0.5414765477180481,1.1767301559448242,0.6352536678314209,rank,42,single_rater_weak
2025_10_07_RSFB-Phenotyping_WG1_JLU/2025_10_07_RSFB-Phenotyping_WG1_JLU/20251007_142655.jpg,plot_18192f1b18eadc2b30db,wg_insects_t1_bbch10,/home/nfs/data/nvme_datasets/Pictures_CFSB_leaf_damage/2025_10_07_RSFB-Phenotyping_WG1_JLU/2025_10_07_RSFB-Phenotyping_WG1_JLU/20251007_142655.jpg,1.0,2.997239112854004,2.9932539463043213,-0.003985165618360043,1.9932539463043213,1.997239112854004,rank,42,single_rater_weak
2025_10_07_RSFB-Phenotyping_WG1_JLU/2025_10_07_RSFB-Phenotyping_WG1_JLU/20251007_142702.jpg,plot_18192f1b18eadc2b30db,wg_insects_t1_bbch10,/home/nfs/data/nvme_datasets/Pictures_CFSB_leaf_damage/2025_10_07_RSFB-Phenotyping_WG1_JLU/2025_10_07_RSFB-Phenotyping_WG1_JLU/20251007_142702.jpg,1.0,3.8885915279388428,3.979445219039917,0.0908537358045578,2.979445219039917,2.8885915279388428,rank,42,single_rater_weak
2025_10_07_RSFB-Phenotyping_WG1_JLU/2025_10_07_RSFB-Phenotyping_WG1_JLU/20251007_142708.jpg,plot_18192f1b18eadc2b30db,wg_insects_t1_bbch10,/home/nfs/data/nvme_datasets/Pictures_CFSB_leaf_damage/2025_10_07_RSFB-Phenotyping_WG1_JLU/2025_10_07_RSFB-Phenotyping_WG1_JLU/20251007_142708.jpg,4.0,4.275563716888428,4.610527992248535,0.3349643647670746,0.6105279922485352,0.27556371688842773,rank,42,single_rater_weak
2025_10_07_RSFB-Phenotyping_WG1_JLU/2025_10_07_RSFB-Phenotyping_WG1_JLU/20251007_142723.jpg,plot_1c39766e5574b9aecdad,wg_insects_t1_bbch10,/home/nfs/data/nvme_datasets/Pictures_CFSB_leaf_damage/2025_10_07_RSFB-Phenotyping_WG1_JLU/2025_10_07_RSFB-Phenotyping_WG1_JLU/20251007_142723.jpg,1.0,2.412351131439209,2.4305012226104736,0.01815004087984562,1.4305012226104736,1.412351131439209,rank,42,single_rater_weak
2025_10_07_RSFB-Phenotyping_WG1_JLU/2025_10_07_RSFB-Phenotyping_WG1_JLU/20251007_142728.jpg,plot_1c39766e5574b9aecdad,wg_insects_t1_bbch10,/home/nfs/data/nvme_datasets/Pictures_CFSB_leaf_damage/2025_10_07_RSFB-Phenotyping_WG1_JLU/2025_10_07_RSFB-Phenotyping_WG1_JLU/20251007_142728.jpg,1.0,2.701551914215088,2.3335487842559814,-0.36800310015678406,1.3335487842559814,1.701551914215088,rank,42,single_rater_weak
2025_10_07_RSFB-Phenotyping_WG1_JLU/2025_10_07_RSFB-Phenotyping_WG1_JLU/20251007_142734.jpg,plot_1c39766e5574b9aecdad,wg_insects_t1_bbch10,/home/nfs/data/nvme_datasets/Pictures_CFSB_leaf_damage/2025_10_07_RSFB-Phenotyping_WG1_JLU/2025_10_07_RSFB-Phenotyping_WG1_JLU/20251007_142734.jpg,2.0,3.332770347595215,3.7443087100982666,0.41153833270072937,1.7443087100982666,1.3327703475952148,rank,42,single_rater_weak
2025_10_07_RSFB-Phenotyping_WG1_JLU/2025_10_07_RSFB-Phenotyping_WG1_JLU/20251007_142749.jpg,plot_207fcb76844931a4163b,wg_insects_t1_bbch10,/home/nfs/data/nvme_datasets/Pictures_CFSB_leaf_damage/2025_10_07_RSFB-Phenotyping_WG1_JLU/2025_10_07_RSFB-Phenotyping_WG1_JLU/20251007_142749.jpg,3.0,5.78317403793335,7.0178446769714355,1.2346707582473755,4.0178446769714355,2.7831740379333496,rank,42,single_rater_weak
2025_10_07_RSFB-Phenotyping_WG1_JLU/2025_10_07_RSFB-Phenotyping_WG1_JLU/20251007_142754.jpg,plot_207fcb76844931a4163b,wg_insects_t1_bbch10,/home/nfs/data/nvme_datasets/Pictures_CFSB_leaf_damage/2025_10_07_RSFB-Phenotyping_WG1_JLU/2025_10_07_RSFB-Phenotyping_WG1_JLU/20251007_142754.jpg,6.0,4.089529037475586,3.7892110347747803,-0.30031803250312805,2.2107889652252197,1.910470962524414,rank,42,single_rater_weak
2025_10_07_RSFB-Phenotyping_WG1_JLU/2025_10_07_RSFB-Phenotyping_WG1_JLU/20251007_142803.jpg,plot_207fcb76844931a4163b,wg_insects_t1_bbch10,/home/nfs/data/nvme_datasets/Pictures_CFSB_leaf_damage/2025_10_07_RSFB-Phenotyping_WG1_JLU/2025_10_07_RSFB-Phenotyping_WG1_JLU/20251007_142803.jpg,8.0,4.274497032165527,4.415700435638428,0.14120356738567352,3.5842995643615723,3.7255029678344727,rank,42,single_rater_weak
2025_10_07_RSFB-Phenotyping_WG1_JLU/2025_10_07_RSFB-Phenotyping_WG1_JLU/20251007_142818.jpg,plot_f028b355ae3da1155aa1,wg_insects_t1_bbch10,/home/nfs/data/nvme_datasets/Pictures_CFSB_leaf_damage/2025_10_07_RSFB-Phenotyping_WG1_JLU/2025_10_07_RSFB-Phenotyping_WG1_JLU/20251007_142818.jpg,6.0,3.21589994430542,3.2891104221343994,0.07321053743362427,2.7108895778656006,2.78410005569458,rank,42,single_rater_weak
2025_10_07_RSFB-Phenotyping_WG1_JLU/2025_10_07_RSFB-Phenotyping_WG1_JLU/20251007_142824.jpg,plot_f028b355ae3da1155aa1,wg_insects_t1_bbch10,/home/nfs/data/nvme_datasets/Pictures_CFSB_leaf_damage/2025_10_07_RSFB-Phenotyping_WG1_JLU/2025_10_07_RSFB-Phenotyping_WG1_JLU/20251007_142824.jpg,4.0,2.950308322906494,2.9377315044403076,-0.012576809152960777,1.0622684955596924,1.0496916770935059,rank,42,single_rater_weak
2025_10_07_RSFB-Phenotyping_WG1_JLU/2025_10_07_RSFB-Phenotyping_WG1_JLU/20251007_142831.jpg,plot_f028b355ae3da1155aa1,wg_insects_t1_bbch10,/home/nfs/data/nvme_datasets/Pictures_CFSB_leaf_damage/2025_10_07_RSFB-Phenotyping_WG1_JLU/2025_10_07_RSFB-Phenotyping_WG1_JLU/20251007_142831.jpg,5.0,5.093229293823242,5.849761486053467,0.7565323114395142,0.8497614860534668,0.09322929382324219,rank,42,single_rater_weak
2025_10_07_RSFB-Phenotyping_WG1_JLU/2025_10_07_RSFB-Phenotyping_WG1_JLU/20251007_142848.jpg,plot_896ef3565b8a2b3913bd,wg_insects_t1_bbch10,/home/nfs/data/nvme_datasets/Pictures_CFSB_leaf_damage/2025_10_07_RSFB-Phenotyping_WG1_JLU/2025_10_07_RSFB-Phenotyping_WG1_JLU/20251007_142848.jpg,3.0,3.3704426288604736,3.9461350440979004,0.5756925344467163,0.9461350440979004,0.37044262886047363,rank,42,single_rater_weak
2025_10_07_RSFB-Phenotyping_WG1_JLU/2025_10_07_RSFB-Phenotyping_WG1_JLU/20251007_142854.jpg,plot_896ef3565b8a2b3913bd,wg_insects_t1_bbch10,/home/nfs/data/nvme_datasets/Pictures_CFSB_leaf_damage/2025_10_07_RSFB-Phenotyping_WG1_JLU/2025_10_07_RSFB-Phenotyping_WG1_JLU/20251007_142854.jpg,2.0,2.633209228515625,3.3184475898742676,0.6852383017539978,1.3184475898742676,0.633209228515625,rank,42,single_rater_weak
2025_10_07_RSFB-Phenotyping_WG1_JLU/2025_10_07_RSFB-Phenotyping_WG1_JLU/20251007_142900.jpg,plot_896ef3565b8a2b3913bd,wg_insects_t1_bbch10,/home/nfs/data/nvme_datasets/Pictures_CFSB_leaf_damage/2025_10_07_RSFB-Phenotyping_WG1_JLU/2025_10_07_RSFB-Phenotyping_WG1_JLU/20251007_142900.jpg,14.0,4.113642692565918,4.263948917388916,0.15030625462532043,9.736051559448242,9.886357307434082,rank,42,single_rater_weak
2025_10_07_RSFB-Phenotyping_WG1_JLU/2025_10_07_RSFB-Phenotyping_WG1_JLU/20251007_142915.jpg,plot_4bd0766de071a823ace0,wg_insects_t1_bbch10,/home/nfs/data/nvme_datasets/Pictures_CFSB_leaf_damage/2025_10_07_RSFB-Phenotyping_WG1_JLU/2025_10_07_RSFB-Phenotyping_WG1_JLU/20251007_142915.jpg,7.0,2.8585848808288574,3.0098795890808105,0.15129467844963074,3.9901204109191895,4.141415119171143,rank,42,single_rater_weak
2025_10_07_RSFB-Phenotyping_WG1_JLU/2025_10_07_RSFB-Phenotyping_WG1_JLU/20251007_142921.jpg,plot_4bd0766de071a823ace0,wg_insects_t1_bbch10,/home/nfs/data/nvme_datasets/Pictures_CFSB_leaf_damage/2025_10_07_RSFB-Phenotyping_WG1_JLU/2025_10_07_RSFB-Phenotyping_WG1_JLU/20251007_142921.jpg,2.0,3.4484763145446777,3.056952476501465,-0.39152395725250244,1.0569524765014648,1.4484763145446777,rank,42,single_rater_weak
2025_10_07_RSFB-Phenotyping_WG1_JLU/2025_10_07_RSFB-Phenotyping_WG1_JLU/20251007_142927.jpg,plot_4bd0766de071a823ace0,wg_insects_t1_bbch10,/home/nfs/data/nvme_datasets/Pictures_CFSB_leaf_damage/2025_10_07_RSFB-Phenotyping_WG1_JLU/2025_10_07_RSFB-Phenotyping_WG1_JLU/20251007_142927.jpg,17.0,6.672557830810547,8.039275169372559,1.3667173385620117,8.960724830627441,10.327442169189453,rank,42,single_rater_weak
2025_10_07_RSFB-Phenotyping_WG1_JLU/2025_10_07_RSFB-Phenotyping_WG1_JLU/20251007_142941.jpg,plot_17a078cb9a1dd8f425ef,wg_insects_t1_bbch10,/home/nfs/data/nvme_datasets/Pictures_CFSB_leaf_damage/2025_10_07_RSFB-Phenotyping_WG1_JLU/2025_10_07_RSFB-Phenotyping_WG1_JLU/20251007_142941.jpg,3.0,4.516521453857422,4.270670413970947,-0.24585101008415222,1.2706704139709473,1.5165214538574219,rank,42,single_rater_weak
2025_10_07_RSFB-Phenotyping_WG1_JLU/2025_10_07_RSFB-Phenotyping_WG1_JLU/20251007_142947.jpg,plot_17a078cb9a1dd8f425ef,wg_insects_t1_bbch10,/home/nfs/data/nvme_datasets/Pictures_CFSB_leaf_damage/2025_10_07_RSFB-Phenotyping_WG1_JLU/2025_10_07_RSFB-Phenotyping_WG1_JLU/20251007_142947.jpg,3.0,5.339061737060547,5.388676643371582,0.049615055322647095,2.388676643371582,2.339061737060547,rank,42,single_rater_weak
2025_10_07_RSFB-Phenotyping_WG1_JLU/2025_10_07_RSFB-Phenotyping_WG1_JLU/20251007_142953.jpg,plot_17a078cb9a1dd8f425ef,wg_insects_t1_bbch10,/home/nfs/data/nvme_datasets/Pictures_CFSB_leaf_damage/2025_10_07_RSFB-Phenotyping_WG1_JLU/2025_10_07_RSFB-Phenotyping_WG1_JLU/20251007_142953.jpg,4.0,4.2982177734375,4.280962944030762,-0.01725487969815731,0.2809629440307617,0.2982177734375,rank,42,single_rater_weak
2025_10_07_RSFB-Phenotyping_WG1_JLU/2025_10_07_RSFB-Phenotyping_WG1_JLU/20251007_143009.jpg,plot_8dc64b36fafe00e7d90d,wg_insects_t1_bbch10,/home/nfs/data/nvme_datasets/Pictures_CFSB_leaf_damage/2025_10_07_RSFB-Phenotyping_WG1_JLU/2025_10_07_RSFB-Phenotyping_WG1_JLU/20251007_143009.jpg,3.0,5.631438255310059,5.795411586761475,0.16397327184677124,2.7954115867614746,2.6314382553100586,rank,42,single_rater_weak
2025_10_07_RSFB-Phenotyping_WG1_JLU/2025_10_07_RSFB-Phenotyping_WG1_JLU/20251007_143015.jpg,plot_8dc64b36fafe00e7d90d,wg_insects_t1_bbch10,/home/nfs/data/nvme_datasets/Pictures_CFSB_leaf_damage/2025_10_07_RSFB-Phenotyping_WG1_JLU/2025_10_07_RSFB-Phenotyping_WG1_JLU/20251007_143015.jpg,2.0,3.5289556980133057,3.2402594089508057,-0.2886963486671448,1.2402594089508057,1.5289556980133057,rank,42,single_rater_weak
2025_10_07_RSFB-Phenotyping_WG1_JLU/2025_10_07_RSFB-Phenotyping_WG1_JLU/20251007_143021.jpg,plot_8dc64b36fafe00e7d90d,wg_insects_t1_bbch10,/home/nfs/data/nvme_datasets/Pictures_CFSB_leaf_damage/2025_10_07_RSFB-Phenotyping_WG1_JLU/2025_10_07_RSFB-Phenotyping_WG1_JLU/20251007_143021.jpg,1.0,3.163442611694336,3.899310827255249,0.7358682751655579,2.899310827255249,2.163442611694336,rank,42,single_rater_weak
2025_10_07_RSFB-Phenotyping_WG1_JLU/2025_10_07_RSFB-Phenotyping_WG1_JLU/20251007_143041.jpg,plot_e440ad19e2645e40c203,wg_insects_t1_bbch10,/home/nfs/data/nvme_datasets/Pictures_CFSB_leaf_damage/2025_10_07_RSFB-Phenotyping_WG1_JLU/2025_10_07_RSFB-Phenotyping_WG1_JLU/20251007_143041.jpg,4.0,3.865999221801758,3.684905767440796,-0.18109342455863953,0.3150942325592041,0.1340007781982422,rank,42,single_rater_weak
2025_10_07_RSFB-Phenotyping_WG1_JLU/2025_10_07_RSFB-Phenotyping_WG1_JLU/20251007_143047.jpg,plot_e440ad19e2645e40c203,wg_insects_t1_bbch10,/home/nfs/data/nvme_datasets/Pictures_CFSB_leaf_damage/2025_10_07_RSFB-Phenotyping_WG1_JLU/2025_10_07_RSFB-Phenotyping_WG1_JLU/20251007_143047.jpg,3.0,3.7059340476989746,3.776738166809082,0.07080413401126862,0.776738166809082,0.7059340476989746,rank,42,single_rater_weak
2025_10_07_RSFB-Phenotyping_WG1_JLU/2025_10_07_RSFB-Phenotyping_WG1_JLU/20251007_143053.jpg,plot_e440ad19e2645e40c203,wg_insects_t1_bbch10,/home/nfs/data/nvme_datasets/Pictures_CFSB_leaf_damage/2025_10_07_RSFB-Phenotyping_WG1_JLU/2025_10_07_RSFB-Phenotyping_WG1_JLU/20251007_143053.jpg,3.0,9.756750106811523,9.82861614227295,0.07186615467071533,6.828616142272949,6.756750106811523,rank,42,single_rater_weak
2025_10_07_RSFB-Phenotyping_WG1_JLU/2025_10_07_RSFB-Phenotyping_WG1_JLU/20251007_143117.jpg,plot_ec7204b67ec985b6e0fe,wg_insects_t1_bbch10,/home/nfs/data/nvme_datasets/Pictures_CFSB_leaf_damage/2025_10_07_RSFB-Phenotyping_WG1_JLU/2025_10_07_RSFB-Phenotyping_WG1_JLU/20251007_143117.jpg,2.0,2.8128199577331543,2.4543216228485107,-0.3584982752799988,0.45432162284851074,0.8128199577331543,rank,42,single_rater_weak
2025_10_07_RSFB-Phenotyping_WG1_JLU/2025_10_07_RSFB-Phenotyping_WG1_JLU/20251007_143122.jpg,plot_ec7204b67ec985b6e0fe,wg_insects_t1_bbch10,/home/nfs/data/nvme_datasets/Pictures_CFSB_leaf_damage/2025_10_07_RSFB-Phenotyping_WG1_JLU/2025_10_07_RSFB-Phenotyping_WG1_JLU/20251007_143122.jpg,8.0,5.163503646850586,5.723877429962158,0.5603737831115723,2.276122570037842,2.836496353149414,rank,42,single_rater_weak
2025_10_07_RSFB-Phenotyping_WG1_JLU/2025_10_07_RSFB-Phenotyping_WG1_JLU/20251007_143128.jpg,plot_ec7204b67ec985b6e0fe,wg_insects_t1_bbch10,/home/nfs/data/nvme_datasets/Pictures_CFSB_leaf_damage/2025_10_07_RSFB-Phenotyping_WG1_JLU/2025_10_07_RSFB-Phenotyping_WG1_JLU/20251007_143128.jpg,8.0,3.455866575241089,3.3606998920440674,-0.09516678005456924,4.639300346374512,4.544133186340332,rank,42,single_rater_weak
2025_10_07_RSFB-Phenotyping_WG1_JLU/2025_10_07_RSFB-Phenotyping_WG1_JLU/20251007_143145.jpg,plot_ff280b60a06f61174155,wg_insects_t1_bbch10,/home/nfs/data/nvme_datasets/Pictures_CFSB_leaf_damage/2025_10_07_RSFB-Phenotyping_WG1_JLU/2025_10_07_RSFB-Phenotyping_WG1_JLU/20251007_143145.jpg,2.0,2.6058096885681152,3.0756330490112305,0.46982330083847046,1.0756330490112305,0.6058096885681152,rank,42,single_rater_weak
2025_10_07_RSFB-Phenotyping_WG1_JLU/2025_10_07_RSFB-Phenotyping_WG1_JLU/20251007_143152.jpg,plot_ff280b60a06f61174155,wg_insects_t1_bbch10,/home/nfs/data/nvme_datasets/Pictures_CFSB_leaf_damage/2025_10_07_RSFB-Phenotyping_WG1_JLU/2025_10_07_RSFB-Phenotyping_WG1_JLU/20251007_143152.jpg,2.0,7.316402912139893,8.239325523376465,0.9229228496551514,6.239325523376465,5.316402912139893,rank,42,single_rater_weak
2025_10_07_RSFB-Phenotyping_WG1_JLU/2025_10_07_RSFB-Phenotyping_WG1_JLU/20251007_143213.jpg,plot_4489d1bc182a788bdae8,wg_insects_t1_bbch10,/home/nfs/data/nvme_datasets/Pictures_CFSB_leaf_damage/2025_10_07_RSFB-Phenotyping_WG1_JLU/2025_10_07_RSFB-Phenotyping_WG1_JLU/20251007_143213.jpg,2.0,2.6478004455566406,2.8420557975769043,0.19425541162490845,0.8420557975769043,0.6478004455566406,rank,42,single_rater_weak
2025_10_07_RSFB-Phenotyping_WG1_JLU/2025_10_07_RSFB-Phenotyping_WG1_JLU/20251007_143218.jpg,plot_4489d1bc182a788bdae8,wg_insects_t1_bbch10,/home/nfs/data/nvme_datasets/Pictures_CFSB_leaf_damage/2025_10_07_RSFB-Phenotyping_WG1_JLU/2025_10_07_RSFB-Phenotyping_WG1_JLU/20251007_143218.jpg,2.0,2.602107524871826,2.209899425506592,-0.39220815896987915,0.2098994255065918,0.6021075248718262,rank,42,single_rater_weak
2025_10_07_RSFB-Phenotyping_WG1_JLU/2025_10_07_RSFB-Phenotyping_WG1_JLU/20251007_143224.jpg,plot_4489d1bc182a788bdae8,wg_insects_t1_bbch10,/home/nfs/data/nvme_datasets/Pictures_CFSB_leaf_damage/2025_10_07_RSFB-Phenotyping_WG1_JLU/2025_10_07_RSFB-Phenotyping_WG1_JLU/20251007_143224.jpg,2.0,2.747509002685547,2.4834229946136475,-0.2640860974788666,0.48342299461364746,0.7475090026855469,rank,42,single_rater_weak
2025_10_07_RSFB-Phenotyping_WG1_JLU/2025_10_07_RSFB-Phenotyping_WG1_JLU/20251007_143246.jpg,plot_92aa02bf0421f8fae990,wg_insects_t1_bbch10,/home/nfs/data/nvme_datasets/Pictures_CFSB_leaf_damage/2025_10_07_RSFB-Phenotyping_WG1_JLU/2025_10_07_RSFB-Phenotyping_WG1_JLU/20251007_143246.jpg,3.0,3.6768574714660645,4.636692523956299,0.9598351716995239,1.6366925239562988,0.6768574714660645,rank,42,single_rater_weak
2025_10_07_RSFB-Phenotyping_WG1_JLU/2025_10_07_RSFB-Phenotyping_WG1_JLU/20251007_143252.jpg,plot_92aa02bf0421f8fae990,wg_insects_t1_bbch10,/home/nfs/data/nvme_datasets/Pictures_CFSB_leaf_damage/2025_10_07_RSFB-Phenotyping_WG1_JLU/2025_10_07_RSFB-Phenotyping_WG1_JLU/20251007_143252.jpg,3.0,3.1035118103027344,2.6762495040893555,-0.42726242542266846,0.32375049591064453,0.10351181030273438,rank,42,single_rater_weak
2025_10_07_RSFB-Phenotyping_WG1_JLU/2025_10_07_RSFB-Phenotyping_WG1_JLU/20251007_143258.jpg,plot_92aa02bf0421f8fae990,wg_insects_t1_bbch10,/home/nfs/data/nvme_datasets/Pictures_CFSB_leaf_damage/2025_10_07_RSFB-Phenotyping_WG1_JLU/2025_10_07_RSFB-Phenotyping_WG1_JLU/20251007_143258.jpg,4.0,3.5309510231018066,4.165921211242676,0.6349701285362244,0.16592121124267578,0.46904897689819336,rank,42,single_rater_weak
2025_10_07_RSFB-Phenotyping_WG1_JLU/2025_10_07_RSFB-Phenotyping_WG1_JLU/20251007_143313.jpg,plot_8c9a840a088e04850988,wg_insects_t1_bbch10,/home/nfs/data/nvme_datasets/Pictures_CFSB_leaf_damage/2025_10_07_RSFB-Phenotyping_WG1_JLU/2025_10_07_RSFB-Phenotyping_WG1_JLU/20251007_143313.jpg,2.0,2.2081522941589355,1.9547975063323975,-0.2533547282218933,0.04520249366760254,0.20815229415893555,rank,42,single_rater_weak
2025_10_07_RSFB-Phenotyping_WG1_JLU/2025_10_07_RSFB-Phenotyping_WG1_JLU/20251007_143318.jpg,plot_8c9a840a088e04850988,wg_insects_t1_bbch10,/home/nfs/data/nvme_datasets/Pictures_CFSB_leaf_damage/2025_10_07_RSFB-Phenotyping_WG1_JLU/2025_10_07_RSFB-Phenotyping_WG1_JLU/20251007_143318.jpg,3.0,3.386127471923828,3.197882890701294,-0.18824459612369537,0.19788289070129395,0.3861274719238281,rank,42,single_rater_weak
2025_10_07_RSFB-Phenotyping_WG1_JLU/2025_10_07_RSFB-Phenotyping_WG1_JLU/20251007_143324.jpg,plot_8c9a840a088e04850988,wg_insects_t1_bbch10,/home/nfs/data/nvme_datasets/Pictures_CFSB_leaf_damage/2025_10_07_RSFB-Phenotyping_WG1_JLU/2025_10_07_RSFB-Phenotyping_WG1_JLU/20251007_143324.jpg,3.0,3.7553038597106934,3.7353498935699463,-0.019954022020101547,0.7353498935699463,0.7553038597106934,rank,42,single_rater_weak
2025_10_07_RSFB-Phenotyping_WG1_JLU/2025_10_07_RSFB-Phenotyping_WG1_JLU/20251007_143344.jpg,plot_d9c4eca6240ca33cec8a,wg_insects_t1_bbch10,/home/nfs/data/nvme_datasets/Pictures_CFSB_leaf_damage/2025_10_07_RSFB-Phenotyping_WG1_JLU/2025_10_07_RSFB-Phenotyping_WG1_JLU/20251007_143344.jpg,4.0,4.765888214111328,5.037520408630371,0.27163222432136536,1.037520408630371,0.7658882141113281,rank,42,single_rater_weak
2025_10_07_RSFB-Phenotyping_WG1_JLU/2025_10_07_RSFB-Phenotyping_WG1_JLU/20251007_143351.jpg,plot_d9c4eca6240ca33cec8a,wg_insects_t1_bbch10,/home/nfs/data/nvme_datasets/Pictures_CFSB_leaf_damage/2025_10_07_RSFB-Phenotyping_WG1_JLU/2025_10_07_RSFB-Phenotyping_WG1_JLU/20251007_143351.jpg,5.0,3.892948865890503,3.893404483795166,0.0004555191844701767,1.106595516204834,1.107051134109497,rank,42,single_rater_weak
2025_10_07_RSFB-Phenotyping_WG1_JLU/2025_10_07_RSFB-Phenotyping_WG1_JLU/20251007_143357.jpg,plot_d9c4eca6240ca33cec8a,wg_insects_t1_bbch10,/home/nfs/data/nvme_datasets/Pictures_CFSB_leaf_damage/2025_10_07_RSFB-Phenotyping_WG1_JLU/2025_10_07_RSFB-Phenotyping_WG1_JLU/20251007_143357.jpg,4.0,7.647010803222656,8.348885536193848,0.7018749713897705,4.348885536193848,3.6470108032226562,rank,42,single_rater_weak
2025_10_07_RSFB-Phenotyping_WG1_JLU/2025_10_07_RSFB-Phenotyping_WG1_JLU/20251007_143413.jpg,plot_391adb2aa68668f865be,wg_insects_t1_bbch10,/home/nfs/data/nvme_datasets/Pictures_CFSB_leaf_damage/2025_10_07_RSFB-Phenotyping_WG1_JLU/2025_10_07_RSFB-Phenotyping_WG1_JLU/20251007_143413.jpg,2.0,2.940983772277832,2.6980981826782227,-0.24288566410541534,0.6980981826782227,0.940983772277832,rank,42,single_rater_weak
2025_10_07_RSFB-Phenotyping_WG1_JLU/2025_10_07_RSFB-Phenotyping_WG1_JLU/20251007_143419.jpg,plot_391adb2aa68668f865be,wg_insects_t1_bbch10,/home/nfs/data/nvme_datasets/Pictures_CFSB_leaf_damage/2025_10_07_RSFB-Phenotyping_WG1_JLU/2025_10_07_RSFB-Phenotyping_WG1_JLU/20251007_143419.jpg,4.0,3.552058458328247,3.670870542526245,0.11881208419799805,0.3291294574737549,0.44794154167175293,rank,42,single_rater_weak
2025_10_07_RSFB-Phenotyping_WG1_JLU/2025_10_07_RSFB-Phenotyping_WG1_JLU/20251007_143425.jpg,plot_391adb2aa68668f865be,wg_insects_t1_bbch10,/home/nfs/data/nvme_datasets/Pictures_CFSB_leaf_damage/2025_10_07_RSFB-Phenotyping_WG1_JLU/2025_10_07_RSFB-Phenotyping_WG1_JLU/20251007_143425.jpg,6.0,6.280543327331543,6.812618255615234,0.5320747494697571,0.8126182556152344,0.28054332733154297,rank,42,single_rater_weak
2025_10_07_RSFB-Phenotyping_WG1_JLU/2025_10_07_RSFB-Phenotyping_WG1_JLU/20251007_143444.jpg,plot_5bfbbcb9288a86fb3a45,wg_insects_t1_bbch10,/home/nfs/data/nvme_datasets/Pictures_CFSB_leaf_damage/2025_10_07_RSFB-Phenotyping_WG1_JLU/2025_10_07_RSFB-Phenotyping_WG1_JLU/20251007_143444.jpg,1.0,2.7218050956726074,2.5187740325927734,-0.2030310183763504,1.5187740325927734,1.7218050956726074,rank,42,single_rater_weak
2025_10_07_RSFB-Phenotyping_WG1_JLU/2025_10_07_RSFB-Phenotyping_WG1_JLU/20251007_143450.jpg,plot_5bfbbcb9288a86fb3a45,wg_insects_t1_bbch10,/home/nfs/data/nvme_datasets/Pictures_CFSB_leaf_damage/2025_10_07_RSFB-Phenotyping_WG1_JLU/2025_10_07_RSFB-Phenotyping_WG1_JLU/20251007_143450.jpg,1.0,7.242828369140625,8.041580200195312,0.7987515926361084,7.0415802001953125,6.242828369140625,rank,42,single_rater_weak
2025_10_07_RSFB-Phenotyping_WG1_JLU/2025_10_07_RSFB-Phenotyping_WG1_JLU/20251007_143456.jpg,plot_5bfbbcb9288a86fb3a45,wg_insects_t1_bbch10,/home/nfs/data/nvme_datasets/Pictures_CFSB_leaf_damage/2025_10_07_RSFB-Phenotyping_WG1_JLU/2025_10_07_RSFB-Phenotyping_WG1_JLU/20251007_143456.jpg,4.0,3.205578327178955,3.104691505432129,-0.10088688880205154,0.8953084945678711,0.7944216728210449,rank,42,single_rater_weak
2025_10_07_RSFB-Phenotyping_WG1_JLU/2025_10_07_RSFB-Phenotyping_WG1_JLU/20251007_143513.jpg,plot_60088a033e41430aba03,wg_insects_t1_bbch10,/home/nfs/data/nvme_datasets/Pictures_CFSB_leaf_damage/2025_10_07_RSFB-Phenotyping_WG1_JLU/2025_10_07_RSFB-Phenotyping_WG1_JLU/20251007_143513.jpg,3.0,5.388516426086426,5.716071128845215,0.3275546133518219,2.716071128845215,2.388516426086426,rank,42,single_rater_weak
2025_10_07_RSFB-Phenotyping_WG1_JLU/2025_10_07_RSFB-Phenotyping_WG1_JLU/20251007_143518.jpg,plot_60088a033e41430aba03,wg_insects_t1_bbch10,/home/nfs/data/nvme_datasets/Pictures_CFSB_leaf_damage/2025_10_07_RSFB-Phenotyping_WG1_JLU/2025_10_07_RSFB-Phenotyping_WG1_JLU/20251007_143518.jpg,3.0,4.469491004943848,4.367013454437256,-0.10247766971588135,1.3670134544372559,1.4694910049438477,rank,42,single_rater_weak
2025_10_07_RSFB-Phenotyping_WG1_JLU/2025_10_07_RSFB-Phenotyping_WG1_JLU/20251007_143526.jpg,plot_60088a033e41430aba03,wg_insects_t1_bbch10,/home/nfs/data/nvme_datasets/Pictures_CFSB_leaf_damage/2025_10_07_RSFB-Phenotyping_WG1_JLU/2025_10_07_RSFB-Phenotyping_WG1_JLU/20251007_143526.jpg,8.0,4.746337890625,5.704717636108398,0.958379864692688,2.2952823638916016,3.253662109375,rank,42,single_rater_weak
2025_10_07_RSFB-Phenotyping_WG1_JLU/2025_10_07_RSFB-Phenotyping_WG1_JLU/20251007_143544.jpg,plot_18802f8a07563d069054,wg_insects_t1_bbch10,/home/nfs/data/nvme_datasets/Pictures_CFSB_leaf_damage/2025_10_07_RSFB-Phenotyping_WG1_JLU/2025_10_07_RSFB-Phenotyping_WG1_JLU/20251007_143544.jpg,2.0,2.549532413482666,2.3499691486358643,-0.19956329464912415,0.34996914863586426,0.549532413482666,rank,42,single_rater_weak
2025_10_07_RSFB-Phenotyping_WG1_JLU/2025_10_07_RSFB-Phenotyping_WG1_JLU/20251007_143550.jpg,plot_18802f8a07563d069054,wg_insects_t1_bbch10,/home/nfs/data/nvme_datasets/Pictures_CFSB_leaf_damage/2025_10_07_RSFB-Phenotyping_WG1_JLU/2025_10_07_RSFB-Phenotyping_WG1_JLU/20251007_143550.jpg,2.0,4.244100570678711,4.067806243896484,-0.17629431188106537,2.0678062438964844,2.244100570678711,rank,42,single_rater_weak
2025_10_07_RSFB-Phenotyping_WG1_JLU/2025_10_07_RSFB-Phenotyping_WG1_JLU/20251007_143556.jpg,plot_18802f8a07563d069054,wg_insects_t1_bbch10,/home/nfs/data/nvme_datasets/Pictures_CFSB_leaf_damage/2025_10_07_RSFB-Phenotyping_WG1_JLU/2025_10_07_RSFB-Phenotyping_WG1_JLU/20251007_143556.jpg,18.0,2.6145691871643066,3.1506009101867676,0.5360316038131714,14.84939956665039,15.385431289672852,rank,42,single_rater_weak
2025_10_07_RSFB-Phenotyping_WG1_JLU/2025_10_07_RSFB-Phenotyping_WG1_JLU/20251007_143613.jpg,plot_3e704ac9c25be86e5000,wg_insects_t1_bbch10,/home/nfs/data/nvme_datasets/Pictures_CFSB_leaf_damage/2025_10_07_RSFB-Phenotyping_WG1_JLU/2025_10_07_RSFB-Phenotyping_WG1_JLU/20251007_143613.jpg,7.0,4.4175615310668945,4.269378662109375,-0.148182675242424,2.730621337890625,2.5824384689331055,rank,42,single_rater_weak
2025_10_07_RSFB-Phenotyping_WG1_JLU/2025_10_07_RSFB-Phenotyping_WG1_JLU/20251007_143619.jpg,plot_3e704ac9c25be86e5000,wg_insects_t1_bbch10,/home/nfs/data/nvme_datasets/Pictures_CFSB_leaf_damage/2025_10_07_RSFB-Phenotyping_WG1_JLU/2025_10_07_RSFB-Phenotyping_WG1_JLU/20251007_143619.jpg,2.0,5.103899002075195,5.391798496246338,0.2878994345664978,3.391798496246338,3.1038990020751953,rank,42,single_rater_weak
2025_10_07_RSFB-Phenotyping_WG1_JLU/2025_10_07_RSFB-Phenotyping_WG1_JLU/20251007_143625.jpg,plot_3e704ac9c25be86e5000,wg_insects_t1_bbch10,/home/nfs/data/nvme_datasets/Pictures_CFSB_leaf_damage/2025_10_07_RSFB-Phenotyping_WG1_JLU/2025_10_07_RSFB-Phenotyping_WG1_JLU/20251007_143625.jpg,4.0,7.23110294342041,7.6105146408081055,0.37941181659698486,3.6105146408081055,3.23110294342041,rank,42,single_rater_weak
2025_10_07_RSFB-Phenotyping_WG1_JLU/2025_10_07_RSFB-Phenotyping_WG1_JLU/20251007_143642.jpg,plot_1f92e12b123c6375337d,wg_insects_t1_bbch10,/home/nfs/data/nvme_datasets/Pictures_CFSB_leaf_damage/2025_10_07_RSFB-Phenotyping_WG1_JLU/2025_10_07_RSFB-Phenotyping_WG1_JLU/20251007_143642.jpg,1.0,2.482973575592041,1.7992618083953857,-0.6837117075920105,0.7992618083953857,1.482973575592041,rank,42,single_rater_weak
2025_10_07_RSFB-Phenotyping_WG1_JLU/2025_10_07_RSFB-Phenotyping_WG1_JLU/20251007_143701.jpg,plot_88fd2236f7a1a108893e,wg_insects_t1_bbch10,/home/nfs/data/nvme_datasets/Pictures_CFSB_leaf_damage/2025_10_07_RSFB-Phenotyping_WG1_JLU/2025_10_07_RSFB-Phenotyping_WG1_JLU/20251007_143701.jpg,3.0,3.3394298553466797,3.0935423374176025,-0.24588747322559357,0.09354233741760254,0.3394298553466797,rank,42,single_rater_weak
2025_10_07_RSFB-Phenotyping_WG1_JLU/2025_10_07_RSFB-Phenotyping_WG1_JLU/20251007_143706.jpg,plot_88fd2236f7a1a108893e,wg_insects_t1_bbch10,/home/nfs/data/nvme_datasets/Pictures_CFSB_leaf_damage/2025_10_07_RSFB-Phenotyping_WG1_JLU/2025_10_07_RSFB-Phenotyping_WG1_JLU/20251007_143706.jpg,3.0,4.266393661499023,5.053624153137207,0.787230372428894,2.053624153137207,1.2663936614990234,rank,42,single_rater_weak
2025_10_07_RSFB-Phenotyping_WG1_JLU/2025_10_07_RSFB-Phenotyping_WG1_JLU/20251007_143738.jpg,plot_32b7cef74e0cccc27d9d,wg_insects_t1_bbch10,/home/nfs/data/nvme_datasets/Pictures_CFSB_leaf_damage/2025_10_07_RSFB-Phenotyping_WG1_JLU/2025_10_07_RSFB-Phenotyping_WG1_JLU/20251007_143738.jpg,1.0,2.6568899154663086,2.265868663787842,-0.39102134108543396,1.2658686637878418,1.6568899154663086,rank,42,single_rater_weak
2025_10_07_RSFB-Phenotyping_WG1_JLU/2025_10_07_RSFB-Phenotyping_WG1_JLU/20251007_143744.jpg,plot_32b7cef74e0cccc27d9d,wg_insects_t1_bbch10,/home/nfs/data/nvme_datasets/Pictures_CFSB_leaf_damage/2025_10_07_RSFB-Phenotyping_WG1_JLU/2025_10_07_RSFB-Phenotyping_WG1_JLU/20251007_143744.jpg,1.0,2.6358819007873535,2.3891923427581787,-0.2466895431280136,1.3891923427581787,1.6358819007873535,rank,42,single_rater_weak
2025_10_07_RSFB-Phenotyping_WG1_JLU/2025_10_07_RSFB-Phenotyping_WG1_JLU/20251007_143750.jpg,plot_32b7cef74e0cccc27d9d,wg_insects_t1_bbch10,/home/nfs/data/nvme_datasets/Pictures_CFSB_leaf_damage/2025_10_07_RSFB-Phenotyping_WG1_JLU/2025_10_07_RSFB-Phenotyping_WG1_JLU/20251007_143750.jpg,4.0,2.466339588165283,2.3070549964904785,-0.15928463637828827,1.6929450035095215,1.5336604118347168,rank,42,single_rater_weak
2025_10_07_RSFB-Phenotyping_WG1_JLU/2025_10_07_RSFB-Phenotyping_WG1_JLU/20251007_143809.jpg,plot_c7b49d2fec987ad9b86e,wg_insects_t1_bbch10,/home/nfs/data/nvme_datasets/Pictures_CFSB_leaf_damage/2025_10_07_RSFB-Phenotyping_WG1_JLU/2025_10_07_RSFB-Phenotyping_WG1_JLU/20251007_143809.jpg,3.0,5.822906494140625,6.480175971984863,0.6572696566581726,3.4801759719848633,2.822906494140625,rank,42,single_rater_weak
2025_10_07_RSFB-Phenotyping_WG1_JLU/2025_10_07_RSFB-Phenotyping_WG1_JLU/20251007_143814.jpg,plot_c7b49d2fec987ad9b86e,wg_insects_t1_bbch10,/home/nfs/data/nvme_datasets/Pictures_CFSB_leaf_damage/2025_10_07_RSFB-Phenotyping_WG1_JLU/2025_10_07_RSFB-Phenotyping_WG1_JLU/20251007_143814.jpg,4.0,3.5883538722991943,3.388697862625122,-0.19965600967407227,0.6113021373748779,0.41164612770080566,rank,42,single_rater_weak
2025_10_07_RSFB-Phenotyping_WG1_JLU/2025_10_07_RSFB-Phenotyping_WG1_JLU/20251007_143818.jpg,plot_c7b49d2fec987ad9b86e,wg_insects_t1_bbch10,/home/nfs/data/nvme_datasets/Pictures_CFSB_leaf_damage/2025_10_07_RSFB-Phenotyping_WG1_JLU/2025_10_07_RSFB-Phenotyping_WG1_JLU/20251007_143818.jpg,2.0,3.2667932510375977,3.8128910064697266,0.5460976362228394,1.8128910064697266,1.2667932510375977,rank,42,single_rater_weak
2025_10_07_RSFB-Phenotyping_WG1_JLU/2025_10_07_RSFB-Phenotyping_WG1_JLU/20251007_143839.jpg,plot_fbb7081233c4126f0b4d,wg_insects_t1_bbch10,/home/nfs/data/nvme_datasets/Pictures_CFSB_leaf_damage/2025_10_07_RSFB-Phenotyping_WG1_JLU/2025_10_07_RSFB-Phenotyping_WG1_JLU/20251007_143839.jpg,4.0,2.4746899604797363,2.1448745727539062,-0.32981541752815247,1.8551254272460938,1.5253100395202637,rank,42,single_rater_weak
2025_10_07_RSFB-Phenotyping_WG1_JLU/2025_10_07_RSFB-Phenotyping_WG1_JLU/20251007_143846.jpg,plot_fbb7081233c4126f0b4d,wg_insects_t1_bbch10,/home/nfs/data/nvme_datasets/Pictures_CFSB_leaf_damage/2025_10_07_RSFB-Phenotyping_WG1_JLU/2025_10_07_RSFB-Phenotyping_WG1_JLU/20251007_143846.jpg,4.0,4.020847797393799,4.060171127319336,0.03932354971766472,0.06017112731933594,0.020847797393798828,rank,42,single_rater_weak
2025_10_07_RSFB-Phenotyping_WG1_JLU/2025_10_07_RSFB-Phenotyping_WG1_JLU/20251007_143851.jpg,plot_fbb7081233c4126f0b4d,wg_insects_t1_bbch10,/home/nfs/data/nvme_datasets/Pictures_CFSB_leaf_damage/2025_10_07_RSFB-Phenotyping_WG1_JLU/2025_10_07_RSFB-Phenotyping_WG1_JLU/20251007_143851.jpg,3.0,3.2451295852661133,2.9934000968933105,-0.2517295181751251,0.006599903106689453,0.24512958526611328,rank,42,single_rater_weak
2025_10_07_RSFB-Phenotyping_WG1_JLU/2025_10_07_RSFB-Phenotyping_WG1_JLU/20251007_143914.jpg,plot_3e96239c85645a495d42,wg_insects_t1_bbch10,/home/nfs/data/nvme_datasets/Pictures_CFSB_leaf_damage/2025_10_07_RSFB-Phenotyping_WG1_JLU/2025_10_07_RSFB-Phenotyping_WG1_JLU/20251007_143914.jpg,3.0,4.42199182510376,5.283969402313232,0.8619775772094727,2.2839694023132324,1.4219918251037598,rank,42,single_rater_weak
2025_10_07_RSFB-Phenotyping_WG1_JLU/2025_10_07_RSFB-Phenotyping_WG1_JLU/20251007_143919.jpg,plot_3e96239c85645a495d42,wg_insects_t1_bbch10,/home/nfs/data/nvme_datasets/Pictures_CFSB_leaf_damage/2025_10_07_RSFB-Phenotyping_WG1_JLU/2025_10_07_RSFB-Phenotyping_WG1_JLU/20251007_143919.jpg,2.0,3.301995277404785,3.091113328933716,-0.2108820527791977,1.0911133289337158,1.3019952774047852,rank,42,single_rater_weak
2025_10_07_RSFB-Phenotyping_WG1_JLU/2025_10_07_RSFB-Phenotyping_WG1_JLU/20251007_143924.jpg,plot_3e96239c85645a495d42,wg_insects_t1_bbch10,/home/nfs/data/nvme_datasets/Pictures_CFSB_leaf_damage/2025_10_07_RSFB-Phenotyping_WG1_JLU/2025_10_07_RSFB-Phenotyping_WG1_JLU/20251007_143924.jpg,2.0,4.284678936004639,4.37274169921875,0.0880628451704979,2.37274169921875,2.2846789360046387,rank,42,single_rater_weak
2025_10_07_RSFB-Phenotyping_WG1_JLU/2025_10_07_RSFB-Phenotyping_WG1_JLU/20251007_143941.jpg,plot_1ea7a92cf3f391fc084c,wg_insects_t1_bbch10,/home/nfs/data/nvme_datasets/Pictures_CFSB_leaf_damage/2025_10_07_RSFB-Phenotyping_WG1_JLU/2025_10_07_RSFB-Phenotyping_WG1_JLU/20251007_143941.jpg,2.0,2.373784065246582,2.7268238067626953,0.35303983092308044,0.7268238067626953,0.37378406524658203,rank,42,single_rater_weak
2025_10_07_RSFB-Phenotyping_WG1_JLU/2025_10_07_RSFB-Phenotyping_WG1_JLU/20251007_143947.jpg,plot_1ea7a92cf3f391fc084c,wg_insects_t1_bbch10,/home/nfs/data/nvme_datasets/Pictures_CFSB_leaf_damage/2025_10_07_RSFB-Phenotyping_WG1_JLU/2025_10_07_RSFB-Phenotyping_WG1_JLU/20251007_143947.jpg,6.0,3.808974266052246,3.7765157222747803,-0.032458625733852386,2.2234842777252197,2.191025733947754,rank,42,single_rater_weak
2025_10_07_RSFB-Phenotyping_WG1_JLU/2025_10_07_RSFB-Phenotyping_WG1_JLU/20251007_143954.jpg,plot_1ea7a92cf3f391fc084c,wg_insects_t1_bbch10,/home/nfs/data/nvme_datasets/Pictures_CFSB_leaf_damage/2025_10_07_RSFB-Phenotyping_WG1_JLU/2025_10_07_RSFB-Phenotyping_WG1_JLU/20251007_143954.jpg,4.0,3.379533529281616,3.0990827083587646,-0.2804507613182068,0.9009172916412354,0.6204664707183838,rank,42,single_rater_weak
2025_10_07_RSFB-Phenotyping_WG1_JLU/2025_10_07_RSFB-Phenotyping_WG1_JLU/20251007_144009.jpg,plot_35ccfc047f622070e5b1,wg_insects_t1_bbch10,/home/nfs/data/nvme_datasets/Pictures_CFSB_leaf_damage/2025_10_07_RSFB-Phenotyping_WG1_JLU/2025_10_07_RSFB-Phenotyping_WG1_JLU/20251007_144009.jpg,3.0,3.680940628051758,3.6891698837280273,0.008229149505496025,0.6891698837280273,0.6809406280517578,rank,42,single_rater_weak
2025_10_07_RSFB-Phenotyping_WG1_JLU/2025_10_07_RSFB-Phenotyping_WG1_JLU/20251007_144015.jpg,plot_35ccfc047f622070e5b1,wg_insects_t1_bbch10,/home/nfs/data/nvme_datasets/Pictures_CFSB_leaf_damage/2025_10_07_RSFB-Phenotyping_WG1_JLU/2025_10_07_RSFB-Phenotyping_WG1_JLU/20251007_144015.jpg,3.0,4.385697364807129,4.326281547546387,-0.059415750205516815,1.3262815475463867,1.385697364807129,rank,42,single_rater_weak
2025_10_07_RSFB-Phenotyping_WG1_JLU/2025_10_07_RSFB-Phenotyping_WG1_JLU/20251007_144020.jpg,plot_35ccfc047f622070e5b1,wg_insects_t1_bbch10,/home/nfs/data/nvme_datasets/Pictures_CFSB_leaf_damage/2025_10_07_RSFB-Phenotyping_WG1_JLU/2025_10_07_RSFB-Phenotyping_WG1_JLU/20251007_144020.jpg,4.0,3.6901652812957764,4.160769939422607,0.47060444951057434,0.16076993942260742,0.30983471870422363,rank,42,single_rater_weak
2025_10_07_RSFB-Phenotyping_WG1_JLU/2025_10_07_RSFB-Phenotyping_WG1_JLU/20251007_144035.jpg,plot_be5e56e3541d2f83bd4d,wg_insects_t1_bbch10,/home/nfs/data/nvme_datasets/Pictures_CFSB_leaf_damage/2025_10_07_RSFB-Phenotyping_WG1_JLU/2025_10_07_RSFB-Phenotyping_WG1_JLU/20251007_144035.jpg,3.0,2.937424659729004,3.5339484214782715,0.596523642539978,0.5339484214782715,0.0625753402709961,rank,42,single_rater_weak
2025_10_07_RSFB-Phenotyping_WG1_JLU/2025_10_07_RSFB-Phenotyping_WG1_JLU/20251007_144040.jpg,plot_ef4270733417aaaa51b7,wg_insects_t1_bbch10,/home/nfs/data/nvme_datasets/Pictures_CFSB_leaf_damage/2025_10_07_RSFB-Phenotyping_WG1_JLU/2025_10_07_RSFB-Phenotyping_WG1_JLU/20251007_144040.jpg,4.0,3.2791848182678223,3.154731035232544,-0.12445381283760071,0.845268964767456,0.7208151817321777,rank,42,single_rater_weak
2025_10_07_RSFB-Phenotyping_WG1_JLU/2025_10_07_RSFB-Phenotyping_WG1_JLU/20251007_144045.jpg,plot_ef4270733417aaaa51b7,wg_insects_t1_bbch10,/home/nfs/data/nvme_datasets/Pictures_CFSB_leaf_damage/2025_10_07_RSFB-Phenotyping_WG1_JLU/2025_10_07_RSFB-Phenotyping_WG1_JLU/20251007_144045.jpg,4.0,2.5104732513427734,2.326455593109131,-0.1840175986289978,1.6735444068908691,1.4895267486572266,rank,42,single_rater_weak
2025_10_07_RSFB-Phenotyping_WG1_JLU/2025_10_07_RSFB-Phenotyping_WG1_JLU/20251007_144102.jpg,plot_f41fa6fd5e51ae6e677c,wg_insects_t1_bbch10,/home/nfs/data/nvme_datasets/Pictures_CFSB_leaf_damage/2025_10_07_RSFB-Phenotyping_WG1_JLU/2025_10_07_RSFB-Phenotyping_WG1_JLU/20251007_144102.jpg,2.0,2.5030274391174316,2.6113178730010986,0.10829038918018341,0.6113178730010986,0.5030274391174316,rank,42,single_rater_weak
2025_10_07_RSFB-Phenotyping_WG1_JLU/2025_10_07_RSFB-Phenotyping_WG1_JLU/20251007_144108.jpg,plot_f41fa6fd5e51ae6e677c,wg_insects_t1_bbch10,/home/nfs/data/nvme_datasets/Pictures_CFSB_leaf_damage/2025_10_07_RSFB-Phenotyping_WG1_JLU/2025_10_07_RSFB-Phenotyping_WG1_JLU/20251007_144108.jpg,3.0,4.065561294555664,4.51731538772583,0.45175400376319885,1.51731538772583,1.065561294555664,rank,42,single_rater_weak
2025_10_07_RSFB-Phenotyping_WG1_JLU/2025_10_07_RSFB-Phenotyping_WG1_JLU/20251007_144114.jpg,plot_f41fa6fd5e51ae6e677c,wg_insects_t1_bbch10,/home/nfs/data/nvme_datasets/Pictures_CFSB_leaf_damage/2025_10_07_RSFB-Phenotyping_WG1_JLU/2025_10_07_RSFB-Phenotyping_WG1_JLU/20251007_144114.jpg,2.0,3.283130645751953,3.7395966053009033,0.4564658999443054,1.7395966053009033,1.2831306457519531,rank,42,single_rater_weak
2025_10_07_RSFB-Phenotyping_WG1_JLU/2025_10_07_RSFB-Phenotyping_WG1_JLU/20251007_144129.jpg,plot_5bc52303129c2b7f74af,wg_insects_t1_bbch10,/home/nfs/data/nvme_datasets/Pictures_CFSB_leaf_damage/2025_10_07_RSFB-Phenotyping_WG1_JLU/2025_10_07_RSFB-Phenotyping_WG1_JLU/20251007_144129.jpg,1.0,2.018709182739258,2.152279853820801,0.1335705816745758,1.1522798538208008,1.0187091827392578,rank,42,single_rater_weak
2025_10_07_RSFB-Phenotyping_WG1_JLU/2025_10_07_RSFB-Phenotyping_WG1_JLU/20251007_144136.jpg,plot_5bc52303129c2b7f74af,wg_insects_t1_bbch10,/home/nfs/data/nvme_datasets/Pictures_CFSB_leaf_damage/2025_10_07_RSFB-Phenotyping_WG1_JLU/2025_10_07_RSFB-Phenotyping_WG1_JLU/20251007_144136.jpg,6.0,3.6740384101867676,3.4266090393066406,-0.2474294751882553,2.5733909606933594,2.3259615898132324,rank,42,single_rater_weak
2025_10_07_RSFB-Phenotyping_WG1_JLU/2025_10_07_RSFB-Phenotyping_WG1_JLU/20251007_144140.jpg,plot_5bc52303129c2b7f74af,wg_insects_t1_bbch10,/home/nfs/data/nvme_datasets/Pictures_CFSB_leaf_damage/2025_10_07_RSFB-Phenotyping_WG1_JLU/2025_10_07_RSFB-Phenotyping_WG1_JLU/20251007_144140.jpg,2.0,2.3531298637390137,1.8839174509048462,-0.4692123830318451,0.11608254909515381,0.35312986373901367,rank,42,single_rater_weak
2025_10_07_RSFB-Phenotyping_WG1_JLU/2025_10_07_RSFB-Phenotyping_WG1_JLU/20251007_144203.jpg,plot_9a80778513194653de06,wg_insects_t1_bbch10,/home/nfs/data/nvme_datasets/Pictures_CFSB_leaf_damage/2025_10_07_RSFB-Phenotyping_WG1_JLU/2025_10_07_RSFB-Phenotyping_WG1_JLU/20251007_144203.jpg,2.0,3.8180315494537354,3.885411262512207,0.06737983226776123,1.885411262512207,1.8180315494537354,rank,42,single_rater_weak
2025_10_07_RSFB-Phenotyping_WG1_JLU/2025_10_07_RSFB-Phenotyping_WG1_JLU/20251007_144208.jpg,plot_9a80778513194653de06,wg_insects_t1_bbch10,/home/nfs/data/nvme_datasets/Pictures_CFSB_leaf_damage/2025_10_07_RSFB-Phenotyping_WG1_JLU/2025_10_07_RSFB-Phenotyping_WG1_JLU/20251007_144208.jpg,3.0,4.712941646575928,5.034934997558594,0.3219935894012451,2.0349349975585938,1.7129416465759277,rank,42,single_rater_weak
2025_10_07_RSFB-Phenotyping_WG1_JLU/2025_10_07_RSFB-Phenotyping_WG1_JLU/20251007_144213.jpg,plot_9a80778513194653de06,wg_insects_t1_bbch10,/home/nfs/data/nvme_datasets/Pictures_CFSB_leaf_damage/2025_10_07_RSFB-Phenotyping_WG1_JLU/2025_10_07_RSFB-Phenotyping_WG1_JLU/20251007_144213.jpg,2.0,3.73311448097229,4.106234550476074,0.3731200695037842,2.106234550476074,1.73311448097229,rank,42,single_rater_weak
2025_10_07_RSFB-Phenotyping_WG1_JLU/2025_10_07_RSFB-Phenotyping_WG1_JLU/20251007_144232.jpg,plot_98de263707cba984cc00,wg_insects_t1_bbch10,/home/nfs/data/nvme_datasets/Pictures_CFSB_leaf_damage/2025_10_07_RSFB-Phenotyping_WG1_JLU/2025_10_07_RSFB-Phenotyping_WG1_JLU/20251007_144232.jpg,4.0,3.864408016204834,3.8688406944274902,0.004432628862559795,0.13115930557250977,0.13559198379516602,rank,42,single_rater_weak
2025_10_07_RSFB-Phenotyping_WG1_JLU/2025_10_07_RSFB-Phenotyping_WG1_JLU/20251007_144238.jpg,plot_98de263707cba984cc00,wg_insects_t1_bbch10,/home/nfs/data/nvme_datasets/Pictures_CFSB_leaf_damage/2025_10_07_RSFB-Phenotyping_WG1_JLU/2025_10_07_RSFB-Phenotyping_WG1_JLU/20251007_144238.jpg,6.0,8.505911827087402,8.644743919372559,0.13883210718631744,2.6447439193725586,2.5059118270874023,rank,42,single_rater_weak
2025_10_07_RSFB-Phenotyping_WG1_JLU/2025_10_07_RSFB-Phenotyping_WG1_JLU/20251007_144243.jpg,plot_98de263707cba984cc00,wg_insects_t1_bbch10,/home/nfs/data/nvme_datasets/Pictures_CFSB_leaf_damage/2025_10_07_RSFB-Phenotyping_WG1_JLU/2025_10_07_RSFB-Phenotyping_WG1_JLU/20251007_144243.jpg,2.0,3.610452175140381,3.7881650924682617,0.17771290242671967,1.7881650924682617,1.6104521751403809,rank,42,single_rater_weak
2025_10_07_RSFB-Phenotyping_WG1_JLU/2025_10_07_RSFB-Phenotyping_WG1_JLU/20251007_144310.jpg,plot_319432c7fd0185a0c43a,wg_insects_t1_bbch10,/home/nfs/data/nvme_datasets/Pictures_CFSB_leaf_damage/2025_10_07_RSFB-Phenotyping_WG1_JLU/2025_10_07_RSFB-Phenotyping_WG1_JLU/20251007_144310.jpg,3.0,3.412822723388672,4.226670742034912,0.8138480186462402,1.226670742034912,0.4128227233886719,rank,42,single_rater_weak
2025_10_07_RSFB-Phenotyping_WG1_JLU/2025_10_07_RSFB-Phenotyping_WG1_JLU/20251007_144318.jpg,plot_319432c7fd0185a0c43a,wg_insects_t1_bbch10,/home/nfs/data/nvme_datasets/Pictures_CFSB_leaf_damage/2025_10_07_RSFB-Phenotyping_WG1_JLU/2025_10_07_RSFB-Phenotyping_WG1_JLU/20251007_144318.jpg,4.0,3.421172618865967,3.8400678634643555,0.4188952147960663,0.15993213653564453,0.5788273811340332,rank,42,single_rater_weak
2025_10_07_RSFB-Phenotyping_WG1_JLU/2025_10_07_RSFB-Phenotyping_WG1_JLU/20251007_144323.jpg,plot_319432c7fd0185a0c43a,wg_insects_t1_bbch10,/home/nfs/data/nvme_datasets/Pictures_CFSB_leaf_damage/2025_10_07_RSFB-Phenotyping_WG1_JLU/2025_10_07_RSFB-Phenotyping_WG1_JLU/20251007_144323.jpg,3.0,2.8891639709472656,3.7244744300842285,0.8353103399276733,0.7244744300842285,0.11083602905273438,rank,42,single_rater_weak
2025_10_07_RSFB-Phenotyping_WG1_JLU/2025_10_07_RSFB-Phenotyping_WG1_JLU/20251007_144339.jpg,plot_aa887eb46849a0600b10,wg_insects_t1_bbch10,/home/nfs/data/nvme_datasets/Pictures_CFSB_leaf_damage/2025_10_07_RSFB-Phenotyping_WG1_JLU/2025_10_07_RSFB-Phenotyping_WG1_JLU/20251007_144339.jpg,7.0,5.239424705505371,5.456655025482178,0.2172304391860962,1.5433449745178223,1.760575294494629,rank,42,single_rater_weak
2025_10_07_RSFB-Phenotyping_WG1_JLU/2025_10_07_RSFB-Phenotyping_WG1_JLU/20251007_144345.jpg,plot_aa887eb46849a0600b10,wg_insects_t1_bbch10,/home/nfs/data/nvme_datasets/Pictures_CFSB_leaf_damage/2025_10_07_RSFB-Phenotyping_WG1_JLU/2025_10_07_RSFB-Phenotyping_WG1_JLU/20251007_144345.jpg,4.0,3.8127779960632324,3.597318172454834,-0.21545973420143127,0.402681827545166,0.18722200393676758,rank,42,single_rater_weak
2025_10_07_RSFB-Phenotyping_WG1_JLU/2025_10_07_RSFB-Phenotyping_WG1_JLU/20251007_144349.jpg,plot_aa887eb46849a0600b10,wg_insects_t1_bbch10,/home/nfs/data/nvme_datasets/Pictures_CFSB_leaf_damage/2025_10_07_RSFB-Phenotyping_WG1_JLU/2025_10_07_RSFB-Phenotyping_WG1_JLU/20251007_144349.jpg,13.0,3.781639814376831,3.631105422973633,-0.15053430199623108,9.368894577026367,9.21835994720459,rank,42,single_rater_weak
2025_10_07_RSFB-Phenotyping_WG1_JLU/2025_10_07_RSFB-Phenotyping_WG1_JLU/20251007_152817.jpg,plot_fb8da9d0d63721abfc66,wg_insects_t1_bbch10,/home/nfs/data/nvme_datasets/Pictures_CFSB_leaf_damage/2025_10_07_RSFB-Phenotyping_WG1_JLU/2025_10_07_RSFB-Phenotyping_WG1_JLU/20251007_152817.jpg,15.0,3.9503750801086426,3.8792920112609863,-0.07108299434185028,11.120708465576172,11.049625396728516,rank,42,single_rater_weak
2025_10_07_RSFB-Phenotyping_WG1_JLU/2025_10_07_RSFB-Phenotyping_WG1_JLU/20251007_152822.jpg,plot_fb8da9d0d63721abfc66,wg_insects_t1_bbch10,/home/nfs/data/nvme_datasets/Pictures_CFSB_leaf_damage/2025_10_07_RSFB-Phenotyping_WG1_JLU/2025_10_07_RSFB-Phenotyping_WG1_JLU/20251007_152822.jpg,13.0,3.042973041534424,2.682396650314331,-0.36057645082473755,10.31760311126709,9.957027435302734,rank,42,single_rater_weak
2025_10_07_RSFB-Phenotyping_WG1_JLU/2025_10_07_RSFB-Phenotyping_WG1_JLU/20251007_152829.jpg,plot_fb8da9d0d63721abfc66,wg_insects_t1_bbch10,/home/nfs/data/nvme_datasets/Pictures_CFSB_leaf_damage/2025_10_07_RSFB-Phenotyping_WG1_JLU/2025_10_07_RSFB-Phenotyping_WG1_JLU/20251007_152829.jpg,8.0,3.0607433319091797,3.5856783390045166,0.5249350666999817,4.4143218994140625,4.93925666809082,rank,42,single_rater_weak
2025_10_07_RSFB-Phenotyping_WG1_JLU/2025_10_07_RSFB-Phenotyping_WG1_JLU/20251007_152848.jpg,plot_31bf08ef46ae88fcb269,wg_insects_t1_bbch10,/home/nfs/data/nvme_datasets/Pictures_CFSB_leaf_damage/2025_10_07_RSFB-Phenotyping_WG1_JLU/2025_10_07_RSFB-Phenotyping_WG1_JLU/20251007_152848.jpg,12.0,4.387125492095947,4.2345356941223145,-0.15258970856666565,7.7654643058776855,7.612874507904053,rank,42,single_rater_weak
2025_10_07_RSFB-Phenotyping_WG1_JLU/2025_10_07_RSFB-Phenotyping_WG1_JLU/20251007_152855.jpg,plot_31bf08ef46ae88fcb269,wg_insects_t1_bbch10,/home/nfs/data/nvme_datasets/Pictures_CFSB_leaf_damage/2025_10_07_RSFB-Phenotyping_WG1_JLU/2025_10_07_RSFB-Phenotyping_WG1_JLU/20251007_152855.jpg,6.0,3.352342128753662,2.9941279888153076,-0.35821419954299927,3.0058720111846924,2.647657871246338,rank,42,single_rater_weak
2025_10_07_RSFB-Phenotyping_WG1_JLU/2025_10_07_RSFB-Phenotyping_WG1_JLU/20251007_152900.jpg,plot_31bf08ef46ae88fcb269,wg_insects_t1_bbch10,/home/nfs/data/nvme_datasets/Pictures_CFSB_leaf_damage/2025_10_07_RSFB-Phenotyping_WG1_JLU/2025_10_07_RSFB-Phenotyping_WG1_JLU/20251007_152900.jpg,18.0,6.008127212524414,6.766571998596191,0.7584449648857117,11.233428001403809,11.991872787475586,rank,42,single_rater_weak
2025_10_07_RSFB-Phenotyping_WG1_JLU/2025_10_07_RSFB-Phenotyping_WG1_JLU/20251007_152915.jpg,plot_023d6085c595be00fd36,wg_insects_t1_bbch10,/home/nfs/data/nvme_datasets/Pictures_CFSB_leaf_damage/2025_10_07_RSFB-Phenotyping_WG1_JLU/2025_10_07_RSFB-Phenotyping_WG1_JLU/20251007_152915.jpg,2.0,1.8276519775390625,2.370384693145752,0.542732834815979,0.37038469314575195,0.1723480224609375,rank,42,single_rater_weak
2025_10_07_RSFB-Phenotyping_WG1_JLU/2025_10_07_RSFB-Phenotyping_WG1_JLU/20251007_152920.jpg,plot_023d6085c595be00fd36,wg_insects_t1_bbch10,/home/nfs/data/nvme_datasets/Pictures_CFSB_leaf_damage/2025_10_07_RSFB-Phenotyping_WG1_JLU/2025_10_07_RSFB-Phenotyping_WG1_JLU/20251007_152920.jpg,5.0,2.7741007804870605,2.5704386234283447,-0.20366212725639343,2.4295613765716553,2.2258992195129395,rank,42,single_rater_weak
2025_10_07_RSFB-Phenotyping_WG1_JLU/2025_10_07_RSFB-Phenotyping_WG1_JLU/20251007_152927.jpg,plot_023d6085c595be00fd36,wg_insects_t1_bbch10,/home/nfs/data/nvme_datasets/Pictures_CFSB_leaf_damage/2025_10_07_RSFB-Phenotyping_WG1_JLU/2025_10_07_RSFB-Phenotyping_WG1_JLU/20251007_152927.jpg,3.0,3.3548178672790527,3.0348622798919678,-0.31995561718940735,0.03486227989196777,0.35481786727905273,rank,42,single_rater_weak
2025_10_07_RSFB-Phenotyping_WG1_JLU/2025_10_07_RSFB-Phenotyping_WG1_JLU/20251007_152943.jpg,plot_fcda3dcbba709e985c4c,wg_insects_t1_bbch10,/home/nfs/data/nvme_datasets/Pictures_CFSB_leaf_damage/2025_10_07_RSFB-Phenotyping_WG1_JLU/2025_10_07_RSFB-Phenotyping_WG1_JLU/20251007_152943.jpg,2.0,3.1848273277282715,3.0047860145568848,-0.18004125356674194,1.0047860145568848,1.1848273277282715,rank,42,single_rater_weak
2025_10_07_RSFB-Phenotyping_WG1_JLU/2025_10_07_RSFB-Phenotyping_WG1_JLU/20251007_152950.jpg,plot_fcda3dcbba709e985c4c,wg_insects_t1_bbch10,/home/nfs/data/nvme_datasets/Pictures_CFSB_leaf_damage/2025_10_07_RSFB-Phenotyping_WG1_JLU/2025_10_07_RSFB-Phenotyping_WG1_JLU/20251007_152950.jpg,2.0,2.9087095260620117,3.2790207862854004,0.3703112006187439,1.2790207862854004,0.9087095260620117,rank,42,single_rater_weak
2025_10_07_RSFB-Phenotyping_WG1_JLU/2025_10_07_RSFB-Phenotyping_WG1_JLU/20251007_152957.jpg,plot_fcda3dcbba709e985c4c,wg_insects_t1_bbch10,/home/nfs/data/nvme_datasets/Pictures_CFSB_leaf_damage/2025_10_07_RSFB-Phenotyping_WG1_JLU/2025_10_07_RSFB-Phenotyping_WG1_JLU/20251007_152957.jpg,4.0,3.43560528755188,3.656200408935547,0.22059516608715057,0.3437995910644531,0.5643947124481201,rank,42,single_rater_weak
2025_10_07_RSFB-Phenotyping_WG1_JLU/2025_10_07_RSFB-Phenotyping_WG1_JLU/20251007_153023.jpg,plot_0e581537fa6e88cf3ab6,wg_insects_t1_bbch10,/home/nfs/data/nvme_datasets/Pictures_CFSB_leaf_damage/2025_10_07_RSFB-Phenotyping_WG1_JLU/2025_10_07_RSFB-Phenotyping_WG1_JLU/20251007_153023.jpg,5.0,4.314471244812012,4.963074684143066,0.6486033797264099,0.036925315856933594,0.6855287551879883,rank,42,single_rater_weak
2025_10_07_RSFB-Phenotyping_WG1_JLU/2025_10_07_RSFB-Phenotyping_WG1_JLU/20251007_153029.jpg,plot_0e581537fa6e88cf3ab6,wg_insects_t1_bbch10,/home/nfs/data/nvme_datasets/Pictures_CFSB_leaf_damage/2025_10_07_RSFB-Phenotyping_WG1_JLU/2025_10_07_RSFB-Phenotyping_WG1_JLU/20251007_153029.jpg,5.0,4.221285820007324,4.302329063415527,0.08104327321052551,0.6976709365844727,0.7787141799926758,rank,42,single_rater_weak
2025_10_07_RSFB-Phenotyping_WG1_JLU/2025_10_07_RSFB-Phenotyping_WG1_JLU/20251007_153034.jpg,plot_0e581537fa6e88cf3ab6,wg_insects_t1_bbch10,/home/nfs/data/nvme_datasets/Pictures_CFSB_leaf_damage/2025_10_07_RSFB-Phenotyping_WG1_JLU/2025_10_07_RSFB-Phenotyping_WG1_JLU/20251007_153034.jpg,4.0,3.9809694290161133,4.013638019561768,0.03266877681016922,0.013638019561767578,0.01903057098388672,rank,42,single_rater_weak
2025_10_07_RSFB-Phenotyping_WG1_JLU/2025_10_07_RSFB-Phenotyping_WG1_JLU/20251007_153107.jpg,plot_6d174de4d118fe49cb3a,wg_insects_t1_bbch10,/home/nfs/data/nvme_datasets/Pictures_CFSB_leaf_damage/2025_10_07_RSFB-Phenotyping_WG1_JLU/2025_10_07_RSFB-Phenotyping_WG1_JLU/20251007_153107.jpg,13.0,3.5068955421447754,4.223412990570068,0.7165175676345825,8.776586532592773,9.493104934692383,rank,42,single_rater_weak
2025_10_07_RSFB-Phenotyping_WG1_JLU/2025_10_07_RSFB-Phenotyping_WG1_JLU/20251007_153113.jpg,plot_6d174de4d118fe49cb3a,wg_insects_t1_bbch10,/home/nfs/data/nvme_datasets/Pictures_CFSB_leaf_damage/2025_10_07_RSFB-Phenotyping_WG1_JLU/2025_10_07_RSFB-Phenotyping_WG1_JLU/20251007_153113.jpg,7.0,5.460137367248535,5.967286109924316,0.5071487426757812,1.0327138900756836,1.5398626327514648,rank,42,single_rater_weak
2025_10_07_RSFB-Phenotyping_WG1_JLU/2025_10_07_RSFB-Phenotyping_WG1_JLU/20251007_153119.jpg,plot_6d174de4d118fe49cb3a,wg_insects_t1_bbch10,/home/nfs/data/nvme_datasets/Pictures_CFSB_leaf_damage/2025_10_07_RSFB-Phenotyping_WG1_JLU/2025_10_07_RSFB-Phenotyping_WG1_JLU/20251007_153119.jpg,8.0,6.27034854888916,7.672136306762695,1.401787519454956,0.3278636932373047,1.7296514511108398,rank,42,single_rater_weak
2025_10_07_RSFB-Phenotyping_WG1_JLU/2025_10_07_RSFB-Phenotyping_WG1_JLU/20251007_153132.jpg,plot_697daa59a67a19cf0be3,wg_insects_t1_bbch10,/home/nfs/data/nvme_datasets/Pictures_CFSB_leaf_damage/2025_10_07_RSFB-Phenotyping_WG1_JLU/2025_10_07_RSFB-Phenotyping_WG1_JLU/20251007_153132.jpg,2.0,3.0047178268432617,2.682631254196167,-0.32208651304244995,0.682631254196167,1.0047178268432617,rank,42,single_rater_weak
2025_10_07_RSFB-Phenotyping_WG1_JLU/2025_10_07_RSFB-Phenotyping_WG1_JLU/20251007_153138.jpg,plot_697daa59a67a19cf0be3,wg_insects_t1_bbch10,/home/nfs/data/nvme_datasets/Pictures_CFSB_leaf_damage/2025_10_07_RSFB-Phenotyping_WG1_JLU/2025_10_07_RSFB-Phenotyping_WG1_JLU/20251007_153138.jpg,4.0,4.276381969451904,4.238589286804199,-0.037792693823575974,0.23858928680419922,0.2763819694519043,rank,42,single_rater_weak
2025_10_07_RSFB-Phenotyping_WG1_JLU/2025_10_07_RSFB-Phenotyping_WG1_JLU/20251007_153143.jpg,plot_697daa59a67a19cf0be3,wg_insects_t1_bbch10,/home/nfs/data/nvme_datasets/Pictures_CFSB_leaf_damage/2025_10_07_RSFB-Phenotyping_WG1_JLU/2025_10_07_RSFB-Phenotyping_WG1_JLU/20251007_153143.jpg,3.0,5.105151176452637,5.8515119552612305,0.7463606595993042,2.8515119552612305,2.1051511764526367,rank,42,single_rater_weak
2025_10_07_RSFB-Phenotyping_WG1_JLU/2025_10_07_RSFB-Phenotyping_WG1_JLU/20251007_153201.jpg,plot_90dc4db5d083d59f935d,wg_insects_t1_bbch10,/home/nfs/data/nvme_datasets/Pictures_CFSB_leaf_damage/2025_10_07_RSFB-Phenotyping_WG1_JLU/2025_10_07_RSFB-Phenotyping_WG1_JLU/20251007_153201.jpg,6.0,5.904333591461182,6.1736555099487305,0.26932209730148315,0.17365550994873047,0.09566640853881836,rank,42,single_rater_weak
2025_10_07_RSFB-Phenotyping_WG1_JLU/2025_10_07_RSFB-Phenotyping_WG1_JLU/20251007_153206.jpg,plot_90dc4db5d083d59f935d,wg_insects_t1_bbch10,/home/nfs/data/nvme_datasets/Pictures_CFSB_leaf_damage/2025_10_07_RSFB-Phenotyping_WG1_JLU/2025_10_07_RSFB-Phenotyping_WG1_JLU/20251007_153206.jpg,6.0,3.125782012939453,3.6242825984954834,0.49850064516067505,2.3757174015045166,2.874217987060547,rank,42,single_rater_weak
2025_10_07_RSFB-Phenotyping_WG1_JLU/2025_10_07_RSFB-Phenotyping_WG1_JLU/20251007_153211.jpg,plot_90dc4db5d083d59f935d,wg_insects_t1_bbch10,/home/nfs/data/nvme_datasets/Pictures_CFSB_leaf_damage/2025_10_07_RSFB-Phenotyping_WG1_JLU/2025_10_07_RSFB-Phenotyping_WG1_JLU/20251007_153211.jpg,15.0,5.703639984130859,6.144307613372803,0.4406678080558777,8.855691909790039,9.29636001586914,rank,42,single_rater_weak
2025_10_07_RSFB-Phenotyping_WG1_JLU/2025_10_07_RSFB-Phenotyping_WG1_JLU/20251007_153228.jpg,plot_b36552db6b92d609e70b,wg_insects_t1_bbch10,/home/nfs/data/nvme_datasets/Pictures_CFSB_leaf_damage/2025_10_07_RSFB-Phenotyping_WG1_JLU/2025_10_07_RSFB-Phenotyping_WG1_JLU/20251007_153228.jpg,6.0,7.047576427459717,7.4143147468566895,0.366738498210907,1.4143147468566895,1.0475764274597168,rank,42,single_rater_weak
2025_10_07_RSFB-Phenotyping_WG1_JLU/2025_10_07_RSFB-Phenotyping_WG1_JLU/20251007_153233.jpg,plot_b36552db6b92d609e70b,wg_insects_t1_bbch10,/home/nfs/data/nvme_datasets/Pictures_CFSB_leaf_damage/2025_10_07_RSFB-Phenotyping_WG1_JLU/2025_10_07_RSFB-Phenotyping_WG1_JLU/20251007_153233.jpg,7.0,4.523519515991211,4.432981014251709,-0.09053827822208405,2.567018985748291,2.476480484008789,rank,42,single_rater_weak
2025_10_07_RSFB-Phenotyping_WG1_JLU/2025_10_07_RSFB-Phenotyping_WG1_JLU/20251007_153238.jpg,plot_b36552db6b92d609e70b,wg_insects_t1_bbch10,/home/nfs/data/nvme_datasets/Pictures_CFSB_leaf_damage/2025_10_07_RSFB-Phenotyping_WG1_JLU/2025_10_07_RSFB-Phenotyping_WG1_JLU/20251007_153238.jpg,14.0,9.113356590270996,9.476846694946289,0.36349013447761536,4.523153305053711,4.886643409729004,rank,42,single_rater_weak
2025_10_07_RSFB-Phenotyping_WG1_JLU/2025_10_07_RSFB-Phenotyping_WG1_JLU/20251007_153254.jpg,plot_f590de6904e8d9e8ccc1,wg_insects_t1_bbch10,/home/nfs/data/nvme_datasets/Pictures_CFSB_leaf_damage/2025_10_07_RSFB-Phenotyping_WG1_JLU/2025_10_07_RSFB-Phenotyping_WG1_JLU/20251007_153254.jpg,3.0,2.102419853210449,2.5606918334960938,0.4582720398902893,0.43930816650390625,0.8975801467895508,rank,42,single_rater_weak
2025_10_07_RSFB-Phenotyping_WG1_JLU/2025_10_07_RSFB-Phenotyping_WG1_JLU/20251007_153258.jpg,plot_f590de6904e8d9e8ccc1,wg_insects_t1_bbch10,/home/nfs/data/nvme_datasets/Pictures_CFSB_leaf_damage/2025_10_07_RSFB-Phenotyping_WG1_JLU/2025_10_07_RSFB-Phenotyping_WG1_JLU/20251007_153258.jpg,9.0,3.3655762672424316,3.311964511871338,-0.0536116361618042,5.688035488128662,5.634423732757568,rank,42,single_rater_weak
2025_10_07_RSFB-Phenotyping_WG1_JLU/2025_10_07_RSFB-Phenotyping_WG1_JLU/20251007_153303.jpg,plot_f590de6904e8d9e8ccc1,wg_insects_t1_bbch10,/home/nfs/data/nvme_datasets/Pictures_CFSB_leaf_damage/2025_10_07_RSFB-Phenotyping_WG1_JLU/2025_10_07_RSFB-Phenotyping_WG1_JLU/20251007_153303.jpg,3.0,2.1464686393737793,2.543510913848877,0.39704230427742004,0.45648908615112305,0.8535313606262207,rank,42,single_rater_weak
2025_10_07_RSFB-Phenotyping_WG1_JLU/2025_10_07_RSFB-Phenotyping_WG1_JLU/20251007_153319.jpg,plot_e61302bdc45d11dd82af,wg_insects_t1_bbch10,/home/nfs/data/nvme_datasets/Pictures_CFSB_leaf_damage/2025_10_07_RSFB-Phenotyping_WG1_JLU/2025_10_07_RSFB-Phenotyping_WG1_JLU/20251007_153319.jpg,8.0,4.719298362731934,5.232898712158203,0.51360023021698,2.767101287841797,3.2807016372680664,rank,42,single_rater_weak
2025_10_07_RSFB-Phenotyping_WG1_JLU/2025_10_07_RSFB-Phenotyping_WG1_JLU/20251007_153324.jpg,plot_e61302bdc45d11dd82af,wg_insects_t1_bbch10,/home/nfs/data/nvme_datasets/Pictures_CFSB_leaf_damage/2025_10_07_RSFB-Phenotyping_WG1_JLU/2025_10_07_RSFB-Phenotyping_WG1_JLU/20251007_153324.jpg,8.0,3.9764211177825928,4.514186382293701,0.5377653241157532,3.485813617706299,4.023578643798828,rank,42,single_rater_weak
2025_10_07_RSFB-Phenotyping_WG1_JLU/2025_10_07_RSFB-Phenotyping_WG1_JLU/20251007_153328.jpg,plot_e61302bdc45d11dd82af,wg_insects_t1_bbch10,/home/nfs/data/nvme_datasets/Pictures_CFSB_leaf_damage/2025_10_07_RSFB-Phenotyping_WG1_JLU/2025_10_07_RSFB-Phenotyping_WG1_JLU/20251007_153328.jpg,12.0,4.873581886291504,5.517073631286621,0.6434918642044067,6.482926368713379,7.126418113708496,rank,42,single_rater_weak
2025_10_07_RSFB-Phenotyping_WG1_JLU/2025_10_07_RSFB-Phenotyping_WG1_JLU/20251007_153344.jpg,plot_331dbeca01446d9747ff,wg_insects_t1_bbch10,/home/nfs/data/nvme_datasets/Pictures_CFSB_leaf_damage/2025_10_07_RSFB-Phenotyping_WG1_JLU/2025_10_07_RSFB-Phenotyping_WG1_JLU/20251007_153344.jpg,3.0,2.6702795028686523,2.702817678451538,0.032538168132305145,0.2971823215484619,0.32972049713134766,rank,42,single_rater_weak
2025_10_07_RSFB-Phenotyping_WG1_JLU/2025_10_07_RSFB-Phenotyping_WG1_JLU/20251007_153350.jpg,plot_331dbeca01446d9747ff,wg_insects_t1_bbch10,/home/nfs/data/nvme_datasets/Pictures_CFSB_leaf_damage/2025_10_07_RSFB-Phenotyping_WG1_JLU/2025_10_07_RSFB-Phenotyping_WG1_JLU/20251007_153350.jpg,5.0,3.975937843322754,4.231198310852051,0.2552604079246521,0.7688016891479492,1.024062156677246,rank,42,single_rater_weak
2025_10_07_RSFB-Phenotyping_WG1_JLU/2025_10_07_RSFB-Phenotyping_WG1_JLU/20251007_153357.jpg,plot_331dbeca01446d9747ff,wg_insects_t1_bbch10,/home/nfs/data/nvme_datasets/Pictures_CFSB_leaf_damage/2025_10_07_RSFB-Phenotyping_WG1_JLU/2025_10_07_RSFB-Phenotyping_WG1_JLU/20251007_153357.jpg,22.0,5.818587303161621,6.666863441467285,0.8482760190963745,15.333136558532715,16.181411743164062,rank,42,single_rater_weak
2025_10_07_RSFB-Phenotyping_WG1_JLU/2025_10_07_RSFB-Phenotyping_WG1_JLU/20251007_153413.jpg,plot_70ff6598dd18395bfb32,wg_insects_t1_bbch10,/home/nfs/data/nvme_datasets/Pictures_CFSB_leaf_damage/2025_10_07_RSFB-Phenotyping_WG1_JLU/2025_10_07_RSFB-Phenotyping_WG1_JLU/20251007_153413.jpg,7.0,3.4544715881347656,3.4274795055389404,-0.02699204534292221,3.5725204944610596,3.5455284118652344,rank,42,single_rater_weak
2025_10_07_RSFB-Phenotyping_WG1_JLU/2025_10_07_RSFB-Phenotyping_WG1_JLU/20251007_153419.jpg,plot_70ff6598dd18395bfb32,wg_insects_t1_bbch10,/home/nfs/data/nvme_datasets/Pictures_CFSB_leaf_damage/2025_10_07_RSFB-Phenotyping_WG1_JLU/2025_10_07_RSFB-Phenotyping_WG1_JLU/20251007_153419.jpg,12.0,5.016910552978516,5.964389324188232,0.9474789500236511,6.035610675811768,6.983089447021484,rank,42,single_rater_weak
2025_10_07_RSFB-Phenotyping_WG1_JLU/2025_10_07_RSFB-Phenotyping_WG1_JLU/20251007_153424.jpg,plot_70ff6598dd18395bfb32,wg_insects_t1_bbch10,/home/nfs/data/nvme_datasets/Pictures_CFSB_leaf_damage/2025_10_07_RSFB-Phenotyping_WG1_JLU/2025_10_07_RSFB-Phenotyping_WG1_JLU/20251007_153424.jpg,8.0,2.0426883697509766,2.351234197616577,0.3085457682609558,5.648765563964844,5.957311630249023,rank,42,single_rater_weak
2025_10_07_RSFB-Phenotyping_WG1_JLU/2025_10_07_RSFB-Phenotyping_WG1_JLU/20251007_153441.jpg,plot_2f23ef2166478075b107,wg_insects_t1_bbch10,/home/nfs/data/nvme_datasets/Pictures_CFSB_leaf_damage/2025_10_07_RSFB-Phenotyping_WG1_JLU/2025_10_07_RSFB-Phenotyping_WG1_JLU/20251007_153441.jpg,4.0,3.582038640975952,3.8505706787109375,0.2685321271419525,0.1494293212890625,0.41796135902404785,rank,42,single_rater_weak
2025_10_07_RSFB-Phenotyping_WG1_JLU/2025_10_07_RSFB-Phenotyping_WG1_JLU/20251007_153449.jpg,plot_2f23ef2166478075b107,wg_insects_t1_bbch10,/home/nfs/data/nvme_datasets/Pictures_CFSB_leaf_damage/2025_10_07_RSFB-Phenotyping_WG1_JLU/2025_10_07_RSFB-Phenotyping_WG1_JLU/20251007_153449.jpg,15.0,6.659184455871582,6.824989318847656,0.16580501198768616,8.175010681152344,8.340815544128418,rank,42,single_rater_weak
2025_10_07_RSFB-Phenotyping_WG1_JLU/2025_10_07_RSFB-Phenotyping_WG1_JLU/20251007_153454.jpg,plot_2f23ef2166478075b107,wg_insects_t1_bbch10,/home/nfs/data/nvme_datasets/Pictures_CFSB_leaf_damage/2025_10_07_RSFB-Phenotyping_WG1_JLU/2025_10_07_RSFB-Phenotyping_WG1_JLU/20251007_153454.jpg,6.0,3.2097043991088867,3.1721854209899902,-0.037519071251153946,2.8278145790100098,2.7902956008911133,rank,42,single_rater_weak
2025_10_07_RSFB-Phenotyping_WG1_JLU/2025_10_07_RSFB-Phenotyping_WG1_JLU/20251007_153513.jpg,plot_542c7ec32eea3eba1112,wg_insects_t1_bbch10,/home/nfs/data/nvme_datasets/Pictures_CFSB_leaf_damage/2025_10_07_RSFB-Phenotyping_WG1_JLU/2025_10_07_RSFB-Phenotyping_WG1_JLU/20251007_153513.jpg,3.0,5.290097713470459,5.798790454864502,0.5086928009986877,2.798790454864502,2.290097713470459,rank,42,single_rater_weak
2025_10_07_RSFB-Phenotyping_WG1_JLU/2025_10_07_RSFB-Phenotyping_WG1_JLU/20251007_153518.jpg,plot_542c7ec32eea3eba1112,wg_insects_t1_bbch10,/home/nfs/data/nvme_datasets/Pictures_CFSB_leaf_damage/2025_10_07_RSFB-Phenotyping_WG1_JLU/2025_10_07_RSFB-Phenotyping_WG1_JLU/20251007_153518.jpg,2.0,2.576162815093994,2.617004632949829,0.04084189981222153,0.6170046329498291,0.5761628150939941,rank,42,single_rater_weak
2025_10_07_RSFB-Phenotyping_WG1_JLU/2025_10_07_RSFB-Phenotyping_WG1_JLU/20251007_153523.jpg,plot_542c7ec32eea3eba1112,wg_insects_t1_bbch10,/home/nfs/data/nvme_datasets/Pictures_CFSB_leaf_damage/2025_10_07_RSFB-Phenotyping_WG1_JLU/2025_10_07_RSFB-Phenotyping_WG1_JLU/20251007_153523.jpg,4.0,4.120671272277832,4.431529998779297,0.31085851788520813,0.4315299987792969,0.12067127227783203,rank,42,single_rater_weak
2025_10_07_RSFB-Phenotyping_WG1_JLU/2025_10_07_RSFB-Phenotyping_WG1_JLU/20251007_153541.jpg,plot_951c638fa6ec8fb91316,wg_insects_t1_bbch10,/home/nfs/data/nvme_datasets/Pictures_CFSB_leaf_damage/2025_10_07_RSFB-Phenotyping_WG1_JLU/2025_10_07_RSFB-Phenotyping_WG1_JLU/20251007_153541.jpg,4.0,3.2542061805725098,2.936612129211426,-0.31759393215179443,1.0633878707885742,0.7457938194274902,rank,42,single_rater_weak
2025_10_07_RSFB-Phenotyping_WG1_JLU/2025_10_07_RSFB-Phenotyping_WG1_JLU/20251007_153546.jpg,plot_951c638fa6ec8fb91316,wg_insects_t1_bbch10,/home/nfs/data/nvme_datasets/Pictures_CFSB_leaf_damage/2025_10_07_RSFB-Phenotyping_WG1_JLU/2025_10_07_RSFB-Phenotyping_WG1_JLU/20251007_153546.jpg,5.0,3.564181327819824,3.3400304317474365,-0.22415100038051605,1.6599695682525635,1.4358186721801758,rank,42,single_rater_weak
2025_10_07_RSFB-Phenotyping_WG1_JLU/2025_10_07_RSFB-Phenotyping_WG1_JLU/20251007_153551.jpg,plot_951c638fa6ec8fb91316,wg_insects_t1_bbch10,/home/nfs/data/nvme_datasets/Pictures_CFSB_leaf_damage/2025_10_07_RSFB-Phenotyping_WG1_JLU/2025_10_07_RSFB-Phenotyping_WG1_JLU/20251007_153551.jpg,6.0,4.530287265777588,4.850525379180908,0.32023802399635315,1.1494746208190918,1.469712734222412,rank,42,single_rater_weak
2025_10_07_RSFB-Phenotyping_WG1_JLU/2025_10_07_RSFB-Phenotyping_WG1_JLU/20251007_153624.jpg,plot_8d03f76f1e8b78107651,wg_insects_t1_bbch10,/home/nfs/data/nvme_datasets/Pictures_CFSB_leaf_damage/2025_10_07_RSFB-Phenotyping_WG1_JLU/2025_10_07_RSFB-Phenotyping_WG1_JLU/20251007_153624.jpg,7.0,3.6299920082092285,3.817340135574341,0.18734818696975708,3.182659864425659,3.3700079917907715,rank,42,single_rater_weak
2025_10_07_RSFB-Phenotyping_WG1_JLU/2025_10_07_RSFB-Phenotyping_WG1_JLU/20251007_153632.jpg,plot_8d03f76f1e8b78107651,wg_insects_t1_bbch10,/home/nfs/data/nvme_datasets/Pictures_CFSB_leaf_damage/2025_10_07_RSFB-Phenotyping_WG1_JLU/2025_10_07_RSFB-Phenotyping_WG1_JLU/20251007_153632.jpg,11.0,3.0518383979797363,4.231640815734863,1.1798022985458374,6.768359184265137,7.948161602020264,rank,42,single_rater_weak
2025_10_07_RSFB-Phenotyping_WG1_JLU/2025_10_07_RSFB-Phenotyping_WG1_JLU/20251007_153638.jpg,plot_8d03f76f1e8b78107651,wg_insects_t1_bbch10,/home/nfs/data/nvme_datasets/Pictures_CFSB_leaf_damage/2025_10_07_RSFB-Phenotyping_WG1_JLU/2025_10_07_RSFB-Phenotyping_WG1_JLU/20251007_153638.jpg,12.0,2.8445491790771484,3.4027819633483887,0.5582327246665955,8.597217559814453,9.155450820922852,rank,42,single_rater_weak
2025_10_07_RSFB-Phenotyping_WG1_JLU/2025_10_07_RSFB-Phenotyping_WG1_JLU/20251007_153659.jpg,plot_97036f2854e70825a21d,wg_insects_t1_bbch10,/home/nfs/data/nvme_datasets/Pictures_CFSB_leaf_damage/2025_10_07_RSFB-Phenotyping_WG1_JLU/2025_10_07_RSFB-Phenotyping_WG1_JLU/20251007_153659.jpg,5.0,2.902060031890869,3.1592624187469482,0.25720247626304626,1.8407375812530518,2.097939968109131,rank,42,single_rater_weak
2025_10_07_RSFB-Phenotyping_WG1_JLU/2025_10_07_RSFB-Phenotyping_WG1_JLU/20251007_153706.jpg,plot_97036f2854e70825a21d,wg_insects_t1_bbch10,/home/nfs/data/nvme_datasets/Pictures_CFSB_leaf_damage/2025_10_07_RSFB-Phenotyping_WG1_JLU/2025_10_07_RSFB-Phenotyping_WG1_JLU/20251007_153706.jpg,10.0,3.453932762145996,3.7718818187713623,0.3179490268230438,6.228117942810059,6.546067237854004,rank,42,single_rater_weak
2025_10_07_RSFB-Phenotyping_WG1_JLU/2025_10_07_RSFB-Phenotyping_WG1_JLU/20251007_153717.jpg,plot_97036f2854e70825a21d,wg_insects_t1_bbch10,/home/nfs/data/nvme_datasets/Pictures_CFSB_leaf_damage/2025_10_07_RSFB-Phenotyping_WG1_JLU/2025_10_07_RSFB-Phenotyping_WG1_JLU/20251007_153717.jpg,15.0,7.535330772399902,8.325963973999023,0.7906332015991211,6.674036026000977,7.464669227600098,rank,42,single_rater_weak
2025_10_07_RSFB-Phenotyping_WG1_JLU/2025_10_07_RSFB-Phenotyping_WG1_JLU/20251007_153735.jpg,plot_a6f2c9a112e6bcc09372,wg_insects_t1_bbch10,/home/nfs/data/nvme_datasets/Pictures_CFSB_leaf_damage/2025_10_07_RSFB-Phenotyping_WG1_JLU/2025_10_07_RSFB-Phenotyping_WG1_JLU/20251007_153735.jpg,12.0,6.668320655822754,6.850934028625488,0.1826132982969284,5.149065971374512,5.331679344177246,rank,42,single_rater_weak
2025_10_07_RSFB-Phenotyping_WG1_JLU/2025_10_07_RSFB-Phenotyping_WG1_JLU/20251007_153742.jpg,plot_a6f2c9a112e6bcc09372,wg_insects_t1_bbch10,/home/nfs/data/nvme_datasets/Pictures_CFSB_leaf_damage/2025_10_07_RSFB-Phenotyping_WG1_JLU/2025_10_07_RSFB-Phenotyping_WG1_JLU/20251007_153742.jpg,6.0,6.788293838500977,6.73359489440918,-0.05469916760921478,0.7335948944091797,0.7882938385009766,rank,42,single_rater_weak
2025_10_07_RSFB-Phenotyping_WG1_JLU/2025_10_07_RSFB-Phenotyping_WG1_JLU/20251007_153748.jpg,plot_a6f2c9a112e6bcc09372,wg_insects_t1_bbch10,/home/nfs/data/nvme_datasets/Pictures_CFSB_leaf_damage/2025_10_07_RSFB-Phenotyping_WG1_JLU/2025_10_07_RSFB-Phenotyping_WG1_JLU/20251007_153748.jpg,4.0,3.2362003326416016,3.1431350708007812,-0.09306520968675613,0.8568649291992188,0.7637996673583984,rank,42,single_rater_weak
2025_10_07_RSFB-Phenotyping_WG1_JLU/2025_10_07_RSFB-Phenotyping_WG1_JLU/20251007_153807.jpg,plot_c0ea55db7db71c2492da,wg_insects_t1_bbch10,/home/nfs/data/nvme_datasets/Pictures_CFSB_leaf_damage/2025_10_07_RSFB-Phenotyping_WG1_JLU/2025_10_07_RSFB-Phenotyping_WG1_JLU/20251007_153807.jpg,19.0,7.627426624298096,7.9218010902404785,0.2943742573261261,11.07819938659668,11.372573852539062,rank,42,single_rater_weak
2025_10_07_RSFB-Phenotyping_WG1_JLU/2025_10_07_RSFB-Phenotyping_WG1_JLU/20251007_153813.jpg,plot_c0ea55db7db71c2492da,wg_insects_t1_bbch10,/home/nfs/data/nvme_datasets/Pictures_CFSB_leaf_damage/2025_10_07_RSFB-Phenotyping_WG1_JLU/2025_10_07_RSFB-Phenotyping_WG1_JLU/20251007_153813.jpg,15.0,3.8446969985961914,3.5545220375061035,-0.2901749610900879,11.445478439331055,11.155303001403809,rank,42,single_rater_weak
2025_10_07_RSFB-Phenotyping_WG1_JLU/2025_10_07_RSFB-Phenotyping_WG1_JLU/20251007_153819.jpg,plot_c0ea55db7db71c2492da,wg_insects_t1_bbch10,/home/nfs/data/nvme_datasets/Pictures_CFSB_leaf_damage/2025_10_07_RSFB-Phenotyping_WG1_JLU/2025_10_07_RSFB-Phenotyping_WG1_JLU/20251007_153819.jpg,7.0,4.762920379638672,5.009822368621826,0.2469019889831543,1.9901776313781738,2.237079620361328,rank,42,single_rater_weak
2025_10_07_RSFB-Phenotyping_WG1_JLU/2025_10_07_RSFB-Phenotyping_WG1_JLU/20251007_153837.jpg,plot_827f7f427b7b1eee5745,wg_insects_t1_bbch10,/home/nfs/data/nvme_datasets/Pictures_CFSB_leaf_damage/2025_10_07_RSFB-Phenotyping_WG1_JLU/2025_10_07_RSFB-Phenotyping_WG1_JLU/20251007_153837.jpg,8.0,4.615718841552734,4.627406120300293,0.01168740727007389,3.372593879699707,3.3842811584472656,rank,42,single_rater_weak
2025_10_07_RSFB-Phenotyping_WG1_JLU/2025_10_07_RSFB-Phenotyping_WG1_JLU/20251007_153842.jpg,plot_827f7f427b7b1eee5745,wg_insects_t1_bbch10,/home/nfs/data/nvme_datasets/Pictures_CFSB_leaf_damage/2025_10_07_RSFB-Phenotyping_WG1_JLU/2025_10_07_RSFB-Phenotyping_WG1_JLU/20251007_153842.jpg,12.0,3.747901678085327,3.3941869735717773,-0.35371458530426025,8.605813026428223,8.252098083496094,rank,42,single_rater_weak
2025_10_07_RSFB-Phenotyping_WG1_JLU/2025_10_07_RSFB-Phenotyping_WG1_JLU/20251007_153847.jpg,plot_827f7f427b7b1eee5745,wg_insects_t1_bbch10,/home/nfs/data/nvme_datasets/Pictures_CFSB_leaf_damage/2025_10_07_RSFB-Phenotyping_WG1_JLU/2025_10_07_RSFB-Phenotyping_WG1_JLU/20251007_153847.jpg,10.0,3.792609930038452,3.852247953414917,0.059638094156980515,6.147751808166504,6.207389831542969,rank,42,single_rater_weak
2025_10_07_RSFB-Phenotyping_WG1_JLU/2025_10_07_RSFB-Phenotyping_WG1_JLU/20251007_153905.jpg,plot_72102d68a67d996b7e3d,wg_insects_t1_bbch10,/home/nfs/data/nvme_datasets/Pictures_CFSB_leaf_damage/2025_10_07_RSFB-Phenotyping_WG1_JLU/2025_10_07_RSFB-Phenotyping_WG1_JLU/20251007_153905.jpg,9.0,6.496588706970215,6.566023826599121,0.06943515688180923,2.433976173400879,2.503411293029785,rank,42,single_rater_weak
2025_10_07_RSFB-Phenotyping_WG1_JLU/2025_10_07_RSFB-Phenotyping_WG1_JLU/20251007_153924.jpg,plot_72102d68a67d996b7e3d,wg_insects_t1_bbch10,/home/nfs/data/nvme_datasets/Pictures_CFSB_leaf_damage/2025_10_07_RSFB-Phenotyping_WG1_JLU/2025_10_07_RSFB-Phenotyping_WG1_JLU/20251007_153924.jpg,13.0,3.855928421020508,3.989047050476074,0.13311871886253357,9.010952949523926,9.144071578979492,rank,42,single_rater_weak
2025_10_07_RSFB-Phenotyping_WG1_JLU/2025_10_07_RSFB-Phenotyping_WG1_JLU/20251007_153930.jpg,plot_72102d68a67d996b7e3d,wg_insects_t1_bbch10,/home/nfs/data/nvme_datasets/Pictures_CFSB_leaf_damage/2025_10_07_RSFB-Phenotyping_WG1_JLU/2025_10_07_RSFB-Phenotyping_WG1_JLU/20251007_153930.jpg,4.0,2.9115238189697266,3.4581470489501953,0.5466233491897583,0.5418529510498047,1.0884761810302734,rank,42,single_rater_weak
2025_10_07_RSFB-Phenotyping_WG1_JLU/2025_10_07_RSFB-Phenotyping_WG1_JLU/20251007_153950.jpg,plot_955f23eb642201c107b7,wg_insects_t1_bbch10,/home/nfs/data/nvme_datasets/Pictures_CFSB_leaf_damage/2025_10_07_RSFB-Phenotyping_WG1_JLU/2025_10_07_RSFB-Phenotyping_WG1_JLU/20251007_153950.jpg,7.0,3.2197365760803223,2.904224157333374,-0.31551238894462585,4.095775604248047,3.7802634239196777,rank,42,single_rater_weak
2025_10_07_RSFB-Phenotyping_WG1_JLU/2025_10_07_RSFB-Phenotyping_WG1_JLU/20251007_153956.jpg,plot_955f23eb642201c107b7,wg_insects_t1_bbch10,/home/nfs/data/nvme_datasets/Pictures_CFSB_leaf_damage/2025_10_07_RSFB-Phenotyping_WG1_JLU/2025_10_07_RSFB-Phenotyping_WG1_JLU/20251007_153956.jpg,12.0,3.3089842796325684,3.2605738639831543,-0.048410311341285706,8.739425659179688,8.691015243530273,rank,42,single_rater_weak
2025_10_07_RSFB-Phenotyping_WG1_JLU/2025_10_07_RSFB-Phenotyping_WG1_JLU/20251007_154004.jpg,plot_955f23eb642201c107b7,wg_insects_t1_bbch10,/home/nfs/data/nvme_datasets/Pictures_CFSB_leaf_damage/2025_10_07_RSFB-Phenotyping_WG1_JLU/2025_10_07_RSFB-Phenotyping_WG1_JLU/20251007_154004.jpg,13.0,3.9504709243774414,4.782373428344727,0.8319026231765747,8.217626571655273,9.049529075622559,rank,42,single_rater_weak
2025_10_07_RSFB-Phenotyping_WG1_JLU/2025_10_07_RSFB-Phenotyping_WG1_JLU/20251007_154023.jpg,plot_0ae42abd57e36c46221c,wg_insects_t1_bbch10,/home/nfs/data/nvme_datasets/Pictures_CFSB_leaf_damage/2025_10_07_RSFB-Phenotyping_WG1_JLU/2025_10_07_RSFB-Phenotyping_WG1_JLU/20251007_154023.jpg,7.0,3.9061458110809326,4.074002265930176,0.16785621643066406,2.925997734069824,3.0938541889190674,rank,42,single_rater_weak
2025_10_07_RSFB-Phenotyping_WG1_JLU/2025_10_07_RSFB-Phenotyping_WG1_JLU/20251007_154028.jpg,plot_0ae42abd57e36c46221c,wg_insects_t1_bbch10,/home/nfs/data/nvme_datasets/Pictures_CFSB_leaf_damage/2025_10_07_RSFB-Phenotyping_WG1_JLU/2025_10_07_RSFB-Phenotyping_WG1_JLU/20251007_154028.jpg,16.0,5.605151653289795,6.317856311798096,0.7127046585083008,9.682144165039062,10.394847869873047,rank,42,single_rater_weak
2025_10_07_RSFB-Phenotyping_WG1_JLU/2025_10_07_RSFB-Phenotyping_WG1_JLU/20251007_154035.jpg,plot_0ae42abd57e36c46221c,wg_insects_t1_bbch10,/home/nfs/data/nvme_datasets/Pictures_CFSB_leaf_damage/2025_10_07_RSFB-Phenotyping_WG1_JLU/2025_10_07_RSFB-Phenotyping_WG1_JLU/20251007_154035.jpg,7.0,2.6282906532287598,3.4953415393829346,0.86705082654953,3.5046584606170654,4.37170934677124,rank,42,single_rater_weak
2025_10_07_RSFB-Phenotyping_WG1_JLU/2025_10_07_RSFB-Phenotyping_WG1_JLU/20251007_154052.jpg,plot_17be050207ebabc51732,wg_insects_t1_bbch10,/home/nfs/data/nvme_datasets/Pictures_CFSB_leaf_damage/2025_10_07_RSFB-Phenotyping_WG1_JLU/2025_10_07_RSFB-Phenotyping_WG1_JLU/20251007_154052.jpg,8.0,3.6675236225128174,3.589595079421997,-0.0779285803437233,4.410405158996582,4.332476615905762,rank,42,single_rater_weak
2025_10_07_RSFB-Phenotyping_WG1_JLU/2025_10_07_RSFB-Phenotyping_WG1_JLU/20251007_154057.jpg,plot_17be050207ebabc51732,wg_insects_t1_bbch10,/home/nfs/data/nvme_datasets/Pictures_CFSB_leaf_damage/2025_10_07_RSFB-Phenotyping_WG1_JLU/2025_10_07_RSFB-Phenotyping_WG1_JLU/20251007_154057.jpg,4.0,3.102511405944824,3.7814841270446777,0.6789727210998535,0.21851587295532227,0.8974885940551758,rank,42,single_rater_weak
2025_10_07_RSFB-Phenotyping_WG1_JLU/2025_10_07_RSFB-Phenotyping_WG1_JLU/20251007_154103.jpg,plot_17be050207ebabc51732,wg_insects_t1_bbch10,/home/nfs/data/nvme_datasets/Pictures_CFSB_leaf_damage/2025_10_07_RSFB-Phenotyping_WG1_JLU/2025_10_07_RSFB-Phenotyping_WG1_JLU/20251007_154103.jpg,11.0,3.8916051387786865,4.164735317230225,0.2731303572654724,6.835264682769775,7.108394622802734,rank,42,single_rater_weak
2025_10_07_RSFB-Phenotyping_WG1_JLU/2025_10_07_RSFB-Phenotyping_WG1_JLU/20251007_154121.jpg,plot_00616806e795c4926dac,wg_insects_t1_bbch10,/home/nfs/data/nvme_datasets/Pictures_CFSB_leaf_damage/2025_10_07_RSFB-Phenotyping_WG1_JLU/2025_10_07_RSFB-Phenotyping_WG1_JLU/20251007_154121.jpg,8.0,2.1435790061950684,2.6242897510528564,0.48071083426475525,5.375710487365723,5.856420993804932,rank,42,single_rater_weak
2025_10_07_RSFB-Phenotyping_WG1_JLU/2025_10_07_RSFB-Phenotyping_WG1_JLU/20251007_154126.jpg,plot_00616806e795c4926dac,wg_insects_t1_bbch10,/home/nfs/data/nvme_datasets/Pictures_CFSB_leaf_damage/2025_10_07_RSFB-Phenotyping_WG1_JLU/2025_10_07_RSFB-Phenotyping_WG1_JLU/20251007_154126.jpg,9.0,2.4565248489379883,3.1637625694274902,0.7072376012802124,5.83623743057251,6.543475151062012,rank,42,single_rater_weak
2025_10_07_RSFB-Phenotyping_WG1_JLU/2025_10_07_RSFB-Phenotyping_WG1_JLU/20251007_154130.jpg,plot_00616806e795c4926dac,wg_insects_t1_bbch10,/home/nfs/data/nvme_datasets/Pictures_CFSB_leaf_damage/2025_10_07_RSFB-Phenotyping_WG1_JLU/2025_10_07_RSFB-Phenotyping_WG1_JLU/20251007_154130.jpg,13.0,3.1821722984313965,3.6617114543914795,0.4795391857624054,9.338288307189941,9.817827224731445,rank,42,single_rater_weak
2025_10_07_RSFB-Phenotyping_WG1_JLU/2025_10_07_RSFB-Phenotyping_WG1_JLU/20251007_154146.jpg,plot_712ccf79133e6a449732,wg_insects_t1_bbch10,/home/nfs/data/nvme_datasets/Pictures_CFSB_leaf_damage/2025_10_07_RSFB-Phenotyping_WG1_JLU/2025_10_07_RSFB-Phenotyping_WG1_JLU/20251007_154146.jpg,7.0,2.2381439208984375,2.3622543811798096,0.12411054968833923,4.6377458572387695,4.7618560791015625,rank,42,single_rater_weak
2025_10_07_RSFB-Phenotyping_WG1_JLU/2025_10_07_RSFB-Phenotyping_WG1_JLU/20251007_154153.jpg,plot_712ccf79133e6a449732,wg_insects_t1_bbch10,/home/nfs/data/nvme_datasets/Pictures_CFSB_leaf_damage/2025_10_07_RSFB-Phenotyping_WG1_JLU/2025_10_07_RSFB-Phenotyping_WG1_JLU/20251007_154153.jpg,8.0,1.6754851341247559,1.7147822380065918,0.03929716348648071,6.285217761993408,6.324514865875244,rank,42,single_rater_weak
2025_10_07_RSFB-Phenotyping_WG1_JLU/2025_10_07_RSFB-Phenotyping_WG1_JLU/20251007_154159.jpg,plot_712ccf79133e6a449732,wg_insects_t1_bbch10,/home/nfs/data/nvme_datasets/Pictures_CFSB_leaf_damage/2025_10_07_RSFB-Phenotyping_WG1_JLU/2025_10_07_RSFB-Phenotyping_WG1_JLU/20251007_154159.jpg,11.0,3.123018741607666,2.9809000492095947,-0.14211878180503845,8.019100189208984,7.876981258392334,rank,42,single_rater_weak
2025_10_07_RSFB-Phenotyping_WG1_JLU/2025_10_07_RSFB-Phenotyping_WG1_JLU/20251007_154221.jpg,plot_367d991e5c388db77837,wg_insects_t1_bbch10,/home/nfs/data/nvme_datasets/Pictures_CFSB_leaf_damage/2025_10_07_RSFB-Phenotyping_WG1_JLU/2025_10_07_RSFB-Phenotyping_WG1_JLU/20251007_154221.jpg,9.0,3.0164132118225098,3.5449812412261963,0.5285680890083313,5.455018997192383,5.98358678817749,rank,42,single_rater_weak
2025_10_07_RSFB-Phenotyping_WG1_JLU/2025_10_07_RSFB-Phenotyping_WG1_JLU/20251007_154227.jpg,plot_367d991e5c388db77837,wg_insects_t1_bbch10,/home/nfs/data/nvme_datasets/Pictures_CFSB_leaf_damage/2025_10_07_RSFB-Phenotyping_WG1_JLU/2025_10_07_RSFB-Phenotyping_WG1_JLU/20251007_154227.jpg,15.0,2.9962663650512695,3.3376994132995605,0.34143301844596863,11.662300109863281,12.00373363494873,rank,42,single_rater_weak
2025_10_07_RSFB-Phenotyping_WG1_JLU/2025_10_07_RSFB-Phenotyping_WG1_JLU/20251007_154233.jpg,plot_367d991e5c388db77837,wg_insects_t1_bbch10,/home/nfs/data/nvme_datasets/Pictures_CFSB_leaf_damage/2025_10_07_RSFB-Phenotyping_WG1_JLU/2025_10_07_RSFB-Phenotyping_WG1_JLU/20251007_154233.jpg,4.0,3.1531553268432617,3.125091552734375,-0.02806367538869381,0.874908447265625,0.8468446731567383,rank,42,single_rater_weak
2025_10_07_RSFB-Phenotyping_WG1_JLU/2025_10_07_RSFB-Phenotyping_WG1_JLU/20251007_154249.jpg,plot_92d6e3a3e8d4422f3a87,wg_insects_t1_bbch10,/home/nfs/data/nvme_datasets/Pictures_CFSB_leaf_damage/2025_10_07_RSFB-Phenotyping_WG1_JLU/2025_10_07_RSFB-Phenotyping_WG1_JLU/20251007_154249.jpg,1.0,4.8203654289245605,6.2029643058776855,1.3825989961624146,5.2029643058776855,3.8203654289245605,rank,42,single_rater_weak
2025_10_07_RSFB-Phenotyping_WG1_JLU/2025_10_07_RSFB-Phenotyping_WG1_JLU/20251007_154254.jpg,plot_92d6e3a3e8d4422f3a87,wg_insects_t1_bbch10,/home/nfs/data/nvme_datasets/Pictures_CFSB_leaf_damage/2025_10_07_RSFB-Phenotyping_WG1_JLU/2025_10_07_RSFB-Phenotyping_WG1_JLU/20251007_154254.jpg,4.0,4.088726997375488,4.220100402832031,0.1313735693693161,0.22010040283203125,0.08872699737548828,rank,42,single_rater_weak
2025_10_07_RSFB-Phenotyping_WG1_JLU/2025_10_07_RSFB-Phenotyping_WG1_JLU/20251007_154259.jpg,plot_92d6e3a3e8d4422f3a87,wg_insects_t1_bbch10,/home/nfs/data/nvme_datasets/Pictures_CFSB_leaf_damage/2025_10_07_RSFB-Phenotyping_WG1_JLU/2025_10_07_RSFB-Phenotyping_WG1_JLU/20251007_154259.jpg,5.0,3.032540798187256,3.52128529548645,0.48874449729919434,1.4787147045135498,1.9674592018127441,rank,42,single_rater_weak
2025_10_07_RSFB-Phenotyping_WG1_JLU/2025_10_07_RSFB-Phenotyping_WG1_JLU/20251007_154316.jpg,plot_e055152a3eb1fb23ae7c,wg_insects_t1_bbch10,/home/nfs/data/nvme_datasets/Pictures_CFSB_leaf_damage/2025_10_07_RSFB-Phenotyping_WG1_JLU/2025_10_07_RSFB-Phenotyping_WG1_JLU/20251007_154316.jpg,3.0,3.2865467071533203,2.8704607486724854,-0.4160858988761902,0.12953925132751465,0.2865467071533203,rank,42,single_rater_weak
2025_10_07_RSFB-Phenotyping_WG1_JLU/2025_10_07_RSFB-Phenotyping_WG1_JLU/20251007_154321.jpg,plot_e055152a3eb1fb23ae7c,wg_insects_t1_bbch10,/home/nfs/data/nvme_datasets/Pictures_CFSB_leaf_damage/2025_10_07_RSFB-Phenotyping_WG1_JLU/2025_10_07_RSFB-Phenotyping_WG1_JLU/20251007_154321.jpg,3.0,3.1547679901123047,2.812363386154175,-0.34240469336509705,0.1876366138458252,0.1547679901123047,rank,42,single_rater_weak
2025_10_07_RSFB-Phenotyping_WG1_JLU/2025_10_07_RSFB-Phenotyping_WG1_JLU/20251007_154326.jpg,plot_e055152a3eb1fb23ae7c,wg_insects_t1_bbch10,/home/nfs/data/nvme_datasets/Pictures_CFSB_leaf_damage/2025_10_07_RSFB-Phenotyping_WG1_JLU/2025_10_07_RSFB-Phenotyping_WG1_JLU/20251007_154326.jpg,7.0,3.551927328109741,3.83333420753479,0.2814069092273712,3.16666579246521,3.448072671890259,rank,42,single_rater_weak
2025_10_07_RSFB-Phenotyping_WG1_JLU/2025_10_07_RSFB-Phenotyping_WG1_JLU/20251007_154343.jpg,plot_68d276b5791acd0e0848,wg_insects_t1_bbch10,/home/nfs/data/nvme_datasets/Pictures_CFSB_leaf_damage/2025_10_07_RSFB-Phenotyping_WG1_JLU/2025_10_07_RSFB-Phenotyping_WG1_JLU/20251007_154343.jpg,12.0,5.283470630645752,5.598805904388428,0.31533512473106384,6.401194095611572,6.716529369354248,rank,42,single_rater_weak
2025_10_07_RSFB-Phenotyping_WG1_JLU/2025_10_07_RSFB-Phenotyping_WG1_JLU/20251007_154348.jpg,plot_68d276b5791acd0e0848,wg_insects_t1_bbch10,/home/nfs/data/nvme_datasets/Pictures_CFSB_leaf_damage/2025_10_07_RSFB-Phenotyping_WG1_JLU/2025_10_07_RSFB-Phenotyping_WG1_JLU/20251007_154348.jpg,3.0,3.811810255050659,3.8887264728546143,0.07691614329814911,0.8887264728546143,0.8118102550506592,rank,42,single_rater_weak
2025_10_07_RSFB-Phenotyping_WG1_JLU/2025_10_07_RSFB-Phenotyping_WG1_JLU/20251007_154355.jpg,plot_68d276b5791acd0e0848,wg_insects_t1_bbch10,/home/nfs/data/nvme_datasets/Pictures_CFSB_leaf_damage/2025_10_07_RSFB-Phenotyping_WG1_JLU/2025_10_07_RSFB-Phenotyping_WG1_JLU/20251007_154355.jpg,17.0,14.696212768554688,14.747838973999023,0.051626283675432205,2.2521610260009766,2.3037872314453125,rank,42,single_rater_weak
2025_10_07_RSFB-Phenotyping_WG1_JLU/2025_10_07_RSFB-Phenotyping_WG1_JLU/20251007_154411.jpg,plot_b2899f4cd19706a8e36f,wg_insects_t1_bbch10,/home/nfs/data/nvme_datasets/Pictures_CFSB_leaf_damage/2025_10_07_RSFB-Phenotyping_WG1_JLU/2025_10_07_RSFB-Phenotyping_WG1_JLU/20251007_154411.jpg,5.0,3.337380886077881,2.9298486709594727,-0.4075321555137634,2.0701513290405273,1.6626191139221191,rank,42,single_rater_weak
2025_10_07_RSFB-Phenotyping_WG1_JLU/2025_10_07_RSFB-Phenotyping_WG1_JLU/20251007_154419.jpg,plot_b2899f4cd19706a8e36f,wg_insects_t1_bbch10,/home/nfs/data/nvme_datasets/Pictures_CFSB_leaf_damage/2025_10_07_RSFB-Phenotyping_WG1_JLU/2025_10_07_RSFB-Phenotyping_WG1_JLU/20251007_154419.jpg,7.0,4.78533935546875,4.98451042175293,0.1991710215806961,2.0154895782470703,2.21466064453125,rank,42,single_rater_weak
2025_10_07_RSFB-Phenotyping_WG1_JLU/2025_10_07_RSFB-Phenotyping_WG1_JLU/20251007_154425.jpg,plot_b2899f4cd19706a8e36f,wg_insects_t1_bbch10,/home/nfs/data/nvme_datasets/Pictures_CFSB_leaf_damage/2025_10_07_RSFB-Phenotyping_WG1_JLU/2025_10_07_RSFB-Phenotyping_WG1_JLU/20251007_154425.jpg,19.0,5.435991287231445,5.6299147605896,0.19392327964305878,13.370084762573242,13.564008712768555,rank,42,single_rater_weak
2025_10_07_RSFB-Phenotyping_WG1_JLU/2025_10_07_RSFB-Phenotyping_WG1_JLU/20251007_154441.jpg,plot_8e7bddd72f5819e6bfbd,wg_insects_t1_bbch10,/home/nfs/data/nvme_datasets/Pictures_CFSB_leaf_damage/2025_10_07_RSFB-Phenotyping_WG1_JLU/2025_10_07_RSFB-Phenotyping_WG1_JLU/20251007_154441.jpg,4.0,3.703220844268799,3.4101459980010986,-0.2930748760700226,0.5898540019989014,0.29677915573120117,rank,42,single_rater_weak
2025_10_07_RSFB-Phenotyping_WG1_JLU/2025_10_07_RSFB-Phenotyping_WG1_JLU/20251007_154447.jpg,plot_8e7bddd72f5819e6bfbd,wg_insects_t1_bbch10,/home/nfs/data/nvme_datasets/Pictures_CFSB_leaf_damage/2025_10_07_RSFB-Phenotyping_WG1_JLU/2025_10_07_RSFB-Phenotyping_WG1_JLU/20251007_154447.jpg,3.0,3.667447805404663,3.6034998893737793,-0.06394779682159424,0.6034998893737793,0.6674478054046631,rank,42,single_rater_weak
2025_10_07_RSFB-Phenotyping_WG1_JLU/2025_10_07_RSFB-Phenotyping_WG1_JLU/20251007_154452.jpg,plot_8e7bddd72f5819e6bfbd,wg_insects_t1_bbch10,/home/nfs/data/nvme_datasets/Pictures_CFSB_leaf_damage/2025_10_07_RSFB-Phenotyping_WG1_JLU/2025_10_07_RSFB-Phenotyping_WG1_JLU/20251007_154452.jpg,22.0,8.206913948059082,8.3244047164917,0.11749111115932465,13.6755952835083,13.793086051940918,rank,42,single_rater_weak
2025_10_07_RSFB-Phenotyping_WG1_JLU/2025_10_07_RSFB-Phenotyping_WG1_JLU/20251007_154510.jpg,plot_762e5eaff9e54eb0c31b,wg_insects_t1_bbch10,/home/nfs/data/nvme_datasets/Pictures_CFSB_leaf_damage/2025_10_07_RSFB-Phenotyping_WG1_JLU/2025_10_07_RSFB-Phenotyping_WG1_JLU/20251007_154510.jpg,28.0,5.9890456199646,6.775407314300537,0.786361575126648,21.224592208862305,22.010953903198242,rank,42,single_rater_weak
2025_10_07_RSFB-Phenotyping_WG1_JLU/2025_10_07_RSFB-Phenotyping_WG1_JLU/20251007_154516.jpg,plot_762e5eaff9e54eb0c31b,wg_insects_t1_bbch10,/home/nfs/data/nvme_datasets/Pictures_CFSB_leaf_damage/2025_10_07_RSFB-Phenotyping_WG1_JLU/2025_10_07_RSFB-Phenotyping_WG1_JLU/20251007_154516.jpg,17.0,3.083113193511963,3.6124653816223145,0.5293523073196411,13.387535095214844,13.916887283325195,rank,42,single_rater_weak
2025_10_07_RSFB-Phenotyping_WG1_JLU/2025_10_07_RSFB-Phenotyping_WG1_JLU/20251007_154522.jpg,plot_762e5eaff9e54eb0c31b,wg_insects_t1_bbch10,/home/nfs/data/nvme_datasets/Pictures_CFSB_leaf_damage/2025_10_07_RSFB-Phenotyping_WG1_JLU/2025_10_07_RSFB-Phenotyping_WG1_JLU/20251007_154522.jpg,8.0,7.386135101318359,7.871578693389893,0.4854436218738556,0.12842130661010742,0.6138648986816406,rank,42,single_rater_weak
2025_10_07_RSFB-Phenotyping_WG1_JLU/2025_10_07_RSFB-Phenotyping_WG1_JLU/20251007_154539.jpg,plot_8ce0028acd070e45bd69,wg_insects_t1_bbch10,/home/nfs/data/nvme_datasets/Pictures_CFSB_leaf_damage/2025_10_07_RSFB-Phenotyping_WG1_JLU/2025_10_07_RSFB-Phenotyping_WG1_JLU/20251007_154539.jpg,4.0,2.7614049911499023,2.9496941566467285,0.1882891058921814,1.0503058433532715,1.2385950088500977,rank,42,single_rater_weak
2025_10_07_RSFB-Phenotyping_WG1_JLU/2025_10_07_RSFB-Phenotyping_WG1_JLU/20251007_154544.jpg,plot_8ce0028acd070e45bd69,wg_insects_t1_bbch10,/home/nfs/data/nvme_datasets/Pictures_CFSB_leaf_damage/2025_10_07_RSFB-Phenotyping_WG1_JLU/2025_10_07_RSFB-Phenotyping_WG1_JLU/20251007_154544.jpg,10.0,7.888331890106201,8.433159828186035,0.5448280572891235,1.5668401718139648,2.111668109893799,rank,42,single_rater_weak
2025_10_07_RSFB-Phenotyping_WG1_JLU/2025_10_07_RSFB-Phenotyping_WG1_JLU/20251007_154553.jpg,plot_8ce0028acd070e45bd69,wg_insects_t1_bbch10,/home/nfs/data/nvme_datasets/Pictures_CFSB_leaf_damage/2025_10_07_RSFB-Phenotyping_WG1_JLU/2025_10_07_RSFB-Phenotyping_WG1_JLU/20251007_154553.jpg,30.0,8.780308723449707,9.058378219604492,0.2780691981315613,20.941621780395508,21.21969223022461,rank,42,single_rater_weak
2025_10_07_RSFB-Phenotyping_WG1_JLU/2025_10_07_RSFB-Phenotyping_WG1_JLU/20251007_154610.jpg,plot_0cee1028a7bb97e81cda,wg_insects_t1_bbch10,/home/nfs/data/nvme_datasets/Pictures_CFSB_leaf_damage/2025_10_07_RSFB-Phenotyping_WG1_JLU/2025_10_07_RSFB-Phenotyping_WG1_JLU/20251007_154610.jpg,3.0,4.735837936401367,5.158659934997559,0.4228218197822571,2.1586599349975586,1.7358379364013672,rank,42,single_rater_weak
2025_10_07_RSFB-Phenotyping_WG1_JLU/2025_10_07_RSFB-Phenotyping_WG1_JLU/20251007_154614.jpg,plot_0cee1028a7bb97e81cda,wg_insects_t1_bbch10,/home/nfs/data/nvme_datasets/Pictures_CFSB_leaf_damage/2025_10_07_RSFB-Phenotyping_WG1_JLU/2025_10_07_RSFB-Phenotyping_WG1_JLU/20251007_154614.jpg,18.0,3.890334129333496,4.263500213623047,0.37316620349884033,13.736499786376953,14.109665870666504,rank,42,single_rater_weak
2025_10_07_RSFB-Phenotyping_WG1_JLU/2025_10_07_RSFB-Phenotyping_WG1_JLU/20251007_154620.jpg,plot_0cee1028a7bb97e81cda,wg_insects_t1_bbch10,/home/nfs/data/nvme_datasets/Pictures_CFSB_leaf_damage/2025_10_07_RSFB-Phenotyping_WG1_JLU/2025_10_07_RSFB-Phenotyping_WG1_JLU/20251007_154620.jpg,27.0,3.9542765617370605,4.425899028778076,0.47162240743637085,22.574100494384766,23.04572296142578,rank,42,single_rater_weak
2025_10_07_RSFB-Phenotyping_WG1_JLU/2025_10_07_RSFB-Phenotyping_WG1_JLU/20251007_154638.jpg,plot_b18e82c06eea92ccde98,wg_insects_t1_bbch10,/home/nfs/data/nvme_datasets/Pictures_CFSB_leaf_damage/2025_10_07_RSFB-Phenotyping_WG1_JLU/2025_10_07_RSFB-Phenotyping_WG1_JLU/20251007_154638.jpg,5.0,3.2401585578918457,3.0201408863067627,-0.22001756727695465,1.9798591136932373,1.7598414421081543,rank,42,single_rater_weak
2025_10_07_RSFB-Phenotyping_WG1_JLU/2025_10_07_RSFB-Phenotyping_WG1_JLU/20251007_154643.jpg,plot_b18e82c06eea92ccde98,wg_insects_t1_bbch10,/home/nfs/data/nvme_datasets/Pictures_CFSB_leaf_damage/2025_10_07_RSFB-Phenotyping_WG1_JLU/2025_10_07_RSFB-Phenotyping_WG1_JLU/20251007_154643.jpg,10.0,9.8367919921875,10.525838851928711,0.6890465021133423,0.5258388519287109,0.1632080078125,rank,42,single_rater_weak
2025_10_07_RSFB-Phenotyping_WG1_JLU/2025_10_07_RSFB-Phenotyping_WG1_JLU/20251007_154649.jpg,plot_b18e82c06eea92ccde98,wg_insects_t1_bbch10,/home/nfs/data/nvme_datasets/Pictures_CFSB_leaf_damage/2025_10_07_RSFB-Phenotyping_WG1_JLU/2025_10_07_RSFB-Phenotyping_WG1_JLU/20251007_154649.jpg,30.0,13.529685974121094,14.38237190246582,0.8526858687400818,15.61762809753418,16.470314025878906,rank,42,single_rater_weak
2025_10_07_RSFB-Phenotyping_WG1_JLU/2025_10_07_RSFB-Phenotyping_WG1_JLU/20251007_154709.jpg,plot_bbf0f1e0cf8f3bba20c3,wg_insects_t1_bbch10,/home/nfs/data/nvme_datasets/Pictures_CFSB_leaf_damage/2025_10_07_RSFB-Phenotyping_WG1_JLU/2025_10_07_RSFB-Phenotyping_WG1_JLU/20251007_154709.jpg,4.0,0.8159232139587402,1.5964128971099854,0.7804897427558899,2.4035871028900146,3.1840767860412598,rank,42,single_rater_weak
2025_10_07_RSFB-Phenotyping_WG1_JLU/2025_10_07_RSFB-Phenotyping_WG1_JLU/20251007_154714.jpg,plot_bbf0f1e0cf8f3bba20c3,wg_insects_t1_bbch10,/home/nfs/data/nvme_datasets/Pictures_CFSB_leaf_damage/2025_10_07_RSFB-Phenotyping_WG1_JLU/2025_10_07_RSFB-Phenotyping_WG1_JLU/20251007_154714.jpg,8.0,4.045732021331787,3.9806618690490723,-0.06507013738155365,4.019338130950928,3.954267978668213,rank,42,single_rater_weak
2025_10_07_RSFB-Phenotyping_WG1_JLU/2025_10_07_RSFB-Phenotyping_WG1_JLU/20251007_154720.jpg,plot_bbf0f1e0cf8f3bba20c3,wg_insects_t1_bbch10,/home/nfs/data/nvme_datasets/Pictures_CFSB_leaf_damage/2025_10_07_RSFB-Phenotyping_WG1_JLU/2025_10_07_RSFB-Phenotyping_WG1_JLU/20251007_154720.jpg,15.0,5.7551493644714355,6.1660661697387695,0.410916805267334,8.83393383026123,9.244850158691406,rank,42,single_rater_weak
2025_10_07_RSFB-Phenotyping_WG1_JLU/2025_10_07_RSFB-Phenotyping_WG1_JLU/20251007_154737.jpg,plot_fb3b769f0300c33e5aca,wg_insects_t1_bbch10,/home/nfs/data/nvme_datasets/Pictures_CFSB_leaf_damage/2025_10_07_RSFB-Phenotyping_WG1_JLU/2025_10_07_RSFB-Phenotyping_WG1_JLU/20251007_154737.jpg,7.0,5.499684810638428,6.992889404296875,1.4932047128677368,0.007110595703125,1.5003151893615723,rank,42,single_rater_weak
2025_10_07_RSFB-Phenotyping_WG1_JLU/2025_10_07_RSFB-Phenotyping_WG1_JLU/20251007_154742.jpg,plot_fb3b769f0300c33e5aca,wg_insects_t1_bbch10,/home/nfs/data/nvme_datasets/Pictures_CFSB_leaf_damage/2025_10_07_RSFB-Phenotyping_WG1_JLU/2025_10_07_RSFB-Phenotyping_WG1_JLU/20251007_154742.jpg,7.0,5.911993503570557,6.290489673614502,0.37849608063697815,0.709510326385498,1.0880064964294434,rank,42,single_rater_weak
2025_10_07_RSFB-Phenotyping_WG1_JLU/2025_10_07_RSFB-Phenotyping_WG1_JLU/20251007_154747.jpg,plot_fb3b769f0300c33e5aca,wg_insects_t1_bbch10,/home/nfs/data/nvme_datasets/Pictures_CFSB_leaf_damage/2025_10_07_RSFB-Phenotyping_WG1_JLU/2025_10_07_RSFB-Phenotyping_WG1_JLU/20251007_154747.jpg,3.0,5.099639892578125,5.797619819641113,0.6979799270629883,2.7976198196411133,2.099639892578125,rank,42,single_rater_weak
2025_10_07_RSFB-Phenotyping_WG1_JLU/2025_10_07_RSFB-Phenotyping_WG1_JLU/20251007_154805.jpg,plot_02cfa6891f01f3d5231b,wg_insects_t1_bbch10,/home/nfs/data/nvme_datasets/Pictures_CFSB_leaf_damage/2025_10_07_RSFB-Phenotyping_WG1_JLU/2025_10_07_RSFB-Phenotyping_WG1_JLU/20251007_154805.jpg,21.0,4.334228992462158,5.170274257659912,0.8360450863838196,15.82972526550293,16.665771484375,rank,42,single_rater_weak
2025_10_07_RSFB-Phenotyping_WG1_JLU/2025_10_07_RSFB-Phenotyping_WG1_JLU/20251007_154810.jpg,plot_02cfa6891f01f3d5231b,wg_insects_t1_bbch10,/home/nfs/data/nvme_datasets/Pictures_CFSB_leaf_damage/2025_10_07_RSFB-Phenotyping_WG1_JLU/2025_10_07_RSFB-Phenotyping_WG1_JLU/20251007_154810.jpg,5.0,5.16230583190918,5.743466377258301,0.581160306930542,0.7434663772583008,0.1623058319091797,rank,42,single_rater_weak
2025_10_07_RSFB-Phenotyping_WG1_JLU/2025_10_07_RSFB-Phenotyping_WG1_JLU/20251007_154814.jpg,plot_02cfa6891f01f3d5231b,wg_insects_t1_bbch10,/home/nfs/data/nvme_datasets/Pictures_CFSB_leaf_damage/2025_10_07_RSFB-Phenotyping_WG1_JLU/2025_10_07_RSFB-Phenotyping_WG1_JLU/20251007_154814.jpg,8.0,6.819064140319824,7.40117073059082,0.5821067094802856,0.5988292694091797,1.1809358596801758,rank,42,single_rater_weak
2025_10_07_RSFB-Phenotyping_WG1_JLU/2025_10_07_RSFB-Phenotyping_WG1_JLU/20251007_154833.jpg,plot_2b1aa70660abe9827eb1,wg_insects_t1_bbch10,/home/nfs/data/nvme_datasets/Pictures_CFSB_leaf_damage/2025_10_07_RSFB-Phenotyping_WG1_JLU/2025_10_07_RSFB-Phenotyping_WG1_JLU/20251007_154833.jpg,6.0,6.6292405128479,7.0862884521484375,0.4570479691028595,1.0862884521484375,0.6292405128479004,rank,42,single_rater_weak
2025_10_07_RSFB-Phenotyping_WG1_JLU/2025_10_07_RSFB-Phenotyping_WG1_JLU/20251007_154837.jpg,plot_2b1aa70660abe9827eb1,wg_insects_t1_bbch10,/home/nfs/data/nvme_datasets/Pictures_CFSB_leaf_damage/2025_10_07_RSFB-Phenotyping_WG1_JLU/2025_10_07_RSFB-Phenotyping_WG1_JLU/20251007_154837.jpg,8.0,7.675398349761963,7.8313117027282715,0.15591326355934143,0.16868829727172852,0.3246016502380371,rank,42,single_rater_weak
2025_10_07_RSFB-Phenotyping_WG1_JLU/2025_10_07_RSFB-Phenotyping_WG1_JLU/20251007_154842.jpg,plot_2b1aa70660abe9827eb1,wg_insects_t1_bbch10,/home/nfs/data/nvme_datasets/Pictures_CFSB_leaf_damage/2025_10_07_RSFB-Phenotyping_WG1_JLU/2025_10_07_RSFB-Phenotyping_WG1_JLU/20251007_154842.jpg,4.0,4.466029167175293,4.880738735198975,0.4147096872329712,0.8807387351989746,0.46602916717529297,rank,42,single_rater_weak
2025_10_07_RSFB-Phenotyping_WG1_JLU/2025_10_07_RSFB-Phenotyping_WG1_JLU/20251007_154859.jpg,plot_e12754ee189808186c04,wg_insects_t1_bbch10,/home/nfs/data/nvme_datasets/Pictures_CFSB_leaf_damage/2025_10_07_RSFB-Phenotyping_WG1_JLU/2025_10_07_RSFB-Phenotyping_WG1_JLU/20251007_154859.jpg,3.0,2.751718521118164,3.071519136428833,0.31980064511299133,0.07151913642883301,0.24828147888183594,rank,42,single_rater_weak
2025_10_07_RSFB-Phenotyping_WG1_JLU/2025_10_07_RSFB-Phenotyping_WG1_JLU/20251007_154903.jpg,plot_e12754ee189808186c04,wg_insects_t1_bbch10,/home/nfs/data/nvme_datasets/Pictures_CFSB_leaf_damage/2025_10_07_RSFB-Phenotyping_WG1_JLU/2025_10_07_RSFB-Phenotyping_WG1_JLU/20251007_154903.jpg,2.0,3.0341262817382812,2.9769999980926514,-0.057126276195049286,0.9769999980926514,1.0341262817382812,rank,42,single_rater_weak
2025_10_07_RSFB-Phenotyping_WG1_JLU/2025_10_07_RSFB-Phenotyping_WG1_JLU/20251007_154908.jpg,plot_e12754ee189808186c04,wg_insects_t1_bbch10,/home/nfs/data/nvme_datasets/Pictures_CFSB_leaf_damage/2025_10_07_RSFB-Phenotyping_WG1_JLU/2025_10_07_RSFB-Phenotyping_WG1_JLU/20251007_154908.jpg,6.0,8.942708015441895,9.719778060913086,0.7770702838897705,3.719778060913086,2.9427080154418945,rank,42,single_rater_weak
2025_10_07_RSFB-Phenotyping_WG1_JLU/2025_10_07_RSFB-Phenotyping_WG1_JLU/20251007_154926.jpg,plot_e91d97ecd146606e2c8d,wg_insects_t1_bbch10,/home/nfs/data/nvme_datasets/Pictures_CFSB_leaf_damage/2025_10_07_RSFB-Phenotyping_WG1_JLU/2025_10_07_RSFB-Phenotyping_WG1_JLU/20251007_154926.jpg,2.0,3.419471263885498,3.327479124069214,-0.09199218451976776,1.3274791240692139,1.419471263885498,rank,42,single_rater_weak
2025_10_07_RSFB-Phenotyping_WG1_JLU/2025_10_07_RSFB-Phenotyping_WG1_JLU/20251007_154932.jpg,plot_e91d97ecd146606e2c8d,wg_insects_t1_bbch10,/home/nfs/data/nvme_datasets/Pictures_CFSB_leaf_damage/2025_10_07_RSFB-Phenotyping_WG1_JLU/2025_10_07_RSFB-Phenotyping_WG1_JLU/20251007_154932.jpg,3.0,4.723981857299805,5.486972808837891,0.7629910707473755,2.4869728088378906,1.7239818572998047,rank,42,single_rater_weak
2025_10_07_RSFB-Phenotyping_WG1_JLU/2025_10_07_RSFB-Phenotyping_WG1_JLU/20251007_154939.jpg,plot_e91d97ecd146606e2c8d,wg_insects_t1_bbch10,/home/nfs/data/nvme_datasets/Pictures_CFSB_leaf_damage/2025_10_07_RSFB-Phenotyping_WG1_JLU/2025_10_07_RSFB-Phenotyping_WG1_JLU/20251007_154939.jpg,9.0,4.18705940246582,4.705141544342041,0.5180821418762207,4.294858455657959,4.81294059753418,rank,42,single_rater_weak
2025_10_07_RSFB-Phenotyping_WG1_JLU/2025_10_07_RSFB-Phenotyping_WG1_JLU/20251007_154956.jpg,plot_71bf9937ab72933ae979,wg_insects_t1_bbch10,/home/nfs/data/nvme_datasets/Pictures_CFSB_leaf_damage/2025_10_07_RSFB-Phenotyping_WG1_JLU/2025_10_07_RSFB-Phenotyping_WG1_JLU/20251007_154956.jpg,2.0,2.7157182693481445,3.256753444671631,0.5410352945327759,1.2567534446716309,0.7157182693481445,rank,42,single_rater_weak
2025_10_07_RSFB-Phenotyping_WG1_JLU/2025_10_07_RSFB-Phenotyping_WG1_JLU/20251007_155002.jpg,plot_71bf9937ab72933ae979,wg_insects_t1_bbch10,/home/nfs/data/nvme_datasets/Pictures_CFSB_leaf_damage/2025_10_07_RSFB-Phenotyping_WG1_JLU/2025_10_07_RSFB-Phenotyping_WG1_JLU/20251007_155002.jpg,2.0,3.916184663772583,4.810059547424316,0.8938746452331543,2.8100595474243164,1.916184663772583,rank,42,single_rater_weak
2025_10_07_RSFB-Phenotyping_WG1_JLU/2025_10_07_RSFB-Phenotyping_WG1_JLU/20251007_155011.jpg,plot_71bf9937ab72933ae979,wg_insects_t1_bbch10,/home/nfs/data/nvme_datasets/Pictures_CFSB_leaf_damage/2025_10_07_RSFB-Phenotyping_WG1_JLU/2025_10_07_RSFB-Phenotyping_WG1_JLU/20251007_155011.jpg,20.0,3.713542938232422,4.192788124084473,0.4792453348636627,15.807211875915527,16.286457061767578,rank,42,single_rater_weak
2025_10_07_RSFB-Phenotyping_WG1_JLU/2025_10_07_RSFB-Phenotyping_WG1_JLU/20251007_155028.jpg,plot_9beca7e121428acae667,wg_insects_t1_bbch10,/home/nfs/data/nvme_datasets/Pictures_CFSB_leaf_damage/2025_10_07_RSFB-Phenotyping_WG1_JLU/2025_10_07_RSFB-Phenotyping_WG1_JLU/20251007_155028.jpg,3.0,4.3129730224609375,4.9643683433532715,0.6513954401016235,1.9643683433532715,1.3129730224609375,rank,42,single_rater_weak
2025_10_07_RSFB-Phenotyping_WG1_JLU/2025_10_07_RSFB-Phenotyping_WG1_JLU/20251007_155034.jpg,plot_9beca7e121428acae667,wg_insects_t1_bbch10,/home/nfs/data/nvme_datasets/Pictures_CFSB_leaf_damage/2025_10_07_RSFB-Phenotyping_WG1_JLU/2025_10_07_RSFB-Phenotyping_WG1_JLU/20251007_155034.jpg,5.0,1.7322564125061035,2.0667800903320312,0.3345237970352173,2.9332199096679688,3.2677435874938965,rank,42,single_rater_weak
2025_10_07_RSFB-Phenotyping_WG1_JLU/2025_10_07_RSFB-Phenotyping_WG1_JLU/20251007_155039.jpg,plot_9beca7e121428acae667,wg_insects_t1_bbch10,/home/nfs/data/nvme_datasets/Pictures_CFSB_leaf_damage/2025_10_07_RSFB-Phenotyping_WG1_JLU/2025_10_07_RSFB-Phenotyping_WG1_JLU/20251007_155039.jpg,1.0,2.146444320678711,1.8447917699813843,-0.30165258049964905,0.8447917699813843,1.146444320678711,rank,42,single_rater_weak
2025_10_07_RSFB-Phenotyping_WG1_JLU/2025_10_07_RSFB-Phenotyping_WG1_JLU/20251007_155055.jpg,plot_727f5b9ef2736b508feb,wg_insects_t1_bbch10,/home/nfs/data/nvme_datasets/Pictures_CFSB_leaf_damage/2025_10_07_RSFB-Phenotyping_WG1_JLU/2025_10_07_RSFB-Phenotyping_WG1_JLU/20251007_155055.jpg,2.0,2.5525717735290527,2.2407262325286865,-0.3118455111980438,0.24072623252868652,0.5525717735290527,rank,42,single_rater_weak
2025_10_07_RSFB-Phenotyping_WG1_JLU/2025_10_07_RSFB-Phenotyping_WG1_JLU/20251007_155100.jpg,plot_727f5b9ef2736b508feb,wg_insects_t1_bbch10,/home/nfs/data/nvme_datasets/Pictures_CFSB_leaf_damage/2025_10_07_RSFB-Phenotyping_WG1_JLU/2025_10_07_RSFB-Phenotyping_WG1_JLU/20251007_155100.jpg,2.0,2.3010215759277344,1.8112516403198242,-0.48976999521255493,0.18874835968017578,0.3010215759277344,rank,42,single_rater_weak
2025_10_07_RSFB-Phenotyping_WG1_JLU/2025_10_07_RSFB-Phenotyping_WG1_JLU/20251007_155107.jpg,plot_727f5b9ef2736b508feb,wg_insects_t1_bbch10,/home/nfs/data/nvme_datasets/Pictures_CFSB_leaf_damage/2025_10_07_RSFB-Phenotyping_WG1_JLU/2025_10_07_RSFB-Phenotyping_WG1_JLU/20251007_155107.jpg,3.0,3.2695250511169434,3.3944668769836426,0.12494177371263504,0.3944668769836426,0.26952505111694336,rank,42,single_rater_weak
2025_10_07_RSFB-Phenotyping_WG1_JLU/2025_10_07_RSFB-Phenotyping_WG1_JLU/20251007_155124.jpg,plot_d5e7bd3b6010fe66d4f4,wg_insects_t1_bbch10,/home/nfs/data/nvme_datasets/Pictures_CFSB_leaf_damage/2025_10_07_RSFB-Phenotyping_WG1_JLU/2025_10_07_RSFB-Phenotyping_WG1_JLU/20251007_155124.jpg,2.0,4.5519914627075195,5.075190544128418,0.5231991410255432,3.075190544128418,2.5519914627075195,rank,42,single_rater_weak
2025_10_07_RSFB-Phenotyping_WG1_JLU/2025_10_07_RSFB-Phenotyping_WG1_JLU/20251007_155128.jpg,plot_d5e7bd3b6010fe66d4f4,wg_insects_t1_bbch10,/home/nfs/data/nvme_datasets/Pictures_CFSB_leaf_damage/2025_10_07_RSFB-Phenotyping_WG1_JLU/2025_10_07_RSFB-Phenotyping_WG1_JLU/20251007_155128.jpg,2.0,3.0078177452087402,3.23596453666687,0.22814689576625824,1.2359645366668701,1.0078177452087402,rank,42,single_rater_weak
2025_10_07_RSFB-Phenotyping_WG1_JLU/2025_10_07_RSFB-Phenotyping_WG1_JLU/20251007_155135.jpg,plot_d5e7bd3b6010fe66d4f4,wg_insects_t1_bbch10,/home/nfs/data/nvme_datasets/Pictures_CFSB_leaf_damage/2025_10_07_RSFB-Phenotyping_WG1_JLU/2025_10_07_RSFB-Phenotyping_WG1_JLU/20251007_155135.jpg,4.0,2.8668370246887207,2.670990228652954,-0.19584688544273376,1.329009771347046,1.1331629753112793,rank,42,single_rater_weak
2025_10_07_RSFB-Phenotyping_WG1_JLU/2025_10_07_RSFB-Phenotyping_WG1_JLU/20251007_155152.jpg,plot_7ce66ab9cf520dcc270b,wg_insects_t1_bbch10,/home/nfs/data/nvme_datasets/Pictures_CFSB_leaf_damage/2025_10_07_RSFB-Phenotyping_WG1_JLU/2025_10_07_RSFB-Phenotyping_WG1_JLU/20251007_155152.jpg,18.0,5.166679382324219,5.545509338378906,0.3788298964500427,12.454490661621094,12.833320617675781,rank,42,single_rater_weak
2025_10_07_RSFB-Phenotyping_WG1_JLU/2025_10_07_RSFB-Phenotyping_WG1_JLU/20251007_155157.jpg,plot_7ce66ab9cf520dcc270b,wg_insects_t1_bbch10,/home/nfs/data/nvme_datasets/Pictures_CFSB_leaf_damage/2025_10_07_RSFB-Phenotyping_WG1_JLU/2025_10_07_RSFB-Phenotyping_WG1_JLU/20251007_155157.jpg,3.0,3.306467056274414,3.236391067504883,-0.07007601112127304,0.2363910675048828,0.30646705627441406,rank,42,single_rater_weak
2025_10_07_RSFB-Phenotyping_WG1_JLU/2025_10_07_RSFB-Phenotyping_WG1_JLU/20251007_155202.jpg,plot_7ce66ab9cf520dcc270b,wg_insects_t1_bbch10,/home/nfs/data/nvme_datasets/Pictures_CFSB_leaf_damage/2025_10_07_RSFB-Phenotyping_WG1_JLU/2025_10_07_RSFB-Phenotyping_WG1_JLU/20251007_155202.jpg,7.0,6.024155616760254,6.512397766113281,0.4882420599460602,0.48760223388671875,0.9758443832397461,rank,42,single_rater_weak
2025_10_07_RSFB-Phenotyping_WG1_JLU/2025_10_07_RSFB-Phenotyping_WG1_JLU/20251007_155219.jpg,plot_521a71ee2de32f95c943,wg_insects_t1_bbch10,/home/nfs/data/nvme_datasets/Pictures_CFSB_leaf_damage/2025_10_07_RSFB-Phenotyping_WG1_JLU/2025_10_07_RSFB-Phenotyping_WG1_JLU/20251007_155219.jpg,4.0,3.664552688598633,4.222066879272461,0.5575140714645386,0.22206687927246094,0.3354473114013672,rank,42,single_rater_weak
2025_10_07_RSFB-Phenotyping_WG1_JLU/2025_10_07_RSFB-Phenotyping_WG1_JLU/20251007_155225.jpg,plot_521a71ee2de32f95c943,wg_insects_t1_bbch10,/home/nfs/data/nvme_datasets/Pictures_CFSB_leaf_damage/2025_10_07_RSFB-Phenotyping_WG1_JLU/2025_10_07_RSFB-Phenotyping_WG1_JLU/20251007_155225.jpg,3.0,2.5605597496032715,2.2571144104003906,-0.30344533920288086,0.7428855895996094,0.4394402503967285,rank,42,single_rater_weak
2025_10_07_RSFB-Phenotyping_WG1_JLU/2025_10_07_RSFB-Phenotyping_WG1_JLU/20251007_155232.jpg,plot_521a71ee2de32f95c943,wg_insects_t1_bbch10,/home/nfs/data/nvme_datasets/Pictures_CFSB_leaf_damage/2025_10_07_RSFB-Phenotyping_WG1_JLU/2025_10_07_RSFB-Phenotyping_WG1_JLU/20251007_155232.jpg,1.0,2.763923168182373,2.7530717849731445,-0.010851263999938965,1.7530717849731445,1.763923168182373,rank,42,single_rater_weak
2025_10_07_RSFB-Phenotyping_WG1_JLU/2025_10_07_RSFB-Phenotyping_WG1_JLU/20251007_155252.jpg,plot_e9e78f54471dbaf45e8f,wg_insects_t1_bbch10,/home/nfs/data/nvme_datasets/Pictures_CFSB_leaf_damage/2025_10_07_RSFB-Phenotyping_WG1_JLU/2025_10_07_RSFB-Phenotyping_WG1_JLU/20251007_155252.jpg,3.0,2.4341955184936523,2.843658924102783,0.409463495016098,0.1563410758972168,0.5658044815063477,rank,42,single_rater_weak
2025_10_07_RSFB-Phenotyping_WG1_JLU/2025_10_07_RSFB-Phenotyping_WG1_JLU/20251007_155256.jpg,plot_e9e78f54471dbaf45e8f,wg_insects_t1_bbch10,/home/nfs/data/nvme_datasets/Pictures_CFSB_leaf_damage/2025_10_07_RSFB-Phenotyping_WG1_JLU/2025_10_07_RSFB-Phenotyping_WG1_JLU/20251007_155256.jpg,2.0,3.892047643661499,4.033006191253662,0.1409587413072586,2.033006191253662,1.892047643661499,rank,42,single_rater_weak
2025_10_07_RSFB-Phenotyping_WG1_JLU/2025_10_07_RSFB-Phenotyping_WG1_JLU/20251007_155301.jpg,plot_e9e78f54471dbaf45e8f,wg_insects_t1_bbch10,/home/nfs/data/nvme_datasets/Pictures_CFSB_leaf_damage/2025_10_07_RSFB-Phenotyping_WG1_JLU/2025_10_07_RSFB-Phenotyping_WG1_JLU/20251007_155301.jpg,2.0,3.2398715019226074,3.3740391731262207,0.13416779041290283,1.3740391731262207,1.2398715019226074,rank,42,single_rater_weak
2025_10_07_RSFB-Phenotyping_WG1_JLU/2025_10_07_RSFB-Phenotyping_WG1_JLU/20251007_155319.jpg,plot_c8ac9d350e25eb7d247e,wg_insects_t1_bbch10,/home/nfs/data/nvme_datasets/Pictures_CFSB_leaf_damage/2025_10_07_RSFB-Phenotyping_WG1_JLU/2025_10_07_RSFB-Phenotyping_WG1_JLU/20251007_155319.jpg,3.0,4.985078811645508,4.877448558807373,-0.10763032734394073,1.877448558807373,1.9850788116455078,rank,42,single_rater_weak
2025_10_07_RSFB-Phenotyping_WG1_JLU/2025_10_07_RSFB-Phenotyping_WG1_JLU/20251007_155325.jpg,plot_c8ac9d350e25eb7d247e,wg_insects_t1_bbch10,/home/nfs/data/nvme_datasets/Pictures_CFSB_leaf_damage/2025_10_07_RSFB-Phenotyping_WG1_JLU/2025_10_07_RSFB-Phenotyping_WG1_JLU/20251007_155325.jpg,1.0,2.606572151184082,2.9875121116638184,0.3809400796890259,1.9875121116638184,1.606572151184082,rank,42,single_rater_weak
2025_10_07_RSFB-Phenotyping_WG1_JLU/2025_10_07_RSFB-Phenotyping_WG1_JLU/20251007_155330.jpg,plot_c8ac9d350e25eb7d247e,wg_insects_t1_bbch10,/home/nfs/data/nvme_datasets/Pictures_CFSB_leaf_damage/2025_10_07_RSFB-Phenotyping_WG1_JLU/2025_10_07_RSFB-Phenotyping_WG1_JLU/20251007_155330.jpg,2.0,6.540422439575195,7.027623653411865,0.48720139265060425,5.027623653411865,4.540422439575195,rank,42,single_rater_weak
2025_10_07_RSFB-Phenotyping_WG1_JLU/2025_10_07_RSFB-Phenotyping_WG1_JLU/20251007_155347.jpg,plot_2b6ce2e0c85b0d519b90,wg_insects_t1_bbch10,/home/nfs/data/nvme_datasets/Pictures_CFSB_leaf_damage/2025_10_07_RSFB-Phenotyping_WG1_JLU/2025_10_07_RSFB-Phenotyping_WG1_JLU/20251007_155347.jpg,1.0,4.007205963134766,3.723249673843384,-0.2839563488960266,2.723249673843384,3.0072059631347656,rank,42,single_rater_weak
2025_10_07_RSFB-Phenotyping_WG1_JLU/2025_10_07_RSFB-Phenotyping_WG1_JLU/20251007_155353.jpg,plot_2b6ce2e0c85b0d519b90,wg_insects_t1_bbch10,/home/nfs/data/nvme_datasets/Pictures_CFSB_leaf_damage/2025_10_07_RSFB-Phenotyping_WG1_JLU/2025_10_07_RSFB-Phenotyping_WG1_JLU/20251007_155353.jpg,3.0,3.0568981170654297,3.2905778884887695,0.2336798906326294,0.29057788848876953,0.05689811706542969,rank,42,single_rater_weak
2025_10_07_RSFB-Phenotyping_WG1_JLU/2025_10_07_RSFB-Phenotyping_WG1_JLU/20251007_155359.jpg,plot_2b6ce2e0c85b0d519b90,wg_insects_t1_bbch10,/home/nfs/data/nvme_datasets/Pictures_CFSB_leaf_damage/2025_10_07_RSFB-Phenotyping_WG1_JLU/2025_10_07_RSFB-Phenotyping_WG1_JLU/20251007_155359.jpg,9.0,2.3483738899230957,2.779531478881836,0.4311577081680298,6.220468521118164,6.651626110076904,rank,42,single_rater_weak
2025_10_07_RSFB-Phenotyping_WG1_JLU/2025_10_07_RSFB-Phenotyping_WG1_JLU/20251007_155420.jpg,plot_a9313194f1c8e93e42e4,wg_insects_t1_bbch10,/home/nfs/data/nvme_datasets/Pictures_CFSB_leaf_damage/2025_10_07_RSFB-Phenotyping_WG1_JLU/2025_10_07_RSFB-Phenotyping_WG1_JLU/20251007_155420.jpg,6.0,7.427088737487793,7.8346686363220215,0.40758007764816284,1.8346686363220215,1.427088737487793,rank,42,single_rater_weak
2025_10_07_RSFB-Phenotyping_WG1_JLU/2025_10_07_RSFB-Phenotyping_WG1_JLU/20251007_155426.jpg,plot_a9313194f1c8e93e42e4,wg_insects_t1_bbch10,/home/nfs/data/nvme_datasets/Pictures_CFSB_leaf_damage/2025_10_07_RSFB-Phenotyping_WG1_JLU/2025_10_07_RSFB-Phenotyping_WG1_JLU/20251007_155426.jpg,4.0,2.9179954528808594,2.8260862827301025,-0.09190921485424042,1.1739137172698975,1.0820045471191406,rank,42,single_rater_weak
2025_10_07_RSFB-Phenotyping_WG1_JLU/2025_10_07_RSFB-Phenotyping_WG1_JLU/20251007_155433.jpg,plot_a9313194f1c8e93e42e4,wg_insects_t1_bbch10,/home/nfs/data/nvme_datasets/Pictures_CFSB_leaf_damage/2025_10_07_RSFB-Phenotyping_WG1_JLU/2025_10_07_RSFB-Phenotyping_WG1_JLU/20251007_155433.jpg,31.0,23.571529388427734,23.12831687927246,-0.44321227073669434,7.871683120727539,7.428470611572266,rank,42,single_rater_weak
2025_10_07_RSFB-Phenotyping_WG1_JLU/2025_10_07_RSFB-Phenotyping_WG1_JLU/20251007_155448.jpg,plot_090d10b4afbf762ac1a5,wg_insects_t1_bbch10,/home/nfs/data/nvme_datasets/Pictures_CFSB_leaf_damage/2025_10_07_RSFB-Phenotyping_WG1_JLU/2025_10_07_RSFB-Phenotyping_WG1_JLU/20251007_155448.jpg,3.0,3.4110634326934814,3.1314480304718018,-0.2796153426170349,0.13144803047180176,0.41106343269348145,rank,42,single_rater_weak
2025_10_07_RSFB-Phenotyping_WG1_JLU/2025_10_07_RSFB-Phenotyping_WG1_JLU/20251007_155453.jpg,plot_090d10b4afbf762ac1a5,wg_insects_t1_bbch10,/home/nfs/data/nvme_datasets/Pictures_CFSB_leaf_damage/2025_10_07_RSFB-Phenotyping_WG1_JLU/2025_10_07_RSFB-Phenotyping_WG1_JLU/20251007_155453.jpg,3.0,2.2557101249694824,2.28027081489563,0.024560753256082535,0.7197291851043701,0.7442898750305176,rank,42,single_rater_weak
2025_10_07_RSFB-Phenotyping_WG1_JLU/2025_10_07_RSFB-Phenotyping_WG1_JLU/20251007_155459.jpg,plot_090d10b4afbf762ac1a5,wg_insects_t1_bbch10,/home/nfs/data/nvme_datasets/Pictures_CFSB_leaf_damage/2025_10_07_RSFB-Phenotyping_WG1_JLU/2025_10_07_RSFB-Phenotyping_WG1_JLU/20251007_155459.jpg,5.0,4.883861541748047,4.811346054077148,-0.0725153237581253,0.18865394592285156,0.11613845825195312,rank,42,single_rater_weak
2025_10_07_RSFB-Phenotyping_WG1_JLU/2025_10_07_RSFB-Phenotyping_WG1_JLU/20251007_155516.jpg,plot_ea1c6826e1f8439636da,wg_insects_t1_bbch10,/home/nfs/data/nvme_datasets/Pictures_CFSB_leaf_damage/2025_10_07_RSFB-Phenotyping_WG1_JLU/2025_10_07_RSFB-Phenotyping_WG1_JLU/20251007_155516.jpg,7.0,4.103838920593262,4.5540666580200195,0.4502277374267578,2.4459333419799805,2.8961610794067383,rank,42,single_rater_weak
2025_10_07_RSFB-Phenotyping_WG1_JLU/2025_10_07_RSFB-Phenotyping_WG1_JLU/20251007_155520.jpg,plot_ea1c6826e1f8439636da,wg_insects_t1_bbch10,/home/nfs/data/nvme_datasets/Pictures_CFSB_leaf_damage/2025_10_07_RSFB-Phenotyping_WG1_JLU/2025_10_07_RSFB-Phenotyping_WG1_JLU/20251007_155520.jpg,8.0,7.253942012786865,7.299014091491699,0.045072026550769806,0.7009859085083008,0.7460579872131348,rank,42,single_rater_weak
2025_10_07_RSFB-Phenotyping_WG1_JLU/2025_10_07_RSFB-Phenotyping_WG1_JLU/20251007_155529.jpg,plot_ea1c6826e1f8439636da,wg_insects_t1_bbch10,/home/nfs/data/nvme_datasets/Pictures_CFSB_leaf_damage/2025_10_07_RSFB-Phenotyping_WG1_JLU/2025_10_07_RSFB-Phenotyping_WG1_JLU/20251007_155529.jpg,2.0,3.189155101776123,3.191869020462036,0.0027139203157275915,1.1918690204620361,1.189155101776123,rank,42,single_rater_weak
2025_10_07_RSFB-Phenotyping_WG1_JLU/2025_10_07_RSFB-Phenotyping_WG1_JLU/20251007_155547.jpg,plot_740ea37a7e7d2ba5872f,wg_insects_t1_bbch10,/home/nfs/data/nvme_datasets/Pictures_CFSB_leaf_damage/2025_10_07_RSFB-Phenotyping_WG1_JLU/2025_10_07_RSFB-Phenotyping_WG1_JLU/20251007_155547.jpg,18.0,3.3270487785339355,4.522430896759033,1.1953821182250977,13.477569580078125,14.672950744628906,rank,42,single_rater_weak
2025_10_07_RSFB-Phenotyping_WG1_JLU/2025_10_07_RSFB-Phenotyping_WG1_JLU/20251007_155554.jpg,plot_740ea37a7e7d2ba5872f,wg_insects_t1_bbch10,/home/nfs/data/nvme_datasets/Pictures_CFSB_leaf_damage/2025_10_07_RSFB-Phenotyping_WG1_JLU/2025_10_07_RSFB-Phenotyping_WG1_JLU/20251007_155554.jpg,18.0,4.034588813781738,3.897975444793701,-0.13661333918571472,14.10202407836914,13.965411186218262,rank,42,single_rater_weak
2025_10_07_RSFB-Phenotyping_WG1_JLU/2025_10_07_RSFB-Phenotyping_WG1_JLU/20251007_155559.jpg,plot_740ea37a7e7d2ba5872f,wg_insects_t1_bbch10,/home/nfs/data/nvme_datasets/Pictures_CFSB_leaf_damage/2025_10_07_RSFB-Phenotyping_WG1_JLU/2025_10_07_RSFB-Phenotyping_WG1_JLU/20251007_155559.jpg,30.0,6.1466064453125,6.685049057006836,0.538442850112915,23.314950942993164,23.8533935546875,rank,42,single_rater_weak
2025_10_07_RSFB-Phenotyping_WG1_JLU/2025_10_07_RSFB-Phenotyping_WG1_JLU/20251007_155615.jpg,plot_c08384e341650c84b7e3,wg_insects_t1_bbch10,/home/nfs/data/nvme_datasets/Pictures_CFSB_leaf_damage/2025_10_07_RSFB-Phenotyping_WG1_JLU/2025_10_07_RSFB-Phenotyping_WG1_JLU/20251007_155615.jpg,19.0,3.7983627319335938,3.719109058380127,-0.07925374805927277,15.280891418457031,15.201637268066406,rank,42,single_rater_weak
2025_10_07_RSFB-Phenotyping_WG1_JLU/2025_10_07_RSFB-Phenotyping_WG1_JLU/20251007_155620.jpg,plot_c08384e341650c84b7e3,wg_insects_t1_bbch10,/home/nfs/data/nvme_datasets/Pictures_CFSB_leaf_damage/2025_10_07_RSFB-Phenotyping_WG1_JLU/2025_10_07_RSFB-Phenotyping_WG1_JLU/20251007_155620.jpg,2.0,3.267422676086426,3.3363661766052246,0.06894349306821823,1.3363661766052246,1.2674226760864258,rank,42,single_rater_weak
2025_10_07_RSFB-Phenotyping_WG1_JLU/2025_10_07_RSFB-Phenotyping_WG1_JLU/20251007_155625.jpg,plot_c08384e341650c84b7e3,wg_insects_t1_bbch10,/home/nfs/data/nvme_datasets/Pictures_CFSB_leaf_damage/2025_10_07_RSFB-Phenotyping_WG1_JLU/2025_10_07_RSFB-Phenotyping_WG1_JLU/20251007_155625.jpg,12.0,5.8507304191589355,5.946105003356934,0.09537439048290253,6.053894996643066,6.1492695808410645,rank,42,single_rater_weak
2025_10_07_RSFB-Phenotyping_WG1_JLU/2025_10_07_RSFB-Phenotyping_WG1_JLU/20251007_155642.jpg,plot_2c2b7818d88cc60083c0,wg_insects_t1_bbch10,/home/nfs/data/nvme_datasets/Pictures_CFSB_leaf_damage/2025_10_07_RSFB-Phenotyping_WG1_JLU/2025_10_07_RSFB-Phenotyping_WG1_JLU/20251007_155642.jpg,2.0,4.628165245056152,5.240833282470703,0.6126681566238403,3.240833282470703,2.6281652450561523,rank,42,single_rater_weak
2025_10_07_RSFB-Phenotyping_WG1_JLU/2025_10_07_RSFB-Phenotyping_WG1_JLU/20251007_155647.jpg,plot_2c2b7818d88cc60083c0,wg_insects_t1_bbch10,/home/nfs/data/nvme_datasets/Pictures_CFSB_leaf_damage/2025_10_07_RSFB-Phenotyping_WG1_JLU/2025_10_07_RSFB-Phenotyping_WG1_JLU/20251007_155647.jpg,2.0,3.7309417724609375,3.5194895267486572,-0.2114521563053131,1.5194895267486572,1.7309417724609375,rank,42,single_rater_weak
2025_10_07_RSFB-Phenotyping_WG1_JLU/2025_10_07_RSFB-Phenotyping_WG1_JLU/20251007_155652.jpg,plot_2c2b7818d88cc60083c0,wg_insects_t1_bbch10,/home/nfs/data/nvme_datasets/Pictures_CFSB_leaf_damage/2025_10_07_RSFB-Phenotyping_WG1_JLU/2025_10_07_RSFB-Phenotyping_WG1_JLU/20251007_155652.jpg,3.0,2.894064426422119,3.0767946243286133,0.1827303171157837,0.07679462432861328,0.10593557357788086,rank,42,single_rater_weak
2025_10_07_RSFB-Phenotyping_WG1_JLU/2025_10_07_RSFB-Phenotyping_WG1_JLU/20251007_155708.jpg,plot_c127083b02a0a3c20d9e,wg_insects_t1_bbch10,/home/nfs/data/nvme_datasets/Pictures_CFSB_leaf_damage/2025_10_07_RSFB-Phenotyping_WG1_JLU/2025_10_07_RSFB-Phenotyping_WG1_JLU/20251007_155708.jpg,3.0,2.9609808921813965,2.4983227252960205,-0.46265822649002075,0.5016772747039795,0.039019107818603516,rank,42,single_rater_weak
2025_10_07_RSFB-Phenotyping_WG1_JLU/2025_10_07_RSFB-Phenotyping_WG1_JLU/20251007_155714.jpg,plot_c127083b02a0a3c20d9e,wg_insects_t1_bbch10,/home/nfs/data/nvme_datasets/Pictures_CFSB_leaf_damage/2025_10_07_RSFB-Phenotyping_WG1_JLU/2025_10_07_RSFB-Phenotyping_WG1_JLU/20251007_155714.jpg,3.0,2.866060733795166,2.307976245880127,-0.5580846071243286,0.692023754119873,0.13393926620483398,rank,42,single_rater_weak
2025_10_07_RSFB-Phenotyping_WG1_JLU/2025_10_07_RSFB-Phenotyping_WG1_JLU/20251007_155719.jpg,plot_c127083b02a0a3c20d9e,wg_insects_t1_bbch10,/home/nfs/data/nvme_datasets/Pictures_CFSB_leaf_damage/2025_10_07_RSFB-Phenotyping_WG1_JLU/2025_10_07_RSFB-Phenotyping_WG1_JLU/20251007_155719.jpg,6.0,3.060309886932373,3.2634048461914062,0.20309507846832275,2.7365951538085938,2.939690113067627,rank,42,single_rater_weak
2025_10_07_RSFB-Phenotyping_WG1_JLU/2025_10_07_RSFB-Phenotyping_WG1_JLU/20251007_155736.jpg,plot_9989fe456f6ba82751d6,wg_insects_t1_bbch10,/home/nfs/data/nvme_datasets/Pictures_CFSB_leaf_damage/2025_10_07_RSFB-Phenotyping_WG1_JLU/2025_10_07_RSFB-Phenotyping_WG1_JLU/20251007_155736.jpg,5.0,4.039605140686035,4.163518905639648,0.12391389161348343,0.8364810943603516,0.9603948593139648,rank,42,single_rater_weak
2025_10_07_RSFB-Phenotyping_WG1_JLU/2025_10_07_RSFB-Phenotyping_WG1_JLU/20251007_155742.jpg,plot_9989fe456f6ba82751d6,wg_insects_t1_bbch10,/home/nfs/data/nvme_datasets/Pictures_CFSB_leaf_damage/2025_10_07_RSFB-Phenotyping_WG1_JLU/2025_10_07_RSFB-Phenotyping_WG1_JLU/20251007_155742.jpg,9.0,3.92252516746521,4.195414066314697,0.27288907766342163,4.804585933685303,5.077474594116211,rank,42,single_rater_weak
2025_10_07_RSFB-Phenotyping_WG1_JLU/2025_10_07_RSFB-Phenotyping_WG1_JLU/20251007_155750.jpg,plot_9989fe456f6ba82751d6,wg_insects_t1_bbch10,/home/nfs/data/nvme_datasets/Pictures_CFSB_leaf_damage/2025_10_07_RSFB-Phenotyping_WG1_JLU/2025_10_07_RSFB-Phenotyping_WG1_JLU/20251007_155750.jpg,30.0,8.936188697814941,9.920193672180176,0.984005331993103,20.07980728149414,21.063812255859375,rank,42,single_rater_weak
2025_10_07_RSFB-Phenotyping_WG1_JLU/2025_10_07_RSFB-Phenotyping_WG1_JLU/20251007_155807.jpg,plot_0dc71a8af0c39e4f26f7,wg_insects_t1_bbch10,/home/nfs/data/nvme_datasets/Pictures_CFSB_leaf_damage/2025_10_07_RSFB-Phenotyping_WG1_JLU/2025_10_07_RSFB-Phenotyping_WG1_JLU/20251007_155807.jpg,14.0,3.5517382621765137,4.5294084548950195,0.977670431137085,9.47059154510498,10.448261260986328,rank,42,single_rater_weak
2025_10_07_RSFB-Phenotyping_WG1_JLU/2025_10_07_RSFB-Phenotyping_WG1_JLU/20251007_155813.jpg,plot_0dc71a8af0c39e4f26f7,wg_insects_t1_bbch10,/home/nfs/data/nvme_datasets/Pictures_CFSB_leaf_damage/2025_10_07_RSFB-Phenotyping_WG1_JLU/2025_10_07_RSFB-Phenotyping_WG1_JLU/20251007_155813.jpg,2.0,3.3943581581115723,3.425992012023926,0.03163394331932068,1.4259920120239258,1.3943581581115723,rank,42,single_rater_weak
2025_10_07_RSFB-Phenotyping_WG1_JLU/2025_10_07_RSFB-Phenotyping_WG1_JLU/20251007_155819.jpg,plot_0dc71a8af0c39e4f26f7,wg_insects_t1_bbch10,/home/nfs/data/nvme_datasets/Pictures_CFSB_leaf_damage/2025_10_07_RSFB-Phenotyping_WG1_JLU/2025_10_07_RSFB-Phenotyping_WG1_JLU/20251007_155819.jpg,12.0,4.861799240112305,4.7741312980651855,-0.08766806125640869,7.2258687019348145,7.138200759887695,rank,42,single_rater_weak
2025_10_07_RSFB-Phenotyping_WG1_JLU/2025_10_07_RSFB-Phenotyping_WG1_JLU/20251007_155834.jpg,plot_9c2f17ed639688600321,wg_insects_t1_bbch10,/home/nfs/data/nvme_datasets/Pictures_CFSB_leaf_damage/2025_10_07_RSFB-Phenotyping_WG1_JLU/2025_10_07_RSFB-Phenotyping_WG1_JLU/20251007_155834.jpg,4.0,3.8690078258514404,5.153985023498535,1.2849770784378052,1.1539850234985352,0.13099217414855957,rank,42,single_rater_weak
2025_10_07_RSFB-Phenotyping_WG1_JLU/2025_10_07_RSFB-Phenotyping_WG1_JLU/20251007_155839.jpg,plot_9c2f17ed639688600321,wg_insects_t1_bbch10,/home/nfs/data/nvme_datasets/Pictures_CFSB_leaf_damage/2025_10_07_RSFB-Phenotyping_WG1_JLU/2025_10_07_RSFB-Phenotyping_WG1_JLU/20251007_155839.jpg,2.0,2.508420944213867,2.509542942047119,0.0011220155283808708,0.5095429420471191,0.5084209442138672,rank,42,single_rater_weak
2025_10_07_RSFB-Phenotyping_WG1_JLU/2025_10_07_RSFB-Phenotyping_WG1_JLU/20251007_155845.jpg,plot_9c2f17ed639688600321,wg_insects_t1_bbch10,/home/nfs/data/nvme_datasets/Pictures_CFSB_leaf_damage/2025_10_07_RSFB-Phenotyping_WG1_JLU/2025_10_07_RSFB-Phenotyping_WG1_JLU/20251007_155845.jpg,31.0,13.36829948425293,14.129558563232422,0.761259138584137,16.870441436767578,17.63170051574707,rank,42,single_rater_weak
2025_10_07_RSFB-Phenotyping_WG1_JLU/2025_10_07_RSFB-Phenotyping_WG1_JLU/20251007_155902.jpg,plot_c738121aa8f29aca11a9,wg_insects_t1_bbch10,/home/nfs/data/nvme_datasets/Pictures_CFSB_leaf_damage/2025_10_07_RSFB-Phenotyping_WG1_JLU/2025_10_07_RSFB-Phenotyping_WG1_JLU/20251007_155902.jpg,17.0,1.952737808227539,2.57759952545166,0.6248615980148315,14.42240047454834,15.047262191772461,rank,42,single_rater_weak
2025_10_07_RSFB-Phenotyping_WG1_JLU/2025_10_07_RSFB-Phenotyping_WG1_JLU/20251007_155907.jpg,plot_c738121aa8f29aca11a9,wg_insects_t1_bbch10,/home/nfs/data/nvme_datasets/Pictures_CFSB_leaf_damage/2025_10_07_RSFB-Phenotyping_WG1_JLU/2025_10_07_RSFB-Phenotyping_WG1_JLU/20251007_155907.jpg,4.0,3.5948944091796875,4.232795715332031,0.6379014253616333,0.23279571533203125,0.4051055908203125,rank,42,single_rater_weak
2025_10_07_RSFB-Phenotyping_WG1_JLU/2025_10_07_RSFB-Phenotyping_WG1_JLU/20251007_155913.jpg,plot_c738121aa8f29aca11a9,wg_insects_t1_bbch10,/home/nfs/data/nvme_datasets/Pictures_CFSB_leaf_damage/2025_10_07_RSFB-Phenotyping_WG1_JLU/2025_10_07_RSFB-Phenotyping_WG1_JLU/20251007_155913.jpg,5.0,5.283969879150391,5.249479293823242,-0.0344904363155365,0.2494792938232422,0.2839698791503906,rank,42,single_rater_weak
2025_10_07_RSFB-Phenotyping_WG1_JLU/2025_10_07_RSFB-Phenotyping_WG1_JLU/20251007_155930.jpg,plot_1ac8631fd159b0102da1,wg_insects_t1_bbch10,/home/nfs/data/nvme_datasets/Pictures_CFSB_leaf_damage/2025_10_07_RSFB-Phenotyping_WG1_JLU/2025_10_07_RSFB-Phenotyping_WG1_JLU/20251007_155930.jpg,1.0,6.326013088226318,6.243773460388184,-0.08223972469568253,5.243773460388184,5.326013088226318,rank,42,single_rater_weak
2025_10_07_RSFB-Phenotyping_WG1_JLU/2025_10_07_RSFB-Phenotyping_WG1_JLU/20251007_155935.jpg,plot_1ac8631fd159b0102da1,wg_insects_t1_bbch10,/home/nfs/data/nvme_datasets/Pictures_CFSB_leaf_damage/2025_10_07_RSFB-Phenotyping_WG1_JLU/2025_10_07_RSFB-Phenotyping_WG1_JLU/20251007_155935.jpg,2.0,2.8936500549316406,2.794482707977295,-0.09916740655899048,0.7944827079772949,0.8936500549316406,rank,42,single_rater_weak
2025_10_07_RSFB-Phenotyping_WG1_JLU/2025_10_07_RSFB-Phenotyping_WG1_JLU/20251007_155956.jpg,plot_1a3b4f0d3c68e9c58008,wg_insects_t1_bbch10,/home/nfs/data/nvme_datasets/Pictures_CFSB_leaf_damage/2025_10_07_RSFB-Phenotyping_WG1_JLU/2025_10_07_RSFB-Phenotyping_WG1_JLU/20251007_155956.jpg,6.0,6.393829345703125,6.772692680358887,0.3788631558418274,0.7726926803588867,0.393829345703125,rank,42,single_rater_weak
2025_10_07_RSFB-Phenotyping_WG1_JLU/2025_10_07_RSFB-Phenotyping_WG1_JLU/20251007_160001.jpg,plot_1a3b4f0d3c68e9c58008,wg_insects_t1_bbch10,/home/nfs/data/nvme_datasets/Pictures_CFSB_leaf_damage/2025_10_07_RSFB-Phenotyping_WG1_JLU/2025_10_07_RSFB-Phenotyping_WG1_JLU/20251007_160001.jpg,15.0,4.25767707824707,4.214273452758789,-0.04340342432260513,10.785726547241211,10.74232292175293,rank,42,single_rater_weak
2025_10_07_RSFB-Phenotyping_WG1_JLU/2025_10_07_RSFB-Phenotyping_WG1_JLU/20251007_160007.jpg,plot_1a3b4f0d3c68e9c58008,wg_insects_t1_bbch10,/home/nfs/data/nvme_datasets/Pictures_CFSB_leaf_damage/2025_10_07_RSFB-Phenotyping_WG1_JLU/2025_10_07_RSFB-Phenotyping_WG1_JLU/20251007_160007.jpg,16.0,3.0770974159240723,3.3911914825439453,0.3140941560268402,12.608808517456055,12.922903060913086,rank,42,single_rater_weak
