filename,plot_group_id,cohort_id,source_path,target,base_prediction,prediction,residual,absolute_error,base_absolute_error,arm,seed,label_quality
2025_10_07_RSFB-Phenotyping_WG1_JLU/2025_10_07_RSFB-Phenotyping_WG1_JLU/20251007_122629.jpg,plot_f40cb1f676f8e783138c,wg_insects_t1_bbch10,/home/nfs/data/nvme_datasets/Pictures_CFSB_leaf_damage/2025_10_07_RSFB-Phenotyping_WG1_JLU/2025_10_07_RSFB-Phenotyping_WG1_JLU/20251007_122629.jpg,2.0,9.463201522827148,10.397390365600586,0.9341890215873718,8.397390365600586,7.463201522827148,rank_margin10,46,single_rater_weak
2025_10_07_RSFB-Phenotyping_WG1_JLU/2025_10_07_RSFB-Phenotyping_WG1_JLU/20251007_122640.jpg,plot_f40cb1f676f8e783138c,wg_insects_t1_bbch10,/home/nfs/data/nvme_datasets/Pictures_CFSB_leaf_damage/2025_10_07_RSFB-Phenotyping_WG1_JLU/2025_10_07_RSFB-Phenotyping_WG1_JLU/20251007_122640.jpg,1.0,8.582976341247559,8.88677978515625,0.3038036823272705,7.88677978515625,7.582976341247559,rank_margin10,46,single_rater_weak
2025_10_07_RSFB-Phenotyping_WG1_JLU/2025_10_07_RSFB-Phenotyping_WG1_JLU/20251007_122700.jpg,plot_f40cb1f676f8e783138c,wg_insects_t1_bbch10,/home/nfs/data/nvme_datasets/Pictures_CFSB_leaf_damage/2025_10_07_RSFB-Phenotyping_WG1_JLU/2025_10_07_RSFB-Phenotyping_WG1_JLU/20251007_122700.jpg,1.0,7.462533950805664,7.648773193359375,0.18623940646648407,6.648773193359375,6.462533950805664,rank_margin10,46,single_rater_weak
2025_10_07_RSFB-Phenotyping_WG1_JLU/2025_10_07_RSFB-Phenotyping_WG1_JLU/20251007_122749.jpg,plot_40ad64adc4707d38372d,wg_insects_t1_bbch10,/home/nfs/data/nvme_datasets/Pictures_CFSB_leaf_damage/2025_10_07_RSFB-Phenotyping_WG1_JLU/2025_10_07_RSFB-Phenotyping_WG1_JLU/20251007_122749.jpg,1.0,3.9573452472686768,3.890381097793579,-0.06696419417858124,2.890381097793579,2.9573452472686768,rank_margin10,46,single_rater_weak
2025_10_07_RSFB-Phenotyping_WG1_JLU/2025_10_07_RSFB-Phenotyping_WG1_JLU/20251007_122806.jpg,plot_40ad64adc4707d38372d,wg_insects_t1_bbch10,/home/nfs/data/nvme_datasets/Pictures_CFSB_leaf_damage/2025_10_07_RSFB-Phenotyping_WG1_JLU/2025_10_07_RSFB-Phenotyping_WG1_JLU/20251007_122806.jpg,1.0,4.941876411437988,4.838742256164551,-0.10313396155834198,3.838742256164551,3.9418764114379883,rank_margin10,46,single_rater_weak
2025_10_07_RSFB-Phenotyping_WG1_JLU/2025_10_07_RSFB-Phenotyping_WG1_JLU/20251007_122816.jpg,plot_40ad64adc4707d38372d,wg_insects_t1_bbch10,/home/nfs/data/nvme_datasets/Pictures_CFSB_leaf_damage/2025_10_07_RSFB-Phenotyping_WG1_JLU/2025_10_07_RSFB-Phenotyping_WG1_JLU/20251007_122816.jpg,1.0,4.886032581329346,5.007319927215576,0.12128733843564987,4.007319927215576,3.8860325813293457,rank_margin10,46,single_rater_weak
2025_10_07_RSFB-Phenotyping_WG1_JLU/2025_10_07_RSFB-Phenotyping_WG1_JLU/20251007_122850.jpg,plot_5d8c28537e9ed8edc276,wg_insects_t1_bbch10,/home/nfs/data/nvme_datasets/Pictures_CFSB_leaf_damage/2025_10_07_RSFB-Phenotyping_WG1_JLU/2025_10_07_RSFB-Phenotyping_WG1_JLU/20251007_122850.jpg,1.0,9.546195983886719,10.471944808959961,0.9257486462593079,9.471944808959961,8.546195983886719,rank_margin10,46,single_rater_weak
2025_10_07_RSFB-Phenotyping_WG1_JLU/2025_10_07_RSFB-Phenotyping_WG1_JLU/20251007_122901.jpg,plot_5d8c28537e9ed8edc276,wg_insects_t1_bbch10,/home/nfs/data/nvme_datasets/Pictures_CFSB_leaf_damage/2025_10_07_RSFB-Phenotyping_WG1_JLU/2025_10_07_RSFB-Phenotyping_WG1_JLU/20251007_122901.jpg,1.0,4.711386680603027,5.237131118774414,0.5257444381713867,4.237131118774414,3.7113866806030273,rank_margin10,46,single_rater_weak
2025_10_07_RSFB-Phenotyping_WG1_JLU/2025_10_07_RSFB-Phenotyping_WG1_JLU/20251007_122909.jpg,plot_5d8c28537e9ed8edc276,wg_insects_t1_bbch10,/home/nfs/data/nvme_datasets/Pictures_CFSB_leaf_damage/2025_10_07_RSFB-Phenotyping_WG1_JLU/2025_10_07_RSFB-Phenotyping_WG1_JLU/20251007_122909.jpg,1.0,3.7766835689544678,3.9216361045837402,0.14495253562927246,2.9216361045837402,2.7766835689544678,rank_margin10,46,single_rater_weak
2025_10_07_RSFB-Phenotyping_WG1_JLU/2025_10_07_RSFB-Phenotyping_WG1_JLU/20251007_122945.jpg,plot_bd0a7566e5e86586893c,wg_insects_t1_bbch10,/home/nfs/data/nvme_datasets/Pictures_CFSB_leaf_damage/2025_10_07_RSFB-Phenotyping_WG1_JLU/2025_10_07_RSFB-Phenotyping_WG1_JLU/20251007_122945.jpg,3.0,8.110058784484863,8.259462356567383,0.14940397441387177,5.259462356567383,5.110058784484863,rank_margin10,46,single_rater_weak
2025_10_07_RSFB-Phenotyping_WG1_JLU/2025_10_07_RSFB-Phenotyping_WG1_JLU/20251007_122956.jpg,plot_bd0a7566e5e86586893c,wg_insects_t1_bbch10,/home/nfs/data/nvme_datasets/Pictures_CFSB_leaf_damage/2025_10_07_RSFB-Phenotyping_WG1_JLU/2025_10_07_RSFB-Phenotyping_WG1_JLU/20251007_122956.jpg,2.0,5.406789779663086,5.6225433349609375,0.21575377881526947,3.6225433349609375,3.406789779663086,rank_margin10,46,single_rater_weak
2025_10_07_RSFB-Phenotyping_WG1_JLU/2025_10_07_RSFB-Phenotyping_WG1_JLU/20251007_123006.jpg,plot_bd0a7566e5e86586893c,wg_insects_t1_bbch10,/home/nfs/data/nvme_datasets/Pictures_CFSB_leaf_damage/2025_10_07_RSFB-Phenotyping_WG1_JLU/2025_10_07_RSFB-Phenotyping_WG1_JLU/20251007_123006.jpg,2.0,3.756744623184204,3.62119722366333,-0.13554733991622925,1.62119722366333,1.756744623184204,rank_margin10,46,single_rater_weak
2025_10_07_RSFB-Phenotyping_WG1_JLU/2025_10_07_RSFB-Phenotyping_WG1_JLU/20251007_123042.jpg,plot_826c6bb776afe3a3aa1a,wg_insects_t1_bbch10,/home/nfs/data/nvme_datasets/Pictures_CFSB_leaf_damage/2025_10_07_RSFB-Phenotyping_WG1_JLU/2025_10_07_RSFB-Phenotyping_WG1_JLU/20251007_123042.jpg,12.0,4.047458648681641,4.63918399810791,0.5917253494262695,7.36081600189209,7.952541351318359,rank_margin10,46,single_rater_weak
2025_10_07_RSFB-Phenotyping_WG1_JLU/2025_10_07_RSFB-Phenotyping_WG1_JLU/20251007_123053.jpg,plot_826c6bb776afe3a3aa1a,wg_insects_t1_bbch10,/home/nfs/data/nvme_datasets/Pictures_CFSB_leaf_damage/2025_10_07_RSFB-Phenotyping_WG1_JLU/2025_10_07_RSFB-Phenotyping_WG1_JLU/20251007_123053.jpg,3.0,5.040009498596191,6.066527366638184,1.0265178680419922,3.0665273666381836,2.0400094985961914,rank_margin10,46,single_rater_weak
2025_10_07_RSFB-Phenotyping_WG1_JLU/2025_10_07_RSFB-Phenotyping_WG1_JLU/20251007_123103.jpg,plot_826c6bb776afe3a3aa1a,wg_insects_t1_bbch10,/home/nfs/data/nvme_datasets/Pictures_CFSB_leaf_damage/2025_10_07_RSFB-Phenotyping_WG1_JLU/2025_10_07_RSFB-Phenotyping_WG1_JLU/20251007_123103.jpg,2.0,3.7741336822509766,4.919841766357422,1.1457083225250244,2.919841766357422,1.7741336822509766,rank_margin10,46,single_rater_weak
2025_10_07_RSFB-Phenotyping_WG1_JLU/2025_10_07_RSFB-Phenotyping_WG1_JLU/20251007_123132.jpg,plot_8f57ef6ca5343df62792,wg_insects_t1_bbch10,/home/nfs/data/nvme_datasets/Pictures_CFSB_leaf_damage/2025_10_07_RSFB-Phenotyping_WG1_JLU/2025_10_07_RSFB-Phenotyping_WG1_JLU/20251007_123132.jpg,3.0,3.4400110244750977,3.76824688911438,0.3282358944416046,0.7682468891143799,0.44001102447509766,rank_margin10,46,single_rater_weak
2025_10_07_RSFB-Phenotyping_WG1_JLU/2025_10_07_RSFB-Phenotyping_WG1_JLU/20251007_123140.jpg,plot_8f57ef6ca5343df62792,wg_insects_t1_bbch10,/home/nfs/data/nvme_datasets/Pictures_CFSB_leaf_damage/2025_10_07_RSFB-Phenotyping_WG1_JLU/2025_10_07_RSFB-Phenotyping_WG1_JLU/20251007_123140.jpg,3.0,3.3102731704711914,3.379300832748413,0.06902769953012466,0.3793008327484131,0.3102731704711914,rank_margin10,46,single_rater_weak
2025_10_07_RSFB-Phenotyping_WG1_JLU/2025_10_07_RSFB-Phenotyping_WG1_JLU/20251007_123150.jpg,plot_8f57ef6ca5343df62792,wg_insects_t1_bbch10,/home/nfs/data/nvme_datasets/Pictures_CFSB_leaf_damage/2025_10_07_RSFB-Phenotyping_WG1_JLU/2025_10_07_RSFB-Phenotyping_WG1_JLU/20251007_123150.jpg,2.0,2.7717647552490234,3.2221944332122803,0.4504297375679016,1.2221944332122803,0.7717647552490234,rank_margin10,46,single_rater_weak
2025_10_07_RSFB-Phenotyping_WG1_JLU/2025_10_07_RSFB-Phenotyping_WG1_JLU/20251007_123236.jpg,plot_cc93e237486bf58ced80,wg_insects_t1_bbch10,/home/nfs/data/nvme_datasets/Pictures_CFSB_leaf_damage/2025_10_07_RSFB-Phenotyping_WG1_JLU/2025_10_07_RSFB-Phenotyping_WG1_JLU/20251007_123236.jpg,10.0,5.070975303649902,5.330461502075195,0.25948604941368103,4.669538497924805,4.929024696350098,rank_margin10,46,single_rater_weak
2025_10_07_RSFB-Phenotyping_WG1_JLU/2025_10_07_RSFB-Phenotyping_WG1_JLU/20251007_123243.jpg,plot_cc93e237486bf58ced80,wg_insects_t1_bbch10,/home/nfs/data/nvme_datasets/Pictures_CFSB_leaf_damage/2025_10_07_RSFB-Phenotyping_WG1_JLU/2025_10_07_RSFB-Phenotyping_WG1_JLU/20251007_123243.jpg,25.0,3.971484899520874,4.386623382568359,0.41513848304748535,20.61337661743164,21.028514862060547,rank_margin10,46,single_rater_weak
2025_10_07_RSFB-Phenotyping_WG1_JLU/2025_10_07_RSFB-Phenotyping_WG1_JLU/20251007_123255.jpg,plot_cc93e237486bf58ced80,wg_insects_t1_bbch10,/home/nfs/data/nvme_datasets/Pictures_CFSB_leaf_damage/2025_10_07_RSFB-Phenotyping_WG1_JLU/2025_10_07_RSFB-Phenotyping_WG1_JLU/20251007_123255.jpg,20.0,3.5570333003997803,4.023141860961914,0.4661087393760681,15.976858139038086,16.44296646118164,rank_margin10,46,single_rater_weak
2025_10_07_RSFB-Phenotyping_WG1_JLU/2025_10_07_RSFB-Phenotyping_WG1_JLU/20251007_123335.jpg,plot_32e70d34f4a0e0fb8137,wg_insects_t1_bbch10,/home/nfs/data/nvme_datasets/Pictures_CFSB_leaf_damage/2025_10_07_RSFB-Phenotyping_WG1_JLU/2025_10_07_RSFB-Phenotyping_WG1_JLU/20251007_123335.jpg,15.0,4.536552429199219,5.211148262023926,0.6745960712432861,9.788851737976074,10.463447570800781,rank_margin10,46,single_rater_weak
2025_10_07_RSFB-Phenotyping_WG1_JLU/2025_10_07_RSFB-Phenotyping_WG1_JLU/20251007_123345.jpg,plot_32e70d34f4a0e0fb8137,wg_insects_t1_bbch10,/home/nfs/data/nvme_datasets/Pictures_CFSB_leaf_damage/2025_10_07_RSFB-Phenotyping_WG1_JLU/2025_10_07_RSFB-Phenotyping_WG1_JLU/20251007_123345.jpg,12.0,3.1982264518737793,3.23581862449646,0.03759219869971275,8.764181137084961,8.801773071289062,rank_margin10,46,single_rater_weak
2025_10_07_RSFB-Phenotyping_WG1_JLU/2025_10_07_RSFB-Phenotyping_WG1_JLU/20251007_123354.jpg,plot_32e70d34f4a0e0fb8137,wg_insects_t1_bbch10,/home/nfs/data/nvme_datasets/Pictures_CFSB_leaf_damage/2025_10_07_RSFB-Phenotyping_WG1_JLU/2025_10_07_RSFB-Phenotyping_WG1_JLU/20251007_123354.jpg,3.0,6.068032264709473,7.04544734954834,0.9774150848388672,4.04544734954834,3.0680322647094727,rank_margin10,46,single_rater_weak
2025_10_07_RSFB-Phenotyping_WG1_JLU/2025_10_07_RSFB-Phenotyping_WG1_JLU/20251007_123430.jpg,plot_5376d6ca9264ae701f00,wg_insects_t1_bbch10,/home/nfs/data/nvme_datasets/Pictures_CFSB_leaf_damage/2025_10_07_RSFB-Phenotyping_WG1_JLU/2025_10_07_RSFB-Phenotyping_WG1_JLU/20251007_123430.jpg,5.0,3.534472703933716,3.586120128631592,0.05164734274148941,1.4138798713684082,1.4655272960662842,rank_margin10,46,single_rater_weak
2025_10_07_RSFB-Phenotyping_WG1_JLU/2025_10_07_RSFB-Phenotyping_WG1_JLU/20251007_123439.jpg,plot_5376d6ca9264ae701f00,wg_insects_t1_bbch10,/home/nfs/data/nvme_datasets/Pictures_CFSB_leaf_damage/2025_10_07_RSFB-Phenotyping_WG1_JLU/2025_10_07_RSFB-Phenotyping_WG1_JLU/20251007_123439.jpg,25.0,5.025618553161621,5.969181537628174,0.9435628652572632,19.030818939208984,19.974380493164062,rank_margin10,46,single_rater_weak
2025_10_07_RSFB-Phenotyping_WG1_JLU/2025_10_07_RSFB-Phenotyping_WG1_JLU/20251007_123447.jpg,plot_5376d6ca9264ae701f00,wg_insects_t1_bbch10,/home/nfs/data/nvme_datasets/Pictures_CFSB_leaf_damage/2025_10_07_RSFB-Phenotyping_WG1_JLU/2025_10_07_RSFB-Phenotyping_WG1_JLU/20251007_123447.jpg,13.0,3.3851888179779053,3.9391181468963623,0.553929328918457,9.060881614685059,9.614810943603516,rank_margin10,46,single_rater_weak
2025_10_07_RSFB-Phenotyping_WG1_JLU/2025_10_07_RSFB-Phenotyping_WG1_JLU/20251007_123532.jpg,plot_d5f098880d5fe99c5c45,wg_insects_t1_bbch10,/home/nfs/data/nvme_datasets/Pictures_CFSB_leaf_damage/2025_10_07_RSFB-Phenotyping_WG1_JLU/2025_10_07_RSFB-Phenotyping_WG1_JLU/20251007_123532.jpg,20.0,3.4544196128845215,4.651858329772949,1.1974389553070068,15.34814167022705,16.54557991027832,rank_margin10,46,single_rater_weak
2025_10_07_RSFB-Phenotyping_WG1_JLU/2025_10_07_RSFB-Phenotyping_WG1_JLU/20251007_123539.jpg,plot_d5f098880d5fe99c5c45,wg_insects_t1_bbch10,/home/nfs/data/nvme_datasets/Pictures_CFSB_leaf_damage/2025_10_07_RSFB-Phenotyping_WG1_JLU/2025_10_07_RSFB-Phenotyping_WG1_JLU/20251007_123539.jpg,12.0,2.321375846862793,3.405487537384033,1.0841116905212402,8.594512939453125,9.678624153137207,rank_margin10,46,single_rater_weak
2025_10_07_RSFB-Phenotyping_WG1_JLU/2025_10_07_RSFB-Phenotyping_WG1_JLU/20251007_123547.jpg,plot_d5f098880d5fe99c5c45,wg_insects_t1_bbch10,/home/nfs/data/nvme_datasets/Pictures_CFSB_leaf_damage/2025_10_07_RSFB-Phenotyping_WG1_JLU/2025_10_07_RSFB-Phenotyping_WG1_JLU/20251007_123547.jpg,13.0,3.311077117919922,3.485994577407837,0.17491750419139862,9.514005661010742,9.688922882080078,rank_margin10,46,single_rater_weak
2025_10_07_RSFB-Phenotyping_WG1_JLU/2025_10_07_RSFB-Phenotyping_WG1_JLU/20251007_123909.jpg,plot_ce610e311fd3804fd70f,wg_insects_t1_bbch10,/home/nfs/data/nvme_datasets/Pictures_CFSB_leaf_damage/2025_10_07_RSFB-Phenotyping_WG1_JLU/2025_10_07_RSFB-Phenotyping_WG1_JLU/20251007_123909.jpg,11.0,4.964158058166504,6.076004505157471,1.1118465662002563,4.923995494842529,6.035841941833496,rank_margin10,46,single_rater_weak
2025_10_07_RSFB-Phenotyping_WG1_JLU/2025_10_07_RSFB-Phenotyping_WG1_JLU/20251007_123914.jpg,plot_ce610e311fd3804fd70f,wg_insects_t1_bbch10,/home/nfs/data/nvme_datasets/Pictures_CFSB_leaf_damage/2025_10_07_RSFB-Phenotyping_WG1_JLU/2025_10_07_RSFB-Phenotyping_WG1_JLU/20251007_123914.jpg,20.0,9.381425857543945,10.196826934814453,0.8154006004333496,9.803173065185547,10.618574142456055,rank_margin10,46,single_rater_weak
2025_10_07_RSFB-Phenotyping_WG1_JLU/2025_10_07_RSFB-Phenotyping_WG1_JLU/20251007_123921.jpg,plot_ce610e311fd3804fd70f,wg_insects_t1_bbch10,/home/nfs/data/nvme_datasets/Pictures_CFSB_leaf_damage/2025_10_07_RSFB-Phenotyping_WG1_JLU/2025_10_07_RSFB-Phenotyping_WG1_JLU/20251007_123921.jpg,30.0,4.31261682510376,5.028575897216797,0.7159591913223267,24.971424102783203,25.6873836517334,rank_margin10,46,single_rater_weak
2025_10_07_RSFB-Phenotyping_WG1_JLU/2025_10_07_RSFB-Phenotyping_WG1_JLU/20251007_124014.jpg,plot_36dd18c100e387b80070,wg_insects_t1_bbch10,/home/nfs/data/nvme_datasets/Pictures_CFSB_leaf_damage/2025_10_07_RSFB-Phenotyping_WG1_JLU/2025_10_07_RSFB-Phenotyping_WG1_JLU/20251007_124014.jpg,15.0,3.4827702045440674,3.3505451679229736,-0.13222509622573853,11.649455070495605,11.517230033874512,rank_margin10,46,single_rater_weak
2025_10_07_RSFB-Phenotyping_WG1_JLU/2025_10_07_RSFB-Phenotyping_WG1_JLU/20251007_124022.jpg,plot_36dd18c100e387b80070,wg_insects_t1_bbch10,/home/nfs/data/nvme_datasets/Pictures_CFSB_leaf_damage/2025_10_07_RSFB-Phenotyping_WG1_JLU/2025_10_07_RSFB-Phenotyping_WG1_JLU/20251007_124022.jpg,8.0,2.8534040451049805,2.597644567489624,-0.2557595372200012,5.402355194091797,5.1465959548950195,rank_margin10,46,single_rater_weak
2025_10_07_RSFB-Phenotyping_WG1_JLU/2025_10_07_RSFB-Phenotyping_WG1_JLU/20251007_124030.jpg,plot_36dd18c100e387b80070,wg_insects_t1_bbch10,/home/nfs/data/nvme_datasets/Pictures_CFSB_leaf_damage/2025_10_07_RSFB-Phenotyping_WG1_JLU/2025_10_07_RSFB-Phenotyping_WG1_JLU/20251007_124030.jpg,16.0,2.6281394958496094,2.325432062149048,-0.3027074933052063,13.674568176269531,13.37186050415039,rank_margin10,46,single_rater_weak
2025_10_07_RSFB-Phenotyping_WG1_JLU/2025_10_07_RSFB-Phenotyping_WG1_JLU/20251007_124053.jpg,plot_889f7fb2862c28cdffc0,wg_insects_t1_bbch10,/home/nfs/data/nvme_datasets/Pictures_CFSB_leaf_damage/2025_10_07_RSFB-Phenotyping_WG1_JLU/2025_10_07_RSFB-Phenotyping_WG1_JLU/20251007_124053.jpg,23.0,5.3067169189453125,5.365628719329834,0.05891196057200432,17.634370803833008,17.693283081054688,rank_margin10,46,single_rater_weak
2025_10_07_RSFB-Phenotyping_WG1_JLU/2025_10_07_RSFB-Phenotyping_WG1_JLU/20251007_124059.jpg,plot_889f7fb2862c28cdffc0,wg_insects_t1_bbch10,/home/nfs/data/nvme_datasets/Pictures_CFSB_leaf_damage/2025_10_07_RSFB-Phenotyping_WG1_JLU/2025_10_07_RSFB-Phenotyping_WG1_JLU/20251007_124059.jpg,18.0,3.7989397048950195,3.5014452934265137,-0.297494500875473,14.498554229736328,14.20106029510498,rank_margin10,46,single_rater_weak
2025_10_07_RSFB-Phenotyping_WG1_JLU/2025_10_07_RSFB-Phenotyping_WG1_JLU/20251007_124105.jpg,plot_889f7fb2862c28cdffc0,wg_insects_t1_bbch10,/home/nfs/data/nvme_datasets/Pictures_CFSB_leaf_damage/2025_10_07_RSFB-Phenotyping_WG1_JLU/2025_10_07_RSFB-Phenotyping_WG1_JLU/20251007_124105.jpg,16.0,2.2455992698669434,3.5321781635284424,1.286578893661499,12.467822074890137,13.754400253295898,rank_margin10,46,single_rater_weak
2025_10_07_RSFB-Phenotyping_WG1_JLU/2025_10_07_RSFB-Phenotyping_WG1_JLU/20251007_124124.jpg,plot_23b2c1fc8e3b2e0f4a47,wg_insects_t1_bbch10,/home/nfs/data/nvme_datasets/Pictures_CFSB_leaf_damage/2025_10_07_RSFB-Phenotyping_WG1_JLU/2025_10_07_RSFB-Phenotyping_WG1_JLU/20251007_124124.jpg,12.0,6.795008659362793,7.694456100463867,0.8994474411010742,4.305543899536133,5.204991340637207,rank_margin10,46,single_rater_weak
2025_10_07_RSFB-Phenotyping_WG1_JLU/2025_10_07_RSFB-Phenotyping_WG1_JLU/20251007_124129.jpg,plot_23b2c1fc8e3b2e0f4a47,wg_insects_t1_bbch10,/home/nfs/data/nvme_datasets/Pictures_CFSB_leaf_damage/2025_10_07_RSFB-Phenotyping_WG1_JLU/2025_10_07_RSFB-Phenotyping_WG1_JLU/20251007_124129.jpg,14.0,3.328845500946045,3.4277074337005615,0.09886201471090317,10.57229232788086,10.671154022216797,rank_margin10,46,single_rater_weak
2025_10_07_RSFB-Phenotyping_WG1_JLU/2025_10_07_RSFB-Phenotyping_WG1_JLU/20251007_124137.jpg,plot_23b2c1fc8e3b2e0f4a47,wg_insects_t1_bbch10,/home/nfs/data/nvme_datasets/Pictures_CFSB_leaf_damage/2025_10_07_RSFB-Phenotyping_WG1_JLU/2025_10_07_RSFB-Phenotyping_WG1_JLU/20251007_124137.jpg,10.0,2.8852286338806152,3.2086586952209473,0.3234301507472992,6.791341304779053,7.114771366119385,rank_margin10,46,single_rater_weak
2025_10_07_RSFB-Phenotyping_WG1_JLU/2025_10_07_RSFB-Phenotyping_WG1_JLU/20251007_124155.jpg,plot_ffa55cfddd27e01d2d64,wg_insects_t1_bbch10,/home/nfs/data/nvme_datasets/Pictures_CFSB_leaf_damage/2025_10_07_RSFB-Phenotyping_WG1_JLU/2025_10_07_RSFB-Phenotyping_WG1_JLU/20251007_124155.jpg,13.0,2.1790571212768555,2.8171510696411133,0.638093888759613,10.182848930358887,10.820942878723145,rank_margin10,46,single_rater_weak
2025_10_07_RSFB-Phenotyping_WG1_JLU/2025_10_07_RSFB-Phenotyping_WG1_JLU/20251007_124201.jpg,plot_ffa55cfddd27e01d2d64,wg_insects_t1_bbch10,/home/nfs/data/nvme_datasets/Pictures_CFSB_leaf_damage/2025_10_07_RSFB-Phenotyping_WG1_JLU/2025_10_07_RSFB-Phenotyping_WG1_JLU/20251007_124201.jpg,12.0,3.7245934009552,3.7799530029296875,0.055359646677970886,8.220046997070312,8.275406837463379,rank_margin10,46,single_rater_weak
2025_10_07_RSFB-Phenotyping_WG1_JLU/2025_10_07_RSFB-Phenotyping_WG1_JLU/20251007_124209.jpg,plot_ffa55cfddd27e01d2d64,wg_insects_t1_bbch10,/home/nfs/data/nvme_datasets/Pictures_CFSB_leaf_damage/2025_10_07_RSFB-Phenotyping_WG1_JLU/2025_10_07_RSFB-Phenotyping_WG1_JLU/20251007_124209.jpg,10.0,3.0835304260253906,3.094939708709717,0.011409386992454529,6.905060291290283,6.916469573974609,rank_margin10,46,single_rater_weak
2025_10_07_RSFB-Phenotyping_WG1_JLU/2025_10_07_RSFB-Phenotyping_WG1_JLU/20251007_124230.jpg,plot_aa5da56c4ff5909660ca,wg_insects_t1_bbch10,/home/nfs/data/nvme_datasets/Pictures_CFSB_leaf_damage/2025_10_07_RSFB-Phenotyping_WG1_JLU/2025_10_07_RSFB-Phenotyping_WG1_JLU/20251007_124230.jpg,28.0,3.2433133125305176,3.715541124343872,0.47222790122032166,24.28445816040039,24.75668716430664,rank_margin10,46,single_rater_weak
2025_10_07_RSFB-Phenotyping_WG1_JLU/2025_10_07_RSFB-Phenotyping_WG1_JLU/20251007_124238.jpg,plot_aa5da56c4ff5909660ca,wg_insects_t1_bbch10,/home/nfs/data/nvme_datasets/Pictures_CFSB_leaf_damage/2025_10_07_RSFB-Phenotyping_WG1_JLU/2025_10_07_RSFB-Phenotyping_WG1_JLU/20251007_124238.jpg,16.0,2.591799259185791,3.3658485412597656,0.7740494012832642,12.634151458740234,13.408201217651367,rank_margin10,46,single_rater_weak
2025_10_07_RSFB-Phenotyping_WG1_JLU/2025_10_07_RSFB-Phenotyping_WG1_JLU/20251007_124243.jpg,plot_aa5da56c4ff5909660ca,wg_insects_t1_bbch10,/home/nfs/data/nvme_datasets/Pictures_CFSB_leaf_damage/2025_10_07_RSFB-Phenotyping_WG1_JLU/2025_10_07_RSFB-Phenotyping_WG1_JLU/20251007_124243.jpg,12.0,2.447098731994629,2.8224921226501465,0.3753933310508728,9.177507400512695,9.552901268005371,rank_margin10,46,single_rater_weak
2025_10_07_RSFB-Phenotyping_WG1_JLU/2025_10_07_RSFB-Phenotyping_WG1_JLU/20251007_124300.jpg,plot_35efb5a57785c98bb5f9,wg_insects_t1_bbch10,/home/nfs/data/nvme_datasets/Pictures_CFSB_leaf_damage/2025_10_07_RSFB-Phenotyping_WG1_JLU/2025_10_07_RSFB-Phenotyping_WG1_JLU/20251007_124300.jpg,12.0,3.4735465049743652,4.538181304931641,1.0646345615386963,7.461818695068359,8.526453018188477,rank_margin10,46,single_rater_weak
2025_10_07_RSFB-Phenotyping_WG1_JLU/2025_10_07_RSFB-Phenotyping_WG1_JLU/20251007_124307.jpg,plot_35efb5a57785c98bb5f9,wg_insects_t1_bbch10,/home/nfs/data/nvme_datasets/Pictures_CFSB_leaf_damage/2025_10_07_RSFB-Phenotyping_WG1_JLU/2025_10_07_RSFB-Phenotyping_WG1_JLU/20251007_124307.jpg,18.0,3.440424919128418,3.970529556274414,0.5301047563552856,14.029470443725586,14.559575080871582,rank_margin10,46,single_rater_weak
2025_10_07_RSFB-Phenotyping_WG1_JLU/2025_10_07_RSFB-Phenotyping_WG1_JLU/20251007_124313.jpg,plot_35efb5a57785c98bb5f9,wg_insects_t1_bbch10,/home/nfs/data/nvme_datasets/Pictures_CFSB_leaf_damage/2025_10_07_RSFB-Phenotyping_WG1_JLU/2025_10_07_RSFB-Phenotyping_WG1_JLU/20251007_124313.jpg,8.0,2.8413777351379395,2.6572699546813965,-0.18410778045654297,5.3427300453186035,5.1586222648620605,rank_margin10,46,single_rater_weak
2025_10_07_RSFB-Phenotyping_WG1_JLU/2025_10_07_RSFB-Phenotyping_WG1_JLU/20251007_124330.jpg,plot_4a2b6d595624fca09293,wg_insects_t1_bbch10,/home/nfs/data/nvme_datasets/Pictures_CFSB_leaf_damage/2025_10_07_RSFB-Phenotyping_WG1_JLU/2025_10_07_RSFB-Phenotyping_WG1_JLU/20251007_124330.jpg,10.0,2.5948476791381836,3.117748975753784,0.5229012966156006,6.882250785827637,7.405152320861816,rank_margin10,46,single_rater_weak
2025_10_07_RSFB-Phenotyping_WG1_JLU/2025_10_07_RSFB-Phenotyping_WG1_JLU/20251007_124338.jpg,plot_4a2b6d595624fca09293,wg_insects_t1_bbch10,/home/nfs/data/nvme_datasets/Pictures_CFSB_leaf_damage/2025_10_07_RSFB-Phenotyping_WG1_JLU/2025_10_07_RSFB-Phenotyping_WG1_JLU/20251007_124338.jpg,4.0,3.518507480621338,3.29160737991333,-0.22690001130104065,0.7083926200866699,0.4814925193786621,rank_margin10,46,single_rater_weak
2025_10_07_RSFB-Phenotyping_WG1_JLU/2025_10_07_RSFB-Phenotyping_WG1_JLU/20251007_124344.jpg,plot_4a2b6d595624fca09293,wg_insects_t1_bbch10,/home/nfs/data/nvme_datasets/Pictures_CFSB_leaf_damage/2025_10_07_RSFB-Phenotyping_WG1_JLU/2025_10_07_RSFB-Phenotyping_WG1_JLU/20251007_124344.jpg,11.0,3.096172332763672,3.6960010528564453,0.5998287200927734,7.303998947143555,7.903827667236328,rank_margin10,46,single_rater_weak
2025_10_07_RSFB-Phenotyping_WG1_JLU/2025_10_07_RSFB-Phenotyping_WG1_JLU/20251007_124402.jpg,plot_ad7477c4df0f7a524ad1,wg_insects_t1_bbch10,/home/nfs/data/nvme_datasets/Pictures_CFSB_leaf_damage/2025_10_07_RSFB-Phenotyping_WG1_JLU/2025_10_07_RSFB-Phenotyping_WG1_JLU/20251007_124402.jpg,12.0,2.711087703704834,3.260169267654419,0.549081563949585,8.73983097076416,9.288911819458008,rank_margin10,46,single_rater_weak
2025_10_07_RSFB-Phenotyping_WG1_JLU/2025_10_07_RSFB-Phenotyping_WG1_JLU/20251007_124409.jpg,plot_ad7477c4df0f7a524ad1,wg_insects_t1_bbch10,/home/nfs/data/nvme_datasets/Pictures_CFSB_leaf_damage/2025_10_07_RSFB-Phenotyping_WG1_JLU/2025_10_07_RSFB-Phenotyping_WG1_JLU/20251007_124409.jpg,10.0,3.159029483795166,3.2284798622131348,0.06945037096738815,6.771520137786865,6.840970516204834,rank_margin10,46,single_rater_weak
2025_10_07_RSFB-Phenotyping_WG1_JLU/2025_10_07_RSFB-Phenotyping_WG1_JLU/20251007_124415.jpg,plot_ad7477c4df0f7a524ad1,wg_insects_t1_bbch10,/home/nfs/data/nvme_datasets/Pictures_CFSB_leaf_damage/2025_10_07_RSFB-Phenotyping_WG1_JLU/2025_10_07_RSFB-Phenotyping_WG1_JLU/20251007_124415.jpg,8.0,3.725750684738159,3.8424222469329834,0.11667163670063019,4.1575775146484375,4.274249076843262,rank_margin10,46,single_rater_weak
2025_10_07_RSFB-Phenotyping_WG1_JLU/2025_10_07_RSFB-Phenotyping_WG1_JLU/20251007_124434.jpg,plot_f84b4c2802871c1b5e0f,wg_insects_t1_bbch10,/home/nfs/data/nvme_datasets/Pictures_CFSB_leaf_damage/2025_10_07_RSFB-Phenotyping_WG1_JLU/2025_10_07_RSFB-Phenotyping_WG1_JLU/20251007_124434.jpg,12.0,2.850200653076172,3.493809223175049,0.643608570098877,8.50619125366211,9.149799346923828,rank_margin10,46,single_rater_weak
2025_10_07_RSFB-Phenotyping_WG1_JLU/2025_10_07_RSFB-Phenotyping_WG1_JLU/20251007_124441.jpg,plot_f84b4c2802871c1b5e0f,wg_insects_t1_bbch10,/home/nfs/data/nvme_datasets/Pictures_CFSB_leaf_damage/2025_10_07_RSFB-Phenotyping_WG1_JLU/2025_10_07_RSFB-Phenotyping_WG1_JLU/20251007_124441.jpg,18.0,4.904670715332031,5.376694202423096,0.47202348709106445,12.623306274414062,13.095329284667969,rank_margin10,46,single_rater_weak
2025_10_07_RSFB-Phenotyping_WG1_JLU/2025_10_07_RSFB-Phenotyping_WG1_JLU/20251007_124451.jpg,plot_f84b4c2802871c1b5e0f,wg_insects_t1_bbch10,/home/nfs/data/nvme_datasets/Pictures_CFSB_leaf_damage/2025_10_07_RSFB-Phenotyping_WG1_JLU/2025_10_07_RSFB-Phenotyping_WG1_JLU/20251007_124451.jpg,8.0,3.306394577026367,2.898960590362549,-0.4074338674545288,5.101039409637451,4.693605422973633,rank_margin10,46,single_rater_weak
2025_10_07_RSFB-Phenotyping_WG1_JLU/2025_10_07_RSFB-Phenotyping_WG1_JLU/20251007_124508.jpg,plot_a4b50325dbf9a5ebc276,wg_insects_t1_bbch10,/home/nfs/data/nvme_datasets/Pictures_CFSB_leaf_damage/2025_10_07_RSFB-Phenotyping_WG1_JLU/2025_10_07_RSFB-Phenotyping_WG1_JLU/20251007_124508.jpg,2.0,4.245302200317383,4.713584899902344,0.4682827293872833,2.7135848999023438,2.245302200317383,rank_margin10,46,single_rater_weak
2025_10_07_RSFB-Phenotyping_WG1_JLU/2025_10_07_RSFB-Phenotyping_WG1_JLU/20251007_124515.jpg,plot_a4b50325dbf9a5ebc276,wg_insects_t1_bbch10,/home/nfs/data/nvme_datasets/Pictures_CFSB_leaf_damage/2025_10_07_RSFB-Phenotyping_WG1_JLU/2025_10_07_RSFB-Phenotyping_WG1_JLU/20251007_124515.jpg,30.0,3.905153512954712,4.584193229675293,0.6790398955345154,25.41580581665039,26.094846725463867,rank_margin10,46,single_rater_weak
2025_10_07_RSFB-Phenotyping_WG1_JLU/2025_10_07_RSFB-Phenotyping_WG1_JLU/20251007_124522.jpg,plot_a4b50325dbf9a5ebc276,wg_insects_t1_bbch10,/home/nfs/data/nvme_datasets/Pictures_CFSB_leaf_damage/2025_10_07_RSFB-Phenotyping_WG1_JLU/2025_10_07_RSFB-Phenotyping_WG1_JLU/20251007_124522.jpg,5.0,3.4093945026397705,3.0794167518615723,-0.3299778699874878,1.9205832481384277,1.5906054973602295,rank_margin10,46,single_rater_weak
2025_10_07_RSFB-Phenotyping_WG1_JLU/2025_10_07_RSFB-Phenotyping_WG1_JLU/20251007_124541.jpg,plot_9f72b83c4f2e8431403c,wg_insects_t1_bbch10,/home/nfs/data/nvme_datasets/Pictures_CFSB_leaf_damage/2025_10_07_RSFB-Phenotyping_WG1_JLU/2025_10_07_RSFB-Phenotyping_WG1_JLU/20251007_124541.jpg,20.0,4.667478084564209,5.591030120849609,0.9235520362854004,14.40896987915039,15.332521438598633,rank_margin10,46,single_rater_weak
2025_10_07_RSFB-Phenotyping_WG1_JLU/2025_10_07_RSFB-Phenotyping_WG1_JLU/20251007_124548.jpg,plot_9f72b83c4f2e8431403c,wg_insects_t1_bbch10,/home/nfs/data/nvme_datasets/Pictures_CFSB_leaf_damage/2025_10_07_RSFB-Phenotyping_WG1_JLU/2025_10_07_RSFB-Phenotyping_WG1_JLU/20251007_124548.jpg,12.0,2.6590452194213867,4.024502754211426,1.365457534790039,7.975497245788574,9.340954780578613,rank_margin10,46,single_rater_weak
2025_10_07_RSFB-Phenotyping_WG1_JLU/2025_10_07_RSFB-Phenotyping_WG1_JLU/20251007_124555.jpg,plot_9f72b83c4f2e8431403c,wg_insects_t1_bbch10,/home/nfs/data/nvme_datasets/Pictures_CFSB_leaf_damage/2025_10_07_RSFB-Phenotyping_WG1_JLU/2025_10_07_RSFB-Phenotyping_WG1_JLU/20251007_124555.jpg,9.0,5.466080665588379,7.032444953918457,1.5663645267486572,1.967555046081543,3.533919334411621,rank_margin10,46,single_rater_weak
2025_10_07_RSFB-Phenotyping_WG1_JLU/2025_10_07_RSFB-Phenotyping_WG1_JLU/20251007_124614.jpg,plot_f847dbaff653f4b20c89,wg_insects_t1_bbch10,/home/nfs/data/nvme_datasets/Pictures_CFSB_leaf_damage/2025_10_07_RSFB-Phenotyping_WG1_JLU/2025_10_07_RSFB-Phenotyping_WG1_JLU/20251007_124614.jpg,8.0,2.7289767265319824,3.1706998348236084,0.44172313809394836,4.8292999267578125,5.271023273468018,rank_margin10,46,single_rater_weak
2025_10_07_RSFB-Phenotyping_WG1_JLU/2025_10_07_RSFB-Phenotyping_WG1_JLU/20251007_124621.jpg,plot_f847dbaff653f4b20c89,wg_insects_t1_bbch10,/home/nfs/data/nvme_datasets/Pictures_CFSB_leaf_damage/2025_10_07_RSFB-Phenotyping_WG1_JLU/2025_10_07_RSFB-Phenotyping_WG1_JLU/20251007_124621.jpg,12.0,4.877145767211914,4.729333877563477,-0.1478120982646942,7.270666122436523,7.122854232788086,rank_margin10,46,single_rater_weak
2025_10_07_RSFB-Phenotyping_WG1_JLU/2025_10_07_RSFB-Phenotyping_WG1_JLU/20251007_124628.jpg,plot_f847dbaff653f4b20c89,wg_insects_t1_bbch10,/home/nfs/data/nvme_datasets/Pictures_CFSB_leaf_damage/2025_10_07_RSFB-Phenotyping_WG1_JLU/2025_10_07_RSFB-Phenotyping_WG1_JLU/20251007_124628.jpg,8.0,5.704566955566406,6.119657039642334,0.41509029269218445,1.880342960357666,2.2954330444335938,rank_margin10,46,single_rater_weak
2025_10_07_RSFB-Phenotyping_WG1_JLU/2025_10_07_RSFB-Phenotyping_WG1_JLU/20251007_124649.jpg,plot_e594a79ebb12e0ace7b1,wg_insects_t1_bbch10,/home/nfs/data/nvme_datasets/Pictures_CFSB_leaf_damage/2025_10_07_RSFB-Phenotyping_WG1_JLU/2025_10_07_RSFB-Phenotyping_WG1_JLU/20251007_124649.jpg,3.0,3.312309741973877,3.700763702392578,0.3884539008140564,0.7007637023925781,0.31230974197387695,rank_margin10,46,single_rater_weak
2025_10_07_RSFB-Phenotyping_WG1_JLU/2025_10_07_RSFB-Phenotyping_WG1_JLU/20251007_124656.jpg,plot_e594a79ebb12e0ace7b1,wg_insects_t1_bbch10,/home/nfs/data/nvme_datasets/Pictures_CFSB_leaf_damage/2025_10_07_RSFB-Phenotyping_WG1_JLU/2025_10_07_RSFB-Phenotyping_WG1_JLU/20251007_124656.jpg,20.0,7.9487810134887695,7.769059181213379,-0.17972177267074585,12.230940818786621,12.05121898651123,rank_margin10,46,single_rater_weak
2025_10_07_RSFB-Phenotyping_WG1_JLU/2025_10_07_RSFB-Phenotyping_WG1_JLU/20251007_124703.jpg,plot_e594a79ebb12e0ace7b1,wg_insects_t1_bbch10,/home/nfs/data/nvme_datasets/Pictures_CFSB_leaf_damage/2025_10_07_RSFB-Phenotyping_WG1_JLU/2025_10_07_RSFB-Phenotyping_WG1_JLU/20251007_124703.jpg,25.0,5.641627788543701,6.352639198303223,0.7110111713409424,18.647361755371094,19.35837173461914,rank_margin10,46,single_rater_weak
2025_10_07_RSFB-Phenotyping_WG1_JLU/2025_10_07_RSFB-Phenotyping_WG1_JLU/20251007_124721.jpg,plot_b6e7174d690b75e292ff,wg_insects_t1_bbch10,/home/nfs/data/nvme_datasets/Pictures_CFSB_leaf_damage/2025_10_07_RSFB-Phenotyping_WG1_JLU/2025_10_07_RSFB-Phenotyping_WG1_JLU/20251007_124721.jpg,12.0,2.765319347381592,3.689473867416382,0.9241544604301453,8.310525894165039,9.23468017578125,rank_margin10,46,single_rater_weak
2025_10_07_RSFB-Phenotyping_WG1_JLU/2025_10_07_RSFB-Phenotyping_WG1_JLU/20251007_124729.jpg,plot_b6e7174d690b75e292ff,wg_insects_t1_bbch10,/home/nfs/data/nvme_datasets/Pictures_CFSB_leaf_damage/2025_10_07_RSFB-Phenotyping_WG1_JLU/2025_10_07_RSFB-Phenotyping_WG1_JLU/20251007_124729.jpg,4.0,4.355000972747803,4.124594211578369,-0.23040691018104553,0.12459421157836914,0.35500097274780273,rank_margin10,46,single_rater_weak
2025_10_07_RSFB-Phenotyping_WG1_JLU/2025_10_07_RSFB-Phenotyping_WG1_JLU/20251007_124735.jpg,plot_b6e7174d690b75e292ff,wg_insects_t1_bbch10,/home/nfs/data/nvme_datasets/Pictures_CFSB_leaf_damage/2025_10_07_RSFB-Phenotyping_WG1_JLU/2025_10_07_RSFB-Phenotyping_WG1_JLU/20251007_124735.jpg,4.0,3.692852735519409,3.3793039321899414,-0.3135487735271454,0.6206960678100586,0.3071472644805908,rank_margin10,46,single_rater_weak
2025_10_07_RSFB-Phenotyping_WG1_JLU/2025_10_07_RSFB-Phenotyping_WG1_JLU/20251007_124753.jpg,plot_2e3302092fee0c5ce1fa,wg_insects_t1_bbch10,/home/nfs/data/nvme_datasets/Pictures_CFSB_leaf_damage/2025_10_07_RSFB-Phenotyping_WG1_JLU/2025_10_07_RSFB-Phenotyping_WG1_JLU/20251007_124753.jpg,4.0,1.9722185134887695,2.341583728790283,0.3693653345108032,1.6584162712097168,2.0277814865112305,rank_margin10,46,single_rater_weak
2025_10_07_RSFB-Phenotyping_WG1_JLU/2025_10_07_RSFB-Phenotyping_WG1_JLU/20251007_124800.jpg,plot_2e3302092fee0c5ce1fa,wg_insects_t1_bbch10,/home/nfs/data/nvme_datasets/Pictures_CFSB_leaf_damage/2025_10_07_RSFB-Phenotyping_WG1_JLU/2025_10_07_RSFB-Phenotyping_WG1_JLU/20251007_124800.jpg,4.0,2.916233539581299,2.4480392932891846,-0.46819430589675903,1.5519607067108154,1.0837664604187012,rank_margin10,46,single_rater_weak
2025_10_07_RSFB-Phenotyping_WG1_JLU/2025_10_07_RSFB-Phenotyping_WG1_JLU/20251007_124805.jpg,plot_2e3302092fee0c5ce1fa,wg_insects_t1_bbch10,/home/nfs/data/nvme_datasets/Pictures_CFSB_leaf_damage/2025_10_07_RSFB-Phenotyping_WG1_JLU/2025_10_07_RSFB-Phenotyping_WG1_JLU/20251007_124805.jpg,5.0,2.17692232131958,1.8657149076461792,-0.31120744347572327,3.1342849731445312,2.82307767868042,rank_margin10,46,single_rater_weak
2025_10_07_RSFB-Phenotyping_WG1_JLU/2025_10_07_RSFB-Phenotyping_WG1_JLU/20251007_124823.jpg,plot_4398ed881510f755e158,wg_insects_t1_bbch10,/home/nfs/data/nvme_datasets/Pictures_CFSB_leaf_damage/2025_10_07_RSFB-Phenotyping_WG1_JLU/2025_10_07_RSFB-Phenotyping_WG1_JLU/20251007_124823.jpg,3.0,2.7188291549682617,3.3961167335510254,0.6772876381874084,0.3961167335510254,0.2811708450317383,rank_margin10,46,single_rater_weak
2025_10_07_RSFB-Phenotyping_WG1_JLU/2025_10_07_RSFB-Phenotyping_WG1_JLU/20251007_124830.jpg,plot_4398ed881510f755e158,wg_insects_t1_bbch10,/home/nfs/data/nvme_datasets/Pictures_CFSB_leaf_damage/2025_10_07_RSFB-Phenotyping_WG1_JLU/2025_10_07_RSFB-Phenotyping_WG1_JLU/20251007_124830.jpg,8.0,2.671842575073242,2.9211015701293945,0.2492588758468628,5.0788984298706055,5.328157424926758,rank_margin10,46,single_rater_weak
2025_10_07_RSFB-Phenotyping_WG1_JLU/2025_10_07_RSFB-Phenotyping_WG1_JLU/20251007_124837.jpg,plot_4398ed881510f755e158,wg_insects_t1_bbch10,/home/nfs/data/nvme_datasets/Pictures_CFSB_leaf_damage/2025_10_07_RSFB-Phenotyping_WG1_JLU/2025_10_07_RSFB-Phenotyping_WG1_JLU/20251007_124837.jpg,4.0,3.6518731117248535,3.3542747497558594,-0.297598272562027,0.6457252502441406,0.3481268882751465,rank_margin10,46,single_rater_weak
2025_10_07_RSFB-Phenotyping_WG1_JLU/2025_10_07_RSFB-Phenotyping_WG1_JLU/20251007_124855.jpg,plot_d1b3af3b3e502faffee0,wg_insects_t1_bbch10,/home/nfs/data/nvme_datasets/Pictures_CFSB_leaf_damage/2025_10_07_RSFB-Phenotyping_WG1_JLU/2025_10_07_RSFB-Phenotyping_WG1_JLU/20251007_124855.jpg,15.0,2.9822254180908203,3.151984453201294,0.16975906491279602,11.848015785217285,12.01777458190918,rank_margin10,46,single_rater_weak
2025_10_07_RSFB-Phenotyping_WG1_JLU/2025_10_07_RSFB-Phenotyping_WG1_JLU/20251007_124903.jpg,plot_d1b3af3b3e502faffee0,wg_insects_t1_bbch10,/home/nfs/data/nvme_datasets/Pictures_CFSB_leaf_damage/2025_10_07_RSFB-Phenotyping_WG1_JLU/2025_10_07_RSFB-Phenotyping_WG1_JLU/20251007_124903.jpg,6.0,3.86490535736084,3.694521427154541,-0.17038403451442719,2.305478572845459,2.13509464263916,rank_margin10,46,single_rater_weak
2025_10_07_RSFB-Phenotyping_WG1_JLU/2025_10_07_RSFB-Phenotyping_WG1_JLU/20251007_124910.jpg,plot_d1b3af3b3e502faffee0,wg_insects_t1_bbch10,/home/nfs/data/nvme_datasets/Pictures_CFSB_leaf_damage/2025_10_07_RSFB-Phenotyping_WG1_JLU/2025_10_07_RSFB-Phenotyping_WG1_JLU/20251007_124910.jpg,4.0,2.5981149673461914,2.8878936767578125,0.2897786796092987,1.1121063232421875,1.4018850326538086,rank_margin10,46,single_rater_weak
2025_10_07_RSFB-Phenotyping_WG1_JLU/2025_10_07_RSFB-Phenotyping_WG1_JLU/20251007_124927.jpg,plot_28f8f26420203e55d179,wg_insects_t1_bbch10,/home/nfs/data/nvme_datasets/Pictures_CFSB_leaf_damage/2025_10_07_RSFB-Phenotyping_WG1_JLU/2025_10_07_RSFB-Phenotyping_WG1_JLU/20251007_124927.jpg,8.0,3.0702357292175293,3.1170456409454346,0.046809956431388855,4.8829545974731445,4.929764270782471,rank_margin10,46,single_rater_weak
2025_10_07_RSFB-Phenotyping_WG1_JLU/2025_10_07_RSFB-Phenotyping_WG1_JLU/20251007_124934.jpg,plot_28f8f26420203e55d179,wg_insects_t1_bbch10,/home/nfs/data/nvme_datasets/Pictures_CFSB_leaf_damage/2025_10_07_RSFB-Phenotyping_WG1_JLU/2025_10_07_RSFB-Phenotyping_WG1_JLU/20251007_124934.jpg,4.0,3.246939182281494,4.021457672119141,0.7745185494422913,0.021457672119140625,0.7530608177185059,rank_margin10,46,single_rater_weak
2025_10_07_RSFB-Phenotyping_WG1_JLU/2025_10_07_RSFB-Phenotyping_WG1_JLU/20251007_124942.jpg,plot_28f8f26420203e55d179,wg_insects_t1_bbch10,/home/nfs/data/nvme_datasets/Pictures_CFSB_leaf_damage/2025_10_07_RSFB-Phenotyping_WG1_JLU/2025_10_07_RSFB-Phenotyping_WG1_JLU/20251007_124942.jpg,8.0,3.001779079437256,3.1052370071411133,0.10345792770385742,4.894762992858887,4.998220920562744,rank_margin10,46,single_rater_weak
2025_10_07_RSFB-Phenotyping_WG1_JLU/2025_10_07_RSFB-Phenotyping_WG1_JLU/20251007_125005.jpg,plot_148d445959f73cc35e04,wg_insects_t1_bbch10,/home/nfs/data/nvme_datasets/Pictures_CFSB_leaf_damage/2025_10_07_RSFB-Phenotyping_WG1_JLU/2025_10_07_RSFB-Phenotyping_WG1_JLU/20251007_125005.jpg,4.0,3.5455102920532227,4.471450328826904,0.9259399175643921,0.4714503288269043,0.45448970794677734,rank_margin10,46,single_rater_weak
2025_10_07_RSFB-Phenotyping_WG1_JLU/2025_10_07_RSFB-Phenotyping_WG1_JLU/20251007_125013.jpg,plot_148d445959f73cc35e04,wg_insects_t1_bbch10,/home/nfs/data/nvme_datasets/Pictures_CFSB_leaf_damage/2025_10_07_RSFB-Phenotyping_WG1_JLU/2025_10_07_RSFB-Phenotyping_WG1_JLU/20251007_125013.jpg,3.0,2.306025505065918,2.9312920570373535,0.6252666711807251,0.06870794296264648,0.693974494934082,rank_margin10,46,single_rater_weak
2025_10_07_RSFB-Phenotyping_WG1_JLU/2025_10_07_RSFB-Phenotyping_WG1_JLU/20251007_125021.jpg,plot_148d445959f73cc35e04,wg_insects_t1_bbch10,/home/nfs/data/nvme_datasets/Pictures_CFSB_leaf_damage/2025_10_07_RSFB-Phenotyping_WG1_JLU/2025_10_07_RSFB-Phenotyping_WG1_JLU/20251007_125021.jpg,3.0,3.7161741256713867,3.7776715755462646,0.06149745732545853,0.7776715755462646,0.7161741256713867,rank_margin10,46,single_rater_weak
2025_10_07_RSFB-Phenotyping_WG1_JLU/2025_10_07_RSFB-Phenotyping_WG1_JLU/20251007_125037.jpg,plot_9a559fa430e32ed63f90,wg_insects_t1_bbch10,/home/nfs/data/nvme_datasets/Pictures_CFSB_leaf_damage/2025_10_07_RSFB-Phenotyping_WG1_JLU/2025_10_07_RSFB-Phenotyping_WG1_JLU/20251007_125037.jpg,2.0,2.808891773223877,2.903444528579712,0.09455272555351257,0.9034445285797119,0.808891773223877,rank_margin10,46,single_rater_weak
2025_10_07_RSFB-Phenotyping_WG1_JLU/2025_10_07_RSFB-Phenotyping_WG1_JLU/20251007_125045.jpg,plot_9a559fa430e32ed63f90,wg_insects_t1_bbch10,/home/nfs/data/nvme_datasets/Pictures_CFSB_leaf_damage/2025_10_07_RSFB-Phenotyping_WG1_JLU/2025_10_07_RSFB-Phenotyping_WG1_JLU/20251007_125045.jpg,12.0,2.4906039237976074,3.0803260803222656,0.5897220969200134,8.919673919677734,9.509395599365234,rank_margin10,46,single_rater_weak
2025_10_07_RSFB-Phenotyping_WG1_JLU/2025_10_07_RSFB-Phenotyping_WG1_JLU/20251007_125051.jpg,plot_9a559fa430e32ed63f90,wg_insects_t1_bbch10,/home/nfs/data/nvme_datasets/Pictures_CFSB_leaf_damage/2025_10_07_RSFB-Phenotyping_WG1_JLU/2025_10_07_RSFB-Phenotyping_WG1_JLU/20251007_125051.jpg,5.0,3.5044467449188232,3.7782020568847656,0.27375540137290955,1.2217979431152344,1.4955532550811768,rank_margin10,46,single_rater_weak
2025_10_07_RSFB-Phenotyping_WG1_JLU/2025_10_07_RSFB-Phenotyping_WG1_JLU/20251007_125111.jpg,plot_4cd62499bd1348049910,wg_insects_t1_bbch10,/home/nfs/data/nvme_datasets/Pictures_CFSB_leaf_damage/2025_10_07_RSFB-Phenotyping_WG1_JLU/2025_10_07_RSFB-Phenotyping_WG1_JLU/20251007_125111.jpg,6.0,2.799375534057617,3.7502636909484863,0.9508880376815796,2.2497363090515137,3.200624465942383,rank_margin10,46,single_rater_weak
2025_10_07_RSFB-Phenotyping_WG1_JLU/2025_10_07_RSFB-Phenotyping_WG1_JLU/20251007_125118.jpg,plot_4cd62499bd1348049910,wg_insects_t1_bbch10,/home/nfs/data/nvme_datasets/Pictures_CFSB_leaf_damage/2025_10_07_RSFB-Phenotyping_WG1_JLU/2025_10_07_RSFB-Phenotyping_WG1_JLU/20251007_125118.jpg,8.0,3.3026247024536133,4.015933513641357,0.7133089900016785,3.9840664863586426,4.697375297546387,rank_margin10,46,single_rater_weak
2025_10_07_RSFB-Phenotyping_WG1_JLU/2025_10_07_RSFB-Phenotyping_WG1_JLU/20251007_125125.jpg,plot_4cd62499bd1348049910,wg_insects_t1_bbch10,/home/nfs/data/nvme_datasets/Pictures_CFSB_leaf_damage/2025_10_07_RSFB-Phenotyping_WG1_JLU/2025_10_07_RSFB-Phenotyping_WG1_JLU/20251007_125125.jpg,1.0,1.1721677780151367,2.393336057662964,1.2211682796478271,1.3933360576629639,0.17216777801513672,rank_margin10,46,single_rater_weak
2025_10_07_RSFB-Phenotyping_WG1_JLU/2025_10_07_RSFB-Phenotyping_WG1_JLU/20251007_125152.jpg,plot_cfe5a3ab0645d46e2f47,wg_insects_t1_bbch10,/home/nfs/data/nvme_datasets/Pictures_CFSB_leaf_damage/2025_10_07_RSFB-Phenotyping_WG1_JLU/2025_10_07_RSFB-Phenotyping_WG1_JLU/20251007_125152.jpg,18.0,2.846146583557129,2.9043195247650146,0.05817299708724022,15.095680236816406,15.153853416442871,rank_margin10,46,single_rater_weak
2025_10_07_RSFB-Phenotyping_WG1_JLU/2025_10_07_RSFB-Phenotyping_WG1_JLU/20251007_125200.jpg,plot_cfe5a3ab0645d46e2f47,wg_insects_t1_bbch10,/home/nfs/data/nvme_datasets/Pictures_CFSB_leaf_damage/2025_10_07_RSFB-Phenotyping_WG1_JLU/2025_10_07_RSFB-Phenotyping_WG1_JLU/20251007_125200.jpg,2.0,2.7095584869384766,2.757998466491699,0.04843996465206146,0.7579984664916992,0.7095584869384766,rank_margin10,46,single_rater_weak
2025_10_07_RSFB-Phenotyping_WG1_JLU/2025_10_07_RSFB-Phenotyping_WG1_JLU/20251007_125207.jpg,plot_cfe5a3ab0645d46e2f47,wg_insects_t1_bbch10,/home/nfs/data/nvme_datasets/Pictures_CFSB_leaf_damage/2025_10_07_RSFB-Phenotyping_WG1_JLU/2025_10_07_RSFB-Phenotyping_WG1_JLU/20251007_125207.jpg,7.0,3.615938901901245,3.9761433601379395,0.36020439863204956,3.0238566398620605,3.384061098098755,rank_margin10,46,single_rater_weak
2025_10_07_RSFB-Phenotyping_WG1_JLU/2025_10_07_RSFB-Phenotyping_WG1_JLU/20251007_125227.jpg,plot_0b74c085b1e71e64f05d,wg_insects_t1_bbch10,/home/nfs/data/nvme_datasets/Pictures_CFSB_leaf_damage/2025_10_07_RSFB-Phenotyping_WG1_JLU/2025_10_07_RSFB-Phenotyping_WG1_JLU/20251007_125227.jpg,16.0,4.156778335571289,4.184865951538086,0.0280877947807312,11.815134048461914,11.843221664428711,rank_margin10,46,single_rater_weak
2025_10_07_RSFB-Phenotyping_WG1_JLU/2025_10_07_RSFB-Phenotyping_WG1_JLU/20251007_125234.jpg,plot_0b74c085b1e71e64f05d,wg_insects_t1_bbch10,/home/nfs/data/nvme_datasets/Pictures_CFSB_leaf_damage/2025_10_07_RSFB-Phenotyping_WG1_JLU/2025_10_07_RSFB-Phenotyping_WG1_JLU/20251007_125234.jpg,4.0,5.779936790466309,6.5235371589660645,0.7436004281044006,2.5235371589660645,1.7799367904663086,rank_margin10,46,single_rater_weak
2025_10_07_RSFB-Phenotyping_WG1_JLU/2025_10_07_RSFB-Phenotyping_WG1_JLU/20251007_125242.jpg,plot_0b74c085b1e71e64f05d,wg_insects_t1_bbch10,/home/nfs/data/nvme_datasets/Pictures_CFSB_leaf_damage/2025_10_07_RSFB-Phenotyping_WG1_JLU/2025_10_07_RSFB-Phenotyping_WG1_JLU/20251007_125242.jpg,8.0,2.467771530151367,3.153113603591919,0.685342013835907,4.84688663482666,5.532228469848633,rank_margin10,46,single_rater_weak
2025_10_07_RSFB-Phenotyping_WG1_JLU/2025_10_07_RSFB-Phenotyping_WG1_JLU/20251007_125300.jpg,plot_20af516f8934d967910b,wg_insects_t1_bbch10,/home/nfs/data/nvme_datasets/Pictures_CFSB_leaf_damage/2025_10_07_RSFB-Phenotyping_WG1_JLU/2025_10_07_RSFB-Phenotyping_WG1_JLU/20251007_125300.jpg,12.0,3.9382786750793457,3.7770750522613525,-0.16120365262031555,8.222925186157227,8.061721801757812,rank_margin10,46,single_rater_weak
2025_10_07_RSFB-Phenotyping_WG1_JLU/2025_10_07_RSFB-Phenotyping_WG1_JLU/20251007_125308.jpg,plot_20af516f8934d967910b,wg_insects_t1_bbch10,/home/nfs/data/nvme_datasets/Pictures_CFSB_leaf_damage/2025_10_07_RSFB-Phenotyping_WG1_JLU/2025_10_07_RSFB-Phenotyping_WG1_JLU/20251007_125308.jpg,4.0,4.44669246673584,4.886440753936768,0.4397484064102173,0.8864407539367676,0.44669246673583984,rank_margin10,46,single_rater_weak
2025_10_07_RSFB-Phenotyping_WG1_JLU/2025_10_07_RSFB-Phenotyping_WG1_JLU/20251007_125315.jpg,plot_20af516f8934d967910b,wg_insects_t1_bbch10,/home/nfs/data/nvme_datasets/Pictures_CFSB_leaf_damage/2025_10_07_RSFB-Phenotyping_WG1_JLU/2025_10_07_RSFB-Phenotyping_WG1_JLU/20251007_125315.jpg,4.0,3.8064887523651123,5.30858039855957,1.5020917654037476,1.3085803985595703,0.1935112476348877,rank_margin10,46,single_rater_weak
2025_10_07_RSFB-Phenotyping_WG1_JLU/2025_10_07_RSFB-Phenotyping_WG1_JLU/20251007_125336.jpg,plot_41f4bffea5cab47ba0c1,wg_insects_t1_bbch10,/home/nfs/data/nvme_datasets/Pictures_CFSB_leaf_damage/2025_10_07_RSFB-Phenotyping_WG1_JLU/2025_10_07_RSFB-Phenotyping_WG1_JLU/20251007_125336.jpg,15.0,4.180844783782959,4.490746021270752,0.3099014163017273,10.509254455566406,10.819154739379883,rank_margin10,46,single_rater_weak
2025_10_07_RSFB-Phenotyping_WG1_JLU/2025_10_07_RSFB-Phenotyping_WG1_JLU/20251007_125344.jpg,plot_41f4bffea5cab47ba0c1,wg_insects_t1_bbch10,/home/nfs/data/nvme_datasets/Pictures_CFSB_leaf_damage/2025_10_07_RSFB-Phenotyping_WG1_JLU/2025_10_07_RSFB-Phenotyping_WG1_JLU/20251007_125344.jpg,5.0,3.125753402709961,2.3757100105285645,-0.7500433921813965,2.6242899894714355,1.874246597290039,rank_margin10,46,single_rater_weak
2025_10_07_RSFB-Phenotyping_WG1_JLU/2025_10_07_RSFB-Phenotyping_WG1_JLU/20251007_125352.jpg,plot_41f4bffea5cab47ba0c1,wg_insects_t1_bbch10,/home/nfs/data/nvme_datasets/Pictures_CFSB_leaf_damage/2025_10_07_RSFB-Phenotyping_WG1_JLU/2025_10_07_RSFB-Phenotyping_WG1_JLU/20251007_125352.jpg,4.0,2.912992477416992,2.5637619495391846,-0.34923043847084045,1.4362380504608154,1.0870075225830078,rank_margin10,46,single_rater_weak
2025_10_07_RSFB-Phenotyping_WG1_JLU/2025_10_07_RSFB-Phenotyping_WG1_JLU/20251007_125410.jpg,plot_781f98589b11cd6b6181,wg_insects_t1_bbch10,/home/nfs/data/nvme_datasets/Pictures_CFSB_leaf_damage/2025_10_07_RSFB-Phenotyping_WG1_JLU/2025_10_07_RSFB-Phenotyping_WG1_JLU/20251007_125410.jpg,15.0,3.8436756134033203,4.446328163146973,0.6026526689529419,10.553671836853027,11.15632438659668,rank_margin10,46,single_rater_weak
2025_10_07_RSFB-Phenotyping_WG1_JLU/2025_10_07_RSFB-Phenotyping_WG1_JLU/20251007_125419.jpg,plot_781f98589b11cd6b6181,wg_insects_t1_bbch10,/home/nfs/data/nvme_datasets/Pictures_CFSB_leaf_damage/2025_10_07_RSFB-Phenotyping_WG1_JLU/2025_10_07_RSFB-Phenotyping_WG1_JLU/20251007_125419.jpg,8.0,3.5405325889587402,3.842529773712158,0.3019973039627075,4.157470226287842,4.45946741104126,rank_margin10,46,single_rater_weak
2025_10_07_RSFB-Phenotyping_WG1_JLU/2025_10_07_RSFB-Phenotyping_WG1_JLU/20251007_125428.jpg,plot_781f98589b11cd6b6181,wg_insects_t1_bbch10,/home/nfs/data/nvme_datasets/Pictures_CFSB_leaf_damage/2025_10_07_RSFB-Phenotyping_WG1_JLU/2025_10_07_RSFB-Phenotyping_WG1_JLU/20251007_125428.jpg,15.0,3.958411693572998,5.00525426864624,1.0468425750732422,9.994745254516602,11.041587829589844,rank_margin10,46,single_rater_weak
2025_10_07_RSFB-Phenotyping_WG1_JLU/2025_10_07_RSFB-Phenotyping_WG1_JLU/20251007_125446.jpg,plot_c5977069cd433cb0a85e,wg_insects_t1_bbch10,/home/nfs/data/nvme_datasets/Pictures_CFSB_leaf_damage/2025_10_07_RSFB-Phenotyping_WG1_JLU/2025_10_07_RSFB-Phenotyping_WG1_JLU/20251007_125446.jpg,4.0,3.6509103775024414,3.4324021339416504,-0.21850815415382385,0.5675978660583496,0.3490896224975586,rank_margin10,46,single_rater_weak
2025_10_07_RSFB-Phenotyping_WG1_JLU/2025_10_07_RSFB-Phenotyping_WG1_JLU/20251007_125454.jpg,plot_c5977069cd433cb0a85e,wg_insects_t1_bbch10,/home/nfs/data/nvme_datasets/Pictures_CFSB_leaf_damage/2025_10_07_RSFB-Phenotyping_WG1_JLU/2025_10_07_RSFB-Phenotyping_WG1_JLU/20251007_125454.jpg,3.0,4.79003381729126,4.540167808532715,-0.24986602365970612,1.5401678085327148,1.7900338172912598,rank_margin10,46,single_rater_weak
2025_10_07_RSFB-Phenotyping_WG1_JLU/2025_10_07_RSFB-Phenotyping_WG1_JLU/20251007_125500.jpg,plot_c5977069cd433cb0a85e,wg_insects_t1_bbch10,/home/nfs/data/nvme_datasets/Pictures_CFSB_leaf_damage/2025_10_07_RSFB-Phenotyping_WG1_JLU/2025_10_07_RSFB-Phenotyping_WG1_JLU/20251007_125500.jpg,16.0,3.8144001960754395,3.4623923301696777,-0.35200774669647217,12.537607192993164,12.185600280761719,rank_margin10,46,single_rater_weak
2025_10_07_RSFB-Phenotyping_WG1_JLU/2025_10_07_RSFB-Phenotyping_WG1_JLU/20251007_125520.jpg,plot_2080446bf49c603d321e,wg_insects_t1_bbch10,/home/nfs/data/nvme_datasets/Pictures_CFSB_leaf_damage/2025_10_07_RSFB-Phenotyping_WG1_JLU/2025_10_07_RSFB-Phenotyping_WG1_JLU/20251007_125520.jpg,18.0,3.3529577255249023,3.1094560623168945,-0.24350175261497498,14.890543937683105,14.647042274475098,rank_margin10,46,single_rater_weak
2025_10_07_RSFB-Phenotyping_WG1_JLU/2025_10_07_RSFB-Phenotyping_WG1_JLU/20251007_125527.jpg,plot_2080446bf49c603d321e,wg_insects_t1_bbch10,/home/nfs/data/nvme_datasets/Pictures_CFSB_leaf_damage/2025_10_07_RSFB-Phenotyping_WG1_JLU/2025_10_07_RSFB-Phenotyping_WG1_JLU/20251007_125527.jpg,15.0,2.641848564147949,2.387136220932007,-0.25471240282058716,12.612863540649414,12.35815143585205,rank_margin10,46,single_rater_weak
2025_10_07_RSFB-Phenotyping_WG1_JLU/2025_10_07_RSFB-Phenotyping_WG1_JLU/20251007_125535.jpg,plot_2080446bf49c603d321e,wg_insects_t1_bbch10,/home/nfs/data/nvme_datasets/Pictures_CFSB_leaf_damage/2025_10_07_RSFB-Phenotyping_WG1_JLU/2025_10_07_RSFB-Phenotyping_WG1_JLU/20251007_125535.jpg,18.0,3.3519463539123535,3.104580879211426,-0.24736538529396057,14.895419120788574,14.648054122924805,rank_margin10,46,single_rater_weak
2025_10_07_RSFB-Phenotyping_WG1_JLU/2025_10_07_RSFB-Phenotyping_WG1_JLU/20251007_125552.jpg,plot_f6076588cf1679b16da6,wg_insects_t1_bbch10,/home/nfs/data/nvme_datasets/Pictures_CFSB_leaf_damage/2025_10_07_RSFB-Phenotyping_WG1_JLU/2025_10_07_RSFB-Phenotyping_WG1_JLU/20251007_125552.jpg,12.0,3.312211513519287,2.908881187438965,-0.40333038568496704,9.091118812561035,8.687788009643555,rank_margin10,46,single_rater_weak
2025_10_07_RSFB-Phenotyping_WG1_JLU/2025_10_07_RSFB-Phenotyping_WG1_JLU/20251007_125603.jpg,plot_f6076588cf1679b16da6,wg_insects_t1_bbch10,/home/nfs/data/nvme_datasets/Pictures_CFSB_leaf_damage/2025_10_07_RSFB-Phenotyping_WG1_JLU/2025_10_07_RSFB-Phenotyping_WG1_JLU/20251007_125603.jpg,3.0,5.709930419921875,5.848029136657715,0.13809874653816223,2.848029136657715,2.709930419921875,rank_margin10,46,single_rater_weak
2025_10_07_RSFB-Phenotyping_WG1_JLU/2025_10_07_RSFB-Phenotyping_WG1_JLU/20251007_125612.jpg,plot_f6076588cf1679b16da6,wg_insects_t1_bbch10,/home/nfs/data/nvme_datasets/Pictures_CFSB_leaf_damage/2025_10_07_RSFB-Phenotyping_WG1_JLU/2025_10_07_RSFB-Phenotyping_WG1_JLU/20251007_125612.jpg,3.0,3.3038320541381836,2.9784536361694336,-0.32537850737571716,0.021546363830566406,0.3038320541381836,rank_margin10,46,single_rater_weak
2025_10_07_RSFB-Phenotyping_WG1_JLU/2025_10_07_RSFB-Phenotyping_WG1_JLU/20251007_125630.jpg,plot_9f6bf19ef64a741a9b0e,wg_insects_t1_bbch10,/home/nfs/data/nvme_datasets/Pictures_CFSB_leaf_damage/2025_10_07_RSFB-Phenotyping_WG1_JLU/2025_10_07_RSFB-Phenotyping_WG1_JLU/20251007_125630.jpg,4.0,2.834319591522217,3.319472312927246,0.48515263199806213,0.6805276870727539,1.1656804084777832,rank_margin10,46,single_rater_weak
2025_10_07_RSFB-Phenotyping_WG1_JLU/2025_10_07_RSFB-Phenotyping_WG1_JLU/20251007_125639.jpg,plot_9f6bf19ef64a741a9b0e,wg_insects_t1_bbch10,/home/nfs/data/nvme_datasets/Pictures_CFSB_leaf_damage/2025_10_07_RSFB-Phenotyping_WG1_JLU/2025_10_07_RSFB-Phenotyping_WG1_JLU/20251007_125639.jpg,1.0,3.03969669342041,2.5382132530212402,-0.5014833211898804,1.5382132530212402,2.03969669342041,rank_margin10,46,single_rater_weak
2025_10_07_RSFB-Phenotyping_WG1_JLU/2025_10_07_RSFB-Phenotyping_WG1_JLU/20251007_125647.jpg,plot_9f6bf19ef64a741a9b0e,wg_insects_t1_bbch10,/home/nfs/data/nvme_datasets/Pictures_CFSB_leaf_damage/2025_10_07_RSFB-Phenotyping_WG1_JLU/2025_10_07_RSFB-Phenotyping_WG1_JLU/20251007_125647.jpg,2.0,3.0980992317199707,3.940155029296875,0.8420557379722595,1.940155029296875,1.0980992317199707,rank_margin10,46,single_rater_weak
2025_10_07_RSFB-Phenotyping_WG1_JLU/2025_10_07_RSFB-Phenotyping_WG1_JLU/20251007_125709.jpg,plot_af5218b2d31690d5b33f,wg_insects_t1_bbch10,/home/nfs/data/nvme_datasets/Pictures_CFSB_leaf_damage/2025_10_07_RSFB-Phenotyping_WG1_JLU/2025_10_07_RSFB-Phenotyping_WG1_JLU/20251007_125709.jpg,3.0,1.0697226524353027,2.2389252185821533,1.1692025661468506,0.7610747814178467,1.9302773475646973,rank_margin10,46,single_rater_weak
2025_10_07_RSFB-Phenotyping_WG1_JLU/2025_10_07_RSFB-Phenotyping_WG1_JLU/20251007_125718.jpg,plot_af5218b2d31690d5b33f,wg_insects_t1_bbch10,/home/nfs/data/nvme_datasets/Pictures_CFSB_leaf_damage/2025_10_07_RSFB-Phenotyping_WG1_JLU/2025_10_07_RSFB-Phenotyping_WG1_JLU/20251007_125718.jpg,3.0,3.2734527587890625,4.0107293128967285,0.7372763752937317,1.0107293128967285,0.2734527587890625,rank_margin10,46,single_rater_weak
2025_10_07_RSFB-Phenotyping_WG1_JLU/2025_10_07_RSFB-Phenotyping_WG1_JLU/20251007_125726.jpg,plot_af5218b2d31690d5b33f,wg_insects_t1_bbch10,/home/nfs/data/nvme_datasets/Pictures_CFSB_leaf_damage/2025_10_07_RSFB-Phenotyping_WG1_JLU/2025_10_07_RSFB-Phenotyping_WG1_JLU/20251007_125726.jpg,15.0,5.394677639007568,5.633173942565918,0.23849618434906006,9.366826057434082,9.605321884155273,rank_margin10,46,single_rater_weak
2025_10_07_RSFB-Phenotyping_WG1_JLU/2025_10_07_RSFB-Phenotyping_WG1_JLU/20251007_125758.jpg,plot_748730d3bcce86bb8a6d,wg_insects_t1_bbch10,/home/nfs/data/nvme_datasets/Pictures_CFSB_leaf_damage/2025_10_07_RSFB-Phenotyping_WG1_JLU/2025_10_07_RSFB-Phenotyping_WG1_JLU/20251007_125758.jpg,12.0,3.073866844177246,4.005414009094238,0.9315469861030579,7.994585990905762,8.926133155822754,rank_margin10,46,single_rater_weak
2025_10_07_RSFB-Phenotyping_WG1_JLU/2025_10_07_RSFB-Phenotyping_WG1_JLU/20251007_125807.jpg,plot_748730d3bcce86bb8a6d,wg_insects_t1_bbch10,/home/nfs/data/nvme_datasets/Pictures_CFSB_leaf_damage/2025_10_07_RSFB-Phenotyping_WG1_JLU/2025_10_07_RSFB-Phenotyping_WG1_JLU/20251007_125807.jpg,13.0,3.618360996246338,3.281200647354126,-0.33716025948524475,9.718799591064453,9.38163948059082,rank_margin10,46,single_rater_weak
2025_10_07_RSFB-Phenotyping_WG1_JLU/2025_10_07_RSFB-Phenotyping_WG1_JLU/20251007_125817.jpg,plot_748730d3bcce86bb8a6d,wg_insects_t1_bbch10,/home/nfs/data/nvme_datasets/Pictures_CFSB_leaf_damage/2025_10_07_RSFB-Phenotyping_WG1_JLU/2025_10_07_RSFB-Phenotyping_WG1_JLU/20251007_125817.jpg,4.0,3.166964054107666,3.8663065433502197,0.6993424892425537,0.13369345664978027,0.833035945892334,rank_margin10,46,single_rater_weak
2025_10_07_RSFB-Phenotyping_WG1_JLU/2025_10_07_RSFB-Phenotyping_WG1_JLU/20251007_125835.jpg,plot_3872ce02f02f4d97cda0,wg_insects_t1_bbch10,/home/nfs/data/nvme_datasets/Pictures_CFSB_leaf_damage/2025_10_07_RSFB-Phenotyping_WG1_JLU/2025_10_07_RSFB-Phenotyping_WG1_JLU/20251007_125835.jpg,18.0,5.750619888305664,6.543034076690674,0.7924142479896545,11.456966400146484,12.249380111694336,rank_margin10,46,single_rater_weak
2025_10_07_RSFB-Phenotyping_WG1_JLU/2025_10_07_RSFB-Phenotyping_WG1_JLU/20251007_125845.jpg,plot_3872ce02f02f4d97cda0,wg_insects_t1_bbch10,/home/nfs/data/nvme_datasets/Pictures_CFSB_leaf_damage/2025_10_07_RSFB-Phenotyping_WG1_JLU/2025_10_07_RSFB-Phenotyping_WG1_JLU/20251007_125845.jpg,15.0,5.606566429138184,6.531914710998535,0.9253485202789307,8.468085289001465,9.393433570861816,rank_margin10,46,single_rater_weak
2025_10_07_RSFB-Phenotyping_WG1_JLU/2025_10_07_RSFB-Phenotyping_WG1_JLU/20251007_125853.jpg,plot_3872ce02f02f4d97cda0,wg_insects_t1_bbch10,/home/nfs/data/nvme_datasets/Pictures_CFSB_leaf_damage/2025_10_07_RSFB-Phenotyping_WG1_JLU/2025_10_07_RSFB-Phenotyping_WG1_JLU/20251007_125853.jpg,16.0,3.983607292175293,4.571478843688965,0.5878717303276062,11.428521156311035,12.016392707824707,rank_margin10,46,single_rater_weak
2025_10_07_RSFB-Phenotyping_WG1_JLU/2025_10_07_RSFB-Phenotyping_WG1_JLU/20251007_125911.jpg,plot_65eea01ba2506c15ed81,wg_insects_t1_bbch10,/home/nfs/data/nvme_datasets/Pictures_CFSB_leaf_damage/2025_10_07_RSFB-Phenotyping_WG1_JLU/2025_10_07_RSFB-Phenotyping_WG1_JLU/20251007_125911.jpg,5.0,2.4651031494140625,2.4484570026397705,-0.016646064817905426,2.5515429973602295,2.5348968505859375,rank_margin10,46,single_rater_weak
2025_10_07_RSFB-Phenotyping_WG1_JLU/2025_10_07_RSFB-Phenotyping_WG1_JLU/20251007_125918.jpg,plot_65eea01ba2506c15ed81,wg_insects_t1_bbch10,/home/nfs/data/nvme_datasets/Pictures_CFSB_leaf_damage/2025_10_07_RSFB-Phenotyping_WG1_JLU/2025_10_07_RSFB-Phenotyping_WG1_JLU/20251007_125918.jpg,5.0,1.9319634437561035,2.5433449745178223,0.6113815903663635,2.4566550254821777,3.0680365562438965,rank_margin10,46,single_rater_weak
2025_10_07_RSFB-Phenotyping_WG1_JLU/2025_10_07_RSFB-Phenotyping_WG1_JLU/20251007_125926.jpg,plot_65eea01ba2506c15ed81,wg_insects_t1_bbch10,/home/nfs/data/nvme_datasets/Pictures_CFSB_leaf_damage/2025_10_07_RSFB-Phenotyping_WG1_JLU/2025_10_07_RSFB-Phenotyping_WG1_JLU/20251007_125926.jpg,6.0,3.6344501972198486,3.521313428878784,-0.11313669383525848,2.478686571121216,2.3655498027801514,rank_margin10,46,single_rater_weak
2025_10_07_RSFB-Phenotyping_WG1_JLU/2025_10_07_RSFB-Phenotyping_WG1_JLU/20251007_125944.jpg,plot_4e65efbdcb5cafd1ab18,wg_insects_t1_bbch10,/home/nfs/data/nvme_datasets/Pictures_CFSB_leaf_damage/2025_10_07_RSFB-Phenotyping_WG1_JLU/2025_10_07_RSFB-Phenotyping_WG1_JLU/20251007_125944.jpg,13.0,2.785506248474121,3.0241167545318604,0.23861058056354523,9.975883483886719,10.214493751525879,rank_margin10,46,single_rater_weak
2025_10_07_RSFB-Phenotyping_WG1_JLU/2025_10_07_RSFB-Phenotyping_WG1_JLU/20251007_125951.jpg,plot_4e65efbdcb5cafd1ab18,wg_insects_t1_bbch10,/home/nfs/data/nvme_datasets/Pictures_CFSB_leaf_damage/2025_10_07_RSFB-Phenotyping_WG1_JLU/2025_10_07_RSFB-Phenotyping_WG1_JLU/20251007_125951.jpg,10.0,2.581920623779297,2.406261444091797,-0.1756591796875,7.593738555908203,7.418079376220703,rank_margin10,46,single_rater_weak
2025_10_07_RSFB-Phenotyping_WG1_JLU/2025_10_07_RSFB-Phenotyping_WG1_JLU/20251007_125959.jpg,plot_4e65efbdcb5cafd1ab18,wg_insects_t1_bbch10,/home/nfs/data/nvme_datasets/Pictures_CFSB_leaf_damage/2025_10_07_RSFB-Phenotyping_WG1_JLU/2025_10_07_RSFB-Phenotyping_WG1_JLU/20251007_125959.jpg,15.0,4.176183700561523,4.0837202072143555,-0.09246371686458588,10.916279792785645,10.823816299438477,rank_margin10,46,single_rater_weak
2025_10_07_RSFB-Phenotyping_WG1_JLU/2025_10_07_RSFB-Phenotyping_WG1_JLU/20251007_130018.jpg,plot_ddcfcb8c282959206cbe,wg_insects_t1_bbch10,/home/nfs/data/nvme_datasets/Pictures_CFSB_leaf_damage/2025_10_07_RSFB-Phenotyping_WG1_JLU/2025_10_07_RSFB-Phenotyping_WG1_JLU/20251007_130018.jpg,4.0,4.192089080810547,5.13332462310791,0.9412354230880737,1.1333246231079102,0.19208908081054688,rank_margin10,46,single_rater_weak
2025_10_07_RSFB-Phenotyping_WG1_JLU/2025_10_07_RSFB-Phenotyping_WG1_JLU/20251007_130026.jpg,plot_ddcfcb8c282959206cbe,wg_insects_t1_bbch10,/home/nfs/data/nvme_datasets/Pictures_CFSB_leaf_damage/2025_10_07_RSFB-Phenotyping_WG1_JLU/2025_10_07_RSFB-Phenotyping_WG1_JLU/20251007_130026.jpg,8.0,4.049808979034424,4.226304531097412,0.17649544775485992,3.773695468902588,3.950191020965576,rank_margin10,46,single_rater_weak
2025_10_07_RSFB-Phenotyping_WG1_JLU/2025_10_07_RSFB-Phenotyping_WG1_JLU/20251007_130033.jpg,plot_ddcfcb8c282959206cbe,wg_insects_t1_bbch10,/home/nfs/data/nvme_datasets/Pictures_CFSB_leaf_damage/2025_10_07_RSFB-Phenotyping_WG1_JLU/2025_10_07_RSFB-Phenotyping_WG1_JLU/20251007_130033.jpg,3.0,4.5350847244262695,4.838315010070801,0.3032301664352417,1.8383150100708008,1.5350847244262695,rank_margin10,46,single_rater_weak
2025_10_07_RSFB-Phenotyping_WG1_JLU/2025_10_07_RSFB-Phenotyping_WG1_JLU/20251007_130102.jpg,plot_1ebe9957308b8d3d6f7c,wg_insects_t1_bbch10,/home/nfs/data/nvme_datasets/Pictures_CFSB_leaf_damage/2025_10_07_RSFB-Phenotyping_WG1_JLU/2025_10_07_RSFB-Phenotyping_WG1_JLU/20251007_130102.jpg,2.0,3.0150537490844727,2.7293713092803955,-0.28568241000175476,0.7293713092803955,1.0150537490844727,rank_margin10,46,single_rater_weak
2025_10_07_RSFB-Phenotyping_WG1_JLU/2025_10_07_RSFB-Phenotyping_WG1_JLU/20251007_130110.jpg,plot_1ebe9957308b8d3d6f7c,wg_insects_t1_bbch10,/home/nfs/data/nvme_datasets/Pictures_CFSB_leaf_damage/2025_10_07_RSFB-Phenotyping_WG1_JLU/2025_10_07_RSFB-Phenotyping_WG1_JLU/20251007_130110.jpg,17.0,3.353799343109131,3.666159152984619,0.31235986948013306,13.333841323852539,13.646200180053711,rank_margin10,46,single_rater_weak
2025_10_07_RSFB-Phenotyping_WG1_JLU/2025_10_07_RSFB-Phenotyping_WG1_JLU/20251007_130118.jpg,plot_1ebe9957308b8d3d6f7c,wg_insects_t1_bbch10,/home/nfs/data/nvme_datasets/Pictures_CFSB_leaf_damage/2025_10_07_RSFB-Phenotyping_WG1_JLU/2025_10_07_RSFB-Phenotyping_WG1_JLU/20251007_130118.jpg,3.0,3.067507743835449,3.1374058723449707,0.06989824771881104,0.1374058723449707,0.06750774383544922,rank_margin10,46,single_rater_weak
2025_10_07_RSFB-Phenotyping_WG1_JLU/2025_10_07_RSFB-Phenotyping_WG1_JLU/20251007_130138.jpg,plot_2bd45c6deaec7c317449,wg_insects_t1_bbch10,/home/nfs/data/nvme_datasets/Pictures_CFSB_leaf_damage/2025_10_07_RSFB-Phenotyping_WG1_JLU/2025_10_07_RSFB-Phenotyping_WG1_JLU/20251007_130138.jpg,3.0,3.175227165222168,3.9338934421539307,0.7586662769317627,0.9338934421539307,0.17522716522216797,rank_margin10,46,single_rater_weak
2025_10_07_RSFB-Phenotyping_WG1_JLU/2025_10_07_RSFB-Phenotyping_WG1_JLU/20251007_130145.jpg,plot_2bd45c6deaec7c317449,wg_insects_t1_bbch10,/home/nfs/data/nvme_datasets/Pictures_CFSB_leaf_damage/2025_10_07_RSFB-Phenotyping_WG1_JLU/2025_10_07_RSFB-Phenotyping_WG1_JLU/20251007_130145.jpg,1.0,2.7936363220214844,3.3615505695343018,0.5679143071174622,2.3615505695343018,1.7936363220214844,rank_margin10,46,single_rater_weak
2025_10_07_RSFB-Phenotyping_WG1_JLU/2025_10_07_RSFB-Phenotyping_WG1_JLU/20251007_130154.jpg,plot_2bd45c6deaec7c317449,wg_insects_t1_bbch10,/home/nfs/data/nvme_datasets/Pictures_CFSB_leaf_damage/2025_10_07_RSFB-Phenotyping_WG1_JLU/2025_10_07_RSFB-Phenotyping_WG1_JLU/20251007_130154.jpg,2.0,2.062856674194336,2.512589931488037,0.44973331689834595,0.5125899314880371,0.06285667419433594,rank_margin10,46,single_rater_weak
2025_10_07_RSFB-Phenotyping_WG1_JLU/2025_10_07_RSFB-Phenotyping_WG1_JLU/20251007_130215.jpg,plot_daabce6fa0c139346130,wg_insects_t1_bbch10,/home/nfs/data/nvme_datasets/Pictures_CFSB_leaf_damage/2025_10_07_RSFB-Phenotyping_WG1_JLU/2025_10_07_RSFB-Phenotyping_WG1_JLU/20251007_130215.jpg,2.0,3.9486987590789795,3.852156400680542,-0.09654231369495392,1.852156400680542,1.9486987590789795,rank_margin10,46,single_rater_weak
2025_10_07_RSFB-Phenotyping_WG1_JLU/2025_10_07_RSFB-Phenotyping_WG1_JLU/20251007_130224.jpg,plot_daabce6fa0c139346130,wg_insects_t1_bbch10,/home/nfs/data/nvme_datasets/Pictures_CFSB_leaf_damage/2025_10_07_RSFB-Phenotyping_WG1_JLU/2025_10_07_RSFB-Phenotyping_WG1_JLU/20251007_130224.jpg,3.0,2.9114584922790527,2.4903171062469482,-0.4211414158344269,0.5096828937530518,0.08854150772094727,rank_margin10,46,single_rater_weak
2025_10_07_RSFB-Phenotyping_WG1_JLU/2025_10_07_RSFB-Phenotyping_WG1_JLU/20251007_130234.jpg,plot_daabce6fa0c139346130,wg_insects_t1_bbch10,/home/nfs/data/nvme_datasets/Pictures_CFSB_leaf_damage/2025_10_07_RSFB-Phenotyping_WG1_JLU/2025_10_07_RSFB-Phenotyping_WG1_JLU/20251007_130234.jpg,3.0,4.260454177856445,4.161496639251709,-0.09895765781402588,1.161496639251709,1.2604541778564453,rank_margin10,46,single_rater_weak
2025_10_07_RSFB-Phenotyping_WG1_JLU/2025_10_07_RSFB-Phenotyping_WG1_JLU/20251007_130253.jpg,plot_4206598cc044b47acb7d,wg_insects_t1_bbch10,/home/nfs/data/nvme_datasets/Pictures_CFSB_leaf_damage/2025_10_07_RSFB-Phenotyping_WG1_JLU/2025_10_07_RSFB-Phenotyping_WG1_JLU/20251007_130253.jpg,8.0,5.105946063995361,5.464683532714844,0.358737587928772,2.5353164672851562,2.8940539360046387,rank_margin10,46,single_rater_weak
2025_10_07_RSFB-Phenotyping_WG1_JLU/2025_10_07_RSFB-Phenotyping_WG1_JLU/20251007_130304.jpg,plot_4206598cc044b47acb7d,wg_insects_t1_bbch10,/home/nfs/data/nvme_datasets/Pictures_CFSB_leaf_damage/2025_10_07_RSFB-Phenotyping_WG1_JLU/2025_10_07_RSFB-Phenotyping_WG1_JLU/20251007_130304.jpg,4.0,2.8258090019226074,2.9012341499328613,0.07542525976896286,1.0987658500671387,1.1741909980773926,rank_margin10,46,single_rater_weak
2025_10_07_RSFB-Phenotyping_WG1_JLU/2025_10_07_RSFB-Phenotyping_WG1_JLU/20251007_130312.jpg,plot_4206598cc044b47acb7d,wg_insects_t1_bbch10,/home/nfs/data/nvme_datasets/Pictures_CFSB_leaf_damage/2025_10_07_RSFB-Phenotyping_WG1_JLU/2025_10_07_RSFB-Phenotyping_WG1_JLU/20251007_130312.jpg,1.0,2.4621591567993164,2.5801467895507812,0.1179877296090126,1.5801467895507812,1.4621591567993164,rank_margin10,46,single_rater_weak
2025_10_07_RSFB-Phenotyping_WG1_JLU/2025_10_07_RSFB-Phenotyping_WG1_JLU/20251007_130332.jpg,plot_e1385eb9c590436bd736,wg_insects_t1_bbch10,/home/nfs/data/nvme_datasets/Pictures_CFSB_leaf_damage/2025_10_07_RSFB-Phenotyping_WG1_JLU/2025_10_07_RSFB-Phenotyping_WG1_JLU/20251007_130332.jpg,2.0,2.9672985076904297,2.370622158050537,-0.5966764688491821,0.3706221580505371,0.9672985076904297,rank_margin10,46,single_rater_weak
2025_10_07_RSFB-Phenotyping_WG1_JLU/2025_10_07_RSFB-Phenotyping_WG1_JLU/20251007_130342.jpg,plot_e1385eb9c590436bd736,wg_insects_t1_bbch10,/home/nfs/data/nvme_datasets/Pictures_CFSB_leaf_damage/2025_10_07_RSFB-Phenotyping_WG1_JLU/2025_10_07_RSFB-Phenotyping_WG1_JLU/20251007_130342.jpg,3.0,2.7605433464050293,2.7241289615631104,-0.03641436994075775,0.27587103843688965,0.2394566535949707,rank_margin10,46,single_rater_weak
2025_10_07_RSFB-Phenotyping_WG1_JLU/2025_10_07_RSFB-Phenotyping_WG1_JLU/20251007_130349.jpg,plot_e1385eb9c590436bd736,wg_insects_t1_bbch10,/home/nfs/data/nvme_datasets/Pictures_CFSB_leaf_damage/2025_10_07_RSFB-Phenotyping_WG1_JLU/2025_10_07_RSFB-Phenotyping_WG1_JLU/20251007_130349.jpg,2.0,4.223881244659424,4.116644382476807,-0.10723674297332764,2.1166443824768066,2.223881244659424,rank_margin10,46,single_rater_weak
2025_10_07_RSFB-Phenotyping_WG1_JLU/2025_10_07_RSFB-Phenotyping_WG1_JLU/20251007_130409.jpg,plot_a2d22d7d1cf2377876ce,wg_insects_t1_bbch10,/home/nfs/data/nvme_datasets/Pictures_CFSB_leaf_damage/2025_10_07_RSFB-Phenotyping_WG1_JLU/2025_10_07_RSFB-Phenotyping_WG1_JLU/20251007_130409.jpg,10.0,4.631988048553467,4.6411285400390625,0.00914041604846716,5.3588714599609375,5.368011951446533,rank_margin10,46,single_rater_weak
2025_10_07_RSFB-Phenotyping_WG1_JLU/2025_10_07_RSFB-Phenotyping_WG1_JLU/20251007_130417.jpg,plot_a2d22d7d1cf2377876ce,wg_insects_t1_bbch10,/home/nfs/data/nvme_datasets/Pictures_CFSB_leaf_damage/2025_10_07_RSFB-Phenotyping_WG1_JLU/2025_10_07_RSFB-Phenotyping_WG1_JLU/20251007_130417.jpg,8.0,4.2797956466674805,3.7910385131835938,-0.4887572228908539,4.208961486816406,3.7202043533325195,rank_margin10,46,single_rater_weak
2025_10_07_RSFB-Phenotyping_WG1_JLU/2025_10_07_RSFB-Phenotyping_WG1_JLU/20251007_130424.jpg,plot_a2d22d7d1cf2377876ce,wg_insects_t1_bbch10,/home/nfs/data/nvme_datasets/Pictures_CFSB_leaf_damage/2025_10_07_RSFB-Phenotyping_WG1_JLU/2025_10_07_RSFB-Phenotyping_WG1_JLU/20251007_130424.jpg,23.0,3.5872981548309326,4.019217014312744,0.43191903829574585,18.980783462524414,19.412702560424805,rank_margin10,46,single_rater_weak
2025_10_07_RSFB-Phenotyping_WG1_JLU/2025_10_07_RSFB-Phenotyping_WG1_JLU/20251007_130444.jpg,plot_6f29d2d8e263d28a77d4,wg_insects_t1_bbch10,/home/nfs/data/nvme_datasets/Pictures_CFSB_leaf_damage/2025_10_07_RSFB-Phenotyping_WG1_JLU/2025_10_07_RSFB-Phenotyping_WG1_JLU/20251007_130444.jpg,12.0,2.796492576599121,3.0340640544891357,0.23757146298885345,8.965935707092285,9.203507423400879,rank_margin10,46,single_rater_weak
2025_10_07_RSFB-Phenotyping_WG1_JLU/2025_10_07_RSFB-Phenotyping_WG1_JLU/20251007_130454.jpg,plot_6f29d2d8e263d28a77d4,wg_insects_t1_bbch10,/home/nfs/data/nvme_datasets/Pictures_CFSB_leaf_damage/2025_10_07_RSFB-Phenotyping_WG1_JLU/2025_10_07_RSFB-Phenotyping_WG1_JLU/20251007_130454.jpg,3.0,3.5932345390319824,3.44476580619812,-0.14846864342689514,0.4447658061981201,0.5932345390319824,rank_margin10,46,single_rater_weak
2025_10_07_RSFB-Phenotyping_WG1_JLU/2025_10_07_RSFB-Phenotyping_WG1_JLU/20251007_130504.jpg,plot_6f29d2d8e263d28a77d4,wg_insects_t1_bbch10,/home/nfs/data/nvme_datasets/Pictures_CFSB_leaf_damage/2025_10_07_RSFB-Phenotyping_WG1_JLU/2025_10_07_RSFB-Phenotyping_WG1_JLU/20251007_130504.jpg,4.0,4.115331649780273,4.396493911743164,0.2811623811721802,0.39649391174316406,0.11533164978027344,rank_margin10,46,single_rater_weak
2025_10_07_RSFB-Phenotyping_WG1_JLU/2025_10_07_RSFB-Phenotyping_WG1_JLU/20251007_130526.jpg,plot_3185dcaf01720036eb25,wg_insects_t1_bbch10,/home/nfs/data/nvme_datasets/Pictures_CFSB_leaf_damage/2025_10_07_RSFB-Phenotyping_WG1_JLU/2025_10_07_RSFB-Phenotyping_WG1_JLU/20251007_130526.jpg,4.0,2.914649486541748,3.2050580978393555,0.29040855169296265,0.7949419021606445,1.085350513458252,rank_margin10,46,single_rater_weak
2025_10_07_RSFB-Phenotyping_WG1_JLU/2025_10_07_RSFB-Phenotyping_WG1_JLU/20251007_130534.jpg,plot_3185dcaf01720036eb25,wg_insects_t1_bbch10,/home/nfs/data/nvme_datasets/Pictures_CFSB_leaf_damage/2025_10_07_RSFB-Phenotyping_WG1_JLU/2025_10_07_RSFB-Phenotyping_WG1_JLU/20251007_130534.jpg,13.0,3.3476810455322266,3.853205919265747,0.5055248737335205,9.146794319152832,9.652318954467773,rank_margin10,46,single_rater_weak
2025_10_07_RSFB-Phenotyping_WG1_JLU/2025_10_07_RSFB-Phenotyping_WG1_JLU/20251007_130543.jpg,plot_3185dcaf01720036eb25,wg_insects_t1_bbch10,/home/nfs/data/nvme_datasets/Pictures_CFSB_leaf_damage/2025_10_07_RSFB-Phenotyping_WG1_JLU/2025_10_07_RSFB-Phenotyping_WG1_JLU/20251007_130543.jpg,5.0,2.2540030479431152,2.263998031616211,0.009994938969612122,2.736001968383789,2.7459969520568848,rank_margin10,46,single_rater_weak
2025_10_07_RSFB-Phenotyping_WG1_JLU/2025_10_07_RSFB-Phenotyping_WG1_JLU/20251007_130612.jpg,plot_504180001e19348e8218,wg_insects_t1_bbch10,/home/nfs/data/nvme_datasets/Pictures_CFSB_leaf_damage/2025_10_07_RSFB-Phenotyping_WG1_JLU/2025_10_07_RSFB-Phenotyping_WG1_JLU/20251007_130612.jpg,2.0,2.6794228553771973,3.0509321689605713,0.3715093731880188,1.0509321689605713,0.6794228553771973,rank_margin10,46,single_rater_weak
2025_10_07_RSFB-Phenotyping_WG1_JLU/2025_10_07_RSFB-Phenotyping_WG1_JLU/20251007_130619.jpg,plot_504180001e19348e8218,wg_insects_t1_bbch10,/home/nfs/data/nvme_datasets/Pictures_CFSB_leaf_damage/2025_10_07_RSFB-Phenotyping_WG1_JLU/2025_10_07_RSFB-Phenotyping_WG1_JLU/20251007_130619.jpg,2.0,4.940624237060547,5.878909111022949,0.9382846355438232,3.878909111022949,2.940624237060547,rank_margin10,46,single_rater_weak
2025_10_07_RSFB-Phenotyping_WG1_JLU/2025_10_07_RSFB-Phenotyping_WG1_JLU/20251007_130627.jpg,plot_504180001e19348e8218,wg_insects_t1_bbch10,/home/nfs/data/nvme_datasets/Pictures_CFSB_leaf_damage/2025_10_07_RSFB-Phenotyping_WG1_JLU/2025_10_07_RSFB-Phenotyping_WG1_JLU/20251007_130627.jpg,1.0,2.1256980895996094,2.3879473209381104,0.26224929094314575,1.3879473209381104,1.1256980895996094,rank_margin10,46,single_rater_weak
2025_10_07_RSFB-Phenotyping_WG1_JLU/2025_10_07_RSFB-Phenotyping_WG1_JLU/20251007_130648.jpg,plot_f179b08f0fba3c9f4d06,wg_insects_t1_bbch10,/home/nfs/data/nvme_datasets/Pictures_CFSB_leaf_damage/2025_10_07_RSFB-Phenotyping_WG1_JLU/2025_10_07_RSFB-Phenotyping_WG1_JLU/20251007_130648.jpg,4.0,3.1810555458068848,3.272416114807129,0.09136054664850235,0.7275838851928711,0.8189444541931152,rank_margin10,46,single_rater_weak
2025_10_07_RSFB-Phenotyping_WG1_JLU/2025_10_07_RSFB-Phenotyping_WG1_JLU/20251007_130656.jpg,plot_f179b08f0fba3c9f4d06,wg_insects_t1_bbch10,/home/nfs/data/nvme_datasets/Pictures_CFSB_leaf_damage/2025_10_07_RSFB-Phenotyping_WG1_JLU/2025_10_07_RSFB-Phenotyping_WG1_JLU/20251007_130656.jpg,2.0,3.549347162246704,3.6125588417053223,0.06321171671152115,1.6125588417053223,1.549347162246704,rank_margin10,46,single_rater_weak
2025_10_07_RSFB-Phenotyping_WG1_JLU/2025_10_07_RSFB-Phenotyping_WG1_JLU/20251007_130705.jpg,plot_f179b08f0fba3c9f4d06,wg_insects_t1_bbch10,/home/nfs/data/nvme_datasets/Pictures_CFSB_leaf_damage/2025_10_07_RSFB-Phenotyping_WG1_JLU/2025_10_07_RSFB-Phenotyping_WG1_JLU/20251007_130705.jpg,18.0,6.398591041564941,6.85978364944458,0.461192786693573,11.140216827392578,11.601408958435059,rank_margin10,46,single_rater_weak
2025_10_07_RSFB-Phenotyping_WG1_JLU/2025_10_07_RSFB-Phenotyping_WG1_JLU/20251007_130726.jpg,plot_78287cf2b6571cf498a7,wg_insects_t1_bbch10,/home/nfs/data/nvme_datasets/Pictures_CFSB_leaf_damage/2025_10_07_RSFB-Phenotyping_WG1_JLU/2025_10_07_RSFB-Phenotyping_WG1_JLU/20251007_130726.jpg,14.0,6.005797386169434,7.045292854309082,1.039495587348938,6.954707145690918,7.994202613830566,rank_margin10,46,single_rater_weak
2025_10_07_RSFB-Phenotyping_WG1_JLU/2025_10_07_RSFB-Phenotyping_WG1_JLU/20251007_130733.jpg,plot_78287cf2b6571cf498a7,wg_insects_t1_bbch10,/home/nfs/data/nvme_datasets/Pictures_CFSB_leaf_damage/2025_10_07_RSFB-Phenotyping_WG1_JLU/2025_10_07_RSFB-Phenotyping_WG1_JLU/20251007_130733.jpg,4.0,3.147400379180908,3.2121329307556152,0.06473246216773987,0.7878670692443848,0.8525996208190918,rank_margin10,46,single_rater_weak
2025_10_07_RSFB-Phenotyping_WG1_JLU/2025_10_07_RSFB-Phenotyping_WG1_JLU/20251007_130740.jpg,plot_78287cf2b6571cf498a7,wg_insects_t1_bbch10,/home/nfs/data/nvme_datasets/Pictures_CFSB_leaf_damage/2025_10_07_RSFB-Phenotyping_WG1_JLU/2025_10_07_RSFB-Phenotyping_WG1_JLU/20251007_130740.jpg,2.0,3.4471664428710938,3.7791459560394287,0.33197954297065735,1.7791459560394287,1.4471664428710938,rank_margin10,46,single_rater_weak
2025_10_07_RSFB-Phenotyping_WG1_JLU/2025_10_07_RSFB-Phenotyping_WG1_JLU/20251007_130758.jpg,plot_aa30bb17fa7e5df833e2,wg_insects_t1_bbch10,/home/nfs/data/nvme_datasets/Pictures_CFSB_leaf_damage/2025_10_07_RSFB-Phenotyping_WG1_JLU/2025_10_07_RSFB-Phenotyping_WG1_JLU/20251007_130758.jpg,13.0,2.5602622032165527,2.981569766998291,0.42130765318870544,10.018430709838867,10.439737319946289,rank_margin10,46,single_rater_weak
2025_10_07_RSFB-Phenotyping_WG1_JLU/2025_10_07_RSFB-Phenotyping_WG1_JLU/20251007_130804.jpg,plot_aa30bb17fa7e5df833e2,wg_insects_t1_bbch10,/home/nfs/data/nvme_datasets/Pictures_CFSB_leaf_damage/2025_10_07_RSFB-Phenotyping_WG1_JLU/2025_10_07_RSFB-Phenotyping_WG1_JLU/20251007_130804.jpg,8.0,2.0528788566589355,2.1289424896240234,0.07606370747089386,5.871057510375977,5.9471211433410645,rank_margin10,46,single_rater_weak
2025_10_07_RSFB-Phenotyping_WG1_JLU/2025_10_07_RSFB-Phenotyping_WG1_JLU/20251007_130811.jpg,plot_aa30bb17fa7e5df833e2,wg_insects_t1_bbch10,/home/nfs/data/nvme_datasets/Pictures_CFSB_leaf_damage/2025_10_07_RSFB-Phenotyping_WG1_JLU/2025_10_07_RSFB-Phenotyping_WG1_JLU/20251007_130811.jpg,3.0,3.753615140914917,4.158290863037109,0.4046756625175476,1.1582908630371094,0.753615140914917,rank_margin10,46,single_rater_weak
2025_10_07_RSFB-Phenotyping_WG1_JLU/2025_10_07_RSFB-Phenotyping_WG1_JLU/20251007_130830.jpg,plot_9131f3f6bd76778beb76,wg_insects_t1_bbch10,/home/nfs/data/nvme_datasets/Pictures_CFSB_leaf_damage/2025_10_07_RSFB-Phenotyping_WG1_JLU/2025_10_07_RSFB-Phenotyping_WG1_JLU/20251007_130830.jpg,8.0,3.342439651489258,3.90374755859375,0.5613080263137817,4.09625244140625,4.657560348510742,rank_margin10,46,single_rater_weak
2025_10_07_RSFB-Phenotyping_WG1_JLU/2025_10_07_RSFB-Phenotyping_WG1_JLU/20251007_130838.jpg,plot_9131f3f6bd76778beb76,wg_insects_t1_bbch10,/home/nfs/data/nvme_datasets/Pictures_CFSB_leaf_damage/2025_10_07_RSFB-Phenotyping_WG1_JLU/2025_10_07_RSFB-Phenotyping_WG1_JLU/20251007_130838.jpg,2.0,2.8782591819763184,2.7669947147369385,-0.11126439273357391,0.7669947147369385,0.8782591819763184,rank_margin10,46,single_rater_weak
2025_10_07_RSFB-Phenotyping_WG1_JLU/2025_10_07_RSFB-Phenotyping_WG1_JLU/20251007_130845.jpg,plot_9131f3f6bd76778beb76,wg_insects_t1_bbch10,/home/nfs/data/nvme_datasets/Pictures_CFSB_leaf_damage/2025_10_07_RSFB-Phenotyping_WG1_JLU/2025_10_07_RSFB-Phenotyping_WG1_JLU/20251007_130845.jpg,8.0,3.5983474254608154,4.176283836364746,0.5779364109039307,3.823716163635254,4.4016523361206055,rank_margin10,46,single_rater_weak
2025_10_07_RSFB-Phenotyping_WG1_JLU/2025_10_07_RSFB-Phenotyping_WG1_JLU/20251007_130925.jpg,plot_8ced70c78fc97cac2d07,wg_insects_t1_bbch10,/home/nfs/data/nvme_datasets/Pictures_CFSB_leaf_damage/2025_10_07_RSFB-Phenotyping_WG1_JLU/2025_10_07_RSFB-Phenotyping_WG1_JLU/20251007_130925.jpg,3.0,6.8267645835876465,7.657125473022461,0.8303607106208801,4.657125473022461,3.8267645835876465,rank_margin10,46,single_rater_weak
2025_10_07_RSFB-Phenotyping_WG1_JLU/2025_10_07_RSFB-Phenotyping_WG1_JLU/20251007_130934.jpg,plot_8ced70c78fc97cac2d07,wg_insects_t1_bbch10,/home/nfs/data/nvme_datasets/Pictures_CFSB_leaf_damage/2025_10_07_RSFB-Phenotyping_WG1_JLU/2025_10_07_RSFB-Phenotyping_WG1_JLU/20251007_130934.jpg,1.0,6.824329376220703,6.959461688995361,0.1351323127746582,5.959461688995361,5.824329376220703,rank_margin10,46,single_rater_weak
2025_10_07_RSFB-Phenotyping_WG1_JLU/2025_10_07_RSFB-Phenotyping_WG1_JLU/20251007_130943.jpg,plot_8ced70c78fc97cac2d07,wg_insects_t1_bbch10,/home/nfs/data/nvme_datasets/Pictures_CFSB_leaf_damage/2025_10_07_RSFB-Phenotyping_WG1_JLU/2025_10_07_RSFB-Phenotyping_WG1_JLU/20251007_130943.jpg,2.0,3.3637478351593018,3.1196582317352295,-0.24408960342407227,1.1196582317352295,1.3637478351593018,rank_margin10,46,single_rater_weak
2025_10_07_RSFB-Phenotyping_WG1_JLU/2025_10_07_RSFB-Phenotyping_WG1_JLU/20251007_131006.jpg,plot_f9a0a2ea5a8ea7c906d7,wg_insects_t1_bbch10,/home/nfs/data/nvme_datasets/Pictures_CFSB_leaf_damage/2025_10_07_RSFB-Phenotyping_WG1_JLU/2025_10_07_RSFB-Phenotyping_WG1_JLU/20251007_131006.jpg,4.0,8.292194366455078,9.399486541748047,1.1072922945022583,5.399486541748047,4.292194366455078,rank_margin10,46,single_rater_weak
2025_10_07_RSFB-Phenotyping_WG1_JLU/2025_10_07_RSFB-Phenotyping_WG1_JLU/20251007_131014.jpg,plot_f9a0a2ea5a8ea7c906d7,wg_insects_t1_bbch10,/home/nfs/data/nvme_datasets/Pictures_CFSB_leaf_damage/2025_10_07_RSFB-Phenotyping_WG1_JLU/2025_10_07_RSFB-Phenotyping_WG1_JLU/20251007_131014.jpg,19.0,9.382454872131348,9.322807312011719,-0.05964720621705055,9.677192687988281,9.617545127868652,rank_margin10,46,single_rater_weak
2025_10_07_RSFB-Phenotyping_WG1_JLU/2025_10_07_RSFB-Phenotyping_WG1_JLU/20251007_131021.jpg,plot_f9a0a2ea5a8ea7c906d7,wg_insects_t1_bbch10,/home/nfs/data/nvme_datasets/Pictures_CFSB_leaf_damage/2025_10_07_RSFB-Phenotyping_WG1_JLU/2025_10_07_RSFB-Phenotyping_WG1_JLU/20251007_131021.jpg,2.0,7.7009806632995605,8.377180099487305,0.6761995553970337,6.377180099487305,5.7009806632995605,rank_margin10,46,single_rater_weak
2025_10_07_RSFB-Phenotyping_WG1_JLU/2025_10_07_RSFB-Phenotyping_WG1_JLU/20251007_131039.jpg,plot_78e7e0789c84452c5544,wg_insects_t1_bbch10,/home/nfs/data/nvme_datasets/Pictures_CFSB_leaf_damage/2025_10_07_RSFB-Phenotyping_WG1_JLU/2025_10_07_RSFB-Phenotyping_WG1_JLU/20251007_131039.jpg,2.0,3.293886661529541,3.920407772064209,0.6265211701393127,1.920407772064209,1.293886661529541,rank_margin10,46,single_rater_weak
2025_10_07_RSFB-Phenotyping_WG1_JLU/2025_10_07_RSFB-Phenotyping_WG1_JLU/20251007_131046.jpg,plot_78e7e0789c84452c5544,wg_insects_t1_bbch10,/home/nfs/data/nvme_datasets/Pictures_CFSB_leaf_damage/2025_10_07_RSFB-Phenotyping_WG1_JLU/2025_10_07_RSFB-Phenotyping_WG1_JLU/20251007_131046.jpg,3.0,7.151191711425781,8.258109092712402,1.1069175004959106,5.258109092712402,4.151191711425781,rank_margin10,46,single_rater_weak
2025_10_07_RSFB-Phenotyping_WG1_JLU/2025_10_07_RSFB-Phenotyping_WG1_JLU/20251007_131053.jpg,plot_78e7e0789c84452c5544,wg_insects_t1_bbch10,/home/nfs/data/nvme_datasets/Pictures_CFSB_leaf_damage/2025_10_07_RSFB-Phenotyping_WG1_JLU/2025_10_07_RSFB-Phenotyping_WG1_JLU/20251007_131053.jpg,1.0,1.3344507217407227,2.7942700386047363,1.4598191976547241,1.7942700386047363,0.33445072174072266,rank_margin10,46,single_rater_weak
2025_10_07_RSFB-Phenotyping_WG1_JLU/2025_10_07_RSFB-Phenotyping_WG1_JLU/20251007_131116.jpg,plot_87206044d7c8f4ed7e4f,wg_insects_t1_bbch10,/home/nfs/data/nvme_datasets/Pictures_CFSB_leaf_damage/2025_10_07_RSFB-Phenotyping_WG1_JLU/2025_10_07_RSFB-Phenotyping_WG1_JLU/20251007_131116.jpg,1.0,3.785796880722046,3.321322202682495,-0.46447473764419556,2.321322202682495,2.785796880722046,rank_margin10,46,single_rater_weak
2025_10_07_RSFB-Phenotyping_WG1_JLU/2025_10_07_RSFB-Phenotyping_WG1_JLU/20251007_131123.jpg,plot_87206044d7c8f4ed7e4f,wg_insects_t1_bbch10,/home/nfs/data/nvme_datasets/Pictures_CFSB_leaf_damage/2025_10_07_RSFB-Phenotyping_WG1_JLU/2025_10_07_RSFB-Phenotyping_WG1_JLU/20251007_131123.jpg,1.0,3.362509250640869,3.5959625244140625,0.23345334827899933,2.5959625244140625,2.362509250640869,rank_margin10,46,single_rater_weak
2025_10_07_RSFB-Phenotyping_WG1_JLU/2025_10_07_RSFB-Phenotyping_WG1_JLU/20251007_131133.jpg,plot_87206044d7c8f4ed7e4f,wg_insects_t1_bbch10,/home/nfs/data/nvme_datasets/Pictures_CFSB_leaf_damage/2025_10_07_RSFB-Phenotyping_WG1_JLU/2025_10_07_RSFB-Phenotyping_WG1_JLU/20251007_131133.jpg,2.0,3.5002529621124268,3.193866014480591,-0.30638691782951355,1.1938660144805908,1.5002529621124268,rank_margin10,46,single_rater_weak
2025_10_07_RSFB-Phenotyping_WG1_JLU/2025_10_07_RSFB-Phenotyping_WG1_JLU/20251007_131150.jpg,plot_1917cffb7f35fb1f0351,wg_insects_t1_bbch10,/home/nfs/data/nvme_datasets/Pictures_CFSB_leaf_damage/2025_10_07_RSFB-Phenotyping_WG1_JLU/2025_10_07_RSFB-Phenotyping_WG1_JLU/20251007_131150.jpg,1.0,1.7957983016967773,2.258474588394165,0.4626762866973877,1.258474588394165,0.7957983016967773,rank_margin10,46,single_rater_weak
2025_10_07_RSFB-Phenotyping_WG1_JLU/2025_10_07_RSFB-Phenotyping_WG1_JLU/20251007_131200.jpg,plot_1917cffb7f35fb1f0351,wg_insects_t1_bbch10,/home/nfs/data/nvme_datasets/Pictures_CFSB_leaf_damage/2025_10_07_RSFB-Phenotyping_WG1_JLU/2025_10_07_RSFB-Phenotyping_WG1_JLU/20251007_131200.jpg,4.0,3.9641873836517334,5.313851833343506,1.349664330482483,1.3138518333435059,0.0358126163482666,rank_margin10,46,single_rater_weak
2025_10_07_RSFB-Phenotyping_WG1_JLU/2025_10_07_RSFB-Phenotyping_WG1_JLU/20251007_131207.jpg,plot_1917cffb7f35fb1f0351,wg_insects_t1_bbch10,/home/nfs/data/nvme_datasets/Pictures_CFSB_leaf_damage/2025_10_07_RSFB-Phenotyping_WG1_JLU/2025_10_07_RSFB-Phenotyping_WG1_JLU/20251007_131207.jpg,3.0,2.6149215698242188,2.4237887859344482,-0.19113288819789886,0.5762112140655518,0.38507843017578125,rank_margin10,46,single_rater_weak
2025_10_07_RSFB-Phenotyping_WG1_JLU/2025_10_07_RSFB-Phenotyping_WG1_JLU/20251007_131225.jpg,plot_a0936eab9317839eecb3,wg_insects_t1_bbch10,/home/nfs/data/nvme_datasets/Pictures_CFSB_leaf_damage/2025_10_07_RSFB-Phenotyping_WG1_JLU/2025_10_07_RSFB-Phenotyping_WG1_JLU/20251007_131225.jpg,10.0,3.7630856037139893,4.7102885246276855,0.9472030997276306,5.2897114753723145,6.23691463470459,rank_margin10,46,single_rater_weak
2025_10_07_RSFB-Phenotyping_WG1_JLU/2025_10_07_RSFB-Phenotyping_WG1_JLU/20251007_131232.jpg,plot_a0936eab9317839eecb3,wg_insects_t1_bbch10,/home/nfs/data/nvme_datasets/Pictures_CFSB_leaf_damage/2025_10_07_RSFB-Phenotyping_WG1_JLU/2025_10_07_RSFB-Phenotyping_WG1_JLU/20251007_131232.jpg,16.0,2.9955873489379883,2.9771671295166016,-0.018420211970806122,13.022832870483398,13.004412651062012,rank_margin10,46,single_rater_weak
2025_10_07_RSFB-Phenotyping_WG1_JLU/2025_10_07_RSFB-Phenotyping_WG1_JLU/20251007_131240.jpg,plot_a0936eab9317839eecb3,wg_insects_t1_bbch10,/home/nfs/data/nvme_datasets/Pictures_CFSB_leaf_damage/2025_10_07_RSFB-Phenotyping_WG1_JLU/2025_10_07_RSFB-Phenotyping_WG1_JLU/20251007_131240.jpg,3.0,3.358304262161255,3.375185251235962,0.016880936920642853,0.3751852512359619,0.3583042621612549,rank_margin10,46,single_rater_weak
2025_10_07_RSFB-Phenotyping_WG1_JLU/2025_10_07_RSFB-Phenotyping_WG1_JLU/20251007_131259.jpg,plot_42c804b6709b845c09a3,wg_insects_t1_bbch10,/home/nfs/data/nvme_datasets/Pictures_CFSB_leaf_damage/2025_10_07_RSFB-Phenotyping_WG1_JLU/2025_10_07_RSFB-Phenotyping_WG1_JLU/20251007_131259.jpg,8.0,3.8480801582336426,5.0439066886901855,1.1958264112472534,2.9560933113098145,4.151919841766357,rank_margin10,46,single_rater_weak
2025_10_07_RSFB-Phenotyping_WG1_JLU/2025_10_07_RSFB-Phenotyping_WG1_JLU/20251007_131305.jpg,plot_42c804b6709b845c09a3,wg_insects_t1_bbch10,/home/nfs/data/nvme_datasets/Pictures_CFSB_leaf_damage/2025_10_07_RSFB-Phenotyping_WG1_JLU/2025_10_07_RSFB-Phenotyping_WG1_JLU/20251007_131305.jpg,3.0,3.5329809188842773,4.05208683013916,0.5191061496734619,1.0520868301391602,0.5329809188842773,rank_margin10,46,single_rater_weak
2025_10_07_RSFB-Phenotyping_WG1_JLU/2025_10_07_RSFB-Phenotyping_WG1_JLU/20251007_131312.jpg,plot_42c804b6709b845c09a3,wg_insects_t1_bbch10,/home/nfs/data/nvme_datasets/Pictures_CFSB_leaf_damage/2025_10_07_RSFB-Phenotyping_WG1_JLU/2025_10_07_RSFB-Phenotyping_WG1_JLU/20251007_131312.jpg,3.0,4.058403968811035,5.31479024887085,1.2563862800598145,2.3147902488708496,1.0584039688110352,rank_margin10,46,single_rater_weak
2025_10_07_RSFB-Phenotyping_WG1_JLU/2025_10_07_RSFB-Phenotyping_WG1_JLU/20251007_131332.jpg,plot_f8bd3526d9c55598df8e,wg_insects_t1_bbch10,/home/nfs/data/nvme_datasets/Pictures_CFSB_leaf_damage/2025_10_07_RSFB-Phenotyping_WG1_JLU/2025_10_07_RSFB-Phenotyping_WG1_JLU/20251007_131332.jpg,12.0,3.795905828475952,4.264796733856201,0.4688909947872162,7.735203266143799,8.204093933105469,rank_margin10,46,single_rater_weak
2025_10_07_RSFB-Phenotyping_WG1_JLU/2025_10_07_RSFB-Phenotyping_WG1_JLU/20251007_131339.jpg,plot_f8bd3526d9c55598df8e,wg_insects_t1_bbch10,/home/nfs/data/nvme_datasets/Pictures_CFSB_leaf_damage/2025_10_07_RSFB-Phenotyping_WG1_JLU/2025_10_07_RSFB-Phenotyping_WG1_JLU/20251007_131339.jpg,4.0,4.063373565673828,3.8903303146362305,-0.1730433702468872,0.10966968536376953,0.06337356567382812,rank_margin10,46,single_rater_weak
2025_10_07_RSFB-Phenotyping_WG1_JLU/2025_10_07_RSFB-Phenotyping_WG1_JLU/20251007_131348.jpg,plot_f8bd3526d9c55598df8e,wg_insects_t1_bbch10,/home/nfs/data/nvme_datasets/Pictures_CFSB_leaf_damage/2025_10_07_RSFB-Phenotyping_WG1_JLU/2025_10_07_RSFB-Phenotyping_WG1_JLU/20251007_131348.jpg,5.0,1.494530200958252,2.306802272796631,0.8122721314430237,2.693197727203369,3.505469799041748,rank_margin10,46,single_rater_weak
2025_10_07_RSFB-Phenotyping_WG1_JLU/2025_10_07_RSFB-Phenotyping_WG1_JLU/20251007_131407.jpg,plot_6c38620dbfde231ed816,wg_insects_t1_bbch10,/home/nfs/data/nvme_datasets/Pictures_CFSB_leaf_damage/2025_10_07_RSFB-Phenotyping_WG1_JLU/2025_10_07_RSFB-Phenotyping_WG1_JLU/20251007_131407.jpg,2.0,2.8147268295288086,2.509716033935547,-0.3050108850002289,0.5097160339355469,0.8147268295288086,rank_margin10,46,single_rater_weak
2025_10_07_RSFB-Phenotyping_WG1_JLU/2025_10_07_RSFB-Phenotyping_WG1_JLU/20251007_131414.jpg,plot_6c38620dbfde231ed816,wg_insects_t1_bbch10,/home/nfs/data/nvme_datasets/Pictures_CFSB_leaf_damage/2025_10_07_RSFB-Phenotyping_WG1_JLU/2025_10_07_RSFB-Phenotyping_WG1_JLU/20251007_131414.jpg,3.0,3.0403356552124023,3.8214714527130127,0.7811358571052551,0.8214714527130127,0.040335655212402344,rank_margin10,46,single_rater_weak
2025_10_07_RSFB-Phenotyping_WG1_JLU/2025_10_07_RSFB-Phenotyping_WG1_JLU/20251007_131420.jpg,plot_6c38620dbfde231ed816,wg_insects_t1_bbch10,/home/nfs/data/nvme_datasets/Pictures_CFSB_leaf_damage/2025_10_07_RSFB-Phenotyping_WG1_JLU/2025_10_07_RSFB-Phenotyping_WG1_JLU/20251007_131420.jpg,4.0,3.8312630653381348,3.840550422668457,0.009287470951676369,0.15944957733154297,0.16873693466186523,rank_margin10,46,single_rater_weak
2025_10_07_RSFB-Phenotyping_WG1_JLU/2025_10_07_RSFB-Phenotyping_WG1_JLU/20251007_131438.jpg,plot_95a120ddcb4142f71cc8,wg_insects_t1_bbch10,/home/nfs/data/nvme_datasets/Pictures_CFSB_leaf_damage/2025_10_07_RSFB-Phenotyping_WG1_JLU/2025_10_07_RSFB-Phenotyping_WG1_JLU/20251007_131438.jpg,3.0,3.2210235595703125,3.006624698638916,-0.21439887583255768,0.006624698638916016,0.2210235595703125,rank_margin10,46,single_rater_weak
2025_10_07_RSFB-Phenotyping_WG1_JLU/2025_10_07_RSFB-Phenotyping_WG1_JLU/20251007_131445.jpg,plot_95a120ddcb4142f71cc8,wg_insects_t1_bbch10,/home/nfs/data/nvme_datasets/Pictures_CFSB_leaf_damage/2025_10_07_RSFB-Phenotyping_WG1_JLU/2025_10_07_RSFB-Phenotyping_WG1_JLU/20251007_131445.jpg,2.0,2.8113222122192383,3.1983799934387207,0.38705769181251526,1.1983799934387207,0.8113222122192383,rank_margin10,46,single_rater_weak
2025_10_07_RSFB-Phenotyping_WG1_JLU/2025_10_07_RSFB-Phenotyping_WG1_JLU/20251007_131452.jpg,plot_95a120ddcb4142f71cc8,wg_insects_t1_bbch10,/home/nfs/data/nvme_datasets/Pictures_CFSB_leaf_damage/2025_10_07_RSFB-Phenotyping_WG1_JLU/2025_10_07_RSFB-Phenotyping_WG1_JLU/20251007_131452.jpg,2.0,3.523940086364746,4.2248005867004395,0.700860321521759,2.2248005867004395,1.523940086364746,rank_margin10,46,single_rater_weak
2025_10_07_RSFB-Phenotyping_WG1_JLU/2025_10_07_RSFB-Phenotyping_WG1_JLU/20251007_131511.jpg,plot_070393c4afb318f09bba,wg_insects_t1_bbch10,/home/nfs/data/nvme_datasets/Pictures_CFSB_leaf_damage/2025_10_07_RSFB-Phenotyping_WG1_JLU/2025_10_07_RSFB-Phenotyping_WG1_JLU/20251007_131511.jpg,3.0,7.691803455352783,8.640176773071289,0.9483736753463745,5.640176773071289,4.691803455352783,rank_margin10,46,single_rater_weak
2025_10_07_RSFB-Phenotyping_WG1_JLU/2025_10_07_RSFB-Phenotyping_WG1_JLU/20251007_131518.jpg,plot_070393c4afb318f09bba,wg_insects_t1_bbch10,/home/nfs/data/nvme_datasets/Pictures_CFSB_leaf_damage/2025_10_07_RSFB-Phenotyping_WG1_JLU/2025_10_07_RSFB-Phenotyping_WG1_JLU/20251007_131518.jpg,2.0,2.6854467391967773,2.5530166625976562,-0.13243018090724945,0.5530166625976562,0.6854467391967773,rank_margin10,46,single_rater_weak
2025_10_07_RSFB-Phenotyping_WG1_JLU/2025_10_07_RSFB-Phenotyping_WG1_JLU/20251007_131525.jpg,plot_070393c4afb318f09bba,wg_insects_t1_bbch10,/home/nfs/data/nvme_datasets/Pictures_CFSB_leaf_damage/2025_10_07_RSFB-Phenotyping_WG1_JLU/2025_10_07_RSFB-Phenotyping_WG1_JLU/20251007_131525.jpg,2.0,2.526623249053955,3.218214750289917,0.6915914416313171,1.218214750289917,0.5266232490539551,rank_margin10,46,single_rater_weak
2025_10_07_RSFB-Phenotyping_WG1_JLU/2025_10_07_RSFB-Phenotyping_WG1_JLU/20251007_131545.jpg,plot_e9e70368065f615a5caf,wg_insects_t1_bbch10,/home/nfs/data/nvme_datasets/Pictures_CFSB_leaf_damage/2025_10_07_RSFB-Phenotyping_WG1_JLU/2025_10_07_RSFB-Phenotyping_WG1_JLU/20251007_131545.jpg,4.0,5.458853721618652,6.6963419914245605,1.2374883890151978,2.6963419914245605,1.4588537216186523,rank_margin10,46,single_rater_weak
2025_10_07_RSFB-Phenotyping_WG1_JLU/2025_10_07_RSFB-Phenotyping_WG1_JLU/20251007_131553.jpg,plot_e9e70368065f615a5caf,wg_insects_t1_bbch10,/home/nfs/data/nvme_datasets/Pictures_CFSB_leaf_damage/2025_10_07_RSFB-Phenotyping_WG1_JLU/2025_10_07_RSFB-Phenotyping_WG1_JLU/20251007_131553.jpg,2.0,3.562363624572754,3.281987190246582,-0.2803763151168823,1.281987190246582,1.562363624572754,rank_margin10,46,single_rater_weak
2025_10_07_RSFB-Phenotyping_WG1_JLU/2025_10_07_RSFB-Phenotyping_WG1_JLU/20251007_131559.jpg,plot_e9e70368065f615a5caf,wg_insects_t1_bbch10,/home/nfs/data/nvme_datasets/Pictures_CFSB_leaf_damage/2025_10_07_RSFB-Phenotyping_WG1_JLU/2025_10_07_RSFB-Phenotyping_WG1_JLU/20251007_131559.jpg,1.0,1.8971195220947266,3.1889095306396484,1.2917898893356323,2.1889095306396484,0.8971195220947266,rank_margin10,46,single_rater_weak
2025_10_07_RSFB-Phenotyping_WG1_JLU/2025_10_07_RSFB-Phenotyping_WG1_JLU/20251007_131619.jpg,plot_61e03f3c2084a75c02a0,wg_insects_t1_bbch10,/home/nfs/data/nvme_datasets/Pictures_CFSB_leaf_damage/2025_10_07_RSFB-Phenotyping_WG1_JLU/2025_10_07_RSFB-Phenotyping_WG1_JLU/20251007_131619.jpg,1.0,2.027383804321289,2.1982626914978027,0.1708788424730301,1.1982626914978027,1.027383804321289,rank_margin10,46,single_rater_weak
2025_10_07_RSFB-Phenotyping_WG1_JLU/2025_10_07_RSFB-Phenotyping_WG1_JLU/20251007_131626.jpg,plot_61e03f3c2084a75c02a0,wg_insects_t1_bbch10,/home/nfs/data/nvme_datasets/Pictures_CFSB_leaf_damage/2025_10_07_RSFB-Phenotyping_WG1_JLU/2025_10_07_RSFB-Phenotyping_WG1_JLU/20251007_131626.jpg,3.0,2.6172752380371094,3.148810863494873,0.5315355062484741,0.14881086349487305,0.3827247619628906,rank_margin10,46,single_rater_weak
2025_10_07_RSFB-Phenotyping_WG1_JLU/2025_10_07_RSFB-Phenotyping_WG1_JLU/20251007_131632.jpg,plot_61e03f3c2084a75c02a0,wg_insects_t1_bbch10,/home/nfs/data/nvme_datasets/Pictures_CFSB_leaf_damage/2025_10_07_RSFB-Phenotyping_WG1_JLU/2025_10_07_RSFB-Phenotyping_WG1_JLU/20251007_131632.jpg,1.0,4.650906562805176,5.25526237487793,0.6043559908866882,4.25526237487793,3.650906562805176,rank_margin10,46,single_rater_weak
2025_10_07_RSFB-Phenotyping_WG1_JLU/2025_10_07_RSFB-Phenotyping_WG1_JLU/20251007_131654.jpg,plot_be5b81b9bfb5153b2e4f,wg_insects_t1_bbch10,/home/nfs/data/nvme_datasets/Pictures_CFSB_leaf_damage/2025_10_07_RSFB-Phenotyping_WG1_JLU/2025_10_07_RSFB-Phenotyping_WG1_JLU/20251007_131654.jpg,1.0,2.087686061859131,3.1991333961486816,1.1114473342895508,2.1991333961486816,1.0876860618591309,rank_margin10,46,single_rater_weak
2025_10_07_RSFB-Phenotyping_WG1_JLU/2025_10_07_RSFB-Phenotyping_WG1_JLU/20251007_131702.jpg,plot_be5b81b9bfb5153b2e4f,wg_insects_t1_bbch10,/home/nfs/data/nvme_datasets/Pictures_CFSB_leaf_damage/2025_10_07_RSFB-Phenotyping_WG1_JLU/2025_10_07_RSFB-Phenotyping_WG1_JLU/20251007_131702.jpg,3.0,5.3040642738342285,5.6712141036987305,0.3671500086784363,2.6712141036987305,2.3040642738342285,rank_margin10,46,single_rater_weak
2025_10_07_RSFB-Phenotyping_WG1_JLU/2025_10_07_RSFB-Phenotyping_WG1_JLU/20251007_131709.jpg,plot_be5b81b9bfb5153b2e4f,wg_insects_t1_bbch10,/home/nfs/data/nvme_datasets/Pictures_CFSB_leaf_damage/2025_10_07_RSFB-Phenotyping_WG1_JLU/2025_10_07_RSFB-Phenotyping_WG1_JLU/20251007_131709.jpg,2.0,3.356159210205078,3.5595622062683105,0.20340292155742645,1.5595622062683105,1.3561592102050781,rank_margin10,46,single_rater_weak
2025_10_07_RSFB-Phenotyping_WG1_JLU/2025_10_07_RSFB-Phenotyping_WG1_JLU/20251007_131724.jpg,plot_b7d7b9c1783bb935aca4,wg_insects_t1_bbch10,/home/nfs/data/nvme_datasets/Pictures_CFSB_leaf_damage/2025_10_07_RSFB-Phenotyping_WG1_JLU/2025_10_07_RSFB-Phenotyping_WG1_JLU/20251007_131724.jpg,1.0,2.8046798706054688,2.4381496906280518,-0.3665301501750946,1.4381496906280518,1.8046798706054688,rank_margin10,46,single_rater_weak
2025_10_07_RSFB-Phenotyping_WG1_JLU/2025_10_07_RSFB-Phenotyping_WG1_JLU/20251007_131732.jpg,plot_b7d7b9c1783bb935aca4,wg_insects_t1_bbch10,/home/nfs/data/nvme_datasets/Pictures_CFSB_leaf_damage/2025_10_07_RSFB-Phenotyping_WG1_JLU/2025_10_07_RSFB-Phenotyping_WG1_JLU/20251007_131732.jpg,2.0,4.004331111907959,4.4313154220581055,0.4269844591617584,2.4313154220581055,2.004331111907959,rank_margin10,46,single_rater_weak
2025_10_07_RSFB-Phenotyping_WG1_JLU/2025_10_07_RSFB-Phenotyping_WG1_JLU/20251007_131738.jpg,plot_b7d7b9c1783bb935aca4,wg_insects_t1_bbch10,/home/nfs/data/nvme_datasets/Pictures_CFSB_leaf_damage/2025_10_07_RSFB-Phenotyping_WG1_JLU/2025_10_07_RSFB-Phenotyping_WG1_JLU/20251007_131738.jpg,4.0,4.001694679260254,4.900177955627441,0.8984833359718323,0.9001779556274414,0.0016946792602539062,rank_margin10,46,single_rater_weak
2025_10_07_RSFB-Phenotyping_WG1_JLU/2025_10_07_RSFB-Phenotyping_WG1_JLU/20251007_131800.jpg,plot_3d3a3d2699c09c09f151,wg_insects_t1_bbch10,/home/nfs/data/nvme_datasets/Pictures_CFSB_leaf_damage/2025_10_07_RSFB-Phenotyping_WG1_JLU/2025_10_07_RSFB-Phenotyping_WG1_JLU/20251007_131800.jpg,2.0,2.602597713470459,3.1205978393554688,0.5180000066757202,1.1205978393554688,0.602597713470459,rank_margin10,46,single_rater_weak
2025_10_07_RSFB-Phenotyping_WG1_JLU/2025_10_07_RSFB-Phenotyping_WG1_JLU/20251007_131807.jpg,plot_3d3a3d2699c09c09f151,wg_insects_t1_bbch10,/home/nfs/data/nvme_datasets/Pictures_CFSB_leaf_damage/2025_10_07_RSFB-Phenotyping_WG1_JLU/2025_10_07_RSFB-Phenotyping_WG1_JLU/20251007_131807.jpg,6.0,5.955233097076416,6.492372512817383,0.537139356136322,0.4923725128173828,0.044766902923583984,rank_margin10,46,single_rater_weak
2025_10_07_RSFB-Phenotyping_WG1_JLU/2025_10_07_RSFB-Phenotyping_WG1_JLU/20251007_131814.jpg,plot_3d3a3d2699c09c09f151,wg_insects_t1_bbch10,/home/nfs/data/nvme_datasets/Pictures_CFSB_leaf_damage/2025_10_07_RSFB-Phenotyping_WG1_JLU/2025_10_07_RSFB-Phenotyping_WG1_JLU/20251007_131814.jpg,4.0,5.9525651931762695,6.166417121887207,0.21385177969932556,2.166417121887207,1.9525651931762695,rank_margin10,46,single_rater_weak
2025_10_07_RSFB-Phenotyping_WG1_JLU/2025_10_07_RSFB-Phenotyping_WG1_JLU/20251007_131834.jpg,plot_56909c56fd28cbe7199d,wg_insects_t1_bbch10,/home/nfs/data/nvme_datasets/Pictures_CFSB_leaf_damage/2025_10_07_RSFB-Phenotyping_WG1_JLU/2025_10_07_RSFB-Phenotyping_WG1_JLU/20251007_131834.jpg,2.0,2.715278148651123,3.1761934757232666,0.4609152674674988,1.1761934757232666,0.715278148651123,rank_margin10,46,single_rater_weak
2025_10_07_RSFB-Phenotyping_WG1_JLU/2025_10_07_RSFB-Phenotyping_WG1_JLU/20251007_131841.jpg,plot_56909c56fd28cbe7199d,wg_insects_t1_bbch10,/home/nfs/data/nvme_datasets/Pictures_CFSB_leaf_damage/2025_10_07_RSFB-Phenotyping_WG1_JLU/2025_10_07_RSFB-Phenotyping_WG1_JLU/20251007_131841.jpg,12.0,6.582221984863281,6.812549114227295,0.23032702505588531,5.187450885772705,5.417778015136719,rank_margin10,46,single_rater_weak
2025_10_07_RSFB-Phenotyping_WG1_JLU/2025_10_07_RSFB-Phenotyping_WG1_JLU/20251007_131849.jpg,plot_56909c56fd28cbe7199d,wg_insects_t1_bbch10,/home/nfs/data/nvme_datasets/Pictures_CFSB_leaf_damage/2025_10_07_RSFB-Phenotyping_WG1_JLU/2025_10_07_RSFB-Phenotyping_WG1_JLU/20251007_131849.jpg,9.0,2.7284979820251465,3.5678811073303223,0.8393831253051758,5.432118892669678,6.2715020179748535,rank_margin10,46,single_rater_weak
2025_10_07_RSFB-Phenotyping_WG1_JLU/2025_10_07_RSFB-Phenotyping_WG1_JLU/20251007_131911.jpg,plot_e5f6779bfab99ed66eaf,wg_insects_t1_bbch10,/home/nfs/data/nvme_datasets/Pictures_CFSB_leaf_damage/2025_10_07_RSFB-Phenotyping_WG1_JLU/2025_10_07_RSFB-Phenotyping_WG1_JLU/20251007_131911.jpg,10.0,4.665576934814453,5.0118303298950195,0.34625354409217834,4.9881696701049805,5.334423065185547,rank_margin10,46,single_rater_weak
2025_10_07_RSFB-Phenotyping_WG1_JLU/2025_10_07_RSFB-Phenotyping_WG1_JLU/20251007_131918.jpg,plot_e5f6779bfab99ed66eaf,wg_insects_t1_bbch10,/home/nfs/data/nvme_datasets/Pictures_CFSB_leaf_damage/2025_10_07_RSFB-Phenotyping_WG1_JLU/2025_10_07_RSFB-Phenotyping_WG1_JLU/20251007_131918.jpg,4.0,3.340095043182373,3.0361814498901367,-0.3039134740829468,0.9638185501098633,0.659904956817627,rank_margin10,46,single_rater_weak
2025_10_07_RSFB-Phenotyping_WG1_JLU/2025_10_07_RSFB-Phenotyping_WG1_JLU/20251007_131928.jpg,plot_e5f6779bfab99ed66eaf,wg_insects_t1_bbch10,/home/nfs/data/nvme_datasets/Pictures_CFSB_leaf_damage/2025_10_07_RSFB-Phenotyping_WG1_JLU/2025_10_07_RSFB-Phenotyping_WG1_JLU/20251007_131928.jpg,6.0,3.5837655067443848,4.192173957824707,0.608408510684967,1.807826042175293,2.4162344932556152,rank_margin10,46,single_rater_weak
2025_10_07_RSFB-Phenotyping_WG1_JLU/2025_10_07_RSFB-Phenotyping_WG1_JLU/20251007_131945.jpg,plot_3684ad79a5010f97ee8a,wg_insects_t1_bbch10,/home/nfs/data/nvme_datasets/Pictures_CFSB_leaf_damage/2025_10_07_RSFB-Phenotyping_WG1_JLU/2025_10_07_RSFB-Phenotyping_WG1_JLU/20251007_131945.jpg,4.0,2.874159812927246,3.658306121826172,0.7841464281082153,0.3416938781738281,1.125840187072754,rank_margin10,46,single_rater_weak
2025_10_07_RSFB-Phenotyping_WG1_JLU/2025_10_07_RSFB-Phenotyping_WG1_JLU/20251007_131953.jpg,plot_3684ad79a5010f97ee8a,wg_insects_t1_bbch10,/home/nfs/data/nvme_datasets/Pictures_CFSB_leaf_damage/2025_10_07_RSFB-Phenotyping_WG1_JLU/2025_10_07_RSFB-Phenotyping_WG1_JLU/20251007_131953.jpg,4.0,3.541018009185791,4.447062969207764,0.9060449600219727,0.44706296920776367,0.458981990814209,rank_margin10,46,single_rater_weak
2025_10_07_RSFB-Phenotyping_WG1_JLU/2025_10_07_RSFB-Phenotyping_WG1_JLU/20251007_131959.jpg,plot_3684ad79a5010f97ee8a,wg_insects_t1_bbch10,/home/nfs/data/nvme_datasets/Pictures_CFSB_leaf_damage/2025_10_07_RSFB-Phenotyping_WG1_JLU/2025_10_07_RSFB-Phenotyping_WG1_JLU/20251007_131959.jpg,10.0,2.8366918563842773,3.45806622505188,0.6213743686676025,6.541934013366699,7.163308143615723,rank_margin10,46,single_rater_weak
2025_10_07_RSFB-Phenotyping_WG1_JLU/2025_10_07_RSFB-Phenotyping_WG1_JLU/20251007_132016.jpg,plot_e48ed30deb5a919fda2e,wg_insects_t1_bbch10,/home/nfs/data/nvme_datasets/Pictures_CFSB_leaf_damage/2025_10_07_RSFB-Phenotyping_WG1_JLU/2025_10_07_RSFB-Phenotyping_WG1_JLU/20251007_132016.jpg,3.0,2.8961896896362305,2.8280866146087646,-0.06810303032398224,0.17191338539123535,0.10381031036376953,rank_margin10,46,single_rater_weak
2025_10_07_RSFB-Phenotyping_WG1_JLU/2025_10_07_RSFB-Phenotyping_WG1_JLU/20251007_132023.jpg,plot_e48ed30deb5a919fda2e,wg_insects_t1_bbch10,/home/nfs/data/nvme_datasets/Pictures_CFSB_leaf_damage/2025_10_07_RSFB-Phenotyping_WG1_JLU/2025_10_07_RSFB-Phenotyping_WG1_JLU/20251007_132023.jpg,4.0,6.264960765838623,7.400241374969482,1.135280728340149,3.4002413749694824,2.264960765838623,rank_margin10,46,single_rater_weak
2025_10_07_RSFB-Phenotyping_WG1_JLU/2025_10_07_RSFB-Phenotyping_WG1_JLU/20251007_132031.jpg,plot_e48ed30deb5a919fda2e,wg_insects_t1_bbch10,/home/nfs/data/nvme_datasets/Pictures_CFSB_leaf_damage/2025_10_07_RSFB-Phenotyping_WG1_JLU/2025_10_07_RSFB-Phenotyping_WG1_JLU/20251007_132031.jpg,3.0,2.832681179046631,3.874202251434326,1.0415211915969849,0.8742022514343262,0.16731882095336914,rank_margin10,46,single_rater_weak
2025_10_07_RSFB-Phenotyping_WG1_JLU/2025_10_07_RSFB-Phenotyping_WG1_JLU/20251007_132051.jpg,plot_c45d55c4f3fced2170e8,wg_insects_t1_bbch10,/home/nfs/data/nvme_datasets/Pictures_CFSB_leaf_damage/2025_10_07_RSFB-Phenotyping_WG1_JLU/2025_10_07_RSFB-Phenotyping_WG1_JLU/20251007_132051.jpg,8.0,3.5036380290985107,3.787266492843628,0.28362852334976196,4.212733268737793,4.49636173248291,rank_margin10,46,single_rater_weak
2025_10_07_RSFB-Phenotyping_WG1_JLU/2025_10_07_RSFB-Phenotyping_WG1_JLU/20251007_132058.jpg,plot_c45d55c4f3fced2170e8,wg_insects_t1_bbch10,/home/nfs/data/nvme_datasets/Pictures_CFSB_leaf_damage/2025_10_07_RSFB-Phenotyping_WG1_JLU/2025_10_07_RSFB-Phenotyping_WG1_JLU/20251007_132058.jpg,7.0,4.5801496505737305,5.103885650634766,0.5237362384796143,1.8961143493652344,2.4198503494262695,rank_margin10,46,single_rater_weak
2025_10_07_RSFB-Phenotyping_WG1_JLU/2025_10_07_RSFB-Phenotyping_WG1_JLU/20251007_132107.jpg,plot_c45d55c4f3fced2170e8,wg_insects_t1_bbch10,/home/nfs/data/nvme_datasets/Pictures_CFSB_leaf_damage/2025_10_07_RSFB-Phenotyping_WG1_JLU/2025_10_07_RSFB-Phenotyping_WG1_JLU/20251007_132107.jpg,7.0,3.180026054382324,3.336306571960449,0.15628047287464142,3.663693428039551,3.819973945617676,rank_margin10,46,single_rater_weak
2025_10_07_RSFB-Phenotyping_WG1_JLU/2025_10_07_RSFB-Phenotyping_WG1_JLU/20251007_132124.jpg,plot_9d9054fb92bbdfc2048b,wg_insects_t1_bbch10,/home/nfs/data/nvme_datasets/Pictures_CFSB_leaf_damage/2025_10_07_RSFB-Phenotyping_WG1_JLU/2025_10_07_RSFB-Phenotyping_WG1_JLU/20251007_132124.jpg,6.0,3.9181761741638184,3.820061206817627,-0.09811487048864365,2.179938793182373,2.0818238258361816,rank_margin10,46,single_rater_weak
2025_10_07_RSFB-Phenotyping_WG1_JLU/2025_10_07_RSFB-Phenotyping_WG1_JLU/20251007_132132.jpg,plot_9d9054fb92bbdfc2048b,wg_insects_t1_bbch10,/home/nfs/data/nvme_datasets/Pictures_CFSB_leaf_damage/2025_10_07_RSFB-Phenotyping_WG1_JLU/2025_10_07_RSFB-Phenotyping_WG1_JLU/20251007_132132.jpg,2.0,3.48746395111084,2.8612372875213623,-0.6262266635894775,0.8612372875213623,1.4874639511108398,rank_margin10,46,single_rater_weak
2025_10_07_RSFB-Phenotyping_WG1_JLU/2025_10_07_RSFB-Phenotyping_WG1_JLU/20251007_132138.jpg,plot_9d9054fb92bbdfc2048b,wg_insects_t1_bbch10,/home/nfs/data/nvme_datasets/Pictures_CFSB_leaf_damage/2025_10_07_RSFB-Phenotyping_WG1_JLU/2025_10_07_RSFB-Phenotyping_WG1_JLU/20251007_132138.jpg,5.0,2.8840279579162598,3.4879567623138428,0.603928804397583,1.5120432376861572,2.1159720420837402,rank_margin10,46,single_rater_weak
2025_10_07_RSFB-Phenotyping_WG1_JLU/2025_10_07_RSFB-Phenotyping_WG1_JLU/20251007_132205.jpg,plot_16f14a3716d6da06ca53,wg_insects_t1_bbch10,/home/nfs/data/nvme_datasets/Pictures_CFSB_leaf_damage/2025_10_07_RSFB-Phenotyping_WG1_JLU/2025_10_07_RSFB-Phenotyping_WG1_JLU/20251007_132205.jpg,4.0,3.6926629543304443,3.34948468208313,-0.34317827224731445,0.6505153179168701,0.30733704566955566,rank_margin10,46,single_rater_weak
2025_10_07_RSFB-Phenotyping_WG1_JLU/2025_10_07_RSFB-Phenotyping_WG1_JLU/20251007_132215.jpg,plot_16f14a3716d6da06ca53,wg_insects_t1_bbch10,/home/nfs/data/nvme_datasets/Pictures_CFSB_leaf_damage/2025_10_07_RSFB-Phenotyping_WG1_JLU/2025_10_07_RSFB-Phenotyping_WG1_JLU/20251007_132215.jpg,2.0,4.63640832901001,4.779256820678711,0.14284861087799072,2.779256820678711,2.6364083290100098,rank_margin10,46,single_rater_weak
2025_10_07_RSFB-Phenotyping_WG1_JLU/2025_10_07_RSFB-Phenotyping_WG1_JLU/20251007_132222.jpg,plot_16f14a3716d6da06ca53,wg_insects_t1_bbch10,/home/nfs/data/nvme_datasets/Pictures_CFSB_leaf_damage/2025_10_07_RSFB-Phenotyping_WG1_JLU/2025_10_07_RSFB-Phenotyping_WG1_JLU/20251007_132222.jpg,15.0,4.529329776763916,5.7266693115234375,1.1973397731781006,9.273330688476562,10.470670700073242,rank_margin10,46,single_rater_weak
2025_10_07_RSFB-Phenotyping_WG1_JLU/2025_10_07_RSFB-Phenotyping_WG1_JLU/20251007_132241.jpg,plot_4c1357bb43c9d844f034,wg_insects_t1_bbch10,/home/nfs/data/nvme_datasets/Pictures_CFSB_leaf_damage/2025_10_07_RSFB-Phenotyping_WG1_JLU/2025_10_07_RSFB-Phenotyping_WG1_JLU/20251007_132241.jpg,12.0,3.6080570220947266,3.3387060165405273,-0.26935097575187683,8.661293983459473,8.391942977905273,rank_margin10,46,single_rater_weak
2025_10_07_RSFB-Phenotyping_WG1_JLU/2025_10_07_RSFB-Phenotyping_WG1_JLU/20251007_132249.jpg,plot_4c1357bb43c9d844f034,wg_insects_t1_bbch10,/home/nfs/data/nvme_datasets/Pictures_CFSB_leaf_damage/2025_10_07_RSFB-Phenotyping_WG1_JLU/2025_10_07_RSFB-Phenotyping_WG1_JLU/20251007_132249.jpg,8.0,4.264833927154541,4.196311950683594,-0.06852186471223831,3.8036880493164062,3.735166072845459,rank_margin10,46,single_rater_weak
2025_10_07_RSFB-Phenotyping_WG1_JLU/2025_10_07_RSFB-Phenotyping_WG1_JLU/20251007_132255.jpg,plot_4c1357bb43c9d844f034,wg_insects_t1_bbch10,/home/nfs/data/nvme_datasets/Pictures_CFSB_leaf_damage/2025_10_07_RSFB-Phenotyping_WG1_JLU/2025_10_07_RSFB-Phenotyping_WG1_JLU/20251007_132255.jpg,2.0,3.0930228233337402,3.4284918308258057,0.3354690968990326,1.4284918308258057,1.0930228233337402,rank_margin10,46,single_rater_weak
2025_10_07_RSFB-Phenotyping_WG1_JLU/2025_10_07_RSFB-Phenotyping_WG1_JLU/20251007_132326.jpg,plot_0a9a0de80bc9bfd2642a,wg_insects_t1_bbch10,/home/nfs/data/nvme_datasets/Pictures_CFSB_leaf_damage/2025_10_07_RSFB-Phenotyping_WG1_JLU/2025_10_07_RSFB-Phenotyping_WG1_JLU/20251007_132326.jpg,2.0,3.0270209312438965,2.8766844272613525,-0.15033650398254395,0.8766844272613525,1.0270209312438965,rank_margin10,46,single_rater_weak
2025_10_07_RSFB-Phenotyping_WG1_JLU/2025_10_07_RSFB-Phenotyping_WG1_JLU/20251007_132334.jpg,plot_0a9a0de80bc9bfd2642a,wg_insects_t1_bbch10,/home/nfs/data/nvme_datasets/Pictures_CFSB_leaf_damage/2025_10_07_RSFB-Phenotyping_WG1_JLU/2025_10_07_RSFB-Phenotyping_WG1_JLU/20251007_132334.jpg,1.0,3.4227359294891357,3.408458948135376,-0.014276915229856968,2.408458948135376,2.4227359294891357,rank_margin10,46,single_rater_weak
2025_10_07_RSFB-Phenotyping_WG1_JLU/2025_10_07_RSFB-Phenotyping_WG1_JLU/20251007_132341.jpg,plot_0a9a0de80bc9bfd2642a,wg_insects_t1_bbch10,/home/nfs/data/nvme_datasets/Pictures_CFSB_leaf_damage/2025_10_07_RSFB-Phenotyping_WG1_JLU/2025_10_07_RSFB-Phenotyping_WG1_JLU/20251007_132341.jpg,3.0,3.2717385292053223,3.336557149887085,0.06481854617595673,0.33655714988708496,0.27173852920532227,rank_margin10,46,single_rater_weak
2025_10_07_RSFB-Phenotyping_WG1_JLU/2025_10_07_RSFB-Phenotyping_WG1_JLU/20251007_132401.jpg,plot_b850d6270044e70b0206,wg_insects_t1_bbch10,/home/nfs/data/nvme_datasets/Pictures_CFSB_leaf_damage/2025_10_07_RSFB-Phenotyping_WG1_JLU/2025_10_07_RSFB-Phenotyping_WG1_JLU/20251007_132401.jpg,9.0,2.071847915649414,3.5719869136810303,1.5001389980316162,5.428012847900391,6.928152084350586,rank_margin10,46,single_rater_weak
2025_10_07_RSFB-Phenotyping_WG1_JLU/2025_10_07_RSFB-Phenotyping_WG1_JLU/20251007_132411.jpg,plot_b850d6270044e70b0206,wg_insects_t1_bbch10,/home/nfs/data/nvme_datasets/Pictures_CFSB_leaf_damage/2025_10_07_RSFB-Phenotyping_WG1_JLU/2025_10_07_RSFB-Phenotyping_WG1_JLU/20251007_132411.jpg,7.0,2.3898911476135254,2.8006954193115234,0.4108043909072876,4.199304580688477,4.610108852386475,rank_margin10,46,single_rater_weak
2025_10_07_RSFB-Phenotyping_WG1_JLU/2025_10_07_RSFB-Phenotyping_WG1_JLU/20251007_132423.jpg,plot_b850d6270044e70b0206,wg_insects_t1_bbch10,/home/nfs/data/nvme_datasets/Pictures_CFSB_leaf_damage/2025_10_07_RSFB-Phenotyping_WG1_JLU/2025_10_07_RSFB-Phenotyping_WG1_JLU/20251007_132423.jpg,8.0,2.5048670768737793,2.668297529220581,0.1634303480386734,5.33170223236084,5.495132923126221,rank_margin10,46,single_rater_weak
2025_10_07_RSFB-Phenotyping_WG1_JLU/2025_10_07_RSFB-Phenotyping_WG1_JLU/20251007_132441.jpg,plot_8e9494fa8d05ffe641da,wg_insects_t1_bbch10,/home/nfs/data/nvme_datasets/Pictures_CFSB_leaf_damage/2025_10_07_RSFB-Phenotyping_WG1_JLU/2025_10_07_RSFB-Phenotyping_WG1_JLU/20251007_132441.jpg,12.0,3.0770344734191895,3.5192275047302246,0.4421929121017456,8.480772018432617,8.922966003417969,rank_margin10,46,single_rater_weak
2025_10_07_RSFB-Phenotyping_WG1_JLU/2025_10_07_RSFB-Phenotyping_WG1_JLU/20251007_132447.jpg,plot_8e9494fa8d05ffe641da,wg_insects_t1_bbch10,/home/nfs/data/nvme_datasets/Pictures_CFSB_leaf_damage/2025_10_07_RSFB-Phenotyping_WG1_JLU/2025_10_07_RSFB-Phenotyping_WG1_JLU/20251007_132447.jpg,2.0,3.927997350692749,3.6923301219940186,-0.23566719889640808,1.6923301219940186,1.927997350692749,rank_margin10,46,single_rater_weak
2025_10_07_RSFB-Phenotyping_WG1_JLU/2025_10_07_RSFB-Phenotyping_WG1_JLU/20251007_132453.jpg,plot_8e9494fa8d05ffe641da,wg_insects_t1_bbch10,/home/nfs/data/nvme_datasets/Pictures_CFSB_leaf_damage/2025_10_07_RSFB-Phenotyping_WG1_JLU/2025_10_07_RSFB-Phenotyping_WG1_JLU/20251007_132453.jpg,3.0,3.168153762817383,3.7972381114959717,0.6290844082832336,0.7972381114959717,0.1681537628173828,rank_margin10,46,single_rater_weak
2025_10_07_RSFB-Phenotyping_WG1_JLU/2025_10_07_RSFB-Phenotyping_WG1_JLU/20251007_132516.jpg,plot_e94dea523994148f1710,wg_insects_t1_bbch10,/home/nfs/data/nvme_datasets/Pictures_CFSB_leaf_damage/2025_10_07_RSFB-Phenotyping_WG1_JLU/2025_10_07_RSFB-Phenotyping_WG1_JLU/20251007_132516.jpg,1.0,2.2121500968933105,2.3632800579071045,0.15112988650798798,1.3632800579071045,1.2121500968933105,rank_margin10,46,single_rater_weak
2025_10_07_RSFB-Phenotyping_WG1_JLU/2025_10_07_RSFB-Phenotyping_WG1_JLU/20251007_132524.jpg,plot_e94dea523994148f1710,wg_insects_t1_bbch10,/home/nfs/data/nvme_datasets/Pictures_CFSB_leaf_damage/2025_10_07_RSFB-Phenotyping_WG1_JLU/2025_10_07_RSFB-Phenotyping_WG1_JLU/20251007_132524.jpg,5.0,3.6139731407165527,3.243809461593628,-0.3701637387275696,1.756190538406372,1.3860268592834473,rank_margin10,46,single_rater_weak
2025_10_07_RSFB-Phenotyping_WG1_JLU/2025_10_07_RSFB-Phenotyping_WG1_JLU/20251007_132532.jpg,plot_e94dea523994148f1710,wg_insects_t1_bbch10,/home/nfs/data/nvme_datasets/Pictures_CFSB_leaf_damage/2025_10_07_RSFB-Phenotyping_WG1_JLU/2025_10_07_RSFB-Phenotyping_WG1_JLU/20251007_132532.jpg,5.0,4.006493091583252,5.343866348266602,1.3373732566833496,0.34386634826660156,0.993506908416748,rank_margin10,46,single_rater_weak
2025_10_07_RSFB-Phenotyping_WG1_JLU/2025_10_07_RSFB-Phenotyping_WG1_JLU/20251007_132552.jpg,plot_7c424b18e7cee068fcaf,wg_insects_t1_bbch10,/home/nfs/data/nvme_datasets/Pictures_CFSB_leaf_damage/2025_10_07_RSFB-Phenotyping_WG1_JLU/2025_10_07_RSFB-Phenotyping_WG1_JLU/20251007_132552.jpg,3.0,3.790635585784912,4.385011196136475,0.5943756699562073,1.3850111961364746,0.7906355857849121,rank_margin10,46,single_rater_weak
2025_10_07_RSFB-Phenotyping_WG1_JLU/2025_10_07_RSFB-Phenotyping_WG1_JLU/20251007_132600.jpg,plot_7c424b18e7cee068fcaf,wg_insects_t1_bbch10,/home/nfs/data/nvme_datasets/Pictures_CFSB_leaf_damage/2025_10_07_RSFB-Phenotyping_WG1_JLU/2025_10_07_RSFB-Phenotyping_WG1_JLU/20251007_132600.jpg,4.0,4.177119255065918,4.507020473480225,0.3299010992050171,0.5070204734802246,0.17711925506591797,rank_margin10,46,single_rater_weak
2025_10_07_RSFB-Phenotyping_WG1_JLU/2025_10_07_RSFB-Phenotyping_WG1_JLU/20251007_132608.jpg,plot_7c424b18e7cee068fcaf,wg_insects_t1_bbch10,/home/nfs/data/nvme_datasets/Pictures_CFSB_leaf_damage/2025_10_07_RSFB-Phenotyping_WG1_JLU/2025_10_07_RSFB-Phenotyping_WG1_JLU/20251007_132608.jpg,3.0,4.115603923797607,4.297517776489258,0.1819140464067459,1.2975177764892578,1.1156039237976074,rank_margin10,46,single_rater_weak
2025_10_07_RSFB-Phenotyping_WG1_JLU/2025_10_07_RSFB-Phenotyping_WG1_JLU/20251007_132629.jpg,plot_1393a9a80e4f70bbc7d2,wg_insects_t1_bbch10,/home/nfs/data/nvme_datasets/Pictures_CFSB_leaf_damage/2025_10_07_RSFB-Phenotyping_WG1_JLU/2025_10_07_RSFB-Phenotyping_WG1_JLU/20251007_132629.jpg,4.0,4.665966987609863,5.783976078033447,1.1180092096328735,1.7839760780334473,0.6659669876098633,rank_margin10,46,single_rater_weak
2025_10_07_RSFB-Phenotyping_WG1_JLU/2025_10_07_RSFB-Phenotyping_WG1_JLU/20251007_132635.jpg,plot_1393a9a80e4f70bbc7d2,wg_insects_t1_bbch10,/home/nfs/data/nvme_datasets/Pictures_CFSB_leaf_damage/2025_10_07_RSFB-Phenotyping_WG1_JLU/2025_10_07_RSFB-Phenotyping_WG1_JLU/20251007_132635.jpg,9.0,3.1863303184509277,2.9751968383789062,-0.21113349497318268,6.024803161621094,5.813669681549072,rank_margin10,46,single_rater_weak
2025_10_07_RSFB-Phenotyping_WG1_JLU/2025_10_07_RSFB-Phenotyping_WG1_JLU/20251007_132644.jpg,plot_1393a9a80e4f70bbc7d2,wg_insects_t1_bbch10,/home/nfs/data/nvme_datasets/Pictures_CFSB_leaf_damage/2025_10_07_RSFB-Phenotyping_WG1_JLU/2025_10_07_RSFB-Phenotyping_WG1_JLU/20251007_132644.jpg,8.0,3.3062667846679688,3.6167900562286377,0.31052327156066895,4.383210182189941,4.693733215332031,rank_margin10,46,single_rater_weak
2025_10_07_RSFB-Phenotyping_WG1_JLU/2025_10_07_RSFB-Phenotyping_WG1_JLU/20251007_132705.jpg,plot_dd3926a6a770dc90b025,wg_insects_t1_bbch10,/home/nfs/data/nvme_datasets/Pictures_CFSB_leaf_damage/2025_10_07_RSFB-Phenotyping_WG1_JLU/2025_10_07_RSFB-Phenotyping_WG1_JLU/20251007_132705.jpg,2.0,2.186295509338379,2.9181623458862305,0.7318668365478516,0.9181623458862305,0.1862955093383789,rank_margin10,46,single_rater_weak
2025_10_07_RSFB-Phenotyping_WG1_JLU/2025_10_07_RSFB-Phenotyping_WG1_JLU/20251007_132715.jpg,plot_dd3926a6a770dc90b025,wg_insects_t1_bbch10,/home/nfs/data/nvme_datasets/Pictures_CFSB_leaf_damage/2025_10_07_RSFB-Phenotyping_WG1_JLU/2025_10_07_RSFB-Phenotyping_WG1_JLU/20251007_132715.jpg,6.0,3.267233371734619,3.149758815765381,-0.11747464537620544,2.850241184234619,2.732766628265381,rank_margin10,46,single_rater_weak
2025_10_07_RSFB-Phenotyping_WG1_JLU/2025_10_07_RSFB-Phenotyping_WG1_JLU/20251007_132725.jpg,plot_dd3926a6a770dc90b025,wg_insects_t1_bbch10,/home/nfs/data/nvme_datasets/Pictures_CFSB_leaf_damage/2025_10_07_RSFB-Phenotyping_WG1_JLU/2025_10_07_RSFB-Phenotyping_WG1_JLU/20251007_132725.jpg,2.0,3.240088939666748,3.013016939163208,-0.227072075009346,1.013016939163208,1.240088939666748,rank_margin10,46,single_rater_weak
2025_10_07_RSFB-Phenotyping_WG1_JLU/2025_10_07_RSFB-Phenotyping_WG1_JLU/20251007_132745.jpg,plot_5e5dfa0f8c12a4a2cf7f,wg_insects_t1_bbch10,/home/nfs/data/nvme_datasets/Pictures_CFSB_leaf_damage/2025_10_07_RSFB-Phenotyping_WG1_JLU/2025_10_07_RSFB-Phenotyping_WG1_JLU/20251007_132745.jpg,2.0,3.2069625854492188,4.151546001434326,0.9445832967758179,2.151546001434326,1.2069625854492188,rank_margin10,46,single_rater_weak
2025_10_07_RSFB-Phenotyping_WG1_JLU/2025_10_07_RSFB-Phenotyping_WG1_JLU/20251007_132750.jpg,plot_5e5dfa0f8c12a4a2cf7f,wg_insects_t1_bbch10,/home/nfs/data/nvme_datasets/Pictures_CFSB_leaf_damage/2025_10_07_RSFB-Phenotyping_WG1_JLU/2025_10_07_RSFB-Phenotyping_WG1_JLU/20251007_132750.jpg,6.0,3.5714356899261475,3.732243776321411,0.16080817580223083,2.267756223678589,2.4285643100738525,rank_margin10,46,single_rater_weak
2025_10_07_RSFB-Phenotyping_WG1_JLU/2025_10_07_RSFB-Phenotyping_WG1_JLU/20251007_132756.jpg,plot_5e5dfa0f8c12a4a2cf7f,wg_insects_t1_bbch10,/home/nfs/data/nvme_datasets/Pictures_CFSB_leaf_damage/2025_10_07_RSFB-Phenotyping_WG1_JLU/2025_10_07_RSFB-Phenotyping_WG1_JLU/20251007_132756.jpg,5.0,2.4213366508483887,2.985598087310791,0.5642615556716919,2.014401912689209,2.5786633491516113,rank_margin10,46,single_rater_weak
2025_10_07_RSFB-Phenotyping_WG1_JLU/2025_10_07_RSFB-Phenotyping_WG1_JLU/20251007_132816.jpg,plot_6e0d4fc094d51da7ec4a,wg_insects_t1_bbch10,/home/nfs/data/nvme_datasets/Pictures_CFSB_leaf_damage/2025_10_07_RSFB-Phenotyping_WG1_JLU/2025_10_07_RSFB-Phenotyping_WG1_JLU/20251007_132816.jpg,9.0,4.175959587097168,4.537355422973633,0.361395925283432,4.462644577026367,4.824040412902832,rank_margin10,46,single_rater_weak
2025_10_07_RSFB-Phenotyping_WG1_JLU/2025_10_07_RSFB-Phenotyping_WG1_JLU/20251007_132823.jpg,plot_6e0d4fc094d51da7ec4a,wg_insects_t1_bbch10,/home/nfs/data/nvme_datasets/Pictures_CFSB_leaf_damage/2025_10_07_RSFB-Phenotyping_WG1_JLU/2025_10_07_RSFB-Phenotyping_WG1_JLU/20251007_132823.jpg,6.0,6.3205976486206055,7.823906898498535,1.5033090114593506,1.8239068984985352,0.32059764862060547,rank_margin10,46,single_rater_weak
2025_10_07_RSFB-Phenotyping_WG1_JLU/2025_10_07_RSFB-Phenotyping_WG1_JLU/20251007_132832.jpg,plot_6e0d4fc094d51da7ec4a,wg_insects_t1_bbch10,/home/nfs/data/nvme_datasets/Pictures_CFSB_leaf_damage/2025_10_07_RSFB-Phenotyping_WG1_JLU/2025_10_07_RSFB-Phenotyping_WG1_JLU/20251007_132832.jpg,7.0,2.9315648078918457,2.586756944656372,-0.34480780363082886,4.413243293762207,4.068435192108154,rank_margin10,46,single_rater_weak
2025_10_07_RSFB-Phenotyping_WG1_JLU/2025_10_07_RSFB-Phenotyping_WG1_JLU/20251007_132852.jpg,plot_904d61fe6e15f552a370,wg_insects_t1_bbch10,/home/nfs/data/nvme_datasets/Pictures_CFSB_leaf_damage/2025_10_07_RSFB-Phenotyping_WG1_JLU/2025_10_07_RSFB-Phenotyping_WG1_JLU/20251007_132852.jpg,10.0,3.281904697418213,3.3789825439453125,0.09707777202129364,6.6210174560546875,6.718095302581787,rank_margin10,46,single_rater_weak
2025_10_07_RSFB-Phenotyping_WG1_JLU/2025_10_07_RSFB-Phenotyping_WG1_JLU/20251007_132858.jpg,plot_904d61fe6e15f552a370,wg_insects_t1_bbch10,/home/nfs/data/nvme_datasets/Pictures_CFSB_leaf_damage/2025_10_07_RSFB-Phenotyping_WG1_JLU/2025_10_07_RSFB-Phenotyping_WG1_JLU/20251007_132858.jpg,8.0,2.962672710418701,3.3212032318115234,0.3585304319858551,4.678796768188477,5.037327289581299,rank_margin10,46,single_rater_weak
2025_10_07_RSFB-Phenotyping_WG1_JLU/2025_10_07_RSFB-Phenotyping_WG1_JLU/20251007_132905.jpg,plot_904d61fe6e15f552a370,wg_insects_t1_bbch10,/home/nfs/data/nvme_datasets/Pictures_CFSB_leaf_damage/2025_10_07_RSFB-Phenotyping_WG1_JLU/2025_10_07_RSFB-Phenotyping_WG1_JLU/20251007_132905.jpg,5.0,3.1332406997680664,3.1347832679748535,0.0015425286255776882,1.8652167320251465,1.8667593002319336,rank_margin10,46,single_rater_weak
2025_10_07_RSFB-Phenotyping_WG1_JLU/2025_10_07_RSFB-Phenotyping_WG1_JLU/20251007_132926.jpg,plot_bb99a629018ad614800a,wg_insects_t1_bbch10,/home/nfs/data/nvme_datasets/Pictures_CFSB_leaf_damage/2025_10_07_RSFB-Phenotyping_WG1_JLU/2025_10_07_RSFB-Phenotyping_WG1_JLU/20251007_132926.jpg,4.0,3.4265031814575195,3.850324869155884,0.4238217771053314,0.1496751308441162,0.5734968185424805,rank_margin10,46,single_rater_weak
2025_10_07_RSFB-Phenotyping_WG1_JLU/2025_10_07_RSFB-Phenotyping_WG1_JLU/20251007_132931.jpg,plot_bb99a629018ad614800a,wg_insects_t1_bbch10,/home/nfs/data/nvme_datasets/Pictures_CFSB_leaf_damage/2025_10_07_RSFB-Phenotyping_WG1_JLU/2025_10_07_RSFB-Phenotyping_WG1_JLU/20251007_132931.jpg,4.0,3.793041229248047,4.399207592010498,0.6061662435531616,0.39920759201049805,0.20695877075195312,rank_margin10,46,single_rater_weak
2025_10_07_RSFB-Phenotyping_WG1_JLU/2025_10_07_RSFB-Phenotyping_WG1_JLU/20251007_132938.jpg,plot_bb99a629018ad614800a,wg_insects_t1_bbch10,/home/nfs/data/nvme_datasets/Pictures_CFSB_leaf_damage/2025_10_07_RSFB-Phenotyping_WG1_JLU/2025_10_07_RSFB-Phenotyping_WG1_JLU/20251007_132938.jpg,3.0,2.8672680854797363,2.4879424571990967,-0.3793257176876068,0.5120575428009033,0.13273191452026367,rank_margin10,46,single_rater_weak
2025_10_07_RSFB-Phenotyping_WG1_JLU/2025_10_07_RSFB-Phenotyping_WG1_JLU/20251007_133000.jpg,plot_fbda5b526bf6e3b1c649,wg_insects_t1_bbch10,/home/nfs/data/nvme_datasets/Pictures_CFSB_leaf_damage/2025_10_07_RSFB-Phenotyping_WG1_JLU/2025_10_07_RSFB-Phenotyping_WG1_JLU/20251007_133000.jpg,9.0,3.114248275756836,2.947174549102783,-0.16707369685173035,6.052825450897217,5.885751724243164,rank_margin10,46,single_rater_weak
2025_10_07_RSFB-Phenotyping_WG1_JLU/2025_10_07_RSFB-Phenotyping_WG1_JLU/20251007_133007.jpg,plot_fbda5b526bf6e3b1c649,wg_insects_t1_bbch10,/home/nfs/data/nvme_datasets/Pictures_CFSB_leaf_damage/2025_10_07_RSFB-Phenotyping_WG1_JLU/2025_10_07_RSFB-Phenotyping_WG1_JLU/20251007_133007.jpg,7.0,6.293693542480469,6.769970893859863,0.47627753019332886,0.23002910614013672,0.7063064575195312,rank_margin10,46,single_rater_weak
2025_10_07_RSFB-Phenotyping_WG1_JLU/2025_10_07_RSFB-Phenotyping_WG1_JLU/20251007_133014.jpg,plot_fbda5b526bf6e3b1c649,wg_insects_t1_bbch10,/home/nfs/data/nvme_datasets/Pictures_CFSB_leaf_damage/2025_10_07_RSFB-Phenotyping_WG1_JLU/2025_10_07_RSFB-Phenotyping_WG1_JLU/20251007_133014.jpg,9.0,4.263238906860352,4.902149200439453,0.6389102935791016,4.097850799560547,4.736761093139648,rank_margin10,46,single_rater_weak
2025_10_07_RSFB-Phenotyping_WG1_JLU/2025_10_07_RSFB-Phenotyping_WG1_JLU/20251007_133035.jpg,plot_9cf29c2af25b47e6e88b,wg_insects_t1_bbch10,/home/nfs/data/nvme_datasets/Pictures_CFSB_leaf_damage/2025_10_07_RSFB-Phenotyping_WG1_JLU/2025_10_07_RSFB-Phenotyping_WG1_JLU/20251007_133035.jpg,4.0,2.9763283729553223,2.918623924255371,-0.0577043816447258,1.081376075744629,1.0236716270446777,rank_margin10,46,single_rater_weak
2025_10_07_RSFB-Phenotyping_WG1_JLU/2025_10_07_RSFB-Phenotyping_WG1_JLU/20251007_133042.jpg,plot_9cf29c2af25b47e6e88b,wg_insects_t1_bbch10,/home/nfs/data/nvme_datasets/Pictures_CFSB_leaf_damage/2025_10_07_RSFB-Phenotyping_WG1_JLU/2025_10_07_RSFB-Phenotyping_WG1_JLU/20251007_133042.jpg,2.0,2.597440242767334,4.746972560882568,2.1495323181152344,2.7469725608825684,0.597440242767334,rank_margin10,46,single_rater_weak
2025_10_07_RSFB-Phenotyping_WG1_JLU/2025_10_07_RSFB-Phenotyping_WG1_JLU/20251007_133049.jpg,plot_9cf29c2af25b47e6e88b,wg_insects_t1_bbch10,/home/nfs/data/nvme_datasets/Pictures_CFSB_leaf_damage/2025_10_07_RSFB-Phenotyping_WG1_JLU/2025_10_07_RSFB-Phenotyping_WG1_JLU/20251007_133049.jpg,9.0,3.406820297241211,4.233714580535889,0.8268943428993225,4.766285419464111,5.593179702758789,rank_margin10,46,single_rater_weak
2025_10_07_RSFB-Phenotyping_WG1_JLU/2025_10_07_RSFB-Phenotyping_WG1_JLU/20251007_133113.jpg,plot_7d23a67bc562362ae25a,wg_insects_t1_bbch10,/home/nfs/data/nvme_datasets/Pictures_CFSB_leaf_damage/2025_10_07_RSFB-Phenotyping_WG1_JLU/2025_10_07_RSFB-Phenotyping_WG1_JLU/20251007_133113.jpg,5.0,2.3700294494628906,3.048250198364258,0.6782206892967224,1.9517498016357422,2.6299705505371094,rank_margin10,46,single_rater_weak
2025_10_07_RSFB-Phenotyping_WG1_JLU/2025_10_07_RSFB-Phenotyping_WG1_JLU/20251007_133120.jpg,plot_7d23a67bc562362ae25a,wg_insects_t1_bbch10,/home/nfs/data/nvme_datasets/Pictures_CFSB_leaf_damage/2025_10_07_RSFB-Phenotyping_WG1_JLU/2025_10_07_RSFB-Phenotyping_WG1_JLU/20251007_133120.jpg,8.0,4.5379438400268555,5.333680152893066,0.7957364320755005,2.6663198471069336,3.4620561599731445,rank_margin10,46,single_rater_weak
2025_10_07_RSFB-Phenotyping_WG1_JLU/2025_10_07_RSFB-Phenotyping_WG1_JLU/20251007_133127.jpg,plot_7d23a67bc562362ae25a,wg_insects_t1_bbch10,/home/nfs/data/nvme_datasets/Pictures_CFSB_leaf_damage/2025_10_07_RSFB-Phenotyping_WG1_JLU/2025_10_07_RSFB-Phenotyping_WG1_JLU/20251007_133127.jpg,8.0,5.498597145080566,5.292497158050537,-0.2060997635126114,2.707502841949463,2.5014028549194336,rank_margin10,46,single_rater_weak
2025_10_07_RSFB-Phenotyping_WG1_JLU/2025_10_07_RSFB-Phenotyping_WG1_JLU/20251007_133147.jpg,plot_a3b512b929e5e15f8ccb,wg_insects_t1_bbch10,/home/nfs/data/nvme_datasets/Pictures_CFSB_leaf_damage/2025_10_07_RSFB-Phenotyping_WG1_JLU/2025_10_07_RSFB-Phenotyping_WG1_JLU/20251007_133147.jpg,7.0,2.6469717025756836,2.6766793727874756,0.029707645997405052,4.323320388793945,4.353028297424316,rank_margin10,46,single_rater_weak
2025_10_07_RSFB-Phenotyping_WG1_JLU/2025_10_07_RSFB-Phenotyping_WG1_JLU/20251007_133155.jpg,plot_a3b512b929e5e15f8ccb,wg_insects_t1_bbch10,/home/nfs/data/nvme_datasets/Pictures_CFSB_leaf_damage/2025_10_07_RSFB-Phenotyping_WG1_JLU/2025_10_07_RSFB-Phenotyping_WG1_JLU/20251007_133155.jpg,7.0,2.9819178581237793,3.180954933166504,0.19903698563575745,3.819045066833496,4.018082141876221,rank_margin10,46,single_rater_weak
2025_10_07_RSFB-Phenotyping_WG1_JLU/2025_10_07_RSFB-Phenotyping_WG1_JLU/20251007_133203.jpg,plot_a3b512b929e5e15f8ccb,wg_insects_t1_bbch10,/home/nfs/data/nvme_datasets/Pictures_CFSB_leaf_damage/2025_10_07_RSFB-Phenotyping_WG1_JLU/2025_10_07_RSFB-Phenotyping_WG1_JLU/20251007_133203.jpg,8.0,3.0593795776367188,2.885465383529663,-0.1739141196012497,5.114534378051758,4.940620422363281,rank_margin10,46,single_rater_weak
2025_10_07_RSFB-Phenotyping_WG1_JLU/2025_10_07_RSFB-Phenotyping_WG1_JLU/20251007_133225.jpg,plot_b25a72413177e5170eb5,wg_insects_t1_bbch10,/home/nfs/data/nvme_datasets/Pictures_CFSB_leaf_damage/2025_10_07_RSFB-Phenotyping_WG1_JLU/2025_10_07_RSFB-Phenotyping_WG1_JLU/20251007_133225.jpg,6.0,4.098742485046387,4.506933212280273,0.4081905484199524,1.4930667877197266,1.9012575149536133,rank_margin10,46,single_rater_weak
2025_10_07_RSFB-Phenotyping_WG1_JLU/2025_10_07_RSFB-Phenotyping_WG1_JLU/20251007_133232.jpg,plot_b25a72413177e5170eb5,wg_insects_t1_bbch10,/home/nfs/data/nvme_datasets/Pictures_CFSB_leaf_damage/2025_10_07_RSFB-Phenotyping_WG1_JLU/2025_10_07_RSFB-Phenotyping_WG1_JLU/20251007_133232.jpg,3.0,4.386030673980713,4.3443803787231445,-0.04165029525756836,1.3443803787231445,1.386030673980713,rank_margin10,46,single_rater_weak
2025_10_07_RSFB-Phenotyping_WG1_JLU/2025_10_07_RSFB-Phenotyping_WG1_JLU/20251007_133238.jpg,plot_b25a72413177e5170eb5,wg_insects_t1_bbch10,/home/nfs/data/nvme_datasets/Pictures_CFSB_leaf_damage/2025_10_07_RSFB-Phenotyping_WG1_JLU/2025_10_07_RSFB-Phenotyping_WG1_JLU/20251007_133238.jpg,13.0,4.544094085693359,5.047114849090576,0.5030208230018616,7.952885150909424,8.45590591430664,rank_margin10,46,single_rater_weak
2025_10_07_RSFB-Phenotyping_WG1_JLU/2025_10_07_RSFB-Phenotyping_WG1_JLU/20251007_133258.jpg,plot_b1e75ad809ff8707c3b2,wg_insects_t1_bbch10,/home/nfs/data/nvme_datasets/Pictures_CFSB_leaf_damage/2025_10_07_RSFB-Phenotyping_WG1_JLU/2025_10_07_RSFB-Phenotyping_WG1_JLU/20251007_133258.jpg,35.0,4.735503196716309,5.354774475097656,0.6192713379859924,29.645225524902344,30.264495849609375,rank_margin10,46,single_rater_weak
2025_10_07_RSFB-Phenotyping_WG1_JLU/2025_10_07_RSFB-Phenotyping_WG1_JLU/20251007_133307.jpg,plot_b1e75ad809ff8707c3b2,wg_insects_t1_bbch10,/home/nfs/data/nvme_datasets/Pictures_CFSB_leaf_damage/2025_10_07_RSFB-Phenotyping_WG1_JLU/2025_10_07_RSFB-Phenotyping_WG1_JLU/20251007_133307.jpg,4.0,4.213135719299316,5.215024948120117,1.0018894672393799,1.2150249481201172,0.2131357192993164,rank_margin10,46,single_rater_weak
2025_10_07_RSFB-Phenotyping_WG1_JLU/2025_10_07_RSFB-Phenotyping_WG1_JLU/20251007_133314.jpg,plot_b1e75ad809ff8707c3b2,wg_insects_t1_bbch10,/home/nfs/data/nvme_datasets/Pictures_CFSB_leaf_damage/2025_10_07_RSFB-Phenotyping_WG1_JLU/2025_10_07_RSFB-Phenotyping_WG1_JLU/20251007_133314.jpg,3.0,3.6099913120269775,3.989386796951294,0.37939542531967163,0.989386796951294,0.6099913120269775,rank_margin10,46,single_rater_weak
2025_10_07_RSFB-Phenotyping_WG1_JLU/2025_10_07_RSFB-Phenotyping_WG1_JLU/20251007_133337.jpg,plot_de50947285e53cf7dda0,wg_insects_t1_bbch10,/home/nfs/data/nvme_datasets/Pictures_CFSB_leaf_damage/2025_10_07_RSFB-Phenotyping_WG1_JLU/2025_10_07_RSFB-Phenotyping_WG1_JLU/20251007_133337.jpg,5.0,2.4759902954101562,3.5482115745544434,1.072221279144287,1.4517884254455566,2.5240097045898438,rank_margin10,46,single_rater_weak
2025_10_07_RSFB-Phenotyping_WG1_JLU/2025_10_07_RSFB-Phenotyping_WG1_JLU/20251007_133345.jpg,plot_de50947285e53cf7dda0,wg_insects_t1_bbch10,/home/nfs/data/nvme_datasets/Pictures_CFSB_leaf_damage/2025_10_07_RSFB-Phenotyping_WG1_JLU/2025_10_07_RSFB-Phenotyping_WG1_JLU/20251007_133345.jpg,4.0,2.5883359909057617,2.199470043182373,-0.38886603713035583,1.800529956817627,1.4116640090942383,rank_margin10,46,single_rater_weak
2025_10_07_RSFB-Phenotyping_WG1_JLU/2025_10_07_RSFB-Phenotyping_WG1_JLU/20251007_133352.jpg,plot_de50947285e53cf7dda0,wg_insects_t1_bbch10,/home/nfs/data/nvme_datasets/Pictures_CFSB_leaf_damage/2025_10_07_RSFB-Phenotyping_WG1_JLU/2025_10_07_RSFB-Phenotyping_WG1_JLU/20251007_133352.jpg,5.0,2.6244301795959473,2.2195515632629395,-0.404878705739975,2.7804484367370605,2.3755698204040527,rank_margin10,46,single_rater_weak
2025_10_07_RSFB-Phenotyping_WG1_JLU/2025_10_07_RSFB-Phenotyping_WG1_JLU/20251007_133430.jpg,plot_761a79e351c799d38270,wg_insects_t1_bbch10,/home/nfs/data/nvme_datasets/Pictures_CFSB_leaf_damage/2025_10_07_RSFB-Phenotyping_WG1_JLU/2025_10_07_RSFB-Phenotyping_WG1_JLU/20251007_133430.jpg,5.0,3.4077985286712646,3.2662086486816406,-0.1415899395942688,1.7337913513183594,1.5922014713287354,rank_margin10,46,single_rater_weak
2025_10_07_RSFB-Phenotyping_WG1_JLU/2025_10_07_RSFB-Phenotyping_WG1_JLU/20251007_133437.jpg,plot_761a79e351c799d38270,wg_insects_t1_bbch10,/home/nfs/data/nvme_datasets/Pictures_CFSB_leaf_damage/2025_10_07_RSFB-Phenotyping_WG1_JLU/2025_10_07_RSFB-Phenotyping_WG1_JLU/20251007_133437.jpg,12.0,5.321219444274902,5.919655799865723,0.5984364748001099,6.080344200134277,6.678780555725098,rank_margin10,46,single_rater_weak
2025_10_07_RSFB-Phenotyping_WG1_JLU/2025_10_07_RSFB-Phenotyping_WG1_JLU/20251007_133444.jpg,plot_761a79e351c799d38270,wg_insects_t1_bbch10,/home/nfs/data/nvme_datasets/Pictures_CFSB_leaf_damage/2025_10_07_RSFB-Phenotyping_WG1_JLU/2025_10_07_RSFB-Phenotyping_WG1_JLU/20251007_133444.jpg,15.0,3.427847146987915,4.027255535125732,0.5994082093238831,10.97274398803711,11.572153091430664,rank_margin10,46,single_rater_weak
2025_10_07_RSFB-Phenotyping_WG1_JLU/2025_10_07_RSFB-Phenotyping_WG1_JLU/20251007_133505.jpg,plot_ed3a507bea1287033964,wg_insects_t1_bbch10,/home/nfs/data/nvme_datasets/Pictures_CFSB_leaf_damage/2025_10_07_RSFB-Phenotyping_WG1_JLU/2025_10_07_RSFB-Phenotyping_WG1_JLU/20251007_133505.jpg,4.0,3.4403910636901855,3.8342537879943848,0.3938627243041992,0.16574621200561523,0.5596089363098145,rank_margin10,46,single_rater_weak
2025_10_07_RSFB-Phenotyping_WG1_JLU/2025_10_07_RSFB-Phenotyping_WG1_JLU/20251007_133513.jpg,plot_ed3a507bea1287033964,wg_insects_t1_bbch10,/home/nfs/data/nvme_datasets/Pictures_CFSB_leaf_damage/2025_10_07_RSFB-Phenotyping_WG1_JLU/2025_10_07_RSFB-Phenotyping_WG1_JLU/20251007_133513.jpg,9.0,3.2151618003845215,3.300485372543335,0.08532355725765228,5.699514389038086,5.7848381996154785,rank_margin10,46,single_rater_weak
2025_10_07_RSFB-Phenotyping_WG1_JLU/2025_10_07_RSFB-Phenotyping_WG1_JLU/20251007_133520.jpg,plot_ed3a507bea1287033964,wg_insects_t1_bbch10,/home/nfs/data/nvme_datasets/Pictures_CFSB_leaf_damage/2025_10_07_RSFB-Phenotyping_WG1_JLU/2025_10_07_RSFB-Phenotyping_WG1_JLU/20251007_133520.jpg,10.0,3.5867490768432617,3.942368745803833,0.35561975836753845,6.057631492614746,6.413250923156738,rank_margin10,46,single_rater_weak
2025_10_07_RSFB-Phenotyping_WG1_JLU/2025_10_07_RSFB-Phenotyping_WG1_JLU/20251007_133541.jpg,plot_4cb2c1be99f545063821,wg_insects_t1_bbch10,/home/nfs/data/nvme_datasets/Pictures_CFSB_leaf_damage/2025_10_07_RSFB-Phenotyping_WG1_JLU/2025_10_07_RSFB-Phenotyping_WG1_JLU/20251007_133541.jpg,14.0,2.5620718002319336,1.998124122619629,-0.5639476180076599,12.001875877380371,11.437928199768066,rank_margin10,46,single_rater_weak
2025_10_07_RSFB-Phenotyping_WG1_JLU/2025_10_07_RSFB-Phenotyping_WG1_JLU/20251007_133549.jpg,plot_4cb2c1be99f545063821,wg_insects_t1_bbch10,/home/nfs/data/nvme_datasets/Pictures_CFSB_leaf_damage/2025_10_07_RSFB-Phenotyping_WG1_JLU/2025_10_07_RSFB-Phenotyping_WG1_JLU/20251007_133549.jpg,8.0,2.362720489501953,1.7927520275115967,-0.5699684023857117,6.207247734069824,5.637279510498047,rank_margin10,46,single_rater_weak
2025_10_07_RSFB-Phenotyping_WG1_JLU/2025_10_07_RSFB-Phenotyping_WG1_JLU/20251007_133558.jpg,plot_4cb2c1be99f545063821,wg_insects_t1_bbch10,/home/nfs/data/nvme_datasets/Pictures_CFSB_leaf_damage/2025_10_07_RSFB-Phenotyping_WG1_JLU/2025_10_07_RSFB-Phenotyping_WG1_JLU/20251007_133558.jpg,3.0,5.222519397735596,5.332420825958252,0.10990119725465775,2.332420825958252,2.2225193977355957,rank_margin10,46,single_rater_weak
2025_10_07_RSFB-Phenotyping_WG1_JLU/2025_10_07_RSFB-Phenotyping_WG1_JLU/20251007_133619.jpg,plot_1d77890fac8e7fa98fc9,wg_insects_t1_bbch10,/home/nfs/data/nvme_datasets/Pictures_CFSB_leaf_damage/2025_10_07_RSFB-Phenotyping_WG1_JLU/2025_10_07_RSFB-Phenotyping_WG1_JLU/20251007_133619.jpg,4.0,2.997920036315918,2.88627552986145,-0.11164442449808121,1.1137244701385498,1.002079963684082,rank_margin10,46,single_rater_weak
2025_10_07_RSFB-Phenotyping_WG1_JLU/2025_10_07_RSFB-Phenotyping_WG1_JLU/20251007_133627.jpg,plot_1d77890fac8e7fa98fc9,wg_insects_t1_bbch10,/home/nfs/data/nvme_datasets/Pictures_CFSB_leaf_damage/2025_10_07_RSFB-Phenotyping_WG1_JLU/2025_10_07_RSFB-Phenotyping_WG1_JLU/20251007_133627.jpg,17.0,3.3593692779541016,3.7717628479003906,0.4123935401439667,13.22823715209961,13.640630722045898,rank_margin10,46,single_rater_weak
2025_10_07_RSFB-Phenotyping_WG1_JLU/2025_10_07_RSFB-Phenotyping_WG1_JLU/20251007_133635.jpg,plot_1d77890fac8e7fa98fc9,wg_insects_t1_bbch10,/home/nfs/data/nvme_datasets/Pictures_CFSB_leaf_damage/2025_10_07_RSFB-Phenotyping_WG1_JLU/2025_10_07_RSFB-Phenotyping_WG1_JLU/20251007_133635.jpg,19.0,4.179770469665527,4.75199556350708,0.5722250938415527,14.248004913330078,14.820229530334473,rank_margin10,46,single_rater_weak
2025_10_07_RSFB-Phenotyping_WG1_JLU/2025_10_07_RSFB-Phenotyping_WG1_JLU/20251007_133700.jpg,plot_0ccd244f54fcda9028fb,wg_insects_t1_bbch10,/home/nfs/data/nvme_datasets/Pictures_CFSB_leaf_damage/2025_10_07_RSFB-Phenotyping_WG1_JLU/2025_10_07_RSFB-Phenotyping_WG1_JLU/20251007_133700.jpg,9.0,2.5800886154174805,2.320300340652466,-0.25978827476501465,6.679699897766113,6.4199113845825195,rank_margin10,46,single_rater_weak
2025_10_07_RSFB-Phenotyping_WG1_JLU/2025_10_07_RSFB-Phenotyping_WG1_JLU/20251007_133707.jpg,plot_0ccd244f54fcda9028fb,wg_insects_t1_bbch10,/home/nfs/data/nvme_datasets/Pictures_CFSB_leaf_damage/2025_10_07_RSFB-Phenotyping_WG1_JLU/2025_10_07_RSFB-Phenotyping_WG1_JLU/20251007_133707.jpg,8.0,3.2950148582458496,3.316706418991089,0.021691519767045975,4.683293342590332,4.70498514175415,rank_margin10,46,single_rater_weak
2025_10_07_RSFB-Phenotyping_WG1_JLU/2025_10_07_RSFB-Phenotyping_WG1_JLU/20251007_133716.jpg,plot_0ccd244f54fcda9028fb,wg_insects_t1_bbch10,/home/nfs/data/nvme_datasets/Pictures_CFSB_leaf_damage/2025_10_07_RSFB-Phenotyping_WG1_JLU/2025_10_07_RSFB-Phenotyping_WG1_JLU/20251007_133716.jpg,4.0,2.6311120986938477,2.3441460132598877,-0.2869659960269928,1.6558539867401123,1.3688879013061523,rank_margin10,46,single_rater_weak
2025_10_07_RSFB-Phenotyping_WG1_JLU/2025_10_07_RSFB-Phenotyping_WG1_JLU/20251007_133736.jpg,plot_554b38106eaa08e3d345,wg_insects_t1_bbch10,/home/nfs/data/nvme_datasets/Pictures_CFSB_leaf_damage/2025_10_07_RSFB-Phenotyping_WG1_JLU/2025_10_07_RSFB-Phenotyping_WG1_JLU/20251007_133736.jpg,10.0,2.075117588043213,1.9886786937713623,-0.08643894642591476,8.011321067810059,7.924882411956787,rank_margin10,46,single_rater_weak
2025_10_07_RSFB-Phenotyping_WG1_JLU/2025_10_07_RSFB-Phenotyping_WG1_JLU/20251007_133742.jpg,plot_554b38106eaa08e3d345,wg_insects_t1_bbch10,/home/nfs/data/nvme_datasets/Pictures_CFSB_leaf_damage/2025_10_07_RSFB-Phenotyping_WG1_JLU/2025_10_07_RSFB-Phenotyping_WG1_JLU/20251007_133742.jpg,12.0,7.258735179901123,7.846853733062744,0.5881184935569763,4.153146266937256,4.741264820098877,rank_margin10,46,single_rater_weak
2025_10_07_RSFB-Phenotyping_WG1_JLU/2025_10_07_RSFB-Phenotyping_WG1_JLU/20251007_133748.jpg,plot_554b38106eaa08e3d345,wg_insects_t1_bbch10,/home/nfs/data/nvme_datasets/Pictures_CFSB_leaf_damage/2025_10_07_RSFB-Phenotyping_WG1_JLU/2025_10_07_RSFB-Phenotyping_WG1_JLU/20251007_133748.jpg,5.0,3.554457902908325,3.494241237640381,-0.060216743499040604,1.5057587623596191,1.4455420970916748,rank_margin10,46,single_rater_weak
2025_10_07_RSFB-Phenotyping_WG1_JLU/2025_10_07_RSFB-Phenotyping_WG1_JLU/20251007_133826.jpg,plot_3c5aba0567108bfa4110,wg_insects_t1_bbch10,/home/nfs/data/nvme_datasets/Pictures_CFSB_leaf_damage/2025_10_07_RSFB-Phenotyping_WG1_JLU/2025_10_07_RSFB-Phenotyping_WG1_JLU/20251007_133826.jpg,50.0,3.6139109134674072,5.869132041931152,2.255220890045166,44.13086700439453,46.38608932495117,rank_margin10,46,single_rater_weak
2025_10_07_RSFB-Phenotyping_WG1_JLU/2025_10_07_RSFB-Phenotyping_WG1_JLU/20251007_133833.jpg,plot_3c5aba0567108bfa4110,wg_insects_t1_bbch10,/home/nfs/data/nvme_datasets/Pictures_CFSB_leaf_damage/2025_10_07_RSFB-Phenotyping_WG1_JLU/2025_10_07_RSFB-Phenotyping_WG1_JLU/20251007_133833.jpg,1.0,1.185020923614502,3.0190882682800293,1.8340672254562378,2.0190882682800293,0.18502092361450195,rank_margin10,46,single_rater_weak
2025_10_07_RSFB-Phenotyping_WG1_JLU/2025_10_07_RSFB-Phenotyping_WG1_JLU/20251007_133857.jpg,plot_91ac4a9cd21f932a6384,wg_insects_t1_bbch10,/home/nfs/data/nvme_datasets/Pictures_CFSB_leaf_damage/2025_10_07_RSFB-Phenotyping_WG1_JLU/2025_10_07_RSFB-Phenotyping_WG1_JLU/20251007_133857.jpg,8.0,3.6756033897399902,3.3370914459228516,-0.3385119140148163,4.662908554077148,4.32439661026001,rank_margin10,46,single_rater_weak
2025_10_07_RSFB-Phenotyping_WG1_JLU/2025_10_07_RSFB-Phenotyping_WG1_JLU/20251007_133904.jpg,plot_91ac4a9cd21f932a6384,wg_insects_t1_bbch10,/home/nfs/data/nvme_datasets/Pictures_CFSB_leaf_damage/2025_10_07_RSFB-Phenotyping_WG1_JLU/2025_10_07_RSFB-Phenotyping_WG1_JLU/20251007_133904.jpg,4.0,2.7628140449523926,2.4584848880767822,-0.30432915687561035,1.5415151119232178,1.2371859550476074,rank_margin10,46,single_rater_weak
2025_10_07_RSFB-Phenotyping_WG1_JLU/2025_10_07_RSFB-Phenotyping_WG1_JLU/20251007_133911.jpg,plot_91ac4a9cd21f932a6384,wg_insects_t1_bbch10,/home/nfs/data/nvme_datasets/Pictures_CFSB_leaf_damage/2025_10_07_RSFB-Phenotyping_WG1_JLU/2025_10_07_RSFB-Phenotyping_WG1_JLU/20251007_133911.jpg,18.0,3.7922744750976562,3.7562804222106934,-0.035994160920381546,14.243719100952148,14.207725524902344,rank_margin10,46,single_rater_weak
2025_10_07_RSFB-Phenotyping_WG1_JLU/2025_10_07_RSFB-Phenotyping_WG1_JLU/20251007_133938.jpg,plot_aae9cf8456bd7d3487d0,wg_insects_t1_bbch10,/home/nfs/data/nvme_datasets/Pictures_CFSB_leaf_damage/2025_10_07_RSFB-Phenotyping_WG1_JLU/2025_10_07_RSFB-Phenotyping_WG1_JLU/20251007_133938.jpg,4.0,3.1318717002868652,3.653897285461426,0.5220256447792053,0.3461027145385742,0.8681282997131348,rank_margin10,46,single_rater_weak
2025_10_07_RSFB-Phenotyping_WG1_JLU/2025_10_07_RSFB-Phenotyping_WG1_JLU/20251007_133946.jpg,plot_aae9cf8456bd7d3487d0,wg_insects_t1_bbch10,/home/nfs/data/nvme_datasets/Pictures_CFSB_leaf_damage/2025_10_07_RSFB-Phenotyping_WG1_JLU/2025_10_07_RSFB-Phenotyping_WG1_JLU/20251007_133946.jpg,3.0,3.1487202644348145,4.3219499588012695,1.173229694366455,1.3219499588012695,0.14872026443481445,rank_margin10,46,single_rater_weak
2025_10_07_RSFB-Phenotyping_WG1_JLU/2025_10_07_RSFB-Phenotyping_WG1_JLU/20251007_133957.jpg,plot_aae9cf8456bd7d3487d0,wg_insects_t1_bbch10,/home/nfs/data/nvme_datasets/Pictures_CFSB_leaf_damage/2025_10_07_RSFB-Phenotyping_WG1_JLU/2025_10_07_RSFB-Phenotyping_WG1_JLU/20251007_133957.jpg,11.0,3.0534348487854004,3.403569221496582,0.35013440251350403,7.596430778503418,7.9465651512146,rank_margin10,46,single_rater_weak
2025_10_07_RSFB-Phenotyping_WG1_JLU/2025_10_07_RSFB-Phenotyping_WG1_JLU/20251007_134016.jpg,plot_beaf2427488cd0e1fa81,wg_insects_t1_bbch10,/home/nfs/data/nvme_datasets/Pictures_CFSB_leaf_damage/2025_10_07_RSFB-Phenotyping_WG1_JLU/2025_10_07_RSFB-Phenotyping_WG1_JLU/20251007_134016.jpg,5.0,6.381311416625977,7.155875205993652,0.7745636105537415,2.1558752059936523,1.3813114166259766,rank_margin10,46,single_rater_weak
2025_10_07_RSFB-Phenotyping_WG1_JLU/2025_10_07_RSFB-Phenotyping_WG1_JLU/20251007_134023.jpg,plot_beaf2427488cd0e1fa81,wg_insects_t1_bbch10,/home/nfs/data/nvme_datasets/Pictures_CFSB_leaf_damage/2025_10_07_RSFB-Phenotyping_WG1_JLU/2025_10_07_RSFB-Phenotyping_WG1_JLU/20251007_134023.jpg,3.0,3.3935813903808594,3.2114274501800537,-0.18215389549732208,0.2114274501800537,0.3935813903808594,rank_margin10,46,single_rater_weak
2025_10_07_RSFB-Phenotyping_WG1_JLU/2025_10_07_RSFB-Phenotyping_WG1_JLU/20251007_134030.jpg,plot_beaf2427488cd0e1fa81,wg_insects_t1_bbch10,/home/nfs/data/nvme_datasets/Pictures_CFSB_leaf_damage/2025_10_07_RSFB-Phenotyping_WG1_JLU/2025_10_07_RSFB-Phenotyping_WG1_JLU/20251007_134030.jpg,4.0,3.509305477142334,4.199650764465332,0.6903452277183533,0.19965076446533203,0.490694522857666,rank_margin10,46,single_rater_weak
2025_10_07_RSFB-Phenotyping_WG1_JLU/2025_10_07_RSFB-Phenotyping_WG1_JLU/20251007_134049.jpg,plot_73cc40b0300eb96ccdb1,wg_insects_t1_bbch10,/home/nfs/data/nvme_datasets/Pictures_CFSB_leaf_damage/2025_10_07_RSFB-Phenotyping_WG1_JLU/2025_10_07_RSFB-Phenotyping_WG1_JLU/20251007_134049.jpg,2.0,2.6778249740600586,2.3584752082824707,-0.3193497061729431,0.3584752082824707,0.6778249740600586,rank_margin10,46,single_rater_weak
2025_10_07_RSFB-Phenotyping_WG1_JLU/2025_10_07_RSFB-Phenotyping_WG1_JLU/20251007_134055.jpg,plot_73cc40b0300eb96ccdb1,wg_insects_t1_bbch10,/home/nfs/data/nvme_datasets/Pictures_CFSB_leaf_damage/2025_10_07_RSFB-Phenotyping_WG1_JLU/2025_10_07_RSFB-Phenotyping_WG1_JLU/20251007_134055.jpg,3.0,3.726858615875244,3.63211727142334,-0.09474143385887146,0.6321172714233398,0.7268586158752441,rank_margin10,46,single_rater_weak
2025_10_07_RSFB-Phenotyping_WG1_JLU/2025_10_07_RSFB-Phenotyping_WG1_JLU/20251007_134104.jpg,plot_73cc40b0300eb96ccdb1,wg_insects_t1_bbch10,/home/nfs/data/nvme_datasets/Pictures_CFSB_leaf_damage/2025_10_07_RSFB-Phenotyping_WG1_JLU/2025_10_07_RSFB-Phenotyping_WG1_JLU/20251007_134104.jpg,8.0,3.2520928382873535,2.805263042449951,-0.44682973623275757,5.194736957550049,4.7479071617126465,rank_margin10,46,single_rater_weak
2025_10_07_RSFB-Phenotyping_WG1_JLU/2025_10_07_RSFB-Phenotyping_WG1_JLU/20251007_134123.jpg,plot_0dc14c5babac0bfbd23b,wg_insects_t1_bbch10,/home/nfs/data/nvme_datasets/Pictures_CFSB_leaf_damage/2025_10_07_RSFB-Phenotyping_WG1_JLU/2025_10_07_RSFB-Phenotyping_WG1_JLU/20251007_134123.jpg,30.0,3.948458433151245,3.737546920776367,-0.21091154217720032,26.262453079223633,26.051542282104492,rank_margin10,46,single_rater_weak
2025_10_07_RSFB-Phenotyping_WG1_JLU/2025_10_07_RSFB-Phenotyping_WG1_JLU/20251007_134130.jpg,plot_0dc14c5babac0bfbd23b,wg_insects_t1_bbch10,/home/nfs/data/nvme_datasets/Pictures_CFSB_leaf_damage/2025_10_07_RSFB-Phenotyping_WG1_JLU/2025_10_07_RSFB-Phenotyping_WG1_JLU/20251007_134130.jpg,20.0,3.5961263179779053,4.643279075622559,1.0471525192260742,15.356720924377441,16.403873443603516,rank_margin10,46,single_rater_weak
2025_10_07_RSFB-Phenotyping_WG1_JLU/2025_10_07_RSFB-Phenotyping_WG1_JLU/20251007_134136.jpg,plot_0dc14c5babac0bfbd23b,wg_insects_t1_bbch10,/home/nfs/data/nvme_datasets/Pictures_CFSB_leaf_damage/2025_10_07_RSFB-Phenotyping_WG1_JLU/2025_10_07_RSFB-Phenotyping_WG1_JLU/20251007_134136.jpg,15.0,3.382525682449341,4.7224650382995605,1.3399392366409302,10.277534484863281,11.617474555969238,rank_margin10,46,single_rater_weak
2025_10_07_RSFB-Phenotyping_WG1_JLU/2025_10_07_RSFB-Phenotyping_WG1_JLU/20251007_134155.jpg,plot_8703b46712cb1c9c6aa8,wg_insects_t1_bbch10,/home/nfs/data/nvme_datasets/Pictures_CFSB_leaf_damage/2025_10_07_RSFB-Phenotyping_WG1_JLU/2025_10_07_RSFB-Phenotyping_WG1_JLU/20251007_134155.jpg,3.0,2.802938461303711,3.651214361190796,0.848275899887085,0.6512143611907959,0.19706153869628906,rank_margin10,46,single_rater_weak
2025_10_07_RSFB-Phenotyping_WG1_JLU/2025_10_07_RSFB-Phenotyping_WG1_JLU/20251007_134202.jpg,plot_8703b46712cb1c9c6aa8,wg_insects_t1_bbch10,/home/nfs/data/nvme_datasets/Pictures_CFSB_leaf_damage/2025_10_07_RSFB-Phenotyping_WG1_JLU/2025_10_07_RSFB-Phenotyping_WG1_JLU/20251007_134202.jpg,2.0,2.4758996963500977,2.458458423614502,-0.01744118146598339,0.45845842361450195,0.47589969635009766,rank_margin10,46,single_rater_weak
2025_10_07_RSFB-Phenotyping_WG1_JLU/2025_10_07_RSFB-Phenotyping_WG1_JLU/20251007_134209.jpg,plot_8703b46712cb1c9c6aa8,wg_insects_t1_bbch10,/home/nfs/data/nvme_datasets/Pictures_CFSB_leaf_damage/2025_10_07_RSFB-Phenotyping_WG1_JLU/2025_10_07_RSFB-Phenotyping_WG1_JLU/20251007_134209.jpg,33.0,3.1532020568847656,3.144730567932129,-0.008471416309475899,29.855270385742188,29.846797943115234,rank_margin10,46,single_rater_weak
2025_10_07_RSFB-Phenotyping_WG1_JLU/2025_10_07_RSFB-Phenotyping_WG1_JLU/20251007_134231.jpg,plot_c269bf51510f5908bdde,wg_insects_t1_bbch10,/home/nfs/data/nvme_datasets/Pictures_CFSB_leaf_damage/2025_10_07_RSFB-Phenotyping_WG1_JLU/2025_10_07_RSFB-Phenotyping_WG1_JLU/20251007_134231.jpg,4.0,0.5693292617797852,2.488438606262207,1.9191092252731323,1.511561393737793,3.430670738220215,rank_margin10,46,single_rater_weak
2025_10_07_RSFB-Phenotyping_WG1_JLU/2025_10_07_RSFB-Phenotyping_WG1_JLU/20251007_134236.jpg,plot_c269bf51510f5908bdde,wg_insects_t1_bbch10,/home/nfs/data/nvme_datasets/Pictures_CFSB_leaf_damage/2025_10_07_RSFB-Phenotyping_WG1_JLU/2025_10_07_RSFB-Phenotyping_WG1_JLU/20251007_134236.jpg,2.0,0.941279411315918,2.9821906089782715,2.0409111976623535,0.9821906089782715,1.058720588684082,rank_margin10,46,single_rater_weak
2025_10_07_RSFB-Phenotyping_WG1_JLU/2025_10_07_RSFB-Phenotyping_WG1_JLU/20251007_134244.jpg,plot_c269bf51510f5908bdde,wg_insects_t1_bbch10,/home/nfs/data/nvme_datasets/Pictures_CFSB_leaf_damage/2025_10_07_RSFB-Phenotyping_WG1_JLU/2025_10_07_RSFB-Phenotyping_WG1_JLU/20251007_134244.jpg,5.0,0.7072396278381348,2.6139016151428223,1.9066619873046875,2.3860983848571777,4.292760372161865,rank_margin10,46,single_rater_weak
2025_10_07_RSFB-Phenotyping_WG1_JLU/2025_10_07_RSFB-Phenotyping_WG1_JLU/20251007_134311.jpg,plot_91629e9b3a2abf1aae0c,wg_insects_t1_bbch10,/home/nfs/data/nvme_datasets/Pictures_CFSB_leaf_damage/2025_10_07_RSFB-Phenotyping_WG1_JLU/2025_10_07_RSFB-Phenotyping_WG1_JLU/20251007_134311.jpg,22.0,2.9258627891540527,3.6710147857666016,0.7451521158218384,18.3289852142334,19.07413673400879,rank_margin10,46,single_rater_weak
2025_10_07_RSFB-Phenotyping_WG1_JLU/2025_10_07_RSFB-Phenotyping_WG1_JLU/20251007_134319.jpg,plot_91629e9b3a2abf1aae0c,wg_insects_t1_bbch10,/home/nfs/data/nvme_datasets/Pictures_CFSB_leaf_damage/2025_10_07_RSFB-Phenotyping_WG1_JLU/2025_10_07_RSFB-Phenotyping_WG1_JLU/20251007_134319.jpg,7.0,3.466517210006714,3.5099003314971924,0.04338323324918747,3.4900996685028076,3.533482789993286,rank_margin10,46,single_rater_weak
2025_10_07_RSFB-Phenotyping_WG1_JLU/2025_10_07_RSFB-Phenotyping_WG1_JLU/20251007_134325.jpg,plot_91629e9b3a2abf1aae0c,wg_insects_t1_bbch10,/home/nfs/data/nvme_datasets/Pictures_CFSB_leaf_damage/2025_10_07_RSFB-Phenotyping_WG1_JLU/2025_10_07_RSFB-Phenotyping_WG1_JLU/20251007_134325.jpg,12.0,3.0642566680908203,3.1715950965881348,0.10733847320079803,8.828405380249023,8.93574333190918,rank_margin10,46,single_rater_weak
2025_10_07_RSFB-Phenotyping_WG1_JLU/2025_10_07_RSFB-Phenotyping_WG1_JLU/20251007_134345.jpg,plot_c8ab7ee89b7142cd52eb,wg_insects_t1_bbch10,/home/nfs/data/nvme_datasets/Pictures_CFSB_leaf_damage/2025_10_07_RSFB-Phenotyping_WG1_JLU/2025_10_07_RSFB-Phenotyping_WG1_JLU/20251007_134345.jpg,4.0,3.4875900745391846,3.7677910327911377,0.28020089864730835,0.2322089672088623,0.5124099254608154,rank_margin10,46,single_rater_weak
2025_10_07_RSFB-Phenotyping_WG1_JLU/2025_10_07_RSFB-Phenotyping_WG1_JLU/20251007_134354.jpg,plot_c8ab7ee89b7142cd52eb,wg_insects_t1_bbch10,/home/nfs/data/nvme_datasets/Pictures_CFSB_leaf_damage/2025_10_07_RSFB-Phenotyping_WG1_JLU/2025_10_07_RSFB-Phenotyping_WG1_JLU/20251007_134354.jpg,26.0,5.022382736206055,5.469792366027832,0.4474097788333893,20.530208587646484,20.977617263793945,rank_margin10,46,single_rater_weak
2025_10_07_RSFB-Phenotyping_WG1_JLU/2025_10_07_RSFB-Phenotyping_WG1_JLU/20251007_134402.jpg,plot_c8ab7ee89b7142cd52eb,wg_insects_t1_bbch10,/home/nfs/data/nvme_datasets/Pictures_CFSB_leaf_damage/2025_10_07_RSFB-Phenotyping_WG1_JLU/2025_10_07_RSFB-Phenotyping_WG1_JLU/20251007_134402.jpg,3.0,2.3210620880126953,2.786116123199463,0.465053915977478,0.2138838768005371,0.6789379119873047,rank_margin10,46,single_rater_weak
2025_10_07_RSFB-Phenotyping_WG1_JLU/2025_10_07_RSFB-Phenotyping_WG1_JLU/20251007_134425.jpg,plot_3efb2941f93198730d19,wg_insects_t1_bbch10,/home/nfs/data/nvme_datasets/Pictures_CFSB_leaf_damage/2025_10_07_RSFB-Phenotyping_WG1_JLU/2025_10_07_RSFB-Phenotyping_WG1_JLU/20251007_134425.jpg,10.0,9.024895668029785,8.90305233001709,-0.12184302508831024,1.0969476699829102,0.9751043319702148,rank_margin10,46,single_rater_weak
2025_10_07_RSFB-Phenotyping_WG1_JLU/2025_10_07_RSFB-Phenotyping_WG1_JLU/20251007_134433.jpg,plot_3efb2941f93198730d19,wg_insects_t1_bbch10,/home/nfs/data/nvme_datasets/Pictures_CFSB_leaf_damage/2025_10_07_RSFB-Phenotyping_WG1_JLU/2025_10_07_RSFB-Phenotyping_WG1_JLU/20251007_134433.jpg,7.0,4.261630058288574,3.8684418201446533,-0.3931882679462433,3.1315581798553467,2.738369941711426,rank_margin10,46,single_rater_weak
2025_10_07_RSFB-Phenotyping_WG1_JLU/2025_10_07_RSFB-Phenotyping_WG1_JLU/20251007_134442.jpg,plot_3efb2941f93198730d19,wg_insects_t1_bbch10,/home/nfs/data/nvme_datasets/Pictures_CFSB_leaf_damage/2025_10_07_RSFB-Phenotyping_WG1_JLU/2025_10_07_RSFB-Phenotyping_WG1_JLU/20251007_134442.jpg,21.0,3.6792728900909424,4.3875274658203125,0.7082546353340149,16.612472534179688,17.32072639465332,rank_margin10,46,single_rater_weak
2025_10_07_RSFB-Phenotyping_WG1_JLU/2025_10_07_RSFB-Phenotyping_WG1_JLU/20251007_134503.jpg,plot_32302a98de0ae97df1fc,wg_insects_t1_bbch10,/home/nfs/data/nvme_datasets/Pictures_CFSB_leaf_damage/2025_10_07_RSFB-Phenotyping_WG1_JLU/2025_10_07_RSFB-Phenotyping_WG1_JLU/20251007_134503.jpg,6.0,3.185044765472412,3.075634479522705,-0.10941017419099808,2.924365520477295,2.814955234527588,rank_margin10,46,single_rater_weak
2025_10_07_RSFB-Phenotyping_WG1_JLU/2025_10_07_RSFB-Phenotyping_WG1_JLU/20251007_134510.jpg,plot_32302a98de0ae97df1fc,wg_insects_t1_bbch10,/home/nfs/data/nvme_datasets/Pictures_CFSB_leaf_damage/2025_10_07_RSFB-Phenotyping_WG1_JLU/2025_10_07_RSFB-Phenotyping_WG1_JLU/20251007_134510.jpg,20.0,3.313394546508789,3.75361967086792,0.4402250051498413,16.246379852294922,16.68660545349121,rank_margin10,46,single_rater_weak
2025_10_07_RSFB-Phenotyping_WG1_JLU/2025_10_07_RSFB-Phenotyping_WG1_JLU/20251007_134517.jpg,plot_32302a98de0ae97df1fc,wg_insects_t1_bbch10,/home/nfs/data/nvme_datasets/Pictures_CFSB_leaf_damage/2025_10_07_RSFB-Phenotyping_WG1_JLU/2025_10_07_RSFB-Phenotyping_WG1_JLU/20251007_134517.jpg,15.0,4.757681846618652,5.646162986755371,0.8884810209274292,9.353837013244629,10.242318153381348,rank_margin10,46,single_rater_weak
2025_10_07_RSFB-Phenotyping_WG1_JLU/2025_10_07_RSFB-Phenotyping_WG1_JLU/20251007_134607.jpg,plot_553caedde4489480dbef,wg_insects_t1_bbch10,/home/nfs/data/nvme_datasets/Pictures_CFSB_leaf_damage/2025_10_07_RSFB-Phenotyping_WG1_JLU/2025_10_07_RSFB-Phenotyping_WG1_JLU/20251007_134607.jpg,7.0,3.148690700531006,2.9682111740112305,-0.18047961592674255,4.0317888259887695,3.851309299468994,rank_margin10,46,single_rater_weak
2025_10_07_RSFB-Phenotyping_WG1_JLU/2025_10_07_RSFB-Phenotyping_WG1_JLU/20251007_134615.jpg,plot_553caedde4489480dbef,wg_insects_t1_bbch10,/home/nfs/data/nvme_datasets/Pictures_CFSB_leaf_damage/2025_10_07_RSFB-Phenotyping_WG1_JLU/2025_10_07_RSFB-Phenotyping_WG1_JLU/20251007_134615.jpg,6.0,3.485612154006958,3.7043938636779785,0.21878169476985931,2.2956061363220215,2.514387845993042,rank_margin10,46,single_rater_weak
2025_10_07_RSFB-Phenotyping_WG1_JLU/2025_10_07_RSFB-Phenotyping_WG1_JLU/20251007_134622.jpg,plot_553caedde4489480dbef,wg_insects_t1_bbch10,/home/nfs/data/nvme_datasets/Pictures_CFSB_leaf_damage/2025_10_07_RSFB-Phenotyping_WG1_JLU/2025_10_07_RSFB-Phenotyping_WG1_JLU/20251007_134622.jpg,4.0,3.519313097000122,4.502803325653076,0.9834903478622437,0.5028033256530762,0.48068690299987793,rank_margin10,46,single_rater_weak
2025_10_07_RSFB-Phenotyping_WG1_JLU/2025_10_07_RSFB-Phenotyping_WG1_JLU/20251007_134640.jpg,plot_0ee2401049b303496bc5,wg_insects_t1_bbch10,/home/nfs/data/nvme_datasets/Pictures_CFSB_leaf_damage/2025_10_07_RSFB-Phenotyping_WG1_JLU/2025_10_07_RSFB-Phenotyping_WG1_JLU/20251007_134640.jpg,3.0,4.264863967895508,5.258487224578857,0.9936232566833496,2.2584872245788574,1.2648639678955078,rank_margin10,46,single_rater_weak
2025_10_07_RSFB-Phenotyping_WG1_JLU/2025_10_07_RSFB-Phenotyping_WG1_JLU/20251007_134648.jpg,plot_0ee2401049b303496bc5,wg_insects_t1_bbch10,/home/nfs/data/nvme_datasets/Pictures_CFSB_leaf_damage/2025_10_07_RSFB-Phenotyping_WG1_JLU/2025_10_07_RSFB-Phenotyping_WG1_JLU/20251007_134648.jpg,4.0,3.2938733100891113,4.179603099822998,0.8857299089431763,0.17960309982299805,0.7061266899108887,rank_margin10,46,single_rater_weak
2025_10_07_RSFB-Phenotyping_WG1_JLU/2025_10_07_RSFB-Phenotyping_WG1_JLU/20251007_134654.jpg,plot_0ee2401049b303496bc5,wg_insects_t1_bbch10,/home/nfs/data/nvme_datasets/Pictures_CFSB_leaf_damage/2025_10_07_RSFB-Phenotyping_WG1_JLU/2025_10_07_RSFB-Phenotyping_WG1_JLU/20251007_134654.jpg,5.0,5.373900413513184,5.691856861114502,0.3179563581943512,0.691856861114502,0.3739004135131836,rank_margin10,46,single_rater_weak
2025_10_07_RSFB-Phenotyping_WG1_JLU/2025_10_07_RSFB-Phenotyping_WG1_JLU/20251007_134713.jpg,plot_b5ff78134da2cbee9da9,wg_insects_t1_bbch10,/home/nfs/data/nvme_datasets/Pictures_CFSB_leaf_damage/2025_10_07_RSFB-Phenotyping_WG1_JLU/2025_10_07_RSFB-Phenotyping_WG1_JLU/20251007_134713.jpg,2.0,2.9910879135131836,4.106601238250732,1.1155134439468384,2.1066012382507324,0.9910879135131836,rank_margin10,46,single_rater_weak
2025_10_07_RSFB-Phenotyping_WG1_JLU/2025_10_07_RSFB-Phenotyping_WG1_JLU/20251007_134721.jpg,plot_b5ff78134da2cbee9da9,wg_insects_t1_bbch10,/home/nfs/data/nvme_datasets/Pictures_CFSB_leaf_damage/2025_10_07_RSFB-Phenotyping_WG1_JLU/2025_10_07_RSFB-Phenotyping_WG1_JLU/20251007_134721.jpg,5.0,4.208320140838623,5.51957893371582,1.3112586736679077,0.5195789337158203,0.791679859161377,rank_margin10,46,single_rater_weak
2025_10_07_RSFB-Phenotyping_WG1_JLU/2025_10_07_RSFB-Phenotyping_WG1_JLU/20251007_134728.jpg,plot_b5ff78134da2cbee9da9,wg_insects_t1_bbch10,/home/nfs/data/nvme_datasets/Pictures_CFSB_leaf_damage/2025_10_07_RSFB-Phenotyping_WG1_JLU/2025_10_07_RSFB-Phenotyping_WG1_JLU/20251007_134728.jpg,7.0,4.099761962890625,4.448887348175049,0.34912559390068054,2.551112651824951,2.900238037109375,rank_margin10,46,single_rater_weak
2025_10_07_RSFB-Phenotyping_WG1_JLU/2025_10_07_RSFB-Phenotyping_WG1_JLU/20251007_134747.jpg,plot_e756a03d19d7a2d30203,wg_insects_t1_bbch10,/home/nfs/data/nvme_datasets/Pictures_CFSB_leaf_damage/2025_10_07_RSFB-Phenotyping_WG1_JLU/2025_10_07_RSFB-Phenotyping_WG1_JLU/20251007_134747.jpg,12.0,3.049128532409668,3.149944543838501,0.10081595927476883,8.850055694580078,8.950871467590332,rank_margin10,46,single_rater_weak
2025_10_07_RSFB-Phenotyping_WG1_JLU/2025_10_07_RSFB-Phenotyping_WG1_JLU/20251007_134753.jpg,plot_e756a03d19d7a2d30203,wg_insects_t1_bbch10,/home/nfs/data/nvme_datasets/Pictures_CFSB_leaf_damage/2025_10_07_RSFB-Phenotyping_WG1_JLU/2025_10_07_RSFB-Phenotyping_WG1_JLU/20251007_134753.jpg,8.0,5.901533126831055,6.73365592956543,0.8321226239204407,1.2663440704345703,2.0984668731689453,rank_margin10,46,single_rater_weak
2025_10_07_RSFB-Phenotyping_WG1_JLU/2025_10_07_RSFB-Phenotyping_WG1_JLU/20251007_134803.jpg,plot_e756a03d19d7a2d30203,wg_insects_t1_bbch10,/home/nfs/data/nvme_datasets/Pictures_CFSB_leaf_damage/2025_10_07_RSFB-Phenotyping_WG1_JLU/2025_10_07_RSFB-Phenotyping_WG1_JLU/20251007_134803.jpg,4.0,3.2278318405151367,3.203253746032715,-0.024578189477324486,0.7967462539672852,0.7721681594848633,rank_margin10,46,single_rater_weak
2025_10_07_RSFB-Phenotyping_WG1_JLU/2025_10_07_RSFB-Phenotyping_WG1_JLU/20251007_134820.jpg,plot_c6b6d66c129d9fca2b7b,wg_insects_t1_bbch10,/home/nfs/data/nvme_datasets/Pictures_CFSB_leaf_damage/2025_10_07_RSFB-Phenotyping_WG1_JLU/2025_10_07_RSFB-Phenotyping_WG1_JLU/20251007_134820.jpg,5.0,4.732010841369629,5.538256645202637,0.8062455654144287,0.5382566452026367,0.2679891586303711,rank_margin10,46,single_rater_weak
2025_10_07_RSFB-Phenotyping_WG1_JLU/2025_10_07_RSFB-Phenotyping_WG1_JLU/20251007_134828.jpg,plot_c6b6d66c129d9fca2b7b,wg_insects_t1_bbch10,/home/nfs/data/nvme_datasets/Pictures_CFSB_leaf_damage/2025_10_07_RSFB-Phenotyping_WG1_JLU/2025_10_07_RSFB-Phenotyping_WG1_JLU/20251007_134828.jpg,7.0,4.453807830810547,5.063174724578857,0.609366774559021,1.9368252754211426,2.546192169189453,rank_margin10,46,single_rater_weak
2025_10_07_RSFB-Phenotyping_WG1_JLU/2025_10_07_RSFB-Phenotyping_WG1_JLU/20251007_134834.jpg,plot_c6b6d66c129d9fca2b7b,wg_insects_t1_bbch10,/home/nfs/data/nvme_datasets/Pictures_CFSB_leaf_damage/2025_10_07_RSFB-Phenotyping_WG1_JLU/2025_10_07_RSFB-Phenotyping_WG1_JLU/20251007_134834.jpg,5.0,2.967437267303467,4.040075302124023,1.0726381540298462,0.9599246978759766,2.032562732696533,rank_margin10,46,single_rater_weak
2025_10_07_RSFB-Phenotyping_WG1_JLU/2025_10_07_RSFB-Phenotyping_WG1_JLU/20251007_134852.jpg,plot_8340f1a8e5939e69142f,wg_insects_t1_bbch10,/home/nfs/data/nvme_datasets/Pictures_CFSB_leaf_damage/2025_10_07_RSFB-Phenotyping_WG1_JLU/2025_10_07_RSFB-Phenotyping_WG1_JLU/20251007_134852.jpg,3.0,2.531548500061035,2.7094764709472656,0.17792804539203644,0.2905235290527344,0.46845149993896484,rank_margin10,46,single_rater_weak
2025_10_07_RSFB-Phenotyping_WG1_JLU/2025_10_07_RSFB-Phenotyping_WG1_JLU/20251007_134900.jpg,plot_8340f1a8e5939e69142f,wg_insects_t1_bbch10,/home/nfs/data/nvme_datasets/Pictures_CFSB_leaf_damage/2025_10_07_RSFB-Phenotyping_WG1_JLU/2025_10_07_RSFB-Phenotyping_WG1_JLU/20251007_134900.jpg,3.0,1.9881629943847656,3.106508731842041,1.1183457374572754,0.10650873184204102,1.0118370056152344,rank_margin10,46,single_rater_weak
2025_10_07_RSFB-Phenotyping_WG1_JLU/2025_10_07_RSFB-Phenotyping_WG1_JLU/20251007_134912.jpg,plot_8340f1a8e5939e69142f,wg_insects_t1_bbch10,/home/nfs/data/nvme_datasets/Pictures_CFSB_leaf_damage/2025_10_07_RSFB-Phenotyping_WG1_JLU/2025_10_07_RSFB-Phenotyping_WG1_JLU/20251007_134912.jpg,4.0,3.371112585067749,3.5719754695892334,0.20086294412612915,0.4280245304107666,0.628887414932251,rank_margin10,46,single_rater_weak
2025_10_07_RSFB-Phenotyping_WG1_JLU/2025_10_07_RSFB-Phenotyping_WG1_JLU/20251007_134928_001.jpg,plot_b37ece4be73f21235396,wg_insects_t1_bbch10,/home/nfs/data/nvme_datasets/Pictures_CFSB_leaf_damage/2025_10_07_RSFB-Phenotyping_WG1_JLU/2025_10_07_RSFB-Phenotyping_WG1_JLU/20251007_134928_001.jpg,1.0,3.647066831588745,4.2613677978515625,0.6143011450767517,3.2613677978515625,2.647066831588745,rank_margin10,46,single_rater_weak
2025_10_07_RSFB-Phenotyping_WG1_JLU/2025_10_07_RSFB-Phenotyping_WG1_JLU/20251007_134928_002.jpg,plot_b37ece4be73f21235396,wg_insects_t1_bbch10,/home/nfs/data/nvme_datasets/Pictures_CFSB_leaf_damage/2025_10_07_RSFB-Phenotyping_WG1_JLU/2025_10_07_RSFB-Phenotyping_WG1_JLU/20251007_134928_002.jpg,1.0,3.3825552463531494,4.114126205444336,0.731570839881897,3.114126205444336,2.3825552463531494,rank_margin10,46,single_rater_weak
2025_10_07_RSFB-Phenotyping_WG1_JLU/2025_10_07_RSFB-Phenotyping_WG1_JLU/20251007_134929.jpg,plot_b37ece4be73f21235396,wg_insects_t1_bbch10,/home/nfs/data/nvme_datasets/Pictures_CFSB_leaf_damage/2025_10_07_RSFB-Phenotyping_WG1_JLU/2025_10_07_RSFB-Phenotyping_WG1_JLU/20251007_134929.jpg,1.0,3.6469712257385254,4.0920586585998535,0.4450875520706177,3.0920586585998535,2.6469712257385254,rank_margin10,46,single_rater_weak
2025_10_07_RSFB-Phenotyping_WG1_JLU/2025_10_07_RSFB-Phenotyping_WG1_JLU/20251007_134931.jpg,plot_b37ece4be73f21235396,wg_insects_t1_bbch10,/home/nfs/data/nvme_datasets/Pictures_CFSB_leaf_damage/2025_10_07_RSFB-Phenotyping_WG1_JLU/2025_10_07_RSFB-Phenotyping_WG1_JLU/20251007_134931.jpg,1.0,3.4711785316467285,3.9656379222869873,0.4944594204425812,2.9656379222869873,2.4711785316467285,rank_margin10,46,single_rater_weak
2025_10_07_RSFB-Phenotyping_WG1_JLU/2025_10_07_RSFB-Phenotyping_WG1_JLU/20251007_134942.jpg,plot_b37ece4be73f21235396,wg_insects_t1_bbch10,/home/nfs/data/nvme_datasets/Pictures_CFSB_leaf_damage/2025_10_07_RSFB-Phenotyping_WG1_JLU/2025_10_07_RSFB-Phenotyping_WG1_JLU/20251007_134942.jpg,1.0,4.029778480529785,4.962907314300537,0.9331286549568176,3.962907314300537,3.029778480529785,rank_margin10,46,single_rater_weak
2025_10_07_RSFB-Phenotyping_WG1_JLU/2025_10_07_RSFB-Phenotyping_WG1_JLU/20251007_135028.jpg,plot_b37ece4be73f21235396,wg_insects_t1_bbch10,/home/nfs/data/nvme_datasets/Pictures_CFSB_leaf_damage/2025_10_07_RSFB-Phenotyping_WG1_JLU/2025_10_07_RSFB-Phenotyping_WG1_JLU/20251007_135028.jpg,1.0,3.43731427192688,3.3705103397369385,-0.0668039619922638,2.3705103397369385,2.43731427192688,rank_margin10,46,single_rater_weak
2025_10_07_RSFB-Phenotyping_WG1_JLU/2025_10_07_RSFB-Phenotyping_WG1_JLU/20251007_135035.jpg,plot_b37ece4be73f21235396,wg_insects_t1_bbch10,/home/nfs/data/nvme_datasets/Pictures_CFSB_leaf_damage/2025_10_07_RSFB-Phenotyping_WG1_JLU/2025_10_07_RSFB-Phenotyping_WG1_JLU/20251007_135035.jpg,3.0,2.4567861557006836,3.619863986968994,1.1630779504776,0.6198639869689941,0.5432138442993164,rank_margin10,46,single_rater_weak
2025_10_07_RSFB-Phenotyping_WG1_JLU/2025_10_07_RSFB-Phenotyping_WG1_JLU/20251007_135041.jpg,plot_b37ece4be73f21235396,wg_insects_t1_bbch10,/home/nfs/data/nvme_datasets/Pictures_CFSB_leaf_damage/2025_10_07_RSFB-Phenotyping_WG1_JLU/2025_10_07_RSFB-Phenotyping_WG1_JLU/20251007_135041.jpg,2.0,2.6037678718566895,3.6134867668151855,1.009718894958496,1.6134867668151855,0.6037678718566895,rank_margin10,46,single_rater_weak
2025_10_07_RSFB-Phenotyping_WG1_JLU/2025_10_07_RSFB-Phenotyping_WG1_JLU/20251007_135048.jpg,plot_b37ece4be73f21235396,wg_insects_t1_bbch10,/home/nfs/data/nvme_datasets/Pictures_CFSB_leaf_damage/2025_10_07_RSFB-Phenotyping_WG1_JLU/2025_10_07_RSFB-Phenotyping_WG1_JLU/20251007_135048.jpg,1.0,3.2575016021728516,3.3510234355926514,0.09352189302444458,2.3510234355926514,2.2575016021728516,rank_margin10,46,single_rater_weak
2025_10_07_RSFB-Phenotyping_WG1_JLU/2025_10_07_RSFB-Phenotyping_WG1_JLU/20251007_135105.jpg,plot_703c6d37517647dcb629,wg_insects_t1_bbch10,/home/nfs/data/nvme_datasets/Pictures_CFSB_leaf_damage/2025_10_07_RSFB-Phenotyping_WG1_JLU/2025_10_07_RSFB-Phenotyping_WG1_JLU/20251007_135105.jpg,5.0,3.026111602783203,3.3083841800689697,0.2822726368904114,1.6916158199310303,1.9738883972167969,rank_margin10,46,single_rater_weak
2025_10_07_RSFB-Phenotyping_WG1_JLU/2025_10_07_RSFB-Phenotyping_WG1_JLU/20251007_135113.jpg,plot_703c6d37517647dcb629,wg_insects_t1_bbch10,/home/nfs/data/nvme_datasets/Pictures_CFSB_leaf_damage/2025_10_07_RSFB-Phenotyping_WG1_JLU/2025_10_07_RSFB-Phenotyping_WG1_JLU/20251007_135113.jpg,10.0,3.181446075439453,3.06542706489563,-0.11601908504962921,6.934573173522949,6.818553924560547,rank_margin10,46,single_rater_weak
2025_10_07_RSFB-Phenotyping_WG1_JLU/2025_10_07_RSFB-Phenotyping_WG1_JLU/20251007_135120.jpg,plot_703c6d37517647dcb629,wg_insects_t1_bbch10,/home/nfs/data/nvme_datasets/Pictures_CFSB_leaf_damage/2025_10_07_RSFB-Phenotyping_WG1_JLU/2025_10_07_RSFB-Phenotyping_WG1_JLU/20251007_135120.jpg,2.0,3.0398154258728027,4.411539554595947,1.3717241287231445,2.4115395545959473,1.0398154258728027,rank_margin10,46,single_rater_weak
2025_10_07_RSFB-Phenotyping_WG1_JLU/2025_10_07_RSFB-Phenotyping_WG1_JLU/20251007_135136.jpg,plot_39a5d9a096c24f894a86,wg_insects_t1_bbch10,/home/nfs/data/nvme_datasets/Pictures_CFSB_leaf_damage/2025_10_07_RSFB-Phenotyping_WG1_JLU/2025_10_07_RSFB-Phenotyping_WG1_JLU/20251007_135136.jpg,2.0,2.55344820022583,3.805339813232422,1.2518916130065918,1.8053398132324219,0.5534482002258301,rank_margin10,46,single_rater_weak
2025_10_07_RSFB-Phenotyping_WG1_JLU/2025_10_07_RSFB-Phenotyping_WG1_JLU/20251007_135142.jpg,plot_39a5d9a096c24f894a86,wg_insects_t1_bbch10,/home/nfs/data/nvme_datasets/Pictures_CFSB_leaf_damage/2025_10_07_RSFB-Phenotyping_WG1_JLU/2025_10_07_RSFB-Phenotyping_WG1_JLU/20251007_135142.jpg,4.0,3.0852856636047363,3.715015411376953,0.6297298669815063,0.2849845886230469,0.9147143363952637,rank_margin10,46,single_rater_weak
2025_10_07_RSFB-Phenotyping_WG1_JLU/2025_10_07_RSFB-Phenotyping_WG1_JLU/20251007_135149.jpg,plot_39a5d9a096c24f894a86,wg_insects_t1_bbch10,/home/nfs/data/nvme_datasets/Pictures_CFSB_leaf_damage/2025_10_07_RSFB-Phenotyping_WG1_JLU/2025_10_07_RSFB-Phenotyping_WG1_JLU/20251007_135149.jpg,8.0,4.651336193084717,5.155179023742676,0.5038428902626038,2.844820976257324,3.348663806915283,rank_margin10,46,single_rater_weak
2025_10_07_RSFB-Phenotyping_WG1_JLU/2025_10_07_RSFB-Phenotyping_WG1_JLU/20251007_135206.jpg,plot_123fb6227016b71de6ed,wg_insects_t1_bbch10,/home/nfs/data/nvme_datasets/Pictures_CFSB_leaf_damage/2025_10_07_RSFB-Phenotyping_WG1_JLU/2025_10_07_RSFB-Phenotyping_WG1_JLU/20251007_135206.jpg,15.0,2.9186573028564453,2.5764946937561035,-0.34216269850730896,12.423505783081055,12.081342697143555,rank_margin10,46,single_rater_weak
2025_10_07_RSFB-Phenotyping_WG1_JLU/2025_10_07_RSFB-Phenotyping_WG1_JLU/20251007_135213.jpg,plot_123fb6227016b71de6ed,wg_insects_t1_bbch10,/home/nfs/data/nvme_datasets/Pictures_CFSB_leaf_damage/2025_10_07_RSFB-Phenotyping_WG1_JLU/2025_10_07_RSFB-Phenotyping_WG1_JLU/20251007_135213.jpg,5.0,2.2900662422180176,3.4103150367736816,1.120248794555664,1.5896849632263184,2.7099337577819824,rank_margin10,46,single_rater_weak
2025_10_07_RSFB-Phenotyping_WG1_JLU/2025_10_07_RSFB-Phenotyping_WG1_JLU/20251007_135220.jpg,plot_123fb6227016b71de6ed,wg_insects_t1_bbch10,/home/nfs/data/nvme_datasets/Pictures_CFSB_leaf_damage/2025_10_07_RSFB-Phenotyping_WG1_JLU/2025_10_07_RSFB-Phenotyping_WG1_JLU/20251007_135220.jpg,4.0,5.906536102294922,6.302749156951904,0.396213173866272,2.3027491569519043,1.9065361022949219,rank_margin10,46,single_rater_weak
2025_10_07_RSFB-Phenotyping_WG1_JLU/2025_10_07_RSFB-Phenotyping_WG1_JLU/20251007_135237.jpg,plot_b20da2cb3f64c4a00599,wg_insects_t1_bbch10,/home/nfs/data/nvme_datasets/Pictures_CFSB_leaf_damage/2025_10_07_RSFB-Phenotyping_WG1_JLU/2025_10_07_RSFB-Phenotyping_WG1_JLU/20251007_135237.jpg,12.0,5.314820289611816,5.880167484283447,0.5653471350669861,6.119832515716553,6.685179710388184,rank_margin10,46,single_rater_weak
2025_10_07_RSFB-Phenotyping_WG1_JLU/2025_10_07_RSFB-Phenotyping_WG1_JLU/20251007_135242.jpg,plot_b20da2cb3f64c4a00599,wg_insects_t1_bbch10,/home/nfs/data/nvme_datasets/Pictures_CFSB_leaf_damage/2025_10_07_RSFB-Phenotyping_WG1_JLU/2025_10_07_RSFB-Phenotyping_WG1_JLU/20251007_135242.jpg,5.0,2.8010501861572266,2.550252914428711,-0.2507973909378052,2.449747085571289,2.1989498138427734,rank_margin10,46,single_rater_weak
2025_10_07_RSFB-Phenotyping_WG1_JLU/2025_10_07_RSFB-Phenotyping_WG1_JLU/20251007_135306.jpg,plot_63e5acc853f9da264c66,wg_insects_t1_bbch10,/home/nfs/data/nvme_datasets/Pictures_CFSB_leaf_damage/2025_10_07_RSFB-Phenotyping_WG1_JLU/2025_10_07_RSFB-Phenotyping_WG1_JLU/20251007_135306.jpg,1.0,1.8160896301269531,2.6726911067962646,0.8566015362739563,1.6726911067962646,0.8160896301269531,rank_margin10,46,single_rater_weak
2025_10_07_RSFB-Phenotyping_WG1_JLU/2025_10_07_RSFB-Phenotyping_WG1_JLU/20251007_135316.jpg,plot_63e5acc853f9da264c66,wg_insects_t1_bbch10,/home/nfs/data/nvme_datasets/Pictures_CFSB_leaf_damage/2025_10_07_RSFB-Phenotyping_WG1_JLU/2025_10_07_RSFB-Phenotyping_WG1_JLU/20251007_135316.jpg,2.0,2.0959925651550293,2.4178340435028076,0.3218415677547455,0.4178340435028076,0.0959925651550293,rank_margin10,46,single_rater_weak
2025_10_07_RSFB-Phenotyping_WG1_JLU/2025_10_07_RSFB-Phenotyping_WG1_JLU/20251007_135322.jpg,plot_63e5acc853f9da264c66,wg_insects_t1_bbch10,/home/nfs/data/nvme_datasets/Pictures_CFSB_leaf_damage/2025_10_07_RSFB-Phenotyping_WG1_JLU/2025_10_07_RSFB-Phenotyping_WG1_JLU/20251007_135322.jpg,1.0,2.9861326217651367,3.2333998680114746,0.24726715683937073,2.2333998680114746,1.9861326217651367,rank_margin10,46,single_rater_weak
2025_10_07_RSFB-Phenotyping_WG1_JLU/2025_10_07_RSFB-Phenotyping_WG1_JLU/20251007_135337.jpg,plot_8751b5e06eb6ffeec689,wg_insects_t1_bbch10,/home/nfs/data/nvme_datasets/Pictures_CFSB_leaf_damage/2025_10_07_RSFB-Phenotyping_WG1_JLU/2025_10_07_RSFB-Phenotyping_WG1_JLU/20251007_135337.jpg,2.0,2.725402355194092,2.3521933555603027,-0.37320905923843384,0.35219335556030273,0.7254023551940918,rank_margin10,46,single_rater_weak
2025_10_07_RSFB-Phenotyping_WG1_JLU/2025_10_07_RSFB-Phenotyping_WG1_JLU/20251007_135343.jpg,plot_8751b5e06eb6ffeec689,wg_insects_t1_bbch10,/home/nfs/data/nvme_datasets/Pictures_CFSB_leaf_damage/2025_10_07_RSFB-Phenotyping_WG1_JLU/2025_10_07_RSFB-Phenotyping_WG1_JLU/20251007_135343.jpg,4.0,3.983921766281128,4.841945648193359,0.8580237030982971,0.8419456481933594,0.01607823371887207,rank_margin10,46,single_rater_weak
2025_10_07_RSFB-Phenotyping_WG1_JLU/2025_10_07_RSFB-Phenotyping_WG1_JLU/20251007_135349.jpg,plot_8751b5e06eb6ffeec689,wg_insects_t1_bbch10,/home/nfs/data/nvme_datasets/Pictures_CFSB_leaf_damage/2025_10_07_RSFB-Phenotyping_WG1_JLU/2025_10_07_RSFB-Phenotyping_WG1_JLU/20251007_135349.jpg,2.0,2.85048770904541,2.540264129638672,-0.31022366881370544,0.5402641296386719,0.8504877090454102,rank_margin10,46,single_rater_weak
2025_10_07_RSFB-Phenotyping_WG1_JLU/2025_10_07_RSFB-Phenotyping_WG1_JLU/20251007_135406.jpg,plot_279d83b6c8945c8a6c37,wg_insects_t1_bbch10,/home/nfs/data/nvme_datasets/Pictures_CFSB_leaf_damage/2025_10_07_RSFB-Phenotyping_WG1_JLU/2025_10_07_RSFB-Phenotyping_WG1_JLU/20251007_135406.jpg,2.0,4.14279842376709,4.540900707244873,0.39810237288475037,2.540900707244873,2.14279842376709,rank_margin10,46,single_rater_weak
2025_10_07_RSFB-Phenotyping_WG1_JLU/2025_10_07_RSFB-Phenotyping_WG1_JLU/20251007_135414.jpg,plot_279d83b6c8945c8a6c37,wg_insects_t1_bbch10,/home/nfs/data/nvme_datasets/Pictures_CFSB_leaf_damage/2025_10_07_RSFB-Phenotyping_WG1_JLU/2025_10_07_RSFB-Phenotyping_WG1_JLU/20251007_135414.jpg,3.0,2.7725930213928223,3.360469102859497,0.5878760814666748,0.36046910285949707,0.22740697860717773,rank_margin10,46,single_rater_weak
2025_10_07_RSFB-Phenotyping_WG1_JLU/2025_10_07_RSFB-Phenotyping_WG1_JLU/20251007_135420.jpg,plot_279d83b6c8945c8a6c37,wg_insects_t1_bbch10,/home/nfs/data/nvme_datasets/Pictures_CFSB_leaf_damage/2025_10_07_RSFB-Phenotyping_WG1_JLU/2025_10_07_RSFB-Phenotyping_WG1_JLU/20251007_135420.jpg,2.0,3.3076767921447754,3.319676399230957,0.011999543756246567,1.319676399230957,1.3076767921447754,rank_margin10,46,single_rater_weak
2025_10_07_RSFB-Phenotyping_WG1_JLU/2025_10_07_RSFB-Phenotyping_WG1_JLU/20251007_135436.jpg,plot_75d8d7a2141a2b398071,wg_insects_t1_bbch10,/home/nfs/data/nvme_datasets/Pictures_CFSB_leaf_damage/2025_10_07_RSFB-Phenotyping_WG1_JLU/2025_10_07_RSFB-Phenotyping_WG1_JLU/20251007_135436.jpg,3.0,2.0934648513793945,3.4514389038085938,1.3579740524291992,0.45143890380859375,0.9065351486206055,rank_margin10,46,single_rater_weak
2025_10_07_RSFB-Phenotyping_WG1_JLU/2025_10_07_RSFB-Phenotyping_WG1_JLU/20251007_135442.jpg,plot_75d8d7a2141a2b398071,wg_insects_t1_bbch10,/home/nfs/data/nvme_datasets/Pictures_CFSB_leaf_damage/2025_10_07_RSFB-Phenotyping_WG1_JLU/2025_10_07_RSFB-Phenotyping_WG1_JLU/20251007_135442.jpg,5.0,2.8169188499450684,3.1430957317352295,0.32617688179016113,1.8569042682647705,2.1830811500549316,rank_margin10,46,single_rater_weak
2025_10_07_RSFB-Phenotyping_WG1_JLU/2025_10_07_RSFB-Phenotyping_WG1_JLU/20251007_135447.jpg,plot_75d8d7a2141a2b398071,wg_insects_t1_bbch10,/home/nfs/data/nvme_datasets/Pictures_CFSB_leaf_damage/2025_10_07_RSFB-Phenotyping_WG1_JLU/2025_10_07_RSFB-Phenotyping_WG1_JLU/20251007_135447.jpg,2.0,2.957270622253418,3.0397608280181885,0.08249018341302872,1.0397608280181885,0.957270622253418,rank_margin10,46,single_rater_weak
2025_10_07_RSFB-Phenotyping_WG1_JLU/2025_10_07_RSFB-Phenotyping_WG1_JLU/20251007_135506.jpg,plot_391b7b2cd084a1a57456,wg_insects_t1_bbch10,/home/nfs/data/nvme_datasets/Pictures_CFSB_leaf_damage/2025_10_07_RSFB-Phenotyping_WG1_JLU/2025_10_07_RSFB-Phenotyping_WG1_JLU/20251007_135506.jpg,1.0,2.3380179405212402,3.2648744583129883,0.926856517791748,2.2648744583129883,1.3380179405212402,rank_margin10,46,single_rater_weak
2025_10_07_RSFB-Phenotyping_WG1_JLU/2025_10_07_RSFB-Phenotyping_WG1_JLU/20251007_135512.jpg,plot_391b7b2cd084a1a57456,wg_insects_t1_bbch10,/home/nfs/data/nvme_datasets/Pictures_CFSB_leaf_damage/2025_10_07_RSFB-Phenotyping_WG1_JLU/2025_10_07_RSFB-Phenotyping_WG1_JLU/20251007_135512.jpg,1.0,3.1576194763183594,3.9230613708496094,0.7654419541358948,2.9230613708496094,2.1576194763183594,rank_margin10,46,single_rater_weak
2025_10_07_RSFB-Phenotyping_WG1_JLU/2025_10_07_RSFB-Phenotyping_WG1_JLU/20251007_135518.jpg,plot_391b7b2cd084a1a57456,wg_insects_t1_bbch10,/home/nfs/data/nvme_datasets/Pictures_CFSB_leaf_damage/2025_10_07_RSFB-Phenotyping_WG1_JLU/2025_10_07_RSFB-Phenotyping_WG1_JLU/20251007_135518.jpg,2.0,2.8990097045898438,4.377777099609375,1.4787675142288208,2.377777099609375,0.8990097045898438,rank_margin10,46,single_rater_weak
2025_10_07_RSFB-Phenotyping_WG1_JLU/2025_10_07_RSFB-Phenotyping_WG1_JLU/20251007_135535.jpg,plot_784047cfbf20092543c1,wg_insects_t1_bbch10,/home/nfs/data/nvme_datasets/Pictures_CFSB_leaf_damage/2025_10_07_RSFB-Phenotyping_WG1_JLU/2025_10_07_RSFB-Phenotyping_WG1_JLU/20251007_135535.jpg,2.0,2.730782985687256,3.6489009857177734,0.9181180596351624,1.6489009857177734,0.7307829856872559,rank_margin10,46,single_rater_weak
2025_10_07_RSFB-Phenotyping_WG1_JLU/2025_10_07_RSFB-Phenotyping_WG1_JLU/20251007_135543.jpg,plot_784047cfbf20092543c1,wg_insects_t1_bbch10,/home/nfs/data/nvme_datasets/Pictures_CFSB_leaf_damage/2025_10_07_RSFB-Phenotyping_WG1_JLU/2025_10_07_RSFB-Phenotyping_WG1_JLU/20251007_135543.jpg,8.0,6.871976375579834,7.691155910491943,0.8191794157028198,0.30884408950805664,1.128023624420166,rank_margin10,46,single_rater_weak
2025_10_07_RSFB-Phenotyping_WG1_JLU/2025_10_07_RSFB-Phenotyping_WG1_JLU/20251007_135550.jpg,plot_784047cfbf20092543c1,wg_insects_t1_bbch10,/home/nfs/data/nvme_datasets/Pictures_CFSB_leaf_damage/2025_10_07_RSFB-Phenotyping_WG1_JLU/2025_10_07_RSFB-Phenotyping_WG1_JLU/20251007_135550.jpg,3.0,4.9374589920043945,6.193332195281982,1.2558733224868774,3.1933321952819824,1.9374589920043945,rank_margin10,46,single_rater_weak
2025_10_07_RSFB-Phenotyping_WG1_JLU/2025_10_07_RSFB-Phenotyping_WG1_JLU/20251007_135610.jpg,plot_d5cfc93370f06cfcb0c7,wg_insects_t1_bbch10,/home/nfs/data/nvme_datasets/Pictures_CFSB_leaf_damage/2025_10_07_RSFB-Phenotyping_WG1_JLU/2025_10_07_RSFB-Phenotyping_WG1_JLU/20251007_135610.jpg,3.0,2.7141523361206055,2.614879846572876,-0.0992724597454071,0.385120153427124,0.28584766387939453,rank_margin10,46,single_rater_weak
2025_10_07_RSFB-Phenotyping_WG1_JLU/2025_10_07_RSFB-Phenotyping_WG1_JLU/20251007_135616.jpg,plot_d5cfc93370f06cfcb0c7,wg_insects_t1_bbch10,/home/nfs/data/nvme_datasets/Pictures_CFSB_leaf_damage/2025_10_07_RSFB-Phenotyping_WG1_JLU/2025_10_07_RSFB-Phenotyping_WG1_JLU/20251007_135616.jpg,2.0,3.1280078887939453,2.879812479019165,-0.24819545447826385,0.879812479019165,1.1280078887939453,rank_margin10,46,single_rater_weak
2025_10_07_RSFB-Phenotyping_WG1_JLU/2025_10_07_RSFB-Phenotyping_WG1_JLU/20251007_135622.jpg,plot_d5cfc93370f06cfcb0c7,wg_insects_t1_bbch10,/home/nfs/data/nvme_datasets/Pictures_CFSB_leaf_damage/2025_10_07_RSFB-Phenotyping_WG1_JLU/2025_10_07_RSFB-Phenotyping_WG1_JLU/20251007_135622.jpg,32.0,14.899188995361328,14.814438819885254,-0.08475036919116974,17.185562133789062,17.100811004638672,rank_margin10,46,single_rater_weak
2025_10_07_RSFB-Phenotyping_WG1_JLU/2025_10_07_RSFB-Phenotyping_WG1_JLU/20251007_135638.jpg,plot_c0cf3bf80f64b46d97d5,wg_insects_t1_bbch10,/home/nfs/data/nvme_datasets/Pictures_CFSB_leaf_damage/2025_10_07_RSFB-Phenotyping_WG1_JLU/2025_10_07_RSFB-Phenotyping_WG1_JLU/20251007_135638.jpg,2.0,5.555531024932861,6.743536949157715,1.1880059242248535,4.743536949157715,3.5555310249328613,rank_margin10,46,single_rater_weak
2025_10_07_RSFB-Phenotyping_WG1_JLU/2025_10_07_RSFB-Phenotyping_WG1_JLU/20251007_135644.jpg,plot_c0cf3bf80f64b46d97d5,wg_insects_t1_bbch10,/home/nfs/data/nvme_datasets/Pictures_CFSB_leaf_damage/2025_10_07_RSFB-Phenotyping_WG1_JLU/2025_10_07_RSFB-Phenotyping_WG1_JLU/20251007_135644.jpg,4.0,3.586724281311035,3.9639110565185547,0.37718677520751953,0.03608894348144531,0.41327571868896484,rank_margin10,46,single_rater_weak
2025_10_07_RSFB-Phenotyping_WG1_JLU/2025_10_07_RSFB-Phenotyping_WG1_JLU/20251007_135649.jpg,plot_c0cf3bf80f64b46d97d5,wg_insects_t1_bbch10,/home/nfs/data/nvme_datasets/Pictures_CFSB_leaf_damage/2025_10_07_RSFB-Phenotyping_WG1_JLU/2025_10_07_RSFB-Phenotyping_WG1_JLU/20251007_135649.jpg,1.0,6.399509906768799,7.146646022796631,0.7471359372138977,6.146646022796631,5.399509906768799,rank_margin10,46,single_rater_weak
2025_10_07_RSFB-Phenotyping_WG1_JLU/2025_10_07_RSFB-Phenotyping_WG1_JLU/20251007_135707.jpg,plot_7994b465855ba89ef3f7,wg_insects_t1_bbch10,/home/nfs/data/nvme_datasets/Pictures_CFSB_leaf_damage/2025_10_07_RSFB-Phenotyping_WG1_JLU/2025_10_07_RSFB-Phenotyping_WG1_JLU/20251007_135707.jpg,6.0,5.907803535461426,7.2249369621276855,1.3171333074569702,1.2249369621276855,0.09219646453857422,rank_margin10,46,single_rater_weak
2025_10_07_RSFB-Phenotyping_WG1_JLU/2025_10_07_RSFB-Phenotyping_WG1_JLU/20251007_135713.jpg,plot_7994b465855ba89ef3f7,wg_insects_t1_bbch10,/home/nfs/data/nvme_datasets/Pictures_CFSB_leaf_damage/2025_10_07_RSFB-Phenotyping_WG1_JLU/2025_10_07_RSFB-Phenotyping_WG1_JLU/20251007_135713.jpg,3.0,3.886780261993408,5.128178596496582,1.2413980960845947,2.128178596496582,0.8867802619934082,rank_margin10,46,single_rater_weak
2025_10_07_RSFB-Phenotyping_WG1_JLU/2025_10_07_RSFB-Phenotyping_WG1_JLU/20251007_135720.jpg,plot_7994b465855ba89ef3f7,wg_insects_t1_bbch10,/home/nfs/data/nvme_datasets/Pictures_CFSB_leaf_damage/2025_10_07_RSFB-Phenotyping_WG1_JLU/2025_10_07_RSFB-Phenotyping_WG1_JLU/20251007_135720.jpg,7.0,5.510242938995361,6.189304828643799,0.6790617108345032,0.8106951713562012,1.4897570610046387,rank_margin10,46,single_rater_weak
2025_10_07_RSFB-Phenotyping_WG1_JLU/2025_10_07_RSFB-Phenotyping_WG1_JLU/20251007_135735.jpg,plot_f7ae4a70541e93d0656c,wg_insects_t1_bbch10,/home/nfs/data/nvme_datasets/Pictures_CFSB_leaf_damage/2025_10_07_RSFB-Phenotyping_WG1_JLU/2025_10_07_RSFB-Phenotyping_WG1_JLU/20251007_135735.jpg,2.0,4.301476001739502,5.415726184844971,1.1142501831054688,3.4157261848449707,2.301476001739502,rank_margin10,46,single_rater_weak
2025_10_07_RSFB-Phenotyping_WG1_JLU/2025_10_07_RSFB-Phenotyping_WG1_JLU/20251007_135741.jpg,plot_f7ae4a70541e93d0656c,wg_insects_t1_bbch10,/home/nfs/data/nvme_datasets/Pictures_CFSB_leaf_damage/2025_10_07_RSFB-Phenotyping_WG1_JLU/2025_10_07_RSFB-Phenotyping_WG1_JLU/20251007_135741.jpg,4.0,5.322671890258789,6.047142505645752,0.7244706749916077,2.047142505645752,1.322671890258789,rank_margin10,46,single_rater_weak
2025_10_07_RSFB-Phenotyping_WG1_JLU/2025_10_07_RSFB-Phenotyping_WG1_JLU/20251007_135746.jpg,plot_f7ae4a70541e93d0656c,wg_insects_t1_bbch10,/home/nfs/data/nvme_datasets/Pictures_CFSB_leaf_damage/2025_10_07_RSFB-Phenotyping_WG1_JLU/2025_10_07_RSFB-Phenotyping_WG1_JLU/20251007_135746.jpg,4.0,3.929838180541992,3.898758888244629,-0.031079214066267014,0.1012411117553711,0.07016181945800781,rank_margin10,46,single_rater_weak
2025_10_07_RSFB-Phenotyping_WG1_JLU/2025_10_07_RSFB-Phenotyping_WG1_JLU/20251007_135805.jpg,plot_5f1d72a5413cc21a71ee,wg_insects_t1_bbch10,/home/nfs/data/nvme_datasets/Pictures_CFSB_leaf_damage/2025_10_07_RSFB-Phenotyping_WG1_JLU/2025_10_07_RSFB-Phenotyping_WG1_JLU/20251007_135805.jpg,2.0,3.5484790802001953,4.397665977478027,0.8491870760917664,2.3976659774780273,1.5484790802001953,rank_margin10,46,single_rater_weak
2025_10_07_RSFB-Phenotyping_WG1_JLU/2025_10_07_RSFB-Phenotyping_WG1_JLU/20251007_135811.jpg,plot_5f1d72a5413cc21a71ee,wg_insects_t1_bbch10,/home/nfs/data/nvme_datasets/Pictures_CFSB_leaf_damage/2025_10_07_RSFB-Phenotyping_WG1_JLU/2025_10_07_RSFB-Phenotyping_WG1_JLU/20251007_135811.jpg,2.0,3.126955032348633,3.1035878658294678,-0.02336716279387474,1.1035878658294678,1.1269550323486328,rank_margin10,46,single_rater_weak
2025_10_07_RSFB-Phenotyping_WG1_JLU/2025_10_07_RSFB-Phenotyping_WG1_JLU/20251007_135817.jpg,plot_5f1d72a5413cc21a71ee,wg_insects_t1_bbch10,/home/nfs/data/nvme_datasets/Pictures_CFSB_leaf_damage/2025_10_07_RSFB-Phenotyping_WG1_JLU/2025_10_07_RSFB-Phenotyping_WG1_JLU/20251007_135817.jpg,3.0,3.157824993133545,3.366685390472412,0.20886032283306122,0.3666853904724121,0.15782499313354492,rank_margin10,46,single_rater_weak
2025_10_07_RSFB-Phenotyping_WG1_JLU/2025_10_07_RSFB-Phenotyping_WG1_JLU/20251007_135834.jpg,plot_21695cfe70d5bb799d9f,wg_insects_t1_bbch10,/home/nfs/data/nvme_datasets/Pictures_CFSB_leaf_damage/2025_10_07_RSFB-Phenotyping_WG1_JLU/2025_10_07_RSFB-Phenotyping_WG1_JLU/20251007_135834.jpg,4.0,2.941511631011963,2.8475453853607178,-0.09396616369485855,1.1524546146392822,1.058488368988037,rank_margin10,46,single_rater_weak
2025_10_07_RSFB-Phenotyping_WG1_JLU/2025_10_07_RSFB-Phenotyping_WG1_JLU/20251007_135838.jpg,plot_21695cfe70d5bb799d9f,wg_insects_t1_bbch10,/home/nfs/data/nvme_datasets/Pictures_CFSB_leaf_damage/2025_10_07_RSFB-Phenotyping_WG1_JLU/2025_10_07_RSFB-Phenotyping_WG1_JLU/20251007_135838.jpg,3.0,3.2387614250183105,3.5280003547668457,0.2892388105392456,0.5280003547668457,0.23876142501831055,rank_margin10,46,single_rater_weak
2025_10_07_RSFB-Phenotyping_WG1_JLU/2025_10_07_RSFB-Phenotyping_WG1_JLU/20251007_135843.jpg,plot_21695cfe70d5bb799d9f,wg_insects_t1_bbch10,/home/nfs/data/nvme_datasets/Pictures_CFSB_leaf_damage/2025_10_07_RSFB-Phenotyping_WG1_JLU/2025_10_07_RSFB-Phenotyping_WG1_JLU/20251007_135843.jpg,5.0,4.2571611404418945,4.1490478515625,-0.10811349749565125,0.8509521484375,0.7428388595581055,rank_margin10,46,single_rater_weak
2025_10_07_RSFB-Phenotyping_WG1_JLU/2025_10_07_RSFB-Phenotyping_WG1_JLU/20251007_135903.jpg,plot_b05a9a381ed5bb6bb939,wg_insects_t1_bbch10,/home/nfs/data/nvme_datasets/Pictures_CFSB_leaf_damage/2025_10_07_RSFB-Phenotyping_WG1_JLU/2025_10_07_RSFB-Phenotyping_WG1_JLU/20251007_135903.jpg,3.0,2.424936294555664,2.7902064323425293,0.36527013778686523,0.2097935676574707,0.5750637054443359,rank_margin10,46,single_rater_weak
2025_10_07_RSFB-Phenotyping_WG1_JLU/2025_10_07_RSFB-Phenotyping_WG1_JLU/20251007_135907.jpg,plot_b05a9a381ed5bb6bb939,wg_insects_t1_bbch10,/home/nfs/data/nvme_datasets/Pictures_CFSB_leaf_damage/2025_10_07_RSFB-Phenotyping_WG1_JLU/2025_10_07_RSFB-Phenotyping_WG1_JLU/20251007_135907.jpg,7.0,3.020690441131592,3.1400041580200195,0.11931359767913818,3.8599958419799805,3.979309558868408,rank_margin10,46,single_rater_weak
2025_10_07_RSFB-Phenotyping_WG1_JLU/2025_10_07_RSFB-Phenotyping_WG1_JLU/20251007_135913.jpg,plot_b05a9a381ed5bb6bb939,wg_insects_t1_bbch10,/home/nfs/data/nvme_datasets/Pictures_CFSB_leaf_damage/2025_10_07_RSFB-Phenotyping_WG1_JLU/2025_10_07_RSFB-Phenotyping_WG1_JLU/20251007_135913.jpg,6.0,3.1765499114990234,3.201634168624878,0.025084327906370163,2.798365831375122,2.8234500885009766,rank_margin10,46,single_rater_weak
2025_10_07_RSFB-Phenotyping_WG1_JLU/2025_10_07_RSFB-Phenotyping_WG1_JLU/20251007_135930.jpg,plot_c04069eb316edaeedad5,wg_insects_t1_bbch10,/home/nfs/data/nvme_datasets/Pictures_CFSB_leaf_damage/2025_10_07_RSFB-Phenotyping_WG1_JLU/2025_10_07_RSFB-Phenotyping_WG1_JLU/20251007_135930.jpg,4.0,2.776381492614746,2.727867841720581,-0.0485137514770031,1.272132158279419,1.223618507385254,rank_margin10,46,single_rater_weak
2025_10_07_RSFB-Phenotyping_WG1_JLU/2025_10_07_RSFB-Phenotyping_WG1_JLU/20251007_135935.jpg,plot_c04069eb316edaeedad5,wg_insects_t1_bbch10,/home/nfs/data/nvme_datasets/Pictures_CFSB_leaf_damage/2025_10_07_RSFB-Phenotyping_WG1_JLU/2025_10_07_RSFB-Phenotyping_WG1_JLU/20251007_135935.jpg,2.0,2.2316102981567383,1.6833242177963257,-0.5482860803604126,0.3166757822036743,0.23161029815673828,rank_margin10,46,single_rater_weak
2025_10_07_RSFB-Phenotyping_WG1_JLU/2025_10_07_RSFB-Phenotyping_WG1_JLU/20251007_135941.jpg,plot_c04069eb316edaeedad5,wg_insects_t1_bbch10,/home/nfs/data/nvme_datasets/Pictures_CFSB_leaf_damage/2025_10_07_RSFB-Phenotyping_WG1_JLU/2025_10_07_RSFB-Phenotyping_WG1_JLU/20251007_135941.jpg,2.0,1.8147501945495605,2.1061887741088867,0.29143857955932617,0.10618877410888672,0.18524980545043945,rank_margin10,46,single_rater_weak
2025_10_07_RSFB-Phenotyping_WG1_JLU/2025_10_07_RSFB-Phenotyping_WG1_JLU/20251007_140002.jpg,plot_be3c0739df7f361261c9,wg_insects_t1_bbch10,/home/nfs/data/nvme_datasets/Pictures_CFSB_leaf_damage/2025_10_07_RSFB-Phenotyping_WG1_JLU/2025_10_07_RSFB-Phenotyping_WG1_JLU/20251007_140002.jpg,3.0,4.88292121887207,5.956181526184082,1.0732604265213013,2.956181526184082,1.8829212188720703,rank_margin10,46,single_rater_weak
2025_10_07_RSFB-Phenotyping_WG1_JLU/2025_10_07_RSFB-Phenotyping_WG1_JLU/20251007_140007.jpg,plot_be3c0739df7f361261c9,wg_insects_t1_bbch10,/home/nfs/data/nvme_datasets/Pictures_CFSB_leaf_damage/2025_10_07_RSFB-Phenotyping_WG1_JLU/2025_10_07_RSFB-Phenotyping_WG1_JLU/20251007_140007.jpg,1.0,3.038334369659424,2.8194286823272705,-0.21890559792518616,1.8194286823272705,2.038334369659424,rank_margin10,46,single_rater_weak
2025_10_07_RSFB-Phenotyping_WG1_JLU/2025_10_07_RSFB-Phenotyping_WG1_JLU/20251007_140013.jpg,plot_be3c0739df7f361261c9,wg_insects_t1_bbch10,/home/nfs/data/nvme_datasets/Pictures_CFSB_leaf_damage/2025_10_07_RSFB-Phenotyping_WG1_JLU/2025_10_07_RSFB-Phenotyping_WG1_JLU/20251007_140013.jpg,5.0,2.317188262939453,2.1843442916870117,-0.13284391164779663,2.8156557083129883,2.682811737060547,rank_margin10,46,single_rater_weak
2025_10_07_RSFB-Phenotyping_WG1_JLU/2025_10_07_RSFB-Phenotyping_WG1_JLU/20251007_140028.jpg,plot_297f57dd119bda5f0a2b,wg_insects_t1_bbch10,/home/nfs/data/nvme_datasets/Pictures_CFSB_leaf_damage/2025_10_07_RSFB-Phenotyping_WG1_JLU/2025_10_07_RSFB-Phenotyping_WG1_JLU/20251007_140028.jpg,4.0,2.944924831390381,3.6894164085388184,0.744491457939148,0.31058359146118164,1.0550751686096191,rank_margin10,46,single_rater_weak
2025_10_07_RSFB-Phenotyping_WG1_JLU/2025_10_07_RSFB-Phenotyping_WG1_JLU/20251007_140034.jpg,plot_297f57dd119bda5f0a2b,wg_insects_t1_bbch10,/home/nfs/data/nvme_datasets/Pictures_CFSB_leaf_damage/2025_10_07_RSFB-Phenotyping_WG1_JLU/2025_10_07_RSFB-Phenotyping_WG1_JLU/20251007_140034.jpg,18.0,4.381537437438965,5.721452713012695,1.3399152755737305,12.278547286987305,13.618462562561035,rank_margin10,46,single_rater_weak
2025_10_07_RSFB-Phenotyping_WG1_JLU/2025_10_07_RSFB-Phenotyping_WG1_JLU/20251007_140039.jpg,plot_297f57dd119bda5f0a2b,wg_insects_t1_bbch10,/home/nfs/data/nvme_datasets/Pictures_CFSB_leaf_damage/2025_10_07_RSFB-Phenotyping_WG1_JLU/2025_10_07_RSFB-Phenotyping_WG1_JLU/20251007_140039.jpg,14.0,4.322799205780029,4.85529088973999,0.5324916839599609,9.144708633422852,9.677200317382812,rank_margin10,46,single_rater_weak
2025_10_07_RSFB-Phenotyping_WG1_JLU/2025_10_07_RSFB-Phenotyping_WG1_JLU/20251007_140055.jpg,plot_2f19274e2dd50563c731,wg_insects_t1_bbch10,/home/nfs/data/nvme_datasets/Pictures_CFSB_leaf_damage/2025_10_07_RSFB-Phenotyping_WG1_JLU/2025_10_07_RSFB-Phenotyping_WG1_JLU/20251007_140055.jpg,4.0,3.8334338665008545,4.1925811767578125,0.35914748907089233,0.1925811767578125,0.1665661334991455,rank_margin10,46,single_rater_weak
2025_10_07_RSFB-Phenotyping_WG1_JLU/2025_10_07_RSFB-Phenotyping_WG1_JLU/20251007_140059(0).jpg,plot_2f19274e2dd50563c731,wg_insects_t1_bbch10,/home/nfs/data/nvme_datasets/Pictures_CFSB_leaf_damage/2025_10_07_RSFB-Phenotyping_WG1_JLU/2025_10_07_RSFB-Phenotyping_WG1_JLU/20251007_140059(0).jpg,3.0,4.489925861358643,4.96518087387085,0.47525522112846375,1.9651808738708496,1.4899258613586426,rank_margin10,46,single_rater_weak
2025_10_07_RSFB-Phenotyping_WG1_JLU/2025_10_07_RSFB-Phenotyping_WG1_JLU/20251007_140059.jpg,plot_2f19274e2dd50563c731,wg_insects_t1_bbch10,/home/nfs/data/nvme_datasets/Pictures_CFSB_leaf_damage/2025_10_07_RSFB-Phenotyping_WG1_JLU/2025_10_07_RSFB-Phenotyping_WG1_JLU/20251007_140059.jpg,3.0,4.120746612548828,4.552610397338867,0.4318639636039734,1.5526103973388672,1.1207466125488281,rank_margin10,46,single_rater_weak
2025_10_07_RSFB-Phenotyping_WG1_JLU/2025_10_07_RSFB-Phenotyping_WG1_JLU/20251007_140106.jpg,plot_2f19274e2dd50563c731,wg_insects_t1_bbch10,/home/nfs/data/nvme_datasets/Pictures_CFSB_leaf_damage/2025_10_07_RSFB-Phenotyping_WG1_JLU/2025_10_07_RSFB-Phenotyping_WG1_JLU/20251007_140106.jpg,6.0,3.2119622230529785,3.395721435546875,0.18375933170318604,2.604278564453125,2.7880377769470215,rank_margin10,46,single_rater_weak
2025_10_07_RSFB-Phenotyping_WG1_JLU/2025_10_07_RSFB-Phenotyping_WG1_JLU/20251007_140125.jpg,plot_223bd36920a6f0acce98,wg_insects_t1_bbch10,/home/nfs/data/nvme_datasets/Pictures_CFSB_leaf_damage/2025_10_07_RSFB-Phenotyping_WG1_JLU/2025_10_07_RSFB-Phenotyping_WG1_JLU/20251007_140125.jpg,8.0,2.9077892303466797,3.227544069290161,0.3197547495365143,4.772456169128418,5.09221076965332,rank_margin10,46,single_rater_weak
2025_10_07_RSFB-Phenotyping_WG1_JLU/2025_10_07_RSFB-Phenotyping_WG1_JLU/20251007_140130.jpg,plot_223bd36920a6f0acce98,wg_insects_t1_bbch10,/home/nfs/data/nvme_datasets/Pictures_CFSB_leaf_damage/2025_10_07_RSFB-Phenotyping_WG1_JLU/2025_10_07_RSFB-Phenotyping_WG1_JLU/20251007_140130.jpg,28.0,11.806681632995605,12.560754776000977,0.7540735006332397,15.439245223999023,16.193317413330078,rank_margin10,46,single_rater_weak
2025_10_07_RSFB-Phenotyping_WG1_JLU/2025_10_07_RSFB-Phenotyping_WG1_JLU/20251007_140135.jpg,plot_223bd36920a6f0acce98,wg_insects_t1_bbch10,/home/nfs/data/nvme_datasets/Pictures_CFSB_leaf_damage/2025_10_07_RSFB-Phenotyping_WG1_JLU/2025_10_07_RSFB-Phenotyping_WG1_JLU/20251007_140135.jpg,3.0,2.1829233169555664,1.9570109844207764,-0.22591233253479004,1.0429890155792236,0.8170766830444336,rank_margin10,46,single_rater_weak
2025_10_07_RSFB-Phenotyping_WG1_JLU/2025_10_07_RSFB-Phenotyping_WG1_JLU/20251007_140152.jpg,plot_4e525a5594354b5813c5,wg_insects_t1_bbch10,/home/nfs/data/nvme_datasets/Pictures_CFSB_leaf_damage/2025_10_07_RSFB-Phenotyping_WG1_JLU/2025_10_07_RSFB-Phenotyping_WG1_JLU/20251007_140152.jpg,2.0,3.2807717323303223,2.99648118019104,-0.2842906415462494,0.99648118019104,1.2807717323303223,rank_margin10,46,single_rater_weak
2025_10_07_RSFB-Phenotyping_WG1_JLU/2025_10_07_RSFB-Phenotyping_WG1_JLU/20251007_140200.jpg,plot_4e525a5594354b5813c5,wg_insects_t1_bbch10,/home/nfs/data/nvme_datasets/Pictures_CFSB_leaf_damage/2025_10_07_RSFB-Phenotyping_WG1_JLU/2025_10_07_RSFB-Phenotyping_WG1_JLU/20251007_140200.jpg,3.0,3.7684314250946045,4.175715446472168,0.40728408098220825,1.175715446472168,0.7684314250946045,rank_margin10,46,single_rater_weak
2025_10_07_RSFB-Phenotyping_WG1_JLU/2025_10_07_RSFB-Phenotyping_WG1_JLU/20251007_140206.jpg,plot_4e525a5594354b5813c5,wg_insects_t1_bbch10,/home/nfs/data/nvme_datasets/Pictures_CFSB_leaf_damage/2025_10_07_RSFB-Phenotyping_WG1_JLU/2025_10_07_RSFB-Phenotyping_WG1_JLU/20251007_140206.jpg,4.0,2.4566640853881836,2.617583751678467,0.16091959178447723,1.3824162483215332,1.5433359146118164,rank_margin10,46,single_rater_weak
2025_10_07_RSFB-Phenotyping_WG1_JLU/2025_10_07_RSFB-Phenotyping_WG1_JLU/20251007_140229.jpg,plot_84263b33a357d0cbb029,wg_insects_t1_bbch10,/home/nfs/data/nvme_datasets/Pictures_CFSB_leaf_damage/2025_10_07_RSFB-Phenotyping_WG1_JLU/2025_10_07_RSFB-Phenotyping_WG1_JLU/20251007_140229.jpg,2.0,1.9184050559997559,2.4254226684570312,0.5070176124572754,0.42542266845703125,0.08159494400024414,rank_margin10,46,single_rater_weak
2025_10_07_RSFB-Phenotyping_WG1_JLU/2025_10_07_RSFB-Phenotyping_WG1_JLU/20251007_140235.jpg,plot_84263b33a357d0cbb029,wg_insects_t1_bbch10,/home/nfs/data/nvme_datasets/Pictures_CFSB_leaf_damage/2025_10_07_RSFB-Phenotyping_WG1_JLU/2025_10_07_RSFB-Phenotyping_WG1_JLU/20251007_140235.jpg,7.0,3.077780246734619,3.4327666759490967,0.3549865186214447,3.5672333240509033,3.922219753265381,rank_margin10,46,single_rater_weak
2025_10_07_RSFB-Phenotyping_WG1_JLU/2025_10_07_RSFB-Phenotyping_WG1_JLU/20251007_140241.jpg,plot_84263b33a357d0cbb029,wg_insects_t1_bbch10,/home/nfs/data/nvme_datasets/Pictures_CFSB_leaf_damage/2025_10_07_RSFB-Phenotyping_WG1_JLU/2025_10_07_RSFB-Phenotyping_WG1_JLU/20251007_140241.jpg,3.0,4.822954177856445,5.4997100830078125,0.6767558455467224,2.4997100830078125,1.8229541778564453,rank_margin10,46,single_rater_weak
2025_10_07_RSFB-Phenotyping_WG1_JLU/2025_10_07_RSFB-Phenotyping_WG1_JLU/20251007_140304.jpg,plot_1b506e2dd76da396d0a7,wg_insects_t1_bbch10,/home/nfs/data/nvme_datasets/Pictures_CFSB_leaf_damage/2025_10_07_RSFB-Phenotyping_WG1_JLU/2025_10_07_RSFB-Phenotyping_WG1_JLU/20251007_140304.jpg,6.0,3.413895845413208,3.6671700477600098,0.25327420234680176,2.3328299522399902,2.586104154586792,rank_margin10,46,single_rater_weak
2025_10_07_RSFB-Phenotyping_WG1_JLU/2025_10_07_RSFB-Phenotyping_WG1_JLU/20251007_140310.jpg,plot_1b506e2dd76da396d0a7,wg_insects_t1_bbch10,/home/nfs/data/nvme_datasets/Pictures_CFSB_leaf_damage/2025_10_07_RSFB-Phenotyping_WG1_JLU/2025_10_07_RSFB-Phenotyping_WG1_JLU/20251007_140310.jpg,3.0,3.2807531356811523,3.4976887702941895,0.21693569421768188,0.49768877029418945,0.28075313568115234,rank_margin10,46,single_rater_weak
2025_10_07_RSFB-Phenotyping_WG1_JLU/2025_10_07_RSFB-Phenotyping_WG1_JLU/20251007_140315.jpg,plot_1b506e2dd76da396d0a7,wg_insects_t1_bbch10,/home/nfs/data/nvme_datasets/Pictures_CFSB_leaf_damage/2025_10_07_RSFB-Phenotyping_WG1_JLU/2025_10_07_RSFB-Phenotyping_WG1_JLU/20251007_140315.jpg,5.0,5.629280090332031,6.256602764129639,0.6273228526115417,1.2566027641296387,0.6292800903320312,rank_margin10,46,single_rater_weak
2025_10_07_RSFB-Phenotyping_WG1_JLU/2025_10_07_RSFB-Phenotyping_WG1_JLU/20251007_140330.jpg,plot_c548a78911429153a5ab,wg_insects_t1_bbch10,/home/nfs/data/nvme_datasets/Pictures_CFSB_leaf_damage/2025_10_07_RSFB-Phenotyping_WG1_JLU/2025_10_07_RSFB-Phenotyping_WG1_JLU/20251007_140330.jpg,2.0,2.571476459503174,2.4185612201690674,-0.15291520953178406,0.4185612201690674,0.5714764595031738,rank_margin10,46,single_rater_weak
2025_10_07_RSFB-Phenotyping_WG1_JLU/2025_10_07_RSFB-Phenotyping_WG1_JLU/20251007_140334.jpg,plot_c548a78911429153a5ab,wg_insects_t1_bbch10,/home/nfs/data/nvme_datasets/Pictures_CFSB_leaf_damage/2025_10_07_RSFB-Phenotyping_WG1_JLU/2025_10_07_RSFB-Phenotyping_WG1_JLU/20251007_140334.jpg,2.0,5.911376953125,6.9599199295043945,1.048542857170105,4.9599199295043945,3.911376953125,rank_margin10,46,single_rater_weak
2025_10_07_RSFB-Phenotyping_WG1_JLU/2025_10_07_RSFB-Phenotyping_WG1_JLU/20251007_140340.jpg,plot_c548a78911429153a5ab,wg_insects_t1_bbch10,/home/nfs/data/nvme_datasets/Pictures_CFSB_leaf_damage/2025_10_07_RSFB-Phenotyping_WG1_JLU/2025_10_07_RSFB-Phenotyping_WG1_JLU/20251007_140340.jpg,4.0,3.5412609577178955,3.6052145957946777,0.06395374983549118,0.39478540420532227,0.4587390422821045,rank_margin10,46,single_rater_weak
2025_10_07_RSFB-Phenotyping_WG1_JLU/2025_10_07_RSFB-Phenotyping_WG1_JLU/20251007_140356.jpg,plot_fd19b5391d548ef15d2b,wg_insects_t1_bbch10,/home/nfs/data/nvme_datasets/Pictures_CFSB_leaf_damage/2025_10_07_RSFB-Phenotyping_WG1_JLU/2025_10_07_RSFB-Phenotyping_WG1_JLU/20251007_140356.jpg,2.0,2.534121513366699,2.4180941581726074,-0.11602728813886642,0.4180941581726074,0.5341215133666992,rank_margin10,46,single_rater_weak
2025_10_07_RSFB-Phenotyping_WG1_JLU/2025_10_07_RSFB-Phenotyping_WG1_JLU/20251007_140400.jpg,plot_fd19b5391d548ef15d2b,wg_insects_t1_bbch10,/home/nfs/data/nvme_datasets/Pictures_CFSB_leaf_damage/2025_10_07_RSFB-Phenotyping_WG1_JLU/2025_10_07_RSFB-Phenotyping_WG1_JLU/20251007_140400.jpg,2.0,4.89574670791626,5.5253143310546875,0.6295678019523621,3.5253143310546875,2.8957467079162598,rank_margin10,46,single_rater_weak
2025_10_07_RSFB-Phenotyping_WG1_JLU/2025_10_07_RSFB-Phenotyping_WG1_JLU/20251007_140405.jpg,plot_fd19b5391d548ef15d2b,wg_insects_t1_bbch10,/home/nfs/data/nvme_datasets/Pictures_CFSB_leaf_damage/2025_10_07_RSFB-Phenotyping_WG1_JLU/2025_10_07_RSFB-Phenotyping_WG1_JLU/20251007_140405.jpg,3.0,3.05716609954834,3.4441096782684326,0.386943519115448,0.4441096782684326,0.057166099548339844,rank_margin10,46,single_rater_weak
2025_10_07_RSFB-Phenotyping_WG1_JLU/2025_10_07_RSFB-Phenotyping_WG1_JLU/20251007_140421.jpg,plot_cd90b898808d6e057f8e,wg_insects_t1_bbch10,/home/nfs/data/nvme_datasets/Pictures_CFSB_leaf_damage/2025_10_07_RSFB-Phenotyping_WG1_JLU/2025_10_07_RSFB-Phenotyping_WG1_JLU/20251007_140421.jpg,2.0,2.9908652305603027,3.3977575302124023,0.406892329454422,1.3977575302124023,0.9908652305603027,rank_margin10,46,single_rater_weak
2025_10_07_RSFB-Phenotyping_WG1_JLU/2025_10_07_RSFB-Phenotyping_WG1_JLU/20251007_140432.jpg,plot_cd90b898808d6e057f8e,wg_insects_t1_bbch10,/home/nfs/data/nvme_datasets/Pictures_CFSB_leaf_damage/2025_10_07_RSFB-Phenotyping_WG1_JLU/2025_10_07_RSFB-Phenotyping_WG1_JLU/20251007_140432.jpg,9.0,3.0126423835754395,3.4460041522979736,0.433361679315567,5.5539960861206055,5.9873576164245605,rank_margin10,46,single_rater_weak
2025_10_07_RSFB-Phenotyping_WG1_JLU/2025_10_07_RSFB-Phenotyping_WG1_JLU/20251007_140458.jpg,plot_6edc5cb5ceffbd230c38,wg_insects_t1_bbch10,/home/nfs/data/nvme_datasets/Pictures_CFSB_leaf_damage/2025_10_07_RSFB-Phenotyping_WG1_JLU/2025_10_07_RSFB-Phenotyping_WG1_JLU/20251007_140458.jpg,3.0,2.3234286308288574,3.2717292308807373,0.9483006596565247,0.2717292308807373,0.6765713691711426,rank_margin10,46,single_rater_weak
2025_10_07_RSFB-Phenotyping_WG1_JLU/2025_10_07_RSFB-Phenotyping_WG1_JLU/20251007_140502.jpg,plot_6edc5cb5ceffbd230c38,wg_insects_t1_bbch10,/home/nfs/data/nvme_datasets/Pictures_CFSB_leaf_damage/2025_10_07_RSFB-Phenotyping_WG1_JLU/2025_10_07_RSFB-Phenotyping_WG1_JLU/20251007_140502.jpg,2.0,3.435635566711426,3.22865629196167,-0.2069792002439499,1.22865629196167,1.4356355667114258,rank_margin10,46,single_rater_weak
2025_10_07_RSFB-Phenotyping_WG1_JLU/2025_10_07_RSFB-Phenotyping_WG1_JLU/20251007_140507.jpg,plot_6edc5cb5ceffbd230c38,wg_insects_t1_bbch10,/home/nfs/data/nvme_datasets/Pictures_CFSB_leaf_damage/2025_10_07_RSFB-Phenotyping_WG1_JLU/2025_10_07_RSFB-Phenotyping_WG1_JLU/20251007_140507.jpg,3.0,3.3389201164245605,3.9683945178985596,0.6294744610786438,0.9683945178985596,0.33892011642456055,rank_margin10,46,single_rater_weak
2025_10_07_RSFB-Phenotyping_WG1_JLU/2025_10_07_RSFB-Phenotyping_WG1_JLU/20251007_140522.jpg,plot_b6088519bdd4f0ed709c,wg_insects_t1_bbch10,/home/nfs/data/nvme_datasets/Pictures_CFSB_leaf_damage/2025_10_07_RSFB-Phenotyping_WG1_JLU/2025_10_07_RSFB-Phenotyping_WG1_JLU/20251007_140522.jpg,1.0,3.6010048389434814,3.972233772277832,0.37122905254364014,2.972233772277832,2.6010048389434814,rank_margin10,46,single_rater_weak
2025_10_07_RSFB-Phenotyping_WG1_JLU/2025_10_07_RSFB-Phenotyping_WG1_JLU/20251007_140527.jpg,plot_b6088519bdd4f0ed709c,wg_insects_t1_bbch10,/home/nfs/data/nvme_datasets/Pictures_CFSB_leaf_damage/2025_10_07_RSFB-Phenotyping_WG1_JLU/2025_10_07_RSFB-Phenotyping_WG1_JLU/20251007_140527.jpg,4.0,3.861426591873169,3.738858938217163,-0.12256770581007004,0.2611410617828369,0.13857340812683105,rank_margin10,46,single_rater_weak
2025_10_07_RSFB-Phenotyping_WG1_JLU/2025_10_07_RSFB-Phenotyping_WG1_JLU/20251007_140533.jpg,plot_b6088519bdd4f0ed709c,wg_insects_t1_bbch10,/home/nfs/data/nvme_datasets/Pictures_CFSB_leaf_damage/2025_10_07_RSFB-Phenotyping_WG1_JLU/2025_10_07_RSFB-Phenotyping_WG1_JLU/20251007_140533.jpg,3.0,3.6275129318237305,3.375873565673828,-0.25163930654525757,0.3758735656738281,0.6275129318237305,rank_margin10,46,single_rater_weak
2025_10_07_RSFB-Phenotyping_WG1_JLU/2025_10_07_RSFB-Phenotyping_WG1_JLU/20251007_140550.jpg,plot_1f349c6b264b009496d5,wg_insects_t1_bbch10,/home/nfs/data/nvme_datasets/Pictures_CFSB_leaf_damage/2025_10_07_RSFB-Phenotyping_WG1_JLU/2025_10_07_RSFB-Phenotyping_WG1_JLU/20251007_140550.jpg,2.0,2.2569894790649414,2.433243989944458,0.17625443637371063,0.433243989944458,0.2569894790649414,rank_margin10,46,single_rater_weak
2025_10_07_RSFB-Phenotyping_WG1_JLU/2025_10_07_RSFB-Phenotyping_WG1_JLU/20251007_140555.jpg,plot_1f349c6b264b009496d5,wg_insects_t1_bbch10,/home/nfs/data/nvme_datasets/Pictures_CFSB_leaf_damage/2025_10_07_RSFB-Phenotyping_WG1_JLU/2025_10_07_RSFB-Phenotyping_WG1_JLU/20251007_140555.jpg,3.0,3.9386403560638428,4.585332870483398,0.6466925740242004,1.5853328704833984,0.9386403560638428,rank_margin10,46,single_rater_weak
2025_10_07_RSFB-Phenotyping_WG1_JLU/2025_10_07_RSFB-Phenotyping_WG1_JLU/20251007_140601.jpg,plot_1f349c6b264b009496d5,wg_insects_t1_bbch10,/home/nfs/data/nvme_datasets/Pictures_CFSB_leaf_damage/2025_10_07_RSFB-Phenotyping_WG1_JLU/2025_10_07_RSFB-Phenotyping_WG1_JLU/20251007_140601.jpg,4.0,3.6887900829315186,3.64616060256958,-0.042629361152648926,0.3538393974304199,0.31120991706848145,rank_margin10,46,single_rater_weak
2025_10_07_RSFB-Phenotyping_WG1_JLU/2025_10_07_RSFB-Phenotyping_WG1_JLU/20251007_140616.jpg,plot_4437d181265b5befe118,wg_insects_t1_bbch10,/home/nfs/data/nvme_datasets/Pictures_CFSB_leaf_damage/2025_10_07_RSFB-Phenotyping_WG1_JLU/2025_10_07_RSFB-Phenotyping_WG1_JLU/20251007_140616.jpg,3.0,3.0422844886779785,2.7008910179138184,-0.3413935899734497,0.29910898208618164,0.042284488677978516,rank_margin10,46,single_rater_weak
2025_10_07_RSFB-Phenotyping_WG1_JLU/2025_10_07_RSFB-Phenotyping_WG1_JLU/20251007_140620.jpg,plot_4437d181265b5befe118,wg_insects_t1_bbch10,/home/nfs/data/nvme_datasets/Pictures_CFSB_leaf_damage/2025_10_07_RSFB-Phenotyping_WG1_JLU/2025_10_07_RSFB-Phenotyping_WG1_JLU/20251007_140620.jpg,1.0,3.473564386367798,3.459390163421631,-0.014174320735037327,2.459390163421631,2.473564386367798,rank_margin10,46,single_rater_weak
2025_10_07_RSFB-Phenotyping_WG1_JLU/2025_10_07_RSFB-Phenotyping_WG1_JLU/20251007_140626.jpg,plot_4437d181265b5befe118,wg_insects_t1_bbch10,/home/nfs/data/nvme_datasets/Pictures_CFSB_leaf_damage/2025_10_07_RSFB-Phenotyping_WG1_JLU/2025_10_07_RSFB-Phenotyping_WG1_JLU/20251007_140626.jpg,7.0,4.480566024780273,5.322408676147461,0.8418425917625427,1.677591323852539,2.5194339752197266,rank_margin10,46,single_rater_weak
2025_10_07_RSFB-Phenotyping_WG1_JLU/2025_10_07_RSFB-Phenotyping_WG1_JLU/20251007_140645.jpg,plot_dd06c1212800a9c9b658,wg_insects_t1_bbch10,/home/nfs/data/nvme_datasets/Pictures_CFSB_leaf_damage/2025_10_07_RSFB-Phenotyping_WG1_JLU/2025_10_07_RSFB-Phenotyping_WG1_JLU/20251007_140645.jpg,2.0,2.2884044647216797,3.582326650619507,1.2939221858978271,1.5823266506195068,0.2884044647216797,rank_margin10,46,single_rater_weak
2025_10_07_RSFB-Phenotyping_WG1_JLU/2025_10_07_RSFB-Phenotyping_WG1_JLU/20251007_140652.jpg,plot_dd06c1212800a9c9b658,wg_insects_t1_bbch10,/home/nfs/data/nvme_datasets/Pictures_CFSB_leaf_damage/2025_10_07_RSFB-Phenotyping_WG1_JLU/2025_10_07_RSFB-Phenotyping_WG1_JLU/20251007_140652.jpg,4.0,5.965023040771484,6.243315696716309,0.2782924771308899,2.2433156967163086,1.9650230407714844,rank_margin10,46,single_rater_weak
2025_10_07_RSFB-Phenotyping_WG1_JLU/2025_10_07_RSFB-Phenotyping_WG1_JLU/20251007_140657.jpg,plot_dd06c1212800a9c9b658,wg_insects_t1_bbch10,/home/nfs/data/nvme_datasets/Pictures_CFSB_leaf_damage/2025_10_07_RSFB-Phenotyping_WG1_JLU/2025_10_07_RSFB-Phenotyping_WG1_JLU/20251007_140657.jpg,8.0,3.4033801555633545,4.2125091552734375,0.8091287612915039,3.7874908447265625,4.596619606018066,rank_margin10,46,single_rater_weak
2025_10_07_RSFB-Phenotyping_WG1_JLU/2025_10_07_RSFB-Phenotyping_WG1_JLU/20251007_140713.jpg,plot_ee664ca1ea90391f016d,wg_insects_t1_bbch10,/home/nfs/data/nvme_datasets/Pictures_CFSB_leaf_damage/2025_10_07_RSFB-Phenotyping_WG1_JLU/2025_10_07_RSFB-Phenotyping_WG1_JLU/20251007_140713.jpg,7.0,4.224553108215332,4.361815452575684,0.13726237416267395,2.6381845474243164,2.775446891784668,rank_margin10,46,single_rater_weak
2025_10_07_RSFB-Phenotyping_WG1_JLU/2025_10_07_RSFB-Phenotyping_WG1_JLU/20251007_140719.jpg,plot_ee664ca1ea90391f016d,wg_insects_t1_bbch10,/home/nfs/data/nvme_datasets/Pictures_CFSB_leaf_damage/2025_10_07_RSFB-Phenotyping_WG1_JLU/2025_10_07_RSFB-Phenotyping_WG1_JLU/20251007_140719.jpg,12.0,6.97532320022583,7.320545673370361,0.3452222943305969,4.679454326629639,5.02467679977417,rank_margin10,46,single_rater_weak
2025_10_07_RSFB-Phenotyping_WG1_JLU/2025_10_07_RSFB-Phenotyping_WG1_JLU/20251007_140724.jpg,plot_ee664ca1ea90391f016d,wg_insects_t1_bbch10,/home/nfs/data/nvme_datasets/Pictures_CFSB_leaf_damage/2025_10_07_RSFB-Phenotyping_WG1_JLU/2025_10_07_RSFB-Phenotyping_WG1_JLU/20251007_140724.jpg,14.0,8.04421615600586,8.032366752624512,-0.011849849484860897,5.967633247375488,5.955783843994141,rank_margin10,46,single_rater_weak
2025_10_07_RSFB-Phenotyping_WG1_JLU/2025_10_07_RSFB-Phenotyping_WG1_JLU/20251007_140747.jpg,plot_23cd12f62caab1b06338,wg_insects_t1_bbch10,/home/nfs/data/nvme_datasets/Pictures_CFSB_leaf_damage/2025_10_07_RSFB-Phenotyping_WG1_JLU/2025_10_07_RSFB-Phenotyping_WG1_JLU/20251007_140747.jpg,3.0,3.2935032844543457,3.358018636703491,0.06451538950204849,0.3580186367034912,0.2935032844543457,rank_margin10,46,single_rater_weak
2025_10_07_RSFB-Phenotyping_WG1_JLU/2025_10_07_RSFB-Phenotyping_WG1_JLU/20251007_140755.jpg,plot_23cd12f62caab1b06338,wg_insects_t1_bbch10,/home/nfs/data/nvme_datasets/Pictures_CFSB_leaf_damage/2025_10_07_RSFB-Phenotyping_WG1_JLU/2025_10_07_RSFB-Phenotyping_WG1_JLU/20251007_140755.jpg,8.0,2.841099739074707,4.438324928283691,1.5972250699996948,3.5616750717163086,5.158900260925293,rank_margin10,46,single_rater_weak
2025_10_07_RSFB-Phenotyping_WG1_JLU/2025_10_07_RSFB-Phenotyping_WG1_JLU/20251007_140812.jpg,plot_b5c94fdf5ff63fcf800b,wg_insects_t1_bbch10,/home/nfs/data/nvme_datasets/Pictures_CFSB_leaf_damage/2025_10_07_RSFB-Phenotyping_WG1_JLU/2025_10_07_RSFB-Phenotyping_WG1_JLU/20251007_140812.jpg,2.0,2.7349724769592285,3.0493075847625732,0.3143351972103119,1.0493075847625732,0.7349724769592285,rank_margin10,46,single_rater_weak
2025_10_07_RSFB-Phenotyping_WG1_JLU/2025_10_07_RSFB-Phenotyping_WG1_JLU/20251007_140818.jpg,plot_b5c94fdf5ff63fcf800b,wg_insects_t1_bbch10,/home/nfs/data/nvme_datasets/Pictures_CFSB_leaf_damage/2025_10_07_RSFB-Phenotyping_WG1_JLU/2025_10_07_RSFB-Phenotyping_WG1_JLU/20251007_140818.jpg,2.0,3.2980995178222656,3.345383644104004,0.04728403314948082,1.345383644104004,1.2980995178222656,rank_margin10,46,single_rater_weak
2025_10_07_RSFB-Phenotyping_WG1_JLU/2025_10_07_RSFB-Phenotyping_WG1_JLU/20251007_140823.jpg,plot_b5c94fdf5ff63fcf800b,wg_insects_t1_bbch10,/home/nfs/data/nvme_datasets/Pictures_CFSB_leaf_damage/2025_10_07_RSFB-Phenotyping_WG1_JLU/2025_10_07_RSFB-Phenotyping_WG1_JLU/20251007_140823.jpg,3.0,3.1064391136169434,3.148388624191284,0.041949473321437836,0.14838862419128418,0.10643911361694336,rank_margin10,46,single_rater_weak
2025_10_07_RSFB-Phenotyping_WG1_JLU/2025_10_07_RSFB-Phenotyping_WG1_JLU/20251007_140839.jpg,plot_5e0ddc981b39a33d33be,wg_insects_t1_bbch10,/home/nfs/data/nvme_datasets/Pictures_CFSB_leaf_damage/2025_10_07_RSFB-Phenotyping_WG1_JLU/2025_10_07_RSFB-Phenotyping_WG1_JLU/20251007_140839.jpg,3.0,3.696244478225708,3.8580844402313232,0.16183999180793762,0.8580844402313232,0.696244478225708,rank_margin10,46,single_rater_weak
2025_10_07_RSFB-Phenotyping_WG1_JLU/2025_10_07_RSFB-Phenotyping_WG1_JLU/20251007_140845.jpg,plot_5e0ddc981b39a33d33be,wg_insects_t1_bbch10,/home/nfs/data/nvme_datasets/Pictures_CFSB_leaf_damage/2025_10_07_RSFB-Phenotyping_WG1_JLU/2025_10_07_RSFB-Phenotyping_WG1_JLU/20251007_140845.jpg,9.0,4.351551055908203,4.337761878967285,-0.013789166696369648,4.662238121032715,4.648448944091797,rank_margin10,46,single_rater_weak
2025_10_07_RSFB-Phenotyping_WG1_JLU/2025_10_07_RSFB-Phenotyping_WG1_JLU/20251007_140851.jpg,plot_5e0ddc981b39a33d33be,wg_insects_t1_bbch10,/home/nfs/data/nvme_datasets/Pictures_CFSB_leaf_damage/2025_10_07_RSFB-Phenotyping_WG1_JLU/2025_10_07_RSFB-Phenotyping_WG1_JLU/20251007_140851.jpg,9.0,7.607351779937744,7.933366775512695,0.32601505517959595,1.0666332244873047,1.3926482200622559,rank_margin10,46,single_rater_weak
2025_10_07_RSFB-Phenotyping_WG1_JLU/2025_10_07_RSFB-Phenotyping_WG1_JLU/20251007_140908.jpg,plot_b1695890dca6afbc601e,wg_insects_t1_bbch10,/home/nfs/data/nvme_datasets/Pictures_CFSB_leaf_damage/2025_10_07_RSFB-Phenotyping_WG1_JLU/2025_10_07_RSFB-Phenotyping_WG1_JLU/20251007_140908.jpg,4.0,2.8632564544677734,3.365043878555298,0.5017874836921692,0.6349561214447021,1.1367435455322266,rank_margin10,46,single_rater_weak
2025_10_07_RSFB-Phenotyping_WG1_JLU/2025_10_07_RSFB-Phenotyping_WG1_JLU/20251007_140913.jpg,plot_b1695890dca6afbc601e,wg_insects_t1_bbch10,/home/nfs/data/nvme_datasets/Pictures_CFSB_leaf_damage/2025_10_07_RSFB-Phenotyping_WG1_JLU/2025_10_07_RSFB-Phenotyping_WG1_JLU/20251007_140913.jpg,9.0,5.2784318923950195,5.381189346313477,0.1027572900056839,3.6188106536865234,3.7215681076049805,rank_margin10,46,single_rater_weak
2025_10_07_RSFB-Phenotyping_WG1_JLU/2025_10_07_RSFB-Phenotyping_WG1_JLU/20251007_140919.jpg,plot_b1695890dca6afbc601e,wg_insects_t1_bbch10,/home/nfs/data/nvme_datasets/Pictures_CFSB_leaf_damage/2025_10_07_RSFB-Phenotyping_WG1_JLU/2025_10_07_RSFB-Phenotyping_WG1_JLU/20251007_140919.jpg,9.0,5.476168155670166,5.828976631164551,0.35280826687812805,3.171023368835449,3.523831844329834,rank_margin10,46,single_rater_weak
2025_10_07_RSFB-Phenotyping_WG1_JLU/2025_10_07_RSFB-Phenotyping_WG1_JLU/20251007_140935.jpg,plot_0f10ff3ea078098fa0a2,wg_insects_t1_bbch10,/home/nfs/data/nvme_datasets/Pictures_CFSB_leaf_damage/2025_10_07_RSFB-Phenotyping_WG1_JLU/2025_10_07_RSFB-Phenotyping_WG1_JLU/20251007_140935.jpg,3.0,5.784615993499756,6.922780990600586,1.1381648778915405,3.922780990600586,2.784615993499756,rank_margin10,46,single_rater_weak
2025_10_07_RSFB-Phenotyping_WG1_JLU/2025_10_07_RSFB-Phenotyping_WG1_JLU/20251007_140939.jpg,plot_0f10ff3ea078098fa0a2,wg_insects_t1_bbch10,/home/nfs/data/nvme_datasets/Pictures_CFSB_leaf_damage/2025_10_07_RSFB-Phenotyping_WG1_JLU/2025_10_07_RSFB-Phenotyping_WG1_JLU/20251007_140939.jpg,10.0,4.60953426361084,4.872408866882324,0.2628747522830963,5.127591133117676,5.39046573638916,rank_margin10,46,single_rater_weak
2025_10_07_RSFB-Phenotyping_WG1_JLU/2025_10_07_RSFB-Phenotyping_WG1_JLU/20251007_140945.jpg,plot_0f10ff3ea078098fa0a2,wg_insects_t1_bbch10,/home/nfs/data/nvme_datasets/Pictures_CFSB_leaf_damage/2025_10_07_RSFB-Phenotyping_WG1_JLU/2025_10_07_RSFB-Phenotyping_WG1_JLU/20251007_140945.jpg,6.0,5.387799263000488,5.866661548614502,0.47886234521865845,0.13333845138549805,0.6122007369995117,rank_margin10,46,single_rater_weak
2025_10_07_RSFB-Phenotyping_WG1_JLU/2025_10_07_RSFB-Phenotyping_WG1_JLU/20251007_141001.jpg,plot_0f4f514127c596841410,wg_insects_t1_bbch10,/home/nfs/data/nvme_datasets/Pictures_CFSB_leaf_damage/2025_10_07_RSFB-Phenotyping_WG1_JLU/2025_10_07_RSFB-Phenotyping_WG1_JLU/20251007_141001.jpg,1.0,4.632386207580566,5.495162010192871,0.8627760410308838,4.495162010192871,3.6323862075805664,rank_margin10,46,single_rater_weak
2025_10_07_RSFB-Phenotyping_WG1_JLU/2025_10_07_RSFB-Phenotyping_WG1_JLU/20251007_141005.jpg,plot_0f4f514127c596841410,wg_insects_t1_bbch10,/home/nfs/data/nvme_datasets/Pictures_CFSB_leaf_damage/2025_10_07_RSFB-Phenotyping_WG1_JLU/2025_10_07_RSFB-Phenotyping_WG1_JLU/20251007_141005.jpg,18.0,6.885249137878418,6.890575885772705,0.005326602142304182,11.109424591064453,11.114750862121582,rank_margin10,46,single_rater_weak
2025_10_07_RSFB-Phenotyping_WG1_JLU/2025_10_07_RSFB-Phenotyping_WG1_JLU/20251007_141012.jpg,plot_0f4f514127c596841410,wg_insects_t1_bbch10,/home/nfs/data/nvme_datasets/Pictures_CFSB_leaf_damage/2025_10_07_RSFB-Phenotyping_WG1_JLU/2025_10_07_RSFB-Phenotyping_WG1_JLU/20251007_141012.jpg,20.0,3.365586519241333,3.9356753826141357,0.5700889229774475,16.0643253326416,16.63441276550293,rank_margin10,46,single_rater_weak
2025_10_07_RSFB-Phenotyping_WG1_JLU/2025_10_07_RSFB-Phenotyping_WG1_JLU/20251007_141028.jpg,plot_11db3b011021c649d70f,wg_insects_t1_bbch10,/home/nfs/data/nvme_datasets/Pictures_CFSB_leaf_damage/2025_10_07_RSFB-Phenotyping_WG1_JLU/2025_10_07_RSFB-Phenotyping_WG1_JLU/20251007_141028.jpg,6.0,3.4166574478149414,3.551208019256592,0.13455069065093994,2.448791980743408,2.5833425521850586,rank_margin10,46,single_rater_weak
2025_10_07_RSFB-Phenotyping_WG1_JLU/2025_10_07_RSFB-Phenotyping_WG1_JLU/20251007_141033.jpg,plot_11db3b011021c649d70f,wg_insects_t1_bbch10,/home/nfs/data/nvme_datasets/Pictures_CFSB_leaf_damage/2025_10_07_RSFB-Phenotyping_WG1_JLU/2025_10_07_RSFB-Phenotyping_WG1_JLU/20251007_141033.jpg,7.0,3.668281316757202,3.4597842693328857,-0.20849713683128357,3.5402157306671143,3.331718683242798,rank_margin10,46,single_rater_weak
2025_10_07_RSFB-Phenotyping_WG1_JLU/2025_10_07_RSFB-Phenotyping_WG1_JLU/20251007_141039.jpg,plot_11db3b011021c649d70f,wg_insects_t1_bbch10,/home/nfs/data/nvme_datasets/Pictures_CFSB_leaf_damage/2025_10_07_RSFB-Phenotyping_WG1_JLU/2025_10_07_RSFB-Phenotyping_WG1_JLU/20251007_141039.jpg,4.0,5.3494720458984375,5.68166446685791,0.33219224214553833,1.6816644668579102,1.3494720458984375,rank_margin10,46,single_rater_weak
2025_10_07_RSFB-Phenotyping_WG1_JLU/2025_10_07_RSFB-Phenotyping_WG1_JLU/20251007_141056.jpg,plot_3f194f85b6fc463cf70a,wg_insects_t1_bbch10,/home/nfs/data/nvme_datasets/Pictures_CFSB_leaf_damage/2025_10_07_RSFB-Phenotyping_WG1_JLU/2025_10_07_RSFB-Phenotyping_WG1_JLU/20251007_141056.jpg,8.0,3.1206088066101074,3.1676363945007324,0.047027572989463806,4.832363605499268,4.879391193389893,rank_margin10,46,single_rater_weak
2025_10_07_RSFB-Phenotyping_WG1_JLU/2025_10_07_RSFB-Phenotyping_WG1_JLU/20251007_141103.jpg,plot_3f194f85b6fc463cf70a,wg_insects_t1_bbch10,/home/nfs/data/nvme_datasets/Pictures_CFSB_leaf_damage/2025_10_07_RSFB-Phenotyping_WG1_JLU/2025_10_07_RSFB-Phenotyping_WG1_JLU/20251007_141103.jpg,7.0,4.1312761306762695,4.56069803237915,0.4294221103191376,2.4393019676208496,2.8687238693237305,rank_margin10,46,single_rater_weak
2025_10_07_RSFB-Phenotyping_WG1_JLU/2025_10_07_RSFB-Phenotyping_WG1_JLU/20251007_141108.jpg,plot_3f194f85b6fc463cf70a,wg_insects_t1_bbch10,/home/nfs/data/nvme_datasets/Pictures_CFSB_leaf_damage/2025_10_07_RSFB-Phenotyping_WG1_JLU/2025_10_07_RSFB-Phenotyping_WG1_JLU/20251007_141108.jpg,19.0,8.692691802978516,9.870991706848145,1.178299903869629,9.129008293151855,10.307308197021484,rank_margin10,46,single_rater_weak
2025_10_07_RSFB-Phenotyping_WG1_JLU/2025_10_07_RSFB-Phenotyping_WG1_JLU/20251007_141126.jpg,plot_1effba29e1b5bad755d3,wg_insects_t1_bbch10,/home/nfs/data/nvme_datasets/Pictures_CFSB_leaf_damage/2025_10_07_RSFB-Phenotyping_WG1_JLU/2025_10_07_RSFB-Phenotyping_WG1_JLU/20251007_141126.jpg,11.0,3.58339262008667,4.4423418045043945,0.8589490652084351,6.5576581954956055,7.41660737991333,rank_margin10,46,single_rater_weak
2025_10_07_RSFB-Phenotyping_WG1_JLU/2025_10_07_RSFB-Phenotyping_WG1_JLU/20251007_141134.jpg,plot_1effba29e1b5bad755d3,wg_insects_t1_bbch10,/home/nfs/data/nvme_datasets/Pictures_CFSB_leaf_damage/2025_10_07_RSFB-Phenotyping_WG1_JLU/2025_10_07_RSFB-Phenotyping_WG1_JLU/20251007_141134.jpg,6.0,3.9492599964141846,4.847635746002197,0.8983757495880127,1.1523642539978027,2.0507400035858154,rank_margin10,46,single_rater_weak
2025_10_07_RSFB-Phenotyping_WG1_JLU/2025_10_07_RSFB-Phenotyping_WG1_JLU/20251007_141139.jpg,plot_1effba29e1b5bad755d3,wg_insects_t1_bbch10,/home/nfs/data/nvme_datasets/Pictures_CFSB_leaf_damage/2025_10_07_RSFB-Phenotyping_WG1_JLU/2025_10_07_RSFB-Phenotyping_WG1_JLU/20251007_141139.jpg,4.0,3.341266632080078,3.323612689971924,-0.017653893679380417,0.6763873100280762,0.6587333679199219,rank_margin10,46,single_rater_weak
2025_10_07_RSFB-Phenotyping_WG1_JLU/2025_10_07_RSFB-Phenotyping_WG1_JLU/20251007_141154.jpg,plot_ac13eb76ee6f99f24af8,wg_insects_t1_bbch10,/home/nfs/data/nvme_datasets/Pictures_CFSB_leaf_damage/2025_10_07_RSFB-Phenotyping_WG1_JLU/2025_10_07_RSFB-Phenotyping_WG1_JLU/20251007_141154.jpg,4.0,2.7485623359680176,3.2049050331115723,0.45634275674819946,0.7950949668884277,1.2514376640319824,rank_margin10,46,single_rater_weak
2025_10_07_RSFB-Phenotyping_WG1_JLU/2025_10_07_RSFB-Phenotyping_WG1_JLU/20251007_141159.jpg,plot_ac13eb76ee6f99f24af8,wg_insects_t1_bbch10,/home/nfs/data/nvme_datasets/Pictures_CFSB_leaf_damage/2025_10_07_RSFB-Phenotyping_WG1_JLU/2025_10_07_RSFB-Phenotyping_WG1_JLU/20251007_141159.jpg,2.0,3.6671030521392822,4.424210548400879,0.7571074366569519,2.424210548400879,1.6671030521392822,rank_margin10,46,single_rater_weak
2025_10_07_RSFB-Phenotyping_WG1_JLU/2025_10_07_RSFB-Phenotyping_WG1_JLU/20251007_141204.jpg,plot_ac13eb76ee6f99f24af8,wg_insects_t1_bbch10,/home/nfs/data/nvme_datasets/Pictures_CFSB_leaf_damage/2025_10_07_RSFB-Phenotyping_WG1_JLU/2025_10_07_RSFB-Phenotyping_WG1_JLU/20251007_141204.jpg,4.0,4.409335613250732,4.151302337646484,-0.2580331861972809,0.15130233764648438,0.4093356132507324,rank_margin10,46,single_rater_weak
2025_10_07_RSFB-Phenotyping_WG1_JLU/2025_10_07_RSFB-Phenotyping_WG1_JLU/20251007_141221.jpg,plot_411203e7c1d96bc4d5cf,wg_insects_t1_bbch10,/home/nfs/data/nvme_datasets/Pictures_CFSB_leaf_damage/2025_10_07_RSFB-Phenotyping_WG1_JLU/2025_10_07_RSFB-Phenotyping_WG1_JLU/20251007_141221.jpg,3.0,3.723660945892334,3.6329994201660156,-0.09066161513328552,0.6329994201660156,0.723660945892334,rank_margin10,46,single_rater_weak
2025_10_07_RSFB-Phenotyping_WG1_JLU/2025_10_07_RSFB-Phenotyping_WG1_JLU/20251007_141226.jpg,plot_411203e7c1d96bc4d5cf,wg_insects_t1_bbch10,/home/nfs/data/nvme_datasets/Pictures_CFSB_leaf_damage/2025_10_07_RSFB-Phenotyping_WG1_JLU/2025_10_07_RSFB-Phenotyping_WG1_JLU/20251007_141226.jpg,3.0,3.425373077392578,2.906285524368286,-0.519087553024292,0.09371447563171387,0.4253730773925781,rank_margin10,46,single_rater_weak
2025_10_07_RSFB-Phenotyping_WG1_JLU/2025_10_07_RSFB-Phenotyping_WG1_JLU/20251007_141232.jpg,plot_411203e7c1d96bc4d5cf,wg_insects_t1_bbch10,/home/nfs/data/nvme_datasets/Pictures_CFSB_leaf_damage/2025_10_07_RSFB-Phenotyping_WG1_JLU/2025_10_07_RSFB-Phenotyping_WG1_JLU/20251007_141232.jpg,2.0,3.969975471496582,3.893016815185547,-0.07695867866277695,1.8930168151855469,1.969975471496582,rank_margin10,46,single_rater_weak
2025_10_07_RSFB-Phenotyping_WG1_JLU/2025_10_07_RSFB-Phenotyping_WG1_JLU/20251007_141249.jpg,plot_c1e107950db22229fd34,wg_insects_t1_bbch10,/home/nfs/data/nvme_datasets/Pictures_CFSB_leaf_damage/2025_10_07_RSFB-Phenotyping_WG1_JLU/2025_10_07_RSFB-Phenotyping_WG1_JLU/20251007_141249.jpg,2.0,3.7255446910858154,3.9156699180603027,0.19012513756752014,1.9156699180603027,1.7255446910858154,rank_margin10,46,single_rater_weak
2025_10_07_RSFB-Phenotyping_WG1_JLU/2025_10_07_RSFB-Phenotyping_WG1_JLU/20251007_141254.jpg,plot_c1e107950db22229fd34,wg_insects_t1_bbch10,/home/nfs/data/nvme_datasets/Pictures_CFSB_leaf_damage/2025_10_07_RSFB-Phenotyping_WG1_JLU/2025_10_07_RSFB-Phenotyping_WG1_JLU/20251007_141254.jpg,3.0,3.278561592102051,3.47145414352417,0.19289256632328033,0.4714541435241699,0.2785615921020508,rank_margin10,46,single_rater_weak
2025_10_07_RSFB-Phenotyping_WG1_JLU/2025_10_07_RSFB-Phenotyping_WG1_JLU/20251007_141259.jpg,plot_c1e107950db22229fd34,wg_insects_t1_bbch10,/home/nfs/data/nvme_datasets/Pictures_CFSB_leaf_damage/2025_10_07_RSFB-Phenotyping_WG1_JLU/2025_10_07_RSFB-Phenotyping_WG1_JLU/20251007_141259.jpg,4.0,4.398381233215332,5.047102451324463,0.6487212181091309,1.047102451324463,0.39838123321533203,rank_margin10,46,single_rater_weak
2025_10_07_RSFB-Phenotyping_WG1_JLU/2025_10_07_RSFB-Phenotyping_WG1_JLU/20251007_141316.jpg,plot_af38589abb8004c8fccb,wg_insects_t1_bbch10,/home/nfs/data/nvme_datasets/Pictures_CFSB_leaf_damage/2025_10_07_RSFB-Phenotyping_WG1_JLU/2025_10_07_RSFB-Phenotyping_WG1_JLU/20251007_141316.jpg,10.0,4.559879302978516,5.2669677734375,0.7070883512496948,4.7330322265625,5.440120697021484,rank_margin10,46,single_rater_weak
2025_10_07_RSFB-Phenotyping_WG1_JLU/2025_10_07_RSFB-Phenotyping_WG1_JLU/20251007_141322.jpg,plot_af38589abb8004c8fccb,wg_insects_t1_bbch10,/home/nfs/data/nvme_datasets/Pictures_CFSB_leaf_damage/2025_10_07_RSFB-Phenotyping_WG1_JLU/2025_10_07_RSFB-Phenotyping_WG1_JLU/20251007_141322.jpg,4.0,3.4926910400390625,3.4360339641571045,-0.0566570982336998,0.5639660358428955,0.5073089599609375,rank_margin10,46,single_rater_weak
2025_10_07_RSFB-Phenotyping_WG1_JLU/2025_10_07_RSFB-Phenotyping_WG1_JLU/20251007_141328.jpg,plot_af38589abb8004c8fccb,wg_insects_t1_bbch10,/home/nfs/data/nvme_datasets/Pictures_CFSB_leaf_damage/2025_10_07_RSFB-Phenotyping_WG1_JLU/2025_10_07_RSFB-Phenotyping_WG1_JLU/20251007_141328.jpg,21.0,9.053622245788574,9.98884105682373,0.9352183938026428,11.01115894317627,11.946377754211426,rank_margin10,46,single_rater_weak
2025_10_07_RSFB-Phenotyping_WG1_JLU/2025_10_07_RSFB-Phenotyping_WG1_JLU/20251007_141344.jpg,plot_f446c2275604a6a48853,wg_insects_t1_bbch10,/home/nfs/data/nvme_datasets/Pictures_CFSB_leaf_damage/2025_10_07_RSFB-Phenotyping_WG1_JLU/2025_10_07_RSFB-Phenotyping_WG1_JLU/20251007_141344.jpg,6.0,3.22268009185791,3.6577186584472656,0.4350384771823883,2.3422813415527344,2.77731990814209,rank_margin10,46,single_rater_weak
2025_10_07_RSFB-Phenotyping_WG1_JLU/2025_10_07_RSFB-Phenotyping_WG1_JLU/20251007_141349.jpg,plot_f446c2275604a6a48853,wg_insects_t1_bbch10,/home/nfs/data/nvme_datasets/Pictures_CFSB_leaf_damage/2025_10_07_RSFB-Phenotyping_WG1_JLU/2025_10_07_RSFB-Phenotyping_WG1_JLU/20251007_141349.jpg,12.0,3.40598726272583,3.136652946472168,-0.2693343460559845,8.863347053527832,8.594013214111328,rank_margin10,46,single_rater_weak
2025_10_07_RSFB-Phenotyping_WG1_JLU/2025_10_07_RSFB-Phenotyping_WG1_JLU/20251007_141355.jpg,plot_f446c2275604a6a48853,wg_insects_t1_bbch10,/home/nfs/data/nvme_datasets/Pictures_CFSB_leaf_damage/2025_10_07_RSFB-Phenotyping_WG1_JLU/2025_10_07_RSFB-Phenotyping_WG1_JLU/20251007_141355.jpg,9.0,3.2638039588928223,3.1029059886932373,-0.16089802980422974,5.897093772888184,5.736196041107178,rank_margin10,46,single_rater_weak
2025_10_07_RSFB-Phenotyping_WG1_JLU/2025_10_07_RSFB-Phenotyping_WG1_JLU/20251007_141414.jpg,plot_adb8beeebca560f05148,wg_insects_t1_bbch10,/home/nfs/data/nvme_datasets/Pictures_CFSB_leaf_damage/2025_10_07_RSFB-Phenotyping_WG1_JLU/2025_10_07_RSFB-Phenotyping_WG1_JLU/20251007_141414.jpg,3.0,6.670196056365967,7.242514610290527,0.5723187923431396,4.242514610290527,3.670196056365967,rank_margin10,46,single_rater_weak
2025_10_07_RSFB-Phenotyping_WG1_JLU/2025_10_07_RSFB-Phenotyping_WG1_JLU/20251007_141419.jpg,plot_adb8beeebca560f05148,wg_insects_t1_bbch10,/home/nfs/data/nvme_datasets/Pictures_CFSB_leaf_damage/2025_10_07_RSFB-Phenotyping_WG1_JLU/2025_10_07_RSFB-Phenotyping_WG1_JLU/20251007_141419.jpg,8.0,10.89195728302002,11.57016372680664,0.6782061457633972,3.5701637268066406,2.8919572830200195,rank_margin10,46,single_rater_weak
2025_10_07_RSFB-Phenotyping_WG1_JLU/2025_10_07_RSFB-Phenotyping_WG1_JLU/20251007_141427.jpg,plot_adb8beeebca560f05148,wg_insects_t1_bbch10,/home/nfs/data/nvme_datasets/Pictures_CFSB_leaf_damage/2025_10_07_RSFB-Phenotyping_WG1_JLU/2025_10_07_RSFB-Phenotyping_WG1_JLU/20251007_141427.jpg,4.0,2.9518470764160156,3.0961384773254395,0.14429131150245667,0.9038615226745605,1.0481529235839844,rank_margin10,46,single_rater_weak
2025_10_07_RSFB-Phenotyping_WG1_JLU/2025_10_07_RSFB-Phenotyping_WG1_JLU/20251007_141443.jpg,plot_6bf6bf651a4d36a8ce81,wg_insects_t1_bbch10,/home/nfs/data/nvme_datasets/Pictures_CFSB_leaf_damage/2025_10_07_RSFB-Phenotyping_WG1_JLU/2025_10_07_RSFB-Phenotyping_WG1_JLU/20251007_141443.jpg,3.0,2.7938098907470703,2.7987873554229736,0.004977542441338301,0.20121264457702637,0.2061901092529297,rank_margin10,46,single_rater_weak
2025_10_07_RSFB-Phenotyping_WG1_JLU/2025_10_07_RSFB-Phenotyping_WG1_JLU/20251007_141449.jpg,plot_6bf6bf651a4d36a8ce81,wg_insects_t1_bbch10,/home/nfs/data/nvme_datasets/Pictures_CFSB_leaf_damage/2025_10_07_RSFB-Phenotyping_WG1_JLU/2025_10_07_RSFB-Phenotyping_WG1_JLU/20251007_141449.jpg,3.0,2.58978271484375,2.390623092651367,-0.19915950298309326,0.6093769073486328,0.41021728515625,rank_margin10,46,single_rater_weak
2025_10_07_RSFB-Phenotyping_WG1_JLU/2025_10_07_RSFB-Phenotyping_WG1_JLU/20251007_141453.jpg,plot_6bf6bf651a4d36a8ce81,wg_insects_t1_bbch10,/home/nfs/data/nvme_datasets/Pictures_CFSB_leaf_damage/2025_10_07_RSFB-Phenotyping_WG1_JLU/2025_10_07_RSFB-Phenotyping_WG1_JLU/20251007_141453.jpg,4.0,2.5177969932556152,1.984114646911621,-0.5336823463439941,2.015885353088379,1.4822030067443848,rank_margin10,46,single_rater_weak
2025_10_07_RSFB-Phenotyping_WG1_JLU/2025_10_07_RSFB-Phenotyping_WG1_JLU/20251007_141512.jpg,plot_99a25b806dca170825f2,wg_insects_t1_bbch10,/home/nfs/data/nvme_datasets/Pictures_CFSB_leaf_damage/2025_10_07_RSFB-Phenotyping_WG1_JLU/2025_10_07_RSFB-Phenotyping_WG1_JLU/20251007_141512.jpg,14.0,2.268087387084961,2.6313250064849854,0.36323755979537964,11.368675231933594,11.731912612915039,rank_margin10,46,single_rater_weak
2025_10_07_RSFB-Phenotyping_WG1_JLU/2025_10_07_RSFB-Phenotyping_WG1_JLU/20251007_141519.jpg,plot_99a25b806dca170825f2,wg_insects_t1_bbch10,/home/nfs/data/nvme_datasets/Pictures_CFSB_leaf_damage/2025_10_07_RSFB-Phenotyping_WG1_JLU/2025_10_07_RSFB-Phenotyping_WG1_JLU/20251007_141519.jpg,11.0,2.885590076446533,3.6548969745635986,0.7693069577217102,7.3451032638549805,8.114410400390625,rank_margin10,46,single_rater_weak
2025_10_07_RSFB-Phenotyping_WG1_JLU/2025_10_07_RSFB-Phenotyping_WG1_JLU/20251007_141526.jpg,plot_99a25b806dca170825f2,wg_insects_t1_bbch10,/home/nfs/data/nvme_datasets/Pictures_CFSB_leaf_damage/2025_10_07_RSFB-Phenotyping_WG1_JLU/2025_10_07_RSFB-Phenotyping_WG1_JLU/20251007_141526.jpg,3.0,4.26365852355957,5.003211975097656,0.7395532131195068,2.0032119750976562,1.2636585235595703,rank_margin10,46,single_rater_weak
2025_10_07_RSFB-Phenotyping_WG1_JLU/2025_10_07_RSFB-Phenotyping_WG1_JLU/20251007_141542.jpg,plot_3b73ffaad10c9fd11dbc,wg_insects_t1_bbch10,/home/nfs/data/nvme_datasets/Pictures_CFSB_leaf_damage/2025_10_07_RSFB-Phenotyping_WG1_JLU/2025_10_07_RSFB-Phenotyping_WG1_JLU/20251007_141542.jpg,8.0,3.7661445140838623,4.371946334838867,0.6058018803596497,3.628053665161133,4.233855247497559,rank_margin10,46,single_rater_weak
2025_10_07_RSFB-Phenotyping_WG1_JLU/2025_10_07_RSFB-Phenotyping_WG1_JLU/20251007_141547.jpg,plot_3b73ffaad10c9fd11dbc,wg_insects_t1_bbch10,/home/nfs/data/nvme_datasets/Pictures_CFSB_leaf_damage/2025_10_07_RSFB-Phenotyping_WG1_JLU/2025_10_07_RSFB-Phenotyping_WG1_JLU/20251007_141547.jpg,10.0,3.9159317016601562,4.11644172668457,0.20050978660583496,5.88355827331543,6.084068298339844,rank_margin10,46,single_rater_weak
2025_10_07_RSFB-Phenotyping_WG1_JLU/2025_10_07_RSFB-Phenotyping_WG1_JLU/20251007_141556.jpg,plot_3b73ffaad10c9fd11dbc,wg_insects_t1_bbch10,/home/nfs/data/nvme_datasets/Pictures_CFSB_leaf_damage/2025_10_07_RSFB-Phenotyping_WG1_JLU/2025_10_07_RSFB-Phenotyping_WG1_JLU/20251007_141556.jpg,4.0,2.4295525550842285,2.8531439304351807,0.42359140515327454,1.1468560695648193,1.5704474449157715,rank_margin10,46,single_rater_weak
2025_10_07_RSFB-Phenotyping_WG1_JLU/2025_10_07_RSFB-Phenotyping_WG1_JLU/20251007_141613.jpg,plot_6e42ec20a5bb7da4eeda,wg_insects_t1_bbch10,/home/nfs/data/nvme_datasets/Pictures_CFSB_leaf_damage/2025_10_07_RSFB-Phenotyping_WG1_JLU/2025_10_07_RSFB-Phenotyping_WG1_JLU/20251007_141613.jpg,5.0,3.4979164600372314,3.7403206825256348,0.24240419268608093,1.2596793174743652,1.5020835399627686,rank_margin10,46,single_rater_weak
2025_10_07_RSFB-Phenotyping_WG1_JLU/2025_10_07_RSFB-Phenotyping_WG1_JLU/20251007_141618.jpg,plot_6e42ec20a5bb7da4eeda,wg_insects_t1_bbch10,/home/nfs/data/nvme_datasets/Pictures_CFSB_leaf_damage/2025_10_07_RSFB-Phenotyping_WG1_JLU/2025_10_07_RSFB-Phenotyping_WG1_JLU/20251007_141618.jpg,8.0,2.1154260635375977,2.5586559772491455,0.44322991371154785,5.441344261169434,5.884573936462402,rank_margin10,46,single_rater_weak
2025_10_07_RSFB-Phenotyping_WG1_JLU/2025_10_07_RSFB-Phenotyping_WG1_JLU/20251007_141623.jpg,plot_6e42ec20a5bb7da4eeda,wg_insects_t1_bbch10,/home/nfs/data/nvme_datasets/Pictures_CFSB_leaf_damage/2025_10_07_RSFB-Phenotyping_WG1_JLU/2025_10_07_RSFB-Phenotyping_WG1_JLU/20251007_141623.jpg,9.0,8.319936752319336,8.99527359008789,0.6753368377685547,0.004726409912109375,0.6800632476806641,rank_margin10,46,single_rater_weak
2025_10_07_RSFB-Phenotyping_WG1_JLU/2025_10_07_RSFB-Phenotyping_WG1_JLU/20251007_141702.jpg,plot_db7d2b1c2bf3151b8c1e,wg_insects_t1_bbch10,/home/nfs/data/nvme_datasets/Pictures_CFSB_leaf_damage/2025_10_07_RSFB-Phenotyping_WG1_JLU/2025_10_07_RSFB-Phenotyping_WG1_JLU/20251007_141702.jpg,8.0,3.0596237182617188,3.920515775680542,0.8608920574188232,4.079483985900879,4.940376281738281,rank_margin10,46,single_rater_weak
2025_10_07_RSFB-Phenotyping_WG1_JLU/2025_10_07_RSFB-Phenotyping_WG1_JLU/20251007_141707.jpg,plot_db7d2b1c2bf3151b8c1e,wg_insects_t1_bbch10,/home/nfs/data/nvme_datasets/Pictures_CFSB_leaf_damage/2025_10_07_RSFB-Phenotyping_WG1_JLU/2025_10_07_RSFB-Phenotyping_WG1_JLU/20251007_141707.jpg,4.0,4.16043758392334,4.373015403747559,0.21257802844047546,0.3730154037475586,0.16043758392333984,rank_margin10,46,single_rater_weak
2025_10_07_RSFB-Phenotyping_WG1_JLU/2025_10_07_RSFB-Phenotyping_WG1_JLU/20251007_141712.jpg,plot_db7d2b1c2bf3151b8c1e,wg_insects_t1_bbch10,/home/nfs/data/nvme_datasets/Pictures_CFSB_leaf_damage/2025_10_07_RSFB-Phenotyping_WG1_JLU/2025_10_07_RSFB-Phenotyping_WG1_JLU/20251007_141712.jpg,5.0,2.7109646797180176,2.3911538124084473,-0.31981098651885986,2.6088461875915527,2.2890353202819824,rank_margin10,46,single_rater_weak
2025_10_07_RSFB-Phenotyping_WG1_JLU/2025_10_07_RSFB-Phenotyping_WG1_JLU/20251007_141723.jpg,plot_529819377143ee09a0ab,wg_insects_t1_bbch10,/home/nfs/data/nvme_datasets/Pictures_CFSB_leaf_damage/2025_10_07_RSFB-Phenotyping_WG1_JLU/2025_10_07_RSFB-Phenotyping_WG1_JLU/20251007_141723.jpg,9.0,3.5686521530151367,4.198578357696533,0.6299262642860413,4.801421642303467,5.431347846984863,rank_margin10,46,single_rater_weak
2025_10_07_RSFB-Phenotyping_WG1_JLU/2025_10_07_RSFB-Phenotyping_WG1_JLU/20251007_141729.jpg,plot_529819377143ee09a0ab,wg_insects_t1_bbch10,/home/nfs/data/nvme_datasets/Pictures_CFSB_leaf_damage/2025_10_07_RSFB-Phenotyping_WG1_JLU/2025_10_07_RSFB-Phenotyping_WG1_JLU/20251007_141729.jpg,4.0,2.8902502059936523,3.522576332092285,0.632326066493988,0.47742366790771484,1.1097497940063477,rank_margin10,46,single_rater_weak
2025_10_07_RSFB-Phenotyping_WG1_JLU/2025_10_07_RSFB-Phenotyping_WG1_JLU/20251007_141735.jpg,plot_529819377143ee09a0ab,wg_insects_t1_bbch10,/home/nfs/data/nvme_datasets/Pictures_CFSB_leaf_damage/2025_10_07_RSFB-Phenotyping_WG1_JLU/2025_10_07_RSFB-Phenotyping_WG1_JLU/20251007_141735.jpg,5.0,3.666607141494751,3.980593204498291,0.3139860928058624,1.019406795501709,1.333392858505249,rank_margin10,46,single_rater_weak
2025_10_07_RSFB-Phenotyping_WG1_JLU/2025_10_07_RSFB-Phenotyping_WG1_JLU/20251007_141749.jpg,plot_a4b69901915632bc9a05,wg_insects_t1_bbch10,/home/nfs/data/nvme_datasets/Pictures_CFSB_leaf_damage/2025_10_07_RSFB-Phenotyping_WG1_JLU/2025_10_07_RSFB-Phenotyping_WG1_JLU/20251007_141749.jpg,7.0,2.5721492767333984,2.6012675762176514,0.02911825105547905,4.3987321853637695,4.427850723266602,rank_margin10,46,single_rater_weak
2025_10_07_RSFB-Phenotyping_WG1_JLU/2025_10_07_RSFB-Phenotyping_WG1_JLU/20251007_141756.jpg,plot_a4b69901915632bc9a05,wg_insects_t1_bbch10,/home/nfs/data/nvme_datasets/Pictures_CFSB_leaf_damage/2025_10_07_RSFB-Phenotyping_WG1_JLU/2025_10_07_RSFB-Phenotyping_WG1_JLU/20251007_141756.jpg,10.0,2.874446392059326,2.6696741580963135,-0.20477214455604553,7.330326080322266,7.125553607940674,rank_margin10,46,single_rater_weak
2025_10_07_RSFB-Phenotyping_WG1_JLU/2025_10_07_RSFB-Phenotyping_WG1_JLU/20251007_141801.jpg,plot_a4b69901915632bc9a05,wg_insects_t1_bbch10,/home/nfs/data/nvme_datasets/Pictures_CFSB_leaf_damage/2025_10_07_RSFB-Phenotyping_WG1_JLU/2025_10_07_RSFB-Phenotyping_WG1_JLU/20251007_141801.jpg,4.0,5.517180442810059,5.742236137390137,0.22505569458007812,1.7422361373901367,1.5171804428100586,rank_margin10,46,single_rater_weak
2025_10_07_RSFB-Phenotyping_WG1_JLU/2025_10_07_RSFB-Phenotyping_WG1_JLU/20251007_141817.jpg,plot_2ebd15070d13d8c6d7a6,wg_insects_t1_bbch10,/home/nfs/data/nvme_datasets/Pictures_CFSB_leaf_damage/2025_10_07_RSFB-Phenotyping_WG1_JLU/2025_10_07_RSFB-Phenotyping_WG1_JLU/20251007_141817.jpg,8.0,3.0636043548583984,3.838515281677246,0.7749110460281372,4.161484718322754,4.936395645141602,rank_margin10,46,single_rater_weak
2025_10_07_RSFB-Phenotyping_WG1_JLU/2025_10_07_RSFB-Phenotyping_WG1_JLU/20251007_141823.jpg,plot_2ebd15070d13d8c6d7a6,wg_insects_t1_bbch10,/home/nfs/data/nvme_datasets/Pictures_CFSB_leaf_damage/2025_10_07_RSFB-Phenotyping_WG1_JLU/2025_10_07_RSFB-Phenotyping_WG1_JLU/20251007_141823.jpg,3.0,3.2955732345581055,3.144284963607788,-0.151288241147995,0.14428496360778809,0.29557323455810547,rank_margin10,46,single_rater_weak
2025_10_07_RSFB-Phenotyping_WG1_JLU/2025_10_07_RSFB-Phenotyping_WG1_JLU/20251007_141829.jpg,plot_2ebd15070d13d8c6d7a6,wg_insects_t1_bbch10,/home/nfs/data/nvme_datasets/Pictures_CFSB_leaf_damage/2025_10_07_RSFB-Phenotyping_WG1_JLU/2025_10_07_RSFB-Phenotyping_WG1_JLU/20251007_141829.jpg,14.0,4.658819198608398,5.055283546447754,0.3964644968509674,8.944716453552246,9.341180801391602,rank_margin10,46,single_rater_weak
2025_10_07_RSFB-Phenotyping_WG1_JLU/2025_10_07_RSFB-Phenotyping_WG1_JLU/20251007_141846.jpg,plot_5272a7fbade6b73ab0a8,wg_insects_t1_bbch10,/home/nfs/data/nvme_datasets/Pictures_CFSB_leaf_damage/2025_10_07_RSFB-Phenotyping_WG1_JLU/2025_10_07_RSFB-Phenotyping_WG1_JLU/20251007_141846.jpg,6.0,4.257055282592773,4.343765735626221,0.08671067655086517,1.6562342643737793,1.7429447174072266,rank_margin10,46,single_rater_weak
2025_10_07_RSFB-Phenotyping_WG1_JLU/2025_10_07_RSFB-Phenotyping_WG1_JLU/20251007_141853.jpg,plot_5272a7fbade6b73ab0a8,wg_insects_t1_bbch10,/home/nfs/data/nvme_datasets/Pictures_CFSB_leaf_damage/2025_10_07_RSFB-Phenotyping_WG1_JLU/2025_10_07_RSFB-Phenotyping_WG1_JLU/20251007_141853.jpg,11.0,4.199770927429199,5.508761882781982,1.3089908361434937,5.491238117218018,6.800229072570801,rank_margin10,46,single_rater_weak
2025_10_07_RSFB-Phenotyping_WG1_JLU/2025_10_07_RSFB-Phenotyping_WG1_JLU/20251007_141858.jpg,plot_5272a7fbade6b73ab0a8,wg_insects_t1_bbch10,/home/nfs/data/nvme_datasets/Pictures_CFSB_leaf_damage/2025_10_07_RSFB-Phenotyping_WG1_JLU/2025_10_07_RSFB-Phenotyping_WG1_JLU/20251007_141858.jpg,12.0,4.6806488037109375,4.885390281677246,0.2047414928674698,7.114609718322754,7.3193511962890625,rank_margin10,46,single_rater_weak
2025_10_07_RSFB-Phenotyping_WG1_JLU/2025_10_07_RSFB-Phenotyping_WG1_JLU/20251007_141915.jpg,plot_d258ade8562d220dd689,wg_insects_t1_bbch10,/home/nfs/data/nvme_datasets/Pictures_CFSB_leaf_damage/2025_10_07_RSFB-Phenotyping_WG1_JLU/2025_10_07_RSFB-Phenotyping_WG1_JLU/20251007_141915.jpg,1.0,3.9923317432403564,4.957152843475342,0.9648211002349854,3.957152843475342,2.9923317432403564,rank_margin10,46,single_rater_weak
2025_10_07_RSFB-Phenotyping_WG1_JLU/2025_10_07_RSFB-Phenotyping_WG1_JLU/20251007_141919.jpg,plot_d258ade8562d220dd689,wg_insects_t1_bbch10,/home/nfs/data/nvme_datasets/Pictures_CFSB_leaf_damage/2025_10_07_RSFB-Phenotyping_WG1_JLU/2025_10_07_RSFB-Phenotyping_WG1_JLU/20251007_141919.jpg,4.0,6.090468883514404,5.950146675109863,-0.14032241702079773,1.9501466751098633,2.0904688835144043,rank_margin10,46,single_rater_weak
2025_10_07_RSFB-Phenotyping_WG1_JLU/2025_10_07_RSFB-Phenotyping_WG1_JLU/20251007_141924.jpg,plot_d258ade8562d220dd689,wg_insects_t1_bbch10,/home/nfs/data/nvme_datasets/Pictures_CFSB_leaf_damage/2025_10_07_RSFB-Phenotyping_WG1_JLU/2025_10_07_RSFB-Phenotyping_WG1_JLU/20251007_141924.jpg,5.0,2.9981913566589355,3.1796467304229736,0.1814553290605545,1.8203532695770264,2.0018086433410645,rank_margin10,46,single_rater_weak
2025_10_07_RSFB-Phenotyping_WG1_JLU/2025_10_07_RSFB-Phenotyping_WG1_JLU/20251007_141943.jpg,plot_86b21db3ef9aacce2827,wg_insects_t1_bbch10,/home/nfs/data/nvme_datasets/Pictures_CFSB_leaf_damage/2025_10_07_RSFB-Phenotyping_WG1_JLU/2025_10_07_RSFB-Phenotyping_WG1_JLU/20251007_141943.jpg,3.0,2.796558380126953,2.6487555503845215,-0.1478027105331421,0.3512444496154785,0.20344161987304688,rank_margin10,46,single_rater_weak
2025_10_07_RSFB-Phenotyping_WG1_JLU/2025_10_07_RSFB-Phenotyping_WG1_JLU/20251007_141948.jpg,plot_86b21db3ef9aacce2827,wg_insects_t1_bbch10,/home/nfs/data/nvme_datasets/Pictures_CFSB_leaf_damage/2025_10_07_RSFB-Phenotyping_WG1_JLU/2025_10_07_RSFB-Phenotyping_WG1_JLU/20251007_141948.jpg,4.0,3.577955484390259,3.456202745437622,-0.12175270169973373,0.5437972545623779,0.4220445156097412,rank_margin10,46,single_rater_weak
2025_10_07_RSFB-Phenotyping_WG1_JLU/2025_10_07_RSFB-Phenotyping_WG1_JLU/20251007_141954.jpg,plot_86b21db3ef9aacce2827,wg_insects_t1_bbch10,/home/nfs/data/nvme_datasets/Pictures_CFSB_leaf_damage/2025_10_07_RSFB-Phenotyping_WG1_JLU/2025_10_07_RSFB-Phenotyping_WG1_JLU/20251007_141954.jpg,3.0,3.504842758178711,3.4457473754882812,-0.05909547582268715,0.44574737548828125,0.5048427581787109,rank_margin10,46,single_rater_weak
2025_10_07_RSFB-Phenotyping_WG1_JLU/2025_10_07_RSFB-Phenotyping_WG1_JLU/20251007_142011.jpg,plot_250cef0aa8a66524e7b3,wg_insects_t1_bbch10,/home/nfs/data/nvme_datasets/Pictures_CFSB_leaf_damage/2025_10_07_RSFB-Phenotyping_WG1_JLU/2025_10_07_RSFB-Phenotyping_WG1_JLU/20251007_142011.jpg,2.0,5.399341106414795,6.476963996887207,1.077622890472412,4.476963996887207,3.399341106414795,rank_margin10,46,single_rater_weak
2025_10_07_RSFB-Phenotyping_WG1_JLU/2025_10_07_RSFB-Phenotyping_WG1_JLU/20251007_142016.jpg,plot_250cef0aa8a66524e7b3,wg_insects_t1_bbch10,/home/nfs/data/nvme_datasets/Pictures_CFSB_leaf_damage/2025_10_07_RSFB-Phenotyping_WG1_JLU/2025_10_07_RSFB-Phenotyping_WG1_JLU/20251007_142016.jpg,2.0,5.585482597351074,6.093225479125977,0.5077428221702576,4.093225479125977,3.585482597351074,rank_margin10,46,single_rater_weak
2025_10_07_RSFB-Phenotyping_WG1_JLU/2025_10_07_RSFB-Phenotyping_WG1_JLU/20251007_142022.jpg,plot_250cef0aa8a66524e7b3,wg_insects_t1_bbch10,/home/nfs/data/nvme_datasets/Pictures_CFSB_leaf_damage/2025_10_07_RSFB-Phenotyping_WG1_JLU/2025_10_07_RSFB-Phenotyping_WG1_JLU/20251007_142022.jpg,4.0,4.2825469970703125,5.481356143951416,1.198809266090393,1.481356143951416,0.2825469970703125,rank_margin10,46,single_rater_weak
2025_10_07_RSFB-Phenotyping_WG1_JLU/2025_10_07_RSFB-Phenotyping_WG1_JLU/20251007_142036.jpg,plot_c259f15ad47dc731aa8f,wg_insects_t1_bbch10,/home/nfs/data/nvme_datasets/Pictures_CFSB_leaf_damage/2025_10_07_RSFB-Phenotyping_WG1_JLU/2025_10_07_RSFB-Phenotyping_WG1_JLU/20251007_142036.jpg,1.0,2.7287821769714355,2.332667112350464,-0.39611515402793884,1.3326671123504639,1.7287821769714355,rank_margin10,46,single_rater_weak
2025_10_07_RSFB-Phenotyping_WG1_JLU/2025_10_07_RSFB-Phenotyping_WG1_JLU/20251007_142041.jpg,plot_c259f15ad47dc731aa8f,wg_insects_t1_bbch10,/home/nfs/data/nvme_datasets/Pictures_CFSB_leaf_damage/2025_10_07_RSFB-Phenotyping_WG1_JLU/2025_10_07_RSFB-Phenotyping_WG1_JLU/20251007_142041.jpg,2.0,2.5701355934143066,2.2624094486236572,-0.30772605538368225,0.2624094486236572,0.5701355934143066,rank_margin10,46,single_rater_weak
2025_10_07_RSFB-Phenotyping_WG1_JLU/2025_10_07_RSFB-Phenotyping_WG1_JLU/20251007_142047.jpg,plot_c259f15ad47dc731aa8f,wg_insects_t1_bbch10,/home/nfs/data/nvme_datasets/Pictures_CFSB_leaf_damage/2025_10_07_RSFB-Phenotyping_WG1_JLU/2025_10_07_RSFB-Phenotyping_WG1_JLU/20251007_142047.jpg,10.0,5.133059501647949,4.926734447479248,-0.20632493495941162,5.073265552520752,4.866940498352051,rank_margin10,46,single_rater_weak
2025_10_07_RSFB-Phenotyping_WG1_JLU/2025_10_07_RSFB-Phenotyping_WG1_JLU/20251007_142103.jpg,plot_4690748ade6aa02179ec,wg_insects_t1_bbch10,/home/nfs/data/nvme_datasets/Pictures_CFSB_leaf_damage/2025_10_07_RSFB-Phenotyping_WG1_JLU/2025_10_07_RSFB-Phenotyping_WG1_JLU/20251007_142103.jpg,2.0,2.915184497833252,2.6931495666503906,-0.22203487157821655,0.6931495666503906,0.915184497833252,rank_margin10,46,single_rater_weak
2025_10_07_RSFB-Phenotyping_WG1_JLU/2025_10_07_RSFB-Phenotyping_WG1_JLU/20251007_142112.jpg,plot_4690748ade6aa02179ec,wg_insects_t1_bbch10,/home/nfs/data/nvme_datasets/Pictures_CFSB_leaf_damage/2025_10_07_RSFB-Phenotyping_WG1_JLU/2025_10_07_RSFB-Phenotyping_WG1_JLU/20251007_142112.jpg,8.0,4.882040500640869,5.03798770904541,0.15594711899757385,2.96201229095459,3.117959499359131,rank_margin10,46,single_rater_weak
2025_10_07_RSFB-Phenotyping_WG1_JLU/2025_10_07_RSFB-Phenotyping_WG1_JLU/20251007_142117.jpg,plot_4690748ade6aa02179ec,wg_insects_t1_bbch10,/home/nfs/data/nvme_datasets/Pictures_CFSB_leaf_damage/2025_10_07_RSFB-Phenotyping_WG1_JLU/2025_10_07_RSFB-Phenotyping_WG1_JLU/20251007_142117.jpg,20.0,4.676065444946289,5.87345027923584,1.1973850727081299,14.12654972076416,15.323934555053711,rank_margin10,46,single_rater_weak
2025_10_07_RSFB-Phenotyping_WG1_JLU/2025_10_07_RSFB-Phenotyping_WG1_JLU/20251007_142137.jpg,plot_78301f7caaae71a8f0bb,wg_insects_t1_bbch10,/home/nfs/data/nvme_datasets/Pictures_CFSB_leaf_damage/2025_10_07_RSFB-Phenotyping_WG1_JLU/2025_10_07_RSFB-Phenotyping_WG1_JLU/20251007_142137.jpg,5.0,5.539514541625977,5.4801025390625,-0.05941208079457283,0.4801025390625,0.5395145416259766,rank_margin10,46,single_rater_weak
2025_10_07_RSFB-Phenotyping_WG1_JLU/2025_10_07_RSFB-Phenotyping_WG1_JLU/20251007_142143.jpg,plot_78301f7caaae71a8f0bb,wg_insects_t1_bbch10,/home/nfs/data/nvme_datasets/Pictures_CFSB_leaf_damage/2025_10_07_RSFB-Phenotyping_WG1_JLU/2025_10_07_RSFB-Phenotyping_WG1_JLU/20251007_142143.jpg,2.0,2.512430191040039,1.8026243448257446,-0.7098058462142944,0.19737565517425537,0.5124301910400391,rank_margin10,46,single_rater_weak
2025_10_07_RSFB-Phenotyping_WG1_JLU/2025_10_07_RSFB-Phenotyping_WG1_JLU/20251007_142149.jpg,plot_78301f7caaae71a8f0bb,wg_insects_t1_bbch10,/home/nfs/data/nvme_datasets/Pictures_CFSB_leaf_damage/2025_10_07_RSFB-Phenotyping_WG1_JLU/2025_10_07_RSFB-Phenotyping_WG1_JLU/20251007_142149.jpg,2.0,4.6345953941345215,4.660782337188721,0.026186741888523102,2.6607823371887207,2.6345953941345215,rank_margin10,46,single_rater_weak
2025_10_07_RSFB-Phenotyping_WG1_JLU/2025_10_07_RSFB-Phenotyping_WG1_JLU/20251007_142210.jpg,plot_73e0bbbac0208c51d206,wg_insects_t1_bbch10,/home/nfs/data/nvme_datasets/Pictures_CFSB_leaf_damage/2025_10_07_RSFB-Phenotyping_WG1_JLU/2025_10_07_RSFB-Phenotyping_WG1_JLU/20251007_142210.jpg,13.0,6.844034194946289,6.8657307624816895,0.021696344017982483,6.1342692375183105,6.155965805053711,rank_margin10,46,single_rater_weak
2025_10_07_RSFB-Phenotyping_WG1_JLU/2025_10_07_RSFB-Phenotyping_WG1_JLU/20251007_142217.jpg,plot_73e0bbbac0208c51d206,wg_insects_t1_bbch10,/home/nfs/data/nvme_datasets/Pictures_CFSB_leaf_damage/2025_10_07_RSFB-Phenotyping_WG1_JLU/2025_10_07_RSFB-Phenotyping_WG1_JLU/20251007_142217.jpg,3.0,4.410686492919922,4.234140396118164,-0.17654605209827423,1.234140396118164,1.4106864929199219,rank_margin10,46,single_rater_weak
2025_10_07_RSFB-Phenotyping_WG1_JLU/2025_10_07_RSFB-Phenotyping_WG1_JLU/20251007_142222.jpg,plot_73e0bbbac0208c51d206,wg_insects_t1_bbch10,/home/nfs/data/nvme_datasets/Pictures_CFSB_leaf_damage/2025_10_07_RSFB-Phenotyping_WG1_JLU/2025_10_07_RSFB-Phenotyping_WG1_JLU/20251007_142222.jpg,5.0,3.1004109382629395,3.010146379470825,-0.09026461094617844,1.9898536205291748,1.8995890617370605,rank_margin10,46,single_rater_weak
2025_10_07_RSFB-Phenotyping_WG1_JLU/2025_10_07_RSFB-Phenotyping_WG1_JLU/20251007_142240.jpg,plot_528b221ffdba83ae382b,wg_insects_t1_bbch10,/home/nfs/data/nvme_datasets/Pictures_CFSB_leaf_damage/2025_10_07_RSFB-Phenotyping_WG1_JLU/2025_10_07_RSFB-Phenotyping_WG1_JLU/20251007_142240.jpg,3.0,3.2483530044555664,2.903696298599243,-0.34465667605400085,0.09630370140075684,0.2483530044555664,rank_margin10,46,single_rater_weak
2025_10_07_RSFB-Phenotyping_WG1_JLU/2025_10_07_RSFB-Phenotyping_WG1_JLU/20251007_142245.jpg,plot_528b221ffdba83ae382b,wg_insects_t1_bbch10,/home/nfs/data/nvme_datasets/Pictures_CFSB_leaf_damage/2025_10_07_RSFB-Phenotyping_WG1_JLU/2025_10_07_RSFB-Phenotyping_WG1_JLU/20251007_142245.jpg,3.0,3.680331230163574,3.4527769088745117,-0.2275543510913849,0.4527769088745117,0.6803312301635742,rank_margin10,46,single_rater_weak
2025_10_07_RSFB-Phenotyping_WG1_JLU/2025_10_07_RSFB-Phenotyping_WG1_JLU/20251007_142252.jpg,plot_528b221ffdba83ae382b,wg_insects_t1_bbch10,/home/nfs/data/nvme_datasets/Pictures_CFSB_leaf_damage/2025_10_07_RSFB-Phenotyping_WG1_JLU/2025_10_07_RSFB-Phenotyping_WG1_JLU/20251007_142252.jpg,1.0,5.681360244750977,5.72650146484375,0.04514113441109657,4.72650146484375,4.681360244750977,rank_margin10,46,single_rater_weak
2025_10_07_RSFB-Phenotyping_WG1_JLU/2025_10_07_RSFB-Phenotyping_WG1_JLU/20251007_142306.jpg,plot_131be62dbf51989d4d38,wg_insects_t1_bbch10,/home/nfs/data/nvme_datasets/Pictures_CFSB_leaf_damage/2025_10_07_RSFB-Phenotyping_WG1_JLU/2025_10_07_RSFB-Phenotyping_WG1_JLU/20251007_142306.jpg,2.0,4.89621639251709,4.955754280090332,0.05953805521130562,2.955754280090332,2.89621639251709,rank_margin10,46,single_rater_weak
2025_10_07_RSFB-Phenotyping_WG1_JLU/2025_10_07_RSFB-Phenotyping_WG1_JLU/20251007_142313.jpg,plot_131be62dbf51989d4d38,wg_insects_t1_bbch10,/home/nfs/data/nvme_datasets/Pictures_CFSB_leaf_damage/2025_10_07_RSFB-Phenotyping_WG1_JLU/2025_10_07_RSFB-Phenotyping_WG1_JLU/20251007_142313.jpg,3.0,3.3714804649353027,3.0565907955169678,-0.31488969922065735,0.05659079551696777,0.37148046493530273,rank_margin10,46,single_rater_weak
2025_10_07_RSFB-Phenotyping_WG1_JLU/2025_10_07_RSFB-Phenotyping_WG1_JLU/20251007_142319.jpg,plot_131be62dbf51989d4d38,wg_insects_t1_bbch10,/home/nfs/data/nvme_datasets/Pictures_CFSB_leaf_damage/2025_10_07_RSFB-Phenotyping_WG1_JLU/2025_10_07_RSFB-Phenotyping_WG1_JLU/20251007_142319.jpg,4.0,4.079738616943359,4.694092750549316,0.6143543720245361,0.6940927505493164,0.07973861694335938,rank_margin10,46,single_rater_weak
2025_10_07_RSFB-Phenotyping_WG1_JLU/2025_10_07_RSFB-Phenotyping_WG1_JLU/20251007_142334.jpg,plot_d1274d1d6e986d360875,wg_insects_t1_bbch10,/home/nfs/data/nvme_datasets/Pictures_CFSB_leaf_damage/2025_10_07_RSFB-Phenotyping_WG1_JLU/2025_10_07_RSFB-Phenotyping_WG1_JLU/20251007_142334.jpg,2.0,1.9627084732055664,2.6815056800842285,0.7187973260879517,0.6815056800842285,0.037291526794433594,rank_margin10,46,single_rater_weak
2025_10_07_RSFB-Phenotyping_WG1_JLU/2025_10_07_RSFB-Phenotyping_WG1_JLU/20251007_142339.jpg,plot_d1274d1d6e986d360875,wg_insects_t1_bbch10,/home/nfs/data/nvme_datasets/Pictures_CFSB_leaf_damage/2025_10_07_RSFB-Phenotyping_WG1_JLU/2025_10_07_RSFB-Phenotyping_WG1_JLU/20251007_142339.jpg,2.0,3.0772595405578613,3.093423843383789,0.01616438664495945,1.093423843383789,1.0772595405578613,rank_margin10,46,single_rater_weak
2025_10_07_RSFB-Phenotyping_WG1_JLU/2025_10_07_RSFB-Phenotyping_WG1_JLU/20251007_142347.jpg,plot_d1274d1d6e986d360875,wg_insects_t1_bbch10,/home/nfs/data/nvme_datasets/Pictures_CFSB_leaf_damage/2025_10_07_RSFB-Phenotyping_WG1_JLU/2025_10_07_RSFB-Phenotyping_WG1_JLU/20251007_142347.jpg,19.0,4.304086685180664,4.700155735015869,0.39606913924217224,14.299844741821289,14.695913314819336,rank_margin10,46,single_rater_weak
2025_10_07_RSFB-Phenotyping_WG1_JLU/2025_10_07_RSFB-Phenotyping_WG1_JLU/20251007_142403.jpg,plot_16c55d014e295e0ba022,wg_insects_t1_bbch10,/home/nfs/data/nvme_datasets/Pictures_CFSB_leaf_damage/2025_10_07_RSFB-Phenotyping_WG1_JLU/2025_10_07_RSFB-Phenotyping_WG1_JLU/20251007_142403.jpg,4.0,5.430481433868408,6.436241626739502,1.0057600736618042,2.436241626739502,1.4304814338684082,rank_margin10,46,single_rater_weak
2025_10_07_RSFB-Phenotyping_WG1_JLU/2025_10_07_RSFB-Phenotyping_WG1_JLU/20251007_142410.jpg,plot_16c55d014e295e0ba022,wg_insects_t1_bbch10,/home/nfs/data/nvme_datasets/Pictures_CFSB_leaf_damage/2025_10_07_RSFB-Phenotyping_WG1_JLU/2025_10_07_RSFB-Phenotyping_WG1_JLU/20251007_142410.jpg,4.0,4.3226847648620605,3.7259249687194824,-0.5967597961425781,0.2740750312805176,0.32268476486206055,rank_margin10,46,single_rater_weak
2025_10_07_RSFB-Phenotyping_WG1_JLU/2025_10_07_RSFB-Phenotyping_WG1_JLU/20251007_142415.jpg,plot_16c55d014e295e0ba022,wg_insects_t1_bbch10,/home/nfs/data/nvme_datasets/Pictures_CFSB_leaf_damage/2025_10_07_RSFB-Phenotyping_WG1_JLU/2025_10_07_RSFB-Phenotyping_WG1_JLU/20251007_142415.jpg,5.0,3.9532928466796875,3.9442801475524902,-0.00901281088590622,1.0557198524475098,1.0467071533203125,rank_margin10,46,single_rater_weak
2025_10_07_RSFB-Phenotyping_WG1_JLU/2025_10_07_RSFB-Phenotyping_WG1_JLU/20251007_142430.jpg,plot_580f5e613cd9f022668b,wg_insects_t1_bbch10,/home/nfs/data/nvme_datasets/Pictures_CFSB_leaf_damage/2025_10_07_RSFB-Phenotyping_WG1_JLU/2025_10_07_RSFB-Phenotyping_WG1_JLU/20251007_142430.jpg,7.0,4.029665946960449,4.499667644500732,0.4700017273426056,2.5003323554992676,2.970334053039551,rank_margin10,46,single_rater_weak
2025_10_07_RSFB-Phenotyping_WG1_JLU/2025_10_07_RSFB-Phenotyping_WG1_JLU/20251007_142435.jpg,plot_580f5e613cd9f022668b,wg_insects_t1_bbch10,/home/nfs/data/nvme_datasets/Pictures_CFSB_leaf_damage/2025_10_07_RSFB-Phenotyping_WG1_JLU/2025_10_07_RSFB-Phenotyping_WG1_JLU/20251007_142435.jpg,3.0,3.4826669692993164,3.1067428588867188,-0.37592408061027527,0.10674285888671875,0.4826669692993164,rank_margin10,46,single_rater_weak
2025_10_07_RSFB-Phenotyping_WG1_JLU/2025_10_07_RSFB-Phenotyping_WG1_JLU/20251007_142441.jpg,plot_580f5e613cd9f022668b,wg_insects_t1_bbch10,/home/nfs/data/nvme_datasets/Pictures_CFSB_leaf_damage/2025_10_07_RSFB-Phenotyping_WG1_JLU/2025_10_07_RSFB-Phenotyping_WG1_JLU/20251007_142441.jpg,9.0,7.811573505401611,9.157001495361328,1.3454281091690063,0.15700149536132812,1.1884264945983887,rank_margin10,46,single_rater_weak
2025_10_07_RSFB-Phenotyping_WG1_JLU/2025_10_07_RSFB-Phenotyping_WG1_JLU/20251007_142455.jpg,plot_cf6c07e4fcae447ab338,wg_insects_t1_bbch10,/home/nfs/data/nvme_datasets/Pictures_CFSB_leaf_damage/2025_10_07_RSFB-Phenotyping_WG1_JLU/2025_10_07_RSFB-Phenotyping_WG1_JLU/20251007_142455.jpg,7.0,3.1859097480773926,4.4709649085998535,1.2850552797317505,2.5290350914001465,3.8140902519226074,rank_margin10,46,single_rater_weak
2025_10_07_RSFB-Phenotyping_WG1_JLU/2025_10_07_RSFB-Phenotyping_WG1_JLU/20251007_142503.jpg,plot_cf6c07e4fcae447ab338,wg_insects_t1_bbch10,/home/nfs/data/nvme_datasets/Pictures_CFSB_leaf_damage/2025_10_07_RSFB-Phenotyping_WG1_JLU/2025_10_07_RSFB-Phenotyping_WG1_JLU/20251007_142503.jpg,4.0,3.3762245178222656,3.6539316177368164,0.2777070701122284,0.3460683822631836,0.6237754821777344,rank_margin10,46,single_rater_weak
2025_10_07_RSFB-Phenotyping_WG1_JLU/2025_10_07_RSFB-Phenotyping_WG1_JLU/20251007_142508.jpg,plot_cf6c07e4fcae447ab338,wg_insects_t1_bbch10,/home/nfs/data/nvme_datasets/Pictures_CFSB_leaf_damage/2025_10_07_RSFB-Phenotyping_WG1_JLU/2025_10_07_RSFB-Phenotyping_WG1_JLU/20251007_142508.jpg,6.0,3.858659029006958,4.5425944328308105,0.6839354038238525,1.4574055671691895,2.141340970993042,rank_margin10,46,single_rater_weak
2025_10_07_RSFB-Phenotyping_WG1_JLU/2025_10_07_RSFB-Phenotyping_WG1_JLU/20251007_142525.jpg,plot_d93e1d2812add952bc05,wg_insects_t1_bbch10,/home/nfs/data/nvme_datasets/Pictures_CFSB_leaf_damage/2025_10_07_RSFB-Phenotyping_WG1_JLU/2025_10_07_RSFB-Phenotyping_WG1_JLU/20251007_142525.jpg,2.0,5.350128173828125,5.5482282638549805,0.1981002241373062,3.5482282638549805,3.350128173828125,rank_margin10,46,single_rater_weak
2025_10_07_RSFB-Phenotyping_WG1_JLU/2025_10_07_RSFB-Phenotyping_WG1_JLU/20251007_142530.jpg,plot_d93e1d2812add952bc05,wg_insects_t1_bbch10,/home/nfs/data/nvme_datasets/Pictures_CFSB_leaf_damage/2025_10_07_RSFB-Phenotyping_WG1_JLU/2025_10_07_RSFB-Phenotyping_WG1_JLU/20251007_142530.jpg,3.0,4.51650857925415,4.1290202140808105,-0.3874881863594055,1.1290202140808105,1.5165085792541504,rank_margin10,46,single_rater_weak
2025_10_07_RSFB-Phenotyping_WG1_JLU/2025_10_07_RSFB-Phenotyping_WG1_JLU/20251007_142535.jpg,plot_d93e1d2812add952bc05,wg_insects_t1_bbch10,/home/nfs/data/nvme_datasets/Pictures_CFSB_leaf_damage/2025_10_07_RSFB-Phenotyping_WG1_JLU/2025_10_07_RSFB-Phenotyping_WG1_JLU/20251007_142535.jpg,2.0,5.048810005187988,5.0452351570129395,-0.0035748276859521866,3.0452351570129395,3.0488100051879883,rank_margin10,46,single_rater_weak
2025_10_07_RSFB-Phenotyping_WG1_JLU/2025_10_07_RSFB-Phenotyping_WG1_JLU/20251007_142550.jpg,plot_485952b0e10a79ec8185,wg_insects_t1_bbch10,/home/nfs/data/nvme_datasets/Pictures_CFSB_leaf_damage/2025_10_07_RSFB-Phenotyping_WG1_JLU/2025_10_07_RSFB-Phenotyping_WG1_JLU/20251007_142550.jpg,1.0,3.098994731903076,3.1831295490264893,0.08413485437631607,2.1831295490264893,2.098994731903076,rank_margin10,46,single_rater_weak
2025_10_07_RSFB-Phenotyping_WG1_JLU/2025_10_07_RSFB-Phenotyping_WG1_JLU/20251007_142558.jpg,plot_485952b0e10a79ec8185,wg_insects_t1_bbch10,/home/nfs/data/nvme_datasets/Pictures_CFSB_leaf_damage/2025_10_07_RSFB-Phenotyping_WG1_JLU/2025_10_07_RSFB-Phenotyping_WG1_JLU/20251007_142558.jpg,1.0,5.1779890060424805,5.370419979095459,0.19243112206459045,4.370419979095459,4.1779890060424805,rank_margin10,46,single_rater_weak
2025_10_07_RSFB-Phenotyping_WG1_JLU/2025_10_07_RSFB-Phenotyping_WG1_JLU/20251007_142608.jpg,plot_485952b0e10a79ec8185,wg_insects_t1_bbch10,/home/nfs/data/nvme_datasets/Pictures_CFSB_leaf_damage/2025_10_07_RSFB-Phenotyping_WG1_JLU/2025_10_07_RSFB-Phenotyping_WG1_JLU/20251007_142608.jpg,2.0,4.1000847816467285,3.9281442165374756,-0.17194047570228577,1.9281442165374756,2.1000847816467285,rank_margin10,46,single_rater_weak
2025_10_07_RSFB-Phenotyping_WG1_JLU/2025_10_07_RSFB-Phenotyping_WG1_JLU/20251007_142627.jpg,plot_744d52c29a1221ece015,wg_insects_t1_bbch10,/home/nfs/data/nvme_datasets/Pictures_CFSB_leaf_damage/2025_10_07_RSFB-Phenotyping_WG1_JLU/2025_10_07_RSFB-Phenotyping_WG1_JLU/20251007_142627.jpg,1.0,3.004025459289551,2.4965412616729736,-0.5074841976165771,1.4965412616729736,2.004025459289551,rank_margin10,46,single_rater_weak
2025_10_07_RSFB-Phenotyping_WG1_JLU/2025_10_07_RSFB-Phenotyping_WG1_JLU/20251007_142633.jpg,plot_744d52c29a1221ece015,wg_insects_t1_bbch10,/home/nfs/data/nvme_datasets/Pictures_CFSB_leaf_damage/2025_10_07_RSFB-Phenotyping_WG1_JLU/2025_10_07_RSFB-Phenotyping_WG1_JLU/20251007_142633.jpg,2.0,2.644526958465576,2.3612430095672607,-0.2832840383052826,0.36124300956726074,0.6445269584655762,rank_margin10,46,single_rater_weak
2025_10_07_RSFB-Phenotyping_WG1_JLU/2025_10_07_RSFB-Phenotyping_WG1_JLU/20251007_142639.jpg,plot_744d52c29a1221ece015,wg_insects_t1_bbch10,/home/nfs/data/nvme_datasets/Pictures_CFSB_leaf_damage/2025_10_07_RSFB-Phenotyping_WG1_JLU/2025_10_07_RSFB-Phenotyping_WG1_JLU/20251007_142639.jpg,3.0,3.635253667831421,4.354788303375244,0.7195345163345337,1.3547883033752441,0.6352536678314209,rank_margin10,46,single_rater_weak
2025_10_07_RSFB-Phenotyping_WG1_JLU/2025_10_07_RSFB-Phenotyping_WG1_JLU/20251007_142655.jpg,plot_18192f1b18eadc2b30db,wg_insects_t1_bbch10,/home/nfs/data/nvme_datasets/Pictures_CFSB_leaf_damage/2025_10_07_RSFB-Phenotyping_WG1_JLU/2025_10_07_RSFB-Phenotyping_WG1_JLU/20251007_142655.jpg,1.0,2.997239112854004,2.9421610832214355,-0.05507799983024597,1.9421610832214355,1.997239112854004,rank_margin10,46,single_rater_weak
2025_10_07_RSFB-Phenotyping_WG1_JLU/2025_10_07_RSFB-Phenotyping_WG1_JLU/20251007_142702.jpg,plot_18192f1b18eadc2b30db,wg_insects_t1_bbch10,/home/nfs/data/nvme_datasets/Pictures_CFSB_leaf_damage/2025_10_07_RSFB-Phenotyping_WG1_JLU/2025_10_07_RSFB-Phenotyping_WG1_JLU/20251007_142702.jpg,1.0,3.8885915279388428,4.004278182983398,0.11568668484687805,3.0042781829833984,2.8885915279388428,rank_margin10,46,single_rater_weak
2025_10_07_RSFB-Phenotyping_WG1_JLU/2025_10_07_RSFB-Phenotyping_WG1_JLU/20251007_142708.jpg,plot_18192f1b18eadc2b30db,wg_insects_t1_bbch10,/home/nfs/data/nvme_datasets/Pictures_CFSB_leaf_damage/2025_10_07_RSFB-Phenotyping_WG1_JLU/2025_10_07_RSFB-Phenotyping_WG1_JLU/20251007_142708.jpg,4.0,4.275563716888428,4.514371871948242,0.23880837857723236,0.5143718719482422,0.27556371688842773,rank_margin10,46,single_rater_weak
2025_10_07_RSFB-Phenotyping_WG1_JLU/2025_10_07_RSFB-Phenotyping_WG1_JLU/20251007_142723.jpg,plot_1c39766e5574b9aecdad,wg_insects_t1_bbch10,/home/nfs/data/nvme_datasets/Pictures_CFSB_leaf_damage/2025_10_07_RSFB-Phenotyping_WG1_JLU/2025_10_07_RSFB-Phenotyping_WG1_JLU/20251007_142723.jpg,1.0,2.412351131439209,2.571310520172119,0.1589594930410385,1.5713105201721191,1.412351131439209,rank_margin10,46,single_rater_weak
2025_10_07_RSFB-Phenotyping_WG1_JLU/2025_10_07_RSFB-Phenotyping_WG1_JLU/20251007_142728.jpg,plot_1c39766e5574b9aecdad,wg_insects_t1_bbch10,/home/nfs/data/nvme_datasets/Pictures_CFSB_leaf_damage/2025_10_07_RSFB-Phenotyping_WG1_JLU/2025_10_07_RSFB-Phenotyping_WG1_JLU/20251007_142728.jpg,1.0,2.701551914215088,2.2585177421569824,-0.44303423166275024,1.2585177421569824,1.701551914215088,rank_margin10,46,single_rater_weak
2025_10_07_RSFB-Phenotyping_WG1_JLU/2025_10_07_RSFB-Phenotyping_WG1_JLU/20251007_142734.jpg,plot_1c39766e5574b9aecdad,wg_insects_t1_bbch10,/home/nfs/data/nvme_datasets/Pictures_CFSB_leaf_damage/2025_10_07_RSFB-Phenotyping_WG1_JLU/2025_10_07_RSFB-Phenotyping_WG1_JLU/20251007_142734.jpg,2.0,3.332770347595215,3.7483248710632324,0.41555461287498474,1.7483248710632324,1.3327703475952148,rank_margin10,46,single_rater_weak
2025_10_07_RSFB-Phenotyping_WG1_JLU/2025_10_07_RSFB-Phenotyping_WG1_JLU/20251007_142749.jpg,plot_207fcb76844931a4163b,wg_insects_t1_bbch10,/home/nfs/data/nvme_datasets/Pictures_CFSB_leaf_damage/2025_10_07_RSFB-Phenotyping_WG1_JLU/2025_10_07_RSFB-Phenotyping_WG1_JLU/20251007_142749.jpg,3.0,5.78317403793335,7.031582832336426,1.2484086751937866,4.031582832336426,2.7831740379333496,rank_margin10,46,single_rater_weak
2025_10_07_RSFB-Phenotyping_WG1_JLU/2025_10_07_RSFB-Phenotyping_WG1_JLU/20251007_142754.jpg,plot_207fcb76844931a4163b,wg_insects_t1_bbch10,/home/nfs/data/nvme_datasets/Pictures_CFSB_leaf_damage/2025_10_07_RSFB-Phenotyping_WG1_JLU/2025_10_07_RSFB-Phenotyping_WG1_JLU/20251007_142754.jpg,6.0,4.089529037475586,3.656029462814331,-0.4334995150566101,2.343970537185669,1.910470962524414,rank_margin10,46,single_rater_weak
2025_10_07_RSFB-Phenotyping_WG1_JLU/2025_10_07_RSFB-Phenotyping_WG1_JLU/20251007_142803.jpg,plot_207fcb76844931a4163b,wg_insects_t1_bbch10,/home/nfs/data/nvme_datasets/Pictures_CFSB_leaf_damage/2025_10_07_RSFB-Phenotyping_WG1_JLU/2025_10_07_RSFB-Phenotyping_WG1_JLU/20251007_142803.jpg,8.0,4.274497032165527,4.379688739776611,0.10519147664308548,3.6203112602233887,3.7255029678344727,rank_margin10,46,single_rater_weak
2025_10_07_RSFB-Phenotyping_WG1_JLU/2025_10_07_RSFB-Phenotyping_WG1_JLU/20251007_142818.jpg,plot_f028b355ae3da1155aa1,wg_insects_t1_bbch10,/home/nfs/data/nvme_datasets/Pictures_CFSB_leaf_damage/2025_10_07_RSFB-Phenotyping_WG1_JLU/2025_10_07_RSFB-Phenotyping_WG1_JLU/20251007_142818.jpg,6.0,3.21589994430542,3.319979429244995,0.10407942533493042,2.680020570755005,2.78410005569458,rank_margin10,46,single_rater_weak
2025_10_07_RSFB-Phenotyping_WG1_JLU/2025_10_07_RSFB-Phenotyping_WG1_JLU/20251007_142824.jpg,plot_f028b355ae3da1155aa1,wg_insects_t1_bbch10,/home/nfs/data/nvme_datasets/Pictures_CFSB_leaf_damage/2025_10_07_RSFB-Phenotyping_WG1_JLU/2025_10_07_RSFB-Phenotyping_WG1_JLU/20251007_142824.jpg,4.0,2.950308322906494,2.851940631866455,-0.09836775064468384,1.148059368133545,1.0496916770935059,rank_margin10,46,single_rater_weak
2025_10_07_RSFB-Phenotyping_WG1_JLU/2025_10_07_RSFB-Phenotyping_WG1_JLU/20251007_142831.jpg,plot_f028b355ae3da1155aa1,wg_insects_t1_bbch10,/home/nfs/data/nvme_datasets/Pictures_CFSB_leaf_damage/2025_10_07_RSFB-Phenotyping_WG1_JLU/2025_10_07_RSFB-Phenotyping_WG1_JLU/20251007_142831.jpg,5.0,5.093229293823242,5.969936847686768,0.8767073750495911,0.9699368476867676,0.09322929382324219,rank_margin10,46,single_rater_weak
2025_10_07_RSFB-Phenotyping_WG1_JLU/2025_10_07_RSFB-Phenotyping_WG1_JLU/20251007_142848.jpg,plot_896ef3565b8a2b3913bd,wg_insects_t1_bbch10,/home/nfs/data/nvme_datasets/Pictures_CFSB_leaf_damage/2025_10_07_RSFB-Phenotyping_WG1_JLU/2025_10_07_RSFB-Phenotyping_WG1_JLU/20251007_142848.jpg,3.0,3.3704426288604736,3.973407506942749,0.6029648184776306,0.973407506942749,0.37044262886047363,rank_margin10,46,single_rater_weak
2025_10_07_RSFB-Phenotyping_WG1_JLU/2025_10_07_RSFB-Phenotyping_WG1_JLU/20251007_142854.jpg,plot_896ef3565b8a2b3913bd,wg_insects_t1_bbch10,/home/nfs/data/nvme_datasets/Pictures_CFSB_leaf_damage/2025_10_07_RSFB-Phenotyping_WG1_JLU/2025_10_07_RSFB-Phenotyping_WG1_JLU/20251007_142854.jpg,2.0,2.633209228515625,3.4023258686065674,0.7691166400909424,1.4023258686065674,0.633209228515625,rank_margin10,46,single_rater_weak
2025_10_07_RSFB-Phenotyping_WG1_JLU/2025_10_07_RSFB-Phenotyping_WG1_JLU/20251007_142900.jpg,plot_896ef3565b8a2b3913bd,wg_insects_t1_bbch10,/home/nfs/data/nvme_datasets/Pictures_CFSB_leaf_damage/2025_10_07_RSFB-Phenotyping_WG1_JLU/2025_10_07_RSFB-Phenotyping_WG1_JLU/20251007_142900.jpg,14.0,4.113642692565918,4.1342082023620605,0.0205654576420784,9.865791320800781,9.886357307434082,rank_margin10,46,single_rater_weak
2025_10_07_RSFB-Phenotyping_WG1_JLU/2025_10_07_RSFB-Phenotyping_WG1_JLU/20251007_142915.jpg,plot_4bd0766de071a823ace0,wg_insects_t1_bbch10,/home/nfs/data/nvme_datasets/Pictures_CFSB_leaf_damage/2025_10_07_RSFB-Phenotyping_WG1_JLU/2025_10_07_RSFB-Phenotyping_WG1_JLU/20251007_142915.jpg,7.0,2.8585848808288574,3.0803091526031494,0.22172433137893677,3.9196908473968506,4.141415119171143,rank_margin10,46,single_rater_weak
2025_10_07_RSFB-Phenotyping_WG1_JLU/2025_10_07_RSFB-Phenotyping_WG1_JLU/20251007_142921.jpg,plot_4bd0766de071a823ace0,wg_insects_t1_bbch10,/home/nfs/data/nvme_datasets/Pictures_CFSB_leaf_damage/2025_10_07_RSFB-Phenotyping_WG1_JLU/2025_10_07_RSFB-Phenotyping_WG1_JLU/20251007_142921.jpg,2.0,3.4484763145446777,2.989065170288086,-0.45941102504730225,0.9890651702880859,1.4484763145446777,rank_margin10,46,single_rater_weak
2025_10_07_RSFB-Phenotyping_WG1_JLU/2025_10_07_RSFB-Phenotyping_WG1_JLU/20251007_142927.jpg,plot_4bd0766de071a823ace0,wg_insects_t1_bbch10,/home/nfs/data/nvme_datasets/Pictures_CFSB_leaf_damage/2025_10_07_RSFB-Phenotyping_WG1_JLU/2025_10_07_RSFB-Phenotyping_WG1_JLU/20251007_142927.jpg,17.0,6.672557830810547,7.929133892059326,1.2565760612487793,9.070865631103516,10.327442169189453,rank_margin10,46,single_rater_weak
2025_10_07_RSFB-Phenotyping_WG1_JLU/2025_10_07_RSFB-Phenotyping_WG1_JLU/20251007_142941.jpg,plot_17a078cb9a1dd8f425ef,wg_insects_t1_bbch10,/home/nfs/data/nvme_datasets/Pictures_CFSB_leaf_damage/2025_10_07_RSFB-Phenotyping_WG1_JLU/2025_10_07_RSFB-Phenotyping_WG1_JLU/20251007_142941.jpg,3.0,4.516521453857422,4.153050422668457,-0.3634711802005768,1.153050422668457,1.5165214538574219,rank_margin10,46,single_rater_weak
2025_10_07_RSFB-Phenotyping_WG1_JLU/2025_10_07_RSFB-Phenotyping_WG1_JLU/20251007_142947.jpg,plot_17a078cb9a1dd8f425ef,wg_insects_t1_bbch10,/home/nfs/data/nvme_datasets/Pictures_CFSB_leaf_damage/2025_10_07_RSFB-Phenotyping_WG1_JLU/2025_10_07_RSFB-Phenotyping_WG1_JLU/20251007_142947.jpg,3.0,5.339061737060547,5.349380016326904,0.010318384505808353,2.3493800163269043,2.339061737060547,rank_margin10,46,single_rater_weak
2025_10_07_RSFB-Phenotyping_WG1_JLU/2025_10_07_RSFB-Phenotyping_WG1_JLU/20251007_142953.jpg,plot_17a078cb9a1dd8f425ef,wg_insects_t1_bbch10,/home/nfs/data/nvme_datasets/Pictures_CFSB_leaf_damage/2025_10_07_RSFB-Phenotyping_WG1_JLU/2025_10_07_RSFB-Phenotyping_WG1_JLU/20251007_142953.jpg,4.0,4.2982177734375,4.217361927032471,-0.08085574209690094,0.2173619270324707,0.2982177734375,rank_margin10,46,single_rater_weak
2025_10_07_RSFB-Phenotyping_WG1_JLU/2025_10_07_RSFB-Phenotyping_WG1_JLU/20251007_143009.jpg,plot_8dc64b36fafe00e7d90d,wg_insects_t1_bbch10,/home/nfs/data/nvme_datasets/Pictures_CFSB_leaf_damage/2025_10_07_RSFB-Phenotyping_WG1_JLU/2025_10_07_RSFB-Phenotyping_WG1_JLU/20251007_143009.jpg,3.0,5.631438255310059,5.728954792022705,0.09751647710800171,2.728954792022705,2.6314382553100586,rank_margin10,46,single_rater_weak
2025_10_07_RSFB-Phenotyping_WG1_JLU/2025_10_07_RSFB-Phenotyping_WG1_JLU/20251007_143015.jpg,plot_8dc64b36fafe00e7d90d,wg_insects_t1_bbch10,/home/nfs/data/nvme_datasets/Pictures_CFSB_leaf_damage/2025_10_07_RSFB-Phenotyping_WG1_JLU/2025_10_07_RSFB-Phenotyping_WG1_JLU/20251007_143015.jpg,2.0,3.5289556980133057,3.152757167816162,-0.37619853019714355,1.152757167816162,1.5289556980133057,rank_margin10,46,single_rater_weak
2025_10_07_RSFB-Phenotyping_WG1_JLU/2025_10_07_RSFB-Phenotyping_WG1_JLU/20251007_143021.jpg,plot_8dc64b36fafe00e7d90d,wg_insects_t1_bbch10,/home/nfs/data/nvme_datasets/Pictures_CFSB_leaf_damage/2025_10_07_RSFB-Phenotyping_WG1_JLU/2025_10_07_RSFB-Phenotyping_WG1_JLU/20251007_143021.jpg,1.0,3.163442611694336,4.062305927276611,0.8988634347915649,3.0623059272766113,2.163442611694336,rank_margin10,46,single_rater_weak
2025_10_07_RSFB-Phenotyping_WG1_JLU/2025_10_07_RSFB-Phenotyping_WG1_JLU/20251007_143041.jpg,plot_e440ad19e2645e40c203,wg_insects_t1_bbch10,/home/nfs/data/nvme_datasets/Pictures_CFSB_leaf_damage/2025_10_07_RSFB-Phenotyping_WG1_JLU/2025_10_07_RSFB-Phenotyping_WG1_JLU/20251007_143041.jpg,4.0,3.865999221801758,3.6862964630126953,-0.17970263957977295,0.3137035369873047,0.1340007781982422,rank_margin10,46,single_rater_weak
2025_10_07_RSFB-Phenotyping_WG1_JLU/2025_10_07_RSFB-Phenotyping_WG1_JLU/20251007_143047.jpg,plot_e440ad19e2645e40c203,wg_insects_t1_bbch10,/home/nfs/data/nvme_datasets/Pictures_CFSB_leaf_damage/2025_10_07_RSFB-Phenotyping_WG1_JLU/2025_10_07_RSFB-Phenotyping_WG1_JLU/20251007_143047.jpg,3.0,3.7059340476989746,3.859372615814209,0.15343862771987915,0.859372615814209,0.7059340476989746,rank_margin10,46,single_rater_weak
2025_10_07_RSFB-Phenotyping_WG1_JLU/2025_10_07_RSFB-Phenotyping_WG1_JLU/20251007_143053.jpg,plot_e440ad19e2645e40c203,wg_insects_t1_bbch10,/home/nfs/data/nvme_datasets/Pictures_CFSB_leaf_damage/2025_10_07_RSFB-Phenotyping_WG1_JLU/2025_10_07_RSFB-Phenotyping_WG1_JLU/20251007_143053.jpg,3.0,9.756750106811523,9.687296867370605,-0.06945361196994781,6.6872968673706055,6.756750106811523,rank_margin10,46,single_rater_weak
2025_10_07_RSFB-Phenotyping_WG1_JLU/2025_10_07_RSFB-Phenotyping_WG1_JLU/20251007_143117.jpg,plot_ec7204b67ec985b6e0fe,wg_insects_t1_bbch10,/home/nfs/data/nvme_datasets/Pictures_CFSB_leaf_damage/2025_10_07_RSFB-Phenotyping_WG1_JLU/2025_10_07_RSFB-Phenotyping_WG1_JLU/20251007_143117.jpg,2.0,2.8128199577331543,2.461440086364746,-0.35137999057769775,0.4614400863647461,0.8128199577331543,rank_margin10,46,single_rater_weak
2025_10_07_RSFB-Phenotyping_WG1_JLU/2025_10_07_RSFB-Phenotyping_WG1_JLU/20251007_143122.jpg,plot_ec7204b67ec985b6e0fe,wg_insects_t1_bbch10,/home/nfs/data/nvme_datasets/Pictures_CFSB_leaf_damage/2025_10_07_RSFB-Phenotyping_WG1_JLU/2025_10_07_RSFB-Phenotyping_WG1_JLU/20251007_143122.jpg,8.0,5.163503646850586,5.7835235595703125,0.6200198531150818,2.2164764404296875,2.836496353149414,rank_margin10,46,single_rater_weak
2025_10_07_RSFB-Phenotyping_WG1_JLU/2025_10_07_RSFB-Phenotyping_WG1_JLU/20251007_143128.jpg,plot_ec7204b67ec985b6e0fe,wg_insects_t1_bbch10,/home/nfs/data/nvme_datasets/Pictures_CFSB_leaf_damage/2025_10_07_RSFB-Phenotyping_WG1_JLU/2025_10_07_RSFB-Phenotyping_WG1_JLU/20251007_143128.jpg,8.0,3.455866575241089,3.334609031677246,-0.12125759571790695,4.665390968322754,4.544133186340332,rank_margin10,46,single_rater_weak
2025_10_07_RSFB-Phenotyping_WG1_JLU/2025_10_07_RSFB-Phenotyping_WG1_JLU/20251007_143145.jpg,plot_ff280b60a06f61174155,wg_insects_t1_bbch10,/home/nfs/data/nvme_datasets/Pictures_CFSB_leaf_damage/2025_10_07_RSFB-Phenotyping_WG1_JLU/2025_10_07_RSFB-Phenotyping_WG1_JLU/20251007_143145.jpg,2.0,2.6058096885681152,3.312161922454834,0.7063522338867188,1.312161922454834,0.6058096885681152,rank_margin10,46,single_rater_weak
2025_10_07_RSFB-Phenotyping_WG1_JLU/2025_10_07_RSFB-Phenotyping_WG1_JLU/20251007_143152.jpg,plot_ff280b60a06f61174155,wg_insects_t1_bbch10,/home/nfs/data/nvme_datasets/Pictures_CFSB_leaf_damage/2025_10_07_RSFB-Phenotyping_WG1_JLU/2025_10_07_RSFB-Phenotyping_WG1_JLU/20251007_143152.jpg,2.0,7.316402912139893,8.338111877441406,1.021708607673645,6.338111877441406,5.316402912139893,rank_margin10,46,single_rater_weak
2025_10_07_RSFB-Phenotyping_WG1_JLU/2025_10_07_RSFB-Phenotyping_WG1_JLU/20251007_143213.jpg,plot_4489d1bc182a788bdae8,wg_insects_t1_bbch10,/home/nfs/data/nvme_datasets/Pictures_CFSB_leaf_damage/2025_10_07_RSFB-Phenotyping_WG1_JLU/2025_10_07_RSFB-Phenotyping_WG1_JLU/20251007_143213.jpg,2.0,2.6478004455566406,2.9982426166534424,0.35044217109680176,0.9982426166534424,0.6478004455566406,rank_margin10,46,single_rater_weak
2025_10_07_RSFB-Phenotyping_WG1_JLU/2025_10_07_RSFB-Phenotyping_WG1_JLU/20251007_143218.jpg,plot_4489d1bc182a788bdae8,wg_insects_t1_bbch10,/home/nfs/data/nvme_datasets/Pictures_CFSB_leaf_damage/2025_10_07_RSFB-Phenotyping_WG1_JLU/2025_10_07_RSFB-Phenotyping_WG1_JLU/20251007_143218.jpg,2.0,2.602107524871826,2.091594934463501,-0.5105125904083252,0.09159493446350098,0.6021075248718262,rank_margin10,46,single_rater_weak
2025_10_07_RSFB-Phenotyping_WG1_JLU/2025_10_07_RSFB-Phenotyping_WG1_JLU/20251007_143224.jpg,plot_4489d1bc182a788bdae8,wg_insects_t1_bbch10,/home/nfs/data/nvme_datasets/Pictures_CFSB_leaf_damage/2025_10_07_RSFB-Phenotyping_WG1_JLU/2025_10_07_RSFB-Phenotyping_WG1_JLU/20251007_143224.jpg,2.0,2.747509002685547,2.5609192848205566,-0.18658962845802307,0.5609192848205566,0.7475090026855469,rank_margin10,46,single_rater_weak
2025_10_07_RSFB-Phenotyping_WG1_JLU/2025_10_07_RSFB-Phenotyping_WG1_JLU/20251007_143246.jpg,plot_92aa02bf0421f8fae990,wg_insects_t1_bbch10,/home/nfs/data/nvme_datasets/Pictures_CFSB_leaf_damage/2025_10_07_RSFB-Phenotyping_WG1_JLU/2025_10_07_RSFB-Phenotyping_WG1_JLU/20251007_143246.jpg,3.0,3.6768574714660645,4.673863887786865,0.9970065355300903,1.6738638877868652,0.6768574714660645,rank_margin10,46,single_rater_weak
2025_10_07_RSFB-Phenotyping_WG1_JLU/2025_10_07_RSFB-Phenotyping_WG1_JLU/20251007_143252.jpg,plot_92aa02bf0421f8fae990,wg_insects_t1_bbch10,/home/nfs/data/nvme_datasets/Pictures_CFSB_leaf_damage/2025_10_07_RSFB-Phenotyping_WG1_JLU/2025_10_07_RSFB-Phenotyping_WG1_JLU/20251007_143252.jpg,3.0,3.1035118103027344,2.508037567138672,-0.5954741835594177,0.4919624328613281,0.10351181030273438,rank_margin10,46,single_rater_weak
2025_10_07_RSFB-Phenotyping_WG1_JLU/2025_10_07_RSFB-Phenotyping_WG1_JLU/20251007_143258.jpg,plot_92aa02bf0421f8fae990,wg_insects_t1_bbch10,/home/nfs/data/nvme_datasets/Pictures_CFSB_leaf_damage/2025_10_07_RSFB-Phenotyping_WG1_JLU/2025_10_07_RSFB-Phenotyping_WG1_JLU/20251007_143258.jpg,4.0,3.5309510231018066,4.213125228881836,0.6821739673614502,0.21312522888183594,0.46904897689819336,rank_margin10,46,single_rater_weak
2025_10_07_RSFB-Phenotyping_WG1_JLU/2025_10_07_RSFB-Phenotyping_WG1_JLU/20251007_143313.jpg,plot_8c9a840a088e04850988,wg_insects_t1_bbch10,/home/nfs/data/nvme_datasets/Pictures_CFSB_leaf_damage/2025_10_07_RSFB-Phenotyping_WG1_JLU/2025_10_07_RSFB-Phenotyping_WG1_JLU/20251007_143313.jpg,2.0,2.2081522941589355,1.8889987468719482,-0.3191536068916321,0.11100125312805176,0.20815229415893555,rank_margin10,46,single_rater_weak
2025_10_07_RSFB-Phenotyping_WG1_JLU/2025_10_07_RSFB-Phenotyping_WG1_JLU/20251007_143318.jpg,plot_8c9a840a088e04850988,wg_insects_t1_bbch10,/home/nfs/data/nvme_datasets/Pictures_CFSB_leaf_damage/2025_10_07_RSFB-Phenotyping_WG1_JLU/2025_10_07_RSFB-Phenotyping_WG1_JLU/20251007_143318.jpg,3.0,3.386127471923828,3.230344533920288,-0.15578292310237885,0.23034453392028809,0.3861274719238281,rank_margin10,46,single_rater_weak
2025_10_07_RSFB-Phenotyping_WG1_JLU/2025_10_07_RSFB-Phenotyping_WG1_JLU/20251007_143324.jpg,plot_8c9a840a088e04850988,wg_insects_t1_bbch10,/home/nfs/data/nvme_datasets/Pictures_CFSB_leaf_damage/2025_10_07_RSFB-Phenotyping_WG1_JLU/2025_10_07_RSFB-Phenotyping_WG1_JLU/20251007_143324.jpg,3.0,3.7553038597106934,3.5050084590911865,-0.25029537081718445,0.5050084590911865,0.7553038597106934,rank_margin10,46,single_rater_weak
2025_10_07_RSFB-Phenotyping_WG1_JLU/2025_10_07_RSFB-Phenotyping_WG1_JLU/20251007_143344.jpg,plot_d9c4eca6240ca33cec8a,wg_insects_t1_bbch10,/home/nfs/data/nvme_datasets/Pictures_CFSB_leaf_damage/2025_10_07_RSFB-Phenotyping_WG1_JLU/2025_10_07_RSFB-Phenotyping_WG1_JLU/20251007_143344.jpg,4.0,4.765888214111328,5.125914573669434,0.3600265383720398,1.1259145736694336,0.7658882141113281,rank_margin10,46,single_rater_weak
2025_10_07_RSFB-Phenotyping_WG1_JLU/2025_10_07_RSFB-Phenotyping_WG1_JLU/20251007_143351.jpg,plot_d9c4eca6240ca33cec8a,wg_insects_t1_bbch10,/home/nfs/data/nvme_datasets/Pictures_CFSB_leaf_damage/2025_10_07_RSFB-Phenotyping_WG1_JLU/2025_10_07_RSFB-Phenotyping_WG1_JLU/20251007_143351.jpg,5.0,3.892948865890503,3.812962532043457,-0.07998638600111008,1.187037467956543,1.107051134109497,rank_margin10,46,single_rater_weak
2025_10_07_RSFB-Phenotyping_WG1_JLU/2025_10_07_RSFB-Phenotyping_WG1_JLU/20251007_143357.jpg,plot_d9c4eca6240ca33cec8a,wg_insects_t1_bbch10,/home/nfs/data/nvme_datasets/Pictures_CFSB_leaf_damage/2025_10_07_RSFB-Phenotyping_WG1_JLU/2025_10_07_RSFB-Phenotyping_WG1_JLU/20251007_143357.jpg,4.0,7.647010803222656,8.255280494689941,0.6082696914672852,4.255280494689941,3.6470108032226562,rank_margin10,46,single_rater_weak
2025_10_07_RSFB-Phenotyping_WG1_JLU/2025_10_07_RSFB-Phenotyping_WG1_JLU/20251007_143413.jpg,plot_391adb2aa68668f865be,wg_insects_t1_bbch10,/home/nfs/data/nvme_datasets/Pictures_CFSB_leaf_damage/2025_10_07_RSFB-Phenotyping_WG1_JLU/2025_10_07_RSFB-Phenotyping_WG1_JLU/20251007_143413.jpg,2.0,2.940983772277832,2.7645950317382812,-0.17638863623142242,0.7645950317382812,0.940983772277832,rank_margin10,46,single_rater_weak
2025_10_07_RSFB-Phenotyping_WG1_JLU/2025_10_07_RSFB-Phenotyping_WG1_JLU/20251007_143419.jpg,plot_391adb2aa68668f865be,wg_insects_t1_bbch10,/home/nfs/data/nvme_datasets/Pictures_CFSB_leaf_damage/2025_10_07_RSFB-Phenotyping_WG1_JLU/2025_10_07_RSFB-Phenotyping_WG1_JLU/20251007_143419.jpg,4.0,3.552058458328247,3.7823173999786377,0.23025892674922943,0.2176826000213623,0.44794154167175293,rank_margin10,46,single_rater_weak
2025_10_07_RSFB-Phenotyping_WG1_JLU/2025_10_07_RSFB-Phenotyping_WG1_JLU/20251007_143425.jpg,plot_391adb2aa68668f865be,wg_insects_t1_bbch10,/home/nfs/data/nvme_datasets/Pictures_CFSB_leaf_damage/2025_10_07_RSFB-Phenotyping_WG1_JLU/2025_10_07_RSFB-Phenotyping_WG1_JLU/20251007_143425.jpg,6.0,6.280543327331543,6.875799655914307,0.5952562093734741,0.8757996559143066,0.28054332733154297,rank_margin10,46,single_rater_weak
2025_10_07_RSFB-Phenotyping_WG1_JLU/2025_10_07_RSFB-Phenotyping_WG1_JLU/20251007_143444.jpg,plot_5bfbbcb9288a86fb3a45,wg_insects_t1_bbch10,/home/nfs/data/nvme_datasets/Pictures_CFSB_leaf_damage/2025_10_07_RSFB-Phenotyping_WG1_JLU/2025_10_07_RSFB-Phenotyping_WG1_JLU/20251007_143444.jpg,1.0,2.7218050956726074,2.5611884593963623,-0.16061656177043915,1.5611884593963623,1.7218050956726074,rank_margin10,46,single_rater_weak
2025_10_07_RSFB-Phenotyping_WG1_JLU/2025_10_07_RSFB-Phenotyping_WG1_JLU/20251007_143450.jpg,plot_5bfbbcb9288a86fb3a45,wg_insects_t1_bbch10,/home/nfs/data/nvme_datasets/Pictures_CFSB_leaf_damage/2025_10_07_RSFB-Phenotyping_WG1_JLU/2025_10_07_RSFB-Phenotyping_WG1_JLU/20251007_143450.jpg,1.0,7.242828369140625,8.153382301330566,0.9105542898178101,7.153382301330566,6.242828369140625,rank_margin10,46,single_rater_weak
2025_10_07_RSFB-Phenotyping_WG1_JLU/2025_10_07_RSFB-Phenotyping_WG1_JLU/20251007_143456.jpg,plot_5bfbbcb9288a86fb3a45,wg_insects_t1_bbch10,/home/nfs/data/nvme_datasets/Pictures_CFSB_leaf_damage/2025_10_07_RSFB-Phenotyping_WG1_JLU/2025_10_07_RSFB-Phenotyping_WG1_JLU/20251007_143456.jpg,4.0,3.205578327178955,2.9490437507629395,-0.2565344572067261,1.0509562492370605,0.7944216728210449,rank_margin10,46,single_rater_weak
2025_10_07_RSFB-Phenotyping_WG1_JLU/2025_10_07_RSFB-Phenotyping_WG1_JLU/20251007_143513.jpg,plot_60088a033e41430aba03,wg_insects_t1_bbch10,/home/nfs/data/nvme_datasets/Pictures_CFSB_leaf_damage/2025_10_07_RSFB-Phenotyping_WG1_JLU/2025_10_07_RSFB-Phenotyping_WG1_JLU/20251007_143513.jpg,3.0,5.388516426086426,5.715180397033691,0.32666414976119995,2.7151803970336914,2.388516426086426,rank_margin10,46,single_rater_weak
2025_10_07_RSFB-Phenotyping_WG1_JLU/2025_10_07_RSFB-Phenotyping_WG1_JLU/20251007_143518.jpg,plot_60088a033e41430aba03,wg_insects_t1_bbch10,/home/nfs/data/nvme_datasets/Pictures_CFSB_leaf_damage/2025_10_07_RSFB-Phenotyping_WG1_JLU/2025_10_07_RSFB-Phenotyping_WG1_JLU/20251007_143518.jpg,3.0,4.469491004943848,4.212513446807861,-0.2569774091243744,1.2125134468078613,1.4694910049438477,rank_margin10,46,single_rater_weak
2025_10_07_RSFB-Phenotyping_WG1_JLU/2025_10_07_RSFB-Phenotyping_WG1_JLU/20251007_143526.jpg,plot_60088a033e41430aba03,wg_insects_t1_bbch10,/home/nfs/data/nvme_datasets/Pictures_CFSB_leaf_damage/2025_10_07_RSFB-Phenotyping_WG1_JLU/2025_10_07_RSFB-Phenotyping_WG1_JLU/20251007_143526.jpg,8.0,4.746337890625,5.688836574554443,0.9424986839294434,2.3111634254455566,3.253662109375,rank_margin10,46,single_rater_weak
2025_10_07_RSFB-Phenotyping_WG1_JLU/2025_10_07_RSFB-Phenotyping_WG1_JLU/20251007_143544.jpg,plot_18802f8a07563d069054,wg_insects_t1_bbch10,/home/nfs/data/nvme_datasets/Pictures_CFSB_leaf_damage/2025_10_07_RSFB-Phenotyping_WG1_JLU/2025_10_07_RSFB-Phenotyping_WG1_JLU/20251007_143544.jpg,2.0,2.549532413482666,2.4240846633911133,-0.12544777989387512,0.4240846633911133,0.549532413482666,rank_margin10,46,single_rater_weak
2025_10_07_RSFB-Phenotyping_WG1_JLU/2025_10_07_RSFB-Phenotyping_WG1_JLU/20251007_143550.jpg,plot_18802f8a07563d069054,wg_insects_t1_bbch10,/home/nfs/data/nvme_datasets/Pictures_CFSB_leaf_damage/2025_10_07_RSFB-Phenotyping_WG1_JLU/2025_10_07_RSFB-Phenotyping_WG1_JLU/20251007_143550.jpg,2.0,4.244100570678711,3.9468400478363037,-0.29726046323776245,1.9468400478363037,2.244100570678711,rank_margin10,46,single_rater_weak
2025_10_07_RSFB-Phenotyping_WG1_JLU/2025_10_07_RSFB-Phenotyping_WG1_JLU/20251007_143556.jpg,plot_18802f8a07563d069054,wg_insects_t1_bbch10,/home/nfs/data/nvme_datasets/Pictures_CFSB_leaf_damage/2025_10_07_RSFB-Phenotyping_WG1_JLU/2025_10_07_RSFB-Phenotyping_WG1_JLU/20251007_143556.jpg,18.0,2.6145691871643066,3.2868926525115967,0.6723234057426453,14.713107109069824,15.385431289672852,rank_margin10,46,single_rater_weak
2025_10_07_RSFB-Phenotyping_WG1_JLU/2025_10_07_RSFB-Phenotyping_WG1_JLU/20251007_143613.jpg,plot_3e704ac9c25be86e5000,wg_insects_t1_bbch10,/home/nfs/data/nvme_datasets/Pictures_CFSB_leaf_damage/2025_10_07_RSFB-Phenotyping_WG1_JLU/2025_10_07_RSFB-Phenotyping_WG1_JLU/20251007_143613.jpg,7.0,4.4175615310668945,4.280811309814453,-0.13675035536289215,2.719188690185547,2.5824384689331055,rank_margin10,46,single_rater_weak
2025_10_07_RSFB-Phenotyping_WG1_JLU/2025_10_07_RSFB-Phenotyping_WG1_JLU/20251007_143619.jpg,plot_3e704ac9c25be86e5000,wg_insects_t1_bbch10,/home/nfs/data/nvme_datasets/Pictures_CFSB_leaf_damage/2025_10_07_RSFB-Phenotyping_WG1_JLU/2025_10_07_RSFB-Phenotyping_WG1_JLU/20251007_143619.jpg,2.0,5.103899002075195,5.305623531341553,0.20172449946403503,3.3056235313415527,3.1038990020751953,rank_margin10,46,single_rater_weak
2025_10_07_RSFB-Phenotyping_WG1_JLU/2025_10_07_RSFB-Phenotyping_WG1_JLU/20251007_143625.jpg,plot_3e704ac9c25be86e5000,wg_insects_t1_bbch10,/home/nfs/data/nvme_datasets/Pictures_CFSB_leaf_damage/2025_10_07_RSFB-Phenotyping_WG1_JLU/2025_10_07_RSFB-Phenotyping_WG1_JLU/20251007_143625.jpg,4.0,7.23110294342041,7.42198371887207,0.1908808946609497,3.4219837188720703,3.23110294342041,rank_margin10,46,single_rater_weak
2025_10_07_RSFB-Phenotyping_WG1_JLU/2025_10_07_RSFB-Phenotyping_WG1_JLU/20251007_143642.jpg,plot_1f92e12b123c6375337d,wg_insects_t1_bbch10,/home/nfs/data/nvme_datasets/Pictures_CFSB_leaf_damage/2025_10_07_RSFB-Phenotyping_WG1_JLU/2025_10_07_RSFB-Phenotyping_WG1_JLU/20251007_143642.jpg,1.0,2.482973575592041,1.8095722198486328,-0.6734013557434082,0.8095722198486328,1.482973575592041,rank_margin10,46,single_rater_weak
2025_10_07_RSFB-Phenotyping_WG1_JLU/2025_10_07_RSFB-Phenotyping_WG1_JLU/20251007_143701.jpg,plot_88fd2236f7a1a108893e,wg_insects_t1_bbch10,/home/nfs/data/nvme_datasets/Pictures_CFSB_leaf_damage/2025_10_07_RSFB-Phenotyping_WG1_JLU/2025_10_07_RSFB-Phenotyping_WG1_JLU/20251007_143701.jpg,3.0,3.3394298553466797,3.2811739444732666,-0.058255910873413086,0.2811739444732666,0.3394298553466797,rank_margin10,46,single_rater_weak
2025_10_07_RSFB-Phenotyping_WG1_JLU/2025_10_07_RSFB-Phenotyping_WG1_JLU/20251007_143706.jpg,plot_88fd2236f7a1a108893e,wg_insects_t1_bbch10,/home/nfs/data/nvme_datasets/Pictures_CFSB_leaf_damage/2025_10_07_RSFB-Phenotyping_WG1_JLU/2025_10_07_RSFB-Phenotyping_WG1_JLU/20251007_143706.jpg,3.0,4.266393661499023,5.1704254150390625,0.90403151512146,2.1704254150390625,1.2663936614990234,rank_margin10,46,single_rater_weak
2025_10_07_RSFB-Phenotyping_WG1_JLU/2025_10_07_RSFB-Phenotyping_WG1_JLU/20251007_143738.jpg,plot_32b7cef74e0cccc27d9d,wg_insects_t1_bbch10,/home/nfs/data/nvme_datasets/Pictures_CFSB_leaf_damage/2025_10_07_RSFB-Phenotyping_WG1_JLU/2025_10_07_RSFB-Phenotyping_WG1_JLU/20251007_143738.jpg,1.0,2.6568899154663086,2.2534825801849365,-0.40340736508369446,1.2534825801849365,1.6568899154663086,rank_margin10,46,single_rater_weak
2025_10_07_RSFB-Phenotyping_WG1_JLU/2025_10_07_RSFB-Phenotyping_WG1_JLU/20251007_143744.jpg,plot_32b7cef74e0cccc27d9d,wg_insects_t1_bbch10,/home/nfs/data/nvme_datasets/Pictures_CFSB_leaf_damage/2025_10_07_RSFB-Phenotyping_WG1_JLU/2025_10_07_RSFB-Phenotyping_WG1_JLU/20251007_143744.jpg,1.0,2.6358819007873535,2.3747591972351074,-0.2611227035522461,1.3747591972351074,1.6358819007873535,rank_margin10,46,single_rater_weak
2025_10_07_RSFB-Phenotyping_WG1_JLU/2025_10_07_RSFB-Phenotyping_WG1_JLU/20251007_143750.jpg,plot_32b7cef74e0cccc27d9d,wg_insects_t1_bbch10,/home/nfs/data/nvme_datasets/Pictures_CFSB_leaf_damage/2025_10_07_RSFB-Phenotyping_WG1_JLU/2025_10_07_RSFB-Phenotyping_WG1_JLU/20251007_143750.jpg,4.0,2.466339588165283,2.385659694671631,-0.08067984133958817,1.6143403053283691,1.5336604118347168,rank_margin10,46,single_rater_weak
2025_10_07_RSFB-Phenotyping_WG1_JLU/2025_10_07_RSFB-Phenotyping_WG1_JLU/20251007_143809.jpg,plot_c7b49d2fec987ad9b86e,wg_insects_t1_bbch10,/home/nfs/data/nvme_datasets/Pictures_CFSB_leaf_damage/2025_10_07_RSFB-Phenotyping_WG1_JLU/2025_10_07_RSFB-Phenotyping_WG1_JLU/20251007_143809.jpg,3.0,5.822906494140625,6.303713321685791,0.48080676794052124,3.303713321685791,2.822906494140625,rank_margin10,46,single_rater_weak
2025_10_07_RSFB-Phenotyping_WG1_JLU/2025_10_07_RSFB-Phenotyping_WG1_JLU/20251007_143814.jpg,plot_c7b49d2fec987ad9b86e,wg_insects_t1_bbch10,/home/nfs/data/nvme_datasets/Pictures_CFSB_leaf_damage/2025_10_07_RSFB-Phenotyping_WG1_JLU/2025_10_07_RSFB-Phenotyping_WG1_JLU/20251007_143814.jpg,4.0,3.5883538722991943,3.2604761123657227,-0.3278777003288269,0.7395238876342773,0.41164612770080566,rank_margin10,46,single_rater_weak
2025_10_07_RSFB-Phenotyping_WG1_JLU/2025_10_07_RSFB-Phenotyping_WG1_JLU/20251007_143818.jpg,plot_c7b49d2fec987ad9b86e,wg_insects_t1_bbch10,/home/nfs/data/nvme_datasets/Pictures_CFSB_leaf_damage/2025_10_07_RSFB-Phenotyping_WG1_JLU/2025_10_07_RSFB-Phenotyping_WG1_JLU/20251007_143818.jpg,2.0,3.2667932510375977,3.8464322090148926,0.5796389579772949,1.8464322090148926,1.2667932510375977,rank_margin10,46,single_rater_weak
2025_10_07_RSFB-Phenotyping_WG1_JLU/2025_10_07_RSFB-Phenotyping_WG1_JLU/20251007_143839.jpg,plot_fbb7081233c4126f0b4d,wg_insects_t1_bbch10,/home/nfs/data/nvme_datasets/Pictures_CFSB_leaf_damage/2025_10_07_RSFB-Phenotyping_WG1_JLU/2025_10_07_RSFB-Phenotyping_WG1_JLU/20251007_143839.jpg,4.0,2.4746899604797363,2.3049609661102295,-0.16972891986370087,1.6950390338897705,1.5253100395202637,rank_margin10,46,single_rater_weak
2025_10_07_RSFB-Phenotyping_WG1_JLU/2025_10_07_RSFB-Phenotyping_WG1_JLU/20251007_143846.jpg,plot_fbb7081233c4126f0b4d,wg_insects_t1_bbch10,/home/nfs/data/nvme_datasets/Pictures_CFSB_leaf_damage/2025_10_07_RSFB-Phenotyping_WG1_JLU/2025_10_07_RSFB-Phenotyping_WG1_JLU/20251007_143846.jpg,4.0,4.020847797393799,3.9638843536376953,-0.056963372975587845,0.03611564636230469,0.020847797393798828,rank_margin10,46,single_rater_weak
2025_10_07_RSFB-Phenotyping_WG1_JLU/2025_10_07_RSFB-Phenotyping_WG1_JLU/20251007_143851.jpg,plot_fbb7081233c4126f0b4d,wg_insects_t1_bbch10,/home/nfs/data/nvme_datasets/Pictures_CFSB_leaf_damage/2025_10_07_RSFB-Phenotyping_WG1_JLU/2025_10_07_RSFB-Phenotyping_WG1_JLU/20251007_143851.jpg,3.0,3.2451295852661133,2.8280839920043945,-0.4170454740524292,0.17191600799560547,0.24512958526611328,rank_margin10,46,single_rater_weak
2025_10_07_RSFB-Phenotyping_WG1_JLU/2025_10_07_RSFB-Phenotyping_WG1_JLU/20251007_143914.jpg,plot_3e96239c85645a495d42,wg_insects_t1_bbch10,/home/nfs/data/nvme_datasets/Pictures_CFSB_leaf_damage/2025_10_07_RSFB-Phenotyping_WG1_JLU/2025_10_07_RSFB-Phenotyping_WG1_JLU/20251007_143914.jpg,3.0,4.42199182510376,5.213930130004883,0.791938304901123,2.213930130004883,1.4219918251037598,rank_margin10,46,single_rater_weak
2025_10_07_RSFB-Phenotyping_WG1_JLU/2025_10_07_RSFB-Phenotyping_WG1_JLU/20251007_143919.jpg,plot_3e96239c85645a495d42,wg_insects_t1_bbch10,/home/nfs/data/nvme_datasets/Pictures_CFSB_leaf_damage/2025_10_07_RSFB-Phenotyping_WG1_JLU/2025_10_07_RSFB-Phenotyping_WG1_JLU/20251007_143919.jpg,2.0,3.301995277404785,3.050201654434204,-0.25179368257522583,1.050201654434204,1.3019952774047852,rank_margin10,46,single_rater_weak
2025_10_07_RSFB-Phenotyping_WG1_JLU/2025_10_07_RSFB-Phenotyping_WG1_JLU/20251007_143924.jpg,plot_3e96239c85645a495d42,wg_insects_t1_bbch10,/home/nfs/data/nvme_datasets/Pictures_CFSB_leaf_damage/2025_10_07_RSFB-Phenotyping_WG1_JLU/2025_10_07_RSFB-Phenotyping_WG1_JLU/20251007_143924.jpg,2.0,4.284678936004639,4.410464286804199,0.1257854402065277,2.410464286804199,2.2846789360046387,rank_margin10,46,single_rater_weak
2025_10_07_RSFB-Phenotyping_WG1_JLU/2025_10_07_RSFB-Phenotyping_WG1_JLU/20251007_143941.jpg,plot_1ea7a92cf3f391fc084c,wg_insects_t1_bbch10,/home/nfs/data/nvme_datasets/Pictures_CFSB_leaf_damage/2025_10_07_RSFB-Phenotyping_WG1_JLU/2025_10_07_RSFB-Phenotyping_WG1_JLU/20251007_143941.jpg,2.0,2.373784065246582,2.721574544906616,0.3477904200553894,0.7215745449066162,0.37378406524658203,rank_margin10,46,single_rater_weak
2025_10_07_RSFB-Phenotyping_WG1_JLU/2025_10_07_RSFB-Phenotyping_WG1_JLU/20251007_143947.jpg,plot_1ea7a92cf3f391fc084c,wg_insects_t1_bbch10,/home/nfs/data/nvme_datasets/Pictures_CFSB_leaf_damage/2025_10_07_RSFB-Phenotyping_WG1_JLU/2025_10_07_RSFB-Phenotyping_WG1_JLU/20251007_143947.jpg,6.0,3.808974266052246,3.7513182163238525,-0.05765610933303833,2.2486817836761475,2.191025733947754,rank_margin10,46,single_rater_weak
2025_10_07_RSFB-Phenotyping_WG1_JLU/2025_10_07_RSFB-Phenotyping_WG1_JLU/20251007_143954.jpg,plot_1ea7a92cf3f391fc084c,wg_insects_t1_bbch10,/home/nfs/data/nvme_datasets/Pictures_CFSB_leaf_damage/2025_10_07_RSFB-Phenotyping_WG1_JLU/2025_10_07_RSFB-Phenotyping_WG1_JLU/20251007_143954.jpg,4.0,3.379533529281616,3.1315903663635254,-0.24794316291809082,0.8684096336364746,0.6204664707183838,rank_margin10,46,single_rater_weak
2025_10_07_RSFB-Phenotyping_WG1_JLU/2025_10_07_RSFB-Phenotyping_WG1_JLU/20251007_144009.jpg,plot_35ccfc047f622070e5b1,wg_insects_t1_bbch10,/home/nfs/data/nvme_datasets/Pictures_CFSB_leaf_damage/2025_10_07_RSFB-Phenotyping_WG1_JLU/2025_10_07_RSFB-Phenotyping_WG1_JLU/20251007_144009.jpg,3.0,3.680940628051758,3.750934362411499,0.06999374181032181,0.750934362411499,0.6809406280517578,rank_margin10,46,single_rater_weak
2025_10_07_RSFB-Phenotyping_WG1_JLU/2025_10_07_RSFB-Phenotyping_WG1_JLU/20251007_144015.jpg,plot_35ccfc047f622070e5b1,wg_insects_t1_bbch10,/home/nfs/data/nvme_datasets/Pictures_CFSB_leaf_damage/2025_10_07_RSFB-Phenotyping_WG1_JLU/2025_10_07_RSFB-Phenotyping_WG1_JLU/20251007_144015.jpg,3.0,4.385697364807129,4.271716117858887,-0.11398129910230637,1.2717161178588867,1.385697364807129,rank_margin10,46,single_rater_weak
2025_10_07_RSFB-Phenotyping_WG1_JLU/2025_10_07_RSFB-Phenotyping_WG1_JLU/20251007_144020.jpg,plot_35ccfc047f622070e5b1,wg_insects_t1_bbch10,/home/nfs/data/nvme_datasets/Pictures_CFSB_leaf_damage/2025_10_07_RSFB-Phenotyping_WG1_JLU/2025_10_07_RSFB-Phenotyping_WG1_JLU/20251007_144020.jpg,4.0,3.6901652812957764,4.252614498138428,0.5624492168426514,0.25261449813842773,0.30983471870422363,rank_margin10,46,single_rater_weak
2025_10_07_RSFB-Phenotyping_WG1_JLU/2025_10_07_RSFB-Phenotyping_WG1_JLU/20251007_144035.jpg,plot_be5e56e3541d2f83bd4d,wg_insects_t1_bbch10,/home/nfs/data/nvme_datasets/Pictures_CFSB_leaf_damage/2025_10_07_RSFB-Phenotyping_WG1_JLU/2025_10_07_RSFB-Phenotyping_WG1_JLU/20251007_144035.jpg,3.0,2.937424659729004,3.5465846061706543,0.6091600656509399,0.5465846061706543,0.0625753402709961,rank_margin10,46,single_rater_weak
2025_10_07_RSFB-Phenotyping_WG1_JLU/2025_10_07_RSFB-Phenotyping_WG1_JLU/20251007_144040.jpg,plot_ef4270733417aaaa51b7,wg_insects_t1_bbch10,/home/nfs/data/nvme_datasets/Pictures_CFSB_leaf_damage/2025_10_07_RSFB-Phenotyping_WG1_JLU/2025_10_07_RSFB-Phenotyping_WG1_JLU/20251007_144040.jpg,4.0,3.2791848182678223,3.133413076400757,-0.14577169716358185,0.8665869235992432,0.7208151817321777,rank_margin10,46,single_rater_weak
2025_10_07_RSFB-Phenotyping_WG1_JLU/2025_10_07_RSFB-Phenotyping_WG1_JLU/20251007_144045.jpg,plot_ef4270733417aaaa51b7,wg_insects_t1_bbch10,/home/nfs/data/nvme_datasets/Pictures_CFSB_leaf_damage/2025_10_07_RSFB-Phenotyping_WG1_JLU/2025_10_07_RSFB-Phenotyping_WG1_JLU/20251007_144045.jpg,4.0,2.5104732513427734,2.4206743240356445,-0.08979900926351547,1.5793256759643555,1.4895267486572266,rank_margin10,46,single_rater_weak
2025_10_07_RSFB-Phenotyping_WG1_JLU/2025_10_07_RSFB-Phenotyping_WG1_JLU/20251007_144102.jpg,plot_f41fa6fd5e51ae6e677c,wg_insects_t1_bbch10,/home/nfs/data/nvme_datasets/Pictures_CFSB_leaf_damage/2025_10_07_RSFB-Phenotyping_WG1_JLU/2025_10_07_RSFB-Phenotyping_WG1_JLU/20251007_144102.jpg,2.0,2.5030274391174316,2.6161882877349854,0.11316091567277908,0.6161882877349854,0.5030274391174316,rank_margin10,46,single_rater_weak
2025_10_07_RSFB-Phenotyping_WG1_JLU/2025_10_07_RSFB-Phenotyping_WG1_JLU/20251007_144108.jpg,plot_f41fa6fd5e51ae6e677c,wg_insects_t1_bbch10,/home/nfs/data/nvme_datasets/Pictures_CFSB_leaf_damage/2025_10_07_RSFB-Phenotyping_WG1_JLU/2025_10_07_RSFB-Phenotyping_WG1_JLU/20251007_144108.jpg,3.0,4.065561294555664,4.616853713989258,0.5512925386428833,1.6168537139892578,1.065561294555664,rank_margin10,46,single_rater_weak
2025_10_07_RSFB-Phenotyping_WG1_JLU/2025_10_07_RSFB-Phenotyping_WG1_JLU/20251007_144114.jpg,plot_f41fa6fd5e51ae6e677c,wg_insects_t1_bbch10,/home/nfs/data/nvme_datasets/Pictures_CFSB_leaf_damage/2025_10_07_RSFB-Phenotyping_WG1_JLU/2025_10_07_RSFB-Phenotyping_WG1_JLU/20251007_144114.jpg,2.0,3.283130645751953,3.927036762237549,0.6439061164855957,1.9270367622375488,1.2831306457519531,rank_margin10,46,single_rater_weak
2025_10_07_RSFB-Phenotyping_WG1_JLU/2025_10_07_RSFB-Phenotyping_WG1_JLU/20251007_144129.jpg,plot_5bc52303129c2b7f74af,wg_insects_t1_bbch10,/home/nfs/data/nvme_datasets/Pictures_CFSB_leaf_damage/2025_10_07_RSFB-Phenotyping_WG1_JLU/2025_10_07_RSFB-Phenotyping_WG1_JLU/20251007_144129.jpg,1.0,2.018709182739258,2.2062807083129883,0.18757155537605286,1.2062807083129883,1.0187091827392578,rank_margin10,46,single_rater_weak
2025_10_07_RSFB-Phenotyping_WG1_JLU/2025_10_07_RSFB-Phenotyping_WG1_JLU/20251007_144136.jpg,plot_5bc52303129c2b7f74af,wg_insects_t1_bbch10,/home/nfs/data/nvme_datasets/Pictures_CFSB_leaf_damage/2025_10_07_RSFB-Phenotyping_WG1_JLU/2025_10_07_RSFB-Phenotyping_WG1_JLU/20251007_144136.jpg,6.0,3.6740384101867676,3.338776111602783,-0.3352621793746948,2.661223888397217,2.3259615898132324,rank_margin10,46,single_rater_weak
2025_10_07_RSFB-Phenotyping_WG1_JLU/2025_10_07_RSFB-Phenotyping_WG1_JLU/20251007_144140.jpg,plot_5bc52303129c2b7f74af,wg_insects_t1_bbch10,/home/nfs/data/nvme_datasets/Pictures_CFSB_leaf_damage/2025_10_07_RSFB-Phenotyping_WG1_JLU/2025_10_07_RSFB-Phenotyping_WG1_JLU/20251007_144140.jpg,2.0,2.3531298637390137,1.8522107601165771,-0.5009191632270813,0.14778923988342285,0.35312986373901367,rank_margin10,46,single_rater_weak
2025_10_07_RSFB-Phenotyping_WG1_JLU/2025_10_07_RSFB-Phenotyping_WG1_JLU/20251007_144203.jpg,plot_9a80778513194653de06,wg_insects_t1_bbch10,/home/nfs/data/nvme_datasets/Pictures_CFSB_leaf_damage/2025_10_07_RSFB-Phenotyping_WG1_JLU/2025_10_07_RSFB-Phenotyping_WG1_JLU/20251007_144203.jpg,2.0,3.8180315494537354,3.94934344291687,0.13131183385849,1.9493434429168701,1.8180315494537354,rank_margin10,46,single_rater_weak
2025_10_07_RSFB-Phenotyping_WG1_JLU/2025_10_07_RSFB-Phenotyping_WG1_JLU/20251007_144208.jpg,plot_9a80778513194653de06,wg_insects_t1_bbch10,/home/nfs/data/nvme_datasets/Pictures_CFSB_leaf_damage/2025_10_07_RSFB-Phenotyping_WG1_JLU/2025_10_07_RSFB-Phenotyping_WG1_JLU/20251007_144208.jpg,3.0,4.712941646575928,5.087637901306152,0.3746960163116455,2.0876379013061523,1.7129416465759277,rank_margin10,46,single_rater_weak
2025_10_07_RSFB-Phenotyping_WG1_JLU/2025_10_07_RSFB-Phenotyping_WG1_JLU/20251007_144213.jpg,plot_9a80778513194653de06,wg_insects_t1_bbch10,/home/nfs/data/nvme_datasets/Pictures_CFSB_leaf_damage/2025_10_07_RSFB-Phenotyping_WG1_JLU/2025_10_07_RSFB-Phenotyping_WG1_JLU/20251007_144213.jpg,2.0,3.73311448097229,4.159784317016602,0.4266696870326996,2.1597843170166016,1.73311448097229,rank_margin10,46,single_rater_weak
2025_10_07_RSFB-Phenotyping_WG1_JLU/2025_10_07_RSFB-Phenotyping_WG1_JLU/20251007_144232.jpg,plot_98de263707cba984cc00,wg_insects_t1_bbch10,/home/nfs/data/nvme_datasets/Pictures_CFSB_leaf_damage/2025_10_07_RSFB-Phenotyping_WG1_JLU/2025_10_07_RSFB-Phenotyping_WG1_JLU/20251007_144232.jpg,4.0,3.864408016204834,3.8736908435821533,0.009282851591706276,0.12630915641784668,0.13559198379516602,rank_margin10,46,single_rater_weak
2025_10_07_RSFB-Phenotyping_WG1_JLU/2025_10_07_RSFB-Phenotyping_WG1_JLU/20251007_144238.jpg,plot_98de263707cba984cc00,wg_insects_t1_bbch10,/home/nfs/data/nvme_datasets/Pictures_CFSB_leaf_damage/2025_10_07_RSFB-Phenotyping_WG1_JLU/2025_10_07_RSFB-Phenotyping_WG1_JLU/20251007_144238.jpg,6.0,8.505911827087402,8.510626792907715,0.004715077579021454,2.510626792907715,2.5059118270874023,rank_margin10,46,single_rater_weak
2025_10_07_RSFB-Phenotyping_WG1_JLU/2025_10_07_RSFB-Phenotyping_WG1_JLU/20251007_144243.jpg,plot_98de263707cba984cc00,wg_insects_t1_bbch10,/home/nfs/data/nvme_datasets/Pictures_CFSB_leaf_damage/2025_10_07_RSFB-Phenotyping_WG1_JLU/2025_10_07_RSFB-Phenotyping_WG1_JLU/20251007_144243.jpg,2.0,3.610452175140381,3.7313735485076904,0.12092139571905136,1.7313735485076904,1.6104521751403809,rank_margin10,46,single_rater_weak
2025_10_07_RSFB-Phenotyping_WG1_JLU/2025_10_07_RSFB-Phenotyping_WG1_JLU/20251007_144310.jpg,plot_319432c7fd0185a0c43a,wg_insects_t1_bbch10,/home/nfs/data/nvme_datasets/Pictures_CFSB_leaf_damage/2025_10_07_RSFB-Phenotyping_WG1_JLU/2025_10_07_RSFB-Phenotyping_WG1_JLU/20251007_144310.jpg,3.0,3.412822723388672,4.415999412536621,1.0031768083572388,1.415999412536621,0.4128227233886719,rank_margin10,46,single_rater_weak
2025_10_07_RSFB-Phenotyping_WG1_JLU/2025_10_07_RSFB-Phenotyping_WG1_JLU/20251007_144318.jpg,plot_319432c7fd0185a0c43a,wg_insects_t1_bbch10,/home/nfs/data/nvme_datasets/Pictures_CFSB_leaf_damage/2025_10_07_RSFB-Phenotyping_WG1_JLU/2025_10_07_RSFB-Phenotyping_WG1_JLU/20251007_144318.jpg,4.0,3.421172618865967,3.9846081733703613,0.5634356141090393,0.015391826629638672,0.5788273811340332,rank_margin10,46,single_rater_weak
2025_10_07_RSFB-Phenotyping_WG1_JLU/2025_10_07_RSFB-Phenotyping_WG1_JLU/20251007_144323.jpg,plot_319432c7fd0185a0c43a,wg_insects_t1_bbch10,/home/nfs/data/nvme_datasets/Pictures_CFSB_leaf_damage/2025_10_07_RSFB-Phenotyping_WG1_JLU/2025_10_07_RSFB-Phenotyping_WG1_JLU/20251007_144323.jpg,3.0,2.8891639709472656,3.778055191040039,0.8888911008834839,0.7780551910400391,0.11083602905273438,rank_margin10,46,single_rater_weak
2025_10_07_RSFB-Phenotyping_WG1_JLU/2025_10_07_RSFB-Phenotyping_WG1_JLU/20251007_144339.jpg,plot_aa887eb46849a0600b10,wg_insects_t1_bbch10,/home/nfs/data/nvme_datasets/Pictures_CFSB_leaf_damage/2025_10_07_RSFB-Phenotyping_WG1_JLU/2025_10_07_RSFB-Phenotyping_WG1_JLU/20251007_144339.jpg,7.0,5.239424705505371,5.283044338226318,0.04361971467733383,1.7169556617736816,1.760575294494629,rank_margin10,46,single_rater_weak
2025_10_07_RSFB-Phenotyping_WG1_JLU/2025_10_07_RSFB-Phenotyping_WG1_JLU/20251007_144345.jpg,plot_aa887eb46849a0600b10,wg_insects_t1_bbch10,/home/nfs/data/nvme_datasets/Pictures_CFSB_leaf_damage/2025_10_07_RSFB-Phenotyping_WG1_JLU/2025_10_07_RSFB-Phenotyping_WG1_JLU/20251007_144345.jpg,4.0,3.8127779960632324,3.502345561981201,-0.3104323446750641,0.49765443801879883,0.18722200393676758,rank_margin10,46,single_rater_weak
2025_10_07_RSFB-Phenotyping_WG1_JLU/2025_10_07_RSFB-Phenotyping_WG1_JLU/20251007_144349.jpg,plot_aa887eb46849a0600b10,wg_insects_t1_bbch10,/home/nfs/data/nvme_datasets/Pictures_CFSB_leaf_damage/2025_10_07_RSFB-Phenotyping_WG1_JLU/2025_10_07_RSFB-Phenotyping_WG1_JLU/20251007_144349.jpg,13.0,3.781639814376831,3.6560487747192383,-0.1255909502506256,9.343951225280762,9.21835994720459,rank_margin10,46,single_rater_weak
2025_10_07_RSFB-Phenotyping_WG1_JLU/2025_10_07_RSFB-Phenotyping_WG1_JLU/20251007_152817.jpg,plot_fb8da9d0d63721abfc66,wg_insects_t1_bbch10,/home/nfs/data/nvme_datasets/Pictures_CFSB_leaf_damage/2025_10_07_RSFB-Phenotyping_WG1_JLU/2025_10_07_RSFB-Phenotyping_WG1_JLU/20251007_152817.jpg,15.0,3.9503750801086426,4.100818634033203,0.15044356882572174,10.899181365966797,11.049625396728516,rank_margin10,46,single_rater_weak
2025_10_07_RSFB-Phenotyping_WG1_JLU/2025_10_07_RSFB-Phenotyping_WG1_JLU/20251007_152822.jpg,plot_fb8da9d0d63721abfc66,wg_insects_t1_bbch10,/home/nfs/data/nvme_datasets/Pictures_CFSB_leaf_damage/2025_10_07_RSFB-Phenotyping_WG1_JLU/2025_10_07_RSFB-Phenotyping_WG1_JLU/20251007_152822.jpg,13.0,3.042973041534424,2.676684856414795,-0.3662881851196289,10.323314666748047,9.957027435302734,rank_margin10,46,single_rater_weak
2025_10_07_RSFB-Phenotyping_WG1_JLU/2025_10_07_RSFB-Phenotyping_WG1_JLU/20251007_152829.jpg,plot_fb8da9d0d63721abfc66,wg_insects_t1_bbch10,/home/nfs/data/nvme_datasets/Pictures_CFSB_leaf_damage/2025_10_07_RSFB-Phenotyping_WG1_JLU/2025_10_07_RSFB-Phenotyping_WG1_JLU/20251007_152829.jpg,8.0,3.0607433319091797,3.8397269248962402,0.7789837121963501,4.16027307510376,4.93925666809082,rank_margin10,46,single_rater_weak
2025_10_07_RSFB-Phenotyping_WG1_JLU/2025_10_07_RSFB-Phenotyping_WG1_JLU/20251007_152848.jpg,plot_31bf08ef46ae88fcb269,wg_insects_t1_bbch10,/home/nfs/data/nvme_datasets/Pictures_CFSB_leaf_damage/2025_10_07_RSFB-Phenotyping_WG1_JLU/2025_10_07_RSFB-Phenotyping_WG1_JLU/20251007_152848.jpg,12.0,4.387125492095947,4.17211389541626,-0.2150113731622696,7.82788610458374,7.612874507904053,rank_margin10,46,single_rater_weak
2025_10_07_RSFB-Phenotyping_WG1_JLU/2025_10_07_RSFB-Phenotyping_WG1_JLU/20251007_152855.jpg,plot_31bf08ef46ae88fcb269,wg_insects_t1_bbch10,/home/nfs/data/nvme_datasets/Pictures_CFSB_leaf_damage/2025_10_07_RSFB-Phenotyping_WG1_JLU/2025_10_07_RSFB-Phenotyping_WG1_JLU/20251007_152855.jpg,6.0,3.352342128753662,3.0429279804229736,-0.3094141483306885,2.9570720195770264,2.647657871246338,rank_margin10,46,single_rater_weak
2025_10_07_RSFB-Phenotyping_WG1_JLU/2025_10_07_RSFB-Phenotyping_WG1_JLU/20251007_152900.jpg,plot_31bf08ef46ae88fcb269,wg_insects_t1_bbch10,/home/nfs/data/nvme_datasets/Pictures_CFSB_leaf_damage/2025_10_07_RSFB-Phenotyping_WG1_JLU/2025_10_07_RSFB-Phenotyping_WG1_JLU/20251007_152900.jpg,18.0,6.008127212524414,6.534219741821289,0.5260927677154541,11.465780258178711,11.991872787475586,rank_margin10,46,single_rater_weak
2025_10_07_RSFB-Phenotyping_WG1_JLU/2025_10_07_RSFB-Phenotyping_WG1_JLU/20251007_152915.jpg,plot_023d6085c595be00fd36,wg_insects_t1_bbch10,/home/nfs/data/nvme_datasets/Pictures_CFSB_leaf_damage/2025_10_07_RSFB-Phenotyping_WG1_JLU/2025_10_07_RSFB-Phenotyping_WG1_JLU/20251007_152915.jpg,2.0,1.8276519775390625,2.682478904724121,0.8548269271850586,0.6824789047241211,0.1723480224609375,rank_margin10,46,single_rater_weak
2025_10_07_RSFB-Phenotyping_WG1_JLU/2025_10_07_RSFB-Phenotyping_WG1_JLU/20251007_152920.jpg,plot_023d6085c595be00fd36,wg_insects_t1_bbch10,/home/nfs/data/nvme_datasets/Pictures_CFSB_leaf_damage/2025_10_07_RSFB-Phenotyping_WG1_JLU/2025_10_07_RSFB-Phenotyping_WG1_JLU/20251007_152920.jpg,5.0,2.7741007804870605,2.593426465988159,-0.18067441880702972,2.406573534011841,2.2258992195129395,rank_margin10,46,single_rater_weak
2025_10_07_RSFB-Phenotyping_WG1_JLU/2025_10_07_RSFB-Phenotyping_WG1_JLU/20251007_152927.jpg,plot_023d6085c595be00fd36,wg_insects_t1_bbch10,/home/nfs/data/nvme_datasets/Pictures_CFSB_leaf_damage/2025_10_07_RSFB-Phenotyping_WG1_JLU/2025_10_07_RSFB-Phenotyping_WG1_JLU/20251007_152927.jpg,3.0,3.3548178672790527,3.135422468185425,-0.21939542889595032,0.1354224681854248,0.35481786727905273,rank_margin10,46,single_rater_weak
2025_10_07_RSFB-Phenotyping_WG1_JLU/2025_10_07_RSFB-Phenotyping_WG1_JLU/20251007_152943.jpg,plot_fcda3dcbba709e985c4c,wg_insects_t1_bbch10,/home/nfs/data/nvme_datasets/Pictures_CFSB_leaf_damage/2025_10_07_RSFB-Phenotyping_WG1_JLU/2025_10_07_RSFB-Phenotyping_WG1_JLU/20251007_152943.jpg,2.0,3.1848273277282715,3.0913949012756348,-0.09343253076076508,1.0913949012756348,1.1848273277282715,rank_margin10,46,single_rater_weak
2025_10_07_RSFB-Phenotyping_WG1_JLU/2025_10_07_RSFB-Phenotyping_WG1_JLU/20251007_152950.jpg,plot_fcda3dcbba709e985c4c,wg_insects_t1_bbch10,/home/nfs/data/nvme_datasets/Pictures_CFSB_leaf_damage/2025_10_07_RSFB-Phenotyping_WG1_JLU/2025_10_07_RSFB-Phenotyping_WG1_JLU/20251007_152950.jpg,2.0,2.9087095260620117,3.445578098297119,0.536868691444397,1.4455780982971191,0.9087095260620117,rank_margin10,46,single_rater_weak
2025_10_07_RSFB-Phenotyping_WG1_JLU/2025_10_07_RSFB-Phenotyping_WG1_JLU/20251007_152957.jpg,plot_fcda3dcbba709e985c4c,wg_insects_t1_bbch10,/home/nfs/data/nvme_datasets/Pictures_CFSB_leaf_damage/2025_10_07_RSFB-Phenotyping_WG1_JLU/2025_10_07_RSFB-Phenotyping_WG1_JLU/20251007_152957.jpg,4.0,3.43560528755188,3.8130886554718018,0.3774833679199219,0.18691134452819824,0.5643947124481201,rank_margin10,46,single_rater_weak
2025_10_07_RSFB-Phenotyping_WG1_JLU/2025_10_07_RSFB-Phenotyping_WG1_JLU/20251007_153023.jpg,plot_0e581537fa6e88cf3ab6,wg_insects_t1_bbch10,/home/nfs/data/nvme_datasets/Pictures_CFSB_leaf_damage/2025_10_07_RSFB-Phenotyping_WG1_JLU/2025_10_07_RSFB-Phenotyping_WG1_JLU/20251007_153023.jpg,5.0,4.314471244812012,5.0308427810668945,0.7163717746734619,0.03084278106689453,0.6855287551879883,rank_margin10,46,single_rater_weak
2025_10_07_RSFB-Phenotyping_WG1_JLU/2025_10_07_RSFB-Phenotyping_WG1_JLU/20251007_153029.jpg,plot_0e581537fa6e88cf3ab6,wg_insects_t1_bbch10,/home/nfs/data/nvme_datasets/Pictures_CFSB_leaf_damage/2025_10_07_RSFB-Phenotyping_WG1_JLU/2025_10_07_RSFB-Phenotyping_WG1_JLU/20251007_153029.jpg,5.0,4.221285820007324,4.150745868682861,-0.0705399289727211,0.8492541313171387,0.7787141799926758,rank_margin10,46,single_rater_weak
2025_10_07_RSFB-Phenotyping_WG1_JLU/2025_10_07_RSFB-Phenotyping_WG1_JLU/20251007_153034.jpg,plot_0e581537fa6e88cf3ab6,wg_insects_t1_bbch10,/home/nfs/data/nvme_datasets/Pictures_CFSB_leaf_damage/2025_10_07_RSFB-Phenotyping_WG1_JLU/2025_10_07_RSFB-Phenotyping_WG1_JLU/20251007_153034.jpg,4.0,3.9809694290161133,3.9985203742980957,0.01755092293024063,0.0014796257019042969,0.01903057098388672,rank_margin10,46,single_rater_weak
2025_10_07_RSFB-Phenotyping_WG1_JLU/2025_10_07_RSFB-Phenotyping_WG1_JLU/20251007_153107.jpg,plot_6d174de4d118fe49cb3a,wg_insects_t1_bbch10,/home/nfs/data/nvme_datasets/Pictures_CFSB_leaf_damage/2025_10_07_RSFB-Phenotyping_WG1_JLU/2025_10_07_RSFB-Phenotyping_WG1_JLU/20251007_153107.jpg,13.0,3.5068955421447754,4.320889949798584,0.8139944672584534,8.679109573364258,9.493104934692383,rank_margin10,46,single_rater_weak
2025_10_07_RSFB-Phenotyping_WG1_JLU/2025_10_07_RSFB-Phenotyping_WG1_JLU/20251007_153113.jpg,plot_6d174de4d118fe49cb3a,wg_insects_t1_bbch10,/home/nfs/data/nvme_datasets/Pictures_CFSB_leaf_damage/2025_10_07_RSFB-Phenotyping_WG1_JLU/2025_10_07_RSFB-Phenotyping_WG1_JLU/20251007_153113.jpg,7.0,5.460137367248535,6.09684944152832,0.6367122530937195,0.9031505584716797,1.5398626327514648,rank_margin10,46,single_rater_weak
2025_10_07_RSFB-Phenotyping_WG1_JLU/2025_10_07_RSFB-Phenotyping_WG1_JLU/20251007_153119.jpg,plot_6d174de4d118fe49cb3a,wg_insects_t1_bbch10,/home/nfs/data/nvme_datasets/Pictures_CFSB_leaf_damage/2025_10_07_RSFB-Phenotyping_WG1_JLU/2025_10_07_RSFB-Phenotyping_WG1_JLU/20251007_153119.jpg,8.0,6.27034854888916,7.815614223480225,1.5452656745910645,0.1843857765197754,1.7296514511108398,rank_margin10,46,single_rater_weak
2025_10_07_RSFB-Phenotyping_WG1_JLU/2025_10_07_RSFB-Phenotyping_WG1_JLU/20251007_153132.jpg,plot_697daa59a67a19cf0be3,wg_insects_t1_bbch10,/home/nfs/data/nvme_datasets/Pictures_CFSB_leaf_damage/2025_10_07_RSFB-Phenotyping_WG1_JLU/2025_10_07_RSFB-Phenotyping_WG1_JLU/20251007_153132.jpg,2.0,3.0047178268432617,2.729138135910034,-0.2755797803401947,0.7291381359100342,1.0047178268432617,rank_margin10,46,single_rater_weak
2025_10_07_RSFB-Phenotyping_WG1_JLU/2025_10_07_RSFB-Phenotyping_WG1_JLU/20251007_153138.jpg,plot_697daa59a67a19cf0be3,wg_insects_t1_bbch10,/home/nfs/data/nvme_datasets/Pictures_CFSB_leaf_damage/2025_10_07_RSFB-Phenotyping_WG1_JLU/2025_10_07_RSFB-Phenotyping_WG1_JLU/20251007_153138.jpg,4.0,4.276381969451904,4.173495292663574,-0.10288681834936142,0.17349529266357422,0.2763819694519043,rank_margin10,46,single_rater_weak
2025_10_07_RSFB-Phenotyping_WG1_JLU/2025_10_07_RSFB-Phenotyping_WG1_JLU/20251007_153143.jpg,plot_697daa59a67a19cf0be3,wg_insects_t1_bbch10,/home/nfs/data/nvme_datasets/Pictures_CFSB_leaf_damage/2025_10_07_RSFB-Phenotyping_WG1_JLU/2025_10_07_RSFB-Phenotyping_WG1_JLU/20251007_153143.jpg,3.0,5.105151176452637,5.960026264190674,0.8548749089241028,2.960026264190674,2.1051511764526367,rank_margin10,46,single_rater_weak
2025_10_07_RSFB-Phenotyping_WG1_JLU/2025_10_07_RSFB-Phenotyping_WG1_JLU/20251007_153201.jpg,plot_90dc4db5d083d59f935d,wg_insects_t1_bbch10,/home/nfs/data/nvme_datasets/Pictures_CFSB_leaf_damage/2025_10_07_RSFB-Phenotyping_WG1_JLU/2025_10_07_RSFB-Phenotyping_WG1_JLU/20251007_153201.jpg,6.0,5.904333591461182,6.260035514831543,0.3557017743587494,0.26003551483154297,0.09566640853881836,rank_margin10,46,single_rater_weak
2025_10_07_RSFB-Phenotyping_WG1_JLU/2025_10_07_RSFB-Phenotyping_WG1_JLU/20251007_153206.jpg,plot_90dc4db5d083d59f935d,wg_insects_t1_bbch10,/home/nfs/data/nvme_datasets/Pictures_CFSB_leaf_damage/2025_10_07_RSFB-Phenotyping_WG1_JLU/2025_10_07_RSFB-Phenotyping_WG1_JLU/20251007_153206.jpg,6.0,3.125782012939453,3.801898956298828,0.6761168837547302,2.198101043701172,2.874217987060547,rank_margin10,46,single_rater_weak
2025_10_07_RSFB-Phenotyping_WG1_JLU/2025_10_07_RSFB-Phenotyping_WG1_JLU/20251007_153211.jpg,plot_90dc4db5d083d59f935d,wg_insects_t1_bbch10,/home/nfs/data/nvme_datasets/Pictures_CFSB_leaf_damage/2025_10_07_RSFB-Phenotyping_WG1_JLU/2025_10_07_RSFB-Phenotyping_WG1_JLU/20251007_153211.jpg,15.0,5.703639984130859,6.207327842712402,0.5036880970001221,8.792672157287598,9.29636001586914,rank_margin10,46,single_rater_weak
2025_10_07_RSFB-Phenotyping_WG1_JLU/2025_10_07_RSFB-Phenotyping_WG1_JLU/20251007_153228.jpg,plot_b36552db6b92d609e70b,wg_insects_t1_bbch10,/home/nfs/data/nvme_datasets/Pictures_CFSB_leaf_damage/2025_10_07_RSFB-Phenotyping_WG1_JLU/2025_10_07_RSFB-Phenotyping_WG1_JLU/20251007_153228.jpg,6.0,7.047576427459717,7.315243244171143,0.26766684651374817,1.3152432441711426,1.0475764274597168,rank_margin10,46,single_rater_weak
2025_10_07_RSFB-Phenotyping_WG1_JLU/2025_10_07_RSFB-Phenotyping_WG1_JLU/20251007_153233.jpg,plot_b36552db6b92d609e70b,wg_insects_t1_bbch10,/home/nfs/data/nvme_datasets/Pictures_CFSB_leaf_damage/2025_10_07_RSFB-Phenotyping_WG1_JLU/2025_10_07_RSFB-Phenotyping_WG1_JLU/20251007_153233.jpg,7.0,4.523519515991211,4.3844685554504395,-0.13905075192451477,2.6155314445495605,2.476480484008789,rank_margin10,46,single_rater_weak
2025_10_07_RSFB-Phenotyping_WG1_JLU/2025_10_07_RSFB-Phenotyping_WG1_JLU/20251007_153238.jpg,plot_b36552db6b92d609e70b,wg_insects_t1_bbch10,/home/nfs/data/nvme_datasets/Pictures_CFSB_leaf_damage/2025_10_07_RSFB-Phenotyping_WG1_JLU/2025_10_07_RSFB-Phenotyping_WG1_JLU/20251007_153238.jpg,14.0,9.113356590270996,9.262495994567871,0.14913895726203918,4.737504005432129,4.886643409729004,rank_margin10,46,single_rater_weak
2025_10_07_RSFB-Phenotyping_WG1_JLU/2025_10_07_RSFB-Phenotyping_WG1_JLU/20251007_153254.jpg,plot_f590de6904e8d9e8ccc1,wg_insects_t1_bbch10,/home/nfs/data/nvme_datasets/Pictures_CFSB_leaf_damage/2025_10_07_RSFB-Phenotyping_WG1_JLU/2025_10_07_RSFB-Phenotyping_WG1_JLU/20251007_153254.jpg,3.0,2.102419853210449,2.623967170715332,0.5215474367141724,0.37603282928466797,0.8975801467895508,rank_margin10,46,single_rater_weak
2025_10_07_RSFB-Phenotyping_WG1_JLU/2025_10_07_RSFB-Phenotyping_WG1_JLU/20251007_153258.jpg,plot_f590de6904e8d9e8ccc1,wg_insects_t1_bbch10,/home/nfs/data/nvme_datasets/Pictures_CFSB_leaf_damage/2025_10_07_RSFB-Phenotyping_WG1_JLU/2025_10_07_RSFB-Phenotyping_WG1_JLU/20251007_153258.jpg,9.0,3.3655762672424316,3.457798719406128,0.09222245961427689,5.542201042175293,5.634423732757568,rank_margin10,46,single_rater_weak
2025_10_07_RSFB-Phenotyping_WG1_JLU/2025_10_07_RSFB-Phenotyping_WG1_JLU/20251007_153303.jpg,plot_f590de6904e8d9e8ccc1,wg_insects_t1_bbch10,/home/nfs/data/nvme_datasets/Pictures_CFSB_leaf_damage/2025_10_07_RSFB-Phenotyping_WG1_JLU/2025_10_07_RSFB-Phenotyping_WG1_JLU/20251007_153303.jpg,3.0,2.1464686393737793,2.669109582901001,0.5226410031318665,0.330890417098999,0.8535313606262207,rank_margin10,46,single_rater_weak
2025_10_07_RSFB-Phenotyping_WG1_JLU/2025_10_07_RSFB-Phenotyping_WG1_JLU/20251007_153319.jpg,plot_e61302bdc45d11dd82af,wg_insects_t1_bbch10,/home/nfs/data/nvme_datasets/Pictures_CFSB_leaf_damage/2025_10_07_RSFB-Phenotyping_WG1_JLU/2025_10_07_RSFB-Phenotyping_WG1_JLU/20251007_153319.jpg,8.0,4.719298362731934,5.254528522491455,0.5352299809455872,2.745471477508545,3.2807016372680664,rank_margin10,46,single_rater_weak
2025_10_07_RSFB-Phenotyping_WG1_JLU/2025_10_07_RSFB-Phenotyping_WG1_JLU/20251007_153324.jpg,plot_e61302bdc45d11dd82af,wg_insects_t1_bbch10,/home/nfs/data/nvme_datasets/Pictures_CFSB_leaf_damage/2025_10_07_RSFB-Phenotyping_WG1_JLU/2025_10_07_RSFB-Phenotyping_WG1_JLU/20251007_153324.jpg,8.0,3.9764211177825928,4.6922736167907715,0.7158523797988892,3.3077263832092285,4.023578643798828,rank_margin10,46,single_rater_weak
2025_10_07_RSFB-Phenotyping_WG1_JLU/2025_10_07_RSFB-Phenotyping_WG1_JLU/20251007_153328.jpg,plot_e61302bdc45d11dd82af,wg_insects_t1_bbch10,/home/nfs/data/nvme_datasets/Pictures_CFSB_leaf_damage/2025_10_07_RSFB-Phenotyping_WG1_JLU/2025_10_07_RSFB-Phenotyping_WG1_JLU/20251007_153328.jpg,12.0,4.873581886291504,5.584573745727539,0.7109918594360352,6.415426254272461,7.126418113708496,rank_margin10,46,single_rater_weak
2025_10_07_RSFB-Phenotyping_WG1_JLU/2025_10_07_RSFB-Phenotyping_WG1_JLU/20251007_153344.jpg,plot_331dbeca01446d9747ff,wg_insects_t1_bbch10,/home/nfs/data/nvme_datasets/Pictures_CFSB_leaf_damage/2025_10_07_RSFB-Phenotyping_WG1_JLU/2025_10_07_RSFB-Phenotyping_WG1_JLU/20251007_153344.jpg,3.0,2.6702795028686523,2.6930530071258545,0.0227736197412014,0.3069469928741455,0.32972049713134766,rank_margin10,46,single_rater_weak
2025_10_07_RSFB-Phenotyping_WG1_JLU/2025_10_07_RSFB-Phenotyping_WG1_JLU/20251007_153350.jpg,plot_331dbeca01446d9747ff,wg_insects_t1_bbch10,/home/nfs/data/nvme_datasets/Pictures_CFSB_leaf_damage/2025_10_07_RSFB-Phenotyping_WG1_JLU/2025_10_07_RSFB-Phenotyping_WG1_JLU/20251007_153350.jpg,5.0,3.975937843322754,4.269167900085449,0.2932302951812744,0.7308320999145508,1.024062156677246,rank_margin10,46,single_rater_weak
2025_10_07_RSFB-Phenotyping_WG1_JLU/2025_10_07_RSFB-Phenotyping_WG1_JLU/20251007_153357.jpg,plot_331dbeca01446d9747ff,wg_insects_t1_bbch10,/home/nfs/data/nvme_datasets/Pictures_CFSB_leaf_damage/2025_10_07_RSFB-Phenotyping_WG1_JLU/2025_10_07_RSFB-Phenotyping_WG1_JLU/20251007_153357.jpg,22.0,5.818587303161621,6.711272239685059,0.892685055732727,15.288727760314941,16.181411743164062,rank_margin10,46,single_rater_weak
2025_10_07_RSFB-Phenotyping_WG1_JLU/2025_10_07_RSFB-Phenotyping_WG1_JLU/20251007_153413.jpg,plot_70ff6598dd18395bfb32,wg_insects_t1_bbch10,/home/nfs/data/nvme_datasets/Pictures_CFSB_leaf_damage/2025_10_07_RSFB-Phenotyping_WG1_JLU/2025_10_07_RSFB-Phenotyping_WG1_JLU/20251007_153413.jpg,7.0,3.4544715881347656,3.5175766944885254,0.06310511380434036,3.4824233055114746,3.5455284118652344,rank_margin10,46,single_rater_weak
2025_10_07_RSFB-Phenotyping_WG1_JLU/2025_10_07_RSFB-Phenotyping_WG1_JLU/20251007_153419.jpg,plot_70ff6598dd18395bfb32,wg_insects_t1_bbch10,/home/nfs/data/nvme_datasets/Pictures_CFSB_leaf_damage/2025_10_07_RSFB-Phenotyping_WG1_JLU/2025_10_07_RSFB-Phenotyping_WG1_JLU/20251007_153419.jpg,12.0,5.016910552978516,6.099963188171387,1.0830527544021606,5.900036811828613,6.983089447021484,rank_margin10,46,single_rater_weak
2025_10_07_RSFB-Phenotyping_WG1_JLU/2025_10_07_RSFB-Phenotyping_WG1_JLU/20251007_153424.jpg,plot_70ff6598dd18395bfb32,wg_insects_t1_bbch10,/home/nfs/data/nvme_datasets/Pictures_CFSB_leaf_damage/2025_10_07_RSFB-Phenotyping_WG1_JLU/2025_10_07_RSFB-Phenotyping_WG1_JLU/20251007_153424.jpg,8.0,2.0426883697509766,2.527066230773926,0.4843778610229492,5.472933769226074,5.957311630249023,rank_margin10,46,single_rater_weak
2025_10_07_RSFB-Phenotyping_WG1_JLU/2025_10_07_RSFB-Phenotyping_WG1_JLU/20251007_153441.jpg,plot_2f23ef2166478075b107,wg_insects_t1_bbch10,/home/nfs/data/nvme_datasets/Pictures_CFSB_leaf_damage/2025_10_07_RSFB-Phenotyping_WG1_JLU/2025_10_07_RSFB-Phenotyping_WG1_JLU/20251007_153441.jpg,4.0,3.582038640975952,3.9761581420898438,0.39411959052085876,0.02384185791015625,0.41796135902404785,rank_margin10,46,single_rater_weak
2025_10_07_RSFB-Phenotyping_WG1_JLU/2025_10_07_RSFB-Phenotyping_WG1_JLU/20251007_153449.jpg,plot_2f23ef2166478075b107,wg_insects_t1_bbch10,/home/nfs/data/nvme_datasets/Pictures_CFSB_leaf_damage/2025_10_07_RSFB-Phenotyping_WG1_JLU/2025_10_07_RSFB-Phenotyping_WG1_JLU/20251007_153449.jpg,15.0,6.659184455871582,6.8801798820495605,0.22099526226520538,8.119819641113281,8.340815544128418,rank_margin10,46,single_rater_weak
2025_10_07_RSFB-Phenotyping_WG1_JLU/2025_10_07_RSFB-Phenotyping_WG1_JLU/20251007_153454.jpg,plot_2f23ef2166478075b107,wg_insects_t1_bbch10,/home/nfs/data/nvme_datasets/Pictures_CFSB_leaf_damage/2025_10_07_RSFB-Phenotyping_WG1_JLU/2025_10_07_RSFB-Phenotyping_WG1_JLU/20251007_153454.jpg,6.0,3.2097043991088867,3.2228243350982666,0.01311988104134798,2.7771756649017334,2.7902956008911133,rank_margin10,46,single_rater_weak
2025_10_07_RSFB-Phenotyping_WG1_JLU/2025_10_07_RSFB-Phenotyping_WG1_JLU/20251007_153513.jpg,plot_542c7ec32eea3eba1112,wg_insects_t1_bbch10,/home/nfs/data/nvme_datasets/Pictures_CFSB_leaf_damage/2025_10_07_RSFB-Phenotyping_WG1_JLU/2025_10_07_RSFB-Phenotyping_WG1_JLU/20251007_153513.jpg,3.0,5.290097713470459,5.881551742553711,0.5914541482925415,2.881551742553711,2.290097713470459,rank_margin10,46,single_rater_weak
2025_10_07_RSFB-Phenotyping_WG1_JLU/2025_10_07_RSFB-Phenotyping_WG1_JLU/20251007_153518.jpg,plot_542c7ec32eea3eba1112,wg_insects_t1_bbch10,/home/nfs/data/nvme_datasets/Pictures_CFSB_leaf_damage/2025_10_07_RSFB-Phenotyping_WG1_JLU/2025_10_07_RSFB-Phenotyping_WG1_JLU/20251007_153518.jpg,2.0,2.576162815093994,2.7473084926605225,0.17114558815956116,0.7473084926605225,0.5761628150939941,rank_margin10,46,single_rater_weak
2025_10_07_RSFB-Phenotyping_WG1_JLU/2025_10_07_RSFB-Phenotyping_WG1_JLU/20251007_153523.jpg,plot_542c7ec32eea3eba1112,wg_insects_t1_bbch10,/home/nfs/data/nvme_datasets/Pictures_CFSB_leaf_damage/2025_10_07_RSFB-Phenotyping_WG1_JLU/2025_10_07_RSFB-Phenotyping_WG1_JLU/20251007_153523.jpg,4.0,4.120671272277832,4.4100422859191895,0.2893708050251007,0.41004228591918945,0.12067127227783203,rank_margin10,46,single_rater_weak
2025_10_07_RSFB-Phenotyping_WG1_JLU/2025_10_07_RSFB-Phenotyping_WG1_JLU/20251007_153541.jpg,plot_951c638fa6ec8fb91316,wg_insects_t1_bbch10,/home/nfs/data/nvme_datasets/Pictures_CFSB_leaf_damage/2025_10_07_RSFB-Phenotyping_WG1_JLU/2025_10_07_RSFB-Phenotyping_WG1_JLU/20251007_153541.jpg,4.0,3.2542061805725098,2.9481420516967773,-0.306064248085022,1.0518579483032227,0.7457938194274902,rank_margin10,46,single_rater_weak
2025_10_07_RSFB-Phenotyping_WG1_JLU/2025_10_07_RSFB-Phenotyping_WG1_JLU/20251007_153546.jpg,plot_951c638fa6ec8fb91316,wg_insects_t1_bbch10,/home/nfs/data/nvme_datasets/Pictures_CFSB_leaf_damage/2025_10_07_RSFB-Phenotyping_WG1_JLU/2025_10_07_RSFB-Phenotyping_WG1_JLU/20251007_153546.jpg,5.0,3.564181327819824,3.4109370708465576,-0.15324418246746063,1.5890629291534424,1.4358186721801758,rank_margin10,46,single_rater_weak
2025_10_07_RSFB-Phenotyping_WG1_JLU/2025_10_07_RSFB-Phenotyping_WG1_JLU/20251007_153551.jpg,plot_951c638fa6ec8fb91316,wg_insects_t1_bbch10,/home/nfs/data/nvme_datasets/Pictures_CFSB_leaf_damage/2025_10_07_RSFB-Phenotyping_WG1_JLU/2025_10_07_RSFB-Phenotyping_WG1_JLU/20251007_153551.jpg,6.0,4.530287265777588,4.788064002990723,0.25777652859687805,1.2119359970092773,1.469712734222412,rank_margin10,46,single_rater_weak
2025_10_07_RSFB-Phenotyping_WG1_JLU/2025_10_07_RSFB-Phenotyping_WG1_JLU/20251007_153624.jpg,plot_8d03f76f1e8b78107651,wg_insects_t1_bbch10,/home/nfs/data/nvme_datasets/Pictures_CFSB_leaf_damage/2025_10_07_RSFB-Phenotyping_WG1_JLU/2025_10_07_RSFB-Phenotyping_WG1_JLU/20251007_153624.jpg,7.0,3.6299920082092285,3.8630542755126953,0.23306229710578918,3.1369457244873047,3.3700079917907715,rank_margin10,46,single_rater_weak
2025_10_07_RSFB-Phenotyping_WG1_JLU/2025_10_07_RSFB-Phenotyping_WG1_JLU/20251007_153632.jpg,plot_8d03f76f1e8b78107651,wg_insects_t1_bbch10,/home/nfs/data/nvme_datasets/Pictures_CFSB_leaf_damage/2025_10_07_RSFB-Phenotyping_WG1_JLU/2025_10_07_RSFB-Phenotyping_WG1_JLU/20251007_153632.jpg,11.0,3.0518383979797363,4.371394634246826,1.3195563554763794,6.628605365753174,7.948161602020264,rank_margin10,46,single_rater_weak
2025_10_07_RSFB-Phenotyping_WG1_JLU/2025_10_07_RSFB-Phenotyping_WG1_JLU/20251007_153638.jpg,plot_8d03f76f1e8b78107651,wg_insects_t1_bbch10,/home/nfs/data/nvme_datasets/Pictures_CFSB_leaf_damage/2025_10_07_RSFB-Phenotyping_WG1_JLU/2025_10_07_RSFB-Phenotyping_WG1_JLU/20251007_153638.jpg,12.0,2.8445491790771484,3.47066593170166,0.6261166930198669,8.52933406829834,9.155450820922852,rank_margin10,46,single_rater_weak
2025_10_07_RSFB-Phenotyping_WG1_JLU/2025_10_07_RSFB-Phenotyping_WG1_JLU/20251007_153659.jpg,plot_97036f2854e70825a21d,wg_insects_t1_bbch10,/home/nfs/data/nvme_datasets/Pictures_CFSB_leaf_damage/2025_10_07_RSFB-Phenotyping_WG1_JLU/2025_10_07_RSFB-Phenotyping_WG1_JLU/20251007_153659.jpg,5.0,2.902060031890869,3.221339702606201,0.31927967071533203,1.7786602973937988,2.097939968109131,rank_margin10,46,single_rater_weak
2025_10_07_RSFB-Phenotyping_WG1_JLU/2025_10_07_RSFB-Phenotyping_WG1_JLU/20251007_153706.jpg,plot_97036f2854e70825a21d,wg_insects_t1_bbch10,/home/nfs/data/nvme_datasets/Pictures_CFSB_leaf_damage/2025_10_07_RSFB-Phenotyping_WG1_JLU/2025_10_07_RSFB-Phenotyping_WG1_JLU/20251007_153706.jpg,10.0,3.453932762145996,3.9264461994171143,0.47251343727111816,6.073554039001465,6.546067237854004,rank_margin10,46,single_rater_weak
2025_10_07_RSFB-Phenotyping_WG1_JLU/2025_10_07_RSFB-Phenotyping_WG1_JLU/20251007_153717.jpg,plot_97036f2854e70825a21d,wg_insects_t1_bbch10,/home/nfs/data/nvme_datasets/Pictures_CFSB_leaf_damage/2025_10_07_RSFB-Phenotyping_WG1_JLU/2025_10_07_RSFB-Phenotyping_WG1_JLU/20251007_153717.jpg,15.0,7.535330772399902,8.460339546203613,0.9250088930130005,6.539660453796387,7.464669227600098,rank_margin10,46,single_rater_weak
2025_10_07_RSFB-Phenotyping_WG1_JLU/2025_10_07_RSFB-Phenotyping_WG1_JLU/20251007_153735.jpg,plot_a6f2c9a112e6bcc09372,wg_insects_t1_bbch10,/home/nfs/data/nvme_datasets/Pictures_CFSB_leaf_damage/2025_10_07_RSFB-Phenotyping_WG1_JLU/2025_10_07_RSFB-Phenotyping_WG1_JLU/20251007_153735.jpg,12.0,6.668320655822754,6.613523006439209,-0.05479753389954567,5.386476993560791,5.331679344177246,rank_margin10,46,single_rater_weak
2025_10_07_RSFB-Phenotyping_WG1_JLU/2025_10_07_RSFB-Phenotyping_WG1_JLU/20251007_153742.jpg,plot_a6f2c9a112e6bcc09372,wg_insects_t1_bbch10,/home/nfs/data/nvme_datasets/Pictures_CFSB_leaf_damage/2025_10_07_RSFB-Phenotyping_WG1_JLU/2025_10_07_RSFB-Phenotyping_WG1_JLU/20251007_153742.jpg,6.0,6.788293838500977,6.641918659210205,-0.14637517929077148,0.6419186592102051,0.7882938385009766,rank_margin10,46,single_rater_weak
2025_10_07_RSFB-Phenotyping_WG1_JLU/2025_10_07_RSFB-Phenotyping_WG1_JLU/20251007_153748.jpg,plot_a6f2c9a112e6bcc09372,wg_insects_t1_bbch10,/home/nfs/data/nvme_datasets/Pictures_CFSB_leaf_damage/2025_10_07_RSFB-Phenotyping_WG1_JLU/2025_10_07_RSFB-Phenotyping_WG1_JLU/20251007_153748.jpg,4.0,3.2362003326416016,3.0323615074157715,-0.20383886992931366,0.9676384925842285,0.7637996673583984,rank_margin10,46,single_rater_weak
2025_10_07_RSFB-Phenotyping_WG1_JLU/2025_10_07_RSFB-Phenotyping_WG1_JLU/20251007_153807.jpg,plot_c0ea55db7db71c2492da,wg_insects_t1_bbch10,/home/nfs/data/nvme_datasets/Pictures_CFSB_leaf_damage/2025_10_07_RSFB-Phenotyping_WG1_JLU/2025_10_07_RSFB-Phenotyping_WG1_JLU/20251007_153807.jpg,19.0,7.627426624298096,7.769707202911377,0.14228056371212006,11.230293273925781,11.372573852539062,rank_margin10,46,single_rater_weak
2025_10_07_RSFB-Phenotyping_WG1_JLU/2025_10_07_RSFB-Phenotyping_WG1_JLU/20251007_153813.jpg,plot_c0ea55db7db71c2492da,wg_insects_t1_bbch10,/home/nfs/data/nvme_datasets/Pictures_CFSB_leaf_damage/2025_10_07_RSFB-Phenotyping_WG1_JLU/2025_10_07_RSFB-Phenotyping_WG1_JLU/20251007_153813.jpg,15.0,3.8446969985961914,3.454192638397217,-0.3905043601989746,11.545806884765625,11.155303001403809,rank_margin10,46,single_rater_weak
2025_10_07_RSFB-Phenotyping_WG1_JLU/2025_10_07_RSFB-Phenotyping_WG1_JLU/20251007_153819.jpg,plot_c0ea55db7db71c2492da,wg_insects_t1_bbch10,/home/nfs/data/nvme_datasets/Pictures_CFSB_leaf_damage/2025_10_07_RSFB-Phenotyping_WG1_JLU/2025_10_07_RSFB-Phenotyping_WG1_JLU/20251007_153819.jpg,7.0,4.762920379638672,4.910315990447998,0.14739574491977692,2.089684009552002,2.237079620361328,rank_margin10,46,single_rater_weak
2025_10_07_RSFB-Phenotyping_WG1_JLU/2025_10_07_RSFB-Phenotyping_WG1_JLU/20251007_153837.jpg,plot_827f7f427b7b1eee5745,wg_insects_t1_bbch10,/home/nfs/data/nvme_datasets/Pictures_CFSB_leaf_damage/2025_10_07_RSFB-Phenotyping_WG1_JLU/2025_10_07_RSFB-Phenotyping_WG1_JLU/20251007_153837.jpg,8.0,4.615718841552734,4.535679817199707,-0.08003881573677063,3.464320182800293,3.3842811584472656,rank_margin10,46,single_rater_weak
2025_10_07_RSFB-Phenotyping_WG1_JLU/2025_10_07_RSFB-Phenotyping_WG1_JLU/20251007_153842.jpg,plot_827f7f427b7b1eee5745,wg_insects_t1_bbch10,/home/nfs/data/nvme_datasets/Pictures_CFSB_leaf_damage/2025_10_07_RSFB-Phenotyping_WG1_JLU/2025_10_07_RSFB-Phenotyping_WG1_JLU/20251007_153842.jpg,12.0,3.747901678085327,3.3120362758636475,-0.4358654022216797,8.687963485717773,8.252098083496094,rank_margin10,46,single_rater_weak
2025_10_07_RSFB-Phenotyping_WG1_JLU/2025_10_07_RSFB-Phenotyping_WG1_JLU/20251007_153847.jpg,plot_827f7f427b7b1eee5745,wg_insects_t1_bbch10,/home/nfs/data/nvme_datasets/Pictures_CFSB_leaf_damage/2025_10_07_RSFB-Phenotyping_WG1_JLU/2025_10_07_RSFB-Phenotyping_WG1_JLU/20251007_153847.jpg,10.0,3.792609930038452,3.8932785987854004,0.10066866129636765,6.1067214012146,6.207389831542969,rank_margin10,46,single_rater_weak
2025_10_07_RSFB-Phenotyping_WG1_JLU/2025_10_07_RSFB-Phenotyping_WG1_JLU/20251007_153905.jpg,plot_72102d68a67d996b7e3d,wg_insects_t1_bbch10,/home/nfs/data/nvme_datasets/Pictures_CFSB_leaf_damage/2025_10_07_RSFB-Phenotyping_WG1_JLU/2025_10_07_RSFB-Phenotyping_WG1_JLU/20251007_153905.jpg,9.0,6.496588706970215,6.549890518188477,0.053301744163036346,2.4501094818115234,2.503411293029785,rank_margin10,46,single_rater_weak
2025_10_07_RSFB-Phenotyping_WG1_JLU/2025_10_07_RSFB-Phenotyping_WG1_JLU/20251007_153924.jpg,plot_72102d68a67d996b7e3d,wg_insects_t1_bbch10,/home/nfs/data/nvme_datasets/Pictures_CFSB_leaf_damage/2025_10_07_RSFB-Phenotyping_WG1_JLU/2025_10_07_RSFB-Phenotyping_WG1_JLU/20251007_153924.jpg,13.0,3.855928421020508,3.9586594104766846,0.10273090749979019,9.041340827941895,9.144071578979492,rank_margin10,46,single_rater_weak
2025_10_07_RSFB-Phenotyping_WG1_JLU/2025_10_07_RSFB-Phenotyping_WG1_JLU/20251007_153930.jpg,plot_72102d68a67d996b7e3d,wg_insects_t1_bbch10,/home/nfs/data/nvme_datasets/Pictures_CFSB_leaf_damage/2025_10_07_RSFB-Phenotyping_WG1_JLU/2025_10_07_RSFB-Phenotyping_WG1_JLU/20251007_153930.jpg,4.0,2.9115238189697266,3.604802131652832,0.6932781934738159,0.39519786834716797,1.0884761810302734,rank_margin10,46,single_rater_weak
2025_10_07_RSFB-Phenotyping_WG1_JLU/2025_10_07_RSFB-Phenotyping_WG1_JLU/20251007_153950.jpg,plot_955f23eb642201c107b7,wg_insects_t1_bbch10,/home/nfs/data/nvme_datasets/Pictures_CFSB_leaf_damage/2025_10_07_RSFB-Phenotyping_WG1_JLU/2025_10_07_RSFB-Phenotyping_WG1_JLU/20251007_153950.jpg,7.0,3.2197365760803223,2.911351203918457,-0.30838531255722046,4.088648796081543,3.7802634239196777,rank_margin10,46,single_rater_weak
2025_10_07_RSFB-Phenotyping_WG1_JLU/2025_10_07_RSFB-Phenotyping_WG1_JLU/20251007_153956.jpg,plot_955f23eb642201c107b7,wg_insects_t1_bbch10,/home/nfs/data/nvme_datasets/Pictures_CFSB_leaf_damage/2025_10_07_RSFB-Phenotyping_WG1_JLU/2025_10_07_RSFB-Phenotyping_WG1_JLU/20251007_153956.jpg,12.0,3.3089842796325684,3.2264602184295654,-0.08252400159835815,8.773539543151855,8.691015243530273,rank_margin10,46,single_rater_weak
2025_10_07_RSFB-Phenotyping_WG1_JLU/2025_10_07_RSFB-Phenotyping_WG1_JLU/20251007_154004.jpg,plot_955f23eb642201c107b7,wg_insects_t1_bbch10,/home/nfs/data/nvme_datasets/Pictures_CFSB_leaf_damage/2025_10_07_RSFB-Phenotyping_WG1_JLU/2025_10_07_RSFB-Phenotyping_WG1_JLU/20251007_154004.jpg,13.0,3.9504709243774414,4.670866966247559,0.7203960418701172,8.329133033752441,9.049529075622559,rank_margin10,46,single_rater_weak
2025_10_07_RSFB-Phenotyping_WG1_JLU/2025_10_07_RSFB-Phenotyping_WG1_JLU/20251007_154023.jpg,plot_0ae42abd57e36c46221c,wg_insects_t1_bbch10,/home/nfs/data/nvme_datasets/Pictures_CFSB_leaf_damage/2025_10_07_RSFB-Phenotyping_WG1_JLU/2025_10_07_RSFB-Phenotyping_WG1_JLU/20251007_154023.jpg,7.0,3.9061458110809326,4.14044189453125,0.23429614305496216,2.85955810546875,3.0938541889190674,rank_margin10,46,single_rater_weak
2025_10_07_RSFB-Phenotyping_WG1_JLU/2025_10_07_RSFB-Phenotyping_WG1_JLU/20251007_154028.jpg,plot_0ae42abd57e36c46221c,wg_insects_t1_bbch10,/home/nfs/data/nvme_datasets/Pictures_CFSB_leaf_damage/2025_10_07_RSFB-Phenotyping_WG1_JLU/2025_10_07_RSFB-Phenotyping_WG1_JLU/20251007_154028.jpg,16.0,5.605151653289795,6.402620792388916,0.7974691390991211,9.597379684448242,10.394847869873047,rank_margin10,46,single_rater_weak
2025_10_07_RSFB-Phenotyping_WG1_JLU/2025_10_07_RSFB-Phenotyping_WG1_JLU/20251007_154035.jpg,plot_0ae42abd57e36c46221c,wg_insects_t1_bbch10,/home/nfs/data/nvme_datasets/Pictures_CFSB_leaf_damage/2025_10_07_RSFB-Phenotyping_WG1_JLU/2025_10_07_RSFB-Phenotyping_WG1_JLU/20251007_154035.jpg,7.0,2.6282906532287598,3.5175445079803467,0.8892538547515869,3.4824554920196533,4.37170934677124,rank_margin10,46,single_rater_weak
2025_10_07_RSFB-Phenotyping_WG1_JLU/2025_10_07_RSFB-Phenotyping_WG1_JLU/20251007_154052.jpg,plot_17be050207ebabc51732,wg_insects_t1_bbch10,/home/nfs/data/nvme_datasets/Pictures_CFSB_leaf_damage/2025_10_07_RSFB-Phenotyping_WG1_JLU/2025_10_07_RSFB-Phenotyping_WG1_JLU/20251007_154052.jpg,8.0,3.6675236225128174,3.704418659210205,0.03689504787325859,4.295581340789795,4.332476615905762,rank_margin10,46,single_rater_weak
2025_10_07_RSFB-Phenotyping_WG1_JLU/2025_10_07_RSFB-Phenotyping_WG1_JLU/20251007_154057.jpg,plot_17be050207ebabc51732,wg_insects_t1_bbch10,/home/nfs/data/nvme_datasets/Pictures_CFSB_leaf_damage/2025_10_07_RSFB-Phenotyping_WG1_JLU/2025_10_07_RSFB-Phenotyping_WG1_JLU/20251007_154057.jpg,4.0,3.102511405944824,3.8987081050872803,0.796196699142456,0.10129189491271973,0.8974885940551758,rank_margin10,46,single_rater_weak
2025_10_07_RSFB-Phenotyping_WG1_JLU/2025_10_07_RSFB-Phenotyping_WG1_JLU/20251007_154103.jpg,plot_17be050207ebabc51732,wg_insects_t1_bbch10,/home/nfs/data/nvme_datasets/Pictures_CFSB_leaf_damage/2025_10_07_RSFB-Phenotyping_WG1_JLU/2025_10_07_RSFB-Phenotyping_WG1_JLU/20251007_154103.jpg,11.0,3.8916051387786865,4.250354766845703,0.3587498664855957,6.749645233154297,7.108394622802734,rank_margin10,46,single_rater_weak
2025_10_07_RSFB-Phenotyping_WG1_JLU/2025_10_07_RSFB-Phenotyping_WG1_JLU/20251007_154121.jpg,plot_00616806e795c4926dac,wg_insects_t1_bbch10,/home/nfs/data/nvme_datasets/Pictures_CFSB_leaf_damage/2025_10_07_RSFB-Phenotyping_WG1_JLU/2025_10_07_RSFB-Phenotyping_WG1_JLU/20251007_154121.jpg,8.0,2.1435790061950684,2.654082775115967,0.5105037093162537,5.345917224884033,5.856420993804932,rank_margin10,46,single_rater_weak
2025_10_07_RSFB-Phenotyping_WG1_JLU/2025_10_07_RSFB-Phenotyping_WG1_JLU/20251007_154126.jpg,plot_00616806e795c4926dac,wg_insects_t1_bbch10,/home/nfs/data/nvme_datasets/Pictures_CFSB_leaf_damage/2025_10_07_RSFB-Phenotyping_WG1_JLU/2025_10_07_RSFB-Phenotyping_WG1_JLU/20251007_154126.jpg,9.0,2.4565248489379883,3.3799233436584473,0.923398494720459,5.620076656341553,6.543475151062012,rank_margin10,46,single_rater_weak
2025_10_07_RSFB-Phenotyping_WG1_JLU/2025_10_07_RSFB-Phenotyping_WG1_JLU/20251007_154130.jpg,plot_00616806e795c4926dac,wg_insects_t1_bbch10,/home/nfs/data/nvme_datasets/Pictures_CFSB_leaf_damage/2025_10_07_RSFB-Phenotyping_WG1_JLU/2025_10_07_RSFB-Phenotyping_WG1_JLU/20251007_154130.jpg,13.0,3.1821722984313965,3.651538372039795,0.4693659842014313,9.348461151123047,9.817827224731445,rank_margin10,46,single_rater_weak
2025_10_07_RSFB-Phenotyping_WG1_JLU/2025_10_07_RSFB-Phenotyping_WG1_JLU/20251007_154146.jpg,plot_712ccf79133e6a449732,wg_insects_t1_bbch10,/home/nfs/data/nvme_datasets/Pictures_CFSB_leaf_damage/2025_10_07_RSFB-Phenotyping_WG1_JLU/2025_10_07_RSFB-Phenotyping_WG1_JLU/20251007_154146.jpg,7.0,2.2381439208984375,2.4639766216278076,0.22583268582820892,4.536023139953613,4.7618560791015625,rank_margin10,46,single_rater_weak
2025_10_07_RSFB-Phenotyping_WG1_JLU/2025_10_07_RSFB-Phenotyping_WG1_JLU/20251007_154153.jpg,plot_712ccf79133e6a449732,wg_insects_t1_bbch10,/home/nfs/data/nvme_datasets/Pictures_CFSB_leaf_damage/2025_10_07_RSFB-Phenotyping_WG1_JLU/2025_10_07_RSFB-Phenotyping_WG1_JLU/20251007_154153.jpg,8.0,1.6754851341247559,1.8054776191711426,0.12999242544174194,6.194522380828857,6.324514865875244,rank_margin10,46,single_rater_weak
2025_10_07_RSFB-Phenotyping_WG1_JLU/2025_10_07_RSFB-Phenotyping_WG1_JLU/20251007_154159.jpg,plot_712ccf79133e6a449732,wg_insects_t1_bbch10,/home/nfs/data/nvme_datasets/Pictures_CFSB_leaf_damage/2025_10_07_RSFB-Phenotyping_WG1_JLU/2025_10_07_RSFB-Phenotyping_WG1_JLU/20251007_154159.jpg,11.0,3.123018741607666,2.894472599029541,-0.22854623198509216,8.105527877807617,7.876981258392334,rank_margin10,46,single_rater_weak
2025_10_07_RSFB-Phenotyping_WG1_JLU/2025_10_07_RSFB-Phenotyping_WG1_JLU/20251007_154221.jpg,plot_367d991e5c388db77837,wg_insects_t1_bbch10,/home/nfs/data/nvme_datasets/Pictures_CFSB_leaf_damage/2025_10_07_RSFB-Phenotyping_WG1_JLU/2025_10_07_RSFB-Phenotyping_WG1_JLU/20251007_154221.jpg,9.0,3.0164132118225098,3.5700626373291016,0.5536493062973022,5.429937362670898,5.98358678817749,rank_margin10,46,single_rater_weak
2025_10_07_RSFB-Phenotyping_WG1_JLU/2025_10_07_RSFB-Phenotyping_WG1_JLU/20251007_154227.jpg,plot_367d991e5c388db77837,wg_insects_t1_bbch10,/home/nfs/data/nvme_datasets/Pictures_CFSB_leaf_damage/2025_10_07_RSFB-Phenotyping_WG1_JLU/2025_10_07_RSFB-Phenotyping_WG1_JLU/20251007_154227.jpg,15.0,2.9962663650512695,3.352257013320923,0.3559907078742981,11.647743225097656,12.00373363494873,rank_margin10,46,single_rater_weak
2025_10_07_RSFB-Phenotyping_WG1_JLU/2025_10_07_RSFB-Phenotyping_WG1_JLU/20251007_154233.jpg,plot_367d991e5c388db77837,wg_insects_t1_bbch10,/home/nfs/data/nvme_datasets/Pictures_CFSB_leaf_damage/2025_10_07_RSFB-Phenotyping_WG1_JLU/2025_10_07_RSFB-Phenotyping_WG1_JLU/20251007_154233.jpg,4.0,3.1531553268432617,2.994471549987793,-0.15868374705314636,1.005528450012207,0.8468446731567383,rank_margin10,46,single_rater_weak
2025_10_07_RSFB-Phenotyping_WG1_JLU/2025_10_07_RSFB-Phenotyping_WG1_JLU/20251007_154249.jpg,plot_92d6e3a3e8d4422f3a87,wg_insects_t1_bbch10,/home/nfs/data/nvme_datasets/Pictures_CFSB_leaf_damage/2025_10_07_RSFB-Phenotyping_WG1_JLU/2025_10_07_RSFB-Phenotyping_WG1_JLU/20251007_154249.jpg,1.0,4.8203654289245605,6.352179527282715,1.5318142175674438,5.352179527282715,3.8203654289245605,rank_margin10,46,single_rater_weak
2025_10_07_RSFB-Phenotyping_WG1_JLU/2025_10_07_RSFB-Phenotyping_WG1_JLU/20251007_154254.jpg,plot_92d6e3a3e8d4422f3a87,wg_insects_t1_bbch10,/home/nfs/data/nvme_datasets/Pictures_CFSB_leaf_damage/2025_10_07_RSFB-Phenotyping_WG1_JLU/2025_10_07_RSFB-Phenotyping_WG1_JLU/20251007_154254.jpg,4.0,4.088726997375488,4.133618354797363,0.04489118605852127,0.13361835479736328,0.08872699737548828,rank_margin10,46,single_rater_weak
2025_10_07_RSFB-Phenotyping_WG1_JLU/2025_10_07_RSFB-Phenotyping_WG1_JLU/20251007_154259.jpg,plot_92d6e3a3e8d4422f3a87,wg_insects_t1_bbch10,/home/nfs/data/nvme_datasets/Pictures_CFSB_leaf_damage/2025_10_07_RSFB-Phenotyping_WG1_JLU/2025_10_07_RSFB-Phenotyping_WG1_JLU/20251007_154259.jpg,5.0,3.032540798187256,3.582858085632324,0.5503172874450684,1.4171419143676758,1.9674592018127441,rank_margin10,46,single_rater_weak
2025_10_07_RSFB-Phenotyping_WG1_JLU/2025_10_07_RSFB-Phenotyping_WG1_JLU/20251007_154316.jpg,plot_e055152a3eb1fb23ae7c,wg_insects_t1_bbch10,/home/nfs/data/nvme_datasets/Pictures_CFSB_leaf_damage/2025_10_07_RSFB-Phenotyping_WG1_JLU/2025_10_07_RSFB-Phenotyping_WG1_JLU/20251007_154316.jpg,3.0,3.2865467071533203,2.8880796432495117,-0.39846715331077576,0.11192035675048828,0.2865467071533203,rank_margin10,46,single_rater_weak
2025_10_07_RSFB-Phenotyping_WG1_JLU/2025_10_07_RSFB-Phenotyping_WG1_JLU/20251007_154321.jpg,plot_e055152a3eb1fb23ae7c,wg_insects_t1_bbch10,/home/nfs/data/nvme_datasets/Pictures_CFSB_leaf_damage/2025_10_07_RSFB-Phenotyping_WG1_JLU/2025_10_07_RSFB-Phenotyping_WG1_JLU/20251007_154321.jpg,3.0,3.1547679901123047,2.829394578933716,-0.32537344098091125,0.17060542106628418,0.1547679901123047,rank_margin10,46,single_rater_weak
2025_10_07_RSFB-Phenotyping_WG1_JLU/2025_10_07_RSFB-Phenotyping_WG1_JLU/20251007_154326.jpg,plot_e055152a3eb1fb23ae7c,wg_insects_t1_bbch10,/home/nfs/data/nvme_datasets/Pictures_CFSB_leaf_damage/2025_10_07_RSFB-Phenotyping_WG1_JLU/2025_10_07_RSFB-Phenotyping_WG1_JLU/20251007_154326.jpg,7.0,3.551927328109741,3.981273889541626,0.42934662103652954,3.018726110458374,3.448072671890259,rank_margin10,46,single_rater_weak
2025_10_07_RSFB-Phenotyping_WG1_JLU/2025_10_07_RSFB-Phenotyping_WG1_JLU/20251007_154343.jpg,plot_68d276b5791acd0e0848,wg_insects_t1_bbch10,/home/nfs/data/nvme_datasets/Pictures_CFSB_leaf_damage/2025_10_07_RSFB-Phenotyping_WG1_JLU/2025_10_07_RSFB-Phenotyping_WG1_JLU/20251007_154343.jpg,12.0,5.283470630645752,5.8232035636901855,0.5397331118583679,6.1767964363098145,6.716529369354248,rank_margin10,46,single_rater_weak
2025_10_07_RSFB-Phenotyping_WG1_JLU/2025_10_07_RSFB-Phenotyping_WG1_JLU/20251007_154348.jpg,plot_68d276b5791acd0e0848,wg_insects_t1_bbch10,/home/nfs/data/nvme_datasets/Pictures_CFSB_leaf_damage/2025_10_07_RSFB-Phenotyping_WG1_JLU/2025_10_07_RSFB-Phenotyping_WG1_JLU/20251007_154348.jpg,3.0,3.811810255050659,3.9183778762817383,0.10656750947237015,0.9183778762817383,0.8118102550506592,rank_margin10,46,single_rater_weak
2025_10_07_RSFB-Phenotyping_WG1_JLU/2025_10_07_RSFB-Phenotyping_WG1_JLU/20251007_154355.jpg,plot_68d276b5791acd0e0848,wg_insects_t1_bbch10,/home/nfs/data/nvme_datasets/Pictures_CFSB_leaf_damage/2025_10_07_RSFB-Phenotyping_WG1_JLU/2025_10_07_RSFB-Phenotyping_WG1_JLU/20251007_154355.jpg,17.0,14.696212768554688,14.900362014770508,0.20414887368679047,2.099637985229492,2.3037872314453125,rank_margin10,46,single_rater_weak
2025_10_07_RSFB-Phenotyping_WG1_JLU/2025_10_07_RSFB-Phenotyping_WG1_JLU/20251007_154411.jpg,plot_b2899f4cd19706a8e36f,wg_insects_t1_bbch10,/home/nfs/data/nvme_datasets/Pictures_CFSB_leaf_damage/2025_10_07_RSFB-Phenotyping_WG1_JLU/2025_10_07_RSFB-Phenotyping_WG1_JLU/20251007_154411.jpg,5.0,3.337380886077881,2.8610243797302246,-0.4763564169406891,2.1389756202697754,1.6626191139221191,rank_margin10,46,single_rater_weak
2025_10_07_RSFB-Phenotyping_WG1_JLU/2025_10_07_RSFB-Phenotyping_WG1_JLU/20251007_154419.jpg,plot_b2899f4cd19706a8e36f,wg_insects_t1_bbch10,/home/nfs/data/nvme_datasets/Pictures_CFSB_leaf_damage/2025_10_07_RSFB-Phenotyping_WG1_JLU/2025_10_07_RSFB-Phenotyping_WG1_JLU/20251007_154419.jpg,7.0,4.78533935546875,4.854006767272949,0.06866750121116638,2.145993232727051,2.21466064453125,rank_margin10,46,single_rater_weak
2025_10_07_RSFB-Phenotyping_WG1_JLU/2025_10_07_RSFB-Phenotyping_WG1_JLU/20251007_154425.jpg,plot_b2899f4cd19706a8e36f,wg_insects_t1_bbch10,/home/nfs/data/nvme_datasets/Pictures_CFSB_leaf_damage/2025_10_07_RSFB-Phenotyping_WG1_JLU/2025_10_07_RSFB-Phenotyping_WG1_JLU/20251007_154425.jpg,19.0,5.435991287231445,5.576208114624023,0.14021669328212738,13.423791885375977,13.564008712768555,rank_margin10,46,single_rater_weak
2025_10_07_RSFB-Phenotyping_WG1_JLU/2025_10_07_RSFB-Phenotyping_WG1_JLU/20251007_154441.jpg,plot_8e7bddd72f5819e6bfbd,wg_insects_t1_bbch10,/home/nfs/data/nvme_datasets/Pictures_CFSB_leaf_damage/2025_10_07_RSFB-Phenotyping_WG1_JLU/2025_10_07_RSFB-Phenotyping_WG1_JLU/20251007_154441.jpg,4.0,3.703220844268799,3.4738245010375977,-0.22939622402191162,0.5261754989624023,0.29677915573120117,rank_margin10,46,single_rater_weak
2025_10_07_RSFB-Phenotyping_WG1_JLU/2025_10_07_RSFB-Phenotyping_WG1_JLU/20251007_154447.jpg,plot_8e7bddd72f5819e6bfbd,wg_insects_t1_bbch10,/home/nfs/data/nvme_datasets/Pictures_CFSB_leaf_damage/2025_10_07_RSFB-Phenotyping_WG1_JLU/2025_10_07_RSFB-Phenotyping_WG1_JLU/20251007_154447.jpg,3.0,3.667447805404663,3.5383973121643066,-0.1290503889322281,0.5383973121643066,0.6674478054046631,rank_margin10,46,single_rater_weak
2025_10_07_RSFB-Phenotyping_WG1_JLU/2025_10_07_RSFB-Phenotyping_WG1_JLU/20251007_154452.jpg,plot_8e7bddd72f5819e6bfbd,wg_insects_t1_bbch10,/home/nfs/data/nvme_datasets/Pictures_CFSB_leaf_damage/2025_10_07_RSFB-Phenotyping_WG1_JLU/2025_10_07_RSFB-Phenotyping_WG1_JLU/20251007_154452.jpg,22.0,8.206913948059082,8.22150993347168,0.014596275985240936,13.77849006652832,13.793086051940918,rank_margin10,46,single_rater_weak
2025_10_07_RSFB-Phenotyping_WG1_JLU/2025_10_07_RSFB-Phenotyping_WG1_JLU/20251007_154510.jpg,plot_762e5eaff9e54eb0c31b,wg_insects_t1_bbch10,/home/nfs/data/nvme_datasets/Pictures_CFSB_leaf_damage/2025_10_07_RSFB-Phenotyping_WG1_JLU/2025_10_07_RSFB-Phenotyping_WG1_JLU/20251007_154510.jpg,28.0,5.9890456199646,6.860243320465088,0.8711978793144226,21.13975715637207,22.010953903198242,rank_margin10,46,single_rater_weak
2025_10_07_RSFB-Phenotyping_WG1_JLU/2025_10_07_RSFB-Phenotyping_WG1_JLU/20251007_154516.jpg,plot_762e5eaff9e54eb0c31b,wg_insects_t1_bbch10,/home/nfs/data/nvme_datasets/Pictures_CFSB_leaf_damage/2025_10_07_RSFB-Phenotyping_WG1_JLU/2025_10_07_RSFB-Phenotyping_WG1_JLU/20251007_154516.jpg,17.0,3.083113193511963,3.768305540084839,0.685192346572876,13.231694221496582,13.916887283325195,rank_margin10,46,single_rater_weak
2025_10_07_RSFB-Phenotyping_WG1_JLU/2025_10_07_RSFB-Phenotyping_WG1_JLU/20251007_154522.jpg,plot_762e5eaff9e54eb0c31b,wg_insects_t1_bbch10,/home/nfs/data/nvme_datasets/Pictures_CFSB_leaf_damage/2025_10_07_RSFB-Phenotyping_WG1_JLU/2025_10_07_RSFB-Phenotyping_WG1_JLU/20251007_154522.jpg,8.0,7.386135101318359,7.684017658233643,0.2978824973106384,0.3159823417663574,0.6138648986816406,rank_margin10,46,single_rater_weak
2025_10_07_RSFB-Phenotyping_WG1_JLU/2025_10_07_RSFB-Phenotyping_WG1_JLU/20251007_154539.jpg,plot_8ce0028acd070e45bd69,wg_insects_t1_bbch10,/home/nfs/data/nvme_datasets/Pictures_CFSB_leaf_damage/2025_10_07_RSFB-Phenotyping_WG1_JLU/2025_10_07_RSFB-Phenotyping_WG1_JLU/20251007_154539.jpg,4.0,2.7614049911499023,3.026459217071533,0.26505428552627563,0.9735407829284668,1.2385950088500977,rank_margin10,46,single_rater_weak
2025_10_07_RSFB-Phenotyping_WG1_JLU/2025_10_07_RSFB-Phenotyping_WG1_JLU/20251007_154544.jpg,plot_8ce0028acd070e45bd69,wg_insects_t1_bbch10,/home/nfs/data/nvme_datasets/Pictures_CFSB_leaf_damage/2025_10_07_RSFB-Phenotyping_WG1_JLU/2025_10_07_RSFB-Phenotyping_WG1_JLU/20251007_154544.jpg,10.0,7.888331890106201,8.605279922485352,0.7169480323791504,1.3947200775146484,2.111668109893799,rank_margin10,46,single_rater_weak
2025_10_07_RSFB-Phenotyping_WG1_JLU/2025_10_07_RSFB-Phenotyping_WG1_JLU/20251007_154553.jpg,plot_8ce0028acd070e45bd69,wg_insects_t1_bbch10,/home/nfs/data/nvme_datasets/Pictures_CFSB_leaf_damage/2025_10_07_RSFB-Phenotyping_WG1_JLU/2025_10_07_RSFB-Phenotyping_WG1_JLU/20251007_154553.jpg,30.0,8.780308723449707,8.798080444335938,0.017771421000361443,21.201919555664062,21.21969223022461,rank_margin10,46,single_rater_weak
2025_10_07_RSFB-Phenotyping_WG1_JLU/2025_10_07_RSFB-Phenotyping_WG1_JLU/20251007_154610.jpg,plot_0cee1028a7bb97e81cda,wg_insects_t1_bbch10,/home/nfs/data/nvme_datasets/Pictures_CFSB_leaf_damage/2025_10_07_RSFB-Phenotyping_WG1_JLU/2025_10_07_RSFB-Phenotyping_WG1_JLU/20251007_154610.jpg,3.0,4.735837936401367,5.266250133514404,0.5304121375083923,2.2662501335144043,1.7358379364013672,rank_margin10,46,single_rater_weak
2025_10_07_RSFB-Phenotyping_WG1_JLU/2025_10_07_RSFB-Phenotyping_WG1_JLU/20251007_154614.jpg,plot_0cee1028a7bb97e81cda,wg_insects_t1_bbch10,/home/nfs/data/nvme_datasets/Pictures_CFSB_leaf_damage/2025_10_07_RSFB-Phenotyping_WG1_JLU/2025_10_07_RSFB-Phenotyping_WG1_JLU/20251007_154614.jpg,18.0,3.890334129333496,4.342651844024658,0.45231789350509644,13.6573486328125,14.109665870666504,rank_margin10,46,single_rater_weak
2025_10_07_RSFB-Phenotyping_WG1_JLU/2025_10_07_RSFB-Phenotyping_WG1_JLU/20251007_154620.jpg,plot_0cee1028a7bb97e81cda,wg_insects_t1_bbch10,/home/nfs/data/nvme_datasets/Pictures_CFSB_leaf_damage/2025_10_07_RSFB-Phenotyping_WG1_JLU/2025_10_07_RSFB-Phenotyping_WG1_JLU/20251007_154620.jpg,27.0,3.9542765617370605,4.345317840576172,0.39104127883911133,22.654682159423828,23.04572296142578,rank_margin10,46,single_rater_weak
2025_10_07_RSFB-Phenotyping_WG1_JLU/2025_10_07_RSFB-Phenotyping_WG1_JLU/20251007_154638.jpg,plot_b18e82c06eea92ccde98,wg_insects_t1_bbch10,/home/nfs/data/nvme_datasets/Pictures_CFSB_leaf_damage/2025_10_07_RSFB-Phenotyping_WG1_JLU/2025_10_07_RSFB-Phenotyping_WG1_JLU/20251007_154638.jpg,5.0,3.2401585578918457,3.0675642490386963,-0.17259424924850464,1.9324357509613037,1.7598414421081543,rank_margin10,46,single_rater_weak
2025_10_07_RSFB-Phenotyping_WG1_JLU/2025_10_07_RSFB-Phenotyping_WG1_JLU/20251007_154643.jpg,plot_b18e82c06eea92ccde98,wg_insects_t1_bbch10,/home/nfs/data/nvme_datasets/Pictures_CFSB_leaf_damage/2025_10_07_RSFB-Phenotyping_WG1_JLU/2025_10_07_RSFB-Phenotyping_WG1_JLU/20251007_154643.jpg,10.0,9.8367919921875,10.372257232666016,0.5354655981063843,0.3722572326660156,0.1632080078125,rank_margin10,46,single_rater_weak
2025_10_07_RSFB-Phenotyping_WG1_JLU/2025_10_07_RSFB-Phenotyping_WG1_JLU/20251007_154649.jpg,plot_b18e82c06eea92ccde98,wg_insects_t1_bbch10,/home/nfs/data/nvme_datasets/Pictures_CFSB_leaf_damage/2025_10_07_RSFB-Phenotyping_WG1_JLU/2025_10_07_RSFB-Phenotyping_WG1_JLU/20251007_154649.jpg,30.0,13.529685974121094,14.552030563354492,1.0223443508148193,15.447969436645508,16.470314025878906,rank_margin10,46,single_rater_weak
2025_10_07_RSFB-Phenotyping_WG1_JLU/2025_10_07_RSFB-Phenotyping_WG1_JLU/20251007_154709.jpg,plot_bbf0f1e0cf8f3bba20c3,wg_insects_t1_bbch10,/home/nfs/data/nvme_datasets/Pictures_CFSB_leaf_damage/2025_10_07_RSFB-Phenotyping_WG1_JLU/2025_10_07_RSFB-Phenotyping_WG1_JLU/20251007_154709.jpg,4.0,0.8159232139587402,1.7101552486419678,0.8942320942878723,2.2898447513580322,3.1840767860412598,rank_margin10,46,single_rater_weak
2025_10_07_RSFB-Phenotyping_WG1_JLU/2025_10_07_RSFB-Phenotyping_WG1_JLU/20251007_154714.jpg,plot_bbf0f1e0cf8f3bba20c3,wg_insects_t1_bbch10,/home/nfs/data/nvme_datasets/Pictures_CFSB_leaf_damage/2025_10_07_RSFB-Phenotyping_WG1_JLU/2025_10_07_RSFB-Phenotyping_WG1_JLU/20251007_154714.jpg,8.0,4.045732021331787,4.011643886566162,-0.03408819064497948,3.988356113433838,3.954267978668213,rank_margin10,46,single_rater_weak
2025_10_07_RSFB-Phenotyping_WG1_JLU/2025_10_07_RSFB-Phenotyping_WG1_JLU/20251007_154720.jpg,plot_bbf0f1e0cf8f3bba20c3,wg_insects_t1_bbch10,/home/nfs/data/nvme_datasets/Pictures_CFSB_leaf_damage/2025_10_07_RSFB-Phenotyping_WG1_JLU/2025_10_07_RSFB-Phenotyping_WG1_JLU/20251007_154720.jpg,15.0,5.7551493644714355,6.1854376792907715,0.43028828501701355,8.81456184387207,9.244850158691406,rank_margin10,46,single_rater_weak
2025_10_07_RSFB-Phenotyping_WG1_JLU/2025_10_07_RSFB-Phenotyping_WG1_JLU/20251007_154737.jpg,plot_fb3b769f0300c33e5aca,wg_insects_t1_bbch10,/home/nfs/data/nvme_datasets/Pictures_CFSB_leaf_damage/2025_10_07_RSFB-Phenotyping_WG1_JLU/2025_10_07_RSFB-Phenotyping_WG1_JLU/20251007_154737.jpg,7.0,5.499684810638428,7.139956474304199,1.640271544456482,0.13995647430419922,1.5003151893615723,rank_margin10,46,single_rater_weak
2025_10_07_RSFB-Phenotyping_WG1_JLU/2025_10_07_RSFB-Phenotyping_WG1_JLU/20251007_154742.jpg,plot_fb3b769f0300c33e5aca,wg_insects_t1_bbch10,/home/nfs/data/nvme_datasets/Pictures_CFSB_leaf_damage/2025_10_07_RSFB-Phenotyping_WG1_JLU/2025_10_07_RSFB-Phenotyping_WG1_JLU/20251007_154742.jpg,7.0,5.911993503570557,6.350523948669434,0.4385303258895874,0.6494760513305664,1.0880064964294434,rank_margin10,46,single_rater_weak
2025_10_07_RSFB-Phenotyping_WG1_JLU/2025_10_07_RSFB-Phenotyping_WG1_JLU/20251007_154747.jpg,plot_fb3b769f0300c33e5aca,wg_insects_t1_bbch10,/home/nfs/data/nvme_datasets/Pictures_CFSB_leaf_damage/2025_10_07_RSFB-Phenotyping_WG1_JLU/2025_10_07_RSFB-Phenotyping_WG1_JLU/20251007_154747.jpg,3.0,5.099639892578125,5.927730083465576,0.8280901908874512,2.927730083465576,2.099639892578125,rank_margin10,46,single_rater_weak
2025_10_07_RSFB-Phenotyping_WG1_JLU/2025_10_07_RSFB-Phenotyping_WG1_JLU/20251007_154805.jpg,plot_02cfa6891f01f3d5231b,wg_insects_t1_bbch10,/home/nfs/data/nvme_datasets/Pictures_CFSB_leaf_damage/2025_10_07_RSFB-Phenotyping_WG1_JLU/2025_10_07_RSFB-Phenotyping_WG1_JLU/20251007_154805.jpg,21.0,4.334228992462158,5.27876091003418,0.9445318579673767,15.72123908996582,16.665771484375,rank_margin10,46,single_rater_weak
2025_10_07_RSFB-Phenotyping_WG1_JLU/2025_10_07_RSFB-Phenotyping_WG1_JLU/20251007_154810.jpg,plot_02cfa6891f01f3d5231b,wg_insects_t1_bbch10,/home/nfs/data/nvme_datasets/Pictures_CFSB_leaf_damage/2025_10_07_RSFB-Phenotyping_WG1_JLU/2025_10_07_RSFB-Phenotyping_WG1_JLU/20251007_154810.jpg,5.0,5.16230583190918,5.658137798309326,0.49583181738853455,0.6581377983093262,0.1623058319091797,rank_margin10,46,single_rater_weak
2025_10_07_RSFB-Phenotyping_WG1_JLU/2025_10_07_RSFB-Phenotyping_WG1_JLU/20251007_154814.jpg,plot_02cfa6891f01f3d5231b,wg_insects_t1_bbch10,/home/nfs/data/nvme_datasets/Pictures_CFSB_leaf_damage/2025_10_07_RSFB-Phenotyping_WG1_JLU/2025_10_07_RSFB-Phenotyping_WG1_JLU/20251007_154814.jpg,8.0,6.819064140319824,7.386788845062256,0.5677246451377869,0.6132111549377441,1.1809358596801758,rank_margin10,46,single_rater_weak
2025_10_07_RSFB-Phenotyping_WG1_JLU/2025_10_07_RSFB-Phenotyping_WG1_JLU/20251007_154833.jpg,plot_2b1aa70660abe9827eb1,wg_insects_t1_bbch10,/home/nfs/data/nvme_datasets/Pictures_CFSB_leaf_damage/2025_10_07_RSFB-Phenotyping_WG1_JLU/2025_10_07_RSFB-Phenotyping_WG1_JLU/20251007_154833.jpg,6.0,6.6292405128479,7.191361427307129,0.562120795249939,1.191361427307129,0.6292405128479004,rank_margin10,46,single_rater_weak
2025_10_07_RSFB-Phenotyping_WG1_JLU/2025_10_07_RSFB-Phenotyping_WG1_JLU/20251007_154837.jpg,plot_2b1aa70660abe9827eb1,wg_insects_t1_bbch10,/home/nfs/data/nvme_datasets/Pictures_CFSB_leaf_damage/2025_10_07_RSFB-Phenotyping_WG1_JLU/2025_10_07_RSFB-Phenotyping_WG1_JLU/20251007_154837.jpg,8.0,7.675398349761963,7.86247444152832,0.18707604706287384,0.1375255584716797,0.3246016502380371,rank_margin10,46,single_rater_weak
2025_10_07_RSFB-Phenotyping_WG1_JLU/2025_10_07_RSFB-Phenotyping_WG1_JLU/20251007_154842.jpg,plot_2b1aa70660abe9827eb1,wg_insects_t1_bbch10,/home/nfs/data/nvme_datasets/Pictures_CFSB_leaf_damage/2025_10_07_RSFB-Phenotyping_WG1_JLU/2025_10_07_RSFB-Phenotyping_WG1_JLU/20251007_154842.jpg,4.0,4.466029167175293,4.893866539001465,0.4278373718261719,0.8938665390014648,0.46602916717529297,rank_margin10,46,single_rater_weak
2025_10_07_RSFB-Phenotyping_WG1_JLU/2025_10_07_RSFB-Phenotyping_WG1_JLU/20251007_154859.jpg,plot_e12754ee189808186c04,wg_insects_t1_bbch10,/home/nfs/data/nvme_datasets/Pictures_CFSB_leaf_damage/2025_10_07_RSFB-Phenotyping_WG1_JLU/2025_10_07_RSFB-Phenotyping_WG1_JLU/20251007_154859.jpg,3.0,2.751718521118164,3.307525157928467,0.555806577205658,0.3075251579284668,0.24828147888183594,rank_margin10,46,single_rater_weak
2025_10_07_RSFB-Phenotyping_WG1_JLU/2025_10_07_RSFB-Phenotyping_WG1_JLU/20251007_154903.jpg,plot_e12754ee189808186c04,wg_insects_t1_bbch10,/home/nfs/data/nvme_datasets/Pictures_CFSB_leaf_damage/2025_10_07_RSFB-Phenotyping_WG1_JLU/2025_10_07_RSFB-Phenotyping_WG1_JLU/20251007_154903.jpg,2.0,3.0341262817382812,3.0635054111480713,0.029379162937402725,1.0635054111480713,1.0341262817382812,rank_margin10,46,single_rater_weak
2025_10_07_RSFB-Phenotyping_WG1_JLU/2025_10_07_RSFB-Phenotyping_WG1_JLU/20251007_154908.jpg,plot_e12754ee189808186c04,wg_insects_t1_bbch10,/home/nfs/data/nvme_datasets/Pictures_CFSB_leaf_damage/2025_10_07_RSFB-Phenotyping_WG1_JLU/2025_10_07_RSFB-Phenotyping_WG1_JLU/20251007_154908.jpg,6.0,8.942708015441895,9.900885581970215,0.9581775665283203,3.900885581970215,2.9427080154418945,rank_margin10,46,single_rater_weak
2025_10_07_RSFB-Phenotyping_WG1_JLU/2025_10_07_RSFB-Phenotyping_WG1_JLU/20251007_154926.jpg,plot_e91d97ecd146606e2c8d,wg_insects_t1_bbch10,/home/nfs/data/nvme_datasets/Pictures_CFSB_leaf_damage/2025_10_07_RSFB-Phenotyping_WG1_JLU/2025_10_07_RSFB-Phenotyping_WG1_JLU/20251007_154926.jpg,2.0,3.419471263885498,3.4198224544525146,0.00035129254683852196,1.4198224544525146,1.419471263885498,rank_margin10,46,single_rater_weak
2025_10_07_RSFB-Phenotyping_WG1_JLU/2025_10_07_RSFB-Phenotyping_WG1_JLU/20251007_154932.jpg,plot_e91d97ecd146606e2c8d,wg_insects_t1_bbch10,/home/nfs/data/nvme_datasets/Pictures_CFSB_leaf_damage/2025_10_07_RSFB-Phenotyping_WG1_JLU/2025_10_07_RSFB-Phenotyping_WG1_JLU/20251007_154932.jpg,3.0,4.723981857299805,5.455343723297119,0.7313618659973145,2.455343723297119,1.7239818572998047,rank_margin10,46,single_rater_weak
2025_10_07_RSFB-Phenotyping_WG1_JLU/2025_10_07_RSFB-Phenotyping_WG1_JLU/20251007_154939.jpg,plot_e91d97ecd146606e2c8d,wg_insects_t1_bbch10,/home/nfs/data/nvme_datasets/Pictures_CFSB_leaf_damage/2025_10_07_RSFB-Phenotyping_WG1_JLU/2025_10_07_RSFB-Phenotyping_WG1_JLU/20251007_154939.jpg,9.0,4.18705940246582,4.798494815826416,0.6114352941513062,4.201505184173584,4.81294059753418,rank_margin10,46,single_rater_weak
2025_10_07_RSFB-Phenotyping_WG1_JLU/2025_10_07_RSFB-Phenotyping_WG1_JLU/20251007_154956.jpg,plot_71bf9937ab72933ae979,wg_insects_t1_bbch10,/home/nfs/data/nvme_datasets/Pictures_CFSB_leaf_damage/2025_10_07_RSFB-Phenotyping_WG1_JLU/2025_10_07_RSFB-Phenotyping_WG1_JLU/20251007_154956.jpg,2.0,2.7157182693481445,3.334773540496826,0.6190552115440369,1.3347735404968262,0.7157182693481445,rank_margin10,46,single_rater_weak
2025_10_07_RSFB-Phenotyping_WG1_JLU/2025_10_07_RSFB-Phenotyping_WG1_JLU/20251007_155002.jpg,plot_71bf9937ab72933ae979,wg_insects_t1_bbch10,/home/nfs/data/nvme_datasets/Pictures_CFSB_leaf_damage/2025_10_07_RSFB-Phenotyping_WG1_JLU/2025_10_07_RSFB-Phenotyping_WG1_JLU/20251007_155002.jpg,2.0,3.916184663772583,4.6498823165893555,0.7336975336074829,2.6498823165893555,1.916184663772583,rank_margin10,46,single_rater_weak
2025_10_07_RSFB-Phenotyping_WG1_JLU/2025_10_07_RSFB-Phenotyping_WG1_JLU/20251007_155011.jpg,plot_71bf9937ab72933ae979,wg_insects_t1_bbch10,/home/nfs/data/nvme_datasets/Pictures_CFSB_leaf_damage/2025_10_07_RSFB-Phenotyping_WG1_JLU/2025_10_07_RSFB-Phenotyping_WG1_JLU/20251007_155011.jpg,20.0,3.713542938232422,4.146477222442627,0.4329341948032379,15.853523254394531,16.286457061767578,rank_margin10,46,single_rater_weak
2025_10_07_RSFB-Phenotyping_WG1_JLU/2025_10_07_RSFB-Phenotyping_WG1_JLU/20251007_155028.jpg,plot_9beca7e121428acae667,wg_insects_t1_bbch10,/home/nfs/data/nvme_datasets/Pictures_CFSB_leaf_damage/2025_10_07_RSFB-Phenotyping_WG1_JLU/2025_10_07_RSFB-Phenotyping_WG1_JLU/20251007_155028.jpg,3.0,4.3129730224609375,4.960346221923828,0.6473733186721802,1.9603462219238281,1.3129730224609375,rank_margin10,46,single_rater_weak
2025_10_07_RSFB-Phenotyping_WG1_JLU/2025_10_07_RSFB-Phenotyping_WG1_JLU/20251007_155034.jpg,plot_9beca7e121428acae667,wg_insects_t1_bbch10,/home/nfs/data/nvme_datasets/Pictures_CFSB_leaf_damage/2025_10_07_RSFB-Phenotyping_WG1_JLU/2025_10_07_RSFB-Phenotyping_WG1_JLU/20251007_155034.jpg,5.0,1.7322564125061035,2.2807106971740723,0.5484542846679688,2.7192893028259277,3.2677435874938965,rank_margin10,46,single_rater_weak
2025_10_07_RSFB-Phenotyping_WG1_JLU/2025_10_07_RSFB-Phenotyping_WG1_JLU/20251007_155039.jpg,plot_9beca7e121428acae667,wg_insects_t1_bbch10,/home/nfs/data/nvme_datasets/Pictures_CFSB_leaf_damage/2025_10_07_RSFB-Phenotyping_WG1_JLU/2025_10_07_RSFB-Phenotyping_WG1_JLU/20251007_155039.jpg,1.0,2.146444320678711,1.8923015594482422,-0.25414276123046875,0.8923015594482422,1.146444320678711,rank_margin10,46,single_rater_weak
2025_10_07_RSFB-Phenotyping_WG1_JLU/2025_10_07_RSFB-Phenotyping_WG1_JLU/20251007_155055.jpg,plot_727f5b9ef2736b508feb,wg_insects_t1_bbch10,/home/nfs/data/nvme_datasets/Pictures_CFSB_leaf_damage/2025_10_07_RSFB-Phenotyping_WG1_JLU/2025_10_07_RSFB-Phenotyping_WG1_JLU/20251007_155055.jpg,2.0,2.5525717735290527,2.2433409690856934,-0.30923089385032654,0.24334096908569336,0.5525717735290527,rank_margin10,46,single_rater_weak
2025_10_07_RSFB-Phenotyping_WG1_JLU/2025_10_07_RSFB-Phenotyping_WG1_JLU/20251007_155100.jpg,plot_727f5b9ef2736b508feb,wg_insects_t1_bbch10,/home/nfs/data/nvme_datasets/Pictures_CFSB_leaf_damage/2025_10_07_RSFB-Phenotyping_WG1_JLU/2025_10_07_RSFB-Phenotyping_WG1_JLU/20251007_155100.jpg,2.0,2.3010215759277344,1.9165844917297363,-0.38443708419799805,0.08341550827026367,0.3010215759277344,rank_margin10,46,single_rater_weak
2025_10_07_RSFB-Phenotyping_WG1_JLU/2025_10_07_RSFB-Phenotyping_WG1_JLU/20251007_155107.jpg,plot_727f5b9ef2736b508feb,wg_insects_t1_bbch10,/home/nfs/data/nvme_datasets/Pictures_CFSB_leaf_damage/2025_10_07_RSFB-Phenotyping_WG1_JLU/2025_10_07_RSFB-Phenotyping_WG1_JLU/20251007_155107.jpg,3.0,3.2695250511169434,3.4438443183898926,0.17431917786598206,0.4438443183898926,0.26952505111694336,rank_margin10,46,single_rater_weak
2025_10_07_RSFB-Phenotyping_WG1_JLU/2025_10_07_RSFB-Phenotyping_WG1_JLU/20251007_155124.jpg,plot_d5e7bd3b6010fe66d4f4,wg_insects_t1_bbch10,/home/nfs/data/nvme_datasets/Pictures_CFSB_leaf_damage/2025_10_07_RSFB-Phenotyping_WG1_JLU/2025_10_07_RSFB-Phenotyping_WG1_JLU/20251007_155124.jpg,2.0,4.5519914627075195,4.959098815917969,0.4071071743965149,2.9590988159179688,2.5519914627075195,rank_margin10,46,single_rater_weak
2025_10_07_RSFB-Phenotyping_WG1_JLU/2025_10_07_RSFB-Phenotyping_WG1_JLU/20251007_155128.jpg,plot_d5e7bd3b6010fe66d4f4,wg_insects_t1_bbch10,/home/nfs/data/nvme_datasets/Pictures_CFSB_leaf_damage/2025_10_07_RSFB-Phenotyping_WG1_JLU/2025_10_07_RSFB-Phenotyping_WG1_JLU/20251007_155128.jpg,2.0,3.0078177452087402,3.286442518234253,0.2786247730255127,1.286442518234253,1.0078177452087402,rank_margin10,46,single_rater_weak
2025_10_07_RSFB-Phenotyping_WG1_JLU/2025_10_07_RSFB-Phenotyping_WG1_JLU/20251007_155135.jpg,plot_d5e7bd3b6010fe66d4f4,wg_insects_t1_bbch10,/home/nfs/data/nvme_datasets/Pictures_CFSB_leaf_damage/2025_10_07_RSFB-Phenotyping_WG1_JLU/2025_10_07_RSFB-Phenotyping_WG1_JLU/20251007_155135.jpg,4.0,2.8668370246887207,2.817093849182129,-0.049743056297302246,1.182906150817871,1.1331629753112793,rank_margin10,46,single_rater_weak
2025_10_07_RSFB-Phenotyping_WG1_JLU/2025_10_07_RSFB-Phenotyping_WG1_JLU/20251007_155152.jpg,plot_7ce66ab9cf520dcc270b,wg_insects_t1_bbch10,/home/nfs/data/nvme_datasets/Pictures_CFSB_leaf_damage/2025_10_07_RSFB-Phenotyping_WG1_JLU/2025_10_07_RSFB-Phenotyping_WG1_JLU/20251007_155152.jpg,18.0,5.166679382324219,5.582126617431641,0.4154471755027771,12.41787338256836,12.833320617675781,rank_margin10,46,single_rater_weak
2025_10_07_RSFB-Phenotyping_WG1_JLU/2025_10_07_RSFB-Phenotyping_WG1_JLU/20251007_155157.jpg,plot_7ce66ab9cf520dcc270b,wg_insects_t1_bbch10,/home/nfs/data/nvme_datasets/Pictures_CFSB_leaf_damage/2025_10_07_RSFB-Phenotyping_WG1_JLU/2025_10_07_RSFB-Phenotyping_WG1_JLU/20251007_155157.jpg,3.0,3.306467056274414,3.243175506591797,-0.06329149752855301,0.24317550659179688,0.30646705627441406,rank_margin10,46,single_rater_weak
2025_10_07_RSFB-Phenotyping_WG1_JLU/2025_10_07_RSFB-Phenotyping_WG1_JLU/20251007_155202.jpg,plot_7ce66ab9cf520dcc270b,wg_insects_t1_bbch10,/home/nfs/data/nvme_datasets/Pictures_CFSB_leaf_damage/2025_10_07_RSFB-Phenotyping_WG1_JLU/2025_10_07_RSFB-Phenotyping_WG1_JLU/20251007_155202.jpg,7.0,6.024155616760254,6.538353443145752,0.5141977667808533,0.46164655685424805,0.9758443832397461,rank_margin10,46,single_rater_weak
2025_10_07_RSFB-Phenotyping_WG1_JLU/2025_10_07_RSFB-Phenotyping_WG1_JLU/20251007_155219.jpg,plot_521a71ee2de32f95c943,wg_insects_t1_bbch10,/home/nfs/data/nvme_datasets/Pictures_CFSB_leaf_damage/2025_10_07_RSFB-Phenotyping_WG1_JLU/2025_10_07_RSFB-Phenotyping_WG1_JLU/20251007_155219.jpg,4.0,3.664552688598633,4.426140308380127,0.7615875005722046,0.42614030838012695,0.3354473114013672,rank_margin10,46,single_rater_weak
2025_10_07_RSFB-Phenotyping_WG1_JLU/2025_10_07_RSFB-Phenotyping_WG1_JLU/20251007_155225.jpg,plot_521a71ee2de32f95c943,wg_insects_t1_bbch10,/home/nfs/data/nvme_datasets/Pictures_CFSB_leaf_damage/2025_10_07_RSFB-Phenotyping_WG1_JLU/2025_10_07_RSFB-Phenotyping_WG1_JLU/20251007_155225.jpg,3.0,2.5605597496032715,2.4125850200653076,-0.14797472953796387,0.5874149799346924,0.4394402503967285,rank_margin10,46,single_rater_weak
2025_10_07_RSFB-Phenotyping_WG1_JLU/2025_10_07_RSFB-Phenotyping_WG1_JLU/20251007_155232.jpg,plot_521a71ee2de32f95c943,wg_insects_t1_bbch10,/home/nfs/data/nvme_datasets/Pictures_CFSB_leaf_damage/2025_10_07_RSFB-Phenotyping_WG1_JLU/2025_10_07_RSFB-Phenotyping_WG1_JLU/20251007_155232.jpg,1.0,2.763923168182373,2.8291378021240234,0.06521466374397278,1.8291378021240234,1.763923168182373,rank_margin10,46,single_rater_weak
2025_10_07_RSFB-Phenotyping_WG1_JLU/2025_10_07_RSFB-Phenotyping_WG1_JLU/20251007_155252.jpg,plot_e9e78f54471dbaf45e8f,wg_insects_t1_bbch10,/home/nfs/data/nvme_datasets/Pictures_CFSB_leaf_damage/2025_10_07_RSFB-Phenotyping_WG1_JLU/2025_10_07_RSFB-Phenotyping_WG1_JLU/20251007_155252.jpg,3.0,2.4341955184936523,2.956491708755493,0.5222961902618408,0.043508291244506836,0.5658044815063477,rank_margin10,46,single_rater_weak
2025_10_07_RSFB-Phenotyping_WG1_JLU/2025_10_07_RSFB-Phenotyping_WG1_JLU/20251007_155256.jpg,plot_e9e78f54471dbaf45e8f,wg_insects_t1_bbch10,/home/nfs/data/nvme_datasets/Pictures_CFSB_leaf_damage/2025_10_07_RSFB-Phenotyping_WG1_JLU/2025_10_07_RSFB-Phenotyping_WG1_JLU/20251007_155256.jpg,2.0,3.892047643661499,3.8617405891418457,-0.0303071029484272,1.8617405891418457,1.892047643661499,rank_margin10,46,single_rater_weak
2025_10_07_RSFB-Phenotyping_WG1_JLU/2025_10_07_RSFB-Phenotyping_WG1_JLU/20251007_155301.jpg,plot_e9e78f54471dbaf45e8f,wg_insects_t1_bbch10,/home/nfs/data/nvme_datasets/Pictures_CFSB_leaf_damage/2025_10_07_RSFB-Phenotyping_WG1_JLU/2025_10_07_RSFB-Phenotyping_WG1_JLU/20251007_155301.jpg,2.0,3.2398715019226074,3.2471132278442383,0.007241770625114441,1.2471132278442383,1.2398715019226074,rank_margin10,46,single_rater_weak
2025_10_07_RSFB-Phenotyping_WG1_JLU/2025_10_07_RSFB-Phenotyping_WG1_JLU/20251007_155319.jpg,plot_c8ac9d350e25eb7d247e,wg_insects_t1_bbch10,/home/nfs/data/nvme_datasets/Pictures_CFSB_leaf_damage/2025_10_07_RSFB-Phenotyping_WG1_JLU/2025_10_07_RSFB-Phenotyping_WG1_JLU/20251007_155319.jpg,3.0,4.985078811645508,4.733258247375488,-0.25182032585144043,1.7332582473754883,1.9850788116455078,rank_margin10,46,single_rater_weak
2025_10_07_RSFB-Phenotyping_WG1_JLU/2025_10_07_RSFB-Phenotyping_WG1_JLU/20251007_155325.jpg,plot_c8ac9d350e25eb7d247e,wg_insects_t1_bbch10,/home/nfs/data/nvme_datasets/Pictures_CFSB_leaf_damage/2025_10_07_RSFB-Phenotyping_WG1_JLU/2025_10_07_RSFB-Phenotyping_WG1_JLU/20251007_155325.jpg,1.0,2.606572151184082,3.1058154106140137,0.49924328923225403,2.1058154106140137,1.606572151184082,rank_margin10,46,single_rater_weak
2025_10_07_RSFB-Phenotyping_WG1_JLU/2025_10_07_RSFB-Phenotyping_WG1_JLU/20251007_155330.jpg,plot_c8ac9d350e25eb7d247e,wg_insects_t1_bbch10,/home/nfs/data/nvme_datasets/Pictures_CFSB_leaf_damage/2025_10_07_RSFB-Phenotyping_WG1_JLU/2025_10_07_RSFB-Phenotyping_WG1_JLU/20251007_155330.jpg,2.0,6.540422439575195,6.881009578704834,0.34058716893196106,4.881009578704834,4.540422439575195,rank_margin10,46,single_rater_weak
2025_10_07_RSFB-Phenotyping_WG1_JLU/2025_10_07_RSFB-Phenotyping_WG1_JLU/20251007_155347.jpg,plot_2b6ce2e0c85b0d519b90,wg_insects_t1_bbch10,/home/nfs/data/nvme_datasets/Pictures_CFSB_leaf_damage/2025_10_07_RSFB-Phenotyping_WG1_JLU/2025_10_07_RSFB-Phenotyping_WG1_JLU/20251007_155347.jpg,1.0,4.007205963134766,3.4958982467651367,-0.5113076567649841,2.4958982467651367,3.0072059631347656,rank_margin10,46,single_rater_weak
2025_10_07_RSFB-Phenotyping_WG1_JLU/2025_10_07_RSFB-Phenotyping_WG1_JLU/20251007_155353.jpg,plot_2b6ce2e0c85b0d519b90,wg_insects_t1_bbch10,/home/nfs/data/nvme_datasets/Pictures_CFSB_leaf_damage/2025_10_07_RSFB-Phenotyping_WG1_JLU/2025_10_07_RSFB-Phenotyping_WG1_JLU/20251007_155353.jpg,3.0,3.0568981170654297,3.331038475036621,0.2741403877735138,0.3310384750366211,0.05689811706542969,rank_margin10,46,single_rater_weak
2025_10_07_RSFB-Phenotyping_WG1_JLU/2025_10_07_RSFB-Phenotyping_WG1_JLU/20251007_155359.jpg,plot_2b6ce2e0c85b0d519b90,wg_insects_t1_bbch10,/home/nfs/data/nvme_datasets/Pictures_CFSB_leaf_damage/2025_10_07_RSFB-Phenotyping_WG1_JLU/2025_10_07_RSFB-Phenotyping_WG1_JLU/20251007_155359.jpg,9.0,2.3483738899230957,2.9368672370910645,0.588493287563324,6.0631327629089355,6.651626110076904,rank_margin10,46,single_rater_weak
2025_10_07_RSFB-Phenotyping_WG1_JLU/2025_10_07_RSFB-Phenotyping_WG1_JLU/20251007_155420.jpg,plot_a9313194f1c8e93e42e4,wg_insects_t1_bbch10,/home/nfs/data/nvme_datasets/Pictures_CFSB_leaf_damage/2025_10_07_RSFB-Phenotyping_WG1_JLU/2025_10_07_RSFB-Phenotyping_WG1_JLU/20251007_155420.jpg,6.0,7.427088737487793,7.750060558319092,0.3229716122150421,1.7500605583190918,1.427088737487793,rank_margin10,46,single_rater_weak
2025_10_07_RSFB-Phenotyping_WG1_JLU/2025_10_07_RSFB-Phenotyping_WG1_JLU/20251007_155426.jpg,plot_a9313194f1c8e93e42e4,wg_insects_t1_bbch10,/home/nfs/data/nvme_datasets/Pictures_CFSB_leaf_damage/2025_10_07_RSFB-Phenotyping_WG1_JLU/2025_10_07_RSFB-Phenotyping_WG1_JLU/20251007_155426.jpg,4.0,2.9179954528808594,2.819668769836426,-0.09832657128572464,1.1803312301635742,1.0820045471191406,rank_margin10,46,single_rater_weak
2025_10_07_RSFB-Phenotyping_WG1_JLU/2025_10_07_RSFB-Phenotyping_WG1_JLU/20251007_155433.jpg,plot_a9313194f1c8e93e42e4,wg_insects_t1_bbch10,/home/nfs/data/nvme_datasets/Pictures_CFSB_leaf_damage/2025_10_07_RSFB-Phenotyping_WG1_JLU/2025_10_07_RSFB-Phenotyping_WG1_JLU/20251007_155433.jpg,31.0,23.571529388427734,23.498950958251953,-0.07257915288209915,7.501049041748047,7.428470611572266,rank_margin10,46,single_rater_weak
2025_10_07_RSFB-Phenotyping_WG1_JLU/2025_10_07_RSFB-Phenotyping_WG1_JLU/20251007_155448.jpg,plot_090d10b4afbf762ac1a5,wg_insects_t1_bbch10,/home/nfs/data/nvme_datasets/Pictures_CFSB_leaf_damage/2025_10_07_RSFB-Phenotyping_WG1_JLU/2025_10_07_RSFB-Phenotyping_WG1_JLU/20251007_155448.jpg,3.0,3.4110634326934814,3.2527823448181152,-0.1582810878753662,0.25278234481811523,0.41106343269348145,rank_margin10,46,single_rater_weak
2025_10_07_RSFB-Phenotyping_WG1_JLU/2025_10_07_RSFB-Phenotyping_WG1_JLU/20251007_155453.jpg,plot_090d10b4afbf762ac1a5,wg_insects_t1_bbch10,/home/nfs/data/nvme_datasets/Pictures_CFSB_leaf_damage/2025_10_07_RSFB-Phenotyping_WG1_JLU/2025_10_07_RSFB-Phenotyping_WG1_JLU/20251007_155453.jpg,3.0,2.2557101249694824,2.423008680343628,0.16729846596717834,0.5769913196563721,0.7442898750305176,rank_margin10,46,single_rater_weak
2025_10_07_RSFB-Phenotyping_WG1_JLU/2025_10_07_RSFB-Phenotyping_WG1_JLU/20251007_155459.jpg,plot_090d10b4afbf762ac1a5,wg_insects_t1_bbch10,/home/nfs/data/nvme_datasets/Pictures_CFSB_leaf_damage/2025_10_07_RSFB-Phenotyping_WG1_JLU/2025_10_07_RSFB-Phenotyping_WG1_JLU/20251007_155459.jpg,5.0,4.883861541748047,4.685352325439453,-0.19850924611091614,0.3146476745605469,0.11613845825195312,rank_margin10,46,single_rater_weak
2025_10_07_RSFB-Phenotyping_WG1_JLU/2025_10_07_RSFB-Phenotyping_WG1_JLU/20251007_155516.jpg,plot_ea1c6826e1f8439636da,wg_insects_t1_bbch10,/home/nfs/data/nvme_datasets/Pictures_CFSB_leaf_damage/2025_10_07_RSFB-Phenotyping_WG1_JLU/2025_10_07_RSFB-Phenotyping_WG1_JLU/20251007_155516.jpg,7.0,4.103838920593262,4.7372307777404785,0.6333919763565063,2.2627692222595215,2.8961610794067383,rank_margin10,46,single_rater_weak
2025_10_07_RSFB-Phenotyping_WG1_JLU/2025_10_07_RSFB-Phenotyping_WG1_JLU/20251007_155520.jpg,plot_ea1c6826e1f8439636da,wg_insects_t1_bbch10,/home/nfs/data/nvme_datasets/Pictures_CFSB_leaf_damage/2025_10_07_RSFB-Phenotyping_WG1_JLU/2025_10_07_RSFB-Phenotyping_WG1_JLU/20251007_155520.jpg,8.0,7.253942012786865,7.019939422607422,-0.23400239646434784,0.9800605773925781,0.7460579872131348,rank_margin10,46,single_rater_weak
2025_10_07_RSFB-Phenotyping_WG1_JLU/2025_10_07_RSFB-Phenotyping_WG1_JLU/20251007_155529.jpg,plot_ea1c6826e1f8439636da,wg_insects_t1_bbch10,/home/nfs/data/nvme_datasets/Pictures_CFSB_leaf_damage/2025_10_07_RSFB-Phenotyping_WG1_JLU/2025_10_07_RSFB-Phenotyping_WG1_JLU/20251007_155529.jpg,2.0,3.189155101776123,3.197028160095215,0.007873020134866238,1.1970281600952148,1.189155101776123,rank_margin10,46,single_rater_weak
2025_10_07_RSFB-Phenotyping_WG1_JLU/2025_10_07_RSFB-Phenotyping_WG1_JLU/20251007_155547.jpg,plot_740ea37a7e7d2ba5872f,wg_insects_t1_bbch10,/home/nfs/data/nvme_datasets/Pictures_CFSB_leaf_damage/2025_10_07_RSFB-Phenotyping_WG1_JLU/2025_10_07_RSFB-Phenotyping_WG1_JLU/20251007_155547.jpg,18.0,3.3270487785339355,4.725281238555908,1.3982325792312622,13.27471923828125,14.672950744628906,rank_margin10,46,single_rater_weak
2025_10_07_RSFB-Phenotyping_WG1_JLU/2025_10_07_RSFB-Phenotyping_WG1_JLU/20251007_155554.jpg,plot_740ea37a7e7d2ba5872f,wg_insects_t1_bbch10,/home/nfs/data/nvme_datasets/Pictures_CFSB_leaf_damage/2025_10_07_RSFB-Phenotyping_WG1_JLU/2025_10_07_RSFB-Phenotyping_WG1_JLU/20251007_155554.jpg,18.0,4.034588813781738,3.8341424465179443,-0.20044639706611633,14.165857315063477,13.965411186218262,rank_margin10,46,single_rater_weak
2025_10_07_RSFB-Phenotyping_WG1_JLU/2025_10_07_RSFB-Phenotyping_WG1_JLU/20251007_155559.jpg,plot_740ea37a7e7d2ba5872f,wg_insects_t1_bbch10,/home/nfs/data/nvme_datasets/Pictures_CFSB_leaf_damage/2025_10_07_RSFB-Phenotyping_WG1_JLU/2025_10_07_RSFB-Phenotyping_WG1_JLU/20251007_155559.jpg,30.0,6.1466064453125,6.771883487701416,0.6252772212028503,23.228116989135742,23.8533935546875,rank_margin10,46,single_rater_weak
2025_10_07_RSFB-Phenotyping_WG1_JLU/2025_10_07_RSFB-Phenotyping_WG1_JLU/20251007_155615.jpg,plot_c08384e341650c84b7e3,wg_insects_t1_bbch10,/home/nfs/data/nvme_datasets/Pictures_CFSB_leaf_damage/2025_10_07_RSFB-Phenotyping_WG1_JLU/2025_10_07_RSFB-Phenotyping_WG1_JLU/20251007_155615.jpg,19.0,3.7983627319335938,3.810455560684204,0.012092862278223038,15.189544677734375,15.201637268066406,rank_margin10,46,single_rater_weak
2025_10_07_RSFB-Phenotyping_WG1_JLU/2025_10_07_RSFB-Phenotyping_WG1_JLU/20251007_155620.jpg,plot_c08384e341650c84b7e3,wg_insects_t1_bbch10,/home/nfs/data/nvme_datasets/Pictures_CFSB_leaf_damage/2025_10_07_RSFB-Phenotyping_WG1_JLU/2025_10_07_RSFB-Phenotyping_WG1_JLU/20251007_155620.jpg,2.0,3.267422676086426,3.3855104446411133,0.11808766424655914,1.3855104446411133,1.2674226760864258,rank_margin10,46,single_rater_weak
2025_10_07_RSFB-Phenotyping_WG1_JLU/2025_10_07_RSFB-Phenotyping_WG1_JLU/20251007_155625.jpg,plot_c08384e341650c84b7e3,wg_insects_t1_bbch10,/home/nfs/data/nvme_datasets/Pictures_CFSB_leaf_damage/2025_10_07_RSFB-Phenotyping_WG1_JLU/2025_10_07_RSFB-Phenotyping_WG1_JLU/20251007_155625.jpg,12.0,5.8507304191589355,5.836060523986816,-0.014669911935925484,6.163939476013184,6.1492695808410645,rank_margin10,46,single_rater_weak
2025_10_07_RSFB-Phenotyping_WG1_JLU/2025_10_07_RSFB-Phenotyping_WG1_JLU/20251007_155642.jpg,plot_2c2b7818d88cc60083c0,wg_insects_t1_bbch10,/home/nfs/data/nvme_datasets/Pictures_CFSB_leaf_damage/2025_10_07_RSFB-Phenotyping_WG1_JLU/2025_10_07_RSFB-Phenotyping_WG1_JLU/20251007_155642.jpg,2.0,4.628165245056152,5.397541522979736,0.7693763971328735,3.3975415229797363,2.6281652450561523,rank_margin10,46,single_rater_weak
2025_10_07_RSFB-Phenotyping_WG1_JLU/2025_10_07_RSFB-Phenotyping_WG1_JLU/20251007_155647.jpg,plot_2c2b7818d88cc60083c0,wg_insects_t1_bbch10,/home/nfs/data/nvme_datasets/Pictures_CFSB_leaf_damage/2025_10_07_RSFB-Phenotyping_WG1_JLU/2025_10_07_RSFB-Phenotyping_WG1_JLU/20251007_155647.jpg,2.0,3.7309417724609375,3.510838747024536,-0.22010304033756256,1.5108387470245361,1.7309417724609375,rank_margin10,46,single_rater_weak
2025_10_07_RSFB-Phenotyping_WG1_JLU/2025_10_07_RSFB-Phenotyping_WG1_JLU/20251007_155652.jpg,plot_2c2b7818d88cc60083c0,wg_insects_t1_bbch10,/home/nfs/data/nvme_datasets/Pictures_CFSB_leaf_damage/2025_10_07_RSFB-Phenotyping_WG1_JLU/2025_10_07_RSFB-Phenotyping_WG1_JLU/20251007_155652.jpg,3.0,2.894064426422119,3.0911922454833984,0.1971278190612793,0.09119224548339844,0.10593557357788086,rank_margin10,46,single_rater_weak
2025_10_07_RSFB-Phenotyping_WG1_JLU/2025_10_07_RSFB-Phenotyping_WG1_JLU/20251007_155708.jpg,plot_c127083b02a0a3c20d9e,wg_insects_t1_bbch10,/home/nfs/data/nvme_datasets/Pictures_CFSB_leaf_damage/2025_10_07_RSFB-Phenotyping_WG1_JLU/2025_10_07_RSFB-Phenotyping_WG1_JLU/20251007_155708.jpg,3.0,2.9609808921813965,2.5341601371765137,-0.4268207848072052,0.46583986282348633,0.039019107818603516,rank_margin10,46,single_rater_weak
2025_10_07_RSFB-Phenotyping_WG1_JLU/2025_10_07_RSFB-Phenotyping_WG1_JLU/20251007_155714.jpg,plot_c127083b02a0a3c20d9e,wg_insects_t1_bbch10,/home/nfs/data/nvme_datasets/Pictures_CFSB_leaf_damage/2025_10_07_RSFB-Phenotyping_WG1_JLU/2025_10_07_RSFB-Phenotyping_WG1_JLU/20251007_155714.jpg,3.0,2.866060733795166,2.3117594718933105,-0.5543012022972107,0.6882405281066895,0.13393926620483398,rank_margin10,46,single_rater_weak
2025_10_07_RSFB-Phenotyping_WG1_JLU/2025_10_07_RSFB-Phenotyping_WG1_JLU/20251007_155719.jpg,plot_c127083b02a0a3c20d9e,wg_insects_t1_bbch10,/home/nfs/data/nvme_datasets/Pictures_CFSB_leaf_damage/2025_10_07_RSFB-Phenotyping_WG1_JLU/2025_10_07_RSFB-Phenotyping_WG1_JLU/20251007_155719.jpg,6.0,3.060309886932373,3.457622528076172,0.3973126709461212,2.542377471923828,2.939690113067627,rank_margin10,46,single_rater_weak
2025_10_07_RSFB-Phenotyping_WG1_JLU/2025_10_07_RSFB-Phenotyping_WG1_JLU/20251007_155736.jpg,plot_9989fe456f6ba82751d6,wg_insects_t1_bbch10,/home/nfs/data/nvme_datasets/Pictures_CFSB_leaf_damage/2025_10_07_RSFB-Phenotyping_WG1_JLU/2025_10_07_RSFB-Phenotyping_WG1_JLU/20251007_155736.jpg,5.0,4.039605140686035,4.308825492858887,0.26922011375427246,0.6911745071411133,0.9603948593139648,rank_margin10,46,single_rater_weak
2025_10_07_RSFB-Phenotyping_WG1_JLU/2025_10_07_RSFB-Phenotyping_WG1_JLU/20251007_155742.jpg,plot_9989fe456f6ba82751d6,wg_insects_t1_bbch10,/home/nfs/data/nvme_datasets/Pictures_CFSB_leaf_damage/2025_10_07_RSFB-Phenotyping_WG1_JLU/2025_10_07_RSFB-Phenotyping_WG1_JLU/20251007_155742.jpg,9.0,3.92252516746521,4.169033527374268,0.24650858342647552,4.830966472625732,5.077474594116211,rank_margin10,46,single_rater_weak
2025_10_07_RSFB-Phenotyping_WG1_JLU/2025_10_07_RSFB-Phenotyping_WG1_JLU/20251007_155750.jpg,plot_9989fe456f6ba82751d6,wg_insects_t1_bbch10,/home/nfs/data/nvme_datasets/Pictures_CFSB_leaf_damage/2025_10_07_RSFB-Phenotyping_WG1_JLU/2025_10_07_RSFB-Phenotyping_WG1_JLU/20251007_155750.jpg,30.0,8.936188697814941,9.817334175109863,0.8811454772949219,20.182666778564453,21.063812255859375,rank_margin10,46,single_rater_weak
2025_10_07_RSFB-Phenotyping_WG1_JLU/2025_10_07_RSFB-Phenotyping_WG1_JLU/20251007_155807.jpg,plot_0dc71a8af0c39e4f26f7,wg_insects_t1_bbch10,/home/nfs/data/nvme_datasets/Pictures_CFSB_leaf_damage/2025_10_07_RSFB-Phenotyping_WG1_JLU/2025_10_07_RSFB-Phenotyping_WG1_JLU/20251007_155807.jpg,14.0,3.5517382621765137,4.50413703918457,0.9523990154266357,9.49586296081543,10.448261260986328,rank_margin10,46,single_rater_weak
2025_10_07_RSFB-Phenotyping_WG1_JLU/2025_10_07_RSFB-Phenotyping_WG1_JLU/20251007_155813.jpg,plot_0dc71a8af0c39e4f26f7,wg_insects_t1_bbch10,/home/nfs/data/nvme_datasets/Pictures_CFSB_leaf_damage/2025_10_07_RSFB-Phenotyping_WG1_JLU/2025_10_07_RSFB-Phenotyping_WG1_JLU/20251007_155813.jpg,2.0,3.3943581581115723,3.4008402824401855,0.006482148543000221,1.4008402824401855,1.3943581581115723,rank_margin10,46,single_rater_weak
2025_10_07_RSFB-Phenotyping_WG1_JLU/2025_10_07_RSFB-Phenotyping_WG1_JLU/20251007_155819.jpg,plot_0dc71a8af0c39e4f26f7,wg_insects_t1_bbch10,/home/nfs/data/nvme_datasets/Pictures_CFSB_leaf_damage/2025_10_07_RSFB-Phenotyping_WG1_JLU/2025_10_07_RSFB-Phenotyping_WG1_JLU/20251007_155819.jpg,12.0,4.861799240112305,4.560324668884277,-0.3014746308326721,7.439675331115723,7.138200759887695,rank_margin10,46,single_rater_weak
2025_10_07_RSFB-Phenotyping_WG1_JLU/2025_10_07_RSFB-Phenotyping_WG1_JLU/20251007_155834.jpg,plot_9c2f17ed639688600321,wg_insects_t1_bbch10,/home/nfs/data/nvme_datasets/Pictures_CFSB_leaf_damage/2025_10_07_RSFB-Phenotyping_WG1_JLU/2025_10_07_RSFB-Phenotyping_WG1_JLU/20251007_155834.jpg,4.0,3.8690078258514404,5.361358165740967,1.4923502206802368,1.3613581657409668,0.13099217414855957,rank_margin10,46,single_rater_weak
2025_10_07_RSFB-Phenotyping_WG1_JLU/2025_10_07_RSFB-Phenotyping_WG1_JLU/20251007_155839.jpg,plot_9c2f17ed639688600321,wg_insects_t1_bbch10,/home/nfs/data/nvme_datasets/Pictures_CFSB_leaf_damage/2025_10_07_RSFB-Phenotyping_WG1_JLU/2025_10_07_RSFB-Phenotyping_WG1_JLU/20251007_155839.jpg,2.0,2.508420944213867,2.6792938709259033,0.1708730310201645,0.6792938709259033,0.5084209442138672,rank_margin10,46,single_rater_weak
2025_10_07_RSFB-Phenotyping_WG1_JLU/2025_10_07_RSFB-Phenotyping_WG1_JLU/20251007_155845.jpg,plot_9c2f17ed639688600321,wg_insects_t1_bbch10,/home/nfs/data/nvme_datasets/Pictures_CFSB_leaf_damage/2025_10_07_RSFB-Phenotyping_WG1_JLU/2025_10_07_RSFB-Phenotyping_WG1_JLU/20251007_155845.jpg,31.0,13.36829948425293,14.382217407226562,1.013918399810791,16.617782592773438,17.63170051574707,rank_margin10,46,single_rater_weak
2025_10_07_RSFB-Phenotyping_WG1_JLU/2025_10_07_RSFB-Phenotyping_WG1_JLU/20251007_155902.jpg,plot_c738121aa8f29aca11a9,wg_insects_t1_bbch10,/home/nfs/data/nvme_datasets/Pictures_CFSB_leaf_damage/2025_10_07_RSFB-Phenotyping_WG1_JLU/2025_10_07_RSFB-Phenotyping_WG1_JLU/20251007_155902.jpg,17.0,1.952737808227539,2.7352709770202637,0.7825332880020142,14.264728546142578,15.047262191772461,rank_margin10,46,single_rater_weak
2025_10_07_RSFB-Phenotyping_WG1_JLU/2025_10_07_RSFB-Phenotyping_WG1_JLU/20251007_155907.jpg,plot_c738121aa8f29aca11a9,wg_insects_t1_bbch10,/home/nfs/data/nvme_datasets/Pictures_CFSB_leaf_damage/2025_10_07_RSFB-Phenotyping_WG1_JLU/2025_10_07_RSFB-Phenotyping_WG1_JLU/20251007_155907.jpg,4.0,3.5948944091796875,4.4150710105896,0.8201764822006226,0.4150710105895996,0.4051055908203125,rank_margin10,46,single_rater_weak
2025_10_07_RSFB-Phenotyping_WG1_JLU/2025_10_07_RSFB-Phenotyping_WG1_JLU/20251007_155913.jpg,plot_c738121aa8f29aca11a9,wg_insects_t1_bbch10,/home/nfs/data/nvme_datasets/Pictures_CFSB_leaf_damage/2025_10_07_RSFB-Phenotyping_WG1_JLU/2025_10_07_RSFB-Phenotyping_WG1_JLU/20251007_155913.jpg,5.0,5.283969879150391,5.175970554351807,-0.10799944400787354,0.17597055435180664,0.2839698791503906,rank_margin10,46,single_rater_weak
2025_10_07_RSFB-Phenotyping_WG1_JLU/2025_10_07_RSFB-Phenotyping_WG1_JLU/20251007_155930.jpg,plot_1ac8631fd159b0102da1,wg_insects_t1_bbch10,/home/nfs/data/nvme_datasets/Pictures_CFSB_leaf_damage/2025_10_07_RSFB-Phenotyping_WG1_JLU/2025_10_07_RSFB-Phenotyping_WG1_JLU/20251007_155930.jpg,1.0,6.326013088226318,6.172883033752441,-0.15312987565994263,5.172883033752441,5.326013088226318,rank_margin10,46,single_rater_weak
2025_10_07_RSFB-Phenotyping_WG1_JLU/2025_10_07_RSFB-Phenotyping_WG1_JLU/20251007_155935.jpg,plot_1ac8631fd159b0102da1,wg_insects_t1_bbch10,/home/nfs/data/nvme_datasets/Pictures_CFSB_leaf_damage/2025_10_07_RSFB-Phenotyping_WG1_JLU/2025_10_07_RSFB-Phenotyping_WG1_JLU/20251007_155935.jpg,2.0,2.8936500549316406,2.7049460411071777,-0.1887039840221405,0.7049460411071777,0.8936500549316406,rank_margin10,46,single_rater_weak
2025_10_07_RSFB-Phenotyping_WG1_JLU/2025_10_07_RSFB-Phenotyping_WG1_JLU/20251007_155956.jpg,plot_1a3b4f0d3c68e9c58008,wg_insects_t1_bbch10,/home/nfs/data/nvme_datasets/Pictures_CFSB_leaf_damage/2025_10_07_RSFB-Phenotyping_WG1_JLU/2025_10_07_RSFB-Phenotyping_WG1_JLU/20251007_155956.jpg,6.0,6.393829345703125,6.932214736938477,0.5383853912353516,0.9322147369384766,0.393829345703125,rank_margin10,46,single_rater_weak
2025_10_07_RSFB-Phenotyping_WG1_JLU/2025_10_07_RSFB-Phenotyping_WG1_JLU/20251007_160001.jpg,plot_1a3b4f0d3c68e9c58008,wg_insects_t1_bbch10,/home/nfs/data/nvme_datasets/Pictures_CFSB_leaf_damage/2025_10_07_RSFB-Phenotyping_WG1_JLU/2025_10_07_RSFB-Phenotyping_WG1_JLU/20251007_160001.jpg,15.0,4.25767707824707,4.110006809234619,-0.1476702243089676,10.889993667602539,10.74232292175293,rank_margin10,46,single_rater_weak
2025_10_07_RSFB-Phenotyping_WG1_JLU/2025_10_07_RSFB-Phenotyping_WG1_JLU/20251007_160007.jpg,plot_1a3b4f0d3c68e9c58008,wg_insects_t1_bbch10,/home/nfs/data/nvme_datasets/Pictures_CFSB_leaf_damage/2025_10_07_RSFB-Phenotyping_WG1_JLU/2025_10_07_RSFB-Phenotyping_WG1_JLU/20251007_160007.jpg,16.0,3.0770974159240723,3.467616558074951,0.3905192017555237,12.53238296508789,12.922903060913086,rank_margin10,46,single_rater_weak
