first_image,second_image,first_plot,second_plot,first_jlu,first_gau,second_jlu,second_gau,weight
2025_10_21_RSFB-Phenotyping_GG1_JLU/2025_10_21_RSFB-Phenotyping_GG1_JLU/20251021_160316.jpg,2025_10_21_RSFB-Phenotyping_GG1_JLU/2025_10_21_RSFB-Phenotyping_GG1_JLU/20251021_154649.jpg,plot_80ee42a305b824b5337d,plot_f974c33b3b939aa5f878,30.0,15.0,2.0,9.5,0.0008561643771827221
2025_10_21_RSFB-Phenotyping_GG1_JLU/2025_10_21_RSFB-Phenotyping_GG1_JLU/20251021_160316.jpg,2025_10_21_RSFB-Phenotyping_GG1_JLU/2025_10_21_RSFB-Phenotyping_GG1_JLU/20251021_151439.jpg,plot_80ee42a305b824b5337d,plot_f19419da98fe0824600a,30.0,15.0,8.0,2.5,0.0008561643771827221
2025_10_21_RSFB-Phenotyping_GG1_JLU/2025_10_21_RSFB-Phenotyping_GG1_JLU/20251021_160316.jpg,2025_10_21_RSFB-Phenotyping_GG1_JLU/2025_10_21_RSFB-Phenotyping_GG1_JLU/20251021_132550.jpg,plot_80ee42a305b824b5337d,plot_cff264c1afb9a1cf9473,30.0,15.0,2.0,8.5,0.0008561643771827221
2025_10_21_RSFB-Phenotyping_GG1_JLU/2025_10_21_RSFB-Phenotyping_GG1_JLU/20251021_160316.jpg,2025_10_21_RSFB-Phenotyping_GG1_JLU/2025_10_21_RSFB-Phenotyping_GG1_JLU/20251021_121301.jpg,plot_80ee42a305b824b5337d,plot_09d8a533567043e69854,30.0,15.0,1.0,8.0,0.0008561643771827221
2025_10_21_RSFB-Phenotyping_GG1_JLU/2025_10_21_RSFB-Phenotyping_GG1_JLU/20251021_160316.jpg,2025_10_21_RSFB-Phenotyping_GG1_JLU/2025_10_21_RSFB-Phenotyping_GG1_JLU/20251021_161549.jpg,plot_80ee42a305b824b5337d,plot_5008f76cf0a562f63097,30.0,15.0,7.0,1.7000000476837158,0.0008561643771827221
2025_10_21_RSFB-Phenotyping_GG1_JLU/2025_10_21_RSFB-Phenotyping_GG1_JLU/20251021_160316.jpg,2025_10_21_RSFB-Phenotyping_GG1_JLU/2025_10_21_RSFB-Phenotyping_GG1_JLU/20251021_130529.jpg,plot_80ee42a305b824b5337d,plot_883726baafccd2304661,30.0,15.0,2.0,7.5,0.0008561643771827221
2025_10_21_RSFB-Phenotyping_GG1_JLU/2025_10_21_RSFB-Phenotyping_GG1_JLU/20251021_160316.jpg,2025_10_21_RSFB-Phenotyping_GG1_JLU/2025_10_21_RSFB-Phenotyping_GG1_JLU/20251021_152457.jpg,plot_80ee42a305b824b5337d,plot_cf8f8145824cff35d237,30.0,15.0,3.0,9.5,0.0008561643771827221
2025_10_21_RSFB-Phenotyping_GG1_JLU/2025_10_21_RSFB-Phenotyping_GG1_JLU/20251021_160316.jpg,2025_10_21_RSFB-Phenotyping_GG1_JLU/2025_10_21_RSFB-Phenotyping_GG1_JLU/20251021_152653.jpg,plot_80ee42a305b824b5337d,plot_fe93ef196b1a8b77de19,30.0,15.0,1.0,8.5,0.0008561643771827221
2025_10_21_RSFB-Phenotyping_GG1_JLU/2025_10_21_RSFB-Phenotyping_GG1_JLU/20251021_160316.jpg,2025_10_21_RSFB-Phenotyping_GG1_JLU/2025_10_21_RSFB-Phenotyping_GG1_JLU/20251021_162109.jpg,plot_80ee42a305b824b5337d,plot_60d8a72fe06bef6e6da4,30.0,15.0,1.0,6.400000095367432,0.0008561643771827221
2025_10_21_RSFB-Phenotyping_GG1_JLU/2025_10_21_RSFB-Phenotyping_GG1_JLU/20251021_160316.jpg,2025_10_21_RSFB-Phenotyping_GG1_JLU/2025_10_21_RSFB-Phenotyping_GG1_JLU/20251021_122046.jpg,plot_80ee42a305b824b5337d,plot_166bd930c637bcfcd528,30.0,15.0,2.0,7.900000095367432,0.0008561643771827221
2025_10_21_RSFB-Phenotyping_GG1_JLU/2025_10_21_RSFB-Phenotyping_GG1_JLU/20251021_160316.jpg,2025_10_21_RSFB-Phenotyping_GG1_JLU/2025_10_21_RSFB-Phenotyping_GG1_JLU/20251021_153825.jpg,plot_80ee42a305b824b5337d,plot_64e19f5de9c116d1fbb6,30.0,15.0,3.0,8.5,0.0008561643771827221
2025_10_21_RSFB-Phenotyping_GG1_JLU/2025_10_21_RSFB-Phenotyping_GG1_JLU/20251021_160316.jpg,2025_10_21_RSFB-Phenotyping_GG1_JLU/2025_10_21_RSFB-Phenotyping_GG1_JLU/20251021_154622.jpg,plot_80ee42a305b824b5337d,plot_5d8d172daef4ef20984f,30.0,15.0,1.0,7.5,0.0008561643771827221
2025_10_21_RSFB-Phenotyping_GG1_JLU/2025_10_21_RSFB-Phenotyping_GG1_JLU/20251021_160316.jpg,2025_10_21_RSFB-Phenotyping_GG1_JLU/2025_10_21_RSFB-Phenotyping_GG1_JLU/20251021_160047.jpg,plot_80ee42a305b824b5337d,plot_ecb8a2d7a20b5079cedb,30.0,15.0,2.0,8.5,0.0008561643771827221
2025_10_21_RSFB-Phenotyping_GG1_JLU/2025_10_21_RSFB-Phenotyping_GG1_JLU/20251021_160316.jpg,2025_10_21_RSFB-Phenotyping_GG1_JLU/2025_10_21_RSFB-Phenotyping_GG1_JLU/20251021_121314.jpg,plot_80ee42a305b824b5337d,plot_0de14b7453cf30ed2a1c,30.0,15.0,2.0,7.5,0.0008561643771827221
2025_10_21_RSFB-Phenotyping_GG1_JLU/2025_10_21_RSFB-Phenotyping_GG1_JLU/20251021_160316.jpg,2025_10_21_RSFB-Phenotyping_GG1_JLU/2025_10_21_RSFB-Phenotyping_GG1_JLU/20251021_161242.jpg,plot_80ee42a305b824b5337d,plot_c08c9fc75665c975b852,30.0,15.0,1.0,6.5,0.0008561643771827221
2025_10_21_RSFB-Phenotyping_GG1_JLU/2025_10_21_RSFB-Phenotyping_GG1_JLU/20251021_160316.jpg,2025_10_21_RSFB-Phenotyping_GG1_JLU/2025_10_21_RSFB-Phenotyping_GG1_JLU/20251021_160831.jpg,plot_80ee42a305b824b5337d,plot_31ff4a85b21ababa7de0,30.0,15.0,1.0,9.5,0.0008561643771827221
2025_10_21_RSFB-Phenotyping_GG1_JLU/2025_10_21_RSFB-Phenotyping_GG1_JLU/20251021_121727.jpg,2025_10_21_RSFB-Phenotyping_GG1_JLU/2025_10_21_RSFB-Phenotyping_GG1_JLU/20251021_154649.jpg,plot_1567e6fbdfcaddf7a13f,plot_f974c33b3b939aa5f878,40.0,21.0,2.0,9.5,0.00011415524932090193
2025_10_21_RSFB-Phenotyping_GG1_JLU/2025_10_21_RSFB-Phenotyping_GG1_JLU/20251021_121727.jpg,2025_10_21_RSFB-Phenotyping_GG1_JLU/2025_10_21_RSFB-Phenotyping_GG1_JLU/20251021_160515.jpg,plot_1567e6fbdfcaddf7a13f,plot_515f3eae0107bd86c13e,40.0,21.0,15.0,7.0,0.00011415524932090193
2025_10_21_RSFB-Phenotyping_GG1_JLU/2025_10_21_RSFB-Phenotyping_GG1_JLU/20251021_121727.jpg,2025_10_21_RSFB-Phenotyping_GG1_JLU/2025_10_21_RSFB-Phenotyping_GG1_JLU/20251021_155302.jpg,plot_1567e6fbdfcaddf7a13f,plot_cb17d6bcad8ffccbde51,40.0,21.0,1.0,10.5,0.00011415524932090193
2025_10_21_RSFB-Phenotyping_GG1_JLU/2025_10_21_RSFB-Phenotyping_GG1_JLU/20251021_121727.jpg,2025_10_21_RSFB-Phenotyping_GG1_JLU/2025_10_21_RSFB-Phenotyping_GG1_JLU/20251021_152040.jpg,plot_1567e6fbdfcaddf7a13f,plot_aace551e1ccebf79dd75,40.0,21.0,14.0,4.5,0.00011415524932090193
2025_10_21_RSFB-Phenotyping_GG1_JLU/2025_10_21_RSFB-Phenotyping_GG1_JLU/20251021_121727.jpg,2025_10_21_RSFB-Phenotyping_GG1_JLU/2025_10_21_RSFB-Phenotyping_GG1_JLU/20251021_121301.jpg,plot_1567e6fbdfcaddf7a13f,plot_09d8a533567043e69854,40.0,21.0,1.0,8.0,0.00011415524932090193
2025_10_21_RSFB-Phenotyping_GG1_JLU/2025_10_21_RSFB-Phenotyping_GG1_JLU/20251021_121727.jpg,2025_10_21_RSFB-Phenotyping_GG1_JLU/2025_10_21_RSFB-Phenotyping_GG1_JLU/20251021_151915.jpg,plot_1567e6fbdfcaddf7a13f,plot_6ca7eb46f81c9ecf993b,40.0,21.0,12.0,5.5,0.00011415524932090193
2025_10_21_RSFB-Phenotyping_GG1_JLU/2025_10_21_RSFB-Phenotyping_GG1_JLU/20251021_121727.jpg,2025_10_21_RSFB-Phenotyping_GG1_JLU/2025_10_21_RSFB-Phenotyping_GG1_JLU/20251021_130128.jpg,plot_1567e6fbdfcaddf7a13f,plot_77196a9ec72c575b5b40,40.0,21.0,10.0,4.5,0.00011415524932090193
2025_10_21_RSFB-Phenotyping_GG1_JLU/2025_10_21_RSFB-Phenotyping_GG1_JLU/20251021_121727.jpg,2025_10_21_RSFB-Phenotyping_GG1_JLU/2025_10_21_RSFB-Phenotyping_GG1_JLU/20251021_161652.jpg,plot_1567e6fbdfcaddf7a13f,plot_70a732f80b7b639118af,40.0,21.0,15.0,3.5,0.00011415524932090193
2025_10_21_RSFB-Phenotyping_GG1_JLU/2025_10_21_RSFB-Phenotyping_GG1_JLU/20251021_121727.jpg,2025_10_21_RSFB-Phenotyping_GG1_JLU/2025_10_21_RSFB-Phenotyping_GG1_JLU/20251021_155939.jpg,plot_1567e6fbdfcaddf7a13f,plot_b351f823b8a0415f9230,40.0,21.0,3.0,10.0,0.00011415524932090193
2025_10_21_RSFB-Phenotyping_GG1_JLU/2025_10_21_RSFB-Phenotyping_GG1_JLU/20251021_121727.jpg,2025_10_21_RSFB-Phenotyping_GG1_JLU/2025_10_21_RSFB-Phenotyping_GG1_JLU/20251021_121843.jpg,plot_1567e6fbdfcaddf7a13f,plot_08853fb661302206a300,40.0,21.0,4.0,12.0,0.00011415524932090193
2025_10_21_RSFB-Phenotyping_GG1_JLU/2025_10_21_RSFB-Phenotyping_GG1_JLU/20251021_121727.jpg,2025_10_21_RSFB-Phenotyping_GG1_JLU/2025_10_21_RSFB-Phenotyping_GG1_JLU/20251021_125901.jpg,plot_1567e6fbdfcaddf7a13f,plot_7afc7682bc0b0be61f6b,40.0,21.0,2.0,10.0,0.00011415524932090193
2025_10_21_RSFB-Phenotyping_GG1_JLU/2025_10_21_RSFB-Phenotyping_GG1_JLU/20251021_121727.jpg,2025_10_21_RSFB-Phenotyping_GG1_JLU/2025_10_21_RSFB-Phenotyping_GG1_JLU/20251021_125431.jpg,plot_1567e6fbdfcaddf7a13f,plot_ccfe1e329b419e50732e,40.0,21.0,13.0,3.0,0.00011415524932090193
2025_10_21_RSFB-Phenotyping_GG1_JLU/2025_10_21_RSFB-Phenotyping_GG1_JLU/20251021_121727.jpg,2025_10_21_RSFB-Phenotyping_GG1_JLU/2025_10_21_RSFB-Phenotyping_GG1_JLU/20251021_122046.jpg,plot_1567e6fbdfcaddf7a13f,plot_166bd930c637bcfcd528,40.0,21.0,2.0,7.900000095367432,0.00011415524932090193
2025_10_21_RSFB-Phenotyping_GG1_JLU/2025_10_21_RSFB-Phenotyping_GG1_JLU/20251021_121727.jpg,2025_10_21_RSFB-Phenotyping_GG1_JLU/2025_10_21_RSFB-Phenotyping_GG1_JLU/20251021_130423.jpg,plot_1567e6fbdfcaddf7a13f,plot_8390a5f10d833e2ab881,40.0,21.0,5.0,14.5,0.00011415524932090193
2025_10_21_RSFB-Phenotyping_GG1_JLU/2025_10_21_RSFB-Phenotyping_GG1_JLU/20251021_121727.jpg,2025_10_21_RSFB-Phenotyping_GG1_JLU/2025_10_21_RSFB-Phenotyping_GG1_JLU/20251021_130529.jpg,plot_1567e6fbdfcaddf7a13f,plot_883726baafccd2304661,40.0,21.0,2.0,7.5,0.00011415524932090193
2025_10_21_RSFB-Phenotyping_GG1_JLU/2025_10_21_RSFB-Phenotyping_GG1_JLU/20251021_121727.jpg,2025_10_21_RSFB-Phenotyping_GG1_JLU/2025_10_21_RSFB-Phenotyping_GG1_JLU/20251021_152220.jpg,plot_1567e6fbdfcaddf7a13f,plot_67dc730dc218f4c377b3,40.0,21.0,14.0,5.0,0.00011415524932090193
2025_10_21_RSFB-Phenotyping_GG1_JLU/2025_10_21_RSFB-Phenotyping_GG1_JLU/20251021_121727.jpg,2025_10_21_RSFB-Phenotyping_GG1_JLU/2025_10_21_RSFB-Phenotyping_GG1_JLU/20251021_132342.jpg,plot_1567e6fbdfcaddf7a13f,plot_df712240205f755d4453,40.0,21.0,12.0,2.5,0.00011415524932090193
2025_10_21_RSFB-Phenotyping_GG1_JLU/2025_10_21_RSFB-Phenotyping_GG1_JLU/20251021_121727.jpg,2025_10_21_RSFB-Phenotyping_GG1_JLU/2025_10_21_RSFB-Phenotyping_GG1_JLU/20251021_122605.jpg,plot_1567e6fbdfcaddf7a13f,plot_4460e7e9889b69d86dd3,40.0,21.0,1.0,14.0,0.00011415524932090193
2025_10_21_RSFB-Phenotyping_GG1_JLU/2025_10_21_RSFB-Phenotyping_GG1_JLU/20251021_121727.jpg,2025_10_21_RSFB-Phenotyping_GG1_JLU/2025_10_21_RSFB-Phenotyping_GG1_JLU/20251021_151439.jpg,plot_1567e6fbdfcaddf7a13f,plot_f19419da98fe0824600a,40.0,21.0,8.0,2.5,0.00011415524932090193
2025_10_21_RSFB-Phenotyping_GG1_JLU/2025_10_21_RSFB-Phenotyping_GG1_JLU/20251021_121727.jpg,2025_10_21_RSFB-Phenotyping_GG1_JLU/2025_10_21_RSFB-Phenotyping_GG1_JLU/20251021_125439.jpg,plot_1567e6fbdfcaddf7a13f,plot_ccfe1e329b419e50732e,40.0,21.0,13.0,6.5,0.00011415524932090193
2025_10_21_RSFB-Phenotyping_GG1_JLU/2025_10_21_RSFB-Phenotyping_GG1_JLU/20251021_121727.jpg,2025_10_21_RSFB-Phenotyping_GG1_JLU/2025_10_21_RSFB-Phenotyping_GG1_JLU/20251021_155103.jpg,plot_1567e6fbdfcaddf7a13f,plot_b499b14eca911be3b991,40.0,21.0,12.0,1.0,0.00011415524932090193
2025_10_21_RSFB-Phenotyping_GG1_JLU/2025_10_21_RSFB-Phenotyping_GG1_JLU/20251021_121727.jpg,2025_10_21_RSFB-Phenotyping_GG1_JLU/2025_10_21_RSFB-Phenotyping_GG1_JLU/20251021_121246.jpg,plot_1567e6fbdfcaddf7a13f,plot_09d8a533567043e69854,40.0,21.0,7.0,13.5,0.00011415524932090193
2025_10_21_RSFB-Phenotyping_GG1_JLU/2025_10_21_RSFB-Phenotyping_GG1_JLU/20251021_121727.jpg,2025_10_21_RSFB-Phenotyping_GG1_JLU/2025_10_21_RSFB-Phenotyping_GG1_JLU/20251021_161415.jpg,plot_1567e6fbdfcaddf7a13f,plot_6db75ec8b4bf1739f8b3,40.0,21.0,10.0,4.5,0.00011415524932090193
2025_10_21_RSFB-Phenotyping_GG1_JLU/2025_10_21_RSFB-Phenotyping_GG1_JLU/20251021_121727.jpg,2025_10_21_RSFB-Phenotyping_GG1_JLU/2025_10_21_RSFB-Phenotyping_GG1_JLU/20251021_154502.jpg,plot_1567e6fbdfcaddf7a13f,plot_a2c6a5fd1e9b0c0d5868,40.0,21.0,15.0,8.0,0.00011415524932090193
2025_10_21_RSFB-Phenotyping_GG1_JLU/2025_10_21_RSFB-Phenotyping_GG1_JLU/20251021_121727.jpg,2025_10_21_RSFB-Phenotyping_GG1_JLU/2025_10_21_RSFB-Phenotyping_GG1_JLU/20251021_122557.jpg,plot_1567e6fbdfcaddf7a13f,plot_4460e7e9889b69d86dd3,40.0,21.0,2.0,10.0,0.00011415524932090193
2025_10_21_RSFB-Phenotyping_GG1_JLU/2025_10_21_RSFB-Phenotyping_GG1_JLU/20251021_121727.jpg,2025_10_21_RSFB-Phenotyping_GG1_JLU/2025_10_21_RSFB-Phenotyping_GG1_JLU/20251021_132002.jpg,plot_1567e6fbdfcaddf7a13f,plot_8709d51bb880213559a6,40.0,21.0,15.0,8.5,0.00011415524932090193
2025_10_21_RSFB-Phenotyping_GG1_JLU/2025_10_21_RSFB-Phenotyping_GG1_JLU/20251021_121727.jpg,2025_10_21_RSFB-Phenotyping_GG1_JLU/2025_10_21_RSFB-Phenotyping_GG1_JLU/20251021_123107.jpg,plot_1567e6fbdfcaddf7a13f,plot_5700cee80bc5a6e207ec,40.0,21.0,10.0,2.0,0.00011415524932090193
2025_10_21_RSFB-Phenotyping_GG1_JLU/2025_10_21_RSFB-Phenotyping_GG1_JLU/20251021_121727.jpg,2025_10_21_RSFB-Phenotyping_GG1_JLU/2025_10_21_RSFB-Phenotyping_GG1_JLU/20251021_160307.jpg,plot_1567e6fbdfcaddf7a13f,plot_80ee42a305b824b5337d,40.0,21.0,1.0,15.0,0.00011415524932090193
2025_10_21_RSFB-Phenotyping_GG1_JLU/2025_10_21_RSFB-Phenotyping_GG1_JLU/20251021_121727.jpg,2025_10_21_RSFB-Phenotyping_GG1_JLU/2025_10_21_RSFB-Phenotyping_GG1_JLU/20251021_161242.jpg,plot_1567e6fbdfcaddf7a13f,plot_c08c9fc75665c975b852,40.0,21.0,1.0,6.5,0.00011415524932090193
2025_10_21_RSFB-Phenotyping_GG1_JLU/2025_10_21_RSFB-Phenotyping_GG1_JLU/20251021_121727.jpg,2025_10_21_RSFB-Phenotyping_GG1_JLU/2025_10_21_RSFB-Phenotyping_GG1_JLU/20251021_122402.jpg,plot_1567e6fbdfcaddf7a13f,plot_16577622d2052f869752,40.0,21.0,15.0,7.0,0.00011415524932090193
2025_10_21_RSFB-Phenotyping_GG1_JLU/2025_10_21_RSFB-Phenotyping_GG1_JLU/20251021_121727.jpg,2025_10_21_RSFB-Phenotyping_GG1_JLU/2025_10_21_RSFB-Phenotyping_GG1_JLU/20251021_121113.jpg,plot_1567e6fbdfcaddf7a13f,plot_a7714d1b769d45a9b00a,40.0,21.0,2.0,10.0,0.00011415524932090193
2025_10_21_RSFB-Phenotyping_GG1_JLU/2025_10_21_RSFB-Phenotyping_GG1_JLU/20251021_121727.jpg,2025_10_21_RSFB-Phenotyping_GG1_JLU/2025_10_21_RSFB-Phenotyping_GG1_JLU/20251021_161840.jpg,plot_1567e6fbdfcaddf7a13f,plot_fb549f03aaaa145785c8,40.0,21.0,3.0,13.0,0.00011415524932090193
2025_10_21_RSFB-Phenotyping_GG1_JLU/2025_10_21_RSFB-Phenotyping_GG1_JLU/20251021_121727.jpg,2025_10_21_RSFB-Phenotyping_GG1_JLU/2025_10_21_RSFB-Phenotyping_GG1_JLU/20251021_124358.jpg,plot_1567e6fbdfcaddf7a13f,plot_e77622de4cce1b168140,40.0,21.0,3.0,11.0,0.00011415524932090193
2025_10_21_RSFB-Phenotyping_GG1_JLU/2025_10_21_RSFB-Phenotyping_GG1_JLU/20251021_121727.jpg,2025_10_21_RSFB-Phenotyping_GG1_JLU/2025_10_21_RSFB-Phenotyping_GG1_JLU/20251021_122013.jpg,plot_1567e6fbdfcaddf7a13f,plot_de57345dfd586882f461,40.0,21.0,5.0,14.0,0.00011415524932090193
2025_10_21_RSFB-Phenotyping_GG1_JLU/2025_10_21_RSFB-Phenotyping_GG1_JLU/20251021_121727.jpg,2025_10_21_RSFB-Phenotyping_GG1_JLU/2025_10_21_RSFB-Phenotyping_GG1_JLU/20251021_160301.jpg,plot_1567e6fbdfcaddf7a13f,plot_80ee42a305b824b5337d,40.0,21.0,2.0,12.5,0.00011415524932090193
2025_10_21_RSFB-Phenotyping_GG1_JLU/2025_10_21_RSFB-Phenotyping_GG1_JLU/20251021_121727.jpg,2025_10_21_RSFB-Phenotyping_GG1_JLU/2025_10_21_RSFB-Phenotyping_GG1_JLU/20251021_125839.jpg,plot_1567e6fbdfcaddf7a13f,plot_01e87c1ddded3d2f1cac,40.0,21.0,15.0,6.5,0.00011415524932090193
2025_10_21_RSFB-Phenotyping_GG1_JLU/2025_10_21_RSFB-Phenotyping_GG1_JLU/20251021_121727.jpg,2025_10_21_RSFB-Phenotyping_GG1_JLU/2025_10_21_RSFB-Phenotyping_GG1_JLU/20251021_153825.jpg,plot_1567e6fbdfcaddf7a13f,plot_64e19f5de9c116d1fbb6,40.0,21.0,3.0,8.5,0.00011415524932090193
2025_10_21_RSFB-Phenotyping_GG1_JLU/2025_10_21_RSFB-Phenotyping_GG1_JLU/20251021_121727.jpg,2025_10_21_RSFB-Phenotyping_GG1_JLU/2025_10_21_RSFB-Phenotyping_GG1_JLU/20251021_130045.jpg,plot_1567e6fbdfcaddf7a13f,plot_7c9b9d5dc347e36cbea8,40.0,21.0,15.0,9.0,0.00011415524932090193
2025_10_21_RSFB-Phenotyping_GG1_JLU/2025_10_21_RSFB-Phenotyping_GG1_JLU/20251021_121727.jpg,2025_10_21_RSFB-Phenotyping_GG1_JLU/2025_10_21_RSFB-Phenotyping_GG1_JLU/20251021_162109.jpg,plot_1567e6fbdfcaddf7a13f,plot_60d8a72fe06bef6e6da4,40.0,21.0,1.0,6.400000095367432,0.00011415524932090193
2025_10_21_RSFB-Phenotyping_GG1_JLU/2025_10_21_RSFB-Phenotyping_GG1_JLU/20251021_121727.jpg,2025_10_21_RSFB-Phenotyping_GG1_JLU/2025_10_21_RSFB-Phenotyping_GG1_JLU/20251021_162830.jpg,plot_1567e6fbdfcaddf7a13f,plot_bea3390e83dfe4b9a220,40.0,21.0,15.0,8.5,0.00011415524932090193
2025_10_21_RSFB-Phenotyping_GG1_JLU/2025_10_21_RSFB-Phenotyping_GG1_JLU/20251021_152430.jpg,2025_10_21_RSFB-Phenotyping_GG1_JLU/2025_10_21_RSFB-Phenotyping_GG1_JLU/20251021_161242.jpg,plot_74c4aa7d5cedc433cb1e,plot_c08c9fc75665c975b852,25.0,13.0,1.0,6.5,0.001956947147846222
2025_10_21_RSFB-Phenotyping_GG1_JLU/2025_10_21_RSFB-Phenotyping_GG1_JLU/20251021_152430.jpg,2025_10_21_RSFB-Phenotyping_GG1_JLU/2025_10_21_RSFB-Phenotyping_GG1_JLU/20251021_130529.jpg,plot_74c4aa7d5cedc433cb1e,plot_883726baafccd2304661,25.0,13.0,2.0,7.5,0.001956947147846222
2025_10_21_RSFB-Phenotyping_GG1_JLU/2025_10_21_RSFB-Phenotyping_GG1_JLU/20251021_152430.jpg,2025_10_21_RSFB-Phenotyping_GG1_JLU/2025_10_21_RSFB-Phenotyping_GG1_JLU/20251021_122046.jpg,plot_74c4aa7d5cedc433cb1e,plot_166bd930c637bcfcd528,25.0,13.0,2.0,7.900000095367432,0.001956947147846222
2025_10_21_RSFB-Phenotyping_GG1_JLU/2025_10_21_RSFB-Phenotyping_GG1_JLU/20251021_152430.jpg,2025_10_21_RSFB-Phenotyping_GG1_JLU/2025_10_21_RSFB-Phenotyping_GG1_JLU/20251021_162109.jpg,plot_74c4aa7d5cedc433cb1e,plot_60d8a72fe06bef6e6da4,25.0,13.0,1.0,6.400000095367432,0.001956947147846222
2025_10_21_RSFB-Phenotyping_GG1_JLU/2025_10_21_RSFB-Phenotyping_GG1_JLU/20251021_152430.jpg,2025_10_21_RSFB-Phenotyping_GG1_JLU/2025_10_21_RSFB-Phenotyping_GG1_JLU/20251021_154622.jpg,plot_74c4aa7d5cedc433cb1e,plot_5d8d172daef4ef20984f,25.0,13.0,1.0,7.5,0.001956947147846222
2025_10_21_RSFB-Phenotyping_GG1_JLU/2025_10_21_RSFB-Phenotyping_GG1_JLU/20251021_152430.jpg,2025_10_21_RSFB-Phenotyping_GG1_JLU/2025_10_21_RSFB-Phenotyping_GG1_JLU/20251021_161549.jpg,plot_74c4aa7d5cedc433cb1e,plot_5008f76cf0a562f63097,25.0,13.0,7.0,1.7000000476837158,0.001956947147846222
2025_10_21_RSFB-Phenotyping_GG1_JLU/2025_10_21_RSFB-Phenotyping_GG1_JLU/20251021_152430.jpg,2025_10_21_RSFB-Phenotyping_GG1_JLU/2025_10_21_RSFB-Phenotyping_GG1_JLU/20251021_121314.jpg,plot_74c4aa7d5cedc433cb1e,plot_0de14b7453cf30ed2a1c,25.0,13.0,2.0,7.5,0.001956947147846222
2025_10_21_RSFB-Phenotyping_GG1_JLU/2025_10_21_RSFB-Phenotyping_GG1_JLU/20251021_130619.jpg,2025_10_21_RSFB-Phenotyping_GG1_JLU/2025_10_21_RSFB-Phenotyping_GG1_JLU/20251021_121301.jpg,plot_85a27ec2fc13d97a9b40,plot_09d8a533567043e69854,35.0,13.5,1.0,8.0,0.0015220700297504663
2025_10_21_RSFB-Phenotyping_GG1_JLU/2025_10_21_RSFB-Phenotyping_GG1_JLU/20251021_130619.jpg,2025_10_21_RSFB-Phenotyping_GG1_JLU/2025_10_21_RSFB-Phenotyping_GG1_JLU/20251021_161242.jpg,plot_85a27ec2fc13d97a9b40,plot_c08c9fc75665c975b852,35.0,13.5,1.0,6.5,0.0015220700297504663
2025_10_21_RSFB-Phenotyping_GG1_JLU/2025_10_21_RSFB-Phenotyping_GG1_JLU/20251021_130619.jpg,2025_10_21_RSFB-Phenotyping_GG1_JLU/2025_10_21_RSFB-Phenotyping_GG1_JLU/20251021_122046.jpg,plot_85a27ec2fc13d97a9b40,plot_166bd930c637bcfcd528,35.0,13.5,2.0,7.900000095367432,0.0015220700297504663
2025_10_21_RSFB-Phenotyping_GG1_JLU/2025_10_21_RSFB-Phenotyping_GG1_JLU/20251021_130619.jpg,2025_10_21_RSFB-Phenotyping_GG1_JLU/2025_10_21_RSFB-Phenotyping_GG1_JLU/20251021_154622.jpg,plot_85a27ec2fc13d97a9b40,plot_5d8d172daef4ef20984f,35.0,13.5,1.0,7.5,0.0015220700297504663
2025_10_21_RSFB-Phenotyping_GG1_JLU/2025_10_21_RSFB-Phenotyping_GG1_JLU/20251021_130619.jpg,2025_10_21_RSFB-Phenotyping_GG1_JLU/2025_10_21_RSFB-Phenotyping_GG1_JLU/20251021_130529.jpg,plot_85a27ec2fc13d97a9b40,plot_883726baafccd2304661,35.0,13.5,2.0,7.5,0.0015220700297504663
2025_10_21_RSFB-Phenotyping_GG1_JLU/2025_10_21_RSFB-Phenotyping_GG1_JLU/20251021_130619.jpg,2025_10_21_RSFB-Phenotyping_GG1_JLU/2025_10_21_RSFB-Phenotyping_GG1_JLU/20251021_162109.jpg,plot_85a27ec2fc13d97a9b40,plot_60d8a72fe06bef6e6da4,35.0,13.5,1.0,6.400000095367432,0.0015220700297504663
2025_10_21_RSFB-Phenotyping_GG1_JLU/2025_10_21_RSFB-Phenotyping_GG1_JLU/20251021_130619.jpg,2025_10_21_RSFB-Phenotyping_GG1_JLU/2025_10_21_RSFB-Phenotyping_GG1_JLU/20251021_161549.jpg,plot_85a27ec2fc13d97a9b40,plot_5008f76cf0a562f63097,35.0,13.5,7.0,1.7000000476837158,0.0015220700297504663
2025_10_21_RSFB-Phenotyping_GG1_JLU/2025_10_21_RSFB-Phenotyping_GG1_JLU/20251021_130619.jpg,2025_10_21_RSFB-Phenotyping_GG1_JLU/2025_10_21_RSFB-Phenotyping_GG1_JLU/20251021_151439.jpg,plot_85a27ec2fc13d97a9b40,plot_f19419da98fe0824600a,35.0,13.5,8.0,2.5,0.0015220700297504663
2025_10_21_RSFB-Phenotyping_GG1_JLU/2025_10_21_RSFB-Phenotyping_GG1_JLU/20251021_130619.jpg,2025_10_21_RSFB-Phenotyping_GG1_JLU/2025_10_21_RSFB-Phenotyping_GG1_JLU/20251021_121314.jpg,plot_85a27ec2fc13d97a9b40,plot_0de14b7453cf30ed2a1c,35.0,13.5,2.0,7.5,0.0015220700297504663
2025_10_21_RSFB-Phenotyping_GG1_JLU/2025_10_21_RSFB-Phenotyping_GG1_JLU/20251021_131201.jpg,2025_10_21_RSFB-Phenotyping_GG1_JLU/2025_10_21_RSFB-Phenotyping_GG1_JLU/20251021_161415.jpg,plot_163dbc099f8c8ed61106,plot_6db75ec8b4bf1739f8b3,40.0,25.0,10.0,4.5,0.000342465762514621
2025_10_21_RSFB-Phenotyping_GG1_JLU/2025_10_21_RSFB-Phenotyping_GG1_JLU/20251021_131201.jpg,2025_10_21_RSFB-Phenotyping_GG1_JLU/2025_10_21_RSFB-Phenotyping_GG1_JLU/20251021_130209.jpg,plot_163dbc099f8c8ed61106,plot_be7d2dcdea72b37dc9bf,40.0,25.0,15.0,7.5,0.000342465762514621
2025_10_21_RSFB-Phenotyping_GG1_JLU/2025_10_21_RSFB-Phenotyping_GG1_JLU/20251021_131201.jpg,2025_10_21_RSFB-Phenotyping_GG1_JLU/2025_10_21_RSFB-Phenotyping_GG1_JLU/20251021_123930.jpg,plot_163dbc099f8c8ed61106,plot_57717e3cb06d560f3a82,40.0,25.0,18.0,12.0,0.000342465762514621
2025_10_21_RSFB-Phenotyping_GG1_JLU/2025_10_21_RSFB-Phenotyping_GG1_JLU/20251021_131201.jpg,2025_10_21_RSFB-Phenotyping_GG1_JLU/2025_10_21_RSFB-Phenotyping_GG1_JLU/20251021_130529.jpg,plot_163dbc099f8c8ed61106,plot_883726baafccd2304661,40.0,25.0,2.0,7.5,0.000342465762514621
2025_10_21_RSFB-Phenotyping_GG1_JLU/2025_10_21_RSFB-Phenotyping_GG1_JLU/20251021_131201.jpg,2025_10_21_RSFB-Phenotyping_GG1_JLU/2025_10_21_RSFB-Phenotyping_GG1_JLU/20251021_161636.jpg,plot_163dbc099f8c8ed61106,plot_70a732f80b7b639118af,40.0,25.0,10.0,16.0,0.000342465762514621
2025_10_21_RSFB-Phenotyping_GG1_JLU/2025_10_21_RSFB-Phenotyping_GG1_JLU/20251021_131201.jpg,2025_10_21_RSFB-Phenotyping_GG1_JLU/2025_10_21_RSFB-Phenotyping_GG1_JLU/20251021_155857.jpg,plot_163dbc099f8c8ed61106,plot_e898a4d9ed85e24ff050,40.0,25.0,12.0,18.5,0.000342465762514621
2025_10_21_RSFB-Phenotyping_GG1_JLU/2025_10_21_RSFB-Phenotyping_GG1_JLU/20251021_131201.jpg,2025_10_21_RSFB-Phenotyping_GG1_JLU/2025_10_21_RSFB-Phenotyping_GG1_JLU/20251021_160047.jpg,plot_163dbc099f8c8ed61106,plot_ecb8a2d7a20b5079cedb,40.0,25.0,2.0,8.5,0.000342465762514621
2025_10_21_RSFB-Phenotyping_GG1_JLU/2025_10_21_RSFB-Phenotyping_GG1_JLU/20251021_131201.jpg,2025_10_21_RSFB-Phenotyping_GG1_JLU/2025_10_21_RSFB-Phenotyping_GG1_JLU/20251021_123959.jpg,plot_163dbc099f8c8ed61106,plot_ec0a5e344760502c368a,40.0,25.0,19.0,10.5,0.000342465762514621
2025_10_21_RSFB-Phenotyping_GG1_JLU/2025_10_21_RSFB-Phenotyping_GG1_JLU/20251021_131201.jpg,2025_10_21_RSFB-Phenotyping_GG1_JLU/2025_10_21_RSFB-Phenotyping_GG1_JLU/20251021_121301.jpg,plot_163dbc099f8c8ed61106,plot_09d8a533567043e69854,40.0,25.0,1.0,8.0,0.000342465762514621
2025_10_21_RSFB-Phenotyping_GG1_JLU/2025_10_21_RSFB-Phenotyping_GG1_JLU/20251021_131201.jpg,2025_10_21_RSFB-Phenotyping_GG1_JLU/2025_10_21_RSFB-Phenotyping_GG1_JLU/20251021_155233.jpg,plot_163dbc099f8c8ed61106,plot_ae2984dd48723bc500ae,40.0,25.0,8.0,14.5,0.000342465762514621
2025_10_21_RSFB-Phenotyping_GG1_JLU/2025_10_21_RSFB-Phenotyping_GG1_JLU/20251021_131201.jpg,2025_10_21_RSFB-Phenotyping_GG1_JLU/2025_10_21_RSFB-Phenotyping_GG1_JLU/20251021_151432.jpg,plot_163dbc099f8c8ed61106,plot_f19419da98fe0824600a,40.0,25.0,2.0,12.5,0.000342465762514621
2025_10_21_RSFB-Phenotyping_GG1_JLU/2025_10_21_RSFB-Phenotyping_GG1_JLU/20251021_131201.jpg,2025_10_21_RSFB-Phenotyping_GG1_JLU/2025_10_21_RSFB-Phenotyping_GG1_JLU/20251021_123202.jpg,plot_163dbc099f8c8ed61106,plot_a3e331c4e6fce2b877bd,40.0,25.0,5.0,12.0,0.000342465762514621
2025_10_21_RSFB-Phenotyping_GG1_JLU/2025_10_21_RSFB-Phenotyping_GG1_JLU/20251021_131201.jpg,2025_10_21_RSFB-Phenotyping_GG1_JLU/2025_10_21_RSFB-Phenotyping_GG1_JLU/20251021_130128.jpg,plot_163dbc099f8c8ed61106,plot_77196a9ec72c575b5b40,40.0,25.0,10.0,4.5,0.000342465762514621
2025_10_21_RSFB-Phenotyping_GG1_JLU/2025_10_21_RSFB-Phenotyping_GG1_JLU/20251021_131201.jpg,2025_10_21_RSFB-Phenotyping_GG1_JLU/2025_10_21_RSFB-Phenotyping_GG1_JLU/20251021_161712.jpg,plot_163dbc099f8c8ed61106,plot_79cb1c61f58f85c07e0c,40.0,25.0,17.0,6.0,0.000342465762514621
2025_10_21_RSFB-Phenotyping_GG1_JLU/2025_10_21_RSFB-Phenotyping_GG1_JLU/20251021_131201.jpg,2025_10_21_RSFB-Phenotyping_GG1_JLU/2025_10_21_RSFB-Phenotyping_GG1_JLU/20251021_132424.jpg,plot_163dbc099f8c8ed61106,plot_04441862d5c5dd0b49cc,40.0,25.0,10.0,2.5,0.000342465762514621
2025_10_21_RSFB-Phenotyping_GG1_JLU/2025_10_21_RSFB-Phenotyping_GG1_JLU/20251021_131201.jpg,2025_10_21_RSFB-Phenotyping_GG1_JLU/2025_10_21_RSFB-Phenotyping_GG1_JLU/20251021_122344.jpg,plot_163dbc099f8c8ed61106,plot_16577622d2052f869752,40.0,25.0,5.0,18.0,0.000342465762514621
2025_10_21_RSFB-Phenotyping_GG1_JLU/2025_10_21_RSFB-Phenotyping_GG1_JLU/20251021_131201.jpg,2025_10_21_RSFB-Phenotyping_GG1_JLU/2025_10_21_RSFB-Phenotyping_GG1_JLU/20251021_122557.jpg,plot_163dbc099f8c8ed61106,plot_4460e7e9889b69d86dd3,40.0,25.0,2.0,10.0,0.000342465762514621
2025_10_21_RSFB-Phenotyping_GG1_JLU/2025_10_21_RSFB-Phenotyping_GG1_JLU/20251021_131201.jpg,2025_10_21_RSFB-Phenotyping_GG1_JLU/2025_10_21_RSFB-Phenotyping_GG1_JLU/20251021_152220.jpg,plot_163dbc099f8c8ed61106,plot_67dc730dc218f4c377b3,40.0,25.0,14.0,5.0,0.000342465762514621
2025_10_21_RSFB-Phenotyping_GG1_JLU/2025_10_21_RSFB-Phenotyping_GG1_JLU/20251021_131201.jpg,2025_10_21_RSFB-Phenotyping_GG1_JLU/2025_10_21_RSFB-Phenotyping_GG1_JLU/20251021_151642.jpg,plot_163dbc099f8c8ed61106,plot_f61b29267fecc01648f8,40.0,25.0,10.0,4.5,0.000342465762514621
2025_10_21_RSFB-Phenotyping_GG1_JLU/2025_10_21_RSFB-Phenotyping_GG1_JLU/20251021_131201.jpg,2025_10_21_RSFB-Phenotyping_GG1_JLU/2025_10_21_RSFB-Phenotyping_GG1_JLU/20251021_125439.jpg,plot_163dbc099f8c8ed61106,plot_ccfe1e329b419e50732e,40.0,25.0,13.0,6.5,0.000342465762514621
2025_10_21_RSFB-Phenotyping_GG1_JLU/2025_10_21_RSFB-Phenotyping_GG1_JLU/20251021_131201.jpg,2025_10_21_RSFB-Phenotyping_GG1_JLU/2025_10_21_RSFB-Phenotyping_GG1_JLU/20251021_122046.jpg,plot_163dbc099f8c8ed61106,plot_166bd930c637bcfcd528,40.0,25.0,2.0,7.900000095367432,0.000342465762514621
2025_10_21_RSFB-Phenotyping_GG1_JLU/2025_10_21_RSFB-Phenotyping_GG1_JLU/20251021_131201.jpg,2025_10_21_RSFB-Phenotyping_GG1_JLU/2025_10_21_RSFB-Phenotyping_GG1_JLU/20251021_132050.jpg,plot_163dbc099f8c8ed61106,plot_a2622f860df5cef3e355,40.0,25.0,15.0,5.5,0.000342465762514621
2025_10_21_RSFB-Phenotyping_GG1_JLU/2025_10_21_RSFB-Phenotyping_GG1_JLU/20251021_131201.jpg,2025_10_21_RSFB-Phenotyping_GG1_JLU/2025_10_21_RSFB-Phenotyping_GG1_JLU/20251021_155103.jpg,plot_163dbc099f8c8ed61106,plot_b499b14eca911be3b991,40.0,25.0,12.0,1.0,0.000342465762514621
2025_10_21_RSFB-Phenotyping_GG1_JLU/2025_10_21_RSFB-Phenotyping_GG1_JLU/20251021_131201.jpg,2025_10_21_RSFB-Phenotyping_GG1_JLU/2025_10_21_RSFB-Phenotyping_GG1_JLU/20251021_121843.jpg,plot_163dbc099f8c8ed61106,plot_08853fb661302206a300,40.0,25.0,4.0,12.0,0.000342465762514621
2025_10_21_RSFB-Phenotyping_GG1_JLU/2025_10_21_RSFB-Phenotyping_GG1_JLU/20251021_131201.jpg,2025_10_21_RSFB-Phenotyping_GG1_JLU/2025_10_21_RSFB-Phenotyping_GG1_JLU/20251021_161549.jpg,plot_163dbc099f8c8ed61106,plot_5008f76cf0a562f63097,40.0,25.0,7.0,1.7000000476837158,0.000342465762514621
2025_10_21_RSFB-Phenotyping_GG1_JLU/2025_10_21_RSFB-Phenotyping_GG1_JLU/20251021_131201.jpg,2025_10_21_RSFB-Phenotyping_GG1_JLU/2025_10_21_RSFB-Phenotyping_GG1_JLU/20251021_121353.jpg,plot_163dbc099f8c8ed61106,plot_9594a1cc971fd111a051,40.0,25.0,7.0,19.5,0.000342465762514621
2025_10_21_RSFB-Phenotyping_GG1_JLU/2025_10_21_RSFB-Phenotyping_GG1_JLU/20251021_131201.jpg,2025_10_21_RSFB-Phenotyping_GG1_JLU/2025_10_21_RSFB-Phenotyping_GG1_JLU/20251021_153825.jpg,plot_163dbc099f8c8ed61106,plot_64e19f5de9c116d1fbb6,40.0,25.0,3.0,8.5,0.000342465762514621
2025_10_21_RSFB-Phenotyping_GG1_JLU/2025_10_21_RSFB-Phenotyping_GG1_JLU/20251021_131201.jpg,2025_10_21_RSFB-Phenotyping_GG1_JLU/2025_10_21_RSFB-Phenotyping_GG1_JLU/20251021_132902.jpg,plot_163dbc099f8c8ed61106,plot_a68ea486bf28d2a65eea,40.0,25.0,15.0,5.0,0.000342465762514621
2025_10_21_RSFB-Phenotyping_GG1_JLU/2025_10_21_RSFB-Phenotyping_GG1_JLU/20251021_131201.jpg,2025_10_21_RSFB-Phenotyping_GG1_JLU/2025_10_21_RSFB-Phenotyping_GG1_JLU/20251021_154649.jpg,plot_163dbc099f8c8ed61106,plot_f974c33b3b939aa5f878,40.0,25.0,2.0,9.5,0.000342465762514621
2025_10_21_RSFB-Phenotyping_GG1_JLU/2025_10_21_RSFB-Phenotyping_GG1_JLU/20251021_131201.jpg,2025_10_21_RSFB-Phenotyping_GG1_JLU/2025_10_21_RSFB-Phenotyping_GG1_JLU/20251021_161751.jpg,plot_163dbc099f8c8ed61106,plot_5ca84068b670156039bd,40.0,25.0,3.0,13.0,0.000342465762514621
2025_10_21_RSFB-Phenotyping_GG1_JLU/2025_10_21_RSFB-Phenotyping_GG1_JLU/20251021_131201.jpg,2025_10_21_RSFB-Phenotyping_GG1_JLU/2025_10_21_RSFB-Phenotyping_GG1_JLU/20251021_151439.jpg,plot_163dbc099f8c8ed61106,plot_f19419da98fe0824600a,40.0,25.0,8.0,2.5,0.000342465762514621
2025_10_21_RSFB-Phenotyping_GG1_JLU/2025_10_21_RSFB-Phenotyping_GG1_JLU/20251021_131201.jpg,2025_10_21_RSFB-Phenotyping_GG1_JLU/2025_10_21_RSFB-Phenotyping_GG1_JLU/20251021_132656.jpg,plot_163dbc099f8c8ed61106,plot_5369658b6c1142903406,40.0,25.0,18.0,8.0,0.000342465762514621
2025_10_21_RSFB-Phenotyping_GG1_JLU/2025_10_21_RSFB-Phenotyping_GG1_JLU/20251021_131201.jpg,2025_10_21_RSFB-Phenotyping_GG1_JLU/2025_10_21_RSFB-Phenotyping_GG1_JLU/20251021_121113.jpg,plot_163dbc099f8c8ed61106,plot_a7714d1b769d45a9b00a,40.0,25.0,2.0,10.0,0.000342465762514621
2025_10_21_RSFB-Phenotyping_GG1_JLU/2025_10_21_RSFB-Phenotyping_GG1_JLU/20251021_131201.jpg,2025_10_21_RSFB-Phenotyping_GG1_JLU/2025_10_21_RSFB-Phenotyping_GG1_JLU/20251021_133018.jpg,plot_163dbc099f8c8ed61106,plot_29ad4a9860449a68b25f,40.0,25.0,15.0,6.5,0.000342465762514621
2025_10_21_RSFB-Phenotyping_GG1_JLU/2025_10_21_RSFB-Phenotyping_GG1_JLU/20251021_131201.jpg,2025_10_21_RSFB-Phenotyping_GG1_JLU/2025_10_21_RSFB-Phenotyping_GG1_JLU/20251021_152653.jpg,plot_163dbc099f8c8ed61106,plot_fe93ef196b1a8b77de19,40.0,25.0,1.0,8.5,0.000342465762514621
2025_10_21_RSFB-Phenotyping_GG1_JLU/2025_10_21_RSFB-Phenotyping_GG1_JLU/20251021_131201.jpg,2025_10_21_RSFB-Phenotyping_GG1_JLU/2025_10_21_RSFB-Phenotyping_GG1_JLU/20251021_122402.jpg,plot_163dbc099f8c8ed61106,plot_16577622d2052f869752,40.0,25.0,15.0,7.0,0.000342465762514621
2025_10_21_RSFB-Phenotyping_GG1_JLU/2025_10_21_RSFB-Phenotyping_GG1_JLU/20251021_131201.jpg,2025_10_21_RSFB-Phenotyping_GG1_JLU/2025_10_21_RSFB-Phenotyping_GG1_JLU/20251021_123107.jpg,plot_163dbc099f8c8ed61106,plot_5700cee80bc5a6e207ec,40.0,25.0,10.0,2.0,0.000342465762514621
2025_10_21_RSFB-Phenotyping_GG1_JLU/2025_10_21_RSFB-Phenotyping_GG1_JLU/20251021_131201.jpg,2025_10_21_RSFB-Phenotyping_GG1_JLU/2025_10_21_RSFB-Phenotyping_GG1_JLU/20251021_121834.jpg,plot_163dbc099f8c8ed61106,plot_08853fb661302206a300,40.0,25.0,5.0,15.0,0.000342465762514621
2025_10_21_RSFB-Phenotyping_GG1_JLU/2025_10_21_RSFB-Phenotyping_GG1_JLU/20251021_131201.jpg,2025_10_21_RSFB-Phenotyping_GG1_JLU/2025_10_21_RSFB-Phenotyping_GG1_JLU/20251021_131419.jpg,plot_163dbc099f8c8ed61106,plot_e26908bc9222e28c92ff,40.0,25.0,10.0,4.5,0.000342465762514621
2025_10_21_RSFB-Phenotyping_GG1_JLU/2025_10_21_RSFB-Phenotyping_GG1_JLU/20251021_131201.jpg,2025_10_21_RSFB-Phenotyping_GG1_JLU/2025_10_21_RSFB-Phenotyping_GG1_JLU/20251021_124207.jpg,plot_163dbc099f8c8ed61106,plot_3986b8ba7e3c47d8b455,40.0,25.0,4.0,17.0,0.000342465762514621
2025_10_21_RSFB-Phenotyping_GG1_JLU/2025_10_21_RSFB-Phenotyping_GG1_JLU/20251021_162616.jpg,2025_10_21_RSFB-Phenotyping_GG1_JLU/2025_10_21_RSFB-Phenotyping_GG1_JLU/20251021_130529.jpg,plot_49366699fc79f58ef04c,plot_883726baafccd2304661,20.0,13.5,2.0,7.5,0.0015220700297504663
2025_10_21_RSFB-Phenotyping_GG1_JLU/2025_10_21_RSFB-Phenotyping_GG1_JLU/20251021_162616.jpg,2025_10_21_RSFB-Phenotyping_GG1_JLU/2025_10_21_RSFB-Phenotyping_GG1_JLU/20251021_161242.jpg,plot_49366699fc79f58ef04c,plot_c08c9fc75665c975b852,20.0,13.5,1.0,6.5,0.0015220700297504663
2025_10_21_RSFB-Phenotyping_GG1_JLU/2025_10_21_RSFB-Phenotyping_GG1_JLU/20251021_162616.jpg,2025_10_21_RSFB-Phenotyping_GG1_JLU/2025_10_21_RSFB-Phenotyping_GG1_JLU/20251021_154622.jpg,plot_49366699fc79f58ef04c,plot_5d8d172daef4ef20984f,20.0,13.5,1.0,7.5,0.0015220700297504663
2025_10_21_RSFB-Phenotyping_GG1_JLU/2025_10_21_RSFB-Phenotyping_GG1_JLU/20251021_162616.jpg,2025_10_21_RSFB-Phenotyping_GG1_JLU/2025_10_21_RSFB-Phenotyping_GG1_JLU/20251021_162109.jpg,plot_49366699fc79f58ef04c,plot_60d8a72fe06bef6e6da4,20.0,13.5,1.0,6.400000095367432,0.0015220700297504663
2025_10_21_RSFB-Phenotyping_GG1_JLU/2025_10_21_RSFB-Phenotyping_GG1_JLU/20251021_162616.jpg,2025_10_21_RSFB-Phenotyping_GG1_JLU/2025_10_21_RSFB-Phenotyping_GG1_JLU/20251021_121314.jpg,plot_49366699fc79f58ef04c,plot_0de14b7453cf30ed2a1c,20.0,13.5,2.0,7.5,0.0015220700297504663
2025_10_21_RSFB-Phenotyping_GG1_JLU/2025_10_21_RSFB-Phenotyping_GG1_JLU/20251021_162616.jpg,2025_10_21_RSFB-Phenotyping_GG1_JLU/2025_10_21_RSFB-Phenotyping_GG1_JLU/20251021_161549.jpg,plot_49366699fc79f58ef04c,plot_5008f76cf0a562f63097,20.0,13.5,7.0,1.7000000476837158,0.0015220700297504663
2025_10_21_RSFB-Phenotyping_GG1_JLU/2025_10_21_RSFB-Phenotyping_GG1_JLU/20251021_162616.jpg,2025_10_21_RSFB-Phenotyping_GG1_JLU/2025_10_21_RSFB-Phenotyping_GG1_JLU/20251021_122046.jpg,plot_49366699fc79f58ef04c,plot_166bd930c637bcfcd528,20.0,13.5,2.0,7.900000095367432,0.0015220700297504663
2025_10_21_RSFB-Phenotyping_GG1_JLU/2025_10_21_RSFB-Phenotyping_GG1_JLU/20251021_162616.jpg,2025_10_21_RSFB-Phenotyping_GG1_JLU/2025_10_21_RSFB-Phenotyping_GG1_JLU/20251021_151439.jpg,plot_49366699fc79f58ef04c,plot_f19419da98fe0824600a,20.0,13.5,8.0,2.5,0.0015220700297504663
2025_10_21_RSFB-Phenotyping_GG1_JLU/2025_10_21_RSFB-Phenotyping_GG1_JLU/20251021_162616.jpg,2025_10_21_RSFB-Phenotyping_GG1_JLU/2025_10_21_RSFB-Phenotyping_GG1_JLU/20251021_121301.jpg,plot_49366699fc79f58ef04c,plot_09d8a533567043e69854,20.0,13.5,1.0,8.0,0.0015220700297504663
2025_10_21_RSFB-Phenotyping_GG1_JLU/2025_10_21_RSFB-Phenotyping_GG1_JLU/20251021_153056.jpg,2025_10_21_RSFB-Phenotyping_GG1_JLU/2025_10_21_RSFB-Phenotyping_GG1_JLU/20251021_122046.jpg,plot_860b04c931ec62b25130,plot_166bd930c637bcfcd528,45.0,14.5,2.0,7.900000095367432,0.00020755500008817762
2025_10_21_RSFB-Phenotyping_GG1_JLU/2025_10_21_RSFB-Phenotyping_GG1_JLU/20251021_153056.jpg,2025_10_21_RSFB-Phenotyping_GG1_JLU/2025_10_21_RSFB-Phenotyping_GG1_JLU/20251021_121314.jpg,plot_860b04c931ec62b25130,plot_0de14b7453cf30ed2a1c,45.0,14.5,2.0,7.5,0.00020755500008817762
2025_10_21_RSFB-Phenotyping_GG1_JLU/2025_10_21_RSFB-Phenotyping_GG1_JLU/20251021_153056.jpg,2025_10_21_RSFB-Phenotyping_GG1_JLU/2025_10_21_RSFB-Phenotyping_GG1_JLU/20251021_160047.jpg,plot_860b04c931ec62b25130,plot_ecb8a2d7a20b5079cedb,45.0,14.5,2.0,8.5,0.00020755500008817762
2025_10_21_RSFB-Phenotyping_GG1_JLU/2025_10_21_RSFB-Phenotyping_GG1_JLU/20251021_153056.jpg,2025_10_21_RSFB-Phenotyping_GG1_JLU/2025_10_21_RSFB-Phenotyping_GG1_JLU/20251021_152653.jpg,plot_860b04c931ec62b25130,plot_fe93ef196b1a8b77de19,45.0,14.5,1.0,8.5,0.00020755500008817762
2025_10_21_RSFB-Phenotyping_GG1_JLU/2025_10_21_RSFB-Phenotyping_GG1_JLU/20251021_153056.jpg,2025_10_21_RSFB-Phenotyping_GG1_JLU/2025_10_21_RSFB-Phenotyping_GG1_JLU/20251021_130529.jpg,plot_860b04c931ec62b25130,plot_883726baafccd2304661,45.0,14.5,2.0,7.5,0.00020755500008817762
2025_10_21_RSFB-Phenotyping_GG1_JLU/2025_10_21_RSFB-Phenotyping_GG1_JLU/20251021_153056.jpg,2025_10_21_RSFB-Phenotyping_GG1_JLU/2025_10_21_RSFB-Phenotyping_GG1_JLU/20251021_151439.jpg,plot_860b04c931ec62b25130,plot_f19419da98fe0824600a,45.0,14.5,8.0,2.5,0.00020755500008817762
2025_10_21_RSFB-Phenotyping_GG1_JLU/2025_10_21_RSFB-Phenotyping_GG1_JLU/20251021_153056.jpg,2025_10_21_RSFB-Phenotyping_GG1_JLU/2025_10_21_RSFB-Phenotyping_GG1_JLU/20251021_161242.jpg,plot_860b04c931ec62b25130,plot_c08c9fc75665c975b852,45.0,14.5,1.0,6.5,0.00020755500008817762
2025_10_21_RSFB-Phenotyping_GG1_JLU/2025_10_21_RSFB-Phenotyping_GG1_JLU/20251021_153056.jpg,2025_10_21_RSFB-Phenotyping_GG1_JLU/2025_10_21_RSFB-Phenotyping_GG1_JLU/20251021_162109.jpg,plot_860b04c931ec62b25130,plot_60d8a72fe06bef6e6da4,45.0,14.5,1.0,6.400000095367432,0.00020755500008817762
2025_10_21_RSFB-Phenotyping_GG1_JLU/2025_10_21_RSFB-Phenotyping_GG1_JLU/20251021_153056.jpg,2025_10_21_RSFB-Phenotyping_GG1_JLU/2025_10_21_RSFB-Phenotyping_GG1_JLU/20251021_121301.jpg,plot_860b04c931ec62b25130,plot_09d8a533567043e69854,45.0,14.5,1.0,8.0,0.00020755500008817762
2025_10_21_RSFB-Phenotyping_GG1_JLU/2025_10_21_RSFB-Phenotyping_GG1_JLU/20251021_153056.jpg,2025_10_21_RSFB-Phenotyping_GG1_JLU/2025_10_21_RSFB-Phenotyping_GG1_JLU/20251021_154622.jpg,plot_860b04c931ec62b25130,plot_5d8d172daef4ef20984f,45.0,14.5,1.0,7.5,0.00020755500008817762
2025_10_21_RSFB-Phenotyping_GG1_JLU/2025_10_21_RSFB-Phenotyping_GG1_JLU/20251021_153056.jpg,2025_10_21_RSFB-Phenotyping_GG1_JLU/2025_10_21_RSFB-Phenotyping_GG1_JLU/20251021_161549.jpg,plot_860b04c931ec62b25130,plot_5008f76cf0a562f63097,45.0,14.5,7.0,1.7000000476837158,0.00020755500008817762
2025_10_21_RSFB-Phenotyping_GG1_JLU/2025_10_21_RSFB-Phenotyping_GG1_JLU/20251021_153056.jpg,2025_10_21_RSFB-Phenotyping_GG1_JLU/2025_10_21_RSFB-Phenotyping_GG1_JLU/20251021_153825.jpg,plot_860b04c931ec62b25130,plot_64e19f5de9c116d1fbb6,45.0,14.5,3.0,8.5,0.00020755500008817762
2025_10_21_RSFB-Phenotyping_GG1_JLU/2025_10_21_RSFB-Phenotyping_GG1_JLU/20251021_153056.jpg,2025_10_21_RSFB-Phenotyping_GG1_JLU/2025_10_21_RSFB-Phenotyping_GG1_JLU/20251021_132550.jpg,plot_860b04c931ec62b25130,plot_cff264c1afb9a1cf9473,45.0,14.5,2.0,8.5,0.00020755500008817762
2025_10_21_RSFB-Phenotyping_GG1_JLU/2025_10_21_RSFB-Phenotyping_GG1_JLU/20251021_155950.jpg,2025_10_21_RSFB-Phenotyping_GG1_JLU/2025_10_21_RSFB-Phenotyping_GG1_JLU/20251021_162109.jpg,plot_70e089493510c6f73a3d,plot_60d8a72fe06bef6e6da4,40.0,14.5,1.0,6.400000095367432,0.0010537407360970974
2025_10_21_RSFB-Phenotyping_GG1_JLU/2025_10_21_RSFB-Phenotyping_GG1_JLU/20251021_155950.jpg,2025_10_21_RSFB-Phenotyping_GG1_JLU/2025_10_21_RSFB-Phenotyping_GG1_JLU/20251021_161242.jpg,plot_70e089493510c6f73a3d,plot_c08c9fc75665c975b852,40.0,14.5,1.0,6.5,0.0010537407360970974
2025_10_21_RSFB-Phenotyping_GG1_JLU/2025_10_21_RSFB-Phenotyping_GG1_JLU/20251021_155950.jpg,2025_10_21_RSFB-Phenotyping_GG1_JLU/2025_10_21_RSFB-Phenotyping_GG1_JLU/20251021_151439.jpg,plot_70e089493510c6f73a3d,plot_f19419da98fe0824600a,40.0,14.5,8.0,2.5,0.0010537407360970974
2025_10_21_RSFB-Phenotyping_GG1_JLU/2025_10_21_RSFB-Phenotyping_GG1_JLU/20251021_155950.jpg,2025_10_21_RSFB-Phenotyping_GG1_JLU/2025_10_21_RSFB-Phenotyping_GG1_JLU/20251021_161549.jpg,plot_70e089493510c6f73a3d,plot_5008f76cf0a562f63097,40.0,14.5,7.0,1.7000000476837158,0.0010537407360970974
2025_10_21_RSFB-Phenotyping_GG1_JLU/2025_10_21_RSFB-Phenotyping_GG1_JLU/20251021_155950.jpg,2025_10_21_RSFB-Phenotyping_GG1_JLU/2025_10_21_RSFB-Phenotyping_GG1_JLU/20251021_130529.jpg,plot_70e089493510c6f73a3d,plot_883726baafccd2304661,40.0,14.5,2.0,7.5,0.0010537407360970974
2025_10_21_RSFB-Phenotyping_GG1_JLU/2025_10_21_RSFB-Phenotyping_GG1_JLU/20251021_155950.jpg,2025_10_21_RSFB-Phenotyping_GG1_JLU/2025_10_21_RSFB-Phenotyping_GG1_JLU/20251021_132550.jpg,plot_70e089493510c6f73a3d,plot_cff264c1afb9a1cf9473,40.0,14.5,2.0,8.5,0.0010537407360970974
2025_10_21_RSFB-Phenotyping_GG1_JLU/2025_10_21_RSFB-Phenotyping_GG1_JLU/20251021_155950.jpg,2025_10_21_RSFB-Phenotyping_GG1_JLU/2025_10_21_RSFB-Phenotyping_GG1_JLU/20251021_121301.jpg,plot_70e089493510c6f73a3d,plot_09d8a533567043e69854,40.0,14.5,1.0,8.0,0.0010537407360970974
2025_10_21_RSFB-Phenotyping_GG1_JLU/2025_10_21_RSFB-Phenotyping_GG1_JLU/20251021_155950.jpg,2025_10_21_RSFB-Phenotyping_GG1_JLU/2025_10_21_RSFB-Phenotyping_GG1_JLU/20251021_153825.jpg,plot_70e089493510c6f73a3d,plot_64e19f5de9c116d1fbb6,40.0,14.5,3.0,8.5,0.0010537407360970974
2025_10_21_RSFB-Phenotyping_GG1_JLU/2025_10_21_RSFB-Phenotyping_GG1_JLU/20251021_155950.jpg,2025_10_21_RSFB-Phenotyping_GG1_JLU/2025_10_21_RSFB-Phenotyping_GG1_JLU/20251021_121314.jpg,plot_70e089493510c6f73a3d,plot_0de14b7453cf30ed2a1c,40.0,14.5,2.0,7.5,0.0010537407360970974
2025_10_21_RSFB-Phenotyping_GG1_JLU/2025_10_21_RSFB-Phenotyping_GG1_JLU/20251021_155950.jpg,2025_10_21_RSFB-Phenotyping_GG1_JLU/2025_10_21_RSFB-Phenotyping_GG1_JLU/20251021_152653.jpg,plot_70e089493510c6f73a3d,plot_fe93ef196b1a8b77de19,40.0,14.5,1.0,8.5,0.0010537407360970974
2025_10_21_RSFB-Phenotyping_GG1_JLU/2025_10_21_RSFB-Phenotyping_GG1_JLU/20251021_155950.jpg,2025_10_21_RSFB-Phenotyping_GG1_JLU/2025_10_21_RSFB-Phenotyping_GG1_JLU/20251021_160047.jpg,plot_70e089493510c6f73a3d,plot_ecb8a2d7a20b5079cedb,40.0,14.5,2.0,8.5,0.0010537407360970974
2025_10_21_RSFB-Phenotyping_GG1_JLU/2025_10_21_RSFB-Phenotyping_GG1_JLU/20251021_155950.jpg,2025_10_21_RSFB-Phenotyping_GG1_JLU/2025_10_21_RSFB-Phenotyping_GG1_JLU/20251021_122046.jpg,plot_70e089493510c6f73a3d,plot_166bd930c637bcfcd528,40.0,14.5,2.0,7.900000095367432,0.0010537407360970974
2025_10_21_RSFB-Phenotyping_GG1_JLU/2025_10_21_RSFB-Phenotyping_GG1_JLU/20251021_155950.jpg,2025_10_21_RSFB-Phenotyping_GG1_JLU/2025_10_21_RSFB-Phenotyping_GG1_JLU/20251021_154622.jpg,plot_70e089493510c6f73a3d,plot_5d8d172daef4ef20984f,40.0,14.5,1.0,7.5,0.0010537407360970974
2025_10_21_RSFB-Phenotyping_GG1_JLU/2025_10_21_RSFB-Phenotyping_GG1_JLU/20251021_123312.jpg,2025_10_21_RSFB-Phenotyping_GG1_JLU/2025_10_21_RSFB-Phenotyping_GG1_JLU/20251021_154649.jpg,plot_f61c894bac850d1ba767,plot_f974c33b3b939aa5f878,50.0,20.5,2.0,9.5,0.00017790429410524666
2025_10_21_RSFB-Phenotyping_GG1_JLU/2025_10_21_RSFB-Phenotyping_GG1_JLU/20251021_123312.jpg,2025_10_21_RSFB-Phenotyping_GG1_JLU/2025_10_21_RSFB-Phenotyping_GG1_JLU/20251021_154509.jpg,plot_f61c894bac850d1ba767,plot_a2c6a5fd1e9b0c0d5868,50.0,20.5,13.0,6.0,0.00017790429410524666
2025_10_21_RSFB-Phenotyping_GG1_JLU/2025_10_21_RSFB-Phenotyping_GG1_JLU/20251021_123312.jpg,2025_10_21_RSFB-Phenotyping_GG1_JLU/2025_10_21_RSFB-Phenotyping_GG1_JLU/20251021_162109.jpg,plot_f61c894bac850d1ba767,plot_60d8a72fe06bef6e6da4,50.0,20.5,1.0,6.400000095367432,0.00017790429410524666
2025_10_21_RSFB-Phenotyping_GG1_JLU/2025_10_21_RSFB-Phenotyping_GG1_JLU/20251021_123312.jpg,2025_10_21_RSFB-Phenotyping_GG1_JLU/2025_10_21_RSFB-Phenotyping_GG1_JLU/20251021_122402.jpg,plot_f61c894bac850d1ba767,plot_16577622d2052f869752,50.0,20.5,15.0,7.0,0.00017790429410524666
2025_10_21_RSFB-Phenotyping_GG1_JLU/2025_10_21_RSFB-Phenotyping_GG1_JLU/20251021_123312.jpg,2025_10_21_RSFB-Phenotyping_GG1_JLU/2025_10_21_RSFB-Phenotyping_GG1_JLU/20251021_155939.jpg,plot_f61c894bac850d1ba767,plot_b351f823b8a0415f9230,50.0,20.5,3.0,10.0,0.00017790429410524666
2025_10_21_RSFB-Phenotyping_GG1_JLU/2025_10_21_RSFB-Phenotyping_GG1_JLU/20251021_123312.jpg,2025_10_21_RSFB-Phenotyping_GG1_JLU/2025_10_21_RSFB-Phenotyping_GG1_JLU/20251021_151505.jpg,plot_f61c894bac850d1ba767,plot_86463875c696816ca92b,50.0,20.5,15.0,4.5,0.00017790429410524666
2025_10_21_RSFB-Phenotyping_GG1_JLU/2025_10_21_RSFB-Phenotyping_GG1_JLU/20251021_123312.jpg,2025_10_21_RSFB-Phenotyping_GG1_JLU/2025_10_21_RSFB-Phenotyping_GG1_JLU/20251021_160301.jpg,plot_f61c894bac850d1ba767,plot_80ee42a305b824b5337d,50.0,20.5,2.0,12.5,0.00017790429410524666
2025_10_21_RSFB-Phenotyping_GG1_JLU/2025_10_21_RSFB-Phenotyping_GG1_JLU/20251021_123312.jpg,2025_10_21_RSFB-Phenotyping_GG1_JLU/2025_10_21_RSFB-Phenotyping_GG1_JLU/20251021_124615.jpg,plot_f61c894bac850d1ba767,plot_9e661ae87ec066049f1f,50.0,20.5,5.0,11.5,0.00017790429410524666
2025_10_21_RSFB-Phenotyping_GG1_JLU/2025_10_21_RSFB-Phenotyping_GG1_JLU/20251021_123312.jpg,2025_10_21_RSFB-Phenotyping_GG1_JLU/2025_10_21_RSFB-Phenotyping_GG1_JLU/20251021_160714.jpg,plot_f61c894bac850d1ba767,plot_ea99039aeae06bdc085a,50.0,20.5,1.0,13.0,0.00017790429410524666
2025_10_21_RSFB-Phenotyping_GG1_JLU/2025_10_21_RSFB-Phenotyping_GG1_JLU/20251021_123312.jpg,2025_10_21_RSFB-Phenotyping_GG1_JLU/2025_10_21_RSFB-Phenotyping_GG1_JLU/20251021_161652.jpg,plot_f61c894bac850d1ba767,plot_70a732f80b7b639118af,50.0,20.5,15.0,3.5,0.00017790429410524666
2025_10_21_RSFB-Phenotyping_GG1_JLU/2025_10_21_RSFB-Phenotyping_GG1_JLU/20251021_123312.jpg,2025_10_21_RSFB-Phenotyping_GG1_JLU/2025_10_21_RSFB-Phenotyping_GG1_JLU/20251021_155302.jpg,plot_f61c894bac850d1ba767,plot_cb17d6bcad8ffccbde51,50.0,20.5,1.0,10.5,0.00017790429410524666
2025_10_21_RSFB-Phenotyping_GG1_JLU/2025_10_21_RSFB-Phenotyping_GG1_JLU/20251021_123312.jpg,2025_10_21_RSFB-Phenotyping_GG1_JLU/2025_10_21_RSFB-Phenotyping_GG1_JLU/20251021_121843.jpg,plot_f61c894bac850d1ba767,plot_08853fb661302206a300,50.0,20.5,4.0,12.0,0.00017790429410524666
2025_10_21_RSFB-Phenotyping_GG1_JLU/2025_10_21_RSFB-Phenotyping_GG1_JLU/20251021_123312.jpg,2025_10_21_RSFB-Phenotyping_GG1_JLU/2025_10_21_RSFB-Phenotyping_GG1_JLU/20251021_161549.jpg,plot_f61c894bac850d1ba767,plot_5008f76cf0a562f63097,50.0,20.5,7.0,1.7000000476837158,0.00017790429410524666
2025_10_21_RSFB-Phenotyping_GG1_JLU/2025_10_21_RSFB-Phenotyping_GG1_JLU/20251021_123312.jpg,2025_10_21_RSFB-Phenotyping_GG1_JLU/2025_10_21_RSFB-Phenotyping_GG1_JLU/20251021_121126.jpg,plot_f61c894bac850d1ba767,plot_a7714d1b769d45a9b00a,50.0,20.5,2.0,14.5,0.00017790429410524666
2025_10_21_RSFB-Phenotyping_GG1_JLU/2025_10_21_RSFB-Phenotyping_GG1_JLU/20251021_123312.jpg,2025_10_21_RSFB-Phenotyping_GG1_JLU/2025_10_21_RSFB-Phenotyping_GG1_JLU/20251021_121314.jpg,plot_f61c894bac850d1ba767,plot_0de14b7453cf30ed2a1c,50.0,20.5,2.0,7.5,0.00017790429410524666
2025_10_21_RSFB-Phenotyping_GG1_JLU/2025_10_21_RSFB-Phenotyping_GG1_JLU/20251021_123312.jpg,2025_10_21_RSFB-Phenotyping_GG1_JLU/2025_10_21_RSFB-Phenotyping_GG1_JLU/20251021_155808.jpg,plot_f61c894bac850d1ba767,plot_7b5226474d03f55ab84a,50.0,20.5,2.0,15.0,0.00017790429410524666
2025_10_21_RSFB-Phenotyping_GG1_JLU/2025_10_21_RSFB-Phenotyping_GG1_JLU/20251021_123312.jpg,2025_10_21_RSFB-Phenotyping_GG1_JLU/2025_10_21_RSFB-Phenotyping_GG1_JLU/20251021_153825.jpg,plot_f61c894bac850d1ba767,plot_64e19f5de9c116d1fbb6,50.0,20.5,3.0,8.5,0.00017790429410524666
2025_10_21_RSFB-Phenotyping_GG1_JLU/2025_10_21_RSFB-Phenotyping_GG1_JLU/20251021_123312.jpg,2025_10_21_RSFB-Phenotyping_GG1_JLU/2025_10_21_RSFB-Phenotyping_GG1_JLU/20251021_122013.jpg,plot_f61c894bac850d1ba767,plot_de57345dfd586882f461,50.0,20.5,5.0,14.0,0.00017790429410524666
2025_10_21_RSFB-Phenotyping_GG1_JLU/2025_10_21_RSFB-Phenotyping_GG1_JLU/20251021_123312.jpg,2025_10_21_RSFB-Phenotyping_GG1_JLU/2025_10_21_RSFB-Phenotyping_GG1_JLU/20251021_123107.jpg,plot_f61c894bac850d1ba767,plot_5700cee80bc5a6e207ec,50.0,20.5,10.0,2.0,0.00017790429410524666
2025_10_21_RSFB-Phenotyping_GG1_JLU/2025_10_21_RSFB-Phenotyping_GG1_JLU/20251021_123312.jpg,2025_10_21_RSFB-Phenotyping_GG1_JLU/2025_10_21_RSFB-Phenotyping_GG1_JLU/20251021_161857.jpg,plot_f61c894bac850d1ba767,plot_490a77dae7954530a2a4,50.0,20.5,5.0,13.300000190734863,0.00017790429410524666
2025_10_21_RSFB-Phenotyping_GG1_JLU/2025_10_21_RSFB-Phenotyping_GG1_JLU/20251021_123312.jpg,2025_10_21_RSFB-Phenotyping_GG1_JLU/2025_10_21_RSFB-Phenotyping_GG1_JLU/20251021_151439.jpg,plot_f61c894bac850d1ba767,plot_f19419da98fe0824600a,50.0,20.5,8.0,2.5,0.00017790429410524666
2025_10_21_RSFB-Phenotyping_GG1_JLU/2025_10_21_RSFB-Phenotyping_GG1_JLU/20251021_123312.jpg,2025_10_21_RSFB-Phenotyping_GG1_JLU/2025_10_21_RSFB-Phenotyping_GG1_JLU/20251021_133018.jpg,plot_f61c894bac850d1ba767,plot_29ad4a9860449a68b25f,50.0,20.5,15.0,6.5,0.00017790429410524666
2025_10_21_RSFB-Phenotyping_GG1_JLU/2025_10_21_RSFB-Phenotyping_GG1_JLU/20251021_123312.jpg,2025_10_21_RSFB-Phenotyping_GG1_JLU/2025_10_21_RSFB-Phenotyping_GG1_JLU/20251021_152653.jpg,plot_f61c894bac850d1ba767,plot_fe93ef196b1a8b77de19,50.0,20.5,1.0,8.5,0.00017790429410524666
2025_10_21_RSFB-Phenotyping_GG1_JLU/2025_10_21_RSFB-Phenotyping_GG1_JLU/20251021_123312.jpg,2025_10_21_RSFB-Phenotyping_GG1_JLU/2025_10_21_RSFB-Phenotyping_GG1_JLU/20251021_123208.jpg,plot_f61c894bac850d1ba767,plot_a3e331c4e6fce2b877bd,50.0,20.5,15.0,8.0,0.00017790429410524666
2025_10_21_RSFB-Phenotyping_GG1_JLU/2025_10_21_RSFB-Phenotyping_GG1_JLU/20251021_123312.jpg,2025_10_21_RSFB-Phenotyping_GG1_JLU/2025_10_21_RSFB-Phenotyping_GG1_JLU/20251021_122557.jpg,plot_f61c894bac850d1ba767,plot_4460e7e9889b69d86dd3,50.0,20.5,2.0,10.0,0.00017790429410524666
2025_10_21_RSFB-Phenotyping_GG1_JLU/2025_10_21_RSFB-Phenotyping_GG1_JLU/20251021_123312.jpg,2025_10_21_RSFB-Phenotyping_GG1_JLU/2025_10_21_RSFB-Phenotyping_GG1_JLU/20251021_121834.jpg,plot_f61c894bac850d1ba767,plot_08853fb661302206a300,50.0,20.5,5.0,15.0,0.00017790429410524666
2025_10_21_RSFB-Phenotyping_GG1_JLU/2025_10_21_RSFB-Phenotyping_GG1_JLU/20251021_123312.jpg,2025_10_21_RSFB-Phenotyping_GG1_JLU/2025_10_21_RSFB-Phenotyping_GG1_JLU/20251021_152457.jpg,plot_f61c894bac850d1ba767,plot_cf8f8145824cff35d237,50.0,20.5,3.0,9.5,0.00017790429410524666
2025_10_21_RSFB-Phenotyping_GG1_JLU/2025_10_21_RSFB-Phenotyping_GG1_JLU/20251021_123312.jpg,2025_10_21_RSFB-Phenotyping_GG1_JLU/2025_10_21_RSFB-Phenotyping_GG1_JLU/20251021_160307.jpg,plot_f61c894bac850d1ba767,plot_80ee42a305b824b5337d,50.0,20.5,1.0,15.0,0.00017790429410524666
2025_10_21_RSFB-Phenotyping_GG1_JLU/2025_10_21_RSFB-Phenotyping_GG1_JLU/20251021_123312.jpg,2025_10_21_RSFB-Phenotyping_GG1_JLU/2025_10_21_RSFB-Phenotyping_GG1_JLU/20251021_161415.jpg,plot_f61c894bac850d1ba767,plot_6db75ec8b4bf1739f8b3,50.0,20.5,10.0,4.5,0.00017790429410524666
2025_10_21_RSFB-Phenotyping_GG1_JLU/2025_10_21_RSFB-Phenotyping_GG1_JLU/20251021_123312.jpg,2025_10_21_RSFB-Phenotyping_GG1_JLU/2025_10_21_RSFB-Phenotyping_GG1_JLU/20251021_122605.jpg,plot_f61c894bac850d1ba767,plot_4460e7e9889b69d86dd3,50.0,20.5,1.0,14.0,0.00017790429410524666
2025_10_21_RSFB-Phenotyping_GG1_JLU/2025_10_21_RSFB-Phenotyping_GG1_JLU/20251021_123312.jpg,2025_10_21_RSFB-Phenotyping_GG1_JLU/2025_10_21_RSFB-Phenotyping_GG1_JLU/20251021_151642.jpg,plot_f61c894bac850d1ba767,plot_f61b29267fecc01648f8,50.0,20.5,10.0,4.5,0.00017790429410524666
2025_10_21_RSFB-Phenotyping_GG1_JLU/2025_10_21_RSFB-Phenotyping_GG1_JLU/20251021_123312.jpg,2025_10_21_RSFB-Phenotyping_GG1_JLU/2025_10_21_RSFB-Phenotyping_GG1_JLU/20251021_162936.jpg,plot_f61c894bac850d1ba767,plot_6b8f7220a8a82d322a40,50.0,20.5,2.0,13.5,0.00017790429410524666
2025_10_21_RSFB-Phenotyping_GG1_JLU/2025_10_21_RSFB-Phenotyping_GG1_JLU/20251021_123312.jpg,2025_10_21_RSFB-Phenotyping_GG1_JLU/2025_10_21_RSFB-Phenotyping_GG1_JLU/20251021_151432.jpg,plot_f61c894bac850d1ba767,plot_f19419da98fe0824600a,50.0,20.5,2.0,12.5,0.00017790429410524666
2025_10_21_RSFB-Phenotyping_GG1_JLU/2025_10_21_RSFB-Phenotyping_GG1_JLU/20251021_123312.jpg,2025_10_21_RSFB-Phenotyping_GG1_JLU/2025_10_21_RSFB-Phenotyping_GG1_JLU/20251021_160003.jpg,plot_f61c894bac850d1ba767,plot_70e089493510c6f73a3d,50.0,20.5,15.0,7.0,0.00017790429410524666
2025_10_21_RSFB-Phenotyping_GG1_JLU/2025_10_21_RSFB-Phenotyping_GG1_JLU/20251021_123312.jpg,2025_10_21_RSFB-Phenotyping_GG1_JLU/2025_10_21_RSFB-Phenotyping_GG1_JLU/20251021_130529.jpg,plot_f61c894bac850d1ba767,plot_883726baafccd2304661,50.0,20.5,2.0,7.5,0.00017790429410524666
2025_10_21_RSFB-Phenotyping_GG1_JLU/2025_10_21_RSFB-Phenotyping_GG1_JLU/20251021_123312.jpg,2025_10_21_RSFB-Phenotyping_GG1_JLU/2025_10_21_RSFB-Phenotyping_GG1_JLU/20251021_123407.jpg,plot_f61c894bac850d1ba767,plot_a72e9af8f12fd28c9181,50.0,20.5,15.0,7.5,0.00017790429410524666
2025_10_21_RSFB-Phenotyping_GG1_JLU/2025_10_21_RSFB-Phenotyping_GG1_JLU/20251021_123312.jpg,2025_10_21_RSFB-Phenotyping_GG1_JLU/2025_10_21_RSFB-Phenotyping_GG1_JLU/20251021_154622.jpg,plot_f61c894bac850d1ba767,plot_5d8d172daef4ef20984f,50.0,20.5,1.0,7.5,0.00017790429410524666
2025_10_21_RSFB-Phenotyping_GG1_JLU/2025_10_21_RSFB-Phenotyping_GG1_JLU/20251021_123312.jpg,2025_10_21_RSFB-Phenotyping_GG1_JLU/2025_10_21_RSFB-Phenotyping_GG1_JLU/20251021_152220.jpg,plot_f61c894bac850d1ba767,plot_67dc730dc218f4c377b3,50.0,20.5,14.0,5.0,0.00017790429410524666
2025_10_21_RSFB-Phenotyping_GG1_JLU/2025_10_21_RSFB-Phenotyping_GG1_JLU/20251021_123312.jpg,2025_10_21_RSFB-Phenotyping_GG1_JLU/2025_10_21_RSFB-Phenotyping_GG1_JLU/20251021_155103.jpg,plot_f61c894bac850d1ba767,plot_b499b14eca911be3b991,50.0,20.5,12.0,1.0,0.00017790429410524666
2025_10_21_RSFB-Phenotyping_GG1_JLU/2025_10_21_RSFB-Phenotyping_GG1_JLU/20251021_123312.jpg,2025_10_21_RSFB-Phenotyping_GG1_JLU/2025_10_21_RSFB-Phenotyping_GG1_JLU/20251021_132410.jpg,plot_f61c894bac850d1ba767,plot_04441862d5c5dd0b49cc,50.0,20.5,15.0,8.0,0.00017790429410524666
2025_10_21_RSFB-Phenotyping_GG1_JLU/2025_10_21_RSFB-Phenotyping_GG1_JLU/20251021_130135.jpg,2025_10_21_RSFB-Phenotyping_GG1_JLU/2025_10_21_RSFB-Phenotyping_GG1_JLU/20251021_123107.jpg,plot_77196a9ec72c575b5b40,plot_5700cee80bc5a6e207ec,40.0,21.5,10.0,2.0,0.0001712328812573105
2025_10_21_RSFB-Phenotyping_GG1_JLU/2025_10_21_RSFB-Phenotyping_GG1_JLU/20251021_130135.jpg,2025_10_21_RSFB-Phenotyping_GG1_JLU/2025_10_21_RSFB-Phenotyping_GG1_JLU/20251021_130600.jpg,plot_77196a9ec72c575b5b40,plot_e6262167b576884b0c82,40.0,21.5,16.0,7.0,0.0001712328812573105
2025_10_21_RSFB-Phenotyping_GG1_JLU/2025_10_21_RSFB-Phenotyping_GG1_JLU/20251021_130135.jpg,2025_10_21_RSFB-Phenotyping_GG1_JLU/2025_10_21_RSFB-Phenotyping_GG1_JLU/20251021_151432.jpg,plot_77196a9ec72c575b5b40,plot_f19419da98fe0824600a,40.0,21.5,2.0,12.5,0.0001712328812573105
2025_10_21_RSFB-Phenotyping_GG1_JLU/2025_10_21_RSFB-Phenotyping_GG1_JLU/20251021_130135.jpg,2025_10_21_RSFB-Phenotyping_GG1_JLU/2025_10_21_RSFB-Phenotyping_GG1_JLU/20251021_121843.jpg,plot_77196a9ec72c575b5b40,plot_08853fb661302206a300,40.0,21.5,4.0,12.0,0.0001712328812573105
2025_10_21_RSFB-Phenotyping_GG1_JLU/2025_10_21_RSFB-Phenotyping_GG1_JLU/20251021_130135.jpg,2025_10_21_RSFB-Phenotyping_GG1_JLU/2025_10_21_RSFB-Phenotyping_GG1_JLU/20251021_132550.jpg,plot_77196a9ec72c575b5b40,plot_cff264c1afb9a1cf9473,40.0,21.5,2.0,8.5,0.0001712328812573105
2025_10_21_RSFB-Phenotyping_GG1_JLU/2025_10_21_RSFB-Phenotyping_GG1_JLU/20251021_130135.jpg,2025_10_21_RSFB-Phenotyping_GG1_JLU/2025_10_21_RSFB-Phenotyping_GG1_JLU/20251021_151915.jpg,plot_77196a9ec72c575b5b40,plot_6ca7eb46f81c9ecf993b,40.0,21.5,12.0,5.5,0.0001712328812573105
2025_10_21_RSFB-Phenotyping_GG1_JLU/2025_10_21_RSFB-Phenotyping_GG1_JLU/20251021_130135.jpg,2025_10_21_RSFB-Phenotyping_GG1_JLU/2025_10_21_RSFB-Phenotyping_GG1_JLU/20251021_153825.jpg,plot_77196a9ec72c575b5b40,plot_64e19f5de9c116d1fbb6,40.0,21.5,3.0,8.5,0.0001712328812573105
2025_10_21_RSFB-Phenotyping_GG1_JLU/2025_10_21_RSFB-Phenotyping_GG1_JLU/20251021_130135.jpg,2025_10_21_RSFB-Phenotyping_GG1_JLU/2025_10_21_RSFB-Phenotyping_GG1_JLU/20251021_132410.jpg,plot_77196a9ec72c575b5b40,plot_04441862d5c5dd0b49cc,40.0,21.5,15.0,8.0,0.0001712328812573105
2025_10_21_RSFB-Phenotyping_GG1_JLU/2025_10_21_RSFB-Phenotyping_GG1_JLU/20251021_130135.jpg,2025_10_21_RSFB-Phenotyping_GG1_JLU/2025_10_21_RSFB-Phenotyping_GG1_JLU/20251021_155103.jpg,plot_77196a9ec72c575b5b40,plot_b499b14eca911be3b991,40.0,21.5,12.0,1.0,0.0001712328812573105
2025_10_21_RSFB-Phenotyping_GG1_JLU/2025_10_21_RSFB-Phenotyping_GG1_JLU/20251021_130135.jpg,2025_10_21_RSFB-Phenotyping_GG1_JLU/2025_10_21_RSFB-Phenotyping_GG1_JLU/20251021_122823.jpg,plot_77196a9ec72c575b5b40,plot_5143cf8e4865a2e2e3c7,40.0,21.5,15.0,7.0,0.0001712328812573105
2025_10_21_RSFB-Phenotyping_GG1_JLU/2025_10_21_RSFB-Phenotyping_GG1_JLU/20251021_130135.jpg,2025_10_21_RSFB-Phenotyping_GG1_JLU/2025_10_21_RSFB-Phenotyping_GG1_JLU/20251021_132342.jpg,plot_77196a9ec72c575b5b40,plot_df712240205f755d4453,40.0,21.5,12.0,2.5,0.0001712328812573105
2025_10_21_RSFB-Phenotyping_GG1_JLU/2025_10_21_RSFB-Phenotyping_GG1_JLU/20251021_130135.jpg,2025_10_21_RSFB-Phenotyping_GG1_JLU/2025_10_21_RSFB-Phenotyping_GG1_JLU/20251021_161652.jpg,plot_77196a9ec72c575b5b40,plot_70a732f80b7b639118af,40.0,21.5,15.0,3.5,0.0001712328812573105
2025_10_21_RSFB-Phenotyping_GG1_JLU/2025_10_21_RSFB-Phenotyping_GG1_JLU/20251021_130135.jpg,2025_10_21_RSFB-Phenotyping_GG1_JLU/2025_10_21_RSFB-Phenotyping_GG1_JLU/20251021_160301.jpg,plot_77196a9ec72c575b5b40,plot_80ee42a305b824b5337d,40.0,21.5,2.0,12.5,0.0001712328812573105
2025_10_21_RSFB-Phenotyping_GG1_JLU/2025_10_21_RSFB-Phenotyping_GG1_JLU/20251021_130135.jpg,2025_10_21_RSFB-Phenotyping_GG1_JLU/2025_10_21_RSFB-Phenotyping_GG1_JLU/20251021_122013.jpg,plot_77196a9ec72c575b5b40,plot_de57345dfd586882f461,40.0,21.5,5.0,14.0,0.0001712328812573105
2025_10_21_RSFB-Phenotyping_GG1_JLU/2025_10_21_RSFB-Phenotyping_GG1_JLU/20251021_130135.jpg,2025_10_21_RSFB-Phenotyping_GG1_JLU/2025_10_21_RSFB-Phenotyping_GG1_JLU/20251021_154649.jpg,plot_77196a9ec72c575b5b40,plot_f974c33b3b939aa5f878,40.0,21.5,2.0,9.5,0.0001712328812573105
2025_10_21_RSFB-Phenotyping_GG1_JLU/2025_10_21_RSFB-Phenotyping_GG1_JLU/20251021_130135.jpg,2025_10_21_RSFB-Phenotyping_GG1_JLU/2025_10_21_RSFB-Phenotyping_GG1_JLU/20251021_132050.jpg,plot_77196a9ec72c575b5b40,plot_a2622f860df5cef3e355,40.0,21.5,15.0,5.5,0.0001712328812573105
2025_10_21_RSFB-Phenotyping_GG1_JLU/2025_10_21_RSFB-Phenotyping_GG1_JLU/20251021_130135.jpg,2025_10_21_RSFB-Phenotyping_GG1_JLU/2025_10_21_RSFB-Phenotyping_GG1_JLU/20251021_155939.jpg,plot_77196a9ec72c575b5b40,plot_b351f823b8a0415f9230,40.0,21.5,3.0,10.0,0.0001712328812573105
2025_10_21_RSFB-Phenotyping_GG1_JLU/2025_10_21_RSFB-Phenotyping_GG1_JLU/20251021_130135.jpg,2025_10_21_RSFB-Phenotyping_GG1_JLU/2025_10_21_RSFB-Phenotyping_GG1_JLU/20251021_161751.jpg,plot_77196a9ec72c575b5b40,plot_5ca84068b670156039bd,40.0,21.5,3.0,13.0,0.0001712328812573105
2025_10_21_RSFB-Phenotyping_GG1_JLU/2025_10_21_RSFB-Phenotyping_GG1_JLU/20251021_130135.jpg,2025_10_21_RSFB-Phenotyping_GG1_JLU/2025_10_21_RSFB-Phenotyping_GG1_JLU/20251021_125901.jpg,plot_77196a9ec72c575b5b40,plot_7afc7682bc0b0be61f6b,40.0,21.5,2.0,10.0,0.0001712328812573105
2025_10_21_RSFB-Phenotyping_GG1_JLU/2025_10_21_RSFB-Phenotyping_GG1_JLU/20251021_130135.jpg,2025_10_21_RSFB-Phenotyping_GG1_JLU/2025_10_21_RSFB-Phenotyping_GG1_JLU/20251021_162830.jpg,plot_77196a9ec72c575b5b40,plot_bea3390e83dfe4b9a220,40.0,21.5,15.0,8.5,0.0001712328812573105
2025_10_21_RSFB-Phenotyping_GG1_JLU/2025_10_21_RSFB-Phenotyping_GG1_JLU/20251021_130135.jpg,2025_10_21_RSFB-Phenotyping_GG1_JLU/2025_10_21_RSFB-Phenotyping_GG1_JLU/20251021_160047.jpg,plot_77196a9ec72c575b5b40,plot_ecb8a2d7a20b5079cedb,40.0,21.5,2.0,8.5,0.0001712328812573105
2025_10_21_RSFB-Phenotyping_GG1_JLU/2025_10_21_RSFB-Phenotyping_GG1_JLU/20251021_130135.jpg,2025_10_21_RSFB-Phenotyping_GG1_JLU/2025_10_21_RSFB-Phenotyping_GG1_JLU/20251021_123202.jpg,plot_77196a9ec72c575b5b40,plot_a3e331c4e6fce2b877bd,40.0,21.5,5.0,12.0,0.0001712328812573105
2025_10_21_RSFB-Phenotyping_GG1_JLU/2025_10_21_RSFB-Phenotyping_GG1_JLU/20251021_130135.jpg,2025_10_21_RSFB-Phenotyping_GG1_JLU/2025_10_21_RSFB-Phenotyping_GG1_JLU/20251021_162116.jpg,plot_77196a9ec72c575b5b40,plot_60d8a72fe06bef6e6da4,40.0,21.5,3.0,11.399999618530273,0.0001712328812573105
2025_10_21_RSFB-Phenotyping_GG1_JLU/2025_10_21_RSFB-Phenotyping_GG1_JLU/20251021_130135.jpg,2025_10_21_RSFB-Phenotyping_GG1_JLU/2025_10_21_RSFB-Phenotyping_GG1_JLU/20251021_154502.jpg,plot_77196a9ec72c575b5b40,plot_a2c6a5fd1e9b0c0d5868,40.0,21.5,15.0,8.0,0.0001712328812573105
2025_10_21_RSFB-Phenotyping_GG1_JLU/2025_10_21_RSFB-Phenotyping_GG1_JLU/20251021_130135.jpg,2025_10_21_RSFB-Phenotyping_GG1_JLU/2025_10_21_RSFB-Phenotyping_GG1_JLU/20251021_152653.jpg,plot_77196a9ec72c575b5b40,plot_fe93ef196b1a8b77de19,40.0,21.5,1.0,8.5,0.0001712328812573105
2025_10_21_RSFB-Phenotyping_GG1_JLU/2025_10_21_RSFB-Phenotyping_GG1_JLU/20251021_130135.jpg,2025_10_21_RSFB-Phenotyping_GG1_JLU/2025_10_21_RSFB-Phenotyping_GG1_JLU/20251021_132902.jpg,plot_77196a9ec72c575b5b40,plot_a68ea486bf28d2a65eea,40.0,21.5,15.0,5.0,0.0001712328812573105
2025_10_21_RSFB-Phenotyping_GG1_JLU/2025_10_21_RSFB-Phenotyping_GG1_JLU/20251021_130135.jpg,2025_10_21_RSFB-Phenotyping_GG1_JLU/2025_10_21_RSFB-Phenotyping_GG1_JLU/20251021_155302.jpg,plot_77196a9ec72c575b5b40,plot_cb17d6bcad8ffccbde51,40.0,21.5,1.0,10.5,0.0001712328812573105
2025_10_21_RSFB-Phenotyping_GG1_JLU/2025_10_21_RSFB-Phenotyping_GG1_JLU/20251021_130135.jpg,2025_10_21_RSFB-Phenotyping_GG1_JLU/2025_10_21_RSFB-Phenotyping_GG1_JLU/20251021_125431.jpg,plot_77196a9ec72c575b5b40,plot_ccfe1e329b419e50732e,40.0,21.5,13.0,3.0,0.0001712328812573105
2025_10_21_RSFB-Phenotyping_GG1_JLU/2025_10_21_RSFB-Phenotyping_GG1_JLU/20251021_130135.jpg,2025_10_21_RSFB-Phenotyping_GG1_JLU/2025_10_21_RSFB-Phenotyping_GG1_JLU/20251021_122557.jpg,plot_77196a9ec72c575b5b40,plot_4460e7e9889b69d86dd3,40.0,21.5,2.0,10.0,0.0001712328812573105
2025_10_21_RSFB-Phenotyping_GG1_JLU/2025_10_21_RSFB-Phenotyping_GG1_JLU/20251021_130135.jpg,2025_10_21_RSFB-Phenotyping_GG1_JLU/2025_10_21_RSFB-Phenotyping_GG1_JLU/20251021_153832.jpg,plot_77196a9ec72c575b5b40,plot_64e19f5de9c116d1fbb6,40.0,21.5,4.0,14.0,0.0001712328812573105
2025_10_21_RSFB-Phenotyping_GG1_JLU/2025_10_21_RSFB-Phenotyping_GG1_JLU/20251021_130135.jpg,2025_10_21_RSFB-Phenotyping_GG1_JLU/2025_10_21_RSFB-Phenotyping_GG1_JLU/20251021_130529.jpg,plot_77196a9ec72c575b5b40,plot_883726baafccd2304661,40.0,21.5,2.0,7.5,0.0001712328812573105
2025_10_21_RSFB-Phenotyping_GG1_JLU/2025_10_21_RSFB-Phenotyping_GG1_JLU/20251021_130135.jpg,2025_10_21_RSFB-Phenotyping_GG1_JLU/2025_10_21_RSFB-Phenotyping_GG1_JLU/20251021_161624.jpg,plot_77196a9ec72c575b5b40,plot_3361cc58e772149f169e,40.0,21.5,12.0,3.0,0.0001712328812573105
2025_10_21_RSFB-Phenotyping_GG1_JLU/2025_10_21_RSFB-Phenotyping_GG1_JLU/20251021_130135.jpg,2025_10_21_RSFB-Phenotyping_GG1_JLU/2025_10_21_RSFB-Phenotyping_GG1_JLU/20251021_121301.jpg,plot_77196a9ec72c575b5b40,plot_09d8a533567043e69854,40.0,21.5,1.0,8.0,0.0001712328812573105
2025_10_21_RSFB-Phenotyping_GG1_JLU/2025_10_21_RSFB-Phenotyping_GG1_JLU/20251021_130135.jpg,2025_10_21_RSFB-Phenotyping_GG1_JLU/2025_10_21_RSFB-Phenotyping_GG1_JLU/20251021_132801.jpg,plot_77196a9ec72c575b5b40,plot_b2decf1cbf56bcdc6d32,40.0,21.5,3.0,12.5,0.0001712328812573105
2025_10_21_RSFB-Phenotyping_GG1_JLU/2025_10_21_RSFB-Phenotyping_GG1_JLU/20251021_130135.jpg,2025_10_21_RSFB-Phenotyping_GG1_JLU/2025_10_21_RSFB-Phenotyping_GG1_JLU/20251021_132424.jpg,plot_77196a9ec72c575b5b40,plot_04441862d5c5dd0b49cc,40.0,21.5,10.0,2.5,0.0001712328812573105
2025_10_21_RSFB-Phenotyping_GG1_JLU/2025_10_21_RSFB-Phenotyping_GG1_JLU/20251021_130135.jpg,2025_10_21_RSFB-Phenotyping_GG1_JLU/2025_10_21_RSFB-Phenotyping_GG1_JLU/20251021_130045.jpg,plot_77196a9ec72c575b5b40,plot_7c9b9d5dc347e36cbea8,40.0,21.5,15.0,9.0,0.0001712328812573105
2025_10_21_RSFB-Phenotyping_GG1_JLU/2025_10_21_RSFB-Phenotyping_GG1_JLU/20251021_130135.jpg,2025_10_21_RSFB-Phenotyping_GG1_JLU/2025_10_21_RSFB-Phenotyping_GG1_JLU/20251021_152457.jpg,plot_77196a9ec72c575b5b40,plot_cf8f8145824cff35d237,40.0,21.5,3.0,9.5,0.0001712328812573105
2025_10_21_RSFB-Phenotyping_GG1_JLU/2025_10_21_RSFB-Phenotyping_GG1_JLU/20251021_130135.jpg,2025_10_21_RSFB-Phenotyping_GG1_JLU/2025_10_21_RSFB-Phenotyping_GG1_JLU/20251021_155233.jpg,plot_77196a9ec72c575b5b40,plot_ae2984dd48723bc500ae,40.0,21.5,8.0,14.5,0.0001712328812573105
2025_10_21_RSFB-Phenotyping_GG1_JLU/2025_10_21_RSFB-Phenotyping_GG1_JLU/20251021_130135.jpg,2025_10_21_RSFB-Phenotyping_GG1_JLU/2025_10_21_RSFB-Phenotyping_GG1_JLU/20251021_154622.jpg,plot_77196a9ec72c575b5b40,plot_5d8d172daef4ef20984f,40.0,21.5,1.0,7.5,0.0001712328812573105
2025_10_21_RSFB-Phenotyping_GG1_JLU/2025_10_21_RSFB-Phenotyping_GG1_JLU/20251021_130135.jpg,2025_10_21_RSFB-Phenotyping_GG1_JLU/2025_10_21_RSFB-Phenotyping_GG1_JLU/20251021_132002.jpg,plot_77196a9ec72c575b5b40,plot_8709d51bb880213559a6,40.0,21.5,15.0,8.5,0.0001712328812573105
2025_10_21_RSFB-Phenotyping_GG1_JLU/2025_10_21_RSFB-Phenotyping_GG1_JLU/20251021_123000.jpg,2025_10_21_RSFB-Phenotyping_GG1_JLU/2025_10_21_RSFB-Phenotyping_GG1_JLU/20251021_162109.jpg,plot_fd82dd8fd5c2b516bf47,plot_60d8a72fe06bef6e6da4,35.0,13.5,1.0,6.400000095367432,0.0002795638865791261
2025_10_21_RSFB-Phenotyping_GG1_JLU/2025_10_21_RSFB-Phenotyping_GG1_JLU/20251021_123000.jpg,2025_10_21_RSFB-Phenotyping_GG1_JLU/2025_10_21_RSFB-Phenotyping_GG1_JLU/20251021_121314.jpg,plot_fd82dd8fd5c2b516bf47,plot_0de14b7453cf30ed2a1c,35.0,13.5,2.0,7.5,0.0002795638865791261
2025_10_21_RSFB-Phenotyping_GG1_JLU/2025_10_21_RSFB-Phenotyping_GG1_JLU/20251021_123000.jpg,2025_10_21_RSFB-Phenotyping_GG1_JLU/2025_10_21_RSFB-Phenotyping_GG1_JLU/20251021_121301.jpg,plot_fd82dd8fd5c2b516bf47,plot_09d8a533567043e69854,35.0,13.5,1.0,8.0,0.0002795638865791261
2025_10_21_RSFB-Phenotyping_GG1_JLU/2025_10_21_RSFB-Phenotyping_GG1_JLU/20251021_123000.jpg,2025_10_21_RSFB-Phenotyping_GG1_JLU/2025_10_21_RSFB-Phenotyping_GG1_JLU/20251021_161549.jpg,plot_fd82dd8fd5c2b516bf47,plot_5008f76cf0a562f63097,35.0,13.5,7.0,1.7000000476837158,0.0002795638865791261
2025_10_21_RSFB-Phenotyping_GG1_JLU/2025_10_21_RSFB-Phenotyping_GG1_JLU/20251021_123000.jpg,2025_10_21_RSFB-Phenotyping_GG1_JLU/2025_10_21_RSFB-Phenotyping_GG1_JLU/20251021_151439.jpg,plot_fd82dd8fd5c2b516bf47,plot_f19419da98fe0824600a,35.0,13.5,8.0,2.5,0.0002795638865791261
2025_10_21_RSFB-Phenotyping_GG1_JLU/2025_10_21_RSFB-Phenotyping_GG1_JLU/20251021_123000.jpg,2025_10_21_RSFB-Phenotyping_GG1_JLU/2025_10_21_RSFB-Phenotyping_GG1_JLU/20251021_154622.jpg,plot_fd82dd8fd5c2b516bf47,plot_5d8d172daef4ef20984f,35.0,13.5,1.0,7.5,0.0002795638865791261
2025_10_21_RSFB-Phenotyping_GG1_JLU/2025_10_21_RSFB-Phenotyping_GG1_JLU/20251021_123000.jpg,2025_10_21_RSFB-Phenotyping_GG1_JLU/2025_10_21_RSFB-Phenotyping_GG1_JLU/20251021_122046.jpg,plot_fd82dd8fd5c2b516bf47,plot_166bd930c637bcfcd528,35.0,13.5,2.0,7.900000095367432,0.0002795638865791261
2025_10_21_RSFB-Phenotyping_GG1_JLU/2025_10_21_RSFB-Phenotyping_GG1_JLU/20251021_123000.jpg,2025_10_21_RSFB-Phenotyping_GG1_JLU/2025_10_21_RSFB-Phenotyping_GG1_JLU/20251021_161242.jpg,plot_fd82dd8fd5c2b516bf47,plot_c08c9fc75665c975b852,35.0,13.5,1.0,6.5,0.0002795638865791261
2025_10_21_RSFB-Phenotyping_GG1_JLU/2025_10_21_RSFB-Phenotyping_GG1_JLU/20251021_123000.jpg,2025_10_21_RSFB-Phenotyping_GG1_JLU/2025_10_21_RSFB-Phenotyping_GG1_JLU/20251021_130529.jpg,plot_fd82dd8fd5c2b516bf47,plot_883726baafccd2304661,35.0,13.5,2.0,7.5,0.0002795638865791261
2025_10_21_RSFB-Phenotyping_GG1_JLU/2025_10_21_RSFB-Phenotyping_GG1_JLU/20251021_153417.jpg,2025_10_21_RSFB-Phenotyping_GG1_JLU/2025_10_21_RSFB-Phenotyping_GG1_JLU/20251021_154622.jpg,plot_c97ae335979f54b21f44,plot_5d8d172daef4ef20984f,38.0,15.0,1.0,7.5,0.00016307893383782357
2025_10_21_RSFB-Phenotyping_GG1_JLU/2025_10_21_RSFB-Phenotyping_GG1_JLU/20251021_153417.jpg,2025_10_21_RSFB-Phenotyping_GG1_JLU/2025_10_21_RSFB-Phenotyping_GG1_JLU/20251021_121314.jpg,plot_c97ae335979f54b21f44,plot_0de14b7453cf30ed2a1c,38.0,15.0,2.0,7.5,0.00016307893383782357
2025_10_21_RSFB-Phenotyping_GG1_JLU/2025_10_21_RSFB-Phenotyping_GG1_JLU/20251021_153417.jpg,2025_10_21_RSFB-Phenotyping_GG1_JLU/2025_10_21_RSFB-Phenotyping_GG1_JLU/20251021_152653.jpg,plot_c97ae335979f54b21f44,plot_fe93ef196b1a8b77de19,38.0,15.0,1.0,8.5,0.00016307893383782357
2025_10_21_RSFB-Phenotyping_GG1_JLU/2025_10_21_RSFB-Phenotyping_GG1_JLU/20251021_153417.jpg,2025_10_21_RSFB-Phenotyping_GG1_JLU/2025_10_21_RSFB-Phenotyping_GG1_JLU/20251021_160831.jpg,plot_c97ae335979f54b21f44,plot_31ff4a85b21ababa7de0,38.0,15.0,1.0,9.5,0.00016307893383782357
2025_10_21_RSFB-Phenotyping_GG1_JLU/2025_10_21_RSFB-Phenotyping_GG1_JLU/20251021_153417.jpg,2025_10_21_RSFB-Phenotyping_GG1_JLU/2025_10_21_RSFB-Phenotyping_GG1_JLU/20251021_121301.jpg,plot_c97ae335979f54b21f44,plot_09d8a533567043e69854,38.0,15.0,1.0,8.0,0.00016307893383782357
2025_10_21_RSFB-Phenotyping_GG1_JLU/2025_10_21_RSFB-Phenotyping_GG1_JLU/20251021_153417.jpg,2025_10_21_RSFB-Phenotyping_GG1_JLU/2025_10_21_RSFB-Phenotyping_GG1_JLU/20251021_161242.jpg,plot_c97ae335979f54b21f44,plot_c08c9fc75665c975b852,38.0,15.0,1.0,6.5,0.00016307893383782357
2025_10_21_RSFB-Phenotyping_GG1_JLU/2025_10_21_RSFB-Phenotyping_GG1_JLU/20251021_153417.jpg,2025_10_21_RSFB-Phenotyping_GG1_JLU/2025_10_21_RSFB-Phenotyping_GG1_JLU/20251021_122046.jpg,plot_c97ae335979f54b21f44,plot_166bd930c637bcfcd528,38.0,15.0,2.0,7.900000095367432,0.00016307893383782357
2025_10_21_RSFB-Phenotyping_GG1_JLU/2025_10_21_RSFB-Phenotyping_GG1_JLU/20251021_153417.jpg,2025_10_21_RSFB-Phenotyping_GG1_JLU/2025_10_21_RSFB-Phenotyping_GG1_JLU/20251021_130529.jpg,plot_c97ae335979f54b21f44,plot_883726baafccd2304661,38.0,15.0,2.0,7.5,0.00016307893383782357
2025_10_21_RSFB-Phenotyping_GG1_JLU/2025_10_21_RSFB-Phenotyping_GG1_JLU/20251021_153417.jpg,2025_10_21_RSFB-Phenotyping_GG1_JLU/2025_10_21_RSFB-Phenotyping_GG1_JLU/20251021_152457.jpg,plot_c97ae335979f54b21f44,plot_cf8f8145824cff35d237,38.0,15.0,3.0,9.5,0.00016307893383782357
2025_10_21_RSFB-Phenotyping_GG1_JLU/2025_10_21_RSFB-Phenotyping_GG1_JLU/20251021_153417.jpg,2025_10_21_RSFB-Phenotyping_GG1_JLU/2025_10_21_RSFB-Phenotyping_GG1_JLU/20251021_132550.jpg,plot_c97ae335979f54b21f44,plot_cff264c1afb9a1cf9473,38.0,15.0,2.0,8.5,0.00016307893383782357
2025_10_21_RSFB-Phenotyping_GG1_JLU/2025_10_21_RSFB-Phenotyping_GG1_JLU/20251021_153417.jpg,2025_10_21_RSFB-Phenotyping_GG1_JLU/2025_10_21_RSFB-Phenotyping_GG1_JLU/20251021_154649.jpg,plot_c97ae335979f54b21f44,plot_f974c33b3b939aa5f878,38.0,15.0,2.0,9.5,0.00016307893383782357
2025_10_21_RSFB-Phenotyping_GG1_JLU/2025_10_21_RSFB-Phenotyping_GG1_JLU/20251021_153417.jpg,2025_10_21_RSFB-Phenotyping_GG1_JLU/2025_10_21_RSFB-Phenotyping_GG1_JLU/20251021_161549.jpg,plot_c97ae335979f54b21f44,plot_5008f76cf0a562f63097,38.0,15.0,7.0,1.7000000476837158,0.00016307893383782357
2025_10_21_RSFB-Phenotyping_GG1_JLU/2025_10_21_RSFB-Phenotyping_GG1_JLU/20251021_153417.jpg,2025_10_21_RSFB-Phenotyping_GG1_JLU/2025_10_21_RSFB-Phenotyping_GG1_JLU/20251021_151439.jpg,plot_c97ae335979f54b21f44,plot_f19419da98fe0824600a,38.0,15.0,8.0,2.5,0.00016307893383782357
2025_10_21_RSFB-Phenotyping_GG1_JLU/2025_10_21_RSFB-Phenotyping_GG1_JLU/20251021_153417.jpg,2025_10_21_RSFB-Phenotyping_GG1_JLU/2025_10_21_RSFB-Phenotyping_GG1_JLU/20251021_162109.jpg,plot_c97ae335979f54b21f44,plot_60d8a72fe06bef6e6da4,38.0,15.0,1.0,6.400000095367432,0.00016307893383782357
2025_10_21_RSFB-Phenotyping_GG1_JLU/2025_10_21_RSFB-Phenotyping_GG1_JLU/20251021_153417.jpg,2025_10_21_RSFB-Phenotyping_GG1_JLU/2025_10_21_RSFB-Phenotyping_GG1_JLU/20251021_153825.jpg,plot_c97ae335979f54b21f44,plot_64e19f5de9c116d1fbb6,38.0,15.0,3.0,8.5,0.00016307893383782357
2025_10_21_RSFB-Phenotyping_GG1_JLU/2025_10_21_RSFB-Phenotyping_GG1_JLU/20251021_153417.jpg,2025_10_21_RSFB-Phenotyping_GG1_JLU/2025_10_21_RSFB-Phenotyping_GG1_JLU/20251021_160047.jpg,plot_c97ae335979f54b21f44,plot_ecb8a2d7a20b5079cedb,38.0,15.0,2.0,8.5,0.00016307893383782357
2025_10_21_RSFB-Phenotyping_GG1_JLU/2025_10_21_RSFB-Phenotyping_GG1_JLU/20251021_131247.jpg,2025_10_21_RSFB-Phenotyping_GG1_JLU/2025_10_21_RSFB-Phenotyping_GG1_JLU/20251021_122046.jpg,plot_dc55ea275e489e8c7be3,plot_166bd930c637bcfcd528,35.0,17.0,2.0,7.900000095367432,0.0004566209972836077
2025_10_21_RSFB-Phenotyping_GG1_JLU/2025_10_21_RSFB-Phenotyping_GG1_JLU/20251021_131247.jpg,2025_10_21_RSFB-Phenotyping_GG1_JLU/2025_10_21_RSFB-Phenotyping_GG1_JLU/20251021_124615.jpg,plot_dc55ea275e489e8c7be3,plot_9e661ae87ec066049f1f,35.0,17.0,5.0,11.5,0.0004566209972836077
2025_10_21_RSFB-Phenotyping_GG1_JLU/2025_10_21_RSFB-Phenotyping_GG1_JLU/20251021_131247.jpg,2025_10_21_RSFB-Phenotyping_GG1_JLU/2025_10_21_RSFB-Phenotyping_GG1_JLU/20251021_155939.jpg,plot_dc55ea275e489e8c7be3,plot_b351f823b8a0415f9230,35.0,17.0,3.0,10.0,0.0004566209972836077
2025_10_21_RSFB-Phenotyping_GG1_JLU/2025_10_21_RSFB-Phenotyping_GG1_JLU/20251021_131247.jpg,2025_10_21_RSFB-Phenotyping_GG1_JLU/2025_10_21_RSFB-Phenotyping_GG1_JLU/20251021_160831.jpg,plot_dc55ea275e489e8c7be3,plot_31ff4a85b21ababa7de0,35.0,17.0,1.0,9.5,0.0004566209972836077
2025_10_21_RSFB-Phenotyping_GG1_JLU/2025_10_21_RSFB-Phenotyping_GG1_JLU/20251021_131247.jpg,2025_10_21_RSFB-Phenotyping_GG1_JLU/2025_10_21_RSFB-Phenotyping_GG1_JLU/20251021_151642.jpg,plot_dc55ea275e489e8c7be3,plot_f61b29267fecc01648f8,35.0,17.0,10.0,4.5,0.0004566209972836077
2025_10_21_RSFB-Phenotyping_GG1_JLU/2025_10_21_RSFB-Phenotyping_GG1_JLU/20251021_131247.jpg,2025_10_21_RSFB-Phenotyping_GG1_JLU/2025_10_21_RSFB-Phenotyping_GG1_JLU/20251021_162116.jpg,plot_dc55ea275e489e8c7be3,plot_60d8a72fe06bef6e6da4,35.0,17.0,3.0,11.399999618530273,0.0004566209972836077
2025_10_21_RSFB-Phenotyping_GG1_JLU/2025_10_21_RSFB-Phenotyping_GG1_JLU/20251021_131247.jpg,2025_10_21_RSFB-Phenotyping_GG1_JLU/2025_10_21_RSFB-Phenotyping_GG1_JLU/20251021_162109.jpg,plot_dc55ea275e489e8c7be3,plot_60d8a72fe06bef6e6da4,35.0,17.0,1.0,6.400000095367432,0.0004566209972836077
2025_10_21_RSFB-Phenotyping_GG1_JLU/2025_10_21_RSFB-Phenotyping_GG1_JLU/20251021_131247.jpg,2025_10_21_RSFB-Phenotyping_GG1_JLU/2025_10_21_RSFB-Phenotyping_GG1_JLU/20251021_121113.jpg,plot_dc55ea275e489e8c7be3,plot_a7714d1b769d45a9b00a,35.0,17.0,2.0,10.0,0.0004566209972836077
2025_10_21_RSFB-Phenotyping_GG1_JLU/2025_10_21_RSFB-Phenotyping_GG1_JLU/20251021_131247.jpg,2025_10_21_RSFB-Phenotyping_GG1_JLU/2025_10_21_RSFB-Phenotyping_GG1_JLU/20251021_160047.jpg,plot_dc55ea275e489e8c7be3,plot_ecb8a2d7a20b5079cedb,35.0,17.0,2.0,8.5,0.0004566209972836077
2025_10_21_RSFB-Phenotyping_GG1_JLU/2025_10_21_RSFB-Phenotyping_GG1_JLU/20251021_131247.jpg,2025_10_21_RSFB-Phenotyping_GG1_JLU/2025_10_21_RSFB-Phenotyping_GG1_JLU/20251021_155302.jpg,plot_dc55ea275e489e8c7be3,plot_cb17d6bcad8ffccbde51,35.0,17.0,1.0,10.5,0.0004566209972836077
2025_10_21_RSFB-Phenotyping_GG1_JLU/2025_10_21_RSFB-Phenotyping_GG1_JLU/20251021_131247.jpg,2025_10_21_RSFB-Phenotyping_GG1_JLU/2025_10_21_RSFB-Phenotyping_GG1_JLU/20251021_153825.jpg,plot_dc55ea275e489e8c7be3,plot_64e19f5de9c116d1fbb6,35.0,17.0,3.0,8.5,0.0004566209972836077
2025_10_21_RSFB-Phenotyping_GG1_JLU/2025_10_21_RSFB-Phenotyping_GG1_JLU/20251021_131247.jpg,2025_10_21_RSFB-Phenotyping_GG1_JLU/2025_10_21_RSFB-Phenotyping_GG1_JLU/20251021_154649.jpg,plot_dc55ea275e489e8c7be3,plot_f974c33b3b939aa5f878,35.0,17.0,2.0,9.5,0.0004566209972836077
2025_10_21_RSFB-Phenotyping_GG1_JLU/2025_10_21_RSFB-Phenotyping_GG1_JLU/20251021_131247.jpg,2025_10_21_RSFB-Phenotyping_GG1_JLU/2025_10_21_RSFB-Phenotyping_GG1_JLU/20251021_151439.jpg,plot_dc55ea275e489e8c7be3,plot_f19419da98fe0824600a,35.0,17.0,8.0,2.5,0.0004566209972836077
2025_10_21_RSFB-Phenotyping_GG1_JLU/2025_10_21_RSFB-Phenotyping_GG1_JLU/20251021_131247.jpg,2025_10_21_RSFB-Phenotyping_GG1_JLU/2025_10_21_RSFB-Phenotyping_GG1_JLU/20251021_161549.jpg,plot_dc55ea275e489e8c7be3,plot_5008f76cf0a562f63097,35.0,17.0,7.0,1.7000000476837158,0.0004566209972836077
2025_10_21_RSFB-Phenotyping_GG1_JLU/2025_10_21_RSFB-Phenotyping_GG1_JLU/20251021_131247.jpg,2025_10_21_RSFB-Phenotyping_GG1_JLU/2025_10_21_RSFB-Phenotyping_GG1_JLU/20251021_152653.jpg,plot_dc55ea275e489e8c7be3,plot_fe93ef196b1a8b77de19,35.0,17.0,1.0,8.5,0.0004566209972836077
2025_10_21_RSFB-Phenotyping_GG1_JLU/2025_10_21_RSFB-Phenotyping_GG1_JLU/20251021_131247.jpg,2025_10_21_RSFB-Phenotyping_GG1_JLU/2025_10_21_RSFB-Phenotyping_GG1_JLU/20251021_161415.jpg,plot_dc55ea275e489e8c7be3,plot_6db75ec8b4bf1739f8b3,35.0,17.0,10.0,4.5,0.0004566209972836077
2025_10_21_RSFB-Phenotyping_GG1_JLU/2025_10_21_RSFB-Phenotyping_GG1_JLU/20251021_131247.jpg,2025_10_21_RSFB-Phenotyping_GG1_JLU/2025_10_21_RSFB-Phenotyping_GG1_JLU/20251021_121301.jpg,plot_dc55ea275e489e8c7be3,plot_09d8a533567043e69854,35.0,17.0,1.0,8.0,0.0004566209972836077
2025_10_21_RSFB-Phenotyping_GG1_JLU/2025_10_21_RSFB-Phenotyping_GG1_JLU/20251021_131247.jpg,2025_10_21_RSFB-Phenotyping_GG1_JLU/2025_10_21_RSFB-Phenotyping_GG1_JLU/20251021_161242.jpg,plot_dc55ea275e489e8c7be3,plot_c08c9fc75665c975b852,35.0,17.0,1.0,6.5,0.0004566209972836077
2025_10_21_RSFB-Phenotyping_GG1_JLU/2025_10_21_RSFB-Phenotyping_GG1_JLU/20251021_131247.jpg,2025_10_21_RSFB-Phenotyping_GG1_JLU/2025_10_21_RSFB-Phenotyping_GG1_JLU/20251021_124358.jpg,plot_dc55ea275e489e8c7be3,plot_e77622de4cce1b168140,35.0,17.0,3.0,11.0,0.0004566209972836077
2025_10_21_RSFB-Phenotyping_GG1_JLU/2025_10_21_RSFB-Phenotyping_GG1_JLU/20251021_131247.jpg,2025_10_21_RSFB-Phenotyping_GG1_JLU/2025_10_21_RSFB-Phenotyping_GG1_JLU/20251021_132424.jpg,plot_dc55ea275e489e8c7be3,plot_04441862d5c5dd0b49cc,35.0,17.0,10.0,2.5,0.0004566209972836077
2025_10_21_RSFB-Phenotyping_GG1_JLU/2025_10_21_RSFB-Phenotyping_GG1_JLU/20251021_131247.jpg,2025_10_21_RSFB-Phenotyping_GG1_JLU/2025_10_21_RSFB-Phenotyping_GG1_JLU/20251021_125901.jpg,plot_dc55ea275e489e8c7be3,plot_7afc7682bc0b0be61f6b,35.0,17.0,2.0,10.0,0.0004566209972836077
2025_10_21_RSFB-Phenotyping_GG1_JLU/2025_10_21_RSFB-Phenotyping_GG1_JLU/20251021_131247.jpg,2025_10_21_RSFB-Phenotyping_GG1_JLU/2025_10_21_RSFB-Phenotyping_GG1_JLU/20251021_154622.jpg,plot_dc55ea275e489e8c7be3,plot_5d8d172daef4ef20984f,35.0,17.0,1.0,7.5,0.0004566209972836077
2025_10_21_RSFB-Phenotyping_GG1_JLU/2025_10_21_RSFB-Phenotyping_GG1_JLU/20251021_131247.jpg,2025_10_21_RSFB-Phenotyping_GG1_JLU/2025_10_21_RSFB-Phenotyping_GG1_JLU/20251021_130128.jpg,plot_dc55ea275e489e8c7be3,plot_77196a9ec72c575b5b40,35.0,17.0,10.0,4.5,0.0004566209972836077
2025_10_21_RSFB-Phenotyping_GG1_JLU/2025_10_21_RSFB-Phenotyping_GG1_JLU/20251021_131247.jpg,2025_10_21_RSFB-Phenotyping_GG1_JLU/2025_10_21_RSFB-Phenotyping_GG1_JLU/20251021_121314.jpg,plot_dc55ea275e489e8c7be3,plot_0de14b7453cf30ed2a1c,35.0,17.0,2.0,7.5,0.0004566209972836077
2025_10_21_RSFB-Phenotyping_GG1_JLU/2025_10_21_RSFB-Phenotyping_GG1_JLU/20251021_131247.jpg,2025_10_21_RSFB-Phenotyping_GG1_JLU/2025_10_21_RSFB-Phenotyping_GG1_JLU/20251021_132550.jpg,plot_dc55ea275e489e8c7be3,plot_cff264c1afb9a1cf9473,35.0,17.0,2.0,8.5,0.0004566209972836077
2025_10_21_RSFB-Phenotyping_GG1_JLU/2025_10_21_RSFB-Phenotyping_GG1_JLU/20251021_131247.jpg,2025_10_21_RSFB-Phenotyping_GG1_JLU/2025_10_21_RSFB-Phenotyping_GG1_JLU/20251021_131419.jpg,plot_dc55ea275e489e8c7be3,plot_e26908bc9222e28c92ff,35.0,17.0,10.0,4.5,0.0004566209972836077
2025_10_21_RSFB-Phenotyping_GG1_JLU/2025_10_21_RSFB-Phenotyping_GG1_JLU/20251021_131247.jpg,2025_10_21_RSFB-Phenotyping_GG1_JLU/2025_10_21_RSFB-Phenotyping_GG1_JLU/20251021_123107.jpg,plot_dc55ea275e489e8c7be3,plot_5700cee80bc5a6e207ec,35.0,17.0,10.0,2.0,0.0004566209972836077
2025_10_21_RSFB-Phenotyping_GG1_JLU/2025_10_21_RSFB-Phenotyping_GG1_JLU/20251021_131247.jpg,2025_10_21_RSFB-Phenotyping_GG1_JLU/2025_10_21_RSFB-Phenotyping_GG1_JLU/20251021_130529.jpg,plot_dc55ea275e489e8c7be3,plot_883726baafccd2304661,35.0,17.0,2.0,7.5,0.0004566209972836077
2025_10_21_RSFB-Phenotyping_GG1_JLU/2025_10_21_RSFB-Phenotyping_GG1_JLU/20251021_131247.jpg,2025_10_21_RSFB-Phenotyping_GG1_JLU/2025_10_21_RSFB-Phenotyping_GG1_JLU/20251021_152457.jpg,plot_dc55ea275e489e8c7be3,plot_cf8f8145824cff35d237,35.0,17.0,3.0,9.5,0.0004566209972836077
2025_10_21_RSFB-Phenotyping_GG1_JLU/2025_10_21_RSFB-Phenotyping_GG1_JLU/20251021_131247.jpg,2025_10_21_RSFB-Phenotyping_GG1_JLU/2025_10_21_RSFB-Phenotyping_GG1_JLU/20251021_122557.jpg,plot_dc55ea275e489e8c7be3,plot_4460e7e9889b69d86dd3,35.0,17.0,2.0,10.0,0.0004566209972836077
2025_10_21_RSFB-Phenotyping_GG1_JLU/2025_10_21_RSFB-Phenotyping_GG1_JLU/20251021_124249.jpg,2025_10_21_RSFB-Phenotyping_GG1_JLU/2025_10_21_RSFB-Phenotyping_GG1_JLU/20251021_132550.jpg,plot_aa0e5e9d80e4ae27529c,plot_cff264c1afb9a1cf9473,40.0,17.0,2.0,8.5,0.00035124694113619626
2025_10_21_RSFB-Phenotyping_GG1_JLU/2025_10_21_RSFB-Phenotyping_GG1_JLU/20251021_124249.jpg,2025_10_21_RSFB-Phenotyping_GG1_JLU/2025_10_21_RSFB-Phenotyping_GG1_JLU/20251021_124615.jpg,plot_aa0e5e9d80e4ae27529c,plot_9e661ae87ec066049f1f,40.0,17.0,5.0,11.5,0.00035124694113619626
2025_10_21_RSFB-Phenotyping_GG1_JLU/2025_10_21_RSFB-Phenotyping_GG1_JLU/20251021_124249.jpg,2025_10_21_RSFB-Phenotyping_GG1_JLU/2025_10_21_RSFB-Phenotyping_GG1_JLU/20251021_151642.jpg,plot_aa0e5e9d80e4ae27529c,plot_f61b29267fecc01648f8,40.0,17.0,10.0,4.5,0.00035124694113619626
2025_10_21_RSFB-Phenotyping_GG1_JLU/2025_10_21_RSFB-Phenotyping_GG1_JLU/20251021_124249.jpg,2025_10_21_RSFB-Phenotyping_GG1_JLU/2025_10_21_RSFB-Phenotyping_GG1_JLU/20251021_122046.jpg,plot_aa0e5e9d80e4ae27529c,plot_166bd930c637bcfcd528,40.0,17.0,2.0,7.900000095367432,0.00035124694113619626
2025_10_21_RSFB-Phenotyping_GG1_JLU/2025_10_21_RSFB-Phenotyping_GG1_JLU/20251021_124249.jpg,2025_10_21_RSFB-Phenotyping_GG1_JLU/2025_10_21_RSFB-Phenotyping_GG1_JLU/20251021_161415.jpg,plot_aa0e5e9d80e4ae27529c,plot_6db75ec8b4bf1739f8b3,40.0,17.0,10.0,4.5,0.00035124694113619626
2025_10_21_RSFB-Phenotyping_GG1_JLU/2025_10_21_RSFB-Phenotyping_GG1_JLU/20251021_124249.jpg,2025_10_21_RSFB-Phenotyping_GG1_JLU/2025_10_21_RSFB-Phenotyping_GG1_JLU/20251021_130529.jpg,plot_aa0e5e9d80e4ae27529c,plot_883726baafccd2304661,40.0,17.0,2.0,7.5,0.00035124694113619626
2025_10_21_RSFB-Phenotyping_GG1_JLU/2025_10_21_RSFB-Phenotyping_GG1_JLU/20251021_124249.jpg,2025_10_21_RSFB-Phenotyping_GG1_JLU/2025_10_21_RSFB-Phenotyping_GG1_JLU/20251021_124358.jpg,plot_aa0e5e9d80e4ae27529c,plot_e77622de4cce1b168140,40.0,17.0,3.0,11.0,0.00035124694113619626
2025_10_21_RSFB-Phenotyping_GG1_JLU/2025_10_21_RSFB-Phenotyping_GG1_JLU/20251021_124249.jpg,2025_10_21_RSFB-Phenotyping_GG1_JLU/2025_10_21_RSFB-Phenotyping_GG1_JLU/20251021_122557.jpg,plot_aa0e5e9d80e4ae27529c,plot_4460e7e9889b69d86dd3,40.0,17.0,2.0,10.0,0.00035124694113619626
2025_10_21_RSFB-Phenotyping_GG1_JLU/2025_10_21_RSFB-Phenotyping_GG1_JLU/20251021_124249.jpg,2025_10_21_RSFB-Phenotyping_GG1_JLU/2025_10_21_RSFB-Phenotyping_GG1_JLU/20251021_131419.jpg,plot_aa0e5e9d80e4ae27529c,plot_e26908bc9222e28c92ff,40.0,17.0,10.0,4.5,0.00035124694113619626
2025_10_21_RSFB-Phenotyping_GG1_JLU/2025_10_21_RSFB-Phenotyping_GG1_JLU/20251021_124249.jpg,2025_10_21_RSFB-Phenotyping_GG1_JLU/2025_10_21_RSFB-Phenotyping_GG1_JLU/20251021_121314.jpg,plot_aa0e5e9d80e4ae27529c,plot_0de14b7453cf30ed2a1c,40.0,17.0,2.0,7.5,0.00035124694113619626
2025_10_21_RSFB-Phenotyping_GG1_JLU/2025_10_21_RSFB-Phenotyping_GG1_JLU/20251021_124249.jpg,2025_10_21_RSFB-Phenotyping_GG1_JLU/2025_10_21_RSFB-Phenotyping_GG1_JLU/20251021_161242.jpg,plot_aa0e5e9d80e4ae27529c,plot_c08c9fc75665c975b852,40.0,17.0,1.0,6.5,0.00035124694113619626
2025_10_21_RSFB-Phenotyping_GG1_JLU/2025_10_21_RSFB-Phenotyping_GG1_JLU/20251021_124249.jpg,2025_10_21_RSFB-Phenotyping_GG1_JLU/2025_10_21_RSFB-Phenotyping_GG1_JLU/20251021_121301.jpg,plot_aa0e5e9d80e4ae27529c,plot_09d8a533567043e69854,40.0,17.0,1.0,8.0,0.00035124694113619626
2025_10_21_RSFB-Phenotyping_GG1_JLU/2025_10_21_RSFB-Phenotyping_GG1_JLU/20251021_124249.jpg,2025_10_21_RSFB-Phenotyping_GG1_JLU/2025_10_21_RSFB-Phenotyping_GG1_JLU/20251021_160047.jpg,plot_aa0e5e9d80e4ae27529c,plot_ecb8a2d7a20b5079cedb,40.0,17.0,2.0,8.5,0.00035124694113619626
2025_10_21_RSFB-Phenotyping_GG1_JLU/2025_10_21_RSFB-Phenotyping_GG1_JLU/20251021_124249.jpg,2025_10_21_RSFB-Phenotyping_GG1_JLU/2025_10_21_RSFB-Phenotyping_GG1_JLU/20251021_162116.jpg,plot_aa0e5e9d80e4ae27529c,plot_60d8a72fe06bef6e6da4,40.0,17.0,3.0,11.399999618530273,0.00035124694113619626
2025_10_21_RSFB-Phenotyping_GG1_JLU/2025_10_21_RSFB-Phenotyping_GG1_JLU/20251021_124249.jpg,2025_10_21_RSFB-Phenotyping_GG1_JLU/2025_10_21_RSFB-Phenotyping_GG1_JLU/20251021_155302.jpg,plot_aa0e5e9d80e4ae27529c,plot_cb17d6bcad8ffccbde51,40.0,17.0,1.0,10.5,0.00035124694113619626
2025_10_21_RSFB-Phenotyping_GG1_JLU/2025_10_21_RSFB-Phenotyping_GG1_JLU/20251021_124249.jpg,2025_10_21_RSFB-Phenotyping_GG1_JLU/2025_10_21_RSFB-Phenotyping_GG1_JLU/20251021_161549.jpg,plot_aa0e5e9d80e4ae27529c,plot_5008f76cf0a562f63097,40.0,17.0,7.0,1.7000000476837158,0.00035124694113619626
2025_10_21_RSFB-Phenotyping_GG1_JLU/2025_10_21_RSFB-Phenotyping_GG1_JLU/20251021_124249.jpg,2025_10_21_RSFB-Phenotyping_GG1_JLU/2025_10_21_RSFB-Phenotyping_GG1_JLU/20251021_155939.jpg,plot_aa0e5e9d80e4ae27529c,plot_b351f823b8a0415f9230,40.0,17.0,3.0,10.0,0.00035124694113619626
2025_10_21_RSFB-Phenotyping_GG1_JLU/2025_10_21_RSFB-Phenotyping_GG1_JLU/20251021_124249.jpg,2025_10_21_RSFB-Phenotyping_GG1_JLU/2025_10_21_RSFB-Phenotyping_GG1_JLU/20251021_152653.jpg,plot_aa0e5e9d80e4ae27529c,plot_fe93ef196b1a8b77de19,40.0,17.0,1.0,8.5,0.00035124694113619626
2025_10_21_RSFB-Phenotyping_GG1_JLU/2025_10_21_RSFB-Phenotyping_GG1_JLU/20251021_124249.jpg,2025_10_21_RSFB-Phenotyping_GG1_JLU/2025_10_21_RSFB-Phenotyping_GG1_JLU/20251021_125901.jpg,plot_aa0e5e9d80e4ae27529c,plot_7afc7682bc0b0be61f6b,40.0,17.0,2.0,10.0,0.00035124694113619626
2025_10_21_RSFB-Phenotyping_GG1_JLU/2025_10_21_RSFB-Phenotyping_GG1_JLU/20251021_124249.jpg,2025_10_21_RSFB-Phenotyping_GG1_JLU/2025_10_21_RSFB-Phenotyping_GG1_JLU/20251021_153825.jpg,plot_aa0e5e9d80e4ae27529c,plot_64e19f5de9c116d1fbb6,40.0,17.0,3.0,8.5,0.00035124694113619626
2025_10_21_RSFB-Phenotyping_GG1_JLU/2025_10_21_RSFB-Phenotyping_GG1_JLU/20251021_124249.jpg,2025_10_21_RSFB-Phenotyping_GG1_JLU/2025_10_21_RSFB-Phenotyping_GG1_JLU/20251021_130128.jpg,plot_aa0e5e9d80e4ae27529c,plot_77196a9ec72c575b5b40,40.0,17.0,10.0,4.5,0.00035124694113619626
2025_10_21_RSFB-Phenotyping_GG1_JLU/2025_10_21_RSFB-Phenotyping_GG1_JLU/20251021_124249.jpg,2025_10_21_RSFB-Phenotyping_GG1_JLU/2025_10_21_RSFB-Phenotyping_GG1_JLU/20251021_132424.jpg,plot_aa0e5e9d80e4ae27529c,plot_04441862d5c5dd0b49cc,40.0,17.0,10.0,2.5,0.00035124694113619626
2025_10_21_RSFB-Phenotyping_GG1_JLU/2025_10_21_RSFB-Phenotyping_GG1_JLU/20251021_124249.jpg,2025_10_21_RSFB-Phenotyping_GG1_JLU/2025_10_21_RSFB-Phenotyping_GG1_JLU/20251021_160831.jpg,plot_aa0e5e9d80e4ae27529c,plot_31ff4a85b21ababa7de0,40.0,17.0,1.0,9.5,0.00035124694113619626
2025_10_21_RSFB-Phenotyping_GG1_JLU/2025_10_21_RSFB-Phenotyping_GG1_JLU/20251021_124249.jpg,2025_10_21_RSFB-Phenotyping_GG1_JLU/2025_10_21_RSFB-Phenotyping_GG1_JLU/20251021_151439.jpg,plot_aa0e5e9d80e4ae27529c,plot_f19419da98fe0824600a,40.0,17.0,8.0,2.5,0.00035124694113619626
2025_10_21_RSFB-Phenotyping_GG1_JLU/2025_10_21_RSFB-Phenotyping_GG1_JLU/20251021_124249.jpg,2025_10_21_RSFB-Phenotyping_GG1_JLU/2025_10_21_RSFB-Phenotyping_GG1_JLU/20251021_162109.jpg,plot_aa0e5e9d80e4ae27529c,plot_60d8a72fe06bef6e6da4,40.0,17.0,1.0,6.400000095367432,0.00035124694113619626
2025_10_21_RSFB-Phenotyping_GG1_JLU/2025_10_21_RSFB-Phenotyping_GG1_JLU/20251021_124249.jpg,2025_10_21_RSFB-Phenotyping_GG1_JLU/2025_10_21_RSFB-Phenotyping_GG1_JLU/20251021_152457.jpg,plot_aa0e5e9d80e4ae27529c,plot_cf8f8145824cff35d237,40.0,17.0,3.0,9.5,0.00035124694113619626
2025_10_21_RSFB-Phenotyping_GG1_JLU/2025_10_21_RSFB-Phenotyping_GG1_JLU/20251021_124249.jpg,2025_10_21_RSFB-Phenotyping_GG1_JLU/2025_10_21_RSFB-Phenotyping_GG1_JLU/20251021_154622.jpg,plot_aa0e5e9d80e4ae27529c,plot_5d8d172daef4ef20984f,40.0,17.0,1.0,7.5,0.00035124694113619626
2025_10_21_RSFB-Phenotyping_GG1_JLU/2025_10_21_RSFB-Phenotyping_GG1_JLU/20251021_124249.jpg,2025_10_21_RSFB-Phenotyping_GG1_JLU/2025_10_21_RSFB-Phenotyping_GG1_JLU/20251021_154649.jpg,plot_aa0e5e9d80e4ae27529c,plot_f974c33b3b939aa5f878,40.0,17.0,2.0,9.5,0.00035124694113619626
2025_10_21_RSFB-Phenotyping_GG1_JLU/2025_10_21_RSFB-Phenotyping_GG1_JLU/20251021_124249.jpg,2025_10_21_RSFB-Phenotyping_GG1_JLU/2025_10_21_RSFB-Phenotyping_GG1_JLU/20251021_121113.jpg,plot_aa0e5e9d80e4ae27529c,plot_a7714d1b769d45a9b00a,40.0,17.0,2.0,10.0,0.00035124694113619626
2025_10_21_RSFB-Phenotyping_GG1_JLU/2025_10_21_RSFB-Phenotyping_GG1_JLU/20251021_124249.jpg,2025_10_21_RSFB-Phenotyping_GG1_JLU/2025_10_21_RSFB-Phenotyping_GG1_JLU/20251021_123107.jpg,plot_aa0e5e9d80e4ae27529c,plot_5700cee80bc5a6e207ec,40.0,17.0,10.0,2.0,0.00035124694113619626
2025_10_21_RSFB-Phenotyping_GG1_JLU/2025_10_21_RSFB-Phenotyping_GG1_JLU/20251021_122055.jpg,2025_10_21_RSFB-Phenotyping_GG1_JLU/2025_10_21_RSFB-Phenotyping_GG1_JLU/20251021_121113.jpg,plot_166bd930c637bcfcd528,plot_a7714d1b769d45a9b00a,35.0,15.5,2.0,10.0,0.00021074815595056862
2025_10_21_RSFB-Phenotyping_GG1_JLU/2025_10_21_RSFB-Phenotyping_GG1_JLU/20251021_122055.jpg,2025_10_21_RSFB-Phenotyping_GG1_JLU/2025_10_21_RSFB-Phenotyping_GG1_JLU/20251021_121301.jpg,plot_166bd930c637bcfcd528,plot_09d8a533567043e69854,35.0,15.5,1.0,8.0,0.00021074815595056862
2025_10_21_RSFB-Phenotyping_GG1_JLU/2025_10_21_RSFB-Phenotyping_GG1_JLU/20251021_122055.jpg,2025_10_21_RSFB-Phenotyping_GG1_JLU/2025_10_21_RSFB-Phenotyping_GG1_JLU/20251021_125901.jpg,plot_166bd930c637bcfcd528,plot_7afc7682bc0b0be61f6b,35.0,15.5,2.0,10.0,0.00021074815595056862
2025_10_21_RSFB-Phenotyping_GG1_JLU/2025_10_21_RSFB-Phenotyping_GG1_JLU/20251021_122055.jpg,2025_10_21_RSFB-Phenotyping_GG1_JLU/2025_10_21_RSFB-Phenotyping_GG1_JLU/20251021_160047.jpg,plot_166bd930c637bcfcd528,plot_ecb8a2d7a20b5079cedb,35.0,15.5,2.0,8.5,0.00021074815595056862
2025_10_21_RSFB-Phenotyping_GG1_JLU/2025_10_21_RSFB-Phenotyping_GG1_JLU/20251021_122055.jpg,2025_10_21_RSFB-Phenotyping_GG1_JLU/2025_10_21_RSFB-Phenotyping_GG1_JLU/20251021_132550.jpg,plot_166bd930c637bcfcd528,plot_cff264c1afb9a1cf9473,35.0,15.5,2.0,8.5,0.00021074815595056862
2025_10_21_RSFB-Phenotyping_GG1_JLU/2025_10_21_RSFB-Phenotyping_GG1_JLU/20251021_122055.jpg,2025_10_21_RSFB-Phenotyping_GG1_JLU/2025_10_21_RSFB-Phenotyping_GG1_JLU/20251021_130128.jpg,plot_166bd930c637bcfcd528,plot_77196a9ec72c575b5b40,35.0,15.5,10.0,4.5,0.00021074815595056862
2025_10_21_RSFB-Phenotyping_GG1_JLU/2025_10_21_RSFB-Phenotyping_GG1_JLU/20251021_122055.jpg,2025_10_21_RSFB-Phenotyping_GG1_JLU/2025_10_21_RSFB-Phenotyping_GG1_JLU/20251021_122557.jpg,plot_166bd930c637bcfcd528,plot_4460e7e9889b69d86dd3,35.0,15.5,2.0,10.0,0.00021074815595056862
2025_10_21_RSFB-Phenotyping_GG1_JLU/2025_10_21_RSFB-Phenotyping_GG1_JLU/20251021_122055.jpg,2025_10_21_RSFB-Phenotyping_GG1_JLU/2025_10_21_RSFB-Phenotyping_GG1_JLU/20251021_161242.jpg,plot_166bd930c637bcfcd528,plot_c08c9fc75665c975b852,35.0,15.5,1.0,6.5,0.00021074815595056862
2025_10_21_RSFB-Phenotyping_GG1_JLU/2025_10_21_RSFB-Phenotyping_GG1_JLU/20251021_122055.jpg,2025_10_21_RSFB-Phenotyping_GG1_JLU/2025_10_21_RSFB-Phenotyping_GG1_JLU/20251021_154649.jpg,plot_166bd930c637bcfcd528,plot_f974c33b3b939aa5f878,35.0,15.5,2.0,9.5,0.00021074815595056862
2025_10_21_RSFB-Phenotyping_GG1_JLU/2025_10_21_RSFB-Phenotyping_GG1_JLU/20251021_122055.jpg,2025_10_21_RSFB-Phenotyping_GG1_JLU/2025_10_21_RSFB-Phenotyping_GG1_JLU/20251021_155939.jpg,plot_166bd930c637bcfcd528,plot_b351f823b8a0415f9230,35.0,15.5,3.0,10.0,0.00021074815595056862
2025_10_21_RSFB-Phenotyping_GG1_JLU/2025_10_21_RSFB-Phenotyping_GG1_JLU/20251021_122055.jpg,2025_10_21_RSFB-Phenotyping_GG1_JLU/2025_10_21_RSFB-Phenotyping_GG1_JLU/20251021_151439.jpg,plot_166bd930c637bcfcd528,plot_f19419da98fe0824600a,35.0,15.5,8.0,2.5,0.00021074815595056862
2025_10_21_RSFB-Phenotyping_GG1_JLU/2025_10_21_RSFB-Phenotyping_GG1_JLU/20251021_122055.jpg,2025_10_21_RSFB-Phenotyping_GG1_JLU/2025_10_21_RSFB-Phenotyping_GG1_JLU/20251021_152653.jpg,plot_166bd930c637bcfcd528,plot_fe93ef196b1a8b77de19,35.0,15.5,1.0,8.5,0.00021074815595056862
2025_10_21_RSFB-Phenotyping_GG1_JLU/2025_10_21_RSFB-Phenotyping_GG1_JLU/20251021_122055.jpg,2025_10_21_RSFB-Phenotyping_GG1_JLU/2025_10_21_RSFB-Phenotyping_GG1_JLU/20251021_152457.jpg,plot_166bd930c637bcfcd528,plot_cf8f8145824cff35d237,35.0,15.5,3.0,9.5,0.00021074815595056862
2025_10_21_RSFB-Phenotyping_GG1_JLU/2025_10_21_RSFB-Phenotyping_GG1_JLU/20251021_122055.jpg,2025_10_21_RSFB-Phenotyping_GG1_JLU/2025_10_21_RSFB-Phenotyping_GG1_JLU/20251021_123107.jpg,plot_166bd930c637bcfcd528,plot_5700cee80bc5a6e207ec,35.0,15.5,10.0,2.0,0.00021074815595056862
2025_10_21_RSFB-Phenotyping_GG1_JLU/2025_10_21_RSFB-Phenotyping_GG1_JLU/20251021_122055.jpg,2025_10_21_RSFB-Phenotyping_GG1_JLU/2025_10_21_RSFB-Phenotyping_GG1_JLU/20251021_161549.jpg,plot_166bd930c637bcfcd528,plot_5008f76cf0a562f63097,35.0,15.5,7.0,1.7000000476837158,0.00021074815595056862
2025_10_21_RSFB-Phenotyping_GG1_JLU/2025_10_21_RSFB-Phenotyping_GG1_JLU/20251021_122055.jpg,2025_10_21_RSFB-Phenotyping_GG1_JLU/2025_10_21_RSFB-Phenotyping_GG1_JLU/20251021_121314.jpg,plot_166bd930c637bcfcd528,plot_0de14b7453cf30ed2a1c,35.0,15.5,2.0,7.5,0.00021074815595056862
2025_10_21_RSFB-Phenotyping_GG1_JLU/2025_10_21_RSFB-Phenotyping_GG1_JLU/20251021_122055.jpg,2025_10_21_RSFB-Phenotyping_GG1_JLU/2025_10_21_RSFB-Phenotyping_GG1_JLU/20251021_153825.jpg,plot_166bd930c637bcfcd528,plot_64e19f5de9c116d1fbb6,35.0,15.5,3.0,8.5,0.00021074815595056862
2025_10_21_RSFB-Phenotyping_GG1_JLU/2025_10_21_RSFB-Phenotyping_GG1_JLU/20251021_122055.jpg,2025_10_21_RSFB-Phenotyping_GG1_JLU/2025_10_21_RSFB-Phenotyping_GG1_JLU/20251021_161415.jpg,plot_166bd930c637bcfcd528,plot_6db75ec8b4bf1739f8b3,35.0,15.5,10.0,4.5,0.00021074815595056862
2025_10_21_RSFB-Phenotyping_GG1_JLU/2025_10_21_RSFB-Phenotyping_GG1_JLU/20251021_122055.jpg,2025_10_21_RSFB-Phenotyping_GG1_JLU/2025_10_21_RSFB-Phenotyping_GG1_JLU/20251021_151642.jpg,plot_166bd930c637bcfcd528,plot_f61b29267fecc01648f8,35.0,15.5,10.0,4.5,0.00021074815595056862
2025_10_21_RSFB-Phenotyping_GG1_JLU/2025_10_21_RSFB-Phenotyping_GG1_JLU/20251021_122055.jpg,2025_10_21_RSFB-Phenotyping_GG1_JLU/2025_10_21_RSFB-Phenotyping_GG1_JLU/20251021_160831.jpg,plot_166bd930c637bcfcd528,plot_31ff4a85b21ababa7de0,35.0,15.5,1.0,9.5,0.00021074815595056862
2025_10_21_RSFB-Phenotyping_GG1_JLU/2025_10_21_RSFB-Phenotyping_GG1_JLU/20251021_122055.jpg,2025_10_21_RSFB-Phenotyping_GG1_JLU/2025_10_21_RSFB-Phenotyping_GG1_JLU/20251021_162109.jpg,plot_166bd930c637bcfcd528,plot_60d8a72fe06bef6e6da4,35.0,15.5,1.0,6.400000095367432,0.00021074815595056862
2025_10_21_RSFB-Phenotyping_GG1_JLU/2025_10_21_RSFB-Phenotyping_GG1_JLU/20251021_122055.jpg,2025_10_21_RSFB-Phenotyping_GG1_JLU/2025_10_21_RSFB-Phenotyping_GG1_JLU/20251021_131419.jpg,plot_166bd930c637bcfcd528,plot_e26908bc9222e28c92ff,35.0,15.5,10.0,4.5,0.00021074815595056862
2025_10_21_RSFB-Phenotyping_GG1_JLU/2025_10_21_RSFB-Phenotyping_GG1_JLU/20251021_122055.jpg,2025_10_21_RSFB-Phenotyping_GG1_JLU/2025_10_21_RSFB-Phenotyping_GG1_JLU/20251021_130529.jpg,plot_166bd930c637bcfcd528,plot_883726baafccd2304661,35.0,15.5,2.0,7.5,0.00021074815595056862
2025_10_21_RSFB-Phenotyping_GG1_JLU/2025_10_21_RSFB-Phenotyping_GG1_JLU/20251021_122055.jpg,2025_10_21_RSFB-Phenotyping_GG1_JLU/2025_10_21_RSFB-Phenotyping_GG1_JLU/20251021_154622.jpg,plot_166bd930c637bcfcd528,plot_5d8d172daef4ef20984f,35.0,15.5,1.0,7.5,0.00021074815595056862
2025_10_21_RSFB-Phenotyping_GG1_JLU/2025_10_21_RSFB-Phenotyping_GG1_JLU/20251021_122055.jpg,2025_10_21_RSFB-Phenotyping_GG1_JLU/2025_10_21_RSFB-Phenotyping_GG1_JLU/20251021_132424.jpg,plot_166bd930c637bcfcd528,plot_04441862d5c5dd0b49cc,35.0,15.5,10.0,2.5,0.00021074815595056862
2025_10_21_RSFB-Phenotyping_GG1_JLU/2025_10_21_RSFB-Phenotyping_GG1_JLU/20251021_124257.jpg,2025_10_21_RSFB-Phenotyping_GG1_JLU/2025_10_21_RSFB-Phenotyping_GG1_JLU/20251021_121301.jpg,plot_aa0e5e9d80e4ae27529c,plot_09d8a533567043e69854,37.0,13.5,1.0,8.0,0.00035124694113619626
2025_10_21_RSFB-Phenotyping_GG1_JLU/2025_10_21_RSFB-Phenotyping_GG1_JLU/20251021_124257.jpg,2025_10_21_RSFB-Phenotyping_GG1_JLU/2025_10_21_RSFB-Phenotyping_GG1_JLU/20251021_151439.jpg,plot_aa0e5e9d80e4ae27529c,plot_f19419da98fe0824600a,37.0,13.5,8.0,2.5,0.00035124694113619626
2025_10_21_RSFB-Phenotyping_GG1_JLU/2025_10_21_RSFB-Phenotyping_GG1_JLU/20251021_124257.jpg,2025_10_21_RSFB-Phenotyping_GG1_JLU/2025_10_21_RSFB-Phenotyping_GG1_JLU/20251021_130529.jpg,plot_aa0e5e9d80e4ae27529c,plot_883726baafccd2304661,37.0,13.5,2.0,7.5,0.00035124694113619626
2025_10_21_RSFB-Phenotyping_GG1_JLU/2025_10_21_RSFB-Phenotyping_GG1_JLU/20251021_124257.jpg,2025_10_21_RSFB-Phenotyping_GG1_JLU/2025_10_21_RSFB-Phenotyping_GG1_JLU/20251021_154622.jpg,plot_aa0e5e9d80e4ae27529c,plot_5d8d172daef4ef20984f,37.0,13.5,1.0,7.5,0.00035124694113619626
2025_10_21_RSFB-Phenotyping_GG1_JLU/2025_10_21_RSFB-Phenotyping_GG1_JLU/20251021_124257.jpg,2025_10_21_RSFB-Phenotyping_GG1_JLU/2025_10_21_RSFB-Phenotyping_GG1_JLU/20251021_161242.jpg,plot_aa0e5e9d80e4ae27529c,plot_c08c9fc75665c975b852,37.0,13.5,1.0,6.5,0.00035124694113619626
2025_10_21_RSFB-Phenotyping_GG1_JLU/2025_10_21_RSFB-Phenotyping_GG1_JLU/20251021_124257.jpg,2025_10_21_RSFB-Phenotyping_GG1_JLU/2025_10_21_RSFB-Phenotyping_GG1_JLU/20251021_161549.jpg,plot_aa0e5e9d80e4ae27529c,plot_5008f76cf0a562f63097,37.0,13.5,7.0,1.7000000476837158,0.00035124694113619626
2025_10_21_RSFB-Phenotyping_GG1_JLU/2025_10_21_RSFB-Phenotyping_GG1_JLU/20251021_124257.jpg,2025_10_21_RSFB-Phenotyping_GG1_JLU/2025_10_21_RSFB-Phenotyping_GG1_JLU/20251021_122046.jpg,plot_aa0e5e9d80e4ae27529c,plot_166bd930c637bcfcd528,37.0,13.5,2.0,7.900000095367432,0.00035124694113619626
2025_10_21_RSFB-Phenotyping_GG1_JLU/2025_10_21_RSFB-Phenotyping_GG1_JLU/20251021_124257.jpg,2025_10_21_RSFB-Phenotyping_GG1_JLU/2025_10_21_RSFB-Phenotyping_GG1_JLU/20251021_162109.jpg,plot_aa0e5e9d80e4ae27529c,plot_60d8a72fe06bef6e6da4,37.0,13.5,1.0,6.400000095367432,0.00035124694113619626
2025_10_21_RSFB-Phenotyping_GG1_JLU/2025_10_21_RSFB-Phenotyping_GG1_JLU/20251021_124257.jpg,2025_10_21_RSFB-Phenotyping_GG1_JLU/2025_10_21_RSFB-Phenotyping_GG1_JLU/20251021_121314.jpg,plot_aa0e5e9d80e4ae27529c,plot_0de14b7453cf30ed2a1c,37.0,13.5,2.0,7.5,0.00035124694113619626
2025_10_21_RSFB-Phenotyping_GG1_JLU/2025_10_21_RSFB-Phenotyping_GG1_JLU/20251021_162043.jpg,2025_10_21_RSFB-Phenotyping_GG1_JLU/2025_10_21_RSFB-Phenotyping_GG1_JLU/20251021_161415.jpg,plot_fe1af12798b4ff183089,plot_6db75ec8b4bf1739f8b3,35.0,21.200000762939453,10.0,4.5,0.000342465762514621
2025_10_21_RSFB-Phenotyping_GG1_JLU/2025_10_21_RSFB-Phenotyping_GG1_JLU/20251021_162043.jpg,2025_10_21_RSFB-Phenotyping_GG1_JLU/2025_10_21_RSFB-Phenotyping_GG1_JLU/20251021_152637.jpg,plot_fe1af12798b4ff183089,plot_fe93ef196b1a8b77de19,35.0,21.200000762939453,16.0,8.5,0.000342465762514621
2025_10_21_RSFB-Phenotyping_GG1_JLU/2025_10_21_RSFB-Phenotyping_GG1_JLU/20251021_162043.jpg,2025_10_21_RSFB-Phenotyping_GG1_JLU/2025_10_21_RSFB-Phenotyping_GG1_JLU/20251021_162116.jpg,plot_fe1af12798b4ff183089,plot_60d8a72fe06bef6e6da4,35.0,21.200000762939453,3.0,11.399999618530273,0.000342465762514621
2025_10_21_RSFB-Phenotyping_GG1_JLU/2025_10_21_RSFB-Phenotyping_GG1_JLU/20251021_162043.jpg,2025_10_21_RSFB-Phenotyping_GG1_JLU/2025_10_21_RSFB-Phenotyping_GG1_JLU/20251021_133018.jpg,plot_fe1af12798b4ff183089,plot_29ad4a9860449a68b25f,35.0,21.200000762939453,15.0,6.5,0.000342465762514621
2025_10_21_RSFB-Phenotyping_GG1_JLU/2025_10_21_RSFB-Phenotyping_GG1_JLU/20251021_162043.jpg,2025_10_21_RSFB-Phenotyping_GG1_JLU/2025_10_21_RSFB-Phenotyping_GG1_JLU/20251021_160831.jpg,plot_fe1af12798b4ff183089,plot_31ff4a85b21ababa7de0,35.0,21.200000762939453,1.0,9.5,0.000342465762514621
2025_10_21_RSFB-Phenotyping_GG1_JLU/2025_10_21_RSFB-Phenotyping_GG1_JLU/20251021_162043.jpg,2025_10_21_RSFB-Phenotyping_GG1_JLU/2025_10_21_RSFB-Phenotyping_GG1_JLU/20251021_130423.jpg,plot_fe1af12798b4ff183089,plot_8390a5f10d833e2ab881,35.0,21.200000762939453,5.0,14.5,0.000342465762514621
2025_10_21_RSFB-Phenotyping_GG1_JLU/2025_10_21_RSFB-Phenotyping_GG1_JLU/20251021_162043.jpg,2025_10_21_RSFB-Phenotyping_GG1_JLU/2025_10_21_RSFB-Phenotyping_GG1_JLU/20251021_122557.jpg,plot_fe1af12798b4ff183089,plot_4460e7e9889b69d86dd3,35.0,21.200000762939453,2.0,10.0,0.000342465762514621
2025_10_21_RSFB-Phenotyping_GG1_JLU/2025_10_21_RSFB-Phenotyping_GG1_JLU/20251021_162043.jpg,2025_10_21_RSFB-Phenotyping_GG1_JLU/2025_10_21_RSFB-Phenotyping_GG1_JLU/20251021_151505.jpg,plot_fe1af12798b4ff183089,plot_86463875c696816ca92b,35.0,21.200000762939453,15.0,4.5,0.000342465762514621
2025_10_21_RSFB-Phenotyping_GG1_JLU/2025_10_21_RSFB-Phenotyping_GG1_JLU/20251021_162043.jpg,2025_10_21_RSFB-Phenotyping_GG1_JLU/2025_10_21_RSFB-Phenotyping_GG1_JLU/20251021_161242.jpg,plot_fe1af12798b4ff183089,plot_c08c9fc75665c975b852,35.0,21.200000762939453,1.0,6.5,0.000342465762514621
2025_10_21_RSFB-Phenotyping_GG1_JLU/2025_10_21_RSFB-Phenotyping_GG1_JLU/20251021_162043.jpg,2025_10_21_RSFB-Phenotyping_GG1_JLU/2025_10_21_RSFB-Phenotyping_GG1_JLU/20251021_162830.jpg,plot_fe1af12798b4ff183089,plot_bea3390e83dfe4b9a220,35.0,21.200000762939453,15.0,8.5,0.000342465762514621
2025_10_21_RSFB-Phenotyping_GG1_JLU/2025_10_21_RSFB-Phenotyping_GG1_JLU/20251021_162043.jpg,2025_10_21_RSFB-Phenotyping_GG1_JLU/2025_10_21_RSFB-Phenotyping_GG1_JLU/20251021_155302.jpg,plot_fe1af12798b4ff183089,plot_cb17d6bcad8ffccbde51,35.0,21.200000762939453,1.0,10.5,0.000342465762514621
2025_10_21_RSFB-Phenotyping_GG1_JLU/2025_10_21_RSFB-Phenotyping_GG1_JLU/20251021_162043.jpg,2025_10_21_RSFB-Phenotyping_GG1_JLU/2025_10_21_RSFB-Phenotyping_GG1_JLU/20251021_121843.jpg,plot_fe1af12798b4ff183089,plot_08853fb661302206a300,35.0,21.200000762939453,4.0,12.0,0.000342465762514621
2025_10_21_RSFB-Phenotyping_GG1_JLU/2025_10_21_RSFB-Phenotyping_GG1_JLU/20251021_162043.jpg,2025_10_21_RSFB-Phenotyping_GG1_JLU/2025_10_21_RSFB-Phenotyping_GG1_JLU/20251021_161549.jpg,plot_fe1af12798b4ff183089,plot_5008f76cf0a562f63097,35.0,21.200000762939453,7.0,1.7000000476837158,0.000342465762514621
2025_10_21_RSFB-Phenotyping_GG1_JLU/2025_10_21_RSFB-Phenotyping_GG1_JLU/20251021_162043.jpg,2025_10_21_RSFB-Phenotyping_GG1_JLU/2025_10_21_RSFB-Phenotyping_GG1_JLU/20251021_151915.jpg,plot_fe1af12798b4ff183089,plot_6ca7eb46f81c9ecf993b,35.0,21.200000762939453,12.0,5.5,0.000342465762514621
2025_10_21_RSFB-Phenotyping_GG1_JLU/2025_10_21_RSFB-Phenotyping_GG1_JLU/20251021_162043.jpg,2025_10_21_RSFB-Phenotyping_GG1_JLU/2025_10_21_RSFB-Phenotyping_GG1_JLU/20251021_162109.jpg,plot_fe1af12798b4ff183089,plot_60d8a72fe06bef6e6da4,35.0,21.200000762939453,1.0,6.400000095367432,0.000342465762514621
2025_10_21_RSFB-Phenotyping_GG1_JLU/2025_10_21_RSFB-Phenotyping_GG1_JLU/20251021_162043.jpg,2025_10_21_RSFB-Phenotyping_GG1_JLU/2025_10_21_RSFB-Phenotyping_GG1_JLU/20251021_152040.jpg,plot_fe1af12798b4ff183089,plot_aace551e1ccebf79dd75,35.0,21.200000762939453,14.0,4.5,0.000342465762514621
2025_10_21_RSFB-Phenotyping_GG1_JLU/2025_10_21_RSFB-Phenotyping_GG1_JLU/20251021_162043.jpg,2025_10_21_RSFB-Phenotyping_GG1_JLU/2025_10_21_RSFB-Phenotyping_GG1_JLU/20251021_132342.jpg,plot_fe1af12798b4ff183089,plot_df712240205f755d4453,35.0,21.200000762939453,12.0,2.5,0.000342465762514621
2025_10_21_RSFB-Phenotyping_GG1_JLU/2025_10_21_RSFB-Phenotyping_GG1_JLU/20251021_162043.jpg,2025_10_21_RSFB-Phenotyping_GG1_JLU/2025_10_21_RSFB-Phenotyping_GG1_JLU/20251021_123407.jpg,plot_fe1af12798b4ff183089,plot_a72e9af8f12fd28c9181,35.0,21.200000762939453,15.0,7.5,0.000342465762514621
2025_10_21_RSFB-Phenotyping_GG1_JLU/2025_10_21_RSFB-Phenotyping_GG1_JLU/20251021_162043.jpg,2025_10_21_RSFB-Phenotyping_GG1_JLU/2025_10_21_RSFB-Phenotyping_GG1_JLU/20251021_121314.jpg,plot_fe1af12798b4ff183089,plot_0de14b7453cf30ed2a1c,35.0,21.200000762939453,2.0,7.5,0.000342465762514621
2025_10_21_RSFB-Phenotyping_GG1_JLU/2025_10_21_RSFB-Phenotyping_GG1_JLU/20251021_162043.jpg,2025_10_21_RSFB-Phenotyping_GG1_JLU/2025_10_21_RSFB-Phenotyping_GG1_JLU/20251021_122013.jpg,plot_fe1af12798b4ff183089,plot_de57345dfd586882f461,35.0,21.200000762939453,5.0,14.0,0.000342465762514621
2025_10_21_RSFB-Phenotyping_GG1_JLU/2025_10_21_RSFB-Phenotyping_GG1_JLU/20251021_162043.jpg,2025_10_21_RSFB-Phenotyping_GG1_JLU/2025_10_21_RSFB-Phenotyping_GG1_JLU/20251021_125901.jpg,plot_fe1af12798b4ff183089,plot_7afc7682bc0b0be61f6b,35.0,21.200000762939453,2.0,10.0,0.000342465762514621
2025_10_21_RSFB-Phenotyping_GG1_JLU/2025_10_21_RSFB-Phenotyping_GG1_JLU/20251021_162043.jpg,2025_10_21_RSFB-Phenotyping_GG1_JLU/2025_10_21_RSFB-Phenotyping_GG1_JLU/20251021_152721.jpg,plot_fe1af12798b4ff183089,plot_de2f51ed98b70b393739,35.0,21.200000762939453,8.0,16.0,0.000342465762514621
2025_10_21_RSFB-Phenotyping_GG1_JLU/2025_10_21_RSFB-Phenotyping_GG1_JLU/20251021_162043.jpg,2025_10_21_RSFB-Phenotyping_GG1_JLU/2025_10_21_RSFB-Phenotyping_GG1_JLU/20251021_121301.jpg,plot_fe1af12798b4ff183089,plot_09d8a533567043e69854,35.0,21.200000762939453,1.0,8.0,0.000342465762514621
2025_10_21_RSFB-Phenotyping_GG1_JLU/2025_10_21_RSFB-Phenotyping_GG1_JLU/20251021_162043.jpg,2025_10_21_RSFB-Phenotyping_GG1_JLU/2025_10_21_RSFB-Phenotyping_GG1_JLU/20251021_161624.jpg,plot_fe1af12798b4ff183089,plot_3361cc58e772149f169e,35.0,21.200000762939453,12.0,3.0,0.000342465762514621
2025_10_21_RSFB-Phenotyping_GG1_JLU/2025_10_21_RSFB-Phenotyping_GG1_JLU/20251021_162043.jpg,2025_10_21_RSFB-Phenotyping_GG1_JLU/2025_10_21_RSFB-Phenotyping_GG1_JLU/20251021_160301.jpg,plot_fe1af12798b4ff183089,plot_80ee42a305b824b5337d,35.0,21.200000762939453,2.0,12.5,0.000342465762514621
2025_10_21_RSFB-Phenotyping_GG1_JLU/2025_10_21_RSFB-Phenotyping_GG1_JLU/20251021_162043.jpg,2025_10_21_RSFB-Phenotyping_GG1_JLU/2025_10_21_RSFB-Phenotyping_GG1_JLU/20251021_160003.jpg,plot_fe1af12798b4ff183089,plot_70e089493510c6f73a3d,35.0,21.200000762939453,15.0,7.0,0.000342465762514621
2025_10_21_RSFB-Phenotyping_GG1_JLU/2025_10_21_RSFB-Phenotyping_GG1_JLU/20251021_162043.jpg,2025_10_21_RSFB-Phenotyping_GG1_JLU/2025_10_21_RSFB-Phenotyping_GG1_JLU/20251021_152653.jpg,plot_fe1af12798b4ff183089,plot_fe93ef196b1a8b77de19,35.0,21.200000762939453,1.0,8.5,0.000342465762514621
2025_10_21_RSFB-Phenotyping_GG1_JLU/2025_10_21_RSFB-Phenotyping_GG1_JLU/20251021_162043.jpg,2025_10_21_RSFB-Phenotyping_GG1_JLU/2025_10_21_RSFB-Phenotyping_GG1_JLU/20251021_130600.jpg,plot_fe1af12798b4ff183089,plot_e6262167b576884b0c82,35.0,21.200000762939453,16.0,7.0,0.000342465762514621
2025_10_21_RSFB-Phenotyping_GG1_JLU/2025_10_21_RSFB-Phenotyping_GG1_JLU/20251021_162043.jpg,2025_10_21_RSFB-Phenotyping_GG1_JLU/2025_10_21_RSFB-Phenotyping_GG1_JLU/20251021_131419.jpg,plot_fe1af12798b4ff183089,plot_e26908bc9222e28c92ff,35.0,21.200000762939453,10.0,4.5,0.000342465762514621
2025_10_21_RSFB-Phenotyping_GG1_JLU/2025_10_21_RSFB-Phenotyping_GG1_JLU/20251021_162043.jpg,2025_10_21_RSFB-Phenotyping_GG1_JLU/2025_10_21_RSFB-Phenotyping_GG1_JLU/20251021_160515.jpg,plot_fe1af12798b4ff183089,plot_515f3eae0107bd86c13e,35.0,21.200000762939453,15.0,7.0,0.000342465762514621
2025_10_21_RSFB-Phenotyping_GG1_JLU/2025_10_21_RSFB-Phenotyping_GG1_JLU/20251021_162043.jpg,2025_10_21_RSFB-Phenotyping_GG1_JLU/2025_10_21_RSFB-Phenotyping_GG1_JLU/20251021_124358.jpg,plot_fe1af12798b4ff183089,plot_e77622de4cce1b168140,35.0,21.200000762939453,3.0,11.0,0.000342465762514621
2025_10_21_RSFB-Phenotyping_GG1_JLU/2025_10_21_RSFB-Phenotyping_GG1_JLU/20251021_162043.jpg,2025_10_21_RSFB-Phenotyping_GG1_JLU/2025_10_21_RSFB-Phenotyping_GG1_JLU/20251021_125439.jpg,plot_fe1af12798b4ff183089,plot_ccfe1e329b419e50732e,35.0,21.200000762939453,13.0,6.5,0.000342465762514621
2025_10_21_RSFB-Phenotyping_GG1_JLU/2025_10_21_RSFB-Phenotyping_GG1_JLU/20251021_162043.jpg,2025_10_21_RSFB-Phenotyping_GG1_JLU/2025_10_21_RSFB-Phenotyping_GG1_JLU/20251021_151439.jpg,plot_fe1af12798b4ff183089,plot_f19419da98fe0824600a,35.0,21.200000762939453,8.0,2.5,0.000342465762514621
2025_10_21_RSFB-Phenotyping_GG1_JLU/2025_10_21_RSFB-Phenotyping_GG1_JLU/20251021_162043.jpg,2025_10_21_RSFB-Phenotyping_GG1_JLU/2025_10_21_RSFB-Phenotyping_GG1_JLU/20251021_132410.jpg,plot_fe1af12798b4ff183089,plot_04441862d5c5dd0b49cc,35.0,21.200000762939453,15.0,8.0,0.000342465762514621
2025_10_21_RSFB-Phenotyping_GG1_JLU/2025_10_21_RSFB-Phenotyping_GG1_JLU/20251021_162043.jpg,2025_10_21_RSFB-Phenotyping_GG1_JLU/2025_10_21_RSFB-Phenotyping_GG1_JLU/20251021_151432.jpg,plot_fe1af12798b4ff183089,plot_f19419da98fe0824600a,35.0,21.200000762939453,2.0,12.5,0.000342465762514621
2025_10_21_RSFB-Phenotyping_GG1_JLU/2025_10_21_RSFB-Phenotyping_GG1_JLU/20251021_162043.jpg,2025_10_21_RSFB-Phenotyping_GG1_JLU/2025_10_21_RSFB-Phenotyping_GG1_JLU/20251021_123208.jpg,plot_fe1af12798b4ff183089,plot_a3e331c4e6fce2b877bd,35.0,21.200000762939453,15.0,8.0,0.000342465762514621
2025_10_21_RSFB-Phenotyping_GG1_JLU/2025_10_21_RSFB-Phenotyping_GG1_JLU/20251021_162043.jpg,2025_10_21_RSFB-Phenotyping_GG1_JLU/2025_10_21_RSFB-Phenotyping_GG1_JLU/20251021_152457.jpg,plot_fe1af12798b4ff183089,plot_cf8f8145824cff35d237,35.0,21.200000762939453,3.0,9.5,0.000342465762514621
2025_10_21_RSFB-Phenotyping_GG1_JLU/2025_10_21_RSFB-Phenotyping_GG1_JLU/20251021_162043.jpg,2025_10_21_RSFB-Phenotyping_GG1_JLU/2025_10_21_RSFB-Phenotyping_GG1_JLU/20251021_161652.jpg,plot_fe1af12798b4ff183089,plot_70a732f80b7b639118af,35.0,21.200000762939453,15.0,3.5,0.000342465762514621
2025_10_21_RSFB-Phenotyping_GG1_JLU/2025_10_21_RSFB-Phenotyping_GG1_JLU/20251021_162043.jpg,2025_10_21_RSFB-Phenotyping_GG1_JLU/2025_10_21_RSFB-Phenotyping_GG1_JLU/20251021_123107.jpg,plot_fe1af12798b4ff183089,plot_5700cee80bc5a6e207ec,35.0,21.200000762939453,10.0,2.0,0.000342465762514621
2025_10_21_RSFB-Phenotyping_GG1_JLU/2025_10_21_RSFB-Phenotyping_GG1_JLU/20251021_162043.jpg,2025_10_21_RSFB-Phenotyping_GG1_JLU/2025_10_21_RSFB-Phenotyping_GG1_JLU/20251021_131511.jpg,plot_fe1af12798b4ff183089,plot_5e57cab4d93c9720a4da,35.0,21.200000762939453,16.0,8.5,0.000342465762514621
2025_10_21_RSFB-Phenotyping_GG1_JLU/2025_10_21_RSFB-Phenotyping_GG1_JLU/20251021_124220.jpg,2025_10_21_RSFB-Phenotyping_GG1_JLU/2025_10_21_RSFB-Phenotyping_GG1_JLU/20251021_152653.jpg,plot_26082c067072eb38d909,plot_fe93ef196b1a8b77de19,30.0,16.5,1.0,8.5,0.0004723665479104966
2025_10_21_RSFB-Phenotyping_GG1_JLU/2025_10_21_RSFB-Phenotyping_GG1_JLU/20251021_124220.jpg,2025_10_21_RSFB-Phenotyping_GG1_JLU/2025_10_21_RSFB-Phenotyping_GG1_JLU/20251021_125901.jpg,plot_26082c067072eb38d909,plot_7afc7682bc0b0be61f6b,30.0,16.5,2.0,10.0,0.0004723665479104966
2025_10_21_RSFB-Phenotyping_GG1_JLU/2025_10_21_RSFB-Phenotyping_GG1_JLU/20251021_124220.jpg,2025_10_21_RSFB-Phenotyping_GG1_JLU/2025_10_21_RSFB-Phenotyping_GG1_JLU/20251021_151439.jpg,plot_26082c067072eb38d909,plot_f19419da98fe0824600a,30.0,16.5,8.0,2.5,0.0004723665479104966
2025_10_21_RSFB-Phenotyping_GG1_JLU/2025_10_21_RSFB-Phenotyping_GG1_JLU/20251021_124220.jpg,2025_10_21_RSFB-Phenotyping_GG1_JLU/2025_10_21_RSFB-Phenotyping_GG1_JLU/20251021_151642.jpg,plot_26082c067072eb38d909,plot_f61b29267fecc01648f8,30.0,16.5,10.0,4.5,0.0004723665479104966
2025_10_21_RSFB-Phenotyping_GG1_JLU/2025_10_21_RSFB-Phenotyping_GG1_JLU/20251021_124220.jpg,2025_10_21_RSFB-Phenotyping_GG1_JLU/2025_10_21_RSFB-Phenotyping_GG1_JLU/20251021_123107.jpg,plot_26082c067072eb38d909,plot_5700cee80bc5a6e207ec,30.0,16.5,10.0,2.0,0.0004723665479104966
2025_10_21_RSFB-Phenotyping_GG1_JLU/2025_10_21_RSFB-Phenotyping_GG1_JLU/20251021_124220.jpg,2025_10_21_RSFB-Phenotyping_GG1_JLU/2025_10_21_RSFB-Phenotyping_GG1_JLU/20251021_161242.jpg,plot_26082c067072eb38d909,plot_c08c9fc75665c975b852,30.0,16.5,1.0,6.5,0.0004723665479104966
2025_10_21_RSFB-Phenotyping_GG1_JLU/2025_10_21_RSFB-Phenotyping_GG1_JLU/20251021_124220.jpg,2025_10_21_RSFB-Phenotyping_GG1_JLU/2025_10_21_RSFB-Phenotyping_GG1_JLU/20251021_161549.jpg,plot_26082c067072eb38d909,plot_5008f76cf0a562f63097,30.0,16.5,7.0,1.7000000476837158,0.0004723665479104966
2025_10_21_RSFB-Phenotyping_GG1_JLU/2025_10_21_RSFB-Phenotyping_GG1_JLU/20251021_124220.jpg,2025_10_21_RSFB-Phenotyping_GG1_JLU/2025_10_21_RSFB-Phenotyping_GG1_JLU/20251021_162109.jpg,plot_26082c067072eb38d909,plot_60d8a72fe06bef6e6da4,30.0,16.5,1.0,6.400000095367432,0.0004723665479104966
2025_10_21_RSFB-Phenotyping_GG1_JLU/2025_10_21_RSFB-Phenotyping_GG1_JLU/20251021_124220.jpg,2025_10_21_RSFB-Phenotyping_GG1_JLU/2025_10_21_RSFB-Phenotyping_GG1_JLU/20251021_153825.jpg,plot_26082c067072eb38d909,plot_64e19f5de9c116d1fbb6,30.0,16.5,3.0,8.5,0.0004723665479104966
2025_10_21_RSFB-Phenotyping_GG1_JLU/2025_10_21_RSFB-Phenotyping_GG1_JLU/20251021_124220.jpg,2025_10_21_RSFB-Phenotyping_GG1_JLU/2025_10_21_RSFB-Phenotyping_GG1_JLU/20251021_130529.jpg,plot_26082c067072eb38d909,plot_883726baafccd2304661,30.0,16.5,2.0,7.5,0.0004723665479104966
2025_10_21_RSFB-Phenotyping_GG1_JLU/2025_10_21_RSFB-Phenotyping_GG1_JLU/20251021_124220.jpg,2025_10_21_RSFB-Phenotyping_GG1_JLU/2025_10_21_RSFB-Phenotyping_GG1_JLU/20251021_160047.jpg,plot_26082c067072eb38d909,plot_ecb8a2d7a20b5079cedb,30.0,16.5,2.0,8.5,0.0004723665479104966
2025_10_21_RSFB-Phenotyping_GG1_JLU/2025_10_21_RSFB-Phenotyping_GG1_JLU/20251021_124220.jpg,2025_10_21_RSFB-Phenotyping_GG1_JLU/2025_10_21_RSFB-Phenotyping_GG1_JLU/20251021_160831.jpg,plot_26082c067072eb38d909,plot_31ff4a85b21ababa7de0,30.0,16.5,1.0,9.5,0.0004723665479104966
2025_10_21_RSFB-Phenotyping_GG1_JLU/2025_10_21_RSFB-Phenotyping_GG1_JLU/20251021_124220.jpg,2025_10_21_RSFB-Phenotyping_GG1_JLU/2025_10_21_RSFB-Phenotyping_GG1_JLU/20251021_162116.jpg,plot_26082c067072eb38d909,plot_60d8a72fe06bef6e6da4,30.0,16.5,3.0,11.399999618530273,0.0004723665479104966
2025_10_21_RSFB-Phenotyping_GG1_JLU/2025_10_21_RSFB-Phenotyping_GG1_JLU/20251021_124220.jpg,2025_10_21_RSFB-Phenotyping_GG1_JLU/2025_10_21_RSFB-Phenotyping_GG1_JLU/20251021_161415.jpg,plot_26082c067072eb38d909,plot_6db75ec8b4bf1739f8b3,30.0,16.5,10.0,4.5,0.0004723665479104966
2025_10_21_RSFB-Phenotyping_GG1_JLU/2025_10_21_RSFB-Phenotyping_GG1_JLU/20251021_124220.jpg,2025_10_21_RSFB-Phenotyping_GG1_JLU/2025_10_21_RSFB-Phenotyping_GG1_JLU/20251021_122046.jpg,plot_26082c067072eb38d909,plot_166bd930c637bcfcd528,30.0,16.5,2.0,7.900000095367432,0.0004723665479104966
2025_10_21_RSFB-Phenotyping_GG1_JLU/2025_10_21_RSFB-Phenotyping_GG1_JLU/20251021_124220.jpg,2025_10_21_RSFB-Phenotyping_GG1_JLU/2025_10_21_RSFB-Phenotyping_GG1_JLU/20251021_130128.jpg,plot_26082c067072eb38d909,plot_77196a9ec72c575b5b40,30.0,16.5,10.0,4.5,0.0004723665479104966
2025_10_21_RSFB-Phenotyping_GG1_JLU/2025_10_21_RSFB-Phenotyping_GG1_JLU/20251021_124220.jpg,2025_10_21_RSFB-Phenotyping_GG1_JLU/2025_10_21_RSFB-Phenotyping_GG1_JLU/20251021_155939.jpg,plot_26082c067072eb38d909,plot_b351f823b8a0415f9230,30.0,16.5,3.0,10.0,0.0004723665479104966
2025_10_21_RSFB-Phenotyping_GG1_JLU/2025_10_21_RSFB-Phenotyping_GG1_JLU/20251021_124220.jpg,2025_10_21_RSFB-Phenotyping_GG1_JLU/2025_10_21_RSFB-Phenotyping_GG1_JLU/20251021_131419.jpg,plot_26082c067072eb38d909,plot_e26908bc9222e28c92ff,30.0,16.5,10.0,4.5,0.0004723665479104966
2025_10_21_RSFB-Phenotyping_GG1_JLU/2025_10_21_RSFB-Phenotyping_GG1_JLU/20251021_124220.jpg,2025_10_21_RSFB-Phenotyping_GG1_JLU/2025_10_21_RSFB-Phenotyping_GG1_JLU/20251021_132424.jpg,plot_26082c067072eb38d909,plot_04441862d5c5dd0b49cc,30.0,16.5,10.0,2.5,0.0004723665479104966
2025_10_21_RSFB-Phenotyping_GG1_JLU/2025_10_21_RSFB-Phenotyping_GG1_JLU/20251021_124220.jpg,2025_10_21_RSFB-Phenotyping_GG1_JLU/2025_10_21_RSFB-Phenotyping_GG1_JLU/20251021_122557.jpg,plot_26082c067072eb38d909,plot_4460e7e9889b69d86dd3,30.0,16.5,2.0,10.0,0.0004723665479104966
2025_10_21_RSFB-Phenotyping_GG1_JLU/2025_10_21_RSFB-Phenotyping_GG1_JLU/20251021_124220.jpg,2025_10_21_RSFB-Phenotyping_GG1_JLU/2025_10_21_RSFB-Phenotyping_GG1_JLU/20251021_121113.jpg,plot_26082c067072eb38d909,plot_a7714d1b769d45a9b00a,30.0,16.5,2.0,10.0,0.0004723665479104966
2025_10_21_RSFB-Phenotyping_GG1_JLU/2025_10_21_RSFB-Phenotyping_GG1_JLU/20251021_124220.jpg,2025_10_21_RSFB-Phenotyping_GG1_JLU/2025_10_21_RSFB-Phenotyping_GG1_JLU/20251021_121314.jpg,plot_26082c067072eb38d909,plot_0de14b7453cf30ed2a1c,30.0,16.5,2.0,7.5,0.0004723665479104966
2025_10_21_RSFB-Phenotyping_GG1_JLU/2025_10_21_RSFB-Phenotyping_GG1_JLU/20251021_124220.jpg,2025_10_21_RSFB-Phenotyping_GG1_JLU/2025_10_21_RSFB-Phenotyping_GG1_JLU/20251021_124358.jpg,plot_26082c067072eb38d909,plot_e77622de4cce1b168140,30.0,16.5,3.0,11.0,0.0004723665479104966
2025_10_21_RSFB-Phenotyping_GG1_JLU/2025_10_21_RSFB-Phenotyping_GG1_JLU/20251021_124220.jpg,2025_10_21_RSFB-Phenotyping_GG1_JLU/2025_10_21_RSFB-Phenotyping_GG1_JLU/20251021_121301.jpg,plot_26082c067072eb38d909,plot_09d8a533567043e69854,30.0,16.5,1.0,8.0,0.0004723665479104966
2025_10_21_RSFB-Phenotyping_GG1_JLU/2025_10_21_RSFB-Phenotyping_GG1_JLU/20251021_124220.jpg,2025_10_21_RSFB-Phenotyping_GG1_JLU/2025_10_21_RSFB-Phenotyping_GG1_JLU/20251021_132550.jpg,plot_26082c067072eb38d909,plot_cff264c1afb9a1cf9473,30.0,16.5,2.0,8.5,0.0004723665479104966
2025_10_21_RSFB-Phenotyping_GG1_JLU/2025_10_21_RSFB-Phenotyping_GG1_JLU/20251021_124220.jpg,2025_10_21_RSFB-Phenotyping_GG1_JLU/2025_10_21_RSFB-Phenotyping_GG1_JLU/20251021_154622.jpg,plot_26082c067072eb38d909,plot_5d8d172daef4ef20984f,30.0,16.5,1.0,7.5,0.0004723665479104966
2025_10_21_RSFB-Phenotyping_GG1_JLU/2025_10_21_RSFB-Phenotyping_GG1_JLU/20251021_124220.jpg,2025_10_21_RSFB-Phenotyping_GG1_JLU/2025_10_21_RSFB-Phenotyping_GG1_JLU/20251021_155302.jpg,plot_26082c067072eb38d909,plot_cb17d6bcad8ffccbde51,30.0,16.5,1.0,10.5,0.0004723665479104966
2025_10_21_RSFB-Phenotyping_GG1_JLU/2025_10_21_RSFB-Phenotyping_GG1_JLU/20251021_124220.jpg,2025_10_21_RSFB-Phenotyping_GG1_JLU/2025_10_21_RSFB-Phenotyping_GG1_JLU/20251021_154649.jpg,plot_26082c067072eb38d909,plot_f974c33b3b939aa5f878,30.0,16.5,2.0,9.5,0.0004723665479104966
2025_10_21_RSFB-Phenotyping_GG1_JLU/2025_10_21_RSFB-Phenotyping_GG1_JLU/20251021_124220.jpg,2025_10_21_RSFB-Phenotyping_GG1_JLU/2025_10_21_RSFB-Phenotyping_GG1_JLU/20251021_152457.jpg,plot_26082c067072eb38d909,plot_cf8f8145824cff35d237,30.0,16.5,3.0,9.5,0.0004723665479104966
2025_10_21_RSFB-Phenotyping_GG1_JLU/2025_10_21_RSFB-Phenotyping_GG1_JLU/20251021_153148.jpg,2025_10_21_RSFB-Phenotyping_GG1_JLU/2025_10_21_RSFB-Phenotyping_GG1_JLU/20251021_122046.jpg,plot_644b29acfed8021af1c2,plot_166bd930c637bcfcd528,42.0,13.5,2.0,7.900000095367432,0.0015220700297504663
2025_10_21_RSFB-Phenotyping_GG1_JLU/2025_10_21_RSFB-Phenotyping_GG1_JLU/20251021_153148.jpg,2025_10_21_RSFB-Phenotyping_GG1_JLU/2025_10_21_RSFB-Phenotyping_GG1_JLU/20251021_162109.jpg,plot_644b29acfed8021af1c2,plot_60d8a72fe06bef6e6da4,42.0,13.5,1.0,6.400000095367432,0.0015220700297504663
2025_10_21_RSFB-Phenotyping_GG1_JLU/2025_10_21_RSFB-Phenotyping_GG1_JLU/20251021_153148.jpg,2025_10_21_RSFB-Phenotyping_GG1_JLU/2025_10_21_RSFB-Phenotyping_GG1_JLU/20251021_121314.jpg,plot_644b29acfed8021af1c2,plot_0de14b7453cf30ed2a1c,42.0,13.5,2.0,7.5,0.0015220700297504663
2025_10_21_RSFB-Phenotyping_GG1_JLU/2025_10_21_RSFB-Phenotyping_GG1_JLU/20251021_153148.jpg,2025_10_21_RSFB-Phenotyping_GG1_JLU/2025_10_21_RSFB-Phenotyping_GG1_JLU/20251021_161242.jpg,plot_644b29acfed8021af1c2,plot_c08c9fc75665c975b852,42.0,13.5,1.0,6.5,0.0015220700297504663
2025_10_21_RSFB-Phenotyping_GG1_JLU/2025_10_21_RSFB-Phenotyping_GG1_JLU/20251021_153148.jpg,2025_10_21_RSFB-Phenotyping_GG1_JLU/2025_10_21_RSFB-Phenotyping_GG1_JLU/20251021_154622.jpg,plot_644b29acfed8021af1c2,plot_5d8d172daef4ef20984f,42.0,13.5,1.0,7.5,0.0015220700297504663
2025_10_21_RSFB-Phenotyping_GG1_JLU/2025_10_21_RSFB-Phenotyping_GG1_JLU/20251021_153148.jpg,2025_10_21_RSFB-Phenotyping_GG1_JLU/2025_10_21_RSFB-Phenotyping_GG1_JLU/20251021_130529.jpg,plot_644b29acfed8021af1c2,plot_883726baafccd2304661,42.0,13.5,2.0,7.5,0.0015220700297504663
2025_10_21_RSFB-Phenotyping_GG1_JLU/2025_10_21_RSFB-Phenotyping_GG1_JLU/20251021_153148.jpg,2025_10_21_RSFB-Phenotyping_GG1_JLU/2025_10_21_RSFB-Phenotyping_GG1_JLU/20251021_121301.jpg,plot_644b29acfed8021af1c2,plot_09d8a533567043e69854,42.0,13.5,1.0,8.0,0.0015220700297504663
2025_10_21_RSFB-Phenotyping_GG1_JLU/2025_10_21_RSFB-Phenotyping_GG1_JLU/20251021_153148.jpg,2025_10_21_RSFB-Phenotyping_GG1_JLU/2025_10_21_RSFB-Phenotyping_GG1_JLU/20251021_161549.jpg,plot_644b29acfed8021af1c2,plot_5008f76cf0a562f63097,42.0,13.5,7.0,1.7000000476837158,0.0015220700297504663
2025_10_21_RSFB-Phenotyping_GG1_JLU/2025_10_21_RSFB-Phenotyping_GG1_JLU/20251021_153148.jpg,2025_10_21_RSFB-Phenotyping_GG1_JLU/2025_10_21_RSFB-Phenotyping_GG1_JLU/20251021_151439.jpg,plot_644b29acfed8021af1c2,plot_f19419da98fe0824600a,42.0,13.5,8.0,2.5,0.0015220700297504663
2025_10_21_RSFB-Phenotyping_GG1_JLU/2025_10_21_RSFB-Phenotyping_GG1_JLU/20251021_122944.jpg,2025_10_21_RSFB-Phenotyping_GG1_JLU/2025_10_21_RSFB-Phenotyping_GG1_JLU/20251021_161549.jpg,plot_fd82dd8fd5c2b516bf47,plot_5008f76cf0a562f63097,45.0,26.5,7.0,1.7000000476837158,0.0002795638865791261
2025_10_21_RSFB-Phenotyping_GG1_JLU/2025_10_21_RSFB-Phenotyping_GG1_JLU/20251021_122944.jpg,2025_10_21_RSFB-Phenotyping_GG1_JLU/2025_10_21_RSFB-Phenotyping_GG1_JLU/20251021_125439.jpg,plot_fd82dd8fd5c2b516bf47,plot_ccfe1e329b419e50732e,45.0,26.5,13.0,6.5,0.0002795638865791261
2025_10_21_RSFB-Phenotyping_GG1_JLU/2025_10_21_RSFB-Phenotyping_GG1_JLU/20251021_122944.jpg,2025_10_21_RSFB-Phenotyping_GG1_JLU/2025_10_21_RSFB-Phenotyping_GG1_JLU/20251021_153940.jpg,plot_fd82dd8fd5c2b516bf47,plot_1b85c4977624caa5e831,45.0,26.5,20.0,10.5,0.0002795638865791261
2025_10_21_RSFB-Phenotyping_GG1_JLU/2025_10_21_RSFB-Phenotyping_GG1_JLU/20251021_122944.jpg,2025_10_21_RSFB-Phenotyping_GG1_JLU/2025_10_21_RSFB-Phenotyping_GG1_JLU/20251021_155302.jpg,plot_fd82dd8fd5c2b516bf47,plot_cb17d6bcad8ffccbde51,45.0,26.5,1.0,10.5,0.0002795638865791261
2025_10_21_RSFB-Phenotyping_GG1_JLU/2025_10_21_RSFB-Phenotyping_GG1_JLU/20251021_122944.jpg,2025_10_21_RSFB-Phenotyping_GG1_JLU/2025_10_21_RSFB-Phenotyping_GG1_JLU/20251021_130209.jpg,plot_fd82dd8fd5c2b516bf47,plot_be7d2dcdea72b37dc9bf,45.0,26.5,15.0,7.5,0.0002795638865791261
2025_10_21_RSFB-Phenotyping_GG1_JLU/2025_10_21_RSFB-Phenotyping_GG1_JLU/20251021_122944.jpg,2025_10_21_RSFB-Phenotyping_GG1_JLU/2025_10_21_RSFB-Phenotyping_GG1_JLU/20251021_162616.jpg,plot_fd82dd8fd5c2b516bf47,plot_49366699fc79f58ef04c,45.0,26.5,20.0,13.5,0.0002795638865791261
2025_10_21_RSFB-Phenotyping_GG1_JLU/2025_10_21_RSFB-Phenotyping_GG1_JLU/20251021_122944.jpg,2025_10_21_RSFB-Phenotyping_GG1_JLU/2025_10_21_RSFB-Phenotyping_GG1_JLU/20251021_161415.jpg,plot_fd82dd8fd5c2b516bf47,plot_6db75ec8b4bf1739f8b3,45.0,26.5,10.0,4.5,0.0002795638865791261
2025_10_21_RSFB-Phenotyping_GG1_JLU/2025_10_21_RSFB-Phenotyping_GG1_JLU/20251021_122944.jpg,2025_10_21_RSFB-Phenotyping_GG1_JLU/2025_10_21_RSFB-Phenotyping_GG1_JLU/20251021_130200.jpg,plot_fd82dd8fd5c2b516bf47,plot_be7d2dcdea72b37dc9bf,45.0,26.5,20.0,8.5,0.0002795638865791261
2025_10_21_RSFB-Phenotyping_GG1_JLU/2025_10_21_RSFB-Phenotyping_GG1_JLU/20251021_122944.jpg,2025_10_21_RSFB-Phenotyping_GG1_JLU/2025_10_21_RSFB-Phenotyping_GG1_JLU/20251021_155137.jpg,plot_fd82dd8fd5c2b516bf47,plot_7ff767c1ada4e85b6156,45.0,26.5,20.0,11.5,0.0002795638865791261
2025_10_21_RSFB-Phenotyping_GG1_JLU/2025_10_21_RSFB-Phenotyping_GG1_JLU/20251021_122944.jpg,2025_10_21_RSFB-Phenotyping_GG1_JLU/2025_10_21_RSFB-Phenotyping_GG1_JLU/20251021_132424.jpg,plot_fd82dd8fd5c2b516bf47,plot_04441862d5c5dd0b49cc,45.0,26.5,10.0,2.5,0.0002795638865791261
2025_10_21_RSFB-Phenotyping_GG1_JLU/2025_10_21_RSFB-Phenotyping_GG1_JLU/20251021_122944.jpg,2025_10_21_RSFB-Phenotyping_GG1_JLU/2025_10_21_RSFB-Phenotyping_GG1_JLU/20251021_132753.jpg,plot_fd82dd8fd5c2b516bf47,plot_b2decf1cbf56bcdc6d32,45.0,26.5,2.0,20.5,0.0002795638865791261
2025_10_21_RSFB-Phenotyping_GG1_JLU/2025_10_21_RSFB-Phenotyping_GG1_JLU/20251021_122944.jpg,2025_10_21_RSFB-Phenotyping_GG1_JLU/2025_10_21_RSFB-Phenotyping_GG1_JLU/20251021_155857.jpg,plot_fd82dd8fd5c2b516bf47,plot_e898a4d9ed85e24ff050,45.0,26.5,12.0,18.5,0.0002795638865791261
2025_10_21_RSFB-Phenotyping_GG1_JLU/2025_10_21_RSFB-Phenotyping_GG1_JLU/20251021_122944.jpg,2025_10_21_RSFB-Phenotyping_GG1_JLU/2025_10_21_RSFB-Phenotyping_GG1_JLU/20251021_162116.jpg,plot_fd82dd8fd5c2b516bf47,plot_60d8a72fe06bef6e6da4,45.0,26.5,3.0,11.399999618530273,0.0002795638865791261
2025_10_21_RSFB-Phenotyping_GG1_JLU/2025_10_21_RSFB-Phenotyping_GG1_JLU/20251021_122944.jpg,2025_10_21_RSFB-Phenotyping_GG1_JLU/2025_10_21_RSFB-Phenotyping_GG1_JLU/20251021_160003.jpg,plot_fd82dd8fd5c2b516bf47,plot_70e089493510c6f73a3d,45.0,26.5,15.0,7.0,0.0002795638865791261
2025_10_21_RSFB-Phenotyping_GG1_JLU/2025_10_21_RSFB-Phenotyping_GG1_JLU/20251021_122944.jpg,2025_10_21_RSFB-Phenotyping_GG1_JLU/2025_10_21_RSFB-Phenotyping_GG1_JLU/20251021_125423.jpg,plot_fd82dd8fd5c2b516bf47,plot_ccfe1e329b419e50732e,45.0,26.5,20.0,13.0,0.0002795638865791261
2025_10_21_RSFB-Phenotyping_GG1_JLU/2025_10_21_RSFB-Phenotyping_GG1_JLU/20251021_122944.jpg,2025_10_21_RSFB-Phenotyping_GG1_JLU/2025_10_21_RSFB-Phenotyping_GG1_JLU/20251021_154649.jpg,plot_fd82dd8fd5c2b516bf47,plot_f974c33b3b939aa5f878,45.0,26.5,2.0,9.5,0.0002795638865791261
2025_10_21_RSFB-Phenotyping_GG1_JLU/2025_10_21_RSFB-Phenotyping_GG1_JLU/20251021_122944.jpg,2025_10_21_RSFB-Phenotyping_GG1_JLU/2025_10_21_RSFB-Phenotyping_GG1_JLU/20251021_152213.jpg,plot_fd82dd8fd5c2b516bf47,plot_67dc730dc218f4c377b3,45.0,26.5,20.0,7.5,0.0002795638865791261
2025_10_21_RSFB-Phenotyping_GG1_JLU/2025_10_21_RSFB-Phenotyping_GG1_JLU/20251021_122944.jpg,2025_10_21_RSFB-Phenotyping_GG1_JLU/2025_10_21_RSFB-Phenotyping_GG1_JLU/20251021_123732.jpg,plot_fd82dd8fd5c2b516bf47,plot_df82b24c1834a891c644,45.0,26.5,20.0,13.5,0.0002795638865791261
2025_10_21_RSFB-Phenotyping_GG1_JLU/2025_10_21_RSFB-Phenotyping_GG1_JLU/20251021_122944.jpg,2025_10_21_RSFB-Phenotyping_GG1_JLU/2025_10_21_RSFB-Phenotyping_GG1_JLU/20251021_155939.jpg,plot_fd82dd8fd5c2b516bf47,plot_b351f823b8a0415f9230,45.0,26.5,3.0,10.0,0.0002795638865791261
2025_10_21_RSFB-Phenotyping_GG1_JLU/2025_10_21_RSFB-Phenotyping_GG1_JLU/20251021_122944.jpg,2025_10_21_RSFB-Phenotyping_GG1_JLU/2025_10_21_RSFB-Phenotyping_GG1_JLU/20251021_121834.jpg,plot_fd82dd8fd5c2b516bf47,plot_08853fb661302206a300,45.0,26.5,5.0,15.0,0.0002795638865791261
2025_10_21_RSFB-Phenotyping_GG1_JLU/2025_10_21_RSFB-Phenotyping_GG1_JLU/20251021_122944.jpg,2025_10_21_RSFB-Phenotyping_GG1_JLU/2025_10_21_RSFB-Phenotyping_GG1_JLU/20251021_151921.jpg,plot_fd82dd8fd5c2b516bf47,plot_6ca7eb46f81c9ecf993b,45.0,26.5,20.0,12.0,0.0002795638865791261
2025_10_21_RSFB-Phenotyping_GG1_JLU/2025_10_21_RSFB-Phenotyping_GG1_JLU/20251021_122944.jpg,2025_10_21_RSFB-Phenotyping_GG1_JLU/2025_10_21_RSFB-Phenotyping_GG1_JLU/20251021_152653.jpg,plot_fd82dd8fd5c2b516bf47,plot_fe93ef196b1a8b77de19,45.0,26.5,1.0,8.5,0.0002795638865791261
2025_10_21_RSFB-Phenotyping_GG1_JLU/2025_10_21_RSFB-Phenotyping_GG1_JLU/20251021_122944.jpg,2025_10_21_RSFB-Phenotyping_GG1_JLU/2025_10_21_RSFB-Phenotyping_GG1_JLU/20251021_132902.jpg,plot_fd82dd8fd5c2b516bf47,plot_a68ea486bf28d2a65eea,45.0,26.5,15.0,5.0,0.0002795638865791261
2025_10_21_RSFB-Phenotyping_GG1_JLU/2025_10_21_RSFB-Phenotyping_GG1_JLU/20251021_122944.jpg,2025_10_21_RSFB-Phenotyping_GG1_JLU/2025_10_21_RSFB-Phenotyping_GG1_JLU/20251021_123930.jpg,plot_fd82dd8fd5c2b516bf47,plot_57717e3cb06d560f3a82,45.0,26.5,18.0,12.0,0.0002795638865791261
2025_10_21_RSFB-Phenotyping_GG1_JLU/2025_10_21_RSFB-Phenotyping_GG1_JLU/20251021_122944.jpg,2025_10_21_RSFB-Phenotyping_GG1_JLU/2025_10_21_RSFB-Phenotyping_GG1_JLU/20251021_125901.jpg,plot_fd82dd8fd5c2b516bf47,plot_7afc7682bc0b0be61f6b,45.0,26.5,2.0,10.0,0.0002795638865791261
2025_10_21_RSFB-Phenotyping_GG1_JLU/2025_10_21_RSFB-Phenotyping_GG1_JLU/20251021_122944.jpg,2025_10_21_RSFB-Phenotyping_GG1_JLU/2025_10_21_RSFB-Phenotyping_GG1_JLU/20251021_152637.jpg,plot_fd82dd8fd5c2b516bf47,plot_fe93ef196b1a8b77de19,45.0,26.5,16.0,8.5,0.0002795638865791261
2025_10_21_RSFB-Phenotyping_GG1_JLU/2025_10_21_RSFB-Phenotyping_GG1_JLU/20251021_122944.jpg,2025_10_21_RSFB-Phenotyping_GG1_JLU/2025_10_21_RSFB-Phenotyping_GG1_JLU/20251021_162544.jpg,plot_fd82dd8fd5c2b516bf47,plot_f2bc805c9b8565c243bf,45.0,26.5,20.0,12.5,0.0002795638865791261
2025_10_21_RSFB-Phenotyping_GG1_JLU/2025_10_21_RSFB-Phenotyping_GG1_JLU/20251021_122944.jpg,2025_10_21_RSFB-Phenotyping_GG1_JLU/2025_10_21_RSFB-Phenotyping_GG1_JLU/20251021_132550.jpg,plot_fd82dd8fd5c2b516bf47,plot_cff264c1afb9a1cf9473,45.0,26.5,2.0,8.5,0.0002795638865791261
2025_10_21_RSFB-Phenotyping_GG1_JLU/2025_10_21_RSFB-Phenotyping_GG1_JLU/20251021_122944.jpg,2025_10_21_RSFB-Phenotyping_GG1_JLU/2025_10_21_RSFB-Phenotyping_GG1_JLU/20251021_152220.jpg,plot_fd82dd8fd5c2b516bf47,plot_67dc730dc218f4c377b3,45.0,26.5,14.0,5.0,0.0002795638865791261
2025_10_21_RSFB-Phenotyping_GG1_JLU/2025_10_21_RSFB-Phenotyping_GG1_JLU/20251021_122944.jpg,2025_10_21_RSFB-Phenotyping_GG1_JLU/2025_10_21_RSFB-Phenotyping_GG1_JLU/20251021_122752.jpg,plot_fd82dd8fd5c2b516bf47,plot_643644993e9d28503809,45.0,26.5,20.0,13.5,0.0002795638865791261
2025_10_21_RSFB-Phenotyping_GG1_JLU/2025_10_21_RSFB-Phenotyping_GG1_JLU/20251021_122944.jpg,2025_10_21_RSFB-Phenotyping_GG1_JLU/2025_10_21_RSFB-Phenotyping_GG1_JLU/20251021_162109.jpg,plot_fd82dd8fd5c2b516bf47,plot_60d8a72fe06bef6e6da4,45.0,26.5,1.0,6.400000095367432,0.0002795638865791261
2025_10_21_RSFB-Phenotyping_GG1_JLU/2025_10_21_RSFB-Phenotyping_GG1_JLU/20251021_122944.jpg,2025_10_21_RSFB-Phenotyping_GG1_JLU/2025_10_21_RSFB-Phenotyping_GG1_JLU/20251021_121353.jpg,plot_fd82dd8fd5c2b516bf47,plot_9594a1cc971fd111a051,45.0,26.5,7.0,19.5,0.0002795638865791261
2025_10_21_RSFB-Phenotyping_GG1_JLU/2025_10_21_RSFB-Phenotyping_GG1_JLU/20251021_122944.jpg,2025_10_21_RSFB-Phenotyping_GG1_JLU/2025_10_21_RSFB-Phenotyping_GG1_JLU/20251021_122022.jpg,plot_fd82dd8fd5c2b516bf47,plot_de57345dfd586882f461,45.0,26.5,15.0,21.0,0.0002795638865791261
2025_10_21_RSFB-Phenotyping_GG1_JLU/2025_10_21_RSFB-Phenotyping_GG1_JLU/20251021_122944.jpg,2025_10_21_RSFB-Phenotyping_GG1_JLU/2025_10_21_RSFB-Phenotyping_GG1_JLU/20251021_151439.jpg,plot_fd82dd8fd5c2b516bf47,plot_f19419da98fe0824600a,45.0,26.5,8.0,2.5,0.0002795638865791261
2025_10_21_RSFB-Phenotyping_GG1_JLU/2025_10_21_RSFB-Phenotyping_GG1_JLU/20251021_122944.jpg,2025_10_21_RSFB-Phenotyping_GG1_JLU/2025_10_21_RSFB-Phenotyping_GG1_JLU/20251021_130553.jpg,plot_fd82dd8fd5c2b516bf47,plot_e6262167b576884b0c82,45.0,26.5,18.0,8.5,0.0002795638865791261
2025_10_21_RSFB-Phenotyping_GG1_JLU/2025_10_21_RSFB-Phenotyping_GG1_JLU/20251021_122944.jpg,2025_10_21_RSFB-Phenotyping_GG1_JLU/2025_10_21_RSFB-Phenotyping_GG1_JLU/20251021_155835.jpg,plot_fd82dd8fd5c2b516bf47,plot_c56b353ccd4d762a32d5,45.0,26.5,20.0,13.0,0.0002795638865791261
2025_10_21_RSFB-Phenotyping_GG1_JLU/2025_10_21_RSFB-Phenotyping_GG1_JLU/20251021_122944.jpg,2025_10_21_RSFB-Phenotyping_GG1_JLU/2025_10_21_RSFB-Phenotyping_GG1_JLU/20251021_151432.jpg,plot_fd82dd8fd5c2b516bf47,plot_f19419da98fe0824600a,45.0,26.5,2.0,12.5,0.0002795638865791261
2025_10_21_RSFB-Phenotyping_GG1_JLU/2025_10_21_RSFB-Phenotyping_GG1_JLU/20251021_122944.jpg,2025_10_21_RSFB-Phenotyping_GG1_JLU/2025_10_21_RSFB-Phenotyping_GG1_JLU/20251021_161857.jpg,plot_fd82dd8fd5c2b516bf47,plot_490a77dae7954530a2a4,45.0,26.5,5.0,13.300000190734863,0.0002795638865791261
2025_10_21_RSFB-Phenotyping_GG1_JLU/2025_10_21_RSFB-Phenotyping_GG1_JLU/20251021_122944.jpg,2025_10_21_RSFB-Phenotyping_GG1_JLU/2025_10_21_RSFB-Phenotyping_GG1_JLU/20251021_131548.jpg,plot_fd82dd8fd5c2b516bf47,plot_9b8bbe6f8d57fa8f84f0,45.0,26.5,20.0,12.5,0.0002795638865791261
2025_10_21_RSFB-Phenotyping_GG1_JLU/2025_10_21_RSFB-Phenotyping_GG1_JLU/20251021_122944.jpg,2025_10_21_RSFB-Phenotyping_GG1_JLU/2025_10_21_RSFB-Phenotyping_GG1_JLU/20251021_132342.jpg,plot_fd82dd8fd5c2b516bf47,plot_df712240205f755d4453,45.0,26.5,12.0,2.5,0.0002795638865791261
2025_10_21_RSFB-Phenotyping_GG1_JLU/2025_10_21_RSFB-Phenotyping_GG1_JLU/20251021_151815.jpg,2025_10_21_RSFB-Phenotyping_GG1_JLU/2025_10_21_RSFB-Phenotyping_GG1_JLU/20251021_121113.jpg,plot_e7c3e4a405d958645dc0,plot_a7714d1b769d45a9b00a,45.0,17.5,2.0,10.0,0.00011708230886142701
2025_10_21_RSFB-Phenotyping_GG1_JLU/2025_10_21_RSFB-Phenotyping_GG1_JLU/20251021_151815.jpg,2025_10_21_RSFB-Phenotyping_GG1_JLU/2025_10_21_RSFB-Phenotyping_GG1_JLU/20251021_121843.jpg,plot_e7c3e4a405d958645dc0,plot_08853fb661302206a300,45.0,17.5,4.0,12.0,0.00011708230886142701
2025_10_21_RSFB-Phenotyping_GG1_JLU/2025_10_21_RSFB-Phenotyping_GG1_JLU/20251021_151815.jpg,2025_10_21_RSFB-Phenotyping_GG1_JLU/2025_10_21_RSFB-Phenotyping_GG1_JLU/20251021_160831.jpg,plot_e7c3e4a405d958645dc0,plot_31ff4a85b21ababa7de0,45.0,17.5,1.0,9.5,0.00011708230886142701
2025_10_21_RSFB-Phenotyping_GG1_JLU/2025_10_21_RSFB-Phenotyping_GG1_JLU/20251021_151815.jpg,2025_10_21_RSFB-Phenotyping_GG1_JLU/2025_10_21_RSFB-Phenotyping_GG1_JLU/20251021_151915.jpg,plot_e7c3e4a405d958645dc0,plot_6ca7eb46f81c9ecf993b,45.0,17.5,12.0,5.5,0.00011708230886142701
2025_10_21_RSFB-Phenotyping_GG1_JLU/2025_10_21_RSFB-Phenotyping_GG1_JLU/20251021_151815.jpg,2025_10_21_RSFB-Phenotyping_GG1_JLU/2025_10_21_RSFB-Phenotyping_GG1_JLU/20251021_152653.jpg,plot_e7c3e4a405d958645dc0,plot_fe93ef196b1a8b77de19,45.0,17.5,1.0,8.5,0.00011708230886142701
2025_10_21_RSFB-Phenotyping_GG1_JLU/2025_10_21_RSFB-Phenotyping_GG1_JLU/20251021_151815.jpg,2025_10_21_RSFB-Phenotyping_GG1_JLU/2025_10_21_RSFB-Phenotyping_GG1_JLU/20251021_161624.jpg,plot_e7c3e4a405d958645dc0,plot_3361cc58e772149f169e,45.0,17.5,12.0,3.0,0.00011708230886142701
2025_10_21_RSFB-Phenotyping_GG1_JLU/2025_10_21_RSFB-Phenotyping_GG1_JLU/20251021_151815.jpg,2025_10_21_RSFB-Phenotyping_GG1_JLU/2025_10_21_RSFB-Phenotyping_GG1_JLU/20251021_124358.jpg,plot_e7c3e4a405d958645dc0,plot_e77622de4cce1b168140,45.0,17.5,3.0,11.0,0.00011708230886142701
2025_10_21_RSFB-Phenotyping_GG1_JLU/2025_10_21_RSFB-Phenotyping_GG1_JLU/20251021_151815.jpg,2025_10_21_RSFB-Phenotyping_GG1_JLU/2025_10_21_RSFB-Phenotyping_GG1_JLU/20251021_124500.jpg,plot_e7c3e4a405d958645dc0,plot_ea75df3b909465cef7b1,45.0,17.5,5.0,12.0,0.00011708230886142701
2025_10_21_RSFB-Phenotyping_GG1_JLU/2025_10_21_RSFB-Phenotyping_GG1_JLU/20251021_151815.jpg,2025_10_21_RSFB-Phenotyping_GG1_JLU/2025_10_21_RSFB-Phenotyping_GG1_JLU/20251021_122557.jpg,plot_e7c3e4a405d958645dc0,plot_4460e7e9889b69d86dd3,45.0,17.5,2.0,10.0,0.00011708230886142701
2025_10_21_RSFB-Phenotyping_GG1_JLU/2025_10_21_RSFB-Phenotyping_GG1_JLU/20251021_151815.jpg,2025_10_21_RSFB-Phenotyping_GG1_JLU/2025_10_21_RSFB-Phenotyping_GG1_JLU/20251021_124615.jpg,plot_e7c3e4a405d958645dc0,plot_9e661ae87ec066049f1f,45.0,17.5,5.0,11.5,0.00011708230886142701
2025_10_21_RSFB-Phenotyping_GG1_JLU/2025_10_21_RSFB-Phenotyping_GG1_JLU/20251021_151815.jpg,2025_10_21_RSFB-Phenotyping_GG1_JLU/2025_10_21_RSFB-Phenotyping_GG1_JLU/20251021_130128.jpg,plot_e7c3e4a405d958645dc0,plot_77196a9ec72c575b5b40,45.0,17.5,10.0,4.5,0.00011708230886142701
2025_10_21_RSFB-Phenotyping_GG1_JLU/2025_10_21_RSFB-Phenotyping_GG1_JLU/20251021_151815.jpg,2025_10_21_RSFB-Phenotyping_GG1_JLU/2025_10_21_RSFB-Phenotyping_GG1_JLU/20251021_123202.jpg,plot_e7c3e4a405d958645dc0,plot_a3e331c4e6fce2b877bd,45.0,17.5,5.0,12.0,0.00011708230886142701
2025_10_21_RSFB-Phenotyping_GG1_JLU/2025_10_21_RSFB-Phenotyping_GG1_JLU/20251021_151815.jpg,2025_10_21_RSFB-Phenotyping_GG1_JLU/2025_10_21_RSFB-Phenotyping_GG1_JLU/20251021_130529.jpg,plot_e7c3e4a405d958645dc0,plot_883726baafccd2304661,45.0,17.5,2.0,7.5,0.00011708230886142701
2025_10_21_RSFB-Phenotyping_GG1_JLU/2025_10_21_RSFB-Phenotyping_GG1_JLU/20251021_151815.jpg,2025_10_21_RSFB-Phenotyping_GG1_JLU/2025_10_21_RSFB-Phenotyping_GG1_JLU/20251021_162116.jpg,plot_e7c3e4a405d958645dc0,plot_60d8a72fe06bef6e6da4,45.0,17.5,3.0,11.399999618530273,0.00011708230886142701
2025_10_21_RSFB-Phenotyping_GG1_JLU/2025_10_21_RSFB-Phenotyping_GG1_JLU/20251021_151815.jpg,2025_10_21_RSFB-Phenotyping_GG1_JLU/2025_10_21_RSFB-Phenotyping_GG1_JLU/20251021_125901.jpg,plot_e7c3e4a405d958645dc0,plot_7afc7682bc0b0be61f6b,45.0,17.5,2.0,10.0,0.00011708230886142701
2025_10_21_RSFB-Phenotyping_GG1_JLU/2025_10_21_RSFB-Phenotyping_GG1_JLU/20251021_151815.jpg,2025_10_21_RSFB-Phenotyping_GG1_JLU/2025_10_21_RSFB-Phenotyping_GG1_JLU/20251021_154622.jpg,plot_e7c3e4a405d958645dc0,plot_5d8d172daef4ef20984f,45.0,17.5,1.0,7.5,0.00011708230886142701
2025_10_21_RSFB-Phenotyping_GG1_JLU/2025_10_21_RSFB-Phenotyping_GG1_JLU/20251021_151815.jpg,2025_10_21_RSFB-Phenotyping_GG1_JLU/2025_10_21_RSFB-Phenotyping_GG1_JLU/20251021_122046.jpg,plot_e7c3e4a405d958645dc0,plot_166bd930c637bcfcd528,45.0,17.5,2.0,7.900000095367432,0.00011708230886142701
2025_10_21_RSFB-Phenotyping_GG1_JLU/2025_10_21_RSFB-Phenotyping_GG1_JLU/20251021_151815.jpg,2025_10_21_RSFB-Phenotyping_GG1_JLU/2025_10_21_RSFB-Phenotyping_GG1_JLU/20251021_151642.jpg,plot_e7c3e4a405d958645dc0,plot_f61b29267fecc01648f8,45.0,17.5,10.0,4.5,0.00011708230886142701
2025_10_21_RSFB-Phenotyping_GG1_JLU/2025_10_21_RSFB-Phenotyping_GG1_JLU/20251021_151815.jpg,2025_10_21_RSFB-Phenotyping_GG1_JLU/2025_10_21_RSFB-Phenotyping_GG1_JLU/20251021_131419.jpg,plot_e7c3e4a405d958645dc0,plot_e26908bc9222e28c92ff,45.0,17.5,10.0,4.5,0.00011708230886142701
2025_10_21_RSFB-Phenotyping_GG1_JLU/2025_10_21_RSFB-Phenotyping_GG1_JLU/20251021_151815.jpg,2025_10_21_RSFB-Phenotyping_GG1_JLU/2025_10_21_RSFB-Phenotyping_GG1_JLU/20251021_132424.jpg,plot_e7c3e4a405d958645dc0,plot_04441862d5c5dd0b49cc,45.0,17.5,10.0,2.5,0.00011708230886142701
2025_10_21_RSFB-Phenotyping_GG1_JLU/2025_10_21_RSFB-Phenotyping_GG1_JLU/20251021_151815.jpg,2025_10_21_RSFB-Phenotyping_GG1_JLU/2025_10_21_RSFB-Phenotyping_GG1_JLU/20251021_162109.jpg,plot_e7c3e4a405d958645dc0,plot_60d8a72fe06bef6e6da4,45.0,17.5,1.0,6.400000095367432,0.00011708230886142701
2025_10_21_RSFB-Phenotyping_GG1_JLU/2025_10_21_RSFB-Phenotyping_GG1_JLU/20251021_151815.jpg,2025_10_21_RSFB-Phenotyping_GG1_JLU/2025_10_21_RSFB-Phenotyping_GG1_JLU/20251021_132342.jpg,plot_e7c3e4a405d958645dc0,plot_df712240205f755d4453,45.0,17.5,12.0,2.5,0.00011708230886142701
2025_10_21_RSFB-Phenotyping_GG1_JLU/2025_10_21_RSFB-Phenotyping_GG1_JLU/20251021_151815.jpg,2025_10_21_RSFB-Phenotyping_GG1_JLU/2025_10_21_RSFB-Phenotyping_GG1_JLU/20251021_155302.jpg,plot_e7c3e4a405d958645dc0,plot_cb17d6bcad8ffccbde51,45.0,17.5,1.0,10.5,0.00011708230886142701
2025_10_21_RSFB-Phenotyping_GG1_JLU/2025_10_21_RSFB-Phenotyping_GG1_JLU/20251021_151815.jpg,2025_10_21_RSFB-Phenotyping_GG1_JLU/2025_10_21_RSFB-Phenotyping_GG1_JLU/20251021_154649.jpg,plot_e7c3e4a405d958645dc0,plot_f974c33b3b939aa5f878,45.0,17.5,2.0,9.5,0.00011708230886142701
2025_10_21_RSFB-Phenotyping_GG1_JLU/2025_10_21_RSFB-Phenotyping_GG1_JLU/20251021_151815.jpg,2025_10_21_RSFB-Phenotyping_GG1_JLU/2025_10_21_RSFB-Phenotyping_GG1_JLU/20251021_152457.jpg,plot_e7c3e4a405d958645dc0,plot_cf8f8145824cff35d237,45.0,17.5,3.0,9.5,0.00011708230886142701
2025_10_21_RSFB-Phenotyping_GG1_JLU/2025_10_21_RSFB-Phenotyping_GG1_JLU/20251021_151815.jpg,2025_10_21_RSFB-Phenotyping_GG1_JLU/2025_10_21_RSFB-Phenotyping_GG1_JLU/20251021_153825.jpg,plot_e7c3e4a405d958645dc0,plot_64e19f5de9c116d1fbb6,45.0,17.5,3.0,8.5,0.00011708230886142701
2025_10_21_RSFB-Phenotyping_GG1_JLU/2025_10_21_RSFB-Phenotyping_GG1_JLU/20251021_151815.jpg,2025_10_21_RSFB-Phenotyping_GG1_JLU/2025_10_21_RSFB-Phenotyping_GG1_JLU/20251021_123107.jpg,plot_e7c3e4a405d958645dc0,plot_5700cee80bc5a6e207ec,45.0,17.5,10.0,2.0,0.00011708230886142701
2025_10_21_RSFB-Phenotyping_GG1_JLU/2025_10_21_RSFB-Phenotyping_GG1_JLU/20251021_151815.jpg,2025_10_21_RSFB-Phenotyping_GG1_JLU/2025_10_21_RSFB-Phenotyping_GG1_JLU/20251021_161415.jpg,plot_e7c3e4a405d958645dc0,plot_6db75ec8b4bf1739f8b3,45.0,17.5,10.0,4.5,0.00011708230886142701
2025_10_21_RSFB-Phenotyping_GG1_JLU/2025_10_21_RSFB-Phenotyping_GG1_JLU/20251021_151815.jpg,2025_10_21_RSFB-Phenotyping_GG1_JLU/2025_10_21_RSFB-Phenotyping_GG1_JLU/20251021_155939.jpg,plot_e7c3e4a405d958645dc0,plot_b351f823b8a0415f9230,45.0,17.5,3.0,10.0,0.00011708230886142701
2025_10_21_RSFB-Phenotyping_GG1_JLU/2025_10_21_RSFB-Phenotyping_GG1_JLU/20251021_151815.jpg,2025_10_21_RSFB-Phenotyping_GG1_JLU/2025_10_21_RSFB-Phenotyping_GG1_JLU/20251021_121314.jpg,plot_e7c3e4a405d958645dc0,plot_0de14b7453cf30ed2a1c,45.0,17.5,2.0,7.5,0.00011708230886142701
2025_10_21_RSFB-Phenotyping_GG1_JLU/2025_10_21_RSFB-Phenotyping_GG1_JLU/20251021_151815.jpg,2025_10_21_RSFB-Phenotyping_GG1_JLU/2025_10_21_RSFB-Phenotyping_GG1_JLU/20251021_132550.jpg,plot_e7c3e4a405d958645dc0,plot_cff264c1afb9a1cf9473,45.0,17.5,2.0,8.5,0.00011708230886142701
2025_10_21_RSFB-Phenotyping_GG1_JLU/2025_10_21_RSFB-Phenotyping_GG1_JLU/20251021_151815.jpg,2025_10_21_RSFB-Phenotyping_GG1_JLU/2025_10_21_RSFB-Phenotyping_GG1_JLU/20251021_121301.jpg,plot_e7c3e4a405d958645dc0,plot_09d8a533567043e69854,45.0,17.5,1.0,8.0,0.00011708230886142701
2025_10_21_RSFB-Phenotyping_GG1_JLU/2025_10_21_RSFB-Phenotyping_GG1_JLU/20251021_151815.jpg,2025_10_21_RSFB-Phenotyping_GG1_JLU/2025_10_21_RSFB-Phenotyping_GG1_JLU/20251021_160047.jpg,plot_e7c3e4a405d958645dc0,plot_ecb8a2d7a20b5079cedb,45.0,17.5,2.0,8.5,0.00011708230886142701
2025_10_21_RSFB-Phenotyping_GG1_JLU/2025_10_21_RSFB-Phenotyping_GG1_JLU/20251021_151815.jpg,2025_10_21_RSFB-Phenotyping_GG1_JLU/2025_10_21_RSFB-Phenotyping_GG1_JLU/20251021_161549.jpg,plot_e7c3e4a405d958645dc0,plot_5008f76cf0a562f63097,45.0,17.5,7.0,1.7000000476837158,0.00011708230886142701
2025_10_21_RSFB-Phenotyping_GG1_JLU/2025_10_21_RSFB-Phenotyping_GG1_JLU/20251021_151815.jpg,2025_10_21_RSFB-Phenotyping_GG1_JLU/2025_10_21_RSFB-Phenotyping_GG1_JLU/20251021_151439.jpg,plot_e7c3e4a405d958645dc0,plot_f19419da98fe0824600a,45.0,17.5,8.0,2.5,0.00011708230886142701
2025_10_21_RSFB-Phenotyping_GG1_JLU/2025_10_21_RSFB-Phenotyping_GG1_JLU/20251021_151815.jpg,2025_10_21_RSFB-Phenotyping_GG1_JLU/2025_10_21_RSFB-Phenotyping_GG1_JLU/20251021_161242.jpg,plot_e7c3e4a405d958645dc0,plot_c08c9fc75665c975b852,45.0,17.5,1.0,6.5,0.00011708230886142701
2025_10_21_RSFB-Phenotyping_GG1_JLU/2025_10_21_RSFB-Phenotyping_GG1_JLU/20251021_151815.jpg,2025_10_21_RSFB-Phenotyping_GG1_JLU/2025_10_21_RSFB-Phenotyping_GG1_JLU/20251021_155103.jpg,plot_e7c3e4a405d958645dc0,plot_b499b14eca911be3b991,45.0,17.5,12.0,1.0,0.00011708230886142701
2025_10_21_RSFB-Phenotyping_GG1_JLU/2025_10_21_RSFB-Phenotyping_GG1_JLU/20251021_160023.jpg,2025_10_21_RSFB-Phenotyping_GG1_JLU/2025_10_21_RSFB-Phenotyping_GG1_JLU/20251021_131419.jpg,plot_c4f0ab8ea577a0777829,plot_e26908bc9222e28c92ff,27.0,20.5,10.0,4.5,0.000342465762514621
2025_10_21_RSFB-Phenotyping_GG1_JLU/2025_10_21_RSFB-Phenotyping_GG1_JLU/20251021_160023.jpg,2025_10_21_RSFB-Phenotyping_GG1_JLU/2025_10_21_RSFB-Phenotyping_GG1_JLU/20251021_160307.jpg,plot_c4f0ab8ea577a0777829,plot_80ee42a305b824b5337d,27.0,20.5,1.0,15.0,0.000342465762514621
2025_10_21_RSFB-Phenotyping_GG1_JLU/2025_10_21_RSFB-Phenotyping_GG1_JLU/20251021_160023.jpg,2025_10_21_RSFB-Phenotyping_GG1_JLU/2025_10_21_RSFB-Phenotyping_GG1_JLU/20251021_123107.jpg,plot_c4f0ab8ea577a0777829,plot_5700cee80bc5a6e207ec,27.0,20.5,10.0,2.0,0.000342465762514621
2025_10_21_RSFB-Phenotyping_GG1_JLU/2025_10_21_RSFB-Phenotyping_GG1_JLU/20251021_160023.jpg,2025_10_21_RSFB-Phenotyping_GG1_JLU/2025_10_21_RSFB-Phenotyping_GG1_JLU/20251021_151915.jpg,plot_c4f0ab8ea577a0777829,plot_6ca7eb46f81c9ecf993b,27.0,20.5,12.0,5.5,0.000342465762514621
2025_10_21_RSFB-Phenotyping_GG1_JLU/2025_10_21_RSFB-Phenotyping_GG1_JLU/20251021_160023.jpg,2025_10_21_RSFB-Phenotyping_GG1_JLU/2025_10_21_RSFB-Phenotyping_GG1_JLU/20251021_154649.jpg,plot_c4f0ab8ea577a0777829,plot_f974c33b3b939aa5f878,27.0,20.5,2.0,9.5,0.000342465762514621
2025_10_21_RSFB-Phenotyping_GG1_JLU/2025_10_21_RSFB-Phenotyping_GG1_JLU/20251021_160023.jpg,2025_10_21_RSFB-Phenotyping_GG1_JLU/2025_10_21_RSFB-Phenotyping_GG1_JLU/20251021_130209.jpg,plot_c4f0ab8ea577a0777829,plot_be7d2dcdea72b37dc9bf,27.0,20.5,15.0,7.5,0.000342465762514621
2025_10_21_RSFB-Phenotyping_GG1_JLU/2025_10_21_RSFB-Phenotyping_GG1_JLU/20251021_160023.jpg,2025_10_21_RSFB-Phenotyping_GG1_JLU/2025_10_21_RSFB-Phenotyping_GG1_JLU/20251021_155302.jpg,plot_c4f0ab8ea577a0777829,plot_cb17d6bcad8ffccbde51,27.0,20.5,1.0,10.5,0.000342465762514621
2025_10_21_RSFB-Phenotyping_GG1_JLU/2025_10_21_RSFB-Phenotyping_GG1_JLU/20251021_160023.jpg,2025_10_21_RSFB-Phenotyping_GG1_JLU/2025_10_21_RSFB-Phenotyping_GG1_JLU/20251021_124500.jpg,plot_c4f0ab8ea577a0777829,plot_ea75df3b909465cef7b1,27.0,20.5,5.0,12.0,0.000342465762514621
2025_10_21_RSFB-Phenotyping_GG1_JLU/2025_10_21_RSFB-Phenotyping_GG1_JLU/20251021_160023.jpg,2025_10_21_RSFB-Phenotyping_GG1_JLU/2025_10_21_RSFB-Phenotyping_GG1_JLU/20251021_125901.jpg,plot_c4f0ab8ea577a0777829,plot_7afc7682bc0b0be61f6b,27.0,20.5,2.0,10.0,0.000342465762514621
2025_10_21_RSFB-Phenotyping_GG1_JLU/2025_10_21_RSFB-Phenotyping_GG1_JLU/20251021_160023.jpg,2025_10_21_RSFB-Phenotyping_GG1_JLU/2025_10_21_RSFB-Phenotyping_GG1_JLU/20251021_121246.jpg,plot_c4f0ab8ea577a0777829,plot_09d8a533567043e69854,27.0,20.5,7.0,13.5,0.000342465762514621
2025_10_21_RSFB-Phenotyping_GG1_JLU/2025_10_21_RSFB-Phenotyping_GG1_JLU/20251021_160023.jpg,2025_10_21_RSFB-Phenotyping_GG1_JLU/2025_10_21_RSFB-Phenotyping_GG1_JLU/20251021_124358.jpg,plot_c4f0ab8ea577a0777829,plot_e77622de4cce1b168140,27.0,20.5,3.0,11.0,0.000342465762514621
2025_10_21_RSFB-Phenotyping_GG1_JLU/2025_10_21_RSFB-Phenotyping_GG1_JLU/20251021_160023.jpg,2025_10_21_RSFB-Phenotyping_GG1_JLU/2025_10_21_RSFB-Phenotyping_GG1_JLU/20251021_130045.jpg,plot_c4f0ab8ea577a0777829,plot_7c9b9d5dc347e36cbea8,27.0,20.5,15.0,9.0,0.000342465762514621
2025_10_21_RSFB-Phenotyping_GG1_JLU/2025_10_21_RSFB-Phenotyping_GG1_JLU/20251021_160023.jpg,2025_10_21_RSFB-Phenotyping_GG1_JLU/2025_10_21_RSFB-Phenotyping_GG1_JLU/20251021_161242.jpg,plot_c4f0ab8ea577a0777829,plot_c08c9fc75665c975b852,27.0,20.5,1.0,6.5,0.000342465762514621
2025_10_21_RSFB-Phenotyping_GG1_JLU/2025_10_21_RSFB-Phenotyping_GG1_JLU/20251021_160023.jpg,2025_10_21_RSFB-Phenotyping_GG1_JLU/2025_10_21_RSFB-Phenotyping_GG1_JLU/20251021_162830.jpg,plot_c4f0ab8ea577a0777829,plot_bea3390e83dfe4b9a220,27.0,20.5,15.0,8.5,0.000342465762514621
2025_10_21_RSFB-Phenotyping_GG1_JLU/2025_10_21_RSFB-Phenotyping_GG1_JLU/20251021_160023.jpg,2025_10_21_RSFB-Phenotyping_GG1_JLU/2025_10_21_RSFB-Phenotyping_GG1_JLU/20251021_130529.jpg,plot_c4f0ab8ea577a0777829,plot_883726baafccd2304661,27.0,20.5,2.0,7.5,0.000342465762514621
2025_10_21_RSFB-Phenotyping_GG1_JLU/2025_10_21_RSFB-Phenotyping_GG1_JLU/20251021_160023.jpg,2025_10_21_RSFB-Phenotyping_GG1_JLU/2025_10_21_RSFB-Phenotyping_GG1_JLU/20251021_122402.jpg,plot_c4f0ab8ea577a0777829,plot_16577622d2052f869752,27.0,20.5,15.0,7.0,0.000342465762514621
2025_10_21_RSFB-Phenotyping_GG1_JLU/2025_10_21_RSFB-Phenotyping_GG1_JLU/20251021_160023.jpg,2025_10_21_RSFB-Phenotyping_GG1_JLU/2025_10_21_RSFB-Phenotyping_GG1_JLU/20251021_160047.jpg,plot_c4f0ab8ea577a0777829,plot_ecb8a2d7a20b5079cedb,27.0,20.5,2.0,8.5,0.000342465762514621
2025_10_21_RSFB-Phenotyping_GG1_JLU/2025_10_21_RSFB-Phenotyping_GG1_JLU/20251021_160023.jpg,2025_10_21_RSFB-Phenotyping_GG1_JLU/2025_10_21_RSFB-Phenotyping_GG1_JLU/20251021_160003.jpg,plot_c4f0ab8ea577a0777829,plot_70e089493510c6f73a3d,27.0,20.5,15.0,7.0,0.000342465762514621
2025_10_21_RSFB-Phenotyping_GG1_JLU/2025_10_21_RSFB-Phenotyping_GG1_JLU/20251021_160023.jpg,2025_10_21_RSFB-Phenotyping_GG1_JLU/2025_10_21_RSFB-Phenotyping_GG1_JLU/20251021_151432.jpg,plot_c4f0ab8ea577a0777829,plot_f19419da98fe0824600a,27.0,20.5,2.0,12.5,0.000342465762514621
2025_10_21_RSFB-Phenotyping_GG1_JLU/2025_10_21_RSFB-Phenotyping_GG1_JLU/20251021_160023.jpg,2025_10_21_RSFB-Phenotyping_GG1_JLU/2025_10_21_RSFB-Phenotyping_GG1_JLU/20251021_155808.jpg,plot_c4f0ab8ea577a0777829,plot_7b5226474d03f55ab84a,27.0,20.5,2.0,15.0,0.000342465762514621
2025_10_21_RSFB-Phenotyping_GG1_JLU/2025_10_21_RSFB-Phenotyping_GG1_JLU/20251021_160023.jpg,2025_10_21_RSFB-Phenotyping_GG1_JLU/2025_10_21_RSFB-Phenotyping_GG1_JLU/20251021_130128.jpg,plot_c4f0ab8ea577a0777829,plot_77196a9ec72c575b5b40,27.0,20.5,10.0,4.5,0.000342465762514621
2025_10_21_RSFB-Phenotyping_GG1_JLU/2025_10_21_RSFB-Phenotyping_GG1_JLU/20251021_160023.jpg,2025_10_21_RSFB-Phenotyping_GG1_JLU/2025_10_21_RSFB-Phenotyping_GG1_JLU/20251021_161624.jpg,plot_c4f0ab8ea577a0777829,plot_3361cc58e772149f169e,27.0,20.5,12.0,3.0,0.000342465762514621
2025_10_21_RSFB-Phenotyping_GG1_JLU/2025_10_21_RSFB-Phenotyping_GG1_JLU/20251021_160023.jpg,2025_10_21_RSFB-Phenotyping_GG1_JLU/2025_10_21_RSFB-Phenotyping_GG1_JLU/20251021_162109.jpg,plot_c4f0ab8ea577a0777829,plot_60d8a72fe06bef6e6da4,27.0,20.5,1.0,6.400000095367432,0.000342465762514621
2025_10_21_RSFB-Phenotyping_GG1_JLU/2025_10_21_RSFB-Phenotyping_GG1_JLU/20251021_160023.jpg,2025_10_21_RSFB-Phenotyping_GG1_JLU/2025_10_21_RSFB-Phenotyping_GG1_JLU/20251021_125439.jpg,plot_c4f0ab8ea577a0777829,plot_ccfe1e329b419e50732e,27.0,20.5,13.0,6.5,0.000342465762514621
2025_10_21_RSFB-Phenotyping_GG1_JLU/2025_10_21_RSFB-Phenotyping_GG1_JLU/20251021_160023.jpg,2025_10_21_RSFB-Phenotyping_GG1_JLU/2025_10_21_RSFB-Phenotyping_GG1_JLU/20251021_152653.jpg,plot_c4f0ab8ea577a0777829,plot_fe93ef196b1a8b77de19,27.0,20.5,1.0,8.5,0.000342465762514621
2025_10_21_RSFB-Phenotyping_GG1_JLU/2025_10_21_RSFB-Phenotyping_GG1_JLU/20251021_160023.jpg,2025_10_21_RSFB-Phenotyping_GG1_JLU/2025_10_21_RSFB-Phenotyping_GG1_JLU/20251021_125431.jpg,plot_c4f0ab8ea577a0777829,plot_ccfe1e329b419e50732e,27.0,20.5,13.0,3.0,0.000342465762514621
2025_10_21_RSFB-Phenotyping_GG1_JLU/2025_10_21_RSFB-Phenotyping_GG1_JLU/20251021_160023.jpg,2025_10_21_RSFB-Phenotyping_GG1_JLU/2025_10_21_RSFB-Phenotyping_GG1_JLU/20251021_121314.jpg,plot_c4f0ab8ea577a0777829,plot_0de14b7453cf30ed2a1c,27.0,20.5,2.0,7.5,0.000342465762514621
2025_10_21_RSFB-Phenotyping_GG1_JLU/2025_10_21_RSFB-Phenotyping_GG1_JLU/20251021_160023.jpg,2025_10_21_RSFB-Phenotyping_GG1_JLU/2025_10_21_RSFB-Phenotyping_GG1_JLU/20251021_122605.jpg,plot_c4f0ab8ea577a0777829,plot_4460e7e9889b69d86dd3,27.0,20.5,1.0,14.0,0.000342465762514621
2025_10_21_RSFB-Phenotyping_GG1_JLU/2025_10_21_RSFB-Phenotyping_GG1_JLU/20251021_160023.jpg,2025_10_21_RSFB-Phenotyping_GG1_JLU/2025_10_21_RSFB-Phenotyping_GG1_JLU/20251021_121113.jpg,plot_c4f0ab8ea577a0777829,plot_a7714d1b769d45a9b00a,27.0,20.5,2.0,10.0,0.000342465762514621
2025_10_21_RSFB-Phenotyping_GG1_JLU/2025_10_21_RSFB-Phenotyping_GG1_JLU/20251021_160023.jpg,2025_10_21_RSFB-Phenotyping_GG1_JLU/2025_10_21_RSFB-Phenotyping_GG1_JLU/20251021_121843.jpg,plot_c4f0ab8ea577a0777829,plot_08853fb661302206a300,27.0,20.5,4.0,12.0,0.000342465762514621
2025_10_21_RSFB-Phenotyping_GG1_JLU/2025_10_21_RSFB-Phenotyping_GG1_JLU/20251021_160023.jpg,2025_10_21_RSFB-Phenotyping_GG1_JLU/2025_10_21_RSFB-Phenotyping_GG1_JLU/20251021_121301.jpg,plot_c4f0ab8ea577a0777829,plot_09d8a533567043e69854,27.0,20.5,1.0,8.0,0.000342465762514621
2025_10_21_RSFB-Phenotyping_GG1_JLU/2025_10_21_RSFB-Phenotyping_GG1_JLU/20251021_160023.jpg,2025_10_21_RSFB-Phenotyping_GG1_JLU/2025_10_21_RSFB-Phenotyping_GG1_JLU/20251021_161857.jpg,plot_c4f0ab8ea577a0777829,plot_490a77dae7954530a2a4,27.0,20.5,5.0,13.300000190734863,0.000342465762514621
2025_10_21_RSFB-Phenotyping_GG1_JLU/2025_10_21_RSFB-Phenotyping_GG1_JLU/20251021_160023.jpg,2025_10_21_RSFB-Phenotyping_GG1_JLU/2025_10_21_RSFB-Phenotyping_GG1_JLU/20251021_155939.jpg,plot_c4f0ab8ea577a0777829,plot_b351f823b8a0415f9230,27.0,20.5,3.0,10.0,0.000342465762514621
2025_10_21_RSFB-Phenotyping_GG1_JLU/2025_10_21_RSFB-Phenotyping_GG1_JLU/20251021_160023.jpg,2025_10_21_RSFB-Phenotyping_GG1_JLU/2025_10_21_RSFB-Phenotyping_GG1_JLU/20251021_133018.jpg,plot_c4f0ab8ea577a0777829,plot_29ad4a9860449a68b25f,27.0,20.5,15.0,6.5,0.000342465762514621
2025_10_21_RSFB-Phenotyping_GG1_JLU/2025_10_21_RSFB-Phenotyping_GG1_JLU/20251021_160023.jpg,2025_10_21_RSFB-Phenotyping_GG1_JLU/2025_10_21_RSFB-Phenotyping_GG1_JLU/20251021_132424.jpg,plot_c4f0ab8ea577a0777829,plot_04441862d5c5dd0b49cc,27.0,20.5,10.0,2.5,0.000342465762514621
2025_10_21_RSFB-Phenotyping_GG1_JLU/2025_10_21_RSFB-Phenotyping_GG1_JLU/20251021_160023.jpg,2025_10_21_RSFB-Phenotyping_GG1_JLU/2025_10_21_RSFB-Phenotyping_GG1_JLU/20251021_132801.jpg,plot_c4f0ab8ea577a0777829,plot_b2decf1cbf56bcdc6d32,27.0,20.5,3.0,12.5,0.000342465762514621
2025_10_21_RSFB-Phenotyping_GG1_JLU/2025_10_21_RSFB-Phenotyping_GG1_JLU/20251021_160023.jpg,2025_10_21_RSFB-Phenotyping_GG1_JLU/2025_10_21_RSFB-Phenotyping_GG1_JLU/20251021_160301.jpg,plot_c4f0ab8ea577a0777829,plot_80ee42a305b824b5337d,27.0,20.5,2.0,12.5,0.000342465762514621
2025_10_21_RSFB-Phenotyping_GG1_JLU/2025_10_21_RSFB-Phenotyping_GG1_JLU/20251021_160023.jpg,2025_10_21_RSFB-Phenotyping_GG1_JLU/2025_10_21_RSFB-Phenotyping_GG1_JLU/20251021_124615.jpg,plot_c4f0ab8ea577a0777829,plot_9e661ae87ec066049f1f,27.0,20.5,5.0,11.5,0.000342465762514621
2025_10_21_RSFB-Phenotyping_GG1_JLU/2025_10_21_RSFB-Phenotyping_GG1_JLU/20251021_160023.jpg,2025_10_21_RSFB-Phenotyping_GG1_JLU/2025_10_21_RSFB-Phenotyping_GG1_JLU/20251021_155103.jpg,plot_c4f0ab8ea577a0777829,plot_b499b14eca911be3b991,27.0,20.5,12.0,1.0,0.000342465762514621
2025_10_21_RSFB-Phenotyping_GG1_JLU/2025_10_21_RSFB-Phenotyping_GG1_JLU/20251021_160023.jpg,2025_10_21_RSFB-Phenotyping_GG1_JLU/2025_10_21_RSFB-Phenotyping_GG1_JLU/20251021_130737.jpg,plot_c4f0ab8ea577a0777829,plot_4c9e8c4301206d84387b,27.0,20.5,13.0,2.0,0.000342465762514621
2025_10_21_RSFB-Phenotyping_GG1_JLU/2025_10_21_RSFB-Phenotyping_GG1_JLU/20251021_121943.jpg,2025_10_21_RSFB-Phenotyping_GG1_JLU/2025_10_21_RSFB-Phenotyping_GG1_JLU/20251021_155939.jpg,plot_fc292ac3221828037f2a,plot_b351f823b8a0415f9230,30.0,18.0,3.0,10.0,0.0002795638865791261
2025_10_21_RSFB-Phenotyping_GG1_JLU/2025_10_21_RSFB-Phenotyping_GG1_JLU/20251021_121943.jpg,2025_10_21_RSFB-Phenotyping_GG1_JLU/2025_10_21_RSFB-Phenotyping_GG1_JLU/20251021_123202.jpg,plot_fc292ac3221828037f2a,plot_a3e331c4e6fce2b877bd,30.0,18.0,5.0,12.0,0.0002795638865791261
2025_10_21_RSFB-Phenotyping_GG1_JLU/2025_10_21_RSFB-Phenotyping_GG1_JLU/20251021_121943.jpg,2025_10_21_RSFB-Phenotyping_GG1_JLU/2025_10_21_RSFB-Phenotyping_GG1_JLU/20251021_122046.jpg,plot_fc292ac3221828037f2a,plot_166bd930c637bcfcd528,30.0,18.0,2.0,7.900000095367432,0.0002795638865791261
2025_10_21_RSFB-Phenotyping_GG1_JLU/2025_10_21_RSFB-Phenotyping_GG1_JLU/20251021_121943.jpg,2025_10_21_RSFB-Phenotyping_GG1_JLU/2025_10_21_RSFB-Phenotyping_GG1_JLU/20251021_124615.jpg,plot_fc292ac3221828037f2a,plot_9e661ae87ec066049f1f,30.0,18.0,5.0,11.5,0.0002795638865791261
2025_10_21_RSFB-Phenotyping_GG1_JLU/2025_10_21_RSFB-Phenotyping_GG1_JLU/20251021_121943.jpg,2025_10_21_RSFB-Phenotyping_GG1_JLU/2025_10_21_RSFB-Phenotyping_GG1_JLU/20251021_130128.jpg,plot_fc292ac3221828037f2a,plot_77196a9ec72c575b5b40,30.0,18.0,10.0,4.5,0.0002795638865791261
2025_10_21_RSFB-Phenotyping_GG1_JLU/2025_10_21_RSFB-Phenotyping_GG1_JLU/20251021_121943.jpg,2025_10_21_RSFB-Phenotyping_GG1_JLU/2025_10_21_RSFB-Phenotyping_GG1_JLU/20251021_151915.jpg,plot_fc292ac3221828037f2a,plot_6ca7eb46f81c9ecf993b,30.0,18.0,12.0,5.5,0.0002795638865791261
2025_10_21_RSFB-Phenotyping_GG1_JLU/2025_10_21_RSFB-Phenotyping_GG1_JLU/20251021_121943.jpg,2025_10_21_RSFB-Phenotyping_GG1_JLU/2025_10_21_RSFB-Phenotyping_GG1_JLU/20251021_161415.jpg,plot_fc292ac3221828037f2a,plot_6db75ec8b4bf1739f8b3,30.0,18.0,10.0,4.5,0.0002795638865791261
2025_10_21_RSFB-Phenotyping_GG1_JLU/2025_10_21_RSFB-Phenotyping_GG1_JLU/20251021_121943.jpg,2025_10_21_RSFB-Phenotyping_GG1_JLU/2025_10_21_RSFB-Phenotyping_GG1_JLU/20251021_121843.jpg,plot_fc292ac3221828037f2a,plot_08853fb661302206a300,30.0,18.0,4.0,12.0,0.0002795638865791261
2025_10_21_RSFB-Phenotyping_GG1_JLU/2025_10_21_RSFB-Phenotyping_GG1_JLU/20251021_121943.jpg,2025_10_21_RSFB-Phenotyping_GG1_JLU/2025_10_21_RSFB-Phenotyping_GG1_JLU/20251021_131419.jpg,plot_fc292ac3221828037f2a,plot_e26908bc9222e28c92ff,30.0,18.0,10.0,4.5,0.0002795638865791261
2025_10_21_RSFB-Phenotyping_GG1_JLU/2025_10_21_RSFB-Phenotyping_GG1_JLU/20251021_121943.jpg,2025_10_21_RSFB-Phenotyping_GG1_JLU/2025_10_21_RSFB-Phenotyping_GG1_JLU/20251021_132801.jpg,plot_fc292ac3221828037f2a,plot_b2decf1cbf56bcdc6d32,30.0,18.0,3.0,12.5,0.0002795638865791261
2025_10_21_RSFB-Phenotyping_GG1_JLU/2025_10_21_RSFB-Phenotyping_GG1_JLU/20251021_121943.jpg,2025_10_21_RSFB-Phenotyping_GG1_JLU/2025_10_21_RSFB-Phenotyping_GG1_JLU/20251021_152457.jpg,plot_fc292ac3221828037f2a,plot_cf8f8145824cff35d237,30.0,18.0,3.0,9.5,0.0002795638865791261
2025_10_21_RSFB-Phenotyping_GG1_JLU/2025_10_21_RSFB-Phenotyping_GG1_JLU/20251021_121943.jpg,2025_10_21_RSFB-Phenotyping_GG1_JLU/2025_10_21_RSFB-Phenotyping_GG1_JLU/20251021_124500.jpg,plot_fc292ac3221828037f2a,plot_ea75df3b909465cef7b1,30.0,18.0,5.0,12.0,0.0002795638865791261
2025_10_21_RSFB-Phenotyping_GG1_JLU/2025_10_21_RSFB-Phenotyping_GG1_JLU/20251021_121943.jpg,2025_10_21_RSFB-Phenotyping_GG1_JLU/2025_10_21_RSFB-Phenotyping_GG1_JLU/20251021_162109.jpg,plot_fc292ac3221828037f2a,plot_60d8a72fe06bef6e6da4,30.0,18.0,1.0,6.400000095367432,0.0002795638865791261
2025_10_21_RSFB-Phenotyping_GG1_JLU/2025_10_21_RSFB-Phenotyping_GG1_JLU/20251021_121943.jpg,2025_10_21_RSFB-Phenotyping_GG1_JLU/2025_10_21_RSFB-Phenotyping_GG1_JLU/20251021_161624.jpg,plot_fc292ac3221828037f2a,plot_3361cc58e772149f169e,30.0,18.0,12.0,3.0,0.0002795638865791261
2025_10_21_RSFB-Phenotyping_GG1_JLU/2025_10_21_RSFB-Phenotyping_GG1_JLU/20251021_121943.jpg,2025_10_21_RSFB-Phenotyping_GG1_JLU/2025_10_21_RSFB-Phenotyping_GG1_JLU/20251021_161549.jpg,plot_fc292ac3221828037f2a,plot_5008f76cf0a562f63097,30.0,18.0,7.0,1.7000000476837158,0.0002795638865791261
2025_10_21_RSFB-Phenotyping_GG1_JLU/2025_10_21_RSFB-Phenotyping_GG1_JLU/20251021_121943.jpg,2025_10_21_RSFB-Phenotyping_GG1_JLU/2025_10_21_RSFB-Phenotyping_GG1_JLU/20251021_154649.jpg,plot_fc292ac3221828037f2a,plot_f974c33b3b939aa5f878,30.0,18.0,2.0,9.5,0.0002795638865791261
2025_10_21_RSFB-Phenotyping_GG1_JLU/2025_10_21_RSFB-Phenotyping_GG1_JLU/20251021_121943.jpg,2025_10_21_RSFB-Phenotyping_GG1_JLU/2025_10_21_RSFB-Phenotyping_GG1_JLU/20251021_155302.jpg,plot_fc292ac3221828037f2a,plot_cb17d6bcad8ffccbde51,30.0,18.0,1.0,10.5,0.0002795638865791261
2025_10_21_RSFB-Phenotyping_GG1_JLU/2025_10_21_RSFB-Phenotyping_GG1_JLU/20251021_121943.jpg,2025_10_21_RSFB-Phenotyping_GG1_JLU/2025_10_21_RSFB-Phenotyping_GG1_JLU/20251021_125901.jpg,plot_fc292ac3221828037f2a,plot_7afc7682bc0b0be61f6b,30.0,18.0,2.0,10.0,0.0002795638865791261
2025_10_21_RSFB-Phenotyping_GG1_JLU/2025_10_21_RSFB-Phenotyping_GG1_JLU/20251021_121943.jpg,2025_10_21_RSFB-Phenotyping_GG1_JLU/2025_10_21_RSFB-Phenotyping_GG1_JLU/20251021_151439.jpg,plot_fc292ac3221828037f2a,plot_f19419da98fe0824600a,30.0,18.0,8.0,2.5,0.0002795638865791261
2025_10_21_RSFB-Phenotyping_GG1_JLU/2025_10_21_RSFB-Phenotyping_GG1_JLU/20251021_121943.jpg,2025_10_21_RSFB-Phenotyping_GG1_JLU/2025_10_21_RSFB-Phenotyping_GG1_JLU/20251021_152653.jpg,plot_fc292ac3221828037f2a,plot_fe93ef196b1a8b77de19,30.0,18.0,1.0,8.5,0.0002795638865791261
2025_10_21_RSFB-Phenotyping_GG1_JLU/2025_10_21_RSFB-Phenotyping_GG1_JLU/20251021_121943.jpg,2025_10_21_RSFB-Phenotyping_GG1_JLU/2025_10_21_RSFB-Phenotyping_GG1_JLU/20251021_132424.jpg,plot_fc292ac3221828037f2a,plot_04441862d5c5dd0b49cc,30.0,18.0,10.0,2.5,0.0002795638865791261
2025_10_21_RSFB-Phenotyping_GG1_JLU/2025_10_21_RSFB-Phenotyping_GG1_JLU/20251021_121943.jpg,2025_10_21_RSFB-Phenotyping_GG1_JLU/2025_10_21_RSFB-Phenotyping_GG1_JLU/20251021_121301.jpg,plot_fc292ac3221828037f2a,plot_09d8a533567043e69854,30.0,18.0,1.0,8.0,0.0002795638865791261
2025_10_21_RSFB-Phenotyping_GG1_JLU/2025_10_21_RSFB-Phenotyping_GG1_JLU/20251021_121943.jpg,2025_10_21_RSFB-Phenotyping_GG1_JLU/2025_10_21_RSFB-Phenotyping_GG1_JLU/20251021_160301.jpg,plot_fc292ac3221828037f2a,plot_80ee42a305b824b5337d,30.0,18.0,2.0,12.5,0.0002795638865791261
2025_10_21_RSFB-Phenotyping_GG1_JLU/2025_10_21_RSFB-Phenotyping_GG1_JLU/20251021_121943.jpg,2025_10_21_RSFB-Phenotyping_GG1_JLU/2025_10_21_RSFB-Phenotyping_GG1_JLU/20251021_155103.jpg,plot_fc292ac3221828037f2a,plot_b499b14eca911be3b991,30.0,18.0,12.0,1.0,0.0002795638865791261
2025_10_21_RSFB-Phenotyping_GG1_JLU/2025_10_21_RSFB-Phenotyping_GG1_JLU/20251021_121943.jpg,2025_10_21_RSFB-Phenotyping_GG1_JLU/2025_10_21_RSFB-Phenotyping_GG1_JLU/20251021_162116.jpg,plot_fc292ac3221828037f2a,plot_60d8a72fe06bef6e6da4,30.0,18.0,3.0,11.399999618530273,0.0002795638865791261
2025_10_21_RSFB-Phenotyping_GG1_JLU/2025_10_21_RSFB-Phenotyping_GG1_JLU/20251021_121943.jpg,2025_10_21_RSFB-Phenotyping_GG1_JLU/2025_10_21_RSFB-Phenotyping_GG1_JLU/20251021_160047.jpg,plot_fc292ac3221828037f2a,plot_ecb8a2d7a20b5079cedb,30.0,18.0,2.0,8.5,0.0002795638865791261
2025_10_21_RSFB-Phenotyping_GG1_JLU/2025_10_21_RSFB-Phenotyping_GG1_JLU/20251021_121943.jpg,2025_10_21_RSFB-Phenotyping_GG1_JLU/2025_10_21_RSFB-Phenotyping_GG1_JLU/20251021_121314.jpg,plot_fc292ac3221828037f2a,plot_0de14b7453cf30ed2a1c,30.0,18.0,2.0,7.5,0.0002795638865791261
2025_10_21_RSFB-Phenotyping_GG1_JLU/2025_10_21_RSFB-Phenotyping_GG1_JLU/20251021_121943.jpg,2025_10_21_RSFB-Phenotyping_GG1_JLU/2025_10_21_RSFB-Phenotyping_GG1_JLU/20251021_160831.jpg,plot_fc292ac3221828037f2a,plot_31ff4a85b21ababa7de0,30.0,18.0,1.0,9.5,0.0002795638865791261
2025_10_21_RSFB-Phenotyping_GG1_JLU/2025_10_21_RSFB-Phenotyping_GG1_JLU/20251021_121943.jpg,2025_10_21_RSFB-Phenotyping_GG1_JLU/2025_10_21_RSFB-Phenotyping_GG1_JLU/20251021_121113.jpg,plot_fc292ac3221828037f2a,plot_a7714d1b769d45a9b00a,30.0,18.0,2.0,10.0,0.0002795638865791261
2025_10_21_RSFB-Phenotyping_GG1_JLU/2025_10_21_RSFB-Phenotyping_GG1_JLU/20251021_121943.jpg,2025_10_21_RSFB-Phenotyping_GG1_JLU/2025_10_21_RSFB-Phenotyping_GG1_JLU/20251021_161242.jpg,plot_fc292ac3221828037f2a,plot_c08c9fc75665c975b852,30.0,18.0,1.0,6.5,0.0002795638865791261
2025_10_21_RSFB-Phenotyping_GG1_JLU/2025_10_21_RSFB-Phenotyping_GG1_JLU/20251021_121943.jpg,2025_10_21_RSFB-Phenotyping_GG1_JLU/2025_10_21_RSFB-Phenotyping_GG1_JLU/20251021_132550.jpg,plot_fc292ac3221828037f2a,plot_cff264c1afb9a1cf9473,30.0,18.0,2.0,8.5,0.0002795638865791261
2025_10_21_RSFB-Phenotyping_GG1_JLU/2025_10_21_RSFB-Phenotyping_GG1_JLU/20251021_121943.jpg,2025_10_21_RSFB-Phenotyping_GG1_JLU/2025_10_21_RSFB-Phenotyping_GG1_JLU/20251021_153825.jpg,plot_fc292ac3221828037f2a,plot_64e19f5de9c116d1fbb6,30.0,18.0,3.0,8.5,0.0002795638865791261
2025_10_21_RSFB-Phenotyping_GG1_JLU/2025_10_21_RSFB-Phenotyping_GG1_JLU/20251021_121943.jpg,2025_10_21_RSFB-Phenotyping_GG1_JLU/2025_10_21_RSFB-Phenotyping_GG1_JLU/20251021_132342.jpg,plot_fc292ac3221828037f2a,plot_df712240205f755d4453,30.0,18.0,12.0,2.5,0.0002795638865791261
2025_10_21_RSFB-Phenotyping_GG1_JLU/2025_10_21_RSFB-Phenotyping_GG1_JLU/20251021_121943.jpg,2025_10_21_RSFB-Phenotyping_GG1_JLU/2025_10_21_RSFB-Phenotyping_GG1_JLU/20251021_122557.jpg,plot_fc292ac3221828037f2a,plot_4460e7e9889b69d86dd3,30.0,18.0,2.0,10.0,0.0002795638865791261
2025_10_21_RSFB-Phenotyping_GG1_JLU/2025_10_21_RSFB-Phenotyping_GG1_JLU/20251021_121943.jpg,2025_10_21_RSFB-Phenotyping_GG1_JLU/2025_10_21_RSFB-Phenotyping_GG1_JLU/20251021_123107.jpg,plot_fc292ac3221828037f2a,plot_5700cee80bc5a6e207ec,30.0,18.0,10.0,2.0,0.0002795638865791261
2025_10_21_RSFB-Phenotyping_GG1_JLU/2025_10_21_RSFB-Phenotyping_GG1_JLU/20251021_121943.jpg,2025_10_21_RSFB-Phenotyping_GG1_JLU/2025_10_21_RSFB-Phenotyping_GG1_JLU/20251021_130529.jpg,plot_fc292ac3221828037f2a,plot_883726baafccd2304661,30.0,18.0,2.0,7.5,0.0002795638865791261
2025_10_21_RSFB-Phenotyping_GG1_JLU/2025_10_21_RSFB-Phenotyping_GG1_JLU/20251021_121943.jpg,2025_10_21_RSFB-Phenotyping_GG1_JLU/2025_10_21_RSFB-Phenotyping_GG1_JLU/20251021_151432.jpg,plot_fc292ac3221828037f2a,plot_f19419da98fe0824600a,30.0,18.0,2.0,12.5,0.0002795638865791261
2025_10_21_RSFB-Phenotyping_GG1_JLU/2025_10_21_RSFB-Phenotyping_GG1_JLU/20251021_121943.jpg,2025_10_21_RSFB-Phenotyping_GG1_JLU/2025_10_21_RSFB-Phenotyping_GG1_JLU/20251021_154622.jpg,plot_fc292ac3221828037f2a,plot_5d8d172daef4ef20984f,30.0,18.0,1.0,7.5,0.0002795638865791261
2025_10_21_RSFB-Phenotyping_GG1_JLU/2025_10_21_RSFB-Phenotyping_GG1_JLU/20251021_121943.jpg,2025_10_21_RSFB-Phenotyping_GG1_JLU/2025_10_21_RSFB-Phenotyping_GG1_JLU/20251021_151642.jpg,plot_fc292ac3221828037f2a,plot_f61b29267fecc01648f8,30.0,18.0,10.0,4.5,0.0002795638865791261
2025_10_21_RSFB-Phenotyping_GG1_JLU/2025_10_21_RSFB-Phenotyping_GG1_JLU/20251021_121943.jpg,2025_10_21_RSFB-Phenotyping_GG1_JLU/2025_10_21_RSFB-Phenotyping_GG1_JLU/20251021_124358.jpg,plot_fc292ac3221828037f2a,plot_e77622de4cce1b168140,30.0,18.0,3.0,11.0,0.0002795638865791261
2025_10_21_RSFB-Phenotyping_GG1_JLU/2025_10_21_RSFB-Phenotyping_GG1_JLU/20251021_162237.jpg,2025_10_21_RSFB-Phenotyping_GG1_JLU/2025_10_21_RSFB-Phenotyping_GG1_JLU/20251021_161242.jpg,plot_fdc1eee204451f31a80a,plot_c08c9fc75665c975b852,30.0,22.5,1.0,6.5,0.000342465762514621
2025_10_21_RSFB-Phenotyping_GG1_JLU/2025_10_21_RSFB-Phenotyping_GG1_JLU/20251021_162237.jpg,2025_10_21_RSFB-Phenotyping_GG1_JLU/2025_10_21_RSFB-Phenotyping_GG1_JLU/20251021_121843.jpg,plot_fdc1eee204451f31a80a,plot_08853fb661302206a300,30.0,22.5,4.0,12.0,0.000342465762514621
2025_10_21_RSFB-Phenotyping_GG1_JLU/2025_10_21_RSFB-Phenotyping_GG1_JLU/20251021_162237.jpg,2025_10_21_RSFB-Phenotyping_GG1_JLU/2025_10_21_RSFB-Phenotyping_GG1_JLU/20251021_155939.jpg,plot_fdc1eee204451f31a80a,plot_b351f823b8a0415f9230,30.0,22.5,3.0,10.0,0.000342465762514621
2025_10_21_RSFB-Phenotyping_GG1_JLU/2025_10_21_RSFB-Phenotyping_GG1_JLU/20251021_162237.jpg,2025_10_21_RSFB-Phenotyping_GG1_JLU/2025_10_21_RSFB-Phenotyping_GG1_JLU/20251021_161054.jpg,plot_fdc1eee204451f31a80a,plot_45f6d31ea6c6f3f4c15c,30.0,22.5,1.0,16.5,0.000342465762514621
2025_10_21_RSFB-Phenotyping_GG1_JLU/2025_10_21_RSFB-Phenotyping_GG1_JLU/20251021_162237.jpg,2025_10_21_RSFB-Phenotyping_GG1_JLU/2025_10_21_RSFB-Phenotyping_GG1_JLU/20251021_161549.jpg,plot_fdc1eee204451f31a80a,plot_5008f76cf0a562f63097,30.0,22.5,7.0,1.7000000476837158,0.000342465762514621
2025_10_21_RSFB-Phenotyping_GG1_JLU/2025_10_21_RSFB-Phenotyping_GG1_JLU/20251021_162237.jpg,2025_10_21_RSFB-Phenotyping_GG1_JLU/2025_10_21_RSFB-Phenotyping_GG1_JLU/20251021_161636.jpg,plot_fdc1eee204451f31a80a,plot_70a732f80b7b639118af,30.0,22.5,10.0,16.0,0.000342465762514621
2025_10_21_RSFB-Phenotyping_GG1_JLU/2025_10_21_RSFB-Phenotyping_GG1_JLU/20251021_162237.jpg,2025_10_21_RSFB-Phenotyping_GG1_JLU/2025_10_21_RSFB-Phenotyping_GG1_JLU/20251021_121113.jpg,plot_fdc1eee204451f31a80a,plot_a7714d1b769d45a9b00a,30.0,22.5,2.0,10.0,0.000342465762514621
2025_10_21_RSFB-Phenotyping_GG1_JLU/2025_10_21_RSFB-Phenotyping_GG1_JLU/20251021_162237.jpg,2025_10_21_RSFB-Phenotyping_GG1_JLU/2025_10_21_RSFB-Phenotyping_GG1_JLU/20251021_160307.jpg,plot_fdc1eee204451f31a80a,plot_80ee42a305b824b5337d,30.0,22.5,1.0,15.0,0.000342465762514621
2025_10_21_RSFB-Phenotyping_GG1_JLU/2025_10_21_RSFB-Phenotyping_GG1_JLU/20251021_162237.jpg,2025_10_21_RSFB-Phenotyping_GG1_JLU/2025_10_21_RSFB-Phenotyping_GG1_JLU/20251021_151432.jpg,plot_fdc1eee204451f31a80a,plot_f19419da98fe0824600a,30.0,22.5,2.0,12.5,0.000342465762514621
2025_10_21_RSFB-Phenotyping_GG1_JLU/2025_10_21_RSFB-Phenotyping_GG1_JLU/20251021_162237.jpg,2025_10_21_RSFB-Phenotyping_GG1_JLU/2025_10_21_RSFB-Phenotyping_GG1_JLU/20251021_125431.jpg,plot_fdc1eee204451f31a80a,plot_ccfe1e329b419e50732e,30.0,22.5,13.0,3.0,0.000342465762514621
2025_10_21_RSFB-Phenotyping_GG1_JLU/2025_10_21_RSFB-Phenotyping_GG1_JLU/20251021_162237.jpg,2025_10_21_RSFB-Phenotyping_GG1_JLU/2025_10_21_RSFB-Phenotyping_GG1_JLU/20251021_132342.jpg,plot_fdc1eee204451f31a80a,plot_df712240205f755d4453,30.0,22.5,12.0,2.5,0.000342465762514621
2025_10_21_RSFB-Phenotyping_GG1_JLU/2025_10_21_RSFB-Phenotyping_GG1_JLU/20251021_162237.jpg,2025_10_21_RSFB-Phenotyping_GG1_JLU/2025_10_21_RSFB-Phenotyping_GG1_JLU/20251021_152040.jpg,plot_fdc1eee204451f31a80a,plot_aace551e1ccebf79dd75,30.0,22.5,14.0,4.5,0.000342465762514621
2025_10_21_RSFB-Phenotyping_GG1_JLU/2025_10_21_RSFB-Phenotyping_GG1_JLU/20251021_162237.jpg,2025_10_21_RSFB-Phenotyping_GG1_JLU/2025_10_21_RSFB-Phenotyping_GG1_JLU/20251021_160714.jpg,plot_fdc1eee204451f31a80a,plot_ea99039aeae06bdc085a,30.0,22.5,1.0,13.0,0.000342465762514621
2025_10_21_RSFB-Phenotyping_GG1_JLU/2025_10_21_RSFB-Phenotyping_GG1_JLU/20251021_162237.jpg,2025_10_21_RSFB-Phenotyping_GG1_JLU/2025_10_21_RSFB-Phenotyping_GG1_JLU/20251021_130600.jpg,plot_fdc1eee204451f31a80a,plot_e6262167b576884b0c82,30.0,22.5,16.0,7.0,0.000342465762514621
2025_10_21_RSFB-Phenotyping_GG1_JLU/2025_10_21_RSFB-Phenotyping_GG1_JLU/20251021_162237.jpg,2025_10_21_RSFB-Phenotyping_GG1_JLU/2025_10_21_RSFB-Phenotyping_GG1_JLU/20251021_160047.jpg,plot_fdc1eee204451f31a80a,plot_ecb8a2d7a20b5079cedb,30.0,22.5,2.0,8.5,0.000342465762514621
2025_10_21_RSFB-Phenotyping_GG1_JLU/2025_10_21_RSFB-Phenotyping_GG1_JLU/20251021_162237.jpg,2025_10_21_RSFB-Phenotyping_GG1_JLU/2025_10_21_RSFB-Phenotyping_GG1_JLU/20251021_122013.jpg,plot_fdc1eee204451f31a80a,plot_de57345dfd586882f461,30.0,22.5,5.0,14.0,0.000342465762514621
2025_10_21_RSFB-Phenotyping_GG1_JLU/2025_10_21_RSFB-Phenotyping_GG1_JLU/20251021_162237.jpg,2025_10_21_RSFB-Phenotyping_GG1_JLU/2025_10_21_RSFB-Phenotyping_GG1_JLU/20251021_122046.jpg,plot_fdc1eee204451f31a80a,plot_166bd930c637bcfcd528,30.0,22.5,2.0,7.900000095367432,0.000342465762514621
2025_10_21_RSFB-Phenotyping_GG1_JLU/2025_10_21_RSFB-Phenotyping_GG1_JLU/20251021_162237.jpg,2025_10_21_RSFB-Phenotyping_GG1_JLU/2025_10_21_RSFB-Phenotyping_GG1_JLU/20251021_132902.jpg,plot_fdc1eee204451f31a80a,plot_a68ea486bf28d2a65eea,30.0,22.5,15.0,5.0,0.000342465762514621
2025_10_21_RSFB-Phenotyping_GG1_JLU/2025_10_21_RSFB-Phenotyping_GG1_JLU/20251021_162237.jpg,2025_10_21_RSFB-Phenotyping_GG1_JLU/2025_10_21_RSFB-Phenotyping_GG1_JLU/20251021_124358.jpg,plot_fdc1eee204451f31a80a,plot_e77622de4cce1b168140,30.0,22.5,3.0,11.0,0.000342465762514621
2025_10_21_RSFB-Phenotyping_GG1_JLU/2025_10_21_RSFB-Phenotyping_GG1_JLU/20251021_162237.jpg,2025_10_21_RSFB-Phenotyping_GG1_JLU/2025_10_21_RSFB-Phenotyping_GG1_JLU/20251021_130423.jpg,plot_fdc1eee204451f31a80a,plot_8390a5f10d833e2ab881,30.0,22.5,5.0,14.5,0.000342465762514621
2025_10_21_RSFB-Phenotyping_GG1_JLU/2025_10_21_RSFB-Phenotyping_GG1_JLU/20251021_162237.jpg,2025_10_21_RSFB-Phenotyping_GG1_JLU/2025_10_21_RSFB-Phenotyping_GG1_JLU/20251021_132424.jpg,plot_fdc1eee204451f31a80a,plot_04441862d5c5dd0b49cc,30.0,22.5,10.0,2.5,0.000342465762514621
2025_10_21_RSFB-Phenotyping_GG1_JLU/2025_10_21_RSFB-Phenotyping_GG1_JLU/20251021_162237.jpg,2025_10_21_RSFB-Phenotyping_GG1_JLU/2025_10_21_RSFB-Phenotyping_GG1_JLU/20251021_130209.jpg,plot_fdc1eee204451f31a80a,plot_be7d2dcdea72b37dc9bf,30.0,22.5,15.0,7.5,0.000342465762514621
2025_10_21_RSFB-Phenotyping_GG1_JLU/2025_10_21_RSFB-Phenotyping_GG1_JLU/20251021_162237.jpg,2025_10_21_RSFB-Phenotyping_GG1_JLU/2025_10_21_RSFB-Phenotyping_GG1_JLU/20251021_125901.jpg,plot_fdc1eee204451f31a80a,plot_7afc7682bc0b0be61f6b,30.0,22.5,2.0,10.0,0.000342465762514621
2025_10_21_RSFB-Phenotyping_GG1_JLU/2025_10_21_RSFB-Phenotyping_GG1_JLU/20251021_162237.jpg,2025_10_21_RSFB-Phenotyping_GG1_JLU/2025_10_21_RSFB-Phenotyping_GG1_JLU/20251021_154509.jpg,plot_fdc1eee204451f31a80a,plot_a2c6a5fd1e9b0c0d5868,30.0,22.5,13.0,6.0,0.000342465762514621
2025_10_21_RSFB-Phenotyping_GG1_JLU/2025_10_21_RSFB-Phenotyping_GG1_JLU/20251021_162237.jpg,2025_10_21_RSFB-Phenotyping_GG1_JLU/2025_10_21_RSFB-Phenotyping_GG1_JLU/20251021_160831.jpg,plot_fdc1eee204451f31a80a,plot_31ff4a85b21ababa7de0,30.0,22.5,1.0,9.5,0.000342465762514621
2025_10_21_RSFB-Phenotyping_GG1_JLU/2025_10_21_RSFB-Phenotyping_GG1_JLU/20251021_162237.jpg,2025_10_21_RSFB-Phenotyping_GG1_JLU/2025_10_21_RSFB-Phenotyping_GG1_JLU/20251021_162936.jpg,plot_fdc1eee204451f31a80a,plot_6b8f7220a8a82d322a40,30.0,22.5,2.0,13.5,0.000342465762514621
2025_10_21_RSFB-Phenotyping_GG1_JLU/2025_10_21_RSFB-Phenotyping_GG1_JLU/20251021_162237.jpg,2025_10_21_RSFB-Phenotyping_GG1_JLU/2025_10_21_RSFB-Phenotyping_GG1_JLU/20251021_122557.jpg,plot_fdc1eee204451f31a80a,plot_4460e7e9889b69d86dd3,30.0,22.5,2.0,10.0,0.000342465762514621
2025_10_21_RSFB-Phenotyping_GG1_JLU/2025_10_21_RSFB-Phenotyping_GG1_JLU/20251021_162237.jpg,2025_10_21_RSFB-Phenotyping_GG1_JLU/2025_10_21_RSFB-Phenotyping_GG1_JLU/20251021_121246.jpg,plot_fdc1eee204451f31a80a,plot_09d8a533567043e69854,30.0,22.5,7.0,13.5,0.000342465762514621
2025_10_21_RSFB-Phenotyping_GG1_JLU/2025_10_21_RSFB-Phenotyping_GG1_JLU/20251021_162237.jpg,2025_10_21_RSFB-Phenotyping_GG1_JLU/2025_10_21_RSFB-Phenotyping_GG1_JLU/20251021_160301.jpg,plot_fdc1eee204451f31a80a,plot_80ee42a305b824b5337d,30.0,22.5,2.0,12.5,0.000342465762514621
2025_10_21_RSFB-Phenotyping_GG1_JLU/2025_10_21_RSFB-Phenotyping_GG1_JLU/20251021_162237.jpg,2025_10_21_RSFB-Phenotyping_GG1_JLU/2025_10_21_RSFB-Phenotyping_GG1_JLU/20251021_152637.jpg,plot_fdc1eee204451f31a80a,plot_fe93ef196b1a8b77de19,30.0,22.5,16.0,8.5,0.000342465762514621
2025_10_21_RSFB-Phenotyping_GG1_JLU/2025_10_21_RSFB-Phenotyping_GG1_JLU/20251021_162237.jpg,2025_10_21_RSFB-Phenotyping_GG1_JLU/2025_10_21_RSFB-Phenotyping_GG1_JLU/20251021_154622.jpg,plot_fdc1eee204451f31a80a,plot_5d8d172daef4ef20984f,30.0,22.5,1.0,7.5,0.000342465762514621
2025_10_21_RSFB-Phenotyping_GG1_JLU/2025_10_21_RSFB-Phenotyping_GG1_JLU/20251021_162237.jpg,2025_10_21_RSFB-Phenotyping_GG1_JLU/2025_10_21_RSFB-Phenotyping_GG1_JLU/20251021_124207.jpg,plot_fdc1eee204451f31a80a,plot_3986b8ba7e3c47d8b455,30.0,22.5,4.0,17.0,0.000342465762514621
2025_10_21_RSFB-Phenotyping_GG1_JLU/2025_10_21_RSFB-Phenotyping_GG1_JLU/20251021_162237.jpg,2025_10_21_RSFB-Phenotyping_GG1_JLU/2025_10_21_RSFB-Phenotyping_GG1_JLU/20251021_151642.jpg,plot_fdc1eee204451f31a80a,plot_f61b29267fecc01648f8,30.0,22.5,10.0,4.5,0.000342465762514621
2025_10_21_RSFB-Phenotyping_GG1_JLU/2025_10_21_RSFB-Phenotyping_GG1_JLU/20251021_162237.jpg,2025_10_21_RSFB-Phenotyping_GG1_JLU/2025_10_21_RSFB-Phenotyping_GG1_JLU/20251021_121834.jpg,plot_fdc1eee204451f31a80a,plot_08853fb661302206a300,30.0,22.5,5.0,15.0,0.000342465762514621
2025_10_21_RSFB-Phenotyping_GG1_JLU/2025_10_21_RSFB-Phenotyping_GG1_JLU/20251021_162237.jpg,2025_10_21_RSFB-Phenotyping_GG1_JLU/2025_10_21_RSFB-Phenotyping_GG1_JLU/20251021_153825.jpg,plot_fdc1eee204451f31a80a,plot_64e19f5de9c116d1fbb6,30.0,22.5,3.0,8.5,0.000342465762514621
2025_10_21_RSFB-Phenotyping_GG1_JLU/2025_10_21_RSFB-Phenotyping_GG1_JLU/20251021_162237.jpg,2025_10_21_RSFB-Phenotyping_GG1_JLU/2025_10_21_RSFB-Phenotyping_GG1_JLU/20251021_155808.jpg,plot_fdc1eee204451f31a80a,plot_7b5226474d03f55ab84a,30.0,22.5,2.0,15.0,0.000342465762514621
2025_10_21_RSFB-Phenotyping_GG1_JLU/2025_10_21_RSFB-Phenotyping_GG1_JLU/20251021_162237.jpg,2025_10_21_RSFB-Phenotyping_GG1_JLU/2025_10_21_RSFB-Phenotyping_GG1_JLU/20251021_130128.jpg,plot_fdc1eee204451f31a80a,plot_77196a9ec72c575b5b40,30.0,22.5,10.0,4.5,0.000342465762514621
2025_10_21_RSFB-Phenotyping_GG1_JLU/2025_10_21_RSFB-Phenotyping_GG1_JLU/20251021_162237.jpg,2025_10_21_RSFB-Phenotyping_GG1_JLU/2025_10_21_RSFB-Phenotyping_GG1_JLU/20251021_155233.jpg,plot_fdc1eee204451f31a80a,plot_ae2984dd48723bc500ae,30.0,22.5,8.0,14.5,0.000342465762514621
2025_10_21_RSFB-Phenotyping_GG1_JLU/2025_10_21_RSFB-Phenotyping_GG1_JLU/20251021_162237.jpg,2025_10_21_RSFB-Phenotyping_GG1_JLU/2025_10_21_RSFB-Phenotyping_GG1_JLU/20251021_161415.jpg,plot_fdc1eee204451f31a80a,plot_6db75ec8b4bf1739f8b3,30.0,22.5,10.0,4.5,0.000342465762514621
2025_10_21_RSFB-Phenotyping_GG1_JLU/2025_10_21_RSFB-Phenotyping_GG1_JLU/20251021_162237.jpg,2025_10_21_RSFB-Phenotyping_GG1_JLU/2025_10_21_RSFB-Phenotyping_GG1_JLU/20251021_122605.jpg,plot_fdc1eee204451f31a80a,plot_4460e7e9889b69d86dd3,30.0,22.5,1.0,14.0,0.000342465762514621
2025_10_21_RSFB-Phenotyping_GG1_JLU/2025_10_21_RSFB-Phenotyping_GG1_JLU/20251021_123732.jpg,2025_10_21_RSFB-Phenotyping_GG1_JLU/2025_10_21_RSFB-Phenotyping_GG1_JLU/20251021_161549.jpg,plot_df82b24c1834a891c644,plot_5008f76cf0a562f63097,20.0,13.5,7.0,1.7000000476837158,0.0015220700297504663
2025_10_21_RSFB-Phenotyping_GG1_JLU/2025_10_21_RSFB-Phenotyping_GG1_JLU/20251021_123732.jpg,2025_10_21_RSFB-Phenotyping_GG1_JLU/2025_10_21_RSFB-Phenotyping_GG1_JLU/20251021_122046.jpg,plot_df82b24c1834a891c644,plot_166bd930c637bcfcd528,20.0,13.5,2.0,7.900000095367432,0.0015220700297504663
2025_10_21_RSFB-Phenotyping_GG1_JLU/2025_10_21_RSFB-Phenotyping_GG1_JLU/20251021_123732.jpg,2025_10_21_RSFB-Phenotyping_GG1_JLU/2025_10_21_RSFB-Phenotyping_GG1_JLU/20251021_154622.jpg,plot_df82b24c1834a891c644,plot_5d8d172daef4ef20984f,20.0,13.5,1.0,7.5,0.0015220700297504663
2025_10_21_RSFB-Phenotyping_GG1_JLU/2025_10_21_RSFB-Phenotyping_GG1_JLU/20251021_123732.jpg,2025_10_21_RSFB-Phenotyping_GG1_JLU/2025_10_21_RSFB-Phenotyping_GG1_JLU/20251021_121314.jpg,plot_df82b24c1834a891c644,plot_0de14b7453cf30ed2a1c,20.0,13.5,2.0,7.5,0.0015220700297504663
2025_10_21_RSFB-Phenotyping_GG1_JLU/2025_10_21_RSFB-Phenotyping_GG1_JLU/20251021_123732.jpg,2025_10_21_RSFB-Phenotyping_GG1_JLU/2025_10_21_RSFB-Phenotyping_GG1_JLU/20251021_161242.jpg,plot_df82b24c1834a891c644,plot_c08c9fc75665c975b852,20.0,13.5,1.0,6.5,0.0015220700297504663
2025_10_21_RSFB-Phenotyping_GG1_JLU/2025_10_21_RSFB-Phenotyping_GG1_JLU/20251021_123732.jpg,2025_10_21_RSFB-Phenotyping_GG1_JLU/2025_10_21_RSFB-Phenotyping_GG1_JLU/20251021_151439.jpg,plot_df82b24c1834a891c644,plot_f19419da98fe0824600a,20.0,13.5,8.0,2.5,0.0015220700297504663
2025_10_21_RSFB-Phenotyping_GG1_JLU/2025_10_21_RSFB-Phenotyping_GG1_JLU/20251021_123732.jpg,2025_10_21_RSFB-Phenotyping_GG1_JLU/2025_10_21_RSFB-Phenotyping_GG1_JLU/20251021_130529.jpg,plot_df82b24c1834a891c644,plot_883726baafccd2304661,20.0,13.5,2.0,7.5,0.0015220700297504663
2025_10_21_RSFB-Phenotyping_GG1_JLU/2025_10_21_RSFB-Phenotyping_GG1_JLU/20251021_123732.jpg,2025_10_21_RSFB-Phenotyping_GG1_JLU/2025_10_21_RSFB-Phenotyping_GG1_JLU/20251021_162109.jpg,plot_df82b24c1834a891c644,plot_60d8a72fe06bef6e6da4,20.0,13.5,1.0,6.400000095367432,0.0015220700297504663
2025_10_21_RSFB-Phenotyping_GG1_JLU/2025_10_21_RSFB-Phenotyping_GG1_JLU/20251021_123732.jpg,2025_10_21_RSFB-Phenotyping_GG1_JLU/2025_10_21_RSFB-Phenotyping_GG1_JLU/20251021_121301.jpg,plot_df82b24c1834a891c644,plot_09d8a533567043e69854,20.0,13.5,1.0,8.0,0.0015220700297504663
2025_10_21_RSFB-Phenotyping_GG1_JLU/2025_10_21_RSFB-Phenotyping_GG1_JLU/20251021_152731.jpg,2025_10_21_RSFB-Phenotyping_GG1_JLU/2025_10_21_RSFB-Phenotyping_GG1_JLU/20251021_162109.jpg,plot_b87ad5766ebb2bbfcd29,plot_60d8a72fe06bef6e6da4,40.0,11.5,1.0,6.400000095367432,0.013698630034923553
2025_10_21_RSFB-Phenotyping_GG1_JLU/2025_10_21_RSFB-Phenotyping_GG1_JLU/20251021_153049.jpg,2025_10_21_RSFB-Phenotyping_GG1_JLU/2025_10_21_RSFB-Phenotyping_GG1_JLU/20251021_132550.jpg,plot_860b04c931ec62b25130,plot_cff264c1afb9a1cf9473,30.0,14.0,2.0,8.5,0.00020755500008817762
2025_10_21_RSFB-Phenotyping_GG1_JLU/2025_10_21_RSFB-Phenotyping_GG1_JLU/20251021_153049.jpg,2025_10_21_RSFB-Phenotyping_GG1_JLU/2025_10_21_RSFB-Phenotyping_GG1_JLU/20251021_130529.jpg,plot_860b04c931ec62b25130,plot_883726baafccd2304661,30.0,14.0,2.0,7.5,0.00020755500008817762
2025_10_21_RSFB-Phenotyping_GG1_JLU/2025_10_21_RSFB-Phenotyping_GG1_JLU/20251021_153049.jpg,2025_10_21_RSFB-Phenotyping_GG1_JLU/2025_10_21_RSFB-Phenotyping_GG1_JLU/20251021_154622.jpg,plot_860b04c931ec62b25130,plot_5d8d172daef4ef20984f,30.0,14.0,1.0,7.5,0.00020755500008817762
2025_10_21_RSFB-Phenotyping_GG1_JLU/2025_10_21_RSFB-Phenotyping_GG1_JLU/20251021_153049.jpg,2025_10_21_RSFB-Phenotyping_GG1_JLU/2025_10_21_RSFB-Phenotyping_GG1_JLU/20251021_162109.jpg,plot_860b04c931ec62b25130,plot_60d8a72fe06bef6e6da4,30.0,14.0,1.0,6.400000095367432,0.00020755500008817762
2025_10_21_RSFB-Phenotyping_GG1_JLU/2025_10_21_RSFB-Phenotyping_GG1_JLU/20251021_153049.jpg,2025_10_21_RSFB-Phenotyping_GG1_JLU/2025_10_21_RSFB-Phenotyping_GG1_JLU/20251021_161549.jpg,plot_860b04c931ec62b25130,plot_5008f76cf0a562f63097,30.0,14.0,7.0,1.7000000476837158,0.00020755500008817762
2025_10_21_RSFB-Phenotyping_GG1_JLU/2025_10_21_RSFB-Phenotyping_GG1_JLU/20251021_153049.jpg,2025_10_21_RSFB-Phenotyping_GG1_JLU/2025_10_21_RSFB-Phenotyping_GG1_JLU/20251021_153825.jpg,plot_860b04c931ec62b25130,plot_64e19f5de9c116d1fbb6,30.0,14.0,3.0,8.5,0.00020755500008817762
2025_10_21_RSFB-Phenotyping_GG1_JLU/2025_10_21_RSFB-Phenotyping_GG1_JLU/20251021_153049.jpg,2025_10_21_RSFB-Phenotyping_GG1_JLU/2025_10_21_RSFB-Phenotyping_GG1_JLU/20251021_121314.jpg,plot_860b04c931ec62b25130,plot_0de14b7453cf30ed2a1c,30.0,14.0,2.0,7.5,0.00020755500008817762
2025_10_21_RSFB-Phenotyping_GG1_JLU/2025_10_21_RSFB-Phenotyping_GG1_JLU/20251021_153049.jpg,2025_10_21_RSFB-Phenotyping_GG1_JLU/2025_10_21_RSFB-Phenotyping_GG1_JLU/20251021_122046.jpg,plot_860b04c931ec62b25130,plot_166bd930c637bcfcd528,30.0,14.0,2.0,7.900000095367432,0.00020755500008817762
2025_10_21_RSFB-Phenotyping_GG1_JLU/2025_10_21_RSFB-Phenotyping_GG1_JLU/20251021_153049.jpg,2025_10_21_RSFB-Phenotyping_GG1_JLU/2025_10_21_RSFB-Phenotyping_GG1_JLU/20251021_160047.jpg,plot_860b04c931ec62b25130,plot_ecb8a2d7a20b5079cedb,30.0,14.0,2.0,8.5,0.00020755500008817762
2025_10_21_RSFB-Phenotyping_GG1_JLU/2025_10_21_RSFB-Phenotyping_GG1_JLU/20251021_153049.jpg,2025_10_21_RSFB-Phenotyping_GG1_JLU/2025_10_21_RSFB-Phenotyping_GG1_JLU/20251021_151439.jpg,plot_860b04c931ec62b25130,plot_f19419da98fe0824600a,30.0,14.0,8.0,2.5,0.00020755500008817762
2025_10_21_RSFB-Phenotyping_GG1_JLU/2025_10_21_RSFB-Phenotyping_GG1_JLU/20251021_153049.jpg,2025_10_21_RSFB-Phenotyping_GG1_JLU/2025_10_21_RSFB-Phenotyping_GG1_JLU/20251021_152653.jpg,plot_860b04c931ec62b25130,plot_fe93ef196b1a8b77de19,30.0,14.0,1.0,8.5,0.00020755500008817762
2025_10_21_RSFB-Phenotyping_GG1_JLU/2025_10_21_RSFB-Phenotyping_GG1_JLU/20251021_153049.jpg,2025_10_21_RSFB-Phenotyping_GG1_JLU/2025_10_21_RSFB-Phenotyping_GG1_JLU/20251021_161242.jpg,plot_860b04c931ec62b25130,plot_c08c9fc75665c975b852,30.0,14.0,1.0,6.5,0.00020755500008817762
2025_10_21_RSFB-Phenotyping_GG1_JLU/2025_10_21_RSFB-Phenotyping_GG1_JLU/20251021_153049.jpg,2025_10_21_RSFB-Phenotyping_GG1_JLU/2025_10_21_RSFB-Phenotyping_GG1_JLU/20251021_121301.jpg,plot_860b04c931ec62b25130,plot_09d8a533567043e69854,30.0,14.0,1.0,8.0,0.00020755500008817762
2025_10_21_RSFB-Phenotyping_GG1_JLU/2025_10_21_RSFB-Phenotyping_GG1_JLU/20251021_121545.jpg,2025_10_21_RSFB-Phenotyping_GG1_JLU/2025_10_21_RSFB-Phenotyping_GG1_JLU/20251021_160047.jpg,plot_ecaa6386f36f4566ea46,plot_ecb8a2d7a20b5079cedb,30.0,15.5,2.0,8.5,0.00025846471544355154
2025_10_21_RSFB-Phenotyping_GG1_JLU/2025_10_21_RSFB-Phenotyping_GG1_JLU/20251021_121545.jpg,2025_10_21_RSFB-Phenotyping_GG1_JLU/2025_10_21_RSFB-Phenotyping_GG1_JLU/20251021_154622.jpg,plot_ecaa6386f36f4566ea46,plot_5d8d172daef4ef20984f,30.0,15.5,1.0,7.5,0.00025846471544355154
2025_10_21_RSFB-Phenotyping_GG1_JLU/2025_10_21_RSFB-Phenotyping_GG1_JLU/20251021_121545.jpg,2025_10_21_RSFB-Phenotyping_GG1_JLU/2025_10_21_RSFB-Phenotyping_GG1_JLU/20251021_162109.jpg,plot_ecaa6386f36f4566ea46,plot_60d8a72fe06bef6e6da4,30.0,15.5,1.0,6.400000095367432,0.00025846471544355154
2025_10_21_RSFB-Phenotyping_GG1_JLU/2025_10_21_RSFB-Phenotyping_GG1_JLU/20251021_121545.jpg,2025_10_21_RSFB-Phenotyping_GG1_JLU/2025_10_21_RSFB-Phenotyping_GG1_JLU/20251021_160831.jpg,plot_ecaa6386f36f4566ea46,plot_31ff4a85b21ababa7de0,30.0,15.5,1.0,9.5,0.00025846471544355154
2025_10_21_RSFB-Phenotyping_GG1_JLU/2025_10_21_RSFB-Phenotyping_GG1_JLU/20251021_121545.jpg,2025_10_21_RSFB-Phenotyping_GG1_JLU/2025_10_21_RSFB-Phenotyping_GG1_JLU/20251021_123107.jpg,plot_ecaa6386f36f4566ea46,plot_5700cee80bc5a6e207ec,30.0,15.5,10.0,2.0,0.00025846471544355154
2025_10_21_RSFB-Phenotyping_GG1_JLU/2025_10_21_RSFB-Phenotyping_GG1_JLU/20251021_121545.jpg,2025_10_21_RSFB-Phenotyping_GG1_JLU/2025_10_21_RSFB-Phenotyping_GG1_JLU/20251021_132550.jpg,plot_ecaa6386f36f4566ea46,plot_cff264c1afb9a1cf9473,30.0,15.5,2.0,8.5,0.00025846471544355154
2025_10_21_RSFB-Phenotyping_GG1_JLU/2025_10_21_RSFB-Phenotyping_GG1_JLU/20251021_121545.jpg,2025_10_21_RSFB-Phenotyping_GG1_JLU/2025_10_21_RSFB-Phenotyping_GG1_JLU/20251021_153825.jpg,plot_ecaa6386f36f4566ea46,plot_64e19f5de9c116d1fbb6,30.0,15.5,3.0,8.5,0.00025846471544355154
2025_10_21_RSFB-Phenotyping_GG1_JLU/2025_10_21_RSFB-Phenotyping_GG1_JLU/20251021_121545.jpg,2025_10_21_RSFB-Phenotyping_GG1_JLU/2025_10_21_RSFB-Phenotyping_GG1_JLU/20251021_155939.jpg,plot_ecaa6386f36f4566ea46,plot_b351f823b8a0415f9230,30.0,15.5,3.0,10.0,0.00025846471544355154
2025_10_21_RSFB-Phenotyping_GG1_JLU/2025_10_21_RSFB-Phenotyping_GG1_JLU/20251021_121545.jpg,2025_10_21_RSFB-Phenotyping_GG1_JLU/2025_10_21_RSFB-Phenotyping_GG1_JLU/20251021_121113.jpg,plot_ecaa6386f36f4566ea46,plot_a7714d1b769d45a9b00a,30.0,15.5,2.0,10.0,0.00025846471544355154
2025_10_21_RSFB-Phenotyping_GG1_JLU/2025_10_21_RSFB-Phenotyping_GG1_JLU/20251021_121545.jpg,2025_10_21_RSFB-Phenotyping_GG1_JLU/2025_10_21_RSFB-Phenotyping_GG1_JLU/20251021_132424.jpg,plot_ecaa6386f36f4566ea46,plot_04441862d5c5dd0b49cc,30.0,15.5,10.0,2.5,0.00025846471544355154
2025_10_21_RSFB-Phenotyping_GG1_JLU/2025_10_21_RSFB-Phenotyping_GG1_JLU/20251021_121545.jpg,2025_10_21_RSFB-Phenotyping_GG1_JLU/2025_10_21_RSFB-Phenotyping_GG1_JLU/20251021_130128.jpg,plot_ecaa6386f36f4566ea46,plot_77196a9ec72c575b5b40,30.0,15.5,10.0,4.5,0.00025846471544355154
2025_10_21_RSFB-Phenotyping_GG1_JLU/2025_10_21_RSFB-Phenotyping_GG1_JLU/20251021_121545.jpg,2025_10_21_RSFB-Phenotyping_GG1_JLU/2025_10_21_RSFB-Phenotyping_GG1_JLU/20251021_161549.jpg,plot_ecaa6386f36f4566ea46,plot_5008f76cf0a562f63097,30.0,15.5,7.0,1.7000000476837158,0.00025846471544355154
2025_10_21_RSFB-Phenotyping_GG1_JLU/2025_10_21_RSFB-Phenotyping_GG1_JLU/20251021_121545.jpg,2025_10_21_RSFB-Phenotyping_GG1_JLU/2025_10_21_RSFB-Phenotyping_GG1_JLU/20251021_130529.jpg,plot_ecaa6386f36f4566ea46,plot_883726baafccd2304661,30.0,15.5,2.0,7.5,0.00025846471544355154
2025_10_21_RSFB-Phenotyping_GG1_JLU/2025_10_21_RSFB-Phenotyping_GG1_JLU/20251021_121545.jpg,2025_10_21_RSFB-Phenotyping_GG1_JLU/2025_10_21_RSFB-Phenotyping_GG1_JLU/20251021_121314.jpg,plot_ecaa6386f36f4566ea46,plot_0de14b7453cf30ed2a1c,30.0,15.5,2.0,7.5,0.00025846471544355154
2025_10_21_RSFB-Phenotyping_GG1_JLU/2025_10_21_RSFB-Phenotyping_GG1_JLU/20251021_121545.jpg,2025_10_21_RSFB-Phenotyping_GG1_JLU/2025_10_21_RSFB-Phenotyping_GG1_JLU/20251021_122046.jpg,plot_ecaa6386f36f4566ea46,plot_166bd930c637bcfcd528,30.0,15.5,2.0,7.900000095367432,0.00025846471544355154
2025_10_21_RSFB-Phenotyping_GG1_JLU/2025_10_21_RSFB-Phenotyping_GG1_JLU/20251021_121545.jpg,2025_10_21_RSFB-Phenotyping_GG1_JLU/2025_10_21_RSFB-Phenotyping_GG1_JLU/20251021_154649.jpg,plot_ecaa6386f36f4566ea46,plot_f974c33b3b939aa5f878,30.0,15.5,2.0,9.5,0.00025846471544355154
2025_10_21_RSFB-Phenotyping_GG1_JLU/2025_10_21_RSFB-Phenotyping_GG1_JLU/20251021_121545.jpg,2025_10_21_RSFB-Phenotyping_GG1_JLU/2025_10_21_RSFB-Phenotyping_GG1_JLU/20251021_151439.jpg,plot_ecaa6386f36f4566ea46,plot_f19419da98fe0824600a,30.0,15.5,8.0,2.5,0.00025846471544355154
2025_10_21_RSFB-Phenotyping_GG1_JLU/2025_10_21_RSFB-Phenotyping_GG1_JLU/20251021_121545.jpg,2025_10_21_RSFB-Phenotyping_GG1_JLU/2025_10_21_RSFB-Phenotyping_GG1_JLU/20251021_152653.jpg,plot_ecaa6386f36f4566ea46,plot_fe93ef196b1a8b77de19,30.0,15.5,1.0,8.5,0.00025846471544355154
2025_10_21_RSFB-Phenotyping_GG1_JLU/2025_10_21_RSFB-Phenotyping_GG1_JLU/20251021_121545.jpg,2025_10_21_RSFB-Phenotyping_GG1_JLU/2025_10_21_RSFB-Phenotyping_GG1_JLU/20251021_125901.jpg,plot_ecaa6386f36f4566ea46,plot_7afc7682bc0b0be61f6b,30.0,15.5,2.0,10.0,0.00025846471544355154
2025_10_21_RSFB-Phenotyping_GG1_JLU/2025_10_21_RSFB-Phenotyping_GG1_JLU/20251021_121545.jpg,2025_10_21_RSFB-Phenotyping_GG1_JLU/2025_10_21_RSFB-Phenotyping_GG1_JLU/20251021_131419.jpg,plot_ecaa6386f36f4566ea46,plot_e26908bc9222e28c92ff,30.0,15.5,10.0,4.5,0.00025846471544355154
2025_10_21_RSFB-Phenotyping_GG1_JLU/2025_10_21_RSFB-Phenotyping_GG1_JLU/20251021_121545.jpg,2025_10_21_RSFB-Phenotyping_GG1_JLU/2025_10_21_RSFB-Phenotyping_GG1_JLU/20251021_151642.jpg,plot_ecaa6386f36f4566ea46,plot_f61b29267fecc01648f8,30.0,15.5,10.0,4.5,0.00025846471544355154
2025_10_21_RSFB-Phenotyping_GG1_JLU/2025_10_21_RSFB-Phenotyping_GG1_JLU/20251021_121545.jpg,2025_10_21_RSFB-Phenotyping_GG1_JLU/2025_10_21_RSFB-Phenotyping_GG1_JLU/20251021_122557.jpg,plot_ecaa6386f36f4566ea46,plot_4460e7e9889b69d86dd3,30.0,15.5,2.0,10.0,0.00025846471544355154
2025_10_21_RSFB-Phenotyping_GG1_JLU/2025_10_21_RSFB-Phenotyping_GG1_JLU/20251021_121545.jpg,2025_10_21_RSFB-Phenotyping_GG1_JLU/2025_10_21_RSFB-Phenotyping_GG1_JLU/20251021_152457.jpg,plot_ecaa6386f36f4566ea46,plot_cf8f8145824cff35d237,30.0,15.5,3.0,9.5,0.00025846471544355154
2025_10_21_RSFB-Phenotyping_GG1_JLU/2025_10_21_RSFB-Phenotyping_GG1_JLU/20251021_121545.jpg,2025_10_21_RSFB-Phenotyping_GG1_JLU/2025_10_21_RSFB-Phenotyping_GG1_JLU/20251021_161415.jpg,plot_ecaa6386f36f4566ea46,plot_6db75ec8b4bf1739f8b3,30.0,15.5,10.0,4.5,0.00025846471544355154
2025_10_21_RSFB-Phenotyping_GG1_JLU/2025_10_21_RSFB-Phenotyping_GG1_JLU/20251021_121545.jpg,2025_10_21_RSFB-Phenotyping_GG1_JLU/2025_10_21_RSFB-Phenotyping_GG1_JLU/20251021_161242.jpg,plot_ecaa6386f36f4566ea46,plot_c08c9fc75665c975b852,30.0,15.5,1.0,6.5,0.00025846471544355154
2025_10_21_RSFB-Phenotyping_GG1_JLU/2025_10_21_RSFB-Phenotyping_GG1_JLU/20251021_121545.jpg,2025_10_21_RSFB-Phenotyping_GG1_JLU/2025_10_21_RSFB-Phenotyping_GG1_JLU/20251021_121301.jpg,plot_ecaa6386f36f4566ea46,plot_09d8a533567043e69854,30.0,15.5,1.0,8.0,0.00025846471544355154
2025_10_21_RSFB-Phenotyping_GG1_JLU/2025_10_21_RSFB-Phenotyping_GG1_JLU/20251021_123320.jpg,2025_10_21_RSFB-Phenotyping_GG1_JLU/2025_10_21_RSFB-Phenotyping_GG1_JLU/20251021_132342.jpg,plot_f61c894bac850d1ba767,plot_df712240205f755d4453,45.0,17.5,12.0,2.5,0.00017790429410524666
2025_10_21_RSFB-Phenotyping_GG1_JLU/2025_10_21_RSFB-Phenotyping_GG1_JLU/20251021_123320.jpg,2025_10_21_RSFB-Phenotyping_GG1_JLU/2025_10_21_RSFB-Phenotyping_GG1_JLU/20251021_161624.jpg,plot_f61c894bac850d1ba767,plot_3361cc58e772149f169e,45.0,17.5,12.0,3.0,0.00017790429410524666
2025_10_21_RSFB-Phenotyping_GG1_JLU/2025_10_21_RSFB-Phenotyping_GG1_JLU/20251021_123320.jpg,2025_10_21_RSFB-Phenotyping_GG1_JLU/2025_10_21_RSFB-Phenotyping_GG1_JLU/20251021_162109.jpg,plot_f61c894bac850d1ba767,plot_60d8a72fe06bef6e6da4,45.0,17.5,1.0,6.400000095367432,0.00017790429410524666
2025_10_21_RSFB-Phenotyping_GG1_JLU/2025_10_21_RSFB-Phenotyping_GG1_JLU/20251021_123320.jpg,2025_10_21_RSFB-Phenotyping_GG1_JLU/2025_10_21_RSFB-Phenotyping_GG1_JLU/20251021_123202.jpg,plot_f61c894bac850d1ba767,plot_a3e331c4e6fce2b877bd,45.0,17.5,5.0,12.0,0.00017790429410524666
2025_10_21_RSFB-Phenotyping_GG1_JLU/2025_10_21_RSFB-Phenotyping_GG1_JLU/20251021_123320.jpg,2025_10_21_RSFB-Phenotyping_GG1_JLU/2025_10_21_RSFB-Phenotyping_GG1_JLU/20251021_155302.jpg,plot_f61c894bac850d1ba767,plot_cb17d6bcad8ffccbde51,45.0,17.5,1.0,10.5,0.00017790429410524666
2025_10_21_RSFB-Phenotyping_GG1_JLU/2025_10_21_RSFB-Phenotyping_GG1_JLU/20251021_123320.jpg,2025_10_21_RSFB-Phenotyping_GG1_JLU/2025_10_21_RSFB-Phenotyping_GG1_JLU/20251021_121843.jpg,plot_f61c894bac850d1ba767,plot_08853fb661302206a300,45.0,17.5,4.0,12.0,0.00017790429410524666
2025_10_21_RSFB-Phenotyping_GG1_JLU/2025_10_21_RSFB-Phenotyping_GG1_JLU/20251021_123320.jpg,2025_10_21_RSFB-Phenotyping_GG1_JLU/2025_10_21_RSFB-Phenotyping_GG1_JLU/20251021_121113.jpg,plot_f61c894bac850d1ba767,plot_a7714d1b769d45a9b00a,45.0,17.5,2.0,10.0,0.00017790429410524666
2025_10_21_RSFB-Phenotyping_GG1_JLU/2025_10_21_RSFB-Phenotyping_GG1_JLU/20251021_123320.jpg,2025_10_21_RSFB-Phenotyping_GG1_JLU/2025_10_21_RSFB-Phenotyping_GG1_JLU/20251021_124615.jpg,plot_f61c894bac850d1ba767,plot_9e661ae87ec066049f1f,45.0,17.5,5.0,11.5,0.00017790429410524666
2025_10_21_RSFB-Phenotyping_GG1_JLU/2025_10_21_RSFB-Phenotyping_GG1_JLU/20251021_123320.jpg,2025_10_21_RSFB-Phenotyping_GG1_JLU/2025_10_21_RSFB-Phenotyping_GG1_JLU/20251021_123107.jpg,plot_f61c894bac850d1ba767,plot_5700cee80bc5a6e207ec,45.0,17.5,10.0,2.0,0.00017790429410524666
2025_10_21_RSFB-Phenotyping_GG1_JLU/2025_10_21_RSFB-Phenotyping_GG1_JLU/20251021_123320.jpg,2025_10_21_RSFB-Phenotyping_GG1_JLU/2025_10_21_RSFB-Phenotyping_GG1_JLU/20251021_124500.jpg,plot_f61c894bac850d1ba767,plot_ea75df3b909465cef7b1,45.0,17.5,5.0,12.0,0.00017790429410524666
2025_10_21_RSFB-Phenotyping_GG1_JLU/2025_10_21_RSFB-Phenotyping_GG1_JLU/20251021_123320.jpg,2025_10_21_RSFB-Phenotyping_GG1_JLU/2025_10_21_RSFB-Phenotyping_GG1_JLU/20251021_155939.jpg,plot_f61c894bac850d1ba767,plot_b351f823b8a0415f9230,45.0,17.5,3.0,10.0,0.00017790429410524666
2025_10_21_RSFB-Phenotyping_GG1_JLU/2025_10_21_RSFB-Phenotyping_GG1_JLU/20251021_123320.jpg,2025_10_21_RSFB-Phenotyping_GG1_JLU/2025_10_21_RSFB-Phenotyping_GG1_JLU/20251021_151915.jpg,plot_f61c894bac850d1ba767,plot_6ca7eb46f81c9ecf993b,45.0,17.5,12.0,5.5,0.00017790429410524666
2025_10_21_RSFB-Phenotyping_GG1_JLU/2025_10_21_RSFB-Phenotyping_GG1_JLU/20251021_123320.jpg,2025_10_21_RSFB-Phenotyping_GG1_JLU/2025_10_21_RSFB-Phenotyping_GG1_JLU/20251021_160047.jpg,plot_f61c894bac850d1ba767,plot_ecb8a2d7a20b5079cedb,45.0,17.5,2.0,8.5,0.00017790429410524666
2025_10_21_RSFB-Phenotyping_GG1_JLU/2025_10_21_RSFB-Phenotyping_GG1_JLU/20251021_123320.jpg,2025_10_21_RSFB-Phenotyping_GG1_JLU/2025_10_21_RSFB-Phenotyping_GG1_JLU/20251021_130128.jpg,plot_f61c894bac850d1ba767,plot_77196a9ec72c575b5b40,45.0,17.5,10.0,4.5,0.00017790429410524666
2025_10_21_RSFB-Phenotyping_GG1_JLU/2025_10_21_RSFB-Phenotyping_GG1_JLU/20251021_123320.jpg,2025_10_21_RSFB-Phenotyping_GG1_JLU/2025_10_21_RSFB-Phenotyping_GG1_JLU/20251021_161549.jpg,plot_f61c894bac850d1ba767,plot_5008f76cf0a562f63097,45.0,17.5,7.0,1.7000000476837158,0.00017790429410524666
2025_10_21_RSFB-Phenotyping_GG1_JLU/2025_10_21_RSFB-Phenotyping_GG1_JLU/20251021_123320.jpg,2025_10_21_RSFB-Phenotyping_GG1_JLU/2025_10_21_RSFB-Phenotyping_GG1_JLU/20251021_154622.jpg,plot_f61c894bac850d1ba767,plot_5d8d172daef4ef20984f,45.0,17.5,1.0,7.5,0.00017790429410524666
2025_10_21_RSFB-Phenotyping_GG1_JLU/2025_10_21_RSFB-Phenotyping_GG1_JLU/20251021_123320.jpg,2025_10_21_RSFB-Phenotyping_GG1_JLU/2025_10_21_RSFB-Phenotyping_GG1_JLU/20251021_153825.jpg,plot_f61c894bac850d1ba767,plot_64e19f5de9c116d1fbb6,45.0,17.5,3.0,8.5,0.00017790429410524666
2025_10_21_RSFB-Phenotyping_GG1_JLU/2025_10_21_RSFB-Phenotyping_GG1_JLU/20251021_123320.jpg,2025_10_21_RSFB-Phenotyping_GG1_JLU/2025_10_21_RSFB-Phenotyping_GG1_JLU/20251021_160831.jpg,plot_f61c894bac850d1ba767,plot_31ff4a85b21ababa7de0,45.0,17.5,1.0,9.5,0.00017790429410524666
2025_10_21_RSFB-Phenotyping_GG1_JLU/2025_10_21_RSFB-Phenotyping_GG1_JLU/20251021_123320.jpg,2025_10_21_RSFB-Phenotyping_GG1_JLU/2025_10_21_RSFB-Phenotyping_GG1_JLU/20251021_151642.jpg,plot_f61c894bac850d1ba767,plot_f61b29267fecc01648f8,45.0,17.5,10.0,4.5,0.00017790429410524666
2025_10_21_RSFB-Phenotyping_GG1_JLU/2025_10_21_RSFB-Phenotyping_GG1_JLU/20251021_123320.jpg,2025_10_21_RSFB-Phenotyping_GG1_JLU/2025_10_21_RSFB-Phenotyping_GG1_JLU/20251021_162116.jpg,plot_f61c894bac850d1ba767,plot_60d8a72fe06bef6e6da4,45.0,17.5,3.0,11.399999618530273,0.00017790429410524666
2025_10_21_RSFB-Phenotyping_GG1_JLU/2025_10_21_RSFB-Phenotyping_GG1_JLU/20251021_123320.jpg,2025_10_21_RSFB-Phenotyping_GG1_JLU/2025_10_21_RSFB-Phenotyping_GG1_JLU/20251021_121314.jpg,plot_f61c894bac850d1ba767,plot_0de14b7453cf30ed2a1c,45.0,17.5,2.0,7.5,0.00017790429410524666
2025_10_21_RSFB-Phenotyping_GG1_JLU/2025_10_21_RSFB-Phenotyping_GG1_JLU/20251021_123320.jpg,2025_10_21_RSFB-Phenotyping_GG1_JLU/2025_10_21_RSFB-Phenotyping_GG1_JLU/20251021_154649.jpg,plot_f61c894bac850d1ba767,plot_f974c33b3b939aa5f878,45.0,17.5,2.0,9.5,0.00017790429410524666
2025_10_21_RSFB-Phenotyping_GG1_JLU/2025_10_21_RSFB-Phenotyping_GG1_JLU/20251021_123320.jpg,2025_10_21_RSFB-Phenotyping_GG1_JLU/2025_10_21_RSFB-Phenotyping_GG1_JLU/20251021_152457.jpg,plot_f61c894bac850d1ba767,plot_cf8f8145824cff35d237,45.0,17.5,3.0,9.5,0.00017790429410524666
2025_10_21_RSFB-Phenotyping_GG1_JLU/2025_10_21_RSFB-Phenotyping_GG1_JLU/20251021_123320.jpg,2025_10_21_RSFB-Phenotyping_GG1_JLU/2025_10_21_RSFB-Phenotyping_GG1_JLU/20251021_152653.jpg,plot_f61c894bac850d1ba767,plot_fe93ef196b1a8b77de19,45.0,17.5,1.0,8.5,0.00017790429410524666
2025_10_21_RSFB-Phenotyping_GG1_JLU/2025_10_21_RSFB-Phenotyping_GG1_JLU/20251021_123320.jpg,2025_10_21_RSFB-Phenotyping_GG1_JLU/2025_10_21_RSFB-Phenotyping_GG1_JLU/20251021_161415.jpg,plot_f61c894bac850d1ba767,plot_6db75ec8b4bf1739f8b3,45.0,17.5,10.0,4.5,0.00017790429410524666
2025_10_21_RSFB-Phenotyping_GG1_JLU/2025_10_21_RSFB-Phenotyping_GG1_JLU/20251021_123320.jpg,2025_10_21_RSFB-Phenotyping_GG1_JLU/2025_10_21_RSFB-Phenotyping_GG1_JLU/20251021_130529.jpg,plot_f61c894bac850d1ba767,plot_883726baafccd2304661,45.0,17.5,2.0,7.5,0.00017790429410524666
2025_10_21_RSFB-Phenotyping_GG1_JLU/2025_10_21_RSFB-Phenotyping_GG1_JLU/20251021_123320.jpg,2025_10_21_RSFB-Phenotyping_GG1_JLU/2025_10_21_RSFB-Phenotyping_GG1_JLU/20251021_132550.jpg,plot_f61c894bac850d1ba767,plot_cff264c1afb9a1cf9473,45.0,17.5,2.0,8.5,0.00017790429410524666
2025_10_21_RSFB-Phenotyping_GG1_JLU/2025_10_21_RSFB-Phenotyping_GG1_JLU/20251021_123320.jpg,2025_10_21_RSFB-Phenotyping_GG1_JLU/2025_10_21_RSFB-Phenotyping_GG1_JLU/20251021_131419.jpg,plot_f61c894bac850d1ba767,plot_e26908bc9222e28c92ff,45.0,17.5,10.0,4.5,0.00017790429410524666
2025_10_21_RSFB-Phenotyping_GG1_JLU/2025_10_21_RSFB-Phenotyping_GG1_JLU/20251021_123320.jpg,2025_10_21_RSFB-Phenotyping_GG1_JLU/2025_10_21_RSFB-Phenotyping_GG1_JLU/20251021_125901.jpg,plot_f61c894bac850d1ba767,plot_7afc7682bc0b0be61f6b,45.0,17.5,2.0,10.0,0.00017790429410524666
2025_10_21_RSFB-Phenotyping_GG1_JLU/2025_10_21_RSFB-Phenotyping_GG1_JLU/20251021_123320.jpg,2025_10_21_RSFB-Phenotyping_GG1_JLU/2025_10_21_RSFB-Phenotyping_GG1_JLU/20251021_132424.jpg,plot_f61c894bac850d1ba767,plot_04441862d5c5dd0b49cc,45.0,17.5,10.0,2.5,0.00017790429410524666
2025_10_21_RSFB-Phenotyping_GG1_JLU/2025_10_21_RSFB-Phenotyping_GG1_JLU/20251021_123320.jpg,2025_10_21_RSFB-Phenotyping_GG1_JLU/2025_10_21_RSFB-Phenotyping_GG1_JLU/20251021_151439.jpg,plot_f61c894bac850d1ba767,plot_f19419da98fe0824600a,45.0,17.5,8.0,2.5,0.00017790429410524666
2025_10_21_RSFB-Phenotyping_GG1_JLU/2025_10_21_RSFB-Phenotyping_GG1_JLU/20251021_123320.jpg,2025_10_21_RSFB-Phenotyping_GG1_JLU/2025_10_21_RSFB-Phenotyping_GG1_JLU/20251021_155103.jpg,plot_f61c894bac850d1ba767,plot_b499b14eca911be3b991,45.0,17.5,12.0,1.0,0.00017790429410524666
2025_10_21_RSFB-Phenotyping_GG1_JLU/2025_10_21_RSFB-Phenotyping_GG1_JLU/20251021_123320.jpg,2025_10_21_RSFB-Phenotyping_GG1_JLU/2025_10_21_RSFB-Phenotyping_GG1_JLU/20251021_122046.jpg,plot_f61c894bac850d1ba767,plot_166bd930c637bcfcd528,45.0,17.5,2.0,7.900000095367432,0.00017790429410524666
2025_10_21_RSFB-Phenotyping_GG1_JLU/2025_10_21_RSFB-Phenotyping_GG1_JLU/20251021_123320.jpg,2025_10_21_RSFB-Phenotyping_GG1_JLU/2025_10_21_RSFB-Phenotyping_GG1_JLU/20251021_122557.jpg,plot_f61c894bac850d1ba767,plot_4460e7e9889b69d86dd3,45.0,17.5,2.0,10.0,0.00017790429410524666
2025_10_21_RSFB-Phenotyping_GG1_JLU/2025_10_21_RSFB-Phenotyping_GG1_JLU/20251021_123320.jpg,2025_10_21_RSFB-Phenotyping_GG1_JLU/2025_10_21_RSFB-Phenotyping_GG1_JLU/20251021_124358.jpg,plot_f61c894bac850d1ba767,plot_e77622de4cce1b168140,45.0,17.5,3.0,11.0,0.00017790429410524666
2025_10_21_RSFB-Phenotyping_GG1_JLU/2025_10_21_RSFB-Phenotyping_GG1_JLU/20251021_123320.jpg,2025_10_21_RSFB-Phenotyping_GG1_JLU/2025_10_21_RSFB-Phenotyping_GG1_JLU/20251021_161242.jpg,plot_f61c894bac850d1ba767,plot_c08c9fc75665c975b852,45.0,17.5,1.0,6.5,0.00017790429410524666
2025_10_21_RSFB-Phenotyping_GG1_JLU/2025_10_21_RSFB-Phenotyping_GG1_JLU/20251021_123320.jpg,2025_10_21_RSFB-Phenotyping_GG1_JLU/2025_10_21_RSFB-Phenotyping_GG1_JLU/20251021_121301.jpg,plot_f61c894bac850d1ba767,plot_09d8a533567043e69854,45.0,17.5,1.0,8.0,0.00017790429410524666
2025_10_21_RSFB-Phenotyping_GG1_JLU/2025_10_21_RSFB-Phenotyping_GG1_JLU/20251021_162529.jpg,2025_10_21_RSFB-Phenotyping_GG1_JLU/2025_10_21_RSFB-Phenotyping_GG1_JLU/20251021_160301.jpg,plot_f2bc805c9b8565c243bf,plot_80ee42a305b824b5337d,37.0,18.0,2.0,12.5,0.00031857279827818274
2025_10_21_RSFB-Phenotyping_GG1_JLU/2025_10_21_RSFB-Phenotyping_GG1_JLU/20251021_162529.jpg,2025_10_21_RSFB-Phenotyping_GG1_JLU/2025_10_21_RSFB-Phenotyping_GG1_JLU/20251021_161624.jpg,plot_f2bc805c9b8565c243bf,plot_3361cc58e772149f169e,37.0,18.0,12.0,3.0,0.00031857279827818274
2025_10_21_RSFB-Phenotyping_GG1_JLU/2025_10_21_RSFB-Phenotyping_GG1_JLU/20251021_162529.jpg,2025_10_21_RSFB-Phenotyping_GG1_JLU/2025_10_21_RSFB-Phenotyping_GG1_JLU/20251021_131419.jpg,plot_f2bc805c9b8565c243bf,plot_e26908bc9222e28c92ff,37.0,18.0,10.0,4.5,0.00031857279827818274
2025_10_21_RSFB-Phenotyping_GG1_JLU/2025_10_21_RSFB-Phenotyping_GG1_JLU/20251021_162529.jpg,2025_10_21_RSFB-Phenotyping_GG1_JLU/2025_10_21_RSFB-Phenotyping_GG1_JLU/20251021_123202.jpg,plot_f2bc805c9b8565c243bf,plot_a3e331c4e6fce2b877bd,37.0,18.0,5.0,12.0,0.00031857279827818274
2025_10_21_RSFB-Phenotyping_GG1_JLU/2025_10_21_RSFB-Phenotyping_GG1_JLU/20251021_162529.jpg,2025_10_21_RSFB-Phenotyping_GG1_JLU/2025_10_21_RSFB-Phenotyping_GG1_JLU/20251021_123107.jpg,plot_f2bc805c9b8565c243bf,plot_5700cee80bc5a6e207ec,37.0,18.0,10.0,2.0,0.00031857279827818274
2025_10_21_RSFB-Phenotyping_GG1_JLU/2025_10_21_RSFB-Phenotyping_GG1_JLU/20251021_162529.jpg,2025_10_21_RSFB-Phenotyping_GG1_JLU/2025_10_21_RSFB-Phenotyping_GG1_JLU/20251021_132801.jpg,plot_f2bc805c9b8565c243bf,plot_b2decf1cbf56bcdc6d32,37.0,18.0,3.0,12.5,0.00031857279827818274
2025_10_21_RSFB-Phenotyping_GG1_JLU/2025_10_21_RSFB-Phenotyping_GG1_JLU/20251021_162529.jpg,2025_10_21_RSFB-Phenotyping_GG1_JLU/2025_10_21_RSFB-Phenotyping_GG1_JLU/20251021_162116.jpg,plot_f2bc805c9b8565c243bf,plot_60d8a72fe06bef6e6da4,37.0,18.0,3.0,11.399999618530273,0.00031857279827818274
2025_10_21_RSFB-Phenotyping_GG1_JLU/2025_10_21_RSFB-Phenotyping_GG1_JLU/20251021_162529.jpg,2025_10_21_RSFB-Phenotyping_GG1_JLU/2025_10_21_RSFB-Phenotyping_GG1_JLU/20251021_151915.jpg,plot_f2bc805c9b8565c243bf,plot_6ca7eb46f81c9ecf993b,37.0,18.0,12.0,5.5,0.00031857279827818274
2025_10_21_RSFB-Phenotyping_GG1_JLU/2025_10_21_RSFB-Phenotyping_GG1_JLU/20251021_162529.jpg,2025_10_21_RSFB-Phenotyping_GG1_JLU/2025_10_21_RSFB-Phenotyping_GG1_JLU/20251021_152653.jpg,plot_f2bc805c9b8565c243bf,plot_fe93ef196b1a8b77de19,37.0,18.0,1.0,8.5,0.00031857279827818274
2025_10_21_RSFB-Phenotyping_GG1_JLU/2025_10_21_RSFB-Phenotyping_GG1_JLU/20251021_162529.jpg,2025_10_21_RSFB-Phenotyping_GG1_JLU/2025_10_21_RSFB-Phenotyping_GG1_JLU/20251021_124615.jpg,plot_f2bc805c9b8565c243bf,plot_9e661ae87ec066049f1f,37.0,18.0,5.0,11.5,0.00031857279827818274
2025_10_21_RSFB-Phenotyping_GG1_JLU/2025_10_21_RSFB-Phenotyping_GG1_JLU/20251021_162529.jpg,2025_10_21_RSFB-Phenotyping_GG1_JLU/2025_10_21_RSFB-Phenotyping_GG1_JLU/20251021_121301.jpg,plot_f2bc805c9b8565c243bf,plot_09d8a533567043e69854,37.0,18.0,1.0,8.0,0.00031857279827818274
2025_10_21_RSFB-Phenotyping_GG1_JLU/2025_10_21_RSFB-Phenotyping_GG1_JLU/20251021_162529.jpg,2025_10_21_RSFB-Phenotyping_GG1_JLU/2025_10_21_RSFB-Phenotyping_GG1_JLU/20251021_124500.jpg,plot_f2bc805c9b8565c243bf,plot_ea75df3b909465cef7b1,37.0,18.0,5.0,12.0,0.00031857279827818274
2025_10_21_RSFB-Phenotyping_GG1_JLU/2025_10_21_RSFB-Phenotyping_GG1_JLU/20251021_162529.jpg,2025_10_21_RSFB-Phenotyping_GG1_JLU/2025_10_21_RSFB-Phenotyping_GG1_JLU/20251021_151439.jpg,plot_f2bc805c9b8565c243bf,plot_f19419da98fe0824600a,37.0,18.0,8.0,2.5,0.00031857279827818274
2025_10_21_RSFB-Phenotyping_GG1_JLU/2025_10_21_RSFB-Phenotyping_GG1_JLU/20251021_162529.jpg,2025_10_21_RSFB-Phenotyping_GG1_JLU/2025_10_21_RSFB-Phenotyping_GG1_JLU/20251021_121843.jpg,plot_f2bc805c9b8565c243bf,plot_08853fb661302206a300,37.0,18.0,4.0,12.0,0.00031857279827818274
2025_10_21_RSFB-Phenotyping_GG1_JLU/2025_10_21_RSFB-Phenotyping_GG1_JLU/20251021_162529.jpg,2025_10_21_RSFB-Phenotyping_GG1_JLU/2025_10_21_RSFB-Phenotyping_GG1_JLU/20251021_122557.jpg,plot_f2bc805c9b8565c243bf,plot_4460e7e9889b69d86dd3,37.0,18.0,2.0,10.0,0.00031857279827818274
2025_10_21_RSFB-Phenotyping_GG1_JLU/2025_10_21_RSFB-Phenotyping_GG1_JLU/20251021_162529.jpg,2025_10_21_RSFB-Phenotyping_GG1_JLU/2025_10_21_RSFB-Phenotyping_GG1_JLU/20251021_124358.jpg,plot_f2bc805c9b8565c243bf,plot_e77622de4cce1b168140,37.0,18.0,3.0,11.0,0.00031857279827818274
2025_10_21_RSFB-Phenotyping_GG1_JLU/2025_10_21_RSFB-Phenotyping_GG1_JLU/20251021_162529.jpg,2025_10_21_RSFB-Phenotyping_GG1_JLU/2025_10_21_RSFB-Phenotyping_GG1_JLU/20251021_121314.jpg,plot_f2bc805c9b8565c243bf,plot_0de14b7453cf30ed2a1c,37.0,18.0,2.0,7.5,0.00031857279827818274
2025_10_21_RSFB-Phenotyping_GG1_JLU/2025_10_21_RSFB-Phenotyping_GG1_JLU/20251021_162529.jpg,2025_10_21_RSFB-Phenotyping_GG1_JLU/2025_10_21_RSFB-Phenotyping_GG1_JLU/20251021_162109.jpg,plot_f2bc805c9b8565c243bf,plot_60d8a72fe06bef6e6da4,37.0,18.0,1.0,6.400000095367432,0.00031857279827818274
2025_10_21_RSFB-Phenotyping_GG1_JLU/2025_10_21_RSFB-Phenotyping_GG1_JLU/20251021_162529.jpg,2025_10_21_RSFB-Phenotyping_GG1_JLU/2025_10_21_RSFB-Phenotyping_GG1_JLU/20251021_160047.jpg,plot_f2bc805c9b8565c243bf,plot_ecb8a2d7a20b5079cedb,37.0,18.0,2.0,8.5,0.00031857279827818274
2025_10_21_RSFB-Phenotyping_GG1_JLU/2025_10_21_RSFB-Phenotyping_GG1_JLU/20251021_162529.jpg,2025_10_21_RSFB-Phenotyping_GG1_JLU/2025_10_21_RSFB-Phenotyping_GG1_JLU/20251021_130529.jpg,plot_f2bc805c9b8565c243bf,plot_883726baafccd2304661,37.0,18.0,2.0,7.5,0.00031857279827818274
2025_10_21_RSFB-Phenotyping_GG1_JLU/2025_10_21_RSFB-Phenotyping_GG1_JLU/20251021_162529.jpg,2025_10_21_RSFB-Phenotyping_GG1_JLU/2025_10_21_RSFB-Phenotyping_GG1_JLU/20251021_161242.jpg,plot_f2bc805c9b8565c243bf,plot_c08c9fc75665c975b852,37.0,18.0,1.0,6.5,0.00031857279827818274
2025_10_21_RSFB-Phenotyping_GG1_JLU/2025_10_21_RSFB-Phenotyping_GG1_JLU/20251021_162529.jpg,2025_10_21_RSFB-Phenotyping_GG1_JLU/2025_10_21_RSFB-Phenotyping_GG1_JLU/20251021_130128.jpg,plot_f2bc805c9b8565c243bf,plot_77196a9ec72c575b5b40,37.0,18.0,10.0,4.5,0.00031857279827818274
2025_10_21_RSFB-Phenotyping_GG1_JLU/2025_10_21_RSFB-Phenotyping_GG1_JLU/20251021_162529.jpg,2025_10_21_RSFB-Phenotyping_GG1_JLU/2025_10_21_RSFB-Phenotyping_GG1_JLU/20251021_153825.jpg,plot_f2bc805c9b8565c243bf,plot_64e19f5de9c116d1fbb6,37.0,18.0,3.0,8.5,0.00031857279827818274
2025_10_21_RSFB-Phenotyping_GG1_JLU/2025_10_21_RSFB-Phenotyping_GG1_JLU/20251021_162529.jpg,2025_10_21_RSFB-Phenotyping_GG1_JLU/2025_10_21_RSFB-Phenotyping_GG1_JLU/20251021_132342.jpg,plot_f2bc805c9b8565c243bf,plot_df712240205f755d4453,37.0,18.0,12.0,2.5,0.00031857279827818274
2025_10_21_RSFB-Phenotyping_GG1_JLU/2025_10_21_RSFB-Phenotyping_GG1_JLU/20251021_162529.jpg,2025_10_21_RSFB-Phenotyping_GG1_JLU/2025_10_21_RSFB-Phenotyping_GG1_JLU/20251021_161415.jpg,plot_f2bc805c9b8565c243bf,plot_6db75ec8b4bf1739f8b3,37.0,18.0,10.0,4.5,0.00031857279827818274
2025_10_21_RSFB-Phenotyping_GG1_JLU/2025_10_21_RSFB-Phenotyping_GG1_JLU/20251021_162529.jpg,2025_10_21_RSFB-Phenotyping_GG1_JLU/2025_10_21_RSFB-Phenotyping_GG1_JLU/20251021_151642.jpg,plot_f2bc805c9b8565c243bf,plot_f61b29267fecc01648f8,37.0,18.0,10.0,4.5,0.00031857279827818274
2025_10_21_RSFB-Phenotyping_GG1_JLU/2025_10_21_RSFB-Phenotyping_GG1_JLU/20251021_162529.jpg,2025_10_21_RSFB-Phenotyping_GG1_JLU/2025_10_21_RSFB-Phenotyping_GG1_JLU/20251021_155103.jpg,plot_f2bc805c9b8565c243bf,plot_b499b14eca911be3b991,37.0,18.0,12.0,1.0,0.00031857279827818274
2025_10_21_RSFB-Phenotyping_GG1_JLU/2025_10_21_RSFB-Phenotyping_GG1_JLU/20251021_162529.jpg,2025_10_21_RSFB-Phenotyping_GG1_JLU/2025_10_21_RSFB-Phenotyping_GG1_JLU/20251021_160831.jpg,plot_f2bc805c9b8565c243bf,plot_31ff4a85b21ababa7de0,37.0,18.0,1.0,9.5,0.00031857279827818274
2025_10_21_RSFB-Phenotyping_GG1_JLU/2025_10_21_RSFB-Phenotyping_GG1_JLU/20251021_162529.jpg,2025_10_21_RSFB-Phenotyping_GG1_JLU/2025_10_21_RSFB-Phenotyping_GG1_JLU/20251021_154622.jpg,plot_f2bc805c9b8565c243bf,plot_5d8d172daef4ef20984f,37.0,18.0,1.0,7.5,0.00031857279827818274
2025_10_21_RSFB-Phenotyping_GG1_JLU/2025_10_21_RSFB-Phenotyping_GG1_JLU/20251021_162529.jpg,2025_10_21_RSFB-Phenotyping_GG1_JLU/2025_10_21_RSFB-Phenotyping_GG1_JLU/20251021_132550.jpg,plot_f2bc805c9b8565c243bf,plot_cff264c1afb9a1cf9473,37.0,18.0,2.0,8.5,0.00031857279827818274
2025_10_21_RSFB-Phenotyping_GG1_JLU/2025_10_21_RSFB-Phenotyping_GG1_JLU/20251021_162529.jpg,2025_10_21_RSFB-Phenotyping_GG1_JLU/2025_10_21_RSFB-Phenotyping_GG1_JLU/20251021_155302.jpg,plot_f2bc805c9b8565c243bf,plot_cb17d6bcad8ffccbde51,37.0,18.0,1.0,10.5,0.00031857279827818274
2025_10_21_RSFB-Phenotyping_GG1_JLU/2025_10_21_RSFB-Phenotyping_GG1_JLU/20251021_162529.jpg,2025_10_21_RSFB-Phenotyping_GG1_JLU/2025_10_21_RSFB-Phenotyping_GG1_JLU/20251021_161549.jpg,plot_f2bc805c9b8565c243bf,plot_5008f76cf0a562f63097,37.0,18.0,7.0,1.7000000476837158,0.00031857279827818274
2025_10_21_RSFB-Phenotyping_GG1_JLU/2025_10_21_RSFB-Phenotyping_GG1_JLU/20251021_162529.jpg,2025_10_21_RSFB-Phenotyping_GG1_JLU/2025_10_21_RSFB-Phenotyping_GG1_JLU/20251021_151432.jpg,plot_f2bc805c9b8565c243bf,plot_f19419da98fe0824600a,37.0,18.0,2.0,12.5,0.00031857279827818274
2025_10_21_RSFB-Phenotyping_GG1_JLU/2025_10_21_RSFB-Phenotyping_GG1_JLU/20251021_162529.jpg,2025_10_21_RSFB-Phenotyping_GG1_JLU/2025_10_21_RSFB-Phenotyping_GG1_JLU/20251021_125901.jpg,plot_f2bc805c9b8565c243bf,plot_7afc7682bc0b0be61f6b,37.0,18.0,2.0,10.0,0.00031857279827818274
2025_10_21_RSFB-Phenotyping_GG1_JLU/2025_10_21_RSFB-Phenotyping_GG1_JLU/20251021_162529.jpg,2025_10_21_RSFB-Phenotyping_GG1_JLU/2025_10_21_RSFB-Phenotyping_GG1_JLU/20251021_132424.jpg,plot_f2bc805c9b8565c243bf,plot_04441862d5c5dd0b49cc,37.0,18.0,10.0,2.5,0.00031857279827818274
2025_10_21_RSFB-Phenotyping_GG1_JLU/2025_10_21_RSFB-Phenotyping_GG1_JLU/20251021_162529.jpg,2025_10_21_RSFB-Phenotyping_GG1_JLU/2025_10_21_RSFB-Phenotyping_GG1_JLU/20251021_154649.jpg,plot_f2bc805c9b8565c243bf,plot_f974c33b3b939aa5f878,37.0,18.0,2.0,9.5,0.00031857279827818274
2025_10_21_RSFB-Phenotyping_GG1_JLU/2025_10_21_RSFB-Phenotyping_GG1_JLU/20251021_162529.jpg,2025_10_21_RSFB-Phenotyping_GG1_JLU/2025_10_21_RSFB-Phenotyping_GG1_JLU/20251021_121113.jpg,plot_f2bc805c9b8565c243bf,plot_a7714d1b769d45a9b00a,37.0,18.0,2.0,10.0,0.00031857279827818274
2025_10_21_RSFB-Phenotyping_GG1_JLU/2025_10_21_RSFB-Phenotyping_GG1_JLU/20251021_162529.jpg,2025_10_21_RSFB-Phenotyping_GG1_JLU/2025_10_21_RSFB-Phenotyping_GG1_JLU/20251021_152457.jpg,plot_f2bc805c9b8565c243bf,plot_cf8f8145824cff35d237,37.0,18.0,3.0,9.5,0.00031857279827818274
2025_10_21_RSFB-Phenotyping_GG1_JLU/2025_10_21_RSFB-Phenotyping_GG1_JLU/20251021_162529.jpg,2025_10_21_RSFB-Phenotyping_GG1_JLU/2025_10_21_RSFB-Phenotyping_GG1_JLU/20251021_155939.jpg,plot_f2bc805c9b8565c243bf,plot_b351f823b8a0415f9230,37.0,18.0,3.0,10.0,0.00031857279827818274
2025_10_21_RSFB-Phenotyping_GG1_JLU/2025_10_21_RSFB-Phenotyping_GG1_JLU/20251021_162529.jpg,2025_10_21_RSFB-Phenotyping_GG1_JLU/2025_10_21_RSFB-Phenotyping_GG1_JLU/20251021_122046.jpg,plot_f2bc805c9b8565c243bf,plot_166bd930c637bcfcd528,37.0,18.0,2.0,7.900000095367432,0.00031857279827818274
2025_10_21_RSFB-Phenotyping_GG1_JLU/2025_10_21_RSFB-Phenotyping_GG1_JLU/20251021_123941.jpg,2025_10_21_RSFB-Phenotyping_GG1_JLU/2025_10_21_RSFB-Phenotyping_GG1_JLU/20251021_131419.jpg,plot_ec0a5e344760502c368a,plot_e26908bc9222e28c92ff,25.0,16.0,10.0,4.5,0.0005073566571809351
2025_10_21_RSFB-Phenotyping_GG1_JLU/2025_10_21_RSFB-Phenotyping_GG1_JLU/20251021_123941.jpg,2025_10_21_RSFB-Phenotyping_GG1_JLU/2025_10_21_RSFB-Phenotyping_GG1_JLU/20251021_155302.jpg,plot_ec0a5e344760502c368a,plot_cb17d6bcad8ffccbde51,25.0,16.0,1.0,10.5,0.0005073566571809351
2025_10_21_RSFB-Phenotyping_GG1_JLU/2025_10_21_RSFB-Phenotyping_GG1_JLU/20251021_123941.jpg,2025_10_21_RSFB-Phenotyping_GG1_JLU/2025_10_21_RSFB-Phenotyping_GG1_JLU/20251021_151642.jpg,plot_ec0a5e344760502c368a,plot_f61b29267fecc01648f8,25.0,16.0,10.0,4.5,0.0005073566571809351
2025_10_21_RSFB-Phenotyping_GG1_JLU/2025_10_21_RSFB-Phenotyping_GG1_JLU/20251021_123941.jpg,2025_10_21_RSFB-Phenotyping_GG1_JLU/2025_10_21_RSFB-Phenotyping_GG1_JLU/20251021_121314.jpg,plot_ec0a5e344760502c368a,plot_0de14b7453cf30ed2a1c,25.0,16.0,2.0,7.5,0.0005073566571809351
2025_10_21_RSFB-Phenotyping_GG1_JLU/2025_10_21_RSFB-Phenotyping_GG1_JLU/20251021_123941.jpg,2025_10_21_RSFB-Phenotyping_GG1_JLU/2025_10_21_RSFB-Phenotyping_GG1_JLU/20251021_121113.jpg,plot_ec0a5e344760502c368a,plot_a7714d1b769d45a9b00a,25.0,16.0,2.0,10.0,0.0005073566571809351
2025_10_21_RSFB-Phenotyping_GG1_JLU/2025_10_21_RSFB-Phenotyping_GG1_JLU/20251021_123941.jpg,2025_10_21_RSFB-Phenotyping_GG1_JLU/2025_10_21_RSFB-Phenotyping_GG1_JLU/20251021_161549.jpg,plot_ec0a5e344760502c368a,plot_5008f76cf0a562f63097,25.0,16.0,7.0,1.7000000476837158,0.0005073566571809351
2025_10_21_RSFB-Phenotyping_GG1_JLU/2025_10_21_RSFB-Phenotyping_GG1_JLU/20251021_123941.jpg,2025_10_21_RSFB-Phenotyping_GG1_JLU/2025_10_21_RSFB-Phenotyping_GG1_JLU/20251021_153825.jpg,plot_ec0a5e344760502c368a,plot_64e19f5de9c116d1fbb6,25.0,16.0,3.0,8.5,0.0005073566571809351
2025_10_21_RSFB-Phenotyping_GG1_JLU/2025_10_21_RSFB-Phenotyping_GG1_JLU/20251021_123941.jpg,2025_10_21_RSFB-Phenotyping_GG1_JLU/2025_10_21_RSFB-Phenotyping_GG1_JLU/20251021_123107.jpg,plot_ec0a5e344760502c368a,plot_5700cee80bc5a6e207ec,25.0,16.0,10.0,2.0,0.0005073566571809351
2025_10_21_RSFB-Phenotyping_GG1_JLU/2025_10_21_RSFB-Phenotyping_GG1_JLU/20251021_123941.jpg,2025_10_21_RSFB-Phenotyping_GG1_JLU/2025_10_21_RSFB-Phenotyping_GG1_JLU/20251021_121301.jpg,plot_ec0a5e344760502c368a,plot_09d8a533567043e69854,25.0,16.0,1.0,8.0,0.0005073566571809351
2025_10_21_RSFB-Phenotyping_GG1_JLU/2025_10_21_RSFB-Phenotyping_GG1_JLU/20251021_123941.jpg,2025_10_21_RSFB-Phenotyping_GG1_JLU/2025_10_21_RSFB-Phenotyping_GG1_JLU/20251021_160047.jpg,plot_ec0a5e344760502c368a,plot_ecb8a2d7a20b5079cedb,25.0,16.0,2.0,8.5,0.0005073566571809351
2025_10_21_RSFB-Phenotyping_GG1_JLU/2025_10_21_RSFB-Phenotyping_GG1_JLU/20251021_123941.jpg,2025_10_21_RSFB-Phenotyping_GG1_JLU/2025_10_21_RSFB-Phenotyping_GG1_JLU/20251021_161415.jpg,plot_ec0a5e344760502c368a,plot_6db75ec8b4bf1739f8b3,25.0,16.0,10.0,4.5,0.0005073566571809351
2025_10_21_RSFB-Phenotyping_GG1_JLU/2025_10_21_RSFB-Phenotyping_GG1_JLU/20251021_123941.jpg,2025_10_21_RSFB-Phenotyping_GG1_JLU/2025_10_21_RSFB-Phenotyping_GG1_JLU/20251021_154622.jpg,plot_ec0a5e344760502c368a,plot_5d8d172daef4ef20984f,25.0,16.0,1.0,7.5,0.0005073566571809351
2025_10_21_RSFB-Phenotyping_GG1_JLU/2025_10_21_RSFB-Phenotyping_GG1_JLU/20251021_123941.jpg,2025_10_21_RSFB-Phenotyping_GG1_JLU/2025_10_21_RSFB-Phenotyping_GG1_JLU/20251021_132550.jpg,plot_ec0a5e344760502c368a,plot_cff264c1afb9a1cf9473,25.0,16.0,2.0,8.5,0.0005073566571809351
2025_10_21_RSFB-Phenotyping_GG1_JLU/2025_10_21_RSFB-Phenotyping_GG1_JLU/20251021_123941.jpg,2025_10_21_RSFB-Phenotyping_GG1_JLU/2025_10_21_RSFB-Phenotyping_GG1_JLU/20251021_130128.jpg,plot_ec0a5e344760502c368a,plot_77196a9ec72c575b5b40,25.0,16.0,10.0,4.5,0.0005073566571809351
2025_10_21_RSFB-Phenotyping_GG1_JLU/2025_10_21_RSFB-Phenotyping_GG1_JLU/20251021_123941.jpg,2025_10_21_RSFB-Phenotyping_GG1_JLU/2025_10_21_RSFB-Phenotyping_GG1_JLU/20251021_151439.jpg,plot_ec0a5e344760502c368a,plot_f19419da98fe0824600a,25.0,16.0,8.0,2.5,0.0005073566571809351
2025_10_21_RSFB-Phenotyping_GG1_JLU/2025_10_21_RSFB-Phenotyping_GG1_JLU/20251021_123941.jpg,2025_10_21_RSFB-Phenotyping_GG1_JLU/2025_10_21_RSFB-Phenotyping_GG1_JLU/20251021_161242.jpg,plot_ec0a5e344760502c368a,plot_c08c9fc75665c975b852,25.0,16.0,1.0,6.5,0.0005073566571809351
2025_10_21_RSFB-Phenotyping_GG1_JLU/2025_10_21_RSFB-Phenotyping_GG1_JLU/20251021_123941.jpg,2025_10_21_RSFB-Phenotyping_GG1_JLU/2025_10_21_RSFB-Phenotyping_GG1_JLU/20251021_154649.jpg,plot_ec0a5e344760502c368a,plot_f974c33b3b939aa5f878,25.0,16.0,2.0,9.5,0.0005073566571809351
2025_10_21_RSFB-Phenotyping_GG1_JLU/2025_10_21_RSFB-Phenotyping_GG1_JLU/20251021_123941.jpg,2025_10_21_RSFB-Phenotyping_GG1_JLU/2025_10_21_RSFB-Phenotyping_GG1_JLU/20251021_130529.jpg,plot_ec0a5e344760502c368a,plot_883726baafccd2304661,25.0,16.0,2.0,7.5,0.0005073566571809351
2025_10_21_RSFB-Phenotyping_GG1_JLU/2025_10_21_RSFB-Phenotyping_GG1_JLU/20251021_123941.jpg,2025_10_21_RSFB-Phenotyping_GG1_JLU/2025_10_21_RSFB-Phenotyping_GG1_JLU/20251021_152653.jpg,plot_ec0a5e344760502c368a,plot_fe93ef196b1a8b77de19,25.0,16.0,1.0,8.5,0.0005073566571809351
2025_10_21_RSFB-Phenotyping_GG1_JLU/2025_10_21_RSFB-Phenotyping_GG1_JLU/20251021_123941.jpg,2025_10_21_RSFB-Phenotyping_GG1_JLU/2025_10_21_RSFB-Phenotyping_GG1_JLU/20251021_122557.jpg,plot_ec0a5e344760502c368a,plot_4460e7e9889b69d86dd3,25.0,16.0,2.0,10.0,0.0005073566571809351
2025_10_21_RSFB-Phenotyping_GG1_JLU/2025_10_21_RSFB-Phenotyping_GG1_JLU/20251021_123941.jpg,2025_10_21_RSFB-Phenotyping_GG1_JLU/2025_10_21_RSFB-Phenotyping_GG1_JLU/20251021_132424.jpg,plot_ec0a5e344760502c368a,plot_04441862d5c5dd0b49cc,25.0,16.0,10.0,2.5,0.0005073566571809351
2025_10_21_RSFB-Phenotyping_GG1_JLU/2025_10_21_RSFB-Phenotyping_GG1_JLU/20251021_123941.jpg,2025_10_21_RSFB-Phenotyping_GG1_JLU/2025_10_21_RSFB-Phenotyping_GG1_JLU/20251021_155939.jpg,plot_ec0a5e344760502c368a,plot_b351f823b8a0415f9230,25.0,16.0,3.0,10.0,0.0005073566571809351
2025_10_21_RSFB-Phenotyping_GG1_JLU/2025_10_21_RSFB-Phenotyping_GG1_JLU/20251021_123941.jpg,2025_10_21_RSFB-Phenotyping_GG1_JLU/2025_10_21_RSFB-Phenotyping_GG1_JLU/20251021_152457.jpg,plot_ec0a5e344760502c368a,plot_cf8f8145824cff35d237,25.0,16.0,3.0,9.5,0.0005073566571809351
2025_10_21_RSFB-Phenotyping_GG1_JLU/2025_10_21_RSFB-Phenotyping_GG1_JLU/20251021_123941.jpg,2025_10_21_RSFB-Phenotyping_GG1_JLU/2025_10_21_RSFB-Phenotyping_GG1_JLU/20251021_125901.jpg,plot_ec0a5e344760502c368a,plot_7afc7682bc0b0be61f6b,25.0,16.0,2.0,10.0,0.0005073566571809351
2025_10_21_RSFB-Phenotyping_GG1_JLU/2025_10_21_RSFB-Phenotyping_GG1_JLU/20251021_123941.jpg,2025_10_21_RSFB-Phenotyping_GG1_JLU/2025_10_21_RSFB-Phenotyping_GG1_JLU/20251021_122046.jpg,plot_ec0a5e344760502c368a,plot_166bd930c637bcfcd528,25.0,16.0,2.0,7.900000095367432,0.0005073566571809351
2025_10_21_RSFB-Phenotyping_GG1_JLU/2025_10_21_RSFB-Phenotyping_GG1_JLU/20251021_123941.jpg,2025_10_21_RSFB-Phenotyping_GG1_JLU/2025_10_21_RSFB-Phenotyping_GG1_JLU/20251021_162109.jpg,plot_ec0a5e344760502c368a,plot_60d8a72fe06bef6e6da4,25.0,16.0,1.0,6.400000095367432,0.0005073566571809351
2025_10_21_RSFB-Phenotyping_GG1_JLU/2025_10_21_RSFB-Phenotyping_GG1_JLU/20251021_123941.jpg,2025_10_21_RSFB-Phenotyping_GG1_JLU/2025_10_21_RSFB-Phenotyping_GG1_JLU/20251021_160831.jpg,plot_ec0a5e344760502c368a,plot_31ff4a85b21ababa7de0,25.0,16.0,1.0,9.5,0.0005073566571809351
2025_10_21_RSFB-Phenotyping_GG1_JLU/2025_10_21_RSFB-Phenotyping_GG1_JLU/20251021_153456.jpg,2025_10_21_RSFB-Phenotyping_GG1_JLU/2025_10_21_RSFB-Phenotyping_GG1_JLU/20251021_123107.jpg,plot_3b57a77095a5f5e8895a,plot_5700cee80bc5a6e207ec,37.0,15.5,10.0,2.0,0.0005268703680485487
2025_10_21_RSFB-Phenotyping_GG1_JLU/2025_10_21_RSFB-Phenotyping_GG1_JLU/20251021_153456.jpg,2025_10_21_RSFB-Phenotyping_GG1_JLU/2025_10_21_RSFB-Phenotyping_GG1_JLU/20251021_121301.jpg,plot_3b57a77095a5f5e8895a,plot_09d8a533567043e69854,37.0,15.5,1.0,8.0,0.0005268703680485487
2025_10_21_RSFB-Phenotyping_GG1_JLU/2025_10_21_RSFB-Phenotyping_GG1_JLU/20251021_153456.jpg,2025_10_21_RSFB-Phenotyping_GG1_JLU/2025_10_21_RSFB-Phenotyping_GG1_JLU/20251021_130529.jpg,plot_3b57a77095a5f5e8895a,plot_883726baafccd2304661,37.0,15.5,2.0,7.5,0.0005268703680485487
2025_10_21_RSFB-Phenotyping_GG1_JLU/2025_10_21_RSFB-Phenotyping_GG1_JLU/20251021_153456.jpg,2025_10_21_RSFB-Phenotyping_GG1_JLU/2025_10_21_RSFB-Phenotyping_GG1_JLU/20251021_131419.jpg,plot_3b57a77095a5f5e8895a,plot_e26908bc9222e28c92ff,37.0,15.5,10.0,4.5,0.0005268703680485487
2025_10_21_RSFB-Phenotyping_GG1_JLU/2025_10_21_RSFB-Phenotyping_GG1_JLU/20251021_153456.jpg,2025_10_21_RSFB-Phenotyping_GG1_JLU/2025_10_21_RSFB-Phenotyping_GG1_JLU/20251021_160047.jpg,plot_3b57a77095a5f5e8895a,plot_ecb8a2d7a20b5079cedb,37.0,15.5,2.0,8.5,0.0005268703680485487
2025_10_21_RSFB-Phenotyping_GG1_JLU/2025_10_21_RSFB-Phenotyping_GG1_JLU/20251021_153456.jpg,2025_10_21_RSFB-Phenotyping_GG1_JLU/2025_10_21_RSFB-Phenotyping_GG1_JLU/20251021_125901.jpg,plot_3b57a77095a5f5e8895a,plot_7afc7682bc0b0be61f6b,37.0,15.5,2.0,10.0,0.0005268703680485487
2025_10_21_RSFB-Phenotyping_GG1_JLU/2025_10_21_RSFB-Phenotyping_GG1_JLU/20251021_153456.jpg,2025_10_21_RSFB-Phenotyping_GG1_JLU/2025_10_21_RSFB-Phenotyping_GG1_JLU/20251021_122046.jpg,plot_3b57a77095a5f5e8895a,plot_166bd930c637bcfcd528,37.0,15.5,2.0,7.900000095367432,0.0005268703680485487
2025_10_21_RSFB-Phenotyping_GG1_JLU/2025_10_21_RSFB-Phenotyping_GG1_JLU/20251021_153456.jpg,2025_10_21_RSFB-Phenotyping_GG1_JLU/2025_10_21_RSFB-Phenotyping_GG1_JLU/20251021_122557.jpg,plot_3b57a77095a5f5e8895a,plot_4460e7e9889b69d86dd3,37.0,15.5,2.0,10.0,0.0005268703680485487
2025_10_21_RSFB-Phenotyping_GG1_JLU/2025_10_21_RSFB-Phenotyping_GG1_JLU/20251021_153456.jpg,2025_10_21_RSFB-Phenotyping_GG1_JLU/2025_10_21_RSFB-Phenotyping_GG1_JLU/20251021_161549.jpg,plot_3b57a77095a5f5e8895a,plot_5008f76cf0a562f63097,37.0,15.5,7.0,1.7000000476837158,0.0005268703680485487
2025_10_21_RSFB-Phenotyping_GG1_JLU/2025_10_21_RSFB-Phenotyping_GG1_JLU/20251021_153456.jpg,2025_10_21_RSFB-Phenotyping_GG1_JLU/2025_10_21_RSFB-Phenotyping_GG1_JLU/20251021_153825.jpg,plot_3b57a77095a5f5e8895a,plot_64e19f5de9c116d1fbb6,37.0,15.5,3.0,8.5,0.0005268703680485487
2025_10_21_RSFB-Phenotyping_GG1_JLU/2025_10_21_RSFB-Phenotyping_GG1_JLU/20251021_153456.jpg,2025_10_21_RSFB-Phenotyping_GG1_JLU/2025_10_21_RSFB-Phenotyping_GG1_JLU/20251021_152457.jpg,plot_3b57a77095a5f5e8895a,plot_cf8f8145824cff35d237,37.0,15.5,3.0,9.5,0.0005268703680485487
2025_10_21_RSFB-Phenotyping_GG1_JLU/2025_10_21_RSFB-Phenotyping_GG1_JLU/20251021_153456.jpg,2025_10_21_RSFB-Phenotyping_GG1_JLU/2025_10_21_RSFB-Phenotyping_GG1_JLU/20251021_121314.jpg,plot_3b57a77095a5f5e8895a,plot_0de14b7453cf30ed2a1c,37.0,15.5,2.0,7.5,0.0005268703680485487
2025_10_21_RSFB-Phenotyping_GG1_JLU/2025_10_21_RSFB-Phenotyping_GG1_JLU/20251021_153456.jpg,2025_10_21_RSFB-Phenotyping_GG1_JLU/2025_10_21_RSFB-Phenotyping_GG1_JLU/20251021_161415.jpg,plot_3b57a77095a5f5e8895a,plot_6db75ec8b4bf1739f8b3,37.0,15.5,10.0,4.5,0.0005268703680485487
2025_10_21_RSFB-Phenotyping_GG1_JLU/2025_10_21_RSFB-Phenotyping_GG1_JLU/20251021_153456.jpg,2025_10_21_RSFB-Phenotyping_GG1_JLU/2025_10_21_RSFB-Phenotyping_GG1_JLU/20251021_121113.jpg,plot_3b57a77095a5f5e8895a,plot_a7714d1b769d45a9b00a,37.0,15.5,2.0,10.0,0.0005268703680485487
2025_10_21_RSFB-Phenotyping_GG1_JLU/2025_10_21_RSFB-Phenotyping_GG1_JLU/20251021_153456.jpg,2025_10_21_RSFB-Phenotyping_GG1_JLU/2025_10_21_RSFB-Phenotyping_GG1_JLU/20251021_155939.jpg,plot_3b57a77095a5f5e8895a,plot_b351f823b8a0415f9230,37.0,15.5,3.0,10.0,0.0005268703680485487
2025_10_21_RSFB-Phenotyping_GG1_JLU/2025_10_21_RSFB-Phenotyping_GG1_JLU/20251021_153456.jpg,2025_10_21_RSFB-Phenotyping_GG1_JLU/2025_10_21_RSFB-Phenotyping_GG1_JLU/20251021_151642.jpg,plot_3b57a77095a5f5e8895a,plot_f61b29267fecc01648f8,37.0,15.5,10.0,4.5,0.0005268703680485487
2025_10_21_RSFB-Phenotyping_GG1_JLU/2025_10_21_RSFB-Phenotyping_GG1_JLU/20251021_153456.jpg,2025_10_21_RSFB-Phenotyping_GG1_JLU/2025_10_21_RSFB-Phenotyping_GG1_JLU/20251021_151439.jpg,plot_3b57a77095a5f5e8895a,plot_f19419da98fe0824600a,37.0,15.5,8.0,2.5,0.0005268703680485487
2025_10_21_RSFB-Phenotyping_GG1_JLU/2025_10_21_RSFB-Phenotyping_GG1_JLU/20251021_153456.jpg,2025_10_21_RSFB-Phenotyping_GG1_JLU/2025_10_21_RSFB-Phenotyping_GG1_JLU/20251021_161242.jpg,plot_3b57a77095a5f5e8895a,plot_c08c9fc75665c975b852,37.0,15.5,1.0,6.5,0.0005268703680485487
2025_10_21_RSFB-Phenotyping_GG1_JLU/2025_10_21_RSFB-Phenotyping_GG1_JLU/20251021_153456.jpg,2025_10_21_RSFB-Phenotyping_GG1_JLU/2025_10_21_RSFB-Phenotyping_GG1_JLU/20251021_154649.jpg,plot_3b57a77095a5f5e8895a,plot_f974c33b3b939aa5f878,37.0,15.5,2.0,9.5,0.0005268703680485487
2025_10_21_RSFB-Phenotyping_GG1_JLU/2025_10_21_RSFB-Phenotyping_GG1_JLU/20251021_153456.jpg,2025_10_21_RSFB-Phenotyping_GG1_JLU/2025_10_21_RSFB-Phenotyping_GG1_JLU/20251021_152653.jpg,plot_3b57a77095a5f5e8895a,plot_fe93ef196b1a8b77de19,37.0,15.5,1.0,8.5,0.0005268703680485487
2025_10_21_RSFB-Phenotyping_GG1_JLU/2025_10_21_RSFB-Phenotyping_GG1_JLU/20251021_153456.jpg,2025_10_21_RSFB-Phenotyping_GG1_JLU/2025_10_21_RSFB-Phenotyping_GG1_JLU/20251021_130128.jpg,plot_3b57a77095a5f5e8895a,plot_77196a9ec72c575b5b40,37.0,15.5,10.0,4.5,0.0005268703680485487
2025_10_21_RSFB-Phenotyping_GG1_JLU/2025_10_21_RSFB-Phenotyping_GG1_JLU/20251021_153456.jpg,2025_10_21_RSFB-Phenotyping_GG1_JLU/2025_10_21_RSFB-Phenotyping_GG1_JLU/20251021_154622.jpg,plot_3b57a77095a5f5e8895a,plot_5d8d172daef4ef20984f,37.0,15.5,1.0,7.5,0.0005268703680485487
2025_10_21_RSFB-Phenotyping_GG1_JLU/2025_10_21_RSFB-Phenotyping_GG1_JLU/20251021_153456.jpg,2025_10_21_RSFB-Phenotyping_GG1_JLU/2025_10_21_RSFB-Phenotyping_GG1_JLU/20251021_162109.jpg,plot_3b57a77095a5f5e8895a,plot_60d8a72fe06bef6e6da4,37.0,15.5,1.0,6.400000095367432,0.0005268703680485487
2025_10_21_RSFB-Phenotyping_GG1_JLU/2025_10_21_RSFB-Phenotyping_GG1_JLU/20251021_153456.jpg,2025_10_21_RSFB-Phenotyping_GG1_JLU/2025_10_21_RSFB-Phenotyping_GG1_JLU/20251021_132424.jpg,plot_3b57a77095a5f5e8895a,plot_04441862d5c5dd0b49cc,37.0,15.5,10.0,2.5,0.0005268703680485487
2025_10_21_RSFB-Phenotyping_GG1_JLU/2025_10_21_RSFB-Phenotyping_GG1_JLU/20251021_153456.jpg,2025_10_21_RSFB-Phenotyping_GG1_JLU/2025_10_21_RSFB-Phenotyping_GG1_JLU/20251021_160831.jpg,plot_3b57a77095a5f5e8895a,plot_31ff4a85b21ababa7de0,37.0,15.5,1.0,9.5,0.0005268703680485487
2025_10_21_RSFB-Phenotyping_GG1_JLU/2025_10_21_RSFB-Phenotyping_GG1_JLU/20251021_153456.jpg,2025_10_21_RSFB-Phenotyping_GG1_JLU/2025_10_21_RSFB-Phenotyping_GG1_JLU/20251021_132550.jpg,plot_3b57a77095a5f5e8895a,plot_cff264c1afb9a1cf9473,37.0,15.5,2.0,8.5,0.0005268703680485487
2025_10_21_RSFB-Phenotyping_GG1_JLU/2025_10_21_RSFB-Phenotyping_GG1_JLU/20251021_152912.jpg,2025_10_21_RSFB-Phenotyping_GG1_JLU/2025_10_21_RSFB-Phenotyping_GG1_JLU/20251021_160047.jpg,plot_ee9e57e14d7b78633cf1,plot_ecb8a2d7a20b5079cedb,45.0,14.0,2.0,8.5,0.0010537407360970974
2025_10_21_RSFB-Phenotyping_GG1_JLU/2025_10_21_RSFB-Phenotyping_GG1_JLU/20251021_152912.jpg,2025_10_21_RSFB-Phenotyping_GG1_JLU/2025_10_21_RSFB-Phenotyping_GG1_JLU/20251021_153825.jpg,plot_ee9e57e14d7b78633cf1,plot_64e19f5de9c116d1fbb6,45.0,14.0,3.0,8.5,0.0010537407360970974
2025_10_21_RSFB-Phenotyping_GG1_JLU/2025_10_21_RSFB-Phenotyping_GG1_JLU/20251021_152912.jpg,2025_10_21_RSFB-Phenotyping_GG1_JLU/2025_10_21_RSFB-Phenotyping_GG1_JLU/20251021_162109.jpg,plot_ee9e57e14d7b78633cf1,plot_60d8a72fe06bef6e6da4,45.0,14.0,1.0,6.400000095367432,0.0010537407360970974
2025_10_21_RSFB-Phenotyping_GG1_JLU/2025_10_21_RSFB-Phenotyping_GG1_JLU/20251021_152912.jpg,2025_10_21_RSFB-Phenotyping_GG1_JLU/2025_10_21_RSFB-Phenotyping_GG1_JLU/20251021_161549.jpg,plot_ee9e57e14d7b78633cf1,plot_5008f76cf0a562f63097,45.0,14.0,7.0,1.7000000476837158,0.0010537407360970974
2025_10_21_RSFB-Phenotyping_GG1_JLU/2025_10_21_RSFB-Phenotyping_GG1_JLU/20251021_152912.jpg,2025_10_21_RSFB-Phenotyping_GG1_JLU/2025_10_21_RSFB-Phenotyping_GG1_JLU/20251021_122046.jpg,plot_ee9e57e14d7b78633cf1,plot_166bd930c637bcfcd528,45.0,14.0,2.0,7.900000095367432,0.0010537407360970974
2025_10_21_RSFB-Phenotyping_GG1_JLU/2025_10_21_RSFB-Phenotyping_GG1_JLU/20251021_152912.jpg,2025_10_21_RSFB-Phenotyping_GG1_JLU/2025_10_21_RSFB-Phenotyping_GG1_JLU/20251021_161242.jpg,plot_ee9e57e14d7b78633cf1,plot_c08c9fc75665c975b852,45.0,14.0,1.0,6.5,0.0010537407360970974
2025_10_21_RSFB-Phenotyping_GG1_JLU/2025_10_21_RSFB-Phenotyping_GG1_JLU/20251021_152912.jpg,2025_10_21_RSFB-Phenotyping_GG1_JLU/2025_10_21_RSFB-Phenotyping_GG1_JLU/20251021_130529.jpg,plot_ee9e57e14d7b78633cf1,plot_883726baafccd2304661,45.0,14.0,2.0,7.5,0.0010537407360970974
2025_10_21_RSFB-Phenotyping_GG1_JLU/2025_10_21_RSFB-Phenotyping_GG1_JLU/20251021_152912.jpg,2025_10_21_RSFB-Phenotyping_GG1_JLU/2025_10_21_RSFB-Phenotyping_GG1_JLU/20251021_121314.jpg,plot_ee9e57e14d7b78633cf1,plot_0de14b7453cf30ed2a1c,45.0,14.0,2.0,7.5,0.0010537407360970974
2025_10_21_RSFB-Phenotyping_GG1_JLU/2025_10_21_RSFB-Phenotyping_GG1_JLU/20251021_152912.jpg,2025_10_21_RSFB-Phenotyping_GG1_JLU/2025_10_21_RSFB-Phenotyping_GG1_JLU/20251021_132550.jpg,plot_ee9e57e14d7b78633cf1,plot_cff264c1afb9a1cf9473,45.0,14.0,2.0,8.5,0.0010537407360970974
2025_10_21_RSFB-Phenotyping_GG1_JLU/2025_10_21_RSFB-Phenotyping_GG1_JLU/20251021_152912.jpg,2025_10_21_RSFB-Phenotyping_GG1_JLU/2025_10_21_RSFB-Phenotyping_GG1_JLU/20251021_121301.jpg,plot_ee9e57e14d7b78633cf1,plot_09d8a533567043e69854,45.0,14.0,1.0,8.0,0.0010537407360970974
2025_10_21_RSFB-Phenotyping_GG1_JLU/2025_10_21_RSFB-Phenotyping_GG1_JLU/20251021_152912.jpg,2025_10_21_RSFB-Phenotyping_GG1_JLU/2025_10_21_RSFB-Phenotyping_GG1_JLU/20251021_151439.jpg,plot_ee9e57e14d7b78633cf1,plot_f19419da98fe0824600a,45.0,14.0,8.0,2.5,0.0010537407360970974
2025_10_21_RSFB-Phenotyping_GG1_JLU/2025_10_21_RSFB-Phenotyping_GG1_JLU/20251021_152912.jpg,2025_10_21_RSFB-Phenotyping_GG1_JLU/2025_10_21_RSFB-Phenotyping_GG1_JLU/20251021_154622.jpg,plot_ee9e57e14d7b78633cf1,plot_5d8d172daef4ef20984f,45.0,14.0,1.0,7.5,0.0010537407360970974
2025_10_21_RSFB-Phenotyping_GG1_JLU/2025_10_21_RSFB-Phenotyping_GG1_JLU/20251021_152912.jpg,2025_10_21_RSFB-Phenotyping_GG1_JLU/2025_10_21_RSFB-Phenotyping_GG1_JLU/20251021_152653.jpg,plot_ee9e57e14d7b78633cf1,plot_fe93ef196b1a8b77de19,45.0,14.0,1.0,8.5,0.0010537407360970974
2025_10_21_RSFB-Phenotyping_GG1_JLU/2025_10_21_RSFB-Phenotyping_GG1_JLU/20251021_121951.jpg,2025_10_21_RSFB-Phenotyping_GG1_JLU/2025_10_21_RSFB-Phenotyping_GG1_JLU/20251021_161549.jpg,plot_fc292ac3221828037f2a,plot_5008f76cf0a562f63097,20.0,13.5,7.0,1.7000000476837158,0.0002795638865791261
2025_10_21_RSFB-Phenotyping_GG1_JLU/2025_10_21_RSFB-Phenotyping_GG1_JLU/20251021_121951.jpg,2025_10_21_RSFB-Phenotyping_GG1_JLU/2025_10_21_RSFB-Phenotyping_GG1_JLU/20251021_154622.jpg,plot_fc292ac3221828037f2a,plot_5d8d172daef4ef20984f,20.0,13.5,1.0,7.5,0.0002795638865791261
2025_10_21_RSFB-Phenotyping_GG1_JLU/2025_10_21_RSFB-Phenotyping_GG1_JLU/20251021_121951.jpg,2025_10_21_RSFB-Phenotyping_GG1_JLU/2025_10_21_RSFB-Phenotyping_GG1_JLU/20251021_122046.jpg,plot_fc292ac3221828037f2a,plot_166bd930c637bcfcd528,20.0,13.5,2.0,7.900000095367432,0.0002795638865791261
2025_10_21_RSFB-Phenotyping_GG1_JLU/2025_10_21_RSFB-Phenotyping_GG1_JLU/20251021_121951.jpg,2025_10_21_RSFB-Phenotyping_GG1_JLU/2025_10_21_RSFB-Phenotyping_GG1_JLU/20251021_121301.jpg,plot_fc292ac3221828037f2a,plot_09d8a533567043e69854,20.0,13.5,1.0,8.0,0.0002795638865791261
2025_10_21_RSFB-Phenotyping_GG1_JLU/2025_10_21_RSFB-Phenotyping_GG1_JLU/20251021_121951.jpg,2025_10_21_RSFB-Phenotyping_GG1_JLU/2025_10_21_RSFB-Phenotyping_GG1_JLU/20251021_161242.jpg,plot_fc292ac3221828037f2a,plot_c08c9fc75665c975b852,20.0,13.5,1.0,6.5,0.0002795638865791261
2025_10_21_RSFB-Phenotyping_GG1_JLU/2025_10_21_RSFB-Phenotyping_GG1_JLU/20251021_121951.jpg,2025_10_21_RSFB-Phenotyping_GG1_JLU/2025_10_21_RSFB-Phenotyping_GG1_JLU/20251021_162109.jpg,plot_fc292ac3221828037f2a,plot_60d8a72fe06bef6e6da4,20.0,13.5,1.0,6.400000095367432,0.0002795638865791261
2025_10_21_RSFB-Phenotyping_GG1_JLU/2025_10_21_RSFB-Phenotyping_GG1_JLU/20251021_121951.jpg,2025_10_21_RSFB-Phenotyping_GG1_JLU/2025_10_21_RSFB-Phenotyping_GG1_JLU/20251021_151439.jpg,plot_fc292ac3221828037f2a,plot_f19419da98fe0824600a,20.0,13.5,8.0,2.5,0.0002795638865791261
2025_10_21_RSFB-Phenotyping_GG1_JLU/2025_10_21_RSFB-Phenotyping_GG1_JLU/20251021_121951.jpg,2025_10_21_RSFB-Phenotyping_GG1_JLU/2025_10_21_RSFB-Phenotyping_GG1_JLU/20251021_130529.jpg,plot_fc292ac3221828037f2a,plot_883726baafccd2304661,20.0,13.5,2.0,7.5,0.0002795638865791261
2025_10_21_RSFB-Phenotyping_GG1_JLU/2025_10_21_RSFB-Phenotyping_GG1_JLU/20251021_121951.jpg,2025_10_21_RSFB-Phenotyping_GG1_JLU/2025_10_21_RSFB-Phenotyping_GG1_JLU/20251021_121314.jpg,plot_fc292ac3221828037f2a,plot_0de14b7453cf30ed2a1c,20.0,13.5,2.0,7.5,0.0002795638865791261
2025_10_21_RSFB-Phenotyping_GG1_JLU/2025_10_21_RSFB-Phenotyping_GG1_JLU/20251021_153104.jpg,2025_10_21_RSFB-Phenotyping_GG1_JLU/2025_10_21_RSFB-Phenotyping_GG1_JLU/20251021_132342.jpg,plot_860b04c931ec62b25130,plot_df712240205f755d4453,45.0,18.0,12.0,2.5,0.00020755500008817762
2025_10_21_RSFB-Phenotyping_GG1_JLU/2025_10_21_RSFB-Phenotyping_GG1_JLU/20251021_153104.jpg,2025_10_21_RSFB-Phenotyping_GG1_JLU/2025_10_21_RSFB-Phenotyping_GG1_JLU/20251021_123202.jpg,plot_860b04c931ec62b25130,plot_a3e331c4e6fce2b877bd,45.0,18.0,5.0,12.0,0.00020755500008817762
2025_10_21_RSFB-Phenotyping_GG1_JLU/2025_10_21_RSFB-Phenotyping_GG1_JLU/20251021_153104.jpg,2025_10_21_RSFB-Phenotyping_GG1_JLU/2025_10_21_RSFB-Phenotyping_GG1_JLU/20251021_130529.jpg,plot_860b04c931ec62b25130,plot_883726baafccd2304661,45.0,18.0,2.0,7.5,0.00020755500008817762
2025_10_21_RSFB-Phenotyping_GG1_JLU/2025_10_21_RSFB-Phenotyping_GG1_JLU/20251021_153104.jpg,2025_10_21_RSFB-Phenotyping_GG1_JLU/2025_10_21_RSFB-Phenotyping_GG1_JLU/20251021_121843.jpg,plot_860b04c931ec62b25130,plot_08853fb661302206a300,45.0,18.0,4.0,12.0,0.00020755500008817762
2025_10_21_RSFB-Phenotyping_GG1_JLU/2025_10_21_RSFB-Phenotyping_GG1_JLU/20251021_153104.jpg,2025_10_21_RSFB-Phenotyping_GG1_JLU/2025_10_21_RSFB-Phenotyping_GG1_JLU/20251021_151432.jpg,plot_860b04c931ec62b25130,plot_f19419da98fe0824600a,45.0,18.0,2.0,12.5,0.00020755500008817762
2025_10_21_RSFB-Phenotyping_GG1_JLU/2025_10_21_RSFB-Phenotyping_GG1_JLU/20251021_153104.jpg,2025_10_21_RSFB-Phenotyping_GG1_JLU/2025_10_21_RSFB-Phenotyping_GG1_JLU/20251021_124615.jpg,plot_860b04c931ec62b25130,plot_9e661ae87ec066049f1f,45.0,18.0,5.0,11.5,0.00020755500008817762
2025_10_21_RSFB-Phenotyping_GG1_JLU/2025_10_21_RSFB-Phenotyping_GG1_JLU/20251021_153104.jpg,2025_10_21_RSFB-Phenotyping_GG1_JLU/2025_10_21_RSFB-Phenotyping_GG1_JLU/20251021_132424.jpg,plot_860b04c931ec62b25130,plot_04441862d5c5dd0b49cc,45.0,18.0,10.0,2.5,0.00020755500008817762
2025_10_21_RSFB-Phenotyping_GG1_JLU/2025_10_21_RSFB-Phenotyping_GG1_JLU/20251021_153104.jpg,2025_10_21_RSFB-Phenotyping_GG1_JLU/2025_10_21_RSFB-Phenotyping_GG1_JLU/20251021_124500.jpg,plot_860b04c931ec62b25130,plot_ea75df3b909465cef7b1,45.0,18.0,5.0,12.0,0.00020755500008817762
2025_10_21_RSFB-Phenotyping_GG1_JLU/2025_10_21_RSFB-Phenotyping_GG1_JLU/20251021_153104.jpg,2025_10_21_RSFB-Phenotyping_GG1_JLU/2025_10_21_RSFB-Phenotyping_GG1_JLU/20251021_160047.jpg,plot_860b04c931ec62b25130,plot_ecb8a2d7a20b5079cedb,45.0,18.0,2.0,8.5,0.00020755500008817762
2025_10_21_RSFB-Phenotyping_GG1_JLU/2025_10_21_RSFB-Phenotyping_GG1_JLU/20251021_153104.jpg,2025_10_21_RSFB-Phenotyping_GG1_JLU/2025_10_21_RSFB-Phenotyping_GG1_JLU/20251021_161624.jpg,plot_860b04c931ec62b25130,plot_3361cc58e772149f169e,45.0,18.0,12.0,3.0,0.00020755500008817762
2025_10_21_RSFB-Phenotyping_GG1_JLU/2025_10_21_RSFB-Phenotyping_GG1_JLU/20251021_153104.jpg,2025_10_21_RSFB-Phenotyping_GG1_JLU/2025_10_21_RSFB-Phenotyping_GG1_JLU/20251021_161549.jpg,plot_860b04c931ec62b25130,plot_5008f76cf0a562f63097,45.0,18.0,7.0,1.7000000476837158,0.00020755500008817762
2025_10_21_RSFB-Phenotyping_GG1_JLU/2025_10_21_RSFB-Phenotyping_GG1_JLU/20251021_153104.jpg,2025_10_21_RSFB-Phenotyping_GG1_JLU/2025_10_21_RSFB-Phenotyping_GG1_JLU/20251021_151915.jpg,plot_860b04c931ec62b25130,plot_6ca7eb46f81c9ecf993b,45.0,18.0,12.0,5.5,0.00020755500008817762
2025_10_21_RSFB-Phenotyping_GG1_JLU/2025_10_21_RSFB-Phenotyping_GG1_JLU/20251021_153104.jpg,2025_10_21_RSFB-Phenotyping_GG1_JLU/2025_10_21_RSFB-Phenotyping_GG1_JLU/20251021_152653.jpg,plot_860b04c931ec62b25130,plot_fe93ef196b1a8b77de19,45.0,18.0,1.0,8.5,0.00020755500008817762
2025_10_21_RSFB-Phenotyping_GG1_JLU/2025_10_21_RSFB-Phenotyping_GG1_JLU/20251021_153104.jpg,2025_10_21_RSFB-Phenotyping_GG1_JLU/2025_10_21_RSFB-Phenotyping_GG1_JLU/20251021_132801.jpg,plot_860b04c931ec62b25130,plot_b2decf1cbf56bcdc6d32,45.0,18.0,3.0,12.5,0.00020755500008817762
2025_10_21_RSFB-Phenotyping_GG1_JLU/2025_10_21_RSFB-Phenotyping_GG1_JLU/20251021_153104.jpg,2025_10_21_RSFB-Phenotyping_GG1_JLU/2025_10_21_RSFB-Phenotyping_GG1_JLU/20251021_121314.jpg,plot_860b04c931ec62b25130,plot_0de14b7453cf30ed2a1c,45.0,18.0,2.0,7.5,0.00020755500008817762
2025_10_21_RSFB-Phenotyping_GG1_JLU/2025_10_21_RSFB-Phenotyping_GG1_JLU/20251021_153104.jpg,2025_10_21_RSFB-Phenotyping_GG1_JLU/2025_10_21_RSFB-Phenotyping_GG1_JLU/20251021_125901.jpg,plot_860b04c931ec62b25130,plot_7afc7682bc0b0be61f6b,45.0,18.0,2.0,10.0,0.00020755500008817762
2025_10_21_RSFB-Phenotyping_GG1_JLU/2025_10_21_RSFB-Phenotyping_GG1_JLU/20251021_153104.jpg,2025_10_21_RSFB-Phenotyping_GG1_JLU/2025_10_21_RSFB-Phenotyping_GG1_JLU/20251021_131419.jpg,plot_860b04c931ec62b25130,plot_e26908bc9222e28c92ff,45.0,18.0,10.0,4.5,0.00020755500008817762
2025_10_21_RSFB-Phenotyping_GG1_JLU/2025_10_21_RSFB-Phenotyping_GG1_JLU/20251021_153104.jpg,2025_10_21_RSFB-Phenotyping_GG1_JLU/2025_10_21_RSFB-Phenotyping_GG1_JLU/20251021_155302.jpg,plot_860b04c931ec62b25130,plot_cb17d6bcad8ffccbde51,45.0,18.0,1.0,10.5,0.00020755500008817762
2025_10_21_RSFB-Phenotyping_GG1_JLU/2025_10_21_RSFB-Phenotyping_GG1_JLU/20251021_153104.jpg,2025_10_21_RSFB-Phenotyping_GG1_JLU/2025_10_21_RSFB-Phenotyping_GG1_JLU/20251021_162109.jpg,plot_860b04c931ec62b25130,plot_60d8a72fe06bef6e6da4,45.0,18.0,1.0,6.400000095367432,0.00020755500008817762
2025_10_21_RSFB-Phenotyping_GG1_JLU/2025_10_21_RSFB-Phenotyping_GG1_JLU/20251021_153104.jpg,2025_10_21_RSFB-Phenotyping_GG1_JLU/2025_10_21_RSFB-Phenotyping_GG1_JLU/20251021_155103.jpg,plot_860b04c931ec62b25130,plot_b499b14eca911be3b991,45.0,18.0,12.0,1.0,0.00020755500008817762
2025_10_21_RSFB-Phenotyping_GG1_JLU/2025_10_21_RSFB-Phenotyping_GG1_JLU/20251021_153104.jpg,2025_10_21_RSFB-Phenotyping_GG1_JLU/2025_10_21_RSFB-Phenotyping_GG1_JLU/20251021_124358.jpg,plot_860b04c931ec62b25130,plot_e77622de4cce1b168140,45.0,18.0,3.0,11.0,0.00020755500008817762
2025_10_21_RSFB-Phenotyping_GG1_JLU/2025_10_21_RSFB-Phenotyping_GG1_JLU/20251021_153104.jpg,2025_10_21_RSFB-Phenotyping_GG1_JLU/2025_10_21_RSFB-Phenotyping_GG1_JLU/20251021_132550.jpg,plot_860b04c931ec62b25130,plot_cff264c1afb9a1cf9473,45.0,18.0,2.0,8.5,0.00020755500008817762
2025_10_21_RSFB-Phenotyping_GG1_JLU/2025_10_21_RSFB-Phenotyping_GG1_JLU/20251021_153104.jpg,2025_10_21_RSFB-Phenotyping_GG1_JLU/2025_10_21_RSFB-Phenotyping_GG1_JLU/20251021_160301.jpg,plot_860b04c931ec62b25130,plot_80ee42a305b824b5337d,45.0,18.0,2.0,12.5,0.00020755500008817762
2025_10_21_RSFB-Phenotyping_GG1_JLU/2025_10_21_RSFB-Phenotyping_GG1_JLU/20251021_153104.jpg,2025_10_21_RSFB-Phenotyping_GG1_JLU/2025_10_21_RSFB-Phenotyping_GG1_JLU/20251021_153825.jpg,plot_860b04c931ec62b25130,plot_64e19f5de9c116d1fbb6,45.0,18.0,3.0,8.5,0.00020755500008817762
2025_10_21_RSFB-Phenotyping_GG1_JLU/2025_10_21_RSFB-Phenotyping_GG1_JLU/20251021_153104.jpg,2025_10_21_RSFB-Phenotyping_GG1_JLU/2025_10_21_RSFB-Phenotyping_GG1_JLU/20251021_151642.jpg,plot_860b04c931ec62b25130,plot_f61b29267fecc01648f8,45.0,18.0,10.0,4.5,0.00020755500008817762
2025_10_21_RSFB-Phenotyping_GG1_JLU/2025_10_21_RSFB-Phenotyping_GG1_JLU/20251021_153104.jpg,2025_10_21_RSFB-Phenotyping_GG1_JLU/2025_10_21_RSFB-Phenotyping_GG1_JLU/20251021_162116.jpg,plot_860b04c931ec62b25130,plot_60d8a72fe06bef6e6da4,45.0,18.0,3.0,11.399999618530273,0.00020755500008817762
2025_10_21_RSFB-Phenotyping_GG1_JLU/2025_10_21_RSFB-Phenotyping_GG1_JLU/20251021_153104.jpg,2025_10_21_RSFB-Phenotyping_GG1_JLU/2025_10_21_RSFB-Phenotyping_GG1_JLU/20251021_160831.jpg,plot_860b04c931ec62b25130,plot_31ff4a85b21ababa7de0,45.0,18.0,1.0,9.5,0.00020755500008817762
2025_10_21_RSFB-Phenotyping_GG1_JLU/2025_10_21_RSFB-Phenotyping_GG1_JLU/20251021_153104.jpg,2025_10_21_RSFB-Phenotyping_GG1_JLU/2025_10_21_RSFB-Phenotyping_GG1_JLU/20251021_151439.jpg,plot_860b04c931ec62b25130,plot_f19419da98fe0824600a,45.0,18.0,8.0,2.5,0.00020755500008817762
2025_10_21_RSFB-Phenotyping_GG1_JLU/2025_10_21_RSFB-Phenotyping_GG1_JLU/20251021_153104.jpg,2025_10_21_RSFB-Phenotyping_GG1_JLU/2025_10_21_RSFB-Phenotyping_GG1_JLU/20251021_154649.jpg,plot_860b04c931ec62b25130,plot_f974c33b3b939aa5f878,45.0,18.0,2.0,9.5,0.00020755500008817762
2025_10_21_RSFB-Phenotyping_GG1_JLU/2025_10_21_RSFB-Phenotyping_GG1_JLU/20251021_153104.jpg,2025_10_21_RSFB-Phenotyping_GG1_JLU/2025_10_21_RSFB-Phenotyping_GG1_JLU/20251021_121113.jpg,plot_860b04c931ec62b25130,plot_a7714d1b769d45a9b00a,45.0,18.0,2.0,10.0,0.00020755500008817762
2025_10_21_RSFB-Phenotyping_GG1_JLU/2025_10_21_RSFB-Phenotyping_GG1_JLU/20251021_153104.jpg,2025_10_21_RSFB-Phenotyping_GG1_JLU/2025_10_21_RSFB-Phenotyping_GG1_JLU/20251021_154622.jpg,plot_860b04c931ec62b25130,plot_5d8d172daef4ef20984f,45.0,18.0,1.0,7.5,0.00020755500008817762
2025_10_21_RSFB-Phenotyping_GG1_JLU/2025_10_21_RSFB-Phenotyping_GG1_JLU/20251021_153104.jpg,2025_10_21_RSFB-Phenotyping_GG1_JLU/2025_10_21_RSFB-Phenotyping_GG1_JLU/20251021_130128.jpg,plot_860b04c931ec62b25130,plot_77196a9ec72c575b5b40,45.0,18.0,10.0,4.5,0.00020755500008817762
2025_10_21_RSFB-Phenotyping_GG1_JLU/2025_10_21_RSFB-Phenotyping_GG1_JLU/20251021_153104.jpg,2025_10_21_RSFB-Phenotyping_GG1_JLU/2025_10_21_RSFB-Phenotyping_GG1_JLU/20251021_122046.jpg,plot_860b04c931ec62b25130,plot_166bd930c637bcfcd528,45.0,18.0,2.0,7.900000095367432,0.00020755500008817762
2025_10_21_RSFB-Phenotyping_GG1_JLU/2025_10_21_RSFB-Phenotyping_GG1_JLU/20251021_153104.jpg,2025_10_21_RSFB-Phenotyping_GG1_JLU/2025_10_21_RSFB-Phenotyping_GG1_JLU/20251021_121301.jpg,plot_860b04c931ec62b25130,plot_09d8a533567043e69854,45.0,18.0,1.0,8.0,0.00020755500008817762
2025_10_21_RSFB-Phenotyping_GG1_JLU/2025_10_21_RSFB-Phenotyping_GG1_JLU/20251021_153104.jpg,2025_10_21_RSFB-Phenotyping_GG1_JLU/2025_10_21_RSFB-Phenotyping_GG1_JLU/20251021_123107.jpg,plot_860b04c931ec62b25130,plot_5700cee80bc5a6e207ec,45.0,18.0,10.0,2.0,0.00020755500008817762
2025_10_21_RSFB-Phenotyping_GG1_JLU/2025_10_21_RSFB-Phenotyping_GG1_JLU/20251021_153104.jpg,2025_10_21_RSFB-Phenotyping_GG1_JLU/2025_10_21_RSFB-Phenotyping_GG1_JLU/20251021_122557.jpg,plot_860b04c931ec62b25130,plot_4460e7e9889b69d86dd3,45.0,18.0,2.0,10.0,0.00020755500008817762
2025_10_21_RSFB-Phenotyping_GG1_JLU/2025_10_21_RSFB-Phenotyping_GG1_JLU/20251021_153104.jpg,2025_10_21_RSFB-Phenotyping_GG1_JLU/2025_10_21_RSFB-Phenotyping_GG1_JLU/20251021_152457.jpg,plot_860b04c931ec62b25130,plot_cf8f8145824cff35d237,45.0,18.0,3.0,9.5,0.00020755500008817762
2025_10_21_RSFB-Phenotyping_GG1_JLU/2025_10_21_RSFB-Phenotyping_GG1_JLU/20251021_153104.jpg,2025_10_21_RSFB-Phenotyping_GG1_JLU/2025_10_21_RSFB-Phenotyping_GG1_JLU/20251021_155939.jpg,plot_860b04c931ec62b25130,plot_b351f823b8a0415f9230,45.0,18.0,3.0,10.0,0.00020755500008817762
2025_10_21_RSFB-Phenotyping_GG1_JLU/2025_10_21_RSFB-Phenotyping_GG1_JLU/20251021_153104.jpg,2025_10_21_RSFB-Phenotyping_GG1_JLU/2025_10_21_RSFB-Phenotyping_GG1_JLU/20251021_161242.jpg,plot_860b04c931ec62b25130,plot_c08c9fc75665c975b852,45.0,18.0,1.0,6.5,0.00020755500008817762
2025_10_21_RSFB-Phenotyping_GG1_JLU/2025_10_21_RSFB-Phenotyping_GG1_JLU/20251021_153104.jpg,2025_10_21_RSFB-Phenotyping_GG1_JLU/2025_10_21_RSFB-Phenotyping_GG1_JLU/20251021_161415.jpg,plot_860b04c931ec62b25130,plot_6db75ec8b4bf1739f8b3,45.0,18.0,10.0,4.5,0.00020755500008817762
2025_10_21_RSFB-Phenotyping_GG1_JLU/2025_10_21_RSFB-Phenotyping_GG1_JLU/20251021_160154.jpg,2025_10_21_RSFB-Phenotyping_GG1_JLU/2025_10_21_RSFB-Phenotyping_GG1_JLU/20251021_121113.jpg,plot_0b9b0648c6ff45bf1b42,plot_a7714d1b769d45a9b00a,23.0,16.0,2.0,10.0,0.0005073566571809351
2025_10_21_RSFB-Phenotyping_GG1_JLU/2025_10_21_RSFB-Phenotyping_GG1_JLU/20251021_160154.jpg,2025_10_21_RSFB-Phenotyping_GG1_JLU/2025_10_21_RSFB-Phenotyping_GG1_JLU/20251021_122046.jpg,plot_0b9b0648c6ff45bf1b42,plot_166bd930c637bcfcd528,23.0,16.0,2.0,7.900000095367432,0.0005073566571809351
2025_10_21_RSFB-Phenotyping_GG1_JLU/2025_10_21_RSFB-Phenotyping_GG1_JLU/20251021_160154.jpg,2025_10_21_RSFB-Phenotyping_GG1_JLU/2025_10_21_RSFB-Phenotyping_GG1_JLU/20251021_151439.jpg,plot_0b9b0648c6ff45bf1b42,plot_f19419da98fe0824600a,23.0,16.0,8.0,2.5,0.0005073566571809351
2025_10_21_RSFB-Phenotyping_GG1_JLU/2025_10_21_RSFB-Phenotyping_GG1_JLU/20251021_160154.jpg,2025_10_21_RSFB-Phenotyping_GG1_JLU/2025_10_21_RSFB-Phenotyping_GG1_JLU/20251021_155302.jpg,plot_0b9b0648c6ff45bf1b42,plot_cb17d6bcad8ffccbde51,23.0,16.0,1.0,10.5,0.0005073566571809351
2025_10_21_RSFB-Phenotyping_GG1_JLU/2025_10_21_RSFB-Phenotyping_GG1_JLU/20251021_160154.jpg,2025_10_21_RSFB-Phenotyping_GG1_JLU/2025_10_21_RSFB-Phenotyping_GG1_JLU/20251021_130529.jpg,plot_0b9b0648c6ff45bf1b42,plot_883726baafccd2304661,23.0,16.0,2.0,7.5,0.0005073566571809351
2025_10_21_RSFB-Phenotyping_GG1_JLU/2025_10_21_RSFB-Phenotyping_GG1_JLU/20251021_160154.jpg,2025_10_21_RSFB-Phenotyping_GG1_JLU/2025_10_21_RSFB-Phenotyping_GG1_JLU/20251021_122557.jpg,plot_0b9b0648c6ff45bf1b42,plot_4460e7e9889b69d86dd3,23.0,16.0,2.0,10.0,0.0005073566571809351
2025_10_21_RSFB-Phenotyping_GG1_JLU/2025_10_21_RSFB-Phenotyping_GG1_JLU/20251021_160154.jpg,2025_10_21_RSFB-Phenotyping_GG1_JLU/2025_10_21_RSFB-Phenotyping_GG1_JLU/20251021_153825.jpg,plot_0b9b0648c6ff45bf1b42,plot_64e19f5de9c116d1fbb6,23.0,16.0,3.0,8.5,0.0005073566571809351
2025_10_21_RSFB-Phenotyping_GG1_JLU/2025_10_21_RSFB-Phenotyping_GG1_JLU/20251021_160154.jpg,2025_10_21_RSFB-Phenotyping_GG1_JLU/2025_10_21_RSFB-Phenotyping_GG1_JLU/20251021_125901.jpg,plot_0b9b0648c6ff45bf1b42,plot_7afc7682bc0b0be61f6b,23.0,16.0,2.0,10.0,0.0005073566571809351
2025_10_21_RSFB-Phenotyping_GG1_JLU/2025_10_21_RSFB-Phenotyping_GG1_JLU/20251021_160154.jpg,2025_10_21_RSFB-Phenotyping_GG1_JLU/2025_10_21_RSFB-Phenotyping_GG1_JLU/20251021_161242.jpg,plot_0b9b0648c6ff45bf1b42,plot_c08c9fc75665c975b852,23.0,16.0,1.0,6.5,0.0005073566571809351
2025_10_21_RSFB-Phenotyping_GG1_JLU/2025_10_21_RSFB-Phenotyping_GG1_JLU/20251021_160154.jpg,2025_10_21_RSFB-Phenotyping_GG1_JLU/2025_10_21_RSFB-Phenotyping_GG1_JLU/20251021_160047.jpg,plot_0b9b0648c6ff45bf1b42,plot_ecb8a2d7a20b5079cedb,23.0,16.0,2.0,8.5,0.0005073566571809351
2025_10_21_RSFB-Phenotyping_GG1_JLU/2025_10_21_RSFB-Phenotyping_GG1_JLU/20251021_160154.jpg,2025_10_21_RSFB-Phenotyping_GG1_JLU/2025_10_21_RSFB-Phenotyping_GG1_JLU/20251021_151642.jpg,plot_0b9b0648c6ff45bf1b42,plot_f61b29267fecc01648f8,23.0,16.0,10.0,4.5,0.0005073566571809351
2025_10_21_RSFB-Phenotyping_GG1_JLU/2025_10_21_RSFB-Phenotyping_GG1_JLU/20251021_160154.jpg,2025_10_21_RSFB-Phenotyping_GG1_JLU/2025_10_21_RSFB-Phenotyping_GG1_JLU/20251021_154649.jpg,plot_0b9b0648c6ff45bf1b42,plot_f974c33b3b939aa5f878,23.0,16.0,2.0,9.5,0.0005073566571809351
2025_10_21_RSFB-Phenotyping_GG1_JLU/2025_10_21_RSFB-Phenotyping_GG1_JLU/20251021_160154.jpg,2025_10_21_RSFB-Phenotyping_GG1_JLU/2025_10_21_RSFB-Phenotyping_GG1_JLU/20251021_130128.jpg,plot_0b9b0648c6ff45bf1b42,plot_77196a9ec72c575b5b40,23.0,16.0,10.0,4.5,0.0005073566571809351
2025_10_21_RSFB-Phenotyping_GG1_JLU/2025_10_21_RSFB-Phenotyping_GG1_JLU/20251021_160154.jpg,2025_10_21_RSFB-Phenotyping_GG1_JLU/2025_10_21_RSFB-Phenotyping_GG1_JLU/20251021_121314.jpg,plot_0b9b0648c6ff45bf1b42,plot_0de14b7453cf30ed2a1c,23.0,16.0,2.0,7.5,0.0005073566571809351
2025_10_21_RSFB-Phenotyping_GG1_JLU/2025_10_21_RSFB-Phenotyping_GG1_JLU/20251021_160154.jpg,2025_10_21_RSFB-Phenotyping_GG1_JLU/2025_10_21_RSFB-Phenotyping_GG1_JLU/20251021_162109.jpg,plot_0b9b0648c6ff45bf1b42,plot_60d8a72fe06bef6e6da4,23.0,16.0,1.0,6.400000095367432,0.0005073566571809351
2025_10_21_RSFB-Phenotyping_GG1_JLU/2025_10_21_RSFB-Phenotyping_GG1_JLU/20251021_160154.jpg,2025_10_21_RSFB-Phenotyping_GG1_JLU/2025_10_21_RSFB-Phenotyping_GG1_JLU/20251021_131419.jpg,plot_0b9b0648c6ff45bf1b42,plot_e26908bc9222e28c92ff,23.0,16.0,10.0,4.5,0.0005073566571809351
2025_10_21_RSFB-Phenotyping_GG1_JLU/2025_10_21_RSFB-Phenotyping_GG1_JLU/20251021_160154.jpg,2025_10_21_RSFB-Phenotyping_GG1_JLU/2025_10_21_RSFB-Phenotyping_GG1_JLU/20251021_154622.jpg,plot_0b9b0648c6ff45bf1b42,plot_5d8d172daef4ef20984f,23.0,16.0,1.0,7.5,0.0005073566571809351
2025_10_21_RSFB-Phenotyping_GG1_JLU/2025_10_21_RSFB-Phenotyping_GG1_JLU/20251021_160154.jpg,2025_10_21_RSFB-Phenotyping_GG1_JLU/2025_10_21_RSFB-Phenotyping_GG1_JLU/20251021_123107.jpg,plot_0b9b0648c6ff45bf1b42,plot_5700cee80bc5a6e207ec,23.0,16.0,10.0,2.0,0.0005073566571809351
2025_10_21_RSFB-Phenotyping_GG1_JLU/2025_10_21_RSFB-Phenotyping_GG1_JLU/20251021_160154.jpg,2025_10_21_RSFB-Phenotyping_GG1_JLU/2025_10_21_RSFB-Phenotyping_GG1_JLU/20251021_160831.jpg,plot_0b9b0648c6ff45bf1b42,plot_31ff4a85b21ababa7de0,23.0,16.0,1.0,9.5,0.0005073566571809351
2025_10_21_RSFB-Phenotyping_GG1_JLU/2025_10_21_RSFB-Phenotyping_GG1_JLU/20251021_160154.jpg,2025_10_21_RSFB-Phenotyping_GG1_JLU/2025_10_21_RSFB-Phenotyping_GG1_JLU/20251021_161549.jpg,plot_0b9b0648c6ff45bf1b42,plot_5008f76cf0a562f63097,23.0,16.0,7.0,1.7000000476837158,0.0005073566571809351
2025_10_21_RSFB-Phenotyping_GG1_JLU/2025_10_21_RSFB-Phenotyping_GG1_JLU/20251021_160154.jpg,2025_10_21_RSFB-Phenotyping_GG1_JLU/2025_10_21_RSFB-Phenotyping_GG1_JLU/20251021_121301.jpg,plot_0b9b0648c6ff45bf1b42,plot_09d8a533567043e69854,23.0,16.0,1.0,8.0,0.0005073566571809351
2025_10_21_RSFB-Phenotyping_GG1_JLU/2025_10_21_RSFB-Phenotyping_GG1_JLU/20251021_160154.jpg,2025_10_21_RSFB-Phenotyping_GG1_JLU/2025_10_21_RSFB-Phenotyping_GG1_JLU/20251021_132550.jpg,plot_0b9b0648c6ff45bf1b42,plot_cff264c1afb9a1cf9473,23.0,16.0,2.0,8.5,0.0005073566571809351
2025_10_21_RSFB-Phenotyping_GG1_JLU/2025_10_21_RSFB-Phenotyping_GG1_JLU/20251021_160154.jpg,2025_10_21_RSFB-Phenotyping_GG1_JLU/2025_10_21_RSFB-Phenotyping_GG1_JLU/20251021_152653.jpg,plot_0b9b0648c6ff45bf1b42,plot_fe93ef196b1a8b77de19,23.0,16.0,1.0,8.5,0.0005073566571809351
2025_10_21_RSFB-Phenotyping_GG1_JLU/2025_10_21_RSFB-Phenotyping_GG1_JLU/20251021_160154.jpg,2025_10_21_RSFB-Phenotyping_GG1_JLU/2025_10_21_RSFB-Phenotyping_GG1_JLU/20251021_155939.jpg,plot_0b9b0648c6ff45bf1b42,plot_b351f823b8a0415f9230,23.0,16.0,3.0,10.0,0.0005073566571809351
2025_10_21_RSFB-Phenotyping_GG1_JLU/2025_10_21_RSFB-Phenotyping_GG1_JLU/20251021_160154.jpg,2025_10_21_RSFB-Phenotyping_GG1_JLU/2025_10_21_RSFB-Phenotyping_GG1_JLU/20251021_152457.jpg,plot_0b9b0648c6ff45bf1b42,plot_cf8f8145824cff35d237,23.0,16.0,3.0,9.5,0.0005073566571809351
2025_10_21_RSFB-Phenotyping_GG1_JLU/2025_10_21_RSFB-Phenotyping_GG1_JLU/20251021_160154.jpg,2025_10_21_RSFB-Phenotyping_GG1_JLU/2025_10_21_RSFB-Phenotyping_GG1_JLU/20251021_161415.jpg,plot_0b9b0648c6ff45bf1b42,plot_6db75ec8b4bf1739f8b3,23.0,16.0,10.0,4.5,0.0005073566571809351
2025_10_21_RSFB-Phenotyping_GG1_JLU/2025_10_21_RSFB-Phenotyping_GG1_JLU/20251021_160154.jpg,2025_10_21_RSFB-Phenotyping_GG1_JLU/2025_10_21_RSFB-Phenotyping_GG1_JLU/20251021_132424.jpg,plot_0b9b0648c6ff45bf1b42,plot_04441862d5c5dd0b49cc,23.0,16.0,10.0,2.5,0.0005073566571809351
2025_10_21_RSFB-Phenotyping_GG1_JLU/2025_10_21_RSFB-Phenotyping_GG1_JLU/20251021_162536.jpg,2025_10_21_RSFB-Phenotyping_GG1_JLU/2025_10_21_RSFB-Phenotyping_GG1_JLU/20251021_161242.jpg,plot_f2bc805c9b8565c243bf,plot_c08c9fc75665c975b852,30.0,12.5,1.0,6.5,0.00031857279827818274
2025_10_21_RSFB-Phenotyping_GG1_JLU/2025_10_21_RSFB-Phenotyping_GG1_JLU/20251021_162536.jpg,2025_10_21_RSFB-Phenotyping_GG1_JLU/2025_10_21_RSFB-Phenotyping_GG1_JLU/20251021_161549.jpg,plot_f2bc805c9b8565c243bf,plot_5008f76cf0a562f63097,30.0,12.5,7.0,1.7000000476837158,0.00031857279827818274
2025_10_21_RSFB-Phenotyping_GG1_JLU/2025_10_21_RSFB-Phenotyping_GG1_JLU/20251021_162536.jpg,2025_10_21_RSFB-Phenotyping_GG1_JLU/2025_10_21_RSFB-Phenotyping_GG1_JLU/20251021_162109.jpg,plot_f2bc805c9b8565c243bf,plot_60d8a72fe06bef6e6da4,30.0,12.5,1.0,6.400000095367432,0.00031857279827818274
2025_10_21_RSFB-Phenotyping_GG1_JLU/2025_10_21_RSFB-Phenotyping_GG1_JLU/20251021_151822.jpg,2025_10_21_RSFB-Phenotyping_GG1_JLU/2025_10_21_RSFB-Phenotyping_GG1_JLU/20251021_130128.jpg,plot_e7c3e4a405d958645dc0,plot_77196a9ec72c575b5b40,45.0,19.5,10.0,4.5,0.00011708230886142701
2025_10_21_RSFB-Phenotyping_GG1_JLU/2025_10_21_RSFB-Phenotyping_GG1_JLU/20251021_151822.jpg,2025_10_21_RSFB-Phenotyping_GG1_JLU/2025_10_21_RSFB-Phenotyping_GG1_JLU/20251021_125431.jpg,plot_e7c3e4a405d958645dc0,plot_ccfe1e329b419e50732e,45.0,19.5,13.0,3.0,0.00011708230886142701
2025_10_21_RSFB-Phenotyping_GG1_JLU/2025_10_21_RSFB-Phenotyping_GG1_JLU/20251021_151822.jpg,2025_10_21_RSFB-Phenotyping_GG1_JLU/2025_10_21_RSFB-Phenotyping_GG1_JLU/20251021_155302.jpg,plot_e7c3e4a405d958645dc0,plot_cb17d6bcad8ffccbde51,45.0,19.5,1.0,10.5,0.00011708230886142701
2025_10_21_RSFB-Phenotyping_GG1_JLU/2025_10_21_RSFB-Phenotyping_GG1_JLU/20251021_151822.jpg,2025_10_21_RSFB-Phenotyping_GG1_JLU/2025_10_21_RSFB-Phenotyping_GG1_JLU/20251021_161624.jpg,plot_e7c3e4a405d958645dc0,plot_3361cc58e772149f169e,45.0,19.5,12.0,3.0,0.00011708230886142701
2025_10_21_RSFB-Phenotyping_GG1_JLU/2025_10_21_RSFB-Phenotyping_GG1_JLU/20251021_151822.jpg,2025_10_21_RSFB-Phenotyping_GG1_JLU/2025_10_21_RSFB-Phenotyping_GG1_JLU/20251021_131419.jpg,plot_e7c3e4a405d958645dc0,plot_e26908bc9222e28c92ff,45.0,19.5,10.0,4.5,0.00011708230886142701
2025_10_21_RSFB-Phenotyping_GG1_JLU/2025_10_21_RSFB-Phenotyping_GG1_JLU/20251021_151822.jpg,2025_10_21_RSFB-Phenotyping_GG1_JLU/2025_10_21_RSFB-Phenotyping_GG1_JLU/20251021_130737.jpg,plot_e7c3e4a405d958645dc0,plot_4c9e8c4301206d84387b,45.0,19.5,13.0,2.0,0.00011708230886142701
2025_10_21_RSFB-Phenotyping_GG1_JLU/2025_10_21_RSFB-Phenotyping_GG1_JLU/20251021_151822.jpg,2025_10_21_RSFB-Phenotyping_GG1_JLU/2025_10_21_RSFB-Phenotyping_GG1_JLU/20251021_121301.jpg,plot_e7c3e4a405d958645dc0,plot_09d8a533567043e69854,45.0,19.5,1.0,8.0,0.00011708230886142701
2025_10_21_RSFB-Phenotyping_GG1_JLU/2025_10_21_RSFB-Phenotyping_GG1_JLU/20251021_151822.jpg,2025_10_21_RSFB-Phenotyping_GG1_JLU/2025_10_21_RSFB-Phenotyping_GG1_JLU/20251021_124615.jpg,plot_e7c3e4a405d958645dc0,plot_9e661ae87ec066049f1f,45.0,19.5,5.0,11.5,0.00011708230886142701
2025_10_21_RSFB-Phenotyping_GG1_JLU/2025_10_21_RSFB-Phenotyping_GG1_JLU/20251021_151822.jpg,2025_10_21_RSFB-Phenotyping_GG1_JLU/2025_10_21_RSFB-Phenotyping_GG1_JLU/20251021_121314.jpg,plot_e7c3e4a405d958645dc0,plot_0de14b7453cf30ed2a1c,45.0,19.5,2.0,7.5,0.00011708230886142701
2025_10_21_RSFB-Phenotyping_GG1_JLU/2025_10_21_RSFB-Phenotyping_GG1_JLU/20251021_151822.jpg,2025_10_21_RSFB-Phenotyping_GG1_JLU/2025_10_21_RSFB-Phenotyping_GG1_JLU/20251021_161840.jpg,plot_e7c3e4a405d958645dc0,plot_fb549f03aaaa145785c8,45.0,19.5,3.0,13.0,0.00011708230886142701
2025_10_21_RSFB-Phenotyping_GG1_JLU/2025_10_21_RSFB-Phenotyping_GG1_JLU/20251021_151822.jpg,2025_10_21_RSFB-Phenotyping_GG1_JLU/2025_10_21_RSFB-Phenotyping_GG1_JLU/20251021_125901.jpg,plot_e7c3e4a405d958645dc0,plot_7afc7682bc0b0be61f6b,45.0,19.5,2.0,10.0,0.00011708230886142701
2025_10_21_RSFB-Phenotyping_GG1_JLU/2025_10_21_RSFB-Phenotyping_GG1_JLU/20251021_151822.jpg,2025_10_21_RSFB-Phenotyping_GG1_JLU/2025_10_21_RSFB-Phenotyping_GG1_JLU/20251021_152220.jpg,plot_e7c3e4a405d958645dc0,plot_67dc730dc218f4c377b3,45.0,19.5,14.0,5.0,0.00011708230886142701
2025_10_21_RSFB-Phenotyping_GG1_JLU/2025_10_21_RSFB-Phenotyping_GG1_JLU/20251021_151822.jpg,2025_10_21_RSFB-Phenotyping_GG1_JLU/2025_10_21_RSFB-Phenotyping_GG1_JLU/20251021_160714.jpg,plot_e7c3e4a405d958645dc0,plot_ea99039aeae06bdc085a,45.0,19.5,1.0,13.0,0.00011708230886142701
2025_10_21_RSFB-Phenotyping_GG1_JLU/2025_10_21_RSFB-Phenotyping_GG1_JLU/20251021_151822.jpg,2025_10_21_RSFB-Phenotyping_GG1_JLU/2025_10_21_RSFB-Phenotyping_GG1_JLU/20251021_123202.jpg,plot_e7c3e4a405d958645dc0,plot_a3e331c4e6fce2b877bd,45.0,19.5,5.0,12.0,0.00011708230886142701
2025_10_21_RSFB-Phenotyping_GG1_JLU/2025_10_21_RSFB-Phenotyping_GG1_JLU/20251021_151822.jpg,2025_10_21_RSFB-Phenotyping_GG1_JLU/2025_10_21_RSFB-Phenotyping_GG1_JLU/20251021_132424.jpg,plot_e7c3e4a405d958645dc0,plot_04441862d5c5dd0b49cc,45.0,19.5,10.0,2.5,0.00011708230886142701
2025_10_21_RSFB-Phenotyping_GG1_JLU/2025_10_21_RSFB-Phenotyping_GG1_JLU/20251021_151822.jpg,2025_10_21_RSFB-Phenotyping_GG1_JLU/2025_10_21_RSFB-Phenotyping_GG1_JLU/20251021_124500.jpg,plot_e7c3e4a405d958645dc0,plot_ea75df3b909465cef7b1,45.0,19.5,5.0,12.0,0.00011708230886142701
2025_10_21_RSFB-Phenotyping_GG1_JLU/2025_10_21_RSFB-Phenotyping_GG1_JLU/20251021_151822.jpg,2025_10_21_RSFB-Phenotyping_GG1_JLU/2025_10_21_RSFB-Phenotyping_GG1_JLU/20251021_152457.jpg,plot_e7c3e4a405d958645dc0,plot_cf8f8145824cff35d237,45.0,19.5,3.0,9.5,0.00011708230886142701
2025_10_21_RSFB-Phenotyping_GG1_JLU/2025_10_21_RSFB-Phenotyping_GG1_JLU/20251021_151822.jpg,2025_10_21_RSFB-Phenotyping_GG1_JLU/2025_10_21_RSFB-Phenotyping_GG1_JLU/20251021_161857.jpg,plot_e7c3e4a405d958645dc0,plot_490a77dae7954530a2a4,45.0,19.5,5.0,13.300000190734863,0.00011708230886142701
2025_10_21_RSFB-Phenotyping_GG1_JLU/2025_10_21_RSFB-Phenotyping_GG1_JLU/20251021_151822.jpg,2025_10_21_RSFB-Phenotyping_GG1_JLU/2025_10_21_RSFB-Phenotyping_GG1_JLU/20251021_122557.jpg,plot_e7c3e4a405d958645dc0,plot_4460e7e9889b69d86dd3,45.0,19.5,2.0,10.0,0.00011708230886142701
2025_10_21_RSFB-Phenotyping_GG1_JLU/2025_10_21_RSFB-Phenotyping_GG1_JLU/20251021_151822.jpg,2025_10_21_RSFB-Phenotyping_GG1_JLU/2025_10_21_RSFB-Phenotyping_GG1_JLU/20251021_121843.jpg,plot_e7c3e4a405d958645dc0,plot_08853fb661302206a300,45.0,19.5,4.0,12.0,0.00011708230886142701
2025_10_21_RSFB-Phenotyping_GG1_JLU/2025_10_21_RSFB-Phenotyping_GG1_JLU/20251021_151822.jpg,2025_10_21_RSFB-Phenotyping_GG1_JLU/2025_10_21_RSFB-Phenotyping_GG1_JLU/20251021_153825.jpg,plot_e7c3e4a405d958645dc0,plot_64e19f5de9c116d1fbb6,45.0,19.5,3.0,8.5,0.00011708230886142701
2025_10_21_RSFB-Phenotyping_GG1_JLU/2025_10_21_RSFB-Phenotyping_GG1_JLU/20251021_151822.jpg,2025_10_21_RSFB-Phenotyping_GG1_JLU/2025_10_21_RSFB-Phenotyping_GG1_JLU/20251021_152040.jpg,plot_e7c3e4a405d958645dc0,plot_aace551e1ccebf79dd75,45.0,19.5,14.0,4.5,0.00011708230886142701
2025_10_21_RSFB-Phenotyping_GG1_JLU/2025_10_21_RSFB-Phenotyping_GG1_JLU/20251021_151822.jpg,2025_10_21_RSFB-Phenotyping_GG1_JLU/2025_10_21_RSFB-Phenotyping_GG1_JLU/20251021_161549.jpg,plot_e7c3e4a405d958645dc0,plot_5008f76cf0a562f63097,45.0,19.5,7.0,1.7000000476837158,0.00011708230886142701
2025_10_21_RSFB-Phenotyping_GG1_JLU/2025_10_21_RSFB-Phenotyping_GG1_JLU/20251021_151822.jpg,2025_10_21_RSFB-Phenotyping_GG1_JLU/2025_10_21_RSFB-Phenotyping_GG1_JLU/20251021_153832.jpg,plot_e7c3e4a405d958645dc0,plot_64e19f5de9c116d1fbb6,45.0,19.5,4.0,14.0,0.00011708230886142701
2025_10_21_RSFB-Phenotyping_GG1_JLU/2025_10_21_RSFB-Phenotyping_GG1_JLU/20251021_151822.jpg,2025_10_21_RSFB-Phenotyping_GG1_JLU/2025_10_21_RSFB-Phenotyping_GG1_JLU/20251021_151432.jpg,plot_e7c3e4a405d958645dc0,plot_f19419da98fe0824600a,45.0,19.5,2.0,12.5,0.00011708230886142701
2025_10_21_RSFB-Phenotyping_GG1_JLU/2025_10_21_RSFB-Phenotyping_GG1_JLU/20251021_151822.jpg,2025_10_21_RSFB-Phenotyping_GG1_JLU/2025_10_21_RSFB-Phenotyping_GG1_JLU/20251021_132801.jpg,plot_e7c3e4a405d958645dc0,plot_b2decf1cbf56bcdc6d32,45.0,19.5,3.0,12.5,0.00011708230886142701
2025_10_21_RSFB-Phenotyping_GG1_JLU/2025_10_21_RSFB-Phenotyping_GG1_JLU/20251021_151822.jpg,2025_10_21_RSFB-Phenotyping_GG1_JLU/2025_10_21_RSFB-Phenotyping_GG1_JLU/20251021_160301.jpg,plot_e7c3e4a405d958645dc0,plot_80ee42a305b824b5337d,45.0,19.5,2.0,12.5,0.00011708230886142701
2025_10_21_RSFB-Phenotyping_GG1_JLU/2025_10_21_RSFB-Phenotyping_GG1_JLU/20251021_151822.jpg,2025_10_21_RSFB-Phenotyping_GG1_JLU/2025_10_21_RSFB-Phenotyping_GG1_JLU/20251021_122013.jpg,plot_e7c3e4a405d958645dc0,plot_de57345dfd586882f461,45.0,19.5,5.0,14.0,0.00011708230886142701
2025_10_21_RSFB-Phenotyping_GG1_JLU/2025_10_21_RSFB-Phenotyping_GG1_JLU/20251021_151822.jpg,2025_10_21_RSFB-Phenotyping_GG1_JLU/2025_10_21_RSFB-Phenotyping_GG1_JLU/20251021_123107.jpg,plot_e7c3e4a405d958645dc0,plot_5700cee80bc5a6e207ec,45.0,19.5,10.0,2.0,0.00011708230886142701
2025_10_21_RSFB-Phenotyping_GG1_JLU/2025_10_21_RSFB-Phenotyping_GG1_JLU/20251021_151822.jpg,2025_10_21_RSFB-Phenotyping_GG1_JLU/2025_10_21_RSFB-Phenotyping_GG1_JLU/20251021_151915.jpg,plot_e7c3e4a405d958645dc0,plot_6ca7eb46f81c9ecf993b,45.0,19.5,12.0,5.5,0.00011708230886142701
2025_10_21_RSFB-Phenotyping_GG1_JLU/2025_10_21_RSFB-Phenotyping_GG1_JLU/20251021_151822.jpg,2025_10_21_RSFB-Phenotyping_GG1_JLU/2025_10_21_RSFB-Phenotyping_GG1_JLU/20251021_124358.jpg,plot_e7c3e4a405d958645dc0,plot_e77622de4cce1b168140,45.0,19.5,3.0,11.0,0.00011708230886142701
2025_10_21_RSFB-Phenotyping_GG1_JLU/2025_10_21_RSFB-Phenotyping_GG1_JLU/20251021_151822.jpg,2025_10_21_RSFB-Phenotyping_GG1_JLU/2025_10_21_RSFB-Phenotyping_GG1_JLU/20251021_161751.jpg,plot_e7c3e4a405d958645dc0,plot_5ca84068b670156039bd,45.0,19.5,3.0,13.0,0.00011708230886142701
2025_10_21_RSFB-Phenotyping_GG1_JLU/2025_10_21_RSFB-Phenotyping_GG1_JLU/20251021_151822.jpg,2025_10_21_RSFB-Phenotyping_GG1_JLU/2025_10_21_RSFB-Phenotyping_GG1_JLU/20251021_155939.jpg,plot_e7c3e4a405d958645dc0,plot_b351f823b8a0415f9230,45.0,19.5,3.0,10.0,0.00011708230886142701
2025_10_21_RSFB-Phenotyping_GG1_JLU/2025_10_21_RSFB-Phenotyping_GG1_JLU/20251021_151822.jpg,2025_10_21_RSFB-Phenotyping_GG1_JLU/2025_10_21_RSFB-Phenotyping_GG1_JLU/20251021_122605.jpg,plot_e7c3e4a405d958645dc0,plot_4460e7e9889b69d86dd3,45.0,19.5,1.0,14.0,0.00011708230886142701
2025_10_21_RSFB-Phenotyping_GG1_JLU/2025_10_21_RSFB-Phenotyping_GG1_JLU/20251021_151822.jpg,2025_10_21_RSFB-Phenotyping_GG1_JLU/2025_10_21_RSFB-Phenotyping_GG1_JLU/20251021_161415.jpg,plot_e7c3e4a405d958645dc0,plot_6db75ec8b4bf1739f8b3,45.0,19.5,10.0,4.5,0.00011708230886142701
2025_10_21_RSFB-Phenotyping_GG1_JLU/2025_10_21_RSFB-Phenotyping_GG1_JLU/20251021_151822.jpg,2025_10_21_RSFB-Phenotyping_GG1_JLU/2025_10_21_RSFB-Phenotyping_GG1_JLU/20251021_121246.jpg,plot_e7c3e4a405d958645dc0,plot_09d8a533567043e69854,45.0,19.5,7.0,13.5,0.00011708230886142701
2025_10_21_RSFB-Phenotyping_GG1_JLU/2025_10_21_RSFB-Phenotyping_GG1_JLU/20251021_151822.jpg,2025_10_21_RSFB-Phenotyping_GG1_JLU/2025_10_21_RSFB-Phenotyping_GG1_JLU/20251021_132342.jpg,plot_e7c3e4a405d958645dc0,plot_df712240205f755d4453,45.0,19.5,12.0,2.5,0.00011708230886142701
2025_10_21_RSFB-Phenotyping_GG1_JLU/2025_10_21_RSFB-Phenotyping_GG1_JLU/20251021_151822.jpg,2025_10_21_RSFB-Phenotyping_GG1_JLU/2025_10_21_RSFB-Phenotyping_GG1_JLU/20251021_162936.jpg,plot_e7c3e4a405d958645dc0,plot_6b8f7220a8a82d322a40,45.0,19.5,2.0,13.5,0.00011708230886142701
2025_10_21_RSFB-Phenotyping_GG1_JLU/2025_10_21_RSFB-Phenotyping_GG1_JLU/20251021_151822.jpg,2025_10_21_RSFB-Phenotyping_GG1_JLU/2025_10_21_RSFB-Phenotyping_GG1_JLU/20251021_132550.jpg,plot_e7c3e4a405d958645dc0,plot_cff264c1afb9a1cf9473,45.0,19.5,2.0,8.5,0.00011708230886142701
2025_10_21_RSFB-Phenotyping_GG1_JLU/2025_10_21_RSFB-Phenotyping_GG1_JLU/20251021_151822.jpg,2025_10_21_RSFB-Phenotyping_GG1_JLU/2025_10_21_RSFB-Phenotyping_GG1_JLU/20251021_154509.jpg,plot_e7c3e4a405d958645dc0,plot_a2c6a5fd1e9b0c0d5868,45.0,19.5,13.0,6.0,0.00011708230886142701
2025_10_21_RSFB-Phenotyping_GG1_JLU/2025_10_21_RSFB-Phenotyping_GG1_JLU/20251021_163037.jpg,2025_10_21_RSFB-Phenotyping_GG1_JLU/2025_10_21_RSFB-Phenotyping_GG1_JLU/20251021_162109.jpg,plot_08b6c2e0fd5cdc566c07,plot_60d8a72fe06bef6e6da4,25.0,13.300000190734863,1.0,6.400000095367432,0.0015220700297504663
2025_10_21_RSFB-Phenotyping_GG1_JLU/2025_10_21_RSFB-Phenotyping_GG1_JLU/20251021_163037.jpg,2025_10_21_RSFB-Phenotyping_GG1_JLU/2025_10_21_RSFB-Phenotyping_GG1_JLU/20251021_122046.jpg,plot_08b6c2e0fd5cdc566c07,plot_166bd930c637bcfcd528,25.0,13.300000190734863,2.0,7.900000095367432,0.0015220700297504663
2025_10_21_RSFB-Phenotyping_GG1_JLU/2025_10_21_RSFB-Phenotyping_GG1_JLU/20251021_163037.jpg,2025_10_21_RSFB-Phenotyping_GG1_JLU/2025_10_21_RSFB-Phenotyping_GG1_JLU/20251021_151439.jpg,plot_08b6c2e0fd5cdc566c07,plot_f19419da98fe0824600a,25.0,13.300000190734863,8.0,2.5,0.0015220700297504663
2025_10_21_RSFB-Phenotyping_GG1_JLU/2025_10_21_RSFB-Phenotyping_GG1_JLU/20251021_163037.jpg,2025_10_21_RSFB-Phenotyping_GG1_JLU/2025_10_21_RSFB-Phenotyping_GG1_JLU/20251021_121314.jpg,plot_08b6c2e0fd5cdc566c07,plot_0de14b7453cf30ed2a1c,25.0,13.300000190734863,2.0,7.5,0.0015220700297504663
2025_10_21_RSFB-Phenotyping_GG1_JLU/2025_10_21_RSFB-Phenotyping_GG1_JLU/20251021_163037.jpg,2025_10_21_RSFB-Phenotyping_GG1_JLU/2025_10_21_RSFB-Phenotyping_GG1_JLU/20251021_121301.jpg,plot_08b6c2e0fd5cdc566c07,plot_09d8a533567043e69854,25.0,13.300000190734863,1.0,8.0,0.0015220700297504663
2025_10_21_RSFB-Phenotyping_GG1_JLU/2025_10_21_RSFB-Phenotyping_GG1_JLU/20251021_163037.jpg,2025_10_21_RSFB-Phenotyping_GG1_JLU/2025_10_21_RSFB-Phenotyping_GG1_JLU/20251021_161242.jpg,plot_08b6c2e0fd5cdc566c07,plot_c08c9fc75665c975b852,25.0,13.300000190734863,1.0,6.5,0.0015220700297504663
2025_10_21_RSFB-Phenotyping_GG1_JLU/2025_10_21_RSFB-Phenotyping_GG1_JLU/20251021_163037.jpg,2025_10_21_RSFB-Phenotyping_GG1_JLU/2025_10_21_RSFB-Phenotyping_GG1_JLU/20251021_130529.jpg,plot_08b6c2e0fd5cdc566c07,plot_883726baafccd2304661,25.0,13.300000190734863,2.0,7.5,0.0015220700297504663
2025_10_21_RSFB-Phenotyping_GG1_JLU/2025_10_21_RSFB-Phenotyping_GG1_JLU/20251021_163037.jpg,2025_10_21_RSFB-Phenotyping_GG1_JLU/2025_10_21_RSFB-Phenotyping_GG1_JLU/20251021_154622.jpg,plot_08b6c2e0fd5cdc566c07,plot_5d8d172daef4ef20984f,25.0,13.300000190734863,1.0,7.5,0.0015220700297504663
2025_10_21_RSFB-Phenotyping_GG1_JLU/2025_10_21_RSFB-Phenotyping_GG1_JLU/20251021_163037.jpg,2025_10_21_RSFB-Phenotyping_GG1_JLU/2025_10_21_RSFB-Phenotyping_GG1_JLU/20251021_161549.jpg,plot_08b6c2e0fd5cdc566c07,plot_5008f76cf0a562f63097,25.0,13.300000190734863,7.0,1.7000000476837158,0.0015220700297504663
2025_10_21_RSFB-Phenotyping_GG1_JLU/2025_10_21_RSFB-Phenotyping_GG1_JLU/20251021_122415.jpg,2025_10_21_RSFB-Phenotyping_GG1_JLU/2025_10_21_RSFB-Phenotyping_GG1_JLU/20251021_162116.jpg,plot_be1d8e6b110e3e6f731b,plot_60d8a72fe06bef6e6da4,40.0,16.5,3.0,11.399999618530273,0.0004566209972836077
2025_10_21_RSFB-Phenotyping_GG1_JLU/2025_10_21_RSFB-Phenotyping_GG1_JLU/20251021_122415.jpg,2025_10_21_RSFB-Phenotyping_GG1_JLU/2025_10_21_RSFB-Phenotyping_GG1_JLU/20251021_121301.jpg,plot_be1d8e6b110e3e6f731b,plot_09d8a533567043e69854,40.0,16.5,1.0,8.0,0.0004566209972836077
2025_10_21_RSFB-Phenotyping_GG1_JLU/2025_10_21_RSFB-Phenotyping_GG1_JLU/20251021_122415.jpg,2025_10_21_RSFB-Phenotyping_GG1_JLU/2025_10_21_RSFB-Phenotyping_GG1_JLU/20251021_132550.jpg,plot_be1d8e6b110e3e6f731b,plot_cff264c1afb9a1cf9473,40.0,16.5,2.0,8.5,0.0004566209972836077
2025_10_21_RSFB-Phenotyping_GG1_JLU/2025_10_21_RSFB-Phenotyping_GG1_JLU/20251021_122415.jpg,2025_10_21_RSFB-Phenotyping_GG1_JLU/2025_10_21_RSFB-Phenotyping_GG1_JLU/20251021_125901.jpg,plot_be1d8e6b110e3e6f731b,plot_7afc7682bc0b0be61f6b,40.0,16.5,2.0,10.0,0.0004566209972836077
2025_10_21_RSFB-Phenotyping_GG1_JLU/2025_10_21_RSFB-Phenotyping_GG1_JLU/20251021_122415.jpg,2025_10_21_RSFB-Phenotyping_GG1_JLU/2025_10_21_RSFB-Phenotyping_GG1_JLU/20251021_155939.jpg,plot_be1d8e6b110e3e6f731b,plot_b351f823b8a0415f9230,40.0,16.5,3.0,10.0,0.0004566209972836077
2025_10_21_RSFB-Phenotyping_GG1_JLU/2025_10_21_RSFB-Phenotyping_GG1_JLU/20251021_122415.jpg,2025_10_21_RSFB-Phenotyping_GG1_JLU/2025_10_21_RSFB-Phenotyping_GG1_JLU/20251021_121113.jpg,plot_be1d8e6b110e3e6f731b,plot_a7714d1b769d45a9b00a,40.0,16.5,2.0,10.0,0.0004566209972836077
2025_10_21_RSFB-Phenotyping_GG1_JLU/2025_10_21_RSFB-Phenotyping_GG1_JLU/20251021_122415.jpg,2025_10_21_RSFB-Phenotyping_GG1_JLU/2025_10_21_RSFB-Phenotyping_GG1_JLU/20251021_131419.jpg,plot_be1d8e6b110e3e6f731b,plot_e26908bc9222e28c92ff,40.0,16.5,10.0,4.5,0.0004566209972836077
2025_10_21_RSFB-Phenotyping_GG1_JLU/2025_10_21_RSFB-Phenotyping_GG1_JLU/20251021_122415.jpg,2025_10_21_RSFB-Phenotyping_GG1_JLU/2025_10_21_RSFB-Phenotyping_GG1_JLU/20251021_154649.jpg,plot_be1d8e6b110e3e6f731b,plot_f974c33b3b939aa5f878,40.0,16.5,2.0,9.5,0.0004566209972836077
2025_10_21_RSFB-Phenotyping_GG1_JLU/2025_10_21_RSFB-Phenotyping_GG1_JLU/20251021_122415.jpg,2025_10_21_RSFB-Phenotyping_GG1_JLU/2025_10_21_RSFB-Phenotyping_GG1_JLU/20251021_130529.jpg,plot_be1d8e6b110e3e6f731b,plot_883726baafccd2304661,40.0,16.5,2.0,7.5,0.0004566209972836077
2025_10_21_RSFB-Phenotyping_GG1_JLU/2025_10_21_RSFB-Phenotyping_GG1_JLU/20251021_122415.jpg,2025_10_21_RSFB-Phenotyping_GG1_JLU/2025_10_21_RSFB-Phenotyping_GG1_JLU/20251021_160047.jpg,plot_be1d8e6b110e3e6f731b,plot_ecb8a2d7a20b5079cedb,40.0,16.5,2.0,8.5,0.0004566209972836077
2025_10_21_RSFB-Phenotyping_GG1_JLU/2025_10_21_RSFB-Phenotyping_GG1_JLU/20251021_122415.jpg,2025_10_21_RSFB-Phenotyping_GG1_JLU/2025_10_21_RSFB-Phenotyping_GG1_JLU/20251021_161549.jpg,plot_be1d8e6b110e3e6f731b,plot_5008f76cf0a562f63097,40.0,16.5,7.0,1.7000000476837158,0.0004566209972836077
2025_10_21_RSFB-Phenotyping_GG1_JLU/2025_10_21_RSFB-Phenotyping_GG1_JLU/20251021_122415.jpg,2025_10_21_RSFB-Phenotyping_GG1_JLU/2025_10_21_RSFB-Phenotyping_GG1_JLU/20251021_162109.jpg,plot_be1d8e6b110e3e6f731b,plot_60d8a72fe06bef6e6da4,40.0,16.5,1.0,6.400000095367432,0.0004566209972836077
2025_10_21_RSFB-Phenotyping_GG1_JLU/2025_10_21_RSFB-Phenotyping_GG1_JLU/20251021_122415.jpg,2025_10_21_RSFB-Phenotyping_GG1_JLU/2025_10_21_RSFB-Phenotyping_GG1_JLU/20251021_154622.jpg,plot_be1d8e6b110e3e6f731b,plot_5d8d172daef4ef20984f,40.0,16.5,1.0,7.5,0.0004566209972836077
2025_10_21_RSFB-Phenotyping_GG1_JLU/2025_10_21_RSFB-Phenotyping_GG1_JLU/20251021_122415.jpg,2025_10_21_RSFB-Phenotyping_GG1_JLU/2025_10_21_RSFB-Phenotyping_GG1_JLU/20251021_130128.jpg,plot_be1d8e6b110e3e6f731b,plot_77196a9ec72c575b5b40,40.0,16.5,10.0,4.5,0.0004566209972836077
2025_10_21_RSFB-Phenotyping_GG1_JLU/2025_10_21_RSFB-Phenotyping_GG1_JLU/20251021_122415.jpg,2025_10_21_RSFB-Phenotyping_GG1_JLU/2025_10_21_RSFB-Phenotyping_GG1_JLU/20251021_121314.jpg,plot_be1d8e6b110e3e6f731b,plot_0de14b7453cf30ed2a1c,40.0,16.5,2.0,7.5,0.0004566209972836077
2025_10_21_RSFB-Phenotyping_GG1_JLU/2025_10_21_RSFB-Phenotyping_GG1_JLU/20251021_122415.jpg,2025_10_21_RSFB-Phenotyping_GG1_JLU/2025_10_21_RSFB-Phenotyping_GG1_JLU/20251021_151642.jpg,plot_be1d8e6b110e3e6f731b,plot_f61b29267fecc01648f8,40.0,16.5,10.0,4.5,0.0004566209972836077
2025_10_21_RSFB-Phenotyping_GG1_JLU/2025_10_21_RSFB-Phenotyping_GG1_JLU/20251021_122415.jpg,2025_10_21_RSFB-Phenotyping_GG1_JLU/2025_10_21_RSFB-Phenotyping_GG1_JLU/20251021_161415.jpg,plot_be1d8e6b110e3e6f731b,plot_6db75ec8b4bf1739f8b3,40.0,16.5,10.0,4.5,0.0004566209972836077
2025_10_21_RSFB-Phenotyping_GG1_JLU/2025_10_21_RSFB-Phenotyping_GG1_JLU/20251021_122415.jpg,2025_10_21_RSFB-Phenotyping_GG1_JLU/2025_10_21_RSFB-Phenotyping_GG1_JLU/20251021_161242.jpg,plot_be1d8e6b110e3e6f731b,plot_c08c9fc75665c975b852,40.0,16.5,1.0,6.5,0.0004566209972836077
2025_10_21_RSFB-Phenotyping_GG1_JLU/2025_10_21_RSFB-Phenotyping_GG1_JLU/20251021_122415.jpg,2025_10_21_RSFB-Phenotyping_GG1_JLU/2025_10_21_RSFB-Phenotyping_GG1_JLU/20251021_132424.jpg,plot_be1d8e6b110e3e6f731b,plot_04441862d5c5dd0b49cc,40.0,16.5,10.0,2.5,0.0004566209972836077
2025_10_21_RSFB-Phenotyping_GG1_JLU/2025_10_21_RSFB-Phenotyping_GG1_JLU/20251021_122415.jpg,2025_10_21_RSFB-Phenotyping_GG1_JLU/2025_10_21_RSFB-Phenotyping_GG1_JLU/20251021_151439.jpg,plot_be1d8e6b110e3e6f731b,plot_f19419da98fe0824600a,40.0,16.5,8.0,2.5,0.0004566209972836077
2025_10_21_RSFB-Phenotyping_GG1_JLU/2025_10_21_RSFB-Phenotyping_GG1_JLU/20251021_122415.jpg,2025_10_21_RSFB-Phenotyping_GG1_JLU/2025_10_21_RSFB-Phenotyping_GG1_JLU/20251021_152653.jpg,plot_be1d8e6b110e3e6f731b,plot_fe93ef196b1a8b77de19,40.0,16.5,1.0,8.5,0.0004566209972836077
2025_10_21_RSFB-Phenotyping_GG1_JLU/2025_10_21_RSFB-Phenotyping_GG1_JLU/20251021_122415.jpg,2025_10_21_RSFB-Phenotyping_GG1_JLU/2025_10_21_RSFB-Phenotyping_GG1_JLU/20251021_160831.jpg,plot_be1d8e6b110e3e6f731b,plot_31ff4a85b21ababa7de0,40.0,16.5,1.0,9.5,0.0004566209972836077
2025_10_21_RSFB-Phenotyping_GG1_JLU/2025_10_21_RSFB-Phenotyping_GG1_JLU/20251021_122415.jpg,2025_10_21_RSFB-Phenotyping_GG1_JLU/2025_10_21_RSFB-Phenotyping_GG1_JLU/20251021_123107.jpg,plot_be1d8e6b110e3e6f731b,plot_5700cee80bc5a6e207ec,40.0,16.5,10.0,2.0,0.0004566209972836077
2025_10_21_RSFB-Phenotyping_GG1_JLU/2025_10_21_RSFB-Phenotyping_GG1_JLU/20251021_122415.jpg,2025_10_21_RSFB-Phenotyping_GG1_JLU/2025_10_21_RSFB-Phenotyping_GG1_JLU/20251021_124358.jpg,plot_be1d8e6b110e3e6f731b,plot_e77622de4cce1b168140,40.0,16.5,3.0,11.0,0.0004566209972836077
2025_10_21_RSFB-Phenotyping_GG1_JLU/2025_10_21_RSFB-Phenotyping_GG1_JLU/20251021_122415.jpg,2025_10_21_RSFB-Phenotyping_GG1_JLU/2025_10_21_RSFB-Phenotyping_GG1_JLU/20251021_152457.jpg,plot_be1d8e6b110e3e6f731b,plot_cf8f8145824cff35d237,40.0,16.5,3.0,9.5,0.0004566209972836077
2025_10_21_RSFB-Phenotyping_GG1_JLU/2025_10_21_RSFB-Phenotyping_GG1_JLU/20251021_122415.jpg,2025_10_21_RSFB-Phenotyping_GG1_JLU/2025_10_21_RSFB-Phenotyping_GG1_JLU/20251021_122046.jpg,plot_be1d8e6b110e3e6f731b,plot_166bd930c637bcfcd528,40.0,16.5,2.0,7.900000095367432,0.0004566209972836077
2025_10_21_RSFB-Phenotyping_GG1_JLU/2025_10_21_RSFB-Phenotyping_GG1_JLU/20251021_122415.jpg,2025_10_21_RSFB-Phenotyping_GG1_JLU/2025_10_21_RSFB-Phenotyping_GG1_JLU/20251021_122557.jpg,plot_be1d8e6b110e3e6f731b,plot_4460e7e9889b69d86dd3,40.0,16.5,2.0,10.0,0.0004566209972836077
2025_10_21_RSFB-Phenotyping_GG1_JLU/2025_10_21_RSFB-Phenotyping_GG1_JLU/20251021_122415.jpg,2025_10_21_RSFB-Phenotyping_GG1_JLU/2025_10_21_RSFB-Phenotyping_GG1_JLU/20251021_153825.jpg,plot_be1d8e6b110e3e6f731b,plot_64e19f5de9c116d1fbb6,40.0,16.5,3.0,8.5,0.0004566209972836077
2025_10_21_RSFB-Phenotyping_GG1_JLU/2025_10_21_RSFB-Phenotyping_GG1_JLU/20251021_122415.jpg,2025_10_21_RSFB-Phenotyping_GG1_JLU/2025_10_21_RSFB-Phenotyping_GG1_JLU/20251021_155302.jpg,plot_be1d8e6b110e3e6f731b,plot_cb17d6bcad8ffccbde51,40.0,16.5,1.0,10.5,0.0004566209972836077
2025_10_21_RSFB-Phenotyping_GG1_JLU/2025_10_21_RSFB-Phenotyping_GG1_JLU/20251021_153525.jpg,2025_10_21_RSFB-Phenotyping_GG1_JLU/2025_10_21_RSFB-Phenotyping_GG1_JLU/20251021_121301.jpg,plot_fe707310fbee3c33d1ae,plot_09d8a533567043e69854,30.0,18.5,1.0,8.0,0.000342465762514621
2025_10_21_RSFB-Phenotyping_GG1_JLU/2025_10_21_RSFB-Phenotyping_GG1_JLU/20251021_153525.jpg,2025_10_21_RSFB-Phenotyping_GG1_JLU/2025_10_21_RSFB-Phenotyping_GG1_JLU/20251021_161751.jpg,plot_fe707310fbee3c33d1ae,plot_5ca84068b670156039bd,30.0,18.5,3.0,13.0,0.000342465762514621
2025_10_21_RSFB-Phenotyping_GG1_JLU/2025_10_21_RSFB-Phenotyping_GG1_JLU/20251021_153525.jpg,2025_10_21_RSFB-Phenotyping_GG1_JLU/2025_10_21_RSFB-Phenotyping_GG1_JLU/20251021_125901.jpg,plot_fe707310fbee3c33d1ae,plot_7afc7682bc0b0be61f6b,30.0,18.5,2.0,10.0,0.000342465762514621
2025_10_21_RSFB-Phenotyping_GG1_JLU/2025_10_21_RSFB-Phenotyping_GG1_JLU/20251021_153525.jpg,2025_10_21_RSFB-Phenotyping_GG1_JLU/2025_10_21_RSFB-Phenotyping_GG1_JLU/20251021_132801.jpg,plot_fe707310fbee3c33d1ae,plot_b2decf1cbf56bcdc6d32,30.0,18.5,3.0,12.5,0.000342465762514621
2025_10_21_RSFB-Phenotyping_GG1_JLU/2025_10_21_RSFB-Phenotyping_GG1_JLU/20251021_153525.jpg,2025_10_21_RSFB-Phenotyping_GG1_JLU/2025_10_21_RSFB-Phenotyping_GG1_JLU/20251021_122046.jpg,plot_fe707310fbee3c33d1ae,plot_166bd930c637bcfcd528,30.0,18.5,2.0,7.900000095367432,0.000342465762514621
2025_10_21_RSFB-Phenotyping_GG1_JLU/2025_10_21_RSFB-Phenotyping_GG1_JLU/20251021_153525.jpg,2025_10_21_RSFB-Phenotyping_GG1_JLU/2025_10_21_RSFB-Phenotyping_GG1_JLU/20251021_121843.jpg,plot_fe707310fbee3c33d1ae,plot_08853fb661302206a300,30.0,18.5,4.0,12.0,0.000342465762514621
2025_10_21_RSFB-Phenotyping_GG1_JLU/2025_10_21_RSFB-Phenotyping_GG1_JLU/20251021_153525.jpg,2025_10_21_RSFB-Phenotyping_GG1_JLU/2025_10_21_RSFB-Phenotyping_GG1_JLU/20251021_155103.jpg,plot_fe707310fbee3c33d1ae,plot_b499b14eca911be3b991,30.0,18.5,12.0,1.0,0.000342465762514621
2025_10_21_RSFB-Phenotyping_GG1_JLU/2025_10_21_RSFB-Phenotyping_GG1_JLU/20251021_153525.jpg,2025_10_21_RSFB-Phenotyping_GG1_JLU/2025_10_21_RSFB-Phenotyping_GG1_JLU/20251021_161624.jpg,plot_fe707310fbee3c33d1ae,plot_3361cc58e772149f169e,30.0,18.5,12.0,3.0,0.000342465762514621
2025_10_21_RSFB-Phenotyping_GG1_JLU/2025_10_21_RSFB-Phenotyping_GG1_JLU/20251021_153525.jpg,2025_10_21_RSFB-Phenotyping_GG1_JLU/2025_10_21_RSFB-Phenotyping_GG1_JLU/20251021_132424.jpg,plot_fe707310fbee3c33d1ae,plot_04441862d5c5dd0b49cc,30.0,18.5,10.0,2.5,0.000342465762514621
2025_10_21_RSFB-Phenotyping_GG1_JLU/2025_10_21_RSFB-Phenotyping_GG1_JLU/20251021_153525.jpg,2025_10_21_RSFB-Phenotyping_GG1_JLU/2025_10_21_RSFB-Phenotyping_GG1_JLU/20251021_151915.jpg,plot_fe707310fbee3c33d1ae,plot_6ca7eb46f81c9ecf993b,30.0,18.5,12.0,5.5,0.000342465762514621
2025_10_21_RSFB-Phenotyping_GG1_JLU/2025_10_21_RSFB-Phenotyping_GG1_JLU/20251021_153525.jpg,2025_10_21_RSFB-Phenotyping_GG1_JLU/2025_10_21_RSFB-Phenotyping_GG1_JLU/20251021_132550.jpg,plot_fe707310fbee3c33d1ae,plot_cff264c1afb9a1cf9473,30.0,18.5,2.0,8.5,0.000342465762514621
2025_10_21_RSFB-Phenotyping_GG1_JLU/2025_10_21_RSFB-Phenotyping_GG1_JLU/20251021_153525.jpg,2025_10_21_RSFB-Phenotyping_GG1_JLU/2025_10_21_RSFB-Phenotyping_GG1_JLU/20251021_123202.jpg,plot_fe707310fbee3c33d1ae,plot_a3e331c4e6fce2b877bd,30.0,18.5,5.0,12.0,0.000342465762514621
2025_10_21_RSFB-Phenotyping_GG1_JLU/2025_10_21_RSFB-Phenotyping_GG1_JLU/20251021_153525.jpg,2025_10_21_RSFB-Phenotyping_GG1_JLU/2025_10_21_RSFB-Phenotyping_GG1_JLU/20251021_162109.jpg,plot_fe707310fbee3c33d1ae,plot_60d8a72fe06bef6e6da4,30.0,18.5,1.0,6.400000095367432,0.000342465762514621
2025_10_21_RSFB-Phenotyping_GG1_JLU/2025_10_21_RSFB-Phenotyping_GG1_JLU/20251021_153525.jpg,2025_10_21_RSFB-Phenotyping_GG1_JLU/2025_10_21_RSFB-Phenotyping_GG1_JLU/20251021_130737.jpg,plot_fe707310fbee3c33d1ae,plot_4c9e8c4301206d84387b,30.0,18.5,13.0,2.0,0.000342465762514621
2025_10_21_RSFB-Phenotyping_GG1_JLU/2025_10_21_RSFB-Phenotyping_GG1_JLU/20251021_153525.jpg,2025_10_21_RSFB-Phenotyping_GG1_JLU/2025_10_21_RSFB-Phenotyping_GG1_JLU/20251021_132342.jpg,plot_fe707310fbee3c33d1ae,plot_df712240205f755d4453,30.0,18.5,12.0,2.5,0.000342465762514621
2025_10_21_RSFB-Phenotyping_GG1_JLU/2025_10_21_RSFB-Phenotyping_GG1_JLU/20251021_153525.jpg,2025_10_21_RSFB-Phenotyping_GG1_JLU/2025_10_21_RSFB-Phenotyping_GG1_JLU/20251021_125439.jpg,plot_fe707310fbee3c33d1ae,plot_ccfe1e329b419e50732e,30.0,18.5,13.0,6.5,0.000342465762514621
2025_10_21_RSFB-Phenotyping_GG1_JLU/2025_10_21_RSFB-Phenotyping_GG1_JLU/20251021_153525.jpg,2025_10_21_RSFB-Phenotyping_GG1_JLU/2025_10_21_RSFB-Phenotyping_GG1_JLU/20251021_153825.jpg,plot_fe707310fbee3c33d1ae,plot_64e19f5de9c116d1fbb6,30.0,18.5,3.0,8.5,0.000342465762514621
2025_10_21_RSFB-Phenotyping_GG1_JLU/2025_10_21_RSFB-Phenotyping_GG1_JLU/20251021_153525.jpg,2025_10_21_RSFB-Phenotyping_GG1_JLU/2025_10_21_RSFB-Phenotyping_GG1_JLU/20251021_154509.jpg,plot_fe707310fbee3c33d1ae,plot_a2c6a5fd1e9b0c0d5868,30.0,18.5,13.0,6.0,0.000342465762514621
2025_10_21_RSFB-Phenotyping_GG1_JLU/2025_10_21_RSFB-Phenotyping_GG1_JLU/20251021_153525.jpg,2025_10_21_RSFB-Phenotyping_GG1_JLU/2025_10_21_RSFB-Phenotyping_GG1_JLU/20251021_131419.jpg,plot_fe707310fbee3c33d1ae,plot_e26908bc9222e28c92ff,30.0,18.5,10.0,4.5,0.000342465762514621
2025_10_21_RSFB-Phenotyping_GG1_JLU/2025_10_21_RSFB-Phenotyping_GG1_JLU/20251021_153525.jpg,2025_10_21_RSFB-Phenotyping_GG1_JLU/2025_10_21_RSFB-Phenotyping_GG1_JLU/20251021_161840.jpg,plot_fe707310fbee3c33d1ae,plot_fb549f03aaaa145785c8,30.0,18.5,3.0,13.0,0.000342465762514621
2025_10_21_RSFB-Phenotyping_GG1_JLU/2025_10_21_RSFB-Phenotyping_GG1_JLU/20251021_153525.jpg,2025_10_21_RSFB-Phenotyping_GG1_JLU/2025_10_21_RSFB-Phenotyping_GG1_JLU/20251021_123107.jpg,plot_fe707310fbee3c33d1ae,plot_5700cee80bc5a6e207ec,30.0,18.5,10.0,2.0,0.000342465762514621
2025_10_21_RSFB-Phenotyping_GG1_JLU/2025_10_21_RSFB-Phenotyping_GG1_JLU/20251021_153525.jpg,2025_10_21_RSFB-Phenotyping_GG1_JLU/2025_10_21_RSFB-Phenotyping_GG1_JLU/20251021_124500.jpg,plot_fe707310fbee3c33d1ae,plot_ea75df3b909465cef7b1,30.0,18.5,5.0,12.0,0.000342465762514621
2025_10_21_RSFB-Phenotyping_GG1_JLU/2025_10_21_RSFB-Phenotyping_GG1_JLU/20251021_153525.jpg,2025_10_21_RSFB-Phenotyping_GG1_JLU/2025_10_21_RSFB-Phenotyping_GG1_JLU/20251021_122557.jpg,plot_fe707310fbee3c33d1ae,plot_4460e7e9889b69d86dd3,30.0,18.5,2.0,10.0,0.000342465762514621
2025_10_21_RSFB-Phenotyping_GG1_JLU/2025_10_21_RSFB-Phenotyping_GG1_JLU/20251021_153525.jpg,2025_10_21_RSFB-Phenotyping_GG1_JLU/2025_10_21_RSFB-Phenotyping_GG1_JLU/20251021_161857.jpg,plot_fe707310fbee3c33d1ae,plot_490a77dae7954530a2a4,30.0,18.5,5.0,13.300000190734863,0.000342465762514621
2025_10_21_RSFB-Phenotyping_GG1_JLU/2025_10_21_RSFB-Phenotyping_GG1_JLU/20251021_153525.jpg,2025_10_21_RSFB-Phenotyping_GG1_JLU/2025_10_21_RSFB-Phenotyping_GG1_JLU/20251021_155939.jpg,plot_fe707310fbee3c33d1ae,plot_b351f823b8a0415f9230,30.0,18.5,3.0,10.0,0.000342465762514621
2025_10_21_RSFB-Phenotyping_GG1_JLU/2025_10_21_RSFB-Phenotyping_GG1_JLU/20251021_153525.jpg,2025_10_21_RSFB-Phenotyping_GG1_JLU/2025_10_21_RSFB-Phenotyping_GG1_JLU/20251021_124615.jpg,plot_fe707310fbee3c33d1ae,plot_9e661ae87ec066049f1f,30.0,18.5,5.0,11.5,0.000342465762514621
2025_10_21_RSFB-Phenotyping_GG1_JLU/2025_10_21_RSFB-Phenotyping_GG1_JLU/20251021_153525.jpg,2025_10_21_RSFB-Phenotyping_GG1_JLU/2025_10_21_RSFB-Phenotyping_GG1_JLU/20251021_121113.jpg,plot_fe707310fbee3c33d1ae,plot_a7714d1b769d45a9b00a,30.0,18.5,2.0,10.0,0.000342465762514621
2025_10_21_RSFB-Phenotyping_GG1_JLU/2025_10_21_RSFB-Phenotyping_GG1_JLU/20251021_153525.jpg,2025_10_21_RSFB-Phenotyping_GG1_JLU/2025_10_21_RSFB-Phenotyping_GG1_JLU/20251021_125431.jpg,plot_fe707310fbee3c33d1ae,plot_ccfe1e329b419e50732e,30.0,18.5,13.0,3.0,0.000342465762514621
2025_10_21_RSFB-Phenotyping_GG1_JLU/2025_10_21_RSFB-Phenotyping_GG1_JLU/20251021_153525.jpg,2025_10_21_RSFB-Phenotyping_GG1_JLU/2025_10_21_RSFB-Phenotyping_GG1_JLU/20251021_152653.jpg,plot_fe707310fbee3c33d1ae,plot_fe93ef196b1a8b77de19,30.0,18.5,1.0,8.5,0.000342465762514621
2025_10_21_RSFB-Phenotyping_GG1_JLU/2025_10_21_RSFB-Phenotyping_GG1_JLU/20251021_153525.jpg,2025_10_21_RSFB-Phenotyping_GG1_JLU/2025_10_21_RSFB-Phenotyping_GG1_JLU/20251021_152457.jpg,plot_fe707310fbee3c33d1ae,plot_cf8f8145824cff35d237,30.0,18.5,3.0,9.5,0.000342465762514621
2025_10_21_RSFB-Phenotyping_GG1_JLU/2025_10_21_RSFB-Phenotyping_GG1_JLU/20251021_153525.jpg,2025_10_21_RSFB-Phenotyping_GG1_JLU/2025_10_21_RSFB-Phenotyping_GG1_JLU/20251021_162116.jpg,plot_fe707310fbee3c33d1ae,plot_60d8a72fe06bef6e6da4,30.0,18.5,3.0,11.399999618530273,0.000342465762514621
2025_10_21_RSFB-Phenotyping_GG1_JLU/2025_10_21_RSFB-Phenotyping_GG1_JLU/20251021_153525.jpg,2025_10_21_RSFB-Phenotyping_GG1_JLU/2025_10_21_RSFB-Phenotyping_GG1_JLU/20251021_130529.jpg,plot_fe707310fbee3c33d1ae,plot_883726baafccd2304661,30.0,18.5,2.0,7.5,0.000342465762514621
2025_10_21_RSFB-Phenotyping_GG1_JLU/2025_10_21_RSFB-Phenotyping_GG1_JLU/20251021_153525.jpg,2025_10_21_RSFB-Phenotyping_GG1_JLU/2025_10_21_RSFB-Phenotyping_GG1_JLU/20251021_154622.jpg,plot_fe707310fbee3c33d1ae,plot_5d8d172daef4ef20984f,30.0,18.5,1.0,7.5,0.000342465762514621
2025_10_21_RSFB-Phenotyping_GG1_JLU/2025_10_21_RSFB-Phenotyping_GG1_JLU/20251021_153525.jpg,2025_10_21_RSFB-Phenotyping_GG1_JLU/2025_10_21_RSFB-Phenotyping_GG1_JLU/20251021_151642.jpg,plot_fe707310fbee3c33d1ae,plot_f61b29267fecc01648f8,30.0,18.5,10.0,4.5,0.000342465762514621
2025_10_21_RSFB-Phenotyping_GG1_JLU/2025_10_21_RSFB-Phenotyping_GG1_JLU/20251021_153525.jpg,2025_10_21_RSFB-Phenotyping_GG1_JLU/2025_10_21_RSFB-Phenotyping_GG1_JLU/20251021_160047.jpg,plot_fe707310fbee3c33d1ae,plot_ecb8a2d7a20b5079cedb,30.0,18.5,2.0,8.5,0.000342465762514621
2025_10_21_RSFB-Phenotyping_GG1_JLU/2025_10_21_RSFB-Phenotyping_GG1_JLU/20251021_153525.jpg,2025_10_21_RSFB-Phenotyping_GG1_JLU/2025_10_21_RSFB-Phenotyping_GG1_JLU/20251021_160714.jpg,plot_fe707310fbee3c33d1ae,plot_ea99039aeae06bdc085a,30.0,18.5,1.0,13.0,0.000342465762514621
2025_10_21_RSFB-Phenotyping_GG1_JLU/2025_10_21_RSFB-Phenotyping_GG1_JLU/20251021_153525.jpg,2025_10_21_RSFB-Phenotyping_GG1_JLU/2025_10_21_RSFB-Phenotyping_GG1_JLU/20251021_121314.jpg,plot_fe707310fbee3c33d1ae,plot_0de14b7453cf30ed2a1c,30.0,18.5,2.0,7.5,0.000342465762514621
2025_10_21_RSFB-Phenotyping_GG1_JLU/2025_10_21_RSFB-Phenotyping_GG1_JLU/20251021_153525.jpg,2025_10_21_RSFB-Phenotyping_GG1_JLU/2025_10_21_RSFB-Phenotyping_GG1_JLU/20251021_151439.jpg,plot_fe707310fbee3c33d1ae,plot_f19419da98fe0824600a,30.0,18.5,8.0,2.5,0.000342465762514621
2025_10_21_RSFB-Phenotyping_GG1_JLU/2025_10_21_RSFB-Phenotyping_GG1_JLU/20251021_153525.jpg,2025_10_21_RSFB-Phenotyping_GG1_JLU/2025_10_21_RSFB-Phenotyping_GG1_JLU/20251021_160831.jpg,plot_fe707310fbee3c33d1ae,plot_31ff4a85b21ababa7de0,30.0,18.5,1.0,9.5,0.000342465762514621
2025_10_21_RSFB-Phenotyping_GG1_JLU/2025_10_21_RSFB-Phenotyping_GG1_JLU/20251021_153525.jpg,2025_10_21_RSFB-Phenotyping_GG1_JLU/2025_10_21_RSFB-Phenotyping_GG1_JLU/20251021_155302.jpg,plot_fe707310fbee3c33d1ae,plot_cb17d6bcad8ffccbde51,30.0,18.5,1.0,10.5,0.000342465762514621
2025_10_21_RSFB-Phenotyping_GG1_JLU/2025_10_21_RSFB-Phenotyping_GG1_JLU/20251021_122032.jpg,2025_10_21_RSFB-Phenotyping_GG1_JLU/2025_10_21_RSFB-Phenotyping_GG1_JLU/20251021_162109.jpg,plot_de57345dfd586882f461,plot_60d8a72fe06bef6e6da4,40.0,30.5,1.0,6.400000095367432,0.000342465762514621
2025_10_21_RSFB-Phenotyping_GG1_JLU/2025_10_21_RSFB-Phenotyping_GG1_JLU/20251021_122032.jpg,2025_10_21_RSFB-Phenotyping_GG1_JLU/2025_10_21_RSFB-Phenotyping_GG1_JLU/20251021_121353.jpg,plot_de57345dfd586882f461,plot_9594a1cc971fd111a051,40.0,30.5,7.0,19.5,0.000342465762514621
2025_10_21_RSFB-Phenotyping_GG1_JLU/2025_10_21_RSFB-Phenotyping_GG1_JLU/20251021_122032.jpg,2025_10_21_RSFB-Phenotyping_GG1_JLU/2025_10_21_RSFB-Phenotyping_GG1_JLU/20251021_133044.jpg,plot_de57345dfd586882f461,plot_5f84a5d5e744fae0a07f,40.0,30.5,15.0,22.0,0.000342465762514621
2025_10_21_RSFB-Phenotyping_GG1_JLU/2025_10_21_RSFB-Phenotyping_GG1_JLU/20251021_122032.jpg,2025_10_21_RSFB-Phenotyping_GG1_JLU/2025_10_21_RSFB-Phenotyping_GG1_JLU/20251021_132342.jpg,plot_de57345dfd586882f461,plot_df712240205f755d4453,40.0,30.5,12.0,2.5,0.000342465762514621
2025_10_21_RSFB-Phenotyping_GG1_JLU/2025_10_21_RSFB-Phenotyping_GG1_JLU/20251021_122032.jpg,2025_10_21_RSFB-Phenotyping_GG1_JLU/2025_10_21_RSFB-Phenotyping_GG1_JLU/20251021_123959.jpg,plot_de57345dfd586882f461,plot_ec0a5e344760502c368a,40.0,30.5,19.0,10.5,0.000342465762514621
2025_10_21_RSFB-Phenotyping_GG1_JLU/2025_10_21_RSFB-Phenotyping_GG1_JLU/20251021_122032.jpg,2025_10_21_RSFB-Phenotyping_GG1_JLU/2025_10_21_RSFB-Phenotyping_GG1_JLU/20251021_121951.jpg,plot_de57345dfd586882f461,plot_fc292ac3221828037f2a,40.0,30.5,20.0,13.5,0.000342465762514621
2025_10_21_RSFB-Phenotyping_GG1_JLU/2025_10_21_RSFB-Phenotyping_GG1_JLU/20251021_122032.jpg,2025_10_21_RSFB-Phenotyping_GG1_JLU/2025_10_21_RSFB-Phenotyping_GG1_JLU/20251021_152457.jpg,plot_de57345dfd586882f461,plot_cf8f8145824cff35d237,40.0,30.5,3.0,9.5,0.000342465762514621
2025_10_21_RSFB-Phenotyping_GG1_JLU/2025_10_21_RSFB-Phenotyping_GG1_JLU/20251021_122032.jpg,2025_10_21_RSFB-Phenotyping_GG1_JLU/2025_10_21_RSFB-Phenotyping_GG1_JLU/20251021_154042.jpg,plot_de57345dfd586882f461,plot_1ec8031b29f0a96ca6fd,40.0,30.5,3.0,24.5,0.000342465762514621
2025_10_21_RSFB-Phenotyping_GG1_JLU/2025_10_21_RSFB-Phenotyping_GG1_JLU/20251021_122032.jpg,2025_10_21_RSFB-Phenotyping_GG1_JLU/2025_10_21_RSFB-Phenotyping_GG1_JLU/20251021_155835.jpg,plot_de57345dfd586882f461,plot_c56b353ccd4d762a32d5,40.0,30.5,20.0,13.0,0.000342465762514621
2025_10_21_RSFB-Phenotyping_GG1_JLU/2025_10_21_RSFB-Phenotyping_GG1_JLU/20251021_122032.jpg,2025_10_21_RSFB-Phenotyping_GG1_JLU/2025_10_21_RSFB-Phenotyping_GG1_JLU/20251021_125901.jpg,plot_de57345dfd586882f461,plot_7afc7682bc0b0be61f6b,40.0,30.5,2.0,10.0,0.000342465762514621
2025_10_21_RSFB-Phenotyping_GG1_JLU/2025_10_21_RSFB-Phenotyping_GG1_JLU/20251021_122032.jpg,2025_10_21_RSFB-Phenotyping_GG1_JLU/2025_10_21_RSFB-Phenotyping_GG1_JLU/20251021_153931.jpg,plot_de57345dfd586882f461,plot_1b85c4977624caa5e831,40.0,30.5,20.0,7.5,0.000342465762514621
2025_10_21_RSFB-Phenotyping_GG1_JLU/2025_10_21_RSFB-Phenotyping_GG1_JLU/20251021_122032.jpg,2025_10_21_RSFB-Phenotyping_GG1_JLU/2025_10_21_RSFB-Phenotyping_GG1_JLU/20251021_160207.jpg,plot_de57345dfd586882f461,plot_2d1fa5fc3c4305dcc7ab,40.0,30.5,25.0,6.0,0.000342465762514621
2025_10_21_RSFB-Phenotyping_GG1_JLU/2025_10_21_RSFB-Phenotyping_GG1_JLU/20251021_122032.jpg,2025_10_21_RSFB-Phenotyping_GG1_JLU/2025_10_21_RSFB-Phenotyping_GG1_JLU/20251021_153825.jpg,plot_de57345dfd586882f461,plot_64e19f5de9c116d1fbb6,40.0,30.5,3.0,8.5,0.000342465762514621
2025_10_21_RSFB-Phenotyping_GG1_JLU/2025_10_21_RSFB-Phenotyping_GG1_JLU/20251021_122032.jpg,2025_10_21_RSFB-Phenotyping_GG1_JLU/2025_10_21_RSFB-Phenotyping_GG1_JLU/20251021_131259.jpg,plot_de57345dfd586882f461,plot_f7c764469b25d07202ad,40.0,30.5,3.0,23.799999237060547,0.000342465762514621
2025_10_21_RSFB-Phenotyping_GG1_JLU/2025_10_21_RSFB-Phenotyping_GG1_JLU/20251021_122032.jpg,2025_10_21_RSFB-Phenotyping_GG1_JLU/2025_10_21_RSFB-Phenotyping_GG1_JLU/20251021_153940.jpg,plot_de57345dfd586882f461,plot_1b85c4977624caa5e831,40.0,30.5,20.0,10.5,0.000342465762514621
2025_10_21_RSFB-Phenotyping_GG1_JLU/2025_10_21_RSFB-Phenotyping_GG1_JLU/20251021_122032.jpg,2025_10_21_RSFB-Phenotyping_GG1_JLU/2025_10_21_RSFB-Phenotyping_GG1_JLU/20251021_121314.jpg,plot_de57345dfd586882f461,plot_0de14b7453cf30ed2a1c,40.0,30.5,2.0,7.5,0.000342465762514621
2025_10_21_RSFB-Phenotyping_GG1_JLU/2025_10_21_RSFB-Phenotyping_GG1_JLU/20251021_122032.jpg,2025_10_21_RSFB-Phenotyping_GG1_JLU/2025_10_21_RSFB-Phenotyping_GG1_JLU/20251021_162936.jpg,plot_de57345dfd586882f461,plot_6b8f7220a8a82d322a40,40.0,30.5,2.0,13.5,0.000342465762514621
2025_10_21_RSFB-Phenotyping_GG1_JLU/2025_10_21_RSFB-Phenotyping_GG1_JLU/20251021_122032.jpg,2025_10_21_RSFB-Phenotyping_GG1_JLU/2025_10_21_RSFB-Phenotyping_GG1_JLU/20251021_153752.jpg,plot_de57345dfd586882f461,plot_6eb12f9531516cbd1434,40.0,30.5,25.0,7.5,0.000342465762514621
2025_10_21_RSFB-Phenotyping_GG1_JLU/2025_10_21_RSFB-Phenotyping_GG1_JLU/20251021_122032.jpg,2025_10_21_RSFB-Phenotyping_GG1_JLU/2025_10_21_RSFB-Phenotyping_GG1_JLU/20251021_131419.jpg,plot_de57345dfd586882f461,plot_e26908bc9222e28c92ff,40.0,30.5,10.0,4.5,0.000342465762514621
2025_10_21_RSFB-Phenotyping_GG1_JLU/2025_10_21_RSFB-Phenotyping_GG1_JLU/20251021_122032.jpg,2025_10_21_RSFB-Phenotyping_GG1_JLU/2025_10_21_RSFB-Phenotyping_GG1_JLU/20251021_132236.jpg,plot_de57345dfd586882f461,plot_f2f9919fc7afb87da28e,40.0,30.5,20.0,6.5,0.000342465762514621
2025_10_21_RSFB-Phenotyping_GG1_JLU/2025_10_21_RSFB-Phenotyping_GG1_JLU/20251021_122032.jpg,2025_10_21_RSFB-Phenotyping_GG1_JLU/2025_10_21_RSFB-Phenotyping_GG1_JLU/20251021_132543.jpg,plot_de57345dfd586882f461,plot_cff264c1afb9a1cf9473,40.0,30.5,25.0,9.5,0.000342465762514621
2025_10_21_RSFB-Phenotyping_GG1_JLU/2025_10_21_RSFB-Phenotyping_GG1_JLU/20251021_122032.jpg,2025_10_21_RSFB-Phenotyping_GG1_JLU/2025_10_21_RSFB-Phenotyping_GG1_JLU/20251021_161415.jpg,plot_de57345dfd586882f461,plot_6db75ec8b4bf1739f8b3,40.0,30.5,10.0,4.5,0.000342465762514621
2025_10_21_RSFB-Phenotyping_GG1_JLU/2025_10_21_RSFB-Phenotyping_GG1_JLU/20251021_122032.jpg,2025_10_21_RSFB-Phenotyping_GG1_JLU/2025_10_21_RSFB-Phenotyping_GG1_JLU/20251021_153910.jpg,plot_de57345dfd586882f461,plot_686b5f5474e153a1428a,40.0,30.5,22.0,4.0,0.000342465762514621
2025_10_21_RSFB-Phenotyping_GG1_JLU/2025_10_21_RSFB-Phenotyping_GG1_JLU/20251021_122032.jpg,2025_10_21_RSFB-Phenotyping_GG1_JLU/2025_10_21_RSFB-Phenotyping_GG1_JLU/20251021_162616.jpg,plot_de57345dfd586882f461,plot_49366699fc79f58ef04c,40.0,30.5,20.0,13.5,0.000342465762514621
2025_10_21_RSFB-Phenotyping_GG1_JLU/2025_10_21_RSFB-Phenotyping_GG1_JLU/20251021_122032.jpg,2025_10_21_RSFB-Phenotyping_GG1_JLU/2025_10_21_RSFB-Phenotyping_GG1_JLU/20251021_155302.jpg,plot_de57345dfd586882f461,plot_cb17d6bcad8ffccbde51,40.0,30.5,1.0,10.5,0.000342465762514621
2025_10_21_RSFB-Phenotyping_GG1_JLU/2025_10_21_RSFB-Phenotyping_GG1_JLU/20251021_122032.jpg,2025_10_21_RSFB-Phenotyping_GG1_JLU/2025_10_21_RSFB-Phenotyping_GG1_JLU/20251021_161054.jpg,plot_de57345dfd586882f461,plot_45f6d31ea6c6f3f4c15c,40.0,30.5,1.0,16.5,0.000342465762514621
2025_10_21_RSFB-Phenotyping_GG1_JLU/2025_10_21_RSFB-Phenotyping_GG1_JLU/20251021_122032.jpg,2025_10_21_RSFB-Phenotyping_GG1_JLU/2025_10_21_RSFB-Phenotyping_GG1_JLU/20251021_131531.jpg,plot_de57345dfd586882f461,plot_9b8bbe6f8d57fa8f84f0,40.0,30.5,22.0,16.0,0.000342465762514621
2025_10_21_RSFB-Phenotyping_GG1_JLU/2025_10_21_RSFB-Phenotyping_GG1_JLU/20251021_122032.jpg,2025_10_21_RSFB-Phenotyping_GG1_JLU/2025_10_21_RSFB-Phenotyping_GG1_JLU/20251021_152653.jpg,plot_de57345dfd586882f461,plot_fe93ef196b1a8b77de19,40.0,30.5,1.0,8.5,0.000342465762514621
2025_10_21_RSFB-Phenotyping_GG1_JLU/2025_10_21_RSFB-Phenotyping_GG1_JLU/20251021_122032.jpg,2025_10_21_RSFB-Phenotyping_GG1_JLU/2025_10_21_RSFB-Phenotyping_GG1_JLU/20251021_125431.jpg,plot_de57345dfd586882f461,plot_ccfe1e329b419e50732e,40.0,30.5,13.0,3.0,0.000342465762514621
2025_10_21_RSFB-Phenotyping_GG1_JLU/2025_10_21_RSFB-Phenotyping_GG1_JLU/20251021_122032.jpg,2025_10_21_RSFB-Phenotyping_GG1_JLU/2025_10_21_RSFB-Phenotyping_GG1_JLU/20251021_160029.jpg,plot_de57345dfd586882f461,plot_c4f0ab8ea577a0777829,40.0,30.5,25.0,11.5,0.000342465762514621
2025_10_21_RSFB-Phenotyping_GG1_JLU/2025_10_21_RSFB-Phenotyping_GG1_JLU/20251021_122032.jpg,2025_10_21_RSFB-Phenotyping_GG1_JLU/2025_10_21_RSFB-Phenotyping_GG1_JLU/20251021_160831.jpg,plot_de57345dfd586882f461,plot_31ff4a85b21ababa7de0,40.0,30.5,1.0,9.5,0.000342465762514621
2025_10_21_RSFB-Phenotyping_GG1_JLU/2025_10_21_RSFB-Phenotyping_GG1_JLU/20251021_122032.jpg,2025_10_21_RSFB-Phenotyping_GG1_JLU/2025_10_21_RSFB-Phenotyping_GG1_JLU/20251021_160307.jpg,plot_de57345dfd586882f461,plot_80ee42a305b824b5337d,40.0,30.5,1.0,15.0,0.000342465762514621
2025_10_21_RSFB-Phenotyping_GG1_JLU/2025_10_21_RSFB-Phenotyping_GG1_JLU/20251021_122032.jpg,2025_10_21_RSFB-Phenotyping_GG1_JLU/2025_10_21_RSFB-Phenotyping_GG1_JLU/20251021_123923.jpg,plot_de57345dfd586882f461,plot_57717e3cb06d560f3a82,40.0,30.5,25.0,10.5,0.000342465762514621
2025_10_21_RSFB-Phenotyping_GG1_JLU/2025_10_21_RSFB-Phenotyping_GG1_JLU/20251021_122032.jpg,2025_10_21_RSFB-Phenotyping_GG1_JLU/2025_10_21_RSFB-Phenotyping_GG1_JLU/20251021_151642.jpg,plot_de57345dfd586882f461,plot_f61b29267fecc01648f8,40.0,30.5,10.0,4.5,0.000342465762514621
2025_10_21_RSFB-Phenotyping_GG1_JLU/2025_10_21_RSFB-Phenotyping_GG1_JLU/20251021_122032.jpg,2025_10_21_RSFB-Phenotyping_GG1_JLU/2025_10_21_RSFB-Phenotyping_GG1_JLU/20251021_152721.jpg,plot_de57345dfd586882f461,plot_de2f51ed98b70b393739,40.0,30.5,8.0,16.0,0.000342465762514621
2025_10_21_RSFB-Phenotyping_GG1_JLU/2025_10_21_RSFB-Phenotyping_GG1_JLU/20251021_122032.jpg,2025_10_21_RSFB-Phenotyping_GG1_JLU/2025_10_21_RSFB-Phenotyping_GG1_JLU/20251021_155249.jpg,plot_de57345dfd586882f461,plot_ae2984dd48723bc500ae,40.0,30.5,15.0,21.5,0.000342465762514621
2025_10_21_RSFB-Phenotyping_GG1_JLU/2025_10_21_RSFB-Phenotyping_GG1_JLU/20251021_122032.jpg,2025_10_21_RSFB-Phenotyping_GG1_JLU/2025_10_21_RSFB-Phenotyping_GG1_JLU/20251021_162116.jpg,plot_de57345dfd586882f461,plot_60d8a72fe06bef6e6da4,40.0,30.5,3.0,11.399999618530273,0.000342465762514621
2025_10_21_RSFB-Phenotyping_GG1_JLU/2025_10_21_RSFB-Phenotyping_GG1_JLU/20251021_122032.jpg,2025_10_21_RSFB-Phenotyping_GG1_JLU/2025_10_21_RSFB-Phenotyping_GG1_JLU/20251021_122344.jpg,plot_de57345dfd586882f461,plot_16577622d2052f869752,40.0,30.5,5.0,18.0,0.000342465762514621
2025_10_21_RSFB-Phenotyping_GG1_JLU/2025_10_21_RSFB-Phenotyping_GG1_JLU/20251021_122032.jpg,2025_10_21_RSFB-Phenotyping_GG1_JLU/2025_10_21_RSFB-Phenotyping_GG1_JLU/20251021_155843.jpg,plot_de57345dfd586882f461,plot_c56b353ccd4d762a32d5,40.0,30.5,22.0,11.5,0.000342465762514621
2025_10_21_RSFB-Phenotyping_GG1_JLU/2025_10_21_RSFB-Phenotyping_GG1_JLU/20251021_122032.jpg,2025_10_21_RSFB-Phenotyping_GG1_JLU/2025_10_21_RSFB-Phenotyping_GG1_JLU/20251021_132424.jpg,plot_de57345dfd586882f461,plot_04441862d5c5dd0b49cc,40.0,30.5,10.0,2.5,0.000342465762514621
2025_10_21_RSFB-Phenotyping_GG1_JLU/2025_10_21_RSFB-Phenotyping_GG1_JLU/20251021_121556.jpg,2025_10_21_RSFB-Phenotyping_GG1_JLU/2025_10_21_RSFB-Phenotyping_GG1_JLU/20251021_154622.jpg,plot_ecaa6386f36f4566ea46,plot_5d8d172daef4ef20984f,30.0,16.0,1.0,7.5,0.00025846471544355154
2025_10_21_RSFB-Phenotyping_GG1_JLU/2025_10_21_RSFB-Phenotyping_GG1_JLU/20251021_121556.jpg,2025_10_21_RSFB-Phenotyping_GG1_JLU/2025_10_21_RSFB-Phenotyping_GG1_JLU/20251021_123107.jpg,plot_ecaa6386f36f4566ea46,plot_5700cee80bc5a6e207ec,30.0,16.0,10.0,2.0,0.00025846471544355154
2025_10_21_RSFB-Phenotyping_GG1_JLU/2025_10_21_RSFB-Phenotyping_GG1_JLU/20251021_121556.jpg,2025_10_21_RSFB-Phenotyping_GG1_JLU/2025_10_21_RSFB-Phenotyping_GG1_JLU/20251021_161242.jpg,plot_ecaa6386f36f4566ea46,plot_c08c9fc75665c975b852,30.0,16.0,1.0,6.5,0.00025846471544355154
2025_10_21_RSFB-Phenotyping_GG1_JLU/2025_10_21_RSFB-Phenotyping_GG1_JLU/20251021_121556.jpg,2025_10_21_RSFB-Phenotyping_GG1_JLU/2025_10_21_RSFB-Phenotyping_GG1_JLU/20251021_152457.jpg,plot_ecaa6386f36f4566ea46,plot_cf8f8145824cff35d237,30.0,16.0,3.0,9.5,0.00025846471544355154
2025_10_21_RSFB-Phenotyping_GG1_JLU/2025_10_21_RSFB-Phenotyping_GG1_JLU/20251021_121556.jpg,2025_10_21_RSFB-Phenotyping_GG1_JLU/2025_10_21_RSFB-Phenotyping_GG1_JLU/20251021_151439.jpg,plot_ecaa6386f36f4566ea46,plot_f19419da98fe0824600a,30.0,16.0,8.0,2.5,0.00025846471544355154
2025_10_21_RSFB-Phenotyping_GG1_JLU/2025_10_21_RSFB-Phenotyping_GG1_JLU/20251021_121556.jpg,2025_10_21_RSFB-Phenotyping_GG1_JLU/2025_10_21_RSFB-Phenotyping_GG1_JLU/20251021_121314.jpg,plot_ecaa6386f36f4566ea46,plot_0de14b7453cf30ed2a1c,30.0,16.0,2.0,7.5,0.00025846471544355154
2025_10_21_RSFB-Phenotyping_GG1_JLU/2025_10_21_RSFB-Phenotyping_GG1_JLU/20251021_121556.jpg,2025_10_21_RSFB-Phenotyping_GG1_JLU/2025_10_21_RSFB-Phenotyping_GG1_JLU/20251021_130128.jpg,plot_ecaa6386f36f4566ea46,plot_77196a9ec72c575b5b40,30.0,16.0,10.0,4.5,0.00025846471544355154
2025_10_21_RSFB-Phenotyping_GG1_JLU/2025_10_21_RSFB-Phenotyping_GG1_JLU/20251021_121556.jpg,2025_10_21_RSFB-Phenotyping_GG1_JLU/2025_10_21_RSFB-Phenotyping_GG1_JLU/20251021_152653.jpg,plot_ecaa6386f36f4566ea46,plot_fe93ef196b1a8b77de19,30.0,16.0,1.0,8.5,0.00025846471544355154
2025_10_21_RSFB-Phenotyping_GG1_JLU/2025_10_21_RSFB-Phenotyping_GG1_JLU/20251021_121556.jpg,2025_10_21_RSFB-Phenotyping_GG1_JLU/2025_10_21_RSFB-Phenotyping_GG1_JLU/20251021_121301.jpg,plot_ecaa6386f36f4566ea46,plot_09d8a533567043e69854,30.0,16.0,1.0,8.0,0.00025846471544355154
2025_10_21_RSFB-Phenotyping_GG1_JLU/2025_10_21_RSFB-Phenotyping_GG1_JLU/20251021_121556.jpg,2025_10_21_RSFB-Phenotyping_GG1_JLU/2025_10_21_RSFB-Phenotyping_GG1_JLU/20251021_132550.jpg,plot_ecaa6386f36f4566ea46,plot_cff264c1afb9a1cf9473,30.0,16.0,2.0,8.5,0.00025846471544355154
2025_10_21_RSFB-Phenotyping_GG1_JLU/2025_10_21_RSFB-Phenotyping_GG1_JLU/20251021_121556.jpg,2025_10_21_RSFB-Phenotyping_GG1_JLU/2025_10_21_RSFB-Phenotyping_GG1_JLU/20251021_161549.jpg,plot_ecaa6386f36f4566ea46,plot_5008f76cf0a562f63097,30.0,16.0,7.0,1.7000000476837158,0.00025846471544355154
2025_10_21_RSFB-Phenotyping_GG1_JLU/2025_10_21_RSFB-Phenotyping_GG1_JLU/20251021_121556.jpg,2025_10_21_RSFB-Phenotyping_GG1_JLU/2025_10_21_RSFB-Phenotyping_GG1_JLU/20251021_160047.jpg,plot_ecaa6386f36f4566ea46,plot_ecb8a2d7a20b5079cedb,30.0,16.0,2.0,8.5,0.00025846471544355154
2025_10_21_RSFB-Phenotyping_GG1_JLU/2025_10_21_RSFB-Phenotyping_GG1_JLU/20251021_121556.jpg,2025_10_21_RSFB-Phenotyping_GG1_JLU/2025_10_21_RSFB-Phenotyping_GG1_JLU/20251021_161415.jpg,plot_ecaa6386f36f4566ea46,plot_6db75ec8b4bf1739f8b3,30.0,16.0,10.0,4.5,0.00025846471544355154
2025_10_21_RSFB-Phenotyping_GG1_JLU/2025_10_21_RSFB-Phenotyping_GG1_JLU/20251021_121556.jpg,2025_10_21_RSFB-Phenotyping_GG1_JLU/2025_10_21_RSFB-Phenotyping_GG1_JLU/20251021_155939.jpg,plot_ecaa6386f36f4566ea46,plot_b351f823b8a0415f9230,30.0,16.0,3.0,10.0,0.00025846471544355154
2025_10_21_RSFB-Phenotyping_GG1_JLU/2025_10_21_RSFB-Phenotyping_GG1_JLU/20251021_121556.jpg,2025_10_21_RSFB-Phenotyping_GG1_JLU/2025_10_21_RSFB-Phenotyping_GG1_JLU/20251021_132424.jpg,plot_ecaa6386f36f4566ea46,plot_04441862d5c5dd0b49cc,30.0,16.0,10.0,2.5,0.00025846471544355154
2025_10_21_RSFB-Phenotyping_GG1_JLU/2025_10_21_RSFB-Phenotyping_GG1_JLU/20251021_121556.jpg,2025_10_21_RSFB-Phenotyping_GG1_JLU/2025_10_21_RSFB-Phenotyping_GG1_JLU/20251021_162109.jpg,plot_ecaa6386f36f4566ea46,plot_60d8a72fe06bef6e6da4,30.0,16.0,1.0,6.400000095367432,0.00025846471544355154
2025_10_21_RSFB-Phenotyping_GG1_JLU/2025_10_21_RSFB-Phenotyping_GG1_JLU/20251021_121556.jpg,2025_10_21_RSFB-Phenotyping_GG1_JLU/2025_10_21_RSFB-Phenotyping_GG1_JLU/20251021_154649.jpg,plot_ecaa6386f36f4566ea46,plot_f974c33b3b939aa5f878,30.0,16.0,2.0,9.5,0.00025846471544355154
2025_10_21_RSFB-Phenotyping_GG1_JLU/2025_10_21_RSFB-Phenotyping_GG1_JLU/20251021_121556.jpg,2025_10_21_RSFB-Phenotyping_GG1_JLU/2025_10_21_RSFB-Phenotyping_GG1_JLU/20251021_151642.jpg,plot_ecaa6386f36f4566ea46,plot_f61b29267fecc01648f8,30.0,16.0,10.0,4.5,0.00025846471544355154
2025_10_21_RSFB-Phenotyping_GG1_JLU/2025_10_21_RSFB-Phenotyping_GG1_JLU/20251021_121556.jpg,2025_10_21_RSFB-Phenotyping_GG1_JLU/2025_10_21_RSFB-Phenotyping_GG1_JLU/20251021_155302.jpg,plot_ecaa6386f36f4566ea46,plot_cb17d6bcad8ffccbde51,30.0,16.0,1.0,10.5,0.00025846471544355154
2025_10_21_RSFB-Phenotyping_GG1_JLU/2025_10_21_RSFB-Phenotyping_GG1_JLU/20251021_121556.jpg,2025_10_21_RSFB-Phenotyping_GG1_JLU/2025_10_21_RSFB-Phenotyping_GG1_JLU/20251021_153825.jpg,plot_ecaa6386f36f4566ea46,plot_64e19f5de9c116d1fbb6,30.0,16.0,3.0,8.5,0.00025846471544355154
2025_10_21_RSFB-Phenotyping_GG1_JLU/2025_10_21_RSFB-Phenotyping_GG1_JLU/20251021_121556.jpg,2025_10_21_RSFB-Phenotyping_GG1_JLU/2025_10_21_RSFB-Phenotyping_GG1_JLU/20251021_121113.jpg,plot_ecaa6386f36f4566ea46,plot_a7714d1b769d45a9b00a,30.0,16.0,2.0,10.0,0.00025846471544355154
2025_10_21_RSFB-Phenotyping_GG1_JLU/2025_10_21_RSFB-Phenotyping_GG1_JLU/20251021_121556.jpg,2025_10_21_RSFB-Phenotyping_GG1_JLU/2025_10_21_RSFB-Phenotyping_GG1_JLU/20251021_122557.jpg,plot_ecaa6386f36f4566ea46,plot_4460e7e9889b69d86dd3,30.0,16.0,2.0,10.0,0.00025846471544355154
2025_10_21_RSFB-Phenotyping_GG1_JLU/2025_10_21_RSFB-Phenotyping_GG1_JLU/20251021_121556.jpg,2025_10_21_RSFB-Phenotyping_GG1_JLU/2025_10_21_RSFB-Phenotyping_GG1_JLU/20251021_122046.jpg,plot_ecaa6386f36f4566ea46,plot_166bd930c637bcfcd528,30.0,16.0,2.0,7.900000095367432,0.00025846471544355154
2025_10_21_RSFB-Phenotyping_GG1_JLU/2025_10_21_RSFB-Phenotyping_GG1_JLU/20251021_121556.jpg,2025_10_21_RSFB-Phenotyping_GG1_JLU/2025_10_21_RSFB-Phenotyping_GG1_JLU/20251021_131419.jpg,plot_ecaa6386f36f4566ea46,plot_e26908bc9222e28c92ff,30.0,16.0,10.0,4.5,0.00025846471544355154
2025_10_21_RSFB-Phenotyping_GG1_JLU/2025_10_21_RSFB-Phenotyping_GG1_JLU/20251021_121556.jpg,2025_10_21_RSFB-Phenotyping_GG1_JLU/2025_10_21_RSFB-Phenotyping_GG1_JLU/20251021_160831.jpg,plot_ecaa6386f36f4566ea46,plot_31ff4a85b21ababa7de0,30.0,16.0,1.0,9.5,0.00025846471544355154
2025_10_21_RSFB-Phenotyping_GG1_JLU/2025_10_21_RSFB-Phenotyping_GG1_JLU/20251021_121556.jpg,2025_10_21_RSFB-Phenotyping_GG1_JLU/2025_10_21_RSFB-Phenotyping_GG1_JLU/20251021_130529.jpg,plot_ecaa6386f36f4566ea46,plot_883726baafccd2304661,30.0,16.0,2.0,7.5,0.00025846471544355154
2025_10_21_RSFB-Phenotyping_GG1_JLU/2025_10_21_RSFB-Phenotyping_GG1_JLU/20251021_121556.jpg,2025_10_21_RSFB-Phenotyping_GG1_JLU/2025_10_21_RSFB-Phenotyping_GG1_JLU/20251021_125901.jpg,plot_ecaa6386f36f4566ea46,plot_7afc7682bc0b0be61f6b,30.0,16.0,2.0,10.0,0.00025846471544355154
2025_10_21_RSFB-Phenotyping_GG1_JLU/2025_10_21_RSFB-Phenotyping_GG1_JLU/20251021_152134.jpg,2025_10_21_RSFB-Phenotyping_GG1_JLU/2025_10_21_RSFB-Phenotyping_GG1_JLU/20251021_160047.jpg,plot_14f7a79a6e5aa3805212,plot_ecb8a2d7a20b5079cedb,42.0,24.5,2.0,8.5,0.000342465762514621
2025_10_21_RSFB-Phenotyping_GG1_JLU/2025_10_21_RSFB-Phenotyping_GG1_JLU/20251021_152134.jpg,2025_10_21_RSFB-Phenotyping_GG1_JLU/2025_10_21_RSFB-Phenotyping_GG1_JLU/20251021_122605.jpg,plot_14f7a79a6e5aa3805212,plot_4460e7e9889b69d86dd3,42.0,24.5,1.0,14.0,0.000342465762514621
2025_10_21_RSFB-Phenotyping_GG1_JLU/2025_10_21_RSFB-Phenotyping_GG1_JLU/20251021_152134.jpg,2025_10_21_RSFB-Phenotyping_GG1_JLU/2025_10_21_RSFB-Phenotyping_GG1_JLU/20251021_123930.jpg,plot_14f7a79a6e5aa3805212,plot_57717e3cb06d560f3a82,42.0,24.5,18.0,12.0,0.000342465762514621
2025_10_21_RSFB-Phenotyping_GG1_JLU/2025_10_21_RSFB-Phenotyping_GG1_JLU/20251021_152134.jpg,2025_10_21_RSFB-Phenotyping_GG1_JLU/2025_10_21_RSFB-Phenotyping_GG1_JLU/20251021_123107.jpg,plot_14f7a79a6e5aa3805212,plot_5700cee80bc5a6e207ec,42.0,24.5,10.0,2.0,0.000342465762514621
2025_10_21_RSFB-Phenotyping_GG1_JLU/2025_10_21_RSFB-Phenotyping_GG1_JLU/20251021_152134.jpg,2025_10_21_RSFB-Phenotyping_GG1_JLU/2025_10_21_RSFB-Phenotyping_GG1_JLU/20251021_124615.jpg,plot_14f7a79a6e5aa3805212,plot_9e661ae87ec066049f1f,42.0,24.5,5.0,11.5,0.000342465762514621
2025_10_21_RSFB-Phenotyping_GG1_JLU/2025_10_21_RSFB-Phenotyping_GG1_JLU/20251021_152134.jpg,2025_10_21_RSFB-Phenotyping_GG1_JLU/2025_10_21_RSFB-Phenotyping_GG1_JLU/20251021_155857.jpg,plot_14f7a79a6e5aa3805212,plot_e898a4d9ed85e24ff050,42.0,24.5,12.0,18.5,0.000342465762514621
2025_10_21_RSFB-Phenotyping_GG1_JLU/2025_10_21_RSFB-Phenotyping_GG1_JLU/20251021_152134.jpg,2025_10_21_RSFB-Phenotyping_GG1_JLU/2025_10_21_RSFB-Phenotyping_GG1_JLU/20251021_122046.jpg,plot_14f7a79a6e5aa3805212,plot_166bd930c637bcfcd528,42.0,24.5,2.0,7.900000095367432,0.000342465762514621
2025_10_21_RSFB-Phenotyping_GG1_JLU/2025_10_21_RSFB-Phenotyping_GG1_JLU/20251021_152134.jpg,2025_10_21_RSFB-Phenotyping_GG1_JLU/2025_10_21_RSFB-Phenotyping_GG1_JLU/20251021_161840.jpg,plot_14f7a79a6e5aa3805212,plot_fb549f03aaaa145785c8,42.0,24.5,3.0,13.0,0.000342465762514621
2025_10_21_RSFB-Phenotyping_GG1_JLU/2025_10_21_RSFB-Phenotyping_GG1_JLU/20251021_152134.jpg,2025_10_21_RSFB-Phenotyping_GG1_JLU/2025_10_21_RSFB-Phenotyping_GG1_JLU/20251021_161415.jpg,plot_14f7a79a6e5aa3805212,plot_6db75ec8b4bf1739f8b3,42.0,24.5,10.0,4.5,0.000342465762514621
2025_10_21_RSFB-Phenotyping_GG1_JLU/2025_10_21_RSFB-Phenotyping_GG1_JLU/20251021_152134.jpg,2025_10_21_RSFB-Phenotyping_GG1_JLU/2025_10_21_RSFB-Phenotyping_GG1_JLU/20251021_162830.jpg,plot_14f7a79a6e5aa3805212,plot_bea3390e83dfe4b9a220,42.0,24.5,15.0,8.5,0.000342465762514621
2025_10_21_RSFB-Phenotyping_GG1_JLU/2025_10_21_RSFB-Phenotyping_GG1_JLU/20251021_152134.jpg,2025_10_21_RSFB-Phenotyping_GG1_JLU/2025_10_21_RSFB-Phenotyping_GG1_JLU/20251021_155939.jpg,plot_14f7a79a6e5aa3805212,plot_b351f823b8a0415f9230,42.0,24.5,3.0,10.0,0.000342465762514621
2025_10_21_RSFB-Phenotyping_GG1_JLU/2025_10_21_RSFB-Phenotyping_GG1_JLU/20251021_152134.jpg,2025_10_21_RSFB-Phenotyping_GG1_JLU/2025_10_21_RSFB-Phenotyping_GG1_JLU/20251021_122344.jpg,plot_14f7a79a6e5aa3805212,plot_16577622d2052f869752,42.0,24.5,5.0,18.0,0.000342465762514621
2025_10_21_RSFB-Phenotyping_GG1_JLU/2025_10_21_RSFB-Phenotyping_GG1_JLU/20251021_152134.jpg,2025_10_21_RSFB-Phenotyping_GG1_JLU/2025_10_21_RSFB-Phenotyping_GG1_JLU/20251021_151432.jpg,plot_14f7a79a6e5aa3805212,plot_f19419da98fe0824600a,42.0,24.5,2.0,12.5,0.000342465762514621
2025_10_21_RSFB-Phenotyping_GG1_JLU/2025_10_21_RSFB-Phenotyping_GG1_JLU/20251021_152134.jpg,2025_10_21_RSFB-Phenotyping_GG1_JLU/2025_10_21_RSFB-Phenotyping_GG1_JLU/20251021_152220.jpg,plot_14f7a79a6e5aa3805212,plot_67dc730dc218f4c377b3,42.0,24.5,14.0,5.0,0.000342465762514621
2025_10_21_RSFB-Phenotyping_GG1_JLU/2025_10_21_RSFB-Phenotyping_GG1_JLU/20251021_152134.jpg,2025_10_21_RSFB-Phenotyping_GG1_JLU/2025_10_21_RSFB-Phenotyping_GG1_JLU/20251021_155103.jpg,plot_14f7a79a6e5aa3805212,plot_b499b14eca911be3b991,42.0,24.5,12.0,1.0,0.000342465762514621
2025_10_21_RSFB-Phenotyping_GG1_JLU/2025_10_21_RSFB-Phenotyping_GG1_JLU/20251021_152134.jpg,2025_10_21_RSFB-Phenotyping_GG1_JLU/2025_10_21_RSFB-Phenotyping_GG1_JLU/20251021_132050.jpg,plot_14f7a79a6e5aa3805212,plot_a2622f860df5cef3e355,42.0,24.5,15.0,5.5,0.000342465762514621
2025_10_21_RSFB-Phenotyping_GG1_JLU/2025_10_21_RSFB-Phenotyping_GG1_JLU/20251021_152134.jpg,2025_10_21_RSFB-Phenotyping_GG1_JLU/2025_10_21_RSFB-Phenotyping_GG1_JLU/20251021_162116.jpg,plot_14f7a79a6e5aa3805212,plot_60d8a72fe06bef6e6da4,42.0,24.5,3.0,11.399999618530273,0.000342465762514621
2025_10_21_RSFB-Phenotyping_GG1_JLU/2025_10_21_RSFB-Phenotyping_GG1_JLU/20251021_152134.jpg,2025_10_21_RSFB-Phenotyping_GG1_JLU/2025_10_21_RSFB-Phenotyping_GG1_JLU/20251021_123202.jpg,plot_14f7a79a6e5aa3805212,plot_a3e331c4e6fce2b877bd,42.0,24.5,5.0,12.0,0.000342465762514621
2025_10_21_RSFB-Phenotyping_GG1_JLU/2025_10_21_RSFB-Phenotyping_GG1_JLU/20251021_152134.jpg,2025_10_21_RSFB-Phenotyping_GG1_JLU/2025_10_21_RSFB-Phenotyping_GG1_JLU/20251021_132342.jpg,plot_14f7a79a6e5aa3805212,plot_df712240205f755d4453,42.0,24.5,12.0,2.5,0.000342465762514621
2025_10_21_RSFB-Phenotyping_GG1_JLU/2025_10_21_RSFB-Phenotyping_GG1_JLU/20251021_152134.jpg,2025_10_21_RSFB-Phenotyping_GG1_JLU/2025_10_21_RSFB-Phenotyping_GG1_JLU/20251021_121755.jpg,plot_14f7a79a6e5aa3805212,plot_7085c17d28247f52ec8b,42.0,24.5,15.0,5.0,0.000342465762514621
2025_10_21_RSFB-Phenotyping_GG1_JLU/2025_10_21_RSFB-Phenotyping_GG1_JLU/20251021_152134.jpg,2025_10_21_RSFB-Phenotyping_GG1_JLU/2025_10_21_RSFB-Phenotyping_GG1_JLU/20251021_162109.jpg,plot_14f7a79a6e5aa3805212,plot_60d8a72fe06bef6e6da4,42.0,24.5,1.0,6.400000095367432,0.000342465762514621
2025_10_21_RSFB-Phenotyping_GG1_JLU/2025_10_21_RSFB-Phenotyping_GG1_JLU/20251021_152134.jpg,2025_10_21_RSFB-Phenotyping_GG1_JLU/2025_10_21_RSFB-Phenotyping_GG1_JLU/20251021_151505.jpg,plot_14f7a79a6e5aa3805212,plot_86463875c696816ca92b,42.0,24.5,15.0,4.5,0.000342465762514621
2025_10_21_RSFB-Phenotyping_GG1_JLU/2025_10_21_RSFB-Phenotyping_GG1_JLU/20251021_152134.jpg,2025_10_21_RSFB-Phenotyping_GG1_JLU/2025_10_21_RSFB-Phenotyping_GG1_JLU/20251021_151642.jpg,plot_14f7a79a6e5aa3805212,plot_f61b29267fecc01648f8,42.0,24.5,10.0,4.5,0.000342465762514621
2025_10_21_RSFB-Phenotyping_GG1_JLU/2025_10_21_RSFB-Phenotyping_GG1_JLU/20251021_152134.jpg,2025_10_21_RSFB-Phenotyping_GG1_JLU/2025_10_21_RSFB-Phenotyping_GG1_JLU/20251021_152643.jpg,plot_14f7a79a6e5aa3805212,plot_fe93ef196b1a8b77de19,42.0,24.5,17.0,0.0,0.000342465762514621
2025_10_21_RSFB-Phenotyping_GG1_JLU/2025_10_21_RSFB-Phenotyping_GG1_JLU/20251021_152134.jpg,2025_10_21_RSFB-Phenotyping_GG1_JLU/2025_10_21_RSFB-Phenotyping_GG1_JLU/20251021_153825.jpg,plot_14f7a79a6e5aa3805212,plot_64e19f5de9c116d1fbb6,42.0,24.5,3.0,8.5,0.000342465762514621
2025_10_21_RSFB-Phenotyping_GG1_JLU/2025_10_21_RSFB-Phenotyping_GG1_JLU/20251021_152134.jpg,2025_10_21_RSFB-Phenotyping_GG1_JLU/2025_10_21_RSFB-Phenotyping_GG1_JLU/20251021_130209.jpg,plot_14f7a79a6e5aa3805212,plot_be7d2dcdea72b37dc9bf,42.0,24.5,15.0,7.5,0.000342465762514621
2025_10_21_RSFB-Phenotyping_GG1_JLU/2025_10_21_RSFB-Phenotyping_GG1_JLU/20251021_152134.jpg,2025_10_21_RSFB-Phenotyping_GG1_JLU/2025_10_21_RSFB-Phenotyping_GG1_JLU/20251021_155302.jpg,plot_14f7a79a6e5aa3805212,plot_cb17d6bcad8ffccbde51,42.0,24.5,1.0,10.5,0.000342465762514621
2025_10_21_RSFB-Phenotyping_GG1_JLU/2025_10_21_RSFB-Phenotyping_GG1_JLU/20251021_152134.jpg,2025_10_21_RSFB-Phenotyping_GG1_JLU/2025_10_21_RSFB-Phenotyping_GG1_JLU/20251021_130737.jpg,plot_14f7a79a6e5aa3805212,plot_4c9e8c4301206d84387b,42.0,24.5,13.0,2.0,0.000342465762514621
2025_10_21_RSFB-Phenotyping_GG1_JLU/2025_10_21_RSFB-Phenotyping_GG1_JLU/20251021_152134.jpg,2025_10_21_RSFB-Phenotyping_GG1_JLU/2025_10_21_RSFB-Phenotyping_GG1_JLU/20251021_152653.jpg,plot_14f7a79a6e5aa3805212,plot_fe93ef196b1a8b77de19,42.0,24.5,1.0,8.5,0.000342465762514621
2025_10_21_RSFB-Phenotyping_GG1_JLU/2025_10_21_RSFB-Phenotyping_GG1_JLU/20251021_152134.jpg,2025_10_21_RSFB-Phenotyping_GG1_JLU/2025_10_21_RSFB-Phenotyping_GG1_JLU/20251021_130600.jpg,plot_14f7a79a6e5aa3805212,plot_e6262167b576884b0c82,42.0,24.5,16.0,7.0,0.000342465762514621
2025_10_21_RSFB-Phenotyping_GG1_JLU/2025_10_21_RSFB-Phenotyping_GG1_JLU/20251021_152134.jpg,2025_10_21_RSFB-Phenotyping_GG1_JLU/2025_10_21_RSFB-Phenotyping_GG1_JLU/20251021_132550.jpg,plot_14f7a79a6e5aa3805212,plot_cff264c1afb9a1cf9473,42.0,24.5,2.0,8.5,0.000342465762514621
2025_10_21_RSFB-Phenotyping_GG1_JLU/2025_10_21_RSFB-Phenotyping_GG1_JLU/20251021_152134.jpg,2025_10_21_RSFB-Phenotyping_GG1_JLU/2025_10_21_RSFB-Phenotyping_GG1_JLU/20251021_125431.jpg,plot_14f7a79a6e5aa3805212,plot_ccfe1e329b419e50732e,42.0,24.5,13.0,3.0,0.000342465762514621
2025_10_21_RSFB-Phenotyping_GG1_JLU/2025_10_21_RSFB-Phenotyping_GG1_JLU/20251021_152134.jpg,2025_10_21_RSFB-Phenotyping_GG1_JLU/2025_10_21_RSFB-Phenotyping_GG1_JLU/20251021_125901.jpg,plot_14f7a79a6e5aa3805212,plot_7afc7682bc0b0be61f6b,42.0,24.5,2.0,10.0,0.000342465762514621
2025_10_21_RSFB-Phenotyping_GG1_JLU/2025_10_21_RSFB-Phenotyping_GG1_JLU/20251021_152134.jpg,2025_10_21_RSFB-Phenotyping_GG1_JLU/2025_10_21_RSFB-Phenotyping_GG1_JLU/20251021_121843.jpg,plot_14f7a79a6e5aa3805212,plot_08853fb661302206a300,42.0,24.5,4.0,12.0,0.000342465762514621
2025_10_21_RSFB-Phenotyping_GG1_JLU/2025_10_21_RSFB-Phenotyping_GG1_JLU/20251021_152134.jpg,2025_10_21_RSFB-Phenotyping_GG1_JLU/2025_10_21_RSFB-Phenotyping_GG1_JLU/20251021_122557.jpg,plot_14f7a79a6e5aa3805212,plot_4460e7e9889b69d86dd3,42.0,24.5,2.0,10.0,0.000342465762514621
2025_10_21_RSFB-Phenotyping_GG1_JLU/2025_10_21_RSFB-Phenotyping_GG1_JLU/20251021_152134.jpg,2025_10_21_RSFB-Phenotyping_GG1_JLU/2025_10_21_RSFB-Phenotyping_GG1_JLU/20251021_131511.jpg,plot_14f7a79a6e5aa3805212,plot_5e57cab4d93c9720a4da,42.0,24.5,16.0,8.5,0.000342465762514621
2025_10_21_RSFB-Phenotyping_GG1_JLU/2025_10_21_RSFB-Phenotyping_GG1_JLU/20251021_152134.jpg,2025_10_21_RSFB-Phenotyping_GG1_JLU/2025_10_21_RSFB-Phenotyping_GG1_JLU/20251021_160714.jpg,plot_14f7a79a6e5aa3805212,plot_ea99039aeae06bdc085a,42.0,24.5,1.0,13.0,0.000342465762514621
2025_10_21_RSFB-Phenotyping_GG1_JLU/2025_10_21_RSFB-Phenotyping_GG1_JLU/20251021_152134.jpg,2025_10_21_RSFB-Phenotyping_GG1_JLU/2025_10_21_RSFB-Phenotyping_GG1_JLU/20251021_154509.jpg,plot_14f7a79a6e5aa3805212,plot_a2c6a5fd1e9b0c0d5868,42.0,24.5,13.0,6.0,0.000342465762514621
2025_10_21_RSFB-Phenotyping_GG1_JLU/2025_10_21_RSFB-Phenotyping_GG1_JLU/20251021_152134.jpg,2025_10_21_RSFB-Phenotyping_GG1_JLU/2025_10_21_RSFB-Phenotyping_GG1_JLU/20251021_121113.jpg,plot_14f7a79a6e5aa3805212,plot_a7714d1b769d45a9b00a,42.0,24.5,2.0,10.0,0.000342465762514621
2025_10_21_RSFB-Phenotyping_GG1_JLU/2025_10_21_RSFB-Phenotyping_GG1_JLU/20251021_152134.jpg,2025_10_21_RSFB-Phenotyping_GG1_JLU/2025_10_21_RSFB-Phenotyping_GG1_JLU/20251021_121126.jpg,plot_14f7a79a6e5aa3805212,plot_a7714d1b769d45a9b00a,42.0,24.5,2.0,14.5,0.000342465762514621
2025_10_21_RSFB-Phenotyping_GG1_JLU/2025_10_21_RSFB-Phenotyping_GG1_JLU/20251021_123353.jpg,2025_10_21_RSFB-Phenotyping_GG1_JLU/2025_10_21_RSFB-Phenotyping_GG1_JLU/20251021_132550.jpg,plot_712f9c85adaeb21d23f2,plot_cff264c1afb9a1cf9473,40.0,15.0,2.0,8.5,0.0009132419945672154
2025_10_21_RSFB-Phenotyping_GG1_JLU/2025_10_21_RSFB-Phenotyping_GG1_JLU/20251021_123353.jpg,2025_10_21_RSFB-Phenotyping_GG1_JLU/2025_10_21_RSFB-Phenotyping_GG1_JLU/20251021_160047.jpg,plot_712f9c85adaeb21d23f2,plot_ecb8a2d7a20b5079cedb,40.0,15.0,2.0,8.5,0.0009132419945672154
2025_10_21_RSFB-Phenotyping_GG1_JLU/2025_10_21_RSFB-Phenotyping_GG1_JLU/20251021_123353.jpg,2025_10_21_RSFB-Phenotyping_GG1_JLU/2025_10_21_RSFB-Phenotyping_GG1_JLU/20251021_121301.jpg,plot_712f9c85adaeb21d23f2,plot_09d8a533567043e69854,40.0,15.0,1.0,8.0,0.0009132419945672154
2025_10_21_RSFB-Phenotyping_GG1_JLU/2025_10_21_RSFB-Phenotyping_GG1_JLU/20251021_123353.jpg,2025_10_21_RSFB-Phenotyping_GG1_JLU/2025_10_21_RSFB-Phenotyping_GG1_JLU/20251021_154649.jpg,plot_712f9c85adaeb21d23f2,plot_f974c33b3b939aa5f878,40.0,15.0,2.0,9.5,0.0009132419945672154
2025_10_21_RSFB-Phenotyping_GG1_JLU/2025_10_21_RSFB-Phenotyping_GG1_JLU/20251021_123353.jpg,2025_10_21_RSFB-Phenotyping_GG1_JLU/2025_10_21_RSFB-Phenotyping_GG1_JLU/20251021_154622.jpg,plot_712f9c85adaeb21d23f2,plot_5d8d172daef4ef20984f,40.0,15.0,1.0,7.5,0.0009132419945672154
2025_10_21_RSFB-Phenotyping_GG1_JLU/2025_10_21_RSFB-Phenotyping_GG1_JLU/20251021_123353.jpg,2025_10_21_RSFB-Phenotyping_GG1_JLU/2025_10_21_RSFB-Phenotyping_GG1_JLU/20251021_153825.jpg,plot_712f9c85adaeb21d23f2,plot_64e19f5de9c116d1fbb6,40.0,15.0,3.0,8.5,0.0009132419945672154
2025_10_21_RSFB-Phenotyping_GG1_JLU/2025_10_21_RSFB-Phenotyping_GG1_JLU/20251021_123353.jpg,2025_10_21_RSFB-Phenotyping_GG1_JLU/2025_10_21_RSFB-Phenotyping_GG1_JLU/20251021_160831.jpg,plot_712f9c85adaeb21d23f2,plot_31ff4a85b21ababa7de0,40.0,15.0,1.0,9.5,0.0009132419945672154
2025_10_21_RSFB-Phenotyping_GG1_JLU/2025_10_21_RSFB-Phenotyping_GG1_JLU/20251021_123353.jpg,2025_10_21_RSFB-Phenotyping_GG1_JLU/2025_10_21_RSFB-Phenotyping_GG1_JLU/20251021_122046.jpg,plot_712f9c85adaeb21d23f2,plot_166bd930c637bcfcd528,40.0,15.0,2.0,7.900000095367432,0.0009132419945672154
2025_10_21_RSFB-Phenotyping_GG1_JLU/2025_10_21_RSFB-Phenotyping_GG1_JLU/20251021_123353.jpg,2025_10_21_RSFB-Phenotyping_GG1_JLU/2025_10_21_RSFB-Phenotyping_GG1_JLU/20251021_161549.jpg,plot_712f9c85adaeb21d23f2,plot_5008f76cf0a562f63097,40.0,15.0,7.0,1.7000000476837158,0.0009132419945672154
2025_10_21_RSFB-Phenotyping_GG1_JLU/2025_10_21_RSFB-Phenotyping_GG1_JLU/20251021_123353.jpg,2025_10_21_RSFB-Phenotyping_GG1_JLU/2025_10_21_RSFB-Phenotyping_GG1_JLU/20251021_161242.jpg,plot_712f9c85adaeb21d23f2,plot_c08c9fc75665c975b852,40.0,15.0,1.0,6.5,0.0009132419945672154
2025_10_21_RSFB-Phenotyping_GG1_JLU/2025_10_21_RSFB-Phenotyping_GG1_JLU/20251021_123353.jpg,2025_10_21_RSFB-Phenotyping_GG1_JLU/2025_10_21_RSFB-Phenotyping_GG1_JLU/20251021_130529.jpg,plot_712f9c85adaeb21d23f2,plot_883726baafccd2304661,40.0,15.0,2.0,7.5,0.0009132419945672154
2025_10_21_RSFB-Phenotyping_GG1_JLU/2025_10_21_RSFB-Phenotyping_GG1_JLU/20251021_123353.jpg,2025_10_21_RSFB-Phenotyping_GG1_JLU/2025_10_21_RSFB-Phenotyping_GG1_JLU/20251021_152457.jpg,plot_712f9c85adaeb21d23f2,plot_cf8f8145824cff35d237,40.0,15.0,3.0,9.5,0.0009132419945672154
2025_10_21_RSFB-Phenotyping_GG1_JLU/2025_10_21_RSFB-Phenotyping_GG1_JLU/20251021_123353.jpg,2025_10_21_RSFB-Phenotyping_GG1_JLU/2025_10_21_RSFB-Phenotyping_GG1_JLU/20251021_151439.jpg,plot_712f9c85adaeb21d23f2,plot_f19419da98fe0824600a,40.0,15.0,8.0,2.5,0.0009132419945672154
2025_10_21_RSFB-Phenotyping_GG1_JLU/2025_10_21_RSFB-Phenotyping_GG1_JLU/20251021_123353.jpg,2025_10_21_RSFB-Phenotyping_GG1_JLU/2025_10_21_RSFB-Phenotyping_GG1_JLU/20251021_121314.jpg,plot_712f9c85adaeb21d23f2,plot_0de14b7453cf30ed2a1c,40.0,15.0,2.0,7.5,0.0009132419945672154
2025_10_21_RSFB-Phenotyping_GG1_JLU/2025_10_21_RSFB-Phenotyping_GG1_JLU/20251021_123353.jpg,2025_10_21_RSFB-Phenotyping_GG1_JLU/2025_10_21_RSFB-Phenotyping_GG1_JLU/20251021_152653.jpg,plot_712f9c85adaeb21d23f2,plot_fe93ef196b1a8b77de19,40.0,15.0,1.0,8.5,0.0009132419945672154
2025_10_21_RSFB-Phenotyping_GG1_JLU/2025_10_21_RSFB-Phenotyping_GG1_JLU/20251021_125915.jpg,2025_10_21_RSFB-Phenotyping_GG1_JLU/2025_10_21_RSFB-Phenotyping_GG1_JLU/20251021_124358.jpg,plot_7afc7682bc0b0be61f6b,plot_e77622de4cce1b168140,27.0,21.5,3.0,11.0,0.000342465762514621
2025_10_21_RSFB-Phenotyping_GG1_JLU/2025_10_21_RSFB-Phenotyping_GG1_JLU/20251021_125915.jpg,2025_10_21_RSFB-Phenotyping_GG1_JLU/2025_10_21_RSFB-Phenotyping_GG1_JLU/20251021_122013.jpg,plot_7afc7682bc0b0be61f6b,plot_de57345dfd586882f461,27.0,21.5,5.0,14.0,0.000342465762514621
2025_10_21_RSFB-Phenotyping_GG1_JLU/2025_10_21_RSFB-Phenotyping_GG1_JLU/20251021_125915.jpg,2025_10_21_RSFB-Phenotyping_GG1_JLU/2025_10_21_RSFB-Phenotyping_GG1_JLU/20251021_123107.jpg,plot_7afc7682bc0b0be61f6b,plot_5700cee80bc5a6e207ec,27.0,21.5,10.0,2.0,0.000342465762514621
2025_10_21_RSFB-Phenotyping_GG1_JLU/2025_10_21_RSFB-Phenotyping_GG1_JLU/20251021_125915.jpg,2025_10_21_RSFB-Phenotyping_GG1_JLU/2025_10_21_RSFB-Phenotyping_GG1_JLU/20251021_132002.jpg,plot_7afc7682bc0b0be61f6b,plot_8709d51bb880213559a6,27.0,21.5,15.0,8.5,0.000342465762514621
2025_10_21_RSFB-Phenotyping_GG1_JLU/2025_10_21_RSFB-Phenotyping_GG1_JLU/20251021_125915.jpg,2025_10_21_RSFB-Phenotyping_GG1_JLU/2025_10_21_RSFB-Phenotyping_GG1_JLU/20251021_121113.jpg,plot_7afc7682bc0b0be61f6b,plot_a7714d1b769d45a9b00a,27.0,21.5,2.0,10.0,0.000342465762514621
2025_10_21_RSFB-Phenotyping_GG1_JLU/2025_10_21_RSFB-Phenotyping_GG1_JLU/20251021_125915.jpg,2025_10_21_RSFB-Phenotyping_GG1_JLU/2025_10_21_RSFB-Phenotyping_GG1_JLU/20251021_133018.jpg,plot_7afc7682bc0b0be61f6b,plot_29ad4a9860449a68b25f,27.0,21.5,15.0,6.5,0.000342465762514621
2025_10_21_RSFB-Phenotyping_GG1_JLU/2025_10_21_RSFB-Phenotyping_GG1_JLU/20251021_125915.jpg,2025_10_21_RSFB-Phenotyping_GG1_JLU/2025_10_21_RSFB-Phenotyping_GG1_JLU/20251021_155939.jpg,plot_7afc7682bc0b0be61f6b,plot_b351f823b8a0415f9230,27.0,21.5,3.0,10.0,0.000342465762514621
2025_10_21_RSFB-Phenotyping_GG1_JLU/2025_10_21_RSFB-Phenotyping_GG1_JLU/20251021_125915.jpg,2025_10_21_RSFB-Phenotyping_GG1_JLU/2025_10_21_RSFB-Phenotyping_GG1_JLU/20251021_132050.jpg,plot_7afc7682bc0b0be61f6b,plot_a2622f860df5cef3e355,27.0,21.5,15.0,5.5,0.000342465762514621
2025_10_21_RSFB-Phenotyping_GG1_JLU/2025_10_21_RSFB-Phenotyping_GG1_JLU/20251021_125915.jpg,2025_10_21_RSFB-Phenotyping_GG1_JLU/2025_10_21_RSFB-Phenotyping_GG1_JLU/20251021_122046.jpg,plot_7afc7682bc0b0be61f6b,plot_166bd930c637bcfcd528,27.0,21.5,2.0,7.900000095367432,0.000342465762514621
2025_10_21_RSFB-Phenotyping_GG1_JLU/2025_10_21_RSFB-Phenotyping_GG1_JLU/20251021_125915.jpg,2025_10_21_RSFB-Phenotyping_GG1_JLU/2025_10_21_RSFB-Phenotyping_GG1_JLU/20251021_161652.jpg,plot_7afc7682bc0b0be61f6b,plot_70a732f80b7b639118af,27.0,21.5,15.0,3.5,0.000342465762514621
2025_10_21_RSFB-Phenotyping_GG1_JLU/2025_10_21_RSFB-Phenotyping_GG1_JLU/20251021_125915.jpg,2025_10_21_RSFB-Phenotyping_GG1_JLU/2025_10_21_RSFB-Phenotyping_GG1_JLU/20251021_132550.jpg,plot_7afc7682bc0b0be61f6b,plot_cff264c1afb9a1cf9473,27.0,21.5,2.0,8.5,0.000342465762514621
2025_10_21_RSFB-Phenotyping_GG1_JLU/2025_10_21_RSFB-Phenotyping_GG1_JLU/20251021_125915.jpg,2025_10_21_RSFB-Phenotyping_GG1_JLU/2025_10_21_RSFB-Phenotyping_GG1_JLU/20251021_152220.jpg,plot_7afc7682bc0b0be61f6b,plot_67dc730dc218f4c377b3,27.0,21.5,14.0,5.0,0.000342465762514621
2025_10_21_RSFB-Phenotyping_GG1_JLU/2025_10_21_RSFB-Phenotyping_GG1_JLU/20251021_125915.jpg,2025_10_21_RSFB-Phenotyping_GG1_JLU/2025_10_21_RSFB-Phenotyping_GG1_JLU/20251021_160831.jpg,plot_7afc7682bc0b0be61f6b,plot_31ff4a85b21ababa7de0,27.0,21.5,1.0,9.5,0.000342465762514621
2025_10_21_RSFB-Phenotyping_GG1_JLU/2025_10_21_RSFB-Phenotyping_GG1_JLU/20251021_125915.jpg,2025_10_21_RSFB-Phenotyping_GG1_JLU/2025_10_21_RSFB-Phenotyping_GG1_JLU/20251021_123208.jpg,plot_7afc7682bc0b0be61f6b,plot_a3e331c4e6fce2b877bd,27.0,21.5,15.0,8.0,0.000342465762514621
2025_10_21_RSFB-Phenotyping_GG1_JLU/2025_10_21_RSFB-Phenotyping_GG1_JLU/20251021_125915.jpg,2025_10_21_RSFB-Phenotyping_GG1_JLU/2025_10_21_RSFB-Phenotyping_GG1_JLU/20251021_151439.jpg,plot_7afc7682bc0b0be61f6b,plot_f19419da98fe0824600a,27.0,21.5,8.0,2.5,0.000342465762514621
2025_10_21_RSFB-Phenotyping_GG1_JLU/2025_10_21_RSFB-Phenotyping_GG1_JLU/20251021_125915.jpg,2025_10_21_RSFB-Phenotyping_GG1_JLU/2025_10_21_RSFB-Phenotyping_GG1_JLU/20251021_122402.jpg,plot_7afc7682bc0b0be61f6b,plot_16577622d2052f869752,27.0,21.5,15.0,7.0,0.000342465762514621
2025_10_21_RSFB-Phenotyping_GG1_JLU/2025_10_21_RSFB-Phenotyping_GG1_JLU/20251021_125915.jpg,2025_10_21_RSFB-Phenotyping_GG1_JLU/2025_10_21_RSFB-Phenotyping_GG1_JLU/20251021_155103.jpg,plot_7afc7682bc0b0be61f6b,plot_b499b14eca911be3b991,27.0,21.5,12.0,1.0,0.000342465762514621
2025_10_21_RSFB-Phenotyping_GG1_JLU/2025_10_21_RSFB-Phenotyping_GG1_JLU/20251021_125915.jpg,2025_10_21_RSFB-Phenotyping_GG1_JLU/2025_10_21_RSFB-Phenotyping_GG1_JLU/20251021_161624.jpg,plot_7afc7682bc0b0be61f6b,plot_3361cc58e772149f169e,27.0,21.5,12.0,3.0,0.000342465762514621
2025_10_21_RSFB-Phenotyping_GG1_JLU/2025_10_21_RSFB-Phenotyping_GG1_JLU/20251021_125915.jpg,2025_10_21_RSFB-Phenotyping_GG1_JLU/2025_10_21_RSFB-Phenotyping_GG1_JLU/20251021_130529.jpg,plot_7afc7682bc0b0be61f6b,plot_883726baafccd2304661,27.0,21.5,2.0,7.5,0.000342465762514621
2025_10_21_RSFB-Phenotyping_GG1_JLU/2025_10_21_RSFB-Phenotyping_GG1_JLU/20251021_125915.jpg,2025_10_21_RSFB-Phenotyping_GG1_JLU/2025_10_21_RSFB-Phenotyping_GG1_JLU/20251021_125439.jpg,plot_7afc7682bc0b0be61f6b,plot_ccfe1e329b419e50732e,27.0,21.5,13.0,6.5,0.000342465762514621
2025_10_21_RSFB-Phenotyping_GG1_JLU/2025_10_21_RSFB-Phenotyping_GG1_JLU/20251021_125915.jpg,2025_10_21_RSFB-Phenotyping_GG1_JLU/2025_10_21_RSFB-Phenotyping_GG1_JLU/20251021_162116.jpg,plot_7afc7682bc0b0be61f6b,plot_60d8a72fe06bef6e6da4,27.0,21.5,3.0,11.399999618530273,0.000342465762514621
2025_10_21_RSFB-Phenotyping_GG1_JLU/2025_10_21_RSFB-Phenotyping_GG1_JLU/20251021_125915.jpg,2025_10_21_RSFB-Phenotyping_GG1_JLU/2025_10_21_RSFB-Phenotyping_GG1_JLU/20251021_131411.jpg,plot_7afc7682bc0b0be61f6b,plot_e26908bc9222e28c92ff,27.0,21.5,15.0,4.5,0.000342465762514621
2025_10_21_RSFB-Phenotyping_GG1_JLU/2025_10_21_RSFB-Phenotyping_GG1_JLU/20251021_125915.jpg,2025_10_21_RSFB-Phenotyping_GG1_JLU/2025_10_21_RSFB-Phenotyping_GG1_JLU/20251021_121314.jpg,plot_7afc7682bc0b0be61f6b,plot_0de14b7453cf30ed2a1c,27.0,21.5,2.0,7.5,0.000342465762514621
2025_10_21_RSFB-Phenotyping_GG1_JLU/2025_10_21_RSFB-Phenotyping_GG1_JLU/20251021_125915.jpg,2025_10_21_RSFB-Phenotyping_GG1_JLU/2025_10_21_RSFB-Phenotyping_GG1_JLU/20251021_153832.jpg,plot_7afc7682bc0b0be61f6b,plot_64e19f5de9c116d1fbb6,27.0,21.5,4.0,14.0,0.000342465762514621
2025_10_21_RSFB-Phenotyping_GG1_JLU/2025_10_21_RSFB-Phenotyping_GG1_JLU/20251021_125915.jpg,2025_10_21_RSFB-Phenotyping_GG1_JLU/2025_10_21_RSFB-Phenotyping_GG1_JLU/20251021_161549.jpg,plot_7afc7682bc0b0be61f6b,plot_5008f76cf0a562f63097,27.0,21.5,7.0,1.7000000476837158,0.000342465762514621
2025_10_21_RSFB-Phenotyping_GG1_JLU/2025_10_21_RSFB-Phenotyping_GG1_JLU/20251021_125915.jpg,2025_10_21_RSFB-Phenotyping_GG1_JLU/2025_10_21_RSFB-Phenotyping_GG1_JLU/20251021_132902.jpg,plot_7afc7682bc0b0be61f6b,plot_a68ea486bf28d2a65eea,27.0,21.5,15.0,5.0,0.000342465762514621
2025_10_21_RSFB-Phenotyping_GG1_JLU/2025_10_21_RSFB-Phenotyping_GG1_JLU/20251021_125915.jpg,2025_10_21_RSFB-Phenotyping_GG1_JLU/2025_10_21_RSFB-Phenotyping_GG1_JLU/20251021_131511.jpg,plot_7afc7682bc0b0be61f6b,plot_5e57cab4d93c9720a4da,27.0,21.5,16.0,8.5,0.000342465762514621
2025_10_21_RSFB-Phenotyping_GG1_JLU/2025_10_21_RSFB-Phenotyping_GG1_JLU/20251021_125915.jpg,2025_10_21_RSFB-Phenotyping_GG1_JLU/2025_10_21_RSFB-Phenotyping_GG1_JLU/20251021_154622.jpg,plot_7afc7682bc0b0be61f6b,plot_5d8d172daef4ef20984f,27.0,21.5,1.0,7.5,0.000342465762514621
2025_10_21_RSFB-Phenotyping_GG1_JLU/2025_10_21_RSFB-Phenotyping_GG1_JLU/20251021_125915.jpg,2025_10_21_RSFB-Phenotyping_GG1_JLU/2025_10_21_RSFB-Phenotyping_GG1_JLU/20251021_160515.jpg,plot_7afc7682bc0b0be61f6b,plot_515f3eae0107bd86c13e,27.0,21.5,15.0,7.0,0.000342465762514621
2025_10_21_RSFB-Phenotyping_GG1_JLU/2025_10_21_RSFB-Phenotyping_GG1_JLU/20251021_125915.jpg,2025_10_21_RSFB-Phenotyping_GG1_JLU/2025_10_21_RSFB-Phenotyping_GG1_JLU/20251021_161242.jpg,plot_7afc7682bc0b0be61f6b,plot_c08c9fc75665c975b852,27.0,21.5,1.0,6.5,0.000342465762514621
2025_10_21_RSFB-Phenotyping_GG1_JLU/2025_10_21_RSFB-Phenotyping_GG1_JLU/20251021_125915.jpg,2025_10_21_RSFB-Phenotyping_GG1_JLU/2025_10_21_RSFB-Phenotyping_GG1_JLU/20251021_161857.jpg,plot_7afc7682bc0b0be61f6b,plot_490a77dae7954530a2a4,27.0,21.5,5.0,13.300000190734863,0.000342465762514621
2025_10_21_RSFB-Phenotyping_GG1_JLU/2025_10_21_RSFB-Phenotyping_GG1_JLU/20251021_125915.jpg,2025_10_21_RSFB-Phenotyping_GG1_JLU/2025_10_21_RSFB-Phenotyping_GG1_JLU/20251021_132342.jpg,plot_7afc7682bc0b0be61f6b,plot_df712240205f755d4453,27.0,21.5,12.0,2.5,0.000342465762514621
2025_10_21_RSFB-Phenotyping_GG1_JLU/2025_10_21_RSFB-Phenotyping_GG1_JLU/20251021_125915.jpg,2025_10_21_RSFB-Phenotyping_GG1_JLU/2025_10_21_RSFB-Phenotyping_GG1_JLU/20251021_154509.jpg,plot_7afc7682bc0b0be61f6b,plot_a2c6a5fd1e9b0c0d5868,27.0,21.5,13.0,6.0,0.000342465762514621
2025_10_21_RSFB-Phenotyping_GG1_JLU/2025_10_21_RSFB-Phenotyping_GG1_JLU/20251021_125915.jpg,2025_10_21_RSFB-Phenotyping_GG1_JLU/2025_10_21_RSFB-Phenotyping_GG1_JLU/20251021_160714.jpg,plot_7afc7682bc0b0be61f6b,plot_ea99039aeae06bdc085a,27.0,21.5,1.0,13.0,0.000342465762514621
2025_10_21_RSFB-Phenotyping_GG1_JLU/2025_10_21_RSFB-Phenotyping_GG1_JLU/20251021_125915.jpg,2025_10_21_RSFB-Phenotyping_GG1_JLU/2025_10_21_RSFB-Phenotyping_GG1_JLU/20251021_123202.jpg,plot_7afc7682bc0b0be61f6b,plot_a3e331c4e6fce2b877bd,27.0,21.5,5.0,12.0,0.000342465762514621
2025_10_21_RSFB-Phenotyping_GG1_JLU/2025_10_21_RSFB-Phenotyping_GG1_JLU/20251021_125915.jpg,2025_10_21_RSFB-Phenotyping_GG1_JLU/2025_10_21_RSFB-Phenotyping_GG1_JLU/20251021_153825.jpg,plot_7afc7682bc0b0be61f6b,plot_64e19f5de9c116d1fbb6,27.0,21.5,3.0,8.5,0.000342465762514621
2025_10_21_RSFB-Phenotyping_GG1_JLU/2025_10_21_RSFB-Phenotyping_GG1_JLU/20251021_125915.jpg,2025_10_21_RSFB-Phenotyping_GG1_JLU/2025_10_21_RSFB-Phenotyping_GG1_JLU/20251021_121834.jpg,plot_7afc7682bc0b0be61f6b,plot_08853fb661302206a300,27.0,21.5,5.0,15.0,0.000342465762514621
2025_10_21_RSFB-Phenotyping_GG1_JLU/2025_10_21_RSFB-Phenotyping_GG1_JLU/20251021_125915.jpg,2025_10_21_RSFB-Phenotyping_GG1_JLU/2025_10_21_RSFB-Phenotyping_GG1_JLU/20251021_152653.jpg,plot_7afc7682bc0b0be61f6b,plot_fe93ef196b1a8b77de19,27.0,21.5,1.0,8.5,0.000342465762514621
2025_10_21_RSFB-Phenotyping_GG1_JLU/2025_10_21_RSFB-Phenotyping_GG1_JLU/20251021_125915.jpg,2025_10_21_RSFB-Phenotyping_GG1_JLU/2025_10_21_RSFB-Phenotyping_GG1_JLU/20251021_130209.jpg,plot_7afc7682bc0b0be61f6b,plot_be7d2dcdea72b37dc9bf,27.0,21.5,15.0,7.5,0.000342465762514621
2025_10_21_RSFB-Phenotyping_GG1_JLU/2025_10_21_RSFB-Phenotyping_GG1_JLU/20251021_125915.jpg,2025_10_21_RSFB-Phenotyping_GG1_JLU/2025_10_21_RSFB-Phenotyping_GG1_JLU/20251021_151432.jpg,plot_7afc7682bc0b0be61f6b,plot_f19419da98fe0824600a,27.0,21.5,2.0,12.5,0.000342465762514621
2025_10_21_RSFB-Phenotyping_GG1_JLU/2025_10_21_RSFB-Phenotyping_GG1_JLU/20251021_154731.jpg,2025_10_21_RSFB-Phenotyping_GG1_JLU/2025_10_21_RSFB-Phenotyping_GG1_JLU/20251021_154622.jpg,plot_4ef0eb1f04305bc7a4f8,plot_5d8d172daef4ef20984f,35.0,23.0,1.0,7.5,0.000342465762514621
2025_10_21_RSFB-Phenotyping_GG1_JLU/2025_10_21_RSFB-Phenotyping_GG1_JLU/20251021_154731.jpg,2025_10_21_RSFB-Phenotyping_GG1_JLU/2025_10_21_RSFB-Phenotyping_GG1_JLU/20251021_122402.jpg,plot_4ef0eb1f04305bc7a4f8,plot_16577622d2052f869752,35.0,23.0,15.0,7.0,0.000342465762514621
2025_10_21_RSFB-Phenotyping_GG1_JLU/2025_10_21_RSFB-Phenotyping_GG1_JLU/20251021_154731.jpg,2025_10_21_RSFB-Phenotyping_GG1_JLU/2025_10_21_RSFB-Phenotyping_GG1_JLU/20251021_160831.jpg,plot_4ef0eb1f04305bc7a4f8,plot_31ff4a85b21ababa7de0,35.0,23.0,1.0,9.5,0.000342465762514621
2025_10_21_RSFB-Phenotyping_GG1_JLU/2025_10_21_RSFB-Phenotyping_GG1_JLU/20251021_154731.jpg,2025_10_21_RSFB-Phenotyping_GG1_JLU/2025_10_21_RSFB-Phenotyping_GG1_JLU/20251021_124207.jpg,plot_4ef0eb1f04305bc7a4f8,plot_3986b8ba7e3c47d8b455,35.0,23.0,4.0,17.0,0.000342465762514621
2025_10_21_RSFB-Phenotyping_GG1_JLU/2025_10_21_RSFB-Phenotyping_GG1_JLU/20251021_154731.jpg,2025_10_21_RSFB-Phenotyping_GG1_JLU/2025_10_21_RSFB-Phenotyping_GG1_JLU/20251021_160047.jpg,plot_4ef0eb1f04305bc7a4f8,plot_ecb8a2d7a20b5079cedb,35.0,23.0,2.0,8.5,0.000342465762514621
2025_10_21_RSFB-Phenotyping_GG1_JLU/2025_10_21_RSFB-Phenotyping_GG1_JLU/20251021_154731.jpg,2025_10_21_RSFB-Phenotyping_GG1_JLU/2025_10_21_RSFB-Phenotyping_GG1_JLU/20251021_132410.jpg,plot_4ef0eb1f04305bc7a4f8,plot_04441862d5c5dd0b49cc,35.0,23.0,15.0,8.0,0.000342465762514621
2025_10_21_RSFB-Phenotyping_GG1_JLU/2025_10_21_RSFB-Phenotyping_GG1_JLU/20251021_154731.jpg,2025_10_21_RSFB-Phenotyping_GG1_JLU/2025_10_21_RSFB-Phenotyping_GG1_JLU/20251021_131419.jpg,plot_4ef0eb1f04305bc7a4f8,plot_e26908bc9222e28c92ff,35.0,23.0,10.0,4.5,0.000342465762514621
2025_10_21_RSFB-Phenotyping_GG1_JLU/2025_10_21_RSFB-Phenotyping_GG1_JLU/20251021_154731.jpg,2025_10_21_RSFB-Phenotyping_GG1_JLU/2025_10_21_RSFB-Phenotyping_GG1_JLU/20251021_161712.jpg,plot_4ef0eb1f04305bc7a4f8,plot_79cb1c61f58f85c07e0c,35.0,23.0,17.0,6.0,0.000342465762514621
2025_10_21_RSFB-Phenotyping_GG1_JLU/2025_10_21_RSFB-Phenotyping_GG1_JLU/20251021_154731.jpg,2025_10_21_RSFB-Phenotyping_GG1_JLU/2025_10_21_RSFB-Phenotyping_GG1_JLU/20251021_122046.jpg,plot_4ef0eb1f04305bc7a4f8,plot_166bd930c637bcfcd528,35.0,23.0,2.0,7.900000095367432,0.000342465762514621
2025_10_21_RSFB-Phenotyping_GG1_JLU/2025_10_21_RSFB-Phenotyping_GG1_JLU/20251021_154731.jpg,2025_10_21_RSFB-Phenotyping_GG1_JLU/2025_10_21_RSFB-Phenotyping_GG1_JLU/20251021_160307.jpg,plot_4ef0eb1f04305bc7a4f8,plot_80ee42a305b824b5337d,35.0,23.0,1.0,15.0,0.000342465762514621
2025_10_21_RSFB-Phenotyping_GG1_JLU/2025_10_21_RSFB-Phenotyping_GG1_JLU/20251021_154731.jpg,2025_10_21_RSFB-Phenotyping_GG1_JLU/2025_10_21_RSFB-Phenotyping_GG1_JLU/20251021_161840.jpg,plot_4ef0eb1f04305bc7a4f8,plot_fb549f03aaaa145785c8,35.0,23.0,3.0,13.0,0.000342465762514621
2025_10_21_RSFB-Phenotyping_GG1_JLU/2025_10_21_RSFB-Phenotyping_GG1_JLU/20251021_154731.jpg,2025_10_21_RSFB-Phenotyping_GG1_JLU/2025_10_21_RSFB-Phenotyping_GG1_JLU/20251021_124358.jpg,plot_4ef0eb1f04305bc7a4f8,plot_e77622de4cce1b168140,35.0,23.0,3.0,11.0,0.000342465762514621
2025_10_21_RSFB-Phenotyping_GG1_JLU/2025_10_21_RSFB-Phenotyping_GG1_JLU/20251021_154731.jpg,2025_10_21_RSFB-Phenotyping_GG1_JLU/2025_10_21_RSFB-Phenotyping_GG1_JLU/20251021_130423.jpg,plot_4ef0eb1f04305bc7a4f8,plot_8390a5f10d833e2ab881,35.0,23.0,5.0,14.5,0.000342465762514621
2025_10_21_RSFB-Phenotyping_GG1_JLU/2025_10_21_RSFB-Phenotyping_GG1_JLU/20251021_154731.jpg,2025_10_21_RSFB-Phenotyping_GG1_JLU/2025_10_21_RSFB-Phenotyping_GG1_JLU/20251021_161415.jpg,plot_4ef0eb1f04305bc7a4f8,plot_6db75ec8b4bf1739f8b3,35.0,23.0,10.0,4.5,0.000342465762514621
2025_10_21_RSFB-Phenotyping_GG1_JLU/2025_10_21_RSFB-Phenotyping_GG1_JLU/20251021_154731.jpg,2025_10_21_RSFB-Phenotyping_GG1_JLU/2025_10_21_RSFB-Phenotyping_GG1_JLU/20251021_122330.jpg,plot_4ef0eb1f04305bc7a4f8,plot_f0fdaec340e3ae5ac4bf,35.0,23.0,2.0,16.0,0.000342465762514621
2025_10_21_RSFB-Phenotyping_GG1_JLU/2025_10_21_RSFB-Phenotyping_GG1_JLU/20251021_154731.jpg,2025_10_21_RSFB-Phenotyping_GG1_JLU/2025_10_21_RSFB-Phenotyping_GG1_JLU/20251021_132424.jpg,plot_4ef0eb1f04305bc7a4f8,plot_04441862d5c5dd0b49cc,35.0,23.0,10.0,2.5,0.000342465762514621
2025_10_21_RSFB-Phenotyping_GG1_JLU/2025_10_21_RSFB-Phenotyping_GG1_JLU/20251021_154731.jpg,2025_10_21_RSFB-Phenotyping_GG1_JLU/2025_10_21_RSFB-Phenotyping_GG1_JLU/20251021_132002.jpg,plot_4ef0eb1f04305bc7a4f8,plot_8709d51bb880213559a6,35.0,23.0,15.0,8.5,0.000342465762514621
2025_10_21_RSFB-Phenotyping_GG1_JLU/2025_10_21_RSFB-Phenotyping_GG1_JLU/20251021_154731.jpg,2025_10_21_RSFB-Phenotyping_GG1_JLU/2025_10_21_RSFB-Phenotyping_GG1_JLU/20251021_152653.jpg,plot_4ef0eb1f04305bc7a4f8,plot_fe93ef196b1a8b77de19,35.0,23.0,1.0,8.5,0.000342465762514621
2025_10_21_RSFB-Phenotyping_GG1_JLU/2025_10_21_RSFB-Phenotyping_GG1_JLU/20251021_154731.jpg,2025_10_21_RSFB-Phenotyping_GG1_JLU/2025_10_21_RSFB-Phenotyping_GG1_JLU/20251021_161652.jpg,plot_4ef0eb1f04305bc7a4f8,plot_70a732f80b7b639118af,35.0,23.0,15.0,3.5,0.000342465762514621
2025_10_21_RSFB-Phenotyping_GG1_JLU/2025_10_21_RSFB-Phenotyping_GG1_JLU/20251021_154731.jpg,2025_10_21_RSFB-Phenotyping_GG1_JLU/2025_10_21_RSFB-Phenotyping_GG1_JLU/20251021_130128.jpg,plot_4ef0eb1f04305bc7a4f8,plot_77196a9ec72c575b5b40,35.0,23.0,10.0,4.5,0.000342465762514621
2025_10_21_RSFB-Phenotyping_GG1_JLU/2025_10_21_RSFB-Phenotyping_GG1_JLU/20251021_154731.jpg,2025_10_21_RSFB-Phenotyping_GG1_JLU/2025_10_21_RSFB-Phenotyping_GG1_JLU/20251021_131411.jpg,plot_4ef0eb1f04305bc7a4f8,plot_e26908bc9222e28c92ff,35.0,23.0,15.0,4.5,0.000342465762514621
2025_10_21_RSFB-Phenotyping_GG1_JLU/2025_10_21_RSFB-Phenotyping_GG1_JLU/20251021_154731.jpg,2025_10_21_RSFB-Phenotyping_GG1_JLU/2025_10_21_RSFB-Phenotyping_GG1_JLU/20251021_161242.jpg,plot_4ef0eb1f04305bc7a4f8,plot_c08c9fc75665c975b852,35.0,23.0,1.0,6.5,0.000342465762514621
2025_10_21_RSFB-Phenotyping_GG1_JLU/2025_10_21_RSFB-Phenotyping_GG1_JLU/20251021_154731.jpg,2025_10_21_RSFB-Phenotyping_GG1_JLU/2025_10_21_RSFB-Phenotyping_GG1_JLU/20251021_122823.jpg,plot_4ef0eb1f04305bc7a4f8,plot_5143cf8e4865a2e2e3c7,35.0,23.0,15.0,7.0,0.000342465762514621
2025_10_21_RSFB-Phenotyping_GG1_JLU/2025_10_21_RSFB-Phenotyping_GG1_JLU/20251021_154731.jpg,2025_10_21_RSFB-Phenotyping_GG1_JLU/2025_10_21_RSFB-Phenotyping_GG1_JLU/20251021_155103.jpg,plot_4ef0eb1f04305bc7a4f8,plot_b499b14eca911be3b991,35.0,23.0,12.0,1.0,0.000342465762514621
2025_10_21_RSFB-Phenotyping_GG1_JLU/2025_10_21_RSFB-Phenotyping_GG1_JLU/20251021_154731.jpg,2025_10_21_RSFB-Phenotyping_GG1_JLU/2025_10_21_RSFB-Phenotyping_GG1_JLU/20251021_130209.jpg,plot_4ef0eb1f04305bc7a4f8,plot_be7d2dcdea72b37dc9bf,35.0,23.0,15.0,7.5,0.000342465762514621
2025_10_21_RSFB-Phenotyping_GG1_JLU/2025_10_21_RSFB-Phenotyping_GG1_JLU/20251021_154731.jpg,2025_10_21_RSFB-Phenotyping_GG1_JLU/2025_10_21_RSFB-Phenotyping_GG1_JLU/20251021_151642.jpg,plot_4ef0eb1f04305bc7a4f8,plot_f61b29267fecc01648f8,35.0,23.0,10.0,4.5,0.000342465762514621
2025_10_21_RSFB-Phenotyping_GG1_JLU/2025_10_21_RSFB-Phenotyping_GG1_JLU/20251021_154731.jpg,2025_10_21_RSFB-Phenotyping_GG1_JLU/2025_10_21_RSFB-Phenotyping_GG1_JLU/20251021_130737.jpg,plot_4ef0eb1f04305bc7a4f8,plot_4c9e8c4301206d84387b,35.0,23.0,13.0,2.0,0.000342465762514621
2025_10_21_RSFB-Phenotyping_GG1_JLU/2025_10_21_RSFB-Phenotyping_GG1_JLU/20251021_154731.jpg,2025_10_21_RSFB-Phenotyping_GG1_JLU/2025_10_21_RSFB-Phenotyping_GG1_JLU/20251021_154649.jpg,plot_4ef0eb1f04305bc7a4f8,plot_f974c33b3b939aa5f878,35.0,23.0,2.0,9.5,0.000342465762514621
2025_10_21_RSFB-Phenotyping_GG1_JLU/2025_10_21_RSFB-Phenotyping_GG1_JLU/20251021_154731.jpg,2025_10_21_RSFB-Phenotyping_GG1_JLU/2025_10_21_RSFB-Phenotyping_GG1_JLU/20251021_130045.jpg,plot_4ef0eb1f04305bc7a4f8,plot_7c9b9d5dc347e36cbea8,35.0,23.0,15.0,9.0,0.000342465762514621
2025_10_21_RSFB-Phenotyping_GG1_JLU/2025_10_21_RSFB-Phenotyping_GG1_JLU/20251021_154731.jpg,2025_10_21_RSFB-Phenotyping_GG1_JLU/2025_10_21_RSFB-Phenotyping_GG1_JLU/20251021_153825.jpg,plot_4ef0eb1f04305bc7a4f8,plot_64e19f5de9c116d1fbb6,35.0,23.0,3.0,8.5,0.000342465762514621
2025_10_21_RSFB-Phenotyping_GG1_JLU/2025_10_21_RSFB-Phenotyping_GG1_JLU/20251021_154731.jpg,2025_10_21_RSFB-Phenotyping_GG1_JLU/2025_10_21_RSFB-Phenotyping_GG1_JLU/20251021_153832.jpg,plot_4ef0eb1f04305bc7a4f8,plot_64e19f5de9c116d1fbb6,35.0,23.0,4.0,14.0,0.000342465762514621
2025_10_21_RSFB-Phenotyping_GG1_JLU/2025_10_21_RSFB-Phenotyping_GG1_JLU/20251021_154731.jpg,2025_10_21_RSFB-Phenotyping_GG1_JLU/2025_10_21_RSFB-Phenotyping_GG1_JLU/20251021_155302.jpg,plot_4ef0eb1f04305bc7a4f8,plot_cb17d6bcad8ffccbde51,35.0,23.0,1.0,10.5,0.000342465762514621
2025_10_21_RSFB-Phenotyping_GG1_JLU/2025_10_21_RSFB-Phenotyping_GG1_JLU/20251021_154731.jpg,2025_10_21_RSFB-Phenotyping_GG1_JLU/2025_10_21_RSFB-Phenotyping_GG1_JLU/20251021_160003.jpg,plot_4ef0eb1f04305bc7a4f8,plot_70e089493510c6f73a3d,35.0,23.0,15.0,7.0,0.000342465762514621
2025_10_21_RSFB-Phenotyping_GG1_JLU/2025_10_21_RSFB-Phenotyping_GG1_JLU/20251021_154731.jpg,2025_10_21_RSFB-Phenotyping_GG1_JLU/2025_10_21_RSFB-Phenotyping_GG1_JLU/20251021_123107.jpg,plot_4ef0eb1f04305bc7a4f8,plot_5700cee80bc5a6e207ec,35.0,23.0,10.0,2.0,0.000342465762514621
2025_10_21_RSFB-Phenotyping_GG1_JLU/2025_10_21_RSFB-Phenotyping_GG1_JLU/20251021_154731.jpg,2025_10_21_RSFB-Phenotyping_GG1_JLU/2025_10_21_RSFB-Phenotyping_GG1_JLU/20251021_161636.jpg,plot_4ef0eb1f04305bc7a4f8,plot_70a732f80b7b639118af,35.0,23.0,10.0,16.0,0.000342465762514621
2025_10_21_RSFB-Phenotyping_GG1_JLU/2025_10_21_RSFB-Phenotyping_GG1_JLU/20251021_154731.jpg,2025_10_21_RSFB-Phenotyping_GG1_JLU/2025_10_21_RSFB-Phenotyping_GG1_JLU/20251021_130529.jpg,plot_4ef0eb1f04305bc7a4f8,plot_883726baafccd2304661,35.0,23.0,2.0,7.5,0.000342465762514621
2025_10_21_RSFB-Phenotyping_GG1_JLU/2025_10_21_RSFB-Phenotyping_GG1_JLU/20251021_154731.jpg,2025_10_21_RSFB-Phenotyping_GG1_JLU/2025_10_21_RSFB-Phenotyping_GG1_JLU/20251021_123208.jpg,plot_4ef0eb1f04305bc7a4f8,plot_a3e331c4e6fce2b877bd,35.0,23.0,15.0,8.0,0.000342465762514621
2025_10_21_RSFB-Phenotyping_GG1_JLU/2025_10_21_RSFB-Phenotyping_GG1_JLU/20251021_154731.jpg,2025_10_21_RSFB-Phenotyping_GG1_JLU/2025_10_21_RSFB-Phenotyping_GG1_JLU/20251021_121301.jpg,plot_4ef0eb1f04305bc7a4f8,plot_09d8a533567043e69854,35.0,23.0,1.0,8.0,0.000342465762514621
2025_10_21_RSFB-Phenotyping_GG1_JLU/2025_10_21_RSFB-Phenotyping_GG1_JLU/20251021_154731.jpg,2025_10_21_RSFB-Phenotyping_GG1_JLU/2025_10_21_RSFB-Phenotyping_GG1_JLU/20251021_161808.jpg,plot_4ef0eb1f04305bc7a4f8,plot_957f290e26708d57eba4,35.0,23.0,3.0,17.0,0.000342465762514621
2025_10_21_RSFB-Phenotyping_GG1_JLU/2025_10_21_RSFB-Phenotyping_GG1_JLU/20251021_154731.jpg,2025_10_21_RSFB-Phenotyping_GG1_JLU/2025_10_21_RSFB-Phenotyping_GG1_JLU/20251021_162116.jpg,plot_4ef0eb1f04305bc7a4f8,plot_60d8a72fe06bef6e6da4,35.0,23.0,3.0,11.399999618530273,0.000342465762514621
2025_10_21_RSFB-Phenotyping_GG1_JLU/2025_10_21_RSFB-Phenotyping_GG1_JLU/20251021_153423.jpg,2025_10_21_RSFB-Phenotyping_GG1_JLU/2025_10_21_RSFB-Phenotyping_GG1_JLU/20251021_161242.jpg,plot_c97ae335979f54b21f44,plot_c08c9fc75665c975b852,45.0,18.0,1.0,6.5,0.00016307893383782357
2025_10_21_RSFB-Phenotyping_GG1_JLU/2025_10_21_RSFB-Phenotyping_GG1_JLU/20251021_153423.jpg,2025_10_21_RSFB-Phenotyping_GG1_JLU/2025_10_21_RSFB-Phenotyping_GG1_JLU/20251021_123202.jpg,plot_c97ae335979f54b21f44,plot_a3e331c4e6fce2b877bd,45.0,18.0,5.0,12.0,0.00016307893383782357
2025_10_21_RSFB-Phenotyping_GG1_JLU/2025_10_21_RSFB-Phenotyping_GG1_JLU/20251021_153423.jpg,2025_10_21_RSFB-Phenotyping_GG1_JLU/2025_10_21_RSFB-Phenotyping_GG1_JLU/20251021_151642.jpg,plot_c97ae335979f54b21f44,plot_f61b29267fecc01648f8,45.0,18.0,10.0,4.5,0.00016307893383782357
2025_10_21_RSFB-Phenotyping_GG1_JLU/2025_10_21_RSFB-Phenotyping_GG1_JLU/20251021_153423.jpg,2025_10_21_RSFB-Phenotyping_GG1_JLU/2025_10_21_RSFB-Phenotyping_GG1_JLU/20251021_121843.jpg,plot_c97ae335979f54b21f44,plot_08853fb661302206a300,45.0,18.0,4.0,12.0,0.00016307893383782357
2025_10_21_RSFB-Phenotyping_GG1_JLU/2025_10_21_RSFB-Phenotyping_GG1_JLU/20251021_153423.jpg,2025_10_21_RSFB-Phenotyping_GG1_JLU/2025_10_21_RSFB-Phenotyping_GG1_JLU/20251021_152653.jpg,plot_c97ae335979f54b21f44,plot_fe93ef196b1a8b77de19,45.0,18.0,1.0,8.5,0.00016307893383782357
2025_10_21_RSFB-Phenotyping_GG1_JLU/2025_10_21_RSFB-Phenotyping_GG1_JLU/20251021_153423.jpg,2025_10_21_RSFB-Phenotyping_GG1_JLU/2025_10_21_RSFB-Phenotyping_GG1_JLU/20251021_132801.jpg,plot_c97ae335979f54b21f44,plot_b2decf1cbf56bcdc6d32,45.0,18.0,3.0,12.5,0.00016307893383782357
2025_10_21_RSFB-Phenotyping_GG1_JLU/2025_10_21_RSFB-Phenotyping_GG1_JLU/20251021_153423.jpg,2025_10_21_RSFB-Phenotyping_GG1_JLU/2025_10_21_RSFB-Phenotyping_GG1_JLU/20251021_154649.jpg,plot_c97ae335979f54b21f44,plot_f974c33b3b939aa5f878,45.0,18.0,2.0,9.5,0.00016307893383782357
2025_10_21_RSFB-Phenotyping_GG1_JLU/2025_10_21_RSFB-Phenotyping_GG1_JLU/20251021_153423.jpg,2025_10_21_RSFB-Phenotyping_GG1_JLU/2025_10_21_RSFB-Phenotyping_GG1_JLU/20251021_124615.jpg,plot_c97ae335979f54b21f44,plot_9e661ae87ec066049f1f,45.0,18.0,5.0,11.5,0.00016307893383782357
2025_10_21_RSFB-Phenotyping_GG1_JLU/2025_10_21_RSFB-Phenotyping_GG1_JLU/20251021_153423.jpg,2025_10_21_RSFB-Phenotyping_GG1_JLU/2025_10_21_RSFB-Phenotyping_GG1_JLU/20251021_161549.jpg,plot_c97ae335979f54b21f44,plot_5008f76cf0a562f63097,45.0,18.0,7.0,1.7000000476837158,0.00016307893383782357
2025_10_21_RSFB-Phenotyping_GG1_JLU/2025_10_21_RSFB-Phenotyping_GG1_JLU/20251021_153423.jpg,2025_10_21_RSFB-Phenotyping_GG1_JLU/2025_10_21_RSFB-Phenotyping_GG1_JLU/20251021_161624.jpg,plot_c97ae335979f54b21f44,plot_3361cc58e772149f169e,45.0,18.0,12.0,3.0,0.00016307893383782357
2025_10_21_RSFB-Phenotyping_GG1_JLU/2025_10_21_RSFB-Phenotyping_GG1_JLU/20251021_153423.jpg,2025_10_21_RSFB-Phenotyping_GG1_JLU/2025_10_21_RSFB-Phenotyping_GG1_JLU/20251021_125901.jpg,plot_c97ae335979f54b21f44,plot_7afc7682bc0b0be61f6b,45.0,18.0,2.0,10.0,0.00016307893383782357
2025_10_21_RSFB-Phenotyping_GG1_JLU/2025_10_21_RSFB-Phenotyping_GG1_JLU/20251021_153423.jpg,2025_10_21_RSFB-Phenotyping_GG1_JLU/2025_10_21_RSFB-Phenotyping_GG1_JLU/20251021_124500.jpg,plot_c97ae335979f54b21f44,plot_ea75df3b909465cef7b1,45.0,18.0,5.0,12.0,0.00016307893383782357
2025_10_21_RSFB-Phenotyping_GG1_JLU/2025_10_21_RSFB-Phenotyping_GG1_JLU/20251021_153423.jpg,2025_10_21_RSFB-Phenotyping_GG1_JLU/2025_10_21_RSFB-Phenotyping_GG1_JLU/20251021_124358.jpg,plot_c97ae335979f54b21f44,plot_e77622de4cce1b168140,45.0,18.0,3.0,11.0,0.00016307893383782357
2025_10_21_RSFB-Phenotyping_GG1_JLU/2025_10_21_RSFB-Phenotyping_GG1_JLU/20251021_153423.jpg,2025_10_21_RSFB-Phenotyping_GG1_JLU/2025_10_21_RSFB-Phenotyping_GG1_JLU/20251021_151915.jpg,plot_c97ae335979f54b21f44,plot_6ca7eb46f81c9ecf993b,45.0,18.0,12.0,5.5,0.00016307893383782357
2025_10_21_RSFB-Phenotyping_GG1_JLU/2025_10_21_RSFB-Phenotyping_GG1_JLU/20251021_153423.jpg,2025_10_21_RSFB-Phenotyping_GG1_JLU/2025_10_21_RSFB-Phenotyping_GG1_JLU/20251021_155103.jpg,plot_c97ae335979f54b21f44,plot_b499b14eca911be3b991,45.0,18.0,12.0,1.0,0.00016307893383782357
2025_10_21_RSFB-Phenotyping_GG1_JLU/2025_10_21_RSFB-Phenotyping_GG1_JLU/20251021_153423.jpg,2025_10_21_RSFB-Phenotyping_GG1_JLU/2025_10_21_RSFB-Phenotyping_GG1_JLU/20251021_121113.jpg,plot_c97ae335979f54b21f44,plot_a7714d1b769d45a9b00a,45.0,18.0,2.0,10.0,0.00016307893383782357
2025_10_21_RSFB-Phenotyping_GG1_JLU/2025_10_21_RSFB-Phenotyping_GG1_JLU/20251021_153423.jpg,2025_10_21_RSFB-Phenotyping_GG1_JLU/2025_10_21_RSFB-Phenotyping_GG1_JLU/20251021_160831.jpg,plot_c97ae335979f54b21f44,plot_31ff4a85b21ababa7de0,45.0,18.0,1.0,9.5,0.00016307893383782357
2025_10_21_RSFB-Phenotyping_GG1_JLU/2025_10_21_RSFB-Phenotyping_GG1_JLU/20251021_153423.jpg,2025_10_21_RSFB-Phenotyping_GG1_JLU/2025_10_21_RSFB-Phenotyping_GG1_JLU/20251021_160047.jpg,plot_c97ae335979f54b21f44,plot_ecb8a2d7a20b5079cedb,45.0,18.0,2.0,8.5,0.00016307893383782357
2025_10_21_RSFB-Phenotyping_GG1_JLU/2025_10_21_RSFB-Phenotyping_GG1_JLU/20251021_153423.jpg,2025_10_21_RSFB-Phenotyping_GG1_JLU/2025_10_21_RSFB-Phenotyping_GG1_JLU/20251021_123107.jpg,plot_c97ae335979f54b21f44,plot_5700cee80bc5a6e207ec,45.0,18.0,10.0,2.0,0.00016307893383782357
2025_10_21_RSFB-Phenotyping_GG1_JLU/2025_10_21_RSFB-Phenotyping_GG1_JLU/20251021_153423.jpg,2025_10_21_RSFB-Phenotyping_GG1_JLU/2025_10_21_RSFB-Phenotyping_GG1_JLU/20251021_161415.jpg,plot_c97ae335979f54b21f44,plot_6db75ec8b4bf1739f8b3,45.0,18.0,10.0,4.5,0.00016307893383782357
2025_10_21_RSFB-Phenotyping_GG1_JLU/2025_10_21_RSFB-Phenotyping_GG1_JLU/20251021_153423.jpg,2025_10_21_RSFB-Phenotyping_GG1_JLU/2025_10_21_RSFB-Phenotyping_GG1_JLU/20251021_122557.jpg,plot_c97ae335979f54b21f44,plot_4460e7e9889b69d86dd3,45.0,18.0,2.0,10.0,0.00016307893383782357
2025_10_21_RSFB-Phenotyping_GG1_JLU/2025_10_21_RSFB-Phenotyping_GG1_JLU/20251021_153423.jpg,2025_10_21_RSFB-Phenotyping_GG1_JLU/2025_10_21_RSFB-Phenotyping_GG1_JLU/20251021_152457.jpg,plot_c97ae335979f54b21f44,plot_cf8f8145824cff35d237,45.0,18.0,3.0,9.5,0.00016307893383782357
2025_10_21_RSFB-Phenotyping_GG1_JLU/2025_10_21_RSFB-Phenotyping_GG1_JLU/20251021_153423.jpg,2025_10_21_RSFB-Phenotyping_GG1_JLU/2025_10_21_RSFB-Phenotyping_GG1_JLU/20251021_151432.jpg,plot_c97ae335979f54b21f44,plot_f19419da98fe0824600a,45.0,18.0,2.0,12.5,0.00016307893383782357
2025_10_21_RSFB-Phenotyping_GG1_JLU/2025_10_21_RSFB-Phenotyping_GG1_JLU/20251021_153423.jpg,2025_10_21_RSFB-Phenotyping_GG1_JLU/2025_10_21_RSFB-Phenotyping_GG1_JLU/20251021_121301.jpg,plot_c97ae335979f54b21f44,plot_09d8a533567043e69854,45.0,18.0,1.0,8.0,0.00016307893383782357
2025_10_21_RSFB-Phenotyping_GG1_JLU/2025_10_21_RSFB-Phenotyping_GG1_JLU/20251021_153423.jpg,2025_10_21_RSFB-Phenotyping_GG1_JLU/2025_10_21_RSFB-Phenotyping_GG1_JLU/20251021_154622.jpg,plot_c97ae335979f54b21f44,plot_5d8d172daef4ef20984f,45.0,18.0,1.0,7.5,0.00016307893383782357
2025_10_21_RSFB-Phenotyping_GG1_JLU/2025_10_21_RSFB-Phenotyping_GG1_JLU/20251021_153423.jpg,2025_10_21_RSFB-Phenotyping_GG1_JLU/2025_10_21_RSFB-Phenotyping_GG1_JLU/20251021_132342.jpg,plot_c97ae335979f54b21f44,plot_df712240205f755d4453,45.0,18.0,12.0,2.5,0.00016307893383782357
2025_10_21_RSFB-Phenotyping_GG1_JLU/2025_10_21_RSFB-Phenotyping_GG1_JLU/20251021_153423.jpg,2025_10_21_RSFB-Phenotyping_GG1_JLU/2025_10_21_RSFB-Phenotyping_GG1_JLU/20251021_153825.jpg,plot_c97ae335979f54b21f44,plot_64e19f5de9c116d1fbb6,45.0,18.0,3.0,8.5,0.00016307893383782357
2025_10_21_RSFB-Phenotyping_GG1_JLU/2025_10_21_RSFB-Phenotyping_GG1_JLU/20251021_153423.jpg,2025_10_21_RSFB-Phenotyping_GG1_JLU/2025_10_21_RSFB-Phenotyping_GG1_JLU/20251021_130128.jpg,plot_c97ae335979f54b21f44,plot_77196a9ec72c575b5b40,45.0,18.0,10.0,4.5,0.00016307893383782357
2025_10_21_RSFB-Phenotyping_GG1_JLU/2025_10_21_RSFB-Phenotyping_GG1_JLU/20251021_153423.jpg,2025_10_21_RSFB-Phenotyping_GG1_JLU/2025_10_21_RSFB-Phenotyping_GG1_JLU/20251021_122046.jpg,plot_c97ae335979f54b21f44,plot_166bd930c637bcfcd528,45.0,18.0,2.0,7.900000095367432,0.00016307893383782357
2025_10_21_RSFB-Phenotyping_GG1_JLU/2025_10_21_RSFB-Phenotyping_GG1_JLU/20251021_153423.jpg,2025_10_21_RSFB-Phenotyping_GG1_JLU/2025_10_21_RSFB-Phenotyping_GG1_JLU/20251021_162116.jpg,plot_c97ae335979f54b21f44,plot_60d8a72fe06bef6e6da4,45.0,18.0,3.0,11.399999618530273,0.00016307893383782357
2025_10_21_RSFB-Phenotyping_GG1_JLU/2025_10_21_RSFB-Phenotyping_GG1_JLU/20251021_153423.jpg,2025_10_21_RSFB-Phenotyping_GG1_JLU/2025_10_21_RSFB-Phenotyping_GG1_JLU/20251021_132424.jpg,plot_c97ae335979f54b21f44,plot_04441862d5c5dd0b49cc,45.0,18.0,10.0,2.5,0.00016307893383782357
2025_10_21_RSFB-Phenotyping_GG1_JLU/2025_10_21_RSFB-Phenotyping_GG1_JLU/20251021_153423.jpg,2025_10_21_RSFB-Phenotyping_GG1_JLU/2025_10_21_RSFB-Phenotyping_GG1_JLU/20251021_155302.jpg,plot_c97ae335979f54b21f44,plot_cb17d6bcad8ffccbde51,45.0,18.0,1.0,10.5,0.00016307893383782357
2025_10_21_RSFB-Phenotyping_GG1_JLU/2025_10_21_RSFB-Phenotyping_GG1_JLU/20251021_153423.jpg,2025_10_21_RSFB-Phenotyping_GG1_JLU/2025_10_21_RSFB-Phenotyping_GG1_JLU/20251021_131419.jpg,plot_c97ae335979f54b21f44,plot_e26908bc9222e28c92ff,45.0,18.0,10.0,4.5,0.00016307893383782357
2025_10_21_RSFB-Phenotyping_GG1_JLU/2025_10_21_RSFB-Phenotyping_GG1_JLU/20251021_153423.jpg,2025_10_21_RSFB-Phenotyping_GG1_JLU/2025_10_21_RSFB-Phenotyping_GG1_JLU/20251021_132550.jpg,plot_c97ae335979f54b21f44,plot_cff264c1afb9a1cf9473,45.0,18.0,2.0,8.5,0.00016307893383782357
2025_10_21_RSFB-Phenotyping_GG1_JLU/2025_10_21_RSFB-Phenotyping_GG1_JLU/20251021_153423.jpg,2025_10_21_RSFB-Phenotyping_GG1_JLU/2025_10_21_RSFB-Phenotyping_GG1_JLU/20251021_160301.jpg,plot_c97ae335979f54b21f44,plot_80ee42a305b824b5337d,45.0,18.0,2.0,12.5,0.00016307893383782357
2025_10_21_RSFB-Phenotyping_GG1_JLU/2025_10_21_RSFB-Phenotyping_GG1_JLU/20251021_153423.jpg,2025_10_21_RSFB-Phenotyping_GG1_JLU/2025_10_21_RSFB-Phenotyping_GG1_JLU/20251021_121314.jpg,plot_c97ae335979f54b21f44,plot_0de14b7453cf30ed2a1c,45.0,18.0,2.0,7.5,0.00016307893383782357
2025_10_21_RSFB-Phenotyping_GG1_JLU/2025_10_21_RSFB-Phenotyping_GG1_JLU/20251021_153423.jpg,2025_10_21_RSFB-Phenotyping_GG1_JLU/2025_10_21_RSFB-Phenotyping_GG1_JLU/20251021_151439.jpg,plot_c97ae335979f54b21f44,plot_f19419da98fe0824600a,45.0,18.0,8.0,2.5,0.00016307893383782357
2025_10_21_RSFB-Phenotyping_GG1_JLU/2025_10_21_RSFB-Phenotyping_GG1_JLU/20251021_153423.jpg,2025_10_21_RSFB-Phenotyping_GG1_JLU/2025_10_21_RSFB-Phenotyping_GG1_JLU/20251021_155939.jpg,plot_c97ae335979f54b21f44,plot_b351f823b8a0415f9230,45.0,18.0,3.0,10.0,0.00016307893383782357
2025_10_21_RSFB-Phenotyping_GG1_JLU/2025_10_21_RSFB-Phenotyping_GG1_JLU/20251021_153423.jpg,2025_10_21_RSFB-Phenotyping_GG1_JLU/2025_10_21_RSFB-Phenotyping_GG1_JLU/20251021_130529.jpg,plot_c97ae335979f54b21f44,plot_883726baafccd2304661,45.0,18.0,2.0,7.5,0.00016307893383782357
2025_10_21_RSFB-Phenotyping_GG1_JLU/2025_10_21_RSFB-Phenotyping_GG1_JLU/20251021_154134.jpg,2025_10_21_RSFB-Phenotyping_GG1_JLU/2025_10_21_RSFB-Phenotyping_GG1_JLU/20251021_122046.jpg,plot_b6b1f26fe1e8b0178c4f,plot_166bd930c637bcfcd528,35.0,13.0,2.0,7.900000095367432,0.0034246575087308884
2025_10_21_RSFB-Phenotyping_GG1_JLU/2025_10_21_RSFB-Phenotyping_GG1_JLU/20251021_154134.jpg,2025_10_21_RSFB-Phenotyping_GG1_JLU/2025_10_21_RSFB-Phenotyping_GG1_JLU/20251021_161242.jpg,plot_b6b1f26fe1e8b0178c4f,plot_c08c9fc75665c975b852,35.0,13.0,1.0,6.5,0.0034246575087308884
2025_10_21_RSFB-Phenotyping_GG1_JLU/2025_10_21_RSFB-Phenotyping_GG1_JLU/20251021_154134.jpg,2025_10_21_RSFB-Phenotyping_GG1_JLU/2025_10_21_RSFB-Phenotyping_GG1_JLU/20251021_154622.jpg,plot_b6b1f26fe1e8b0178c4f,plot_5d8d172daef4ef20984f,35.0,13.0,1.0,7.5,0.0034246575087308884
2025_10_21_RSFB-Phenotyping_GG1_JLU/2025_10_21_RSFB-Phenotyping_GG1_JLU/20251021_154134.jpg,2025_10_21_RSFB-Phenotyping_GG1_JLU/2025_10_21_RSFB-Phenotyping_GG1_JLU/20251021_121314.jpg,plot_b6b1f26fe1e8b0178c4f,plot_0de14b7453cf30ed2a1c,35.0,13.0,2.0,7.5,0.0034246575087308884
2025_10_21_RSFB-Phenotyping_GG1_JLU/2025_10_21_RSFB-Phenotyping_GG1_JLU/20251021_152101.jpg,2025_10_21_RSFB-Phenotyping_GG1_JLU/2025_10_21_RSFB-Phenotyping_GG1_JLU/20251021_160047.jpg,plot_aace551e1ccebf79dd75,plot_ecb8a2d7a20b5079cedb,43.0,15.0,2.0,8.5,0.0012453299714252353
2025_10_21_RSFB-Phenotyping_GG1_JLU/2025_10_21_RSFB-Phenotyping_GG1_JLU/20251021_152101.jpg,2025_10_21_RSFB-Phenotyping_GG1_JLU/2025_10_21_RSFB-Phenotyping_GG1_JLU/20251021_154622.jpg,plot_aace551e1ccebf79dd75,plot_5d8d172daef4ef20984f,43.0,15.0,1.0,7.5,0.0012453299714252353
2025_10_21_RSFB-Phenotyping_GG1_JLU/2025_10_21_RSFB-Phenotyping_GG1_JLU/20251021_152101.jpg,2025_10_21_RSFB-Phenotyping_GG1_JLU/2025_10_21_RSFB-Phenotyping_GG1_JLU/20251021_121301.jpg,plot_aace551e1ccebf79dd75,plot_09d8a533567043e69854,43.0,15.0,1.0,8.0,0.0012453299714252353
2025_10_21_RSFB-Phenotyping_GG1_JLU/2025_10_21_RSFB-Phenotyping_GG1_JLU/20251021_152101.jpg,2025_10_21_RSFB-Phenotyping_GG1_JLU/2025_10_21_RSFB-Phenotyping_GG1_JLU/20251021_160831.jpg,plot_aace551e1ccebf79dd75,plot_31ff4a85b21ababa7de0,43.0,15.0,1.0,9.5,0.0012453299714252353
2025_10_21_RSFB-Phenotyping_GG1_JLU/2025_10_21_RSFB-Phenotyping_GG1_JLU/20251021_152101.jpg,2025_10_21_RSFB-Phenotyping_GG1_JLU/2025_10_21_RSFB-Phenotyping_GG1_JLU/20251021_122046.jpg,plot_aace551e1ccebf79dd75,plot_166bd930c637bcfcd528,43.0,15.0,2.0,7.900000095367432,0.0012453299714252353
2025_10_21_RSFB-Phenotyping_GG1_JLU/2025_10_21_RSFB-Phenotyping_GG1_JLU/20251021_152101.jpg,2025_10_21_RSFB-Phenotyping_GG1_JLU/2025_10_21_RSFB-Phenotyping_GG1_JLU/20251021_132550.jpg,plot_aace551e1ccebf79dd75,plot_cff264c1afb9a1cf9473,43.0,15.0,2.0,8.5,0.0012453299714252353
2025_10_21_RSFB-Phenotyping_GG1_JLU/2025_10_21_RSFB-Phenotyping_GG1_JLU/20251021_152101.jpg,2025_10_21_RSFB-Phenotyping_GG1_JLU/2025_10_21_RSFB-Phenotyping_GG1_JLU/20251021_151439.jpg,plot_aace551e1ccebf79dd75,plot_f19419da98fe0824600a,43.0,15.0,8.0,2.5,0.0012453299714252353
2025_10_21_RSFB-Phenotyping_GG1_JLU/2025_10_21_RSFB-Phenotyping_GG1_JLU/20251021_152101.jpg,2025_10_21_RSFB-Phenotyping_GG1_JLU/2025_10_21_RSFB-Phenotyping_GG1_JLU/20251021_153825.jpg,plot_aace551e1ccebf79dd75,plot_64e19f5de9c116d1fbb6,43.0,15.0,3.0,8.5,0.0012453299714252353
2025_10_21_RSFB-Phenotyping_GG1_JLU/2025_10_21_RSFB-Phenotyping_GG1_JLU/20251021_152101.jpg,2025_10_21_RSFB-Phenotyping_GG1_JLU/2025_10_21_RSFB-Phenotyping_GG1_JLU/20251021_154649.jpg,plot_aace551e1ccebf79dd75,plot_f974c33b3b939aa5f878,43.0,15.0,2.0,9.5,0.0012453299714252353
2025_10_21_RSFB-Phenotyping_GG1_JLU/2025_10_21_RSFB-Phenotyping_GG1_JLU/20251021_152101.jpg,2025_10_21_RSFB-Phenotyping_GG1_JLU/2025_10_21_RSFB-Phenotyping_GG1_JLU/20251021_152457.jpg,plot_aace551e1ccebf79dd75,plot_cf8f8145824cff35d237,43.0,15.0,3.0,9.5,0.0012453299714252353
2025_10_21_RSFB-Phenotyping_GG1_JLU/2025_10_21_RSFB-Phenotyping_GG1_JLU/20251021_152101.jpg,2025_10_21_RSFB-Phenotyping_GG1_JLU/2025_10_21_RSFB-Phenotyping_GG1_JLU/20251021_152653.jpg,plot_aace551e1ccebf79dd75,plot_fe93ef196b1a8b77de19,43.0,15.0,1.0,8.5,0.0012453299714252353
2025_10_21_RSFB-Phenotyping_GG1_JLU/2025_10_21_RSFB-Phenotyping_GG1_JLU/20251021_152320.jpg,2025_10_21_RSFB-Phenotyping_GG1_JLU/2025_10_21_RSFB-Phenotyping_GG1_JLU/20251021_154649.jpg,plot_d4455d800f102e758eb6,plot_f974c33b3b939aa5f878,40.0,15.0,2.0,9.5,0.000684931525029242
2025_10_21_RSFB-Phenotyping_GG1_JLU/2025_10_21_RSFB-Phenotyping_GG1_JLU/20251021_152320.jpg,2025_10_21_RSFB-Phenotyping_GG1_JLU/2025_10_21_RSFB-Phenotyping_GG1_JLU/20251021_152457.jpg,plot_d4455d800f102e758eb6,plot_cf8f8145824cff35d237,40.0,15.0,3.0,9.5,0.000684931525029242
2025_10_21_RSFB-Phenotyping_GG1_JLU/2025_10_21_RSFB-Phenotyping_GG1_JLU/20251021_152320.jpg,2025_10_21_RSFB-Phenotyping_GG1_JLU/2025_10_21_RSFB-Phenotyping_GG1_JLU/20251021_152653.jpg,plot_d4455d800f102e758eb6,plot_fe93ef196b1a8b77de19,40.0,15.0,1.0,8.5,0.000684931525029242
2025_10_21_RSFB-Phenotyping_GG1_JLU/2025_10_21_RSFB-Phenotyping_GG1_JLU/20251021_152320.jpg,2025_10_21_RSFB-Phenotyping_GG1_JLU/2025_10_21_RSFB-Phenotyping_GG1_JLU/20251021_153825.jpg,plot_d4455d800f102e758eb6,plot_64e19f5de9c116d1fbb6,40.0,15.0,3.0,8.5,0.000684931525029242
2025_10_21_RSFB-Phenotyping_GG1_JLU/2025_10_21_RSFB-Phenotyping_GG1_JLU/20251021_152320.jpg,2025_10_21_RSFB-Phenotyping_GG1_JLU/2025_10_21_RSFB-Phenotyping_GG1_JLU/20251021_132550.jpg,plot_d4455d800f102e758eb6,plot_cff264c1afb9a1cf9473,40.0,15.0,2.0,8.5,0.000684931525029242
2025_10_21_RSFB-Phenotyping_GG1_JLU/2025_10_21_RSFB-Phenotyping_GG1_JLU/20251021_152320.jpg,2025_10_21_RSFB-Phenotyping_GG1_JLU/2025_10_21_RSFB-Phenotyping_GG1_JLU/20251021_160831.jpg,plot_d4455d800f102e758eb6,plot_31ff4a85b21ababa7de0,40.0,15.0,1.0,9.5,0.000684931525029242
2025_10_21_RSFB-Phenotyping_GG1_JLU/2025_10_21_RSFB-Phenotyping_GG1_JLU/20251021_152320.jpg,2025_10_21_RSFB-Phenotyping_GG1_JLU/2025_10_21_RSFB-Phenotyping_GG1_JLU/20251021_151439.jpg,plot_d4455d800f102e758eb6,plot_f19419da98fe0824600a,40.0,15.0,8.0,2.5,0.000684931525029242
2025_10_21_RSFB-Phenotyping_GG1_JLU/2025_10_21_RSFB-Phenotyping_GG1_JLU/20251021_152320.jpg,2025_10_21_RSFB-Phenotyping_GG1_JLU/2025_10_21_RSFB-Phenotyping_GG1_JLU/20251021_160047.jpg,plot_d4455d800f102e758eb6,plot_ecb8a2d7a20b5079cedb,40.0,15.0,2.0,8.5,0.000684931525029242
2025_10_21_RSFB-Phenotyping_GG1_JLU/2025_10_21_RSFB-Phenotyping_GG1_JLU/20251021_133030.jpg,2025_10_21_RSFB-Phenotyping_GG1_JLU/2025_10_21_RSFB-Phenotyping_GG1_JLU/20251021_132550.jpg,plot_5f84a5d5e744fae0a07f,plot_cff264c1afb9a1cf9473,25.0,14.5,2.0,8.5,0.0034246575087308884
2025_10_21_RSFB-Phenotyping_GG1_JLU/2025_10_21_RSFB-Phenotyping_GG1_JLU/20251021_133030.jpg,2025_10_21_RSFB-Phenotyping_GG1_JLU/2025_10_21_RSFB-Phenotyping_GG1_JLU/20251021_153825.jpg,plot_5f84a5d5e744fae0a07f,plot_64e19f5de9c116d1fbb6,25.0,14.5,3.0,8.5,0.0034246575087308884
2025_10_21_RSFB-Phenotyping_GG1_JLU/2025_10_21_RSFB-Phenotyping_GG1_JLU/20251021_133030.jpg,2025_10_21_RSFB-Phenotyping_GG1_JLU/2025_10_21_RSFB-Phenotyping_GG1_JLU/20251021_152653.jpg,plot_5f84a5d5e744fae0a07f,plot_fe93ef196b1a8b77de19,25.0,14.5,1.0,8.5,0.0034246575087308884
2025_10_21_RSFB-Phenotyping_GG1_JLU/2025_10_21_RSFB-Phenotyping_GG1_JLU/20251021_133030.jpg,2025_10_21_RSFB-Phenotyping_GG1_JLU/2025_10_21_RSFB-Phenotyping_GG1_JLU/20251021_160047.jpg,plot_5f84a5d5e744fae0a07f,plot_ecb8a2d7a20b5079cedb,25.0,14.5,2.0,8.5,0.0034246575087308884
2025_10_21_RSFB-Phenotyping_GG1_JLU/2025_10_21_RSFB-Phenotyping_GG1_JLU/20251021_152843.jpg,2025_10_21_RSFB-Phenotyping_GG1_JLU/2025_10_21_RSFB-Phenotyping_GG1_JLU/20251021_124615.jpg,plot_6cb7c9a593c57304c307,plot_9e661ae87ec066049f1f,47.0,18.0,5.0,11.5,0.0004418912867549807
2025_10_21_RSFB-Phenotyping_GG1_JLU/2025_10_21_RSFB-Phenotyping_GG1_JLU/20251021_152843.jpg,2025_10_21_RSFB-Phenotyping_GG1_JLU/2025_10_21_RSFB-Phenotyping_GG1_JLU/20251021_151432.jpg,plot_6cb7c9a593c57304c307,plot_f19419da98fe0824600a,47.0,18.0,2.0,12.5,0.0004418912867549807
2025_10_21_RSFB-Phenotyping_GG1_JLU/2025_10_21_RSFB-Phenotyping_GG1_JLU/20251021_152843.jpg,2025_10_21_RSFB-Phenotyping_GG1_JLU/2025_10_21_RSFB-Phenotyping_GG1_JLU/20251021_124500.jpg,plot_6cb7c9a593c57304c307,plot_ea75df3b909465cef7b1,47.0,18.0,5.0,12.0,0.0004418912867549807
2025_10_21_RSFB-Phenotyping_GG1_JLU/2025_10_21_RSFB-Phenotyping_GG1_JLU/20251021_152843.jpg,2025_10_21_RSFB-Phenotyping_GG1_JLU/2025_10_21_RSFB-Phenotyping_GG1_JLU/20251021_161624.jpg,plot_6cb7c9a593c57304c307,plot_3361cc58e772149f169e,47.0,18.0,12.0,3.0,0.0004418912867549807
2025_10_21_RSFB-Phenotyping_GG1_JLU/2025_10_21_RSFB-Phenotyping_GG1_JLU/20251021_152843.jpg,2025_10_21_RSFB-Phenotyping_GG1_JLU/2025_10_21_RSFB-Phenotyping_GG1_JLU/20251021_153825.jpg,plot_6cb7c9a593c57304c307,plot_64e19f5de9c116d1fbb6,47.0,18.0,3.0,8.5,0.0004418912867549807
2025_10_21_RSFB-Phenotyping_GG1_JLU/2025_10_21_RSFB-Phenotyping_GG1_JLU/20251021_152843.jpg,2025_10_21_RSFB-Phenotyping_GG1_JLU/2025_10_21_RSFB-Phenotyping_GG1_JLU/20251021_123202.jpg,plot_6cb7c9a593c57304c307,plot_a3e331c4e6fce2b877bd,47.0,18.0,5.0,12.0,0.0004418912867549807
2025_10_21_RSFB-Phenotyping_GG1_JLU/2025_10_21_RSFB-Phenotyping_GG1_JLU/20251021_152843.jpg,2025_10_21_RSFB-Phenotyping_GG1_JLU/2025_10_21_RSFB-Phenotyping_GG1_JLU/20251021_160047.jpg,plot_6cb7c9a593c57304c307,plot_ecb8a2d7a20b5079cedb,47.0,18.0,2.0,8.5,0.0004418912867549807
2025_10_21_RSFB-Phenotyping_GG1_JLU/2025_10_21_RSFB-Phenotyping_GG1_JLU/20251021_152843.jpg,2025_10_21_RSFB-Phenotyping_GG1_JLU/2025_10_21_RSFB-Phenotyping_GG1_JLU/20251021_132801.jpg,plot_6cb7c9a593c57304c307,plot_b2decf1cbf56bcdc6d32,47.0,18.0,3.0,12.5,0.0004418912867549807
2025_10_21_RSFB-Phenotyping_GG1_JLU/2025_10_21_RSFB-Phenotyping_GG1_JLU/20251021_152843.jpg,2025_10_21_RSFB-Phenotyping_GG1_JLU/2025_10_21_RSFB-Phenotyping_GG1_JLU/20251021_132424.jpg,plot_6cb7c9a593c57304c307,plot_04441862d5c5dd0b49cc,47.0,18.0,10.0,2.5,0.0004418912867549807
2025_10_21_RSFB-Phenotyping_GG1_JLU/2025_10_21_RSFB-Phenotyping_GG1_JLU/20251021_152843.jpg,2025_10_21_RSFB-Phenotyping_GG1_JLU/2025_10_21_RSFB-Phenotyping_GG1_JLU/20251021_121843.jpg,plot_6cb7c9a593c57304c307,plot_08853fb661302206a300,47.0,18.0,4.0,12.0,0.0004418912867549807
2025_10_21_RSFB-Phenotyping_GG1_JLU/2025_10_21_RSFB-Phenotyping_GG1_JLU/20251021_152843.jpg,2025_10_21_RSFB-Phenotyping_GG1_JLU/2025_10_21_RSFB-Phenotyping_GG1_JLU/20251021_152457.jpg,plot_6cb7c9a593c57304c307,plot_cf8f8145824cff35d237,47.0,18.0,3.0,9.5,0.0004418912867549807
2025_10_21_RSFB-Phenotyping_GG1_JLU/2025_10_21_RSFB-Phenotyping_GG1_JLU/20251021_152843.jpg,2025_10_21_RSFB-Phenotyping_GG1_JLU/2025_10_21_RSFB-Phenotyping_GG1_JLU/20251021_151915.jpg,plot_6cb7c9a593c57304c307,plot_6ca7eb46f81c9ecf993b,47.0,18.0,12.0,5.5,0.0004418912867549807
2025_10_21_RSFB-Phenotyping_GG1_JLU/2025_10_21_RSFB-Phenotyping_GG1_JLU/20251021_152843.jpg,2025_10_21_RSFB-Phenotyping_GG1_JLU/2025_10_21_RSFB-Phenotyping_GG1_JLU/20251021_155103.jpg,plot_6cb7c9a593c57304c307,plot_b499b14eca911be3b991,47.0,18.0,12.0,1.0,0.0004418912867549807
2025_10_21_RSFB-Phenotyping_GG1_JLU/2025_10_21_RSFB-Phenotyping_GG1_JLU/20251021_152843.jpg,2025_10_21_RSFB-Phenotyping_GG1_JLU/2025_10_21_RSFB-Phenotyping_GG1_JLU/20251021_122557.jpg,plot_6cb7c9a593c57304c307,plot_4460e7e9889b69d86dd3,47.0,18.0,2.0,10.0,0.0004418912867549807
2025_10_21_RSFB-Phenotyping_GG1_JLU/2025_10_21_RSFB-Phenotyping_GG1_JLU/20251021_152843.jpg,2025_10_21_RSFB-Phenotyping_GG1_JLU/2025_10_21_RSFB-Phenotyping_GG1_JLU/20251021_131419.jpg,plot_6cb7c9a593c57304c307,plot_e26908bc9222e28c92ff,47.0,18.0,10.0,4.5,0.0004418912867549807
2025_10_21_RSFB-Phenotyping_GG1_JLU/2025_10_21_RSFB-Phenotyping_GG1_JLU/20251021_152843.jpg,2025_10_21_RSFB-Phenotyping_GG1_JLU/2025_10_21_RSFB-Phenotyping_GG1_JLU/20251021_125901.jpg,plot_6cb7c9a593c57304c307,plot_7afc7682bc0b0be61f6b,47.0,18.0,2.0,10.0,0.0004418912867549807
2025_10_21_RSFB-Phenotyping_GG1_JLU/2025_10_21_RSFB-Phenotyping_GG1_JLU/20251021_152843.jpg,2025_10_21_RSFB-Phenotyping_GG1_JLU/2025_10_21_RSFB-Phenotyping_GG1_JLU/20251021_152653.jpg,plot_6cb7c9a593c57304c307,plot_fe93ef196b1a8b77de19,47.0,18.0,1.0,8.5,0.0004418912867549807
2025_10_21_RSFB-Phenotyping_GG1_JLU/2025_10_21_RSFB-Phenotyping_GG1_JLU/20251021_152843.jpg,2025_10_21_RSFB-Phenotyping_GG1_JLU/2025_10_21_RSFB-Phenotyping_GG1_JLU/20251021_160831.jpg,plot_6cb7c9a593c57304c307,plot_31ff4a85b21ababa7de0,47.0,18.0,1.0,9.5,0.0004418912867549807
2025_10_21_RSFB-Phenotyping_GG1_JLU/2025_10_21_RSFB-Phenotyping_GG1_JLU/20251021_152843.jpg,2025_10_21_RSFB-Phenotyping_GG1_JLU/2025_10_21_RSFB-Phenotyping_GG1_JLU/20251021_123107.jpg,plot_6cb7c9a593c57304c307,plot_5700cee80bc5a6e207ec,47.0,18.0,10.0,2.0,0.0004418912867549807
2025_10_21_RSFB-Phenotyping_GG1_JLU/2025_10_21_RSFB-Phenotyping_GG1_JLU/20251021_152843.jpg,2025_10_21_RSFB-Phenotyping_GG1_JLU/2025_10_21_RSFB-Phenotyping_GG1_JLU/20251021_132550.jpg,plot_6cb7c9a593c57304c307,plot_cff264c1afb9a1cf9473,47.0,18.0,2.0,8.5,0.0004418912867549807
2025_10_21_RSFB-Phenotyping_GG1_JLU/2025_10_21_RSFB-Phenotyping_GG1_JLU/20251021_152843.jpg,2025_10_21_RSFB-Phenotyping_GG1_JLU/2025_10_21_RSFB-Phenotyping_GG1_JLU/20251021_155302.jpg,plot_6cb7c9a593c57304c307,plot_cb17d6bcad8ffccbde51,47.0,18.0,1.0,10.5,0.0004418912867549807
2025_10_21_RSFB-Phenotyping_GG1_JLU/2025_10_21_RSFB-Phenotyping_GG1_JLU/20251021_152843.jpg,2025_10_21_RSFB-Phenotyping_GG1_JLU/2025_10_21_RSFB-Phenotyping_GG1_JLU/20251021_124358.jpg,plot_6cb7c9a593c57304c307,plot_e77622de4cce1b168140,47.0,18.0,3.0,11.0,0.0004418912867549807
2025_10_21_RSFB-Phenotyping_GG1_JLU/2025_10_21_RSFB-Phenotyping_GG1_JLU/20251021_152843.jpg,2025_10_21_RSFB-Phenotyping_GG1_JLU/2025_10_21_RSFB-Phenotyping_GG1_JLU/20251021_155939.jpg,plot_6cb7c9a593c57304c307,plot_b351f823b8a0415f9230,47.0,18.0,3.0,10.0,0.0004418912867549807
2025_10_21_RSFB-Phenotyping_GG1_JLU/2025_10_21_RSFB-Phenotyping_GG1_JLU/20251021_152843.jpg,2025_10_21_RSFB-Phenotyping_GG1_JLU/2025_10_21_RSFB-Phenotyping_GG1_JLU/20251021_161415.jpg,plot_6cb7c9a593c57304c307,plot_6db75ec8b4bf1739f8b3,47.0,18.0,10.0,4.5,0.0004418912867549807
2025_10_21_RSFB-Phenotyping_GG1_JLU/2025_10_21_RSFB-Phenotyping_GG1_JLU/20251021_152843.jpg,2025_10_21_RSFB-Phenotyping_GG1_JLU/2025_10_21_RSFB-Phenotyping_GG1_JLU/20251021_130128.jpg,plot_6cb7c9a593c57304c307,plot_77196a9ec72c575b5b40,47.0,18.0,10.0,4.5,0.0004418912867549807
2025_10_21_RSFB-Phenotyping_GG1_JLU/2025_10_21_RSFB-Phenotyping_GG1_JLU/20251021_152843.jpg,2025_10_21_RSFB-Phenotyping_GG1_JLU/2025_10_21_RSFB-Phenotyping_GG1_JLU/20251021_151642.jpg,plot_6cb7c9a593c57304c307,plot_f61b29267fecc01648f8,47.0,18.0,10.0,4.5,0.0004418912867549807
2025_10_21_RSFB-Phenotyping_GG1_JLU/2025_10_21_RSFB-Phenotyping_GG1_JLU/20251021_152843.jpg,2025_10_21_RSFB-Phenotyping_GG1_JLU/2025_10_21_RSFB-Phenotyping_GG1_JLU/20251021_132342.jpg,plot_6cb7c9a593c57304c307,plot_df712240205f755d4453,47.0,18.0,12.0,2.5,0.0004418912867549807
2025_10_21_RSFB-Phenotyping_GG1_JLU/2025_10_21_RSFB-Phenotyping_GG1_JLU/20251021_152843.jpg,2025_10_21_RSFB-Phenotyping_GG1_JLU/2025_10_21_RSFB-Phenotyping_GG1_JLU/20251021_162116.jpg,plot_6cb7c9a593c57304c307,plot_60d8a72fe06bef6e6da4,47.0,18.0,3.0,11.399999618530273,0.0004418912867549807
2025_10_21_RSFB-Phenotyping_GG1_JLU/2025_10_21_RSFB-Phenotyping_GG1_JLU/20251021_152843.jpg,2025_10_21_RSFB-Phenotyping_GG1_JLU/2025_10_21_RSFB-Phenotyping_GG1_JLU/20251021_121113.jpg,plot_6cb7c9a593c57304c307,plot_a7714d1b769d45a9b00a,47.0,18.0,2.0,10.0,0.0004418912867549807
2025_10_21_RSFB-Phenotyping_GG1_JLU/2025_10_21_RSFB-Phenotyping_GG1_JLU/20251021_152843.jpg,2025_10_21_RSFB-Phenotyping_GG1_JLU/2025_10_21_RSFB-Phenotyping_GG1_JLU/20251021_160301.jpg,plot_6cb7c9a593c57304c307,plot_80ee42a305b824b5337d,47.0,18.0,2.0,12.5,0.0004418912867549807
2025_10_21_RSFB-Phenotyping_GG1_JLU/2025_10_21_RSFB-Phenotyping_GG1_JLU/20251021_152843.jpg,2025_10_21_RSFB-Phenotyping_GG1_JLU/2025_10_21_RSFB-Phenotyping_GG1_JLU/20251021_154649.jpg,plot_6cb7c9a593c57304c307,plot_f974c33b3b939aa5f878,47.0,18.0,2.0,9.5,0.0004418912867549807
2025_10_21_RSFB-Phenotyping_GG1_JLU/2025_10_21_RSFB-Phenotyping_GG1_JLU/20251021_132625.jpg,2025_10_21_RSFB-Phenotyping_GG1_JLU/2025_10_21_RSFB-Phenotyping_GG1_JLU/20251021_130209.jpg,plot_f33a9bfab8bd87f9261c,plot_be7d2dcdea72b37dc9bf,35.0,23.0,15.0,7.5,0.0002361832739552483
2025_10_21_RSFB-Phenotyping_GG1_JLU/2025_10_21_RSFB-Phenotyping_GG1_JLU/20251021_132625.jpg,2025_10_21_RSFB-Phenotyping_GG1_JLU/2025_10_21_RSFB-Phenotyping_GG1_JLU/20251021_133018.jpg,plot_f33a9bfab8bd87f9261c,plot_29ad4a9860449a68b25f,35.0,23.0,15.0,6.5,0.0002361832739552483
2025_10_21_RSFB-Phenotyping_GG1_JLU/2025_10_21_RSFB-Phenotyping_GG1_JLU/20251021_132625.jpg,2025_10_21_RSFB-Phenotyping_GG1_JLU/2025_10_21_RSFB-Phenotyping_GG1_JLU/20251021_161808.jpg,plot_f33a9bfab8bd87f9261c,plot_957f290e26708d57eba4,35.0,23.0,3.0,17.0,0.0002361832739552483
2025_10_21_RSFB-Phenotyping_GG1_JLU/2025_10_21_RSFB-Phenotyping_GG1_JLU/20251021_132625.jpg,2025_10_21_RSFB-Phenotyping_GG1_JLU/2025_10_21_RSFB-Phenotyping_GG1_JLU/20251021_131419.jpg,plot_f33a9bfab8bd87f9261c,plot_e26908bc9222e28c92ff,35.0,23.0,10.0,4.5,0.0002361832739552483
2025_10_21_RSFB-Phenotyping_GG1_JLU/2025_10_21_RSFB-Phenotyping_GG1_JLU/20251021_132625.jpg,2025_10_21_RSFB-Phenotyping_GG1_JLU/2025_10_21_RSFB-Phenotyping_GG1_JLU/20251021_154456.jpg,plot_f33a9bfab8bd87f9261c,plot_a2c6a5fd1e9b0c0d5868,35.0,23.0,2.0,16.5,0.0002361832739552483
2025_10_21_RSFB-Phenotyping_GG1_JLU/2025_10_21_RSFB-Phenotyping_GG1_JLU/20251021_132625.jpg,2025_10_21_RSFB-Phenotyping_GG1_JLU/2025_10_21_RSFB-Phenotyping_GG1_JLU/20251021_154649.jpg,plot_f33a9bfab8bd87f9261c,plot_f974c33b3b939aa5f878,35.0,23.0,2.0,9.5,0.0002361832739552483
2025_10_21_RSFB-Phenotyping_GG1_JLU/2025_10_21_RSFB-Phenotyping_GG1_JLU/20251021_132625.jpg,2025_10_21_RSFB-Phenotyping_GG1_JLU/2025_10_21_RSFB-Phenotyping_GG1_JLU/20251021_132801.jpg,plot_f33a9bfab8bd87f9261c,plot_b2decf1cbf56bcdc6d32,35.0,23.0,3.0,12.5,0.0002361832739552483
2025_10_21_RSFB-Phenotyping_GG1_JLU/2025_10_21_RSFB-Phenotyping_GG1_JLU/20251021_132625.jpg,2025_10_21_RSFB-Phenotyping_GG1_JLU/2025_10_21_RSFB-Phenotyping_GG1_JLU/20251021_131511.jpg,plot_f33a9bfab8bd87f9261c,plot_5e57cab4d93c9720a4da,35.0,23.0,16.0,8.5,0.0002361832739552483
2025_10_21_RSFB-Phenotyping_GG1_JLU/2025_10_21_RSFB-Phenotyping_GG1_JLU/20251021_132625.jpg,2025_10_21_RSFB-Phenotyping_GG1_JLU/2025_10_21_RSFB-Phenotyping_GG1_JLU/20251021_160047.jpg,plot_f33a9bfab8bd87f9261c,plot_ecb8a2d7a20b5079cedb,35.0,23.0,2.0,8.5,0.0002361832739552483
2025_10_21_RSFB-Phenotyping_GG1_JLU/2025_10_21_RSFB-Phenotyping_GG1_JLU/20251021_132625.jpg,2025_10_21_RSFB-Phenotyping_GG1_JLU/2025_10_21_RSFB-Phenotyping_GG1_JLU/20251021_161652.jpg,plot_f33a9bfab8bd87f9261c,plot_70a732f80b7b639118af,35.0,23.0,15.0,3.5,0.0002361832739552483
2025_10_21_RSFB-Phenotyping_GG1_JLU/2025_10_21_RSFB-Phenotyping_GG1_JLU/20251021_132625.jpg,2025_10_21_RSFB-Phenotyping_GG1_JLU/2025_10_21_RSFB-Phenotyping_GG1_JLU/20251021_151432.jpg,plot_f33a9bfab8bd87f9261c,plot_f19419da98fe0824600a,35.0,23.0,2.0,12.5,0.0002361832739552483
2025_10_21_RSFB-Phenotyping_GG1_JLU/2025_10_21_RSFB-Phenotyping_GG1_JLU/20251021_132625.jpg,2025_10_21_RSFB-Phenotyping_GG1_JLU/2025_10_21_RSFB-Phenotyping_GG1_JLU/20251021_132050.jpg,plot_f33a9bfab8bd87f9261c,plot_a2622f860df5cef3e355,35.0,23.0,15.0,5.5,0.0002361832739552483
2025_10_21_RSFB-Phenotyping_GG1_JLU/2025_10_21_RSFB-Phenotyping_GG1_JLU/20251021_132625.jpg,2025_10_21_RSFB-Phenotyping_GG1_JLU/2025_10_21_RSFB-Phenotyping_GG1_JLU/20251021_160714.jpg,plot_f33a9bfab8bd87f9261c,plot_ea99039aeae06bdc085a,35.0,23.0,1.0,13.0,0.0002361832739552483
2025_10_21_RSFB-Phenotyping_GG1_JLU/2025_10_21_RSFB-Phenotyping_GG1_JLU/20251021_132625.jpg,2025_10_21_RSFB-Phenotyping_GG1_JLU/2025_10_21_RSFB-Phenotyping_GG1_JLU/20251021_130737.jpg,plot_f33a9bfab8bd87f9261c,plot_4c9e8c4301206d84387b,35.0,23.0,13.0,2.0,0.0002361832739552483
2025_10_21_RSFB-Phenotyping_GG1_JLU/2025_10_21_RSFB-Phenotyping_GG1_JLU/20251021_132625.jpg,2025_10_21_RSFB-Phenotyping_GG1_JLU/2025_10_21_RSFB-Phenotyping_GG1_JLU/20251021_122557.jpg,plot_f33a9bfab8bd87f9261c,plot_4460e7e9889b69d86dd3,35.0,23.0,2.0,10.0,0.0002361832739552483
2025_10_21_RSFB-Phenotyping_GG1_JLU/2025_10_21_RSFB-Phenotyping_GG1_JLU/20251021_132625.jpg,2025_10_21_RSFB-Phenotyping_GG1_JLU/2025_10_21_RSFB-Phenotyping_GG1_JLU/20251021_152721.jpg,plot_f33a9bfab8bd87f9261c,plot_de2f51ed98b70b393739,35.0,23.0,8.0,16.0,0.0002361832739552483
2025_10_21_RSFB-Phenotyping_GG1_JLU/2025_10_21_RSFB-Phenotyping_GG1_JLU/20251021_132625.jpg,2025_10_21_RSFB-Phenotyping_GG1_JLU/2025_10_21_RSFB-Phenotyping_GG1_JLU/20251021_123208.jpg,plot_f33a9bfab8bd87f9261c,plot_a3e331c4e6fce2b877bd,35.0,23.0,15.0,8.0,0.0002361832739552483
2025_10_21_RSFB-Phenotyping_GG1_JLU/2025_10_21_RSFB-Phenotyping_GG1_JLU/20251021_132625.jpg,2025_10_21_RSFB-Phenotyping_GG1_JLU/2025_10_21_RSFB-Phenotyping_GG1_JLU/20251021_130128.jpg,plot_f33a9bfab8bd87f9261c,plot_77196a9ec72c575b5b40,35.0,23.0,10.0,4.5,0.0002361832739552483
2025_10_21_RSFB-Phenotyping_GG1_JLU/2025_10_21_RSFB-Phenotyping_GG1_JLU/20251021_132625.jpg,2025_10_21_RSFB-Phenotyping_GG1_JLU/2025_10_21_RSFB-Phenotyping_GG1_JLU/20251021_121755.jpg,plot_f33a9bfab8bd87f9261c,plot_7085c17d28247f52ec8b,35.0,23.0,15.0,5.0,0.0002361832739552483
2025_10_21_RSFB-Phenotyping_GG1_JLU/2025_10_21_RSFB-Phenotyping_GG1_JLU/20251021_132625.jpg,2025_10_21_RSFB-Phenotyping_GG1_JLU/2025_10_21_RSFB-Phenotyping_GG1_JLU/20251021_155103.jpg,plot_f33a9bfab8bd87f9261c,plot_b499b14eca911be3b991,35.0,23.0,12.0,1.0,0.0002361832739552483
2025_10_21_RSFB-Phenotyping_GG1_JLU/2025_10_21_RSFB-Phenotyping_GG1_JLU/20251021_132625.jpg,2025_10_21_RSFB-Phenotyping_GG1_JLU/2025_10_21_RSFB-Phenotyping_GG1_JLU/20251021_122013.jpg,plot_f33a9bfab8bd87f9261c,plot_de57345dfd586882f461,35.0,23.0,5.0,14.0,0.0002361832739552483
2025_10_21_RSFB-Phenotyping_GG1_JLU/2025_10_21_RSFB-Phenotyping_GG1_JLU/20251021_132625.jpg,2025_10_21_RSFB-Phenotyping_GG1_JLU/2025_10_21_RSFB-Phenotyping_GG1_JLU/20251021_124358.jpg,plot_f33a9bfab8bd87f9261c,plot_e77622de4cce1b168140,35.0,23.0,3.0,11.0,0.0002361832739552483
2025_10_21_RSFB-Phenotyping_GG1_JLU/2025_10_21_RSFB-Phenotyping_GG1_JLU/20251021_132625.jpg,2025_10_21_RSFB-Phenotyping_GG1_JLU/2025_10_21_RSFB-Phenotyping_GG1_JLU/20251021_152637.jpg,plot_f33a9bfab8bd87f9261c,plot_fe93ef196b1a8b77de19,35.0,23.0,16.0,8.5,0.0002361832739552483
2025_10_21_RSFB-Phenotyping_GG1_JLU/2025_10_21_RSFB-Phenotyping_GG1_JLU/20251021_132625.jpg,2025_10_21_RSFB-Phenotyping_GG1_JLU/2025_10_21_RSFB-Phenotyping_GG1_JLU/20251021_123107.jpg,plot_f33a9bfab8bd87f9261c,plot_5700cee80bc5a6e207ec,35.0,23.0,10.0,2.0,0.0002361832739552483
2025_10_21_RSFB-Phenotyping_GG1_JLU/2025_10_21_RSFB-Phenotyping_GG1_JLU/20251021_132625.jpg,2025_10_21_RSFB-Phenotyping_GG1_JLU/2025_10_21_RSFB-Phenotyping_GG1_JLU/20251021_124500.jpg,plot_f33a9bfab8bd87f9261c,plot_ea75df3b909465cef7b1,35.0,23.0,5.0,12.0,0.0002361832739552483
2025_10_21_RSFB-Phenotyping_GG1_JLU/2025_10_21_RSFB-Phenotyping_GG1_JLU/20251021_132625.jpg,2025_10_21_RSFB-Phenotyping_GG1_JLU/2025_10_21_RSFB-Phenotyping_GG1_JLU/20251021_151642.jpg,plot_f33a9bfab8bd87f9261c,plot_f61b29267fecc01648f8,35.0,23.0,10.0,4.5,0.0002361832739552483
2025_10_21_RSFB-Phenotyping_GG1_JLU/2025_10_21_RSFB-Phenotyping_GG1_JLU/20251021_132625.jpg,2025_10_21_RSFB-Phenotyping_GG1_JLU/2025_10_21_RSFB-Phenotyping_GG1_JLU/20251021_162936.jpg,plot_f33a9bfab8bd87f9261c,plot_6b8f7220a8a82d322a40,35.0,23.0,2.0,13.5,0.0002361832739552483
2025_10_21_RSFB-Phenotyping_GG1_JLU/2025_10_21_RSFB-Phenotyping_GG1_JLU/20251021_132625.jpg,2025_10_21_RSFB-Phenotyping_GG1_JLU/2025_10_21_RSFB-Phenotyping_GG1_JLU/20251021_155939.jpg,plot_f33a9bfab8bd87f9261c,plot_b351f823b8a0415f9230,35.0,23.0,3.0,10.0,0.0002361832739552483
2025_10_21_RSFB-Phenotyping_GG1_JLU/2025_10_21_RSFB-Phenotyping_GG1_JLU/20251021_132625.jpg,2025_10_21_RSFB-Phenotyping_GG1_JLU/2025_10_21_RSFB-Phenotyping_GG1_JLU/20251021_152643.jpg,plot_f33a9bfab8bd87f9261c,plot_fe93ef196b1a8b77de19,35.0,23.0,17.0,0.0,0.0002361832739552483
2025_10_21_RSFB-Phenotyping_GG1_JLU/2025_10_21_RSFB-Phenotyping_GG1_JLU/20251021_132625.jpg,2025_10_21_RSFB-Phenotyping_GG1_JLU/2025_10_21_RSFB-Phenotyping_GG1_JLU/20251021_132550.jpg,plot_f33a9bfab8bd87f9261c,plot_cff264c1afb9a1cf9473,35.0,23.0,2.0,8.5,0.0002361832739552483
2025_10_21_RSFB-Phenotyping_GG1_JLU/2025_10_21_RSFB-Phenotyping_GG1_JLU/20251021_132625.jpg,2025_10_21_RSFB-Phenotyping_GG1_JLU/2025_10_21_RSFB-Phenotyping_GG1_JLU/20251021_161751.jpg,plot_f33a9bfab8bd87f9261c,plot_5ca84068b670156039bd,35.0,23.0,3.0,13.0,0.0002361832739552483
2025_10_21_RSFB-Phenotyping_GG1_JLU/2025_10_21_RSFB-Phenotyping_GG1_JLU/20251021_132625.jpg,2025_10_21_RSFB-Phenotyping_GG1_JLU/2025_10_21_RSFB-Phenotyping_GG1_JLU/20251021_152653.jpg,plot_f33a9bfab8bd87f9261c,plot_fe93ef196b1a8b77de19,35.0,23.0,1.0,8.5,0.0002361832739552483
2025_10_21_RSFB-Phenotyping_GG1_JLU/2025_10_21_RSFB-Phenotyping_GG1_JLU/20251021_132625.jpg,2025_10_21_RSFB-Phenotyping_GG1_JLU/2025_10_21_RSFB-Phenotyping_GG1_JLU/20251021_160307.jpg,plot_f33a9bfab8bd87f9261c,plot_80ee42a305b824b5337d,35.0,23.0,1.0,15.0,0.0002361832739552483
2025_10_21_RSFB-Phenotyping_GG1_JLU/2025_10_21_RSFB-Phenotyping_GG1_JLU/20251021_132625.jpg,2025_10_21_RSFB-Phenotyping_GG1_JLU/2025_10_21_RSFB-Phenotyping_GG1_JLU/20251021_121246.jpg,plot_f33a9bfab8bd87f9261c,plot_09d8a533567043e69854,35.0,23.0,7.0,13.5,0.0002361832739552483
2025_10_21_RSFB-Phenotyping_GG1_JLU/2025_10_21_RSFB-Phenotyping_GG1_JLU/20251021_132625.jpg,2025_10_21_RSFB-Phenotyping_GG1_JLU/2025_10_21_RSFB-Phenotyping_GG1_JLU/20251021_132342.jpg,plot_f33a9bfab8bd87f9261c,plot_df712240205f755d4453,35.0,23.0,12.0,2.5,0.0002361832739552483
2025_10_21_RSFB-Phenotyping_GG1_JLU/2025_10_21_RSFB-Phenotyping_GG1_JLU/20251021_132625.jpg,2025_10_21_RSFB-Phenotyping_GG1_JLU/2025_10_21_RSFB-Phenotyping_GG1_JLU/20251021_151915.jpg,plot_f33a9bfab8bd87f9261c,plot_6ca7eb46f81c9ecf993b,35.0,23.0,12.0,5.5,0.0002361832739552483
2025_10_21_RSFB-Phenotyping_GG1_JLU/2025_10_21_RSFB-Phenotyping_GG1_JLU/20251021_132625.jpg,2025_10_21_RSFB-Phenotyping_GG1_JLU/2025_10_21_RSFB-Phenotyping_GG1_JLU/20251021_125901.jpg,plot_f33a9bfab8bd87f9261c,plot_7afc7682bc0b0be61f6b,35.0,23.0,2.0,10.0,0.0002361832739552483
2025_10_21_RSFB-Phenotyping_GG1_JLU/2025_10_21_RSFB-Phenotyping_GG1_JLU/20251021_132625.jpg,2025_10_21_RSFB-Phenotyping_GG1_JLU/2025_10_21_RSFB-Phenotyping_GG1_JLU/20251021_160515.jpg,plot_f33a9bfab8bd87f9261c,plot_515f3eae0107bd86c13e,35.0,23.0,15.0,7.0,0.0002361832739552483
2025_10_21_RSFB-Phenotyping_GG1_JLU/2025_10_21_RSFB-Phenotyping_GG1_JLU/20251021_132625.jpg,2025_10_21_RSFB-Phenotyping_GG1_JLU/2025_10_21_RSFB-Phenotyping_GG1_JLU/20251021_162116.jpg,plot_f33a9bfab8bd87f9261c,plot_60d8a72fe06bef6e6da4,35.0,23.0,3.0,11.399999618530273,0.0002361832739552483
2025_10_21_RSFB-Phenotyping_GG1_JLU/2025_10_21_RSFB-Phenotyping_GG1_JLU/20251021_132625.jpg,2025_10_21_RSFB-Phenotyping_GG1_JLU/2025_10_21_RSFB-Phenotyping_GG1_JLU/20251021_125839.jpg,plot_f33a9bfab8bd87f9261c,plot_01e87c1ddded3d2f1cac,35.0,23.0,15.0,6.5,0.0002361832739552483
2025_10_21_RSFB-Phenotyping_GG1_JLU/2025_10_21_RSFB-Phenotyping_GG1_JLU/20251021_130039.jpg,2025_10_21_RSFB-Phenotyping_GG1_JLU/2025_10_21_RSFB-Phenotyping_GG1_JLU/20251021_155302.jpg,plot_7c9b9d5dc347e36cbea8,plot_cb17d6bcad8ffccbde51,30.0,22.5,1.0,10.5,0.000342465762514621
2025_10_21_RSFB-Phenotyping_GG1_JLU/2025_10_21_RSFB-Phenotyping_GG1_JLU/20251021_130039.jpg,2025_10_21_RSFB-Phenotyping_GG1_JLU/2025_10_21_RSFB-Phenotyping_GG1_JLU/20251021_161636.jpg,plot_7c9b9d5dc347e36cbea8,plot_70a732f80b7b639118af,30.0,22.5,10.0,16.0,0.000342465762514621
2025_10_21_RSFB-Phenotyping_GG1_JLU/2025_10_21_RSFB-Phenotyping_GG1_JLU/20251021_130039.jpg,2025_10_21_RSFB-Phenotyping_GG1_JLU/2025_10_21_RSFB-Phenotyping_GG1_JLU/20251021_131419.jpg,plot_7c9b9d5dc347e36cbea8,plot_e26908bc9222e28c92ff,30.0,22.5,10.0,4.5,0.000342465762514621
2025_10_21_RSFB-Phenotyping_GG1_JLU/2025_10_21_RSFB-Phenotyping_GG1_JLU/20251021_130039.jpg,2025_10_21_RSFB-Phenotyping_GG1_JLU/2025_10_21_RSFB-Phenotyping_GG1_JLU/20251021_161751.jpg,plot_7c9b9d5dc347e36cbea8,plot_5ca84068b670156039bd,30.0,22.5,3.0,13.0,0.000342465762514621
2025_10_21_RSFB-Phenotyping_GG1_JLU/2025_10_21_RSFB-Phenotyping_GG1_JLU/20251021_130039.jpg,2025_10_21_RSFB-Phenotyping_GG1_JLU/2025_10_21_RSFB-Phenotyping_GG1_JLU/20251021_160047.jpg,plot_7c9b9d5dc347e36cbea8,plot_ecb8a2d7a20b5079cedb,30.0,22.5,2.0,8.5,0.000342465762514621
2025_10_21_RSFB-Phenotyping_GG1_JLU/2025_10_21_RSFB-Phenotyping_GG1_JLU/20251021_130039.jpg,2025_10_21_RSFB-Phenotyping_GG1_JLU/2025_10_21_RSFB-Phenotyping_GG1_JLU/20251021_130600.jpg,plot_7c9b9d5dc347e36cbea8,plot_e6262167b576884b0c82,30.0,22.5,16.0,7.0,0.000342465762514621
2025_10_21_RSFB-Phenotyping_GG1_JLU/2025_10_21_RSFB-Phenotyping_GG1_JLU/20251021_130039.jpg,2025_10_21_RSFB-Phenotyping_GG1_JLU/2025_10_21_RSFB-Phenotyping_GG1_JLU/20251021_161415.jpg,plot_7c9b9d5dc347e36cbea8,plot_6db75ec8b4bf1739f8b3,30.0,22.5,10.0,4.5,0.000342465762514621
2025_10_21_RSFB-Phenotyping_GG1_JLU/2025_10_21_RSFB-Phenotyping_GG1_JLU/20251021_130039.jpg,2025_10_21_RSFB-Phenotyping_GG1_JLU/2025_10_21_RSFB-Phenotyping_GG1_JLU/20251021_152040.jpg,plot_7c9b9d5dc347e36cbea8,plot_aace551e1ccebf79dd75,30.0,22.5,14.0,4.5,0.000342465762514621
2025_10_21_RSFB-Phenotyping_GG1_JLU/2025_10_21_RSFB-Phenotyping_GG1_JLU/20251021_130039.jpg,2025_10_21_RSFB-Phenotyping_GG1_JLU/2025_10_21_RSFB-Phenotyping_GG1_JLU/20251021_122557.jpg,plot_7c9b9d5dc347e36cbea8,plot_4460e7e9889b69d86dd3,30.0,22.5,2.0,10.0,0.000342465762514621
2025_10_21_RSFB-Phenotyping_GG1_JLU/2025_10_21_RSFB-Phenotyping_GG1_JLU/20251021_130039.jpg,2025_10_21_RSFB-Phenotyping_GG1_JLU/2025_10_21_RSFB-Phenotyping_GG1_JLU/20251021_161808.jpg,plot_7c9b9d5dc347e36cbea8,plot_957f290e26708d57eba4,30.0,22.5,3.0,17.0,0.000342465762514621
2025_10_21_RSFB-Phenotyping_GG1_JLU/2025_10_21_RSFB-Phenotyping_GG1_JLU/20251021_130039.jpg,2025_10_21_RSFB-Phenotyping_GG1_JLU/2025_10_21_RSFB-Phenotyping_GG1_JLU/20251021_133018.jpg,plot_7c9b9d5dc347e36cbea8,plot_29ad4a9860449a68b25f,30.0,22.5,15.0,6.5,0.000342465762514621
2025_10_21_RSFB-Phenotyping_GG1_JLU/2025_10_21_RSFB-Phenotyping_GG1_JLU/20251021_130039.jpg,2025_10_21_RSFB-Phenotyping_GG1_JLU/2025_10_21_RSFB-Phenotyping_GG1_JLU/20251021_155939.jpg,plot_7c9b9d5dc347e36cbea8,plot_b351f823b8a0415f9230,30.0,22.5,3.0,10.0,0.000342465762514621
2025_10_21_RSFB-Phenotyping_GG1_JLU/2025_10_21_RSFB-Phenotyping_GG1_JLU/20251021_130039.jpg,2025_10_21_RSFB-Phenotyping_GG1_JLU/2025_10_21_RSFB-Phenotyping_GG1_JLU/20251021_121843.jpg,plot_7c9b9d5dc347e36cbea8,plot_08853fb661302206a300,30.0,22.5,4.0,12.0,0.000342465762514621
2025_10_21_RSFB-Phenotyping_GG1_JLU/2025_10_21_RSFB-Phenotyping_GG1_JLU/20251021_130039.jpg,2025_10_21_RSFB-Phenotyping_GG1_JLU/2025_10_21_RSFB-Phenotyping_GG1_JLU/20251021_124358.jpg,plot_7c9b9d5dc347e36cbea8,plot_e77622de4cce1b168140,30.0,22.5,3.0,11.0,0.000342465762514621
2025_10_21_RSFB-Phenotyping_GG1_JLU/2025_10_21_RSFB-Phenotyping_GG1_JLU/20251021_130039.jpg,2025_10_21_RSFB-Phenotyping_GG1_JLU/2025_10_21_RSFB-Phenotyping_GG1_JLU/20251021_123407.jpg,plot_7c9b9d5dc347e36cbea8,plot_a72e9af8f12fd28c9181,30.0,22.5,15.0,7.5,0.000342465762514621
2025_10_21_RSFB-Phenotyping_GG1_JLU/2025_10_21_RSFB-Phenotyping_GG1_JLU/20251021_130039.jpg,2025_10_21_RSFB-Phenotyping_GG1_JLU/2025_10_21_RSFB-Phenotyping_GG1_JLU/20251021_125901.jpg,plot_7c9b9d5dc347e36cbea8,plot_7afc7682bc0b0be61f6b,30.0,22.5,2.0,10.0,0.000342465762514621
2025_10_21_RSFB-Phenotyping_GG1_JLU/2025_10_21_RSFB-Phenotyping_GG1_JLU/20251021_130039.jpg,2025_10_21_RSFB-Phenotyping_GG1_JLU/2025_10_21_RSFB-Phenotyping_GG1_JLU/20251021_161840.jpg,plot_7c9b9d5dc347e36cbea8,plot_fb549f03aaaa145785c8,30.0,22.5,3.0,13.0,0.000342465762514621
2025_10_21_RSFB-Phenotyping_GG1_JLU/2025_10_21_RSFB-Phenotyping_GG1_JLU/20251021_130039.jpg,2025_10_21_RSFB-Phenotyping_GG1_JLU/2025_10_21_RSFB-Phenotyping_GG1_JLU/20251021_151642.jpg,plot_7c9b9d5dc347e36cbea8,plot_f61b29267fecc01648f8,30.0,22.5,10.0,4.5,0.000342465762514621
2025_10_21_RSFB-Phenotyping_GG1_JLU/2025_10_21_RSFB-Phenotyping_GG1_JLU/20251021_130039.jpg,2025_10_21_RSFB-Phenotyping_GG1_JLU/2025_10_21_RSFB-Phenotyping_GG1_JLU/20251021_125439.jpg,plot_7c9b9d5dc347e36cbea8,plot_ccfe1e329b419e50732e,30.0,22.5,13.0,6.5,0.000342465762514621
2025_10_21_RSFB-Phenotyping_GG1_JLU/2025_10_21_RSFB-Phenotyping_GG1_JLU/20251021_130039.jpg,2025_10_21_RSFB-Phenotyping_GG1_JLU/2025_10_21_RSFB-Phenotyping_GG1_JLU/20251021_122402.jpg,plot_7c9b9d5dc347e36cbea8,plot_16577622d2052f869752,30.0,22.5,15.0,7.0,0.000342465762514621
2025_10_21_RSFB-Phenotyping_GG1_JLU/2025_10_21_RSFB-Phenotyping_GG1_JLU/20251021_130039.jpg,2025_10_21_RSFB-Phenotyping_GG1_JLU/2025_10_21_RSFB-Phenotyping_GG1_JLU/20251021_132002.jpg,plot_7c9b9d5dc347e36cbea8,plot_8709d51bb880213559a6,30.0,22.5,15.0,8.5,0.000342465762514621
2025_10_21_RSFB-Phenotyping_GG1_JLU/2025_10_21_RSFB-Phenotyping_GG1_JLU/20251021_130039.jpg,2025_10_21_RSFB-Phenotyping_GG1_JLU/2025_10_21_RSFB-Phenotyping_GG1_JLU/20251021_153825.jpg,plot_7c9b9d5dc347e36cbea8,plot_64e19f5de9c116d1fbb6,30.0,22.5,3.0,8.5,0.000342465762514621
2025_10_21_RSFB-Phenotyping_GG1_JLU/2025_10_21_RSFB-Phenotyping_GG1_JLU/20251021_130039.jpg,2025_10_21_RSFB-Phenotyping_GG1_JLU/2025_10_21_RSFB-Phenotyping_GG1_JLU/20251021_123202.jpg,plot_7c9b9d5dc347e36cbea8,plot_a3e331c4e6fce2b877bd,30.0,22.5,5.0,12.0,0.000342465762514621
2025_10_21_RSFB-Phenotyping_GG1_JLU/2025_10_21_RSFB-Phenotyping_GG1_JLU/20251021_130039.jpg,2025_10_21_RSFB-Phenotyping_GG1_JLU/2025_10_21_RSFB-Phenotyping_GG1_JLU/20251021_153832.jpg,plot_7c9b9d5dc347e36cbea8,plot_64e19f5de9c116d1fbb6,30.0,22.5,4.0,14.0,0.000342465762514621
2025_10_21_RSFB-Phenotyping_GG1_JLU/2025_10_21_RSFB-Phenotyping_GG1_JLU/20251021_130039.jpg,2025_10_21_RSFB-Phenotyping_GG1_JLU/2025_10_21_RSFB-Phenotyping_GG1_JLU/20251021_160831.jpg,plot_7c9b9d5dc347e36cbea8,plot_31ff4a85b21ababa7de0,30.0,22.5,1.0,9.5,0.000342465762514621
2025_10_21_RSFB-Phenotyping_GG1_JLU/2025_10_21_RSFB-Phenotyping_GG1_JLU/20251021_130039.jpg,2025_10_21_RSFB-Phenotyping_GG1_JLU/2025_10_21_RSFB-Phenotyping_GG1_JLU/20251021_161624.jpg,plot_7c9b9d5dc347e36cbea8,plot_3361cc58e772149f169e,30.0,22.5,12.0,3.0,0.000342465762514621
2025_10_21_RSFB-Phenotyping_GG1_JLU/2025_10_21_RSFB-Phenotyping_GG1_JLU/20251021_130039.jpg,2025_10_21_RSFB-Phenotyping_GG1_JLU/2025_10_21_RSFB-Phenotyping_GG1_JLU/20251021_130128.jpg,plot_7c9b9d5dc347e36cbea8,plot_77196a9ec72c575b5b40,30.0,22.5,10.0,4.5,0.000342465762514621
2025_10_21_RSFB-Phenotyping_GG1_JLU/2025_10_21_RSFB-Phenotyping_GG1_JLU/20251021_130039.jpg,2025_10_21_RSFB-Phenotyping_GG1_JLU/2025_10_21_RSFB-Phenotyping_GG1_JLU/20251021_154456.jpg,plot_7c9b9d5dc347e36cbea8,plot_a2c6a5fd1e9b0c0d5868,30.0,22.5,2.0,16.5,0.000342465762514621
2025_10_21_RSFB-Phenotyping_GG1_JLU/2025_10_21_RSFB-Phenotyping_GG1_JLU/20251021_130039.jpg,2025_10_21_RSFB-Phenotyping_GG1_JLU/2025_10_21_RSFB-Phenotyping_GG1_JLU/20251021_132424.jpg,plot_7c9b9d5dc347e36cbea8,plot_04441862d5c5dd0b49cc,30.0,22.5,10.0,2.5,0.000342465762514621
2025_10_21_RSFB-Phenotyping_GG1_JLU/2025_10_21_RSFB-Phenotyping_GG1_JLU/20251021_130039.jpg,2025_10_21_RSFB-Phenotyping_GG1_JLU/2025_10_21_RSFB-Phenotyping_GG1_JLU/20251021_160515.jpg,plot_7c9b9d5dc347e36cbea8,plot_515f3eae0107bd86c13e,30.0,22.5,15.0,7.0,0.000342465762514621
2025_10_21_RSFB-Phenotyping_GG1_JLU/2025_10_21_RSFB-Phenotyping_GG1_JLU/20251021_130039.jpg,2025_10_21_RSFB-Phenotyping_GG1_JLU/2025_10_21_RSFB-Phenotyping_GG1_JLU/20251021_123107.jpg,plot_7c9b9d5dc347e36cbea8,plot_5700cee80bc5a6e207ec,30.0,22.5,10.0,2.0,0.000342465762514621
2025_10_21_RSFB-Phenotyping_GG1_JLU/2025_10_21_RSFB-Phenotyping_GG1_JLU/20251021_130039.jpg,2025_10_21_RSFB-Phenotyping_GG1_JLU/2025_10_21_RSFB-Phenotyping_GG1_JLU/20251021_122330.jpg,plot_7c9b9d5dc347e36cbea8,plot_f0fdaec340e3ae5ac4bf,30.0,22.5,2.0,16.0,0.000342465762514621
2025_10_21_RSFB-Phenotyping_GG1_JLU/2025_10_21_RSFB-Phenotyping_GG1_JLU/20251021_130039.jpg,2025_10_21_RSFB-Phenotyping_GG1_JLU/2025_10_21_RSFB-Phenotyping_GG1_JLU/20251021_152653.jpg,plot_7c9b9d5dc347e36cbea8,plot_fe93ef196b1a8b77de19,30.0,22.5,1.0,8.5,0.000342465762514621
2025_10_21_RSFB-Phenotyping_GG1_JLU/2025_10_21_RSFB-Phenotyping_GG1_JLU/20251021_130039.jpg,2025_10_21_RSFB-Phenotyping_GG1_JLU/2025_10_21_RSFB-Phenotyping_GG1_JLU/20251021_162830.jpg,plot_7c9b9d5dc347e36cbea8,plot_bea3390e83dfe4b9a220,30.0,22.5,15.0,8.5,0.000342465762514621
2025_10_21_RSFB-Phenotyping_GG1_JLU/2025_10_21_RSFB-Phenotyping_GG1_JLU/20251021_130039.jpg,2025_10_21_RSFB-Phenotyping_GG1_JLU/2025_10_21_RSFB-Phenotyping_GG1_JLU/20251021_122013.jpg,plot_7c9b9d5dc347e36cbea8,plot_de57345dfd586882f461,30.0,22.5,5.0,14.0,0.000342465762514621
2025_10_21_RSFB-Phenotyping_GG1_JLU/2025_10_21_RSFB-Phenotyping_GG1_JLU/20251021_130039.jpg,2025_10_21_RSFB-Phenotyping_GG1_JLU/2025_10_21_RSFB-Phenotyping_GG1_JLU/20251021_132342.jpg,plot_7c9b9d5dc347e36cbea8,plot_df712240205f755d4453,30.0,22.5,12.0,2.5,0.000342465762514621
2025_10_21_RSFB-Phenotyping_GG1_JLU/2025_10_21_RSFB-Phenotyping_GG1_JLU/20251021_130039.jpg,2025_10_21_RSFB-Phenotyping_GG1_JLU/2025_10_21_RSFB-Phenotyping_GG1_JLU/20251021_130209.jpg,plot_7c9b9d5dc347e36cbea8,plot_be7d2dcdea72b37dc9bf,30.0,22.5,15.0,7.5,0.000342465762514621
2025_10_21_RSFB-Phenotyping_GG1_JLU/2025_10_21_RSFB-Phenotyping_GG1_JLU/20251021_130039.jpg,2025_10_21_RSFB-Phenotyping_GG1_JLU/2025_10_21_RSFB-Phenotyping_GG1_JLU/20251021_162116.jpg,plot_7c9b9d5dc347e36cbea8,plot_60d8a72fe06bef6e6da4,30.0,22.5,3.0,11.399999618530273,0.000342465762514621
2025_10_21_RSFB-Phenotyping_GG1_JLU/2025_10_21_RSFB-Phenotyping_GG1_JLU/20251021_130039.jpg,2025_10_21_RSFB-Phenotyping_GG1_JLU/2025_10_21_RSFB-Phenotyping_GG1_JLU/20251021_155233.jpg,plot_7c9b9d5dc347e36cbea8,plot_ae2984dd48723bc500ae,30.0,22.5,8.0,14.5,0.000342465762514621
2025_10_21_RSFB-Phenotyping_GG1_JLU/2025_10_21_RSFB-Phenotyping_GG1_JLU/20251021_130039.jpg,2025_10_21_RSFB-Phenotyping_GG1_JLU/2025_10_21_RSFB-Phenotyping_GG1_JLU/20251021_152220.jpg,plot_7c9b9d5dc347e36cbea8,plot_67dc730dc218f4c377b3,30.0,22.5,14.0,5.0,0.000342465762514621
2025_10_21_RSFB-Phenotyping_GG1_JLU/2025_10_21_RSFB-Phenotyping_GG1_JLU/20251021_121533.jpg,2025_10_21_RSFB-Phenotyping_GG1_JLU/2025_10_21_RSFB-Phenotyping_GG1_JLU/20251021_124358.jpg,plot_d262175a030921a83f7c,plot_e77622de4cce1b168140,50.0,18.5,3.0,11.0,0.00036049025948159397
2025_10_21_RSFB-Phenotyping_GG1_JLU/2025_10_21_RSFB-Phenotyping_GG1_JLU/20251021_121533.jpg,2025_10_21_RSFB-Phenotyping_GG1_JLU/2025_10_21_RSFB-Phenotyping_GG1_JLU/20251021_124500.jpg,plot_d262175a030921a83f7c,plot_ea75df3b909465cef7b1,50.0,18.5,5.0,12.0,0.00036049025948159397
2025_10_21_RSFB-Phenotyping_GG1_JLU/2025_10_21_RSFB-Phenotyping_GG1_JLU/20251021_121533.jpg,2025_10_21_RSFB-Phenotyping_GG1_JLU/2025_10_21_RSFB-Phenotyping_GG1_JLU/20251021_121113.jpg,plot_d262175a030921a83f7c,plot_a7714d1b769d45a9b00a,50.0,18.5,2.0,10.0,0.00036049025948159397
2025_10_21_RSFB-Phenotyping_GG1_JLU/2025_10_21_RSFB-Phenotyping_GG1_JLU/20251021_121533.jpg,2025_10_21_RSFB-Phenotyping_GG1_JLU/2025_10_21_RSFB-Phenotyping_GG1_JLU/20251021_125439.jpg,plot_d262175a030921a83f7c,plot_ccfe1e329b419e50732e,50.0,18.5,13.0,6.5,0.00036049025948159397
2025_10_21_RSFB-Phenotyping_GG1_JLU/2025_10_21_RSFB-Phenotyping_GG1_JLU/20251021_121533.jpg,2025_10_21_RSFB-Phenotyping_GG1_JLU/2025_10_21_RSFB-Phenotyping_GG1_JLU/20251021_123202.jpg,plot_d262175a030921a83f7c,plot_a3e331c4e6fce2b877bd,50.0,18.5,5.0,12.0,0.00036049025948159397
2025_10_21_RSFB-Phenotyping_GG1_JLU/2025_10_21_RSFB-Phenotyping_GG1_JLU/20251021_121533.jpg,2025_10_21_RSFB-Phenotyping_GG1_JLU/2025_10_21_RSFB-Phenotyping_GG1_JLU/20251021_155302.jpg,plot_d262175a030921a83f7c,plot_cb17d6bcad8ffccbde51,50.0,18.5,1.0,10.5,0.00036049025948159397
2025_10_21_RSFB-Phenotyping_GG1_JLU/2025_10_21_RSFB-Phenotyping_GG1_JLU/20251021_121533.jpg,2025_10_21_RSFB-Phenotyping_GG1_JLU/2025_10_21_RSFB-Phenotyping_GG1_JLU/20251021_161624.jpg,plot_d262175a030921a83f7c,plot_3361cc58e772149f169e,50.0,18.5,12.0,3.0,0.00036049025948159397
2025_10_21_RSFB-Phenotyping_GG1_JLU/2025_10_21_RSFB-Phenotyping_GG1_JLU/20251021_121533.jpg,2025_10_21_RSFB-Phenotyping_GG1_JLU/2025_10_21_RSFB-Phenotyping_GG1_JLU/20251021_151432.jpg,plot_d262175a030921a83f7c,plot_f19419da98fe0824600a,50.0,18.5,2.0,12.5,0.00036049025948159397
2025_10_21_RSFB-Phenotyping_GG1_JLU/2025_10_21_RSFB-Phenotyping_GG1_JLU/20251021_121533.jpg,2025_10_21_RSFB-Phenotyping_GG1_JLU/2025_10_21_RSFB-Phenotyping_GG1_JLU/20251021_161751.jpg,plot_d262175a030921a83f7c,plot_5ca84068b670156039bd,50.0,18.5,3.0,13.0,0.00036049025948159397
2025_10_21_RSFB-Phenotyping_GG1_JLU/2025_10_21_RSFB-Phenotyping_GG1_JLU/20251021_121533.jpg,2025_10_21_RSFB-Phenotyping_GG1_JLU/2025_10_21_RSFB-Phenotyping_GG1_JLU/20251021_125901.jpg,plot_d262175a030921a83f7c,plot_7afc7682bc0b0be61f6b,50.0,18.5,2.0,10.0,0.00036049025948159397
2025_10_21_RSFB-Phenotyping_GG1_JLU/2025_10_21_RSFB-Phenotyping_GG1_JLU/20251021_121533.jpg,2025_10_21_RSFB-Phenotyping_GG1_JLU/2025_10_21_RSFB-Phenotyping_GG1_JLU/20251021_161840.jpg,plot_d262175a030921a83f7c,plot_fb549f03aaaa145785c8,50.0,18.5,3.0,13.0,0.00036049025948159397
2025_10_21_RSFB-Phenotyping_GG1_JLU/2025_10_21_RSFB-Phenotyping_GG1_JLU/20251021_121533.jpg,2025_10_21_RSFB-Phenotyping_GG1_JLU/2025_10_21_RSFB-Phenotyping_GG1_JLU/20251021_162116.jpg,plot_d262175a030921a83f7c,plot_60d8a72fe06bef6e6da4,50.0,18.5,3.0,11.399999618530273,0.00036049025948159397
2025_10_21_RSFB-Phenotyping_GG1_JLU/2025_10_21_RSFB-Phenotyping_GG1_JLU/20251021_121533.jpg,2025_10_21_RSFB-Phenotyping_GG1_JLU/2025_10_21_RSFB-Phenotyping_GG1_JLU/20251021_161857.jpg,plot_d262175a030921a83f7c,plot_490a77dae7954530a2a4,50.0,18.5,5.0,13.300000190734863,0.00036049025948159397
2025_10_21_RSFB-Phenotyping_GG1_JLU/2025_10_21_RSFB-Phenotyping_GG1_JLU/20251021_121533.jpg,2025_10_21_RSFB-Phenotyping_GG1_JLU/2025_10_21_RSFB-Phenotyping_GG1_JLU/20251021_154649.jpg,plot_d262175a030921a83f7c,plot_f974c33b3b939aa5f878,50.0,18.5,2.0,9.5,0.00036049025948159397
2025_10_21_RSFB-Phenotyping_GG1_JLU/2025_10_21_RSFB-Phenotyping_GG1_JLU/20251021_121533.jpg,2025_10_21_RSFB-Phenotyping_GG1_JLU/2025_10_21_RSFB-Phenotyping_GG1_JLU/20251021_130737.jpg,plot_d262175a030921a83f7c,plot_4c9e8c4301206d84387b,50.0,18.5,13.0,2.0,0.00036049025948159397
2025_10_21_RSFB-Phenotyping_GG1_JLU/2025_10_21_RSFB-Phenotyping_GG1_JLU/20251021_121533.jpg,2025_10_21_RSFB-Phenotyping_GG1_JLU/2025_10_21_RSFB-Phenotyping_GG1_JLU/20251021_160301.jpg,plot_d262175a030921a83f7c,plot_80ee42a305b824b5337d,50.0,18.5,2.0,12.5,0.00036049025948159397
2025_10_21_RSFB-Phenotyping_GG1_JLU/2025_10_21_RSFB-Phenotyping_GG1_JLU/20251021_121533.jpg,2025_10_21_RSFB-Phenotyping_GG1_JLU/2025_10_21_RSFB-Phenotyping_GG1_JLU/20251021_154509.jpg,plot_d262175a030921a83f7c,plot_a2c6a5fd1e9b0c0d5868,50.0,18.5,13.0,6.0,0.00036049025948159397
2025_10_21_RSFB-Phenotyping_GG1_JLU/2025_10_21_RSFB-Phenotyping_GG1_JLU/20251021_121533.jpg,2025_10_21_RSFB-Phenotyping_GG1_JLU/2025_10_21_RSFB-Phenotyping_GG1_JLU/20251021_130128.jpg,plot_d262175a030921a83f7c,plot_77196a9ec72c575b5b40,50.0,18.5,10.0,4.5,0.00036049025948159397
2025_10_21_RSFB-Phenotyping_GG1_JLU/2025_10_21_RSFB-Phenotyping_GG1_JLU/20251021_121533.jpg,2025_10_21_RSFB-Phenotyping_GG1_JLU/2025_10_21_RSFB-Phenotyping_GG1_JLU/20251021_124615.jpg,plot_d262175a030921a83f7c,plot_9e661ae87ec066049f1f,50.0,18.5,5.0,11.5,0.00036049025948159397
2025_10_21_RSFB-Phenotyping_GG1_JLU/2025_10_21_RSFB-Phenotyping_GG1_JLU/20251021_121533.jpg,2025_10_21_RSFB-Phenotyping_GG1_JLU/2025_10_21_RSFB-Phenotyping_GG1_JLU/20251021_131419.jpg,plot_d262175a030921a83f7c,plot_e26908bc9222e28c92ff,50.0,18.5,10.0,4.5,0.00036049025948159397
2025_10_21_RSFB-Phenotyping_GG1_JLU/2025_10_21_RSFB-Phenotyping_GG1_JLU/20251021_121533.jpg,2025_10_21_RSFB-Phenotyping_GG1_JLU/2025_10_21_RSFB-Phenotyping_GG1_JLU/20251021_151915.jpg,plot_d262175a030921a83f7c,plot_6ca7eb46f81c9ecf993b,50.0,18.5,12.0,5.5,0.00036049025948159397
2025_10_21_RSFB-Phenotyping_GG1_JLU/2025_10_21_RSFB-Phenotyping_GG1_JLU/20251021_121533.jpg,2025_10_21_RSFB-Phenotyping_GG1_JLU/2025_10_21_RSFB-Phenotyping_GG1_JLU/20251021_160831.jpg,plot_d262175a030921a83f7c,plot_31ff4a85b21ababa7de0,50.0,18.5,1.0,9.5,0.00036049025948159397
2025_10_21_RSFB-Phenotyping_GG1_JLU/2025_10_21_RSFB-Phenotyping_GG1_JLU/20251021_121533.jpg,2025_10_21_RSFB-Phenotyping_GG1_JLU/2025_10_21_RSFB-Phenotyping_GG1_JLU/20251021_121843.jpg,plot_d262175a030921a83f7c,plot_08853fb661302206a300,50.0,18.5,4.0,12.0,0.00036049025948159397
2025_10_21_RSFB-Phenotyping_GG1_JLU/2025_10_21_RSFB-Phenotyping_GG1_JLU/20251021_121533.jpg,2025_10_21_RSFB-Phenotyping_GG1_JLU/2025_10_21_RSFB-Phenotyping_GG1_JLU/20251021_155939.jpg,plot_d262175a030921a83f7c,plot_b351f823b8a0415f9230,50.0,18.5,3.0,10.0,0.00036049025948159397
2025_10_21_RSFB-Phenotyping_GG1_JLU/2025_10_21_RSFB-Phenotyping_GG1_JLU/20251021_121533.jpg,2025_10_21_RSFB-Phenotyping_GG1_JLU/2025_10_21_RSFB-Phenotyping_GG1_JLU/20251021_132801.jpg,plot_d262175a030921a83f7c,plot_b2decf1cbf56bcdc6d32,50.0,18.5,3.0,12.5,0.00036049025948159397
2025_10_21_RSFB-Phenotyping_GG1_JLU/2025_10_21_RSFB-Phenotyping_GG1_JLU/20251021_121533.jpg,2025_10_21_RSFB-Phenotyping_GG1_JLU/2025_10_21_RSFB-Phenotyping_GG1_JLU/20251021_125431.jpg,plot_d262175a030921a83f7c,plot_ccfe1e329b419e50732e,50.0,18.5,13.0,3.0,0.00036049025948159397
2025_10_21_RSFB-Phenotyping_GG1_JLU/2025_10_21_RSFB-Phenotyping_GG1_JLU/20251021_121533.jpg,2025_10_21_RSFB-Phenotyping_GG1_JLU/2025_10_21_RSFB-Phenotyping_GG1_JLU/20251021_153825.jpg,plot_d262175a030921a83f7c,plot_64e19f5de9c116d1fbb6,50.0,18.5,3.0,8.5,0.00036049025948159397
2025_10_21_RSFB-Phenotyping_GG1_JLU/2025_10_21_RSFB-Phenotyping_GG1_JLU/20251021_121533.jpg,2025_10_21_RSFB-Phenotyping_GG1_JLU/2025_10_21_RSFB-Phenotyping_GG1_JLU/20251021_152457.jpg,plot_d262175a030921a83f7c,plot_cf8f8145824cff35d237,50.0,18.5,3.0,9.5,0.00036049025948159397
2025_10_21_RSFB-Phenotyping_GG1_JLU/2025_10_21_RSFB-Phenotyping_GG1_JLU/20251021_121533.jpg,2025_10_21_RSFB-Phenotyping_GG1_JLU/2025_10_21_RSFB-Phenotyping_GG1_JLU/20251021_132550.jpg,plot_d262175a030921a83f7c,plot_cff264c1afb9a1cf9473,50.0,18.5,2.0,8.5,0.00036049025948159397
2025_10_21_RSFB-Phenotyping_GG1_JLU/2025_10_21_RSFB-Phenotyping_GG1_JLU/20251021_121533.jpg,2025_10_21_RSFB-Phenotyping_GG1_JLU/2025_10_21_RSFB-Phenotyping_GG1_JLU/20251021_132342.jpg,plot_d262175a030921a83f7c,plot_df712240205f755d4453,50.0,18.5,12.0,2.5,0.00036049025948159397
2025_10_21_RSFB-Phenotyping_GG1_JLU/2025_10_21_RSFB-Phenotyping_GG1_JLU/20251021_121533.jpg,2025_10_21_RSFB-Phenotyping_GG1_JLU/2025_10_21_RSFB-Phenotyping_GG1_JLU/20251021_123107.jpg,plot_d262175a030921a83f7c,plot_5700cee80bc5a6e207ec,50.0,18.5,10.0,2.0,0.00036049025948159397
2025_10_21_RSFB-Phenotyping_GG1_JLU/2025_10_21_RSFB-Phenotyping_GG1_JLU/20251021_121533.jpg,2025_10_21_RSFB-Phenotyping_GG1_JLU/2025_10_21_RSFB-Phenotyping_GG1_JLU/20251021_151642.jpg,plot_d262175a030921a83f7c,plot_f61b29267fecc01648f8,50.0,18.5,10.0,4.5,0.00036049025948159397
2025_10_21_RSFB-Phenotyping_GG1_JLU/2025_10_21_RSFB-Phenotyping_GG1_JLU/20251021_121533.jpg,2025_10_21_RSFB-Phenotyping_GG1_JLU/2025_10_21_RSFB-Phenotyping_GG1_JLU/20251021_132424.jpg,plot_d262175a030921a83f7c,plot_04441862d5c5dd0b49cc,50.0,18.5,10.0,2.5,0.00036049025948159397
2025_10_21_RSFB-Phenotyping_GG1_JLU/2025_10_21_RSFB-Phenotyping_GG1_JLU/20251021_121533.jpg,2025_10_21_RSFB-Phenotyping_GG1_JLU/2025_10_21_RSFB-Phenotyping_GG1_JLU/20251021_122557.jpg,plot_d262175a030921a83f7c,plot_4460e7e9889b69d86dd3,50.0,18.5,2.0,10.0,0.00036049025948159397
2025_10_21_RSFB-Phenotyping_GG1_JLU/2025_10_21_RSFB-Phenotyping_GG1_JLU/20251021_121533.jpg,2025_10_21_RSFB-Phenotyping_GG1_JLU/2025_10_21_RSFB-Phenotyping_GG1_JLU/20251021_161415.jpg,plot_d262175a030921a83f7c,plot_6db75ec8b4bf1739f8b3,50.0,18.5,10.0,4.5,0.00036049025948159397
2025_10_21_RSFB-Phenotyping_GG1_JLU/2025_10_21_RSFB-Phenotyping_GG1_JLU/20251021_121533.jpg,2025_10_21_RSFB-Phenotyping_GG1_JLU/2025_10_21_RSFB-Phenotyping_GG1_JLU/20251021_155103.jpg,plot_d262175a030921a83f7c,plot_b499b14eca911be3b991,50.0,18.5,12.0,1.0,0.00036049025948159397
2025_10_21_RSFB-Phenotyping_GG1_JLU/2025_10_21_RSFB-Phenotyping_GG1_JLU/20251021_121533.jpg,2025_10_21_RSFB-Phenotyping_GG1_JLU/2025_10_21_RSFB-Phenotyping_GG1_JLU/20251021_160714.jpg,plot_d262175a030921a83f7c,plot_ea99039aeae06bdc085a,50.0,18.5,1.0,13.0,0.00036049025948159397
2025_10_21_RSFB-Phenotyping_GG1_JLU/2025_10_21_RSFB-Phenotyping_GG1_JLU/20251021_121533.jpg,2025_10_21_RSFB-Phenotyping_GG1_JLU/2025_10_21_RSFB-Phenotyping_GG1_JLU/20251021_160047.jpg,plot_d262175a030921a83f7c,plot_ecb8a2d7a20b5079cedb,50.0,18.5,2.0,8.5,0.00036049025948159397
2025_10_21_RSFB-Phenotyping_GG1_JLU/2025_10_21_RSFB-Phenotyping_GG1_JLU/20251021_121233.jpg,2025_10_21_RSFB-Phenotyping_GG1_JLU/2025_10_21_RSFB-Phenotyping_GG1_JLU/20251021_121113.jpg,plot_75848644f50966d7f678,plot_a7714d1b769d45a9b00a,19.0,35.5,2.0,10.0,0.00035124694113619626
2025_10_21_RSFB-Phenotyping_GG1_JLU/2025_10_21_RSFB-Phenotyping_GG1_JLU/20251021_121233.jpg,2025_10_21_RSFB-Phenotyping_GG1_JLU/2025_10_21_RSFB-Phenotyping_GG1_JLU/20251021_123202.jpg,plot_75848644f50966d7f678,plot_a3e331c4e6fce2b877bd,19.0,35.5,5.0,12.0,0.00035124694113619626
2025_10_21_RSFB-Phenotyping_GG1_JLU/2025_10_21_RSFB-Phenotyping_GG1_JLU/20251021_121233.jpg,2025_10_21_RSFB-Phenotyping_GG1_JLU/2025_10_21_RSFB-Phenotyping_GG1_JLU/20251021_130737.jpg,plot_75848644f50966d7f678,plot_4c9e8c4301206d84387b,19.0,35.5,13.0,2.0,0.00035124694113619626
2025_10_21_RSFB-Phenotyping_GG1_JLU/2025_10_21_RSFB-Phenotyping_GG1_JLU/20251021_121233.jpg,2025_10_21_RSFB-Phenotyping_GG1_JLU/2025_10_21_RSFB-Phenotyping_GG1_JLU/20251021_151432.jpg,plot_75848644f50966d7f678,plot_f19419da98fe0824600a,19.0,35.5,2.0,12.5,0.00035124694113619626
2025_10_21_RSFB-Phenotyping_GG1_JLU/2025_10_21_RSFB-Phenotyping_GG1_JLU/20251021_121233.jpg,2025_10_21_RSFB-Phenotyping_GG1_JLU/2025_10_21_RSFB-Phenotyping_GG1_JLU/20251021_124500.jpg,plot_75848644f50966d7f678,plot_ea75df3b909465cef7b1,19.0,35.5,5.0,12.0,0.00035124694113619626
2025_10_21_RSFB-Phenotyping_GG1_JLU/2025_10_21_RSFB-Phenotyping_GG1_JLU/20251021_121233.jpg,2025_10_21_RSFB-Phenotyping_GG1_JLU/2025_10_21_RSFB-Phenotyping_GG1_JLU/20251021_161857.jpg,plot_75848644f50966d7f678,plot_490a77dae7954530a2a4,19.0,35.5,5.0,13.300000190734863,0.00035124694113619626
2025_10_21_RSFB-Phenotyping_GG1_JLU/2025_10_21_RSFB-Phenotyping_GG1_JLU/20251021_121233.jpg,2025_10_21_RSFB-Phenotyping_GG1_JLU/2025_10_21_RSFB-Phenotyping_GG1_JLU/20251021_125439.jpg,plot_75848644f50966d7f678,plot_ccfe1e329b419e50732e,19.0,35.5,13.0,6.5,0.00035124694113619626
2025_10_21_RSFB-Phenotyping_GG1_JLU/2025_10_21_RSFB-Phenotyping_GG1_JLU/20251021_121233.jpg,2025_10_21_RSFB-Phenotyping_GG1_JLU/2025_10_21_RSFB-Phenotyping_GG1_JLU/20251021_155103.jpg,plot_75848644f50966d7f678,plot_b499b14eca911be3b991,19.0,35.5,12.0,1.0,0.00035124694113619626
2025_10_21_RSFB-Phenotyping_GG1_JLU/2025_10_21_RSFB-Phenotyping_GG1_JLU/20251021_121233.jpg,2025_10_21_RSFB-Phenotyping_GG1_JLU/2025_10_21_RSFB-Phenotyping_GG1_JLU/20251021_162936.jpg,plot_75848644f50966d7f678,plot_6b8f7220a8a82d322a40,19.0,35.5,2.0,13.5,0.00035124694113619626
2025_10_21_RSFB-Phenotyping_GG1_JLU/2025_10_21_RSFB-Phenotyping_GG1_JLU/20251021_121233.jpg,2025_10_21_RSFB-Phenotyping_GG1_JLU/2025_10_21_RSFB-Phenotyping_GG1_JLU/20251021_161415.jpg,plot_75848644f50966d7f678,plot_6db75ec8b4bf1739f8b3,19.0,35.5,10.0,4.5,0.00035124694113619626
2025_10_21_RSFB-Phenotyping_GG1_JLU/2025_10_21_RSFB-Phenotyping_GG1_JLU/20251021_121233.jpg,2025_10_21_RSFB-Phenotyping_GG1_JLU/2025_10_21_RSFB-Phenotyping_GG1_JLU/20251021_151915.jpg,plot_75848644f50966d7f678,plot_6ca7eb46f81c9ecf993b,19.0,35.5,12.0,5.5,0.00035124694113619626
2025_10_21_RSFB-Phenotyping_GG1_JLU/2025_10_21_RSFB-Phenotyping_GG1_JLU/20251021_121233.jpg,2025_10_21_RSFB-Phenotyping_GG1_JLU/2025_10_21_RSFB-Phenotyping_GG1_JLU/20251021_161840.jpg,plot_75848644f50966d7f678,plot_fb549f03aaaa145785c8,19.0,35.5,3.0,13.0,0.00035124694113619626
2025_10_21_RSFB-Phenotyping_GG1_JLU/2025_10_21_RSFB-Phenotyping_GG1_JLU/20251021_121233.jpg,2025_10_21_RSFB-Phenotyping_GG1_JLU/2025_10_21_RSFB-Phenotyping_GG1_JLU/20251021_132550.jpg,plot_75848644f50966d7f678,plot_cff264c1afb9a1cf9473,19.0,35.5,2.0,8.5,0.00035124694113619626
2025_10_21_RSFB-Phenotyping_GG1_JLU/2025_10_21_RSFB-Phenotyping_GG1_JLU/20251021_121233.jpg,2025_10_21_RSFB-Phenotyping_GG1_JLU/2025_10_21_RSFB-Phenotyping_GG1_JLU/20251021_125431.jpg,plot_75848644f50966d7f678,plot_ccfe1e329b419e50732e,19.0,35.5,13.0,3.0,0.00035124694113619626
2025_10_21_RSFB-Phenotyping_GG1_JLU/2025_10_21_RSFB-Phenotyping_GG1_JLU/20251021_121233.jpg,2025_10_21_RSFB-Phenotyping_GG1_JLU/2025_10_21_RSFB-Phenotyping_GG1_JLU/20251021_154649.jpg,plot_75848644f50966d7f678,plot_f974c33b3b939aa5f878,19.0,35.5,2.0,9.5,0.00035124694113619626
2025_10_21_RSFB-Phenotyping_GG1_JLU/2025_10_21_RSFB-Phenotyping_GG1_JLU/20251021_121233.jpg,2025_10_21_RSFB-Phenotyping_GG1_JLU/2025_10_21_RSFB-Phenotyping_GG1_JLU/20251021_132801.jpg,plot_75848644f50966d7f678,plot_b2decf1cbf56bcdc6d32,19.0,35.5,3.0,12.5,0.00035124694113619626
2025_10_21_RSFB-Phenotyping_GG1_JLU/2025_10_21_RSFB-Phenotyping_GG1_JLU/20251021_121233.jpg,2025_10_21_RSFB-Phenotyping_GG1_JLU/2025_10_21_RSFB-Phenotyping_GG1_JLU/20251021_121843.jpg,plot_75848644f50966d7f678,plot_08853fb661302206a300,19.0,35.5,4.0,12.0,0.00035124694113619626
2025_10_21_RSFB-Phenotyping_GG1_JLU/2025_10_21_RSFB-Phenotyping_GG1_JLU/20251021_121233.jpg,2025_10_21_RSFB-Phenotyping_GG1_JLU/2025_10_21_RSFB-Phenotyping_GG1_JLU/20251021_154509.jpg,plot_75848644f50966d7f678,plot_a2c6a5fd1e9b0c0d5868,19.0,35.5,13.0,6.0,0.00035124694113619626
2025_10_21_RSFB-Phenotyping_GG1_JLU/2025_10_21_RSFB-Phenotyping_GG1_JLU/20251021_121233.jpg,2025_10_21_RSFB-Phenotyping_GG1_JLU/2025_10_21_RSFB-Phenotyping_GG1_JLU/20251021_151642.jpg,plot_75848644f50966d7f678,plot_f61b29267fecc01648f8,19.0,35.5,10.0,4.5,0.00035124694113619626
2025_10_21_RSFB-Phenotyping_GG1_JLU/2025_10_21_RSFB-Phenotyping_GG1_JLU/20251021_121233.jpg,2025_10_21_RSFB-Phenotyping_GG1_JLU/2025_10_21_RSFB-Phenotyping_GG1_JLU/20251021_161751.jpg,plot_75848644f50966d7f678,plot_5ca84068b670156039bd,19.0,35.5,3.0,13.0,0.00035124694113619626
2025_10_21_RSFB-Phenotyping_GG1_JLU/2025_10_21_RSFB-Phenotyping_GG1_JLU/20251021_121233.jpg,2025_10_21_RSFB-Phenotyping_GG1_JLU/2025_10_21_RSFB-Phenotyping_GG1_JLU/20251021_132424.jpg,plot_75848644f50966d7f678,plot_04441862d5c5dd0b49cc,19.0,35.5,10.0,2.5,0.00035124694113619626
2025_10_21_RSFB-Phenotyping_GG1_JLU/2025_10_21_RSFB-Phenotyping_GG1_JLU/20251021_121233.jpg,2025_10_21_RSFB-Phenotyping_GG1_JLU/2025_10_21_RSFB-Phenotyping_GG1_JLU/20251021_121246.jpg,plot_75848644f50966d7f678,plot_09d8a533567043e69854,19.0,35.5,7.0,13.5,0.00035124694113619626
2025_10_21_RSFB-Phenotyping_GG1_JLU/2025_10_21_RSFB-Phenotyping_GG1_JLU/20251021_121233.jpg,2025_10_21_RSFB-Phenotyping_GG1_JLU/2025_10_21_RSFB-Phenotyping_GG1_JLU/20251021_161624.jpg,plot_75848644f50966d7f678,plot_3361cc58e772149f169e,19.0,35.5,12.0,3.0,0.00035124694113619626
2025_10_21_RSFB-Phenotyping_GG1_JLU/2025_10_21_RSFB-Phenotyping_GG1_JLU/20251021_121233.jpg,2025_10_21_RSFB-Phenotyping_GG1_JLU/2025_10_21_RSFB-Phenotyping_GG1_JLU/20251021_131419.jpg,plot_75848644f50966d7f678,plot_e26908bc9222e28c92ff,19.0,35.5,10.0,4.5,0.00035124694113619626
2025_10_21_RSFB-Phenotyping_GG1_JLU/2025_10_21_RSFB-Phenotyping_GG1_JLU/20251021_121233.jpg,2025_10_21_RSFB-Phenotyping_GG1_JLU/2025_10_21_RSFB-Phenotyping_GG1_JLU/20251021_124615.jpg,plot_75848644f50966d7f678,plot_9e661ae87ec066049f1f,19.0,35.5,5.0,11.5,0.00035124694113619626
2025_10_21_RSFB-Phenotyping_GG1_JLU/2025_10_21_RSFB-Phenotyping_GG1_JLU/20251021_121233.jpg,2025_10_21_RSFB-Phenotyping_GG1_JLU/2025_10_21_RSFB-Phenotyping_GG1_JLU/20251021_130128.jpg,plot_75848644f50966d7f678,plot_77196a9ec72c575b5b40,19.0,35.5,10.0,4.5,0.00035124694113619626
2025_10_21_RSFB-Phenotyping_GG1_JLU/2025_10_21_RSFB-Phenotyping_GG1_JLU/20251021_121233.jpg,2025_10_21_RSFB-Phenotyping_GG1_JLU/2025_10_21_RSFB-Phenotyping_GG1_JLU/20251021_160831.jpg,plot_75848644f50966d7f678,plot_31ff4a85b21ababa7de0,19.0,35.5,1.0,9.5,0.00035124694113619626
2025_10_21_RSFB-Phenotyping_GG1_JLU/2025_10_21_RSFB-Phenotyping_GG1_JLU/20251021_121233.jpg,2025_10_21_RSFB-Phenotyping_GG1_JLU/2025_10_21_RSFB-Phenotyping_GG1_JLU/20251021_124358.jpg,plot_75848644f50966d7f678,plot_e77622de4cce1b168140,19.0,35.5,3.0,11.0,0.00035124694113619626
2025_10_21_RSFB-Phenotyping_GG1_JLU/2025_10_21_RSFB-Phenotyping_GG1_JLU/20251021_121233.jpg,2025_10_21_RSFB-Phenotyping_GG1_JLU/2025_10_21_RSFB-Phenotyping_GG1_JLU/20251021_155302.jpg,plot_75848644f50966d7f678,plot_cb17d6bcad8ffccbde51,19.0,35.5,1.0,10.5,0.00035124694113619626
2025_10_21_RSFB-Phenotyping_GG1_JLU/2025_10_21_RSFB-Phenotyping_GG1_JLU/20251021_121233.jpg,2025_10_21_RSFB-Phenotyping_GG1_JLU/2025_10_21_RSFB-Phenotyping_GG1_JLU/20251021_122557.jpg,plot_75848644f50966d7f678,plot_4460e7e9889b69d86dd3,19.0,35.5,2.0,10.0,0.00035124694113619626
2025_10_21_RSFB-Phenotyping_GG1_JLU/2025_10_21_RSFB-Phenotyping_GG1_JLU/20251021_121233.jpg,2025_10_21_RSFB-Phenotyping_GG1_JLU/2025_10_21_RSFB-Phenotyping_GG1_JLU/20251021_123107.jpg,plot_75848644f50966d7f678,plot_5700cee80bc5a6e207ec,19.0,35.5,10.0,2.0,0.00035124694113619626
2025_10_21_RSFB-Phenotyping_GG1_JLU/2025_10_21_RSFB-Phenotyping_GG1_JLU/20251021_121233.jpg,2025_10_21_RSFB-Phenotyping_GG1_JLU/2025_10_21_RSFB-Phenotyping_GG1_JLU/20251021_162116.jpg,plot_75848644f50966d7f678,plot_60d8a72fe06bef6e6da4,19.0,35.5,3.0,11.399999618530273,0.00035124694113619626
2025_10_21_RSFB-Phenotyping_GG1_JLU/2025_10_21_RSFB-Phenotyping_GG1_JLU/20251021_121233.jpg,2025_10_21_RSFB-Phenotyping_GG1_JLU/2025_10_21_RSFB-Phenotyping_GG1_JLU/20251021_155939.jpg,plot_75848644f50966d7f678,plot_b351f823b8a0415f9230,19.0,35.5,3.0,10.0,0.00035124694113619626
2025_10_21_RSFB-Phenotyping_GG1_JLU/2025_10_21_RSFB-Phenotyping_GG1_JLU/20251021_121233.jpg,2025_10_21_RSFB-Phenotyping_GG1_JLU/2025_10_21_RSFB-Phenotyping_GG1_JLU/20251021_132342.jpg,plot_75848644f50966d7f678,plot_df712240205f755d4453,19.0,35.5,12.0,2.5,0.00035124694113619626
2025_10_21_RSFB-Phenotyping_GG1_JLU/2025_10_21_RSFB-Phenotyping_GG1_JLU/20251021_121233.jpg,2025_10_21_RSFB-Phenotyping_GG1_JLU/2025_10_21_RSFB-Phenotyping_GG1_JLU/20251021_160047.jpg,plot_75848644f50966d7f678,plot_ecb8a2d7a20b5079cedb,19.0,35.5,2.0,8.5,0.00035124694113619626
2025_10_21_RSFB-Phenotyping_GG1_JLU/2025_10_21_RSFB-Phenotyping_GG1_JLU/20251021_121233.jpg,2025_10_21_RSFB-Phenotyping_GG1_JLU/2025_10_21_RSFB-Phenotyping_GG1_JLU/20251021_125901.jpg,plot_75848644f50966d7f678,plot_7afc7682bc0b0be61f6b,19.0,35.5,2.0,10.0,0.00035124694113619626
2025_10_21_RSFB-Phenotyping_GG1_JLU/2025_10_21_RSFB-Phenotyping_GG1_JLU/20251021_121233.jpg,2025_10_21_RSFB-Phenotyping_GG1_JLU/2025_10_21_RSFB-Phenotyping_GG1_JLU/20251021_152457.jpg,plot_75848644f50966d7f678,plot_cf8f8145824cff35d237,19.0,35.5,3.0,9.5,0.00035124694113619626
2025_10_21_RSFB-Phenotyping_GG1_JLU/2025_10_21_RSFB-Phenotyping_GG1_JLU/20251021_121233.jpg,2025_10_21_RSFB-Phenotyping_GG1_JLU/2025_10_21_RSFB-Phenotyping_GG1_JLU/20251021_160301.jpg,plot_75848644f50966d7f678,plot_80ee42a305b824b5337d,19.0,35.5,2.0,12.5,0.00035124694113619626
2025_10_21_RSFB-Phenotyping_GG1_JLU/2025_10_21_RSFB-Phenotyping_GG1_JLU/20251021_121233.jpg,2025_10_21_RSFB-Phenotyping_GG1_JLU/2025_10_21_RSFB-Phenotyping_GG1_JLU/20251021_160714.jpg,plot_75848644f50966d7f678,plot_ea99039aeae06bdc085a,19.0,35.5,1.0,13.0,0.00035124694113619626
2025_10_21_RSFB-Phenotyping_GG1_JLU/2025_10_21_RSFB-Phenotyping_GG1_JLU/20251021_154528.jpg,2025_10_21_RSFB-Phenotyping_GG1_JLU/2025_10_21_RSFB-Phenotyping_GG1_JLU/20251021_125901.jpg,plot_85cd54d122b99fbc57a3,plot_7afc7682bc0b0be61f6b,43.0,24.0,2.0,10.0,0.000342465762514621
2025_10_21_RSFB-Phenotyping_GG1_JLU/2025_10_21_RSFB-Phenotyping_GG1_JLU/20251021_154528.jpg,2025_10_21_RSFB-Phenotyping_GG1_JLU/2025_10_21_RSFB-Phenotyping_GG1_JLU/20251021_125839.jpg,plot_85cd54d122b99fbc57a3,plot_01e87c1ddded3d2f1cac,43.0,24.0,15.0,6.5,0.000342465762514621
2025_10_21_RSFB-Phenotyping_GG1_JLU/2025_10_21_RSFB-Phenotyping_GG1_JLU/20251021_154528.jpg,2025_10_21_RSFB-Phenotyping_GG1_JLU/2025_10_21_RSFB-Phenotyping_GG1_JLU/20251021_123930.jpg,plot_85cd54d122b99fbc57a3,plot_57717e3cb06d560f3a82,43.0,24.0,18.0,12.0,0.000342465762514621
2025_10_21_RSFB-Phenotyping_GG1_JLU/2025_10_21_RSFB-Phenotyping_GG1_JLU/20251021_154528.jpg,2025_10_21_RSFB-Phenotyping_GG1_JLU/2025_10_21_RSFB-Phenotyping_GG1_JLU/20251021_151432.jpg,plot_85cd54d122b99fbc57a3,plot_f19419da98fe0824600a,43.0,24.0,2.0,12.5,0.000342465762514621
2025_10_21_RSFB-Phenotyping_GG1_JLU/2025_10_21_RSFB-Phenotyping_GG1_JLU/20251021_154528.jpg,2025_10_21_RSFB-Phenotyping_GG1_JLU/2025_10_21_RSFB-Phenotyping_GG1_JLU/20251021_124500.jpg,plot_85cd54d122b99fbc57a3,plot_ea75df3b909465cef7b1,43.0,24.0,5.0,12.0,0.000342465762514621
2025_10_21_RSFB-Phenotyping_GG1_JLU/2025_10_21_RSFB-Phenotyping_GG1_JLU/20251021_154528.jpg,2025_10_21_RSFB-Phenotyping_GG1_JLU/2025_10_21_RSFB-Phenotyping_GG1_JLU/20251021_155857.jpg,plot_85cd54d122b99fbc57a3,plot_e898a4d9ed85e24ff050,43.0,24.0,12.0,18.5,0.000342465762514621
2025_10_21_RSFB-Phenotyping_GG1_JLU/2025_10_21_RSFB-Phenotyping_GG1_JLU/20251021_154528.jpg,2025_10_21_RSFB-Phenotyping_GG1_JLU/2025_10_21_RSFB-Phenotyping_GG1_JLU/20251021_161624.jpg,plot_85cd54d122b99fbc57a3,plot_3361cc58e772149f169e,43.0,24.0,12.0,3.0,0.000342465762514621
2025_10_21_RSFB-Phenotyping_GG1_JLU/2025_10_21_RSFB-Phenotyping_GG1_JLU/20251021_154528.jpg,2025_10_21_RSFB-Phenotyping_GG1_JLU/2025_10_21_RSFB-Phenotyping_GG1_JLU/20251021_161415.jpg,plot_85cd54d122b99fbc57a3,plot_6db75ec8b4bf1739f8b3,43.0,24.0,10.0,4.5,0.000342465762514621
2025_10_21_RSFB-Phenotyping_GG1_JLU/2025_10_21_RSFB-Phenotyping_GG1_JLU/20251021_154528.jpg,2025_10_21_RSFB-Phenotyping_GG1_JLU/2025_10_21_RSFB-Phenotyping_GG1_JLU/20251021_124615.jpg,plot_85cd54d122b99fbc57a3,plot_9e661ae87ec066049f1f,43.0,24.0,5.0,11.5,0.000342465762514621
2025_10_21_RSFB-Phenotyping_GG1_JLU/2025_10_21_RSFB-Phenotyping_GG1_JLU/20251021_154528.jpg,2025_10_21_RSFB-Phenotyping_GG1_JLU/2025_10_21_RSFB-Phenotyping_GG1_JLU/20251021_154649.jpg,plot_85cd54d122b99fbc57a3,plot_f974c33b3b939aa5f878,43.0,24.0,2.0,9.5,0.000342465762514621
2025_10_21_RSFB-Phenotyping_GG1_JLU/2025_10_21_RSFB-Phenotyping_GG1_JLU/20251021_154528.jpg,2025_10_21_RSFB-Phenotyping_GG1_JLU/2025_10_21_RSFB-Phenotyping_GG1_JLU/20251021_122330.jpg,plot_85cd54d122b99fbc57a3,plot_f0fdaec340e3ae5ac4bf,43.0,24.0,2.0,16.0,0.000342465762514621
2025_10_21_RSFB-Phenotyping_GG1_JLU/2025_10_21_RSFB-Phenotyping_GG1_JLU/20251021_154528.jpg,2025_10_21_RSFB-Phenotyping_GG1_JLU/2025_10_21_RSFB-Phenotyping_GG1_JLU/20251021_161652.jpg,plot_85cd54d122b99fbc57a3,plot_70a732f80b7b639118af,43.0,24.0,15.0,3.5,0.000342465762514621
2025_10_21_RSFB-Phenotyping_GG1_JLU/2025_10_21_RSFB-Phenotyping_GG1_JLU/20251021_154528.jpg,2025_10_21_RSFB-Phenotyping_GG1_JLU/2025_10_21_RSFB-Phenotyping_GG1_JLU/20251021_151642.jpg,plot_85cd54d122b99fbc57a3,plot_f61b29267fecc01648f8,43.0,24.0,10.0,4.5,0.000342465762514621
2025_10_21_RSFB-Phenotyping_GG1_JLU/2025_10_21_RSFB-Phenotyping_GG1_JLU/20251021_154528.jpg,2025_10_21_RSFB-Phenotyping_GG1_JLU/2025_10_21_RSFB-Phenotyping_GG1_JLU/20251021_152220.jpg,plot_85cd54d122b99fbc57a3,plot_67dc730dc218f4c377b3,43.0,24.0,14.0,5.0,0.000342465762514621
2025_10_21_RSFB-Phenotyping_GG1_JLU/2025_10_21_RSFB-Phenotyping_GG1_JLU/20251021_154528.jpg,2025_10_21_RSFB-Phenotyping_GG1_JLU/2025_10_21_RSFB-Phenotyping_GG1_JLU/20251021_124358.jpg,plot_85cd54d122b99fbc57a3,plot_e77622de4cce1b168140,43.0,24.0,3.0,11.0,0.000342465762514621
2025_10_21_RSFB-Phenotyping_GG1_JLU/2025_10_21_RSFB-Phenotyping_GG1_JLU/20251021_154528.jpg,2025_10_21_RSFB-Phenotyping_GG1_JLU/2025_10_21_RSFB-Phenotyping_GG1_JLU/20251021_152643.jpg,plot_85cd54d122b99fbc57a3,plot_fe93ef196b1a8b77de19,43.0,24.0,17.0,0.0,0.000342465762514621
2025_10_21_RSFB-Phenotyping_GG1_JLU/2025_10_21_RSFB-Phenotyping_GG1_JLU/20251021_154528.jpg,2025_10_21_RSFB-Phenotyping_GG1_JLU/2025_10_21_RSFB-Phenotyping_GG1_JLU/20251021_130423.jpg,plot_85cd54d122b99fbc57a3,plot_8390a5f10d833e2ab881,43.0,24.0,5.0,14.5,0.000342465762514621
2025_10_21_RSFB-Phenotyping_GG1_JLU/2025_10_21_RSFB-Phenotyping_GG1_JLU/20251021_154528.jpg,2025_10_21_RSFB-Phenotyping_GG1_JLU/2025_10_21_RSFB-Phenotyping_GG1_JLU/20251021_125431.jpg,plot_85cd54d122b99fbc57a3,plot_ccfe1e329b419e50732e,43.0,24.0,13.0,3.0,0.000342465762514621
2025_10_21_RSFB-Phenotyping_GG1_JLU/2025_10_21_RSFB-Phenotyping_GG1_JLU/20251021_154528.jpg,2025_10_21_RSFB-Phenotyping_GG1_JLU/2025_10_21_RSFB-Phenotyping_GG1_JLU/20251021_160301.jpg,plot_85cd54d122b99fbc57a3,plot_80ee42a305b824b5337d,43.0,24.0,2.0,12.5,0.000342465762514621
2025_10_21_RSFB-Phenotyping_GG1_JLU/2025_10_21_RSFB-Phenotyping_GG1_JLU/20251021_154528.jpg,2025_10_21_RSFB-Phenotyping_GG1_JLU/2025_10_21_RSFB-Phenotyping_GG1_JLU/20251021_123407.jpg,plot_85cd54d122b99fbc57a3,plot_a72e9af8f12fd28c9181,43.0,24.0,15.0,7.5,0.000342465762514621
2025_10_21_RSFB-Phenotyping_GG1_JLU/2025_10_21_RSFB-Phenotyping_GG1_JLU/20251021_154528.jpg,2025_10_21_RSFB-Phenotyping_GG1_JLU/2025_10_21_RSFB-Phenotyping_GG1_JLU/20251021_132342.jpg,plot_85cd54d122b99fbc57a3,plot_df712240205f755d4453,43.0,24.0,12.0,2.5,0.000342465762514621
2025_10_21_RSFB-Phenotyping_GG1_JLU/2025_10_21_RSFB-Phenotyping_GG1_JLU/20251021_154528.jpg,2025_10_21_RSFB-Phenotyping_GG1_JLU/2025_10_21_RSFB-Phenotyping_GG1_JLU/20251021_162830.jpg,plot_85cd54d122b99fbc57a3,plot_bea3390e83dfe4b9a220,43.0,24.0,15.0,8.5,0.000342465762514621
2025_10_21_RSFB-Phenotyping_GG1_JLU/2025_10_21_RSFB-Phenotyping_GG1_JLU/20251021_154528.jpg,2025_10_21_RSFB-Phenotyping_GG1_JLU/2025_10_21_RSFB-Phenotyping_GG1_JLU/20251021_121113.jpg,plot_85cd54d122b99fbc57a3,plot_a7714d1b769d45a9b00a,43.0,24.0,2.0,10.0,0.000342465762514621
2025_10_21_RSFB-Phenotyping_GG1_JLU/2025_10_21_RSFB-Phenotyping_GG1_JLU/20251021_154528.jpg,2025_10_21_RSFB-Phenotyping_GG1_JLU/2025_10_21_RSFB-Phenotyping_GG1_JLU/20251021_125439.jpg,plot_85cd54d122b99fbc57a3,plot_ccfe1e329b419e50732e,43.0,24.0,13.0,6.5,0.000342465762514621
2025_10_21_RSFB-Phenotyping_GG1_JLU/2025_10_21_RSFB-Phenotyping_GG1_JLU/20251021_154528.jpg,2025_10_21_RSFB-Phenotyping_GG1_JLU/2025_10_21_RSFB-Phenotyping_GG1_JLU/20251021_132550.jpg,plot_85cd54d122b99fbc57a3,plot_cff264c1afb9a1cf9473,43.0,24.0,2.0,8.5,0.000342465762514621
2025_10_21_RSFB-Phenotyping_GG1_JLU/2025_10_21_RSFB-Phenotyping_GG1_JLU/20251021_154528.jpg,2025_10_21_RSFB-Phenotyping_GG1_JLU/2025_10_21_RSFB-Phenotyping_GG1_JLU/20251021_151915.jpg,plot_85cd54d122b99fbc57a3,plot_6ca7eb46f81c9ecf993b,43.0,24.0,12.0,5.5,0.000342465762514621
2025_10_21_RSFB-Phenotyping_GG1_JLU/2025_10_21_RSFB-Phenotyping_GG1_JLU/20251021_154528.jpg,2025_10_21_RSFB-Phenotyping_GG1_JLU/2025_10_21_RSFB-Phenotyping_GG1_JLU/20251021_155103.jpg,plot_85cd54d122b99fbc57a3,plot_b499b14eca911be3b991,43.0,24.0,12.0,1.0,0.000342465762514621
2025_10_21_RSFB-Phenotyping_GG1_JLU/2025_10_21_RSFB-Phenotyping_GG1_JLU/20251021_154528.jpg,2025_10_21_RSFB-Phenotyping_GG1_JLU/2025_10_21_RSFB-Phenotyping_GG1_JLU/20251021_130209.jpg,plot_85cd54d122b99fbc57a3,plot_be7d2dcdea72b37dc9bf,43.0,24.0,15.0,7.5,0.000342465762514621
2025_10_21_RSFB-Phenotyping_GG1_JLU/2025_10_21_RSFB-Phenotyping_GG1_JLU/20251021_154528.jpg,2025_10_21_RSFB-Phenotyping_GG1_JLU/2025_10_21_RSFB-Phenotyping_GG1_JLU/20251021_152457.jpg,plot_85cd54d122b99fbc57a3,plot_cf8f8145824cff35d237,43.0,24.0,3.0,9.5,0.000342465762514621
2025_10_21_RSFB-Phenotyping_GG1_JLU/2025_10_21_RSFB-Phenotyping_GG1_JLU/20251021_154528.jpg,2025_10_21_RSFB-Phenotyping_GG1_JLU/2025_10_21_RSFB-Phenotyping_GG1_JLU/20251021_123208.jpg,plot_85cd54d122b99fbc57a3,plot_a3e331c4e6fce2b877bd,43.0,24.0,15.0,8.0,0.000342465762514621
2025_10_21_RSFB-Phenotyping_GG1_JLU/2025_10_21_RSFB-Phenotyping_GG1_JLU/20251021_154528.jpg,2025_10_21_RSFB-Phenotyping_GG1_JLU/2025_10_21_RSFB-Phenotyping_GG1_JLU/20251021_155302.jpg,plot_85cd54d122b99fbc57a3,plot_cb17d6bcad8ffccbde51,43.0,24.0,1.0,10.5,0.000342465762514621
2025_10_21_RSFB-Phenotyping_GG1_JLU/2025_10_21_RSFB-Phenotyping_GG1_JLU/20251021_154528.jpg,2025_10_21_RSFB-Phenotyping_GG1_JLU/2025_10_21_RSFB-Phenotyping_GG1_JLU/20251021_121517.jpg,plot_85cd54d122b99fbc57a3,plot_d262175a030921a83f7c,43.0,24.0,9.0,17.5,0.000342465762514621
2025_10_21_RSFB-Phenotyping_GG1_JLU/2025_10_21_RSFB-Phenotyping_GG1_JLU/20251021_154528.jpg,2025_10_21_RSFB-Phenotyping_GG1_JLU/2025_10_21_RSFB-Phenotyping_GG1_JLU/20251021_160831.jpg,plot_85cd54d122b99fbc57a3,plot_31ff4a85b21ababa7de0,43.0,24.0,1.0,9.5,0.000342465762514621
2025_10_21_RSFB-Phenotyping_GG1_JLU/2025_10_21_RSFB-Phenotyping_GG1_JLU/20251021_154528.jpg,2025_10_21_RSFB-Phenotyping_GG1_JLU/2025_10_21_RSFB-Phenotyping_GG1_JLU/20251021_160003.jpg,plot_85cd54d122b99fbc57a3,plot_70e089493510c6f73a3d,43.0,24.0,15.0,7.0,0.000342465762514621
2025_10_21_RSFB-Phenotyping_GG1_JLU/2025_10_21_RSFB-Phenotyping_GG1_JLU/20251021_154528.jpg,2025_10_21_RSFB-Phenotyping_GG1_JLU/2025_10_21_RSFB-Phenotyping_GG1_JLU/20251021_122557.jpg,plot_85cd54d122b99fbc57a3,plot_4460e7e9889b69d86dd3,43.0,24.0,2.0,10.0,0.000342465762514621
2025_10_21_RSFB-Phenotyping_GG1_JLU/2025_10_21_RSFB-Phenotyping_GG1_JLU/20251021_154528.jpg,2025_10_21_RSFB-Phenotyping_GG1_JLU/2025_10_21_RSFB-Phenotyping_GG1_JLU/20251021_155808.jpg,plot_85cd54d122b99fbc57a3,plot_7b5226474d03f55ab84a,43.0,24.0,2.0,15.0,0.000342465762514621
2025_10_21_RSFB-Phenotyping_GG1_JLU/2025_10_21_RSFB-Phenotyping_GG1_JLU/20251021_154528.jpg,2025_10_21_RSFB-Phenotyping_GG1_JLU/2025_10_21_RSFB-Phenotyping_GG1_JLU/20251021_132902.jpg,plot_85cd54d122b99fbc57a3,plot_a68ea486bf28d2a65eea,43.0,24.0,15.0,5.0,0.000342465762514621
2025_10_21_RSFB-Phenotyping_GG1_JLU/2025_10_21_RSFB-Phenotyping_GG1_JLU/20251021_154528.jpg,2025_10_21_RSFB-Phenotyping_GG1_JLU/2025_10_21_RSFB-Phenotyping_GG1_JLU/20251021_161712.jpg,plot_85cd54d122b99fbc57a3,plot_79cb1c61f58f85c07e0c,43.0,24.0,17.0,6.0,0.000342465762514621
2025_10_21_RSFB-Phenotyping_GG1_JLU/2025_10_21_RSFB-Phenotyping_GG1_JLU/20251021_154528.jpg,2025_10_21_RSFB-Phenotyping_GG1_JLU/2025_10_21_RSFB-Phenotyping_GG1_JLU/20251021_152040.jpg,plot_85cd54d122b99fbc57a3,plot_aace551e1ccebf79dd75,43.0,24.0,14.0,4.5,0.000342465762514621
2025_10_21_RSFB-Phenotyping_GG1_JLU/2025_10_21_RSFB-Phenotyping_GG1_JLU/20251021_154528.jpg,2025_10_21_RSFB-Phenotyping_GG1_JLU/2025_10_21_RSFB-Phenotyping_GG1_JLU/20251021_131419.jpg,plot_85cd54d122b99fbc57a3,plot_e26908bc9222e28c92ff,43.0,24.0,10.0,4.5,0.000342465762514621
2025_10_21_RSFB-Phenotyping_GG1_JLU/2025_10_21_RSFB-Phenotyping_GG1_JLU/20251021_130058.jpg,2025_10_21_RSFB-Phenotyping_GG1_JLU/2025_10_21_RSFB-Phenotyping_GG1_JLU/20251021_132550.jpg,plot_e8ae0e6d7bf8ec4563b6,plot_cff264c1afb9a1cf9473,30.0,15.0,2.0,8.5,0.002739726100116968
2025_10_21_RSFB-Phenotyping_GG1_JLU/2025_10_21_RSFB-Phenotyping_GG1_JLU/20251021_130058.jpg,2025_10_21_RSFB-Phenotyping_GG1_JLU/2025_10_21_RSFB-Phenotyping_GG1_JLU/20251021_154649.jpg,plot_e8ae0e6d7bf8ec4563b6,plot_f974c33b3b939aa5f878,30.0,15.0,2.0,9.5,0.002739726100116968
2025_10_21_RSFB-Phenotyping_GG1_JLU/2025_10_21_RSFB-Phenotyping_GG1_JLU/20251021_130058.jpg,2025_10_21_RSFB-Phenotyping_GG1_JLU/2025_10_21_RSFB-Phenotyping_GG1_JLU/20251021_160831.jpg,plot_e8ae0e6d7bf8ec4563b6,plot_31ff4a85b21ababa7de0,30.0,15.0,1.0,9.5,0.002739726100116968
2025_10_21_RSFB-Phenotyping_GG1_JLU/2025_10_21_RSFB-Phenotyping_GG1_JLU/20251021_130058.jpg,2025_10_21_RSFB-Phenotyping_GG1_JLU/2025_10_21_RSFB-Phenotyping_GG1_JLU/20251021_152457.jpg,plot_e8ae0e6d7bf8ec4563b6,plot_cf8f8145824cff35d237,30.0,15.0,3.0,9.5,0.002739726100116968
2025_10_21_RSFB-Phenotyping_GG1_JLU/2025_10_21_RSFB-Phenotyping_GG1_JLU/20251021_130058.jpg,2025_10_21_RSFB-Phenotyping_GG1_JLU/2025_10_21_RSFB-Phenotyping_GG1_JLU/20251021_160047.jpg,plot_e8ae0e6d7bf8ec4563b6,plot_ecb8a2d7a20b5079cedb,30.0,15.0,2.0,8.5,0.002739726100116968
2025_10_21_RSFB-Phenotyping_GG1_JLU/2025_10_21_RSFB-Phenotyping_GG1_JLU/20251021_125412.jpg,2025_10_21_RSFB-Phenotyping_GG1_JLU/2025_10_21_RSFB-Phenotyping_GG1_JLU/20251021_160047.jpg,plot_096f670f03b155117c09,plot_ecb8a2d7a20b5079cedb,23.0,14.5,2.0,8.5,0.006849315017461777
2025_10_21_RSFB-Phenotyping_GG1_JLU/2025_10_21_RSFB-Phenotyping_GG1_JLU/20251021_125412.jpg,2025_10_21_RSFB-Phenotyping_GG1_JLU/2025_10_21_RSFB-Phenotyping_GG1_JLU/20251021_132550.jpg,plot_096f670f03b155117c09,plot_cff264c1afb9a1cf9473,23.0,14.5,2.0,8.5,0.006849315017461777
2025_10_21_RSFB-Phenotyping_GG1_JLU/2025_10_21_RSFB-Phenotyping_GG1_JLU/20251021_161910.jpg,2025_10_21_RSFB-Phenotyping_GG1_JLU/2025_10_21_RSFB-Phenotyping_GG1_JLU/20251021_160831.jpg,plot_490a77dae7954530a2a4,plot_31ff4a85b21ababa7de0,15.0,27.5,1.0,9.5,0.0034246575087308884
2025_10_21_RSFB-Phenotyping_GG1_JLU/2025_10_21_RSFB-Phenotyping_GG1_JLU/20251021_161910.jpg,2025_10_21_RSFB-Phenotyping_GG1_JLU/2025_10_21_RSFB-Phenotyping_GG1_JLU/20251021_132550.jpg,plot_490a77dae7954530a2a4,plot_cff264c1afb9a1cf9473,15.0,27.5,2.0,8.5,0.0034246575087308884
2025_10_21_RSFB-Phenotyping_GG1_JLU/2025_10_21_RSFB-Phenotyping_GG1_JLU/20251021_161910.jpg,2025_10_21_RSFB-Phenotyping_GG1_JLU/2025_10_21_RSFB-Phenotyping_GG1_JLU/20251021_152457.jpg,plot_490a77dae7954530a2a4,plot_cf8f8145824cff35d237,15.0,27.5,3.0,9.5,0.0034246575087308884
2025_10_21_RSFB-Phenotyping_GG1_JLU/2025_10_21_RSFB-Phenotyping_GG1_JLU/20251021_161910.jpg,2025_10_21_RSFB-Phenotyping_GG1_JLU/2025_10_21_RSFB-Phenotyping_GG1_JLU/20251021_154649.jpg,plot_490a77dae7954530a2a4,plot_f974c33b3b939aa5f878,15.0,27.5,2.0,9.5,0.0034246575087308884
2025_10_21_RSFB-Phenotyping_GG1_JLU/2025_10_21_RSFB-Phenotyping_GG1_JLU/20251021_131459.jpg,2025_10_21_RSFB-Phenotyping_GG1_JLU/2025_10_21_RSFB-Phenotyping_GG1_JLU/20251021_131419.jpg,plot_5e57cab4d93c9720a4da,plot_e26908bc9222e28c92ff,25.0,18.5,10.0,4.5,0.00039138944703154266
2025_10_21_RSFB-Phenotyping_GG1_JLU/2025_10_21_RSFB-Phenotyping_GG1_JLU/20251021_131459.jpg,2025_10_21_RSFB-Phenotyping_GG1_JLU/2025_10_21_RSFB-Phenotyping_GG1_JLU/20251021_161751.jpg,plot_5e57cab4d93c9720a4da,plot_5ca84068b670156039bd,25.0,18.5,3.0,13.0,0.00039138944703154266
2025_10_21_RSFB-Phenotyping_GG1_JLU/2025_10_21_RSFB-Phenotyping_GG1_JLU/20251021_131459.jpg,2025_10_21_RSFB-Phenotyping_GG1_JLU/2025_10_21_RSFB-Phenotyping_GG1_JLU/20251021_123107.jpg,plot_5e57cab4d93c9720a4da,plot_5700cee80bc5a6e207ec,25.0,18.5,10.0,2.0,0.00039138944703154266
2025_10_21_RSFB-Phenotyping_GG1_JLU/2025_10_21_RSFB-Phenotyping_GG1_JLU/20251021_131459.jpg,2025_10_21_RSFB-Phenotyping_GG1_JLU/2025_10_21_RSFB-Phenotyping_GG1_JLU/20251021_124500.jpg,plot_5e57cab4d93c9720a4da,plot_ea75df3b909465cef7b1,25.0,18.5,5.0,12.0,0.00039138944703154266
2025_10_21_RSFB-Phenotyping_GG1_JLU/2025_10_21_RSFB-Phenotyping_GG1_JLU/20251021_131459.jpg,2025_10_21_RSFB-Phenotyping_GG1_JLU/2025_10_21_RSFB-Phenotyping_GG1_JLU/20251021_161857.jpg,plot_5e57cab4d93c9720a4da,plot_490a77dae7954530a2a4,25.0,18.5,5.0,13.300000190734863,0.00039138944703154266
2025_10_21_RSFB-Phenotyping_GG1_JLU/2025_10_21_RSFB-Phenotyping_GG1_JLU/20251021_131459.jpg,2025_10_21_RSFB-Phenotyping_GG1_JLU/2025_10_21_RSFB-Phenotyping_GG1_JLU/20251021_125439.jpg,plot_5e57cab4d93c9720a4da,plot_ccfe1e329b419e50732e,25.0,18.5,13.0,6.5,0.00039138944703154266
2025_10_21_RSFB-Phenotyping_GG1_JLU/2025_10_21_RSFB-Phenotyping_GG1_JLU/20251021_131459.jpg,2025_10_21_RSFB-Phenotyping_GG1_JLU/2025_10_21_RSFB-Phenotyping_GG1_JLU/20251021_154649.jpg,plot_5e57cab4d93c9720a4da,plot_f974c33b3b939aa5f878,25.0,18.5,2.0,9.5,0.00039138944703154266
2025_10_21_RSFB-Phenotyping_GG1_JLU/2025_10_21_RSFB-Phenotyping_GG1_JLU/20251021_131459.jpg,2025_10_21_RSFB-Phenotyping_GG1_JLU/2025_10_21_RSFB-Phenotyping_GG1_JLU/20251021_154509.jpg,plot_5e57cab4d93c9720a4da,plot_a2c6a5fd1e9b0c0d5868,25.0,18.5,13.0,6.0,0.00039138944703154266
2025_10_21_RSFB-Phenotyping_GG1_JLU/2025_10_21_RSFB-Phenotyping_GG1_JLU/20251021_131459.jpg,2025_10_21_RSFB-Phenotyping_GG1_JLU/2025_10_21_RSFB-Phenotyping_GG1_JLU/20251021_151642.jpg,plot_5e57cab4d93c9720a4da,plot_f61b29267fecc01648f8,25.0,18.5,10.0,4.5,0.00039138944703154266
2025_10_21_RSFB-Phenotyping_GG1_JLU/2025_10_21_RSFB-Phenotyping_GG1_JLU/20251021_131459.jpg,2025_10_21_RSFB-Phenotyping_GG1_JLU/2025_10_21_RSFB-Phenotyping_GG1_JLU/20251021_130737.jpg,plot_5e57cab4d93c9720a4da,plot_4c9e8c4301206d84387b,25.0,18.5,13.0,2.0,0.00039138944703154266
2025_10_21_RSFB-Phenotyping_GG1_JLU/2025_10_21_RSFB-Phenotyping_GG1_JLU/20251021_131459.jpg,2025_10_21_RSFB-Phenotyping_GG1_JLU/2025_10_21_RSFB-Phenotyping_GG1_JLU/20251021_161840.jpg,plot_5e57cab4d93c9720a4da,plot_fb549f03aaaa145785c8,25.0,18.5,3.0,13.0,0.00039138944703154266
2025_10_21_RSFB-Phenotyping_GG1_JLU/2025_10_21_RSFB-Phenotyping_GG1_JLU/20251021_131459.jpg,2025_10_21_RSFB-Phenotyping_GG1_JLU/2025_10_21_RSFB-Phenotyping_GG1_JLU/20251021_122557.jpg,plot_5e57cab4d93c9720a4da,plot_4460e7e9889b69d86dd3,25.0,18.5,2.0,10.0,0.00039138944703154266
2025_10_21_RSFB-Phenotyping_GG1_JLU/2025_10_21_RSFB-Phenotyping_GG1_JLU/20251021_131459.jpg,2025_10_21_RSFB-Phenotyping_GG1_JLU/2025_10_21_RSFB-Phenotyping_GG1_JLU/20251021_124615.jpg,plot_5e57cab4d93c9720a4da,plot_9e661ae87ec066049f1f,25.0,18.5,5.0,11.5,0.00039138944703154266
2025_10_21_RSFB-Phenotyping_GG1_JLU/2025_10_21_RSFB-Phenotyping_GG1_JLU/20251021_131459.jpg,2025_10_21_RSFB-Phenotyping_GG1_JLU/2025_10_21_RSFB-Phenotyping_GG1_JLU/20251021_125901.jpg,plot_5e57cab4d93c9720a4da,plot_7afc7682bc0b0be61f6b,25.0,18.5,2.0,10.0,0.00039138944703154266
2025_10_21_RSFB-Phenotyping_GG1_JLU/2025_10_21_RSFB-Phenotyping_GG1_JLU/20251021_131459.jpg,2025_10_21_RSFB-Phenotyping_GG1_JLU/2025_10_21_RSFB-Phenotyping_GG1_JLU/20251021_123202.jpg,plot_5e57cab4d93c9720a4da,plot_a3e331c4e6fce2b877bd,25.0,18.5,5.0,12.0,0.00039138944703154266
2025_10_21_RSFB-Phenotyping_GG1_JLU/2025_10_21_RSFB-Phenotyping_GG1_JLU/20251021_131459.jpg,2025_10_21_RSFB-Phenotyping_GG1_JLU/2025_10_21_RSFB-Phenotyping_GG1_JLU/20251021_130128.jpg,plot_5e57cab4d93c9720a4da,plot_77196a9ec72c575b5b40,25.0,18.5,10.0,4.5,0.00039138944703154266
2025_10_21_RSFB-Phenotyping_GG1_JLU/2025_10_21_RSFB-Phenotyping_GG1_JLU/20251021_131459.jpg,2025_10_21_RSFB-Phenotyping_GG1_JLU/2025_10_21_RSFB-Phenotyping_GG1_JLU/20251021_121843.jpg,plot_5e57cab4d93c9720a4da,plot_08853fb661302206a300,25.0,18.5,4.0,12.0,0.00039138944703154266
2025_10_21_RSFB-Phenotyping_GG1_JLU/2025_10_21_RSFB-Phenotyping_GG1_JLU/20251021_131459.jpg,2025_10_21_RSFB-Phenotyping_GG1_JLU/2025_10_21_RSFB-Phenotyping_GG1_JLU/20251021_161415.jpg,plot_5e57cab4d93c9720a4da,plot_6db75ec8b4bf1739f8b3,25.0,18.5,10.0,4.5,0.00039138944703154266
2025_10_21_RSFB-Phenotyping_GG1_JLU/2025_10_21_RSFB-Phenotyping_GG1_JLU/20251021_131459.jpg,2025_10_21_RSFB-Phenotyping_GG1_JLU/2025_10_21_RSFB-Phenotyping_GG1_JLU/20251021_161624.jpg,plot_5e57cab4d93c9720a4da,plot_3361cc58e772149f169e,25.0,18.5,12.0,3.0,0.00039138944703154266
2025_10_21_RSFB-Phenotyping_GG1_JLU/2025_10_21_RSFB-Phenotyping_GG1_JLU/20251021_131459.jpg,2025_10_21_RSFB-Phenotyping_GG1_JLU/2025_10_21_RSFB-Phenotyping_GG1_JLU/20251021_155103.jpg,plot_5e57cab4d93c9720a4da,plot_b499b14eca911be3b991,25.0,18.5,12.0,1.0,0.00039138944703154266
2025_10_21_RSFB-Phenotyping_GG1_JLU/2025_10_21_RSFB-Phenotyping_GG1_JLU/20251021_131459.jpg,2025_10_21_RSFB-Phenotyping_GG1_JLU/2025_10_21_RSFB-Phenotyping_GG1_JLU/20251021_132801.jpg,plot_5e57cab4d93c9720a4da,plot_b2decf1cbf56bcdc6d32,25.0,18.5,3.0,12.5,0.00039138944703154266
2025_10_21_RSFB-Phenotyping_GG1_JLU/2025_10_21_RSFB-Phenotyping_GG1_JLU/20251021_131459.jpg,2025_10_21_RSFB-Phenotyping_GG1_JLU/2025_10_21_RSFB-Phenotyping_GG1_JLU/20251021_125431.jpg,plot_5e57cab4d93c9720a4da,plot_ccfe1e329b419e50732e,25.0,18.5,13.0,3.0,0.00039138944703154266
2025_10_21_RSFB-Phenotyping_GG1_JLU/2025_10_21_RSFB-Phenotyping_GG1_JLU/20251021_131459.jpg,2025_10_21_RSFB-Phenotyping_GG1_JLU/2025_10_21_RSFB-Phenotyping_GG1_JLU/20251021_151915.jpg,plot_5e57cab4d93c9720a4da,plot_6ca7eb46f81c9ecf993b,25.0,18.5,12.0,5.5,0.00039138944703154266
2025_10_21_RSFB-Phenotyping_GG1_JLU/2025_10_21_RSFB-Phenotyping_GG1_JLU/20251021_131459.jpg,2025_10_21_RSFB-Phenotyping_GG1_JLU/2025_10_21_RSFB-Phenotyping_GG1_JLU/20251021_124358.jpg,plot_5e57cab4d93c9720a4da,plot_e77622de4cce1b168140,25.0,18.5,3.0,11.0,0.00039138944703154266
2025_10_21_RSFB-Phenotyping_GG1_JLU/2025_10_21_RSFB-Phenotyping_GG1_JLU/20251021_131459.jpg,2025_10_21_RSFB-Phenotyping_GG1_JLU/2025_10_21_RSFB-Phenotyping_GG1_JLU/20251021_155939.jpg,plot_5e57cab4d93c9720a4da,plot_b351f823b8a0415f9230,25.0,18.5,3.0,10.0,0.00039138944703154266
2025_10_21_RSFB-Phenotyping_GG1_JLU/2025_10_21_RSFB-Phenotyping_GG1_JLU/20251021_131459.jpg,2025_10_21_RSFB-Phenotyping_GG1_JLU/2025_10_21_RSFB-Phenotyping_GG1_JLU/20251021_155302.jpg,plot_5e57cab4d93c9720a4da,plot_cb17d6bcad8ffccbde51,25.0,18.5,1.0,10.5,0.00039138944703154266
2025_10_21_RSFB-Phenotyping_GG1_JLU/2025_10_21_RSFB-Phenotyping_GG1_JLU/20251021_131459.jpg,2025_10_21_RSFB-Phenotyping_GG1_JLU/2025_10_21_RSFB-Phenotyping_GG1_JLU/20251021_132424.jpg,plot_5e57cab4d93c9720a4da,plot_04441862d5c5dd0b49cc,25.0,18.5,10.0,2.5,0.00039138944703154266
2025_10_21_RSFB-Phenotyping_GG1_JLU/2025_10_21_RSFB-Phenotyping_GG1_JLU/20251021_131459.jpg,2025_10_21_RSFB-Phenotyping_GG1_JLU/2025_10_21_RSFB-Phenotyping_GG1_JLU/20251021_160831.jpg,plot_5e57cab4d93c9720a4da,plot_31ff4a85b21ababa7de0,25.0,18.5,1.0,9.5,0.00039138944703154266
2025_10_21_RSFB-Phenotyping_GG1_JLU/2025_10_21_RSFB-Phenotyping_GG1_JLU/20251021_131459.jpg,2025_10_21_RSFB-Phenotyping_GG1_JLU/2025_10_21_RSFB-Phenotyping_GG1_JLU/20251021_152457.jpg,plot_5e57cab4d93c9720a4da,plot_cf8f8145824cff35d237,25.0,18.5,3.0,9.5,0.00039138944703154266
2025_10_21_RSFB-Phenotyping_GG1_JLU/2025_10_21_RSFB-Phenotyping_GG1_JLU/20251021_131459.jpg,2025_10_21_RSFB-Phenotyping_GG1_JLU/2025_10_21_RSFB-Phenotyping_GG1_JLU/20251021_151432.jpg,plot_5e57cab4d93c9720a4da,plot_f19419da98fe0824600a,25.0,18.5,2.0,12.5,0.00039138944703154266
2025_10_21_RSFB-Phenotyping_GG1_JLU/2025_10_21_RSFB-Phenotyping_GG1_JLU/20251021_131459.jpg,2025_10_21_RSFB-Phenotyping_GG1_JLU/2025_10_21_RSFB-Phenotyping_GG1_JLU/20251021_160301.jpg,plot_5e57cab4d93c9720a4da,plot_80ee42a305b824b5337d,25.0,18.5,2.0,12.5,0.00039138944703154266
2025_10_21_RSFB-Phenotyping_GG1_JLU/2025_10_21_RSFB-Phenotyping_GG1_JLU/20251021_131459.jpg,2025_10_21_RSFB-Phenotyping_GG1_JLU/2025_10_21_RSFB-Phenotyping_GG1_JLU/20251021_121113.jpg,plot_5e57cab4d93c9720a4da,plot_a7714d1b769d45a9b00a,25.0,18.5,2.0,10.0,0.00039138944703154266
2025_10_21_RSFB-Phenotyping_GG1_JLU/2025_10_21_RSFB-Phenotyping_GG1_JLU/20251021_131459.jpg,2025_10_21_RSFB-Phenotyping_GG1_JLU/2025_10_21_RSFB-Phenotyping_GG1_JLU/20251021_162116.jpg,plot_5e57cab4d93c9720a4da,plot_60d8a72fe06bef6e6da4,25.0,18.5,3.0,11.399999618530273,0.00039138944703154266
2025_10_21_RSFB-Phenotyping_GG1_JLU/2025_10_21_RSFB-Phenotyping_GG1_JLU/20251021_131459.jpg,2025_10_21_RSFB-Phenotyping_GG1_JLU/2025_10_21_RSFB-Phenotyping_GG1_JLU/20251021_160714.jpg,plot_5e57cab4d93c9720a4da,plot_ea99039aeae06bdc085a,25.0,18.5,1.0,13.0,0.00039138944703154266
2025_10_21_RSFB-Phenotyping_GG1_JLU/2025_10_21_RSFB-Phenotyping_GG1_JLU/20251021_131459.jpg,2025_10_21_RSFB-Phenotyping_GG1_JLU/2025_10_21_RSFB-Phenotyping_GG1_JLU/20251021_132342.jpg,plot_5e57cab4d93c9720a4da,plot_df712240205f755d4453,25.0,18.5,12.0,2.5,0.00039138944703154266
2025_10_21_RSFB-Phenotyping_GG1_JLU/2025_10_21_RSFB-Phenotyping_GG1_JLU/20251021_154553.jpg,2025_10_21_RSFB-Phenotyping_GG1_JLU/2025_10_21_RSFB-Phenotyping_GG1_JLU/20251021_154509.jpg,plot_4e86e4b5f5250965a8a9,plot_a2c6a5fd1e9b0c0d5868,35.0,18.5,13.0,6.0,0.00039138944703154266
2025_10_21_RSFB-Phenotyping_GG1_JLU/2025_10_21_RSFB-Phenotyping_GG1_JLU/20251021_154553.jpg,2025_10_21_RSFB-Phenotyping_GG1_JLU/2025_10_21_RSFB-Phenotyping_GG1_JLU/20251021_121113.jpg,plot_4e86e4b5f5250965a8a9,plot_a7714d1b769d45a9b00a,35.0,18.5,2.0,10.0,0.00039138944703154266
2025_10_21_RSFB-Phenotyping_GG1_JLU/2025_10_21_RSFB-Phenotyping_GG1_JLU/20251021_154553.jpg,2025_10_21_RSFB-Phenotyping_GG1_JLU/2025_10_21_RSFB-Phenotyping_GG1_JLU/20251021_161857.jpg,plot_4e86e4b5f5250965a8a9,plot_490a77dae7954530a2a4,35.0,18.5,5.0,13.300000190734863,0.00039138944703154266
2025_10_21_RSFB-Phenotyping_GG1_JLU/2025_10_21_RSFB-Phenotyping_GG1_JLU/20251021_154553.jpg,2025_10_21_RSFB-Phenotyping_GG1_JLU/2025_10_21_RSFB-Phenotyping_GG1_JLU/20251021_160714.jpg,plot_4e86e4b5f5250965a8a9,plot_ea99039aeae06bdc085a,35.0,18.5,1.0,13.0,0.00039138944703154266
2025_10_21_RSFB-Phenotyping_GG1_JLU/2025_10_21_RSFB-Phenotyping_GG1_JLU/20251021_154553.jpg,2025_10_21_RSFB-Phenotyping_GG1_JLU/2025_10_21_RSFB-Phenotyping_GG1_JLU/20251021_121843.jpg,plot_4e86e4b5f5250965a8a9,plot_08853fb661302206a300,35.0,18.5,4.0,12.0,0.00039138944703154266
2025_10_21_RSFB-Phenotyping_GG1_JLU/2025_10_21_RSFB-Phenotyping_GG1_JLU/20251021_154553.jpg,2025_10_21_RSFB-Phenotyping_GG1_JLU/2025_10_21_RSFB-Phenotyping_GG1_JLU/20251021_161751.jpg,plot_4e86e4b5f5250965a8a9,plot_5ca84068b670156039bd,35.0,18.5,3.0,13.0,0.00039138944703154266
2025_10_21_RSFB-Phenotyping_GG1_JLU/2025_10_21_RSFB-Phenotyping_GG1_JLU/20251021_154553.jpg,2025_10_21_RSFB-Phenotyping_GG1_JLU/2025_10_21_RSFB-Phenotyping_GG1_JLU/20251021_125439.jpg,plot_4e86e4b5f5250965a8a9,plot_ccfe1e329b419e50732e,35.0,18.5,13.0,6.5,0.00039138944703154266
2025_10_21_RSFB-Phenotyping_GG1_JLU/2025_10_21_RSFB-Phenotyping_GG1_JLU/20251021_154553.jpg,2025_10_21_RSFB-Phenotyping_GG1_JLU/2025_10_21_RSFB-Phenotyping_GG1_JLU/20251021_151915.jpg,plot_4e86e4b5f5250965a8a9,plot_6ca7eb46f81c9ecf993b,35.0,18.5,12.0,5.5,0.00039138944703154266
2025_10_21_RSFB-Phenotyping_GG1_JLU/2025_10_21_RSFB-Phenotyping_GG1_JLU/20251021_154553.jpg,2025_10_21_RSFB-Phenotyping_GG1_JLU/2025_10_21_RSFB-Phenotyping_GG1_JLU/20251021_132342.jpg,plot_4e86e4b5f5250965a8a9,plot_df712240205f755d4453,35.0,18.5,12.0,2.5,0.00039138944703154266
2025_10_21_RSFB-Phenotyping_GG1_JLU/2025_10_21_RSFB-Phenotyping_GG1_JLU/20251021_154553.jpg,2025_10_21_RSFB-Phenotyping_GG1_JLU/2025_10_21_RSFB-Phenotyping_GG1_JLU/20251021_161840.jpg,plot_4e86e4b5f5250965a8a9,plot_fb549f03aaaa145785c8,35.0,18.5,3.0,13.0,0.00039138944703154266
2025_10_21_RSFB-Phenotyping_GG1_JLU/2025_10_21_RSFB-Phenotyping_GG1_JLU/20251021_154553.jpg,2025_10_21_RSFB-Phenotyping_GG1_JLU/2025_10_21_RSFB-Phenotyping_GG1_JLU/20251021_132424.jpg,plot_4e86e4b5f5250965a8a9,plot_04441862d5c5dd0b49cc,35.0,18.5,10.0,2.5,0.00039138944703154266
2025_10_21_RSFB-Phenotyping_GG1_JLU/2025_10_21_RSFB-Phenotyping_GG1_JLU/20251021_154553.jpg,2025_10_21_RSFB-Phenotyping_GG1_JLU/2025_10_21_RSFB-Phenotyping_GG1_JLU/20251021_124615.jpg,plot_4e86e4b5f5250965a8a9,plot_9e661ae87ec066049f1f,35.0,18.5,5.0,11.5,0.00039138944703154266
2025_10_21_RSFB-Phenotyping_GG1_JLU/2025_10_21_RSFB-Phenotyping_GG1_JLU/20251021_154553.jpg,2025_10_21_RSFB-Phenotyping_GG1_JLU/2025_10_21_RSFB-Phenotyping_GG1_JLU/20251021_151642.jpg,plot_4e86e4b5f5250965a8a9,plot_f61b29267fecc01648f8,35.0,18.5,10.0,4.5,0.00039138944703154266
2025_10_21_RSFB-Phenotyping_GG1_JLU/2025_10_21_RSFB-Phenotyping_GG1_JLU/20251021_154553.jpg,2025_10_21_RSFB-Phenotyping_GG1_JLU/2025_10_21_RSFB-Phenotyping_GG1_JLU/20251021_161624.jpg,plot_4e86e4b5f5250965a8a9,plot_3361cc58e772149f169e,35.0,18.5,12.0,3.0,0.00039138944703154266
2025_10_21_RSFB-Phenotyping_GG1_JLU/2025_10_21_RSFB-Phenotyping_GG1_JLU/20251021_154553.jpg,2025_10_21_RSFB-Phenotyping_GG1_JLU/2025_10_21_RSFB-Phenotyping_GG1_JLU/20251021_130128.jpg,plot_4e86e4b5f5250965a8a9,plot_77196a9ec72c575b5b40,35.0,18.5,10.0,4.5,0.00039138944703154266
2025_10_21_RSFB-Phenotyping_GG1_JLU/2025_10_21_RSFB-Phenotyping_GG1_JLU/20251021_154553.jpg,2025_10_21_RSFB-Phenotyping_GG1_JLU/2025_10_21_RSFB-Phenotyping_GG1_JLU/20251021_130737.jpg,plot_4e86e4b5f5250965a8a9,plot_4c9e8c4301206d84387b,35.0,18.5,13.0,2.0,0.00039138944703154266
2025_10_21_RSFB-Phenotyping_GG1_JLU/2025_10_21_RSFB-Phenotyping_GG1_JLU/20251021_154553.jpg,2025_10_21_RSFB-Phenotyping_GG1_JLU/2025_10_21_RSFB-Phenotyping_GG1_JLU/20251021_132801.jpg,plot_4e86e4b5f5250965a8a9,plot_b2decf1cbf56bcdc6d32,35.0,18.5,3.0,12.5,0.00039138944703154266
2025_10_21_RSFB-Phenotyping_GG1_JLU/2025_10_21_RSFB-Phenotyping_GG1_JLU/20251021_154553.jpg,2025_10_21_RSFB-Phenotyping_GG1_JLU/2025_10_21_RSFB-Phenotyping_GG1_JLU/20251021_125431.jpg,plot_4e86e4b5f5250965a8a9,plot_ccfe1e329b419e50732e,35.0,18.5,13.0,3.0,0.00039138944703154266
2025_10_21_RSFB-Phenotyping_GG1_JLU/2025_10_21_RSFB-Phenotyping_GG1_JLU/20251021_154553.jpg,2025_10_21_RSFB-Phenotyping_GG1_JLU/2025_10_21_RSFB-Phenotyping_GG1_JLU/20251021_125901.jpg,plot_4e86e4b5f5250965a8a9,plot_7afc7682bc0b0be61f6b,35.0,18.5,2.0,10.0,0.00039138944703154266
2025_10_21_RSFB-Phenotyping_GG1_JLU/2025_10_21_RSFB-Phenotyping_GG1_JLU/20251021_154553.jpg,2025_10_21_RSFB-Phenotyping_GG1_JLU/2025_10_21_RSFB-Phenotyping_GG1_JLU/20251021_123202.jpg,plot_4e86e4b5f5250965a8a9,plot_a3e331c4e6fce2b877bd,35.0,18.5,5.0,12.0,0.00039138944703154266
2025_10_21_RSFB-Phenotyping_GG1_JLU/2025_10_21_RSFB-Phenotyping_GG1_JLU/20251021_154553.jpg,2025_10_21_RSFB-Phenotyping_GG1_JLU/2025_10_21_RSFB-Phenotyping_GG1_JLU/20251021_155939.jpg,plot_4e86e4b5f5250965a8a9,plot_b351f823b8a0415f9230,35.0,18.5,3.0,10.0,0.00039138944703154266
2025_10_21_RSFB-Phenotyping_GG1_JLU/2025_10_21_RSFB-Phenotyping_GG1_JLU/20251021_154553.jpg,2025_10_21_RSFB-Phenotyping_GG1_JLU/2025_10_21_RSFB-Phenotyping_GG1_JLU/20251021_124500.jpg,plot_4e86e4b5f5250965a8a9,plot_ea75df3b909465cef7b1,35.0,18.5,5.0,12.0,0.00039138944703154266
2025_10_21_RSFB-Phenotyping_GG1_JLU/2025_10_21_RSFB-Phenotyping_GG1_JLU/20251021_154553.jpg,2025_10_21_RSFB-Phenotyping_GG1_JLU/2025_10_21_RSFB-Phenotyping_GG1_JLU/20251021_124358.jpg,plot_4e86e4b5f5250965a8a9,plot_e77622de4cce1b168140,35.0,18.5,3.0,11.0,0.00039138944703154266
2025_10_21_RSFB-Phenotyping_GG1_JLU/2025_10_21_RSFB-Phenotyping_GG1_JLU/20251021_154553.jpg,2025_10_21_RSFB-Phenotyping_GG1_JLU/2025_10_21_RSFB-Phenotyping_GG1_JLU/20251021_151432.jpg,plot_4e86e4b5f5250965a8a9,plot_f19419da98fe0824600a,35.0,18.5,2.0,12.5,0.00039138944703154266
2025_10_21_RSFB-Phenotyping_GG1_JLU/2025_10_21_RSFB-Phenotyping_GG1_JLU/20251021_154553.jpg,2025_10_21_RSFB-Phenotyping_GG1_JLU/2025_10_21_RSFB-Phenotyping_GG1_JLU/20251021_160301.jpg,plot_4e86e4b5f5250965a8a9,plot_80ee42a305b824b5337d,35.0,18.5,2.0,12.5,0.00039138944703154266
2025_10_21_RSFB-Phenotyping_GG1_JLU/2025_10_21_RSFB-Phenotyping_GG1_JLU/20251021_154553.jpg,2025_10_21_RSFB-Phenotyping_GG1_JLU/2025_10_21_RSFB-Phenotyping_GG1_JLU/20251021_154649.jpg,plot_4e86e4b5f5250965a8a9,plot_f974c33b3b939aa5f878,35.0,18.5,2.0,9.5,0.00039138944703154266
2025_10_21_RSFB-Phenotyping_GG1_JLU/2025_10_21_RSFB-Phenotyping_GG1_JLU/20251021_154553.jpg,2025_10_21_RSFB-Phenotyping_GG1_JLU/2025_10_21_RSFB-Phenotyping_GG1_JLU/20251021_155103.jpg,plot_4e86e4b5f5250965a8a9,plot_b499b14eca911be3b991,35.0,18.5,12.0,1.0,0.00039138944703154266
2025_10_21_RSFB-Phenotyping_GG1_JLU/2025_10_21_RSFB-Phenotyping_GG1_JLU/20251021_154553.jpg,2025_10_21_RSFB-Phenotyping_GG1_JLU/2025_10_21_RSFB-Phenotyping_GG1_JLU/20251021_155302.jpg,plot_4e86e4b5f5250965a8a9,plot_cb17d6bcad8ffccbde51,35.0,18.5,1.0,10.5,0.00039138944703154266
2025_10_21_RSFB-Phenotyping_GG1_JLU/2025_10_21_RSFB-Phenotyping_GG1_JLU/20251021_154553.jpg,2025_10_21_RSFB-Phenotyping_GG1_JLU/2025_10_21_RSFB-Phenotyping_GG1_JLU/20251021_131419.jpg,plot_4e86e4b5f5250965a8a9,plot_e26908bc9222e28c92ff,35.0,18.5,10.0,4.5,0.00039138944703154266
2025_10_21_RSFB-Phenotyping_GG1_JLU/2025_10_21_RSFB-Phenotyping_GG1_JLU/20251021_154553.jpg,2025_10_21_RSFB-Phenotyping_GG1_JLU/2025_10_21_RSFB-Phenotyping_GG1_JLU/20251021_122557.jpg,plot_4e86e4b5f5250965a8a9,plot_4460e7e9889b69d86dd3,35.0,18.5,2.0,10.0,0.00039138944703154266
2025_10_21_RSFB-Phenotyping_GG1_JLU/2025_10_21_RSFB-Phenotyping_GG1_JLU/20251021_154553.jpg,2025_10_21_RSFB-Phenotyping_GG1_JLU/2025_10_21_RSFB-Phenotyping_GG1_JLU/20251021_162116.jpg,plot_4e86e4b5f5250965a8a9,plot_60d8a72fe06bef6e6da4,35.0,18.5,3.0,11.399999618530273,0.00039138944703154266
2025_10_21_RSFB-Phenotyping_GG1_JLU/2025_10_21_RSFB-Phenotyping_GG1_JLU/20251021_154553.jpg,2025_10_21_RSFB-Phenotyping_GG1_JLU/2025_10_21_RSFB-Phenotyping_GG1_JLU/20251021_123107.jpg,plot_4e86e4b5f5250965a8a9,plot_5700cee80bc5a6e207ec,35.0,18.5,10.0,2.0,0.00039138944703154266
2025_10_21_RSFB-Phenotyping_GG1_JLU/2025_10_21_RSFB-Phenotyping_GG1_JLU/20251021_154553.jpg,2025_10_21_RSFB-Phenotyping_GG1_JLU/2025_10_21_RSFB-Phenotyping_GG1_JLU/20251021_161415.jpg,plot_4e86e4b5f5250965a8a9,plot_6db75ec8b4bf1739f8b3,35.0,18.5,10.0,4.5,0.00039138944703154266
2025_10_21_RSFB-Phenotyping_GG1_JLU/2025_10_21_RSFB-Phenotyping_GG1_JLU/20251021_154553.jpg,2025_10_21_RSFB-Phenotyping_GG1_JLU/2025_10_21_RSFB-Phenotyping_GG1_JLU/20251021_152457.jpg,plot_4e86e4b5f5250965a8a9,plot_cf8f8145824cff35d237,35.0,18.5,3.0,9.5,0.00039138944703154266
2025_10_21_RSFB-Phenotyping_GG1_JLU/2025_10_21_RSFB-Phenotyping_GG1_JLU/20251021_154553.jpg,2025_10_21_RSFB-Phenotyping_GG1_JLU/2025_10_21_RSFB-Phenotyping_GG1_JLU/20251021_160831.jpg,plot_4e86e4b5f5250965a8a9,plot_31ff4a85b21ababa7de0,35.0,18.5,1.0,9.5,0.00039138944703154266
2025_10_21_RSFB-Phenotyping_GG1_JLU/2025_10_21_RSFB-Phenotyping_GG1_JLU/20251021_153121.jpg,2025_10_21_RSFB-Phenotyping_GG1_JLU/2025_10_21_RSFB-Phenotyping_GG1_JLU/20251021_124615.jpg,plot_bd1848701f4e186534a1,plot_9e661ae87ec066049f1f,49.0,22.0,5.0,11.5,0.000342465762514621
2025_10_21_RSFB-Phenotyping_GG1_JLU/2025_10_21_RSFB-Phenotyping_GG1_JLU/20251021_153121.jpg,2025_10_21_RSFB-Phenotyping_GG1_JLU/2025_10_21_RSFB-Phenotyping_GG1_JLU/20251021_152457.jpg,plot_bd1848701f4e186534a1,plot_cf8f8145824cff35d237,49.0,22.0,3.0,9.5,0.000342465762514621
2025_10_21_RSFB-Phenotyping_GG1_JLU/2025_10_21_RSFB-Phenotyping_GG1_JLU/20251021_153121.jpg,2025_10_21_RSFB-Phenotyping_GG1_JLU/2025_10_21_RSFB-Phenotyping_GG1_JLU/20251021_121755.jpg,plot_bd1848701f4e186534a1,plot_7085c17d28247f52ec8b,49.0,22.0,15.0,5.0,0.000342465762514621
2025_10_21_RSFB-Phenotyping_GG1_JLU/2025_10_21_RSFB-Phenotyping_GG1_JLU/20251021_153121.jpg,2025_10_21_RSFB-Phenotyping_GG1_JLU/2025_10_21_RSFB-Phenotyping_GG1_JLU/20251021_161751.jpg,plot_bd1848701f4e186534a1,plot_5ca84068b670156039bd,49.0,22.0,3.0,13.0,0.000342465762514621
2025_10_21_RSFB-Phenotyping_GG1_JLU/2025_10_21_RSFB-Phenotyping_GG1_JLU/20251021_153121.jpg,2025_10_21_RSFB-Phenotyping_GG1_JLU/2025_10_21_RSFB-Phenotyping_GG1_JLU/20251021_123407.jpg,plot_bd1848701f4e186534a1,plot_a72e9af8f12fd28c9181,49.0,22.0,15.0,7.5,0.000342465762514621
2025_10_21_RSFB-Phenotyping_GG1_JLU/2025_10_21_RSFB-Phenotyping_GG1_JLU/20251021_153121.jpg,2025_10_21_RSFB-Phenotyping_GG1_JLU/2025_10_21_RSFB-Phenotyping_GG1_JLU/20251021_155302.jpg,plot_bd1848701f4e186534a1,plot_cb17d6bcad8ffccbde51,49.0,22.0,1.0,10.5,0.000342465762514621
2025_10_21_RSFB-Phenotyping_GG1_JLU/2025_10_21_RSFB-Phenotyping_GG1_JLU/20251021_153121.jpg,2025_10_21_RSFB-Phenotyping_GG1_JLU/2025_10_21_RSFB-Phenotyping_GG1_JLU/20251021_154509.jpg,plot_bd1848701f4e186534a1,plot_a2c6a5fd1e9b0c0d5868,49.0,22.0,13.0,6.0,0.000342465762514621
2025_10_21_RSFB-Phenotyping_GG1_JLU/2025_10_21_RSFB-Phenotyping_GG1_JLU/20251021_153121.jpg,2025_10_21_RSFB-Phenotyping_GG1_JLU/2025_10_21_RSFB-Phenotyping_GG1_JLU/20251021_160714.jpg,plot_bd1848701f4e186534a1,plot_ea99039aeae06bdc085a,49.0,22.0,1.0,13.0,0.000342465762514621
2025_10_21_RSFB-Phenotyping_GG1_JLU/2025_10_21_RSFB-Phenotyping_GG1_JLU/20251021_153121.jpg,2025_10_21_RSFB-Phenotyping_GG1_JLU/2025_10_21_RSFB-Phenotyping_GG1_JLU/20251021_121834.jpg,plot_bd1848701f4e186534a1,plot_08853fb661302206a300,49.0,22.0,5.0,15.0,0.000342465762514621
2025_10_21_RSFB-Phenotyping_GG1_JLU/2025_10_21_RSFB-Phenotyping_GG1_JLU/20251021_153121.jpg,2025_10_21_RSFB-Phenotyping_GG1_JLU/2025_10_21_RSFB-Phenotyping_GG1_JLU/20251021_161415.jpg,plot_bd1848701f4e186534a1,plot_6db75ec8b4bf1739f8b3,49.0,22.0,10.0,4.5,0.000342465762514621
2025_10_21_RSFB-Phenotyping_GG1_JLU/2025_10_21_RSFB-Phenotyping_GG1_JLU/20251021_153121.jpg,2025_10_21_RSFB-Phenotyping_GG1_JLU/2025_10_21_RSFB-Phenotyping_GG1_JLU/20251021_132050.jpg,plot_bd1848701f4e186534a1,plot_a2622f860df5cef3e355,49.0,22.0,15.0,5.5,0.000342465762514621
2025_10_21_RSFB-Phenotyping_GG1_JLU/2025_10_21_RSFB-Phenotyping_GG1_JLU/20251021_153121.jpg,2025_10_21_RSFB-Phenotyping_GG1_JLU/2025_10_21_RSFB-Phenotyping_GG1_JLU/20251021_131419.jpg,plot_bd1848701f4e186534a1,plot_e26908bc9222e28c92ff,49.0,22.0,10.0,4.5,0.000342465762514621
2025_10_21_RSFB-Phenotyping_GG1_JLU/2025_10_21_RSFB-Phenotyping_GG1_JLU/20251021_153121.jpg,2025_10_21_RSFB-Phenotyping_GG1_JLU/2025_10_21_RSFB-Phenotyping_GG1_JLU/20251021_151505.jpg,plot_bd1848701f4e186534a1,plot_86463875c696816ca92b,49.0,22.0,15.0,4.5,0.000342465762514621
2025_10_21_RSFB-Phenotyping_GG1_JLU/2025_10_21_RSFB-Phenotyping_GG1_JLU/20251021_153121.jpg,2025_10_21_RSFB-Phenotyping_GG1_JLU/2025_10_21_RSFB-Phenotyping_GG1_JLU/20251021_130737.jpg,plot_bd1848701f4e186534a1,plot_4c9e8c4301206d84387b,49.0,22.0,13.0,2.0,0.000342465762514621
2025_10_21_RSFB-Phenotyping_GG1_JLU/2025_10_21_RSFB-Phenotyping_GG1_JLU/20251021_153121.jpg,2025_10_21_RSFB-Phenotyping_GG1_JLU/2025_10_21_RSFB-Phenotyping_GG1_JLU/20251021_130128.jpg,plot_bd1848701f4e186534a1,plot_77196a9ec72c575b5b40,49.0,22.0,10.0,4.5,0.000342465762514621
2025_10_21_RSFB-Phenotyping_GG1_JLU/2025_10_21_RSFB-Phenotyping_GG1_JLU/20251021_153121.jpg,2025_10_21_RSFB-Phenotyping_GG1_JLU/2025_10_21_RSFB-Phenotyping_GG1_JLU/20251021_153832.jpg,plot_bd1848701f4e186534a1,plot_64e19f5de9c116d1fbb6,49.0,22.0,4.0,14.0,0.000342465762514621
2025_10_21_RSFB-Phenotyping_GG1_JLU/2025_10_21_RSFB-Phenotyping_GG1_JLU/20251021_153121.jpg,2025_10_21_RSFB-Phenotyping_GG1_JLU/2025_10_21_RSFB-Phenotyping_GG1_JLU/20251021_125901.jpg,plot_bd1848701f4e186534a1,plot_7afc7682bc0b0be61f6b,49.0,22.0,2.0,10.0,0.000342465762514621
2025_10_21_RSFB-Phenotyping_GG1_JLU/2025_10_21_RSFB-Phenotyping_GG1_JLU/20251021_153121.jpg,2025_10_21_RSFB-Phenotyping_GG1_JLU/2025_10_21_RSFB-Phenotyping_GG1_JLU/20251021_161624.jpg,plot_bd1848701f4e186534a1,plot_3361cc58e772149f169e,49.0,22.0,12.0,3.0,0.000342465762514621
2025_10_21_RSFB-Phenotyping_GG1_JLU/2025_10_21_RSFB-Phenotyping_GG1_JLU/20251021_153121.jpg,2025_10_21_RSFB-Phenotyping_GG1_JLU/2025_10_21_RSFB-Phenotyping_GG1_JLU/20251021_133018.jpg,plot_bd1848701f4e186534a1,plot_29ad4a9860449a68b25f,49.0,22.0,15.0,6.5,0.000342465762514621
2025_10_21_RSFB-Phenotyping_GG1_JLU/2025_10_21_RSFB-Phenotyping_GG1_JLU/20251021_153121.jpg,2025_10_21_RSFB-Phenotyping_GG1_JLU/2025_10_21_RSFB-Phenotyping_GG1_JLU/20251021_161054.jpg,plot_bd1848701f4e186534a1,plot_45f6d31ea6c6f3f4c15c,49.0,22.0,1.0,16.5,0.000342465762514621
2025_10_21_RSFB-Phenotyping_GG1_JLU/2025_10_21_RSFB-Phenotyping_GG1_JLU/20251021_153121.jpg,2025_10_21_RSFB-Phenotyping_GG1_JLU/2025_10_21_RSFB-Phenotyping_GG1_JLU/20251021_132002.jpg,plot_bd1848701f4e186534a1,plot_8709d51bb880213559a6,49.0,22.0,15.0,8.5,0.000342465762514621
2025_10_21_RSFB-Phenotyping_GG1_JLU/2025_10_21_RSFB-Phenotyping_GG1_JLU/20251021_153121.jpg,2025_10_21_RSFB-Phenotyping_GG1_JLU/2025_10_21_RSFB-Phenotyping_GG1_JLU/20251021_130045.jpg,plot_bd1848701f4e186534a1,plot_7c9b9d5dc347e36cbea8,49.0,22.0,15.0,9.0,0.000342465762514621
2025_10_21_RSFB-Phenotyping_GG1_JLU/2025_10_21_RSFB-Phenotyping_GG1_JLU/20251021_153121.jpg,2025_10_21_RSFB-Phenotyping_GG1_JLU/2025_10_21_RSFB-Phenotyping_GG1_JLU/20251021_124358.jpg,plot_bd1848701f4e186534a1,plot_e77622de4cce1b168140,49.0,22.0,3.0,11.0,0.000342465762514621
2025_10_21_RSFB-Phenotyping_GG1_JLU/2025_10_21_RSFB-Phenotyping_GG1_JLU/20251021_153121.jpg,2025_10_21_RSFB-Phenotyping_GG1_JLU/2025_10_21_RSFB-Phenotyping_GG1_JLU/20251021_131511.jpg,plot_bd1848701f4e186534a1,plot_5e57cab4d93c9720a4da,49.0,22.0,16.0,8.5,0.000342465762514621
2025_10_21_RSFB-Phenotyping_GG1_JLU/2025_10_21_RSFB-Phenotyping_GG1_JLU/20251021_153121.jpg,2025_10_21_RSFB-Phenotyping_GG1_JLU/2025_10_21_RSFB-Phenotyping_GG1_JLU/20251021_155939.jpg,plot_bd1848701f4e186534a1,plot_b351f823b8a0415f9230,49.0,22.0,3.0,10.0,0.000342465762514621
2025_10_21_RSFB-Phenotyping_GG1_JLU/2025_10_21_RSFB-Phenotyping_GG1_JLU/20251021_153121.jpg,2025_10_21_RSFB-Phenotyping_GG1_JLU/2025_10_21_RSFB-Phenotyping_GG1_JLU/20251021_122605.jpg,plot_bd1848701f4e186534a1,plot_4460e7e9889b69d86dd3,49.0,22.0,1.0,14.0,0.000342465762514621
2025_10_21_RSFB-Phenotyping_GG1_JLU/2025_10_21_RSFB-Phenotyping_GG1_JLU/20251021_153121.jpg,2025_10_21_RSFB-Phenotyping_GG1_JLU/2025_10_21_RSFB-Phenotyping_GG1_JLU/20251021_154649.jpg,plot_bd1848701f4e186534a1,plot_f974c33b3b939aa5f878,49.0,22.0,2.0,9.5,0.000342465762514621
2025_10_21_RSFB-Phenotyping_GG1_JLU/2025_10_21_RSFB-Phenotyping_GG1_JLU/20251021_153121.jpg,2025_10_21_RSFB-Phenotyping_GG1_JLU/2025_10_21_RSFB-Phenotyping_GG1_JLU/20251021_123202.jpg,plot_bd1848701f4e186534a1,plot_a3e331c4e6fce2b877bd,49.0,22.0,5.0,12.0,0.000342465762514621
2025_10_21_RSFB-Phenotyping_GG1_JLU/2025_10_21_RSFB-Phenotyping_GG1_JLU/20251021_153121.jpg,2025_10_21_RSFB-Phenotyping_GG1_JLU/2025_10_21_RSFB-Phenotyping_GG1_JLU/20251021_155103.jpg,plot_bd1848701f4e186534a1,plot_b499b14eca911be3b991,49.0,22.0,12.0,1.0,0.000342465762514621
2025_10_21_RSFB-Phenotyping_GG1_JLU/2025_10_21_RSFB-Phenotyping_GG1_JLU/20251021_153121.jpg,2025_10_21_RSFB-Phenotyping_GG1_JLU/2025_10_21_RSFB-Phenotyping_GG1_JLU/20251021_152721.jpg,plot_bd1848701f4e186534a1,plot_de2f51ed98b70b393739,49.0,22.0,8.0,16.0,0.000342465762514621
2025_10_21_RSFB-Phenotyping_GG1_JLU/2025_10_21_RSFB-Phenotyping_GG1_JLU/20251021_153121.jpg,2025_10_21_RSFB-Phenotyping_GG1_JLU/2025_10_21_RSFB-Phenotyping_GG1_JLU/20251021_151642.jpg,plot_bd1848701f4e186534a1,plot_f61b29267fecc01648f8,49.0,22.0,10.0,4.5,0.000342465762514621
2025_10_21_RSFB-Phenotyping_GG1_JLU/2025_10_21_RSFB-Phenotyping_GG1_JLU/20251021_153121.jpg,2025_10_21_RSFB-Phenotyping_GG1_JLU/2025_10_21_RSFB-Phenotyping_GG1_JLU/20251021_132801.jpg,plot_bd1848701f4e186534a1,plot_b2decf1cbf56bcdc6d32,49.0,22.0,3.0,12.5,0.000342465762514621
2025_10_21_RSFB-Phenotyping_GG1_JLU/2025_10_21_RSFB-Phenotyping_GG1_JLU/20251021_153121.jpg,2025_10_21_RSFB-Phenotyping_GG1_JLU/2025_10_21_RSFB-Phenotyping_GG1_JLU/20251021_154456.jpg,plot_bd1848701f4e186534a1,plot_a2c6a5fd1e9b0c0d5868,49.0,22.0,2.0,16.5,0.000342465762514621
2025_10_21_RSFB-Phenotyping_GG1_JLU/2025_10_21_RSFB-Phenotyping_GG1_JLU/20251021_153121.jpg,2025_10_21_RSFB-Phenotyping_GG1_JLU/2025_10_21_RSFB-Phenotyping_GG1_JLU/20251021_162116.jpg,plot_bd1848701f4e186534a1,plot_60d8a72fe06bef6e6da4,49.0,22.0,3.0,11.399999618530273,0.000342465762514621
2025_10_21_RSFB-Phenotyping_GG1_JLU/2025_10_21_RSFB-Phenotyping_GG1_JLU/20251021_153121.jpg,2025_10_21_RSFB-Phenotyping_GG1_JLU/2025_10_21_RSFB-Phenotyping_GG1_JLU/20251021_131411.jpg,plot_bd1848701f4e186534a1,plot_e26908bc9222e28c92ff,49.0,22.0,15.0,4.5,0.000342465762514621
2025_10_21_RSFB-Phenotyping_GG1_JLU/2025_10_21_RSFB-Phenotyping_GG1_JLU/20251021_153121.jpg,2025_10_21_RSFB-Phenotyping_GG1_JLU/2025_10_21_RSFB-Phenotyping_GG1_JLU/20251021_121843.jpg,plot_bd1848701f4e186534a1,plot_08853fb661302206a300,49.0,22.0,4.0,12.0,0.000342465762514621
2025_10_21_RSFB-Phenotyping_GG1_JLU/2025_10_21_RSFB-Phenotyping_GG1_JLU/20251021_153121.jpg,2025_10_21_RSFB-Phenotyping_GG1_JLU/2025_10_21_RSFB-Phenotyping_GG1_JLU/20251021_160831.jpg,plot_bd1848701f4e186534a1,plot_31ff4a85b21ababa7de0,49.0,22.0,1.0,9.5,0.000342465762514621
2025_10_21_RSFB-Phenotyping_GG1_JLU/2025_10_21_RSFB-Phenotyping_GG1_JLU/20251021_153121.jpg,2025_10_21_RSFB-Phenotyping_GG1_JLU/2025_10_21_RSFB-Phenotyping_GG1_JLU/20251021_125431.jpg,plot_bd1848701f4e186534a1,plot_ccfe1e329b419e50732e,49.0,22.0,13.0,3.0,0.000342465762514621
2025_10_21_RSFB-Phenotyping_GG1_JLU/2025_10_21_RSFB-Phenotyping_GG1_JLU/20251021_153121.jpg,2025_10_21_RSFB-Phenotyping_GG1_JLU/2025_10_21_RSFB-Phenotyping_GG1_JLU/20251021_123107.jpg,plot_bd1848701f4e186534a1,plot_5700cee80bc5a6e207ec,49.0,22.0,10.0,2.0,0.000342465762514621
2025_10_21_RSFB-Phenotyping_GG1_JLU/2025_10_21_RSFB-Phenotyping_GG1_JLU/20251021_153121.jpg,2025_10_21_RSFB-Phenotyping_GG1_JLU/2025_10_21_RSFB-Phenotyping_GG1_JLU/20251021_130423.jpg,plot_bd1848701f4e186534a1,plot_8390a5f10d833e2ab881,49.0,22.0,5.0,14.5,0.000342465762514621
2025_10_21_RSFB-Phenotyping_GG1_JLU/2025_10_21_RSFB-Phenotyping_GG1_JLU/20251021_124319.jpg,2025_10_21_RSFB-Phenotyping_GG1_JLU/2025_10_21_RSFB-Phenotyping_GG1_JLU/20251021_125901.jpg,plot_58dcc70e233744338fcf,plot_7afc7682bc0b0be61f6b,30.0,19.5,2.0,10.0,0.000342465762514621
2025_10_21_RSFB-Phenotyping_GG1_JLU/2025_10_21_RSFB-Phenotyping_GG1_JLU/20251021_124319.jpg,2025_10_21_RSFB-Phenotyping_GG1_JLU/2025_10_21_RSFB-Phenotyping_GG1_JLU/20251021_122013.jpg,plot_58dcc70e233744338fcf,plot_de57345dfd586882f461,30.0,19.5,5.0,14.0,0.000342465762514621
2025_10_21_RSFB-Phenotyping_GG1_JLU/2025_10_21_RSFB-Phenotyping_GG1_JLU/20251021_124319.jpg,2025_10_21_RSFB-Phenotyping_GG1_JLU/2025_10_21_RSFB-Phenotyping_GG1_JLU/20251021_155103.jpg,plot_58dcc70e233744338fcf,plot_b499b14eca911be3b991,30.0,19.5,12.0,1.0,0.000342465762514621
2025_10_21_RSFB-Phenotyping_GG1_JLU/2025_10_21_RSFB-Phenotyping_GG1_JLU/20251021_124319.jpg,2025_10_21_RSFB-Phenotyping_GG1_JLU/2025_10_21_RSFB-Phenotyping_GG1_JLU/20251021_161857.jpg,plot_58dcc70e233744338fcf,plot_490a77dae7954530a2a4,30.0,19.5,5.0,13.300000190734863,0.000342465762514621
2025_10_21_RSFB-Phenotyping_GG1_JLU/2025_10_21_RSFB-Phenotyping_GG1_JLU/20251021_124319.jpg,2025_10_21_RSFB-Phenotyping_GG1_JLU/2025_10_21_RSFB-Phenotyping_GG1_JLU/20251021_160831.jpg,plot_58dcc70e233744338fcf,plot_31ff4a85b21ababa7de0,30.0,19.5,1.0,9.5,0.000342465762514621
2025_10_21_RSFB-Phenotyping_GG1_JLU/2025_10_21_RSFB-Phenotyping_GG1_JLU/20251021_124319.jpg,2025_10_21_RSFB-Phenotyping_GG1_JLU/2025_10_21_RSFB-Phenotyping_GG1_JLU/20251021_161751.jpg,plot_58dcc70e233744338fcf,plot_5ca84068b670156039bd,30.0,19.5,3.0,13.0,0.000342465762514621
2025_10_21_RSFB-Phenotyping_GG1_JLU/2025_10_21_RSFB-Phenotyping_GG1_JLU/20251021_124319.jpg,2025_10_21_RSFB-Phenotyping_GG1_JLU/2025_10_21_RSFB-Phenotyping_GG1_JLU/20251021_154509.jpg,plot_58dcc70e233744338fcf,plot_a2c6a5fd1e9b0c0d5868,30.0,19.5,13.0,6.0,0.000342465762514621
2025_10_21_RSFB-Phenotyping_GG1_JLU/2025_10_21_RSFB-Phenotyping_GG1_JLU/20251021_124319.jpg,2025_10_21_RSFB-Phenotyping_GG1_JLU/2025_10_21_RSFB-Phenotyping_GG1_JLU/20251021_130128.jpg,plot_58dcc70e233744338fcf,plot_77196a9ec72c575b5b40,30.0,19.5,10.0,4.5,0.000342465762514621
2025_10_21_RSFB-Phenotyping_GG1_JLU/2025_10_21_RSFB-Phenotyping_GG1_JLU/20251021_124319.jpg,2025_10_21_RSFB-Phenotyping_GG1_JLU/2025_10_21_RSFB-Phenotyping_GG1_JLU/20251021_122605.jpg,plot_58dcc70e233744338fcf,plot_4460e7e9889b69d86dd3,30.0,19.5,1.0,14.0,0.000342465762514621
2025_10_21_RSFB-Phenotyping_GG1_JLU/2025_10_21_RSFB-Phenotyping_GG1_JLU/20251021_124319.jpg,2025_10_21_RSFB-Phenotyping_GG1_JLU/2025_10_21_RSFB-Phenotyping_GG1_JLU/20251021_132424.jpg,plot_58dcc70e233744338fcf,plot_04441862d5c5dd0b49cc,30.0,19.5,10.0,2.5,0.000342465762514621
2025_10_21_RSFB-Phenotyping_GG1_JLU/2025_10_21_RSFB-Phenotyping_GG1_JLU/20251021_124319.jpg,2025_10_21_RSFB-Phenotyping_GG1_JLU/2025_10_21_RSFB-Phenotyping_GG1_JLU/20251021_132801.jpg,plot_58dcc70e233744338fcf,plot_b2decf1cbf56bcdc6d32,30.0,19.5,3.0,12.5,0.000342465762514621
2025_10_21_RSFB-Phenotyping_GG1_JLU/2025_10_21_RSFB-Phenotyping_GG1_JLU/20251021_124319.jpg,2025_10_21_RSFB-Phenotyping_GG1_JLU/2025_10_21_RSFB-Phenotyping_GG1_JLU/20251021_151432.jpg,plot_58dcc70e233744338fcf,plot_f19419da98fe0824600a,30.0,19.5,2.0,12.5,0.000342465762514621
2025_10_21_RSFB-Phenotyping_GG1_JLU/2025_10_21_RSFB-Phenotyping_GG1_JLU/20251021_124319.jpg,2025_10_21_RSFB-Phenotyping_GG1_JLU/2025_10_21_RSFB-Phenotyping_GG1_JLU/20251021_153832.jpg,plot_58dcc70e233744338fcf,plot_64e19f5de9c116d1fbb6,30.0,19.5,4.0,14.0,0.000342465762514621
2025_10_21_RSFB-Phenotyping_GG1_JLU/2025_10_21_RSFB-Phenotyping_GG1_JLU/20251021_124319.jpg,2025_10_21_RSFB-Phenotyping_GG1_JLU/2025_10_21_RSFB-Phenotyping_GG1_JLU/20251021_124615.jpg,plot_58dcc70e233744338fcf,plot_9e661ae87ec066049f1f,30.0,19.5,5.0,11.5,0.000342465762514621
2025_10_21_RSFB-Phenotyping_GG1_JLU/2025_10_21_RSFB-Phenotyping_GG1_JLU/20251021_124319.jpg,2025_10_21_RSFB-Phenotyping_GG1_JLU/2025_10_21_RSFB-Phenotyping_GG1_JLU/20251021_122557.jpg,plot_58dcc70e233744338fcf,plot_4460e7e9889b69d86dd3,30.0,19.5,2.0,10.0,0.000342465762514621
2025_10_21_RSFB-Phenotyping_GG1_JLU/2025_10_21_RSFB-Phenotyping_GG1_JLU/20251021_124319.jpg,2025_10_21_RSFB-Phenotyping_GG1_JLU/2025_10_21_RSFB-Phenotyping_GG1_JLU/20251021_161624.jpg,plot_58dcc70e233744338fcf,plot_3361cc58e772149f169e,30.0,19.5,12.0,3.0,0.000342465762514621
2025_10_21_RSFB-Phenotyping_GG1_JLU/2025_10_21_RSFB-Phenotyping_GG1_JLU/20251021_124319.jpg,2025_10_21_RSFB-Phenotyping_GG1_JLU/2025_10_21_RSFB-Phenotyping_GG1_JLU/20251021_125431.jpg,plot_58dcc70e233744338fcf,plot_ccfe1e329b419e50732e,30.0,19.5,13.0,3.0,0.000342465762514621
2025_10_21_RSFB-Phenotyping_GG1_JLU/2025_10_21_RSFB-Phenotyping_GG1_JLU/20251021_124319.jpg,2025_10_21_RSFB-Phenotyping_GG1_JLU/2025_10_21_RSFB-Phenotyping_GG1_JLU/20251021_162116.jpg,plot_58dcc70e233744338fcf,plot_60d8a72fe06bef6e6da4,30.0,19.5,3.0,11.399999618530273,0.000342465762514621
2025_10_21_RSFB-Phenotyping_GG1_JLU/2025_10_21_RSFB-Phenotyping_GG1_JLU/20251021_124319.jpg,2025_10_21_RSFB-Phenotyping_GG1_JLU/2025_10_21_RSFB-Phenotyping_GG1_JLU/20251021_123202.jpg,plot_58dcc70e233744338fcf,plot_a3e331c4e6fce2b877bd,30.0,19.5,5.0,12.0,0.000342465762514621
2025_10_21_RSFB-Phenotyping_GG1_JLU/2025_10_21_RSFB-Phenotyping_GG1_JLU/20251021_124319.jpg,2025_10_21_RSFB-Phenotyping_GG1_JLU/2025_10_21_RSFB-Phenotyping_GG1_JLU/20251021_160301.jpg,plot_58dcc70e233744338fcf,plot_80ee42a305b824b5337d,30.0,19.5,2.0,12.5,0.000342465762514621
2025_10_21_RSFB-Phenotyping_GG1_JLU/2025_10_21_RSFB-Phenotyping_GG1_JLU/20251021_124319.jpg,2025_10_21_RSFB-Phenotyping_GG1_JLU/2025_10_21_RSFB-Phenotyping_GG1_JLU/20251021_125439.jpg,plot_58dcc70e233744338fcf,plot_ccfe1e329b419e50732e,30.0,19.5,13.0,6.5,0.000342465762514621
2025_10_21_RSFB-Phenotyping_GG1_JLU/2025_10_21_RSFB-Phenotyping_GG1_JLU/20251021_124319.jpg,2025_10_21_RSFB-Phenotyping_GG1_JLU/2025_10_21_RSFB-Phenotyping_GG1_JLU/20251021_160714.jpg,plot_58dcc70e233744338fcf,plot_ea99039aeae06bdc085a,30.0,19.5,1.0,13.0,0.000342465762514621
2025_10_21_RSFB-Phenotyping_GG1_JLU/2025_10_21_RSFB-Phenotyping_GG1_JLU/20251021_124319.jpg,2025_10_21_RSFB-Phenotyping_GG1_JLU/2025_10_21_RSFB-Phenotyping_GG1_JLU/20251021_152040.jpg,plot_58dcc70e233744338fcf,plot_aace551e1ccebf79dd75,30.0,19.5,14.0,4.5,0.000342465762514621
2025_10_21_RSFB-Phenotyping_GG1_JLU/2025_10_21_RSFB-Phenotyping_GG1_JLU/20251021_124319.jpg,2025_10_21_RSFB-Phenotyping_GG1_JLU/2025_10_21_RSFB-Phenotyping_GG1_JLU/20251021_124358.jpg,plot_58dcc70e233744338fcf,plot_e77622de4cce1b168140,30.0,19.5,3.0,11.0,0.000342465762514621
2025_10_21_RSFB-Phenotyping_GG1_JLU/2025_10_21_RSFB-Phenotyping_GG1_JLU/20251021_124319.jpg,2025_10_21_RSFB-Phenotyping_GG1_JLU/2025_10_21_RSFB-Phenotyping_GG1_JLU/20251021_121246.jpg,plot_58dcc70e233744338fcf,plot_09d8a533567043e69854,30.0,19.5,7.0,13.5,0.000342465762514621
2025_10_21_RSFB-Phenotyping_GG1_JLU/2025_10_21_RSFB-Phenotyping_GG1_JLU/20251021_124319.jpg,2025_10_21_RSFB-Phenotyping_GG1_JLU/2025_10_21_RSFB-Phenotyping_GG1_JLU/20251021_151642.jpg,plot_58dcc70e233744338fcf,plot_f61b29267fecc01648f8,30.0,19.5,10.0,4.5,0.000342465762514621
2025_10_21_RSFB-Phenotyping_GG1_JLU/2025_10_21_RSFB-Phenotyping_GG1_JLU/20251021_124319.jpg,2025_10_21_RSFB-Phenotyping_GG1_JLU/2025_10_21_RSFB-Phenotyping_GG1_JLU/20251021_121843.jpg,plot_58dcc70e233744338fcf,plot_08853fb661302206a300,30.0,19.5,4.0,12.0,0.000342465762514621
2025_10_21_RSFB-Phenotyping_GG1_JLU/2025_10_21_RSFB-Phenotyping_GG1_JLU/20251021_124319.jpg,2025_10_21_RSFB-Phenotyping_GG1_JLU/2025_10_21_RSFB-Phenotyping_GG1_JLU/20251021_155302.jpg,plot_58dcc70e233744338fcf,plot_cb17d6bcad8ffccbde51,30.0,19.5,1.0,10.5,0.000342465762514621
2025_10_21_RSFB-Phenotyping_GG1_JLU/2025_10_21_RSFB-Phenotyping_GG1_JLU/20251021_124319.jpg,2025_10_21_RSFB-Phenotyping_GG1_JLU/2025_10_21_RSFB-Phenotyping_GG1_JLU/20251021_130737.jpg,plot_58dcc70e233744338fcf,plot_4c9e8c4301206d84387b,30.0,19.5,13.0,2.0,0.000342465762514621
2025_10_21_RSFB-Phenotyping_GG1_JLU/2025_10_21_RSFB-Phenotyping_GG1_JLU/20251021_124319.jpg,2025_10_21_RSFB-Phenotyping_GG1_JLU/2025_10_21_RSFB-Phenotyping_GG1_JLU/20251021_152457.jpg,plot_58dcc70e233744338fcf,plot_cf8f8145824cff35d237,30.0,19.5,3.0,9.5,0.000342465762514621
2025_10_21_RSFB-Phenotyping_GG1_JLU/2025_10_21_RSFB-Phenotyping_GG1_JLU/20251021_124319.jpg,2025_10_21_RSFB-Phenotyping_GG1_JLU/2025_10_21_RSFB-Phenotyping_GG1_JLU/20251021_151915.jpg,plot_58dcc70e233744338fcf,plot_6ca7eb46f81c9ecf993b,30.0,19.5,12.0,5.5,0.000342465762514621
2025_10_21_RSFB-Phenotyping_GG1_JLU/2025_10_21_RSFB-Phenotyping_GG1_JLU/20251021_124319.jpg,2025_10_21_RSFB-Phenotyping_GG1_JLU/2025_10_21_RSFB-Phenotyping_GG1_JLU/20251021_161415.jpg,plot_58dcc70e233744338fcf,plot_6db75ec8b4bf1739f8b3,30.0,19.5,10.0,4.5,0.000342465762514621
2025_10_21_RSFB-Phenotyping_GG1_JLU/2025_10_21_RSFB-Phenotyping_GG1_JLU/20251021_124319.jpg,2025_10_21_RSFB-Phenotyping_GG1_JLU/2025_10_21_RSFB-Phenotyping_GG1_JLU/20251021_162936.jpg,plot_58dcc70e233744338fcf,plot_6b8f7220a8a82d322a40,30.0,19.5,2.0,13.5,0.000342465762514621
2025_10_21_RSFB-Phenotyping_GG1_JLU/2025_10_21_RSFB-Phenotyping_GG1_JLU/20251021_124319.jpg,2025_10_21_RSFB-Phenotyping_GG1_JLU/2025_10_21_RSFB-Phenotyping_GG1_JLU/20251021_124500.jpg,plot_58dcc70e233744338fcf,plot_ea75df3b909465cef7b1,30.0,19.5,5.0,12.0,0.000342465762514621
2025_10_21_RSFB-Phenotyping_GG1_JLU/2025_10_21_RSFB-Phenotyping_GG1_JLU/20251021_124319.jpg,2025_10_21_RSFB-Phenotyping_GG1_JLU/2025_10_21_RSFB-Phenotyping_GG1_JLU/20251021_161840.jpg,plot_58dcc70e233744338fcf,plot_fb549f03aaaa145785c8,30.0,19.5,3.0,13.0,0.000342465762514621
2025_10_21_RSFB-Phenotyping_GG1_JLU/2025_10_21_RSFB-Phenotyping_GG1_JLU/20251021_124319.jpg,2025_10_21_RSFB-Phenotyping_GG1_JLU/2025_10_21_RSFB-Phenotyping_GG1_JLU/20251021_154649.jpg,plot_58dcc70e233744338fcf,plot_f974c33b3b939aa5f878,30.0,19.5,2.0,9.5,0.000342465762514621
2025_10_21_RSFB-Phenotyping_GG1_JLU/2025_10_21_RSFB-Phenotyping_GG1_JLU/20251021_124319.jpg,2025_10_21_RSFB-Phenotyping_GG1_JLU/2025_10_21_RSFB-Phenotyping_GG1_JLU/20251021_152220.jpg,plot_58dcc70e233744338fcf,plot_67dc730dc218f4c377b3,30.0,19.5,14.0,5.0,0.000342465762514621
2025_10_21_RSFB-Phenotyping_GG1_JLU/2025_10_21_RSFB-Phenotyping_GG1_JLU/20251021_124319.jpg,2025_10_21_RSFB-Phenotyping_GG1_JLU/2025_10_21_RSFB-Phenotyping_GG1_JLU/20251021_132342.jpg,plot_58dcc70e233744338fcf,plot_df712240205f755d4453,30.0,19.5,12.0,2.5,0.000342465762514621
2025_10_21_RSFB-Phenotyping_GG1_JLU/2025_10_21_RSFB-Phenotyping_GG1_JLU/20251021_124319.jpg,2025_10_21_RSFB-Phenotyping_GG1_JLU/2025_10_21_RSFB-Phenotyping_GG1_JLU/20251021_121113.jpg,plot_58dcc70e233744338fcf,plot_a7714d1b769d45a9b00a,30.0,19.5,2.0,10.0,0.000342465762514621
2025_10_21_RSFB-Phenotyping_GG1_JLU/2025_10_21_RSFB-Phenotyping_GG1_JLU/20251021_124319.jpg,2025_10_21_RSFB-Phenotyping_GG1_JLU/2025_10_21_RSFB-Phenotyping_GG1_JLU/20251021_131419.jpg,plot_58dcc70e233744338fcf,plot_e26908bc9222e28c92ff,30.0,19.5,10.0,4.5,0.000342465762514621
2025_10_21_RSFB-Phenotyping_GG1_JLU/2025_10_21_RSFB-Phenotyping_GG1_JLU/20251021_121737.jpg,2025_10_21_RSFB-Phenotyping_GG1_JLU/2025_10_21_RSFB-Phenotyping_GG1_JLU/20251021_125439.jpg,plot_1567e6fbdfcaddf7a13f,plot_ccfe1e329b419e50732e,35.0,24.5,13.0,6.5,0.00011415524932090193
2025_10_21_RSFB-Phenotyping_GG1_JLU/2025_10_21_RSFB-Phenotyping_GG1_JLU/20251021_121737.jpg,2025_10_21_RSFB-Phenotyping_GG1_JLU/2025_10_21_RSFB-Phenotyping_GG1_JLU/20251021_123930.jpg,plot_1567e6fbdfcaddf7a13f,plot_57717e3cb06d560f3a82,35.0,24.5,18.0,12.0,0.00011415524932090193
2025_10_21_RSFB-Phenotyping_GG1_JLU/2025_10_21_RSFB-Phenotyping_GG1_JLU/20251021_121737.jpg,2025_10_21_RSFB-Phenotyping_GG1_JLU/2025_10_21_RSFB-Phenotyping_GG1_JLU/20251021_152457.jpg,plot_1567e6fbdfcaddf7a13f,plot_cf8f8145824cff35d237,35.0,24.5,3.0,9.5,0.00011415524932090193
2025_10_21_RSFB-Phenotyping_GG1_JLU/2025_10_21_RSFB-Phenotyping_GG1_JLU/20251021_121737.jpg,2025_10_21_RSFB-Phenotyping_GG1_JLU/2025_10_21_RSFB-Phenotyping_GG1_JLU/20251021_161840.jpg,plot_1567e6fbdfcaddf7a13f,plot_fb549f03aaaa145785c8,35.0,24.5,3.0,13.0,0.00011415524932090193
2025_10_21_RSFB-Phenotyping_GG1_JLU/2025_10_21_RSFB-Phenotyping_GG1_JLU/20251021_121737.jpg,2025_10_21_RSFB-Phenotyping_GG1_JLU/2025_10_21_RSFB-Phenotyping_GG1_JLU/20251021_155857.jpg,plot_1567e6fbdfcaddf7a13f,plot_e898a4d9ed85e24ff050,35.0,24.5,12.0,18.5,0.00011415524932090193
2025_10_21_RSFB-Phenotyping_GG1_JLU/2025_10_21_RSFB-Phenotyping_GG1_JLU/20251021_121737.jpg,2025_10_21_RSFB-Phenotyping_GG1_JLU/2025_10_21_RSFB-Phenotyping_GG1_JLU/20251021_155103.jpg,plot_1567e6fbdfcaddf7a13f,plot_b499b14eca911be3b991,35.0,24.5,12.0,1.0,0.00011415524932090193
2025_10_21_RSFB-Phenotyping_GG1_JLU/2025_10_21_RSFB-Phenotyping_GG1_JLU/20251021_121737.jpg,2025_10_21_RSFB-Phenotyping_GG1_JLU/2025_10_21_RSFB-Phenotyping_GG1_JLU/20251021_152637.jpg,plot_1567e6fbdfcaddf7a13f,plot_fe93ef196b1a8b77de19,35.0,24.5,16.0,8.5,0.00011415524932090193
2025_10_21_RSFB-Phenotyping_GG1_JLU/2025_10_21_RSFB-Phenotyping_GG1_JLU/20251021_121737.jpg,2025_10_21_RSFB-Phenotyping_GG1_JLU/2025_10_21_RSFB-Phenotyping_GG1_JLU/20251021_162116.jpg,plot_1567e6fbdfcaddf7a13f,plot_60d8a72fe06bef6e6da4,35.0,24.5,3.0,11.399999618530273,0.00011415524932090193
2025_10_21_RSFB-Phenotyping_GG1_JLU/2025_10_21_RSFB-Phenotyping_GG1_JLU/20251021_121737.jpg,2025_10_21_RSFB-Phenotyping_GG1_JLU/2025_10_21_RSFB-Phenotyping_GG1_JLU/20251021_132801.jpg,plot_1567e6fbdfcaddf7a13f,plot_b2decf1cbf56bcdc6d32,35.0,24.5,3.0,12.5,0.00011415524932090193
2025_10_21_RSFB-Phenotyping_GG1_JLU/2025_10_21_RSFB-Phenotyping_GG1_JLU/20251021_121737.jpg,2025_10_21_RSFB-Phenotyping_GG1_JLU/2025_10_21_RSFB-Phenotyping_GG1_JLU/20251021_152220.jpg,plot_1567e6fbdfcaddf7a13f,plot_67dc730dc218f4c377b3,35.0,24.5,14.0,5.0,0.00011415524932090193
2025_10_21_RSFB-Phenotyping_GG1_JLU/2025_10_21_RSFB-Phenotyping_GG1_JLU/20251021_121737.jpg,2025_10_21_RSFB-Phenotyping_GG1_JLU/2025_10_21_RSFB-Phenotyping_GG1_JLU/20251021_160301.jpg,plot_1567e6fbdfcaddf7a13f,plot_80ee42a305b824b5337d,35.0,24.5,2.0,12.5,0.00011415524932090193
2025_10_21_RSFB-Phenotyping_GG1_JLU/2025_10_21_RSFB-Phenotyping_GG1_JLU/20251021_121737.jpg,2025_10_21_RSFB-Phenotyping_GG1_JLU/2025_10_21_RSFB-Phenotyping_GG1_JLU/20251021_152643.jpg,plot_1567e6fbdfcaddf7a13f,plot_fe93ef196b1a8b77de19,35.0,24.5,17.0,0.0,0.00011415524932090193
2025_10_21_RSFB-Phenotyping_GG1_JLU/2025_10_21_RSFB-Phenotyping_GG1_JLU/20251021_121737.jpg,2025_10_21_RSFB-Phenotyping_GG1_JLU/2025_10_21_RSFB-Phenotyping_GG1_JLU/20251021_124358.jpg,plot_1567e6fbdfcaddf7a13f,plot_e77622de4cce1b168140,35.0,24.5,3.0,11.0,0.00011415524932090193
2025_10_21_RSFB-Phenotyping_GG1_JLU/2025_10_21_RSFB-Phenotyping_GG1_JLU/20251021_121737.jpg,2025_10_21_RSFB-Phenotyping_GG1_JLU/2025_10_21_RSFB-Phenotyping_GG1_JLU/20251021_121834.jpg,plot_1567e6fbdfcaddf7a13f,plot_08853fb661302206a300,35.0,24.5,5.0,15.0,0.00011415524932090193
2025_10_21_RSFB-Phenotyping_GG1_JLU/2025_10_21_RSFB-Phenotyping_GG1_JLU/20251021_121737.jpg,2025_10_21_RSFB-Phenotyping_GG1_JLU/2025_10_21_RSFB-Phenotyping_GG1_JLU/20251021_124648.jpg,plot_1567e6fbdfcaddf7a13f,plot_85463dcf1e4272fe283b,35.0,24.5,18.0,10.5,0.00011415524932090193
2025_10_21_RSFB-Phenotyping_GG1_JLU/2025_10_21_RSFB-Phenotyping_GG1_JLU/20251021_121737.jpg,2025_10_21_RSFB-Phenotyping_GG1_JLU/2025_10_21_RSFB-Phenotyping_GG1_JLU/20251021_130128.jpg,plot_1567e6fbdfcaddf7a13f,plot_77196a9ec72c575b5b40,35.0,24.5,10.0,4.5,0.00011415524932090193
2025_10_21_RSFB-Phenotyping_GG1_JLU/2025_10_21_RSFB-Phenotyping_GG1_JLU/20251021_121737.jpg,2025_10_21_RSFB-Phenotyping_GG1_JLU/2025_10_21_RSFB-Phenotyping_GG1_JLU/20251021_133018.jpg,plot_1567e6fbdfcaddf7a13f,plot_29ad4a9860449a68b25f,35.0,24.5,15.0,6.5,0.00011415524932090193
2025_10_21_RSFB-Phenotyping_GG1_JLU/2025_10_21_RSFB-Phenotyping_GG1_JLU/20251021_121737.jpg,2025_10_21_RSFB-Phenotyping_GG1_JLU/2025_10_21_RSFB-Phenotyping_GG1_JLU/20251021_131419.jpg,plot_1567e6fbdfcaddf7a13f,plot_e26908bc9222e28c92ff,35.0,24.5,10.0,4.5,0.00011415524932090193
2025_10_21_RSFB-Phenotyping_GG1_JLU/2025_10_21_RSFB-Phenotyping_GG1_JLU/20251021_121737.jpg,2025_10_21_RSFB-Phenotyping_GG1_JLU/2025_10_21_RSFB-Phenotyping_GG1_JLU/20251021_161054.jpg,plot_1567e6fbdfcaddf7a13f,plot_45f6d31ea6c6f3f4c15c,35.0,24.5,1.0,16.5,0.00011415524932090193
2025_10_21_RSFB-Phenotyping_GG1_JLU/2025_10_21_RSFB-Phenotyping_GG1_JLU/20251021_121737.jpg,2025_10_21_RSFB-Phenotyping_GG1_JLU/2025_10_21_RSFB-Phenotyping_GG1_JLU/20251021_123107.jpg,plot_1567e6fbdfcaddf7a13f,plot_5700cee80bc5a6e207ec,35.0,24.5,10.0,2.0,0.00011415524932090193
2025_10_21_RSFB-Phenotyping_GG1_JLU/2025_10_21_RSFB-Phenotyping_GG1_JLU/20251021_121737.jpg,2025_10_21_RSFB-Phenotyping_GG1_JLU/2025_10_21_RSFB-Phenotyping_GG1_JLU/20251021_124615.jpg,plot_1567e6fbdfcaddf7a13f,plot_9e661ae87ec066049f1f,35.0,24.5,5.0,11.5,0.00011415524932090193
2025_10_21_RSFB-Phenotyping_GG1_JLU/2025_10_21_RSFB-Phenotyping_GG1_JLU/20251021_121737.jpg,2025_10_21_RSFB-Phenotyping_GG1_JLU/2025_10_21_RSFB-Phenotyping_GG1_JLU/20251021_122330.jpg,plot_1567e6fbdfcaddf7a13f,plot_f0fdaec340e3ae5ac4bf,35.0,24.5,2.0,16.0,0.00011415524932090193
2025_10_21_RSFB-Phenotyping_GG1_JLU/2025_10_21_RSFB-Phenotyping_GG1_JLU/20251021_121737.jpg,2025_10_21_RSFB-Phenotyping_GG1_JLU/2025_10_21_RSFB-Phenotyping_GG1_JLU/20251021_154502.jpg,plot_1567e6fbdfcaddf7a13f,plot_a2c6a5fd1e9b0c0d5868,35.0,24.5,15.0,8.0,0.00011415524932090193
2025_10_21_RSFB-Phenotyping_GG1_JLU/2025_10_21_RSFB-Phenotyping_GG1_JLU/20251021_121737.jpg,2025_10_21_RSFB-Phenotyping_GG1_JLU/2025_10_21_RSFB-Phenotyping_GG1_JLU/20251021_154649.jpg,plot_1567e6fbdfcaddf7a13f,plot_f974c33b3b939aa5f878,35.0,24.5,2.0,9.5,0.00011415524932090193
2025_10_21_RSFB-Phenotyping_GG1_JLU/2025_10_21_RSFB-Phenotyping_GG1_JLU/20251021_121737.jpg,2025_10_21_RSFB-Phenotyping_GG1_JLU/2025_10_21_RSFB-Phenotyping_GG1_JLU/20251021_131511.jpg,plot_1567e6fbdfcaddf7a13f,plot_5e57cab4d93c9720a4da,35.0,24.5,16.0,8.5,0.00011415524932090193
2025_10_21_RSFB-Phenotyping_GG1_JLU/2025_10_21_RSFB-Phenotyping_GG1_JLU/20251021_121737.jpg,2025_10_21_RSFB-Phenotyping_GG1_JLU/2025_10_21_RSFB-Phenotyping_GG1_JLU/20251021_154051.jpg,plot_1567e6fbdfcaddf7a13f,plot_1ec8031b29f0a96ca6fd,35.0,24.5,18.0,10.5,0.00011415524932090193
2025_10_21_RSFB-Phenotyping_GG1_JLU/2025_10_21_RSFB-Phenotyping_GG1_JLU/20251021_121737.jpg,2025_10_21_RSFB-Phenotyping_GG1_JLU/2025_10_21_RSFB-Phenotyping_GG1_JLU/20251021_122402.jpg,plot_1567e6fbdfcaddf7a13f,plot_16577622d2052f869752,35.0,24.5,15.0,7.0,0.00011415524932090193
2025_10_21_RSFB-Phenotyping_GG1_JLU/2025_10_21_RSFB-Phenotyping_GG1_JLU/20251021_121737.jpg,2025_10_21_RSFB-Phenotyping_GG1_JLU/2025_10_21_RSFB-Phenotyping_GG1_JLU/20251021_151642.jpg,plot_1567e6fbdfcaddf7a13f,plot_f61b29267fecc01648f8,35.0,24.5,10.0,4.5,0.00011415524932090193
2025_10_21_RSFB-Phenotyping_GG1_JLU/2025_10_21_RSFB-Phenotyping_GG1_JLU/20251021_121737.jpg,2025_10_21_RSFB-Phenotyping_GG1_JLU/2025_10_21_RSFB-Phenotyping_GG1_JLU/20251021_153832.jpg,plot_1567e6fbdfcaddf7a13f,plot_64e19f5de9c116d1fbb6,35.0,24.5,4.0,14.0,0.00011415524932090193
2025_10_21_RSFB-Phenotyping_GG1_JLU/2025_10_21_RSFB-Phenotyping_GG1_JLU/20251021_121737.jpg,2025_10_21_RSFB-Phenotyping_GG1_JLU/2025_10_21_RSFB-Phenotyping_GG1_JLU/20251021_152721.jpg,plot_1567e6fbdfcaddf7a13f,plot_de2f51ed98b70b393739,35.0,24.5,8.0,16.0,0.00011415524932090193
2025_10_21_RSFB-Phenotyping_GG1_JLU/2025_10_21_RSFB-Phenotyping_GG1_JLU/20251021_121737.jpg,2025_10_21_RSFB-Phenotyping_GG1_JLU/2025_10_21_RSFB-Phenotyping_GG1_JLU/20251021_160714.jpg,plot_1567e6fbdfcaddf7a13f,plot_ea99039aeae06bdc085a,35.0,24.5,1.0,13.0,0.00011415524932090193
2025_10_21_RSFB-Phenotyping_GG1_JLU/2025_10_21_RSFB-Phenotyping_GG1_JLU/20251021_121737.jpg,2025_10_21_RSFB-Phenotyping_GG1_JLU/2025_10_21_RSFB-Phenotyping_GG1_JLU/20251021_155233.jpg,plot_1567e6fbdfcaddf7a13f,plot_ae2984dd48723bc500ae,35.0,24.5,8.0,14.5,0.00011415524932090193
2025_10_21_RSFB-Phenotyping_GG1_JLU/2025_10_21_RSFB-Phenotyping_GG1_JLU/20251021_121737.jpg,2025_10_21_RSFB-Phenotyping_GG1_JLU/2025_10_21_RSFB-Phenotyping_GG1_JLU/20251021_161808.jpg,plot_1567e6fbdfcaddf7a13f,plot_957f290e26708d57eba4,35.0,24.5,3.0,17.0,0.00011415524932090193
2025_10_21_RSFB-Phenotyping_GG1_JLU/2025_10_21_RSFB-Phenotyping_GG1_JLU/20251021_121737.jpg,2025_10_21_RSFB-Phenotyping_GG1_JLU/2025_10_21_RSFB-Phenotyping_GG1_JLU/20251021_122557.jpg,plot_1567e6fbdfcaddf7a13f,plot_4460e7e9889b69d86dd3,35.0,24.5,2.0,10.0,0.00011415524932090193
2025_10_21_RSFB-Phenotyping_GG1_JLU/2025_10_21_RSFB-Phenotyping_GG1_JLU/20251021_121737.jpg,2025_10_21_RSFB-Phenotyping_GG1_JLU/2025_10_21_RSFB-Phenotyping_GG1_JLU/20251021_132050.jpg,plot_1567e6fbdfcaddf7a13f,plot_a2622f860df5cef3e355,35.0,24.5,15.0,5.5,0.00011415524932090193
2025_10_21_RSFB-Phenotyping_GG1_JLU/2025_10_21_RSFB-Phenotyping_GG1_JLU/20251021_121737.jpg,2025_10_21_RSFB-Phenotyping_GG1_JLU/2025_10_21_RSFB-Phenotyping_GG1_JLU/20251021_132656.jpg,plot_1567e6fbdfcaddf7a13f,plot_5369658b6c1142903406,35.0,24.5,18.0,8.0,0.00011415524932090193
2025_10_21_RSFB-Phenotyping_GG1_JLU/2025_10_21_RSFB-Phenotyping_GG1_JLU/20251021_121737.jpg,2025_10_21_RSFB-Phenotyping_GG1_JLU/2025_10_21_RSFB-Phenotyping_GG1_JLU/20251021_125901.jpg,plot_1567e6fbdfcaddf7a13f,plot_7afc7682bc0b0be61f6b,35.0,24.5,2.0,10.0,0.00011415524932090193
2025_10_21_RSFB-Phenotyping_GG1_JLU/2025_10_21_RSFB-Phenotyping_GG1_JLU/20251021_121737.jpg,2025_10_21_RSFB-Phenotyping_GG1_JLU/2025_10_21_RSFB-Phenotyping_GG1_JLU/20251021_125839.jpg,plot_1567e6fbdfcaddf7a13f,plot_01e87c1ddded3d2f1cac,35.0,24.5,15.0,6.5,0.00011415524932090193
2025_10_21_RSFB-Phenotyping_GG1_JLU/2025_10_21_RSFB-Phenotyping_GG1_JLU/20251021_121737.jpg,2025_10_21_RSFB-Phenotyping_GG1_JLU/2025_10_21_RSFB-Phenotyping_GG1_JLU/20251021_121246.jpg,plot_1567e6fbdfcaddf7a13f,plot_09d8a533567043e69854,35.0,24.5,7.0,13.5,0.00011415524932090193
2025_10_21_RSFB-Phenotyping_GG1_JLU/2025_10_21_RSFB-Phenotyping_GG1_JLU/20251021_121737.jpg,2025_10_21_RSFB-Phenotyping_GG1_JLU/2025_10_21_RSFB-Phenotyping_GG1_JLU/20251021_155302.jpg,plot_1567e6fbdfcaddf7a13f,plot_cb17d6bcad8ffccbde51,35.0,24.5,1.0,10.5,0.00011415524932090193
2025_10_21_RSFB-Phenotyping_GG1_JLU/2025_10_21_RSFB-Phenotyping_GG1_JLU/20251021_121053.jpg,2025_10_21_RSFB-Phenotyping_GG1_JLU/2025_10_21_RSFB-Phenotyping_GG1_JLU/20251021_121113.jpg,plot_3688e89ae2ebda0cc6bb,plot_a7714d1b769d45a9b00a,21.0,26.5,2.0,10.0,0.000342465762514621
2025_10_21_RSFB-Phenotyping_GG1_JLU/2025_10_21_RSFB-Phenotyping_GG1_JLU/20251021_121053.jpg,2025_10_21_RSFB-Phenotyping_GG1_JLU/2025_10_21_RSFB-Phenotyping_GG1_JLU/20251021_155808.jpg,plot_3688e89ae2ebda0cc6bb,plot_7b5226474d03f55ab84a,21.0,26.5,2.0,15.0,0.000342465762514621
2025_10_21_RSFB-Phenotyping_GG1_JLU/2025_10_21_RSFB-Phenotyping_GG1_JLU/20251021_121053.jpg,2025_10_21_RSFB-Phenotyping_GG1_JLU/2025_10_21_RSFB-Phenotyping_GG1_JLU/20251021_124358.jpg,plot_3688e89ae2ebda0cc6bb,plot_e77622de4cce1b168140,21.0,26.5,3.0,11.0,0.000342465762514621
2025_10_21_RSFB-Phenotyping_GG1_JLU/2025_10_21_RSFB-Phenotyping_GG1_JLU/20251021_121053.jpg,2025_10_21_RSFB-Phenotyping_GG1_JLU/2025_10_21_RSFB-Phenotyping_GG1_JLU/20251021_153832.jpg,plot_3688e89ae2ebda0cc6bb,plot_64e19f5de9c116d1fbb6,21.0,26.5,4.0,14.0,0.000342465762514621
2025_10_21_RSFB-Phenotyping_GG1_JLU/2025_10_21_RSFB-Phenotyping_GG1_JLU/20251021_121053.jpg,2025_10_21_RSFB-Phenotyping_GG1_JLU/2025_10_21_RSFB-Phenotyping_GG1_JLU/20251021_132410.jpg,plot_3688e89ae2ebda0cc6bb,plot_04441862d5c5dd0b49cc,21.0,26.5,15.0,8.0,0.000342465762514621
2025_10_21_RSFB-Phenotyping_GG1_JLU/2025_10_21_RSFB-Phenotyping_GG1_JLU/20251021_121053.jpg,2025_10_21_RSFB-Phenotyping_GG1_JLU/2025_10_21_RSFB-Phenotyping_GG1_JLU/20251021_152457.jpg,plot_3688e89ae2ebda0cc6bb,plot_cf8f8145824cff35d237,21.0,26.5,3.0,9.5,0.000342465762514621
2025_10_21_RSFB-Phenotyping_GG1_JLU/2025_10_21_RSFB-Phenotyping_GG1_JLU/20251021_121053.jpg,2025_10_21_RSFB-Phenotyping_GG1_JLU/2025_10_21_RSFB-Phenotyping_GG1_JLU/20251021_132050.jpg,plot_3688e89ae2ebda0cc6bb,plot_a2622f860df5cef3e355,21.0,26.5,15.0,5.5,0.000342465762514621
2025_10_21_RSFB-Phenotyping_GG1_JLU/2025_10_21_RSFB-Phenotyping_GG1_JLU/20251021_121053.jpg,2025_10_21_RSFB-Phenotyping_GG1_JLU/2025_10_21_RSFB-Phenotyping_GG1_JLU/20251021_122402.jpg,plot_3688e89ae2ebda0cc6bb,plot_16577622d2052f869752,21.0,26.5,15.0,7.0,0.000342465762514621
2025_10_21_RSFB-Phenotyping_GG1_JLU/2025_10_21_RSFB-Phenotyping_GG1_JLU/20251021_121053.jpg,2025_10_21_RSFB-Phenotyping_GG1_JLU/2025_10_21_RSFB-Phenotyping_GG1_JLU/20251021_130209.jpg,plot_3688e89ae2ebda0cc6bb,plot_be7d2dcdea72b37dc9bf,21.0,26.5,15.0,7.5,0.000342465762514621
2025_10_21_RSFB-Phenotyping_GG1_JLU/2025_10_21_RSFB-Phenotyping_GG1_JLU/20251021_121053.jpg,2025_10_21_RSFB-Phenotyping_GG1_JLU/2025_10_21_RSFB-Phenotyping_GG1_JLU/20251021_155939.jpg,plot_3688e89ae2ebda0cc6bb,plot_b351f823b8a0415f9230,21.0,26.5,3.0,10.0,0.000342465762514621
2025_10_21_RSFB-Phenotyping_GG1_JLU/2025_10_21_RSFB-Phenotyping_GG1_JLU/20251021_121053.jpg,2025_10_21_RSFB-Phenotyping_GG1_JLU/2025_10_21_RSFB-Phenotyping_GG1_JLU/20251021_123407.jpg,plot_3688e89ae2ebda0cc6bb,plot_a72e9af8f12fd28c9181,21.0,26.5,15.0,7.5,0.000342465762514621
2025_10_21_RSFB-Phenotyping_GG1_JLU/2025_10_21_RSFB-Phenotyping_GG1_JLU/20251021_121053.jpg,2025_10_21_RSFB-Phenotyping_GG1_JLU/2025_10_21_RSFB-Phenotyping_GG1_JLU/20251021_121843.jpg,plot_3688e89ae2ebda0cc6bb,plot_08853fb661302206a300,21.0,26.5,4.0,12.0,0.000342465762514621
2025_10_21_RSFB-Phenotyping_GG1_JLU/2025_10_21_RSFB-Phenotyping_GG1_JLU/20251021_121053.jpg,2025_10_21_RSFB-Phenotyping_GG1_JLU/2025_10_21_RSFB-Phenotyping_GG1_JLU/20251021_131419.jpg,plot_3688e89ae2ebda0cc6bb,plot_e26908bc9222e28c92ff,21.0,26.5,10.0,4.5,0.000342465762514621
2025_10_21_RSFB-Phenotyping_GG1_JLU/2025_10_21_RSFB-Phenotyping_GG1_JLU/20251021_121053.jpg,2025_10_21_RSFB-Phenotyping_GG1_JLU/2025_10_21_RSFB-Phenotyping_GG1_JLU/20251021_122605.jpg,plot_3688e89ae2ebda0cc6bb,plot_4460e7e9889b69d86dd3,21.0,26.5,1.0,14.0,0.000342465762514621
2025_10_21_RSFB-Phenotyping_GG1_JLU/2025_10_21_RSFB-Phenotyping_GG1_JLU/20251021_121053.jpg,2025_10_21_RSFB-Phenotyping_GG1_JLU/2025_10_21_RSFB-Phenotyping_GG1_JLU/20251021_160714.jpg,plot_3688e89ae2ebda0cc6bb,plot_ea99039aeae06bdc085a,21.0,26.5,1.0,13.0,0.000342465762514621
2025_10_21_RSFB-Phenotyping_GG1_JLU/2025_10_21_RSFB-Phenotyping_GG1_JLU/20251021_121053.jpg,2025_10_21_RSFB-Phenotyping_GG1_JLU/2025_10_21_RSFB-Phenotyping_GG1_JLU/20251021_155233.jpg,plot_3688e89ae2ebda0cc6bb,plot_ae2984dd48723bc500ae,21.0,26.5,8.0,14.5,0.000342465762514621
2025_10_21_RSFB-Phenotyping_GG1_JLU/2025_10_21_RSFB-Phenotyping_GG1_JLU/20251021_121053.jpg,2025_10_21_RSFB-Phenotyping_GG1_JLU/2025_10_21_RSFB-Phenotyping_GG1_JLU/20251021_160831.jpg,plot_3688e89ae2ebda0cc6bb,plot_31ff4a85b21ababa7de0,21.0,26.5,1.0,9.5,0.000342465762514621
2025_10_21_RSFB-Phenotyping_GG1_JLU/2025_10_21_RSFB-Phenotyping_GG1_JLU/20251021_121053.jpg,2025_10_21_RSFB-Phenotyping_GG1_JLU/2025_10_21_RSFB-Phenotyping_GG1_JLU/20251021_160515.jpg,plot_3688e89ae2ebda0cc6bb,plot_515f3eae0107bd86c13e,21.0,26.5,15.0,7.0,0.000342465762514621
2025_10_21_RSFB-Phenotyping_GG1_JLU/2025_10_21_RSFB-Phenotyping_GG1_JLU/20251021_121053.jpg,2025_10_21_RSFB-Phenotyping_GG1_JLU/2025_10_21_RSFB-Phenotyping_GG1_JLU/20251021_161415.jpg,plot_3688e89ae2ebda0cc6bb,plot_6db75ec8b4bf1739f8b3,21.0,26.5,10.0,4.5,0.000342465762514621
2025_10_21_RSFB-Phenotyping_GG1_JLU/2025_10_21_RSFB-Phenotyping_GG1_JLU/20251021_121053.jpg,2025_10_21_RSFB-Phenotyping_GG1_JLU/2025_10_21_RSFB-Phenotyping_GG1_JLU/20251021_132902.jpg,plot_3688e89ae2ebda0cc6bb,plot_a68ea486bf28d2a65eea,21.0,26.5,15.0,5.0,0.000342465762514621
2025_10_21_RSFB-Phenotyping_GG1_JLU/2025_10_21_RSFB-Phenotyping_GG1_JLU/20251021_121053.jpg,2025_10_21_RSFB-Phenotyping_GG1_JLU/2025_10_21_RSFB-Phenotyping_GG1_JLU/20251021_132801.jpg,plot_3688e89ae2ebda0cc6bb,plot_b2decf1cbf56bcdc6d32,21.0,26.5,3.0,12.5,0.000342465762514621
2025_10_21_RSFB-Phenotyping_GG1_JLU/2025_10_21_RSFB-Phenotyping_GG1_JLU/20251021_121053.jpg,2025_10_21_RSFB-Phenotyping_GG1_JLU/2025_10_21_RSFB-Phenotyping_GG1_JLU/20251021_160301.jpg,plot_3688e89ae2ebda0cc6bb,plot_80ee42a305b824b5337d,21.0,26.5,2.0,12.5,0.000342465762514621
2025_10_21_RSFB-Phenotyping_GG1_JLU/2025_10_21_RSFB-Phenotyping_GG1_JLU/20251021_121053.jpg,2025_10_21_RSFB-Phenotyping_GG1_JLU/2025_10_21_RSFB-Phenotyping_GG1_JLU/20251021_154502.jpg,plot_3688e89ae2ebda0cc6bb,plot_a2c6a5fd1e9b0c0d5868,21.0,26.5,15.0,8.0,0.000342465762514621
2025_10_21_RSFB-Phenotyping_GG1_JLU/2025_10_21_RSFB-Phenotyping_GG1_JLU/20251021_121053.jpg,2025_10_21_RSFB-Phenotyping_GG1_JLU/2025_10_21_RSFB-Phenotyping_GG1_JLU/20251021_133018.jpg,plot_3688e89ae2ebda0cc6bb,plot_29ad4a9860449a68b25f,21.0,26.5,15.0,6.5,0.000342465762514621
2025_10_21_RSFB-Phenotyping_GG1_JLU/2025_10_21_RSFB-Phenotyping_GG1_JLU/20251021_121053.jpg,2025_10_21_RSFB-Phenotyping_GG1_JLU/2025_10_21_RSFB-Phenotyping_GG1_JLU/20251021_132424.jpg,plot_3688e89ae2ebda0cc6bb,plot_04441862d5c5dd0b49cc,21.0,26.5,10.0,2.5,0.000342465762514621
2025_10_21_RSFB-Phenotyping_GG1_JLU/2025_10_21_RSFB-Phenotyping_GG1_JLU/20251021_121053.jpg,2025_10_21_RSFB-Phenotyping_GG1_JLU/2025_10_21_RSFB-Phenotyping_GG1_JLU/20251021_121126.jpg,plot_3688e89ae2ebda0cc6bb,plot_a7714d1b769d45a9b00a,21.0,26.5,2.0,14.5,0.000342465762514621
2025_10_21_RSFB-Phenotyping_GG1_JLU/2025_10_21_RSFB-Phenotyping_GG1_JLU/20251021_121053.jpg,2025_10_21_RSFB-Phenotyping_GG1_JLU/2025_10_21_RSFB-Phenotyping_GG1_JLU/20251021_155103.jpg,plot_3688e89ae2ebda0cc6bb,plot_b499b14eca911be3b991,21.0,26.5,12.0,1.0,0.000342465762514621
2025_10_21_RSFB-Phenotyping_GG1_JLU/2025_10_21_RSFB-Phenotyping_GG1_JLU/20251021_121053.jpg,2025_10_21_RSFB-Phenotyping_GG1_JLU/2025_10_21_RSFB-Phenotyping_GG1_JLU/20251021_125439.jpg,plot_3688e89ae2ebda0cc6bb,plot_ccfe1e329b419e50732e,21.0,26.5,13.0,6.5,0.000342465762514621
2025_10_21_RSFB-Phenotyping_GG1_JLU/2025_10_21_RSFB-Phenotyping_GG1_JLU/20251021_121053.jpg,2025_10_21_RSFB-Phenotyping_GG1_JLU/2025_10_21_RSFB-Phenotyping_GG1_JLU/20251021_130128.jpg,plot_3688e89ae2ebda0cc6bb,plot_77196a9ec72c575b5b40,21.0,26.5,10.0,4.5,0.000342465762514621
2025_10_21_RSFB-Phenotyping_GG1_JLU/2025_10_21_RSFB-Phenotyping_GG1_JLU/20251021_121053.jpg,2025_10_21_RSFB-Phenotyping_GG1_JLU/2025_10_21_RSFB-Phenotyping_GG1_JLU/20251021_130423.jpg,plot_3688e89ae2ebda0cc6bb,plot_8390a5f10d833e2ab881,21.0,26.5,5.0,14.5,0.000342465762514621
2025_10_21_RSFB-Phenotyping_GG1_JLU/2025_10_21_RSFB-Phenotyping_GG1_JLU/20251021_121053.jpg,2025_10_21_RSFB-Phenotyping_GG1_JLU/2025_10_21_RSFB-Phenotyping_GG1_JLU/20251021_155302.jpg,plot_3688e89ae2ebda0cc6bb,plot_cb17d6bcad8ffccbde51,21.0,26.5,1.0,10.5,0.000342465762514621
2025_10_21_RSFB-Phenotyping_GG1_JLU/2025_10_21_RSFB-Phenotyping_GG1_JLU/20251021_121053.jpg,2025_10_21_RSFB-Phenotyping_GG1_JLU/2025_10_21_RSFB-Phenotyping_GG1_JLU/20251021_151505.jpg,plot_3688e89ae2ebda0cc6bb,plot_86463875c696816ca92b,21.0,26.5,15.0,4.5,0.000342465762514621
2025_10_21_RSFB-Phenotyping_GG1_JLU/2025_10_21_RSFB-Phenotyping_GG1_JLU/20251021_121053.jpg,2025_10_21_RSFB-Phenotyping_GG1_JLU/2025_10_21_RSFB-Phenotyping_GG1_JLU/20251021_132002.jpg,plot_3688e89ae2ebda0cc6bb,plot_8709d51bb880213559a6,21.0,26.5,15.0,8.5,0.000342465762514621
2025_10_21_RSFB-Phenotyping_GG1_JLU/2025_10_21_RSFB-Phenotyping_GG1_JLU/20251021_121053.jpg,2025_10_21_RSFB-Phenotyping_GG1_JLU/2025_10_21_RSFB-Phenotyping_GG1_JLU/20251021_130045.jpg,plot_3688e89ae2ebda0cc6bb,plot_7c9b9d5dc347e36cbea8,21.0,26.5,15.0,9.0,0.000342465762514621
2025_10_21_RSFB-Phenotyping_GG1_JLU/2025_10_21_RSFB-Phenotyping_GG1_JLU/20251021_121053.jpg,2025_10_21_RSFB-Phenotyping_GG1_JLU/2025_10_21_RSFB-Phenotyping_GG1_JLU/20251021_161840.jpg,plot_3688e89ae2ebda0cc6bb,plot_fb549f03aaaa145785c8,21.0,26.5,3.0,13.0,0.000342465762514621
2025_10_21_RSFB-Phenotyping_GG1_JLU/2025_10_21_RSFB-Phenotyping_GG1_JLU/20251021_121053.jpg,2025_10_21_RSFB-Phenotyping_GG1_JLU/2025_10_21_RSFB-Phenotyping_GG1_JLU/20251021_123107.jpg,plot_3688e89ae2ebda0cc6bb,plot_5700cee80bc5a6e207ec,21.0,26.5,10.0,2.0,0.000342465762514621
2025_10_21_RSFB-Phenotyping_GG1_JLU/2025_10_21_RSFB-Phenotyping_GG1_JLU/20251021_121053.jpg,2025_10_21_RSFB-Phenotyping_GG1_JLU/2025_10_21_RSFB-Phenotyping_GG1_JLU/20251021_123208.jpg,plot_3688e89ae2ebda0cc6bb,plot_a3e331c4e6fce2b877bd,21.0,26.5,15.0,8.0,0.000342465762514621
2025_10_21_RSFB-Phenotyping_GG1_JLU/2025_10_21_RSFB-Phenotyping_GG1_JLU/20251021_121053.jpg,2025_10_21_RSFB-Phenotyping_GG1_JLU/2025_10_21_RSFB-Phenotyping_GG1_JLU/20251021_122557.jpg,plot_3688e89ae2ebda0cc6bb,plot_4460e7e9889b69d86dd3,21.0,26.5,2.0,10.0,0.000342465762514621
2025_10_21_RSFB-Phenotyping_GG1_JLU/2025_10_21_RSFB-Phenotyping_GG1_JLU/20251021_121053.jpg,2025_10_21_RSFB-Phenotyping_GG1_JLU/2025_10_21_RSFB-Phenotyping_GG1_JLU/20251021_162830.jpg,plot_3688e89ae2ebda0cc6bb,plot_bea3390e83dfe4b9a220,21.0,26.5,15.0,8.5,0.000342465762514621
2025_10_21_RSFB-Phenotyping_GG1_JLU/2025_10_21_RSFB-Phenotyping_GG1_JLU/20251021_121053.jpg,2025_10_21_RSFB-Phenotyping_GG1_JLU/2025_10_21_RSFB-Phenotyping_GG1_JLU/20251021_154509.jpg,plot_3688e89ae2ebda0cc6bb,plot_a2c6a5fd1e9b0c0d5868,21.0,26.5,13.0,6.0,0.000342465762514621
2025_10_21_RSFB-Phenotyping_GG1_JLU/2025_10_21_RSFB-Phenotyping_GG1_JLU/20251021_124819.jpg,2025_10_21_RSFB-Phenotyping_GG1_JLU/2025_10_21_RSFB-Phenotyping_GG1_JLU/20251021_160307.jpg,plot_1071f974d1a192ca23a0,plot_80ee42a305b824b5337d,30.0,21.5,1.0,15.0,0.00020445715927053243
2025_10_21_RSFB-Phenotyping_GG1_JLU/2025_10_21_RSFB-Phenotyping_GG1_JLU/20251021_124819.jpg,2025_10_21_RSFB-Phenotyping_GG1_JLU/2025_10_21_RSFB-Phenotyping_GG1_JLU/20251021_155939.jpg,plot_1071f974d1a192ca23a0,plot_b351f823b8a0415f9230,30.0,21.5,3.0,10.0,0.00020445715927053243
2025_10_21_RSFB-Phenotyping_GG1_JLU/2025_10_21_RSFB-Phenotyping_GG1_JLU/20251021_124819.jpg,2025_10_21_RSFB-Phenotyping_GG1_JLU/2025_10_21_RSFB-Phenotyping_GG1_JLU/20251021_132410.jpg,plot_1071f974d1a192ca23a0,plot_04441862d5c5dd0b49cc,30.0,21.5,15.0,8.0,0.00020445715927053243
2025_10_21_RSFB-Phenotyping_GG1_JLU/2025_10_21_RSFB-Phenotyping_GG1_JLU/20251021_124819.jpg,2025_10_21_RSFB-Phenotyping_GG1_JLU/2025_10_21_RSFB-Phenotyping_GG1_JLU/20251021_160714.jpg,plot_1071f974d1a192ca23a0,plot_ea99039aeae06bdc085a,30.0,21.5,1.0,13.0,0.00020445715927053243
2025_10_21_RSFB-Phenotyping_GG1_JLU/2025_10_21_RSFB-Phenotyping_GG1_JLU/20251021_124819.jpg,2025_10_21_RSFB-Phenotyping_GG1_JLU/2025_10_21_RSFB-Phenotyping_GG1_JLU/20251021_152721.jpg,plot_1071f974d1a192ca23a0,plot_de2f51ed98b70b393739,30.0,21.5,8.0,16.0,0.00020445715927053243
2025_10_21_RSFB-Phenotyping_GG1_JLU/2025_10_21_RSFB-Phenotyping_GG1_JLU/20251021_124819.jpg,2025_10_21_RSFB-Phenotyping_GG1_JLU/2025_10_21_RSFB-Phenotyping_GG1_JLU/20251021_151642.jpg,plot_1071f974d1a192ca23a0,plot_f61b29267fecc01648f8,30.0,21.5,10.0,4.5,0.00020445715927053243
2025_10_21_RSFB-Phenotyping_GG1_JLU/2025_10_21_RSFB-Phenotyping_GG1_JLU/20251021_124819.jpg,2025_10_21_RSFB-Phenotyping_GG1_JLU/2025_10_21_RSFB-Phenotyping_GG1_JLU/20251021_123208.jpg,plot_1071f974d1a192ca23a0,plot_a3e331c4e6fce2b877bd,30.0,21.5,15.0,8.0,0.00020445715927053243
2025_10_21_RSFB-Phenotyping_GG1_JLU/2025_10_21_RSFB-Phenotyping_GG1_JLU/20251021_124819.jpg,2025_10_21_RSFB-Phenotyping_GG1_JLU/2025_10_21_RSFB-Phenotyping_GG1_JLU/20251021_162116.jpg,plot_1071f974d1a192ca23a0,plot_60d8a72fe06bef6e6da4,30.0,21.5,3.0,11.399999618530273,0.00020445715927053243
2025_10_21_RSFB-Phenotyping_GG1_JLU/2025_10_21_RSFB-Phenotyping_GG1_JLU/20251021_124819.jpg,2025_10_21_RSFB-Phenotyping_GG1_JLU/2025_10_21_RSFB-Phenotyping_GG1_JLU/20251021_121843.jpg,plot_1071f974d1a192ca23a0,plot_08853fb661302206a300,30.0,21.5,4.0,12.0,0.00020445715927053243
2025_10_21_RSFB-Phenotyping_GG1_JLU/2025_10_21_RSFB-Phenotyping_GG1_JLU/20251021_124819.jpg,2025_10_21_RSFB-Phenotyping_GG1_JLU/2025_10_21_RSFB-Phenotyping_GG1_JLU/20251021_152637.jpg,plot_1071f974d1a192ca23a0,plot_fe93ef196b1a8b77de19,30.0,21.5,16.0,8.5,0.00020445715927053243
2025_10_21_RSFB-Phenotyping_GG1_JLU/2025_10_21_RSFB-Phenotyping_GG1_JLU/20251021_124819.jpg,2025_10_21_RSFB-Phenotyping_GG1_JLU/2025_10_21_RSFB-Phenotyping_GG1_JLU/20251021_132424.jpg,plot_1071f974d1a192ca23a0,plot_04441862d5c5dd0b49cc,30.0,21.5,10.0,2.5,0.00020445715927053243
2025_10_21_RSFB-Phenotyping_GG1_JLU/2025_10_21_RSFB-Phenotyping_GG1_JLU/20251021_124819.jpg,2025_10_21_RSFB-Phenotyping_GG1_JLU/2025_10_21_RSFB-Phenotyping_GG1_JLU/20251021_152220.jpg,plot_1071f974d1a192ca23a0,plot_67dc730dc218f4c377b3,30.0,21.5,14.0,5.0,0.00020445715927053243
2025_10_21_RSFB-Phenotyping_GG1_JLU/2025_10_21_RSFB-Phenotyping_GG1_JLU/20251021_124819.jpg,2025_10_21_RSFB-Phenotyping_GG1_JLU/2025_10_21_RSFB-Phenotyping_GG1_JLU/20251021_155302.jpg,plot_1071f974d1a192ca23a0,plot_cb17d6bcad8ffccbde51,30.0,21.5,1.0,10.5,0.00020445715927053243
2025_10_21_RSFB-Phenotyping_GG1_JLU/2025_10_21_RSFB-Phenotyping_GG1_JLU/20251021_124819.jpg,2025_10_21_RSFB-Phenotyping_GG1_JLU/2025_10_21_RSFB-Phenotyping_GG1_JLU/20251021_133018.jpg,plot_1071f974d1a192ca23a0,plot_29ad4a9860449a68b25f,30.0,21.5,15.0,6.5,0.00020445715927053243
2025_10_21_RSFB-Phenotyping_GG1_JLU/2025_10_21_RSFB-Phenotyping_GG1_JLU/20251021_124819.jpg,2025_10_21_RSFB-Phenotyping_GG1_JLU/2025_10_21_RSFB-Phenotyping_GG1_JLU/20251021_121113.jpg,plot_1071f974d1a192ca23a0,plot_a7714d1b769d45a9b00a,30.0,21.5,2.0,10.0,0.00020445715927053243
2025_10_21_RSFB-Phenotyping_GG1_JLU/2025_10_21_RSFB-Phenotyping_GG1_JLU/20251021_124819.jpg,2025_10_21_RSFB-Phenotyping_GG1_JLU/2025_10_21_RSFB-Phenotyping_GG1_JLU/20251021_161857.jpg,plot_1071f974d1a192ca23a0,plot_490a77dae7954530a2a4,30.0,21.5,5.0,13.300000190734863,0.00020445715927053243
2025_10_21_RSFB-Phenotyping_GG1_JLU/2025_10_21_RSFB-Phenotyping_GG1_JLU/20251021_124819.jpg,2025_10_21_RSFB-Phenotyping_GG1_JLU/2025_10_21_RSFB-Phenotyping_GG1_JLU/20251021_124358.jpg,plot_1071f974d1a192ca23a0,plot_e77622de4cce1b168140,30.0,21.5,3.0,11.0,0.00020445715927053243
2025_10_21_RSFB-Phenotyping_GG1_JLU/2025_10_21_RSFB-Phenotyping_GG1_JLU/20251021_124819.jpg,2025_10_21_RSFB-Phenotyping_GG1_JLU/2025_10_21_RSFB-Phenotyping_GG1_JLU/20251021_124615.jpg,plot_1071f974d1a192ca23a0,plot_9e661ae87ec066049f1f,30.0,21.5,5.0,11.5,0.00020445715927053243
2025_10_21_RSFB-Phenotyping_GG1_JLU/2025_10_21_RSFB-Phenotyping_GG1_JLU/20251021_124819.jpg,2025_10_21_RSFB-Phenotyping_GG1_JLU/2025_10_21_RSFB-Phenotyping_GG1_JLU/20251021_160301.jpg,plot_1071f974d1a192ca23a0,plot_80ee42a305b824b5337d,30.0,21.5,2.0,12.5,0.00020445715927053243
2025_10_21_RSFB-Phenotyping_GG1_JLU/2025_10_21_RSFB-Phenotyping_GG1_JLU/20251021_124819.jpg,2025_10_21_RSFB-Phenotyping_GG1_JLU/2025_10_21_RSFB-Phenotyping_GG1_JLU/20251021_155233.jpg,plot_1071f974d1a192ca23a0,plot_ae2984dd48723bc500ae,30.0,21.5,8.0,14.5,0.00020445715927053243
2025_10_21_RSFB-Phenotyping_GG1_JLU/2025_10_21_RSFB-Phenotyping_GG1_JLU/20251021_124819.jpg,2025_10_21_RSFB-Phenotyping_GG1_JLU/2025_10_21_RSFB-Phenotyping_GG1_JLU/20251021_162936.jpg,plot_1071f974d1a192ca23a0,plot_6b8f7220a8a82d322a40,30.0,21.5,2.0,13.5,0.00020445715927053243
2025_10_21_RSFB-Phenotyping_GG1_JLU/2025_10_21_RSFB-Phenotyping_GG1_JLU/20251021_124819.jpg,2025_10_21_RSFB-Phenotyping_GG1_JLU/2025_10_21_RSFB-Phenotyping_GG1_JLU/20251021_122823.jpg,plot_1071f974d1a192ca23a0,plot_5143cf8e4865a2e2e3c7,30.0,21.5,15.0,7.0,0.00020445715927053243
2025_10_21_RSFB-Phenotyping_GG1_JLU/2025_10_21_RSFB-Phenotyping_GG1_JLU/20251021_124819.jpg,2025_10_21_RSFB-Phenotyping_GG1_JLU/2025_10_21_RSFB-Phenotyping_GG1_JLU/20251021_161751.jpg,plot_1071f974d1a192ca23a0,plot_5ca84068b670156039bd,30.0,21.5,3.0,13.0,0.00020445715927053243
2025_10_21_RSFB-Phenotyping_GG1_JLU/2025_10_21_RSFB-Phenotyping_GG1_JLU/20251021_124819.jpg,2025_10_21_RSFB-Phenotyping_GG1_JLU/2025_10_21_RSFB-Phenotyping_GG1_JLU/20251021_161624.jpg,plot_1071f974d1a192ca23a0,plot_3361cc58e772149f169e,30.0,21.5,12.0,3.0,0.00020445715927053243
2025_10_21_RSFB-Phenotyping_GG1_JLU/2025_10_21_RSFB-Phenotyping_GG1_JLU/20251021_124819.jpg,2025_10_21_RSFB-Phenotyping_GG1_JLU/2025_10_21_RSFB-Phenotyping_GG1_JLU/20251021_131511.jpg,plot_1071f974d1a192ca23a0,plot_5e57cab4d93c9720a4da,30.0,21.5,16.0,8.5,0.00020445715927053243
2025_10_21_RSFB-Phenotyping_GG1_JLU/2025_10_21_RSFB-Phenotyping_GG1_JLU/20251021_124819.jpg,2025_10_21_RSFB-Phenotyping_GG1_JLU/2025_10_21_RSFB-Phenotyping_GG1_JLU/20251021_152457.jpg,plot_1071f974d1a192ca23a0,plot_cf8f8145824cff35d237,30.0,21.5,3.0,9.5,0.00020445715927053243
2025_10_21_RSFB-Phenotyping_GG1_JLU/2025_10_21_RSFB-Phenotyping_GG1_JLU/20251021_124819.jpg,2025_10_21_RSFB-Phenotyping_GG1_JLU/2025_10_21_RSFB-Phenotyping_GG1_JLU/20251021_155808.jpg,plot_1071f974d1a192ca23a0,plot_7b5226474d03f55ab84a,30.0,21.5,2.0,15.0,0.00020445715927053243
2025_10_21_RSFB-Phenotyping_GG1_JLU/2025_10_21_RSFB-Phenotyping_GG1_JLU/20251021_124819.jpg,2025_10_21_RSFB-Phenotyping_GG1_JLU/2025_10_21_RSFB-Phenotyping_GG1_JLU/20251021_132902.jpg,plot_1071f974d1a192ca23a0,plot_a68ea486bf28d2a65eea,30.0,21.5,15.0,5.0,0.00020445715927053243
2025_10_21_RSFB-Phenotyping_GG1_JLU/2025_10_21_RSFB-Phenotyping_GG1_JLU/20251021_124819.jpg,2025_10_21_RSFB-Phenotyping_GG1_JLU/2025_10_21_RSFB-Phenotyping_GG1_JLU/20251021_130128.jpg,plot_1071f974d1a192ca23a0,plot_77196a9ec72c575b5b40,30.0,21.5,10.0,4.5,0.00020445715927053243
2025_10_21_RSFB-Phenotyping_GG1_JLU/2025_10_21_RSFB-Phenotyping_GG1_JLU/20251021_124819.jpg,2025_10_21_RSFB-Phenotyping_GG1_JLU/2025_10_21_RSFB-Phenotyping_GG1_JLU/20251021_152040.jpg,plot_1071f974d1a192ca23a0,plot_aace551e1ccebf79dd75,30.0,21.5,14.0,4.5,0.00020445715927053243
2025_10_21_RSFB-Phenotyping_GG1_JLU/2025_10_21_RSFB-Phenotyping_GG1_JLU/20251021_124819.jpg,2025_10_21_RSFB-Phenotyping_GG1_JLU/2025_10_21_RSFB-Phenotyping_GG1_JLU/20251021_161415.jpg,plot_1071f974d1a192ca23a0,plot_6db75ec8b4bf1739f8b3,30.0,21.5,10.0,4.5,0.00020445715927053243
2025_10_21_RSFB-Phenotyping_GG1_JLU/2025_10_21_RSFB-Phenotyping_GG1_JLU/20251021_124819.jpg,2025_10_21_RSFB-Phenotyping_GG1_JLU/2025_10_21_RSFB-Phenotyping_GG1_JLU/20251021_121246.jpg,plot_1071f974d1a192ca23a0,plot_09d8a533567043e69854,30.0,21.5,7.0,13.5,0.00020445715927053243
2025_10_21_RSFB-Phenotyping_GG1_JLU/2025_10_21_RSFB-Phenotyping_GG1_JLU/20251021_124819.jpg,2025_10_21_RSFB-Phenotyping_GG1_JLU/2025_10_21_RSFB-Phenotyping_GG1_JLU/20251021_130423.jpg,plot_1071f974d1a192ca23a0,plot_8390a5f10d833e2ab881,30.0,21.5,5.0,14.5,0.00020445715927053243
2025_10_21_RSFB-Phenotyping_GG1_JLU/2025_10_21_RSFB-Phenotyping_GG1_JLU/20251021_124819.jpg,2025_10_21_RSFB-Phenotyping_GG1_JLU/2025_10_21_RSFB-Phenotyping_GG1_JLU/20251021_125901.jpg,plot_1071f974d1a192ca23a0,plot_7afc7682bc0b0be61f6b,30.0,21.5,2.0,10.0,0.00020445715927053243
2025_10_21_RSFB-Phenotyping_GG1_JLU/2025_10_21_RSFB-Phenotyping_GG1_JLU/20251021_124819.jpg,2025_10_21_RSFB-Phenotyping_GG1_JLU/2025_10_21_RSFB-Phenotyping_GG1_JLU/20251021_130737.jpg,plot_1071f974d1a192ca23a0,plot_4c9e8c4301206d84387b,30.0,21.5,13.0,2.0,0.00020445715927053243
2025_10_21_RSFB-Phenotyping_GG1_JLU/2025_10_21_RSFB-Phenotyping_GG1_JLU/20251021_124819.jpg,2025_10_21_RSFB-Phenotyping_GG1_JLU/2025_10_21_RSFB-Phenotyping_GG1_JLU/20251021_132342.jpg,plot_1071f974d1a192ca23a0,plot_df712240205f755d4453,30.0,21.5,12.0,2.5,0.00020445715927053243
2025_10_21_RSFB-Phenotyping_GG1_JLU/2025_10_21_RSFB-Phenotyping_GG1_JLU/20251021_124819.jpg,2025_10_21_RSFB-Phenotyping_GG1_JLU/2025_10_21_RSFB-Phenotyping_GG1_JLU/20251021_122013.jpg,plot_1071f974d1a192ca23a0,plot_de57345dfd586882f461,30.0,21.5,5.0,14.0,0.00020445715927053243
2025_10_21_RSFB-Phenotyping_GG1_JLU/2025_10_21_RSFB-Phenotyping_GG1_JLU/20251021_124819.jpg,2025_10_21_RSFB-Phenotyping_GG1_JLU/2025_10_21_RSFB-Phenotyping_GG1_JLU/20251021_151432.jpg,plot_1071f974d1a192ca23a0,plot_f19419da98fe0824600a,30.0,21.5,2.0,12.5,0.00020445715927053243
2025_10_21_RSFB-Phenotyping_GG1_JLU/2025_10_21_RSFB-Phenotyping_GG1_JLU/20251021_124819.jpg,2025_10_21_RSFB-Phenotyping_GG1_JLU/2025_10_21_RSFB-Phenotyping_GG1_JLU/20251021_161636.jpg,plot_1071f974d1a192ca23a0,plot_70a732f80b7b639118af,30.0,21.5,10.0,16.0,0.00020445715927053243
2025_10_21_RSFB-Phenotyping_GG1_JLU/2025_10_21_RSFB-Phenotyping_GG1_JLU/20251021_124819.jpg,2025_10_21_RSFB-Phenotyping_GG1_JLU/2025_10_21_RSFB-Phenotyping_GG1_JLU/20251021_155103.jpg,plot_1071f974d1a192ca23a0,plot_b499b14eca911be3b991,30.0,21.5,12.0,1.0,0.00020445715927053243
2025_10_21_RSFB-Phenotyping_GG1_JLU/2025_10_21_RSFB-Phenotyping_GG1_JLU/20251021_124533.jpg,2025_10_21_RSFB-Phenotyping_GG1_JLU/2025_10_21_RSFB-Phenotyping_GG1_JLU/20251021_123107.jpg,plot_e8618a0059e03ec2f2fe,plot_5700cee80bc5a6e207ec,35.0,27.5,10.0,2.0,0.00022456770238932222
2025_10_21_RSFB-Phenotyping_GG1_JLU/2025_10_21_RSFB-Phenotyping_GG1_JLU/20251021_124533.jpg,2025_10_21_RSFB-Phenotyping_GG1_JLU/2025_10_21_RSFB-Phenotyping_GG1_JLU/20251021_125439.jpg,plot_e8618a0059e03ec2f2fe,plot_ccfe1e329b419e50732e,35.0,27.5,13.0,6.5,0.00022456770238932222
2025_10_21_RSFB-Phenotyping_GG1_JLU/2025_10_21_RSFB-Phenotyping_GG1_JLU/20251021_124533.jpg,2025_10_21_RSFB-Phenotyping_GG1_JLU/2025_10_21_RSFB-Phenotyping_GG1_JLU/20251021_162609.jpg,plot_e8618a0059e03ec2f2fe,plot_49366699fc79f58ef04c,35.0,27.5,15.0,22.0,0.00022456770238932222
2025_10_21_RSFB-Phenotyping_GG1_JLU/2025_10_21_RSFB-Phenotyping_GG1_JLU/20251021_124533.jpg,2025_10_21_RSFB-Phenotyping_GG1_JLU/2025_10_21_RSFB-Phenotyping_GG1_JLU/20251021_122557.jpg,plot_e8618a0059e03ec2f2fe,plot_4460e7e9889b69d86dd3,35.0,27.5,2.0,10.0,0.00022456770238932222
2025_10_21_RSFB-Phenotyping_GG1_JLU/2025_10_21_RSFB-Phenotyping_GG1_JLU/20251021_124533.jpg,2025_10_21_RSFB-Phenotyping_GG1_JLU/2025_10_21_RSFB-Phenotyping_GG1_JLU/20251021_121834.jpg,plot_e8618a0059e03ec2f2fe,plot_08853fb661302206a300,35.0,27.5,5.0,15.0,0.00022456770238932222
2025_10_21_RSFB-Phenotyping_GG1_JLU/2025_10_21_RSFB-Phenotyping_GG1_JLU/20251021_124533.jpg,2025_10_21_RSFB-Phenotyping_GG1_JLU/2025_10_21_RSFB-Phenotyping_GG1_JLU/20251021_131548.jpg,plot_e8618a0059e03ec2f2fe,plot_9b8bbe6f8d57fa8f84f0,35.0,27.5,20.0,12.5,0.00022456770238932222
2025_10_21_RSFB-Phenotyping_GG1_JLU/2025_10_21_RSFB-Phenotyping_GG1_JLU/20251021_124533.jpg,2025_10_21_RSFB-Phenotyping_GG1_JLU/2025_10_21_RSFB-Phenotyping_GG1_JLU/20251021_160831.jpg,plot_e8618a0059e03ec2f2fe,plot_31ff4a85b21ababa7de0,35.0,27.5,1.0,9.5,0.00022456770238932222
2025_10_21_RSFB-Phenotyping_GG1_JLU/2025_10_21_RSFB-Phenotyping_GG1_JLU/20251021_124533.jpg,2025_10_21_RSFB-Phenotyping_GG1_JLU/2025_10_21_RSFB-Phenotyping_GG1_JLU/20251021_122344.jpg,plot_e8618a0059e03ec2f2fe,plot_16577622d2052f869752,35.0,27.5,5.0,18.0,0.00022456770238932222
2025_10_21_RSFB-Phenotyping_GG1_JLU/2025_10_21_RSFB-Phenotyping_GG1_JLU/20251021_124533.jpg,2025_10_21_RSFB-Phenotyping_GG1_JLU/2025_10_21_RSFB-Phenotyping_GG1_JLU/20251021_122022.jpg,plot_e8618a0059e03ec2f2fe,plot_de57345dfd586882f461,35.0,27.5,15.0,21.0,0.00022456770238932222
2025_10_21_RSFB-Phenotyping_GG1_JLU/2025_10_21_RSFB-Phenotyping_GG1_JLU/20251021_124533.jpg,2025_10_21_RSFB-Phenotyping_GG1_JLU/2025_10_21_RSFB-Phenotyping_GG1_JLU/20251021_131511.jpg,plot_e8618a0059e03ec2f2fe,plot_5e57cab4d93c9720a4da,35.0,27.5,16.0,8.5,0.00022456770238932222
2025_10_21_RSFB-Phenotyping_GG1_JLU/2025_10_21_RSFB-Phenotyping_GG1_JLU/20251021_124533.jpg,2025_10_21_RSFB-Phenotyping_GG1_JLU/2025_10_21_RSFB-Phenotyping_GG1_JLU/20251021_125423.jpg,plot_e8618a0059e03ec2f2fe,plot_ccfe1e329b419e50732e,35.0,27.5,20.0,13.0,0.00022456770238932222
2025_10_21_RSFB-Phenotyping_GG1_JLU/2025_10_21_RSFB-Phenotyping_GG1_JLU/20251021_124533.jpg,2025_10_21_RSFB-Phenotyping_GG1_JLU/2025_10_21_RSFB-Phenotyping_GG1_JLU/20251021_125901.jpg,plot_e8618a0059e03ec2f2fe,plot_7afc7682bc0b0be61f6b,35.0,27.5,2.0,10.0,0.00022456770238932222
2025_10_21_RSFB-Phenotyping_GG1_JLU/2025_10_21_RSFB-Phenotyping_GG1_JLU/20251021_124533.jpg,2025_10_21_RSFB-Phenotyping_GG1_JLU/2025_10_21_RSFB-Phenotyping_GG1_JLU/20251021_130553.jpg,plot_e8618a0059e03ec2f2fe,plot_e6262167b576884b0c82,35.0,27.5,18.0,8.5,0.00022456770238932222
2025_10_21_RSFB-Phenotyping_GG1_JLU/2025_10_21_RSFB-Phenotyping_GG1_JLU/20251021_124533.jpg,2025_10_21_RSFB-Phenotyping_GG1_JLU/2025_10_21_RSFB-Phenotyping_GG1_JLU/20251021_153940.jpg,plot_e8618a0059e03ec2f2fe,plot_1b85c4977624caa5e831,35.0,27.5,20.0,10.5,0.00022456770238932222
2025_10_21_RSFB-Phenotyping_GG1_JLU/2025_10_21_RSFB-Phenotyping_GG1_JLU/20251021_124533.jpg,2025_10_21_RSFB-Phenotyping_GG1_JLU/2025_10_21_RSFB-Phenotyping_GG1_JLU/20251021_151432.jpg,plot_e8618a0059e03ec2f2fe,plot_f19419da98fe0824600a,35.0,27.5,2.0,12.5,0.00022456770238932222
2025_10_21_RSFB-Phenotyping_GG1_JLU/2025_10_21_RSFB-Phenotyping_GG1_JLU/20251021_124533.jpg,2025_10_21_RSFB-Phenotyping_GG1_JLU/2025_10_21_RSFB-Phenotyping_GG1_JLU/20251021_121246.jpg,plot_e8618a0059e03ec2f2fe,plot_09d8a533567043e69854,35.0,27.5,7.0,13.5,0.00022456770238932222
2025_10_21_RSFB-Phenotyping_GG1_JLU/2025_10_21_RSFB-Phenotyping_GG1_JLU/20251021_124533.jpg,2025_10_21_RSFB-Phenotyping_GG1_JLU/2025_10_21_RSFB-Phenotyping_GG1_JLU/20251021_131332.jpg,plot_e8618a0059e03ec2f2fe,plot_34df8ed768d7af5e9ca1,35.0,27.5,22.0,10.5,0.00022456770238932222
2025_10_21_RSFB-Phenotyping_GG1_JLU/2025_10_21_RSFB-Phenotyping_GG1_JLU/20251021_124533.jpg,2025_10_21_RSFB-Phenotyping_GG1_JLU/2025_10_21_RSFB-Phenotyping_GG1_JLU/20251021_152213.jpg,plot_e8618a0059e03ec2f2fe,plot_67dc730dc218f4c377b3,35.0,27.5,20.0,7.5,0.00022456770238932222
2025_10_21_RSFB-Phenotyping_GG1_JLU/2025_10_21_RSFB-Phenotyping_GG1_JLU/20251021_124533.jpg,2025_10_21_RSFB-Phenotyping_GG1_JLU/2025_10_21_RSFB-Phenotyping_GG1_JLU/20251021_160120.jpg,plot_e8618a0059e03ec2f2fe,plot_e035662a81bee59d3eb9,35.0,27.5,22.0,10.0,0.00022456770238932222
2025_10_21_RSFB-Phenotyping_GG1_JLU/2025_10_21_RSFB-Phenotyping_GG1_JLU/20251021_124533.jpg,2025_10_21_RSFB-Phenotyping_GG1_JLU/2025_10_21_RSFB-Phenotyping_GG1_JLU/20251021_132424.jpg,plot_e8618a0059e03ec2f2fe,plot_04441862d5c5dd0b49cc,35.0,27.5,10.0,2.5,0.00022456770238932222
2025_10_21_RSFB-Phenotyping_GG1_JLU/2025_10_21_RSFB-Phenotyping_GG1_JLU/20251021_124533.jpg,2025_10_21_RSFB-Phenotyping_GG1_JLU/2025_10_21_RSFB-Phenotyping_GG1_JLU/20251021_161751.jpg,plot_e8618a0059e03ec2f2fe,plot_5ca84068b670156039bd,35.0,27.5,3.0,13.0,0.00022456770238932222
2025_10_21_RSFB-Phenotyping_GG1_JLU/2025_10_21_RSFB-Phenotyping_GG1_JLU/20251021_124533.jpg,2025_10_21_RSFB-Phenotyping_GG1_JLU/2025_10_21_RSFB-Phenotyping_GG1_JLU/20251021_162616.jpg,plot_e8618a0059e03ec2f2fe,plot_49366699fc79f58ef04c,35.0,27.5,20.0,13.5,0.00022456770238932222
2025_10_21_RSFB-Phenotyping_GG1_JLU/2025_10_21_RSFB-Phenotyping_GG1_JLU/20251021_124533.jpg,2025_10_21_RSFB-Phenotyping_GG1_JLU/2025_10_21_RSFB-Phenotyping_GG1_JLU/20251021_132056.jpg,plot_e8618a0059e03ec2f2fe,plot_a2622f860df5cef3e355,35.0,27.5,20.0,3.5,0.00022456770238932222
2025_10_21_RSFB-Phenotyping_GG1_JLU/2025_10_21_RSFB-Phenotyping_GG1_JLU/20251021_124533.jpg,2025_10_21_RSFB-Phenotyping_GG1_JLU/2025_10_21_RSFB-Phenotyping_GG1_JLU/20251021_123732.jpg,plot_e8618a0059e03ec2f2fe,plot_df82b24c1834a891c644,35.0,27.5,20.0,13.5,0.00022456770238932222
2025_10_21_RSFB-Phenotyping_GG1_JLU/2025_10_21_RSFB-Phenotyping_GG1_JLU/20251021_124533.jpg,2025_10_21_RSFB-Phenotyping_GG1_JLU/2025_10_21_RSFB-Phenotyping_GG1_JLU/20251021_154600.jpg,plot_e8618a0059e03ec2f2fe,plot_4e86e4b5f5250965a8a9,35.0,27.5,20.0,8.5,0.00022456770238932222
2025_10_21_RSFB-Phenotyping_GG1_JLU/2025_10_21_RSFB-Phenotyping_GG1_JLU/20251021_124533.jpg,2025_10_21_RSFB-Phenotyping_GG1_JLU/2025_10_21_RSFB-Phenotyping_GG1_JLU/20251021_162544.jpg,plot_e8618a0059e03ec2f2fe,plot_f2bc805c9b8565c243bf,35.0,27.5,20.0,12.5,0.00022456770238932222
2025_10_21_RSFB-Phenotyping_GG1_JLU/2025_10_21_RSFB-Phenotyping_GG1_JLU/20251021_124533.jpg,2025_10_21_RSFB-Phenotyping_GG1_JLU/2025_10_21_RSFB-Phenotyping_GG1_JLU/20251021_155939.jpg,plot_e8618a0059e03ec2f2fe,plot_b351f823b8a0415f9230,35.0,27.5,3.0,10.0,0.00022456770238932222
2025_10_21_RSFB-Phenotyping_GG1_JLU/2025_10_21_RSFB-Phenotyping_GG1_JLU/20251021_124533.jpg,2025_10_21_RSFB-Phenotyping_GG1_JLU/2025_10_21_RSFB-Phenotyping_GG1_JLU/20251021_122402.jpg,plot_e8618a0059e03ec2f2fe,plot_16577622d2052f869752,35.0,27.5,15.0,7.0,0.00022456770238932222
2025_10_21_RSFB-Phenotyping_GG1_JLU/2025_10_21_RSFB-Phenotyping_GG1_JLU/20251021_124533.jpg,2025_10_21_RSFB-Phenotyping_GG1_JLU/2025_10_21_RSFB-Phenotyping_GG1_JLU/20251021_121951.jpg,plot_e8618a0059e03ec2f2fe,plot_fc292ac3221828037f2a,35.0,27.5,20.0,13.5,0.00022456770238932222
2025_10_21_RSFB-Phenotyping_GG1_JLU/2025_10_21_RSFB-Phenotyping_GG1_JLU/20251021_124533.jpg,2025_10_21_RSFB-Phenotyping_GG1_JLU/2025_10_21_RSFB-Phenotyping_GG1_JLU/20251021_154456.jpg,plot_e8618a0059e03ec2f2fe,plot_a2c6a5fd1e9b0c0d5868,35.0,27.5,2.0,16.5,0.00022456770238932222
2025_10_21_RSFB-Phenotyping_GG1_JLU/2025_10_21_RSFB-Phenotyping_GG1_JLU/20251021_124533.jpg,2025_10_21_RSFB-Phenotyping_GG1_JLU/2025_10_21_RSFB-Phenotyping_GG1_JLU/20251021_151921.jpg,plot_e8618a0059e03ec2f2fe,plot_6ca7eb46f81c9ecf993b,35.0,27.5,20.0,12.0,0.00022456770238932222
2025_10_21_RSFB-Phenotyping_GG1_JLU/2025_10_21_RSFB-Phenotyping_GG1_JLU/20251021_124533.jpg,2025_10_21_RSFB-Phenotyping_GG1_JLU/2025_10_21_RSFB-Phenotyping_GG1_JLU/20251021_130737.jpg,plot_e8618a0059e03ec2f2fe,plot_4c9e8c4301206d84387b,35.0,27.5,13.0,2.0,0.00022456770238932222
2025_10_21_RSFB-Phenotyping_GG1_JLU/2025_10_21_RSFB-Phenotyping_GG1_JLU/20251021_124533.jpg,2025_10_21_RSFB-Phenotyping_GG1_JLU/2025_10_21_RSFB-Phenotyping_GG1_JLU/20251021_155137.jpg,plot_e8618a0059e03ec2f2fe,plot_7ff767c1ada4e85b6156,35.0,27.5,20.0,11.5,0.00022456770238932222
2025_10_21_RSFB-Phenotyping_GG1_JLU/2025_10_21_RSFB-Phenotyping_GG1_JLU/20251021_124533.jpg,2025_10_21_RSFB-Phenotyping_GG1_JLU/2025_10_21_RSFB-Phenotyping_GG1_JLU/20251021_121843.jpg,plot_e8618a0059e03ec2f2fe,plot_08853fb661302206a300,35.0,27.5,4.0,12.0,0.00022456770238932222
2025_10_21_RSFB-Phenotyping_GG1_JLU/2025_10_21_RSFB-Phenotyping_GG1_JLU/20251021_124533.jpg,2025_10_21_RSFB-Phenotyping_GG1_JLU/2025_10_21_RSFB-Phenotyping_GG1_JLU/20251021_123930.jpg,plot_e8618a0059e03ec2f2fe,plot_57717e3cb06d560f3a82,35.0,27.5,18.0,12.0,0.00022456770238932222
2025_10_21_RSFB-Phenotyping_GG1_JLU/2025_10_21_RSFB-Phenotyping_GG1_JLU/20251021_124533.jpg,2025_10_21_RSFB-Phenotyping_GG1_JLU/2025_10_21_RSFB-Phenotyping_GG1_JLU/20251021_124358.jpg,plot_e8618a0059e03ec2f2fe,plot_e77622de4cce1b168140,35.0,27.5,3.0,11.0,0.00022456770238932222
2025_10_21_RSFB-Phenotyping_GG1_JLU/2025_10_21_RSFB-Phenotyping_GG1_JLU/20251021_124533.jpg,2025_10_21_RSFB-Phenotyping_GG1_JLU/2025_10_21_RSFB-Phenotyping_GG1_JLU/20251021_133018.jpg,plot_e8618a0059e03ec2f2fe,plot_29ad4a9860449a68b25f,35.0,27.5,15.0,6.5,0.00022456770238932222
2025_10_21_RSFB-Phenotyping_GG1_JLU/2025_10_21_RSFB-Phenotyping_GG1_JLU/20251021_124533.jpg,2025_10_21_RSFB-Phenotyping_GG1_JLU/2025_10_21_RSFB-Phenotyping_GG1_JLU/20251021_131531.jpg,plot_e8618a0059e03ec2f2fe,plot_9b8bbe6f8d57fa8f84f0,35.0,27.5,22.0,16.0,0.00022456770238932222
2025_10_21_RSFB-Phenotyping_GG1_JLU/2025_10_21_RSFB-Phenotyping_GG1_JLU/20251021_124533.jpg,2025_10_21_RSFB-Phenotyping_GG1_JLU/2025_10_21_RSFB-Phenotyping_GG1_JLU/20251021_132342.jpg,plot_e8618a0059e03ec2f2fe,plot_df712240205f755d4453,35.0,27.5,12.0,2.5,0.00022456770238932222
2025_10_21_RSFB-Phenotyping_GG1_JLU/2025_10_21_RSFB-Phenotyping_GG1_JLU/20251021_124533.jpg,2025_10_21_RSFB-Phenotyping_GG1_JLU/2025_10_21_RSFB-Phenotyping_GG1_JLU/20251021_160003.jpg,plot_e8618a0059e03ec2f2fe,plot_70e089493510c6f73a3d,35.0,27.5,15.0,7.0,0.00022456770238932222
2025_10_21_RSFB-Phenotyping_GG1_JLU/2025_10_21_RSFB-Phenotyping_GG1_JLU/20251021_131531.jpg,2025_10_21_RSFB-Phenotyping_GG1_JLU/2025_10_21_RSFB-Phenotyping_GG1_JLU/20251021_131419.jpg,plot_9b8bbe6f8d57fa8f84f0,plot_e26908bc9222e28c92ff,22.0,16.0,10.0,4.5,0.0012453299714252353
2025_10_21_RSFB-Phenotyping_GG1_JLU/2025_10_21_RSFB-Phenotyping_GG1_JLU/20251021_131531.jpg,2025_10_21_RSFB-Phenotyping_GG1_JLU/2025_10_21_RSFB-Phenotyping_GG1_JLU/20251021_161415.jpg,plot_9b8bbe6f8d57fa8f84f0,plot_6db75ec8b4bf1739f8b3,22.0,16.0,10.0,4.5,0.0012453299714252353
2025_10_21_RSFB-Phenotyping_GG1_JLU/2025_10_21_RSFB-Phenotyping_GG1_JLU/20251021_131531.jpg,2025_10_21_RSFB-Phenotyping_GG1_JLU/2025_10_21_RSFB-Phenotyping_GG1_JLU/20251021_122557.jpg,plot_9b8bbe6f8d57fa8f84f0,plot_4460e7e9889b69d86dd3,22.0,16.0,2.0,10.0,0.0012453299714252353
2025_10_21_RSFB-Phenotyping_GG1_JLU/2025_10_21_RSFB-Phenotyping_GG1_JLU/20251021_131531.jpg,2025_10_21_RSFB-Phenotyping_GG1_JLU/2025_10_21_RSFB-Phenotyping_GG1_JLU/20251021_155939.jpg,plot_9b8bbe6f8d57fa8f84f0,plot_b351f823b8a0415f9230,22.0,16.0,3.0,10.0,0.0012453299714252353
2025_10_21_RSFB-Phenotyping_GG1_JLU/2025_10_21_RSFB-Phenotyping_GG1_JLU/20251021_131531.jpg,2025_10_21_RSFB-Phenotyping_GG1_JLU/2025_10_21_RSFB-Phenotyping_GG1_JLU/20251021_125901.jpg,plot_9b8bbe6f8d57fa8f84f0,plot_7afc7682bc0b0be61f6b,22.0,16.0,2.0,10.0,0.0012453299714252353
2025_10_21_RSFB-Phenotyping_GG1_JLU/2025_10_21_RSFB-Phenotyping_GG1_JLU/20251021_131531.jpg,2025_10_21_RSFB-Phenotyping_GG1_JLU/2025_10_21_RSFB-Phenotyping_GG1_JLU/20251021_155302.jpg,plot_9b8bbe6f8d57fa8f84f0,plot_cb17d6bcad8ffccbde51,22.0,16.0,1.0,10.5,0.0012453299714252353
2025_10_21_RSFB-Phenotyping_GG1_JLU/2025_10_21_RSFB-Phenotyping_GG1_JLU/20251021_131531.jpg,2025_10_21_RSFB-Phenotyping_GG1_JLU/2025_10_21_RSFB-Phenotyping_GG1_JLU/20251021_132424.jpg,plot_9b8bbe6f8d57fa8f84f0,plot_04441862d5c5dd0b49cc,22.0,16.0,10.0,2.5,0.0012453299714252353
2025_10_21_RSFB-Phenotyping_GG1_JLU/2025_10_21_RSFB-Phenotyping_GG1_JLU/20251021_131531.jpg,2025_10_21_RSFB-Phenotyping_GG1_JLU/2025_10_21_RSFB-Phenotyping_GG1_JLU/20251021_151642.jpg,plot_9b8bbe6f8d57fa8f84f0,plot_f61b29267fecc01648f8,22.0,16.0,10.0,4.5,0.0012453299714252353
2025_10_21_RSFB-Phenotyping_GG1_JLU/2025_10_21_RSFB-Phenotyping_GG1_JLU/20251021_131531.jpg,2025_10_21_RSFB-Phenotyping_GG1_JLU/2025_10_21_RSFB-Phenotyping_GG1_JLU/20251021_123107.jpg,plot_9b8bbe6f8d57fa8f84f0,plot_5700cee80bc5a6e207ec,22.0,16.0,10.0,2.0,0.0012453299714252353
2025_10_21_RSFB-Phenotyping_GG1_JLU/2025_10_21_RSFB-Phenotyping_GG1_JLU/20251021_131531.jpg,2025_10_21_RSFB-Phenotyping_GG1_JLU/2025_10_21_RSFB-Phenotyping_GG1_JLU/20251021_130128.jpg,plot_9b8bbe6f8d57fa8f84f0,plot_77196a9ec72c575b5b40,22.0,16.0,10.0,4.5,0.0012453299714252353
2025_10_21_RSFB-Phenotyping_GG1_JLU/2025_10_21_RSFB-Phenotyping_GG1_JLU/20251021_131531.jpg,2025_10_21_RSFB-Phenotyping_GG1_JLU/2025_10_21_RSFB-Phenotyping_GG1_JLU/20251021_121113.jpg,plot_9b8bbe6f8d57fa8f84f0,plot_a7714d1b769d45a9b00a,22.0,16.0,2.0,10.0,0.0012453299714252353
2025_10_21_RSFB-Phenotyping_GG1_JLU/2025_10_21_RSFB-Phenotyping_GG1_JLU/20251021_153657.jpg,2025_10_21_RSFB-Phenotyping_GG1_JLU/2025_10_21_RSFB-Phenotyping_GG1_JLU/20251021_122330.jpg,plot_39d64c54bf6e6e6d68e8,plot_f0fdaec340e3ae5ac4bf,45.0,28.0,2.0,16.0,0.000342465762514621
2025_10_21_RSFB-Phenotyping_GG1_JLU/2025_10_21_RSFB-Phenotyping_GG1_JLU/20251021_153657.jpg,2025_10_21_RSFB-Phenotyping_GG1_JLU/2025_10_21_RSFB-Phenotyping_GG1_JLU/20251021_131332.jpg,plot_39d64c54bf6e6e6d68e8,plot_34df8ed768d7af5e9ca1,45.0,28.0,22.0,10.5,0.000342465762514621
2025_10_21_RSFB-Phenotyping_GG1_JLU/2025_10_21_RSFB-Phenotyping_GG1_JLU/20251021_153657.jpg,2025_10_21_RSFB-Phenotyping_GG1_JLU/2025_10_21_RSFB-Phenotyping_GG1_JLU/20251021_124358.jpg,plot_39d64c54bf6e6e6d68e8,plot_e77622de4cce1b168140,45.0,28.0,3.0,11.0,0.000342465762514621
2025_10_21_RSFB-Phenotyping_GG1_JLU/2025_10_21_RSFB-Phenotyping_GG1_JLU/20251021_153657.jpg,2025_10_21_RSFB-Phenotyping_GG1_JLU/2025_10_21_RSFB-Phenotyping_GG1_JLU/20251021_163006.jpg,plot_39d64c54bf6e6e6d68e8,plot_9dedbd5ef68c10cf8ea5,45.0,28.0,3.0,19.0,0.000342465762514621
2025_10_21_RSFB-Phenotyping_GG1_JLU/2025_10_21_RSFB-Phenotyping_GG1_JLU/20251021_153657.jpg,2025_10_21_RSFB-Phenotyping_GG1_JLU/2025_10_21_RSFB-Phenotyping_GG1_JLU/20251021_123930.jpg,plot_39d64c54bf6e6e6d68e8,plot_57717e3cb06d560f3a82,45.0,28.0,18.0,12.0,0.000342465762514621
2025_10_21_RSFB-Phenotyping_GG1_JLU/2025_10_21_RSFB-Phenotyping_GG1_JLU/20251021_153657.jpg,2025_10_21_RSFB-Phenotyping_GG1_JLU/2025_10_21_RSFB-Phenotyping_GG1_JLU/20251021_132902.jpg,plot_39d64c54bf6e6e6d68e8,plot_a68ea486bf28d2a65eea,45.0,28.0,15.0,5.0,0.000342465762514621
2025_10_21_RSFB-Phenotyping_GG1_JLU/2025_10_21_RSFB-Phenotyping_GG1_JLU/20251021_153657.jpg,2025_10_21_RSFB-Phenotyping_GG1_JLU/2025_10_21_RSFB-Phenotyping_GG1_JLU/20251021_160120.jpg,plot_39d64c54bf6e6e6d68e8,plot_e035662a81bee59d3eb9,45.0,28.0,22.0,10.0,0.000342465762514621
2025_10_21_RSFB-Phenotyping_GG1_JLU/2025_10_21_RSFB-Phenotyping_GG1_JLU/20251021_153657.jpg,2025_10_21_RSFB-Phenotyping_GG1_JLU/2025_10_21_RSFB-Phenotyping_GG1_JLU/20251021_155939.jpg,plot_39d64c54bf6e6e6d68e8,plot_b351f823b8a0415f9230,45.0,28.0,3.0,10.0,0.000342465762514621
2025_10_21_RSFB-Phenotyping_GG1_JLU/2025_10_21_RSFB-Phenotyping_GG1_JLU/20251021_153657.jpg,2025_10_21_RSFB-Phenotyping_GG1_JLU/2025_10_21_RSFB-Phenotyping_GG1_JLU/20251021_121517.jpg,plot_39d64c54bf6e6e6d68e8,plot_d262175a030921a83f7c,45.0,28.0,9.0,17.5,0.000342465762514621
2025_10_21_RSFB-Phenotyping_GG1_JLU/2025_10_21_RSFB-Phenotyping_GG1_JLU/20251021_153657.jpg,2025_10_21_RSFB-Phenotyping_GG1_JLU/2025_10_21_RSFB-Phenotyping_GG1_JLU/20251021_153503.jpg,plot_39d64c54bf6e6e6d68e8,plot_3b57a77095a5f5e8895a,45.0,28.0,22.0,11.0,0.000342465762514621
2025_10_21_RSFB-Phenotyping_GG1_JLU/2025_10_21_RSFB-Phenotyping_GG1_JLU/20251021_153657.jpg,2025_10_21_RSFB-Phenotyping_GG1_JLU/2025_10_21_RSFB-Phenotyping_GG1_JLU/20251021_130128.jpg,plot_39d64c54bf6e6e6d68e8,plot_77196a9ec72c575b5b40,45.0,28.0,10.0,4.5,0.000342465762514621
2025_10_21_RSFB-Phenotyping_GG1_JLU/2025_10_21_RSFB-Phenotyping_GG1_JLU/20251021_153657.jpg,2025_10_21_RSFB-Phenotyping_GG1_JLU/2025_10_21_RSFB-Phenotyping_GG1_JLU/20251021_123959.jpg,plot_39d64c54bf6e6e6d68e8,plot_ec0a5e344760502c368a,45.0,28.0,19.0,10.5,0.000342465762514621
2025_10_21_RSFB-Phenotyping_GG1_JLU/2025_10_21_RSFB-Phenotyping_GG1_JLU/20251021_153657.jpg,2025_10_21_RSFB-Phenotyping_GG1_JLU/2025_10_21_RSFB-Phenotyping_GG1_JLU/20251021_162616.jpg,plot_39d64c54bf6e6e6d68e8,plot_49366699fc79f58ef04c,45.0,28.0,20.0,13.5,0.000342465762514621
2025_10_21_RSFB-Phenotyping_GG1_JLU/2025_10_21_RSFB-Phenotyping_GG1_JLU/20251021_153657.jpg,2025_10_21_RSFB-Phenotyping_GG1_JLU/2025_10_21_RSFB-Phenotyping_GG1_JLU/20251021_153258.jpg,plot_39d64c54bf6e6e6d68e8,plot_de2fe6a6d345961359f9,45.0,28.0,20.0,5.0,0.000342465762514621
2025_10_21_RSFB-Phenotyping_GG1_JLU/2025_10_21_RSFB-Phenotyping_GG1_JLU/20251021_153657.jpg,2025_10_21_RSFB-Phenotyping_GG1_JLU/2025_10_21_RSFB-Phenotyping_GG1_JLU/20251021_131548.jpg,plot_39d64c54bf6e6e6d68e8,plot_9b8bbe6f8d57fa8f84f0,45.0,28.0,20.0,12.5,0.000342465762514621
2025_10_21_RSFB-Phenotyping_GG1_JLU/2025_10_21_RSFB-Phenotyping_GG1_JLU/20251021_153657.jpg,2025_10_21_RSFB-Phenotyping_GG1_JLU/2025_10_21_RSFB-Phenotyping_GG1_JLU/20251021_153832.jpg,plot_39d64c54bf6e6e6d68e8,plot_64e19f5de9c116d1fbb6,45.0,28.0,4.0,14.0,0.000342465762514621
2025_10_21_RSFB-Phenotyping_GG1_JLU/2025_10_21_RSFB-Phenotyping_GG1_JLU/20251021_153657.jpg,2025_10_21_RSFB-Phenotyping_GG1_JLU/2025_10_21_RSFB-Phenotyping_GG1_JLU/20251021_153759.jpg,plot_39d64c54bf6e6e6d68e8,plot_6eb12f9531516cbd1434,45.0,28.0,20.0,11.5,0.000342465762514621
2025_10_21_RSFB-Phenotyping_GG1_JLU/2025_10_21_RSFB-Phenotyping_GG1_JLU/20251021_153657.jpg,2025_10_21_RSFB-Phenotyping_GG1_JLU/2025_10_21_RSFB-Phenotyping_GG1_JLU/20251021_124207.jpg,plot_39d64c54bf6e6e6d68e8,plot_3986b8ba7e3c47d8b455,45.0,28.0,4.0,17.0,0.000342465762514621
2025_10_21_RSFB-Phenotyping_GG1_JLU/2025_10_21_RSFB-Phenotyping_GG1_JLU/20251021_153657.jpg,2025_10_21_RSFB-Phenotyping_GG1_JLU/2025_10_21_RSFB-Phenotyping_GG1_JLU/20251021_121951.jpg,plot_39d64c54bf6e6e6d68e8,plot_fc292ac3221828037f2a,45.0,28.0,20.0,13.5,0.000342465762514621
2025_10_21_RSFB-Phenotyping_GG1_JLU/2025_10_21_RSFB-Phenotyping_GG1_JLU/20251021_153657.jpg,2025_10_21_RSFB-Phenotyping_GG1_JLU/2025_10_21_RSFB-Phenotyping_GG1_JLU/20251021_161624.jpg,plot_39d64c54bf6e6e6d68e8,plot_3361cc58e772149f169e,45.0,28.0,12.0,3.0,0.000342465762514621
2025_10_21_RSFB-Phenotyping_GG1_JLU/2025_10_21_RSFB-Phenotyping_GG1_JLU/20251021_153657.jpg,2025_10_21_RSFB-Phenotyping_GG1_JLU/2025_10_21_RSFB-Phenotyping_GG1_JLU/20251021_125423.jpg,plot_39d64c54bf6e6e6d68e8,plot_ccfe1e329b419e50732e,45.0,28.0,20.0,13.0,0.000342465762514621
2025_10_21_RSFB-Phenotyping_GG1_JLU/2025_10_21_RSFB-Phenotyping_GG1_JLU/20251021_153657.jpg,2025_10_21_RSFB-Phenotyping_GG1_JLU/2025_10_21_RSFB-Phenotyping_GG1_JLU/20251021_123202.jpg,plot_39d64c54bf6e6e6d68e8,plot_a3e331c4e6fce2b877bd,45.0,28.0,5.0,12.0,0.000342465762514621
2025_10_21_RSFB-Phenotyping_GG1_JLU/2025_10_21_RSFB-Phenotyping_GG1_JLU/20251021_153657.jpg,2025_10_21_RSFB-Phenotyping_GG1_JLU/2025_10_21_RSFB-Phenotyping_GG1_JLU/20251021_155857.jpg,plot_39d64c54bf6e6e6d68e8,plot_e898a4d9ed85e24ff050,45.0,28.0,12.0,18.5,0.000342465762514621
2025_10_21_RSFB-Phenotyping_GG1_JLU/2025_10_21_RSFB-Phenotyping_GG1_JLU/20251021_153657.jpg,2025_10_21_RSFB-Phenotyping_GG1_JLU/2025_10_21_RSFB-Phenotyping_GG1_JLU/20251021_160714.jpg,plot_39d64c54bf6e6e6d68e8,plot_ea99039aeae06bdc085a,45.0,28.0,1.0,13.0,0.000342465762514621
2025_10_21_RSFB-Phenotyping_GG1_JLU/2025_10_21_RSFB-Phenotyping_GG1_JLU/20251021_153657.jpg,2025_10_21_RSFB-Phenotyping_GG1_JLU/2025_10_21_RSFB-Phenotyping_GG1_JLU/20251021_121834.jpg,plot_39d64c54bf6e6e6d68e8,plot_08853fb661302206a300,45.0,28.0,5.0,15.0,0.000342465762514621
2025_10_21_RSFB-Phenotyping_GG1_JLU/2025_10_21_RSFB-Phenotyping_GG1_JLU/20251021_153657.jpg,2025_10_21_RSFB-Phenotyping_GG1_JLU/2025_10_21_RSFB-Phenotyping_GG1_JLU/20251021_155835.jpg,plot_39d64c54bf6e6e6d68e8,plot_c56b353ccd4d762a32d5,45.0,28.0,20.0,13.0,0.000342465762514621
2025_10_21_RSFB-Phenotyping_GG1_JLU/2025_10_21_RSFB-Phenotyping_GG1_JLU/20251021_153657.jpg,2025_10_21_RSFB-Phenotyping_GG1_JLU/2025_10_21_RSFB-Phenotyping_GG1_JLU/20251021_160301.jpg,plot_39d64c54bf6e6e6d68e8,plot_80ee42a305b824b5337d,45.0,28.0,2.0,12.5,0.000342465762514621
2025_10_21_RSFB-Phenotyping_GG1_JLU/2025_10_21_RSFB-Phenotyping_GG1_JLU/20251021_153657.jpg,2025_10_21_RSFB-Phenotyping_GG1_JLU/2025_10_21_RSFB-Phenotyping_GG1_JLU/20251021_121843.jpg,plot_39d64c54bf6e6e6d68e8,plot_08853fb661302206a300,45.0,28.0,4.0,12.0,0.000342465762514621
2025_10_21_RSFB-Phenotyping_GG1_JLU/2025_10_21_RSFB-Phenotyping_GG1_JLU/20251021_153657.jpg,2025_10_21_RSFB-Phenotyping_GG1_JLU/2025_10_21_RSFB-Phenotyping_GG1_JLU/20251021_155137.jpg,plot_39d64c54bf6e6e6d68e8,plot_7ff767c1ada4e85b6156,45.0,28.0,20.0,11.5,0.000342465762514621
2025_10_21_RSFB-Phenotyping_GG1_JLU/2025_10_21_RSFB-Phenotyping_GG1_JLU/20251021_153657.jpg,2025_10_21_RSFB-Phenotyping_GG1_JLU/2025_10_21_RSFB-Phenotyping_GG1_JLU/20251021_132424.jpg,plot_39d64c54bf6e6e6d68e8,plot_04441862d5c5dd0b49cc,45.0,28.0,10.0,2.5,0.000342465762514621
2025_10_21_RSFB-Phenotyping_GG1_JLU/2025_10_21_RSFB-Phenotyping_GG1_JLU/20251021_153657.jpg,2025_10_21_RSFB-Phenotyping_GG1_JLU/2025_10_21_RSFB-Phenotyping_GG1_JLU/20251021_122550.jpg,plot_39d64c54bf6e6e6d68e8,plot_4460e7e9889b69d86dd3,45.0,28.0,7.0,22.0,0.000342465762514621
2025_10_21_RSFB-Phenotyping_GG1_JLU/2025_10_21_RSFB-Phenotyping_GG1_JLU/20251021_153657.jpg,2025_10_21_RSFB-Phenotyping_GG1_JLU/2025_10_21_RSFB-Phenotyping_GG1_JLU/20251021_122022.jpg,plot_39d64c54bf6e6e6d68e8,plot_de57345dfd586882f461,45.0,28.0,15.0,21.0,0.000342465762514621
2025_10_21_RSFB-Phenotyping_GG1_JLU/2025_10_21_RSFB-Phenotyping_GG1_JLU/20251021_153657.jpg,2025_10_21_RSFB-Phenotyping_GG1_JLU/2025_10_21_RSFB-Phenotyping_GG1_JLU/20251021_155103.jpg,plot_39d64c54bf6e6e6d68e8,plot_b499b14eca911be3b991,45.0,28.0,12.0,1.0,0.000342465762514621
2025_10_21_RSFB-Phenotyping_GG1_JLU/2025_10_21_RSFB-Phenotyping_GG1_JLU/20251021_153657.jpg,2025_10_21_RSFB-Phenotyping_GG1_JLU/2025_10_21_RSFB-Phenotyping_GG1_JLU/20251021_132236.jpg,plot_39d64c54bf6e6e6d68e8,plot_f2f9919fc7afb87da28e,45.0,28.0,20.0,6.5,0.000342465762514621
2025_10_21_RSFB-Phenotyping_GG1_JLU/2025_10_21_RSFB-Phenotyping_GG1_JLU/20251021_153657.jpg,2025_10_21_RSFB-Phenotyping_GG1_JLU/2025_10_21_RSFB-Phenotyping_GG1_JLU/20251021_155249.jpg,plot_39d64c54bf6e6e6d68e8,plot_ae2984dd48723bc500ae,45.0,28.0,15.0,21.5,0.000342465762514621
2025_10_21_RSFB-Phenotyping_GG1_JLU/2025_10_21_RSFB-Phenotyping_GG1_JLU/20251021_153657.jpg,2025_10_21_RSFB-Phenotyping_GG1_JLU/2025_10_21_RSFB-Phenotyping_GG1_JLU/20251021_123107.jpg,plot_39d64c54bf6e6e6d68e8,plot_5700cee80bc5a6e207ec,45.0,28.0,10.0,2.0,0.000342465762514621
2025_10_21_RSFB-Phenotyping_GG1_JLU/2025_10_21_RSFB-Phenotyping_GG1_JLU/20251021_153657.jpg,2025_10_21_RSFB-Phenotyping_GG1_JLU/2025_10_21_RSFB-Phenotyping_GG1_JLU/20251021_160307.jpg,plot_39d64c54bf6e6e6d68e8,plot_80ee42a305b824b5337d,45.0,28.0,1.0,15.0,0.000342465762514621
2025_10_21_RSFB-Phenotyping_GG1_JLU/2025_10_21_RSFB-Phenotyping_GG1_JLU/20251021_153657.jpg,2025_10_21_RSFB-Phenotyping_GG1_JLU/2025_10_21_RSFB-Phenotyping_GG1_JLU/20251021_122752.jpg,plot_39d64c54bf6e6e6d68e8,plot_643644993e9d28503809,45.0,28.0,20.0,13.5,0.000342465762514621
2025_10_21_RSFB-Phenotyping_GG1_JLU/2025_10_21_RSFB-Phenotyping_GG1_JLU/20251021_153657.jpg,2025_10_21_RSFB-Phenotyping_GG1_JLU/2025_10_21_RSFB-Phenotyping_GG1_JLU/20251021_132045.jpg,plot_39d64c54bf6e6e6d68e8,plot_a2622f860df5cef3e355,45.0,28.0,20.0,6.5,0.000342465762514621
2025_10_21_RSFB-Phenotyping_GG1_JLU/2025_10_21_RSFB-Phenotyping_GG1_JLU/20251021_153657.jpg,2025_10_21_RSFB-Phenotyping_GG1_JLU/2025_10_21_RSFB-Phenotyping_GG1_JLU/20251021_155843.jpg,plot_39d64c54bf6e6e6d68e8,plot_c56b353ccd4d762a32d5,45.0,28.0,22.0,11.5,0.000342465762514621
2025_10_21_RSFB-Phenotyping_GG1_JLU/2025_10_21_RSFB-Phenotyping_GG1_JLU/20251021_161125.jpg,2025_10_21_RSFB-Phenotyping_GG1_JLU/2025_10_21_RSFB-Phenotyping_GG1_JLU/20251021_130423.jpg,plot_fa6a48d19e93015e1485,plot_8390a5f10d833e2ab881,42.0,20.0,5.0,14.5,0.0001712328812573105
2025_10_21_RSFB-Phenotyping_GG1_JLU/2025_10_21_RSFB-Phenotyping_GG1_JLU/20251021_161125.jpg,2025_10_21_RSFB-Phenotyping_GG1_JLU/2025_10_21_RSFB-Phenotyping_GG1_JLU/20251021_124500.jpg,plot_fa6a48d19e93015e1485,plot_ea75df3b909465cef7b1,42.0,20.0,5.0,12.0,0.0001712328812573105
2025_10_21_RSFB-Phenotyping_GG1_JLU/2025_10_21_RSFB-Phenotyping_GG1_JLU/20251021_161125.jpg,2025_10_21_RSFB-Phenotyping_GG1_JLU/2025_10_21_RSFB-Phenotyping_GG1_JLU/20251021_161624.jpg,plot_fa6a48d19e93015e1485,plot_3361cc58e772149f169e,42.0,20.0,12.0,3.0,0.0001712328812573105
2025_10_21_RSFB-Phenotyping_GG1_JLU/2025_10_21_RSFB-Phenotyping_GG1_JLU/20251021_161125.jpg,2025_10_21_RSFB-Phenotyping_GG1_JLU/2025_10_21_RSFB-Phenotyping_GG1_JLU/20251021_161751.jpg,plot_fa6a48d19e93015e1485,plot_5ca84068b670156039bd,42.0,20.0,3.0,13.0,0.0001712328812573105
2025_10_21_RSFB-Phenotyping_GG1_JLU/2025_10_21_RSFB-Phenotyping_GG1_JLU/20251021_161125.jpg,2025_10_21_RSFB-Phenotyping_GG1_JLU/2025_10_21_RSFB-Phenotyping_GG1_JLU/20251021_131419.jpg,plot_fa6a48d19e93015e1485,plot_e26908bc9222e28c92ff,42.0,20.0,10.0,4.5,0.0001712328812573105
2025_10_21_RSFB-Phenotyping_GG1_JLU/2025_10_21_RSFB-Phenotyping_GG1_JLU/20251021_161125.jpg,2025_10_21_RSFB-Phenotyping_GG1_JLU/2025_10_21_RSFB-Phenotyping_GG1_JLU/20251021_125439.jpg,plot_fa6a48d19e93015e1485,plot_ccfe1e329b419e50732e,42.0,20.0,13.0,6.5,0.0001712328812573105
2025_10_21_RSFB-Phenotyping_GG1_JLU/2025_10_21_RSFB-Phenotyping_GG1_JLU/20251021_161125.jpg,2025_10_21_RSFB-Phenotyping_GG1_JLU/2025_10_21_RSFB-Phenotyping_GG1_JLU/20251021_151915.jpg,plot_fa6a48d19e93015e1485,plot_6ca7eb46f81c9ecf993b,42.0,20.0,12.0,5.5,0.0001712328812573105
2025_10_21_RSFB-Phenotyping_GG1_JLU/2025_10_21_RSFB-Phenotyping_GG1_JLU/20251021_161125.jpg,2025_10_21_RSFB-Phenotyping_GG1_JLU/2025_10_21_RSFB-Phenotyping_GG1_JLU/20251021_151642.jpg,plot_fa6a48d19e93015e1485,plot_f61b29267fecc01648f8,42.0,20.0,10.0,4.5,0.0001712328812573105
2025_10_21_RSFB-Phenotyping_GG1_JLU/2025_10_21_RSFB-Phenotyping_GG1_JLU/20251021_161125.jpg,2025_10_21_RSFB-Phenotyping_GG1_JLU/2025_10_21_RSFB-Phenotyping_GG1_JLU/20251021_161857.jpg,plot_fa6a48d19e93015e1485,plot_490a77dae7954530a2a4,42.0,20.0,5.0,13.300000190734863,0.0001712328812573105
2025_10_21_RSFB-Phenotyping_GG1_JLU/2025_10_21_RSFB-Phenotyping_GG1_JLU/20251021_161125.jpg,2025_10_21_RSFB-Phenotyping_GG1_JLU/2025_10_21_RSFB-Phenotyping_GG1_JLU/20251021_132424.jpg,plot_fa6a48d19e93015e1485,plot_04441862d5c5dd0b49cc,42.0,20.0,10.0,2.5,0.0001712328812573105
2025_10_21_RSFB-Phenotyping_GG1_JLU/2025_10_21_RSFB-Phenotyping_GG1_JLU/20251021_161125.jpg,2025_10_21_RSFB-Phenotyping_GG1_JLU/2025_10_21_RSFB-Phenotyping_GG1_JLU/20251021_161840.jpg,plot_fa6a48d19e93015e1485,plot_fb549f03aaaa145785c8,42.0,20.0,3.0,13.0,0.0001712328812573105
2025_10_21_RSFB-Phenotyping_GG1_JLU/2025_10_21_RSFB-Phenotyping_GG1_JLU/20251021_161125.jpg,2025_10_21_RSFB-Phenotyping_GG1_JLU/2025_10_21_RSFB-Phenotyping_GG1_JLU/20251021_160714.jpg,plot_fa6a48d19e93015e1485,plot_ea99039aeae06bdc085a,42.0,20.0,1.0,13.0,0.0001712328812573105
2025_10_21_RSFB-Phenotyping_GG1_JLU/2025_10_21_RSFB-Phenotyping_GG1_JLU/20251021_161125.jpg,2025_10_21_RSFB-Phenotyping_GG1_JLU/2025_10_21_RSFB-Phenotyping_GG1_JLU/20251021_152220.jpg,plot_fa6a48d19e93015e1485,plot_67dc730dc218f4c377b3,42.0,20.0,14.0,5.0,0.0001712328812573105
2025_10_21_RSFB-Phenotyping_GG1_JLU/2025_10_21_RSFB-Phenotyping_GG1_JLU/20251021_161125.jpg,2025_10_21_RSFB-Phenotyping_GG1_JLU/2025_10_21_RSFB-Phenotyping_GG1_JLU/20251021_153832.jpg,plot_fa6a48d19e93015e1485,plot_64e19f5de9c116d1fbb6,42.0,20.0,4.0,14.0,0.0001712328812573105
2025_10_21_RSFB-Phenotyping_GG1_JLU/2025_10_21_RSFB-Phenotyping_GG1_JLU/20251021_161125.jpg,2025_10_21_RSFB-Phenotyping_GG1_JLU/2025_10_21_RSFB-Phenotyping_GG1_JLU/20251021_121113.jpg,plot_fa6a48d19e93015e1485,plot_a7714d1b769d45a9b00a,42.0,20.0,2.0,10.0,0.0001712328812573105
2025_10_21_RSFB-Phenotyping_GG1_JLU/2025_10_21_RSFB-Phenotyping_GG1_JLU/20251021_161125.jpg,2025_10_21_RSFB-Phenotyping_GG1_JLU/2025_10_21_RSFB-Phenotyping_GG1_JLU/20251021_162936.jpg,plot_fa6a48d19e93015e1485,plot_6b8f7220a8a82d322a40,42.0,20.0,2.0,13.5,0.0001712328812573105
2025_10_21_RSFB-Phenotyping_GG1_JLU/2025_10_21_RSFB-Phenotyping_GG1_JLU/20251021_161125.jpg,2025_10_21_RSFB-Phenotyping_GG1_JLU/2025_10_21_RSFB-Phenotyping_GG1_JLU/20251021_125431.jpg,plot_fa6a48d19e93015e1485,plot_ccfe1e329b419e50732e,42.0,20.0,13.0,3.0,0.0001712328812573105
2025_10_21_RSFB-Phenotyping_GG1_JLU/2025_10_21_RSFB-Phenotyping_GG1_JLU/20251021_161125.jpg,2025_10_21_RSFB-Phenotyping_GG1_JLU/2025_10_21_RSFB-Phenotyping_GG1_JLU/20251021_121246.jpg,plot_fa6a48d19e93015e1485,plot_09d8a533567043e69854,42.0,20.0,7.0,13.5,0.0001712328812573105
2025_10_21_RSFB-Phenotyping_GG1_JLU/2025_10_21_RSFB-Phenotyping_GG1_JLU/20251021_161125.jpg,2025_10_21_RSFB-Phenotyping_GG1_JLU/2025_10_21_RSFB-Phenotyping_GG1_JLU/20251021_155233.jpg,plot_fa6a48d19e93015e1485,plot_ae2984dd48723bc500ae,42.0,20.0,8.0,14.5,0.0001712328812573105
2025_10_21_RSFB-Phenotyping_GG1_JLU/2025_10_21_RSFB-Phenotyping_GG1_JLU/20251021_161125.jpg,2025_10_21_RSFB-Phenotyping_GG1_JLU/2025_10_21_RSFB-Phenotyping_GG1_JLU/20251021_123202.jpg,plot_fa6a48d19e93015e1485,plot_a3e331c4e6fce2b877bd,42.0,20.0,5.0,12.0,0.0001712328812573105
2025_10_21_RSFB-Phenotyping_GG1_JLU/2025_10_21_RSFB-Phenotyping_GG1_JLU/20251021_161125.jpg,2025_10_21_RSFB-Phenotyping_GG1_JLU/2025_10_21_RSFB-Phenotyping_GG1_JLU/20251021_154509.jpg,plot_fa6a48d19e93015e1485,plot_a2c6a5fd1e9b0c0d5868,42.0,20.0,13.0,6.0,0.0001712328812573105
2025_10_21_RSFB-Phenotyping_GG1_JLU/2025_10_21_RSFB-Phenotyping_GG1_JLU/20251021_161125.jpg,2025_10_21_RSFB-Phenotyping_GG1_JLU/2025_10_21_RSFB-Phenotyping_GG1_JLU/20251021_124615.jpg,plot_fa6a48d19e93015e1485,plot_9e661ae87ec066049f1f,42.0,20.0,5.0,11.5,0.0001712328812573105
2025_10_21_RSFB-Phenotyping_GG1_JLU/2025_10_21_RSFB-Phenotyping_GG1_JLU/20251021_161125.jpg,2025_10_21_RSFB-Phenotyping_GG1_JLU/2025_10_21_RSFB-Phenotyping_GG1_JLU/20251021_151432.jpg,plot_fa6a48d19e93015e1485,plot_f19419da98fe0824600a,42.0,20.0,2.0,12.5,0.0001712328812573105
2025_10_21_RSFB-Phenotyping_GG1_JLU/2025_10_21_RSFB-Phenotyping_GG1_JLU/20251021_161125.jpg,2025_10_21_RSFB-Phenotyping_GG1_JLU/2025_10_21_RSFB-Phenotyping_GG1_JLU/20251021_122605.jpg,plot_fa6a48d19e93015e1485,plot_4460e7e9889b69d86dd3,42.0,20.0,1.0,14.0,0.0001712328812573105
2025_10_21_RSFB-Phenotyping_GG1_JLU/2025_10_21_RSFB-Phenotyping_GG1_JLU/20251021_161125.jpg,2025_10_21_RSFB-Phenotyping_GG1_JLU/2025_10_21_RSFB-Phenotyping_GG1_JLU/20251021_124358.jpg,plot_fa6a48d19e93015e1485,plot_e77622de4cce1b168140,42.0,20.0,3.0,11.0,0.0001712328812573105
2025_10_21_RSFB-Phenotyping_GG1_JLU/2025_10_21_RSFB-Phenotyping_GG1_JLU/20251021_161125.jpg,2025_10_21_RSFB-Phenotyping_GG1_JLU/2025_10_21_RSFB-Phenotyping_GG1_JLU/20251021_121843.jpg,plot_fa6a48d19e93015e1485,plot_08853fb661302206a300,42.0,20.0,4.0,12.0,0.0001712328812573105
2025_10_21_RSFB-Phenotyping_GG1_JLU/2025_10_21_RSFB-Phenotyping_GG1_JLU/20251021_161125.jpg,2025_10_21_RSFB-Phenotyping_GG1_JLU/2025_10_21_RSFB-Phenotyping_GG1_JLU/20251021_122557.jpg,plot_fa6a48d19e93015e1485,plot_4460e7e9889b69d86dd3,42.0,20.0,2.0,10.0,0.0001712328812573105
2025_10_21_RSFB-Phenotyping_GG1_JLU/2025_10_21_RSFB-Phenotyping_GG1_JLU/20251021_161125.jpg,2025_10_21_RSFB-Phenotyping_GG1_JLU/2025_10_21_RSFB-Phenotyping_GG1_JLU/20251021_152040.jpg,plot_fa6a48d19e93015e1485,plot_aace551e1ccebf79dd75,42.0,20.0,14.0,4.5,0.0001712328812573105
2025_10_21_RSFB-Phenotyping_GG1_JLU/2025_10_21_RSFB-Phenotyping_GG1_JLU/20251021_161125.jpg,2025_10_21_RSFB-Phenotyping_GG1_JLU/2025_10_21_RSFB-Phenotyping_GG1_JLU/20251021_155103.jpg,plot_fa6a48d19e93015e1485,plot_b499b14eca911be3b991,42.0,20.0,12.0,1.0,0.0001712328812573105
2025_10_21_RSFB-Phenotyping_GG1_JLU/2025_10_21_RSFB-Phenotyping_GG1_JLU/20251021_161125.jpg,2025_10_21_RSFB-Phenotyping_GG1_JLU/2025_10_21_RSFB-Phenotyping_GG1_JLU/20251021_132801.jpg,plot_fa6a48d19e93015e1485,plot_b2decf1cbf56bcdc6d32,42.0,20.0,3.0,12.5,0.0001712328812573105
2025_10_21_RSFB-Phenotyping_GG1_JLU/2025_10_21_RSFB-Phenotyping_GG1_JLU/20251021_161125.jpg,2025_10_21_RSFB-Phenotyping_GG1_JLU/2025_10_21_RSFB-Phenotyping_GG1_JLU/20251021_121126.jpg,plot_fa6a48d19e93015e1485,plot_a7714d1b769d45a9b00a,42.0,20.0,2.0,14.5,0.0001712328812573105
2025_10_21_RSFB-Phenotyping_GG1_JLU/2025_10_21_RSFB-Phenotyping_GG1_JLU/20251021_161125.jpg,2025_10_21_RSFB-Phenotyping_GG1_JLU/2025_10_21_RSFB-Phenotyping_GG1_JLU/20251021_132342.jpg,plot_fa6a48d19e93015e1485,plot_df712240205f755d4453,42.0,20.0,12.0,2.5,0.0001712328812573105
2025_10_21_RSFB-Phenotyping_GG1_JLU/2025_10_21_RSFB-Phenotyping_GG1_JLU/20251021_161125.jpg,2025_10_21_RSFB-Phenotyping_GG1_JLU/2025_10_21_RSFB-Phenotyping_GG1_JLU/20251021_122013.jpg,plot_fa6a48d19e93015e1485,plot_de57345dfd586882f461,42.0,20.0,5.0,14.0,0.0001712328812573105
2025_10_21_RSFB-Phenotyping_GG1_JLU/2025_10_21_RSFB-Phenotyping_GG1_JLU/20251021_161125.jpg,2025_10_21_RSFB-Phenotyping_GG1_JLU/2025_10_21_RSFB-Phenotyping_GG1_JLU/20251021_160301.jpg,plot_fa6a48d19e93015e1485,plot_80ee42a305b824b5337d,42.0,20.0,2.0,12.5,0.0001712328812573105
2025_10_21_RSFB-Phenotyping_GG1_JLU/2025_10_21_RSFB-Phenotyping_GG1_JLU/20251021_161125.jpg,2025_10_21_RSFB-Phenotyping_GG1_JLU/2025_10_21_RSFB-Phenotyping_GG1_JLU/20251021_130737.jpg,plot_fa6a48d19e93015e1485,plot_4c9e8c4301206d84387b,42.0,20.0,13.0,2.0,0.0001712328812573105
2025_10_21_RSFB-Phenotyping_GG1_JLU/2025_10_21_RSFB-Phenotyping_GG1_JLU/20251021_161125.jpg,2025_10_21_RSFB-Phenotyping_GG1_JLU/2025_10_21_RSFB-Phenotyping_GG1_JLU/20251021_162116.jpg,plot_fa6a48d19e93015e1485,plot_60d8a72fe06bef6e6da4,42.0,20.0,3.0,11.399999618530273,0.0001712328812573105
2025_10_21_RSFB-Phenotyping_GG1_JLU/2025_10_21_RSFB-Phenotyping_GG1_JLU/20251021_161125.jpg,2025_10_21_RSFB-Phenotyping_GG1_JLU/2025_10_21_RSFB-Phenotyping_GG1_JLU/20251021_155302.jpg,plot_fa6a48d19e93015e1485,plot_cb17d6bcad8ffccbde51,42.0,20.0,1.0,10.5,0.0001712328812573105
2025_10_21_RSFB-Phenotyping_GG1_JLU/2025_10_21_RSFB-Phenotyping_GG1_JLU/20251021_161125.jpg,2025_10_21_RSFB-Phenotyping_GG1_JLU/2025_10_21_RSFB-Phenotyping_GG1_JLU/20251021_161415.jpg,plot_fa6a48d19e93015e1485,plot_6db75ec8b4bf1739f8b3,42.0,20.0,10.0,4.5,0.0001712328812573105
2025_10_21_RSFB-Phenotyping_GG1_JLU/2025_10_21_RSFB-Phenotyping_GG1_JLU/20251021_161125.jpg,2025_10_21_RSFB-Phenotyping_GG1_JLU/2025_10_21_RSFB-Phenotyping_GG1_JLU/20251021_130128.jpg,plot_fa6a48d19e93015e1485,plot_77196a9ec72c575b5b40,42.0,20.0,10.0,4.5,0.0001712328812573105
2025_10_21_RSFB-Phenotyping_GG1_JLU/2025_10_21_RSFB-Phenotyping_GG1_JLU/20251021_161125.jpg,2025_10_21_RSFB-Phenotyping_GG1_JLU/2025_10_21_RSFB-Phenotyping_GG1_JLU/20251021_155939.jpg,plot_fa6a48d19e93015e1485,plot_b351f823b8a0415f9230,42.0,20.0,3.0,10.0,0.0001712328812573105
2025_10_21_RSFB-Phenotyping_GG1_JLU/2025_10_21_RSFB-Phenotyping_GG1_JLU/20251021_125339.jpg,2025_10_21_RSFB-Phenotyping_GG1_JLU/2025_10_21_RSFB-Phenotyping_GG1_JLU/20251021_121834.jpg,plot_f2d1927adea1c1163e2a,plot_08853fb661302206a300,28.0,21.0,5.0,15.0,0.000342465762514621
2025_10_21_RSFB-Phenotyping_GG1_JLU/2025_10_21_RSFB-Phenotyping_GG1_JLU/20251021_125339.jpg,2025_10_21_RSFB-Phenotyping_GG1_JLU/2025_10_21_RSFB-Phenotyping_GG1_JLU/20251021_121113.jpg,plot_f2d1927adea1c1163e2a,plot_a7714d1b769d45a9b00a,28.0,21.0,2.0,10.0,0.000342465762514621
2025_10_21_RSFB-Phenotyping_GG1_JLU/2025_10_21_RSFB-Phenotyping_GG1_JLU/20251021_125339.jpg,2025_10_21_RSFB-Phenotyping_GG1_JLU/2025_10_21_RSFB-Phenotyping_GG1_JLU/20251021_161857.jpg,plot_f2d1927adea1c1163e2a,plot_490a77dae7954530a2a4,28.0,21.0,5.0,13.300000190734863,0.000342465762514621
2025_10_21_RSFB-Phenotyping_GG1_JLU/2025_10_21_RSFB-Phenotyping_GG1_JLU/20251021_125339.jpg,2025_10_21_RSFB-Phenotyping_GG1_JLU/2025_10_21_RSFB-Phenotyping_GG1_JLU/20251021_123208.jpg,plot_f2d1927adea1c1163e2a,plot_a3e331c4e6fce2b877bd,28.0,21.0,15.0,8.0,0.000342465762514621
2025_10_21_RSFB-Phenotyping_GG1_JLU/2025_10_21_RSFB-Phenotyping_GG1_JLU/20251021_125339.jpg,2025_10_21_RSFB-Phenotyping_GG1_JLU/2025_10_21_RSFB-Phenotyping_GG1_JLU/20251021_132002.jpg,plot_f2d1927adea1c1163e2a,plot_8709d51bb880213559a6,28.0,21.0,15.0,8.5,0.000342465762514621
2025_10_21_RSFB-Phenotyping_GG1_JLU/2025_10_21_RSFB-Phenotyping_GG1_JLU/20251021_125339.jpg,2025_10_21_RSFB-Phenotyping_GG1_JLU/2025_10_21_RSFB-Phenotyping_GG1_JLU/20251021_161751.jpg,plot_f2d1927adea1c1163e2a,plot_5ca84068b670156039bd,28.0,21.0,3.0,13.0,0.000342465762514621
2025_10_21_RSFB-Phenotyping_GG1_JLU/2025_10_21_RSFB-Phenotyping_GG1_JLU/20251021_125339.jpg,2025_10_21_RSFB-Phenotyping_GG1_JLU/2025_10_21_RSFB-Phenotyping_GG1_JLU/20251021_130128.jpg,plot_f2d1927adea1c1163e2a,plot_77196a9ec72c575b5b40,28.0,21.0,10.0,4.5,0.000342465762514621
2025_10_21_RSFB-Phenotyping_GG1_JLU/2025_10_21_RSFB-Phenotyping_GG1_JLU/20251021_125339.jpg,2025_10_21_RSFB-Phenotyping_GG1_JLU/2025_10_21_RSFB-Phenotyping_GG1_JLU/20251021_122605.jpg,plot_f2d1927adea1c1163e2a,plot_4460e7e9889b69d86dd3,28.0,21.0,1.0,14.0,0.000342465762514621
2025_10_21_RSFB-Phenotyping_GG1_JLU/2025_10_21_RSFB-Phenotyping_GG1_JLU/20251021_125339.jpg,2025_10_21_RSFB-Phenotyping_GG1_JLU/2025_10_21_RSFB-Phenotyping_GG1_JLU/20251021_155808.jpg,plot_f2d1927adea1c1163e2a,plot_7b5226474d03f55ab84a,28.0,21.0,2.0,15.0,0.000342465762514621
2025_10_21_RSFB-Phenotyping_GG1_JLU/2025_10_21_RSFB-Phenotyping_GG1_JLU/20251021_125339.jpg,2025_10_21_RSFB-Phenotyping_GG1_JLU/2025_10_21_RSFB-Phenotyping_GG1_JLU/20251021_162116.jpg,plot_f2d1927adea1c1163e2a,plot_60d8a72fe06bef6e6da4,28.0,21.0,3.0,11.399999618530273,0.000342465762514621
2025_10_21_RSFB-Phenotyping_GG1_JLU/2025_10_21_RSFB-Phenotyping_GG1_JLU/20251021_125339.jpg,2025_10_21_RSFB-Phenotyping_GG1_JLU/2025_10_21_RSFB-Phenotyping_GG1_JLU/20251021_122013.jpg,plot_f2d1927adea1c1163e2a,plot_de57345dfd586882f461,28.0,21.0,5.0,14.0,0.000342465762514621
2025_10_21_RSFB-Phenotyping_GG1_JLU/2025_10_21_RSFB-Phenotyping_GG1_JLU/20251021_125339.jpg,2025_10_21_RSFB-Phenotyping_GG1_JLU/2025_10_21_RSFB-Phenotyping_GG1_JLU/20251021_133018.jpg,plot_f2d1927adea1c1163e2a,plot_29ad4a9860449a68b25f,28.0,21.0,15.0,6.5,0.000342465762514621
2025_10_21_RSFB-Phenotyping_GG1_JLU/2025_10_21_RSFB-Phenotyping_GG1_JLU/20251021_125339.jpg,2025_10_21_RSFB-Phenotyping_GG1_JLU/2025_10_21_RSFB-Phenotyping_GG1_JLU/20251021_131419.jpg,plot_f2d1927adea1c1163e2a,plot_e26908bc9222e28c92ff,28.0,21.0,10.0,4.5,0.000342465762514621
2025_10_21_RSFB-Phenotyping_GG1_JLU/2025_10_21_RSFB-Phenotyping_GG1_JLU/20251021_125339.jpg,2025_10_21_RSFB-Phenotyping_GG1_JLU/2025_10_21_RSFB-Phenotyping_GG1_JLU/20251021_131411.jpg,plot_f2d1927adea1c1163e2a,plot_e26908bc9222e28c92ff,28.0,21.0,15.0,4.5,0.000342465762514621
2025_10_21_RSFB-Phenotyping_GG1_JLU/2025_10_21_RSFB-Phenotyping_GG1_JLU/20251021_125339.jpg,2025_10_21_RSFB-Phenotyping_GG1_JLU/2025_10_21_RSFB-Phenotyping_GG1_JLU/20251021_161415.jpg,plot_f2d1927adea1c1163e2a,plot_6db75ec8b4bf1739f8b3,28.0,21.0,10.0,4.5,0.000342465762514621
2025_10_21_RSFB-Phenotyping_GG1_JLU/2025_10_21_RSFB-Phenotyping_GG1_JLU/20251021_125339.jpg,2025_10_21_RSFB-Phenotyping_GG1_JLU/2025_10_21_RSFB-Phenotyping_GG1_JLU/20251021_132801.jpg,plot_f2d1927adea1c1163e2a,plot_b2decf1cbf56bcdc6d32,28.0,21.0,3.0,12.5,0.000342465762514621
2025_10_21_RSFB-Phenotyping_GG1_JLU/2025_10_21_RSFB-Phenotyping_GG1_JLU/20251021_125339.jpg,2025_10_21_RSFB-Phenotyping_GG1_JLU/2025_10_21_RSFB-Phenotyping_GG1_JLU/20251021_125431.jpg,plot_f2d1927adea1c1163e2a,plot_ccfe1e329b419e50732e,28.0,21.0,13.0,3.0,0.000342465762514621
2025_10_21_RSFB-Phenotyping_GG1_JLU/2025_10_21_RSFB-Phenotyping_GG1_JLU/20251021_125339.jpg,2025_10_21_RSFB-Phenotyping_GG1_JLU/2025_10_21_RSFB-Phenotyping_GG1_JLU/20251021_132902.jpg,plot_f2d1927adea1c1163e2a,plot_a68ea486bf28d2a65eea,28.0,21.0,15.0,5.0,0.000342465762514621
2025_10_21_RSFB-Phenotyping_GG1_JLU/2025_10_21_RSFB-Phenotyping_GG1_JLU/20251021_125339.jpg,2025_10_21_RSFB-Phenotyping_GG1_JLU/2025_10_21_RSFB-Phenotyping_GG1_JLU/20251021_123407.jpg,plot_f2d1927adea1c1163e2a,plot_a72e9af8f12fd28c9181,28.0,21.0,15.0,7.5,0.000342465762514621
2025_10_21_RSFB-Phenotyping_GG1_JLU/2025_10_21_RSFB-Phenotyping_GG1_JLU/20251021_125339.jpg,2025_10_21_RSFB-Phenotyping_GG1_JLU/2025_10_21_RSFB-Phenotyping_GG1_JLU/20251021_121843.jpg,plot_f2d1927adea1c1163e2a,plot_08853fb661302206a300,28.0,21.0,4.0,12.0,0.000342465762514621
2025_10_21_RSFB-Phenotyping_GG1_JLU/2025_10_21_RSFB-Phenotyping_GG1_JLU/20251021_125339.jpg,2025_10_21_RSFB-Phenotyping_GG1_JLU/2025_10_21_RSFB-Phenotyping_GG1_JLU/20251021_122557.jpg,plot_f2d1927adea1c1163e2a,plot_4460e7e9889b69d86dd3,28.0,21.0,2.0,10.0,0.000342465762514621
2025_10_21_RSFB-Phenotyping_GG1_JLU/2025_10_21_RSFB-Phenotyping_GG1_JLU/20251021_125339.jpg,2025_10_21_RSFB-Phenotyping_GG1_JLU/2025_10_21_RSFB-Phenotyping_GG1_JLU/20251021_125839.jpg,plot_f2d1927adea1c1163e2a,plot_01e87c1ddded3d2f1cac,28.0,21.0,15.0,6.5,0.000342465762514621
2025_10_21_RSFB-Phenotyping_GG1_JLU/2025_10_21_RSFB-Phenotyping_GG1_JLU/20251021_125339.jpg,2025_10_21_RSFB-Phenotyping_GG1_JLU/2025_10_21_RSFB-Phenotyping_GG1_JLU/20251021_130737.jpg,plot_f2d1927adea1c1163e2a,plot_4c9e8c4301206d84387b,28.0,21.0,13.0,2.0,0.000342465762514621
2025_10_21_RSFB-Phenotyping_GG1_JLU/2025_10_21_RSFB-Phenotyping_GG1_JLU/20251021_125339.jpg,2025_10_21_RSFB-Phenotyping_GG1_JLU/2025_10_21_RSFB-Phenotyping_GG1_JLU/20251021_124615.jpg,plot_f2d1927adea1c1163e2a,plot_9e661ae87ec066049f1f,28.0,21.0,5.0,11.5,0.000342465762514621
2025_10_21_RSFB-Phenotyping_GG1_JLU/2025_10_21_RSFB-Phenotyping_GG1_JLU/20251021_125339.jpg,2025_10_21_RSFB-Phenotyping_GG1_JLU/2025_10_21_RSFB-Phenotyping_GG1_JLU/20251021_152220.jpg,plot_f2d1927adea1c1163e2a,plot_67dc730dc218f4c377b3,28.0,21.0,14.0,5.0,0.000342465762514621
2025_10_21_RSFB-Phenotyping_GG1_JLU/2025_10_21_RSFB-Phenotyping_GG1_JLU/20251021_125339.jpg,2025_10_21_RSFB-Phenotyping_GG1_JLU/2025_10_21_RSFB-Phenotyping_GG1_JLU/20251021_124358.jpg,plot_f2d1927adea1c1163e2a,plot_e77622de4cce1b168140,28.0,21.0,3.0,11.0,0.000342465762514621
2025_10_21_RSFB-Phenotyping_GG1_JLU/2025_10_21_RSFB-Phenotyping_GG1_JLU/20251021_125339.jpg,2025_10_21_RSFB-Phenotyping_GG1_JLU/2025_10_21_RSFB-Phenotyping_GG1_JLU/20251021_130045.jpg,plot_f2d1927adea1c1163e2a,plot_7c9b9d5dc347e36cbea8,28.0,21.0,15.0,9.0,0.000342465762514621
2025_10_21_RSFB-Phenotyping_GG1_JLU/2025_10_21_RSFB-Phenotyping_GG1_JLU/20251021_125339.jpg,2025_10_21_RSFB-Phenotyping_GG1_JLU/2025_10_21_RSFB-Phenotyping_GG1_JLU/20251021_132410.jpg,plot_f2d1927adea1c1163e2a,plot_04441862d5c5dd0b49cc,28.0,21.0,15.0,8.0,0.000342465762514621
2025_10_21_RSFB-Phenotyping_GG1_JLU/2025_10_21_RSFB-Phenotyping_GG1_JLU/20251021_125339.jpg,2025_10_21_RSFB-Phenotyping_GG1_JLU/2025_10_21_RSFB-Phenotyping_GG1_JLU/20251021_124500.jpg,plot_f2d1927adea1c1163e2a,plot_ea75df3b909465cef7b1,28.0,21.0,5.0,12.0,0.000342465762514621
2025_10_21_RSFB-Phenotyping_GG1_JLU/2025_10_21_RSFB-Phenotyping_GG1_JLU/20251021_125339.jpg,2025_10_21_RSFB-Phenotyping_GG1_JLU/2025_10_21_RSFB-Phenotyping_GG1_JLU/20251021_153832.jpg,plot_f2d1927adea1c1163e2a,plot_64e19f5de9c116d1fbb6,28.0,21.0,4.0,14.0,0.000342465762514621
2025_10_21_RSFB-Phenotyping_GG1_JLU/2025_10_21_RSFB-Phenotyping_GG1_JLU/20251021_125339.jpg,2025_10_21_RSFB-Phenotyping_GG1_JLU/2025_10_21_RSFB-Phenotyping_GG1_JLU/20251021_155302.jpg,plot_f2d1927adea1c1163e2a,plot_cb17d6bcad8ffccbde51,28.0,21.0,1.0,10.5,0.000342465762514621
2025_10_21_RSFB-Phenotyping_GG1_JLU/2025_10_21_RSFB-Phenotyping_GG1_JLU/20251021_125339.jpg,2025_10_21_RSFB-Phenotyping_GG1_JLU/2025_10_21_RSFB-Phenotyping_GG1_JLU/20251021_155233.jpg,plot_f2d1927adea1c1163e2a,plot_ae2984dd48723bc500ae,28.0,21.0,8.0,14.5,0.000342465762514621
2025_10_21_RSFB-Phenotyping_GG1_JLU/2025_10_21_RSFB-Phenotyping_GG1_JLU/20251021_125339.jpg,2025_10_21_RSFB-Phenotyping_GG1_JLU/2025_10_21_RSFB-Phenotyping_GG1_JLU/20251021_151432.jpg,plot_f2d1927adea1c1163e2a,plot_f19419da98fe0824600a,28.0,21.0,2.0,12.5,0.000342465762514621
2025_10_21_RSFB-Phenotyping_GG1_JLU/2025_10_21_RSFB-Phenotyping_GG1_JLU/20251021_125339.jpg,2025_10_21_RSFB-Phenotyping_GG1_JLU/2025_10_21_RSFB-Phenotyping_GG1_JLU/20251021_122823.jpg,plot_f2d1927adea1c1163e2a,plot_5143cf8e4865a2e2e3c7,28.0,21.0,15.0,7.0,0.000342465762514621
2025_10_21_RSFB-Phenotyping_GG1_JLU/2025_10_21_RSFB-Phenotyping_GG1_JLU/20251021_125339.jpg,2025_10_21_RSFB-Phenotyping_GG1_JLU/2025_10_21_RSFB-Phenotyping_GG1_JLU/20251021_161840.jpg,plot_f2d1927adea1c1163e2a,plot_fb549f03aaaa145785c8,28.0,21.0,3.0,13.0,0.000342465762514621
2025_10_21_RSFB-Phenotyping_GG1_JLU/2025_10_21_RSFB-Phenotyping_GG1_JLU/20251021_125339.jpg,2025_10_21_RSFB-Phenotyping_GG1_JLU/2025_10_21_RSFB-Phenotyping_GG1_JLU/20251021_121126.jpg,plot_f2d1927adea1c1163e2a,plot_a7714d1b769d45a9b00a,28.0,21.0,2.0,14.5,0.000342465762514621
2025_10_21_RSFB-Phenotyping_GG1_JLU/2025_10_21_RSFB-Phenotyping_GG1_JLU/20251021_125339.jpg,2025_10_21_RSFB-Phenotyping_GG1_JLU/2025_10_21_RSFB-Phenotyping_GG1_JLU/20251021_132342.jpg,plot_f2d1927adea1c1163e2a,plot_df712240205f755d4453,28.0,21.0,12.0,2.5,0.000342465762514621
2025_10_21_RSFB-Phenotyping_GG1_JLU/2025_10_21_RSFB-Phenotyping_GG1_JLU/20251021_125339.jpg,2025_10_21_RSFB-Phenotyping_GG1_JLU/2025_10_21_RSFB-Phenotyping_GG1_JLU/20251021_154509.jpg,plot_f2d1927adea1c1163e2a,plot_a2c6a5fd1e9b0c0d5868,28.0,21.0,13.0,6.0,0.000342465762514621
2025_10_21_RSFB-Phenotyping_GG1_JLU/2025_10_21_RSFB-Phenotyping_GG1_JLU/20251021_125339.jpg,2025_10_21_RSFB-Phenotyping_GG1_JLU/2025_10_21_RSFB-Phenotyping_GG1_JLU/20251021_160003.jpg,plot_f2d1927adea1c1163e2a,plot_70e089493510c6f73a3d,28.0,21.0,15.0,7.0,0.000342465762514621
2025_10_21_RSFB-Phenotyping_GG1_JLU/2025_10_21_RSFB-Phenotyping_GG1_JLU/20251021_125339.jpg,2025_10_21_RSFB-Phenotyping_GG1_JLU/2025_10_21_RSFB-Phenotyping_GG1_JLU/20251021_151642.jpg,plot_f2d1927adea1c1163e2a,plot_f61b29267fecc01648f8,28.0,21.0,10.0,4.5,0.000342465762514621
2025_10_21_RSFB-Phenotyping_GG1_JLU/2025_10_21_RSFB-Phenotyping_GG1_JLU/20251021_151720.jpg,2025_10_21_RSFB-Phenotyping_GG1_JLU/2025_10_21_RSFB-Phenotyping_GG1_JLU/20251021_133018.jpg,plot_ce932a71c76948e73ade,plot_29ad4a9860449a68b25f,40.0,27.0,15.0,6.5,0.000342465762514621
2025_10_21_RSFB-Phenotyping_GG1_JLU/2025_10_21_RSFB-Phenotyping_GG1_JLU/20251021_151720.jpg,2025_10_21_RSFB-Phenotyping_GG1_JLU/2025_10_21_RSFB-Phenotyping_GG1_JLU/20251021_155137.jpg,plot_ce932a71c76948e73ade,plot_7ff767c1ada4e85b6156,40.0,27.0,20.0,11.5,0.000342465762514621
2025_10_21_RSFB-Phenotyping_GG1_JLU/2025_10_21_RSFB-Phenotyping_GG1_JLU/20251021_151720.jpg,2025_10_21_RSFB-Phenotyping_GG1_JLU/2025_10_21_RSFB-Phenotyping_GG1_JLU/20251021_162116.jpg,plot_ce932a71c76948e73ade,plot_60d8a72fe06bef6e6da4,40.0,27.0,3.0,11.399999618530273,0.000342465762514621
2025_10_21_RSFB-Phenotyping_GG1_JLU/2025_10_21_RSFB-Phenotyping_GG1_JLU/20251021_151720.jpg,2025_10_21_RSFB-Phenotyping_GG1_JLU/2025_10_21_RSFB-Phenotyping_GG1_JLU/20251021_132050.jpg,plot_ce932a71c76948e73ade,plot_a2622f860df5cef3e355,40.0,27.0,15.0,5.5,0.000342465762514621
2025_10_21_RSFB-Phenotyping_GG1_JLU/2025_10_21_RSFB-Phenotyping_GG1_JLU/20251021_151720.jpg,2025_10_21_RSFB-Phenotyping_GG1_JLU/2025_10_21_RSFB-Phenotyping_GG1_JLU/20251021_121951.jpg,plot_ce932a71c76948e73ade,plot_fc292ac3221828037f2a,40.0,27.0,20.0,13.5,0.000342465762514621
2025_10_21_RSFB-Phenotyping_GG1_JLU/2025_10_21_RSFB-Phenotyping_GG1_JLU/20251021_151720.jpg,2025_10_21_RSFB-Phenotyping_GG1_JLU/2025_10_21_RSFB-Phenotyping_GG1_JLU/20251021_130128.jpg,plot_ce932a71c76948e73ade,plot_77196a9ec72c575b5b40,40.0,27.0,10.0,4.5,0.000342465762514621
2025_10_21_RSFB-Phenotyping_GG1_JLU/2025_10_21_RSFB-Phenotyping_GG1_JLU/20251021_151720.jpg,2025_10_21_RSFB-Phenotyping_GG1_JLU/2025_10_21_RSFB-Phenotyping_GG1_JLU/20251021_153931.jpg,plot_ce932a71c76948e73ade,plot_1b85c4977624caa5e831,40.0,27.0,20.0,7.5,0.000342465762514621
2025_10_21_RSFB-Phenotyping_GG1_JLU/2025_10_21_RSFB-Phenotyping_GG1_JLU/20251021_151720.jpg,2025_10_21_RSFB-Phenotyping_GG1_JLU/2025_10_21_RSFB-Phenotyping_GG1_JLU/20251021_151921.jpg,plot_ce932a71c76948e73ade,plot_6ca7eb46f81c9ecf993b,40.0,27.0,20.0,12.0,0.000342465762514621
2025_10_21_RSFB-Phenotyping_GG1_JLU/2025_10_21_RSFB-Phenotyping_GG1_JLU/20251021_151720.jpg,2025_10_21_RSFB-Phenotyping_GG1_JLU/2025_10_21_RSFB-Phenotyping_GG1_JLU/20251021_125431.jpg,plot_ce932a71c76948e73ade,plot_ccfe1e329b419e50732e,40.0,27.0,13.0,3.0,0.000342465762514621
2025_10_21_RSFB-Phenotyping_GG1_JLU/2025_10_21_RSFB-Phenotyping_GG1_JLU/20251021_151720.jpg,2025_10_21_RSFB-Phenotyping_GG1_JLU/2025_10_21_RSFB-Phenotyping_GG1_JLU/20251021_123732.jpg,plot_ce932a71c76948e73ade,plot_df82b24c1834a891c644,40.0,27.0,20.0,13.5,0.000342465762514621
2025_10_21_RSFB-Phenotyping_GG1_JLU/2025_10_21_RSFB-Phenotyping_GG1_JLU/20251021_151720.jpg,2025_10_21_RSFB-Phenotyping_GG1_JLU/2025_10_21_RSFB-Phenotyping_GG1_JLU/20251021_132410.jpg,plot_ce932a71c76948e73ade,plot_04441862d5c5dd0b49cc,40.0,27.0,15.0,8.0,0.000342465762514621
2025_10_21_RSFB-Phenotyping_GG1_JLU/2025_10_21_RSFB-Phenotyping_GG1_JLU/20251021_151720.jpg,2025_10_21_RSFB-Phenotyping_GG1_JLU/2025_10_21_RSFB-Phenotyping_GG1_JLU/20251021_125423.jpg,plot_ce932a71c76948e73ade,plot_ccfe1e329b419e50732e,40.0,27.0,20.0,13.0,0.000342465762514621
2025_10_21_RSFB-Phenotyping_GG1_JLU/2025_10_21_RSFB-Phenotyping_GG1_JLU/20251021_151720.jpg,2025_10_21_RSFB-Phenotyping_GG1_JLU/2025_10_21_RSFB-Phenotyping_GG1_JLU/20251021_160714.jpg,plot_ce932a71c76948e73ade,plot_ea99039aeae06bdc085a,40.0,27.0,1.0,13.0,0.000342465762514621
2025_10_21_RSFB-Phenotyping_GG1_JLU/2025_10_21_RSFB-Phenotyping_GG1_JLU/20251021_151720.jpg,2025_10_21_RSFB-Phenotyping_GG1_JLU/2025_10_21_RSFB-Phenotyping_GG1_JLU/20251021_161857.jpg,plot_ce932a71c76948e73ade,plot_490a77dae7954530a2a4,40.0,27.0,5.0,13.300000190734863,0.000342465762514621
2025_10_21_RSFB-Phenotyping_GG1_JLU/2025_10_21_RSFB-Phenotyping_GG1_JLU/20251021_151720.jpg,2025_10_21_RSFB-Phenotyping_GG1_JLU/2025_10_21_RSFB-Phenotyping_GG1_JLU/20251021_155857.jpg,plot_ce932a71c76948e73ade,plot_e898a4d9ed85e24ff050,40.0,27.0,12.0,18.5,0.000342465762514621
2025_10_21_RSFB-Phenotyping_GG1_JLU/2025_10_21_RSFB-Phenotyping_GG1_JLU/20251021_151720.jpg,2025_10_21_RSFB-Phenotyping_GG1_JLU/2025_10_21_RSFB-Phenotyping_GG1_JLU/20251021_160515.jpg,plot_ce932a71c76948e73ade,plot_515f3eae0107bd86c13e,40.0,27.0,15.0,7.0,0.000342465762514621
2025_10_21_RSFB-Phenotyping_GG1_JLU/2025_10_21_RSFB-Phenotyping_GG1_JLU/20251021_151720.jpg,2025_10_21_RSFB-Phenotyping_GG1_JLU/2025_10_21_RSFB-Phenotyping_GG1_JLU/20251021_153759.jpg,plot_ce932a71c76948e73ade,plot_6eb12f9531516cbd1434,40.0,27.0,20.0,11.5,0.000342465762514621
2025_10_21_RSFB-Phenotyping_GG1_JLU/2025_10_21_RSFB-Phenotyping_GG1_JLU/20251021_151720.jpg,2025_10_21_RSFB-Phenotyping_GG1_JLU/2025_10_21_RSFB-Phenotyping_GG1_JLU/20251021_160301.jpg,plot_ce932a71c76948e73ade,plot_80ee42a305b824b5337d,40.0,27.0,2.0,12.5,0.000342465762514621
2025_10_21_RSFB-Phenotyping_GG1_JLU/2025_10_21_RSFB-Phenotyping_GG1_JLU/20251021_151720.jpg,2025_10_21_RSFB-Phenotyping_GG1_JLU/2025_10_21_RSFB-Phenotyping_GG1_JLU/20251021_130737.jpg,plot_ce932a71c76948e73ade,plot_4c9e8c4301206d84387b,40.0,27.0,13.0,2.0,0.000342465762514621
2025_10_21_RSFB-Phenotyping_GG1_JLU/2025_10_21_RSFB-Phenotyping_GG1_JLU/20251021_151720.jpg,2025_10_21_RSFB-Phenotyping_GG1_JLU/2025_10_21_RSFB-Phenotyping_GG1_JLU/20251021_153940.jpg,plot_ce932a71c76948e73ade,plot_1b85c4977624caa5e831,40.0,27.0,20.0,10.5,0.000342465762514621
2025_10_21_RSFB-Phenotyping_GG1_JLU/2025_10_21_RSFB-Phenotyping_GG1_JLU/20251021_151720.jpg,2025_10_21_RSFB-Phenotyping_GG1_JLU/2025_10_21_RSFB-Phenotyping_GG1_JLU/20251021_155302.jpg,plot_ce932a71c76948e73ade,plot_cb17d6bcad8ffccbde51,40.0,27.0,1.0,10.5,0.000342465762514621
2025_10_21_RSFB-Phenotyping_GG1_JLU/2025_10_21_RSFB-Phenotyping_GG1_JLU/20251021_151720.jpg,2025_10_21_RSFB-Phenotyping_GG1_JLU/2025_10_21_RSFB-Phenotyping_GG1_JLU/20251021_121353.jpg,plot_ce932a71c76948e73ade,plot_9594a1cc971fd111a051,40.0,27.0,7.0,19.5,0.000342465762514621
2025_10_21_RSFB-Phenotyping_GG1_JLU/2025_10_21_RSFB-Phenotyping_GG1_JLU/20251021_151720.jpg,2025_10_21_RSFB-Phenotyping_GG1_JLU/2025_10_21_RSFB-Phenotyping_GG1_JLU/20251021_162544.jpg,plot_ce932a71c76948e73ade,plot_f2bc805c9b8565c243bf,40.0,27.0,20.0,12.5,0.000342465762514621
2025_10_21_RSFB-Phenotyping_GG1_JLU/2025_10_21_RSFB-Phenotyping_GG1_JLU/20251021_151720.jpg,2025_10_21_RSFB-Phenotyping_GG1_JLU/2025_10_21_RSFB-Phenotyping_GG1_JLU/20251021_151915.jpg,plot_ce932a71c76948e73ade,plot_6ca7eb46f81c9ecf993b,40.0,27.0,12.0,5.5,0.000342465762514621
2025_10_21_RSFB-Phenotyping_GG1_JLU/2025_10_21_RSFB-Phenotyping_GG1_JLU/20251021_151720.jpg,2025_10_21_RSFB-Phenotyping_GG1_JLU/2025_10_21_RSFB-Phenotyping_GG1_JLU/20251021_155912.jpg,plot_ce932a71c76948e73ade,plot_e898a4d9ed85e24ff050,40.0,27.0,20.0,11.5,0.000342465762514621
2025_10_21_RSFB-Phenotyping_GG1_JLU/2025_10_21_RSFB-Phenotyping_GG1_JLU/20251021_151720.jpg,2025_10_21_RSFB-Phenotyping_GG1_JLU/2025_10_21_RSFB-Phenotyping_GG1_JLU/20251021_132236.jpg,plot_ce932a71c76948e73ade,plot_f2f9919fc7afb87da28e,40.0,27.0,20.0,6.5,0.000342465762514621
2025_10_21_RSFB-Phenotyping_GG1_JLU/2025_10_21_RSFB-Phenotyping_GG1_JLU/20251021_151720.jpg,2025_10_21_RSFB-Phenotyping_GG1_JLU/2025_10_21_RSFB-Phenotyping_GG1_JLU/20251021_122752.jpg,plot_ce932a71c76948e73ade,plot_643644993e9d28503809,40.0,27.0,20.0,13.5,0.000342465762514621
2025_10_21_RSFB-Phenotyping_GG1_JLU/2025_10_21_RSFB-Phenotyping_GG1_JLU/20251021_151720.jpg,2025_10_21_RSFB-Phenotyping_GG1_JLU/2025_10_21_RSFB-Phenotyping_GG1_JLU/20251021_131411.jpg,plot_ce932a71c76948e73ade,plot_e26908bc9222e28c92ff,40.0,27.0,15.0,4.5,0.000342465762514621
2025_10_21_RSFB-Phenotyping_GG1_JLU/2025_10_21_RSFB-Phenotyping_GG1_JLU/20251021_151720.jpg,2025_10_21_RSFB-Phenotyping_GG1_JLU/2025_10_21_RSFB-Phenotyping_GG1_JLU/20251021_131548.jpg,plot_ce932a71c76948e73ade,plot_9b8bbe6f8d57fa8f84f0,40.0,27.0,20.0,12.5,0.000342465762514621
2025_10_21_RSFB-Phenotyping_GG1_JLU/2025_10_21_RSFB-Phenotyping_GG1_JLU/20251021_151720.jpg,2025_10_21_RSFB-Phenotyping_GG1_JLU/2025_10_21_RSFB-Phenotyping_GG1_JLU/20251021_124648.jpg,plot_ce932a71c76948e73ade,plot_85463dcf1e4272fe283b,40.0,27.0,18.0,10.5,0.000342465762514621
2025_10_21_RSFB-Phenotyping_GG1_JLU/2025_10_21_RSFB-Phenotyping_GG1_JLU/20251021_151720.jpg,2025_10_21_RSFB-Phenotyping_GG1_JLU/2025_10_21_RSFB-Phenotyping_GG1_JLU/20251021_123930.jpg,plot_ce932a71c76948e73ade,plot_57717e3cb06d560f3a82,40.0,27.0,18.0,12.0,0.000342465762514621
2025_10_21_RSFB-Phenotyping_GG1_JLU/2025_10_21_RSFB-Phenotyping_GG1_JLU/20251021_151720.jpg,2025_10_21_RSFB-Phenotyping_GG1_JLU/2025_10_21_RSFB-Phenotyping_GG1_JLU/20251021_162830.jpg,plot_ce932a71c76948e73ade,plot_bea3390e83dfe4b9a220,40.0,27.0,15.0,8.5,0.000342465762514621
2025_10_21_RSFB-Phenotyping_GG1_JLU/2025_10_21_RSFB-Phenotyping_GG1_JLU/20251021_151720.jpg,2025_10_21_RSFB-Phenotyping_GG1_JLU/2025_10_21_RSFB-Phenotyping_GG1_JLU/20251021_155249.jpg,plot_ce932a71c76948e73ade,plot_ae2984dd48723bc500ae,40.0,27.0,15.0,21.5,0.000342465762514621
2025_10_21_RSFB-Phenotyping_GG1_JLU/2025_10_21_RSFB-Phenotyping_GG1_JLU/20251021_151720.jpg,2025_10_21_RSFB-Phenotyping_GG1_JLU/2025_10_21_RSFB-Phenotyping_GG1_JLU/20251021_121113.jpg,plot_ce932a71c76948e73ade,plot_a7714d1b769d45a9b00a,40.0,27.0,2.0,10.0,0.000342465762514621
2025_10_21_RSFB-Phenotyping_GG1_JLU/2025_10_21_RSFB-Phenotyping_GG1_JLU/20251021_151720.jpg,2025_10_21_RSFB-Phenotyping_GG1_JLU/2025_10_21_RSFB-Phenotyping_GG1_JLU/20251021_130600.jpg,plot_ce932a71c76948e73ade,plot_e6262167b576884b0c82,40.0,27.0,16.0,7.0,0.000342465762514621
2025_10_21_RSFB-Phenotyping_GG1_JLU/2025_10_21_RSFB-Phenotyping_GG1_JLU/20251021_151720.jpg,2025_10_21_RSFB-Phenotyping_GG1_JLU/2025_10_21_RSFB-Phenotyping_GG1_JLU/20251021_162616.jpg,plot_ce932a71c76948e73ade,plot_49366699fc79f58ef04c,40.0,27.0,20.0,13.5,0.000342465762514621
2025_10_21_RSFB-Phenotyping_GG1_JLU/2025_10_21_RSFB-Phenotyping_GG1_JLU/20251021_151720.jpg,2025_10_21_RSFB-Phenotyping_GG1_JLU/2025_10_21_RSFB-Phenotyping_GG1_JLU/20251021_154600.jpg,plot_ce932a71c76948e73ade,plot_4e86e4b5f5250965a8a9,40.0,27.0,20.0,8.5,0.000342465762514621
2025_10_21_RSFB-Phenotyping_GG1_JLU/2025_10_21_RSFB-Phenotyping_GG1_JLU/20251021_151720.jpg,2025_10_21_RSFB-Phenotyping_GG1_JLU/2025_10_21_RSFB-Phenotyping_GG1_JLU/20251021_122022.jpg,plot_ce932a71c76948e73ade,plot_de57345dfd586882f461,40.0,27.0,15.0,21.0,0.000342465762514621
2025_10_21_RSFB-Phenotyping_GG1_JLU/2025_10_21_RSFB-Phenotyping_GG1_JLU/20251021_151720.jpg,2025_10_21_RSFB-Phenotyping_GG1_JLU/2025_10_21_RSFB-Phenotyping_GG1_JLU/20251021_132342.jpg,plot_ce932a71c76948e73ade,plot_df712240205f755d4453,40.0,27.0,12.0,2.5,0.000342465762514621
2025_10_21_RSFB-Phenotyping_GG1_JLU/2025_10_21_RSFB-Phenotyping_GG1_JLU/20251021_151720.jpg,2025_10_21_RSFB-Phenotyping_GG1_JLU/2025_10_21_RSFB-Phenotyping_GG1_JLU/20251021_121126.jpg,plot_ce932a71c76948e73ade,plot_a7714d1b769d45a9b00a,40.0,27.0,2.0,14.5,0.000342465762514621
2025_10_21_RSFB-Phenotyping_GG1_JLU/2025_10_21_RSFB-Phenotyping_GG1_JLU/20251021_130430.jpg,2025_10_21_RSFB-Phenotyping_GG1_JLU/2025_10_21_RSFB-Phenotyping_GG1_JLU/20251021_151642.jpg,plot_8390a5f10d833e2ab881,plot_f61b29267fecc01648f8,45.0,16.5,10.0,4.5,0.001956947147846222
2025_10_21_RSFB-Phenotyping_GG1_JLU/2025_10_21_RSFB-Phenotyping_GG1_JLU/20251021_130430.jpg,2025_10_21_RSFB-Phenotyping_GG1_JLU/2025_10_21_RSFB-Phenotyping_GG1_JLU/20251021_131419.jpg,plot_8390a5f10d833e2ab881,plot_e26908bc9222e28c92ff,45.0,16.5,10.0,4.5,0.001956947147846222
2025_10_21_RSFB-Phenotyping_GG1_JLU/2025_10_21_RSFB-Phenotyping_GG1_JLU/20251021_130430.jpg,2025_10_21_RSFB-Phenotyping_GG1_JLU/2025_10_21_RSFB-Phenotyping_GG1_JLU/20251021_121113.jpg,plot_8390a5f10d833e2ab881,plot_a7714d1b769d45a9b00a,45.0,16.5,2.0,10.0,0.001956947147846222
2025_10_21_RSFB-Phenotyping_GG1_JLU/2025_10_21_RSFB-Phenotyping_GG1_JLU/20251021_130430.jpg,2025_10_21_RSFB-Phenotyping_GG1_JLU/2025_10_21_RSFB-Phenotyping_GG1_JLU/20251021_162116.jpg,plot_8390a5f10d833e2ab881,plot_60d8a72fe06bef6e6da4,45.0,16.5,3.0,11.399999618530273,0.001956947147846222
2025_10_21_RSFB-Phenotyping_GG1_JLU/2025_10_21_RSFB-Phenotyping_GG1_JLU/20251021_130430.jpg,2025_10_21_RSFB-Phenotyping_GG1_JLU/2025_10_21_RSFB-Phenotyping_GG1_JLU/20251021_124358.jpg,plot_8390a5f10d833e2ab881,plot_e77622de4cce1b168140,45.0,16.5,3.0,11.0,0.001956947147846222
2025_10_21_RSFB-Phenotyping_GG1_JLU/2025_10_21_RSFB-Phenotyping_GG1_JLU/20251021_130430.jpg,2025_10_21_RSFB-Phenotyping_GG1_JLU/2025_10_21_RSFB-Phenotyping_GG1_JLU/20251021_132424.jpg,plot_8390a5f10d833e2ab881,plot_04441862d5c5dd0b49cc,45.0,16.5,10.0,2.5,0.001956947147846222
2025_10_21_RSFB-Phenotyping_GG1_JLU/2025_10_21_RSFB-Phenotyping_GG1_JLU/20251021_130430.jpg,2025_10_21_RSFB-Phenotyping_GG1_JLU/2025_10_21_RSFB-Phenotyping_GG1_JLU/20251021_130128.jpg,plot_8390a5f10d833e2ab881,plot_77196a9ec72c575b5b40,45.0,16.5,10.0,4.5,0.001956947147846222
2025_10_21_RSFB-Phenotyping_GG1_JLU/2025_10_21_RSFB-Phenotyping_GG1_JLU/20251021_162436.jpg,2025_10_21_RSFB-Phenotyping_GG1_JLU/2025_10_21_RSFB-Phenotyping_GG1_JLU/20251021_132424.jpg,plot_c5f6ade31ccb24b8c353,plot_04441862d5c5dd0b49cc,35.0,16.399999618530273,10.0,2.5,0.002739726100116968
2025_10_21_RSFB-Phenotyping_GG1_JLU/2025_10_21_RSFB-Phenotyping_GG1_JLU/20251021_162436.jpg,2025_10_21_RSFB-Phenotyping_GG1_JLU/2025_10_21_RSFB-Phenotyping_GG1_JLU/20251021_124358.jpg,plot_c5f6ade31ccb24b8c353,plot_e77622de4cce1b168140,35.0,16.399999618530273,3.0,11.0,0.002739726100116968
2025_10_21_RSFB-Phenotyping_GG1_JLU/2025_10_21_RSFB-Phenotyping_GG1_JLU/20251021_162436.jpg,2025_10_21_RSFB-Phenotyping_GG1_JLU/2025_10_21_RSFB-Phenotyping_GG1_JLU/20251021_151642.jpg,plot_c5f6ade31ccb24b8c353,plot_f61b29267fecc01648f8,35.0,16.399999618530273,10.0,4.5,0.002739726100116968
2025_10_21_RSFB-Phenotyping_GG1_JLU/2025_10_21_RSFB-Phenotyping_GG1_JLU/20251021_162436.jpg,2025_10_21_RSFB-Phenotyping_GG1_JLU/2025_10_21_RSFB-Phenotyping_GG1_JLU/20251021_121113.jpg,plot_c5f6ade31ccb24b8c353,plot_a7714d1b769d45a9b00a,35.0,16.399999618530273,2.0,10.0,0.002739726100116968
2025_10_21_RSFB-Phenotyping_GG1_JLU/2025_10_21_RSFB-Phenotyping_GG1_JLU/20251021_162436.jpg,2025_10_21_RSFB-Phenotyping_GG1_JLU/2025_10_21_RSFB-Phenotyping_GG1_JLU/20251021_131419.jpg,plot_c5f6ade31ccb24b8c353,plot_e26908bc9222e28c92ff,35.0,16.399999618530273,10.0,4.5,0.002739726100116968
2025_10_21_RSFB-Phenotyping_GG1_JLU/2025_10_21_RSFB-Phenotyping_GG1_JLU/20251021_155612.jpg,2025_10_21_RSFB-Phenotyping_GG1_JLU/2025_10_21_RSFB-Phenotyping_GG1_JLU/20251021_161840.jpg,plot_2fa07072cfe412c346ed,plot_fb549f03aaaa145785c8,25.0,18.5,3.0,13.0,0.0006226649857126176
2025_10_21_RSFB-Phenotyping_GG1_JLU/2025_10_21_RSFB-Phenotyping_GG1_JLU/20251021_155612.jpg,2025_10_21_RSFB-Phenotyping_GG1_JLU/2025_10_21_RSFB-Phenotyping_GG1_JLU/20251021_130737.jpg,plot_2fa07072cfe412c346ed,plot_4c9e8c4301206d84387b,25.0,18.5,13.0,2.0,0.0006226649857126176
2025_10_21_RSFB-Phenotyping_GG1_JLU/2025_10_21_RSFB-Phenotyping_GG1_JLU/20251021_155612.jpg,2025_10_21_RSFB-Phenotyping_GG1_JLU/2025_10_21_RSFB-Phenotyping_GG1_JLU/20251021_161857.jpg,plot_2fa07072cfe412c346ed,plot_490a77dae7954530a2a4,25.0,18.5,5.0,13.300000190734863,0.0006226649857126176
2025_10_21_RSFB-Phenotyping_GG1_JLU/2025_10_21_RSFB-Phenotyping_GG1_JLU/20251021_155612.jpg,2025_10_21_RSFB-Phenotyping_GG1_JLU/2025_10_21_RSFB-Phenotyping_GG1_JLU/20251021_132801.jpg,plot_2fa07072cfe412c346ed,plot_b2decf1cbf56bcdc6d32,25.0,18.5,3.0,12.5,0.0006226649857126176
2025_10_21_RSFB-Phenotyping_GG1_JLU/2025_10_21_RSFB-Phenotyping_GG1_JLU/20251021_155612.jpg,2025_10_21_RSFB-Phenotyping_GG1_JLU/2025_10_21_RSFB-Phenotyping_GG1_JLU/20251021_124500.jpg,plot_2fa07072cfe412c346ed,plot_ea75df3b909465cef7b1,25.0,18.5,5.0,12.0,0.0006226649857126176
2025_10_21_RSFB-Phenotyping_GG1_JLU/2025_10_21_RSFB-Phenotyping_GG1_JLU/20251021_155612.jpg,2025_10_21_RSFB-Phenotyping_GG1_JLU/2025_10_21_RSFB-Phenotyping_GG1_JLU/20251021_125439.jpg,plot_2fa07072cfe412c346ed,plot_ccfe1e329b419e50732e,25.0,18.5,13.0,6.5,0.0006226649857126176
2025_10_21_RSFB-Phenotyping_GG1_JLU/2025_10_21_RSFB-Phenotyping_GG1_JLU/20251021_155612.jpg,2025_10_21_RSFB-Phenotyping_GG1_JLU/2025_10_21_RSFB-Phenotyping_GG1_JLU/20251021_154509.jpg,plot_2fa07072cfe412c346ed,plot_a2c6a5fd1e9b0c0d5868,25.0,18.5,13.0,6.0,0.0006226649857126176
2025_10_21_RSFB-Phenotyping_GG1_JLU/2025_10_21_RSFB-Phenotyping_GG1_JLU/20251021_155612.jpg,2025_10_21_RSFB-Phenotyping_GG1_JLU/2025_10_21_RSFB-Phenotyping_GG1_JLU/20251021_125431.jpg,plot_2fa07072cfe412c346ed,plot_ccfe1e329b419e50732e,25.0,18.5,13.0,3.0,0.0006226649857126176
2025_10_21_RSFB-Phenotyping_GG1_JLU/2025_10_21_RSFB-Phenotyping_GG1_JLU/20251021_155612.jpg,2025_10_21_RSFB-Phenotyping_GG1_JLU/2025_10_21_RSFB-Phenotyping_GG1_JLU/20251021_151432.jpg,plot_2fa07072cfe412c346ed,plot_f19419da98fe0824600a,25.0,18.5,2.0,12.5,0.0006226649857126176
2025_10_21_RSFB-Phenotyping_GG1_JLU/2025_10_21_RSFB-Phenotyping_GG1_JLU/20251021_155612.jpg,2025_10_21_RSFB-Phenotyping_GG1_JLU/2025_10_21_RSFB-Phenotyping_GG1_JLU/20251021_151915.jpg,plot_2fa07072cfe412c346ed,plot_6ca7eb46f81c9ecf993b,25.0,18.5,12.0,5.5,0.0006226649857126176
2025_10_21_RSFB-Phenotyping_GG1_JLU/2025_10_21_RSFB-Phenotyping_GG1_JLU/20251021_155612.jpg,2025_10_21_RSFB-Phenotyping_GG1_JLU/2025_10_21_RSFB-Phenotyping_GG1_JLU/20251021_161624.jpg,plot_2fa07072cfe412c346ed,plot_3361cc58e772149f169e,25.0,18.5,12.0,3.0,0.0006226649857126176
2025_10_21_RSFB-Phenotyping_GG1_JLU/2025_10_21_RSFB-Phenotyping_GG1_JLU/20251021_155612.jpg,2025_10_21_RSFB-Phenotyping_GG1_JLU/2025_10_21_RSFB-Phenotyping_GG1_JLU/20251021_121843.jpg,plot_2fa07072cfe412c346ed,plot_08853fb661302206a300,25.0,18.5,4.0,12.0,0.0006226649857126176
2025_10_21_RSFB-Phenotyping_GG1_JLU/2025_10_21_RSFB-Phenotyping_GG1_JLU/20251021_155612.jpg,2025_10_21_RSFB-Phenotyping_GG1_JLU/2025_10_21_RSFB-Phenotyping_GG1_JLU/20251021_123202.jpg,plot_2fa07072cfe412c346ed,plot_a3e331c4e6fce2b877bd,25.0,18.5,5.0,12.0,0.0006226649857126176
2025_10_21_RSFB-Phenotyping_GG1_JLU/2025_10_21_RSFB-Phenotyping_GG1_JLU/20251021_155612.jpg,2025_10_21_RSFB-Phenotyping_GG1_JLU/2025_10_21_RSFB-Phenotyping_GG1_JLU/20251021_124615.jpg,plot_2fa07072cfe412c346ed,plot_9e661ae87ec066049f1f,25.0,18.5,5.0,11.5,0.0006226649857126176
2025_10_21_RSFB-Phenotyping_GG1_JLU/2025_10_21_RSFB-Phenotyping_GG1_JLU/20251021_155612.jpg,2025_10_21_RSFB-Phenotyping_GG1_JLU/2025_10_21_RSFB-Phenotyping_GG1_JLU/20251021_161751.jpg,plot_2fa07072cfe412c346ed,plot_5ca84068b670156039bd,25.0,18.5,3.0,13.0,0.0006226649857126176
2025_10_21_RSFB-Phenotyping_GG1_JLU/2025_10_21_RSFB-Phenotyping_GG1_JLU/20251021_155612.jpg,2025_10_21_RSFB-Phenotyping_GG1_JLU/2025_10_21_RSFB-Phenotyping_GG1_JLU/20251021_132342.jpg,plot_2fa07072cfe412c346ed,plot_df712240205f755d4453,25.0,18.5,12.0,2.5,0.0006226649857126176
2025_10_21_RSFB-Phenotyping_GG1_JLU/2025_10_21_RSFB-Phenotyping_GG1_JLU/20251021_155612.jpg,2025_10_21_RSFB-Phenotyping_GG1_JLU/2025_10_21_RSFB-Phenotyping_GG1_JLU/20251021_160714.jpg,plot_2fa07072cfe412c346ed,plot_ea99039aeae06bdc085a,25.0,18.5,1.0,13.0,0.0006226649857126176
2025_10_21_RSFB-Phenotyping_GG1_JLU/2025_10_21_RSFB-Phenotyping_GG1_JLU/20251021_155612.jpg,2025_10_21_RSFB-Phenotyping_GG1_JLU/2025_10_21_RSFB-Phenotyping_GG1_JLU/20251021_155103.jpg,plot_2fa07072cfe412c346ed,plot_b499b14eca911be3b991,25.0,18.5,12.0,1.0,0.0006226649857126176
2025_10_21_RSFB-Phenotyping_GG1_JLU/2025_10_21_RSFB-Phenotyping_GG1_JLU/20251021_155612.jpg,2025_10_21_RSFB-Phenotyping_GG1_JLU/2025_10_21_RSFB-Phenotyping_GG1_JLU/20251021_160301.jpg,plot_2fa07072cfe412c346ed,plot_80ee42a305b824b5337d,25.0,18.5,2.0,12.5,0.0006226649857126176
2025_10_21_RSFB-Phenotyping_GG1_JLU/2025_10_21_RSFB-Phenotyping_GG1_JLU/20251021_155612.jpg,2025_10_21_RSFB-Phenotyping_GG1_JLU/2025_10_21_RSFB-Phenotyping_GG1_JLU/20251021_121113.jpg,plot_2fa07072cfe412c346ed,plot_a7714d1b769d45a9b00a,25.0,18.5,2.0,10.0,0.0006226649857126176
2025_10_21_RSFB-Phenotyping_GG1_JLU/2025_10_21_RSFB-Phenotyping_GG1_JLU/20251021_155612.jpg,2025_10_21_RSFB-Phenotyping_GG1_JLU/2025_10_21_RSFB-Phenotyping_GG1_JLU/20251021_162116.jpg,plot_2fa07072cfe412c346ed,plot_60d8a72fe06bef6e6da4,25.0,18.5,3.0,11.399999618530273,0.0006226649857126176
2025_10_21_RSFB-Phenotyping_GG1_JLU/2025_10_21_RSFB-Phenotyping_GG1_JLU/20251021_155612.jpg,2025_10_21_RSFB-Phenotyping_GG1_JLU/2025_10_21_RSFB-Phenotyping_GG1_JLU/20251021_124358.jpg,plot_2fa07072cfe412c346ed,plot_e77622de4cce1b168140,25.0,18.5,3.0,11.0,0.0006226649857126176
2025_10_21_RSFB-Phenotyping_GG1_JLU/2025_10_21_RSFB-Phenotyping_GG1_JLU/20251021_122432.jpg,2025_10_21_RSFB-Phenotyping_GG1_JLU/2025_10_21_RSFB-Phenotyping_GG1_JLU/20251021_121113.jpg,plot_be1d8e6b110e3e6f731b,plot_a7714d1b769d45a9b00a,50.0,15.5,2.0,10.0,0.0004566209972836077
2025_10_21_RSFB-Phenotyping_GG1_JLU/2025_10_21_RSFB-Phenotyping_GG1_JLU/20251021_123905.jpg,2025_10_21_RSFB-Phenotyping_GG1_JLU/2025_10_21_RSFB-Phenotyping_GG1_JLU/20251021_132342.jpg,plot_6a26c71c6fca68c5ae0f,plot_df712240205f755d4453,35.0,18.0,12.0,2.5,0.0010537407360970974
2025_10_21_RSFB-Phenotyping_GG1_JLU/2025_10_21_RSFB-Phenotyping_GG1_JLU/20251021_123905.jpg,2025_10_21_RSFB-Phenotyping_GG1_JLU/2025_10_21_RSFB-Phenotyping_GG1_JLU/20251021_124615.jpg,plot_6a26c71c6fca68c5ae0f,plot_9e661ae87ec066049f1f,35.0,18.0,5.0,11.5,0.0010537407360970974
2025_10_21_RSFB-Phenotyping_GG1_JLU/2025_10_21_RSFB-Phenotyping_GG1_JLU/20251021_123905.jpg,2025_10_21_RSFB-Phenotyping_GG1_JLU/2025_10_21_RSFB-Phenotyping_GG1_JLU/20251021_151915.jpg,plot_6a26c71c6fca68c5ae0f,plot_6ca7eb46f81c9ecf993b,35.0,18.0,12.0,5.5,0.0010537407360970974
2025_10_21_RSFB-Phenotyping_GG1_JLU/2025_10_21_RSFB-Phenotyping_GG1_JLU/20251021_123905.jpg,2025_10_21_RSFB-Phenotyping_GG1_JLU/2025_10_21_RSFB-Phenotyping_GG1_JLU/20251021_123202.jpg,plot_6a26c71c6fca68c5ae0f,plot_a3e331c4e6fce2b877bd,35.0,18.0,5.0,12.0,0.0010537407360970974
2025_10_21_RSFB-Phenotyping_GG1_JLU/2025_10_21_RSFB-Phenotyping_GG1_JLU/20251021_123905.jpg,2025_10_21_RSFB-Phenotyping_GG1_JLU/2025_10_21_RSFB-Phenotyping_GG1_JLU/20251021_132801.jpg,plot_6a26c71c6fca68c5ae0f,plot_b2decf1cbf56bcdc6d32,35.0,18.0,3.0,12.5,0.0010537407360970974
2025_10_21_RSFB-Phenotyping_GG1_JLU/2025_10_21_RSFB-Phenotyping_GG1_JLU/20251021_123905.jpg,2025_10_21_RSFB-Phenotyping_GG1_JLU/2025_10_21_RSFB-Phenotyping_GG1_JLU/20251021_161624.jpg,plot_6a26c71c6fca68c5ae0f,plot_3361cc58e772149f169e,35.0,18.0,12.0,3.0,0.0010537407360970974
2025_10_21_RSFB-Phenotyping_GG1_JLU/2025_10_21_RSFB-Phenotyping_GG1_JLU/20251021_123905.jpg,2025_10_21_RSFB-Phenotyping_GG1_JLU/2025_10_21_RSFB-Phenotyping_GG1_JLU/20251021_121843.jpg,plot_6a26c71c6fca68c5ae0f,plot_08853fb661302206a300,35.0,18.0,4.0,12.0,0.0010537407360970974
2025_10_21_RSFB-Phenotyping_GG1_JLU/2025_10_21_RSFB-Phenotyping_GG1_JLU/20251021_123905.jpg,2025_10_21_RSFB-Phenotyping_GG1_JLU/2025_10_21_RSFB-Phenotyping_GG1_JLU/20251021_124500.jpg,plot_6a26c71c6fca68c5ae0f,plot_ea75df3b909465cef7b1,35.0,18.0,5.0,12.0,0.0010537407360970974
2025_10_21_RSFB-Phenotyping_GG1_JLU/2025_10_21_RSFB-Phenotyping_GG1_JLU/20251021_123905.jpg,2025_10_21_RSFB-Phenotyping_GG1_JLU/2025_10_21_RSFB-Phenotyping_GG1_JLU/20251021_155103.jpg,plot_6a26c71c6fca68c5ae0f,plot_b499b14eca911be3b991,35.0,18.0,12.0,1.0,0.0010537407360970974
2025_10_21_RSFB-Phenotyping_GG1_JLU/2025_10_21_RSFB-Phenotyping_GG1_JLU/20251021_123905.jpg,2025_10_21_RSFB-Phenotyping_GG1_JLU/2025_10_21_RSFB-Phenotyping_GG1_JLU/20251021_162116.jpg,plot_6a26c71c6fca68c5ae0f,plot_60d8a72fe06bef6e6da4,35.0,18.0,3.0,11.399999618530273,0.0010537407360970974
2025_10_21_RSFB-Phenotyping_GG1_JLU/2025_10_21_RSFB-Phenotyping_GG1_JLU/20251021_123905.jpg,2025_10_21_RSFB-Phenotyping_GG1_JLU/2025_10_21_RSFB-Phenotyping_GG1_JLU/20251021_151432.jpg,plot_6a26c71c6fca68c5ae0f,plot_f19419da98fe0824600a,35.0,18.0,2.0,12.5,0.0010537407360970974
2025_10_21_RSFB-Phenotyping_GG1_JLU/2025_10_21_RSFB-Phenotyping_GG1_JLU/20251021_123905.jpg,2025_10_21_RSFB-Phenotyping_GG1_JLU/2025_10_21_RSFB-Phenotyping_GG1_JLU/20251021_160301.jpg,plot_6a26c71c6fca68c5ae0f,plot_80ee42a305b824b5337d,35.0,18.0,2.0,12.5,0.0010537407360970974
2025_10_21_RSFB-Phenotyping_GG1_JLU/2025_10_21_RSFB-Phenotyping_GG1_JLU/20251021_123905.jpg,2025_10_21_RSFB-Phenotyping_GG1_JLU/2025_10_21_RSFB-Phenotyping_GG1_JLU/20251021_124358.jpg,plot_6a26c71c6fca68c5ae0f,plot_e77622de4cce1b168140,35.0,18.0,3.0,11.0,0.0010537407360970974
2025_10_21_RSFB-Phenotyping_GG1_JLU/2025_10_21_RSFB-Phenotyping_GG1_JLU/20251021_131914.jpg,2025_10_21_RSFB-Phenotyping_GG1_JLU/2025_10_21_RSFB-Phenotyping_GG1_JLU/20251021_130737.jpg,plot_7ec5ebef6a9fa699215f,plot_4c9e8c4301206d84387b,45.0,19.0,13.0,2.0,0.0005955926026217639
2025_10_21_RSFB-Phenotyping_GG1_JLU/2025_10_21_RSFB-Phenotyping_GG1_JLU/20251021_131914.jpg,2025_10_21_RSFB-Phenotyping_GG1_JLU/2025_10_21_RSFB-Phenotyping_GG1_JLU/20251021_161857.jpg,plot_7ec5ebef6a9fa699215f,plot_490a77dae7954530a2a4,45.0,19.0,5.0,13.300000190734863,0.0005955926026217639
2025_10_21_RSFB-Phenotyping_GG1_JLU/2025_10_21_RSFB-Phenotyping_GG1_JLU/20251021_131914.jpg,2025_10_21_RSFB-Phenotyping_GG1_JLU/2025_10_21_RSFB-Phenotyping_GG1_JLU/20251021_154509.jpg,plot_7ec5ebef6a9fa699215f,plot_a2c6a5fd1e9b0c0d5868,45.0,19.0,13.0,6.0,0.0005955926026217639
2025_10_21_RSFB-Phenotyping_GG1_JLU/2025_10_21_RSFB-Phenotyping_GG1_JLU/20251021_131914.jpg,2025_10_21_RSFB-Phenotyping_GG1_JLU/2025_10_21_RSFB-Phenotyping_GG1_JLU/20251021_161840.jpg,plot_7ec5ebef6a9fa699215f,plot_fb549f03aaaa145785c8,45.0,19.0,3.0,13.0,0.0005955926026217639
2025_10_21_RSFB-Phenotyping_GG1_JLU/2025_10_21_RSFB-Phenotyping_GG1_JLU/20251021_131914.jpg,2025_10_21_RSFB-Phenotyping_GG1_JLU/2025_10_21_RSFB-Phenotyping_GG1_JLU/20251021_123202.jpg,plot_7ec5ebef6a9fa699215f,plot_a3e331c4e6fce2b877bd,45.0,19.0,5.0,12.0,0.0005955926026217639
2025_10_21_RSFB-Phenotyping_GG1_JLU/2025_10_21_RSFB-Phenotyping_GG1_JLU/20251021_131914.jpg,2025_10_21_RSFB-Phenotyping_GG1_JLU/2025_10_21_RSFB-Phenotyping_GG1_JLU/20251021_121843.jpg,plot_7ec5ebef6a9fa699215f,plot_08853fb661302206a300,45.0,19.0,4.0,12.0,0.0005955926026217639
2025_10_21_RSFB-Phenotyping_GG1_JLU/2025_10_21_RSFB-Phenotyping_GG1_JLU/20251021_131914.jpg,2025_10_21_RSFB-Phenotyping_GG1_JLU/2025_10_21_RSFB-Phenotyping_GG1_JLU/20251021_161751.jpg,plot_7ec5ebef6a9fa699215f,plot_5ca84068b670156039bd,45.0,19.0,3.0,13.0,0.0005955926026217639
2025_10_21_RSFB-Phenotyping_GG1_JLU/2025_10_21_RSFB-Phenotyping_GG1_JLU/20251021_131914.jpg,2025_10_21_RSFB-Phenotyping_GG1_JLU/2025_10_21_RSFB-Phenotyping_GG1_JLU/20251021_161624.jpg,plot_7ec5ebef6a9fa699215f,plot_3361cc58e772149f169e,45.0,19.0,12.0,3.0,0.0005955926026217639
2025_10_21_RSFB-Phenotyping_GG1_JLU/2025_10_21_RSFB-Phenotyping_GG1_JLU/20251021_131914.jpg,2025_10_21_RSFB-Phenotyping_GG1_JLU/2025_10_21_RSFB-Phenotyping_GG1_JLU/20251021_132801.jpg,plot_7ec5ebef6a9fa699215f,plot_b2decf1cbf56bcdc6d32,45.0,19.0,3.0,12.5,0.0005955926026217639
2025_10_21_RSFB-Phenotyping_GG1_JLU/2025_10_21_RSFB-Phenotyping_GG1_JLU/20251021_131914.jpg,2025_10_21_RSFB-Phenotyping_GG1_JLU/2025_10_21_RSFB-Phenotyping_GG1_JLU/20251021_162936.jpg,plot_7ec5ebef6a9fa699215f,plot_6b8f7220a8a82d322a40,45.0,19.0,2.0,13.5,0.0005955926026217639
2025_10_21_RSFB-Phenotyping_GG1_JLU/2025_10_21_RSFB-Phenotyping_GG1_JLU/20251021_131914.jpg,2025_10_21_RSFB-Phenotyping_GG1_JLU/2025_10_21_RSFB-Phenotyping_GG1_JLU/20251021_124615.jpg,plot_7ec5ebef6a9fa699215f,plot_9e661ae87ec066049f1f,45.0,19.0,5.0,11.5,0.0005955926026217639
2025_10_21_RSFB-Phenotyping_GG1_JLU/2025_10_21_RSFB-Phenotyping_GG1_JLU/20251021_131914.jpg,2025_10_21_RSFB-Phenotyping_GG1_JLU/2025_10_21_RSFB-Phenotyping_GG1_JLU/20251021_151432.jpg,plot_7ec5ebef6a9fa699215f,plot_f19419da98fe0824600a,45.0,19.0,2.0,12.5,0.0005955926026217639
2025_10_21_RSFB-Phenotyping_GG1_JLU/2025_10_21_RSFB-Phenotyping_GG1_JLU/20251021_131914.jpg,2025_10_21_RSFB-Phenotyping_GG1_JLU/2025_10_21_RSFB-Phenotyping_GG1_JLU/20251021_124500.jpg,plot_7ec5ebef6a9fa699215f,plot_ea75df3b909465cef7b1,45.0,19.0,5.0,12.0,0.0005955926026217639
2025_10_21_RSFB-Phenotyping_GG1_JLU/2025_10_21_RSFB-Phenotyping_GG1_JLU/20251021_131914.jpg,2025_10_21_RSFB-Phenotyping_GG1_JLU/2025_10_21_RSFB-Phenotyping_GG1_JLU/20251021_151915.jpg,plot_7ec5ebef6a9fa699215f,plot_6ca7eb46f81c9ecf993b,45.0,19.0,12.0,5.5,0.0005955926026217639
2025_10_21_RSFB-Phenotyping_GG1_JLU/2025_10_21_RSFB-Phenotyping_GG1_JLU/20251021_131914.jpg,2025_10_21_RSFB-Phenotyping_GG1_JLU/2025_10_21_RSFB-Phenotyping_GG1_JLU/20251021_160301.jpg,plot_7ec5ebef6a9fa699215f,plot_80ee42a305b824b5337d,45.0,19.0,2.0,12.5,0.0005955926026217639
2025_10_21_RSFB-Phenotyping_GG1_JLU/2025_10_21_RSFB-Phenotyping_GG1_JLU/20251021_131914.jpg,2025_10_21_RSFB-Phenotyping_GG1_JLU/2025_10_21_RSFB-Phenotyping_GG1_JLU/20251021_121246.jpg,plot_7ec5ebef6a9fa699215f,plot_09d8a533567043e69854,45.0,19.0,7.0,13.5,0.0005955926026217639
2025_10_21_RSFB-Phenotyping_GG1_JLU/2025_10_21_RSFB-Phenotyping_GG1_JLU/20251021_131914.jpg,2025_10_21_RSFB-Phenotyping_GG1_JLU/2025_10_21_RSFB-Phenotyping_GG1_JLU/20251021_125439.jpg,plot_7ec5ebef6a9fa699215f,plot_ccfe1e329b419e50732e,45.0,19.0,13.0,6.5,0.0005955926026217639
2025_10_21_RSFB-Phenotyping_GG1_JLU/2025_10_21_RSFB-Phenotyping_GG1_JLU/20251021_131914.jpg,2025_10_21_RSFB-Phenotyping_GG1_JLU/2025_10_21_RSFB-Phenotyping_GG1_JLU/20251021_160714.jpg,plot_7ec5ebef6a9fa699215f,plot_ea99039aeae06bdc085a,45.0,19.0,1.0,13.0,0.0005955926026217639
2025_10_21_RSFB-Phenotyping_GG1_JLU/2025_10_21_RSFB-Phenotyping_GG1_JLU/20251021_131914.jpg,2025_10_21_RSFB-Phenotyping_GG1_JLU/2025_10_21_RSFB-Phenotyping_GG1_JLU/20251021_125431.jpg,plot_7ec5ebef6a9fa699215f,plot_ccfe1e329b419e50732e,45.0,19.0,13.0,3.0,0.0005955926026217639
2025_10_21_RSFB-Phenotyping_GG1_JLU/2025_10_21_RSFB-Phenotyping_GG1_JLU/20251021_131914.jpg,2025_10_21_RSFB-Phenotyping_GG1_JLU/2025_10_21_RSFB-Phenotyping_GG1_JLU/20251021_155103.jpg,plot_7ec5ebef6a9fa699215f,plot_b499b14eca911be3b991,45.0,19.0,12.0,1.0,0.0005955926026217639
2025_10_21_RSFB-Phenotyping_GG1_JLU/2025_10_21_RSFB-Phenotyping_GG1_JLU/20251021_131914.jpg,2025_10_21_RSFB-Phenotyping_GG1_JLU/2025_10_21_RSFB-Phenotyping_GG1_JLU/20251021_124358.jpg,plot_7ec5ebef6a9fa699215f,plot_e77622de4cce1b168140,45.0,19.0,3.0,11.0,0.0005955926026217639
2025_10_21_RSFB-Phenotyping_GG1_JLU/2025_10_21_RSFB-Phenotyping_GG1_JLU/20251021_131914.jpg,2025_10_21_RSFB-Phenotyping_GG1_JLU/2025_10_21_RSFB-Phenotyping_GG1_JLU/20251021_162116.jpg,plot_7ec5ebef6a9fa699215f,plot_60d8a72fe06bef6e6da4,45.0,19.0,3.0,11.399999618530273,0.0005955926026217639
2025_10_21_RSFB-Phenotyping_GG1_JLU/2025_10_21_RSFB-Phenotyping_GG1_JLU/20251021_131914.jpg,2025_10_21_RSFB-Phenotyping_GG1_JLU/2025_10_21_RSFB-Phenotyping_GG1_JLU/20251021_132342.jpg,plot_7ec5ebef6a9fa699215f,plot_df712240205f755d4453,45.0,19.0,12.0,2.5,0.0005955926026217639
2025_10_21_RSFB-Phenotyping_GG1_JLU/2025_10_21_RSFB-Phenotyping_GG1_JLU/20251021_122808.jpg,2025_10_21_RSFB-Phenotyping_GG1_JLU/2025_10_21_RSFB-Phenotyping_GG1_JLU/20251021_132342.jpg,plot_643644993e9d28503809,plot_df712240205f755d4453,25.0,17.5,12.0,2.5,0.001369863050058484
2025_10_21_RSFB-Phenotyping_GG1_JLU/2025_10_21_RSFB-Phenotyping_GG1_JLU/20251021_122808.jpg,2025_10_21_RSFB-Phenotyping_GG1_JLU/2025_10_21_RSFB-Phenotyping_GG1_JLU/20251021_124500.jpg,plot_643644993e9d28503809,plot_ea75df3b909465cef7b1,25.0,17.5,5.0,12.0,0.001369863050058484
2025_10_21_RSFB-Phenotyping_GG1_JLU/2025_10_21_RSFB-Phenotyping_GG1_JLU/20251021_122808.jpg,2025_10_21_RSFB-Phenotyping_GG1_JLU/2025_10_21_RSFB-Phenotyping_GG1_JLU/20251021_151915.jpg,plot_643644993e9d28503809,plot_6ca7eb46f81c9ecf993b,25.0,17.5,12.0,5.5,0.001369863050058484
2025_10_21_RSFB-Phenotyping_GG1_JLU/2025_10_21_RSFB-Phenotyping_GG1_JLU/20251021_122808.jpg,2025_10_21_RSFB-Phenotyping_GG1_JLU/2025_10_21_RSFB-Phenotyping_GG1_JLU/20251021_124615.jpg,plot_643644993e9d28503809,plot_9e661ae87ec066049f1f,25.0,17.5,5.0,11.5,0.001369863050058484
2025_10_21_RSFB-Phenotyping_GG1_JLU/2025_10_21_RSFB-Phenotyping_GG1_JLU/20251021_122808.jpg,2025_10_21_RSFB-Phenotyping_GG1_JLU/2025_10_21_RSFB-Phenotyping_GG1_JLU/20251021_121843.jpg,plot_643644993e9d28503809,plot_08853fb661302206a300,25.0,17.5,4.0,12.0,0.001369863050058484
2025_10_21_RSFB-Phenotyping_GG1_JLU/2025_10_21_RSFB-Phenotyping_GG1_JLU/20251021_122808.jpg,2025_10_21_RSFB-Phenotyping_GG1_JLU/2025_10_21_RSFB-Phenotyping_GG1_JLU/20251021_161624.jpg,plot_643644993e9d28503809,plot_3361cc58e772149f169e,25.0,17.5,12.0,3.0,0.001369863050058484
2025_10_21_RSFB-Phenotyping_GG1_JLU/2025_10_21_RSFB-Phenotyping_GG1_JLU/20251021_122808.jpg,2025_10_21_RSFB-Phenotyping_GG1_JLU/2025_10_21_RSFB-Phenotyping_GG1_JLU/20251021_123202.jpg,plot_643644993e9d28503809,plot_a3e331c4e6fce2b877bd,25.0,17.5,5.0,12.0,0.001369863050058484
2025_10_21_RSFB-Phenotyping_GG1_JLU/2025_10_21_RSFB-Phenotyping_GG1_JLU/20251021_122808.jpg,2025_10_21_RSFB-Phenotyping_GG1_JLU/2025_10_21_RSFB-Phenotyping_GG1_JLU/20251021_162116.jpg,plot_643644993e9d28503809,plot_60d8a72fe06bef6e6da4,25.0,17.5,3.0,11.399999618530273,0.001369863050058484
2025_10_21_RSFB-Phenotyping_GG1_JLU/2025_10_21_RSFB-Phenotyping_GG1_JLU/20251021_122808.jpg,2025_10_21_RSFB-Phenotyping_GG1_JLU/2025_10_21_RSFB-Phenotyping_GG1_JLU/20251021_155103.jpg,plot_643644993e9d28503809,plot_b499b14eca911be3b991,25.0,17.5,12.0,1.0,0.001369863050058484
2025_10_21_RSFB-Phenotyping_GG1_JLU/2025_10_21_RSFB-Phenotyping_GG1_JLU/20251021_122808.jpg,2025_10_21_RSFB-Phenotyping_GG1_JLU/2025_10_21_RSFB-Phenotyping_GG1_JLU/20251021_124358.jpg,plot_643644993e9d28503809,plot_e77622de4cce1b168140,25.0,17.5,3.0,11.0,0.001369863050058484
2025_10_21_RSFB-Phenotyping_GG1_JLU/2025_10_21_RSFB-Phenotyping_GG1_JLU/20251021_124802.jpg,2025_10_21_RSFB-Phenotyping_GG1_JLU/2025_10_21_RSFB-Phenotyping_GG1_JLU/20251021_125439.jpg,plot_1071f974d1a192ca23a0,plot_ccfe1e329b419e50732e,35.0,19.5,13.0,6.5,0.00020445715927053243
2025_10_21_RSFB-Phenotyping_GG1_JLU/2025_10_21_RSFB-Phenotyping_GG1_JLU/20251021_124802.jpg,2025_10_21_RSFB-Phenotyping_GG1_JLU/2025_10_21_RSFB-Phenotyping_GG1_JLU/20251021_125431.jpg,plot_1071f974d1a192ca23a0,plot_ccfe1e329b419e50732e,35.0,19.5,13.0,3.0,0.00020445715927053243
2025_10_21_RSFB-Phenotyping_GG1_JLU/2025_10_21_RSFB-Phenotyping_GG1_JLU/20251021_124802.jpg,2025_10_21_RSFB-Phenotyping_GG1_JLU/2025_10_21_RSFB-Phenotyping_GG1_JLU/20251021_121843.jpg,plot_1071f974d1a192ca23a0,plot_08853fb661302206a300,35.0,19.5,4.0,12.0,0.00020445715927053243
2025_10_21_RSFB-Phenotyping_GG1_JLU/2025_10_21_RSFB-Phenotyping_GG1_JLU/20251021_124802.jpg,2025_10_21_RSFB-Phenotyping_GG1_JLU/2025_10_21_RSFB-Phenotyping_GG1_JLU/20251021_152040.jpg,plot_1071f974d1a192ca23a0,plot_aace551e1ccebf79dd75,35.0,19.5,14.0,4.5,0.00020445715927053243
2025_10_21_RSFB-Phenotyping_GG1_JLU/2025_10_21_RSFB-Phenotyping_GG1_JLU/20251021_124802.jpg,2025_10_21_RSFB-Phenotyping_GG1_JLU/2025_10_21_RSFB-Phenotyping_GG1_JLU/20251021_123202.jpg,plot_1071f974d1a192ca23a0,plot_a3e331c4e6fce2b877bd,35.0,19.5,5.0,12.0,0.00020445715927053243
2025_10_21_RSFB-Phenotyping_GG1_JLU/2025_10_21_RSFB-Phenotyping_GG1_JLU/20251021_124802.jpg,2025_10_21_RSFB-Phenotyping_GG1_JLU/2025_10_21_RSFB-Phenotyping_GG1_JLU/20251021_155103.jpg,plot_1071f974d1a192ca23a0,plot_b499b14eca911be3b991,35.0,19.5,12.0,1.0,0.00020445715927053243
2025_10_21_RSFB-Phenotyping_GG1_JLU/2025_10_21_RSFB-Phenotyping_GG1_JLU/20251021_124802.jpg,2025_10_21_RSFB-Phenotyping_GG1_JLU/2025_10_21_RSFB-Phenotyping_GG1_JLU/20251021_161840.jpg,plot_1071f974d1a192ca23a0,plot_fb549f03aaaa145785c8,35.0,19.5,3.0,13.0,0.00020445715927053243
2025_10_21_RSFB-Phenotyping_GG1_JLU/2025_10_21_RSFB-Phenotyping_GG1_JLU/20251021_124802.jpg,2025_10_21_RSFB-Phenotyping_GG1_JLU/2025_10_21_RSFB-Phenotyping_GG1_JLU/20251021_160714.jpg,plot_1071f974d1a192ca23a0,plot_ea99039aeae06bdc085a,35.0,19.5,1.0,13.0,0.00020445715927053243
2025_10_21_RSFB-Phenotyping_GG1_JLU/2025_10_21_RSFB-Phenotyping_GG1_JLU/20251021_124802.jpg,2025_10_21_RSFB-Phenotyping_GG1_JLU/2025_10_21_RSFB-Phenotyping_GG1_JLU/20251021_130737.jpg,plot_1071f974d1a192ca23a0,plot_4c9e8c4301206d84387b,35.0,19.5,13.0,2.0,0.00020445715927053243
2025_10_21_RSFB-Phenotyping_GG1_JLU/2025_10_21_RSFB-Phenotyping_GG1_JLU/20251021_124802.jpg,2025_10_21_RSFB-Phenotyping_GG1_JLU/2025_10_21_RSFB-Phenotyping_GG1_JLU/20251021_154509.jpg,plot_1071f974d1a192ca23a0,plot_a2c6a5fd1e9b0c0d5868,35.0,19.5,13.0,6.0,0.00020445715927053243
2025_10_21_RSFB-Phenotyping_GG1_JLU/2025_10_21_RSFB-Phenotyping_GG1_JLU/20251021_124802.jpg,2025_10_21_RSFB-Phenotyping_GG1_JLU/2025_10_21_RSFB-Phenotyping_GG1_JLU/20251021_162936.jpg,plot_1071f974d1a192ca23a0,plot_6b8f7220a8a82d322a40,35.0,19.5,2.0,13.5,0.00020445715927053243
2025_10_21_RSFB-Phenotyping_GG1_JLU/2025_10_21_RSFB-Phenotyping_GG1_JLU/20251021_124802.jpg,2025_10_21_RSFB-Phenotyping_GG1_JLU/2025_10_21_RSFB-Phenotyping_GG1_JLU/20251021_152220.jpg,plot_1071f974d1a192ca23a0,plot_67dc730dc218f4c377b3,35.0,19.5,14.0,5.0,0.00020445715927053243
2025_10_21_RSFB-Phenotyping_GG1_JLU/2025_10_21_RSFB-Phenotyping_GG1_JLU/20251021_124802.jpg,2025_10_21_RSFB-Phenotyping_GG1_JLU/2025_10_21_RSFB-Phenotyping_GG1_JLU/20251021_151915.jpg,plot_1071f974d1a192ca23a0,plot_6ca7eb46f81c9ecf993b,35.0,19.5,12.0,5.5,0.00020445715927053243
2025_10_21_RSFB-Phenotyping_GG1_JLU/2025_10_21_RSFB-Phenotyping_GG1_JLU/20251021_124802.jpg,2025_10_21_RSFB-Phenotyping_GG1_JLU/2025_10_21_RSFB-Phenotyping_GG1_JLU/20251021_122013.jpg,plot_1071f974d1a192ca23a0,plot_de57345dfd586882f461,35.0,19.5,5.0,14.0,0.00020445715927053243
2025_10_21_RSFB-Phenotyping_GG1_JLU/2025_10_21_RSFB-Phenotyping_GG1_JLU/20251021_124802.jpg,2025_10_21_RSFB-Phenotyping_GG1_JLU/2025_10_21_RSFB-Phenotyping_GG1_JLU/20251021_122605.jpg,plot_1071f974d1a192ca23a0,plot_4460e7e9889b69d86dd3,35.0,19.5,1.0,14.0,0.00020445715927053243
2025_10_21_RSFB-Phenotyping_GG1_JLU/2025_10_21_RSFB-Phenotyping_GG1_JLU/20251021_124802.jpg,2025_10_21_RSFB-Phenotyping_GG1_JLU/2025_10_21_RSFB-Phenotyping_GG1_JLU/20251021_153832.jpg,plot_1071f974d1a192ca23a0,plot_64e19f5de9c116d1fbb6,35.0,19.5,4.0,14.0,0.00020445715927053243
2025_10_21_RSFB-Phenotyping_GG1_JLU/2025_10_21_RSFB-Phenotyping_GG1_JLU/20251021_124802.jpg,2025_10_21_RSFB-Phenotyping_GG1_JLU/2025_10_21_RSFB-Phenotyping_GG1_JLU/20251021_161751.jpg,plot_1071f974d1a192ca23a0,plot_5ca84068b670156039bd,35.0,19.5,3.0,13.0,0.00020445715927053243
2025_10_21_RSFB-Phenotyping_GG1_JLU/2025_10_21_RSFB-Phenotyping_GG1_JLU/20251021_124802.jpg,2025_10_21_RSFB-Phenotyping_GG1_JLU/2025_10_21_RSFB-Phenotyping_GG1_JLU/20251021_132801.jpg,plot_1071f974d1a192ca23a0,plot_b2decf1cbf56bcdc6d32,35.0,19.5,3.0,12.5,0.00020445715927053243
2025_10_21_RSFB-Phenotyping_GG1_JLU/2025_10_21_RSFB-Phenotyping_GG1_JLU/20251021_124802.jpg,2025_10_21_RSFB-Phenotyping_GG1_JLU/2025_10_21_RSFB-Phenotyping_GG1_JLU/20251021_162116.jpg,plot_1071f974d1a192ca23a0,plot_60d8a72fe06bef6e6da4,35.0,19.5,3.0,11.399999618530273,0.00020445715927053243
2025_10_21_RSFB-Phenotyping_GG1_JLU/2025_10_21_RSFB-Phenotyping_GG1_JLU/20251021_124802.jpg,2025_10_21_RSFB-Phenotyping_GG1_JLU/2025_10_21_RSFB-Phenotyping_GG1_JLU/20251021_121246.jpg,plot_1071f974d1a192ca23a0,plot_09d8a533567043e69854,35.0,19.5,7.0,13.5,0.00020445715927053243
2025_10_21_RSFB-Phenotyping_GG1_JLU/2025_10_21_RSFB-Phenotyping_GG1_JLU/20251021_124802.jpg,2025_10_21_RSFB-Phenotyping_GG1_JLU/2025_10_21_RSFB-Phenotyping_GG1_JLU/20251021_124615.jpg,plot_1071f974d1a192ca23a0,plot_9e661ae87ec066049f1f,35.0,19.5,5.0,11.5,0.00020445715927053243
2025_10_21_RSFB-Phenotyping_GG1_JLU/2025_10_21_RSFB-Phenotyping_GG1_JLU/20251021_124802.jpg,2025_10_21_RSFB-Phenotyping_GG1_JLU/2025_10_21_RSFB-Phenotyping_GG1_JLU/20251021_160301.jpg,plot_1071f974d1a192ca23a0,plot_80ee42a305b824b5337d,35.0,19.5,2.0,12.5,0.00020445715927053243
2025_10_21_RSFB-Phenotyping_GG1_JLU/2025_10_21_RSFB-Phenotyping_GG1_JLU/20251021_124802.jpg,2025_10_21_RSFB-Phenotyping_GG1_JLU/2025_10_21_RSFB-Phenotyping_GG1_JLU/20251021_124500.jpg,plot_1071f974d1a192ca23a0,plot_ea75df3b909465cef7b1,35.0,19.5,5.0,12.0,0.00020445715927053243
2025_10_21_RSFB-Phenotyping_GG1_JLU/2025_10_21_RSFB-Phenotyping_GG1_JLU/20251021_124802.jpg,2025_10_21_RSFB-Phenotyping_GG1_JLU/2025_10_21_RSFB-Phenotyping_GG1_JLU/20251021_161624.jpg,plot_1071f974d1a192ca23a0,plot_3361cc58e772149f169e,35.0,19.5,12.0,3.0,0.00020445715927053243
2025_10_21_RSFB-Phenotyping_GG1_JLU/2025_10_21_RSFB-Phenotyping_GG1_JLU/20251021_124802.jpg,2025_10_21_RSFB-Phenotyping_GG1_JLU/2025_10_21_RSFB-Phenotyping_GG1_JLU/20251021_132342.jpg,plot_1071f974d1a192ca23a0,plot_df712240205f755d4453,35.0,19.5,12.0,2.5,0.00020445715927053243
2025_10_21_RSFB-Phenotyping_GG1_JLU/2025_10_21_RSFB-Phenotyping_GG1_JLU/20251021_124802.jpg,2025_10_21_RSFB-Phenotyping_GG1_JLU/2025_10_21_RSFB-Phenotyping_GG1_JLU/20251021_161857.jpg,plot_1071f974d1a192ca23a0,plot_490a77dae7954530a2a4,35.0,19.5,5.0,13.300000190734863,0.00020445715927053243
2025_10_21_RSFB-Phenotyping_GG1_JLU/2025_10_21_RSFB-Phenotyping_GG1_JLU/20251021_124802.jpg,2025_10_21_RSFB-Phenotyping_GG1_JLU/2025_10_21_RSFB-Phenotyping_GG1_JLU/20251021_151432.jpg,plot_1071f974d1a192ca23a0,plot_f19419da98fe0824600a,35.0,19.5,2.0,12.5,0.00020445715927053243
2025_10_21_RSFB-Phenotyping_GG1_JLU/2025_10_21_RSFB-Phenotyping_GG1_JLU/20251021_122101.jpg,2025_10_21_RSFB-Phenotyping_GG1_JLU/2025_10_21_RSFB-Phenotyping_GG1_JLU/20251021_125439.jpg,plot_166bd930c637bcfcd528,plot_ccfe1e329b419e50732e,30.0,22.5,13.0,6.5,0.00021074815595056862
2025_10_21_RSFB-Phenotyping_GG1_JLU/2025_10_21_RSFB-Phenotyping_GG1_JLU/20251021_122101.jpg,2025_10_21_RSFB-Phenotyping_GG1_JLU/2025_10_21_RSFB-Phenotyping_GG1_JLU/20251021_160301.jpg,plot_166bd930c637bcfcd528,plot_80ee42a305b824b5337d,30.0,22.5,2.0,12.5,0.00021074815595056862
2025_10_21_RSFB-Phenotyping_GG1_JLU/2025_10_21_RSFB-Phenotyping_GG1_JLU/20251021_122101.jpg,2025_10_21_RSFB-Phenotyping_GG1_JLU/2025_10_21_RSFB-Phenotyping_GG1_JLU/20251021_160307.jpg,plot_166bd930c637bcfcd528,plot_80ee42a305b824b5337d,30.0,22.5,1.0,15.0,0.00021074815595056862
2025_10_21_RSFB-Phenotyping_GG1_JLU/2025_10_21_RSFB-Phenotyping_GG1_JLU/20251021_122101.jpg,2025_10_21_RSFB-Phenotyping_GG1_JLU/2025_10_21_RSFB-Phenotyping_GG1_JLU/20251021_152721.jpg,plot_166bd930c637bcfcd528,plot_de2f51ed98b70b393739,30.0,22.5,8.0,16.0,0.00021074815595056862
2025_10_21_RSFB-Phenotyping_GG1_JLU/2025_10_21_RSFB-Phenotyping_GG1_JLU/20251021_122101.jpg,2025_10_21_RSFB-Phenotyping_GG1_JLU/2025_10_21_RSFB-Phenotyping_GG1_JLU/20251021_131511.jpg,plot_166bd930c637bcfcd528,plot_5e57cab4d93c9720a4da,30.0,22.5,16.0,8.5,0.00021074815595056862
2025_10_21_RSFB-Phenotyping_GG1_JLU/2025_10_21_RSFB-Phenotyping_GG1_JLU/20251021_122101.jpg,2025_10_21_RSFB-Phenotyping_GG1_JLU/2025_10_21_RSFB-Phenotyping_GG1_JLU/20251021_121755.jpg,plot_166bd930c637bcfcd528,plot_7085c17d28247f52ec8b,30.0,22.5,15.0,5.0,0.00021074815595056862
2025_10_21_RSFB-Phenotyping_GG1_JLU/2025_10_21_RSFB-Phenotyping_GG1_JLU/20251021_122101.jpg,2025_10_21_RSFB-Phenotyping_GG1_JLU/2025_10_21_RSFB-Phenotyping_GG1_JLU/20251021_160714.jpg,plot_166bd930c637bcfcd528,plot_ea99039aeae06bdc085a,30.0,22.5,1.0,13.0,0.00021074815595056862
2025_10_21_RSFB-Phenotyping_GG1_JLU/2025_10_21_RSFB-Phenotyping_GG1_JLU/20251021_122101.jpg,2025_10_21_RSFB-Phenotyping_GG1_JLU/2025_10_21_RSFB-Phenotyping_GG1_JLU/20251021_124500.jpg,plot_166bd930c637bcfcd528,plot_ea75df3b909465cef7b1,30.0,22.5,5.0,12.0,0.00021074815595056862
2025_10_21_RSFB-Phenotyping_GG1_JLU/2025_10_21_RSFB-Phenotyping_GG1_JLU/20251021_122101.jpg,2025_10_21_RSFB-Phenotyping_GG1_JLU/2025_10_21_RSFB-Phenotyping_GG1_JLU/20251021_124207.jpg,plot_166bd930c637bcfcd528,plot_3986b8ba7e3c47d8b455,30.0,22.5,4.0,17.0,0.00021074815595056862
2025_10_21_RSFB-Phenotyping_GG1_JLU/2025_10_21_RSFB-Phenotyping_GG1_JLU/20251021_122101.jpg,2025_10_21_RSFB-Phenotyping_GG1_JLU/2025_10_21_RSFB-Phenotyping_GG1_JLU/20251021_153832.jpg,plot_166bd930c637bcfcd528,plot_64e19f5de9c116d1fbb6,30.0,22.5,4.0,14.0,0.00021074815595056862
2025_10_21_RSFB-Phenotyping_GG1_JLU/2025_10_21_RSFB-Phenotyping_GG1_JLU/20251021_122101.jpg,2025_10_21_RSFB-Phenotyping_GG1_JLU/2025_10_21_RSFB-Phenotyping_GG1_JLU/20251021_122823.jpg,plot_166bd930c637bcfcd528,plot_5143cf8e4865a2e2e3c7,30.0,22.5,15.0,7.0,0.00021074815595056862
2025_10_21_RSFB-Phenotyping_GG1_JLU/2025_10_21_RSFB-Phenotyping_GG1_JLU/20251021_122101.jpg,2025_10_21_RSFB-Phenotyping_GG1_JLU/2025_10_21_RSFB-Phenotyping_GG1_JLU/20251021_161808.jpg,plot_166bd930c637bcfcd528,plot_957f290e26708d57eba4,30.0,22.5,3.0,17.0,0.00021074815595056862
2025_10_21_RSFB-Phenotyping_GG1_JLU/2025_10_21_RSFB-Phenotyping_GG1_JLU/20251021_122101.jpg,2025_10_21_RSFB-Phenotyping_GG1_JLU/2025_10_21_RSFB-Phenotyping_GG1_JLU/20251021_132410.jpg,plot_166bd930c637bcfcd528,plot_04441862d5c5dd0b49cc,30.0,22.5,15.0,8.0,0.00021074815595056862
2025_10_21_RSFB-Phenotyping_GG1_JLU/2025_10_21_RSFB-Phenotyping_GG1_JLU/20251021_122101.jpg,2025_10_21_RSFB-Phenotyping_GG1_JLU/2025_10_21_RSFB-Phenotyping_GG1_JLU/20251021_161857.jpg,plot_166bd930c637bcfcd528,plot_490a77dae7954530a2a4,30.0,22.5,5.0,13.300000190734863,0.00021074815595056862
2025_10_21_RSFB-Phenotyping_GG1_JLU/2025_10_21_RSFB-Phenotyping_GG1_JLU/20251021_122101.jpg,2025_10_21_RSFB-Phenotyping_GG1_JLU/2025_10_21_RSFB-Phenotyping_GG1_JLU/20251021_123407.jpg,plot_166bd930c637bcfcd528,plot_a72e9af8f12fd28c9181,30.0,22.5,15.0,7.5,0.00021074815595056862
2025_10_21_RSFB-Phenotyping_GG1_JLU/2025_10_21_RSFB-Phenotyping_GG1_JLU/20251021_122101.jpg,2025_10_21_RSFB-Phenotyping_GG1_JLU/2025_10_21_RSFB-Phenotyping_GG1_JLU/20251021_152220.jpg,plot_166bd930c637bcfcd528,plot_67dc730dc218f4c377b3,30.0,22.5,14.0,5.0,0.00021074815595056862
2025_10_21_RSFB-Phenotyping_GG1_JLU/2025_10_21_RSFB-Phenotyping_GG1_JLU/20251021_122101.jpg,2025_10_21_RSFB-Phenotyping_GG1_JLU/2025_10_21_RSFB-Phenotyping_GG1_JLU/20251021_154502.jpg,plot_166bd930c637bcfcd528,plot_a2c6a5fd1e9b0c0d5868,30.0,22.5,15.0,8.0,0.00021074815595056862
2025_10_21_RSFB-Phenotyping_GG1_JLU/2025_10_21_RSFB-Phenotyping_GG1_JLU/20251021_122101.jpg,2025_10_21_RSFB-Phenotyping_GG1_JLU/2025_10_21_RSFB-Phenotyping_GG1_JLU/20251021_132002.jpg,plot_166bd930c637bcfcd528,plot_8709d51bb880213559a6,30.0,22.5,15.0,8.5,0.00021074815595056862
2025_10_21_RSFB-Phenotyping_GG1_JLU/2025_10_21_RSFB-Phenotyping_GG1_JLU/20251021_122101.jpg,2025_10_21_RSFB-Phenotyping_GG1_JLU/2025_10_21_RSFB-Phenotyping_GG1_JLU/20251021_161624.jpg,plot_166bd930c637bcfcd528,plot_3361cc58e772149f169e,30.0,22.5,12.0,3.0,0.00021074815595056862
2025_10_21_RSFB-Phenotyping_GG1_JLU/2025_10_21_RSFB-Phenotyping_GG1_JLU/20251021_122101.jpg,2025_10_21_RSFB-Phenotyping_GG1_JLU/2025_10_21_RSFB-Phenotyping_GG1_JLU/20251021_151432.jpg,plot_166bd930c637bcfcd528,plot_f19419da98fe0824600a,30.0,22.5,2.0,12.5,0.00021074815595056862
2025_10_21_RSFB-Phenotyping_GG1_JLU/2025_10_21_RSFB-Phenotyping_GG1_JLU/20251021_122101.jpg,2025_10_21_RSFB-Phenotyping_GG1_JLU/2025_10_21_RSFB-Phenotyping_GG1_JLU/20251021_161652.jpg,plot_166bd930c637bcfcd528,plot_70a732f80b7b639118af,30.0,22.5,15.0,3.5,0.00021074815595056862
2025_10_21_RSFB-Phenotyping_GG1_JLU/2025_10_21_RSFB-Phenotyping_GG1_JLU/20251021_122101.jpg,2025_10_21_RSFB-Phenotyping_GG1_JLU/2025_10_21_RSFB-Phenotyping_GG1_JLU/20251021_162116.jpg,plot_166bd930c637bcfcd528,plot_60d8a72fe06bef6e6da4,30.0,22.5,3.0,11.399999618530273,0.00021074815595056862
2025_10_21_RSFB-Phenotyping_GG1_JLU/2025_10_21_RSFB-Phenotyping_GG1_JLU/20251021_122101.jpg,2025_10_21_RSFB-Phenotyping_GG1_JLU/2025_10_21_RSFB-Phenotyping_GG1_JLU/20251021_121843.jpg,plot_166bd930c637bcfcd528,plot_08853fb661302206a300,30.0,22.5,4.0,12.0,0.00021074815595056862
2025_10_21_RSFB-Phenotyping_GG1_JLU/2025_10_21_RSFB-Phenotyping_GG1_JLU/20251021_122101.jpg,2025_10_21_RSFB-Phenotyping_GG1_JLU/2025_10_21_RSFB-Phenotyping_GG1_JLU/20251021_161712.jpg,plot_166bd930c637bcfcd528,plot_79cb1c61f58f85c07e0c,30.0,22.5,17.0,6.0,0.00021074815595056862
2025_10_21_RSFB-Phenotyping_GG1_JLU/2025_10_21_RSFB-Phenotyping_GG1_JLU/20251021_122101.jpg,2025_10_21_RSFB-Phenotyping_GG1_JLU/2025_10_21_RSFB-Phenotyping_GG1_JLU/20251021_155103.jpg,plot_166bd930c637bcfcd528,plot_b499b14eca911be3b991,30.0,22.5,12.0,1.0,0.00021074815595056862
2025_10_21_RSFB-Phenotyping_GG1_JLU/2025_10_21_RSFB-Phenotyping_GG1_JLU/20251021_122101.jpg,2025_10_21_RSFB-Phenotyping_GG1_JLU/2025_10_21_RSFB-Phenotyping_GG1_JLU/20251021_122605.jpg,plot_166bd930c637bcfcd528,plot_4460e7e9889b69d86dd3,30.0,22.5,1.0,14.0,0.00021074815595056862
2025_10_21_RSFB-Phenotyping_GG1_JLU/2025_10_21_RSFB-Phenotyping_GG1_JLU/20251021_122101.jpg,2025_10_21_RSFB-Phenotyping_GG1_JLU/2025_10_21_RSFB-Phenotyping_GG1_JLU/20251021_154456.jpg,plot_166bd930c637bcfcd528,plot_a2c6a5fd1e9b0c0d5868,30.0,22.5,2.0,16.5,0.00021074815595056862
2025_10_21_RSFB-Phenotyping_GG1_JLU/2025_10_21_RSFB-Phenotyping_GG1_JLU/20251021_122101.jpg,2025_10_21_RSFB-Phenotyping_GG1_JLU/2025_10_21_RSFB-Phenotyping_GG1_JLU/20251021_132342.jpg,plot_166bd930c637bcfcd528,plot_df712240205f755d4453,30.0,22.5,12.0,2.5,0.00021074815595056862
2025_10_21_RSFB-Phenotyping_GG1_JLU/2025_10_21_RSFB-Phenotyping_GG1_JLU/20251021_122101.jpg,2025_10_21_RSFB-Phenotyping_GG1_JLU/2025_10_21_RSFB-Phenotyping_GG1_JLU/20251021_161636.jpg,plot_166bd930c637bcfcd528,plot_70a732f80b7b639118af,30.0,22.5,10.0,16.0,0.00021074815595056862
2025_10_21_RSFB-Phenotyping_GG1_JLU/2025_10_21_RSFB-Phenotyping_GG1_JLU/20251021_122101.jpg,2025_10_21_RSFB-Phenotyping_GG1_JLU/2025_10_21_RSFB-Phenotyping_GG1_JLU/20251021_121834.jpg,plot_166bd930c637bcfcd528,plot_08853fb661302206a300,30.0,22.5,5.0,15.0,0.00021074815595056862
2025_10_21_RSFB-Phenotyping_GG1_JLU/2025_10_21_RSFB-Phenotyping_GG1_JLU/20251021_122101.jpg,2025_10_21_RSFB-Phenotyping_GG1_JLU/2025_10_21_RSFB-Phenotyping_GG1_JLU/20251021_123208.jpg,plot_166bd930c637bcfcd528,plot_a3e331c4e6fce2b877bd,30.0,22.5,15.0,8.0,0.00021074815595056862
2025_10_21_RSFB-Phenotyping_GG1_JLU/2025_10_21_RSFB-Phenotyping_GG1_JLU/20251021_122101.jpg,2025_10_21_RSFB-Phenotyping_GG1_JLU/2025_10_21_RSFB-Phenotyping_GG1_JLU/20251021_162936.jpg,plot_166bd930c637bcfcd528,plot_6b8f7220a8a82d322a40,30.0,22.5,2.0,13.5,0.00021074815595056862
2025_10_21_RSFB-Phenotyping_GG1_JLU/2025_10_21_RSFB-Phenotyping_GG1_JLU/20251021_122101.jpg,2025_10_21_RSFB-Phenotyping_GG1_JLU/2025_10_21_RSFB-Phenotyping_GG1_JLU/20251021_152637.jpg,plot_166bd930c637bcfcd528,plot_fe93ef196b1a8b77de19,30.0,22.5,16.0,8.5,0.00021074815595056862
2025_10_21_RSFB-Phenotyping_GG1_JLU/2025_10_21_RSFB-Phenotyping_GG1_JLU/20251021_122101.jpg,2025_10_21_RSFB-Phenotyping_GG1_JLU/2025_10_21_RSFB-Phenotyping_GG1_JLU/20251021_130737.jpg,plot_166bd930c637bcfcd528,plot_4c9e8c4301206d84387b,30.0,22.5,13.0,2.0,0.00021074815595056862
2025_10_21_RSFB-Phenotyping_GG1_JLU/2025_10_21_RSFB-Phenotyping_GG1_JLU/20251021_122101.jpg,2025_10_21_RSFB-Phenotyping_GG1_JLU/2025_10_21_RSFB-Phenotyping_GG1_JLU/20251021_132902.jpg,plot_166bd930c637bcfcd528,plot_a68ea486bf28d2a65eea,30.0,22.5,15.0,5.0,0.00021074815595056862
2025_10_21_RSFB-Phenotyping_GG1_JLU/2025_10_21_RSFB-Phenotyping_GG1_JLU/20251021_122101.jpg,2025_10_21_RSFB-Phenotyping_GG1_JLU/2025_10_21_RSFB-Phenotyping_GG1_JLU/20251021_160515.jpg,plot_166bd930c637bcfcd528,plot_515f3eae0107bd86c13e,30.0,22.5,15.0,7.0,0.00021074815595056862
2025_10_21_RSFB-Phenotyping_GG1_JLU/2025_10_21_RSFB-Phenotyping_GG1_JLU/20251021_122101.jpg,2025_10_21_RSFB-Phenotyping_GG1_JLU/2025_10_21_RSFB-Phenotyping_GG1_JLU/20251021_133018.jpg,plot_166bd930c637bcfcd528,plot_29ad4a9860449a68b25f,30.0,22.5,15.0,6.5,0.00021074815595056862
2025_10_21_RSFB-Phenotyping_GG1_JLU/2025_10_21_RSFB-Phenotyping_GG1_JLU/20251021_122101.jpg,2025_10_21_RSFB-Phenotyping_GG1_JLU/2025_10_21_RSFB-Phenotyping_GG1_JLU/20251021_124615.jpg,plot_166bd930c637bcfcd528,plot_9e661ae87ec066049f1f,30.0,22.5,5.0,11.5,0.00021074815595056862
2025_10_21_RSFB-Phenotyping_GG1_JLU/2025_10_21_RSFB-Phenotyping_GG1_JLU/20251021_122101.jpg,2025_10_21_RSFB-Phenotyping_GG1_JLU/2025_10_21_RSFB-Phenotyping_GG1_JLU/20251021_130045.jpg,plot_166bd930c637bcfcd528,plot_7c9b9d5dc347e36cbea8,30.0,22.5,15.0,9.0,0.00021074815595056862
2025_10_21_RSFB-Phenotyping_GG1_JLU/2025_10_21_RSFB-Phenotyping_GG1_JLU/20251021_122101.jpg,2025_10_21_RSFB-Phenotyping_GG1_JLU/2025_10_21_RSFB-Phenotyping_GG1_JLU/20251021_162830.jpg,plot_166bd930c637bcfcd528,plot_bea3390e83dfe4b9a220,30.0,22.5,15.0,8.5,0.00021074815595056862
2025_10_21_RSFB-Phenotyping_GG1_JLU/2025_10_21_RSFB-Phenotyping_GG1_JLU/20251021_154217.jpg,2025_10_21_RSFB-Phenotyping_GG1_JLU/2025_10_21_RSFB-Phenotyping_GG1_JLU/20251021_155103.jpg,plot_d824e02c88cf5f3584f7,plot_b499b14eca911be3b991,25.0,18.0,12.0,1.0,0.0011415524641051888
2025_10_21_RSFB-Phenotyping_GG1_JLU/2025_10_21_RSFB-Phenotyping_GG1_JLU/20251021_154217.jpg,2025_10_21_RSFB-Phenotyping_GG1_JLU/2025_10_21_RSFB-Phenotyping_GG1_JLU/20251021_123202.jpg,plot_d824e02c88cf5f3584f7,plot_a3e331c4e6fce2b877bd,25.0,18.0,5.0,12.0,0.0011415524641051888
2025_10_21_RSFB-Phenotyping_GG1_JLU/2025_10_21_RSFB-Phenotyping_GG1_JLU/20251021_154217.jpg,2025_10_21_RSFB-Phenotyping_GG1_JLU/2025_10_21_RSFB-Phenotyping_GG1_JLU/20251021_124500.jpg,plot_d824e02c88cf5f3584f7,plot_ea75df3b909465cef7b1,25.0,18.0,5.0,12.0,0.0011415524641051888
2025_10_21_RSFB-Phenotyping_GG1_JLU/2025_10_21_RSFB-Phenotyping_GG1_JLU/20251021_154217.jpg,2025_10_21_RSFB-Phenotyping_GG1_JLU/2025_10_21_RSFB-Phenotyping_GG1_JLU/20251021_132801.jpg,plot_d824e02c88cf5f3584f7,plot_b2decf1cbf56bcdc6d32,25.0,18.0,3.0,12.5,0.0011415524641051888
2025_10_21_RSFB-Phenotyping_GG1_JLU/2025_10_21_RSFB-Phenotyping_GG1_JLU/20251021_154217.jpg,2025_10_21_RSFB-Phenotyping_GG1_JLU/2025_10_21_RSFB-Phenotyping_GG1_JLU/20251021_132342.jpg,plot_d824e02c88cf5f3584f7,plot_df712240205f755d4453,25.0,18.0,12.0,2.5,0.0011415524641051888
2025_10_21_RSFB-Phenotyping_GG1_JLU/2025_10_21_RSFB-Phenotyping_GG1_JLU/20251021_154217.jpg,2025_10_21_RSFB-Phenotyping_GG1_JLU/2025_10_21_RSFB-Phenotyping_GG1_JLU/20251021_151915.jpg,plot_d824e02c88cf5f3584f7,plot_6ca7eb46f81c9ecf993b,25.0,18.0,12.0,5.5,0.0011415524641051888
2025_10_21_RSFB-Phenotyping_GG1_JLU/2025_10_21_RSFB-Phenotyping_GG1_JLU/20251021_154217.jpg,2025_10_21_RSFB-Phenotyping_GG1_JLU/2025_10_21_RSFB-Phenotyping_GG1_JLU/20251021_121843.jpg,plot_d824e02c88cf5f3584f7,plot_08853fb661302206a300,25.0,18.0,4.0,12.0,0.0011415524641051888
2025_10_21_RSFB-Phenotyping_GG1_JLU/2025_10_21_RSFB-Phenotyping_GG1_JLU/20251021_154217.jpg,2025_10_21_RSFB-Phenotyping_GG1_JLU/2025_10_21_RSFB-Phenotyping_GG1_JLU/20251021_162116.jpg,plot_d824e02c88cf5f3584f7,plot_60d8a72fe06bef6e6da4,25.0,18.0,3.0,11.399999618530273,0.0011415524641051888
2025_10_21_RSFB-Phenotyping_GG1_JLU/2025_10_21_RSFB-Phenotyping_GG1_JLU/20251021_154217.jpg,2025_10_21_RSFB-Phenotyping_GG1_JLU/2025_10_21_RSFB-Phenotyping_GG1_JLU/20251021_161624.jpg,plot_d824e02c88cf5f3584f7,plot_3361cc58e772149f169e,25.0,18.0,12.0,3.0,0.0011415524641051888
2025_10_21_RSFB-Phenotyping_GG1_JLU/2025_10_21_RSFB-Phenotyping_GG1_JLU/20251021_154217.jpg,2025_10_21_RSFB-Phenotyping_GG1_JLU/2025_10_21_RSFB-Phenotyping_GG1_JLU/20251021_124615.jpg,plot_d824e02c88cf5f3584f7,plot_9e661ae87ec066049f1f,25.0,18.0,5.0,11.5,0.0011415524641051888
2025_10_21_RSFB-Phenotyping_GG1_JLU/2025_10_21_RSFB-Phenotyping_GG1_JLU/20251021_154217.jpg,2025_10_21_RSFB-Phenotyping_GG1_JLU/2025_10_21_RSFB-Phenotyping_GG1_JLU/20251021_160301.jpg,plot_d824e02c88cf5f3584f7,plot_80ee42a305b824b5337d,25.0,18.0,2.0,12.5,0.0011415524641051888
2025_10_21_RSFB-Phenotyping_GG1_JLU/2025_10_21_RSFB-Phenotyping_GG1_JLU/20251021_154217.jpg,2025_10_21_RSFB-Phenotyping_GG1_JLU/2025_10_21_RSFB-Phenotyping_GG1_JLU/20251021_151432.jpg,plot_d824e02c88cf5f3584f7,plot_f19419da98fe0824600a,25.0,18.0,2.0,12.5,0.0011415524641051888
2025_10_21_RSFB-Phenotyping_GG1_JLU/2025_10_21_RSFB-Phenotyping_GG1_JLU/20251021_122126.jpg,2025_10_21_RSFB-Phenotyping_GG1_JLU/2025_10_21_RSFB-Phenotyping_GG1_JLU/20251021_121126.jpg,plot_db7e0347309c8abba7fd,plot_a7714d1b769d45a9b00a,30.0,21.0,2.0,14.5,0.000342465762514621
2025_10_21_RSFB-Phenotyping_GG1_JLU/2025_10_21_RSFB-Phenotyping_GG1_JLU/20251021_122126.jpg,2025_10_21_RSFB-Phenotyping_GG1_JLU/2025_10_21_RSFB-Phenotyping_GG1_JLU/20251021_160301.jpg,plot_db7e0347309c8abba7fd,plot_80ee42a305b824b5337d,30.0,21.0,2.0,12.5,0.000342465762514621
2025_10_21_RSFB-Phenotyping_GG1_JLU/2025_10_21_RSFB-Phenotyping_GG1_JLU/20251021_122126.jpg,2025_10_21_RSFB-Phenotyping_GG1_JLU/2025_10_21_RSFB-Phenotyping_GG1_JLU/20251021_161652.jpg,plot_db7e0347309c8abba7fd,plot_70a732f80b7b639118af,30.0,21.0,15.0,3.5,0.000342465762514621
2025_10_21_RSFB-Phenotyping_GG1_JLU/2025_10_21_RSFB-Phenotyping_GG1_JLU/20251021_122126.jpg,2025_10_21_RSFB-Phenotyping_GG1_JLU/2025_10_21_RSFB-Phenotyping_GG1_JLU/20251021_155808.jpg,plot_db7e0347309c8abba7fd,plot_7b5226474d03f55ab84a,30.0,21.0,2.0,15.0,0.000342465762514621
2025_10_21_RSFB-Phenotyping_GG1_JLU/2025_10_21_RSFB-Phenotyping_GG1_JLU/20251021_122126.jpg,2025_10_21_RSFB-Phenotyping_GG1_JLU/2025_10_21_RSFB-Phenotyping_GG1_JLU/20251021_160307.jpg,plot_db7e0347309c8abba7fd,plot_80ee42a305b824b5337d,30.0,21.0,1.0,15.0,0.000342465762514621
2025_10_21_RSFB-Phenotyping_GG1_JLU/2025_10_21_RSFB-Phenotyping_GG1_JLU/20251021_122126.jpg,2025_10_21_RSFB-Phenotyping_GG1_JLU/2025_10_21_RSFB-Phenotyping_GG1_JLU/20251021_151915.jpg,plot_db7e0347309c8abba7fd,plot_6ca7eb46f81c9ecf993b,30.0,21.0,12.0,5.5,0.000342465762514621
2025_10_21_RSFB-Phenotyping_GG1_JLU/2025_10_21_RSFB-Phenotyping_GG1_JLU/20251021_122126.jpg,2025_10_21_RSFB-Phenotyping_GG1_JLU/2025_10_21_RSFB-Phenotyping_GG1_JLU/20251021_132410.jpg,plot_db7e0347309c8abba7fd,plot_04441862d5c5dd0b49cc,30.0,21.0,15.0,8.0,0.000342465762514621
2025_10_21_RSFB-Phenotyping_GG1_JLU/2025_10_21_RSFB-Phenotyping_GG1_JLU/20251021_122126.jpg,2025_10_21_RSFB-Phenotyping_GG1_JLU/2025_10_21_RSFB-Phenotyping_GG1_JLU/20251021_121755.jpg,plot_db7e0347309c8abba7fd,plot_7085c17d28247f52ec8b,30.0,21.0,15.0,5.0,0.000342465762514621
2025_10_21_RSFB-Phenotyping_GG1_JLU/2025_10_21_RSFB-Phenotyping_GG1_JLU/20251021_122126.jpg,2025_10_21_RSFB-Phenotyping_GG1_JLU/2025_10_21_RSFB-Phenotyping_GG1_JLU/20251021_160714.jpg,plot_db7e0347309c8abba7fd,plot_ea99039aeae06bdc085a,30.0,21.0,1.0,13.0,0.000342465762514621
2025_10_21_RSFB-Phenotyping_GG1_JLU/2025_10_21_RSFB-Phenotyping_GG1_JLU/20251021_122126.jpg,2025_10_21_RSFB-Phenotyping_GG1_JLU/2025_10_21_RSFB-Phenotyping_GG1_JLU/20251021_161857.jpg,plot_db7e0347309c8abba7fd,plot_490a77dae7954530a2a4,30.0,21.0,5.0,13.300000190734863,0.000342465762514621
2025_10_21_RSFB-Phenotyping_GG1_JLU/2025_10_21_RSFB-Phenotyping_GG1_JLU/20251021_122126.jpg,2025_10_21_RSFB-Phenotyping_GG1_JLU/2025_10_21_RSFB-Phenotyping_GG1_JLU/20251021_133018.jpg,plot_db7e0347309c8abba7fd,plot_29ad4a9860449a68b25f,30.0,21.0,15.0,6.5,0.000342465762514621
2025_10_21_RSFB-Phenotyping_GG1_JLU/2025_10_21_RSFB-Phenotyping_GG1_JLU/20251021_122126.jpg,2025_10_21_RSFB-Phenotyping_GG1_JLU/2025_10_21_RSFB-Phenotyping_GG1_JLU/20251021_151432.jpg,plot_db7e0347309c8abba7fd,plot_f19419da98fe0824600a,30.0,21.0,2.0,12.5,0.000342465762514621
2025_10_21_RSFB-Phenotyping_GG1_JLU/2025_10_21_RSFB-Phenotyping_GG1_JLU/20251021_122126.jpg,2025_10_21_RSFB-Phenotyping_GG1_JLU/2025_10_21_RSFB-Phenotyping_GG1_JLU/20251021_155233.jpg,plot_db7e0347309c8abba7fd,plot_ae2984dd48723bc500ae,30.0,21.0,8.0,14.5,0.000342465762514621
2025_10_21_RSFB-Phenotyping_GG1_JLU/2025_10_21_RSFB-Phenotyping_GG1_JLU/20251021_122126.jpg,2025_10_21_RSFB-Phenotyping_GG1_JLU/2025_10_21_RSFB-Phenotyping_GG1_JLU/20251021_162936.jpg,plot_db7e0347309c8abba7fd,plot_6b8f7220a8a82d322a40,30.0,21.0,2.0,13.5,0.000342465762514621
2025_10_21_RSFB-Phenotyping_GG1_JLU/2025_10_21_RSFB-Phenotyping_GG1_JLU/20251021_122126.jpg,2025_10_21_RSFB-Phenotyping_GG1_JLU/2025_10_21_RSFB-Phenotyping_GG1_JLU/20251021_132902.jpg,plot_db7e0347309c8abba7fd,plot_a68ea486bf28d2a65eea,30.0,21.0,15.0,5.0,0.000342465762514621
2025_10_21_RSFB-Phenotyping_GG1_JLU/2025_10_21_RSFB-Phenotyping_GG1_JLU/20251021_122126.jpg,2025_10_21_RSFB-Phenotyping_GG1_JLU/2025_10_21_RSFB-Phenotyping_GG1_JLU/20251021_154509.jpg,plot_db7e0347309c8abba7fd,plot_a2c6a5fd1e9b0c0d5868,30.0,21.0,13.0,6.0,0.000342465762514621
2025_10_21_RSFB-Phenotyping_GG1_JLU/2025_10_21_RSFB-Phenotyping_GG1_JLU/20251021_122126.jpg,2025_10_21_RSFB-Phenotyping_GG1_JLU/2025_10_21_RSFB-Phenotyping_GG1_JLU/20251021_132801.jpg,plot_db7e0347309c8abba7fd,plot_b2decf1cbf56bcdc6d32,30.0,21.0,3.0,12.5,0.000342465762514621
2025_10_21_RSFB-Phenotyping_GG1_JLU/2025_10_21_RSFB-Phenotyping_GG1_JLU/20251021_122126.jpg,2025_10_21_RSFB-Phenotyping_GG1_JLU/2025_10_21_RSFB-Phenotyping_GG1_JLU/20251021_121246.jpg,plot_db7e0347309c8abba7fd,plot_09d8a533567043e69854,30.0,21.0,7.0,13.5,0.000342465762514621
2025_10_21_RSFB-Phenotyping_GG1_JLU/2025_10_21_RSFB-Phenotyping_GG1_JLU/20251021_122126.jpg,2025_10_21_RSFB-Phenotyping_GG1_JLU/2025_10_21_RSFB-Phenotyping_GG1_JLU/20251021_161624.jpg,plot_db7e0347309c8abba7fd,plot_3361cc58e772149f169e,30.0,21.0,12.0,3.0,0.000342465762514621
2025_10_21_RSFB-Phenotyping_GG1_JLU/2025_10_21_RSFB-Phenotyping_GG1_JLU/20251021_122126.jpg,2025_10_21_RSFB-Phenotyping_GG1_JLU/2025_10_21_RSFB-Phenotyping_GG1_JLU/20251021_130737.jpg,plot_db7e0347309c8abba7fd,plot_4c9e8c4301206d84387b,30.0,21.0,13.0,2.0,0.000342465762514621
2025_10_21_RSFB-Phenotyping_GG1_JLU/2025_10_21_RSFB-Phenotyping_GG1_JLU/20251021_122126.jpg,2025_10_21_RSFB-Phenotyping_GG1_JLU/2025_10_21_RSFB-Phenotyping_GG1_JLU/20251021_155103.jpg,plot_db7e0347309c8abba7fd,plot_b499b14eca911be3b991,30.0,21.0,12.0,1.0,0.000342465762514621
2025_10_21_RSFB-Phenotyping_GG1_JLU/2025_10_21_RSFB-Phenotyping_GG1_JLU/20251021_122126.jpg,2025_10_21_RSFB-Phenotyping_GG1_JLU/2025_10_21_RSFB-Phenotyping_GG1_JLU/20251021_160003.jpg,plot_db7e0347309c8abba7fd,plot_70e089493510c6f73a3d,30.0,21.0,15.0,7.0,0.000342465762514621
2025_10_21_RSFB-Phenotyping_GG1_JLU/2025_10_21_RSFB-Phenotyping_GG1_JLU/20251021_122126.jpg,2025_10_21_RSFB-Phenotyping_GG1_JLU/2025_10_21_RSFB-Phenotyping_GG1_JLU/20251021_162830.jpg,plot_db7e0347309c8abba7fd,plot_bea3390e83dfe4b9a220,30.0,21.0,15.0,8.5,0.000342465762514621
2025_10_21_RSFB-Phenotyping_GG1_JLU/2025_10_21_RSFB-Phenotyping_GG1_JLU/20251021_122126.jpg,2025_10_21_RSFB-Phenotyping_GG1_JLU/2025_10_21_RSFB-Phenotyping_GG1_JLU/20251021_130209.jpg,plot_db7e0347309c8abba7fd,plot_be7d2dcdea72b37dc9bf,30.0,21.0,15.0,7.5,0.000342465762514621
2025_10_21_RSFB-Phenotyping_GG1_JLU/2025_10_21_RSFB-Phenotyping_GG1_JLU/20251021_122126.jpg,2025_10_21_RSFB-Phenotyping_GG1_JLU/2025_10_21_RSFB-Phenotyping_GG1_JLU/20251021_152040.jpg,plot_db7e0347309c8abba7fd,plot_aace551e1ccebf79dd75,30.0,21.0,14.0,4.5,0.000342465762514621
2025_10_21_RSFB-Phenotyping_GG1_JLU/2025_10_21_RSFB-Phenotyping_GG1_JLU/20251021_122126.jpg,2025_10_21_RSFB-Phenotyping_GG1_JLU/2025_10_21_RSFB-Phenotyping_GG1_JLU/20251021_130045.jpg,plot_db7e0347309c8abba7fd,plot_7c9b9d5dc347e36cbea8,30.0,21.0,15.0,9.0,0.000342465762514621
2025_10_21_RSFB-Phenotyping_GG1_JLU/2025_10_21_RSFB-Phenotyping_GG1_JLU/20251021_122126.jpg,2025_10_21_RSFB-Phenotyping_GG1_JLU/2025_10_21_RSFB-Phenotyping_GG1_JLU/20251021_132002.jpg,plot_db7e0347309c8abba7fd,plot_8709d51bb880213559a6,30.0,21.0,15.0,8.5,0.000342465762514621
2025_10_21_RSFB-Phenotyping_GG1_JLU/2025_10_21_RSFB-Phenotyping_GG1_JLU/20251021_122126.jpg,2025_10_21_RSFB-Phenotyping_GG1_JLU/2025_10_21_RSFB-Phenotyping_GG1_JLU/20251021_122605.jpg,plot_db7e0347309c8abba7fd,plot_4460e7e9889b69d86dd3,30.0,21.0,1.0,14.0,0.000342465762514621
2025_10_21_RSFB-Phenotyping_GG1_JLU/2025_10_21_RSFB-Phenotyping_GG1_JLU/20251021_122126.jpg,2025_10_21_RSFB-Phenotyping_GG1_JLU/2025_10_21_RSFB-Phenotyping_GG1_JLU/20251021_123202.jpg,plot_db7e0347309c8abba7fd,plot_a3e331c4e6fce2b877bd,30.0,21.0,5.0,12.0,0.000342465762514621
2025_10_21_RSFB-Phenotyping_GG1_JLU/2025_10_21_RSFB-Phenotyping_GG1_JLU/20251021_122126.jpg,2025_10_21_RSFB-Phenotyping_GG1_JLU/2025_10_21_RSFB-Phenotyping_GG1_JLU/20251021_125439.jpg,plot_db7e0347309c8abba7fd,plot_ccfe1e329b419e50732e,30.0,21.0,13.0,6.5,0.000342465762514621
2025_10_21_RSFB-Phenotyping_GG1_JLU/2025_10_21_RSFB-Phenotyping_GG1_JLU/20251021_122126.jpg,2025_10_21_RSFB-Phenotyping_GG1_JLU/2025_10_21_RSFB-Phenotyping_GG1_JLU/20251021_132342.jpg,plot_db7e0347309c8abba7fd,plot_df712240205f755d4453,30.0,21.0,12.0,2.5,0.000342465762514621
2025_10_21_RSFB-Phenotyping_GG1_JLU/2025_10_21_RSFB-Phenotyping_GG1_JLU/20251021_122126.jpg,2025_10_21_RSFB-Phenotyping_GG1_JLU/2025_10_21_RSFB-Phenotyping_GG1_JLU/20251021_125431.jpg,plot_db7e0347309c8abba7fd,plot_ccfe1e329b419e50732e,30.0,21.0,13.0,3.0,0.000342465762514621
2025_10_21_RSFB-Phenotyping_GG1_JLU/2025_10_21_RSFB-Phenotyping_GG1_JLU/20251021_122126.jpg,2025_10_21_RSFB-Phenotyping_GG1_JLU/2025_10_21_RSFB-Phenotyping_GG1_JLU/20251021_123208.jpg,plot_db7e0347309c8abba7fd,plot_a3e331c4e6fce2b877bd,30.0,21.0,15.0,8.0,0.000342465762514621
2025_10_21_RSFB-Phenotyping_GG1_JLU/2025_10_21_RSFB-Phenotyping_GG1_JLU/20251021_122126.jpg,2025_10_21_RSFB-Phenotyping_GG1_JLU/2025_10_21_RSFB-Phenotyping_GG1_JLU/20251021_122013.jpg,plot_db7e0347309c8abba7fd,plot_de57345dfd586882f461,30.0,21.0,5.0,14.0,0.000342465762514621
2025_10_21_RSFB-Phenotyping_GG1_JLU/2025_10_21_RSFB-Phenotyping_GG1_JLU/20251021_122126.jpg,2025_10_21_RSFB-Phenotyping_GG1_JLU/2025_10_21_RSFB-Phenotyping_GG1_JLU/20251021_130423.jpg,plot_db7e0347309c8abba7fd,plot_8390a5f10d833e2ab881,30.0,21.0,5.0,14.5,0.000342465762514621
2025_10_21_RSFB-Phenotyping_GG1_JLU/2025_10_21_RSFB-Phenotyping_GG1_JLU/20251021_122126.jpg,2025_10_21_RSFB-Phenotyping_GG1_JLU/2025_10_21_RSFB-Phenotyping_GG1_JLU/20251021_123407.jpg,plot_db7e0347309c8abba7fd,plot_a72e9af8f12fd28c9181,30.0,21.0,15.0,7.5,0.000342465762514621
2025_10_21_RSFB-Phenotyping_GG1_JLU/2025_10_21_RSFB-Phenotyping_GG1_JLU/20251021_122126.jpg,2025_10_21_RSFB-Phenotyping_GG1_JLU/2025_10_21_RSFB-Phenotyping_GG1_JLU/20251021_122823.jpg,plot_db7e0347309c8abba7fd,plot_5143cf8e4865a2e2e3c7,30.0,21.0,15.0,7.0,0.000342465762514621
2025_10_21_RSFB-Phenotyping_GG1_JLU/2025_10_21_RSFB-Phenotyping_GG1_JLU/20251021_122126.jpg,2025_10_21_RSFB-Phenotyping_GG1_JLU/2025_10_21_RSFB-Phenotyping_GG1_JLU/20251021_161840.jpg,plot_db7e0347309c8abba7fd,plot_fb549f03aaaa145785c8,30.0,21.0,3.0,13.0,0.000342465762514621
2025_10_21_RSFB-Phenotyping_GG1_JLU/2025_10_21_RSFB-Phenotyping_GG1_JLU/20251021_122126.jpg,2025_10_21_RSFB-Phenotyping_GG1_JLU/2025_10_21_RSFB-Phenotyping_GG1_JLU/20251021_121834.jpg,plot_db7e0347309c8abba7fd,plot_08853fb661302206a300,30.0,21.0,5.0,15.0,0.000342465762514621
2025_10_21_RSFB-Phenotyping_GG1_JLU/2025_10_21_RSFB-Phenotyping_GG1_JLU/20251021_122126.jpg,2025_10_21_RSFB-Phenotyping_GG1_JLU/2025_10_21_RSFB-Phenotyping_GG1_JLU/20251021_122402.jpg,plot_db7e0347309c8abba7fd,plot_16577622d2052f869752,30.0,21.0,15.0,7.0,0.000342465762514621
2025_10_21_RSFB-Phenotyping_GG1_JLU/2025_10_21_RSFB-Phenotyping_GG1_JLU/20251021_153433.jpg,2025_10_21_RSFB-Phenotyping_GG1_JLU/2025_10_21_RSFB-Phenotyping_GG1_JLU/20251021_121246.jpg,plot_c97ae335979f54b21f44,plot_09d8a533567043e69854,47.0,20.0,7.0,13.5,0.00016307893383782357
2025_10_21_RSFB-Phenotyping_GG1_JLU/2025_10_21_RSFB-Phenotyping_GG1_JLU/20251021_153433.jpg,2025_10_21_RSFB-Phenotyping_GG1_JLU/2025_10_21_RSFB-Phenotyping_GG1_JLU/20251021_130423.jpg,plot_c97ae335979f54b21f44,plot_8390a5f10d833e2ab881,47.0,20.0,5.0,14.5,0.00016307893383782357
2025_10_21_RSFB-Phenotyping_GG1_JLU/2025_10_21_RSFB-Phenotyping_GG1_JLU/20251021_153433.jpg,2025_10_21_RSFB-Phenotyping_GG1_JLU/2025_10_21_RSFB-Phenotyping_GG1_JLU/20251021_155103.jpg,plot_c97ae335979f54b21f44,plot_b499b14eca911be3b991,47.0,20.0,12.0,1.0,0.00016307893383782357
2025_10_21_RSFB-Phenotyping_GG1_JLU/2025_10_21_RSFB-Phenotyping_GG1_JLU/20251021_153433.jpg,2025_10_21_RSFB-Phenotyping_GG1_JLU/2025_10_21_RSFB-Phenotyping_GG1_JLU/20251021_161840.jpg,plot_c97ae335979f54b21f44,plot_fb549f03aaaa145785c8,47.0,20.0,3.0,13.0,0.00016307893383782357
2025_10_21_RSFB-Phenotyping_GG1_JLU/2025_10_21_RSFB-Phenotyping_GG1_JLU/20251021_153433.jpg,2025_10_21_RSFB-Phenotyping_GG1_JLU/2025_10_21_RSFB-Phenotyping_GG1_JLU/20251021_161751.jpg,plot_c97ae335979f54b21f44,plot_5ca84068b670156039bd,47.0,20.0,3.0,13.0,0.00016307893383782357
2025_10_21_RSFB-Phenotyping_GG1_JLU/2025_10_21_RSFB-Phenotyping_GG1_JLU/20251021_153433.jpg,2025_10_21_RSFB-Phenotyping_GG1_JLU/2025_10_21_RSFB-Phenotyping_GG1_JLU/20251021_123202.jpg,plot_c97ae335979f54b21f44,plot_a3e331c4e6fce2b877bd,47.0,20.0,5.0,12.0,0.00016307893383782357
2025_10_21_RSFB-Phenotyping_GG1_JLU/2025_10_21_RSFB-Phenotyping_GG1_JLU/20251021_153433.jpg,2025_10_21_RSFB-Phenotyping_GG1_JLU/2025_10_21_RSFB-Phenotyping_GG1_JLU/20251021_132342.jpg,plot_c97ae335979f54b21f44,plot_df712240205f755d4453,47.0,20.0,12.0,2.5,0.00016307893383782357
2025_10_21_RSFB-Phenotyping_GG1_JLU/2025_10_21_RSFB-Phenotyping_GG1_JLU/20251021_153433.jpg,2025_10_21_RSFB-Phenotyping_GG1_JLU/2025_10_21_RSFB-Phenotyping_GG1_JLU/20251021_153832.jpg,plot_c97ae335979f54b21f44,plot_64e19f5de9c116d1fbb6,47.0,20.0,4.0,14.0,0.00016307893383782357
2025_10_21_RSFB-Phenotyping_GG1_JLU/2025_10_21_RSFB-Phenotyping_GG1_JLU/20251021_153433.jpg,2025_10_21_RSFB-Phenotyping_GG1_JLU/2025_10_21_RSFB-Phenotyping_GG1_JLU/20251021_121843.jpg,plot_c97ae335979f54b21f44,plot_08853fb661302206a300,47.0,20.0,4.0,12.0,0.00016307893383782357
2025_10_21_RSFB-Phenotyping_GG1_JLU/2025_10_21_RSFB-Phenotyping_GG1_JLU/20251021_153433.jpg,2025_10_21_RSFB-Phenotyping_GG1_JLU/2025_10_21_RSFB-Phenotyping_GG1_JLU/20251021_162936.jpg,plot_c97ae335979f54b21f44,plot_6b8f7220a8a82d322a40,47.0,20.0,2.0,13.5,0.00016307893383782357
2025_10_21_RSFB-Phenotyping_GG1_JLU/2025_10_21_RSFB-Phenotyping_GG1_JLU/20251021_153433.jpg,2025_10_21_RSFB-Phenotyping_GG1_JLU/2025_10_21_RSFB-Phenotyping_GG1_JLU/20251021_161624.jpg,plot_c97ae335979f54b21f44,plot_3361cc58e772149f169e,47.0,20.0,12.0,3.0,0.00016307893383782357
2025_10_21_RSFB-Phenotyping_GG1_JLU/2025_10_21_RSFB-Phenotyping_GG1_JLU/20251021_153433.jpg,2025_10_21_RSFB-Phenotyping_GG1_JLU/2025_10_21_RSFB-Phenotyping_GG1_JLU/20251021_161857.jpg,plot_c97ae335979f54b21f44,plot_490a77dae7954530a2a4,47.0,20.0,5.0,13.300000190734863,0.00016307893383782357
2025_10_21_RSFB-Phenotyping_GG1_JLU/2025_10_21_RSFB-Phenotyping_GG1_JLU/20251021_153433.jpg,2025_10_21_RSFB-Phenotyping_GG1_JLU/2025_10_21_RSFB-Phenotyping_GG1_JLU/20251021_151432.jpg,plot_c97ae335979f54b21f44,plot_f19419da98fe0824600a,47.0,20.0,2.0,12.5,0.00016307893383782357
2025_10_21_RSFB-Phenotyping_GG1_JLU/2025_10_21_RSFB-Phenotyping_GG1_JLU/20251021_153433.jpg,2025_10_21_RSFB-Phenotyping_GG1_JLU/2025_10_21_RSFB-Phenotyping_GG1_JLU/20251021_125439.jpg,plot_c97ae335979f54b21f44,plot_ccfe1e329b419e50732e,47.0,20.0,13.0,6.5,0.00016307893383782357
2025_10_21_RSFB-Phenotyping_GG1_JLU/2025_10_21_RSFB-Phenotyping_GG1_JLU/20251021_153433.jpg,2025_10_21_RSFB-Phenotyping_GG1_JLU/2025_10_21_RSFB-Phenotyping_GG1_JLU/20251021_130737.jpg,plot_c97ae335979f54b21f44,plot_4c9e8c4301206d84387b,47.0,20.0,13.0,2.0,0.00016307893383782357
2025_10_21_RSFB-Phenotyping_GG1_JLU/2025_10_21_RSFB-Phenotyping_GG1_JLU/20251021_153433.jpg,2025_10_21_RSFB-Phenotyping_GG1_JLU/2025_10_21_RSFB-Phenotyping_GG1_JLU/20251021_151915.jpg,plot_c97ae335979f54b21f44,plot_6ca7eb46f81c9ecf993b,47.0,20.0,12.0,5.5,0.00016307893383782357
2025_10_21_RSFB-Phenotyping_GG1_JLU/2025_10_21_RSFB-Phenotyping_GG1_JLU/20251021_153433.jpg,2025_10_21_RSFB-Phenotyping_GG1_JLU/2025_10_21_RSFB-Phenotyping_GG1_JLU/20251021_152040.jpg,plot_c97ae335979f54b21f44,plot_aace551e1ccebf79dd75,47.0,20.0,14.0,4.5,0.00016307893383782357
2025_10_21_RSFB-Phenotyping_GG1_JLU/2025_10_21_RSFB-Phenotyping_GG1_JLU/20251021_153433.jpg,2025_10_21_RSFB-Phenotyping_GG1_JLU/2025_10_21_RSFB-Phenotyping_GG1_JLU/20251021_154509.jpg,plot_c97ae335979f54b21f44,plot_a2c6a5fd1e9b0c0d5868,47.0,20.0,13.0,6.0,0.00016307893383782357
2025_10_21_RSFB-Phenotyping_GG1_JLU/2025_10_21_RSFB-Phenotyping_GG1_JLU/20251021_153433.jpg,2025_10_21_RSFB-Phenotyping_GG1_JLU/2025_10_21_RSFB-Phenotyping_GG1_JLU/20251021_125431.jpg,plot_c97ae335979f54b21f44,plot_ccfe1e329b419e50732e,47.0,20.0,13.0,3.0,0.00016307893383782357
2025_10_21_RSFB-Phenotyping_GG1_JLU/2025_10_21_RSFB-Phenotyping_GG1_JLU/20251021_153433.jpg,2025_10_21_RSFB-Phenotyping_GG1_JLU/2025_10_21_RSFB-Phenotyping_GG1_JLU/20251021_124500.jpg,plot_c97ae335979f54b21f44,plot_ea75df3b909465cef7b1,47.0,20.0,5.0,12.0,0.00016307893383782357
2025_10_21_RSFB-Phenotyping_GG1_JLU/2025_10_21_RSFB-Phenotyping_GG1_JLU/20251021_153433.jpg,2025_10_21_RSFB-Phenotyping_GG1_JLU/2025_10_21_RSFB-Phenotyping_GG1_JLU/20251021_121126.jpg,plot_c97ae335979f54b21f44,plot_a7714d1b769d45a9b00a,47.0,20.0,2.0,14.5,0.00016307893383782357
2025_10_21_RSFB-Phenotyping_GG1_JLU/2025_10_21_RSFB-Phenotyping_GG1_JLU/20251021_153433.jpg,2025_10_21_RSFB-Phenotyping_GG1_JLU/2025_10_21_RSFB-Phenotyping_GG1_JLU/20251021_160714.jpg,plot_c97ae335979f54b21f44,plot_ea99039aeae06bdc085a,47.0,20.0,1.0,13.0,0.00016307893383782357
2025_10_21_RSFB-Phenotyping_GG1_JLU/2025_10_21_RSFB-Phenotyping_GG1_JLU/20251021_153433.jpg,2025_10_21_RSFB-Phenotyping_GG1_JLU/2025_10_21_RSFB-Phenotyping_GG1_JLU/20251021_152220.jpg,plot_c97ae335979f54b21f44,plot_67dc730dc218f4c377b3,47.0,20.0,14.0,5.0,0.00016307893383782357
2025_10_21_RSFB-Phenotyping_GG1_JLU/2025_10_21_RSFB-Phenotyping_GG1_JLU/20251021_153433.jpg,2025_10_21_RSFB-Phenotyping_GG1_JLU/2025_10_21_RSFB-Phenotyping_GG1_JLU/20251021_155233.jpg,plot_c97ae335979f54b21f44,plot_ae2984dd48723bc500ae,47.0,20.0,8.0,14.5,0.00016307893383782357
2025_10_21_RSFB-Phenotyping_GG1_JLU/2025_10_21_RSFB-Phenotyping_GG1_JLU/20251021_153433.jpg,2025_10_21_RSFB-Phenotyping_GG1_JLU/2025_10_21_RSFB-Phenotyping_GG1_JLU/20251021_124615.jpg,plot_c97ae335979f54b21f44,plot_9e661ae87ec066049f1f,47.0,20.0,5.0,11.5,0.00016307893383782357
2025_10_21_RSFB-Phenotyping_GG1_JLU/2025_10_21_RSFB-Phenotyping_GG1_JLU/20251021_153433.jpg,2025_10_21_RSFB-Phenotyping_GG1_JLU/2025_10_21_RSFB-Phenotyping_GG1_JLU/20251021_122605.jpg,plot_c97ae335979f54b21f44,plot_4460e7e9889b69d86dd3,47.0,20.0,1.0,14.0,0.00016307893383782357
2025_10_21_RSFB-Phenotyping_GG1_JLU/2025_10_21_RSFB-Phenotyping_GG1_JLU/20251021_153433.jpg,2025_10_21_RSFB-Phenotyping_GG1_JLU/2025_10_21_RSFB-Phenotyping_GG1_JLU/20251021_122013.jpg,plot_c97ae335979f54b21f44,plot_de57345dfd586882f461,47.0,20.0,5.0,14.0,0.00016307893383782357
2025_10_21_RSFB-Phenotyping_GG1_JLU/2025_10_21_RSFB-Phenotyping_GG1_JLU/20251021_153433.jpg,2025_10_21_RSFB-Phenotyping_GG1_JLU/2025_10_21_RSFB-Phenotyping_GG1_JLU/20251021_160301.jpg,plot_c97ae335979f54b21f44,plot_80ee42a305b824b5337d,47.0,20.0,2.0,12.5,0.00016307893383782357
2025_10_21_RSFB-Phenotyping_GG1_JLU/2025_10_21_RSFB-Phenotyping_GG1_JLU/20251021_153433.jpg,2025_10_21_RSFB-Phenotyping_GG1_JLU/2025_10_21_RSFB-Phenotyping_GG1_JLU/20251021_132801.jpg,plot_c97ae335979f54b21f44,plot_b2decf1cbf56bcdc6d32,47.0,20.0,3.0,12.5,0.00016307893383782357
2025_10_21_RSFB-Phenotyping_GG1_JLU/2025_10_21_RSFB-Phenotyping_GG1_JLU/20251021_121402.jpg,2025_10_21_RSFB-Phenotyping_GG1_JLU/2025_10_21_RSFB-Phenotyping_GG1_JLU/20251021_155103.jpg,plot_9594a1cc971fd111a051,plot_b499b14eca911be3b991,18.0,29.5,12.0,1.0,0.0012453299714252353
2025_10_21_RSFB-Phenotyping_GG1_JLU/2025_10_21_RSFB-Phenotyping_GG1_JLU/20251021_121402.jpg,2025_10_21_RSFB-Phenotyping_GG1_JLU/2025_10_21_RSFB-Phenotyping_GG1_JLU/20251021_161624.jpg,plot_9594a1cc971fd111a051,plot_3361cc58e772149f169e,18.0,29.5,12.0,3.0,0.0012453299714252353
2025_10_21_RSFB-Phenotyping_GG1_JLU/2025_10_21_RSFB-Phenotyping_GG1_JLU/20251021_121402.jpg,2025_10_21_RSFB-Phenotyping_GG1_JLU/2025_10_21_RSFB-Phenotyping_GG1_JLU/20251021_151915.jpg,plot_9594a1cc971fd111a051,plot_6ca7eb46f81c9ecf993b,18.0,29.5,12.0,5.5,0.0012453299714252353
2025_10_21_RSFB-Phenotyping_GG1_JLU/2025_10_21_RSFB-Phenotyping_GG1_JLU/20251021_121402.jpg,2025_10_21_RSFB-Phenotyping_GG1_JLU/2025_10_21_RSFB-Phenotyping_GG1_JLU/20251021_123202.jpg,plot_9594a1cc971fd111a051,plot_a3e331c4e6fce2b877bd,18.0,29.5,5.0,12.0,0.0012453299714252353
2025_10_21_RSFB-Phenotyping_GG1_JLU/2025_10_21_RSFB-Phenotyping_GG1_JLU/20251021_121402.jpg,2025_10_21_RSFB-Phenotyping_GG1_JLU/2025_10_21_RSFB-Phenotyping_GG1_JLU/20251021_124500.jpg,plot_9594a1cc971fd111a051,plot_ea75df3b909465cef7b1,18.0,29.5,5.0,12.0,0.0012453299714252353
2025_10_21_RSFB-Phenotyping_GG1_JLU/2025_10_21_RSFB-Phenotyping_GG1_JLU/20251021_121402.jpg,2025_10_21_RSFB-Phenotyping_GG1_JLU/2025_10_21_RSFB-Phenotyping_GG1_JLU/20251021_124615.jpg,plot_9594a1cc971fd111a051,plot_9e661ae87ec066049f1f,18.0,29.5,5.0,11.5,0.0012453299714252353
2025_10_21_RSFB-Phenotyping_GG1_JLU/2025_10_21_RSFB-Phenotyping_GG1_JLU/20251021_121402.jpg,2025_10_21_RSFB-Phenotyping_GG1_JLU/2025_10_21_RSFB-Phenotyping_GG1_JLU/20251021_160301.jpg,plot_9594a1cc971fd111a051,plot_80ee42a305b824b5337d,18.0,29.5,2.0,12.5,0.0012453299714252353
2025_10_21_RSFB-Phenotyping_GG1_JLU/2025_10_21_RSFB-Phenotyping_GG1_JLU/20251021_121402.jpg,2025_10_21_RSFB-Phenotyping_GG1_JLU/2025_10_21_RSFB-Phenotyping_GG1_JLU/20251021_132801.jpg,plot_9594a1cc971fd111a051,plot_b2decf1cbf56bcdc6d32,18.0,29.5,3.0,12.5,0.0012453299714252353
2025_10_21_RSFB-Phenotyping_GG1_JLU/2025_10_21_RSFB-Phenotyping_GG1_JLU/20251021_121402.jpg,2025_10_21_RSFB-Phenotyping_GG1_JLU/2025_10_21_RSFB-Phenotyping_GG1_JLU/20251021_121843.jpg,plot_9594a1cc971fd111a051,plot_08853fb661302206a300,18.0,29.5,4.0,12.0,0.0012453299714252353
2025_10_21_RSFB-Phenotyping_GG1_JLU/2025_10_21_RSFB-Phenotyping_GG1_JLU/20251021_121402.jpg,2025_10_21_RSFB-Phenotyping_GG1_JLU/2025_10_21_RSFB-Phenotyping_GG1_JLU/20251021_132342.jpg,plot_9594a1cc971fd111a051,plot_df712240205f755d4453,18.0,29.5,12.0,2.5,0.0012453299714252353
2025_10_21_RSFB-Phenotyping_GG1_JLU/2025_10_21_RSFB-Phenotyping_GG1_JLU/20251021_121402.jpg,2025_10_21_RSFB-Phenotyping_GG1_JLU/2025_10_21_RSFB-Phenotyping_GG1_JLU/20251021_151432.jpg,plot_9594a1cc971fd111a051,plot_f19419da98fe0824600a,18.0,29.5,2.0,12.5,0.0012453299714252353
2025_10_21_RSFB-Phenotyping_GG1_JLU/2025_10_21_RSFB-Phenotyping_GG1_JLU/20251021_132617.jpg,2025_10_21_RSFB-Phenotyping_GG1_JLU/2025_10_21_RSFB-Phenotyping_GG1_JLU/20251021_125431.jpg,plot_f33a9bfab8bd87f9261c,plot_ccfe1e329b419e50732e,35.0,18.5,13.0,3.0,0.0002361832739552483
2025_10_21_RSFB-Phenotyping_GG1_JLU/2025_10_21_RSFB-Phenotyping_GG1_JLU/20251021_132617.jpg,2025_10_21_RSFB-Phenotyping_GG1_JLU/2025_10_21_RSFB-Phenotyping_GG1_JLU/20251021_130737.jpg,plot_f33a9bfab8bd87f9261c,plot_4c9e8c4301206d84387b,35.0,18.5,13.0,2.0,0.0002361832739552483
2025_10_21_RSFB-Phenotyping_GG1_JLU/2025_10_21_RSFB-Phenotyping_GG1_JLU/20251021_132617.jpg,2025_10_21_RSFB-Phenotyping_GG1_JLU/2025_10_21_RSFB-Phenotyping_GG1_JLU/20251021_121843.jpg,plot_f33a9bfab8bd87f9261c,plot_08853fb661302206a300,35.0,18.5,4.0,12.0,0.0002361832739552483
2025_10_21_RSFB-Phenotyping_GG1_JLU/2025_10_21_RSFB-Phenotyping_GG1_JLU/20251021_132617.jpg,2025_10_21_RSFB-Phenotyping_GG1_JLU/2025_10_21_RSFB-Phenotyping_GG1_JLU/20251021_155103.jpg,plot_f33a9bfab8bd87f9261c,plot_b499b14eca911be3b991,35.0,18.5,12.0,1.0,0.0002361832739552483
2025_10_21_RSFB-Phenotyping_GG1_JLU/2025_10_21_RSFB-Phenotyping_GG1_JLU/20251021_132617.jpg,2025_10_21_RSFB-Phenotyping_GG1_JLU/2025_10_21_RSFB-Phenotyping_GG1_JLU/20251021_125439.jpg,plot_f33a9bfab8bd87f9261c,plot_ccfe1e329b419e50732e,35.0,18.5,13.0,6.5,0.0002361832739552483
2025_10_21_RSFB-Phenotyping_GG1_JLU/2025_10_21_RSFB-Phenotyping_GG1_JLU/20251021_132617.jpg,2025_10_21_RSFB-Phenotyping_GG1_JLU/2025_10_21_RSFB-Phenotyping_GG1_JLU/20251021_151432.jpg,plot_f33a9bfab8bd87f9261c,plot_f19419da98fe0824600a,35.0,18.5,2.0,12.5,0.0002361832739552483
2025_10_21_RSFB-Phenotyping_GG1_JLU/2025_10_21_RSFB-Phenotyping_GG1_JLU/20251021_132617.jpg,2025_10_21_RSFB-Phenotyping_GG1_JLU/2025_10_21_RSFB-Phenotyping_GG1_JLU/20251021_161840.jpg,plot_f33a9bfab8bd87f9261c,plot_fb549f03aaaa145785c8,35.0,18.5,3.0,13.0,0.0002361832739552483
2025_10_21_RSFB-Phenotyping_GG1_JLU/2025_10_21_RSFB-Phenotyping_GG1_JLU/20251021_132617.jpg,2025_10_21_RSFB-Phenotyping_GG1_JLU/2025_10_21_RSFB-Phenotyping_GG1_JLU/20251021_123202.jpg,plot_f33a9bfab8bd87f9261c,plot_a3e331c4e6fce2b877bd,35.0,18.5,5.0,12.0,0.0002361832739552483
2025_10_21_RSFB-Phenotyping_GG1_JLU/2025_10_21_RSFB-Phenotyping_GG1_JLU/20251021_132617.jpg,2025_10_21_RSFB-Phenotyping_GG1_JLU/2025_10_21_RSFB-Phenotyping_GG1_JLU/20251021_161857.jpg,plot_f33a9bfab8bd87f9261c,plot_490a77dae7954530a2a4,35.0,18.5,5.0,13.300000190734863,0.0002361832739552483
2025_10_21_RSFB-Phenotyping_GG1_JLU/2025_10_21_RSFB-Phenotyping_GG1_JLU/20251021_132617.jpg,2025_10_21_RSFB-Phenotyping_GG1_JLU/2025_10_21_RSFB-Phenotyping_GG1_JLU/20251021_161751.jpg,plot_f33a9bfab8bd87f9261c,plot_5ca84068b670156039bd,35.0,18.5,3.0,13.0,0.0002361832739552483
2025_10_21_RSFB-Phenotyping_GG1_JLU/2025_10_21_RSFB-Phenotyping_GG1_JLU/20251021_132617.jpg,2025_10_21_RSFB-Phenotyping_GG1_JLU/2025_10_21_RSFB-Phenotyping_GG1_JLU/20251021_132801.jpg,plot_f33a9bfab8bd87f9261c,plot_b2decf1cbf56bcdc6d32,35.0,18.5,3.0,12.5,0.0002361832739552483
2025_10_21_RSFB-Phenotyping_GG1_JLU/2025_10_21_RSFB-Phenotyping_GG1_JLU/20251021_132617.jpg,2025_10_21_RSFB-Phenotyping_GG1_JLU/2025_10_21_RSFB-Phenotyping_GG1_JLU/20251021_154509.jpg,plot_f33a9bfab8bd87f9261c,plot_a2c6a5fd1e9b0c0d5868,35.0,18.5,13.0,6.0,0.0002361832739552483
2025_10_21_RSFB-Phenotyping_GG1_JLU/2025_10_21_RSFB-Phenotyping_GG1_JLU/20251021_132617.jpg,2025_10_21_RSFB-Phenotyping_GG1_JLU/2025_10_21_RSFB-Phenotyping_GG1_JLU/20251021_124500.jpg,plot_f33a9bfab8bd87f9261c,plot_ea75df3b909465cef7b1,35.0,18.5,5.0,12.0,0.0002361832739552483
2025_10_21_RSFB-Phenotyping_GG1_JLU/2025_10_21_RSFB-Phenotyping_GG1_JLU/20251021_132617.jpg,2025_10_21_RSFB-Phenotyping_GG1_JLU/2025_10_21_RSFB-Phenotyping_GG1_JLU/20251021_161624.jpg,plot_f33a9bfab8bd87f9261c,plot_3361cc58e772149f169e,35.0,18.5,12.0,3.0,0.0002361832739552483
2025_10_21_RSFB-Phenotyping_GG1_JLU/2025_10_21_RSFB-Phenotyping_GG1_JLU/20251021_132617.jpg,2025_10_21_RSFB-Phenotyping_GG1_JLU/2025_10_21_RSFB-Phenotyping_GG1_JLU/20251021_160714.jpg,plot_f33a9bfab8bd87f9261c,plot_ea99039aeae06bdc085a,35.0,18.5,1.0,13.0,0.0002361832739552483
2025_10_21_RSFB-Phenotyping_GG1_JLU/2025_10_21_RSFB-Phenotyping_GG1_JLU/20251021_132617.jpg,2025_10_21_RSFB-Phenotyping_GG1_JLU/2025_10_21_RSFB-Phenotyping_GG1_JLU/20251021_151915.jpg,plot_f33a9bfab8bd87f9261c,plot_6ca7eb46f81c9ecf993b,35.0,18.5,12.0,5.5,0.0002361832739552483
2025_10_21_RSFB-Phenotyping_GG1_JLU/2025_10_21_RSFB-Phenotyping_GG1_JLU/20251021_132617.jpg,2025_10_21_RSFB-Phenotyping_GG1_JLU/2025_10_21_RSFB-Phenotyping_GG1_JLU/20251021_124615.jpg,plot_f33a9bfab8bd87f9261c,plot_9e661ae87ec066049f1f,35.0,18.5,5.0,11.5,0.0002361832739552483
2025_10_21_RSFB-Phenotyping_GG1_JLU/2025_10_21_RSFB-Phenotyping_GG1_JLU/20251021_132617.jpg,2025_10_21_RSFB-Phenotyping_GG1_JLU/2025_10_21_RSFB-Phenotyping_GG1_JLU/20251021_160301.jpg,plot_f33a9bfab8bd87f9261c,plot_80ee42a305b824b5337d,35.0,18.5,2.0,12.5,0.0002361832739552483
2025_10_21_RSFB-Phenotyping_GG1_JLU/2025_10_21_RSFB-Phenotyping_GG1_JLU/20251021_151809.jpg,2025_10_21_RSFB-Phenotyping_GG1_JLU/2025_10_21_RSFB-Phenotyping_GG1_JLU/20251021_121834.jpg,plot_e7c3e4a405d958645dc0,plot_08853fb661302206a300,47.0,25.5,5.0,15.0,0.00011708230886142701
2025_10_21_RSFB-Phenotyping_GG1_JLU/2025_10_21_RSFB-Phenotyping_GG1_JLU/20251021_151809.jpg,2025_10_21_RSFB-Phenotyping_GG1_JLU/2025_10_21_RSFB-Phenotyping_GG1_JLU/20251021_155912.jpg,plot_e7c3e4a405d958645dc0,plot_e898a4d9ed85e24ff050,47.0,25.5,20.0,11.5,0.00011708230886142701
2025_10_21_RSFB-Phenotyping_GG1_JLU/2025_10_21_RSFB-Phenotyping_GG1_JLU/20251021_151809.jpg,2025_10_21_RSFB-Phenotyping_GG1_JLU/2025_10_21_RSFB-Phenotyping_GG1_JLU/20251021_125439.jpg,plot_e7c3e4a405d958645dc0,plot_ccfe1e329b419e50732e,47.0,25.5,13.0,6.5,0.00011708230886142701
2025_10_21_RSFB-Phenotyping_GG1_JLU/2025_10_21_RSFB-Phenotyping_GG1_JLU/20251021_151809.jpg,2025_10_21_RSFB-Phenotyping_GG1_JLU/2025_10_21_RSFB-Phenotyping_GG1_JLU/20251021_153759.jpg,plot_e7c3e4a405d958645dc0,plot_6eb12f9531516cbd1434,47.0,25.5,20.0,11.5,0.00011708230886142701
2025_10_21_RSFB-Phenotyping_GG1_JLU/2025_10_21_RSFB-Phenotyping_GG1_JLU/20251021_151809.jpg,2025_10_21_RSFB-Phenotyping_GG1_JLU/2025_10_21_RSFB-Phenotyping_GG1_JLU/20251021_122402.jpg,plot_e7c3e4a405d958645dc0,plot_16577622d2052f869752,47.0,25.5,15.0,7.0,0.00011708230886142701
2025_10_21_RSFB-Phenotyping_GG1_JLU/2025_10_21_RSFB-Phenotyping_GG1_JLU/20251021_151809.jpg,2025_10_21_RSFB-Phenotyping_GG1_JLU/2025_10_21_RSFB-Phenotyping_GG1_JLU/20251021_155137.jpg,plot_e7c3e4a405d958645dc0,plot_7ff767c1ada4e85b6156,47.0,25.5,20.0,11.5,0.00011708230886142701
2025_10_21_RSFB-Phenotyping_GG1_JLU/2025_10_21_RSFB-Phenotyping_GG1_JLU/20251021_151809.jpg,2025_10_21_RSFB-Phenotyping_GG1_JLU/2025_10_21_RSFB-Phenotyping_GG1_JLU/20251021_121246.jpg,plot_e7c3e4a405d958645dc0,plot_09d8a533567043e69854,47.0,25.5,7.0,13.5,0.00011708230886142701
2025_10_21_RSFB-Phenotyping_GG1_JLU/2025_10_21_RSFB-Phenotyping_GG1_JLU/20251021_151809.jpg,2025_10_21_RSFB-Phenotyping_GG1_JLU/2025_10_21_RSFB-Phenotyping_GG1_JLU/20251021_153940.jpg,plot_e7c3e4a405d958645dc0,plot_1b85c4977624caa5e831,47.0,25.5,20.0,10.5,0.00011708230886142701
2025_10_21_RSFB-Phenotyping_GG1_JLU/2025_10_21_RSFB-Phenotyping_GG1_JLU/20251021_151809.jpg,2025_10_21_RSFB-Phenotyping_GG1_JLU/2025_10_21_RSFB-Phenotyping_GG1_JLU/20251021_121517.jpg,plot_e7c3e4a405d958645dc0,plot_d262175a030921a83f7c,47.0,25.5,9.0,17.5,0.00011708230886142701
2025_10_21_RSFB-Phenotyping_GG1_JLU/2025_10_21_RSFB-Phenotyping_GG1_JLU/20251021_151809.jpg,2025_10_21_RSFB-Phenotyping_GG1_JLU/2025_10_21_RSFB-Phenotyping_GG1_JLU/20251021_155835.jpg,plot_e7c3e4a405d958645dc0,plot_c56b353ccd4d762a32d5,47.0,25.5,20.0,13.0,0.00011708230886142701
2025_10_21_RSFB-Phenotyping_GG1_JLU/2025_10_21_RSFB-Phenotyping_GG1_JLU/20251021_151809.jpg,2025_10_21_RSFB-Phenotyping_GG1_JLU/2025_10_21_RSFB-Phenotyping_GG1_JLU/20251021_155808.jpg,plot_e7c3e4a405d958645dc0,plot_7b5226474d03f55ab84a,47.0,25.5,2.0,15.0,0.00011708230886142701
2025_10_21_RSFB-Phenotyping_GG1_JLU/2025_10_21_RSFB-Phenotyping_GG1_JLU/20251021_151809.jpg,2025_10_21_RSFB-Phenotyping_GG1_JLU/2025_10_21_RSFB-Phenotyping_GG1_JLU/20251021_125423.jpg,plot_e7c3e4a405d958645dc0,plot_ccfe1e329b419e50732e,47.0,25.5,20.0,13.0,0.00011708230886142701
2025_10_21_RSFB-Phenotyping_GG1_JLU/2025_10_21_RSFB-Phenotyping_GG1_JLU/20251021_151809.jpg,2025_10_21_RSFB-Phenotyping_GG1_JLU/2025_10_21_RSFB-Phenotyping_GG1_JLU/20251021_130045.jpg,plot_e7c3e4a405d958645dc0,plot_7c9b9d5dc347e36cbea8,47.0,25.5,15.0,9.0,0.00011708230886142701
2025_10_21_RSFB-Phenotyping_GG1_JLU/2025_10_21_RSFB-Phenotyping_GG1_JLU/20251021_151809.jpg,2025_10_21_RSFB-Phenotyping_GG1_JLU/2025_10_21_RSFB-Phenotyping_GG1_JLU/20251021_122752.jpg,plot_e7c3e4a405d958645dc0,plot_643644993e9d28503809,47.0,25.5,20.0,13.5,0.00011708230886142701
2025_10_21_RSFB-Phenotyping_GG1_JLU/2025_10_21_RSFB-Phenotyping_GG1_JLU/20251021_151809.jpg,2025_10_21_RSFB-Phenotyping_GG1_JLU/2025_10_21_RSFB-Phenotyping_GG1_JLU/20251021_162544.jpg,plot_e7c3e4a405d958645dc0,plot_f2bc805c9b8565c243bf,47.0,25.5,20.0,12.5,0.00011708230886142701
2025_10_21_RSFB-Phenotyping_GG1_JLU/2025_10_21_RSFB-Phenotyping_GG1_JLU/20251021_151809.jpg,2025_10_21_RSFB-Phenotyping_GG1_JLU/2025_10_21_RSFB-Phenotyping_GG1_JLU/20251021_124500.jpg,plot_e7c3e4a405d958645dc0,plot_ea75df3b909465cef7b1,47.0,25.5,5.0,12.0,0.00011708230886142701
2025_10_21_RSFB-Phenotyping_GG1_JLU/2025_10_21_RSFB-Phenotyping_GG1_JLU/20251021_151809.jpg,2025_10_21_RSFB-Phenotyping_GG1_JLU/2025_10_21_RSFB-Phenotyping_GG1_JLU/20251021_151921.jpg,plot_e7c3e4a405d958645dc0,plot_6ca7eb46f81c9ecf993b,47.0,25.5,20.0,12.0,0.00011708230886142701
2025_10_21_RSFB-Phenotyping_GG1_JLU/2025_10_21_RSFB-Phenotyping_GG1_JLU/20251021_151809.jpg,2025_10_21_RSFB-Phenotyping_GG1_JLU/2025_10_21_RSFB-Phenotyping_GG1_JLU/20251021_121755.jpg,plot_e7c3e4a405d958645dc0,plot_7085c17d28247f52ec8b,47.0,25.5,15.0,5.0,0.00011708230886142701
2025_10_21_RSFB-Phenotyping_GG1_JLU/2025_10_21_RSFB-Phenotyping_GG1_JLU/20251021_151809.jpg,2025_10_21_RSFB-Phenotyping_GG1_JLU/2025_10_21_RSFB-Phenotyping_GG1_JLU/20251021_123930.jpg,plot_e7c3e4a405d958645dc0,plot_57717e3cb06d560f3a82,47.0,25.5,18.0,12.0,0.00011708230886142701
2025_10_21_RSFB-Phenotyping_GG1_JLU/2025_10_21_RSFB-Phenotyping_GG1_JLU/20251021_151809.jpg,2025_10_21_RSFB-Phenotyping_GG1_JLU/2025_10_21_RSFB-Phenotyping_GG1_JLU/20251021_160143.jpg,plot_e7c3e4a405d958645dc0,plot_0b9b0648c6ff45bf1b42,47.0,25.5,20.0,8.0,0.00011708230886142701
2025_10_21_RSFB-Phenotyping_GG1_JLU/2025_10_21_RSFB-Phenotyping_GG1_JLU/20251021_151809.jpg,2025_10_21_RSFB-Phenotyping_GG1_JLU/2025_10_21_RSFB-Phenotyping_GG1_JLU/20251021_162616.jpg,plot_e7c3e4a405d958645dc0,plot_49366699fc79f58ef04c,47.0,25.5,20.0,13.5,0.00011708230886142701
2025_10_21_RSFB-Phenotyping_GG1_JLU/2025_10_21_RSFB-Phenotyping_GG1_JLU/20251021_151809.jpg,2025_10_21_RSFB-Phenotyping_GG1_JLU/2025_10_21_RSFB-Phenotyping_GG1_JLU/20251021_132056.jpg,plot_e7c3e4a405d958645dc0,plot_a2622f860df5cef3e355,47.0,25.5,20.0,3.5,0.00011708230886142701
2025_10_21_RSFB-Phenotyping_GG1_JLU/2025_10_21_RSFB-Phenotyping_GG1_JLU/20251021_151809.jpg,2025_10_21_RSFB-Phenotyping_GG1_JLU/2025_10_21_RSFB-Phenotyping_GG1_JLU/20251021_123732.jpg,plot_e7c3e4a405d958645dc0,plot_df82b24c1834a891c644,47.0,25.5,20.0,13.5,0.00011708230886142701
2025_10_21_RSFB-Phenotyping_GG1_JLU/2025_10_21_RSFB-Phenotyping_GG1_JLU/20251021_151809.jpg,2025_10_21_RSFB-Phenotyping_GG1_JLU/2025_10_21_RSFB-Phenotyping_GG1_JLU/20251021_122823.jpg,plot_e7c3e4a405d958645dc0,plot_5143cf8e4865a2e2e3c7,47.0,25.5,15.0,7.0,0.00011708230886142701
2025_10_21_RSFB-Phenotyping_GG1_JLU/2025_10_21_RSFB-Phenotyping_GG1_JLU/20251021_151809.jpg,2025_10_21_RSFB-Phenotyping_GG1_JLU/2025_10_21_RSFB-Phenotyping_GG1_JLU/20251021_121951.jpg,plot_e7c3e4a405d958645dc0,plot_fc292ac3221828037f2a,47.0,25.5,20.0,13.5,0.00011708230886142701
2025_10_21_RSFB-Phenotyping_GG1_JLU/2025_10_21_RSFB-Phenotyping_GG1_JLU/20251021_151809.jpg,2025_10_21_RSFB-Phenotyping_GG1_JLU/2025_10_21_RSFB-Phenotyping_GG1_JLU/20251021_152213.jpg,plot_e7c3e4a405d958645dc0,plot_67dc730dc218f4c377b3,47.0,25.5,20.0,7.5,0.00011708230886142701
2025_10_21_RSFB-Phenotyping_GG1_JLU/2025_10_21_RSFB-Phenotyping_GG1_JLU/20251021_151809.jpg,2025_10_21_RSFB-Phenotyping_GG1_JLU/2025_10_21_RSFB-Phenotyping_GG1_JLU/20251021_131548.jpg,plot_e7c3e4a405d958645dc0,plot_9b8bbe6f8d57fa8f84f0,47.0,25.5,20.0,12.5,0.00011708230886142701
2025_10_21_RSFB-Phenotyping_GG1_JLU/2025_10_21_RSFB-Phenotyping_GG1_JLU/20251021_151809.jpg,2025_10_21_RSFB-Phenotyping_GG1_JLU/2025_10_21_RSFB-Phenotyping_GG1_JLU/20251021_130209.jpg,plot_e7c3e4a405d958645dc0,plot_be7d2dcdea72b37dc9bf,47.0,25.5,15.0,7.5,0.00011708230886142701
2025_10_21_RSFB-Phenotyping_GG1_JLU/2025_10_21_RSFB-Phenotyping_GG1_JLU/20251021_151809.jpg,2025_10_21_RSFB-Phenotyping_GG1_JLU/2025_10_21_RSFB-Phenotyping_GG1_JLU/20251021_155857.jpg,plot_e7c3e4a405d958645dc0,plot_e898a4d9ed85e24ff050,47.0,25.5,12.0,18.5,0.00011708230886142701
2025_10_21_RSFB-Phenotyping_GG1_JLU/2025_10_21_RSFB-Phenotyping_GG1_JLU/20251021_151809.jpg,2025_10_21_RSFB-Phenotyping_GG1_JLU/2025_10_21_RSFB-Phenotyping_GG1_JLU/20251021_154051.jpg,plot_e7c3e4a405d958645dc0,plot_1ec8031b29f0a96ca6fd,47.0,25.5,18.0,10.5,0.00011708230886142701
2025_10_21_RSFB-Phenotyping_GG1_JLU/2025_10_21_RSFB-Phenotyping_GG1_JLU/20251021_151809.jpg,2025_10_21_RSFB-Phenotyping_GG1_JLU/2025_10_21_RSFB-Phenotyping_GG1_JLU/20251021_161624.jpg,plot_e7c3e4a405d958645dc0,plot_3361cc58e772149f169e,47.0,25.5,12.0,3.0,0.00011708230886142701
2025_10_21_RSFB-Phenotyping_GG1_JLU/2025_10_21_RSFB-Phenotyping_GG1_JLU/20251021_151809.jpg,2025_10_21_RSFB-Phenotyping_GG1_JLU/2025_10_21_RSFB-Phenotyping_GG1_JLU/20251021_153258.jpg,plot_e7c3e4a405d958645dc0,plot_de2fe6a6d345961359f9,47.0,25.5,20.0,5.0,0.00011708230886142701
2025_10_21_RSFB-Phenotyping_GG1_JLU/2025_10_21_RSFB-Phenotyping_GG1_JLU/20251021_151809.jpg,2025_10_21_RSFB-Phenotyping_GG1_JLU/2025_10_21_RSFB-Phenotyping_GG1_JLU/20251021_132801.jpg,plot_e7c3e4a405d958645dc0,plot_b2decf1cbf56bcdc6d32,47.0,25.5,3.0,12.5,0.00011708230886142701
2025_10_21_RSFB-Phenotyping_GG1_JLU/2025_10_21_RSFB-Phenotyping_GG1_JLU/20251021_151809.jpg,2025_10_21_RSFB-Phenotyping_GG1_JLU/2025_10_21_RSFB-Phenotyping_GG1_JLU/20251021_132050.jpg,plot_e7c3e4a405d958645dc0,plot_a2622f860df5cef3e355,47.0,25.5,15.0,5.5,0.00011708230886142701
2025_10_21_RSFB-Phenotyping_GG1_JLU/2025_10_21_RSFB-Phenotyping_GG1_JLU/20251021_151809.jpg,2025_10_21_RSFB-Phenotyping_GG1_JLU/2025_10_21_RSFB-Phenotyping_GG1_JLU/20251021_124615.jpg,plot_e7c3e4a405d958645dc0,plot_9e661ae87ec066049f1f,47.0,25.5,5.0,11.5,0.00011708230886142701
2025_10_21_RSFB-Phenotyping_GG1_JLU/2025_10_21_RSFB-Phenotyping_GG1_JLU/20251021_151809.jpg,2025_10_21_RSFB-Phenotyping_GG1_JLU/2025_10_21_RSFB-Phenotyping_GG1_JLU/20251021_151432.jpg,plot_e7c3e4a405d958645dc0,plot_f19419da98fe0824600a,47.0,25.5,2.0,12.5,0.00011708230886142701
2025_10_21_RSFB-Phenotyping_GG1_JLU/2025_10_21_RSFB-Phenotyping_GG1_JLU/20251021_151809.jpg,2025_10_21_RSFB-Phenotyping_GG1_JLU/2025_10_21_RSFB-Phenotyping_GG1_JLU/20251021_122330.jpg,plot_e7c3e4a405d958645dc0,plot_f0fdaec340e3ae5ac4bf,47.0,25.5,2.0,16.0,0.00011708230886142701
2025_10_21_RSFB-Phenotyping_GG1_JLU/2025_10_21_RSFB-Phenotyping_GG1_JLU/20251021_151809.jpg,2025_10_21_RSFB-Phenotyping_GG1_JLU/2025_10_21_RSFB-Phenotyping_GG1_JLU/20251021_132410.jpg,plot_e7c3e4a405d958645dc0,plot_04441862d5c5dd0b49cc,47.0,25.5,15.0,8.0,0.00011708230886142701
2025_10_21_RSFB-Phenotyping_GG1_JLU/2025_10_21_RSFB-Phenotyping_GG1_JLU/20251021_151809.jpg,2025_10_21_RSFB-Phenotyping_GG1_JLU/2025_10_21_RSFB-Phenotyping_GG1_JLU/20251021_160301.jpg,plot_e7c3e4a405d958645dc0,plot_80ee42a305b824b5337d,47.0,25.5,2.0,12.5,0.00011708230886142701
2025_10_21_RSFB-Phenotyping_GG1_JLU/2025_10_21_RSFB-Phenotyping_GG1_JLU/20251021_151809.jpg,2025_10_21_RSFB-Phenotyping_GG1_JLU/2025_10_21_RSFB-Phenotyping_GG1_JLU/20251021_124648.jpg,plot_e7c3e4a405d958645dc0,plot_85463dcf1e4272fe283b,47.0,25.5,18.0,10.5,0.00011708230886142701
2025_10_21_RSFB-Phenotyping_GG1_JLU/2025_10_21_RSFB-Phenotyping_GG1_JLU/20251021_152331.jpg,2025_10_21_RSFB-Phenotyping_GG1_JLU/2025_10_21_RSFB-Phenotyping_GG1_JLU/20251021_124615.jpg,plot_d4455d800f102e758eb6,plot_9e661ae87ec066049f1f,35.0,17.5,5.0,11.5,0.000684931525029242
2025_10_21_RSFB-Phenotyping_GG1_JLU/2025_10_21_RSFB-Phenotyping_GG1_JLU/20251021_152331.jpg,2025_10_21_RSFB-Phenotyping_GG1_JLU/2025_10_21_RSFB-Phenotyping_GG1_JLU/20251021_151915.jpg,plot_d4455d800f102e758eb6,plot_6ca7eb46f81c9ecf993b,35.0,17.5,12.0,5.5,0.000684931525029242
2025_10_21_RSFB-Phenotyping_GG1_JLU/2025_10_21_RSFB-Phenotyping_GG1_JLU/20251021_152331.jpg,2025_10_21_RSFB-Phenotyping_GG1_JLU/2025_10_21_RSFB-Phenotyping_GG1_JLU/20251021_161624.jpg,plot_d4455d800f102e758eb6,plot_3361cc58e772149f169e,35.0,17.5,12.0,3.0,0.000684931525029242
2025_10_21_RSFB-Phenotyping_GG1_JLU/2025_10_21_RSFB-Phenotyping_GG1_JLU/20251021_152331.jpg,2025_10_21_RSFB-Phenotyping_GG1_JLU/2025_10_21_RSFB-Phenotyping_GG1_JLU/20251021_123202.jpg,plot_d4455d800f102e758eb6,plot_a3e331c4e6fce2b877bd,35.0,17.5,5.0,12.0,0.000684931525029242
2025_10_21_RSFB-Phenotyping_GG1_JLU/2025_10_21_RSFB-Phenotyping_GG1_JLU/20251021_152331.jpg,2025_10_21_RSFB-Phenotyping_GG1_JLU/2025_10_21_RSFB-Phenotyping_GG1_JLU/20251021_124500.jpg,plot_d4455d800f102e758eb6,plot_ea75df3b909465cef7b1,35.0,17.5,5.0,12.0,0.000684931525029242
2025_10_21_RSFB-Phenotyping_GG1_JLU/2025_10_21_RSFB-Phenotyping_GG1_JLU/20251021_121721.jpg,2025_10_21_RSFB-Phenotyping_GG1_JLU/2025_10_21_RSFB-Phenotyping_GG1_JLU/20251021_123202.jpg,plot_1567e6fbdfcaddf7a13f,plot_a3e331c4e6fce2b877bd,50.0,26.5,5.0,12.0,0.00011415524932090193
2025_10_21_RSFB-Phenotyping_GG1_JLU/2025_10_21_RSFB-Phenotyping_GG1_JLU/20251021_121721.jpg,2025_10_21_RSFB-Phenotyping_GG1_JLU/2025_10_21_RSFB-Phenotyping_GG1_JLU/20251021_131548.jpg,plot_1567e6fbdfcaddf7a13f,plot_9b8bbe6f8d57fa8f84f0,50.0,26.5,20.0,12.5,0.00011415524932090193
2025_10_21_RSFB-Phenotyping_GG1_JLU/2025_10_21_RSFB-Phenotyping_GG1_JLU/20251021_121721.jpg,2025_10_21_RSFB-Phenotyping_GG1_JLU/2025_10_21_RSFB-Phenotyping_GG1_JLU/20251021_131411.jpg,plot_1567e6fbdfcaddf7a13f,plot_e26908bc9222e28c92ff,50.0,26.5,15.0,4.5,0.00011415524932090193
2025_10_21_RSFB-Phenotyping_GG1_JLU/2025_10_21_RSFB-Phenotyping_GG1_JLU/20251021_121721.jpg,2025_10_21_RSFB-Phenotyping_GG1_JLU/2025_10_21_RSFB-Phenotyping_GG1_JLU/20251021_122752.jpg,plot_1567e6fbdfcaddf7a13f,plot_643644993e9d28503809,50.0,26.5,20.0,13.5,0.00011415524932090193
2025_10_21_RSFB-Phenotyping_GG1_JLU/2025_10_21_RSFB-Phenotyping_GG1_JLU/20251021_121721.jpg,2025_10_21_RSFB-Phenotyping_GG1_JLU/2025_10_21_RSFB-Phenotyping_GG1_JLU/20251021_121353.jpg,plot_1567e6fbdfcaddf7a13f,plot_9594a1cc971fd111a051,50.0,26.5,7.0,19.5,0.00011415524932090193
2025_10_21_RSFB-Phenotyping_GG1_JLU/2025_10_21_RSFB-Phenotyping_GG1_JLU/20251021_121721.jpg,2025_10_21_RSFB-Phenotyping_GG1_JLU/2025_10_21_RSFB-Phenotyping_GG1_JLU/20251021_121951.jpg,plot_1567e6fbdfcaddf7a13f,plot_fc292ac3221828037f2a,50.0,26.5,20.0,13.5,0.00011415524932090193
2025_10_21_RSFB-Phenotyping_GG1_JLU/2025_10_21_RSFB-Phenotyping_GG1_JLU/20251021_121721.jpg,2025_10_21_RSFB-Phenotyping_GG1_JLU/2025_10_21_RSFB-Phenotyping_GG1_JLU/20251021_130737.jpg,plot_1567e6fbdfcaddf7a13f,plot_4c9e8c4301206d84387b,50.0,26.5,13.0,2.0,0.00011415524932090193
2025_10_21_RSFB-Phenotyping_GG1_JLU/2025_10_21_RSFB-Phenotyping_GG1_JLU/20251021_121721.jpg,2025_10_21_RSFB-Phenotyping_GG1_JLU/2025_10_21_RSFB-Phenotyping_GG1_JLU/20251021_153940.jpg,plot_1567e6fbdfcaddf7a13f,plot_1b85c4977624caa5e831,50.0,26.5,20.0,10.5,0.00011415524932090193
2025_10_21_RSFB-Phenotyping_GG1_JLU/2025_10_21_RSFB-Phenotyping_GG1_JLU/20251021_121721.jpg,2025_10_21_RSFB-Phenotyping_GG1_JLU/2025_10_21_RSFB-Phenotyping_GG1_JLU/20251021_132902.jpg,plot_1567e6fbdfcaddf7a13f,plot_a68ea486bf28d2a65eea,50.0,26.5,15.0,5.0,0.00011415524932090193
2025_10_21_RSFB-Phenotyping_GG1_JLU/2025_10_21_RSFB-Phenotyping_GG1_JLU/20251021_121721.jpg,2025_10_21_RSFB-Phenotyping_GG1_JLU/2025_10_21_RSFB-Phenotyping_GG1_JLU/20251021_123732.jpg,plot_1567e6fbdfcaddf7a13f,plot_df82b24c1834a891c644,50.0,26.5,20.0,13.5,0.00011415524932090193
2025_10_21_RSFB-Phenotyping_GG1_JLU/2025_10_21_RSFB-Phenotyping_GG1_JLU/20251021_121721.jpg,2025_10_21_RSFB-Phenotyping_GG1_JLU/2025_10_21_RSFB-Phenotyping_GG1_JLU/20251021_154051.jpg,plot_1567e6fbdfcaddf7a13f,plot_1ec8031b29f0a96ca6fd,50.0,26.5,18.0,10.5,0.00011415524932090193
2025_10_21_RSFB-Phenotyping_GG1_JLU/2025_10_21_RSFB-Phenotyping_GG1_JLU/20251021_121721.jpg,2025_10_21_RSFB-Phenotyping_GG1_JLU/2025_10_21_RSFB-Phenotyping_GG1_JLU/20251021_155835.jpg,plot_1567e6fbdfcaddf7a13f,plot_c56b353ccd4d762a32d5,50.0,26.5,20.0,13.0,0.00011415524932090193
2025_10_21_RSFB-Phenotyping_GG1_JLU/2025_10_21_RSFB-Phenotyping_GG1_JLU/20251021_121721.jpg,2025_10_21_RSFB-Phenotyping_GG1_JLU/2025_10_21_RSFB-Phenotyping_GG1_JLU/20251021_155808.jpg,plot_1567e6fbdfcaddf7a13f,plot_7b5226474d03f55ab84a,50.0,26.5,2.0,15.0,0.00011415524932090193
2025_10_21_RSFB-Phenotyping_GG1_JLU/2025_10_21_RSFB-Phenotyping_GG1_JLU/20251021_121721.jpg,2025_10_21_RSFB-Phenotyping_GG1_JLU/2025_10_21_RSFB-Phenotyping_GG1_JLU/20251021_151921.jpg,plot_1567e6fbdfcaddf7a13f,plot_6ca7eb46f81c9ecf993b,50.0,26.5,20.0,12.0,0.00011415524932090193
2025_10_21_RSFB-Phenotyping_GG1_JLU/2025_10_21_RSFB-Phenotyping_GG1_JLU/20251021_121721.jpg,2025_10_21_RSFB-Phenotyping_GG1_JLU/2025_10_21_RSFB-Phenotyping_GG1_JLU/20251021_123407.jpg,plot_1567e6fbdfcaddf7a13f,plot_a72e9af8f12fd28c9181,50.0,26.5,15.0,7.5,0.00011415524932090193
2025_10_21_RSFB-Phenotyping_GG1_JLU/2025_10_21_RSFB-Phenotyping_GG1_JLU/20251021_121721.jpg,2025_10_21_RSFB-Phenotyping_GG1_JLU/2025_10_21_RSFB-Phenotyping_GG1_JLU/20251021_125423.jpg,plot_1567e6fbdfcaddf7a13f,plot_ccfe1e329b419e50732e,50.0,26.5,20.0,13.0,0.00011415524932090193
2025_10_21_RSFB-Phenotyping_GG1_JLU/2025_10_21_RSFB-Phenotyping_GG1_JLU/20251021_121721.jpg,2025_10_21_RSFB-Phenotyping_GG1_JLU/2025_10_21_RSFB-Phenotyping_GG1_JLU/20251021_151432.jpg,plot_1567e6fbdfcaddf7a13f,plot_f19419da98fe0824600a,50.0,26.5,2.0,12.5,0.00011415524932090193
2025_10_21_RSFB-Phenotyping_GG1_JLU/2025_10_21_RSFB-Phenotyping_GG1_JLU/20251021_121721.jpg,2025_10_21_RSFB-Phenotyping_GG1_JLU/2025_10_21_RSFB-Phenotyping_GG1_JLU/20251021_151505.jpg,plot_1567e6fbdfcaddf7a13f,plot_86463875c696816ca92b,50.0,26.5,15.0,4.5,0.00011415524932090193
2025_10_21_RSFB-Phenotyping_GG1_JLU/2025_10_21_RSFB-Phenotyping_GG1_JLU/20251021_121721.jpg,2025_10_21_RSFB-Phenotyping_GG1_JLU/2025_10_21_RSFB-Phenotyping_GG1_JLU/20251021_162616.jpg,plot_1567e6fbdfcaddf7a13f,plot_49366699fc79f58ef04c,50.0,26.5,20.0,13.5,0.00011415524932090193
2025_10_21_RSFB-Phenotyping_GG1_JLU/2025_10_21_RSFB-Phenotyping_GG1_JLU/20251021_121721.jpg,2025_10_21_RSFB-Phenotyping_GG1_JLU/2025_10_21_RSFB-Phenotyping_GG1_JLU/20251021_132045.jpg,plot_1567e6fbdfcaddf7a13f,plot_a2622f860df5cef3e355,50.0,26.5,20.0,6.5,0.00011415524932090193
2025_10_21_RSFB-Phenotyping_GG1_JLU/2025_10_21_RSFB-Phenotyping_GG1_JLU/20251021_121721.jpg,2025_10_21_RSFB-Phenotyping_GG1_JLU/2025_10_21_RSFB-Phenotyping_GG1_JLU/20251021_155857.jpg,plot_1567e6fbdfcaddf7a13f,plot_e898a4d9ed85e24ff050,50.0,26.5,12.0,18.5,0.00011415524932090193
2025_10_21_RSFB-Phenotyping_GG1_JLU/2025_10_21_RSFB-Phenotyping_GG1_JLU/20251021_121721.jpg,2025_10_21_RSFB-Phenotyping_GG1_JLU/2025_10_21_RSFB-Phenotyping_GG1_JLU/20251021_162830.jpg,plot_1567e6fbdfcaddf7a13f,plot_bea3390e83dfe4b9a220,50.0,26.5,15.0,8.5,0.00011415524932090193
2025_10_21_RSFB-Phenotyping_GG1_JLU/2025_10_21_RSFB-Phenotyping_GG1_JLU/20251021_121721.jpg,2025_10_21_RSFB-Phenotyping_GG1_JLU/2025_10_21_RSFB-Phenotyping_GG1_JLU/20251021_122022.jpg,plot_1567e6fbdfcaddf7a13f,plot_de57345dfd586882f461,50.0,26.5,15.0,21.0,0.00011415524932090193
2025_10_21_RSFB-Phenotyping_GG1_JLU/2025_10_21_RSFB-Phenotyping_GG1_JLU/20251021_121721.jpg,2025_10_21_RSFB-Phenotyping_GG1_JLU/2025_10_21_RSFB-Phenotyping_GG1_JLU/20251021_155241.jpg,plot_1567e6fbdfcaddf7a13f,plot_ae2984dd48723bc500ae,50.0,26.5,9.0,20.5,0.00011415524932090193
2025_10_21_RSFB-Phenotyping_GG1_JLU/2025_10_21_RSFB-Phenotyping_GG1_JLU/20251021_121721.jpg,2025_10_21_RSFB-Phenotyping_GG1_JLU/2025_10_21_RSFB-Phenotyping_GG1_JLU/20251021_155912.jpg,plot_1567e6fbdfcaddf7a13f,plot_e898a4d9ed85e24ff050,50.0,26.5,20.0,11.5,0.00011415524932090193
2025_10_21_RSFB-Phenotyping_GG1_JLU/2025_10_21_RSFB-Phenotyping_GG1_JLU/20251021_121721.jpg,2025_10_21_RSFB-Phenotyping_GG1_JLU/2025_10_21_RSFB-Phenotyping_GG1_JLU/20251021_163109.jpg,plot_1567e6fbdfcaddf7a13f,plot_c2a97573fe96def91106,50.0,26.5,2.0,20.5,0.00011415524932090193
2025_10_21_RSFB-Phenotyping_GG1_JLU/2025_10_21_RSFB-Phenotyping_GG1_JLU/20251021_121721.jpg,2025_10_21_RSFB-Phenotyping_GG1_JLU/2025_10_21_RSFB-Phenotyping_GG1_JLU/20251021_153759.jpg,plot_1567e6fbdfcaddf7a13f,plot_6eb12f9531516cbd1434,50.0,26.5,20.0,11.5,0.00011415524932090193
2025_10_21_RSFB-Phenotyping_GG1_JLU/2025_10_21_RSFB-Phenotyping_GG1_JLU/20251021_121721.jpg,2025_10_21_RSFB-Phenotyping_GG1_JLU/2025_10_21_RSFB-Phenotyping_GG1_JLU/20251021_162936.jpg,plot_1567e6fbdfcaddf7a13f,plot_6b8f7220a8a82d322a40,50.0,26.5,2.0,13.5,0.00011415524932090193
2025_10_21_RSFB-Phenotyping_GG1_JLU/2025_10_21_RSFB-Phenotyping_GG1_JLU/20251021_121721.jpg,2025_10_21_RSFB-Phenotyping_GG1_JLU/2025_10_21_RSFB-Phenotyping_GG1_JLU/20251021_162544.jpg,plot_1567e6fbdfcaddf7a13f,plot_f2bc805c9b8565c243bf,50.0,26.5,20.0,12.5,0.00011415524932090193
2025_10_21_RSFB-Phenotyping_GG1_JLU/2025_10_21_RSFB-Phenotyping_GG1_JLU/20251021_121721.jpg,2025_10_21_RSFB-Phenotyping_GG1_JLU/2025_10_21_RSFB-Phenotyping_GG1_JLU/20251021_122605.jpg,plot_1567e6fbdfcaddf7a13f,plot_4460e7e9889b69d86dd3,50.0,26.5,1.0,14.0,0.00011415524932090193
2025_10_21_RSFB-Phenotyping_GG1_JLU/2025_10_21_RSFB-Phenotyping_GG1_JLU/20251021_121721.jpg,2025_10_21_RSFB-Phenotyping_GG1_JLU/2025_10_21_RSFB-Phenotyping_GG1_JLU/20251021_155137.jpg,plot_1567e6fbdfcaddf7a13f,plot_7ff767c1ada4e85b6156,50.0,26.5,20.0,11.5,0.00011415524932090193
2025_10_21_RSFB-Phenotyping_GG1_JLU/2025_10_21_RSFB-Phenotyping_GG1_JLU/20251021_121721.jpg,2025_10_21_RSFB-Phenotyping_GG1_JLU/2025_10_21_RSFB-Phenotyping_GG1_JLU/20251021_161636.jpg,plot_1567e6fbdfcaddf7a13f,plot_70a732f80b7b639118af,50.0,26.5,10.0,16.0,0.00011415524932090193
2025_10_21_RSFB-Phenotyping_GG1_JLU/2025_10_21_RSFB-Phenotyping_GG1_JLU/20251021_121721.jpg,2025_10_21_RSFB-Phenotyping_GG1_JLU/2025_10_21_RSFB-Phenotyping_GG1_JLU/20251021_123930.jpg,plot_1567e6fbdfcaddf7a13f,plot_57717e3cb06d560f3a82,50.0,26.5,18.0,12.0,0.00011415524932090193
2025_10_21_RSFB-Phenotyping_GG1_JLU/2025_10_21_RSFB-Phenotyping_GG1_JLU/20251021_121721.jpg,2025_10_21_RSFB-Phenotyping_GG1_JLU/2025_10_21_RSFB-Phenotyping_GG1_JLU/20251021_131505.jpg,plot_1567e6fbdfcaddf7a13f,plot_5e57cab4d93c9720a4da,50.0,26.5,20.0,7.5,0.00011415524932090193
2025_10_21_RSFB-Phenotyping_GG1_JLU/2025_10_21_RSFB-Phenotyping_GG1_JLU/20251021_121721.jpg,2025_10_21_RSFB-Phenotyping_GG1_JLU/2025_10_21_RSFB-Phenotyping_GG1_JLU/20251021_122402.jpg,plot_1567e6fbdfcaddf7a13f,plot_16577622d2052f869752,50.0,26.5,15.0,7.0,0.00011415524932090193
2025_10_21_RSFB-Phenotyping_GG1_JLU/2025_10_21_RSFB-Phenotyping_GG1_JLU/20251021_121721.jpg,2025_10_21_RSFB-Phenotyping_GG1_JLU/2025_10_21_RSFB-Phenotyping_GG1_JLU/20251021_154456.jpg,plot_1567e6fbdfcaddf7a13f,plot_a2c6a5fd1e9b0c0d5868,50.0,26.5,2.0,16.5,0.00011415524932090193
2025_10_21_RSFB-Phenotyping_GG1_JLU/2025_10_21_RSFB-Phenotyping_GG1_JLU/20251021_121721.jpg,2025_10_21_RSFB-Phenotyping_GG1_JLU/2025_10_21_RSFB-Phenotyping_GG1_JLU/20251021_125439.jpg,plot_1567e6fbdfcaddf7a13f,plot_ccfe1e329b419e50732e,50.0,26.5,13.0,6.5,0.00011415524932090193
2025_10_21_RSFB-Phenotyping_GG1_JLU/2025_10_21_RSFB-Phenotyping_GG1_JLU/20251021_121721.jpg,2025_10_21_RSFB-Phenotyping_GG1_JLU/2025_10_21_RSFB-Phenotyping_GG1_JLU/20251021_124207.jpg,plot_1567e6fbdfcaddf7a13f,plot_3986b8ba7e3c47d8b455,50.0,26.5,4.0,17.0,0.00011415524932090193
2025_10_21_RSFB-Phenotyping_GG1_JLU/2025_10_21_RSFB-Phenotyping_GG1_JLU/20251021_121721.jpg,2025_10_21_RSFB-Phenotyping_GG1_JLU/2025_10_21_RSFB-Phenotyping_GG1_JLU/20251021_122823.jpg,plot_1567e6fbdfcaddf7a13f,plot_5143cf8e4865a2e2e3c7,50.0,26.5,15.0,7.0,0.00011415524932090193
2025_10_21_RSFB-Phenotyping_GG1_JLU/2025_10_21_RSFB-Phenotyping_GG1_JLU/20251021_121721.jpg,2025_10_21_RSFB-Phenotyping_GG1_JLU/2025_10_21_RSFB-Phenotyping_GG1_JLU/20251021_160714.jpg,plot_1567e6fbdfcaddf7a13f,plot_ea99039aeae06bdc085a,50.0,26.5,1.0,13.0,0.00011415524932090193
2025_10_21_RSFB-Phenotyping_GG1_JLU/2025_10_21_RSFB-Phenotyping_GG1_JLU/20251021_130142.jpg,2025_10_21_RSFB-Phenotyping_GG1_JLU/2025_10_21_RSFB-Phenotyping_GG1_JLU/20251021_122330.jpg,plot_77196a9ec72c575b5b40,plot_f0fdaec340e3ae5ac4bf,45.0,24.0,2.0,16.0,0.0001712328812573105
2025_10_21_RSFB-Phenotyping_GG1_JLU/2025_10_21_RSFB-Phenotyping_GG1_JLU/20251021_130142.jpg,2025_10_21_RSFB-Phenotyping_GG1_JLU/2025_10_21_RSFB-Phenotyping_GG1_JLU/20251021_155857.jpg,plot_77196a9ec72c575b5b40,plot_e898a4d9ed85e24ff050,45.0,24.0,12.0,18.5,0.0001712328812573105
2025_10_21_RSFB-Phenotyping_GG1_JLU/2025_10_21_RSFB-Phenotyping_GG1_JLU/20251021_130142.jpg,2025_10_21_RSFB-Phenotyping_GG1_JLU/2025_10_21_RSFB-Phenotyping_GG1_JLU/20251021_152040.jpg,plot_77196a9ec72c575b5b40,plot_aace551e1ccebf79dd75,45.0,24.0,14.0,4.5,0.0001712328812573105
2025_10_21_RSFB-Phenotyping_GG1_JLU/2025_10_21_RSFB-Phenotyping_GG1_JLU/20251021_130142.jpg,2025_10_21_RSFB-Phenotyping_GG1_JLU/2025_10_21_RSFB-Phenotyping_GG1_JLU/20251021_123930.jpg,plot_77196a9ec72c575b5b40,plot_57717e3cb06d560f3a82,45.0,24.0,18.0,12.0,0.0001712328812573105
2025_10_21_RSFB-Phenotyping_GG1_JLU/2025_10_21_RSFB-Phenotyping_GG1_JLU/20251021_130142.jpg,2025_10_21_RSFB-Phenotyping_GG1_JLU/2025_10_21_RSFB-Phenotyping_GG1_JLU/20251021_132002.jpg,plot_77196a9ec72c575b5b40,plot_8709d51bb880213559a6,45.0,24.0,15.0,8.5,0.0001712328812573105
2025_10_21_RSFB-Phenotyping_GG1_JLU/2025_10_21_RSFB-Phenotyping_GG1_JLU/20251021_130142.jpg,2025_10_21_RSFB-Phenotyping_GG1_JLU/2025_10_21_RSFB-Phenotyping_GG1_JLU/20251021_121126.jpg,plot_77196a9ec72c575b5b40,plot_a7714d1b769d45a9b00a,45.0,24.0,2.0,14.5,0.0001712328812573105
2025_10_21_RSFB-Phenotyping_GG1_JLU/2025_10_21_RSFB-Phenotyping_GG1_JLU/20251021_130142.jpg,2025_10_21_RSFB-Phenotyping_GG1_JLU/2025_10_21_RSFB-Phenotyping_GG1_JLU/20251021_154051.jpg,plot_77196a9ec72c575b5b40,plot_1ec8031b29f0a96ca6fd,45.0,24.0,18.0,10.5,0.0001712328812573105
2025_10_21_RSFB-Phenotyping_GG1_JLU/2025_10_21_RSFB-Phenotyping_GG1_JLU/20251021_130142.jpg,2025_10_21_RSFB-Phenotyping_GG1_JLU/2025_10_21_RSFB-Phenotyping_GG1_JLU/20251021_151432.jpg,plot_77196a9ec72c575b5b40,plot_f19419da98fe0824600a,45.0,24.0,2.0,12.5,0.0001712328812573105
2025_10_21_RSFB-Phenotyping_GG1_JLU/2025_10_21_RSFB-Phenotyping_GG1_JLU/20251021_130142.jpg,2025_10_21_RSFB-Phenotyping_GG1_JLU/2025_10_21_RSFB-Phenotyping_GG1_JLU/20251021_161857.jpg,plot_77196a9ec72c575b5b40,plot_490a77dae7954530a2a4,45.0,24.0,5.0,13.300000190734863,0.0001712328812573105
2025_10_21_RSFB-Phenotyping_GG1_JLU/2025_10_21_RSFB-Phenotyping_GG1_JLU/20251021_130142.jpg,2025_10_21_RSFB-Phenotyping_GG1_JLU/2025_10_21_RSFB-Phenotyping_GG1_JLU/20251021_152721.jpg,plot_77196a9ec72c575b5b40,plot_de2f51ed98b70b393739,45.0,24.0,8.0,16.0,0.0001712328812573105
2025_10_21_RSFB-Phenotyping_GG1_JLU/2025_10_21_RSFB-Phenotyping_GG1_JLU/20251021_130142.jpg,2025_10_21_RSFB-Phenotyping_GG1_JLU/2025_10_21_RSFB-Phenotyping_GG1_JLU/20251021_132410.jpg,plot_77196a9ec72c575b5b40,plot_04441862d5c5dd0b49cc,45.0,24.0,15.0,8.0,0.0001712328812573105
2025_10_21_RSFB-Phenotyping_GG1_JLU/2025_10_21_RSFB-Phenotyping_GG1_JLU/20251021_130142.jpg,2025_10_21_RSFB-Phenotyping_GG1_JLU/2025_10_21_RSFB-Phenotyping_GG1_JLU/20251021_132801.jpg,plot_77196a9ec72c575b5b40,plot_b2decf1cbf56bcdc6d32,45.0,24.0,3.0,12.5,0.0001712328812573105
2025_10_21_RSFB-Phenotyping_GG1_JLU/2025_10_21_RSFB-Phenotyping_GG1_JLU/20251021_130142.jpg,2025_10_21_RSFB-Phenotyping_GG1_JLU/2025_10_21_RSFB-Phenotyping_GG1_JLU/20251021_130553.jpg,plot_77196a9ec72c575b5b40,plot_e6262167b576884b0c82,45.0,24.0,18.0,8.5,0.0001712328812573105
2025_10_21_RSFB-Phenotyping_GG1_JLU/2025_10_21_RSFB-Phenotyping_GG1_JLU/20251021_130142.jpg,2025_10_21_RSFB-Phenotyping_GG1_JLU/2025_10_21_RSFB-Phenotyping_GG1_JLU/20251021_154509.jpg,plot_77196a9ec72c575b5b40,plot_a2c6a5fd1e9b0c0d5868,45.0,24.0,13.0,6.0,0.0001712328812573105
2025_10_21_RSFB-Phenotyping_GG1_JLU/2025_10_21_RSFB-Phenotyping_GG1_JLU/20251021_130142.jpg,2025_10_21_RSFB-Phenotyping_GG1_JLU/2025_10_21_RSFB-Phenotyping_GG1_JLU/20251021_161712.jpg,plot_77196a9ec72c575b5b40,plot_79cb1c61f58f85c07e0c,45.0,24.0,17.0,6.0,0.0001712328812573105
2025_10_21_RSFB-Phenotyping_GG1_JLU/2025_10_21_RSFB-Phenotyping_GG1_JLU/20251021_130142.jpg,2025_10_21_RSFB-Phenotyping_GG1_JLU/2025_10_21_RSFB-Phenotyping_GG1_JLU/20251021_131511.jpg,plot_77196a9ec72c575b5b40,plot_5e57cab4d93c9720a4da,45.0,24.0,16.0,8.5,0.0001712328812573105
2025_10_21_RSFB-Phenotyping_GG1_JLU/2025_10_21_RSFB-Phenotyping_GG1_JLU/20251021_130142.jpg,2025_10_21_RSFB-Phenotyping_GG1_JLU/2025_10_21_RSFB-Phenotyping_GG1_JLU/20251021_123208.jpg,plot_77196a9ec72c575b5b40,plot_a3e331c4e6fce2b877bd,45.0,24.0,15.0,8.0,0.0001712328812573105
2025_10_21_RSFB-Phenotyping_GG1_JLU/2025_10_21_RSFB-Phenotyping_GG1_JLU/20251021_130142.jpg,2025_10_21_RSFB-Phenotyping_GG1_JLU/2025_10_21_RSFB-Phenotyping_GG1_JLU/20251021_125439.jpg,plot_77196a9ec72c575b5b40,plot_ccfe1e329b419e50732e,45.0,24.0,13.0,6.5,0.0001712328812573105
2025_10_21_RSFB-Phenotyping_GG1_JLU/2025_10_21_RSFB-Phenotyping_GG1_JLU/20251021_130142.jpg,2025_10_21_RSFB-Phenotyping_GG1_JLU/2025_10_21_RSFB-Phenotyping_GG1_JLU/20251021_160301.jpg,plot_77196a9ec72c575b5b40,plot_80ee42a305b824b5337d,45.0,24.0,2.0,12.5,0.0001712328812573105
2025_10_21_RSFB-Phenotyping_GG1_JLU/2025_10_21_RSFB-Phenotyping_GG1_JLU/20251021_130142.jpg,2025_10_21_RSFB-Phenotyping_GG1_JLU/2025_10_21_RSFB-Phenotyping_GG1_JLU/20251021_161840.jpg,plot_77196a9ec72c575b5b40,plot_fb549f03aaaa145785c8,45.0,24.0,3.0,13.0,0.0001712328812573105
2025_10_21_RSFB-Phenotyping_GG1_JLU/2025_10_21_RSFB-Phenotyping_GG1_JLU/20251021_130142.jpg,2025_10_21_RSFB-Phenotyping_GG1_JLU/2025_10_21_RSFB-Phenotyping_GG1_JLU/20251021_160515.jpg,plot_77196a9ec72c575b5b40,plot_515f3eae0107bd86c13e,45.0,24.0,15.0,7.0,0.0001712328812573105
2025_10_21_RSFB-Phenotyping_GG1_JLU/2025_10_21_RSFB-Phenotyping_GG1_JLU/20251021_130142.jpg,2025_10_21_RSFB-Phenotyping_GG1_JLU/2025_10_21_RSFB-Phenotyping_GG1_JLU/20251021_130045.jpg,plot_77196a9ec72c575b5b40,plot_7c9b9d5dc347e36cbea8,45.0,24.0,15.0,9.0,0.0001712328812573105
2025_10_21_RSFB-Phenotyping_GG1_JLU/2025_10_21_RSFB-Phenotyping_GG1_JLU/20251021_130142.jpg,2025_10_21_RSFB-Phenotyping_GG1_JLU/2025_10_21_RSFB-Phenotyping_GG1_JLU/20251021_160714.jpg,plot_77196a9ec72c575b5b40,plot_ea99039aeae06bdc085a,45.0,24.0,1.0,13.0,0.0001712328812573105
2025_10_21_RSFB-Phenotyping_GG1_JLU/2025_10_21_RSFB-Phenotyping_GG1_JLU/20251021_130142.jpg,2025_10_21_RSFB-Phenotyping_GG1_JLU/2025_10_21_RSFB-Phenotyping_GG1_JLU/20251021_152643.jpg,plot_77196a9ec72c575b5b40,plot_fe93ef196b1a8b77de19,45.0,24.0,17.0,0.0,0.0001712328812573105
2025_10_21_RSFB-Phenotyping_GG1_JLU/2025_10_21_RSFB-Phenotyping_GG1_JLU/20251021_130142.jpg,2025_10_21_RSFB-Phenotyping_GG1_JLU/2025_10_21_RSFB-Phenotyping_GG1_JLU/20251021_124648.jpg,plot_77196a9ec72c575b5b40,plot_85463dcf1e4272fe283b,45.0,24.0,18.0,10.5,0.0001712328812573105
2025_10_21_RSFB-Phenotyping_GG1_JLU/2025_10_21_RSFB-Phenotyping_GG1_JLU/20251021_130142.jpg,2025_10_21_RSFB-Phenotyping_GG1_JLU/2025_10_21_RSFB-Phenotyping_GG1_JLU/20251021_122823.jpg,plot_77196a9ec72c575b5b40,plot_5143cf8e4865a2e2e3c7,45.0,24.0,15.0,7.0,0.0001712328812573105
2025_10_21_RSFB-Phenotyping_GG1_JLU/2025_10_21_RSFB-Phenotyping_GG1_JLU/20251021_130142.jpg,2025_10_21_RSFB-Phenotyping_GG1_JLU/2025_10_21_RSFB-Phenotyping_GG1_JLU/20251021_161054.jpg,plot_77196a9ec72c575b5b40,plot_45f6d31ea6c6f3f4c15c,45.0,24.0,1.0,16.5,0.0001712328812573105
2025_10_21_RSFB-Phenotyping_GG1_JLU/2025_10_21_RSFB-Phenotyping_GG1_JLU/20251021_130142.jpg,2025_10_21_RSFB-Phenotyping_GG1_JLU/2025_10_21_RSFB-Phenotyping_GG1_JLU/20251021_122013.jpg,plot_77196a9ec72c575b5b40,plot_de57345dfd586882f461,45.0,24.0,5.0,14.0,0.0001712328812573105
2025_10_21_RSFB-Phenotyping_GG1_JLU/2025_10_21_RSFB-Phenotyping_GG1_JLU/20251021_130142.jpg,2025_10_21_RSFB-Phenotyping_GG1_JLU/2025_10_21_RSFB-Phenotyping_GG1_JLU/20251021_121834.jpg,plot_77196a9ec72c575b5b40,plot_08853fb661302206a300,45.0,24.0,5.0,15.0,0.0001712328812573105
2025_10_21_RSFB-Phenotyping_GG1_JLU/2025_10_21_RSFB-Phenotyping_GG1_JLU/20251021_130142.jpg,2025_10_21_RSFB-Phenotyping_GG1_JLU/2025_10_21_RSFB-Phenotyping_GG1_JLU/20251021_121246.jpg,plot_77196a9ec72c575b5b40,plot_09d8a533567043e69854,45.0,24.0,7.0,13.5,0.0001712328812573105
2025_10_21_RSFB-Phenotyping_GG1_JLU/2025_10_21_RSFB-Phenotyping_GG1_JLU/20251021_130142.jpg,2025_10_21_RSFB-Phenotyping_GG1_JLU/2025_10_21_RSFB-Phenotyping_GG1_JLU/20251021_161652.jpg,plot_77196a9ec72c575b5b40,plot_70a732f80b7b639118af,45.0,24.0,15.0,3.5,0.0001712328812573105
2025_10_21_RSFB-Phenotyping_GG1_JLU/2025_10_21_RSFB-Phenotyping_GG1_JLU/20251021_130142.jpg,2025_10_21_RSFB-Phenotyping_GG1_JLU/2025_10_21_RSFB-Phenotyping_GG1_JLU/20251021_122402.jpg,plot_77196a9ec72c575b5b40,plot_16577622d2052f869752,45.0,24.0,15.0,7.0,0.0001712328812573105
2025_10_21_RSFB-Phenotyping_GG1_JLU/2025_10_21_RSFB-Phenotyping_GG1_JLU/20251021_130142.jpg,2025_10_21_RSFB-Phenotyping_GG1_JLU/2025_10_21_RSFB-Phenotyping_GG1_JLU/20251021_124500.jpg,plot_77196a9ec72c575b5b40,plot_ea75df3b909465cef7b1,45.0,24.0,5.0,12.0,0.0001712328812573105
2025_10_21_RSFB-Phenotyping_GG1_JLU/2025_10_21_RSFB-Phenotyping_GG1_JLU/20251021_130142.jpg,2025_10_21_RSFB-Phenotyping_GG1_JLU/2025_10_21_RSFB-Phenotyping_GG1_JLU/20251021_130737.jpg,plot_77196a9ec72c575b5b40,plot_4c9e8c4301206d84387b,45.0,24.0,13.0,2.0,0.0001712328812573105
2025_10_21_RSFB-Phenotyping_GG1_JLU/2025_10_21_RSFB-Phenotyping_GG1_JLU/20251021_130142.jpg,2025_10_21_RSFB-Phenotyping_GG1_JLU/2025_10_21_RSFB-Phenotyping_GG1_JLU/20251021_123202.jpg,plot_77196a9ec72c575b5b40,plot_a3e331c4e6fce2b877bd,45.0,24.0,5.0,12.0,0.0001712328812573105
2025_10_21_RSFB-Phenotyping_GG1_JLU/2025_10_21_RSFB-Phenotyping_GG1_JLU/20251021_130142.jpg,2025_10_21_RSFB-Phenotyping_GG1_JLU/2025_10_21_RSFB-Phenotyping_GG1_JLU/20251021_154456.jpg,plot_77196a9ec72c575b5b40,plot_a2c6a5fd1e9b0c0d5868,45.0,24.0,2.0,16.5,0.0001712328812573105
2025_10_21_RSFB-Phenotyping_GG1_JLU/2025_10_21_RSFB-Phenotyping_GG1_JLU/20251021_130142.jpg,2025_10_21_RSFB-Phenotyping_GG1_JLU/2025_10_21_RSFB-Phenotyping_GG1_JLU/20251021_130600.jpg,plot_77196a9ec72c575b5b40,plot_e6262167b576884b0c82,45.0,24.0,16.0,7.0,0.0001712328812573105
2025_10_21_RSFB-Phenotyping_GG1_JLU/2025_10_21_RSFB-Phenotyping_GG1_JLU/20251021_130142.jpg,2025_10_21_RSFB-Phenotyping_GG1_JLU/2025_10_21_RSFB-Phenotyping_GG1_JLU/20251021_161751.jpg,plot_77196a9ec72c575b5b40,plot_5ca84068b670156039bd,45.0,24.0,3.0,13.0,0.0001712328812573105
2025_10_21_RSFB-Phenotyping_GG1_JLU/2025_10_21_RSFB-Phenotyping_GG1_JLU/20251021_130142.jpg,2025_10_21_RSFB-Phenotyping_GG1_JLU/2025_10_21_RSFB-Phenotyping_GG1_JLU/20251021_130423.jpg,plot_77196a9ec72c575b5b40,plot_8390a5f10d833e2ab881,45.0,24.0,5.0,14.5,0.0001712328812573105
2025_10_21_RSFB-Phenotyping_GG1_JLU/2025_10_21_RSFB-Phenotyping_GG1_JLU/20251021_130142.jpg,2025_10_21_RSFB-Phenotyping_GG1_JLU/2025_10_21_RSFB-Phenotyping_GG1_JLU/20251021_153832.jpg,plot_77196a9ec72c575b5b40,plot_64e19f5de9c116d1fbb6,45.0,24.0,4.0,14.0,0.0001712328812573105
2025_10_21_RSFB-Phenotyping_GG1_JLU/2025_10_21_RSFB-Phenotyping_GG1_JLU/20251021_161118.jpg,2025_10_21_RSFB-Phenotyping_GG1_JLU/2025_10_21_RSFB-Phenotyping_GG1_JLU/20251021_151432.jpg,plot_fa6a48d19e93015e1485,plot_f19419da98fe0824600a,45.0,22.0,2.0,12.5,0.0001712328812573105
2025_10_21_RSFB-Phenotyping_GG1_JLU/2025_10_21_RSFB-Phenotyping_GG1_JLU/20251021_161118.jpg,2025_10_21_RSFB-Phenotyping_GG1_JLU/2025_10_21_RSFB-Phenotyping_GG1_JLU/20251021_123202.jpg,plot_fa6a48d19e93015e1485,plot_a3e331c4e6fce2b877bd,45.0,22.0,5.0,12.0,0.0001712328812573105
2025_10_21_RSFB-Phenotyping_GG1_JLU/2025_10_21_RSFB-Phenotyping_GG1_JLU/20251021_161118.jpg,2025_10_21_RSFB-Phenotyping_GG1_JLU/2025_10_21_RSFB-Phenotyping_GG1_JLU/20251021_122402.jpg,plot_fa6a48d19e93015e1485,plot_16577622d2052f869752,45.0,22.0,15.0,7.0,0.0001712328812573105
2025_10_21_RSFB-Phenotyping_GG1_JLU/2025_10_21_RSFB-Phenotyping_GG1_JLU/20251021_161118.jpg,2025_10_21_RSFB-Phenotyping_GG1_JLU/2025_10_21_RSFB-Phenotyping_GG1_JLU/20251021_123407.jpg,plot_fa6a48d19e93015e1485,plot_a72e9af8f12fd28c9181,45.0,22.0,15.0,7.5,0.0001712328812573105
2025_10_21_RSFB-Phenotyping_GG1_JLU/2025_10_21_RSFB-Phenotyping_GG1_JLU/20251021_161118.jpg,2025_10_21_RSFB-Phenotyping_GG1_JLU/2025_10_21_RSFB-Phenotyping_GG1_JLU/20251021_121126.jpg,plot_fa6a48d19e93015e1485,plot_a7714d1b769d45a9b00a,45.0,22.0,2.0,14.5,0.0001712328812573105
2025_10_21_RSFB-Phenotyping_GG1_JLU/2025_10_21_RSFB-Phenotyping_GG1_JLU/20251021_161118.jpg,2025_10_21_RSFB-Phenotyping_GG1_JLU/2025_10_21_RSFB-Phenotyping_GG1_JLU/20251021_121755.jpg,plot_fa6a48d19e93015e1485,plot_7085c17d28247f52ec8b,45.0,22.0,15.0,5.0,0.0001712328812573105
2025_10_21_RSFB-Phenotyping_GG1_JLU/2025_10_21_RSFB-Phenotyping_GG1_JLU/20251021_161118.jpg,2025_10_21_RSFB-Phenotyping_GG1_JLU/2025_10_21_RSFB-Phenotyping_GG1_JLU/20251021_161636.jpg,plot_fa6a48d19e93015e1485,plot_70a732f80b7b639118af,45.0,22.0,10.0,16.0,0.0001712328812573105
2025_10_21_RSFB-Phenotyping_GG1_JLU/2025_10_21_RSFB-Phenotyping_GG1_JLU/20251021_161118.jpg,2025_10_21_RSFB-Phenotyping_GG1_JLU/2025_10_21_RSFB-Phenotyping_GG1_JLU/20251021_122605.jpg,plot_fa6a48d19e93015e1485,plot_4460e7e9889b69d86dd3,45.0,22.0,1.0,14.0,0.0001712328812573105
2025_10_21_RSFB-Phenotyping_GG1_JLU/2025_10_21_RSFB-Phenotyping_GG1_JLU/20251021_161118.jpg,2025_10_21_RSFB-Phenotyping_GG1_JLU/2025_10_21_RSFB-Phenotyping_GG1_JLU/20251021_152637.jpg,plot_fa6a48d19e93015e1485,plot_fe93ef196b1a8b77de19,45.0,22.0,16.0,8.5,0.0001712328812573105
2025_10_21_RSFB-Phenotyping_GG1_JLU/2025_10_21_RSFB-Phenotyping_GG1_JLU/20251021_161118.jpg,2025_10_21_RSFB-Phenotyping_GG1_JLU/2025_10_21_RSFB-Phenotyping_GG1_JLU/20251021_153832.jpg,plot_fa6a48d19e93015e1485,plot_64e19f5de9c116d1fbb6,45.0,22.0,4.0,14.0,0.0001712328812573105
2025_10_21_RSFB-Phenotyping_GG1_JLU/2025_10_21_RSFB-Phenotyping_GG1_JLU/20251021_161118.jpg,2025_10_21_RSFB-Phenotyping_GG1_JLU/2025_10_21_RSFB-Phenotyping_GG1_JLU/20251021_151915.jpg,plot_fa6a48d19e93015e1485,plot_6ca7eb46f81c9ecf993b,45.0,22.0,12.0,5.5,0.0001712328812573105
2025_10_21_RSFB-Phenotyping_GG1_JLU/2025_10_21_RSFB-Phenotyping_GG1_JLU/20251021_161118.jpg,2025_10_21_RSFB-Phenotyping_GG1_JLU/2025_10_21_RSFB-Phenotyping_GG1_JLU/20251021_132002.jpg,plot_fa6a48d19e93015e1485,plot_8709d51bb880213559a6,45.0,22.0,15.0,8.5,0.0001712328812573105
2025_10_21_RSFB-Phenotyping_GG1_JLU/2025_10_21_RSFB-Phenotyping_GG1_JLU/20251021_161118.jpg,2025_10_21_RSFB-Phenotyping_GG1_JLU/2025_10_21_RSFB-Phenotyping_GG1_JLU/20251021_122823.jpg,plot_fa6a48d19e93015e1485,plot_5143cf8e4865a2e2e3c7,45.0,22.0,15.0,7.0,0.0001712328812573105
2025_10_21_RSFB-Phenotyping_GG1_JLU/2025_10_21_RSFB-Phenotyping_GG1_JLU/20251021_161118.jpg,2025_10_21_RSFB-Phenotyping_GG1_JLU/2025_10_21_RSFB-Phenotyping_GG1_JLU/20251021_161652.jpg,plot_fa6a48d19e93015e1485,plot_70a732f80b7b639118af,45.0,22.0,15.0,3.5,0.0001712328812573105
2025_10_21_RSFB-Phenotyping_GG1_JLU/2025_10_21_RSFB-Phenotyping_GG1_JLU/20251021_161118.jpg,2025_10_21_RSFB-Phenotyping_GG1_JLU/2025_10_21_RSFB-Phenotyping_GG1_JLU/20251021_155233.jpg,plot_fa6a48d19e93015e1485,plot_ae2984dd48723bc500ae,45.0,22.0,8.0,14.5,0.0001712328812573105
2025_10_21_RSFB-Phenotyping_GG1_JLU/2025_10_21_RSFB-Phenotyping_GG1_JLU/20251021_161118.jpg,2025_10_21_RSFB-Phenotyping_GG1_JLU/2025_10_21_RSFB-Phenotyping_GG1_JLU/20251021_124615.jpg,plot_fa6a48d19e93015e1485,plot_9e661ae87ec066049f1f,45.0,22.0,5.0,11.5,0.0001712328812573105
2025_10_21_RSFB-Phenotyping_GG1_JLU/2025_10_21_RSFB-Phenotyping_GG1_JLU/20251021_161118.jpg,2025_10_21_RSFB-Phenotyping_GG1_JLU/2025_10_21_RSFB-Phenotyping_GG1_JLU/20251021_130423.jpg,plot_fa6a48d19e93015e1485,plot_8390a5f10d833e2ab881,45.0,22.0,5.0,14.5,0.0001712328812573105
2025_10_21_RSFB-Phenotyping_GG1_JLU/2025_10_21_RSFB-Phenotyping_GG1_JLU/20251021_161118.jpg,2025_10_21_RSFB-Phenotyping_GG1_JLU/2025_10_21_RSFB-Phenotyping_GG1_JLU/20251021_133018.jpg,plot_fa6a48d19e93015e1485,plot_29ad4a9860449a68b25f,45.0,22.0,15.0,6.5,0.0001712328812573105
2025_10_21_RSFB-Phenotyping_GG1_JLU/2025_10_21_RSFB-Phenotyping_GG1_JLU/20251021_161118.jpg,2025_10_21_RSFB-Phenotyping_GG1_JLU/2025_10_21_RSFB-Phenotyping_GG1_JLU/20251021_160003.jpg,plot_fa6a48d19e93015e1485,plot_70e089493510c6f73a3d,45.0,22.0,15.0,7.0,0.0001712328812573105
2025_10_21_RSFB-Phenotyping_GG1_JLU/2025_10_21_RSFB-Phenotyping_GG1_JLU/20251021_161118.jpg,2025_10_21_RSFB-Phenotyping_GG1_JLU/2025_10_21_RSFB-Phenotyping_GG1_JLU/20251021_160301.jpg,plot_fa6a48d19e93015e1485,plot_80ee42a305b824b5337d,45.0,22.0,2.0,12.5,0.0001712328812573105
2025_10_21_RSFB-Phenotyping_GG1_JLU/2025_10_21_RSFB-Phenotyping_GG1_JLU/20251021_161118.jpg,2025_10_21_RSFB-Phenotyping_GG1_JLU/2025_10_21_RSFB-Phenotyping_GG1_JLU/20251021_161624.jpg,plot_fa6a48d19e93015e1485,plot_3361cc58e772149f169e,45.0,22.0,12.0,3.0,0.0001712328812573105
2025_10_21_RSFB-Phenotyping_GG1_JLU/2025_10_21_RSFB-Phenotyping_GG1_JLU/20251021_161118.jpg,2025_10_21_RSFB-Phenotyping_GG1_JLU/2025_10_21_RSFB-Phenotyping_GG1_JLU/20251021_124500.jpg,plot_fa6a48d19e93015e1485,plot_ea75df3b909465cef7b1,45.0,22.0,5.0,12.0,0.0001712328812573105
2025_10_21_RSFB-Phenotyping_GG1_JLU/2025_10_21_RSFB-Phenotyping_GG1_JLU/20251021_161118.jpg,2025_10_21_RSFB-Phenotyping_GG1_JLU/2025_10_21_RSFB-Phenotyping_GG1_JLU/20251021_161751.jpg,plot_fa6a48d19e93015e1485,plot_5ca84068b670156039bd,45.0,22.0,3.0,13.0,0.0001712328812573105
2025_10_21_RSFB-Phenotyping_GG1_JLU/2025_10_21_RSFB-Phenotyping_GG1_JLU/20251021_161118.jpg,2025_10_21_RSFB-Phenotyping_GG1_JLU/2025_10_21_RSFB-Phenotyping_GG1_JLU/20251021_160714.jpg,plot_fa6a48d19e93015e1485,plot_ea99039aeae06bdc085a,45.0,22.0,1.0,13.0,0.0001712328812573105
2025_10_21_RSFB-Phenotyping_GG1_JLU/2025_10_21_RSFB-Phenotyping_GG1_JLU/20251021_161118.jpg,2025_10_21_RSFB-Phenotyping_GG1_JLU/2025_10_21_RSFB-Phenotyping_GG1_JLU/20251021_154502.jpg,plot_fa6a48d19e93015e1485,plot_a2c6a5fd1e9b0c0d5868,45.0,22.0,15.0,8.0,0.0001712328812573105
2025_10_21_RSFB-Phenotyping_GG1_JLU/2025_10_21_RSFB-Phenotyping_GG1_JLU/20251021_161118.jpg,2025_10_21_RSFB-Phenotyping_GG1_JLU/2025_10_21_RSFB-Phenotyping_GG1_JLU/20251021_125439.jpg,plot_fa6a48d19e93015e1485,plot_ccfe1e329b419e50732e,45.0,22.0,13.0,6.5,0.0001712328812573105
2025_10_21_RSFB-Phenotyping_GG1_JLU/2025_10_21_RSFB-Phenotyping_GG1_JLU/20251021_161118.jpg,2025_10_21_RSFB-Phenotyping_GG1_JLU/2025_10_21_RSFB-Phenotyping_GG1_JLU/20251021_160307.jpg,plot_fa6a48d19e93015e1485,plot_80ee42a305b824b5337d,45.0,22.0,1.0,15.0,0.0001712328812573105
2025_10_21_RSFB-Phenotyping_GG1_JLU/2025_10_21_RSFB-Phenotyping_GG1_JLU/20251021_161118.jpg,2025_10_21_RSFB-Phenotyping_GG1_JLU/2025_10_21_RSFB-Phenotyping_GG1_JLU/20251021_132902.jpg,plot_fa6a48d19e93015e1485,plot_a68ea486bf28d2a65eea,45.0,22.0,15.0,5.0,0.0001712328812573105
2025_10_21_RSFB-Phenotyping_GG1_JLU/2025_10_21_RSFB-Phenotyping_GG1_JLU/20251021_161118.jpg,2025_10_21_RSFB-Phenotyping_GG1_JLU/2025_10_21_RSFB-Phenotyping_GG1_JLU/20251021_154456.jpg,plot_fa6a48d19e93015e1485,plot_a2c6a5fd1e9b0c0d5868,45.0,22.0,2.0,16.5,0.0001712328812573105
2025_10_21_RSFB-Phenotyping_GG1_JLU/2025_10_21_RSFB-Phenotyping_GG1_JLU/20251021_161118.jpg,2025_10_21_RSFB-Phenotyping_GG1_JLU/2025_10_21_RSFB-Phenotyping_GG1_JLU/20251021_122013.jpg,plot_fa6a48d19e93015e1485,plot_de57345dfd586882f461,45.0,22.0,5.0,14.0,0.0001712328812573105
2025_10_21_RSFB-Phenotyping_GG1_JLU/2025_10_21_RSFB-Phenotyping_GG1_JLU/20251021_161118.jpg,2025_10_21_RSFB-Phenotyping_GG1_JLU/2025_10_21_RSFB-Phenotyping_GG1_JLU/20251021_132801.jpg,plot_fa6a48d19e93015e1485,plot_b2decf1cbf56bcdc6d32,45.0,22.0,3.0,12.5,0.0001712328812573105
2025_10_21_RSFB-Phenotyping_GG1_JLU/2025_10_21_RSFB-Phenotyping_GG1_JLU/20251021_161118.jpg,2025_10_21_RSFB-Phenotyping_GG1_JLU/2025_10_21_RSFB-Phenotyping_GG1_JLU/20251021_160515.jpg,plot_fa6a48d19e93015e1485,plot_515f3eae0107bd86c13e,45.0,22.0,15.0,7.0,0.0001712328812573105
2025_10_21_RSFB-Phenotyping_GG1_JLU/2025_10_21_RSFB-Phenotyping_GG1_JLU/20251021_161118.jpg,2025_10_21_RSFB-Phenotyping_GG1_JLU/2025_10_21_RSFB-Phenotyping_GG1_JLU/20251021_162830.jpg,plot_fa6a48d19e93015e1485,plot_bea3390e83dfe4b9a220,45.0,22.0,15.0,8.5,0.0001712328812573105
2025_10_21_RSFB-Phenotyping_GG1_JLU/2025_10_21_RSFB-Phenotyping_GG1_JLU/20251021_161118.jpg,2025_10_21_RSFB-Phenotyping_GG1_JLU/2025_10_21_RSFB-Phenotyping_GG1_JLU/20251021_121834.jpg,plot_fa6a48d19e93015e1485,plot_08853fb661302206a300,45.0,22.0,5.0,15.0,0.0001712328812573105
2025_10_21_RSFB-Phenotyping_GG1_JLU/2025_10_21_RSFB-Phenotyping_GG1_JLU/20251021_161118.jpg,2025_10_21_RSFB-Phenotyping_GG1_JLU/2025_10_21_RSFB-Phenotyping_GG1_JLU/20251021_162936.jpg,plot_fa6a48d19e93015e1485,plot_6b8f7220a8a82d322a40,45.0,22.0,2.0,13.5,0.0001712328812573105
2025_10_21_RSFB-Phenotyping_GG1_JLU/2025_10_21_RSFB-Phenotyping_GG1_JLU/20251021_161118.jpg,2025_10_21_RSFB-Phenotyping_GG1_JLU/2025_10_21_RSFB-Phenotyping_GG1_JLU/20251021_151505.jpg,plot_fa6a48d19e93015e1485,plot_86463875c696816ca92b,45.0,22.0,15.0,4.5,0.0001712328812573105
2025_10_21_RSFB-Phenotyping_GG1_JLU/2025_10_21_RSFB-Phenotyping_GG1_JLU/20251021_161118.jpg,2025_10_21_RSFB-Phenotyping_GG1_JLU/2025_10_21_RSFB-Phenotyping_GG1_JLU/20251021_131511.jpg,plot_fa6a48d19e93015e1485,plot_5e57cab4d93c9720a4da,45.0,22.0,16.0,8.5,0.0001712328812573105
2025_10_21_RSFB-Phenotyping_GG1_JLU/2025_10_21_RSFB-Phenotyping_GG1_JLU/20251021_161118.jpg,2025_10_21_RSFB-Phenotyping_GG1_JLU/2025_10_21_RSFB-Phenotyping_GG1_JLU/20251021_130600.jpg,plot_fa6a48d19e93015e1485,plot_e6262167b576884b0c82,45.0,22.0,16.0,7.0,0.0001712328812573105
2025_10_21_RSFB-Phenotyping_GG1_JLU/2025_10_21_RSFB-Phenotyping_GG1_JLU/20251021_161118.jpg,2025_10_21_RSFB-Phenotyping_GG1_JLU/2025_10_21_RSFB-Phenotyping_GG1_JLU/20251021_161054.jpg,plot_fa6a48d19e93015e1485,plot_45f6d31ea6c6f3f4c15c,45.0,22.0,1.0,16.5,0.0001712328812573105
2025_10_21_RSFB-Phenotyping_GG1_JLU/2025_10_21_RSFB-Phenotyping_GG1_JLU/20251021_161118.jpg,2025_10_21_RSFB-Phenotyping_GG1_JLU/2025_10_21_RSFB-Phenotyping_GG1_JLU/20251021_121246.jpg,plot_fa6a48d19e93015e1485,plot_09d8a533567043e69854,45.0,22.0,7.0,13.5,0.0001712328812573105
2025_10_21_RSFB-Phenotyping_GG1_JLU/2025_10_21_RSFB-Phenotyping_GG1_JLU/20251021_152309.jpg,2025_10_21_RSFB-Phenotyping_GG1_JLU/2025_10_21_RSFB-Phenotyping_GG1_JLU/20251021_124615.jpg,plot_d4455d800f102e758eb6,plot_9e661ae87ec066049f1f,48.0,18.0,5.0,11.5,0.000684931525029242
2025_10_21_RSFB-Phenotyping_GG1_JLU/2025_10_21_RSFB-Phenotyping_GG1_JLU/20251021_152309.jpg,2025_10_21_RSFB-Phenotyping_GG1_JLU/2025_10_21_RSFB-Phenotyping_GG1_JLU/20251021_161624.jpg,plot_d4455d800f102e758eb6,plot_3361cc58e772149f169e,48.0,18.0,12.0,3.0,0.000684931525029242
2025_10_21_RSFB-Phenotyping_GG1_JLU/2025_10_21_RSFB-Phenotyping_GG1_JLU/20251021_152309.jpg,2025_10_21_RSFB-Phenotyping_GG1_JLU/2025_10_21_RSFB-Phenotyping_GG1_JLU/20251021_123202.jpg,plot_d4455d800f102e758eb6,plot_a3e331c4e6fce2b877bd,48.0,18.0,5.0,12.0,0.000684931525029242
2025_10_21_RSFB-Phenotyping_GG1_JLU/2025_10_21_RSFB-Phenotyping_GG1_JLU/20251021_152309.jpg,2025_10_21_RSFB-Phenotyping_GG1_JLU/2025_10_21_RSFB-Phenotyping_GG1_JLU/20251021_151915.jpg,plot_d4455d800f102e758eb6,plot_6ca7eb46f81c9ecf993b,48.0,18.0,12.0,5.5,0.000684931525029242
2025_10_21_RSFB-Phenotyping_GG1_JLU/2025_10_21_RSFB-Phenotyping_GG1_JLU/20251021_152309.jpg,2025_10_21_RSFB-Phenotyping_GG1_JLU/2025_10_21_RSFB-Phenotyping_GG1_JLU/20251021_132801.jpg,plot_d4455d800f102e758eb6,plot_b2decf1cbf56bcdc6d32,48.0,18.0,3.0,12.5,0.000684931525029242
2025_10_21_RSFB-Phenotyping_GG1_JLU/2025_10_21_RSFB-Phenotyping_GG1_JLU/20251021_152309.jpg,2025_10_21_RSFB-Phenotyping_GG1_JLU/2025_10_21_RSFB-Phenotyping_GG1_JLU/20251021_124500.jpg,plot_d4455d800f102e758eb6,plot_ea75df3b909465cef7b1,48.0,18.0,5.0,12.0,0.000684931525029242
2025_10_21_RSFB-Phenotyping_GG1_JLU/2025_10_21_RSFB-Phenotyping_GG1_JLU/20251021_152309.jpg,2025_10_21_RSFB-Phenotyping_GG1_JLU/2025_10_21_RSFB-Phenotyping_GG1_JLU/20251021_160301.jpg,plot_d4455d800f102e758eb6,plot_80ee42a305b824b5337d,48.0,18.0,2.0,12.5,0.000684931525029242
2025_10_21_RSFB-Phenotyping_GG1_JLU/2025_10_21_RSFB-Phenotyping_GG1_JLU/20251021_133010.jpg,2025_10_21_RSFB-Phenotyping_GG1_JLU/2025_10_21_RSFB-Phenotyping_GG1_JLU/20251021_124615.jpg,plot_29ad4a9860449a68b25f,plot_9e661ae87ec066049f1f,25.0,17.0,5.0,11.5,0.013698630034923553
2025_10_21_RSFB-Phenotyping_GG1_JLU/2025_10_21_RSFB-Phenotyping_GG1_JLU/20251021_124525.jpg,2025_10_21_RSFB-Phenotyping_GG1_JLU/2025_10_21_RSFB-Phenotyping_GG1_JLU/20251021_123202.jpg,plot_e8618a0059e03ec2f2fe,plot_a3e331c4e6fce2b877bd,35.0,19.5,5.0,12.0,0.00022456770238932222
2025_10_21_RSFB-Phenotyping_GG1_JLU/2025_10_21_RSFB-Phenotyping_GG1_JLU/20251021_124525.jpg,2025_10_21_RSFB-Phenotyping_GG1_JLU/2025_10_21_RSFB-Phenotyping_GG1_JLU/20251021_121246.jpg,plot_e8618a0059e03ec2f2fe,plot_09d8a533567043e69854,35.0,19.5,7.0,13.5,0.00022456770238932222
2025_10_21_RSFB-Phenotyping_GG1_JLU/2025_10_21_RSFB-Phenotyping_GG1_JLU/20251021_124525.jpg,2025_10_21_RSFB-Phenotyping_GG1_JLU/2025_10_21_RSFB-Phenotyping_GG1_JLU/20251021_152220.jpg,plot_e8618a0059e03ec2f2fe,plot_67dc730dc218f4c377b3,35.0,19.5,14.0,5.0,0.00022456770238932222
2025_10_21_RSFB-Phenotyping_GG1_JLU/2025_10_21_RSFB-Phenotyping_GG1_JLU/20251021_124525.jpg,2025_10_21_RSFB-Phenotyping_GG1_JLU/2025_10_21_RSFB-Phenotyping_GG1_JLU/20251021_125431.jpg,plot_e8618a0059e03ec2f2fe,plot_ccfe1e329b419e50732e,35.0,19.5,13.0,3.0,0.00022456770238932222
2025_10_21_RSFB-Phenotyping_GG1_JLU/2025_10_21_RSFB-Phenotyping_GG1_JLU/20251021_124525.jpg,2025_10_21_RSFB-Phenotyping_GG1_JLU/2025_10_21_RSFB-Phenotyping_GG1_JLU/20251021_122605.jpg,plot_e8618a0059e03ec2f2fe,plot_4460e7e9889b69d86dd3,35.0,19.5,1.0,14.0,0.00022456770238932222
2025_10_21_RSFB-Phenotyping_GG1_JLU/2025_10_21_RSFB-Phenotyping_GG1_JLU/20251021_124525.jpg,2025_10_21_RSFB-Phenotyping_GG1_JLU/2025_10_21_RSFB-Phenotyping_GG1_JLU/20251021_154509.jpg,plot_e8618a0059e03ec2f2fe,plot_a2c6a5fd1e9b0c0d5868,35.0,19.5,13.0,6.0,0.00022456770238932222
2025_10_21_RSFB-Phenotyping_GG1_JLU/2025_10_21_RSFB-Phenotyping_GG1_JLU/20251021_124525.jpg,2025_10_21_RSFB-Phenotyping_GG1_JLU/2025_10_21_RSFB-Phenotyping_GG1_JLU/20251021_122013.jpg,plot_e8618a0059e03ec2f2fe,plot_de57345dfd586882f461,35.0,19.5,5.0,14.0,0.00022456770238932222
2025_10_21_RSFB-Phenotyping_GG1_JLU/2025_10_21_RSFB-Phenotyping_GG1_JLU/20251021_124525.jpg,2025_10_21_RSFB-Phenotyping_GG1_JLU/2025_10_21_RSFB-Phenotyping_GG1_JLU/20251021_161840.jpg,plot_e8618a0059e03ec2f2fe,plot_fb549f03aaaa145785c8,35.0,19.5,3.0,13.0,0.00022456770238932222
2025_10_21_RSFB-Phenotyping_GG1_JLU/2025_10_21_RSFB-Phenotyping_GG1_JLU/20251021_124525.jpg,2025_10_21_RSFB-Phenotyping_GG1_JLU/2025_10_21_RSFB-Phenotyping_GG1_JLU/20251021_161751.jpg,plot_e8618a0059e03ec2f2fe,plot_5ca84068b670156039bd,35.0,19.5,3.0,13.0,0.00022456770238932222
2025_10_21_RSFB-Phenotyping_GG1_JLU/2025_10_21_RSFB-Phenotyping_GG1_JLU/20251021_124525.jpg,2025_10_21_RSFB-Phenotyping_GG1_JLU/2025_10_21_RSFB-Phenotyping_GG1_JLU/20251021_161624.jpg,plot_e8618a0059e03ec2f2fe,plot_3361cc58e772149f169e,35.0,19.5,12.0,3.0,0.00022456770238932222
2025_10_21_RSFB-Phenotyping_GG1_JLU/2025_10_21_RSFB-Phenotyping_GG1_JLU/20251021_124525.jpg,2025_10_21_RSFB-Phenotyping_GG1_JLU/2025_10_21_RSFB-Phenotyping_GG1_JLU/20251021_125439.jpg,plot_e8618a0059e03ec2f2fe,plot_ccfe1e329b419e50732e,35.0,19.5,13.0,6.5,0.00022456770238932222
2025_10_21_RSFB-Phenotyping_GG1_JLU/2025_10_21_RSFB-Phenotyping_GG1_JLU/20251021_124525.jpg,2025_10_21_RSFB-Phenotyping_GG1_JLU/2025_10_21_RSFB-Phenotyping_GG1_JLU/20251021_161857.jpg,plot_e8618a0059e03ec2f2fe,plot_490a77dae7954530a2a4,35.0,19.5,5.0,13.300000190734863,0.00022456770238932222
2025_10_21_RSFB-Phenotyping_GG1_JLU/2025_10_21_RSFB-Phenotyping_GG1_JLU/20251021_124525.jpg,2025_10_21_RSFB-Phenotyping_GG1_JLU/2025_10_21_RSFB-Phenotyping_GG1_JLU/20251021_124500.jpg,plot_e8618a0059e03ec2f2fe,plot_ea75df3b909465cef7b1,35.0,19.5,5.0,12.0,0.00022456770238932222
2025_10_21_RSFB-Phenotyping_GG1_JLU/2025_10_21_RSFB-Phenotyping_GG1_JLU/20251021_124525.jpg,2025_10_21_RSFB-Phenotyping_GG1_JLU/2025_10_21_RSFB-Phenotyping_GG1_JLU/20251021_160301.jpg,plot_e8618a0059e03ec2f2fe,plot_80ee42a305b824b5337d,35.0,19.5,2.0,12.5,0.00022456770238932222
2025_10_21_RSFB-Phenotyping_GG1_JLU/2025_10_21_RSFB-Phenotyping_GG1_JLU/20251021_124525.jpg,2025_10_21_RSFB-Phenotyping_GG1_JLU/2025_10_21_RSFB-Phenotyping_GG1_JLU/20251021_130737.jpg,plot_e8618a0059e03ec2f2fe,plot_4c9e8c4301206d84387b,35.0,19.5,13.0,2.0,0.00022456770238932222
2025_10_21_RSFB-Phenotyping_GG1_JLU/2025_10_21_RSFB-Phenotyping_GG1_JLU/20251021_124525.jpg,2025_10_21_RSFB-Phenotyping_GG1_JLU/2025_10_21_RSFB-Phenotyping_GG1_JLU/20251021_153832.jpg,plot_e8618a0059e03ec2f2fe,plot_64e19f5de9c116d1fbb6,35.0,19.5,4.0,14.0,0.00022456770238932222
2025_10_21_RSFB-Phenotyping_GG1_JLU/2025_10_21_RSFB-Phenotyping_GG1_JLU/20251021_124525.jpg,2025_10_21_RSFB-Phenotyping_GG1_JLU/2025_10_21_RSFB-Phenotyping_GG1_JLU/20251021_132801.jpg,plot_e8618a0059e03ec2f2fe,plot_b2decf1cbf56bcdc6d32,35.0,19.5,3.0,12.5,0.00022456770238932222
2025_10_21_RSFB-Phenotyping_GG1_JLU/2025_10_21_RSFB-Phenotyping_GG1_JLU/20251021_124525.jpg,2025_10_21_RSFB-Phenotyping_GG1_JLU/2025_10_21_RSFB-Phenotyping_GG1_JLU/20251021_152040.jpg,plot_e8618a0059e03ec2f2fe,plot_aace551e1ccebf79dd75,35.0,19.5,14.0,4.5,0.00022456770238932222
2025_10_21_RSFB-Phenotyping_GG1_JLU/2025_10_21_RSFB-Phenotyping_GG1_JLU/20251021_124525.jpg,2025_10_21_RSFB-Phenotyping_GG1_JLU/2025_10_21_RSFB-Phenotyping_GG1_JLU/20251021_151915.jpg,plot_e8618a0059e03ec2f2fe,plot_6ca7eb46f81c9ecf993b,35.0,19.5,12.0,5.5,0.00022456770238932222
2025_10_21_RSFB-Phenotyping_GG1_JLU/2025_10_21_RSFB-Phenotyping_GG1_JLU/20251021_124525.jpg,2025_10_21_RSFB-Phenotyping_GG1_JLU/2025_10_21_RSFB-Phenotyping_GG1_JLU/20251021_162936.jpg,plot_e8618a0059e03ec2f2fe,plot_6b8f7220a8a82d322a40,35.0,19.5,2.0,13.5,0.00022456770238932222
2025_10_21_RSFB-Phenotyping_GG1_JLU/2025_10_21_RSFB-Phenotyping_GG1_JLU/20251021_124525.jpg,2025_10_21_RSFB-Phenotyping_GG1_JLU/2025_10_21_RSFB-Phenotyping_GG1_JLU/20251021_160714.jpg,plot_e8618a0059e03ec2f2fe,plot_ea99039aeae06bdc085a,35.0,19.5,1.0,13.0,0.00022456770238932222
