filename,plot_group_id,cohort_id,source_path,target,base_prediction,prediction,residual,absolute_error,base_absolute_error,arm,seed,label_quality
2025_09_15_Re4StRes_T1_DSV/IMG_2531.JPG,plot_23cc72626c0b214985ab,dsv_asendorf_t1_bbch11,/home/nfs/data/nvme_datasets/Pictures_CFSB_leaf_damage/2025_09_15_Re4StRes_T1_DSV/IMG_2531.JPG,20.0,2.418842315673828,2.8635027408599854,0.4446604549884796,17.136497497558594,17.581157684326172,rank,44,single_rater_weak
2025_09_15_Re4StRes_T1_DSV/IMG_2532.JPG,plot_23cc72626c0b214985ab,dsv_asendorf_t1_bbch11,/home/nfs/data/nvme_datasets/Pictures_CFSB_leaf_damage/2025_09_15_Re4StRes_T1_DSV/IMG_2532.JPG,36.0,3.8160104751586914,4.194482803344727,0.3784724473953247,31.805517196655273,32.183990478515625,rank,44,single_rater_weak
2025_09_15_Re4StRes_T1_DSV/IMG_2533.JPG,plot_23cc72626c0b214985ab,dsv_asendorf_t1_bbch11,/home/nfs/data/nvme_datasets/Pictures_CFSB_leaf_damage/2025_09_15_Re4StRes_T1_DSV/IMG_2533.JPG,3.0,0.7360854148864746,0.623105525970459,-0.11297986656427383,2.376894474029541,2.2639145851135254,rank,44,single_rater_weak
2025_09_15_Re4StRes_T1_DSV/IMG_2534.JPG,plot_af0435fffd7e1bd6f5ae,dsv_asendorf_t1_bbch11,/home/nfs/data/nvme_datasets/Pictures_CFSB_leaf_damage/2025_09_15_Re4StRes_T1_DSV/IMG_2534.JPG,35.0,4.640049934387207,4.680488109588623,0.04043815657496452,30.31951141357422,30.35995101928711,rank,44,single_rater_weak
2025_09_15_Re4StRes_T1_DSV/IMG_2535.JPG,plot_af0435fffd7e1bd6f5ae,dsv_asendorf_t1_bbch11,/home/nfs/data/nvme_datasets/Pictures_CFSB_leaf_damage/2025_09_15_Re4StRes_T1_DSV/IMG_2535.JPG,22.0,3.439335584640503,3.3938474655151367,-0.04548821970820427,18.606151580810547,18.560665130615234,rank,44,single_rater_weak
2025_09_15_Re4StRes_T1_DSV/IMG_2536.JPG,plot_af0435fffd7e1bd6f5ae,dsv_asendorf_t1_bbch11,/home/nfs/data/nvme_datasets/Pictures_CFSB_leaf_damage/2025_09_15_Re4StRes_T1_DSV/IMG_2536.JPG,10.0,2.123239517211914,1.995417833328247,-0.12782174348831177,8.004582405090332,7.876760482788086,rank,44,single_rater_weak
2025_09_15_Re4StRes_T1_DSV/IMG_2537.JPG,plot_f6d3e31f379821075584,dsv_asendorf_t1_bbch11,/home/nfs/data/nvme_datasets/Pictures_CFSB_leaf_damage/2025_09_15_Re4StRes_T1_DSV/IMG_2537.JPG,3.0,0.8045659065246582,0.4406844973564148,-0.3638814091682434,2.5593154430389404,2.195434093475342,rank,44,single_rater_weak
2025_09_15_Re4StRes_T1_DSV/IMG_2538.JPG,plot_f6d3e31f379821075584,dsv_asendorf_t1_bbch11,/home/nfs/data/nvme_datasets/Pictures_CFSB_leaf_damage/2025_09_15_Re4StRes_T1_DSV/IMG_2538.JPG,8.0,2.054401397705078,2.0966739654541016,0.042272672057151794,5.903326034545898,5.945598602294922,rank,44,single_rater_weak
2025_09_15_Re4StRes_T1_DSV/IMG_2539.JPG,plot_f6d3e31f379821075584,dsv_asendorf_t1_bbch11,/home/nfs/data/nvme_datasets/Pictures_CFSB_leaf_damage/2025_09_15_Re4StRes_T1_DSV/IMG_2539.JPG,1.0,2.2449288368225098,2.358908176422119,0.11397938430309296,1.3589081764221191,1.2449288368225098,rank,44,single_rater_weak
2025_09_15_Re4StRes_T1_DSV/IMG_2540.JPG,plot_2a2b2bdfa0d41a033651,dsv_asendorf_t1_bbch11,/home/nfs/data/nvme_datasets/Pictures_CFSB_leaf_damage/2025_09_15_Re4StRes_T1_DSV/IMG_2540.JPG,1.0,3.8079445362091064,4.154223442077637,0.3462790846824646,3.1542234420776367,2.8079445362091064,rank,44,single_rater_weak
2025_09_15_Re4StRes_T1_DSV/IMG_2541.JPG,plot_2a2b2bdfa0d41a033651,dsv_asendorf_t1_bbch11,/home/nfs/data/nvme_datasets/Pictures_CFSB_leaf_damage/2025_09_15_Re4StRes_T1_DSV/IMG_2541.JPG,30.0,6.730196952819824,6.975228786468506,0.24503189325332642,23.024770736694336,23.26980209350586,rank,44,single_rater_weak
2025_09_15_Re4StRes_T1_DSV/IMG_2542.JPG,plot_2a2b2bdfa0d41a033651,dsv_asendorf_t1_bbch11,/home/nfs/data/nvme_datasets/Pictures_CFSB_leaf_damage/2025_09_15_Re4StRes_T1_DSV/IMG_2542.JPG,20.0,2.169712543487549,2.461728572845459,0.29201602935791016,17.538270950317383,17.83028793334961,rank,44,single_rater_weak
2025_09_15_Re4StRes_T1_DSV/IMG_2543.JPG,plot_287543c1b6420318ac5a,dsv_asendorf_t1_bbch11,/home/nfs/data/nvme_datasets/Pictures_CFSB_leaf_damage/2025_09_15_Re4StRes_T1_DSV/IMG_2543.JPG,8.0,2.5818071365356445,3.3799636363983154,0.7981565594673157,4.6200361251831055,5.4181928634643555,rank,44,single_rater_weak
2025_09_15_Re4StRes_T1_DSV/IMG_2544.JPG,plot_287543c1b6420318ac5a,dsv_asendorf_t1_bbch11,/home/nfs/data/nvme_datasets/Pictures_CFSB_leaf_damage/2025_09_15_Re4StRes_T1_DSV/IMG_2544.JPG,6.0,3.5849921703338623,4.198698043823242,0.6137060523033142,1.8013019561767578,2.4150078296661377,rank,44,single_rater_weak
2025_09_15_Re4StRes_T1_DSV/IMG_2545.JPG,plot_287543c1b6420318ac5a,dsv_asendorf_t1_bbch11,/home/nfs/data/nvme_datasets/Pictures_CFSB_leaf_damage/2025_09_15_Re4StRes_T1_DSV/IMG_2545.JPG,8.0,4.5440144538879395,4.976535797119141,0.43252116441726685,3.0234642028808594,3.4559855461120605,rank,44,single_rater_weak
2025_09_15_Re4StRes_T1_DSV/IMG_2546.JPG,plot_1eb1bc916cce4ed13b43,dsv_asendorf_t1_bbch11,/home/nfs/data/nvme_datasets/Pictures_CFSB_leaf_damage/2025_09_15_Re4StRes_T1_DSV/IMG_2546.JPG,7.0,2.8127899169921875,3.2945737838745117,0.48178380727767944,3.7054262161254883,4.1872100830078125,rank,44,single_rater_weak
2025_09_15_Re4StRes_T1_DSV/IMG_2547.JPG,plot_1eb1bc916cce4ed13b43,dsv_asendorf_t1_bbch11,/home/nfs/data/nvme_datasets/Pictures_CFSB_leaf_damage/2025_09_15_Re4StRes_T1_DSV/IMG_2547.JPG,6.0,2.1796875,2.638284683227539,0.4585972726345062,3.361715316772461,3.8203125,rank,44,single_rater_weak
2025_09_15_Re4StRes_T1_DSV/IMG_2548.JPG,plot_1eb1bc916cce4ed13b43,dsv_asendorf_t1_bbch11,/home/nfs/data/nvme_datasets/Pictures_CFSB_leaf_damage/2025_09_15_Re4StRes_T1_DSV/IMG_2548.JPG,23.0,2.28135347366333,2.163627862930298,-0.11772561073303223,20.83637237548828,20.718647003173828,rank,44,single_rater_weak
2025_09_15_Re4StRes_T1_DSV/IMG_2549.JPG,plot_062849fd42834d79d5c8,dsv_asendorf_t1_bbch11,/home/nfs/data/nvme_datasets/Pictures_CFSB_leaf_damage/2025_09_15_Re4StRes_T1_DSV/IMG_2549.JPG,15.0,4.036520004272461,4.013782501220703,-0.022737428545951843,10.986217498779297,10.963479995727539,rank,44,single_rater_weak
2025_09_15_Re4StRes_T1_DSV/IMG_2550.JPG,plot_062849fd42834d79d5c8,dsv_asendorf_t1_bbch11,/home/nfs/data/nvme_datasets/Pictures_CFSB_leaf_damage/2025_09_15_Re4StRes_T1_DSV/IMG_2550.JPG,32.0,2.949042320251465,3.2858927249908447,0.3368503153324127,28.714107513427734,29.05095672607422,rank,44,single_rater_weak
2025_09_15_Re4StRes_T1_DSV/IMG_2551.JPG,plot_062849fd42834d79d5c8,dsv_asendorf_t1_bbch11,/home/nfs/data/nvme_datasets/Pictures_CFSB_leaf_damage/2025_09_15_Re4StRes_T1_DSV/IMG_2551.JPG,7.0,3.5131185054779053,3.6210734844207764,0.10795492678880692,3.3789265155792236,3.4868814945220947,rank,44,single_rater_weak
2025_09_15_Re4StRes_T1_DSV/IMG_2552.JPG,plot_c86a34c84012b2a6cd5e,dsv_asendorf_t1_bbch11,/home/nfs/data/nvme_datasets/Pictures_CFSB_leaf_damage/2025_09_15_Re4StRes_T1_DSV/IMG_2552.JPG,12.0,0.2345113754272461,0.16752800345420837,-0.06698336452245712,11.83247184753418,11.765488624572754,rank,44,single_rater_weak
2025_09_15_Re4StRes_T1_DSV/IMG_2553.JPG,plot_c86a34c84012b2a6cd5e,dsv_asendorf_t1_bbch11,/home/nfs/data/nvme_datasets/Pictures_CFSB_leaf_damage/2025_09_15_Re4StRes_T1_DSV/IMG_2553.JPG,3.0,0.24790239334106445,0.4254777133464813,0.17757532000541687,2.5745222568511963,2.7520976066589355,rank,44,single_rater_weak
2025_09_15_Re4StRes_T1_DSV/IMG_2554.JPG,plot_c86a34c84012b2a6cd5e,dsv_asendorf_t1_bbch11,/home/nfs/data/nvme_datasets/Pictures_CFSB_leaf_damage/2025_09_15_Re4StRes_T1_DSV/IMG_2554.JPG,1.0,0.9268560409545898,0.9740219116210938,0.047165896743535995,0.02597808837890625,0.07314395904541016,rank,44,single_rater_weak
2025_09_15_Re4StRes_T1_DSV/IMG_2555.JPG,plot_c7ccb8d79650c71e2fdb,dsv_asendorf_t1_bbch11,/home/nfs/data/nvme_datasets/Pictures_CFSB_leaf_damage/2025_09_15_Re4StRes_T1_DSV/IMG_2555.JPG,30.0,5.506744384765625,5.754008769989014,0.2472645789384842,24.245990753173828,24.493255615234375,rank,44,single_rater_weak
2025_09_15_Re4StRes_T1_DSV/IMG_2556.JPG,plot_c7ccb8d79650c71e2fdb,dsv_asendorf_t1_bbch11,/home/nfs/data/nvme_datasets/Pictures_CFSB_leaf_damage/2025_09_15_Re4StRes_T1_DSV/IMG_2556.JPG,15.0,3.3354783058166504,3.7427921295166016,0.4073139429092407,11.257207870483398,11.664522171020508,rank,44,single_rater_weak
2025_09_15_Re4StRes_T1_DSV/IMG_2557.JPG,plot_c7ccb8d79650c71e2fdb,dsv_asendorf_t1_bbch11,/home/nfs/data/nvme_datasets/Pictures_CFSB_leaf_damage/2025_09_15_Re4StRes_T1_DSV/IMG_2557.JPG,5.0,3.9060778617858887,4.264451503753662,0.3583734929561615,0.7355484962463379,1.0939221382141113,rank,44,single_rater_weak
2025_09_15_Re4StRes_T1_DSV/IMG_2558.JPG,plot_4b6282099a93285f4437,dsv_asendorf_t1_bbch11,/home/nfs/data/nvme_datasets/Pictures_CFSB_leaf_damage/2025_09_15_Re4StRes_T1_DSV/IMG_2558.JPG,20.0,0.7123146057128906,1.106969952583313,0.3946553170681,18.893030166625977,19.28768539428711,rank,44,single_rater_weak
2025_09_15_Re4StRes_T1_DSV/IMG_2559.JPG,plot_4b6282099a93285f4437,dsv_asendorf_t1_bbch11,/home/nfs/data/nvme_datasets/Pictures_CFSB_leaf_damage/2025_09_15_Re4StRes_T1_DSV/IMG_2559.JPG,5.0,2.4265494346618652,3.089433193206787,0.6628837585449219,1.910566806793213,2.5734505653381348,rank,44,single_rater_weak
2025_09_15_Re4StRes_T1_DSV/IMG_2560.JPG,plot_4b6282099a93285f4437,dsv_asendorf_t1_bbch11,/home/nfs/data/nvme_datasets/Pictures_CFSB_leaf_damage/2025_09_15_Re4StRes_T1_DSV/IMG_2560.JPG,10.0,5.280682563781738,6.005954742431641,0.7252724170684814,3.9940452575683594,4.719317436218262,rank,44,single_rater_weak
2025_09_15_Re4StRes_T1_DSV/IMG_2561.JPG,plot_b876a7c031c3da996880,dsv_asendorf_t1_bbch11,/home/nfs/data/nvme_datasets/Pictures_CFSB_leaf_damage/2025_09_15_Re4StRes_T1_DSV/IMG_2561.JPG,5.0,2.0592384338378906,1.7003508806228638,-0.35888755321502686,3.299649238586426,2.9407615661621094,rank,44,single_rater_weak
2025_09_15_Re4StRes_T1_DSV/IMG_2562.JPG,plot_b876a7c031c3da996880,dsv_asendorf_t1_bbch11,/home/nfs/data/nvme_datasets/Pictures_CFSB_leaf_damage/2025_09_15_Re4StRes_T1_DSV/IMG_2562.JPG,12.0,2.284829616546631,2.082911968231201,-0.20191772282123566,9.91708755493164,9.715169906616211,rank,44,single_rater_weak
2025_09_15_Re4StRes_T1_DSV/IMG_2563.JPG,plot_b876a7c031c3da996880,dsv_asendorf_t1_bbch11,/home/nfs/data/nvme_datasets/Pictures_CFSB_leaf_damage/2025_09_15_Re4StRes_T1_DSV/IMG_2563.JPG,12.0,5.025210380554199,5.094851493835449,0.0696408823132515,6.905148506164551,6.974789619445801,rank,44,single_rater_weak
2025_09_15_Re4StRes_T1_DSV/IMG_2564.JPG,plot_3428b15a8bd1ae96baaa,dsv_asendorf_t1_bbch11,/home/nfs/data/nvme_datasets/Pictures_CFSB_leaf_damage/2025_09_15_Re4StRes_T1_DSV/IMG_2564.JPG,4.0,2.7564172744750977,2.784477472305298,0.02806030958890915,1.2155225276947021,1.2435827255249023,rank,44,single_rater_weak
2025_09_15_Re4StRes_T1_DSV/IMG_2565.JPG,plot_3428b15a8bd1ae96baaa,dsv_asendorf_t1_bbch11,/home/nfs/data/nvme_datasets/Pictures_CFSB_leaf_damage/2025_09_15_Re4StRes_T1_DSV/IMG_2565.JPG,8.0,3.9188520908355713,4.613265514373779,0.6944134831428528,3.3867344856262207,4.081148147583008,rank,44,single_rater_weak
2025_09_15_Re4StRes_T1_DSV/IMG_2566.JPG,plot_3428b15a8bd1ae96baaa,dsv_asendorf_t1_bbch11,/home/nfs/data/nvme_datasets/Pictures_CFSB_leaf_damage/2025_09_15_Re4StRes_T1_DSV/IMG_2566.JPG,8.0,3.3372983932495117,3.265160322189331,-0.07213817536830902,4.73483943939209,4.662701606750488,rank,44,single_rater_weak
2025_09_15_Re4StRes_T1_DSV/IMG_2567.JPG,plot_e2bf7b495dd0626af206,dsv_asendorf_t1_bbch11,/home/nfs/data/nvme_datasets/Pictures_CFSB_leaf_damage/2025_09_15_Re4StRes_T1_DSV/IMG_2567.JPG,14.0,0.34828948974609375,0.2878212332725525,-0.060468271374702454,13.712179183959961,13.651710510253906,rank,44,single_rater_weak
2025_09_15_Re4StRes_T1_DSV/IMG_2568.JPG,plot_e2bf7b495dd0626af206,dsv_asendorf_t1_bbch11,/home/nfs/data/nvme_datasets/Pictures_CFSB_leaf_damage/2025_09_15_Re4StRes_T1_DSV/IMG_2568.JPG,16.0,1.894404411315918,2.907822608947754,1.013418197631836,13.092177391052246,14.105595588684082,rank,44,single_rater_weak
2025_09_15_Re4StRes_T1_DSV/IMG_2569.JPG,plot_e2bf7b495dd0626af206,dsv_asendorf_t1_bbch11,/home/nfs/data/nvme_datasets/Pictures_CFSB_leaf_damage/2025_09_15_Re4StRes_T1_DSV/IMG_2569.JPG,15.0,1.8725934028625488,2.5708322525024414,0.6982388496398926,12.429167747497559,13.12740707397461,rank,44,single_rater_weak
2025_09_15_Re4StRes_T1_DSV/IMG_2570.JPG,plot_3bd91170ed2167071221,dsv_asendorf_t1_bbch11,/home/nfs/data/nvme_datasets/Pictures_CFSB_leaf_damage/2025_09_15_Re4StRes_T1_DSV/IMG_2570.JPG,2.0,2.492593288421631,3.180189609527588,0.6875962615013123,1.180189609527588,0.49259328842163086,rank,44,single_rater_weak
2025_09_15_Re4StRes_T1_DSV/IMG_2571.JPG,plot_3bd91170ed2167071221,dsv_asendorf_t1_bbch11,/home/nfs/data/nvme_datasets/Pictures_CFSB_leaf_damage/2025_09_15_Re4StRes_T1_DSV/IMG_2571.JPG,4.0,4.612041473388672,5.296746253967285,0.6847050189971924,1.2967462539672852,0.6120414733886719,rank,44,single_rater_weak
2025_09_15_Re4StRes_T1_DSV/IMG_2572.JPG,plot_3bd91170ed2167071221,dsv_asendorf_t1_bbch11,/home/nfs/data/nvme_datasets/Pictures_CFSB_leaf_damage/2025_09_15_Re4StRes_T1_DSV/IMG_2572.JPG,7.0,5.2513909339904785,5.743654251098633,0.4922634959220886,1.2563457489013672,1.7486090660095215,rank,44,single_rater_weak
2025_09_15_Re4StRes_T1_DSV/IMG_2573.JPG,plot_c5c4cbd994bc130ff116,dsv_asendorf_t1_bbch11,/home/nfs/data/nvme_datasets/Pictures_CFSB_leaf_damage/2025_09_15_Re4StRes_T1_DSV/IMG_2573.JPG,11.0,1.319411277770996,1.7486913204193115,0.4292800724506378,9.25130844116211,9.680588722229004,rank,44,single_rater_weak
2025_09_15_Re4StRes_T1_DSV/IMG_2574.JPG,plot_c5c4cbd994bc130ff116,dsv_asendorf_t1_bbch11,/home/nfs/data/nvme_datasets/Pictures_CFSB_leaf_damage/2025_09_15_Re4StRes_T1_DSV/IMG_2574.JPG,5.0,2.6211843490600586,3.1172282695770264,0.496043860912323,1.8827717304229736,2.3788156509399414,rank,44,single_rater_weak
2025_09_15_Re4StRes_T1_DSV/IMG_2575.JPG,plot_c5c4cbd994bc130ff116,dsv_asendorf_t1_bbch11,/home/nfs/data/nvme_datasets/Pictures_CFSB_leaf_damage/2025_09_15_Re4StRes_T1_DSV/IMG_2575.JPG,12.0,0.5037355422973633,1.2142881155014038,0.7105525732040405,10.785712242126465,11.496264457702637,rank,44,single_rater_weak
2025_09_15_Re4StRes_T1_DSV/IMG_2576.JPG,plot_31cae2f101d65806098b,dsv_asendorf_t1_bbch11,/home/nfs/data/nvme_datasets/Pictures_CFSB_leaf_damage/2025_09_15_Re4StRes_T1_DSV/IMG_2576.JPG,12.0,2.1183652877807617,2.7457079887390137,0.6273425817489624,9.254291534423828,9.881634712219238,rank,44,single_rater_weak
2025_09_15_Re4StRes_T1_DSV/IMG_2577.JPG,plot_31cae2f101d65806098b,dsv_asendorf_t1_bbch11,/home/nfs/data/nvme_datasets/Pictures_CFSB_leaf_damage/2025_09_15_Re4StRes_T1_DSV/IMG_2577.JPG,4.0,1.3246431350708008,1.6661746501922607,0.3415314853191376,2.3338253498077393,2.675356864929199,rank,44,single_rater_weak
2025_09_15_Re4StRes_T1_DSV/IMG_2578.JPG,plot_31cae2f101d65806098b,dsv_asendorf_t1_bbch11,/home/nfs/data/nvme_datasets/Pictures_CFSB_leaf_damage/2025_09_15_Re4StRes_T1_DSV/IMG_2578.JPG,8.0,2.8436875343322754,3.5923919677734375,0.7487045526504517,4.4076080322265625,5.156312465667725,rank,44,single_rater_weak
2025_09_15_Re4StRes_T1_DSV/IMG_2579.JPG,plot_fa76df368fa3ce27a086,dsv_asendorf_t1_bbch11,/home/nfs/data/nvme_datasets/Pictures_CFSB_leaf_damage/2025_09_15_Re4StRes_T1_DSV/IMG_2579.JPG,5.0,0.2308664321899414,0.3645200729370117,0.13365362584590912,4.635479927062988,4.769133567810059,rank,44,single_rater_weak
2025_09_15_Re4StRes_T1_DSV/IMG_2580.JPG,plot_fa76df368fa3ce27a086,dsv_asendorf_t1_bbch11,/home/nfs/data/nvme_datasets/Pictures_CFSB_leaf_damage/2025_09_15_Re4StRes_T1_DSV/IMG_2580.JPG,14.0,0.9972667694091797,1.3975608348846436,0.4002940356731415,12.602438926696777,13.00273323059082,rank,44,single_rater_weak
2025_09_15_Re4StRes_T1_DSV/IMG_2581.JPG,plot_fa76df368fa3ce27a086,dsv_asendorf_t1_bbch11,/home/nfs/data/nvme_datasets/Pictures_CFSB_leaf_damage/2025_09_15_Re4StRes_T1_DSV/IMG_2581.JPG,18.0,3.479218006134033,3.544752597808838,0.06553450226783752,14.45524787902832,14.520782470703125,rank,44,single_rater_weak
2025_09_15_Re4StRes_T1_DSV/IMG_2582.JPG,plot_731f46fe3168ffe1165d,dsv_asendorf_t1_bbch11,/home/nfs/data/nvme_datasets/Pictures_CFSB_leaf_damage/2025_09_15_Re4StRes_T1_DSV/IMG_2582.JPG,14.0,4.014379024505615,4.030494213104248,0.01611538603901863,9.969505310058594,9.985620498657227,rank,44,single_rater_weak
2025_09_15_Re4StRes_T1_DSV/IMG_2583.JPG,plot_731f46fe3168ffe1165d,dsv_asendorf_t1_bbch11,/home/nfs/data/nvme_datasets/Pictures_CFSB_leaf_damage/2025_09_15_Re4StRes_T1_DSV/IMG_2583.JPG,17.0,3.250899314880371,3.748112440109253,0.4972131550312042,13.251887321472168,13.749100685119629,rank,44,single_rater_weak
2025_09_15_Re4StRes_T1_DSV/IMG_2584.JPG,plot_731f46fe3168ffe1165d,dsv_asendorf_t1_bbch11,/home/nfs/data/nvme_datasets/Pictures_CFSB_leaf_damage/2025_09_15_Re4StRes_T1_DSV/IMG_2584.JPG,23.0,1.1772236824035645,1.7183150053024292,0.5410913228988647,21.28168487548828,21.822776794433594,rank,44,single_rater_weak
2025_09_15_Re4StRes_T1_DSV/IMG_2585.JPG,plot_a04b04c31d587b2d46a5,dsv_asendorf_t1_bbch11,/home/nfs/data/nvme_datasets/Pictures_CFSB_leaf_damage/2025_09_15_Re4StRes_T1_DSV/IMG_2585.JPG,10.0,1.8751845359802246,2.06624174118042,0.19105719029903412,7.93375825881958,8.124814987182617,rank,44,single_rater_weak
2025_09_15_Re4StRes_T1_DSV/IMG_2586.JPG,plot_a04b04c31d587b2d46a5,dsv_asendorf_t1_bbch11,/home/nfs/data/nvme_datasets/Pictures_CFSB_leaf_damage/2025_09_15_Re4StRes_T1_DSV/IMG_2586.JPG,13.0,1.2915949821472168,1.6797211170196533,0.3881261944770813,11.320279121398926,11.708404541015625,rank,44,single_rater_weak
2025_09_15_Re4StRes_T1_DSV/IMG_2587.JPG,plot_a04b04c31d587b2d46a5,dsv_asendorf_t1_bbch11,/home/nfs/data/nvme_datasets/Pictures_CFSB_leaf_damage/2025_09_15_Re4StRes_T1_DSV/IMG_2587.JPG,19.0,1.59033203125,2.1925337314605713,0.6022017598152161,16.807466506958008,17.40966796875,rank,44,single_rater_weak
2025_09_15_Re4StRes_T1_DSV/IMG_2588.JPG,plot_e8f4692a65bceb6ce3e4,dsv_asendorf_t1_bbch11,/home/nfs/data/nvme_datasets/Pictures_CFSB_leaf_damage/2025_09_15_Re4StRes_T1_DSV/IMG_2588.JPG,4.0,1.9318571090698242,1.9534010887145996,0.021544016897678375,2.0465989112854004,2.068142890930176,rank,44,single_rater_weak
2025_09_15_Re4StRes_T1_DSV/IMG_2589.JPG,plot_e8f4692a65bceb6ce3e4,dsv_asendorf_t1_bbch11,/home/nfs/data/nvme_datasets/Pictures_CFSB_leaf_damage/2025_09_15_Re4StRes_T1_DSV/IMG_2589.JPG,23.0,6.141819953918457,6.548304080963135,0.40648403763771057,16.451696395874023,16.85818099975586,rank,44,single_rater_weak
2025_09_15_Re4StRes_T1_DSV/IMG_2589_2.JPG,plot_e8f4692a65bceb6ce3e4,dsv_asendorf_t1_bbch11,/home/nfs/data/nvme_datasets/Pictures_CFSB_leaf_damage/2025_09_15_Re4StRes_T1_DSV/IMG_2589_2.JPG,34.0,5.084651470184326,5.448173999786377,0.36352264881134033,28.55182647705078,28.915348052978516,rank,44,single_rater_weak
2025_09_15_Re4StRes_T1_DSV/IMG_2590.JPG,plot_707244c76bf8f4690ba7,dsv_asendorf_t1_bbch11,/home/nfs/data/nvme_datasets/Pictures_CFSB_leaf_damage/2025_09_15_Re4StRes_T1_DSV/IMG_2590.JPG,10.0,4.103888988494873,3.9939279556274414,-0.10996104776859283,6.006072044372559,5.896111011505127,rank,44,single_rater_weak
2025_09_15_Re4StRes_T1_DSV/IMG_2591.JPG,plot_707244c76bf8f4690ba7,dsv_asendorf_t1_bbch11,/home/nfs/data/nvme_datasets/Pictures_CFSB_leaf_damage/2025_09_15_Re4StRes_T1_DSV/IMG_2591.JPG,4.0,3.49753737449646,3.6534194946289062,0.15588216483592987,0.34658050537109375,0.50246262550354,rank,44,single_rater_weak
2025_09_15_Re4StRes_T1_DSV/IMG_2592.JPG,plot_707244c76bf8f4690ba7,dsv_asendorf_t1_bbch11,/home/nfs/data/nvme_datasets/Pictures_CFSB_leaf_damage/2025_09_15_Re4StRes_T1_DSV/IMG_2592.JPG,17.0,7.486425399780273,7.895491600036621,0.4090661406517029,9.104508399963379,9.513574600219727,rank,44,single_rater_weak
2025_09_15_Re4StRes_T1_DSV/IMG_2593.JPG,plot_40371a1af2798543b978,dsv_asendorf_t1_bbch11,/home/nfs/data/nvme_datasets/Pictures_CFSB_leaf_damage/2025_09_15_Re4StRes_T1_DSV/IMG_2593.JPG,10.0,1.5856399536132812,1.4529509544372559,-0.13268902897834778,8.547048568725586,8.414360046386719,rank,44,single_rater_weak
2025_09_15_Re4StRes_T1_DSV/IMG_2594.JPG,plot_40371a1af2798543b978,dsv_asendorf_t1_bbch11,/home/nfs/data/nvme_datasets/Pictures_CFSB_leaf_damage/2025_09_15_Re4StRes_T1_DSV/IMG_2594.JPG,1.0,2.5082011222839355,2.0792999267578125,-0.4289010763168335,1.0792999267578125,1.5082011222839355,rank,44,single_rater_weak
2025_09_15_Re4StRes_T1_DSV/IMG_2595.JPG,plot_40371a1af2798543b978,dsv_asendorf_t1_bbch11,/home/nfs/data/nvme_datasets/Pictures_CFSB_leaf_damage/2025_09_15_Re4StRes_T1_DSV/IMG_2595.JPG,3.0,9.708683967590332,10.279277801513672,0.5705938935279846,7.279277801513672,6.708683967590332,rank,44,single_rater_weak
2025_09_15_Re4StRes_T1_DSV/IMG_2596.JPG,plot_2d323249f2cdbc401337,dsv_asendorf_t1_bbch11,/home/nfs/data/nvme_datasets/Pictures_CFSB_leaf_damage/2025_09_15_Re4StRes_T1_DSV/IMG_2596.JPG,5.0,1.1764230728149414,1.0389987230300903,-0.13742437958717346,3.961001396179199,3.8235769271850586,rank,44,single_rater_weak
2025_09_15_Re4StRes_T1_DSV/IMG_2597.JPG,plot_2d323249f2cdbc401337,dsv_asendorf_t1_bbch11,/home/nfs/data/nvme_datasets/Pictures_CFSB_leaf_damage/2025_09_15_Re4StRes_T1_DSV/IMG_2597.JPG,4.0,1.2567248344421387,0.9329063296318054,-0.32381850481033325,3.06709361076355,2.7432751655578613,rank,44,single_rater_weak
2025_09_15_Re4StRes_T1_DSV/IMG_2598.JPG,plot_2d323249f2cdbc401337,dsv_asendorf_t1_bbch11,/home/nfs/data/nvme_datasets/Pictures_CFSB_leaf_damage/2025_09_15_Re4StRes_T1_DSV/IMG_2598.JPG,23.0,3.573564291000366,4.343625545501709,0.7700613737106323,18.656373977661133,19.426435470581055,rank,44,single_rater_weak
2025_09_15_Re4StRes_T1_DSV/IMG_2599.JPG,plot_7e3914ccf642d49c8258,dsv_asendorf_t1_bbch11,/home/nfs/data/nvme_datasets/Pictures_CFSB_leaf_damage/2025_09_15_Re4StRes_T1_DSV/IMG_2599.JPG,23.0,2.553670883178711,2.4598774909973145,-0.09379338473081589,20.540122985839844,20.44632911682129,rank,44,single_rater_weak
2025_09_15_Re4StRes_T1_DSV/IMG_2600.JPG,plot_7e3914ccf642d49c8258,dsv_asendorf_t1_bbch11,/home/nfs/data/nvme_datasets/Pictures_CFSB_leaf_damage/2025_09_15_Re4StRes_T1_DSV/IMG_2600.JPG,7.0,2.0231642723083496,2.217935085296631,0.1947706937789917,4.782064914703369,4.97683572769165,rank,44,single_rater_weak
2025_09_15_Re4StRes_T1_DSV/IMG_2601.JPG,plot_7e3914ccf642d49c8258,dsv_asendorf_t1_bbch11,/home/nfs/data/nvme_datasets/Pictures_CFSB_leaf_damage/2025_09_15_Re4StRes_T1_DSV/IMG_2601.JPG,6.0,2.716012954711914,3.176780939102173,0.4607679843902588,2.823219060897827,3.283987045288086,rank,44,single_rater_weak
2025_09_15_Re4StRes_T1_DSV/IMG_2602.JPG,plot_4c75cf4fe53b689660ca,dsv_asendorf_t1_bbch11,/home/nfs/data/nvme_datasets/Pictures_CFSB_leaf_damage/2025_09_15_Re4StRes_T1_DSV/IMG_2602.JPG,3.0,2.1734652519226074,1.8488125801086426,-0.32465264201164246,1.1511874198913574,0.8265347480773926,rank,44,single_rater_weak
2025_09_15_Re4StRes_T1_DSV/IMG_2603.JPG,plot_4c75cf4fe53b689660ca,dsv_asendorf_t1_bbch11,/home/nfs/data/nvme_datasets/Pictures_CFSB_leaf_damage/2025_09_15_Re4StRes_T1_DSV/IMG_2603.JPG,7.0,6.798402786254883,6.448017120361328,-0.350385457277298,0.5519828796386719,0.2015972137451172,rank,44,single_rater_weak
2025_09_15_Re4StRes_T1_DSV/IMG_2604.JPG,plot_4c75cf4fe53b689660ca,dsv_asendorf_t1_bbch11,/home/nfs/data/nvme_datasets/Pictures_CFSB_leaf_damage/2025_09_15_Re4StRes_T1_DSV/IMG_2604.JPG,35.0,9.98967170715332,10.260564804077148,0.2708927392959595,24.73943519592285,25.01032829284668,rank,44,single_rater_weak
2025_09_15_Re4StRes_T1_DSV/IMG_2605.JPG,plot_5a26296d1fb3d29bbb28,dsv_asendorf_t1_bbch11,/home/nfs/data/nvme_datasets/Pictures_CFSB_leaf_damage/2025_09_15_Re4StRes_T1_DSV/IMG_2605.JPG,2.0,2.282776355743408,2.3793060779571533,0.09652964025735855,0.3793060779571533,0.2827763557434082,rank,44,single_rater_weak
2025_09_15_Re4StRes_T1_DSV/IMG_2606.JPG,plot_5a26296d1fb3d29bbb28,dsv_asendorf_t1_bbch11,/home/nfs/data/nvme_datasets/Pictures_CFSB_leaf_damage/2025_09_15_Re4StRes_T1_DSV/IMG_2606.JPG,18.0,2.6132164001464844,3.445652723312378,0.8324363231658936,14.554347038269043,15.386783599853516,rank,44,single_rater_weak
2025_09_15_Re4StRes_T1_DSV/IMG_2606_2.JPG,plot_5a26296d1fb3d29bbb28,dsv_asendorf_t1_bbch11,/home/nfs/data/nvme_datasets/Pictures_CFSB_leaf_damage/2025_09_15_Re4StRes_T1_DSV/IMG_2606_2.JPG,4.0,1.710731029510498,1.2315051555633545,-0.47922587394714355,2.7684948444366455,2.289268970489502,rank,44,single_rater_weak
2025_09_15_Re4StRes_T1_DSV/IMG_2608.JPG,plot_46c1efcf4428e47a8433,dsv_asendorf_t1_bbch11,/home/nfs/data/nvme_datasets/Pictures_CFSB_leaf_damage/2025_09_15_Re4StRes_T1_DSV/IMG_2608.JPG,2.0,3.7565183639526367,4.556466579437256,0.7999482750892639,2.556466579437256,1.7565183639526367,rank,44,single_rater_weak
2025_09_15_Re4StRes_T1_DSV/IMG_2609.JPG,plot_46c1efcf4428e47a8433,dsv_asendorf_t1_bbch11,/home/nfs/data/nvme_datasets/Pictures_CFSB_leaf_damage/2025_09_15_Re4StRes_T1_DSV/IMG_2609.JPG,5.0,2.6399292945861816,2.113668918609619,-0.5262603759765625,2.886331081390381,2.3600707054138184,rank,44,single_rater_weak
2025_09_15_Re4StRes_T1_DSV/IMG_2610.JPG,plot_46c1efcf4428e47a8433,dsv_asendorf_t1_bbch11,/home/nfs/data/nvme_datasets/Pictures_CFSB_leaf_damage/2025_09_15_Re4StRes_T1_DSV/IMG_2610.JPG,11.0,3.9724013805389404,3.9514050483703613,-0.02099638059735298,7.048594951629639,7.0275983810424805,rank,44,single_rater_weak
2025_09_15_Re4StRes_T1_DSV/IMG_2611.JPG,plot_6ad87ac5e10c8f43e276,dsv_asendorf_t1_bbch11,/home/nfs/data/nvme_datasets/Pictures_CFSB_leaf_damage/2025_09_15_Re4StRes_T1_DSV/IMG_2611.JPG,3.0,0.8360943794250488,1.055419921875,0.21932558715343475,1.944580078125,2.163905620574951,rank,44,single_rater_weak
2025_09_15_Re4StRes_T1_DSV/IMG_2612.JPG,plot_6ad87ac5e10c8f43e276,dsv_asendorf_t1_bbch11,/home/nfs/data/nvme_datasets/Pictures_CFSB_leaf_damage/2025_09_15_Re4StRes_T1_DSV/IMG_2612.JPG,3.0,0.5878314971923828,0.8993864059448242,0.3115549385547638,2.100613594055176,2.412168502807617,rank,44,single_rater_weak
2025_09_15_Re4StRes_T1_DSV/IMG_2613.JPG,plot_6ad87ac5e10c8f43e276,dsv_asendorf_t1_bbch11,/home/nfs/data/nvme_datasets/Pictures_CFSB_leaf_damage/2025_09_15_Re4StRes_T1_DSV/IMG_2613.JPG,40.0,3.935574769973755,4.795993804931641,0.8604187965393066,35.20400619506836,36.06442642211914,rank,44,single_rater_weak
2025_09_15_Re4StRes_T1_DSV/IMG_2614.JPG,plot_9b875862086dac6bd729,dsv_asendorf_t1_bbch11,/home/nfs/data/nvme_datasets/Pictures_CFSB_leaf_damage/2025_09_15_Re4StRes_T1_DSV/IMG_2614.JPG,4.0,3.0062570571899414,3.2083358764648438,0.2020789086818695,0.7916641235351562,0.9937429428100586,rank,44,single_rater_weak
2025_09_15_Re4StRes_T1_DSV/IMG_2615.JPG,plot_9b875862086dac6bd729,dsv_asendorf_t1_bbch11,/home/nfs/data/nvme_datasets/Pictures_CFSB_leaf_damage/2025_09_15_Re4StRes_T1_DSV/IMG_2615.JPG,12.0,2.578787326812744,2.7983651161193848,0.2195778638124466,9.201635360717773,9.421213150024414,rank,44,single_rater_weak
2025_09_15_Re4StRes_T1_DSV/IMG_2616.JPG,plot_9b875862086dac6bd729,dsv_asendorf_t1_bbch11,/home/nfs/data/nvme_datasets/Pictures_CFSB_leaf_damage/2025_09_15_Re4StRes_T1_DSV/IMG_2616.JPG,14.0,4.786221027374268,5.131853103637695,0.34563207626342773,8.868146896362305,9.21377944946289,rank,44,single_rater_weak
2025_09_15_Re4StRes_T1_DSV/IMG_2617.JPG,plot_b2a3e31c2e6cc1eb0673,dsv_asendorf_t1_bbch11,/home/nfs/data/nvme_datasets/Pictures_CFSB_leaf_damage/2025_09_15_Re4StRes_T1_DSV/IMG_2617.JPG,2.0,1.621382236480713,1.8289146423339844,0.2075323611497879,0.17108535766601562,0.3786177635192871,rank,44,single_rater_weak
2025_09_15_Re4StRes_T1_DSV/IMG_2618.JPG,plot_b2a3e31c2e6cc1eb0673,dsv_asendorf_t1_bbch11,/home/nfs/data/nvme_datasets/Pictures_CFSB_leaf_damage/2025_09_15_Re4StRes_T1_DSV/IMG_2618.JPG,12.0,2.420034408569336,2.781402587890625,0.3613682985305786,9.218597412109375,9.579965591430664,rank,44,single_rater_weak
2025_09_15_Re4StRes_T1_DSV/IMG_2619.JPG,plot_b2a3e31c2e6cc1eb0673,dsv_asendorf_t1_bbch11,/home/nfs/data/nvme_datasets/Pictures_CFSB_leaf_damage/2025_09_15_Re4StRes_T1_DSV/IMG_2619.JPG,17.0,2.5560646057128906,2.3698601722717285,-0.18620437383651733,14.63014030456543,14.44393539428711,rank,44,single_rater_weak
2025_09_15_Re4StRes_T1_DSV/IMG_2620.JPG,plot_b03192acadc05d9ac642,dsv_asendorf_t1_bbch11,/home/nfs/data/nvme_datasets/Pictures_CFSB_leaf_damage/2025_09_15_Re4StRes_T1_DSV/IMG_2620.JPG,3.0,0.600433349609375,0.3456457853317261,-0.2547875642776489,2.6543540954589844,2.399566650390625,rank,44,single_rater_weak
2025_09_15_Re4StRes_T1_DSV/IMG_2621.JPG,plot_b03192acadc05d9ac642,dsv_asendorf_t1_bbch11,/home/nfs/data/nvme_datasets/Pictures_CFSB_leaf_damage/2025_09_15_Re4StRes_T1_DSV/IMG_2621.JPG,5.0,0.923001766204834,0.8817893266677856,-0.04121240973472595,4.118210792541504,4.076998233795166,rank,44,single_rater_weak
2025_09_15_Re4StRes_T1_DSV/IMG_2622.JPG,plot_b03192acadc05d9ac642,dsv_asendorf_t1_bbch11,/home/nfs/data/nvme_datasets/Pictures_CFSB_leaf_damage/2025_09_15_Re4StRes_T1_DSV/IMG_2622.JPG,7.0,1.6413326263427734,1.7698297500610352,0.12849706411361694,5.230170249938965,5.358667373657227,rank,44,single_rater_weak
2025_09_15_Re4StRes_T1_DSV/IMG_2623.JPG,plot_ad2868ba0107fb9b7835,dsv_asendorf_t1_bbch11,/home/nfs/data/nvme_datasets/Pictures_CFSB_leaf_damage/2025_09_15_Re4StRes_T1_DSV/IMG_2623.JPG,10.0,2.9615297317504883,3.4827122688293457,0.5211824774742126,6.517287731170654,7.038470268249512,rank,44,single_rater_weak
2025_09_15_Re4StRes_T1_DSV/IMG_2624.JPG,plot_ad2868ba0107fb9b7835,dsv_asendorf_t1_bbch11,/home/nfs/data/nvme_datasets/Pictures_CFSB_leaf_damage/2025_09_15_Re4StRes_T1_DSV/IMG_2624.JPG,2.0,3.870285749435425,4.782938480377197,0.9126526713371277,2.7829384803771973,1.8702857494354248,rank,44,single_rater_weak
2025_09_15_Re4StRes_T1_DSV/IMG_2625.JPG,plot_ad2868ba0107fb9b7835,dsv_asendorf_t1_bbch11,/home/nfs/data/nvme_datasets/Pictures_CFSB_leaf_damage/2025_09_15_Re4StRes_T1_DSV/IMG_2625.JPG,19.0,3.0369977951049805,3.6215100288391113,0.5845123529434204,15.378490447998047,15.96300220489502,rank,44,single_rater_weak
2025_09_15_Re4StRes_T1_DSV/IMG_2626.JPG,plot_d36ced0541e95ee9540c,dsv_asendorf_t1_bbch11,/home/nfs/data/nvme_datasets/Pictures_CFSB_leaf_damage/2025_09_15_Re4StRes_T1_DSV/IMG_2626.JPG,10.0,1.3477649688720703,1.8828727006912231,0.5351077318191528,8.117127418518066,8.65223503112793,rank,44,single_rater_weak
2025_09_15_Re4StRes_T1_DSV/IMG_2627.JPG,plot_d36ced0541e95ee9540c,dsv_asendorf_t1_bbch11,/home/nfs/data/nvme_datasets/Pictures_CFSB_leaf_damage/2025_09_15_Re4StRes_T1_DSV/IMG_2627.JPG,2.0,0.8240456581115723,1.0249103307724,0.20086465775966644,0.9750896692276001,1.1759543418884277,rank,44,single_rater_weak
2025_09_15_Re4StRes_T1_DSV/IMG_2628.JPG,plot_d36ced0541e95ee9540c,dsv_asendorf_t1_bbch11,/home/nfs/data/nvme_datasets/Pictures_CFSB_leaf_damage/2025_09_15_Re4StRes_T1_DSV/IMG_2628.JPG,18.0,2.9012551307678223,3.2714037895202637,0.37014874815940857,14.728595733642578,15.098745346069336,rank,44,single_rater_weak
2025_09_15_Re4StRes_T1_DSV/IMG_2629.JPG,plot_aa0809a29b3adcfe1082,dsv_asendorf_t1_bbch11,/home/nfs/data/nvme_datasets/Pictures_CFSB_leaf_damage/2025_09_15_Re4StRes_T1_DSV/IMG_2629.JPG,8.0,1.1345019340515137,1.7822930812835693,0.6477911472320557,6.217706680297852,6.865498065948486,rank,44,single_rater_weak
2025_09_15_Re4StRes_T1_DSV/IMG_2630.JPG,plot_aa0809a29b3adcfe1082,dsv_asendorf_t1_bbch11,/home/nfs/data/nvme_datasets/Pictures_CFSB_leaf_damage/2025_09_15_Re4StRes_T1_DSV/IMG_2630.JPG,23.0,1.34653902053833,2.364847183227539,1.0183082818984985,20.63515281677246,21.653461456298828,rank,44,single_rater_weak
2025_09_15_Re4StRes_T1_DSV/IMG_2631.JPG,plot_aa0809a29b3adcfe1082,dsv_asendorf_t1_bbch11,/home/nfs/data/nvme_datasets/Pictures_CFSB_leaf_damage/2025_09_15_Re4StRes_T1_DSV/IMG_2631.JPG,15.0,0.47879743576049805,1.1903924942016602,0.7115950584411621,13.80960750579834,14.521202087402344,rank,44,single_rater_weak
2025_09_15_Re4StRes_T1_DSV/IMG_2632.JPG,plot_a80ff455babb8bbad605,dsv_asendorf_t1_bbch11,/home/nfs/data/nvme_datasets/Pictures_CFSB_leaf_damage/2025_09_15_Re4StRes_T1_DSV/IMG_2632.JPG,32.0,3.5614123344421387,4.222573280334473,0.6611608266830444,27.777427673339844,28.438587188720703,rank,44,single_rater_weak
2025_09_15_Re4StRes_T1_DSV/IMG_2633.JPG,plot_a80ff455babb8bbad605,dsv_asendorf_t1_bbch11,/home/nfs/data/nvme_datasets/Pictures_CFSB_leaf_damage/2025_09_15_Re4StRes_T1_DSV/IMG_2633.JPG,39.0,2.724973678588867,3.568220615386963,0.8432469367980957,35.43177795410156,36.2750244140625,rank,44,single_rater_weak
2025_09_15_Re4StRes_T1_DSV/IMG_2634.JPG,plot_a80ff455babb8bbad605,dsv_asendorf_t1_bbch11,/home/nfs/data/nvme_datasets/Pictures_CFSB_leaf_damage/2025_09_15_Re4StRes_T1_DSV/IMG_2634.JPG,40.0,5.892397880554199,6.302655220031738,0.4102572500705719,33.69734573364258,34.107601165771484,rank,44,single_rater_weak
2025_09_15_Re4StRes_T1_DSV/IMG_2635.JPG,plot_73516a1533725dd1f172,dsv_asendorf_t1_bbch11,/home/nfs/data/nvme_datasets/Pictures_CFSB_leaf_damage/2025_09_15_Re4StRes_T1_DSV/IMG_2635.JPG,24.0,3.6416218280792236,4.4432373046875,0.8016152381896973,19.5567626953125,20.35837745666504,rank,44,single_rater_weak
2025_09_15_Re4StRes_T1_DSV/IMG_2636.JPG,plot_73516a1533725dd1f172,dsv_asendorf_t1_bbch11,/home/nfs/data/nvme_datasets/Pictures_CFSB_leaf_damage/2025_09_15_Re4StRes_T1_DSV/IMG_2636.JPG,36.0,5.042792320251465,5.551670074462891,0.508877694606781,30.44832992553711,30.95720672607422,rank,44,single_rater_weak
2025_09_15_Re4StRes_T1_DSV/IMG_2637.JPG,plot_73516a1533725dd1f172,dsv_asendorf_t1_bbch11,/home/nfs/data/nvme_datasets/Pictures_CFSB_leaf_damage/2025_09_15_Re4StRes_T1_DSV/IMG_2637.JPG,42.0,4.654311180114746,5.6309814453125,0.9766703844070435,36.3690185546875,37.34568786621094,rank,44,single_rater_weak
2025_09_15_Re4StRes_T1_DSV/IMG_2638.JPG,plot_8fcd736eda326263efa9,dsv_asendorf_t1_bbch11,/home/nfs/data/nvme_datasets/Pictures_CFSB_leaf_damage/2025_09_15_Re4StRes_T1_DSV/IMG_2638.JPG,30.0,3.806260347366333,4.356897830963135,0.5506376028060913,25.643102645874023,26.19373893737793,rank,44,single_rater_weak
2025_09_15_Re4StRes_T1_DSV/IMG_2639.JPG,plot_8fcd736eda326263efa9,dsv_asendorf_t1_bbch11,/home/nfs/data/nvme_datasets/Pictures_CFSB_leaf_damage/2025_09_15_Re4StRes_T1_DSV/IMG_2639.JPG,42.0,1.475809097290039,1.404644250869751,-0.07116486877202988,40.59535598754883,40.524192810058594,rank,44,single_rater_weak
2025_09_15_Re4StRes_T1_DSV/IMG_2640.JPG,plot_8fcd736eda326263efa9,dsv_asendorf_t1_bbch11,/home/nfs/data/nvme_datasets/Pictures_CFSB_leaf_damage/2025_09_15_Re4StRes_T1_DSV/IMG_2640.JPG,45.0,6.877355098724365,7.374621868133545,0.4972667694091797,37.6253776550293,38.12264633178711,rank,44,single_rater_weak
2025_09_15_Re4StRes_T1_DSV/IMG_2641.JPG,plot_4e2d6e2c277a5922c74b,dsv_asendorf_t1_bbch11,/home/nfs/data/nvme_datasets/Pictures_CFSB_leaf_damage/2025_09_15_Re4StRes_T1_DSV/IMG_2641.JPG,28.0,1.8573598861694336,2.225116491317749,0.36775660514831543,25.774883270263672,26.14263916015625,rank,44,single_rater_weak
2025_09_15_Re4StRes_T1_DSV/IMG_2642.JPG,plot_4e2d6e2c277a5922c74b,dsv_asendorf_t1_bbch11,/home/nfs/data/nvme_datasets/Pictures_CFSB_leaf_damage/2025_09_15_Re4StRes_T1_DSV/IMG_2642.JPG,2.0,3.0010647773742676,3.647369146347046,0.6463043689727783,1.647369146347046,1.0010647773742676,rank,44,single_rater_weak
2025_09_15_Re4StRes_T1_DSV/IMG_2643.JPG,plot_4e2d6e2c277a5922c74b,dsv_asendorf_t1_bbch11,/home/nfs/data/nvme_datasets/Pictures_CFSB_leaf_damage/2025_09_15_Re4StRes_T1_DSV/IMG_2643.JPG,3.0,1.5149450302124023,1.2333011627197266,-0.2816438376903534,1.7666988372802734,1.4850549697875977,rank,44,single_rater_weak
2025_09_15_Re4StRes_T1_DSV/IMG_2644.JPG,plot_7db3d9c8037049d83796,dsv_asendorf_t1_bbch11,/home/nfs/data/nvme_datasets/Pictures_CFSB_leaf_damage/2025_09_15_Re4StRes_T1_DSV/IMG_2644.JPG,1.0,1.4477825164794922,1.2910655736923218,-0.15671691298484802,0.2910655736923218,0.4477825164794922,rank,44,single_rater_weak
2025_09_15_Re4StRes_T1_DSV/IMG_2645.JPG,plot_7db3d9c8037049d83796,dsv_asendorf_t1_bbch11,/home/nfs/data/nvme_datasets/Pictures_CFSB_leaf_damage/2025_09_15_Re4StRes_T1_DSV/IMG_2645.JPG,2.0,1.2121801376342773,0.5689688920974731,-0.6432112455368042,1.4310311079025269,0.7878198623657227,rank,44,single_rater_weak
2025_09_15_Re4StRes_T1_DSV/IMG_2646.JPG,plot_7db3d9c8037049d83796,dsv_asendorf_t1_bbch11,/home/nfs/data/nvme_datasets/Pictures_CFSB_leaf_damage/2025_09_15_Re4StRes_T1_DSV/IMG_2646.JPG,8.0,2.0018868446350098,2.2070913314819336,0.2052045464515686,5.792908668518066,5.99811315536499,rank,44,single_rater_weak
2025_09_15_Re4StRes_T1_DSV/IMG_2647.JPG,plot_6d60b4e277f2e74cc45f,dsv_asendorf_t1_bbch11,/home/nfs/data/nvme_datasets/Pictures_CFSB_leaf_damage/2025_09_15_Re4StRes_T1_DSV/IMG_2647.JPG,9.0,2.743995189666748,2.5960042476654053,-0.14799092710018158,6.403995513916016,6.256004810333252,rank,44,single_rater_weak
2025_09_15_Re4StRes_T1_DSV/IMG_2648.JPG,plot_6d60b4e277f2e74cc45f,dsv_asendorf_t1_bbch11,/home/nfs/data/nvme_datasets/Pictures_CFSB_leaf_damage/2025_09_15_Re4StRes_T1_DSV/IMG_2648.JPG,24.0,2.7487869262695312,2.6085784435272217,-0.14020857214927673,21.391422271728516,21.25121307373047,rank,44,single_rater_weak
2025_09_15_Re4StRes_T1_DSV/IMG_2649.JPG,plot_6d60b4e277f2e74cc45f,dsv_asendorf_t1_bbch11,/home/nfs/data/nvme_datasets/Pictures_CFSB_leaf_damage/2025_09_15_Re4StRes_T1_DSV/IMG_2649.JPG,3.0,1.8222894668579102,1.2940075397491455,-0.5282819867134094,1.7059924602508545,1.1777105331420898,rank,44,single_rater_weak
2025_09_15_Re4StRes_T1_DSV/IMG_2650.JPG,plot_f42d982b26d6135b33d5,dsv_asendorf_t1_bbch11,/home/nfs/data/nvme_datasets/Pictures_CFSB_leaf_damage/2025_09_15_Re4StRes_T1_DSV/IMG_2650.JPG,2.0,1.503964900970459,1.048323154449463,-0.4556417763233185,0.9516768455505371,0.496035099029541,rank,44,single_rater_weak
2025_09_15_Re4StRes_T1_DSV/IMG_2651.JPG,plot_f42d982b26d6135b33d5,dsv_asendorf_t1_bbch11,/home/nfs/data/nvme_datasets/Pictures_CFSB_leaf_damage/2025_09_15_Re4StRes_T1_DSV/IMG_2651.JPG,1.0,0.950202465057373,0.674608588218689,-0.2755938768386841,0.32539141178131104,0.04979753494262695,rank,44,single_rater_weak
2025_09_15_Re4StRes_T1_DSV/IMG_2652.JPG,plot_f42d982b26d6135b33d5,dsv_asendorf_t1_bbch11,/home/nfs/data/nvme_datasets/Pictures_CFSB_leaf_damage/2025_09_15_Re4StRes_T1_DSV/IMG_2652.JPG,13.0,1.5530610084533691,1.2234739065170288,-0.3295871317386627,11.77652645111084,11.446939468383789,rank,44,single_rater_weak
2025_09_15_Re4StRes_T1_DSV/IMG_2653.JPG,plot_3b786930378c9a733914,dsv_asendorf_t1_bbch11,/home/nfs/data/nvme_datasets/Pictures_CFSB_leaf_damage/2025_09_15_Re4StRes_T1_DSV/IMG_2653.JPG,11.0,1.3474621772766113,1.2548611164093018,-0.09260103851556778,9.745139122009277,9.652538299560547,rank,44,single_rater_weak
2025_09_15_Re4StRes_T1_DSV/IMG_2654.JPG,plot_3b786930378c9a733914,dsv_asendorf_t1_bbch11,/home/nfs/data/nvme_datasets/Pictures_CFSB_leaf_damage/2025_09_15_Re4StRes_T1_DSV/IMG_2654.JPG,7.0,0.8094310760498047,0.6282610297203064,-0.1811700463294983,6.371738910675049,6.190568923950195,rank,44,single_rater_weak
2025_09_15_Re4StRes_T1_DSV/IMG_2655.JPG,plot_3b786930378c9a733914,dsv_asendorf_t1_bbch11,/home/nfs/data/nvme_datasets/Pictures_CFSB_leaf_damage/2025_09_15_Re4StRes_T1_DSV/IMG_2655.JPG,8.0,4.934948444366455,5.608438968658447,0.6734907031059265,2.3915610313415527,3.065051555633545,rank,44,single_rater_weak
2025_09_15_Re4StRes_T1_DSV/IMG_2656.JPG,plot_be9f8bc4fd001859e553,dsv_asendorf_t1_bbch11,/home/nfs/data/nvme_datasets/Pictures_CFSB_leaf_damage/2025_09_15_Re4StRes_T1_DSV/IMG_2656.JPG,2.0,3.4549028873443604,3.608412742614746,0.1535099744796753,1.608412742614746,1.4549028873443604,rank,44,single_rater_weak
2025_09_15_Re4StRes_T1_DSV/IMG_2657.JPG,plot_be9f8bc4fd001859e553,dsv_asendorf_t1_bbch11,/home/nfs/data/nvme_datasets/Pictures_CFSB_leaf_damage/2025_09_15_Re4StRes_T1_DSV/IMG_2657.JPG,1.0,5.78933572769165,5.647113800048828,-0.14222171902656555,4.647113800048828,4.78933572769165,rank,44,single_rater_weak
2025_09_15_Re4StRes_T1_DSV/IMG_2657_2.JPG,plot_be9f8bc4fd001859e553,dsv_asendorf_t1_bbch11,/home/nfs/data/nvme_datasets/Pictures_CFSB_leaf_damage/2025_09_15_Re4StRes_T1_DSV/IMG_2657_2.JPG,6.0,2.6616783142089844,2.2803173065185547,-0.38136106729507446,3.7196826934814453,3.3383216857910156,rank,44,single_rater_weak
2025_09_15_Re4StRes_T1_DSV/IMG_2659.JPG,plot_8f8a0ed1a54d2a6671f4,dsv_asendorf_t1_bbch11,/home/nfs/data/nvme_datasets/Pictures_CFSB_leaf_damage/2025_09_15_Re4StRes_T1_DSV/IMG_2659.JPG,15.0,3.1912713050842285,3.164726972579956,-0.026544339954853058,11.835272789001465,11.80872917175293,rank,44,single_rater_weak
2025_09_15_Re4StRes_T1_DSV/IMG_2660.JPG,plot_8f8a0ed1a54d2a6671f4,dsv_asendorf_t1_bbch11,/home/nfs/data/nvme_datasets/Pictures_CFSB_leaf_damage/2025_09_15_Re4StRes_T1_DSV/IMG_2660.JPG,18.0,3.9834651947021484,4.167211532592773,0.18374620378017426,13.832788467407227,14.016534805297852,rank,44,single_rater_weak
2025_09_15_Re4StRes_T1_DSV/IMG_2661.JPG,plot_8f8a0ed1a54d2a6671f4,dsv_asendorf_t1_bbch11,/home/nfs/data/nvme_datasets/Pictures_CFSB_leaf_damage/2025_09_15_Re4StRes_T1_DSV/IMG_2661.JPG,25.0,3.266641139984131,3.587009906768799,0.3203686475753784,21.41299057006836,21.73335838317871,rank,44,single_rater_weak
2025_09_15_Re4StRes_T1_DSV/IMG_2662.JPG,plot_7dff48577a5b7ced7d39,dsv_asendorf_t1_bbch11,/home/nfs/data/nvme_datasets/Pictures_CFSB_leaf_damage/2025_09_15_Re4StRes_T1_DSV/IMG_2662.JPG,12.0,2.469180107116699,2.8585574626922607,0.3893774449825287,9.14144229888916,9.5308198928833,rank,44,single_rater_weak
2025_09_15_Re4StRes_T1_DSV/IMG_2663.JPG,plot_7dff48577a5b7ced7d39,dsv_asendorf_t1_bbch11,/home/nfs/data/nvme_datasets/Pictures_CFSB_leaf_damage/2025_09_15_Re4StRes_T1_DSV/IMG_2663.JPG,38.0,4.252421855926514,4.702523231506348,0.45010146498680115,33.29747772216797,33.74757766723633,rank,44,single_rater_weak
2025_09_15_Re4StRes_T1_DSV/IMG_2664.JPG,plot_7dff48577a5b7ced7d39,dsv_asendorf_t1_bbch11,/home/nfs/data/nvme_datasets/Pictures_CFSB_leaf_damage/2025_09_15_Re4StRes_T1_DSV/IMG_2664.JPG,15.0,6.236867904663086,6.220151901245117,-0.016715943813323975,8.779848098754883,8.763132095336914,rank,44,single_rater_weak
2025_09_15_Re4StRes_T1_DSV/IMG_2665.JPG,plot_fa485d2f45bfc9148558,dsv_asendorf_t1_bbch11,/home/nfs/data/nvme_datasets/Pictures_CFSB_leaf_damage/2025_09_15_Re4StRes_T1_DSV/IMG_2665.JPG,45.0,4.744265556335449,5.318833351135254,0.574567973613739,39.68116760253906,40.255733489990234,rank,44,single_rater_weak
2025_09_15_Re4StRes_T1_DSV/IMG_2666.JPG,plot_fa485d2f45bfc9148558,dsv_asendorf_t1_bbch11,/home/nfs/data/nvme_datasets/Pictures_CFSB_leaf_damage/2025_09_15_Re4StRes_T1_DSV/IMG_2666.JPG,40.0,1.7689547538757324,2.2703752517700195,0.5014203786849976,37.7296257019043,38.23104476928711,rank,44,single_rater_weak
2025_09_15_Re4StRes_T1_DSV/IMG_2667.JPG,plot_fa485d2f45bfc9148558,dsv_asendorf_t1_bbch11,/home/nfs/data/nvme_datasets/Pictures_CFSB_leaf_damage/2025_09_15_Re4StRes_T1_DSV/IMG_2667.JPG,10.0,0.522585391998291,0.8978259563446045,0.3752405643463135,9.102173805236816,9.477415084838867,rank,44,single_rater_weak
2025_09_15_Re4StRes_T1_DSV/IMG_2668.JPG,plot_fda0b4cafe14bb4573e3,dsv_asendorf_t1_bbch11,/home/nfs/data/nvme_datasets/Pictures_CFSB_leaf_damage/2025_09_15_Re4StRes_T1_DSV/IMG_2668.JPG,42.0,4.149078845977783,5.08388090133667,0.9348020553588867,36.91611862182617,37.850921630859375,rank,44,single_rater_weak
2025_09_15_Re4StRes_T1_DSV/IMG_2669.JPG,plot_fda0b4cafe14bb4573e3,dsv_asendorf_t1_bbch11,/home/nfs/data/nvme_datasets/Pictures_CFSB_leaf_damage/2025_09_15_Re4StRes_T1_DSV/IMG_2669.JPG,40.0,0.3922123908996582,0.6825489401817322,0.290336549282074,39.31745147705078,39.6077880859375,rank,44,single_rater_weak
2025_09_15_Re4StRes_T1_DSV/IMG_2670.JPG,plot_fda0b4cafe14bb4573e3,dsv_asendorf_t1_bbch11,/home/nfs/data/nvme_datasets/Pictures_CFSB_leaf_damage/2025_09_15_Re4StRes_T1_DSV/IMG_2670.JPG,30.0,0.14708805084228516,0.2444608509540558,0.09737279266119003,29.755538940429688,29.85291290283203,rank,44,single_rater_weak
2025_09_15_Re4StRes_T1_DSV/IMG_2671.JPG,plot_875009e20325d359d8c9,dsv_asendorf_t1_bbch11,/home/nfs/data/nvme_datasets/Pictures_CFSB_leaf_damage/2025_09_15_Re4StRes_T1_DSV/IMG_2671.JPG,8.0,4.169244289398193,4.881197929382324,0.7119534015655518,3.118802070617676,3.8307557106018066,rank,44,single_rater_weak
2025_09_15_Re4StRes_T1_DSV/IMG_2672.JPG,plot_875009e20325d359d8c9,dsv_asendorf_t1_bbch11,/home/nfs/data/nvme_datasets/Pictures_CFSB_leaf_damage/2025_09_15_Re4StRes_T1_DSV/IMG_2672.JPG,30.0,1.624943733215332,1.8144280910491943,0.1894843578338623,28.185571670532227,28.375057220458984,rank,44,single_rater_weak
2025_09_15_Re4StRes_T1_DSV/IMG_2673.JPG,plot_875009e20325d359d8c9,dsv_asendorf_t1_bbch11,/home/nfs/data/nvme_datasets/Pictures_CFSB_leaf_damage/2025_09_15_Re4StRes_T1_DSV/IMG_2673.JPG,3.0,1.271561622619629,1.0117067098617554,-0.25985488295555115,1.9882932901382446,1.728438377380371,rank,44,single_rater_weak
2025_09_15_Re4StRes_T1_DSV/IMG_2674.JPG,plot_04022cc1273501af6aaa,dsv_asendorf_t1_bbch11,/home/nfs/data/nvme_datasets/Pictures_CFSB_leaf_damage/2025_09_15_Re4StRes_T1_DSV/IMG_2674.JPG,1.0,1.123143196105957,1.0219802856445312,-0.10116291046142578,0.02198028564453125,0.12314319610595703,rank,44,single_rater_weak
2025_09_15_Re4StRes_T1_DSV/IMG_2675.JPG,plot_04022cc1273501af6aaa,dsv_asendorf_t1_bbch11,/home/nfs/data/nvme_datasets/Pictures_CFSB_leaf_damage/2025_09_15_Re4StRes_T1_DSV/IMG_2675.JPG,1.0,0.8923687934875488,0.5040261745452881,-0.38834258913993835,0.4959738254547119,0.10763120651245117,rank,44,single_rater_weak
2025_09_15_Re4StRes_T1_DSV/IMG_2676.JPG,plot_04022cc1273501af6aaa,dsv_asendorf_t1_bbch11,/home/nfs/data/nvme_datasets/Pictures_CFSB_leaf_damage/2025_09_15_Re4StRes_T1_DSV/IMG_2676.JPG,3.0,1.532209873199463,1.2870309352874756,-0.2451789677143097,1.7129690647125244,1.467790126800537,rank,44,single_rater_weak
2025_09_15_Re4StRes_T1_DSV/IMG_2677.JPG,plot_5f15397b7bb54891ab9b,dsv_asendorf_t1_bbch11,/home/nfs/data/nvme_datasets/Pictures_CFSB_leaf_damage/2025_09_15_Re4StRes_T1_DSV/IMG_2677.JPG,1.0,0.7867822647094727,-0.07648444175720215,-0.8632667064666748,1.0764844417572021,0.21321773529052734,rank,44,single_rater_weak
2025_09_15_Re4StRes_T1_DSV/IMG_2678.JPG,plot_5f15397b7bb54891ab9b,dsv_asendorf_t1_bbch11,/home/nfs/data/nvme_datasets/Pictures_CFSB_leaf_damage/2025_09_15_Re4StRes_T1_DSV/IMG_2678.JPG,1.0,0.7090034484863281,0.5445250272750854,-0.16447842121124268,0.45547497272491455,0.2909965515136719,rank,44,single_rater_weak
2025_09_15_Re4StRes_T1_DSV/IMG_2679.JPG,plot_5f15397b7bb54891ab9b,dsv_asendorf_t1_bbch11,/home/nfs/data/nvme_datasets/Pictures_CFSB_leaf_damage/2025_09_15_Re4StRes_T1_DSV/IMG_2679.JPG,1.0,0.8307466506958008,0.40345537662506104,-0.42729127407073975,0.596544623374939,0.16925334930419922,rank,44,single_rater_weak
2025_09_15_Re4StRes_T1_DSV/IMG_2680.JPG,plot_a2e507dd1a5b46dd448b,dsv_asendorf_t1_bbch11,/home/nfs/data/nvme_datasets/Pictures_CFSB_leaf_damage/2025_09_15_Re4StRes_T1_DSV/IMG_2680.JPG,7.0,1.3360424041748047,0.5704962015151978,-0.7655462026596069,6.429503917694092,5.663957595825195,rank,44,single_rater_weak
2025_09_15_Re4StRes_T1_DSV/IMG_2681.JPG,plot_a2e507dd1a5b46dd448b,dsv_asendorf_t1_bbch11,/home/nfs/data/nvme_datasets/Pictures_CFSB_leaf_damage/2025_09_15_Re4StRes_T1_DSV/IMG_2681.JPG,5.0,0.7139291763305664,-0.24908995628356934,-0.9630191326141357,5.249090194702148,4.286070823669434,rank,44,single_rater_weak
2025_09_15_Re4StRes_T1_DSV/IMG_2682.JPG,plot_a2e507dd1a5b46dd448b,dsv_asendorf_t1_bbch11,/home/nfs/data/nvme_datasets/Pictures_CFSB_leaf_damage/2025_09_15_Re4StRes_T1_DSV/IMG_2682.JPG,3.0,0.20037508010864258,-0.7765191793441772,-0.9768942594528198,3.776519298553467,2.7996249198913574,rank,44,single_rater_weak
2025_09_15_Re4StRes_T1_DSV/IMG_2683.JPG,plot_294ecb4c0cc0415b63ba,dsv_asendorf_t1_bbch11,/home/nfs/data/nvme_datasets/Pictures_CFSB_leaf_damage/2025_09_15_Re4StRes_T1_DSV/IMG_2683.JPG,2.0,1.1573424339294434,0.8599044680595398,-0.29743796586990356,1.1400954723358154,0.8426575660705566,rank,44,single_rater_weak
2025_09_15_Re4StRes_T1_DSV/IMG_2683_2.JPG,plot_294ecb4c0cc0415b63ba,dsv_asendorf_t1_bbch11,/home/nfs/data/nvme_datasets/Pictures_CFSB_leaf_damage/2025_09_15_Re4StRes_T1_DSV/IMG_2683_2.JPG,5.0,0.9989166259765625,1.086355209350586,0.08743856847286224,3.913644790649414,4.0010833740234375,rank,44,single_rater_weak
2025_09_15_Re4StRes_T1_DSV/IMG_2684.JPG,plot_294ecb4c0cc0415b63ba,dsv_asendorf_t1_bbch11,/home/nfs/data/nvme_datasets/Pictures_CFSB_leaf_damage/2025_09_15_Re4StRes_T1_DSV/IMG_2684.JPG,7.0,0.753899097442627,0.26467955112457275,-0.4892195463180542,6.735320568084717,6.246100902557373,rank,44,single_rater_weak
2025_09_15_Re4StRes_T1_DSV/IMG_2686.JPG,plot_423b961101cdbd0d5304,dsv_asendorf_t1_bbch11,/home/nfs/data/nvme_datasets/Pictures_CFSB_leaf_damage/2025_09_15_Re4StRes_T1_DSV/IMG_2686.JPG,1.0,0.8004045486450195,0.4438077211380005,-0.35659682750701904,0.5561922788619995,0.19959545135498047,rank,44,single_rater_weak
2025_09_15_Re4StRes_T1_DSV/IMG_2687.JPG,plot_423b961101cdbd0d5304,dsv_asendorf_t1_bbch11,/home/nfs/data/nvme_datasets/Pictures_CFSB_leaf_damage/2025_09_15_Re4StRes_T1_DSV/IMG_2687.JPG,1.0,0.876563549041748,0.2130613923072815,-0.6635021567344666,0.7869386076927185,0.12343645095825195,rank,44,single_rater_weak
2025_09_15_Re4StRes_T1_DSV/IMG_2688.JPG,plot_423b961101cdbd0d5304,dsv_asendorf_t1_bbch11,/home/nfs/data/nvme_datasets/Pictures_CFSB_leaf_damage/2025_09_15_Re4StRes_T1_DSV/IMG_2688.JPG,1.0,0.7838592529296875,0.5242805480957031,-0.2595787048339844,0.4757194519042969,0.2161407470703125,rank,44,single_rater_weak
2025_09_15_Re4StRes_T1_DSV/IMG_2689.JPG,plot_dd04b204b1bcb3a5725e,dsv_asendorf_t1_bbch11,/home/nfs/data/nvme_datasets/Pictures_CFSB_leaf_damage/2025_09_15_Re4StRes_T1_DSV/IMG_2689.JPG,1.0,5.0384955406188965,4.823629379272461,-0.21486607193946838,3.823629379272461,4.0384955406188965,rank,44,single_rater_weak
2025_09_15_Re4StRes_T1_DSV/IMG_2690.JPG,plot_dd04b204b1bcb3a5725e,dsv_asendorf_t1_bbch11,/home/nfs/data/nvme_datasets/Pictures_CFSB_leaf_damage/2025_09_15_Re4StRes_T1_DSV/IMG_2690.JPG,2.0,1.8211565017700195,1.3463151454925537,-0.4748413562774658,0.6536848545074463,0.17884349822998047,rank,44,single_rater_weak
2025_09_15_Re4StRes_T1_DSV/IMG_2691.JPG,plot_dd04b204b1bcb3a5725e,dsv_asendorf_t1_bbch11,/home/nfs/data/nvme_datasets/Pictures_CFSB_leaf_damage/2025_09_15_Re4StRes_T1_DSV/IMG_2691.JPG,1.0,1.2767033576965332,0.6715065240859985,-0.6051968336105347,0.32849347591400146,0.2767033576965332,rank,44,single_rater_weak
2025_09_15_Re4StRes_T1_DSV/IMG_2692.JPG,plot_ee34702f16a23139878d,dsv_asendorf_t1_bbch11,/home/nfs/data/nvme_datasets/Pictures_CFSB_leaf_damage/2025_09_15_Re4StRes_T1_DSV/IMG_2692.JPG,20.0,2.2843546867370605,2.504772424697876,0.22041773796081543,17.495227813720703,17.71564483642578,rank,44,single_rater_weak
2025_09_15_Re4StRes_T1_DSV/IMG_2693.JPG,plot_ee34702f16a23139878d,dsv_asendorf_t1_bbch11,/home/nfs/data/nvme_datasets/Pictures_CFSB_leaf_damage/2025_09_15_Re4StRes_T1_DSV/IMG_2693.JPG,9.0,1.1694765090942383,1.049476146697998,-0.12000042200088501,7.950523853302002,7.830523490905762,rank,44,single_rater_weak
2025_09_15_Re4StRes_T1_DSV/IMG_2694.JPG,plot_ee34702f16a23139878d,dsv_asendorf_t1_bbch11,/home/nfs/data/nvme_datasets/Pictures_CFSB_leaf_damage/2025_09_15_Re4StRes_T1_DSV/IMG_2694.JPG,1.0,1.1359987258911133,1.058537244796753,-0.07746144384145737,0.05853724479675293,0.13599872589111328,rank,44,single_rater_weak
2025_09_15_Re4StRes_T1_DSV/IMG_2695.JPG,plot_ec431a420c01c755bc8f,dsv_asendorf_t1_bbch11,/home/nfs/data/nvme_datasets/Pictures_CFSB_leaf_damage/2025_09_15_Re4StRes_T1_DSV/IMG_2695.JPG,1.0,0.43314409255981445,-0.4117136001586914,-0.8448576927185059,1.4117136001586914,0.5668559074401855,rank,44,single_rater_weak
2025_09_15_Re4StRes_T1_DSV/IMG_2696.JPG,plot_ec431a420c01c755bc8f,dsv_asendorf_t1_bbch11,/home/nfs/data/nvme_datasets/Pictures_CFSB_leaf_damage/2025_09_15_Re4StRes_T1_DSV/IMG_2696.JPG,2.0,0.529085636138916,0.4100935459136963,-0.11899209767580032,1.5899064540863037,1.470914363861084,rank,44,single_rater_weak
2025_09_15_Re4StRes_T1_DSV/IMG_2697.JPG,plot_ec431a420c01c755bc8f,dsv_asendorf_t1_bbch11,/home/nfs/data/nvme_datasets/Pictures_CFSB_leaf_damage/2025_09_15_Re4StRes_T1_DSV/IMG_2697.JPG,1.0,0.38968992233276367,0.1152687668800354,-0.27442115545272827,0.8847312331199646,0.6103100776672363,rank,44,single_rater_weak
2025_09_15_Re4StRes_T1_DSV/IMG_2698.JPG,plot_988fee0f83b74284189c,dsv_asendorf_t1_bbch11,/home/nfs/data/nvme_datasets/Pictures_CFSB_leaf_damage/2025_09_15_Re4StRes_T1_DSV/IMG_2698.JPG,7.0,0.21980857849121094,0.2203923612833023,0.0005837855860590935,6.779607772827148,6.780191421508789,rank,44,single_rater_weak
2025_09_15_Re4StRes_T1_DSV/IMG_2699.JPG,plot_988fee0f83b74284189c,dsv_asendorf_t1_bbch11,/home/nfs/data/nvme_datasets/Pictures_CFSB_leaf_damage/2025_09_15_Re4StRes_T1_DSV/IMG_2699.JPG,10.0,2.251718044281006,2.532331943511963,0.2806137800216675,7.467668056488037,7.748281955718994,rank,44,single_rater_weak
2025_09_15_Re4StRes_T1_DSV/IMG_2700.JPG,plot_988fee0f83b74284189c,dsv_asendorf_t1_bbch11,/home/nfs/data/nvme_datasets/Pictures_CFSB_leaf_damage/2025_09_15_Re4StRes_T1_DSV/IMG_2700.JPG,32.0,1.1430516242980957,1.277071237564087,0.134019672870636,30.722929000854492,30.856948852539062,rank,44,single_rater_weak
2025_09_15_Re4StRes_T1_DSV/IMG_2701.JPG,plot_9eb00a9bc11de06488a0,dsv_asendorf_t1_bbch11,/home/nfs/data/nvme_datasets/Pictures_CFSB_leaf_damage/2025_09_15_Re4StRes_T1_DSV/IMG_2701.JPG,11.0,1.0356526374816895,0.577815055847168,-0.45783761143684387,10.422184944152832,9.964347839355469,rank,44,single_rater_weak
2025_09_15_Re4StRes_T1_DSV/IMG_2702.JPG,plot_9eb00a9bc11de06488a0,dsv_asendorf_t1_bbch11,/home/nfs/data/nvme_datasets/Pictures_CFSB_leaf_damage/2025_09_15_Re4StRes_T1_DSV/IMG_2702.JPG,1.0,1.8165416717529297,1.3761940002441406,-0.4403476119041443,0.3761940002441406,0.8165416717529297,rank,44,single_rater_weak
2025_09_15_Re4StRes_T1_DSV/IMG_2703.JPG,plot_9eb00a9bc11de06488a0,dsv_asendorf_t1_bbch11,/home/nfs/data/nvme_datasets/Pictures_CFSB_leaf_damage/2025_09_15_Re4StRes_T1_DSV/IMG_2703.JPG,24.0,2.748602867126465,2.375133991241455,-0.3734688460826874,21.624866485595703,21.25139617919922,rank,44,single_rater_weak
2025_09_15_Re4StRes_T1_DSV/IMG_2704.JPG,plot_067d70ac047c7beabc7b,dsv_asendorf_t1_bbch11,/home/nfs/data/nvme_datasets/Pictures_CFSB_leaf_damage/2025_09_15_Re4StRes_T1_DSV/IMG_2704.JPG,1.0,1.2136597633361816,1.3600844144821167,0.14642460644245148,0.3600844144821167,0.21365976333618164,rank,44,single_rater_weak
2025_09_15_Re4StRes_T1_DSV/IMG_2705.JPG,plot_067d70ac047c7beabc7b,dsv_asendorf_t1_bbch11,/home/nfs/data/nvme_datasets/Pictures_CFSB_leaf_damage/2025_09_15_Re4StRes_T1_DSV/IMG_2705.JPG,2.0,0.5136270523071289,0.45480504631996155,-0.05882200598716736,1.5451949834823608,1.486372947692871,rank,44,single_rater_weak
2025_09_15_Re4StRes_T1_DSV/IMG_2706.JPG,plot_067d70ac047c7beabc7b,dsv_asendorf_t1_bbch11,/home/nfs/data/nvme_datasets/Pictures_CFSB_leaf_damage/2025_09_15_Re4StRes_T1_DSV/IMG_2706.JPG,1.0,-0.095489501953125,-0.46808287501335144,-0.37259337306022644,1.4680829048156738,1.095489501953125,rank,44,single_rater_weak
2025_09_15_Re4StRes_T1_DSV/IMG_2707.JPG,plot_a634cafe461a956c2d81,dsv_asendorf_t1_bbch11,/home/nfs/data/nvme_datasets/Pictures_CFSB_leaf_damage/2025_09_15_Re4StRes_T1_DSV/IMG_2707.JPG,4.0,3.4705843925476074,3.2257418632507324,-0.24484264850616455,0.7742581367492676,0.5294156074523926,rank,44,single_rater_weak
2025_09_15_Re4StRes_T1_DSV/IMG_2708.JPG,plot_a634cafe461a956c2d81,dsv_asendorf_t1_bbch11,/home/nfs/data/nvme_datasets/Pictures_CFSB_leaf_damage/2025_09_15_Re4StRes_T1_DSV/IMG_2708.JPG,2.0,-0.23987340927124023,-0.5215067863464355,-0.2816333472728729,2.5215067863464355,2.2398734092712402,rank,44,single_rater_weak
2025_09_15_Re4StRes_T1_DSV/IMG_2709.JPG,plot_a634cafe461a956c2d81,dsv_asendorf_t1_bbch11,/home/nfs/data/nvme_datasets/Pictures_CFSB_leaf_damage/2025_09_15_Re4StRes_T1_DSV/IMG_2709.JPG,4.0,0.7403650283813477,0.1322193741798401,-0.6081456542015076,3.8677806854248047,3.2596349716186523,rank,44,single_rater_weak
2025_09_15_Re4StRes_T1_DSV/IMG_2710.JPG,plot_3b886b3e202d4072bdd2,dsv_asendorf_t1_bbch11,/home/nfs/data/nvme_datasets/Pictures_CFSB_leaf_damage/2025_09_15_Re4StRes_T1_DSV/IMG_2710.JPG,2.0,2.49261474609375,1.4975353479385376,-0.9950793981552124,0.5024646520614624,0.49261474609375,rank,44,single_rater_weak
2025_09_15_Re4StRes_T1_DSV/IMG_2711.JPG,plot_3b886b3e202d4072bdd2,dsv_asendorf_t1_bbch11,/home/nfs/data/nvme_datasets/Pictures_CFSB_leaf_damage/2025_09_15_Re4StRes_T1_DSV/IMG_2711.JPG,2.0,2.479586124420166,2.119889736175537,-0.3596964478492737,0.11988973617553711,0.479586124420166,rank,44,single_rater_weak
2025_09_15_Re4StRes_T1_DSV/IMG_2712.JPG,plot_3b886b3e202d4072bdd2,dsv_asendorf_t1_bbch11,/home/nfs/data/nvme_datasets/Pictures_CFSB_leaf_damage/2025_09_15_Re4StRes_T1_DSV/IMG_2712.JPG,3.0,3.5250449180603027,3.0675716400146484,-0.4574732482433319,0.06757164001464844,0.5250449180603027,rank,44,single_rater_weak
2025_09_15_Re4StRes_T1_DSV/IMG_2713.JPG,plot_07c97a5e3a44ad63a809,dsv_asendorf_t1_bbch11,/home/nfs/data/nvme_datasets/Pictures_CFSB_leaf_damage/2025_09_15_Re4StRes_T1_DSV/IMG_2713.JPG,3.0,5.25924015045166,5.131511688232422,-0.12772856652736664,2.131511688232422,2.25924015045166,rank,44,single_rater_weak
2025_09_15_Re4StRes_T1_DSV/IMG_2714.JPG,plot_07c97a5e3a44ad63a809,dsv_asendorf_t1_bbch11,/home/nfs/data/nvme_datasets/Pictures_CFSB_leaf_damage/2025_09_15_Re4StRes_T1_DSV/IMG_2714.JPG,4.0,3.5039615631103516,2.906578540802002,-0.5973829030990601,1.093421459197998,0.49603843688964844,rank,44,single_rater_weak
2025_09_15_Re4StRes_T1_DSV/IMG_2715.JPG,plot_07c97a5e3a44ad63a809,dsv_asendorf_t1_bbch11,/home/nfs/data/nvme_datasets/Pictures_CFSB_leaf_damage/2025_09_15_Re4StRes_T1_DSV/IMG_2715.JPG,7.0,6.875071048736572,6.254316329956055,-0.6207548975944519,0.7456836700439453,0.12492895126342773,rank,44,single_rater_weak
2025_09_15_Re4StRes_T1_DSV/IMG_2716.JPG,plot_53faa98749b09bdbbe6a,dsv_asendorf_t1_bbch11,/home/nfs/data/nvme_datasets/Pictures_CFSB_leaf_damage/2025_09_15_Re4StRes_T1_DSV/IMG_2716.JPG,2.0,1.6950068473815918,1.166680097579956,-0.5283267498016357,0.833319902420044,0.3049931526184082,rank,44,single_rater_weak
2025_09_15_Re4StRes_T1_DSV/IMG_2717.JPG,plot_53faa98749b09bdbbe6a,dsv_asendorf_t1_bbch11,/home/nfs/data/nvme_datasets/Pictures_CFSB_leaf_damage/2025_09_15_Re4StRes_T1_DSV/IMG_2717.JPG,9.0,3.3507137298583984,2.993013858795166,-0.357699990272522,6.006986141204834,5.649286270141602,rank,44,single_rater_weak
2025_09_15_Re4StRes_T1_DSV/IMG_2718.JPG,plot_53faa98749b09bdbbe6a,dsv_asendorf_t1_bbch11,/home/nfs/data/nvme_datasets/Pictures_CFSB_leaf_damage/2025_09_15_Re4StRes_T1_DSV/IMG_2718.JPG,15.0,5.557132244110107,5.032130241394043,-0.5250021815299988,9.967869758605957,9.442867279052734,rank,44,single_rater_weak
2025_09_15_Re4StRes_T1_DSV/IMG_2719.JPG,plot_a5ea2e8d1388b1eeddc1,dsv_asendorf_t1_bbch11,/home/nfs/data/nvme_datasets/Pictures_CFSB_leaf_damage/2025_09_15_Re4StRes_T1_DSV/IMG_2719.JPG,29.0,1.4305477142333984,1.8970112800598145,0.466463565826416,27.102989196777344,27.5694522857666,rank,44,single_rater_weak
2025_09_15_Re4StRes_T1_DSV/IMG_2720.JPG,plot_a5ea2e8d1388b1eeddc1,dsv_asendorf_t1_bbch11,/home/nfs/data/nvme_datasets/Pictures_CFSB_leaf_damage/2025_09_15_Re4StRes_T1_DSV/IMG_2720.JPG,14.0,1.9809951782226562,1.8829309940338135,-0.09806422889232635,12.117069244384766,12.019004821777344,rank,44,single_rater_weak
2025_09_15_Re4StRes_T1_DSV/IMG_2721.JPG,plot_a5ea2e8d1388b1eeddc1,dsv_asendorf_t1_bbch11,/home/nfs/data/nvme_datasets/Pictures_CFSB_leaf_damage/2025_09_15_Re4StRes_T1_DSV/IMG_2721.JPG,20.0,1.0791034698486328,1.6937549114227295,0.6146514415740967,18.306245803833008,18.920896530151367,rank,44,single_rater_weak
2025_09_15_Re4StRes_T1_DSV/IMG_2722.JPG,plot_4d7cf47fcb2fb6abd413,dsv_asendorf_t1_bbch11,/home/nfs/data/nvme_datasets/Pictures_CFSB_leaf_damage/2025_09_15_Re4StRes_T1_DSV/IMG_2722.JPG,3.0,1.419055461883545,1.0936126708984375,-0.3254428207874298,1.9063873291015625,1.580944538116455,rank,44,single_rater_weak
2025_09_15_Re4StRes_T1_DSV/IMG_2723.JPG,plot_4d7cf47fcb2fb6abd413,dsv_asendorf_t1_bbch11,/home/nfs/data/nvme_datasets/Pictures_CFSB_leaf_damage/2025_09_15_Re4StRes_T1_DSV/IMG_2723.JPG,1.0,1.176459789276123,1.259414792060852,0.08295498043298721,0.25941479206085205,0.17645978927612305,rank,44,single_rater_weak
2025_09_15_Re4StRes_T1_DSV/IMG_2724.JPG,plot_4d7cf47fcb2fb6abd413,dsv_asendorf_t1_bbch11,/home/nfs/data/nvme_datasets/Pictures_CFSB_leaf_damage/2025_09_15_Re4StRes_T1_DSV/IMG_2724.JPG,1.0,0.8228054046630859,0.8592796921730042,0.03647429868578911,0.14072030782699585,0.17719459533691406,rank,44,single_rater_weak
2025_09_15_Re4StRes_T1_DSV/IMG_2725.JPG,plot_4b6225fbc993b063f5b7,dsv_asendorf_t1_bbch11,/home/nfs/data/nvme_datasets/Pictures_CFSB_leaf_damage/2025_09_15_Re4StRes_T1_DSV/IMG_2725.JPG,2.0,2.293792247772217,2.5274646282196045,0.2336723506450653,0.5274646282196045,0.2937922477722168,rank,44,single_rater_weak
2025_09_15_Re4StRes_T1_DSV/IMG_2726.JPG,plot_4b6225fbc993b063f5b7,dsv_asendorf_t1_bbch11,/home/nfs/data/nvme_datasets/Pictures_CFSB_leaf_damage/2025_09_15_Re4StRes_T1_DSV/IMG_2726.JPG,8.0,3.2821569442749023,3.2557709217071533,-0.026386111974716187,4.744229316711426,4.717843055725098,rank,44,single_rater_weak
2025_09_15_Re4StRes_T1_DSV/IMG_2727.JPG,plot_4b6225fbc993b063f5b7,dsv_asendorf_t1_bbch11,/home/nfs/data/nvme_datasets/Pictures_CFSB_leaf_damage/2025_09_15_Re4StRes_T1_DSV/IMG_2727.JPG,2.0,3.301485538482666,3.038836717605591,-0.2626488208770752,1.0388367176055908,1.301485538482666,rank,44,single_rater_weak
2025_09_15_Re4StRes_T1_DSV/IMG_2728.JPG,plot_d49e9b4578f7759ad81d,dsv_asendorf_t1_bbch11,/home/nfs/data/nvme_datasets/Pictures_CFSB_leaf_damage/2025_09_15_Re4StRes_T1_DSV/IMG_2728.JPG,1.0,0.7131671905517578,0.2787325978279114,-0.43443459272384644,0.7212674021720886,0.2868328094482422,rank,44,single_rater_weak
2025_09_15_Re4StRes_T1_DSV/IMG_2729.JPG,plot_d49e9b4578f7759ad81d,dsv_asendorf_t1_bbch11,/home/nfs/data/nvme_datasets/Pictures_CFSB_leaf_damage/2025_09_15_Re4StRes_T1_DSV/IMG_2729.JPG,2.0,2.3623266220092773,1.4698455333709717,-0.8924811482429504,0.5301544666290283,0.36232662200927734,rank,44,single_rater_weak
2025_09_15_Re4StRes_T1_DSV/IMG_2730.JPG,plot_d49e9b4578f7759ad81d,dsv_asendorf_t1_bbch11,/home/nfs/data/nvme_datasets/Pictures_CFSB_leaf_damage/2025_09_15_Re4StRes_T1_DSV/IMG_2730.JPG,2.0,2.176830768585205,2.1527037620544434,-0.024127118289470673,0.15270376205444336,0.17683076858520508,rank,44,single_rater_weak
2025_09_15_Re4StRes_T1_DSV/IMG_2731.JPG,plot_b8c2240b7f830c371fd1,dsv_asendorf_t1_bbch11,/home/nfs/data/nvme_datasets/Pictures_CFSB_leaf_damage/2025_09_15_Re4StRes_T1_DSV/IMG_2731.JPG,6.0,6.421927452087402,6.16373872756958,-0.25818851590156555,0.16373872756958008,0.42192745208740234,rank,44,single_rater_weak
2025_09_15_Re4StRes_T1_DSV/IMG_2732.JPG,plot_b8c2240b7f830c371fd1,dsv_asendorf_t1_bbch11,/home/nfs/data/nvme_datasets/Pictures_CFSB_leaf_damage/2025_09_15_Re4StRes_T1_DSV/IMG_2732.JPG,1.0,2.8505711555480957,2.3994014263153076,-0.45116978883743286,1.3994014263153076,1.8505711555480957,rank,44,single_rater_weak
2025_09_15_Re4StRes_T1_DSV/IMG_2733.JPG,plot_b8c2240b7f830c371fd1,dsv_asendorf_t1_bbch11,/home/nfs/data/nvme_datasets/Pictures_CFSB_leaf_damage/2025_09_15_Re4StRes_T1_DSV/IMG_2733.JPG,4.0,4.218050003051758,4.20758581161499,-0.010464237071573734,0.20758581161499023,0.2180500030517578,rank,44,single_rater_weak
2025_09_15_Re4StRes_T1_DSV/IMG_2734.JPG,plot_01b5efb889367fd80c37,dsv_asendorf_t1_bbch11,/home/nfs/data/nvme_datasets/Pictures_CFSB_leaf_damage/2025_09_15_Re4StRes_T1_DSV/IMG_2734.JPG,2.0,1.3491301536560059,0.5764545798301697,-0.7726755738258362,1.4235453605651855,0.6508698463439941,rank,44,single_rater_weak
2025_09_15_Re4StRes_T1_DSV/IMG_2735.JPG,plot_01b5efb889367fd80c37,dsv_asendorf_t1_bbch11,/home/nfs/data/nvme_datasets/Pictures_CFSB_leaf_damage/2025_09_15_Re4StRes_T1_DSV/IMG_2735.JPG,1.0,0.8087453842163086,0.6781834363937378,-0.1305619776248932,0.3218165636062622,0.1912546157836914,rank,44,single_rater_weak
2025_09_15_Re4StRes_T1_DSV/IMG_2736.JPG,plot_01b5efb889367fd80c37,dsv_asendorf_t1_bbch11,/home/nfs/data/nvme_datasets/Pictures_CFSB_leaf_damage/2025_09_15_Re4StRes_T1_DSV/IMG_2736.JPG,3.0,2.5241403579711914,1.941440463066101,-0.5826998949050903,1.058559536933899,0.4758596420288086,rank,44,single_rater_weak
2025_09_15_Re4StRes_T1_DSV/IMG_2737.JPG,plot_12108390b536c4fafa2e,dsv_asendorf_t1_bbch11,/home/nfs/data/nvme_datasets/Pictures_CFSB_leaf_damage/2025_09_15_Re4StRes_T1_DSV/IMG_2737.JPG,2.0,-0.07177066802978516,-0.12241815030574799,-0.05064748600125313,2.122418165206909,2.071770668029785,rank,44,single_rater_weak
2025_09_15_Re4StRes_T1_DSV/IMG_2738.JPG,plot_12108390b536c4fafa2e,dsv_asendorf_t1_bbch11,/home/nfs/data/nvme_datasets/Pictures_CFSB_leaf_damage/2025_09_15_Re4StRes_T1_DSV/IMG_2738.JPG,5.0,3.5455636978149414,3.9515013694763184,0.40593770146369934,1.0484986305236816,1.4544363021850586,rank,44,single_rater_weak
2025_09_15_Re4StRes_T1_DSV/IMG_2739.JPG,plot_12108390b536c4fafa2e,dsv_asendorf_t1_bbch11,/home/nfs/data/nvme_datasets/Pictures_CFSB_leaf_damage/2025_09_15_Re4StRes_T1_DSV/IMG_2739.JPG,20.0,0.8885278701782227,0.47553279995918274,-0.4129950702190399,19.52446746826172,19.111473083496094,rank,44,single_rater_weak
2025_09_15_Re4StRes_T1_DSV/IMG_2740.JPG,plot_ae063f69796c01a65a5c,dsv_asendorf_t1_bbch11,/home/nfs/data/nvme_datasets/Pictures_CFSB_leaf_damage/2025_09_15_Re4StRes_T1_DSV/IMG_2740.JPG,17.0,0.9403643608093262,0.28052788972854614,-0.65983647108078,16.719472885131836,16.059635162353516,rank,44,single_rater_weak
2025_09_15_Re4StRes_T1_DSV/IMG_2741.JPG,plot_ae063f69796c01a65a5c,dsv_asendorf_t1_bbch11,/home/nfs/data/nvme_datasets/Pictures_CFSB_leaf_damage/2025_09_15_Re4StRes_T1_DSV/IMG_2741.JPG,6.0,0.6707048416137695,0.38376322388648987,-0.28694161772727966,5.616236686706543,5.3292951583862305,rank,44,single_rater_weak
2025_09_15_Re4StRes_T1_DSV/IMG_2742.JPG,plot_ae063f69796c01a65a5c,dsv_asendorf_t1_bbch11,/home/nfs/data/nvme_datasets/Pictures_CFSB_leaf_damage/2025_09_15_Re4StRes_T1_DSV/IMG_2742.JPG,2.0,0.9635934829711914,0.9369834661483765,-0.026610031723976135,1.0630165338516235,1.0364065170288086,rank,44,single_rater_weak
2025_09_15_Re4StRes_T1_DSV/IMG_2743.JPG,plot_fa88e8aaf0b2e4ce53ce,dsv_asendorf_t1_bbch11,/home/nfs/data/nvme_datasets/Pictures_CFSB_leaf_damage/2025_09_15_Re4StRes_T1_DSV/IMG_2743.JPG,2.0,0.7377901077270508,0.9612931609153748,0.22350303828716278,1.0387067794799805,1.2622098922729492,rank,44,single_rater_weak
2025_09_15_Re4StRes_T1_DSV/IMG_2744.JPG,plot_fa88e8aaf0b2e4ce53ce,dsv_asendorf_t1_bbch11,/home/nfs/data/nvme_datasets/Pictures_CFSB_leaf_damage/2025_09_15_Re4StRes_T1_DSV/IMG_2744.JPG,2.0,1.6628503799438477,1.8839380741119385,0.22108766436576843,0.11606192588806152,0.33714962005615234,rank,44,single_rater_weak
2025_09_15_Re4StRes_T1_DSV/IMG_2745.JPG,plot_fa88e8aaf0b2e4ce53ce,dsv_asendorf_t1_bbch11,/home/nfs/data/nvme_datasets/Pictures_CFSB_leaf_damage/2025_09_15_Re4StRes_T1_DSV/IMG_2745.JPG,2.0,2.159661293029785,2.567814588546753,0.4081532061100006,0.5678145885467529,0.15966129302978516,rank,44,single_rater_weak
2025_09_15_Re4StRes_T1_DSV/IMG_2746.JPG,plot_fbe3bee6f8231bea9197,dsv_asendorf_t1_bbch11,/home/nfs/data/nvme_datasets/Pictures_CFSB_leaf_damage/2025_09_15_Re4StRes_T1_DSV/IMG_2746.JPG,2.0,4.440169334411621,4.4319047927856445,-0.008264311589300632,2.4319047927856445,2.440169334411621,rank,44,single_rater_weak
2025_09_15_Re4StRes_T1_DSV/IMG_2747.JPG,plot_fbe3bee6f8231bea9197,dsv_asendorf_t1_bbch11,/home/nfs/data/nvme_datasets/Pictures_CFSB_leaf_damage/2025_09_15_Re4StRes_T1_DSV/IMG_2747.JPG,2.0,2.986863136291504,3.0038750171661377,0.017011813819408417,1.0038750171661377,0.9868631362915039,rank,44,single_rater_weak
2025_09_15_Re4StRes_T1_DSV/IMG_2748.JPG,plot_fbe3bee6f8231bea9197,dsv_asendorf_t1_bbch11,/home/nfs/data/nvme_datasets/Pictures_CFSB_leaf_damage/2025_09_15_Re4StRes_T1_DSV/IMG_2748.JPG,8.0,4.5979509353637695,4.529743194580078,-0.06820778548717499,3.470256805419922,3.4020490646362305,rank,44,single_rater_weak
2025_09_15_Re4StRes_T1_DSV/IMG_2749.JPG,plot_5d76f2da92706c2d215a,dsv_asendorf_t1_bbch11,/home/nfs/data/nvme_datasets/Pictures_CFSB_leaf_damage/2025_09_15_Re4StRes_T1_DSV/IMG_2749.JPG,9.0,3.250047206878662,2.819925308227539,-0.43012186884880066,6.180074691772461,5.749952793121338,rank,44,single_rater_weak
2025_09_15_Re4StRes_T1_DSV/IMG_2750.JPG,plot_5d76f2da92706c2d215a,dsv_asendorf_t1_bbch11,/home/nfs/data/nvme_datasets/Pictures_CFSB_leaf_damage/2025_09_15_Re4StRes_T1_DSV/IMG_2750.JPG,8.0,0.8346052169799805,0.7098946571350098,-0.1247105747461319,7.29010534286499,7.1653947830200195,rank,44,single_rater_weak
2025_09_15_Re4StRes_T1_DSV/IMG_2752.JPG,plot_5d76f2da92706c2d215a,dsv_asendorf_t1_bbch11,/home/nfs/data/nvme_datasets/Pictures_CFSB_leaf_damage/2025_09_15_Re4StRes_T1_DSV/IMG_2752.JPG,1.0,0.7037835121154785,0.7832804322242737,0.07949694246053696,0.21671956777572632,0.2962164878845215,rank,44,single_rater_weak
2025_09_15_Re4StRes_T1_DSV/IMG_2753.JPG,plot_56dd09af3a066828ea24,dsv_asendorf_t1_bbch11,/home/nfs/data/nvme_datasets/Pictures_CFSB_leaf_damage/2025_09_15_Re4StRes_T1_DSV/IMG_2753.JPG,4.0,3.135150909423828,2.770314931869507,-0.3648360073566437,1.2296850681304932,0.8648490905761719,rank,44,single_rater_weak
2025_09_15_Re4StRes_T1_DSV/IMG_2754.JPG,plot_56dd09af3a066828ea24,dsv_asendorf_t1_bbch11,/home/nfs/data/nvme_datasets/Pictures_CFSB_leaf_damage/2025_09_15_Re4StRes_T1_DSV/IMG_2754.JPG,1.0,1.0590424537658691,0.6278079748153687,-0.4312345087528229,0.37219202518463135,0.05904245376586914,rank,44,single_rater_weak
2025_09_15_Re4StRes_T1_DSV/IMG_2755.JPG,plot_56dd09af3a066828ea24,dsv_asendorf_t1_bbch11,/home/nfs/data/nvme_datasets/Pictures_CFSB_leaf_damage/2025_09_15_Re4StRes_T1_DSV/IMG_2755.JPG,2.0,3.3701727390289307,3.120335817337036,-0.2498369663953781,1.1203358173370361,1.3701727390289307,rank,44,single_rater_weak
2025_09_15_Re4StRes_T1_DSV/IMG_2756.JPG,plot_0638fea60d60117179b5,dsv_asendorf_t1_bbch11,/home/nfs/data/nvme_datasets/Pictures_CFSB_leaf_damage/2025_09_15_Re4StRes_T1_DSV/IMG_2756.JPG,1.0,0.8199629783630371,0.3907627463340759,-0.4292002320289612,0.6092372536659241,0.1800370216369629,rank,44,single_rater_weak
2025_09_15_Re4StRes_T1_DSV/IMG_2757.JPG,plot_0638fea60d60117179b5,dsv_asendorf_t1_bbch11,/home/nfs/data/nvme_datasets/Pictures_CFSB_leaf_damage/2025_09_15_Re4StRes_T1_DSV/IMG_2757.JPG,7.0,0.7943511009216309,0.8444421887397766,0.05009108781814575,6.155557632446289,6.205648899078369,rank,44,single_rater_weak
2025_09_15_Re4StRes_T1_DSV/IMG_2758.JPG,plot_0638fea60d60117179b5,dsv_asendorf_t1_bbch11,/home/nfs/data/nvme_datasets/Pictures_CFSB_leaf_damage/2025_09_15_Re4StRes_T1_DSV/IMG_2758.JPG,3.0,2.9037137031555176,2.7123498916625977,-0.19136370718479156,0.28765010833740234,0.09628629684448242,rank,44,single_rater_weak
2025_09_15_Re4StRes_T1_DSV/IMG_2759.JPG,plot_6ae5e5261e38fd15ad2c,dsv_asendorf_t1_bbch11,/home/nfs/data/nvme_datasets/Pictures_CFSB_leaf_damage/2025_09_15_Re4StRes_T1_DSV/IMG_2759.JPG,6.0,2.604707717895508,2.6993248462677,0.09461715072393417,3.3006751537323,3.395292282104492,rank,44,single_rater_weak
2025_09_15_Re4StRes_T1_DSV/IMG_2760.JPG,plot_6ae5e5261e38fd15ad2c,dsv_asendorf_t1_bbch11,/home/nfs/data/nvme_datasets/Pictures_CFSB_leaf_damage/2025_09_15_Re4StRes_T1_DSV/IMG_2760.JPG,3.0,0.7551307678222656,-0.00956815481185913,-0.7646989226341248,3.009568214416504,2.2448692321777344,rank,44,single_rater_weak
2025_09_15_Re4StRes_T1_DSV/IMG_2761.JPG,plot_6ae5e5261e38fd15ad2c,dsv_asendorf_t1_bbch11,/home/nfs/data/nvme_datasets/Pictures_CFSB_leaf_damage/2025_09_15_Re4StRes_T1_DSV/IMG_2761.JPG,12.0,2.801787853240967,2.756498336791992,-0.04528941959142685,9.243501663208008,9.198211669921875,rank,44,single_rater_weak
2025_09_15_Re4StRes_T1_DSV/IMG_2762.JPG,plot_d26aea413294dd037c86,dsv_asendorf_t1_bbch11,/home/nfs/data/nvme_datasets/Pictures_CFSB_leaf_damage/2025_09_15_Re4StRes_T1_DSV/IMG_2762.JPG,3.0,0.9245195388793945,0.3387947678565979,-0.5857247710227966,2.661205291748047,2.0754804611206055,rank,44,single_rater_weak
2025_09_15_Re4StRes_T1_DSV/IMG_2763.JPG,plot_d26aea413294dd037c86,dsv_asendorf_t1_bbch11,/home/nfs/data/nvme_datasets/Pictures_CFSB_leaf_damage/2025_09_15_Re4StRes_T1_DSV/IMG_2763.JPG,3.0,3.319983959197998,3.042140483856201,-0.27784350514411926,0.04214048385620117,0.31998395919799805,rank,44,single_rater_weak
2025_09_15_Re4StRes_T1_DSV/IMG_2764.JPG,plot_d26aea413294dd037c86,dsv_asendorf_t1_bbch11,/home/nfs/data/nvme_datasets/Pictures_CFSB_leaf_damage/2025_09_15_Re4StRes_T1_DSV/IMG_2764.JPG,4.0,2.8996009826660156,3.1697962284088135,0.27019527554512024,0.8302037715911865,1.1003990173339844,rank,44,single_rater_weak
2025_09_15_Re4StRes_T1_DSV/IMG_2765.JPG,plot_4e337111532d455af776,dsv_asendorf_t1_bbch11,/home/nfs/data/nvme_datasets/Pictures_CFSB_leaf_damage/2025_09_15_Re4StRes_T1_DSV/IMG_2765.JPG,4.0,1.3897228240966797,1.0498583316802979,-0.3398645520210266,2.950141668319702,2.6102771759033203,rank,44,single_rater_weak
2025_09_15_Re4StRes_T1_DSV/IMG_2766.JPG,plot_4e337111532d455af776,dsv_asendorf_t1_bbch11,/home/nfs/data/nvme_datasets/Pictures_CFSB_leaf_damage/2025_09_15_Re4StRes_T1_DSV/IMG_2766.JPG,2.0,0.11138153076171875,0.08398634940385818,-0.027395179495215416,1.9160135984420776,1.8886184692382812,rank,44,single_rater_weak
2025_09_15_Re4StRes_T1_DSV/IMG_2767.JPG,plot_4e337111532d455af776,dsv_asendorf_t1_bbch11,/home/nfs/data/nvme_datasets/Pictures_CFSB_leaf_damage/2025_09_15_Re4StRes_T1_DSV/IMG_2767.JPG,26.0,5.762456893920898,5.828275203704834,0.06581847369670868,20.171724319458008,20.2375431060791,rank,44,single_rater_weak
2025_09_15_Re4StRes_T1_DSV/IMG_2768.JPG,plot_60df965b48b303ba5397,dsv_asendorf_t1_bbch11,/home/nfs/data/nvme_datasets/Pictures_CFSB_leaf_damage/2025_09_15_Re4StRes_T1_DSV/IMG_2768.JPG,4.0,1.8621869087219238,1.6082630157470703,-0.2539239525794983,2.3917369842529297,2.137813091278076,rank,44,single_rater_weak
2025_09_15_Re4StRes_T1_DSV/IMG_2769.JPG,plot_60df965b48b303ba5397,dsv_asendorf_t1_bbch11,/home/nfs/data/nvme_datasets/Pictures_CFSB_leaf_damage/2025_09_15_Re4StRes_T1_DSV/IMG_2769.JPG,2.0,1.660280704498291,1.5770126581192017,-0.08326806873083115,0.42298734188079834,0.339719295501709,rank,44,single_rater_weak
2025_09_15_Re4StRes_T1_DSV/IMG_2770.JPG,plot_60df965b48b303ba5397,dsv_asendorf_t1_bbch11,/home/nfs/data/nvme_datasets/Pictures_CFSB_leaf_damage/2025_09_15_Re4StRes_T1_DSV/IMG_2770.JPG,29.0,9.437885284423828,9.557001113891602,0.11911572515964508,19.4429988861084,19.562114715576172,rank,44,single_rater_weak
2025_09_15_Re4StRes_T1_DSV/IMG_2771.JPG,plot_c2400fd336def266e957,dsv_asendorf_t1_bbch11,/home/nfs/data/nvme_datasets/Pictures_CFSB_leaf_damage/2025_09_15_Re4StRes_T1_DSV/IMG_2771.JPG,2.0,1.7156009674072266,1.5483894348144531,-0.16721157729625702,0.4516105651855469,0.28439903259277344,rank,44,single_rater_weak
2025_09_15_Re4StRes_T1_DSV/IMG_2772.JPG,plot_c2400fd336def266e957,dsv_asendorf_t1_bbch11,/home/nfs/data/nvme_datasets/Pictures_CFSB_leaf_damage/2025_09_15_Re4StRes_T1_DSV/IMG_2772.JPG,3.0,1.2875428199768066,1.1054913997650146,-0.1820513904094696,1.8945086002349854,1.7124571800231934,rank,44,single_rater_weak
2025_09_15_Re4StRes_T1_DSV/IMG_2773.JPG,plot_c2400fd336def266e957,dsv_asendorf_t1_bbch11,/home/nfs/data/nvme_datasets/Pictures_CFSB_leaf_damage/2025_09_15_Re4StRes_T1_DSV/IMG_2773.JPG,2.0,1.236088752746582,0.6061061024665833,-0.6299826502799988,1.3938939571380615,0.763911247253418,rank,44,single_rater_weak
2025_09_15_Re4StRes_T1_DSV/IMG_2774.JPG,plot_e4ebac91f2d79ec081b7,dsv_asendorf_t1_bbch11,/home/nfs/data/nvme_datasets/Pictures_CFSB_leaf_damage/2025_09_15_Re4StRes_T1_DSV/IMG_2774.JPG,7.0,2.506582260131836,3.5830249786376953,1.0764427185058594,3.4169750213623047,4.493417739868164,rank,44,single_rater_weak
2025_09_15_Re4StRes_T1_DSV/IMG_2775.JPG,plot_e4ebac91f2d79ec081b7,dsv_asendorf_t1_bbch11,/home/nfs/data/nvme_datasets/Pictures_CFSB_leaf_damage/2025_09_15_Re4StRes_T1_DSV/IMG_2775.JPG,4.0,4.008482933044434,3.8745367527008057,-0.13394618034362793,0.12546324729919434,0.008482933044433594,rank,44,single_rater_weak
2025_09_15_Re4StRes_T1_DSV/IMG_2776.JPG,plot_e4ebac91f2d79ec081b7,dsv_asendorf_t1_bbch11,/home/nfs/data/nvme_datasets/Pictures_CFSB_leaf_damage/2025_09_15_Re4StRes_T1_DSV/IMG_2776.JPG,2.0,0.8656797409057617,0.9398831129074097,0.07420339435338974,1.0601168870925903,1.1343202590942383,rank,44,single_rater_weak
2025_09_15_Re4StRes_T1_DSV/IMG_2777.JPG,plot_25163706ac28a6bb2213,dsv_asendorf_t1_bbch11,/home/nfs/data/nvme_datasets/Pictures_CFSB_leaf_damage/2025_09_15_Re4StRes_T1_DSV/IMG_2777.JPG,3.0,0.4748106002807617,-0.24243921041488647,-0.7172498106956482,3.2424392700195312,2.5251893997192383,rank,44,single_rater_weak
2025_09_15_Re4StRes_T1_DSV/IMG_2778.JPG,plot_25163706ac28a6bb2213,dsv_asendorf_t1_bbch11,/home/nfs/data/nvme_datasets/Pictures_CFSB_leaf_damage/2025_09_15_Re4StRes_T1_DSV/IMG_2778.JPG,3.0,0.3224978446960449,-0.16382592916488647,-0.4863237738609314,3.1638259887695312,2.677502155303955,rank,44,single_rater_weak
2025_09_15_Re4StRes_T1_DSV/IMG_2779.JPG,plot_25163706ac28a6bb2213,dsv_asendorf_t1_bbch11,/home/nfs/data/nvme_datasets/Pictures_CFSB_leaf_damage/2025_09_15_Re4StRes_T1_DSV/IMG_2779.JPG,5.0,1.4368023872375488,1.036234736442566,-0.4005676805973053,3.9637651443481445,3.563197612762451,rank,44,single_rater_weak
2025_09_15_Re4StRes_T1_DSV/IMG_2780.JPG,plot_a62b3a77b6ca3ea20de0,dsv_asendorf_t1_bbch11,/home/nfs/data/nvme_datasets/Pictures_CFSB_leaf_damage/2025_09_15_Re4StRes_T1_DSV/IMG_2780.JPG,2.0,1.2118163108825684,1.1870278120040894,-0.02478851191699505,0.8129721879959106,0.7881836891174316,rank,44,single_rater_weak
2025_09_15_Re4StRes_T1_DSV/IMG_2781.JPG,plot_a62b3a77b6ca3ea20de0,dsv_asendorf_t1_bbch11,/home/nfs/data/nvme_datasets/Pictures_CFSB_leaf_damage/2025_09_15_Re4StRes_T1_DSV/IMG_2781.JPG,1.0,2.443584442138672,2.947864055633545,0.5042794942855835,1.947864055633545,1.4435844421386719,rank,44,single_rater_weak
2025_09_15_Re4StRes_T1_DSV/IMG_2782.JPG,plot_a62b3a77b6ca3ea20de0,dsv_asendorf_t1_bbch11,/home/nfs/data/nvme_datasets/Pictures_CFSB_leaf_damage/2025_09_15_Re4StRes_T1_DSV/IMG_2782.JPG,2.0,1.3517098426818848,1.4555842876434326,0.10387447476387024,0.5444157123565674,0.6482901573181152,rank,44,single_rater_weak
2025_09_15_Re4StRes_T1_DSV/IMG_2783.JPG,plot_588a5e4f50bc05cd2744,dsv_asendorf_t1_bbch11,/home/nfs/data/nvme_datasets/Pictures_CFSB_leaf_damage/2025_09_15_Re4StRes_T1_DSV/IMG_2783.JPG,6.0,3.2359046936035156,3.094557046890259,-0.14134755730628967,2.905442953109741,2.7640953063964844,rank,44,single_rater_weak
2025_09_15_Re4StRes_T1_DSV/IMG_2784.JPG,plot_588a5e4f50bc05cd2744,dsv_asendorf_t1_bbch11,/home/nfs/data/nvme_datasets/Pictures_CFSB_leaf_damage/2025_09_15_Re4StRes_T1_DSV/IMG_2784.JPG,14.0,5.1931328773498535,5.200352668762207,0.00721971457824111,8.799647331237793,8.806867599487305,rank,44,single_rater_weak
2025_09_15_Re4StRes_T1_DSV/IMG_2785.JPG,plot_588a5e4f50bc05cd2744,dsv_asendorf_t1_bbch11,/home/nfs/data/nvme_datasets/Pictures_CFSB_leaf_damage/2025_09_15_Re4StRes_T1_DSV/IMG_2785.JPG,11.0,3.751199960708618,3.4963738918304443,-0.25482597947120667,7.503625869750977,7.248800277709961,rank,44,single_rater_weak
2025_09_15_Re4StRes_T1_DSV/IMG_2786.JPG,plot_9c3c78a78c41b358f0d0,dsv_asendorf_t1_bbch11,/home/nfs/data/nvme_datasets/Pictures_CFSB_leaf_damage/2025_09_15_Re4StRes_T1_DSV/IMG_2786.JPG,6.0,1.076209545135498,1.2614213228225708,0.18521177768707275,4.738578796386719,4.923790454864502,rank,44,single_rater_weak
2025_09_15_Re4StRes_T1_DSV/IMG_2787.JPG,plot_9c3c78a78c41b358f0d0,dsv_asendorf_t1_bbch11,/home/nfs/data/nvme_datasets/Pictures_CFSB_leaf_damage/2025_09_15_Re4StRes_T1_DSV/IMG_2787.JPG,5.0,1.8274316787719727,1.4026904106140137,-0.4247412085533142,3.5973095893859863,3.1725683212280273,rank,44,single_rater_weak
2025_09_15_Re4StRes_T1_DSV/IMG_2788.JPG,plot_9c3c78a78c41b358f0d0,dsv_asendorf_t1_bbch11,/home/nfs/data/nvme_datasets/Pictures_CFSB_leaf_damage/2025_09_15_Re4StRes_T1_DSV/IMG_2788.JPG,3.0,3.747983694076538,3.3430073261260986,-0.40497633814811707,0.34300732612609863,0.7479836940765381,rank,44,single_rater_weak
2025_09_15_Re4StRes_T1_DSV/IMG_2789.JPG,plot_decf5592092ca2554caf,dsv_asendorf_t1_bbch11,/home/nfs/data/nvme_datasets/Pictures_CFSB_leaf_damage/2025_09_15_Re4StRes_T1_DSV/IMG_2789.JPG,4.0,0.8030872344970703,-0.0405278205871582,-0.8436150550842285,4.040527820587158,3.1969127655029297,rank,44,single_rater_weak
2025_09_15_Re4StRes_T1_DSV/IMG_2790.JPG,plot_decf5592092ca2554caf,dsv_asendorf_t1_bbch11,/home/nfs/data/nvme_datasets/Pictures_CFSB_leaf_damage/2025_09_15_Re4StRes_T1_DSV/IMG_2790.JPG,1.0,0.5238432884216309,-0.24135369062423706,-0.7651969790458679,1.2413537502288818,0.47615671157836914,rank,44,single_rater_weak
2025_09_15_Re4StRes_T1_DSV/IMG_2791.JPG,plot_decf5592092ca2554caf,dsv_asendorf_t1_bbch11,/home/nfs/data/nvme_datasets/Pictures_CFSB_leaf_damage/2025_09_15_Re4StRes_T1_DSV/IMG_2791.JPG,1.0,0.21439075469970703,-0.682044506072998,-0.8964352607727051,1.682044506072998,0.785609245300293,rank,44,single_rater_weak
2025_09_15_Re4StRes_T1_DSV/IMG_2792.JPG,plot_1b56fde03127b3b712c6,dsv_asendorf_t1_bbch11,/home/nfs/data/nvme_datasets/Pictures_CFSB_leaf_damage/2025_09_15_Re4StRes_T1_DSV/IMG_2792.JPG,14.0,0.8573627471923828,0.8560133576393127,-0.0013493793085217476,13.143986701965332,13.142637252807617,rank,44,single_rater_weak
2025_09_15_Re4StRes_T1_DSV/IMG_2793.JPG,plot_1b56fde03127b3b712c6,dsv_asendorf_t1_bbch11,/home/nfs/data/nvme_datasets/Pictures_CFSB_leaf_damage/2025_09_15_Re4StRes_T1_DSV/IMG_2793.JPG,2.0,0.978874683380127,0.6140635013580322,-0.3648111820220947,1.3859364986419678,1.021125316619873,rank,44,single_rater_weak
2025_09_15_Re4StRes_T1_DSV/IMG_2794.JPG,plot_1b56fde03127b3b712c6,dsv_asendorf_t1_bbch11,/home/nfs/data/nvme_datasets/Pictures_CFSB_leaf_damage/2025_09_15_Re4StRes_T1_DSV/IMG_2794.JPG,3.0,1.2117972373962402,0.9445352554321289,-0.26726195216178894,2.055464744567871,1.7882027626037598,rank,44,single_rater_weak
2025_09_15_Re4StRes_T1_DSV/IMG_2795.JPG,plot_b4f665cae11a1867c3fa,dsv_asendorf_t1_bbch11,/home/nfs/data/nvme_datasets/Pictures_CFSB_leaf_damage/2025_09_15_Re4StRes_T1_DSV/IMG_2795.JPG,5.0,0.41879987716674805,-0.32916438579559326,-0.7479642629623413,5.329164505004883,4.581200122833252,rank,44,single_rater_weak
2025_09_15_Re4StRes_T1_DSV/IMG_2796.JPG,plot_b4f665cae11a1867c3fa,dsv_asendorf_t1_bbch11,/home/nfs/data/nvme_datasets/Pictures_CFSB_leaf_damage/2025_09_15_Re4StRes_T1_DSV/IMG_2796.JPG,1.0,0.16614484786987305,-0.3124946057796478,-0.4786394536495209,1.3124946355819702,0.833855152130127,rank,44,single_rater_weak
2025_09_15_Re4StRes_T1_DSV/IMG_2797.JPG,plot_b4f665cae11a1867c3fa,dsv_asendorf_t1_bbch11,/home/nfs/data/nvme_datasets/Pictures_CFSB_leaf_damage/2025_09_15_Re4StRes_T1_DSV/IMG_2797.JPG,3.0,0.6677193641662598,0.044271647930145264,-0.6234477162361145,2.95572829246521,2.3322806358337402,rank,44,single_rater_weak
2025_09_15_Re4StRes_T1_DSV/IMG_2798.JPG,plot_2ef2db7a8993d40b1071,dsv_asendorf_t1_bbch11,/home/nfs/data/nvme_datasets/Pictures_CFSB_leaf_damage/2025_09_15_Re4StRes_T1_DSV/IMG_2798.JPG,5.0,2.510976791381836,2.1690287590026855,-0.34194812178611755,2.8309712409973145,2.489023208618164,rank,44,single_rater_weak
2025_09_15_Re4StRes_T1_DSV/IMG_2799.JPG,plot_2ef2db7a8993d40b1071,dsv_asendorf_t1_bbch11,/home/nfs/data/nvme_datasets/Pictures_CFSB_leaf_damage/2025_09_15_Re4StRes_T1_DSV/IMG_2799.JPG,13.0,2.9097471237182617,2.639890432357788,-0.2698567807674408,10.360109329223633,10.090252876281738,rank,44,single_rater_weak
2025_09_15_Re4StRes_T1_DSV/IMG_2799_2.JPG,plot_2ef2db7a8993d40b1071,dsv_asendorf_t1_bbch11,/home/nfs/data/nvme_datasets/Pictures_CFSB_leaf_damage/2025_09_15_Re4StRes_T1_DSV/IMG_2799_2.JPG,30.0,7.116720199584961,6.6196088790893555,-0.497111439704895,23.380390167236328,22.88327980041504,rank,44,single_rater_weak
2025_09_15_Re4StRes_T1_DSV/IMG_2801.JPG,plot_eca8c3fb6680d53d6302,dsv_asendorf_t1_bbch11,/home/nfs/data/nvme_datasets/Pictures_CFSB_leaf_damage/2025_09_15_Re4StRes_T1_DSV/IMG_2801.JPG,11.0,1.4913759231567383,1.191490888595581,-0.29988500475883484,9.80850887298584,9.508624076843262,rank,44,single_rater_weak
2025_09_15_Re4StRes_T1_DSV/IMG_2802.JPG,plot_eca8c3fb6680d53d6302,dsv_asendorf_t1_bbch11,/home/nfs/data/nvme_datasets/Pictures_CFSB_leaf_damage/2025_09_15_Re4StRes_T1_DSV/IMG_2802.JPG,5.0,3.53307843208313,3.0197160243988037,-0.5133624076843262,1.9802839756011963,1.4669215679168701,rank,44,single_rater_weak
2025_09_15_Re4StRes_T1_DSV/IMG_2803.JPG,plot_eca8c3fb6680d53d6302,dsv_asendorf_t1_bbch11,/home/nfs/data/nvme_datasets/Pictures_CFSB_leaf_damage/2025_09_15_Re4StRes_T1_DSV/IMG_2803.JPG,6.0,2.0774760246276855,1.6398836374282837,-0.43759238719940186,4.360116481781006,3.9225239753723145,rank,44,single_rater_weak
2025_09_15_Re4StRes_T1_DSV/IMG_2805.JPG,plot_57ca9ea9ad1127350a7a,dsv_asendorf_t1_bbch11,/home/nfs/data/nvme_datasets/Pictures_CFSB_leaf_damage/2025_09_15_Re4StRes_T1_DSV/IMG_2805.JPG,3.0,0.9685511589050293,0.9214638471603394,-0.04708729684352875,2.078536033630371,2.0314488410949707,rank,44,single_rater_weak
2025_09_15_Re4StRes_T1_DSV/IMG_2806.JPG,plot_57ca9ea9ad1127350a7a,dsv_asendorf_t1_bbch11,/home/nfs/data/nvme_datasets/Pictures_CFSB_leaf_damage/2025_09_15_Re4StRes_T1_DSV/IMG_2806.JPG,7.0,0.04125165939331055,-0.6254560351371765,-0.6667076945304871,7.625455856323242,6.9587483406066895,rank,44,single_rater_weak
2025_09_15_Re4StRes_T1_DSV/IMG_2807.JPG,plot_57ca9ea9ad1127350a7a,dsv_asendorf_t1_bbch11,/home/nfs/data/nvme_datasets/Pictures_CFSB_leaf_damage/2025_09_15_Re4StRes_T1_DSV/IMG_2807.JPG,2.0,0.9320464134216309,0.45556971430778503,-0.4764766991138458,1.5444302558898926,1.0679535865783691,rank,44,single_rater_weak
2025_09_15_Re4StRes_T1_DSV/IMG_2808.JPG,plot_686e3a43dd992b8a1840,dsv_asendorf_t1_bbch11,/home/nfs/data/nvme_datasets/Pictures_CFSB_leaf_damage/2025_09_15_Re4StRes_T1_DSV/IMG_2808.JPG,1.0,2.0064139366149902,2.215395450592041,0.2089814841747284,1.215395450592041,1.0064139366149902,rank,44,single_rater_weak
2025_09_15_Re4StRes_T1_DSV/IMG_2809.JPG,plot_686e3a43dd992b8a1840,dsv_asendorf_t1_bbch11,/home/nfs/data/nvme_datasets/Pictures_CFSB_leaf_damage/2025_09_15_Re4StRes_T1_DSV/IMG_2809.JPG,2.0,2.2587475776672363,2.2755885124206543,0.0168409813195467,0.2755885124206543,0.25874757766723633,rank,44,single_rater_weak
2025_09_15_Re4StRes_T1_DSV/IMG_2810.JPG,plot_686e3a43dd992b8a1840,dsv_asendorf_t1_bbch11,/home/nfs/data/nvme_datasets/Pictures_CFSB_leaf_damage/2025_09_15_Re4StRes_T1_DSV/IMG_2810.JPG,1.0,1.2192721366882324,1.0181736946105957,-0.2010984569787979,0.018173694610595703,0.21927213668823242,rank,44,single_rater_weak
2025_09_15_Re4StRes_T1_DSV/IMG_2811.JPG,plot_c63973f869024d2007d6,dsv_asendorf_t1_bbch11,/home/nfs/data/nvme_datasets/Pictures_CFSB_leaf_damage/2025_09_15_Re4StRes_T1_DSV/IMG_2811.JPG,1.0,1.7665562629699707,1.3933048248291016,-0.3732514977455139,0.39330482482910156,0.7665562629699707,rank,44,single_rater_weak
2025_09_15_Re4StRes_T1_DSV/IMG_2812.JPG,plot_c63973f869024d2007d6,dsv_asendorf_t1_bbch11,/home/nfs/data/nvme_datasets/Pictures_CFSB_leaf_damage/2025_09_15_Re4StRes_T1_DSV/IMG_2812.JPG,1.0,2.259695529937744,2.2857882976531982,0.026092860847711563,1.2857882976531982,1.2596955299377441,rank,44,single_rater_weak
2025_09_15_Re4StRes_T1_DSV/IMG_2813.JPG,plot_c63973f869024d2007d6,dsv_asendorf_t1_bbch11,/home/nfs/data/nvme_datasets/Pictures_CFSB_leaf_damage/2025_09_15_Re4StRes_T1_DSV/IMG_2813.JPG,4.0,1.5478754043579102,1.2855967283248901,-0.26227867603302,2.7144031524658203,2.45212459564209,rank,44,single_rater_weak
2025_09_15_Re4StRes_T1_DSV/IMG_2814.JPG,plot_bceb77a99363fcf3c1e2,dsv_asendorf_t1_bbch11,/home/nfs/data/nvme_datasets/Pictures_CFSB_leaf_damage/2025_09_15_Re4StRes_T1_DSV/IMG_2814.JPG,2.0,1.3228940963745117,1.1538912057876587,-0.16900286078453064,0.8461087942123413,0.6771059036254883,rank,44,single_rater_weak
2025_09_15_Re4StRes_T1_DSV/IMG_2815.JPG,plot_bceb77a99363fcf3c1e2,dsv_asendorf_t1_bbch11,/home/nfs/data/nvme_datasets/Pictures_CFSB_leaf_damage/2025_09_15_Re4StRes_T1_DSV/IMG_2815.JPG,2.0,0.7896218299865723,0.46545225381851196,-0.3241695761680603,1.5345478057861328,1.2103781700134277,rank,44,single_rater_weak
2025_09_15_Re4StRes_T1_DSV/IMG_2816.JPG,plot_bceb77a99363fcf3c1e2,dsv_asendorf_t1_bbch11,/home/nfs/data/nvme_datasets/Pictures_CFSB_leaf_damage/2025_09_15_Re4StRes_T1_DSV/IMG_2816.JPG,2.0,2.826756477355957,2.9364826679229736,0.10972607880830765,0.9364826679229736,0.826756477355957,rank,44,single_rater_weak
2025_09_15_Re4StRes_T1_DSV/IMG_2817.JPG,plot_ff22be3ef1b30dc11796,dsv_asendorf_t1_bbch11,/home/nfs/data/nvme_datasets/Pictures_CFSB_leaf_damage/2025_09_15_Re4StRes_T1_DSV/IMG_2817.JPG,1.0,1.162245273590088,0.5016139149665833,-0.6606313586235046,0.49838608503341675,0.1622452735900879,rank,44,single_rater_weak
2025_09_15_Re4StRes_T1_DSV/IMG_2818.JPG,plot_ff22be3ef1b30dc11796,dsv_asendorf_t1_bbch11,/home/nfs/data/nvme_datasets/Pictures_CFSB_leaf_damage/2025_09_15_Re4StRes_T1_DSV/IMG_2818.JPG,5.0,1.317399501800537,1.4401795864105225,0.12278008460998535,3.5598204135894775,3.682600498199463,rank,44,single_rater_weak
2025_09_15_Re4StRes_T1_DSV/IMG_2819.JPG,plot_ff22be3ef1b30dc11796,dsv_asendorf_t1_bbch11,/home/nfs/data/nvme_datasets/Pictures_CFSB_leaf_damage/2025_09_15_Re4StRes_T1_DSV/IMG_2819.JPG,5.0,1.2809066772460938,1.4488943815231323,0.167987659573555,3.551105499267578,3.7190933227539062,rank,44,single_rater_weak
2025_09_15_Re4StRes_T1_DSV/IMG_2820.JPG,plot_0244c16f1b7da46365e8,dsv_asendorf_t1_bbch11,/home/nfs/data/nvme_datasets/Pictures_CFSB_leaf_damage/2025_09_15_Re4StRes_T1_DSV/IMG_2820.JPG,1.0,1.7639641761779785,1.7546906471252441,-0.009273569099605083,0.7546906471252441,0.7639641761779785,rank,44,single_rater_weak
2025_09_15_Re4StRes_T1_DSV/IMG_2821.JPG,plot_0244c16f1b7da46365e8,dsv_asendorf_t1_bbch11,/home/nfs/data/nvme_datasets/Pictures_CFSB_leaf_damage/2025_09_15_Re4StRes_T1_DSV/IMG_2821.JPG,2.0,2.92336368560791,2.3410394191741943,-0.582324206829071,0.34103941917419434,0.9233636856079102,rank,44,single_rater_weak
2025_09_15_Re4StRes_T1_DSV/IMG_2822.JPG,plot_0244c16f1b7da46365e8,dsv_asendorf_t1_bbch11,/home/nfs/data/nvme_datasets/Pictures_CFSB_leaf_damage/2025_09_15_Re4StRes_T1_DSV/IMG_2822.JPG,1.0,1.3565263748168945,0.6814379096031189,-0.6750884652137756,0.3185620903968811,0.35652637481689453,rank,44,single_rater_weak
2025_09_15_Re4StRes_T1_DSV/IMG_2823.JPG,plot_463fbe86ab5f5a3963dd,dsv_asendorf_t1_bbch11,/home/nfs/data/nvme_datasets/Pictures_CFSB_leaf_damage/2025_09_15_Re4StRes_T1_DSV/IMG_2823.JPG,3.0,1.3737034797668457,1.0409092903137207,-0.3327941596508026,1.9590907096862793,1.6262965202331543,rank,44,single_rater_weak
2025_09_15_Re4StRes_T1_DSV/IMG_2824.JPG,plot_463fbe86ab5f5a3963dd,dsv_asendorf_t1_bbch11,/home/nfs/data/nvme_datasets/Pictures_CFSB_leaf_damage/2025_09_15_Re4StRes_T1_DSV/IMG_2824.JPG,33.0,3.22513484954834,3.2433502674102783,0.018215373158454895,29.756649017333984,29.774864196777344,rank,44,single_rater_weak
2025_09_15_Re4StRes_T1_DSV/IMG_2825.JPG,plot_463fbe86ab5f5a3963dd,dsv_asendorf_t1_bbch11,/home/nfs/data/nvme_datasets/Pictures_CFSB_leaf_damage/2025_09_15_Re4StRes_T1_DSV/IMG_2825.JPG,2.0,1.4151215553283691,1.1824640035629272,-0.2326575070619583,0.8175359964370728,0.5848784446716309,rank,44,single_rater_weak
2025_09_15_Re4StRes_T1_DSV/IMG_2826.JPG,plot_cdc03d060fabf9cda7b5,dsv_asendorf_t1_bbch11,/home/nfs/data/nvme_datasets/Pictures_CFSB_leaf_damage/2025_09_15_Re4StRes_T1_DSV/IMG_2826.JPG,12.0,1.6970515251159668,1.1428327560424805,-0.5542188286781311,10.85716724395752,10.302947998046875,rank,44,single_rater_weak
2025_09_15_Re4StRes_T1_DSV/IMG_2827.JPG,plot_cdc03d060fabf9cda7b5,dsv_asendorf_t1_bbch11,/home/nfs/data/nvme_datasets/Pictures_CFSB_leaf_damage/2025_09_15_Re4StRes_T1_DSV/IMG_2827.JPG,1.0,1.5529112815856934,0.9610198736190796,-0.5918914079666138,0.03898012638092041,0.5529112815856934,rank,44,single_rater_weak
2025_09_15_Re4StRes_T1_DSV/IMG_2828.JPG,plot_cdc03d060fabf9cda7b5,dsv_asendorf_t1_bbch11,/home/nfs/data/nvme_datasets/Pictures_CFSB_leaf_damage/2025_09_15_Re4StRes_T1_DSV/IMG_2828.JPG,1.0,1.2712516784667969,0.028997063636779785,-1.242254614830017,0.9710029363632202,0.2712516784667969,rank,44,single_rater_weak
2025_09_15_Re4StRes_T1_DSV/IMG_2829.JPG,plot_5be37850e3ff940ad957,dsv_asendorf_t1_bbch11,/home/nfs/data/nvme_datasets/Pictures_CFSB_leaf_damage/2025_09_15_Re4StRes_T1_DSV/IMG_2829.JPG,7.0,1.6168794631958008,1.1147129535675049,-0.5021665096282959,5.885287284851074,5.383120536804199,rank,44,single_rater_weak
2025_09_15_Re4StRes_T1_DSV/IMG_2830.JPG,plot_5be37850e3ff940ad957,dsv_asendorf_t1_bbch11,/home/nfs/data/nvme_datasets/Pictures_CFSB_leaf_damage/2025_09_15_Re4StRes_T1_DSV/IMG_2830.JPG,3.0,2.5009288787841797,2.01362943649292,-0.4872995615005493,0.9863705635070801,0.4990711212158203,rank,44,single_rater_weak
2025_09_15_Re4StRes_T1_DSV/IMG_2831.JPG,plot_5be37850e3ff940ad957,dsv_asendorf_t1_bbch11,/home/nfs/data/nvme_datasets/Pictures_CFSB_leaf_damage/2025_09_15_Re4StRes_T1_DSV/IMG_2831.JPG,1.0,1.7400436401367188,1.0286500453948975,-0.7113936543464661,0.02865004539489746,0.7400436401367188,rank,44,single_rater_weak
2025_09_15_Re4StRes_T1_DSV/IMG_2832.JPG,plot_043f66e99d1614656004,dsv_asendorf_t1_bbch11,/home/nfs/data/nvme_datasets/Pictures_CFSB_leaf_damage/2025_09_15_Re4StRes_T1_DSV/IMG_2832.JPG,18.0,1.3615102767944336,1.4003902673721313,0.03888000175356865,16.599609375,16.63848876953125,rank,44,single_rater_weak
2025_09_15_Re4StRes_T1_DSV/IMG_2833.JPG,plot_043f66e99d1614656004,dsv_asendorf_t1_bbch11,/home/nfs/data/nvme_datasets/Pictures_CFSB_leaf_damage/2025_09_15_Re4StRes_T1_DSV/IMG_2833.JPG,2.0,3.2807130813598633,3.41988205909729,0.13916903734207153,1.41988205909729,1.2807130813598633,rank,44,single_rater_weak
2025_09_15_Re4StRes_T1_DSV/IMG_2834.JPG,plot_043f66e99d1614656004,dsv_asendorf_t1_bbch11,/home/nfs/data/nvme_datasets/Pictures_CFSB_leaf_damage/2025_09_15_Re4StRes_T1_DSV/IMG_2834.JPG,3.0,1.4373526573181152,1.1204339265823364,-0.3169187307357788,1.8795660734176636,1.5626473426818848,rank,44,single_rater_weak
2025_09_15_Re4StRes_T1_DSV/IMG_2835.JPG,plot_3d3d8b967e6547e92911,dsv_asendorf_t1_bbch11,/home/nfs/data/nvme_datasets/Pictures_CFSB_leaf_damage/2025_09_15_Re4StRes_T1_DSV/IMG_2835.JPG,4.0,0.7042913436889648,0.13522082567214966,-0.5690705180168152,3.864779233932495,3.295708656311035,rank,44,single_rater_weak
2025_09_15_Re4StRes_T1_DSV/IMG_2836.JPG,plot_3d3d8b967e6547e92911,dsv_asendorf_t1_bbch11,/home/nfs/data/nvme_datasets/Pictures_CFSB_leaf_damage/2025_09_15_Re4StRes_T1_DSV/IMG_2836.JPG,5.0,2.158092498779297,1.6666346788406372,-0.49145784974098206,3.3333654403686523,2.841907501220703,rank,44,single_rater_weak
2025_09_15_Re4StRes_T1_DSV/IMG_2837.JPG,plot_3d3d8b967e6547e92911,dsv_asendorf_t1_bbch11,/home/nfs/data/nvme_datasets/Pictures_CFSB_leaf_damage/2025_09_15_Re4StRes_T1_DSV/IMG_2837.JPG,2.0,0.7450342178344727,0.22617697715759277,-0.5188572406768799,1.7738230228424072,1.2549657821655273,rank,44,single_rater_weak
2025_09_15_Re4StRes_T1_DSV/IMG_2838.JPG,plot_76f157dea3d143b587c1,dsv_asendorf_t1_bbch11,/home/nfs/data/nvme_datasets/Pictures_CFSB_leaf_damage/2025_09_15_Re4StRes_T1_DSV/IMG_2838.JPG,1.0,0.6677660942077637,0.2937559187412262,-0.3740101754665375,0.7062441110610962,0.33223390579223633,rank,44,single_rater_weak
2025_09_15_Re4StRes_T1_DSV/IMG_2839.JPG,plot_76f157dea3d143b587c1,dsv_asendorf_t1_bbch11,/home/nfs/data/nvme_datasets/Pictures_CFSB_leaf_damage/2025_09_15_Re4StRes_T1_DSV/IMG_2839.JPG,8.0,1.491511344909668,0.6460680961608887,-0.8454432487487793,7.353931903839111,6.508488655090332,rank,44,single_rater_weak
2025_09_15_Re4StRes_T1_DSV/IMG_2840.JPG,plot_76f157dea3d143b587c1,dsv_asendorf_t1_bbch11,/home/nfs/data/nvme_datasets/Pictures_CFSB_leaf_damage/2025_09_15_Re4StRes_T1_DSV/IMG_2840.JPG,2.0,1.2072715759277344,0.6045947670936584,-0.6026768088340759,1.3954052925109863,0.7927284240722656,rank,44,single_rater_weak
2025_09_15_Re4StRes_T1_DSV/IMG_2841.JPG,plot_74ee91a70def5e1240d4,dsv_asendorf_t1_bbch11,/home/nfs/data/nvme_datasets/Pictures_CFSB_leaf_damage/2025_09_15_Re4StRes_T1_DSV/IMG_2841.JPG,2.0,0.5021586418151855,-0.05360007286071777,-0.5557587146759033,2.0536000728607178,1.4978413581848145,rank,44,single_rater_weak
2025_09_15_Re4StRes_T1_DSV/IMG_2842.JPG,plot_74ee91a70def5e1240d4,dsv_asendorf_t1_bbch11,/home/nfs/data/nvme_datasets/Pictures_CFSB_leaf_damage/2025_09_15_Re4StRes_T1_DSV/IMG_2842.JPG,1.0,0.6967215538024902,0.29260045289993286,-0.4041211009025574,0.7073995471000671,0.30327844619750977,rank,44,single_rater_weak
2025_09_15_Re4StRes_T1_DSV/IMG_2843.JPG,plot_74ee91a70def5e1240d4,dsv_asendorf_t1_bbch11,/home/nfs/data/nvme_datasets/Pictures_CFSB_leaf_damage/2025_09_15_Re4StRes_T1_DSV/IMG_2843.JPG,1.0,1.059180736541748,0.4719386696815491,-0.587242066860199,0.5280613303184509,0.05918073654174805,rank,44,single_rater_weak
2025_09_15_Re4StRes_T1_DSV/IMG_2844.JPG,plot_f0879f07e7b82b6cbf3c,dsv_asendorf_t1_bbch11,/home/nfs/data/nvme_datasets/Pictures_CFSB_leaf_damage/2025_09_15_Re4StRes_T1_DSV/IMG_2844.JPG,1.0,1.4029507637023926,1.4402947425842285,0.03734402731060982,0.4402947425842285,0.4029507637023926,rank,44,single_rater_weak
2025_09_15_Re4StRes_T1_DSV/IMG_2845.JPG,plot_f0879f07e7b82b6cbf3c,dsv_asendorf_t1_bbch11,/home/nfs/data/nvme_datasets/Pictures_CFSB_leaf_damage/2025_09_15_Re4StRes_T1_DSV/IMG_2845.JPG,2.0,0.20724773406982422,-0.010482504963874817,-0.21773023903369904,2.0104825496673584,1.7927522659301758,rank,44,single_rater_weak
2025_09_15_Re4StRes_T1_DSV/IMG_2846.JPG,plot_f0879f07e7b82b6cbf3c,dsv_asendorf_t1_bbch11,/home/nfs/data/nvme_datasets/Pictures_CFSB_leaf_damage/2025_09_15_Re4StRes_T1_DSV/IMG_2846.JPG,3.0,3.0043249130249023,2.163905382156372,-0.840419590473175,0.8360946178436279,0.004324913024902344,rank,44,single_rater_weak
2025_09_15_Re4StRes_T1_DSV/IMG_2847.JPG,plot_fcd7e8b035def23fede6,dsv_asendorf_t1_bbch11,/home/nfs/data/nvme_datasets/Pictures_CFSB_leaf_damage/2025_09_15_Re4StRes_T1_DSV/IMG_2847.JPG,1.0,1.3943686485290527,0.6897293925285339,-0.7046392560005188,0.31027060747146606,0.39436864852905273,rank,44,single_rater_weak
2025_09_15_Re4StRes_T1_DSV/IMG_2848.JPG,plot_fcd7e8b035def23fede6,dsv_asendorf_t1_bbch11,/home/nfs/data/nvme_datasets/Pictures_CFSB_leaf_damage/2025_09_15_Re4StRes_T1_DSV/IMG_2848.JPG,1.0,1.5537614822387695,0.7107975482940674,-0.8429639339447021,0.2892024517059326,0.5537614822387695,rank,44,single_rater_weak
2025_09_15_Re4StRes_T1_DSV/IMG_2849.JPG,plot_fcd7e8b035def23fede6,dsv_asendorf_t1_bbch11,/home/nfs/data/nvme_datasets/Pictures_CFSB_leaf_damage/2025_09_15_Re4StRes_T1_DSV/IMG_2849.JPG,1.0,1.3571181297302246,0.5026882290840149,-0.8544299006462097,0.4973117709159851,0.3571181297302246,rank,44,single_rater_weak
2025_09_15_Re4StRes_T1_DSV/IMG_2850.JPG,plot_d9718fbb395864c7b86c,dsv_asendorf_t1_bbch11,/home/nfs/data/nvme_datasets/Pictures_CFSB_leaf_damage/2025_09_15_Re4StRes_T1_DSV/IMG_2850.JPG,1.0,0.7659568786621094,0.3089141845703125,-0.4570426940917969,0.6910858154296875,0.23404312133789062,rank,44,single_rater_weak
2025_09_15_Re4StRes_T1_DSV/IMG_2851.JPG,plot_d9718fbb395864c7b86c,dsv_asendorf_t1_bbch11,/home/nfs/data/nvme_datasets/Pictures_CFSB_leaf_damage/2025_09_15_Re4StRes_T1_DSV/IMG_2851.JPG,2.0,1.5961604118347168,1.1675223112106323,-0.42863813042640686,0.8324776887893677,0.4038395881652832,rank,44,single_rater_weak
2025_09_15_Re4StRes_T1_DSV/IMG_2852.JPG,plot_d9718fbb395864c7b86c,dsv_asendorf_t1_bbch11,/home/nfs/data/nvme_datasets/Pictures_CFSB_leaf_damage/2025_09_15_Re4StRes_T1_DSV/IMG_2852.JPG,5.0,1.3736763000488281,1.1893830299377441,-0.1842932105064392,3.810616970062256,3.626323699951172,rank,44,single_rater_weak
2025_09_15_Re4StRes_T1_DSV/IMG_2853.JPG,plot_a8844705497a4f5f1781,dsv_asendorf_t1_bbch11,/home/nfs/data/nvme_datasets/Pictures_CFSB_leaf_damage/2025_09_15_Re4StRes_T1_DSV/IMG_2853.JPG,1.0,0.7934703826904297,0.30187010765075684,-0.49160027503967285,0.6981298923492432,0.2065296173095703,rank,44,single_rater_weak
2025_09_15_Re4StRes_T1_DSV/IMG_2854.JPG,plot_a8844705497a4f5f1781,dsv_asendorf_t1_bbch11,/home/nfs/data/nvme_datasets/Pictures_CFSB_leaf_damage/2025_09_15_Re4StRes_T1_DSV/IMG_2854.JPG,1.0,1.3056983947753906,0.8140968084335327,-0.4916015863418579,0.18590319156646729,0.3056983947753906,rank,44,single_rater_weak
2025_09_15_Re4StRes_T1_DSV/IMG_2855.JPG,plot_a8844705497a4f5f1781,dsv_asendorf_t1_bbch11,/home/nfs/data/nvme_datasets/Pictures_CFSB_leaf_damage/2025_09_15_Re4StRes_T1_DSV/IMG_2855.JPG,1.0,1.9042563438415527,1.2787230014801025,-0.6255333423614502,0.27872300148010254,0.9042563438415527,rank,44,single_rater_weak
2025_09_15_Re4StRes_T1_DSV/IMG_2856.JPG,plot_49332c73775f577459b5,dsv_asendorf_t1_bbch11,/home/nfs/data/nvme_datasets/Pictures_CFSB_leaf_damage/2025_09_15_Re4StRes_T1_DSV/IMG_2856.JPG,2.0,0.6057720184326172,0.5998051762580872,-0.005966817960143089,1.4001948833465576,1.3942279815673828,rank,44,single_rater_weak
2025_09_15_Re4StRes_T1_DSV/IMG_2857.JPG,plot_49332c73775f577459b5,dsv_asendorf_t1_bbch11,/home/nfs/data/nvme_datasets/Pictures_CFSB_leaf_damage/2025_09_15_Re4StRes_T1_DSV/IMG_2857.JPG,1.0,0.6995072364807129,0.02944183349609375,-0.6700654029846191,0.9705581665039062,0.3004927635192871,rank,44,single_rater_weak
2025_09_15_Re4StRes_T1_DSV/IMG_2858.JPG,plot_49332c73775f577459b5,dsv_asendorf_t1_bbch11,/home/nfs/data/nvme_datasets/Pictures_CFSB_leaf_damage/2025_09_15_Re4StRes_T1_DSV/IMG_2858.JPG,2.0,2.4377708435058594,1.6428560018539429,-0.7949148416519165,0.35714399814605713,0.4377708435058594,rank,44,single_rater_weak
2025_09_15_Re4StRes_T1_DSV/IMG_2859.JPG,plot_ebd4356cb69020d146d3,dsv_asendorf_t1_bbch11,/home/nfs/data/nvme_datasets/Pictures_CFSB_leaf_damage/2025_09_15_Re4StRes_T1_DSV/IMG_2859.JPG,9.0,0.8230524063110352,-0.12494587898254395,-0.9479982852935791,9.124945640563965,8.176947593688965,rank,44,single_rater_weak
2025_09_15_Re4StRes_T1_DSV/IMG_2860.JPG,plot_ebd4356cb69020d146d3,dsv_asendorf_t1_bbch11,/home/nfs/data/nvme_datasets/Pictures_CFSB_leaf_damage/2025_09_15_Re4StRes_T1_DSV/IMG_2860.JPG,1.0,0.5891284942626953,-0.3681219816207886,-0.9572504758834839,1.3681219816207886,0.4108715057373047,rank,44,single_rater_weak
2025_09_15_Re4StRes_T1_DSV/IMG_2861.JPG,plot_ebd4356cb69020d146d3,dsv_asendorf_t1_bbch11,/home/nfs/data/nvme_datasets/Pictures_CFSB_leaf_damage/2025_09_15_Re4StRes_T1_DSV/IMG_2861.JPG,5.0,0.2361435890197754,0.0004741400480270386,-0.23566944897174835,4.999526023864746,4.763856410980225,rank,44,single_rater_weak
2025_09_15_Re4StRes_T1_DSV/IMG_2862.JPG,plot_f0c559e92e25adfd20fd,dsv_asendorf_t1_bbch11,/home/nfs/data/nvme_datasets/Pictures_CFSB_leaf_damage/2025_09_15_Re4StRes_T1_DSV/IMG_2862.JPG,2.0,1.1134557723999023,0.40936940908432007,-0.7040863633155823,1.5906305313110352,0.8865442276000977,rank,44,single_rater_weak
2025_09_15_Re4StRes_T1_DSV/IMG_2863.JPG,plot_f0c559e92e25adfd20fd,dsv_asendorf_t1_bbch11,/home/nfs/data/nvme_datasets/Pictures_CFSB_leaf_damage/2025_09_15_Re4StRes_T1_DSV/IMG_2863.JPG,1.0,0.2880129814147949,0.07260200381278992,-0.215410977602005,0.9273979663848877,0.7119870185852051,rank,44,single_rater_weak
2025_09_15_Re4StRes_T1_DSV/IMG_2864.JPG,plot_f0c559e92e25adfd20fd,dsv_asendorf_t1_bbch11,/home/nfs/data/nvme_datasets/Pictures_CFSB_leaf_damage/2025_09_15_Re4StRes_T1_DSV/IMG_2864.JPG,1.0,0.01400613784790039,-0.43364256620407104,-0.44764870405197144,1.4336426258087158,0.9859938621520996,rank,44,single_rater_weak
2025_09_15_Re4StRes_T1_DSV/IMG_2865.JPG,plot_d7b8935e967a38afc8af,dsv_asendorf_t1_bbch11,/home/nfs/data/nvme_datasets/Pictures_CFSB_leaf_damage/2025_09_15_Re4StRes_T1_DSV/IMG_2865.JPG,5.0,2.178295135498047,1.9011023044586182,-0.2771928608417511,3.098897695541382,2.821704864501953,rank,44,single_rater_weak
2025_09_15_Re4StRes_T1_DSV/IMG_2866.JPG,plot_d7b8935e967a38afc8af,dsv_asendorf_t1_bbch11,/home/nfs/data/nvme_datasets/Pictures_CFSB_leaf_damage/2025_09_15_Re4StRes_T1_DSV/IMG_2866.JPG,1.0,1.8151192665100098,2.2082905769348145,0.3931712508201599,1.2082905769348145,0.8151192665100098,rank,44,single_rater_weak
2025_09_15_Re4StRes_T1_DSV/IMG_2867.JPG,plot_d7b8935e967a38afc8af,dsv_asendorf_t1_bbch11,/home/nfs/data/nvme_datasets/Pictures_CFSB_leaf_damage/2025_09_15_Re4StRes_T1_DSV/IMG_2867.JPG,1.0,1.1350693702697754,0.54743492603302,-0.5876344442367554,0.45256507396698,0.1350693702697754,rank,44,single_rater_weak
2025_09_15_Re4StRes_T1_DSV/IMG_2868.JPG,plot_df9b1e761cc41b9141d8,dsv_asendorf_t1_bbch11,/home/nfs/data/nvme_datasets/Pictures_CFSB_leaf_damage/2025_09_15_Re4StRes_T1_DSV/IMG_2868.JPG,2.0,1.3889713287353516,1.3501439094543457,-0.038827404379844666,0.6498560905456543,0.6110286712646484,rank,44,single_rater_weak
2025_09_15_Re4StRes_T1_DSV/IMG_2869.JPG,plot_df9b1e761cc41b9141d8,dsv_asendorf_t1_bbch11,/home/nfs/data/nvme_datasets/Pictures_CFSB_leaf_damage/2025_09_15_Re4StRes_T1_DSV/IMG_2869.JPG,1.0,1.5871367454528809,1.3149501085281372,-0.27218663692474365,0.3149501085281372,0.5871367454528809,rank,44,single_rater_weak
2025_09_15_Re4StRes_T1_DSV/IMG_2870.JPG,plot_df9b1e761cc41b9141d8,dsv_asendorf_t1_bbch11,/home/nfs/data/nvme_datasets/Pictures_CFSB_leaf_damage/2025_09_15_Re4StRes_T1_DSV/IMG_2870.JPG,2.0,1.0503425598144531,0.5912756323814392,-0.4590669274330139,1.408724308013916,0.9496574401855469,rank,44,single_rater_weak
2025_09_15_Re4StRes_T1_DSV/IMG_2871.JPG,plot_a967d2993a2c6d109d24,dsv_asendorf_t1_bbch11,/home/nfs/data/nvme_datasets/Pictures_CFSB_leaf_damage/2025_09_15_Re4StRes_T1_DSV/IMG_2871.JPG,2.0,1.211137294769287,1.4446645975112915,0.233527272939682,0.5553354024887085,0.7888627052307129,rank,44,single_rater_weak
2025_09_15_Re4StRes_T1_DSV/IMG_2872.JPG,plot_a967d2993a2c6d109d24,dsv_asendorf_t1_bbch11,/home/nfs/data/nvme_datasets/Pictures_CFSB_leaf_damage/2025_09_15_Re4StRes_T1_DSV/IMG_2872.JPG,1.0,0.7037897109985352,0.08965259790420532,-0.6141371130943298,0.9103474020957947,0.29621028900146484,rank,44,single_rater_weak
2025_09_15_Re4StRes_T1_DSV/IMG_2873.JPG,plot_a967d2993a2c6d109d24,dsv_asendorf_t1_bbch11,/home/nfs/data/nvme_datasets/Pictures_CFSB_leaf_damage/2025_09_15_Re4StRes_T1_DSV/IMG_2873.JPG,1.0,0.09009027481079102,-0.49745410680770874,-0.5875443816184998,1.4974541664123535,0.909909725189209,rank,44,single_rater_weak
2025_09_15_Re4StRes_T1_DSV/IMG_2874.JPG,plot_d2d9c664f2153b1e0828,dsv_asendorf_t1_bbch11,/home/nfs/data/nvme_datasets/Pictures_CFSB_leaf_damage/2025_09_15_Re4StRes_T1_DSV/IMG_2874.JPG,1.0,0.5149836540222168,0.05522903800010681,-0.45975461602211,0.9447709321975708,0.4850163459777832,rank,44,single_rater_weak
2025_09_15_Re4StRes_T1_DSV/IMG_2875.JPG,plot_d2d9c664f2153b1e0828,dsv_asendorf_t1_bbch11,/home/nfs/data/nvme_datasets/Pictures_CFSB_leaf_damage/2025_09_15_Re4StRes_T1_DSV/IMG_2875.JPG,1.0,1.2031745910644531,0.9606449604034424,-0.24252960085868835,0.03935503959655762,0.20317459106445312,rank,44,single_rater_weak
2025_09_15_Re4StRes_T1_DSV/IMG_2876.JPG,plot_d2d9c664f2153b1e0828,dsv_asendorf_t1_bbch11,/home/nfs/data/nvme_datasets/Pictures_CFSB_leaf_damage/2025_09_15_Re4StRes_T1_DSV/IMG_2876.JPG,6.0,1.8810162544250488,1.7856919765472412,-0.09532421827316284,4.21430778503418,4.118983745574951,rank,44,single_rater_weak
2025_09_15_Re4StRes_T1_DSV/IMG_2877.JPG,plot_06077aa9b2739738e87e,dsv_asendorf_t1_bbch11,/home/nfs/data/nvme_datasets/Pictures_CFSB_leaf_damage/2025_09_15_Re4StRes_T1_DSV/IMG_2877.JPG,1.0,0.32219839096069336,-0.08101272583007812,-0.4032111167907715,1.0810127258300781,0.6778016090393066,rank,44,single_rater_weak
2025_09_15_Re4StRes_T1_DSV/IMG_2878.JPG,plot_06077aa9b2739738e87e,dsv_asendorf_t1_bbch11,/home/nfs/data/nvme_datasets/Pictures_CFSB_leaf_damage/2025_09_15_Re4StRes_T1_DSV/IMG_2878.JPG,4.0,0.5079765319824219,0.04930460453033447,-0.4586719274520874,3.950695514678955,3.492023468017578,rank,44,single_rater_weak
2025_09_15_Re4StRes_T1_DSV/IMG_2879.JPG,plot_06077aa9b2739738e87e,dsv_asendorf_t1_bbch11,/home/nfs/data/nvme_datasets/Pictures_CFSB_leaf_damage/2025_09_15_Re4StRes_T1_DSV/IMG_2879.JPG,1.0,0.8748979568481445,-0.19929468631744385,-1.0741926431655884,1.1992946863174438,0.12510204315185547,rank,44,single_rater_weak
2025_09_15_Re4StRes_T1_DSV/IMG_2880.JPG,plot_d89a8bcf8d0d7729813c,dsv_asendorf_t1_bbch11,/home/nfs/data/nvme_datasets/Pictures_CFSB_leaf_damage/2025_09_15_Re4StRes_T1_DSV/IMG_2880.JPG,2.0,0.08350086212158203,-0.5537121891975403,-0.6372130513191223,2.5537121295928955,1.916499137878418,rank,44,single_rater_weak
2025_09_15_Re4StRes_T1_DSV/IMG_2881.JPG,plot_d89a8bcf8d0d7729813c,dsv_asendorf_t1_bbch11,/home/nfs/data/nvme_datasets/Pictures_CFSB_leaf_damage/2025_09_15_Re4StRes_T1_DSV/IMG_2881.JPG,1.0,1.5334033966064453,1.8430218696594238,0.3096185326576233,0.8430218696594238,0.5334033966064453,rank,44,single_rater_weak
2025_09_15_Re4StRes_T1_DSV/IMG_2882.JPG,plot_d89a8bcf8d0d7729813c,dsv_asendorf_t1_bbch11,/home/nfs/data/nvme_datasets/Pictures_CFSB_leaf_damage/2025_09_15_Re4StRes_T1_DSV/IMG_2882.JPG,1.0,0.3118104934692383,-0.3354719877243042,-0.6472824811935425,1.3354719877243042,0.6881895065307617,rank,44,single_rater_weak
2025_09_15_Re4StRes_T1_DSV/IMG_2883.JPG,plot_9d01cfe64d34d5079290,dsv_asendorf_t1_bbch11,/home/nfs/data/nvme_datasets/Pictures_CFSB_leaf_damage/2025_09_15_Re4StRes_T1_DSV/IMG_2883.JPG,1.0,0.8802976608276367,0.9840127825737,0.10371513664722443,0.01598721742630005,0.11970233917236328,rank,44,single_rater_weak
2025_09_15_Re4StRes_T1_DSV/IMG_2884.JPG,plot_9d01cfe64d34d5079290,dsv_asendorf_t1_bbch11,/home/nfs/data/nvme_datasets/Pictures_CFSB_leaf_damage/2025_09_15_Re4StRes_T1_DSV/IMG_2884.JPG,9.0,0.6708583831787109,0.5367151498794556,-0.13414321839809418,8.463284492492676,8.329141616821289,rank,44,single_rater_weak
2025_09_15_Re4StRes_T1_DSV/IMG_2885.JPG,plot_9d01cfe64d34d5079290,dsv_asendorf_t1_bbch11,/home/nfs/data/nvme_datasets/Pictures_CFSB_leaf_damage/2025_09_15_Re4StRes_T1_DSV/IMG_2885.JPG,5.0,0.04093360900878906,-0.3270137310028076,-0.3679473400115967,5.327013969421387,4.959066390991211,rank,44,single_rater_weak
2025_09_15_Re4StRes_T1_DSV/IMG_2886.JPG,plot_d60fc64330d7114e5f4c,dsv_asendorf_t1_bbch11,/home/nfs/data/nvme_datasets/Pictures_CFSB_leaf_damage/2025_09_15_Re4StRes_T1_DSV/IMG_2886.JPG,8.0,2.595609188079834,2.5272748470306396,-0.06833437085151672,5.472724914550781,5.404390811920166,rank,44,single_rater_weak
2025_09_15_Re4StRes_T1_DSV/IMG_2887.JPG,plot_d60fc64330d7114e5f4c,dsv_asendorf_t1_bbch11,/home/nfs/data/nvme_datasets/Pictures_CFSB_leaf_damage/2025_09_15_Re4StRes_T1_DSV/IMG_2887.JPG,1.0,-0.12610626220703125,-0.25908541679382324,-0.1329791396856308,1.2590854167938232,1.1261062622070312,rank,44,single_rater_weak
2025_09_15_Re4StRes_T1_DSV/IMG_2888.JPG,plot_d60fc64330d7114e5f4c,dsv_asendorf_t1_bbch11,/home/nfs/data/nvme_datasets/Pictures_CFSB_leaf_damage/2025_09_15_Re4StRes_T1_DSV/IMG_2888.JPG,1.0,0.26618194580078125,0.8647581934928894,0.5985762476921082,0.1352418065071106,0.7338180541992188,rank,44,single_rater_weak
2025_09_15_Re4StRes_T1_DSV/IMG_2889.JPG,plot_c6c3a3cc275334f1f08b,dsv_asendorf_t1_bbch11,/home/nfs/data/nvme_datasets/Pictures_CFSB_leaf_damage/2025_09_15_Re4StRes_T1_DSV/IMG_2889.JPG,1.0,0.09987545013427734,0.06652380526065826,-0.03335164487361908,0.9334762096405029,0.9001245498657227,rank,44,single_rater_weak
2025_09_15_Re4StRes_T1_DSV/IMG_2890.JPG,plot_c6c3a3cc275334f1f08b,dsv_asendorf_t1_bbch11,/home/nfs/data/nvme_datasets/Pictures_CFSB_leaf_damage/2025_09_15_Re4StRes_T1_DSV/IMG_2890.JPG,2.0,0.5963473320007324,0.9543992280960083,0.35805192589759827,1.0456007719039917,1.4036526679992676,rank,44,single_rater_weak
2025_09_15_Re4StRes_T1_DSV/IMG_2891.JPG,plot_c6c3a3cc275334f1f08b,dsv_asendorf_t1_bbch11,/home/nfs/data/nvme_datasets/Pictures_CFSB_leaf_damage/2025_09_15_Re4StRes_T1_DSV/IMG_2891.JPG,2.0,0.2980642318725586,0.03212514519691467,-0.2659390866756439,1.9678748846054077,1.7019357681274414,rank,44,single_rater_weak
2025_09_15_Re4StRes_T1_DSV/IMG_2892.JPG,plot_173aba14c5464b12bb95,dsv_asendorf_t1_bbch11,/home/nfs/data/nvme_datasets/Pictures_CFSB_leaf_damage/2025_09_15_Re4StRes_T1_DSV/IMG_2892.JPG,2.0,2.1068196296691895,2.0097696781158447,-0.09705006331205368,0.009769678115844727,0.10681962966918945,rank,44,single_rater_weak
2025_09_15_Re4StRes_T1_DSV/IMG_2893.JPG,plot_173aba14c5464b12bb95,dsv_asendorf_t1_bbch11,/home/nfs/data/nvme_datasets/Pictures_CFSB_leaf_damage/2025_09_15_Re4StRes_T1_DSV/IMG_2893.JPG,1.0,0.6350064277648926,-0.16506314277648926,-0.8000695705413818,1.1650631427764893,0.3649935722351074,rank,44,single_rater_weak
2025_09_15_Re4StRes_T1_DSV/IMG_2894.JPG,plot_173aba14c5464b12bb95,dsv_asendorf_t1_bbch11,/home/nfs/data/nvme_datasets/Pictures_CFSB_leaf_damage/2025_09_15_Re4StRes_T1_DSV/IMG_2894.JPG,5.0,2.300139904022217,2.3860485553741455,0.08590873330831528,2.6139514446258545,2.699860095977783,rank,44,single_rater_weak
2025_09_15_Re4StRes_T1_DSV/IMG_2895.JPG,plot_5b92a0664e4fb6d58534,dsv_asendorf_t1_bbch11,/home/nfs/data/nvme_datasets/Pictures_CFSB_leaf_damage/2025_09_15_Re4StRes_T1_DSV/IMG_2895.JPG,25.0,3.730823040008545,3.5822949409484863,-0.1485281139612198,21.417705535888672,21.269176483154297,rank,44,single_rater_weak
2025_09_15_Re4StRes_T1_DSV/IMG_2896.JPG,plot_5b92a0664e4fb6d58534,dsv_asendorf_t1_bbch11,/home/nfs/data/nvme_datasets/Pictures_CFSB_leaf_damage/2025_09_15_Re4StRes_T1_DSV/IMG_2896.JPG,18.0,4.096707344055176,4.496375560760498,0.39966821670532227,13.503623962402344,13.903292655944824,rank,44,single_rater_weak
2025_09_15_Re4StRes_T1_DSV/IMG_2897.JPG,plot_5b92a0664e4fb6d58534,dsv_asendorf_t1_bbch11,/home/nfs/data/nvme_datasets/Pictures_CFSB_leaf_damage/2025_09_15_Re4StRes_T1_DSV/IMG_2897.JPG,10.0,1.0621953010559082,0.6968417763710022,-0.365353524684906,9.303157806396484,8.93780517578125,rank,44,single_rater_weak
2025_09_15_Re4StRes_T1_DSV/IMG_2898.JPG,plot_d667cdaecff8d0c52a9e,dsv_asendorf_t1_bbch11,/home/nfs/data/nvme_datasets/Pictures_CFSB_leaf_damage/2025_09_15_Re4StRes_T1_DSV/IMG_2898.JPG,10.0,2.7373881340026855,2.1349010467529297,-0.6024872064590454,7.86509895324707,7.2626118659973145,rank,44,single_rater_weak
2025_09_15_Re4StRes_T1_DSV/IMG_2900.JPG,plot_d667cdaecff8d0c52a9e,dsv_asendorf_t1_bbch11,/home/nfs/data/nvme_datasets/Pictures_CFSB_leaf_damage/2025_09_15_Re4StRes_T1_DSV/IMG_2900.JPG,15.0,2.5893335342407227,2.996518850326538,0.40718528628349304,12.003480911254883,12.410666465759277,rank,44,single_rater_weak
2025_09_15_Re4StRes_T1_DSV/IMG_2901.JPG,plot_d667cdaecff8d0c52a9e,dsv_asendorf_t1_bbch11,/home/nfs/data/nvme_datasets/Pictures_CFSB_leaf_damage/2025_09_15_Re4StRes_T1_DSV/IMG_2901.JPG,7.0,3.5019848346710205,3.4099223613739014,-0.09206243604421616,3.5900776386260986,3.4980151653289795,rank,44,single_rater_weak
2025_09_15_Re4StRes_T1_DSV/IMG_2902.JPG,plot_94ea7c58860f7d8c77c9,dsv_asendorf_t1_bbch11,/home/nfs/data/nvme_datasets/Pictures_CFSB_leaf_damage/2025_09_15_Re4StRes_T1_DSV/IMG_2902.JPG,23.0,7.425163269042969,7.863746166229248,0.4385828375816345,15.136253356933594,15.574836730957031,rank,44,single_rater_weak
2025_09_15_Re4StRes_T1_DSV/IMG_2903.JPG,plot_94ea7c58860f7d8c77c9,dsv_asendorf_t1_bbch11,/home/nfs/data/nvme_datasets/Pictures_CFSB_leaf_damage/2025_09_15_Re4StRes_T1_DSV/IMG_2903.JPG,15.0,7.292356491088867,7.258968830108643,-0.033387862145900726,7.741031169891357,7.707643508911133,rank,44,single_rater_weak
2025_09_15_Re4StRes_T1_DSV/IMG_2904.JPG,plot_94ea7c58860f7d8c77c9,dsv_asendorf_t1_bbch11,/home/nfs/data/nvme_datasets/Pictures_CFSB_leaf_damage/2025_09_15_Re4StRes_T1_DSV/IMG_2904.JPG,3.0,1.687222957611084,1.4746599197387695,-0.21256299316883087,1.5253400802612305,1.312777042388916,rank,44,single_rater_weak
2025_09_15_Re4StRes_T1_DSV/IMG_2905.JPG,plot_dbc6c631115af6239c6c,dsv_asendorf_t1_bbch11,/home/nfs/data/nvme_datasets/Pictures_CFSB_leaf_damage/2025_09_15_Re4StRes_T1_DSV/IMG_2905.JPG,3.0,0.8328380584716797,1.0867379903793335,0.2538999319076538,1.9132620096206665,2.1671619415283203,rank,44,single_rater_weak
2025_09_15_Re4StRes_T1_DSV/IMG_2906.JPG,plot_dbc6c631115af6239c6c,dsv_asendorf_t1_bbch11,/home/nfs/data/nvme_datasets/Pictures_CFSB_leaf_damage/2025_09_15_Re4StRes_T1_DSV/IMG_2906.JPG,2.0,2.3833727836608887,2.7426984310150146,0.35932567715644836,0.7426984310150146,0.38337278366088867,rank,44,single_rater_weak
2025_09_15_Re4StRes_T1_DSV/IMG_2907.JPG,plot_dbc6c631115af6239c6c,dsv_asendorf_t1_bbch11,/home/nfs/data/nvme_datasets/Pictures_CFSB_leaf_damage/2025_09_15_Re4StRes_T1_DSV/IMG_2907.JPG,8.0,0.6087455749511719,0.2927760183811188,-0.3159695565700531,7.707223892211914,7.391254425048828,rank,44,single_rater_weak
2025_09_15_Re4StRes_T1_DSV/IMG_2908.JPG,plot_94a13f7206c6a3c73cd6,dsv_asendorf_t1_bbch11,/home/nfs/data/nvme_datasets/Pictures_CFSB_leaf_damage/2025_09_15_Re4StRes_T1_DSV/IMG_2908.JPG,2.0,0.5547738075256348,0.5546087622642517,-0.0001650303602218628,1.4453911781311035,1.4452261924743652,rank,44,single_rater_weak
2025_09_15_Re4StRes_T1_DSV/IMG_2909.JPG,plot_94a13f7206c6a3c73cd6,dsv_asendorf_t1_bbch11,/home/nfs/data/nvme_datasets/Pictures_CFSB_leaf_damage/2025_09_15_Re4StRes_T1_DSV/IMG_2909.JPG,14.0,2.342489242553711,2.817471504211426,0.4749823808670044,11.182528495788574,11.657510757446289,rank,44,single_rater_weak
2025_09_15_Re4StRes_T1_DSV/IMG_2911.JPG,plot_94a13f7206c6a3c73cd6,dsv_asendorf_t1_bbch11,/home/nfs/data/nvme_datasets/Pictures_CFSB_leaf_damage/2025_09_15_Re4StRes_T1_DSV/IMG_2911.JPG,11.0,2.315518379211426,2.3506827354431152,0.03516435995697975,8.649316787719727,8.684481620788574,rank,44,single_rater_weak
2025_09_15_Re4StRes_T1_DSV/IMG_2912.JPG,plot_401959473a7fdf98fa1b,dsv_asendorf_t1_bbch11,/home/nfs/data/nvme_datasets/Pictures_CFSB_leaf_damage/2025_09_15_Re4StRes_T1_DSV/IMG_2912.JPG,5.0,3.753545045852661,3.5401437282562256,-0.21340139210224152,1.4598562717437744,1.2464549541473389,rank,44,single_rater_weak
2025_09_15_Re4StRes_T1_DSV/IMG_2913.JPG,plot_401959473a7fdf98fa1b,dsv_asendorf_t1_bbch11,/home/nfs/data/nvme_datasets/Pictures_CFSB_leaf_damage/2025_09_15_Re4StRes_T1_DSV/IMG_2913.JPG,11.0,3.036937713623047,2.570209503173828,-0.46672821044921875,8.429790496826172,7.963062286376953,rank,44,single_rater_weak
2025_09_15_Re4StRes_T1_DSV/IMG_2914.JPG,plot_401959473a7fdf98fa1b,dsv_asendorf_t1_bbch11,/home/nfs/data/nvme_datasets/Pictures_CFSB_leaf_damage/2025_09_15_Re4StRes_T1_DSV/IMG_2914.JPG,6.0,2.2323665618896484,2.3263885974884033,0.0940220057964325,3.6736114025115967,3.7676334381103516,rank,44,single_rater_weak
2025_09_15_Re4StRes_T1_DSV/IMG_2915.JPG,plot_acea1f718990cc6d06f9,dsv_asendorf_t1_bbch11,/home/nfs/data/nvme_datasets/Pictures_CFSB_leaf_damage/2025_09_15_Re4StRes_T1_DSV/IMG_2915.JPG,18.0,2.989988327026367,2.4382669925689697,-0.5517212748527527,15.56173324584961,15.010011672973633,rank,44,single_rater_weak
2025_09_15_Re4StRes_T1_DSV/IMG_2916.JPG,plot_acea1f718990cc6d06f9,dsv_asendorf_t1_bbch11,/home/nfs/data/nvme_datasets/Pictures_CFSB_leaf_damage/2025_09_15_Re4StRes_T1_DSV/IMG_2916.JPG,18.0,2.3386192321777344,2.0783305168151855,-0.2602885961532593,15.921669006347656,15.661380767822266,rank,44,single_rater_weak
2025_09_15_Re4StRes_T1_DSV/IMG_2917.JPG,plot_acea1f718990cc6d06f9,dsv_asendorf_t1_bbch11,/home/nfs/data/nvme_datasets/Pictures_CFSB_leaf_damage/2025_09_15_Re4StRes_T1_DSV/IMG_2917.JPG,3.0,0.5673747062683105,0.39216235280036926,-0.17521235346794128,2.607837677001953,2.4326252937316895,rank,44,single_rater_weak
2025_09_15_Re4StRes_T1_DSV/IMG_2918.JPG,plot_2a793365ce625b6d0933,dsv_asendorf_t1_bbch11,/home/nfs/data/nvme_datasets/Pictures_CFSB_leaf_damage/2025_09_15_Re4StRes_T1_DSV/IMG_2918.JPG,6.0,2.0866189002990723,2.225327968597412,0.13870900869369507,3.774672031402588,3.9133810997009277,rank,44,single_rater_weak
2025_09_15_Re4StRes_T1_DSV/IMG_2919.JPG,plot_2a793365ce625b6d0933,dsv_asendorf_t1_bbch11,/home/nfs/data/nvme_datasets/Pictures_CFSB_leaf_damage/2025_09_15_Re4StRes_T1_DSV/IMG_2919.JPG,2.0,1.5406699180603027,0.9989913702011108,-0.5416785478591919,1.0010086297988892,0.45933008193969727,rank,44,single_rater_weak
2025_09_15_Re4StRes_T1_DSV/IMG_2920.JPG,plot_2a793365ce625b6d0933,dsv_asendorf_t1_bbch11,/home/nfs/data/nvme_datasets/Pictures_CFSB_leaf_damage/2025_09_15_Re4StRes_T1_DSV/IMG_2920.JPG,2.0,1.4532928466796875,1.8762694597244263,0.42297664284706116,0.12373054027557373,0.5467071533203125,rank,44,single_rater_weak
2025_09_15_Re4StRes_T1_DSV/IMG_2922.JPG,plot_728875283c2174c74a38,dsv_asendorf_t1_bbch11,/home/nfs/data/nvme_datasets/Pictures_CFSB_leaf_damage/2025_09_15_Re4StRes_T1_DSV/IMG_2922.JPG,14.0,2.858076572418213,2.7037131786346436,-0.1543634682893753,11.296286582946777,11.141923904418945,rank,44,single_rater_weak
2025_09_15_Re4StRes_T1_DSV/IMG_2923.JPG,plot_728875283c2174c74a38,dsv_asendorf_t1_bbch11,/home/nfs/data/nvme_datasets/Pictures_CFSB_leaf_damage/2025_09_15_Re4StRes_T1_DSV/IMG_2923.JPG,2.0,1.2124881744384766,0.7705522775650024,-0.4419359266757965,1.2294477224349976,0.7875118255615234,rank,44,single_rater_weak
2025_09_15_Re4StRes_T1_DSV/IMG_2924.JPG,plot_728875283c2174c74a38,dsv_asendorf_t1_bbch11,/home/nfs/data/nvme_datasets/Pictures_CFSB_leaf_damage/2025_09_15_Re4StRes_T1_DSV/IMG_2924.JPG,4.0,0.17945575714111328,0.11428512632846832,-0.06517063081264496,3.8857147693634033,3.8205442428588867,rank,44,single_rater_weak
2025_09_15_Re4StRes_T1_DSV/IMG_2925.JPG,plot_08c76eef14bf2854a036,dsv_asendorf_t1_bbch11,/home/nfs/data/nvme_datasets/Pictures_CFSB_leaf_damage/2025_09_15_Re4StRes_T1_DSV/IMG_2925.JPG,2.0,0.47456979751586914,-0.04990440607070923,-0.5244742035865784,2.0499043464660645,1.5254302024841309,rank,44,single_rater_weak
2025_09_15_Re4StRes_T1_DSV/IMG_2926.JPG,plot_08c76eef14bf2854a036,dsv_asendorf_t1_bbch11,/home/nfs/data/nvme_datasets/Pictures_CFSB_leaf_damage/2025_09_15_Re4StRes_T1_DSV/IMG_2926.JPG,1.0,1.9333109855651855,2.146960496902466,0.21364940702915192,1.1469604969024658,0.9333109855651855,rank,44,single_rater_weak
2025_09_15_Re4StRes_T1_DSV/IMG_2927.JPG,plot_08c76eef14bf2854a036,dsv_asendorf_t1_bbch11,/home/nfs/data/nvme_datasets/Pictures_CFSB_leaf_damage/2025_09_15_Re4StRes_T1_DSV/IMG_2927.JPG,16.0,0.9964523315429688,1.4312255382537842,0.4347732365131378,14.568774223327637,15.003547668457031,rank,44,single_rater_weak
2025_09_15_Re4StRes_T1_DSV/IMG_2928.JPG,plot_3a39c4e211148b28458d,dsv_asendorf_t1_bbch11,/home/nfs/data/nvme_datasets/Pictures_CFSB_leaf_damage/2025_09_15_Re4StRes_T1_DSV/IMG_2928.JPG,10.0,0.0067272186279296875,-0.6201449632644653,-0.626872181892395,10.620144844055176,9.99327278137207,rank,44,single_rater_weak
2025_09_15_Re4StRes_T1_DSV/IMG_2929.JPG,plot_3a39c4e211148b28458d,dsv_asendorf_t1_bbch11,/home/nfs/data/nvme_datasets/Pictures_CFSB_leaf_damage/2025_09_15_Re4StRes_T1_DSV/IMG_2929.JPG,19.0,2.0884804725646973,2.024900436401367,-0.06358002126216888,16.975099563598633,16.91152000427246,rank,44,single_rater_weak
2025_09_15_Re4StRes_T1_DSV/IMG_2930.JPG,plot_3a39c4e211148b28458d,dsv_asendorf_t1_bbch11,/home/nfs/data/nvme_datasets/Pictures_CFSB_leaf_damage/2025_09_15_Re4StRes_T1_DSV/IMG_2930.JPG,1.0,1.1021194458007812,0.8495637774467468,-0.2525556683540344,0.15043622255325317,0.10211944580078125,rank,44,single_rater_weak
2025_09_15_Re4StRes_T1_DSV/IMG_2931.JPG,plot_49ce69d3cc874d1b62c8,dsv_asendorf_t1_bbch11,/home/nfs/data/nvme_datasets/Pictures_CFSB_leaf_damage/2025_09_15_Re4StRes_T1_DSV/IMG_2931.JPG,12.0,2.6687417030334473,2.5449154376983643,-0.12382618337869644,9.455084800720215,9.331258773803711,rank,44,single_rater_weak
2025_09_15_Re4StRes_T1_DSV/IMG_2932.JPG,plot_49ce69d3cc874d1b62c8,dsv_asendorf_t1_bbch11,/home/nfs/data/nvme_datasets/Pictures_CFSB_leaf_damage/2025_09_15_Re4StRes_T1_DSV/IMG_2932.JPG,22.0,3.2607216835021973,3.6081221103668213,0.34740036725997925,18.391878128051758,18.73927879333496,rank,44,single_rater_weak
2025_09_15_Re4StRes_T1_DSV/IMG_2933.JPG,plot_49ce69d3cc874d1b62c8,dsv_asendorf_t1_bbch11,/home/nfs/data/nvme_datasets/Pictures_CFSB_leaf_damage/2025_09_15_Re4StRes_T1_DSV/IMG_2933.JPG,2.0,4.935155391693115,5.121971130371094,0.18681584298610687,3.1219711303710938,2.9351553916931152,rank,44,single_rater_weak
2025_09_15_Re4StRes_T1_DSV/IMG_2934.JPG,plot_f672e06e78f4310a2300,dsv_asendorf_t1_bbch11,/home/nfs/data/nvme_datasets/Pictures_CFSB_leaf_damage/2025_09_15_Re4StRes_T1_DSV/IMG_2934.JPG,2.0,0.4916090965270996,0.29290515184402466,-0.19870394468307495,1.7070949077606201,1.5083909034729004,rank,44,single_rater_weak
2025_09_15_Re4StRes_T1_DSV/IMG_2935.JPG,plot_f672e06e78f4310a2300,dsv_asendorf_t1_bbch11,/home/nfs/data/nvme_datasets/Pictures_CFSB_leaf_damage/2025_09_15_Re4StRes_T1_DSV/IMG_2935.JPG,4.0,3.4211411476135254,3.585728883743286,0.16458763182163239,0.41427111625671387,0.5788588523864746,rank,44,single_rater_weak
2025_09_15_Re4StRes_T1_DSV/IMG_2936.JPG,plot_f672e06e78f4310a2300,dsv_asendorf_t1_bbch11,/home/nfs/data/nvme_datasets/Pictures_CFSB_leaf_damage/2025_09_15_Re4StRes_T1_DSV/IMG_2936.JPG,9.0,1.116525650024414,1.272329568862915,0.15580394864082336,7.727670669555664,7.883474349975586,rank,44,single_rater_weak
2025_09_15_Re4StRes_T1_DSV/IMG_2937.JPG,plot_3b699ca9c300cc1cce74,dsv_asendorf_t1_bbch11,/home/nfs/data/nvme_datasets/Pictures_CFSB_leaf_damage/2025_09_15_Re4StRes_T1_DSV/IMG_2937.JPG,11.0,1.9621729850769043,2.3294553756713867,0.36728227138519287,8.670544624328613,9.037826538085938,rank,44,single_rater_weak
2025_09_15_Re4StRes_T1_DSV/IMG_2938.JPG,plot_3b699ca9c300cc1cce74,dsv_asendorf_t1_bbch11,/home/nfs/data/nvme_datasets/Pictures_CFSB_leaf_damage/2025_09_15_Re4StRes_T1_DSV/IMG_2938.JPG,23.0,2.7952518463134766,3.4291024208068848,0.633850634098053,19.570898056030273,20.204748153686523,rank,44,single_rater_weak
2025_09_15_Re4StRes_T1_DSV/IMG_2939.JPG,plot_3b699ca9c300cc1cce74,dsv_asendorf_t1_bbch11,/home/nfs/data/nvme_datasets/Pictures_CFSB_leaf_damage/2025_09_15_Re4StRes_T1_DSV/IMG_2939.JPG,4.0,1.8251609802246094,1.2740182876586914,-0.551142692565918,2.7259817123413086,2.1748390197753906,rank,44,single_rater_weak
2025_09_15_Re4StRes_T1_DSV/IMG_2940.JPG,plot_e329dfdd5eef80a5d030,dsv_asendorf_t1_bbch11,/home/nfs/data/nvme_datasets/Pictures_CFSB_leaf_damage/2025_09_15_Re4StRes_T1_DSV/IMG_2940.JPG,1.0,0.8815112113952637,1.2093315124511719,0.3278202414512634,0.20933151245117188,0.11848878860473633,rank,44,single_rater_weak
2025_09_15_Re4StRes_T1_DSV/IMG_2941.JPG,plot_e329dfdd5eef80a5d030,dsv_asendorf_t1_bbch11,/home/nfs/data/nvme_datasets/Pictures_CFSB_leaf_damage/2025_09_15_Re4StRes_T1_DSV/IMG_2941.JPG,4.0,3.947845935821533,4.138413906097412,0.19056811928749084,0.1384139060974121,0.0521540641784668,rank,44,single_rater_weak
2025_09_15_Re4StRes_T1_DSV/IMG_2942.JPG,plot_e329dfdd5eef80a5d030,dsv_asendorf_t1_bbch11,/home/nfs/data/nvme_datasets/Pictures_CFSB_leaf_damage/2025_09_15_Re4StRes_T1_DSV/IMG_2942.JPG,16.0,1.1769089698791504,1.5501292943954468,0.3732203245162964,14.449871063232422,14.823091506958008,rank,44,single_rater_weak
2025_09_15_Re4StRes_T1_DSV/IMG_2943.JPG,plot_18a2195a85762dad8df2,dsv_asendorf_t1_bbch11,/home/nfs/data/nvme_datasets/Pictures_CFSB_leaf_damage/2025_09_15_Re4StRes_T1_DSV/IMG_2943.JPG,4.0,1.099764347076416,1.4955625534057617,0.3957981467247009,2.5044374465942383,2.900235652923584,rank,44,single_rater_weak
2025_09_15_Re4StRes_T1_DSV/IMG_2944.JPG,plot_18a2195a85762dad8df2,dsv_asendorf_t1_bbch11,/home/nfs/data/nvme_datasets/Pictures_CFSB_leaf_damage/2025_09_15_Re4StRes_T1_DSV/IMG_2944.JPG,18.0,1.061145305633545,1.2059344053268433,0.14478908479213715,16.794065475463867,16.938854217529297,rank,44,single_rater_weak
2025_09_15_Re4StRes_T1_DSV/IMG_2945.JPG,plot_18a2195a85762dad8df2,dsv_asendorf_t1_bbch11,/home/nfs/data/nvme_datasets/Pictures_CFSB_leaf_damage/2025_09_15_Re4StRes_T1_DSV/IMG_2945.JPG,20.0,1.2880244255065918,1.7310682535171509,0.44304385781288147,18.268932342529297,18.71197509765625,rank,44,single_rater_weak
2025_09_15_Re4StRes_T1_DSV/IMG_2946.JPG,plot_63b18ea658eedaada1c0,dsv_asendorf_t1_bbch11,/home/nfs/data/nvme_datasets/Pictures_CFSB_leaf_damage/2025_09_15_Re4StRes_T1_DSV/IMG_2946.JPG,2.0,0.6641602516174316,1.1287074089050293,0.46454721689224243,0.8712925910949707,1.3358397483825684,rank,44,single_rater_weak
2025_09_15_Re4StRes_T1_DSV/IMG_2947.JPG,plot_63b18ea658eedaada1c0,dsv_asendorf_t1_bbch11,/home/nfs/data/nvme_datasets/Pictures_CFSB_leaf_damage/2025_09_15_Re4StRes_T1_DSV/IMG_2947.JPG,35.0,5.169910907745361,5.486607074737549,0.3166961371898651,29.51339340209961,29.830089569091797,rank,44,single_rater_weak
2025_09_15_Re4StRes_T1_DSV/IMG_2948.JPG,plot_63b18ea658eedaada1c0,dsv_asendorf_t1_bbch11,/home/nfs/data/nvme_datasets/Pictures_CFSB_leaf_damage/2025_09_15_Re4StRes_T1_DSV/IMG_2948.JPG,23.0,1.0963821411132812,1.3766040802001953,0.28022196888923645,21.623395919799805,21.90361785888672,rank,44,single_rater_weak
2025_09_15_Re4StRes_T1_DSV/IMG_2949.JPG,plot_724abc754b17665c24b5,dsv_asendorf_t1_bbch11,/home/nfs/data/nvme_datasets/Pictures_CFSB_leaf_damage/2025_09_15_Re4StRes_T1_DSV/IMG_2949.JPG,7.0,1.0961413383483887,1.0992578268051147,0.003116489155218005,5.900742053985596,5.903858661651611,rank,44,single_rater_weak
2025_09_15_Re4StRes_T1_DSV/IMG_2950.JPG,plot_724abc754b17665c24b5,dsv_asendorf_t1_bbch11,/home/nfs/data/nvme_datasets/Pictures_CFSB_leaf_damage/2025_09_15_Re4StRes_T1_DSV/IMG_2950.JPG,9.0,2.0386290550231934,1.8899307250976562,-0.14869831502437592,7.110069274902344,6.961370944976807,rank,44,single_rater_weak
2025_09_15_Re4StRes_T1_DSV/IMG_2951.JPG,plot_724abc754b17665c24b5,dsv_asendorf_t1_bbch11,/home/nfs/data/nvme_datasets/Pictures_CFSB_leaf_damage/2025_09_15_Re4StRes_T1_DSV/IMG_2951.JPG,4.0,1.267348289489746,1.6246756315231323,0.35732734203338623,2.375324249267578,2.732651710510254,rank,44,single_rater_weak
2025_09_15_Re4StRes_T1_DSV/IMG_2952.JPG,plot_adc4faadd2469476e975,dsv_asendorf_t1_bbch11,/home/nfs/data/nvme_datasets/Pictures_CFSB_leaf_damage/2025_09_15_Re4StRes_T1_DSV/IMG_2952.JPG,7.0,7.432642459869385,7.207704067230225,-0.224938303232193,0.2077040672302246,0.43264245986938477,rank,44,single_rater_weak
2025_09_15_Re4StRes_T1_DSV/IMG_2953.JPG,plot_adc4faadd2469476e975,dsv_asendorf_t1_bbch11,/home/nfs/data/nvme_datasets/Pictures_CFSB_leaf_damage/2025_09_15_Re4StRes_T1_DSV/IMG_2953.JPG,14.0,4.099679946899414,3.9269726276397705,-0.17270728945732117,10.073027610778809,9.900320053100586,rank,44,single_rater_weak
2025_09_15_Re4StRes_T1_DSV/IMG_2954.JPG,plot_adc4faadd2469476e975,dsv_asendorf_t1_bbch11,/home/nfs/data/nvme_datasets/Pictures_CFSB_leaf_damage/2025_09_15_Re4StRes_T1_DSV/IMG_2954.JPG,8.0,1.5942745208740234,1.4959003925323486,-0.09837418049573898,6.5040998458862305,6.405725479125977,rank,44,single_rater_weak
2025_09_15_Re4StRes_T1_DSV/IMG_2955.JPG,plot_ea983699b2703524116f,dsv_asendorf_t1_bbch11,/home/nfs/data/nvme_datasets/Pictures_CFSB_leaf_damage/2025_09_15_Re4StRes_T1_DSV/IMG_2955.JPG,2.0,1.3135795593261719,1.3062456846237183,-0.00733385281637311,0.6937543153762817,0.6864204406738281,rank,44,single_rater_weak
2025_09_15_Re4StRes_T1_DSV/IMG_2956.JPG,plot_ea983699b2703524116f,dsv_asendorf_t1_bbch11,/home/nfs/data/nvme_datasets/Pictures_CFSB_leaf_damage/2025_09_15_Re4StRes_T1_DSV/IMG_2956.JPG,13.0,3.9204211235046387,4.009801387786865,0.08938010782003403,8.990198135375977,9.079578399658203,rank,44,single_rater_weak
2025_09_15_Re4StRes_T1_DSV/IMG_2957.JPG,plot_ea983699b2703524116f,dsv_asendorf_t1_bbch11,/home/nfs/data/nvme_datasets/Pictures_CFSB_leaf_damage/2025_09_15_Re4StRes_T1_DSV/IMG_2957.JPG,6.0,0.9767541885375977,0.8817138671875,-0.09504034370183945,5.1182861328125,5.023245811462402,rank,44,single_rater_weak
2025_09_15_Re4StRes_T1_DSV/IMG_2958.JPG,plot_08de49746d4125eddd77,dsv_asendorf_t1_bbch11,/home/nfs/data/nvme_datasets/Pictures_CFSB_leaf_damage/2025_09_15_Re4StRes_T1_DSV/IMG_2958.JPG,11.0,2.0839381217956543,2.645167350769043,0.5612292885780334,8.354832649230957,8.916061401367188,rank,44,single_rater_weak
2025_09_15_Re4StRes_T1_DSV/IMG_2959.JPG,plot_08de49746d4125eddd77,dsv_asendorf_t1_bbch11,/home/nfs/data/nvme_datasets/Pictures_CFSB_leaf_damage/2025_09_15_Re4StRes_T1_DSV/IMG_2959.JPG,16.0,6.219453811645508,6.801722526550293,0.5822685956954956,9.198277473449707,9.780546188354492,rank,44,single_rater_weak
2025_09_15_Re4StRes_T1_DSV/IMG_2960.JPG,plot_08de49746d4125eddd77,dsv_asendorf_t1_bbch11,/home/nfs/data/nvme_datasets/Pictures_CFSB_leaf_damage/2025_09_15_Re4StRes_T1_DSV/IMG_2960.JPG,8.0,2.554636001586914,2.4769186973571777,-0.07771718502044678,5.523081302642822,5.445363998413086,rank,44,single_rater_weak
2025_09_15_Re4StRes_T1_DSV/IMG_2961.JPG,plot_2751d4a40273ff4d4fe0,dsv_asendorf_t1_bbch11,/home/nfs/data/nvme_datasets/Pictures_CFSB_leaf_damage/2025_09_15_Re4StRes_T1_DSV/IMG_2961.JPG,6.0,3.5120272636413574,3.5990285873413086,0.08700142800807953,2.4009714126586914,2.4879727363586426,rank,44,single_rater_weak
2025_09_15_Re4StRes_T1_DSV/IMG_2962.JPG,plot_2751d4a40273ff4d4fe0,dsv_asendorf_t1_bbch11,/home/nfs/data/nvme_datasets/Pictures_CFSB_leaf_damage/2025_09_15_Re4StRes_T1_DSV/IMG_2962.JPG,3.0,3.242724895477295,3.059816598892212,-0.18290825188159943,0.059816598892211914,0.24272489547729492,rank,44,single_rater_weak
2025_09_15_Re4StRes_T1_DSV/IMG_2963.JPG,plot_2751d4a40273ff4d4fe0,dsv_asendorf_t1_bbch11,/home/nfs/data/nvme_datasets/Pictures_CFSB_leaf_damage/2025_09_15_Re4StRes_T1_DSV/IMG_2963.JPG,7.0,2.16727876663208,1.9039556980133057,-0.2633230686187744,5.096044540405273,4.83272123336792,rank,44,single_rater_weak
2025_09_15_Re4StRes_T1_DSV/IMG_2964.JPG,plot_0de0877cf374ef8b5b55,dsv_asendorf_t1_bbch11,/home/nfs/data/nvme_datasets/Pictures_CFSB_leaf_damage/2025_09_15_Re4StRes_T1_DSV/IMG_2964.JPG,18.0,3.01253604888916,3.2439959049224854,0.2314598262310028,14.756004333496094,14.98746395111084,rank,44,single_rater_weak
2025_09_15_Re4StRes_T1_DSV/IMG_2965.JPG,plot_0de0877cf374ef8b5b55,dsv_asendorf_t1_bbch11,/home/nfs/data/nvme_datasets/Pictures_CFSB_leaf_damage/2025_09_15_Re4StRes_T1_DSV/IMG_2965.JPG,16.0,1.9836454391479492,1.4399465322494507,-0.5436989068984985,14.560053825378418,14.01635456085205,rank,44,single_rater_weak
2025_09_15_Re4StRes_T1_DSV/IMG_2966.JPG,plot_0de0877cf374ef8b5b55,dsv_asendorf_t1_bbch11,/home/nfs/data/nvme_datasets/Pictures_CFSB_leaf_damage/2025_09_15_Re4StRes_T1_DSV/IMG_2966.JPG,2.0,1.0396599769592285,0.1854633092880249,-0.8541966676712036,1.814536690711975,0.9603400230407715,rank,44,single_rater_weak
2025_09_15_Re4StRes_T1_DSV/IMG_2967.JPG,plot_a66b30f609330a40334a,dsv_asendorf_t1_bbch11,/home/nfs/data/nvme_datasets/Pictures_CFSB_leaf_damage/2025_09_15_Re4StRes_T1_DSV/IMG_2967.JPG,3.0,-0.3145637512207031,-0.35660403966903687,-0.04204028099775314,3.3566040992736816,3.314563751220703,rank,44,single_rater_weak
2025_09_15_Re4StRes_T1_DSV/IMG_2968.JPG,plot_a66b30f609330a40334a,dsv_asendorf_t1_bbch11,/home/nfs/data/nvme_datasets/Pictures_CFSB_leaf_damage/2025_09_15_Re4StRes_T1_DSV/IMG_2968.JPG,12.0,2.9917731285095215,2.7032644748687744,-0.28850865364074707,9.296735763549805,9.00822639465332,rank,44,single_rater_weak
2025_09_15_Re4StRes_T1_DSV/IMG_2969.JPG,plot_a66b30f609330a40334a,dsv_asendorf_t1_bbch11,/home/nfs/data/nvme_datasets/Pictures_CFSB_leaf_damage/2025_09_15_Re4StRes_T1_DSV/IMG_2969.JPG,2.0,1.5164680480957031,0.8732476234436035,-0.6432204246520996,1.1267523765563965,0.4835319519042969,rank,44,single_rater_weak
2025_09_15_Re4StRes_T1_DSV/IMG_2970.JPG,plot_c1f0c6e2f35f65ae31ef,dsv_asendorf_t1_bbch11,/home/nfs/data/nvme_datasets/Pictures_CFSB_leaf_damage/2025_09_15_Re4StRes_T1_DSV/IMG_2970.JPG,2.0,1.1921305656433105,1.0344456434249878,-0.15768496692180634,0.9655543565750122,0.8078694343566895,rank,44,single_rater_weak
2025_09_15_Re4StRes_T1_DSV/IMG_2971.JPG,plot_c1f0c6e2f35f65ae31ef,dsv_asendorf_t1_bbch11,/home/nfs/data/nvme_datasets/Pictures_CFSB_leaf_damage/2025_09_15_Re4StRes_T1_DSV/IMG_2971.JPG,1.0,-0.2030940055847168,-0.5811412334442139,-0.3780471980571747,1.5811412334442139,1.2030940055847168,rank,44,single_rater_weak
2025_09_15_Re4StRes_T1_DSV/IMG_2972.JPG,plot_c1f0c6e2f35f65ae31ef,dsv_asendorf_t1_bbch11,/home/nfs/data/nvme_datasets/Pictures_CFSB_leaf_damage/2025_09_15_Re4StRes_T1_DSV/IMG_2972.JPG,32.0,3.3095202445983887,3.574542999267578,0.26502275466918945,28.425457000732422,28.690479278564453,rank,44,single_rater_weak
2025_09_15_Re4StRes_T1_DSV/IMG_2973.JPG,plot_80e741bf3b567627e2ee,dsv_asendorf_t1_bbch11,/home/nfs/data/nvme_datasets/Pictures_CFSB_leaf_damage/2025_09_15_Re4StRes_T1_DSV/IMG_2973.JPG,10.0,0.7615575790405273,0.5169904232025146,-0.2445671707391739,9.483009338378906,9.238442420959473,rank,44,single_rater_weak
2025_09_15_Re4StRes_T1_DSV/IMG_2974.JPG,plot_80e741bf3b567627e2ee,dsv_asendorf_t1_bbch11,/home/nfs/data/nvme_datasets/Pictures_CFSB_leaf_damage/2025_09_15_Re4StRes_T1_DSV/IMG_2974.JPG,2.0,0.8760685920715332,0.011020183563232422,-0.8650484085083008,1.9889798164367676,1.1239314079284668,rank,44,single_rater_weak
2025_09_15_Re4StRes_T1_DSV/IMG_2975.JPG,plot_80e741bf3b567627e2ee,dsv_asendorf_t1_bbch11,/home/nfs/data/nvme_datasets/Pictures_CFSB_leaf_damage/2025_09_15_Re4StRes_T1_DSV/IMG_2975.JPG,3.0,2.2534313201904297,2.503695249557495,0.2502640187740326,0.4963047504425049,0.7465686798095703,rank,44,single_rater_weak
2025_09_15_Re4StRes_T1_DSV/IMG_2976.JPG,plot_1278629ae0c47e163452,dsv_asendorf_t1_bbch11,/home/nfs/data/nvme_datasets/Pictures_CFSB_leaf_damage/2025_09_15_Re4StRes_T1_DSV/IMG_2976.JPG,11.0,2.9560484886169434,2.8755500316619873,-0.08049838989973068,8.124449729919434,8.043951034545898,rank,44,single_rater_weak
2025_09_15_Re4StRes_T1_DSV/IMG_2976_2.JPG,plot_1278629ae0c47e163452,dsv_asendorf_t1_bbch11,/home/nfs/data/nvme_datasets/Pictures_CFSB_leaf_damage/2025_09_15_Re4StRes_T1_DSV/IMG_2976_2.JPG,11.0,1.7302236557006836,1.0395978689193726,-0.690625786781311,9.960402488708496,9.269776344299316,rank,44,single_rater_weak
2025_09_15_Re4StRes_T1_DSV/IMG_2976_3.JPG,plot_1278629ae0c47e163452,dsv_asendorf_t1_bbch11,/home/nfs/data/nvme_datasets/Pictures_CFSB_leaf_damage/2025_09_15_Re4StRes_T1_DSV/IMG_2976_3.JPG,23.0,2.829380512237549,2.840507745742798,0.011127130128443241,20.15949249267578,20.17061996459961,rank,44,single_rater_weak
2025_09_15_Re4StRes_T1_DSV/IMG_2980.JPG,plot_c7fbabf6a2b26f24808f,dsv_asendorf_t1_bbch11,/home/nfs/data/nvme_datasets/Pictures_CFSB_leaf_damage/2025_09_15_Re4StRes_T1_DSV/IMG_2980.JPG,16.0,1.7387185096740723,1.9857970476150513,0.2470785230398178,14.014203071594238,14.261281967163086,rank,44,single_rater_weak
2025_09_15_Re4StRes_T1_DSV/IMG_2982.JPG,plot_c7fbabf6a2b26f24808f,dsv_asendorf_t1_bbch11,/home/nfs/data/nvme_datasets/Pictures_CFSB_leaf_damage/2025_09_15_Re4StRes_T1_DSV/IMG_2982.JPG,3.0,2.4038143157958984,2.511941432952881,0.10812723636627197,0.48805856704711914,0.5961856842041016,rank,44,single_rater_weak
2025_09_15_Re4StRes_T1_DSV/IMG_2983.JPG,plot_c7fbabf6a2b26f24808f,dsv_asendorf_t1_bbch11,/home/nfs/data/nvme_datasets/Pictures_CFSB_leaf_damage/2025_09_15_Re4StRes_T1_DSV/IMG_2983.JPG,14.0,2.2192578315734863,2.864086627960205,0.6448287963867188,11.135913848876953,11.780742645263672,rank,44,single_rater_weak
2025_09_15_Re4StRes_T1_DSV/IMG_2984.JPG,plot_0aa20eee4008b12c7827,dsv_asendorf_t1_bbch11,/home/nfs/data/nvme_datasets/Pictures_CFSB_leaf_damage/2025_09_15_Re4StRes_T1_DSV/IMG_2984.JPG,2.0,1.758371353149414,2.4853625297546387,0.7269912362098694,0.48536252975463867,0.24162864685058594,rank,44,single_rater_weak
2025_09_15_Re4StRes_T1_DSV/IMG_2985.JPG,plot_0aa20eee4008b12c7827,dsv_asendorf_t1_bbch11,/home/nfs/data/nvme_datasets/Pictures_CFSB_leaf_damage/2025_09_15_Re4StRes_T1_DSV/IMG_2985.JPG,10.0,3.798095703125,4.388490676879883,0.5903952121734619,5.611509323120117,6.201904296875,rank,44,single_rater_weak
2025_09_15_Re4StRes_T1_DSV/IMG_2986.JPG,plot_0aa20eee4008b12c7827,dsv_asendorf_t1_bbch11,/home/nfs/data/nvme_datasets/Pictures_CFSB_leaf_damage/2025_09_15_Re4StRes_T1_DSV/IMG_2986.JPG,11.0,1.3612151145935059,1.792916178703308,0.43170106410980225,9.207083702087402,9.638784408569336,rank,44,single_rater_weak
2025_09_15_Re4StRes_T1_DSV/IMG_2987.JPG,plot_63616db7b2f3b692a2db,dsv_asendorf_t1_bbch11,/home/nfs/data/nvme_datasets/Pictures_CFSB_leaf_damage/2025_09_15_Re4StRes_T1_DSV/IMG_2987.JPG,3.0,2.5035133361816406,2.5366146564483643,0.033101361244916916,0.46338534355163574,0.4964866638183594,rank,44,single_rater_weak
2025_09_15_Re4StRes_T1_DSV/IMG_2988.JPG,plot_63616db7b2f3b692a2db,dsv_asendorf_t1_bbch11,/home/nfs/data/nvme_datasets/Pictures_CFSB_leaf_damage/2025_09_15_Re4StRes_T1_DSV/IMG_2988.JPG,3.0,2.9105610847473145,2.760878324508667,-0.14968277513980865,0.239121675491333,0.08943891525268555,rank,44,single_rater_weak
2025_09_15_Re4StRes_T1_DSV/IMG_2989.JPG,plot_63616db7b2f3b692a2db,dsv_asendorf_t1_bbch11,/home/nfs/data/nvme_datasets/Pictures_CFSB_leaf_damage/2025_09_15_Re4StRes_T1_DSV/IMG_2989.JPG,3.0,1.5873918533325195,1.4738848209381104,-0.11350707709789276,1.5261151790618896,1.4126081466674805,rank,44,single_rater_weak
2025_09_15_Re4StRes_T1_DSV/IMG_2991.JPG,plot_8a89bf60b740c0cda37c,dsv_asendorf_t1_bbch11,/home/nfs/data/nvme_datasets/Pictures_CFSB_leaf_damage/2025_09_15_Re4StRes_T1_DSV/IMG_2991.JPG,1.0,0.45303869247436523,0.6620258092880249,0.20898708701133728,0.3379741907119751,0.5469613075256348,rank,44,single_rater_weak
2025_09_15_Re4StRes_T1_DSV/IMG_2992.JPG,plot_8a89bf60b740c0cda37c,dsv_asendorf_t1_bbch11,/home/nfs/data/nvme_datasets/Pictures_CFSB_leaf_damage/2025_09_15_Re4StRes_T1_DSV/IMG_2992.JPG,1.0,1.129075050354004,1.6237345933914185,0.49465957283973694,0.6237345933914185,0.1290750503540039,rank,44,single_rater_weak
2025_09_15_Re4StRes_T1_DSV/IMG_2993.JPG,plot_8a89bf60b740c0cda37c,dsv_asendorf_t1_bbch11,/home/nfs/data/nvme_datasets/Pictures_CFSB_leaf_damage/2025_09_15_Re4StRes_T1_DSV/IMG_2993.JPG,5.0,0.6988029479980469,0.6343653202056885,-0.0644376203417778,4.365634918212891,4.301197052001953,rank,44,single_rater_weak
2025_09_15_Re4StRes_T1_DSV/IMG_2994.JPG,plot_bc4295919e8dde16e25b,dsv_asendorf_t1_bbch11,/home/nfs/data/nvme_datasets/Pictures_CFSB_leaf_damage/2025_09_15_Re4StRes_T1_DSV/IMG_2994.JPG,3.0,0.7874131202697754,0.4006144404411316,-0.3867986798286438,2.5993854999542236,2.2125868797302246,rank,44,single_rater_weak
2025_09_15_Re4StRes_T1_DSV/IMG_2995.JPG,plot_bc4295919e8dde16e25b,dsv_asendorf_t1_bbch11,/home/nfs/data/nvme_datasets/Pictures_CFSB_leaf_damage/2025_09_15_Re4StRes_T1_DSV/IMG_2995.JPG,6.0,1.2194108963012695,1.1498976945877075,-0.06951319426298141,4.850102424621582,4.7805891036987305,rank,44,single_rater_weak
2025_09_15_Re4StRes_T1_DSV/IMG_2996.JPG,plot_bc4295919e8dde16e25b,dsv_asendorf_t1_bbch11,/home/nfs/data/nvme_datasets/Pictures_CFSB_leaf_damage/2025_09_15_Re4StRes_T1_DSV/IMG_2996.JPG,4.0,0.8217215538024902,0.40518850088119507,-0.41653305292129517,3.59481143951416,3.1782784461975098,rank,44,single_rater_weak
2025_09_15_Re4StRes_T1_DSV/IMG_2997.JPG,plot_97c5080017cabf6ae37d,dsv_asendorf_t1_bbch11,/home/nfs/data/nvme_datasets/Pictures_CFSB_leaf_damage/2025_09_15_Re4StRes_T1_DSV/IMG_2997.JPG,2.0,1.1566181182861328,1.3162062168121338,0.15958809852600098,0.6837937831878662,0.8433818817138672,rank,44,single_rater_weak
2025_09_15_Re4StRes_T1_DSV/IMG_2998.JPG,plot_97c5080017cabf6ae37d,dsv_asendorf_t1_bbch11,/home/nfs/data/nvme_datasets/Pictures_CFSB_leaf_damage/2025_09_15_Re4StRes_T1_DSV/IMG_2998.JPG,2.0,0.6791396141052246,0.8195561170578003,0.1404164880514145,1.1804438829421997,1.3208603858947754,rank,44,single_rater_weak
2025_09_15_Re4StRes_T1_DSV/IMG_2999.JPG,plot_97c5080017cabf6ae37d,dsv_asendorf_t1_bbch11,/home/nfs/data/nvme_datasets/Pictures_CFSB_leaf_damage/2025_09_15_Re4StRes_T1_DSV/IMG_2999.JPG,8.0,2.0771985054016113,2.241607427597046,0.16440901160240173,5.758392333984375,5.922801494598389,rank,44,single_rater_weak
2025_09_15_Re4StRes_T1_DSV/IMG_3000.JPG,plot_14a8fb424e96fe0a56d0,dsv_asendorf_t1_bbch11,/home/nfs/data/nvme_datasets/Pictures_CFSB_leaf_damage/2025_09_15_Re4StRes_T1_DSV/IMG_3000.JPG,5.0,7.569680213928223,7.66014289855957,0.09046245366334915,2.6601428985595703,2.5696802139282227,rank,44,single_rater_weak
2025_09_15_Re4StRes_T1_DSV/IMG_3001.JPG,plot_14a8fb424e96fe0a56d0,dsv_asendorf_t1_bbch11,/home/nfs/data/nvme_datasets/Pictures_CFSB_leaf_damage/2025_09_15_Re4StRes_T1_DSV/IMG_3001.JPG,3.0,1.6058478355407715,1.4760900735855103,-0.12975771725177765,1.5239099264144897,1.3941521644592285,rank,44,single_rater_weak
2025_09_15_Re4StRes_T1_DSV/IMG_3002.JPG,plot_14a8fb424e96fe0a56d0,dsv_asendorf_t1_bbch11,/home/nfs/data/nvme_datasets/Pictures_CFSB_leaf_damage/2025_09_15_Re4StRes_T1_DSV/IMG_3002.JPG,2.0,1.3744845390319824,1.2664463520050049,-0.10803812742233276,0.7335536479949951,0.6255154609680176,rank,44,single_rater_weak
2025_09_15_Re4StRes_T1_DSV/IMG_3003.JPG,plot_aa97836ee689a5b0b216,dsv_asendorf_t1_bbch11,/home/nfs/data/nvme_datasets/Pictures_CFSB_leaf_damage/2025_09_15_Re4StRes_T1_DSV/IMG_3003.JPG,1.0,1.047658920288086,0.4268568754196167,-0.6208020448684692,0.5731431245803833,0.04765892028808594,rank,44,single_rater_weak
2025_09_15_Re4StRes_T1_DSV/IMG_3004.JPG,plot_aa97836ee689a5b0b216,dsv_asendorf_t1_bbch11,/home/nfs/data/nvme_datasets/Pictures_CFSB_leaf_damage/2025_09_15_Re4StRes_T1_DSV/IMG_3004.JPG,1.0,1.2519283294677734,2.0429575443267822,0.7910292744636536,1.0429575443267822,0.25192832946777344,rank,44,single_rater_weak
2025_09_15_Re4StRes_T1_DSV/IMG_3005.JPG,plot_aa97836ee689a5b0b216,dsv_asendorf_t1_bbch11,/home/nfs/data/nvme_datasets/Pictures_CFSB_leaf_damage/2025_09_15_Re4StRes_T1_DSV/IMG_3005.JPG,1.0,1.3862013816833496,1.3051494359970093,-0.08105194568634033,0.3051494359970093,0.3862013816833496,rank,44,single_rater_weak
2025_09_15_Re4StRes_T1_DSV/IMG_3006.JPG,plot_a1e8146ba955f839ae4f,dsv_asendorf_t1_bbch11,/home/nfs/data/nvme_datasets/Pictures_CFSB_leaf_damage/2025_09_15_Re4StRes_T1_DSV/IMG_3006.JPG,2.0,2.5587449073791504,2.931784152984619,0.37303924560546875,0.9317841529846191,0.5587449073791504,rank,44,single_rater_weak
2025_09_15_Re4StRes_T1_DSV/IMG_3007.JPG,plot_a1e8146ba955f839ae4f,dsv_asendorf_t1_bbch11,/home/nfs/data/nvme_datasets/Pictures_CFSB_leaf_damage/2025_09_15_Re4StRes_T1_DSV/IMG_3007.JPG,1.0,1.3458471298217773,1.1846882104873657,-0.16115890443325043,0.18468821048736572,0.34584712982177734,rank,44,single_rater_weak
2025_09_15_Re4StRes_T1_DSV/IMG_3008.JPG,plot_a1e8146ba955f839ae4f,dsv_asendorf_t1_bbch11,/home/nfs/data/nvme_datasets/Pictures_CFSB_leaf_damage/2025_09_15_Re4StRes_T1_DSV/IMG_3008.JPG,2.0,4.336676597595215,4.258886337280273,-0.07779049873352051,2.2588863372802734,2.336676597595215,rank,44,single_rater_weak
2025_09_15_Re4StRes_T1_DSV/IMG_3009.JPG,plot_9f0cb6f1d4a457848dbb,dsv_asendorf_t1_bbch11,/home/nfs/data/nvme_datasets/Pictures_CFSB_leaf_damage/2025_09_15_Re4StRes_T1_DSV/IMG_3009.JPG,1.0,2.825843334197998,3.5511655807495117,0.7253221273422241,2.5511655807495117,1.825843334197998,rank,44,single_rater_weak
2025_09_15_Re4StRes_T1_DSV/IMG_3010.JPG,plot_9f0cb6f1d4a457848dbb,dsv_asendorf_t1_bbch11,/home/nfs/data/nvme_datasets/Pictures_CFSB_leaf_damage/2025_09_15_Re4StRes_T1_DSV/IMG_3010.JPG,2.0,1.4765691757202148,1.3801957368850708,-0.09637344628572464,0.6198042631149292,0.5234308242797852,rank,44,single_rater_weak
2025_09_15_Re4StRes_T1_DSV/IMG_3011.JPG,plot_9f0cb6f1d4a457848dbb,dsv_asendorf_t1_bbch11,/home/nfs/data/nvme_datasets/Pictures_CFSB_leaf_damage/2025_09_15_Re4StRes_T1_DSV/IMG_3011.JPG,3.0,0.8321342468261719,1.3542078733444214,0.5220736265182495,1.6457921266555786,2.167865753173828,rank,44,single_rater_weak
2025_09_15_Re4StRes_T1_DSV/IMG_3012.JPG,plot_d3562811b7b7b9141ae0,dsv_asendorf_t1_bbch11,/home/nfs/data/nvme_datasets/Pictures_CFSB_leaf_damage/2025_09_15_Re4StRes_T1_DSV/IMG_3012.JPG,2.0,0.4133114814758301,0.2664927542209625,-0.14681872725486755,1.7335072755813599,1.58668851852417,rank,44,single_rater_weak
2025_09_15_Re4StRes_T1_DSV/IMG_3013.JPG,plot_d3562811b7b7b9141ae0,dsv_asendorf_t1_bbch11,/home/nfs/data/nvme_datasets/Pictures_CFSB_leaf_damage/2025_09_15_Re4StRes_T1_DSV/IMG_3013.JPG,2.0,2.6845803260803223,2.918586254119873,0.23400601744651794,0.918586254119873,0.6845803260803223,rank,44,single_rater_weak
2025_09_15_Re4StRes_T1_DSV/IMG_3014.JPG,plot_d3562811b7b7b9141ae0,dsv_asendorf_t1_bbch11,/home/nfs/data/nvme_datasets/Pictures_CFSB_leaf_damage/2025_09_15_Re4StRes_T1_DSV/IMG_3014.JPG,1.0,1.7185001373291016,1.9633359909057617,0.24483589828014374,0.9633359909057617,0.7185001373291016,rank,44,single_rater_weak
2025_09_15_Re4StRes_T1_DSV/IMG_3016.JPG,plot_71afd76761b661030718,dsv_asendorf_t1_bbch11,/home/nfs/data/nvme_datasets/Pictures_CFSB_leaf_damage/2025_09_15_Re4StRes_T1_DSV/IMG_3016.JPG,5.0,1.744734764099121,1.999246597290039,0.25451189279556274,3.000753402709961,3.255265235900879,rank,44,single_rater_weak
2025_09_15_Re4StRes_T1_DSV/IMG_3017.JPG,plot_71afd76761b661030718,dsv_asendorf_t1_bbch11,/home/nfs/data/nvme_datasets/Pictures_CFSB_leaf_damage/2025_09_15_Re4StRes_T1_DSV/IMG_3017.JPG,1.0,0.2534751892089844,-0.07155388593673706,-0.32502907514572144,1.0715539455413818,0.7465248107910156,rank,44,single_rater_weak
2025_09_15_Re4StRes_T1_DSV/IMG_3018.JPG,plot_71afd76761b661030718,dsv_asendorf_t1_bbch11,/home/nfs/data/nvme_datasets/Pictures_CFSB_leaf_damage/2025_09_15_Re4StRes_T1_DSV/IMG_3018.JPG,1.0,0.033873558044433594,0.1333932876586914,0.09951972216367722,0.8666067123413086,0.9661264419555664,rank,44,single_rater_weak
2025_09_15_Re4StRes_T1_DSV/IMG_3019.JPG,plot_d104a1c2316299fcc3e9,dsv_asendorf_t1_bbch11,/home/nfs/data/nvme_datasets/Pictures_CFSB_leaf_damage/2025_09_15_Re4StRes_T1_DSV/IMG_3019.JPG,7.0,2.3736519813537598,2.4048984050750732,0.03124633990228176,4.595101356506348,4.62634801864624,rank,44,single_rater_weak
2025_09_15_Re4StRes_T1_DSV/IMG_3020.JPG,plot_d104a1c2316299fcc3e9,dsv_asendorf_t1_bbch11,/home/nfs/data/nvme_datasets/Pictures_CFSB_leaf_damage/2025_09_15_Re4StRes_T1_DSV/IMG_3020.JPG,12.0,3.314687728881836,3.001491069793701,-0.3131966292858124,8.99850845336914,8.685312271118164,rank,44,single_rater_weak
2025_09_15_Re4StRes_T1_DSV/IMG_3021.JPG,plot_d104a1c2316299fcc3e9,dsv_asendorf_t1_bbch11,/home/nfs/data/nvme_datasets/Pictures_CFSB_leaf_damage/2025_09_15_Re4StRes_T1_DSV/IMG_3021.JPG,9.0,2.1058287620544434,1.7765685319900513,-0.3292602002620697,7.223431587219238,6.894171237945557,rank,44,single_rater_weak
2025_09_15_Re4StRes_T1_DSV/IMG_3022.JPG,plot_fcd78b9cf75eff63f9b3,dsv_asendorf_t1_bbch11,/home/nfs/data/nvme_datasets/Pictures_CFSB_leaf_damage/2025_09_15_Re4StRes_T1_DSV/IMG_3022.JPG,4.0,1.7818589210510254,1.2439180612564087,-0.5379408597946167,2.756082057952881,2.2181410789489746,rank,44,single_rater_weak
2025_09_15_Re4StRes_T1_DSV/IMG_3023.JPG,plot_fcd78b9cf75eff63f9b3,dsv_asendorf_t1_bbch11,/home/nfs/data/nvme_datasets/Pictures_CFSB_leaf_damage/2025_09_15_Re4StRes_T1_DSV/IMG_3023.JPG,5.0,0.3160514831542969,-0.08479687571525574,-0.4008483588695526,5.084796905517578,4.683948516845703,rank,44,single_rater_weak
2025_09_15_Re4StRes_T1_DSV/IMG_3024.JPG,plot_fcd78b9cf75eff63f9b3,dsv_asendorf_t1_bbch11,/home/nfs/data/nvme_datasets/Pictures_CFSB_leaf_damage/2025_09_15_Re4StRes_T1_DSV/IMG_3024.JPG,3.0,-0.37993431091308594,-0.695652961730957,-0.3157186210155487,3.695652961730957,3.379934310913086,rank,44,single_rater_weak
2025_09_15_Re4StRes_T1_DSV/IMG_3025.JPG,plot_5ea37da6e73f21c4a6e1,dsv_asendorf_t1_bbch11,/home/nfs/data/nvme_datasets/Pictures_CFSB_leaf_damage/2025_09_15_Re4StRes_T1_DSV/IMG_3025.JPG,2.0,0.8951554298400879,0.5605032444000244,-0.33465221524238586,1.4394967555999756,1.104844570159912,rank,44,single_rater_weak
2025_09_15_Re4StRes_T1_DSV/IMG_3026.JPG,plot_5ea37da6e73f21c4a6e1,dsv_asendorf_t1_bbch11,/home/nfs/data/nvme_datasets/Pictures_CFSB_leaf_damage/2025_09_15_Re4StRes_T1_DSV/IMG_3026.JPG,3.0,0.1971454620361328,0.17209336161613464,-0.025052092969417572,2.827906608581543,2.802854537963867,rank,44,single_rater_weak
2025_09_15_Re4StRes_T1_DSV/IMG_3029.JPG,plot_5ea37da6e73f21c4a6e1,dsv_asendorf_t1_bbch11,/home/nfs/data/nvme_datasets/Pictures_CFSB_leaf_damage/2025_09_15_Re4StRes_T1_DSV/IMG_3029.JPG,2.0,0.6689701080322266,-0.23741573095321655,-0.9063858389854431,2.2374157905578613,1.3310298919677734,rank,44,single_rater_weak
2025_09_15_Re4StRes_T1_DSV/IMG_3030.JPG,plot_0ce175aa7ca7721d50e7,dsv_asendorf_t1_bbch11,/home/nfs/data/nvme_datasets/Pictures_CFSB_leaf_damage/2025_09_15_Re4StRes_T1_DSV/IMG_3030.JPG,4.0,2.3100967407226562,2.0423173904418945,-0.26777932047843933,1.9576826095581055,1.6899032592773438,rank,44,single_rater_weak
2025_09_15_Re4StRes_T1_DSV/IMG_3031.JPG,plot_0ce175aa7ca7721d50e7,dsv_asendorf_t1_bbch11,/home/nfs/data/nvme_datasets/Pictures_CFSB_leaf_damage/2025_09_15_Re4StRes_T1_DSV/IMG_3031.JPG,7.0,2.4199156761169434,2.162216901779175,-0.2576986849308014,4.837782859802246,4.580084323883057,rank,44,single_rater_weak
2025_09_15_Re4StRes_T1_DSV/IMG_3032.JPG,plot_0ce175aa7ca7721d50e7,dsv_asendorf_t1_bbch11,/home/nfs/data/nvme_datasets/Pictures_CFSB_leaf_damage/2025_09_15_Re4StRes_T1_DSV/IMG_3032.JPG,2.0,0.9584217071533203,0.626718282699585,-0.33170345425605774,1.373281717300415,1.0415782928466797,rank,44,single_rater_weak
2025_09_15_Re4StRes_T1_DSV/IMG_3033.JPG,plot_a3eb976f1f47c49facd3,dsv_asendorf_t1_bbch11,/home/nfs/data/nvme_datasets/Pictures_CFSB_leaf_damage/2025_09_15_Re4StRes_T1_DSV/IMG_3033.JPG,8.0,2.392977714538574,2.325510025024414,-0.06746768951416016,5.674489974975586,5.607022285461426,rank,44,single_rater_weak
2025_09_15_Re4StRes_T1_DSV/IMG_3034.JPG,plot_a3eb976f1f47c49facd3,dsv_asendorf_t1_bbch11,/home/nfs/data/nvme_datasets/Pictures_CFSB_leaf_damage/2025_09_15_Re4StRes_T1_DSV/IMG_3034.JPG,14.0,2.1985158920288086,1.7294232845306396,-0.46909254789352417,12.270576477050781,11.801484107971191,rank,44,single_rater_weak
2025_09_15_Re4StRes_T1_DSV/IMG_3035.JPG,plot_a3eb976f1f47c49facd3,dsv_asendorf_t1_bbch11,/home/nfs/data/nvme_datasets/Pictures_CFSB_leaf_damage/2025_09_15_Re4StRes_T1_DSV/IMG_3035.JPG,5.0,3.513529062271118,2.8584914207458496,-0.6550376415252686,2.1415085792541504,1.4864709377288818,rank,44,single_rater_weak
2025_09_15_Re4StRes_T1_DSV/IMG_3038.JPG,plot_77d5b5f84041b233d0f3,dsv_asendorf_t1_bbch11,/home/nfs/data/nvme_datasets/Pictures_CFSB_leaf_damage/2025_09_15_Re4StRes_T1_DSV/IMG_3038.JPG,10.0,1.4808297157287598,1.6080433130264282,0.12721362709999084,8.391956329345703,8.519170761108398,rank,44,single_rater_weak
2025_09_15_Re4StRes_T1_DSV/IMG_3039.JPG,plot_77d5b5f84041b233d0f3,dsv_asendorf_t1_bbch11,/home/nfs/data/nvme_datasets/Pictures_CFSB_leaf_damage/2025_09_15_Re4StRes_T1_DSV/IMG_3039.JPG,14.0,1.2762045860290527,0.5184858441352844,-0.7577187418937683,13.481513977050781,12.723794937133789,rank,44,single_rater_weak
2025_09_15_Re4StRes_T1_DSV/IMG_3040.JPG,plot_77d5b5f84041b233d0f3,dsv_asendorf_t1_bbch11,/home/nfs/data/nvme_datasets/Pictures_CFSB_leaf_damage/2025_09_15_Re4StRes_T1_DSV/IMG_3040.JPG,12.0,1.0310354232788086,0.5479224920272827,-0.48311296105384827,11.452077865600586,10.968964576721191,rank,44,single_rater_weak
2025_09_15_Re4StRes_T1_DSV/IMG_3041.JPG,plot_41e2d36a0697e4fdd1d3,dsv_asendorf_t1_bbch11,/home/nfs/data/nvme_datasets/Pictures_CFSB_leaf_damage/2025_09_15_Re4StRes_T1_DSV/IMG_3041.JPG,1.0,-0.5602178573608398,0.020854592323303223,0.5810724496841431,0.9791454076766968,1.5602178573608398,rank,44,single_rater_weak
2025_09_15_Re4StRes_T1_DSV/IMG_3042.JPG,plot_41e2d36a0697e4fdd1d3,dsv_asendorf_t1_bbch11,/home/nfs/data/nvme_datasets/Pictures_CFSB_leaf_damage/2025_09_15_Re4StRes_T1_DSV/IMG_3042.JPG,4.0,0.4389195442199707,0.891453206539154,0.45253366231918335,3.108546733856201,3.5610804557800293,rank,44,single_rater_weak
2025_09_15_Re4StRes_T1_DSV/IMG_3043.JPG,plot_41e2d36a0697e4fdd1d3,dsv_asendorf_t1_bbch11,/home/nfs/data/nvme_datasets/Pictures_CFSB_leaf_damage/2025_09_15_Re4StRes_T1_DSV/IMG_3043.JPG,2.0,0.42969751358032227,1.1092801094055176,0.6795825958251953,0.8907198905944824,1.5703024864196777,rank,44,single_rater_weak
2025_09_15_Re4StRes_T1_DSV/IMG_3044.JPG,plot_82a33bdf683d81af54ca,dsv_asendorf_t1_bbch11,/home/nfs/data/nvme_datasets/Pictures_CFSB_leaf_damage/2025_09_15_Re4StRes_T1_DSV/IMG_3044.JPG,2.0,0.9982171058654785,0.8350430130958557,-0.1631740927696228,1.164957046508789,1.0017828941345215,rank,44,single_rater_weak
2025_09_15_Re4StRes_T1_DSV/IMG_3045.JPG,plot_82a33bdf683d81af54ca,dsv_asendorf_t1_bbch11,/home/nfs/data/nvme_datasets/Pictures_CFSB_leaf_damage/2025_09_15_Re4StRes_T1_DSV/IMG_3045.JPG,2.0,0.4906034469604492,0.01757735013961792,-0.4730260968208313,1.9824225902557373,1.5093965530395508,rank,44,single_rater_weak
2025_09_15_Re4StRes_T1_DSV/IMG_3046.JPG,plot_82a33bdf683d81af54ca,dsv_asendorf_t1_bbch11,/home/nfs/data/nvme_datasets/Pictures_CFSB_leaf_damage/2025_09_15_Re4StRes_T1_DSV/IMG_3046.JPG,3.0,1.848196029663086,1.4804085493087769,-0.3677874505519867,1.5195914506912231,1.151803970336914,rank,44,single_rater_weak
2025_09_15_Re4StRes_T1_DSV/IMG_3047.JPG,plot_beabe437af1837675d26,dsv_asendorf_t1_bbch11,/home/nfs/data/nvme_datasets/Pictures_CFSB_leaf_damage/2025_09_15_Re4StRes_T1_DSV/IMG_3047.JPG,12.0,3.0942749977111816,2.76432466506958,-0.3299503028392792,9.235675811767578,8.905725479125977,rank,44,single_rater_weak
2025_09_15_Re4StRes_T1_DSV/IMG_3048.JPG,plot_beabe437af1837675d26,dsv_asendorf_t1_bbch11,/home/nfs/data/nvme_datasets/Pictures_CFSB_leaf_damage/2025_09_15_Re4StRes_T1_DSV/IMG_3048.JPG,1.0,0.06614351272583008,0.24965348839759827,0.1835099756717682,0.7503465414047241,0.9338564872741699,rank,44,single_rater_weak
2025_09_15_Re4StRes_T1_DSV/IMG_3049.JPG,plot_beabe437af1837675d26,dsv_asendorf_t1_bbch11,/home/nfs/data/nvme_datasets/Pictures_CFSB_leaf_damage/2025_09_15_Re4StRes_T1_DSV/IMG_3049.JPG,15.0,0.6644692420959473,0.3992786109447479,-0.26519063115119934,14.60072135925293,14.335531234741211,rank,44,single_rater_weak
2025_09_15_Re4StRes_T1_DSV/IMG_3051.JPG,plot_a2ed1cc6b8bdcc6149bd,dsv_asendorf_t1_bbch11,/home/nfs/data/nvme_datasets/Pictures_CFSB_leaf_damage/2025_09_15_Re4StRes_T1_DSV/IMG_3051.JPG,20.0,3.4707210063934326,3.9128458499908447,0.44212478399276733,16.087154388427734,16.529279708862305,rank,44,single_rater_weak
2025_09_15_Re4StRes_T1_DSV/IMG_3052.JPG,plot_a2ed1cc6b8bdcc6149bd,dsv_asendorf_t1_bbch11,/home/nfs/data/nvme_datasets/Pictures_CFSB_leaf_damage/2025_09_15_Re4StRes_T1_DSV/IMG_3052.JPG,1.0,0.2760128974914551,0.26277559995651245,-0.013237298466265202,0.7372244000434875,0.7239871025085449,rank,44,single_rater_weak
2025_09_15_Re4StRes_T1_DSV/IMG_3053.JPG,plot_a2ed1cc6b8bdcc6149bd,dsv_asendorf_t1_bbch11,/home/nfs/data/nvme_datasets/Pictures_CFSB_leaf_damage/2025_09_15_Re4StRes_T1_DSV/IMG_3053.JPG,6.0,1.2175383567810059,0.4164430499076843,-0.8010953068733215,5.58355712890625,4.782461643218994,rank,44,single_rater_weak
2025_09_15_Re4StRes_T1_DSV/IMG_3054.JPG,plot_b4a8a8105ed2dbe9ebe8,dsv_asendorf_t1_bbch11,/home/nfs/data/nvme_datasets/Pictures_CFSB_leaf_damage/2025_09_15_Re4StRes_T1_DSV/IMG_3054.JPG,2.0,2.6400294303894043,2.35957932472229,-0.28045010566711426,0.35957932472229004,0.6400294303894043,rank,44,single_rater_weak
2025_09_15_Re4StRes_T1_DSV/IMG_3055.JPG,plot_b4a8a8105ed2dbe9ebe8,dsv_asendorf_t1_bbch11,/home/nfs/data/nvme_datasets/Pictures_CFSB_leaf_damage/2025_09_15_Re4StRes_T1_DSV/IMG_3055.JPG,14.0,1.2995834350585938,1.033372402191162,-0.26621100306510925,12.96662712097168,12.700416564941406,rank,44,single_rater_weak
2025_09_15_Re4StRes_T1_DSV/IMG_3056.JPG,plot_b4a8a8105ed2dbe9ebe8,dsv_asendorf_t1_bbch11,/home/nfs/data/nvme_datasets/Pictures_CFSB_leaf_damage/2025_09_15_Re4StRes_T1_DSV/IMG_3056.JPG,19.0,3.325007915496826,3.3460946083068848,0.02108677849173546,15.653905868530273,15.674991607666016,rank,44,single_rater_weak
2025_09_15_Re4StRes_T1_DSV/IMG_3057.JPG,plot_3e540258e11d136b5e0a,dsv_asendorf_t1_bbch11,/home/nfs/data/nvme_datasets/Pictures_CFSB_leaf_damage/2025_09_15_Re4StRes_T1_DSV/IMG_3057.JPG,2.0,0.6487579345703125,-0.16190367937088013,-0.8106616139411926,2.1619036197662354,1.3512420654296875,rank,44,single_rater_weak
2025_09_15_Re4StRes_T1_DSV/IMG_3058.JPG,plot_3e540258e11d136b5e0a,dsv_asendorf_t1_bbch11,/home/nfs/data/nvme_datasets/Pictures_CFSB_leaf_damage/2025_09_15_Re4StRes_T1_DSV/IMG_3058.JPG,2.0,1.025611400604248,0.4024119973182678,-0.6231994032859802,1.597588062286377,0.974388599395752,rank,44,single_rater_weak
2025_09_15_Re4StRes_T1_DSV/IMG_3059.JPG,plot_3e540258e11d136b5e0a,dsv_asendorf_t1_bbch11,/home/nfs/data/nvme_datasets/Pictures_CFSB_leaf_damage/2025_09_15_Re4StRes_T1_DSV/IMG_3059.JPG,22.0,2.257467746734619,1.9779939651489258,-0.2794737219810486,20.02200698852539,19.74253273010254,rank,44,single_rater_weak
2025_09_15_Re4StRes_T1_DSV/IMG_3060.JPG,plot_36946134443f48a42c1a,dsv_asendorf_t1_bbch11,/home/nfs/data/nvme_datasets/Pictures_CFSB_leaf_damage/2025_09_15_Re4StRes_T1_DSV/IMG_3060.JPG,4.0,1.299349308013916,1.079089879989624,-0.2202593982219696,2.920910120010376,2.700650691986084,rank,44,single_rater_weak
2025_09_15_Re4StRes_T1_DSV/IMG_3061.JPG,plot_36946134443f48a42c1a,dsv_asendorf_t1_bbch11,/home/nfs/data/nvme_datasets/Pictures_CFSB_leaf_damage/2025_09_15_Re4StRes_T1_DSV/IMG_3061.JPG,22.0,3.3880677223205566,3.2314510345458984,-0.15661656856536865,18.7685489654541,18.6119327545166,rank,44,single_rater_weak
2025_09_15_Re4StRes_T1_DSV/IMG_3062.JPG,plot_36946134443f48a42c1a,dsv_asendorf_t1_bbch11,/home/nfs/data/nvme_datasets/Pictures_CFSB_leaf_damage/2025_09_15_Re4StRes_T1_DSV/IMG_3062.JPG,1.0,0.7341017723083496,0.1016392707824707,-0.6324625015258789,0.8983607292175293,0.2658982276916504,rank,44,single_rater_weak
2025_09_15_Re4StRes_T1_DSV/IMG_3063.JPG,plot_c6d52590997c1a6a7b06,dsv_asendorf_t1_bbch11,/home/nfs/data/nvme_datasets/Pictures_CFSB_leaf_damage/2025_09_15_Re4StRes_T1_DSV/IMG_3063.JPG,4.0,1.6631250381469727,0.6606802940368652,-1.0024447441101074,3.3393197059631348,2.3368749618530273,rank,44,single_rater_weak
2025_09_15_Re4StRes_T1_DSV/IMG_3064.JPG,plot_c6d52590997c1a6a7b06,dsv_asendorf_t1_bbch11,/home/nfs/data/nvme_datasets/Pictures_CFSB_leaf_damage/2025_09_15_Re4StRes_T1_DSV/IMG_3064.JPG,4.0,2.9771180152893066,3.6381733417510986,0.6610553860664368,0.36182665824890137,1.0228819847106934,rank,44,single_rater_weak
2025_09_15_Re4StRes_T1_DSV/IMG_3065.JPG,plot_c6d52590997c1a6a7b06,dsv_asendorf_t1_bbch11,/home/nfs/data/nvme_datasets/Pictures_CFSB_leaf_damage/2025_09_15_Re4StRes_T1_DSV/IMG_3065.JPG,10.0,3.2421154975891113,3.3262391090393066,0.08412371575832367,6.673760890960693,6.757884502410889,rank,44,single_rater_weak
2025_09_15_Re4StRes_T1_DSV/IMG_3066.JPG,plot_5b5cb2833023b786f6d1,dsv_asendorf_t1_bbch11,/home/nfs/data/nvme_datasets/Pictures_CFSB_leaf_damage/2025_09_15_Re4StRes_T1_DSV/IMG_3066.JPG,2.0,0.5046696662902832,0.5232831835746765,0.018613526597619057,1.4767167568206787,1.4953303337097168,rank,44,single_rater_weak
2025_09_15_Re4StRes_T1_DSV/IMG_3067.JPG,plot_5b5cb2833023b786f6d1,dsv_asendorf_t1_bbch11,/home/nfs/data/nvme_datasets/Pictures_CFSB_leaf_damage/2025_09_15_Re4StRes_T1_DSV/IMG_3067.JPG,3.0,0.440310001373291,0.002506256103515625,-0.4378037452697754,2.9974937438964844,2.559689998626709,rank,44,single_rater_weak
2025_09_15_Re4StRes_T1_DSV/IMG_3068.JPG,plot_5b5cb2833023b786f6d1,dsv_asendorf_t1_bbch11,/home/nfs/data/nvme_datasets/Pictures_CFSB_leaf_damage/2025_09_15_Re4StRes_T1_DSV/IMG_3068.JPG,15.0,1.2661442756652832,1.0628540515899658,-0.20329028367996216,13.937146186828613,13.733856201171875,rank,44,single_rater_weak
2025_09_15_Re4StRes_T1_DSV/IMG_3069.JPG,plot_a4f0c368013c826ed72e,dsv_asendorf_t1_bbch11,/home/nfs/data/nvme_datasets/Pictures_CFSB_leaf_damage/2025_09_15_Re4StRes_T1_DSV/IMG_3069.JPG,8.0,0.9964022636413574,0.8759051561355591,-0.12049710750579834,7.1240949630737305,7.003597736358643,rank,44,single_rater_weak
2025_09_15_Re4StRes_T1_DSV/IMG_3070.JPG,plot_a4f0c368013c826ed72e,dsv_asendorf_t1_bbch11,/home/nfs/data/nvme_datasets/Pictures_CFSB_leaf_damage/2025_09_15_Re4StRes_T1_DSV/IMG_3070.JPG,2.0,0.3432140350341797,1.0279146432876587,0.684700608253479,0.9720853567123413,1.6567859649658203,rank,44,single_rater_weak
2025_09_15_Re4StRes_T1_DSV/IMG_3071.JPG,plot_a4f0c368013c826ed72e,dsv_asendorf_t1_bbch11,/home/nfs/data/nvme_datasets/Pictures_CFSB_leaf_damage/2025_09_15_Re4StRes_T1_DSV/IMG_3071.JPG,8.0,1.5473108291625977,2.2903053760528564,0.7429945468902588,5.709694862365723,6.452689170837402,rank,44,single_rater_weak
2025_09_15_Re4StRes_T1_DSV/IMG_3072.JPG,plot_079cfae1722c234c4cbf,dsv_asendorf_t1_bbch11,/home/nfs/data/nvme_datasets/Pictures_CFSB_leaf_damage/2025_09_15_Re4StRes_T1_DSV/IMG_3072.JPG,6.0,0.7883696556091309,0.512902557849884,-0.2754670977592468,5.487097263336182,5.211630344390869,rank,44,single_rater_weak
2025_09_15_Re4StRes_T1_DSV/IMG_3073.JPG,plot_079cfae1722c234c4cbf,dsv_asendorf_t1_bbch11,/home/nfs/data/nvme_datasets/Pictures_CFSB_leaf_damage/2025_09_15_Re4StRes_T1_DSV/IMG_3073.JPG,5.0,0.6857118606567383,1.6108423471450806,0.9251304864883423,3.389157772064209,4.314288139343262,rank,44,single_rater_weak
2025_09_15_Re4StRes_T1_DSV/IMG_3074.JPG,plot_079cfae1722c234c4cbf,dsv_asendorf_t1_bbch11,/home/nfs/data/nvme_datasets/Pictures_CFSB_leaf_damage/2025_09_15_Re4StRes_T1_DSV/IMG_3074.JPG,16.0,2.4581894874572754,3.2768359184265137,0.8186463117599487,12.723163604736328,13.541810989379883,rank,44,single_rater_weak
2025_09_15_Re4StRes_T1_DSV/IMG_3075.JPG,plot_dfca0e4d30041b1626c7,dsv_asendorf_t1_bbch11,/home/nfs/data/nvme_datasets/Pictures_CFSB_leaf_damage/2025_09_15_Re4StRes_T1_DSV/IMG_3075.JPG,21.0,1.83314847946167,2.534547805786133,0.7013993263244629,18.465452194213867,19.166851043701172,rank,44,single_rater_weak
2025_09_15_Re4StRes_T1_DSV/IMG_3076.JPG,plot_dfca0e4d30041b1626c7,dsv_asendorf_t1_bbch11,/home/nfs/data/nvme_datasets/Pictures_CFSB_leaf_damage/2025_09_15_Re4StRes_T1_DSV/IMG_3076.JPG,10.0,0.3918018341064453,0.7173630595207214,0.3255612254142761,9.282636642456055,9.608198165893555,rank,44,single_rater_weak
2025_09_15_Re4StRes_T1_DSV/IMG_3077.JPG,plot_dfca0e4d30041b1626c7,dsv_asendorf_t1_bbch11,/home/nfs/data/nvme_datasets/Pictures_CFSB_leaf_damage/2025_09_15_Re4StRes_T1_DSV/IMG_3077.JPG,16.0,1.4392070770263672,2.3480241298675537,0.9088171124458313,13.651975631713867,14.560792922973633,rank,44,single_rater_weak
2025_09_15_Re4StRes_T1_DSV/IMG_3078.JPG,plot_872a472d88c05d21c13c,dsv_asendorf_t1_bbch11,/home/nfs/data/nvme_datasets/Pictures_CFSB_leaf_damage/2025_09_15_Re4StRes_T1_DSV/IMG_3078.JPG,4.0,0.10432577133178711,-0.3029544949531555,-0.4072802662849426,4.30295467376709,3.895674228668213,rank,44,single_rater_weak
2025_09_15_Re4StRes_T1_DSV/IMG_3079.JPG,plot_872a472d88c05d21c13c,dsv_asendorf_t1_bbch11,/home/nfs/data/nvme_datasets/Pictures_CFSB_leaf_damage/2025_09_15_Re4StRes_T1_DSV/IMG_3079.JPG,5.0,-0.43995237350463867,-0.7467679977416992,-0.30681562423706055,5.746767997741699,5.439952373504639,rank,44,single_rater_weak
2025_09_15_Re4StRes_T1_DSV/IMG_3080.JPG,plot_872a472d88c05d21c13c,dsv_asendorf_t1_bbch11,/home/nfs/data/nvme_datasets/Pictures_CFSB_leaf_damage/2025_09_15_Re4StRes_T1_DSV/IMG_3080.JPG,14.0,-0.24537420272827148,-0.49419310688972473,-0.24881890416145325,14.494193077087402,14.24537467956543,rank,44,single_rater_weak
2025_09_15_Re4StRes_T1_DSV/IMG_3081.JPG,plot_b87d088d07adcfff1ebd,dsv_asendorf_t1_bbch11,/home/nfs/data/nvme_datasets/Pictures_CFSB_leaf_damage/2025_09_15_Re4StRes_T1_DSV/IMG_3081.JPG,3.0,1.2138023376464844,0.6508850455284119,-0.5629172921180725,2.3491148948669434,1.7861976623535156,rank,44,single_rater_weak
2025_09_15_Re4StRes_T1_DSV/IMG_3082.JPG,plot_b87d088d07adcfff1ebd,dsv_asendorf_t1_bbch11,/home/nfs/data/nvme_datasets/Pictures_CFSB_leaf_damage/2025_09_15_Re4StRes_T1_DSV/IMG_3082.JPG,18.0,1.202061653137207,1.1302661895751953,-0.07179548591375351,16.869733810424805,16.79793930053711,rank,44,single_rater_weak
2025_09_15_Re4StRes_T1_DSV/IMG_3083.JPG,plot_b87d088d07adcfff1ebd,dsv_asendorf_t1_bbch11,/home/nfs/data/nvme_datasets/Pictures_CFSB_leaf_damage/2025_09_15_Re4StRes_T1_DSV/IMG_3083.JPG,6.0,0.33817529678344727,-0.049529969692230225,-0.3877052664756775,6.049530029296875,5.661824703216553,rank,44,single_rater_weak
2025_09_15_Re4StRes_T1_DSV/IMG_3084.JPG,plot_b4abae7476e8e480b37d,dsv_asendorf_t1_bbch11,/home/nfs/data/nvme_datasets/Pictures_CFSB_leaf_damage/2025_09_15_Re4StRes_T1_DSV/IMG_3084.JPG,34.0,4.425973415374756,5.297116756439209,0.8711434006690979,28.702882766723633,29.574026107788086,rank,44,single_rater_weak
2025_09_15_Re4StRes_T1_DSV/IMG_3085.JPG,plot_b4abae7476e8e480b37d,dsv_asendorf_t1_bbch11,/home/nfs/data/nvme_datasets/Pictures_CFSB_leaf_damage/2025_09_15_Re4StRes_T1_DSV/IMG_3085.JPG,10.0,2.148224353790283,1.5360755920410156,-0.6121488213539124,8.463924407958984,7.851775646209717,rank,44,single_rater_weak
2025_09_15_Re4StRes_T1_DSV/IMG_3086.JPG,plot_b4abae7476e8e480b37d,dsv_asendorf_t1_bbch11,/home/nfs/data/nvme_datasets/Pictures_CFSB_leaf_damage/2025_09_15_Re4StRes_T1_DSV/IMG_3086.JPG,5.0,2.717020034790039,2.473036289215088,-0.24398380517959595,2.526963710784912,2.282979965209961,rank,44,single_rater_weak
2025_09_15_Re4StRes_T1_DSV/IMG_3088.JPG,plot_b3f1539c2f57598a4432,dsv_asendorf_t1_bbch11,/home/nfs/data/nvme_datasets/Pictures_CFSB_leaf_damage/2025_09_15_Re4StRes_T1_DSV/IMG_3088.JPG,18.0,3.7695696353912354,3.6759896278381348,-0.09357993304729462,14.324010848999023,14.230430603027344,rank,44,single_rater_weak
2025_09_15_Re4StRes_T1_DSV/IMG_3089.JPG,plot_b3f1539c2f57598a4432,dsv_asendorf_t1_bbch11,/home/nfs/data/nvme_datasets/Pictures_CFSB_leaf_damage/2025_09_15_Re4StRes_T1_DSV/IMG_3089.JPG,4.0,1.5833568572998047,0.9178891777992249,-0.6654676795005798,3.08211088180542,2.4166431427001953,rank,44,single_rater_weak
2025_09_15_Re4StRes_T1_DSV/IMG_3090.JPG,plot_b3f1539c2f57598a4432,dsv_asendorf_t1_bbch11,/home/nfs/data/nvme_datasets/Pictures_CFSB_leaf_damage/2025_09_15_Re4StRes_T1_DSV/IMG_3090.JPG,9.0,3.2248992919921875,3.1838183403015137,-0.04108099266886711,5.816181659698486,5.7751007080078125,rank,44,single_rater_weak
2025_09_15_Re4StRes_T1_DSV/IMG_3091.JPG,plot_6011f9d40ff6fb4ce860,dsv_asendorf_t1_bbch11,/home/nfs/data/nvme_datasets/Pictures_CFSB_leaf_damage/2025_09_15_Re4StRes_T1_DSV/IMG_3091.JPG,17.0,4.396340370178223,4.510281085968018,0.11394082009792328,12.48971939086914,12.603659629821777,rank,44,single_rater_weak
2025_09_15_Re4StRes_T1_DSV/IMG_3092.JPG,plot_6011f9d40ff6fb4ce860,dsv_asendorf_t1_bbch11,/home/nfs/data/nvme_datasets/Pictures_CFSB_leaf_damage/2025_09_15_Re4StRes_T1_DSV/IMG_3092.JPG,17.0,2.2418289184570312,2.286017656326294,0.04418865591287613,14.713982582092285,14.758171081542969,rank,44,single_rater_weak
2025_09_15_Re4StRes_T1_DSV/IMG_3093.JPG,plot_6011f9d40ff6fb4ce860,dsv_asendorf_t1_bbch11,/home/nfs/data/nvme_datasets/Pictures_CFSB_leaf_damage/2025_09_15_Re4StRes_T1_DSV/IMG_3093.JPG,14.0,3.3833091259002686,3.658936023712158,0.2756267786026001,10.341064453125,10.616690635681152,rank,44,single_rater_weak
2025_09_15_Re4StRes_T1_DSV/IMG_3094.JPG,plot_5100e524f84c956c18b7,dsv_asendorf_t1_bbch11,/home/nfs/data/nvme_datasets/Pictures_CFSB_leaf_damage/2025_09_15_Re4StRes_T1_DSV/IMG_3094.JPG,18.0,1.9026708602905273,2.135957956314087,0.23328706622123718,15.864042282104492,16.097328186035156,rank,44,single_rater_weak
2025_09_15_Re4StRes_T1_DSV/IMG_3095.JPG,plot_5100e524f84c956c18b7,dsv_asendorf_t1_bbch11,/home/nfs/data/nvme_datasets/Pictures_CFSB_leaf_damage/2025_09_15_Re4StRes_T1_DSV/IMG_3095.JPG,4.0,0.6349067687988281,0.1054043173789978,-0.5295024514198303,3.8945956230163574,3.365093231201172,rank,44,single_rater_weak
2025_09_15_Re4StRes_T1_DSV/IMG_3096.JPG,plot_5100e524f84c956c18b7,dsv_asendorf_t1_bbch11,/home/nfs/data/nvme_datasets/Pictures_CFSB_leaf_damage/2025_09_15_Re4StRes_T1_DSV/IMG_3096.JPG,15.0,2.2383651733398438,1.862227439880371,-0.3761376738548279,13.137772560119629,12.761634826660156,rank,44,single_rater_weak
2025_09_15_Re4StRes_T1_DSV/IMG_3097.JPG,plot_c3c09c194700bb617aa1,dsv_asendorf_t1_bbch11,/home/nfs/data/nvme_datasets/Pictures_CFSB_leaf_damage/2025_09_15_Re4StRes_T1_DSV/IMG_3097.JPG,14.0,2.25296688079834,2.1776866912841797,-0.07528012245893478,11.82231330871582,11.74703311920166,rank,44,single_rater_weak
2025_09_15_Re4StRes_T1_DSV/IMG_3098.JPG,plot_c3c09c194700bb617aa1,dsv_asendorf_t1_bbch11,/home/nfs/data/nvme_datasets/Pictures_CFSB_leaf_damage/2025_09_15_Re4StRes_T1_DSV/IMG_3098.JPG,17.0,4.236663341522217,4.263003826141357,0.02634066343307495,12.736995697021484,12.763336181640625,rank,44,single_rater_weak
2025_09_15_Re4StRes_T1_DSV/IMG_3099.JPG,plot_c3c09c194700bb617aa1,dsv_asendorf_t1_bbch11,/home/nfs/data/nvme_datasets/Pictures_CFSB_leaf_damage/2025_09_15_Re4StRes_T1_DSV/IMG_3099.JPG,3.0,1.214141845703125,0.2766237258911133,-0.9375181198120117,2.7233762741088867,1.785858154296875,rank,44,single_rater_weak
2025_09_15_Re4StRes_T1_DSV/IMG_3099_2.JPG,plot_94e5641632f0dce0a05a,dsv_asendorf_t1_bbch11,/home/nfs/data/nvme_datasets/Pictures_CFSB_leaf_damage/2025_09_15_Re4StRes_T1_DSV/IMG_3099_2.JPG,12.0,3.297511577606201,2.91664981842041,-0.38086169958114624,9.08335018157959,8.70248794555664,rank,44,single_rater_weak
2025_09_15_Re4StRes_T1_DSV/IMG_3101.JPG,plot_94e5641632f0dce0a05a,dsv_asendorf_t1_bbch11,/home/nfs/data/nvme_datasets/Pictures_CFSB_leaf_damage/2025_09_15_Re4StRes_T1_DSV/IMG_3101.JPG,5.0,1.6814327239990234,1.435067057609558,-0.24636563658714294,3.5649328231811523,3.3185672760009766,rank,44,single_rater_weak
2025_09_15_Re4StRes_T1_DSV/IMG_3102.JPG,plot_94e5641632f0dce0a05a,dsv_asendorf_t1_bbch11,/home/nfs/data/nvme_datasets/Pictures_CFSB_leaf_damage/2025_09_15_Re4StRes_T1_DSV/IMG_3102.JPG,9.0,2.55192232131958,1.9686613082885742,-0.5832609534263611,7.031338691711426,6.44807767868042,rank,44,single_rater_weak
2025_09_15_Re4StRes_T1_DSV/IMG_3103.JPG,plot_25a7d10c39cb9d0d2f47,dsv_asendorf_t1_bbch11,/home/nfs/data/nvme_datasets/Pictures_CFSB_leaf_damage/2025_09_15_Re4StRes_T1_DSV/IMG_3103.JPG,3.0,0.3089618682861328,0.10080987215042114,-0.20815199613571167,2.8991901874542236,2.691038131713867,rank,44,single_rater_weak
2025_09_15_Re4StRes_T1_DSV/IMG_3104.JPG,plot_25a7d10c39cb9d0d2f47,dsv_asendorf_t1_bbch11,/home/nfs/data/nvme_datasets/Pictures_CFSB_leaf_damage/2025_09_15_Re4StRes_T1_DSV/IMG_3104.JPG,3.0,4.065129280090332,4.45570182800293,0.3905723989009857,1.4557018280029297,1.065129280090332,rank,44,single_rater_weak
2025_09_15_Re4StRes_T1_DSV/IMG_3104_2.JPG,plot_25a7d10c39cb9d0d2f47,dsv_asendorf_t1_bbch11,/home/nfs/data/nvme_datasets/Pictures_CFSB_leaf_damage/2025_09_15_Re4StRes_T1_DSV/IMG_3104_2.JPG,15.0,3.8527796268463135,3.755770206451416,-0.09700953215360641,11.244230270385742,11.147220611572266,rank,44,single_rater_weak
2025_09_15_Re4StRes_T1_DSV/IMG_3106.JPG,plot_2e1a2f00c33795668ec5,dsv_asendorf_t1_bbch11,/home/nfs/data/nvme_datasets/Pictures_CFSB_leaf_damage/2025_09_15_Re4StRes_T1_DSV/IMG_3106.JPG,18.0,16.6096134185791,16.789438247680664,0.17982490360736847,1.210561752319336,1.3903865814208984,rank,44,single_rater_weak
2025_09_15_Re4StRes_T1_DSV/IMG_3107.JPG,plot_2e1a2f00c33795668ec5,dsv_asendorf_t1_bbch11,/home/nfs/data/nvme_datasets/Pictures_CFSB_leaf_damage/2025_09_15_Re4StRes_T1_DSV/IMG_3107.JPG,6.0,6.89410924911499,7.741631507873535,0.8475220799446106,1.7416315078735352,0.8941092491149902,rank,44,single_rater_weak
2025_09_15_Re4StRes_T1_DSV/IMG_3109.JPG,plot_2e1a2f00c33795668ec5,dsv_asendorf_t1_bbch11,/home/nfs/data/nvme_datasets/Pictures_CFSB_leaf_damage/2025_09_15_Re4StRes_T1_DSV/IMG_3109.JPG,3.0,6.086594581604004,6.79545259475708,0.708858072757721,3.79545259475708,3.086594581604004,rank,44,single_rater_weak
2025_09_15_Re4StRes_T1_DSV/IMG_3110.JPG,plot_8f97ab14ca366f893551,dsv_asendorf_t1_bbch11,/home/nfs/data/nvme_datasets/Pictures_CFSB_leaf_damage/2025_09_15_Re4StRes_T1_DSV/IMG_3110.JPG,2.0,6.009902000427246,6.333975315093994,0.3240731954574585,4.333975315093994,4.009902000427246,rank,44,single_rater_weak
2025_09_15_Re4StRes_T1_DSV/IMG_3111.JPG,plot_8f97ab14ca366f893551,dsv_asendorf_t1_bbch11,/home/nfs/data/nvme_datasets/Pictures_CFSB_leaf_damage/2025_09_15_Re4StRes_T1_DSV/IMG_3111.JPG,3.0,3.907872438430786,4.560240745544434,0.6523683071136475,1.5602407455444336,0.9078724384307861,rank,44,single_rater_weak
2025_09_15_Re4StRes_T1_DSV/IMG_3112.JPG,plot_8f97ab14ca366f893551,dsv_asendorf_t1_bbch11,/home/nfs/data/nvme_datasets/Pictures_CFSB_leaf_damage/2025_09_15_Re4StRes_T1_DSV/IMG_3112.JPG,2.0,3.7889010906219482,4.135519027709961,0.3466179370880127,2.135519027709961,1.7889010906219482,rank,44,single_rater_weak
2025_09_15_Re4StRes_T1_DSV/IMG_3113.JPG,plot_45e5d47a775c5c22c387,dsv_asendorf_t1_bbch11,/home/nfs/data/nvme_datasets/Pictures_CFSB_leaf_damage/2025_09_15_Re4StRes_T1_DSV/IMG_3113.JPG,3.0,3.1972150802612305,3.6535253524780273,0.45631036162376404,0.6535253524780273,0.19721508026123047,rank,44,single_rater_weak
2025_09_15_Re4StRes_T1_DSV/IMG_3114.JPG,plot_45e5d47a775c5c22c387,dsv_asendorf_t1_bbch11,/home/nfs/data/nvme_datasets/Pictures_CFSB_leaf_damage/2025_09_15_Re4StRes_T1_DSV/IMG_3114.JPG,48.0,13.302993774414062,13.51367473602295,0.2106807827949524,34.486324310302734,34.69700622558594,rank,44,single_rater_weak
2025_09_15_Re4StRes_T1_DSV/IMG_3115.JPG,plot_45e5d47a775c5c22c387,dsv_asendorf_t1_bbch11,/home/nfs/data/nvme_datasets/Pictures_CFSB_leaf_damage/2025_09_15_Re4StRes_T1_DSV/IMG_3115.JPG,4.0,3.1438255310058594,3.700110673904419,0.5562851428985596,0.29988932609558105,0.8561744689941406,rank,44,single_rater_weak
2025_09_15_Re4StRes_T1_DSV/IMG_3116.JPG,plot_c045065644851d981f21,dsv_asendorf_t1_bbch11,/home/nfs/data/nvme_datasets/Pictures_CFSB_leaf_damage/2025_09_15_Re4StRes_T1_DSV/IMG_3116.JPG,25.0,3.9443469047546387,4.3661651611328125,0.4218183159828186,20.633834838867188,21.055652618408203,rank,44,single_rater_weak
2025_09_15_Re4StRes_T1_DSV/IMG_3117.JPG,plot_c045065644851d981f21,dsv_asendorf_t1_bbch11,/home/nfs/data/nvme_datasets/Pictures_CFSB_leaf_damage/2025_09_15_Re4StRes_T1_DSV/IMG_3117.JPG,16.0,8.977635383605957,9.601648330688477,0.6240125298500061,6.398351669311523,7.022364616394043,rank,44,single_rater_weak
2025_09_15_Re4StRes_T1_DSV/IMG_3118.JPG,plot_c045065644851d981f21,dsv_asendorf_t1_bbch11,/home/nfs/data/nvme_datasets/Pictures_CFSB_leaf_damage/2025_09_15_Re4StRes_T1_DSV/IMG_3118.JPG,14.0,2.99575138092041,3.428513526916504,0.4327622056007385,10.571486473083496,11.00424861907959,rank,44,single_rater_weak
2025_09_15_Re4StRes_T1_DSV/IMG_3119.JPG,plot_e468f5dd8b1b730b76d1,dsv_asendorf_t1_bbch11,/home/nfs/data/nvme_datasets/Pictures_CFSB_leaf_damage/2025_09_15_Re4StRes_T1_DSV/IMG_3119.JPG,3.0,1.1895503997802734,1.279700756072998,0.09015030413866043,1.720299243927002,1.8104496002197266,rank,44,single_rater_weak
2025_09_15_Re4StRes_T1_DSV/IMG_3120.JPG,plot_e468f5dd8b1b730b76d1,dsv_asendorf_t1_bbch11,/home/nfs/data/nvme_datasets/Pictures_CFSB_leaf_damage/2025_09_15_Re4StRes_T1_DSV/IMG_3120.JPG,45.0,3.2047576904296875,3.8620409965515137,0.6572833061218262,41.13795852661133,41.79524230957031,rank,44,single_rater_weak
2025_09_15_Re4StRes_T1_DSV/IMG_3121.JPG,plot_e468f5dd8b1b730b76d1,dsv_asendorf_t1_bbch11,/home/nfs/data/nvme_datasets/Pictures_CFSB_leaf_damage/2025_09_15_Re4StRes_T1_DSV/IMG_3121.JPG,2.0,1.9378910064697266,2.590437412261963,0.6525463461875916,0.5904374122619629,0.06210899353027344,rank,44,single_rater_weak
2025_09_15_Re4StRes_T1_DSV/IMG_3122.JPG,plot_6cb9d13e71aef46deb58,dsv_asendorf_t1_bbch11,/home/nfs/data/nvme_datasets/Pictures_CFSB_leaf_damage/2025_09_15_Re4StRes_T1_DSV/IMG_3122.JPG,3.0,3.5128231048583984,3.9548137187957764,0.44199055433273315,0.9548137187957764,0.5128231048583984,rank,44,single_rater_weak
2025_09_15_Re4StRes_T1_DSV/IMG_3123.JPG,plot_6cb9d13e71aef46deb58,dsv_asendorf_t1_bbch11,/home/nfs/data/nvme_datasets/Pictures_CFSB_leaf_damage/2025_09_15_Re4StRes_T1_DSV/IMG_3123.JPG,3.0,3.5465712547302246,3.77569317817688,0.2291218787431717,0.7756931781768799,0.5465712547302246,rank,44,single_rater_weak
2025_09_15_Re4StRes_T1_DSV/IMG_3124.JPG,plot_6cb9d13e71aef46deb58,dsv_asendorf_t1_bbch11,/home/nfs/data/nvme_datasets/Pictures_CFSB_leaf_damage/2025_09_15_Re4StRes_T1_DSV/IMG_3124.JPG,2.0,2.514031410217285,2.6459062099456787,0.13187488913536072,0.6459062099456787,0.5140314102172852,rank,44,single_rater_weak
2025_09_15_Re4StRes_T1_DSV/IMG_3126.JPG,plot_1e2dcb74caaf75a16ad2,dsv_asendorf_t1_bbch11,/home/nfs/data/nvme_datasets/Pictures_CFSB_leaf_damage/2025_09_15_Re4StRes_T1_DSV/IMG_3126.JPG,3.0,12.266050338745117,12.203038215637207,-0.06301233172416687,9.203038215637207,9.266050338745117,rank,44,single_rater_weak
2025_09_15_Re4StRes_T1_DSV/IMG_3127.JPG,plot_1e2dcb74caaf75a16ad2,dsv_asendorf_t1_bbch11,/home/nfs/data/nvme_datasets/Pictures_CFSB_leaf_damage/2025_09_15_Re4StRes_T1_DSV/IMG_3127.JPG,4.0,12.286869049072266,12.730692863464355,0.4438234567642212,8.730692863464355,8.286869049072266,rank,44,single_rater_weak
2025_09_15_Re4StRes_T1_DSV/IMG_3128.JPG,plot_1e2dcb74caaf75a16ad2,dsv_asendorf_t1_bbch11,/home/nfs/data/nvme_datasets/Pictures_CFSB_leaf_damage/2025_09_15_Re4StRes_T1_DSV/IMG_3128.JPG,5.0,4.679406642913818,5.04410982131958,0.364702969789505,0.04410982131958008,0.32059335708618164,rank,44,single_rater_weak
2025_09_15_Re4StRes_T1_DSV/IMG_3129.JPG,plot_ea34f182d30f6a058201,dsv_asendorf_t1_bbch11,/home/nfs/data/nvme_datasets/Pictures_CFSB_leaf_damage/2025_09_15_Re4StRes_T1_DSV/IMG_3129.JPG,2.0,4.2683844566345215,4.732977390289307,0.4645928740501404,2.7329773902893066,2.2683844566345215,rank,44,single_rater_weak
2025_09_15_Re4StRes_T1_DSV/IMG_3130.JPG,plot_ea34f182d30f6a058201,dsv_asendorf_t1_bbch11,/home/nfs/data/nvme_datasets/Pictures_CFSB_leaf_damage/2025_09_15_Re4StRes_T1_DSV/IMG_3130.JPG,3.0,3.0013890266418457,2.8177998065948486,-0.1835891753435135,0.18220019340515137,0.0013890266418457031,rank,44,single_rater_weak
2025_09_15_Re4StRes_T1_DSV/IMG_3131.JPG,plot_ea34f182d30f6a058201,dsv_asendorf_t1_bbch11,/home/nfs/data/nvme_datasets/Pictures_CFSB_leaf_damage/2025_09_15_Re4StRes_T1_DSV/IMG_3131.JPG,2.0,1.9552764892578125,2.2907700538635254,0.3354935348033905,0.2907700538635254,0.0447235107421875,rank,44,single_rater_weak
2025_09_15_Re4StRes_T1_DSV/IMG_3132.JPG,plot_a90588857c6940d985e9,dsv_asendorf_t1_bbch11,/home/nfs/data/nvme_datasets/Pictures_CFSB_leaf_damage/2025_09_15_Re4StRes_T1_DSV/IMG_3132.JPG,3.0,1.7396979331970215,1.4965310096740723,-0.2431669682264328,1.5034689903259277,1.2603020668029785,rank,44,single_rater_weak
2025_09_15_Re4StRes_T1_DSV/IMG_3133.JPG,plot_a90588857c6940d985e9,dsv_asendorf_t1_bbch11,/home/nfs/data/nvme_datasets/Pictures_CFSB_leaf_damage/2025_09_15_Re4StRes_T1_DSV/IMG_3133.JPG,2.0,0.49309730529785156,0.9465705156326294,0.45347321033477783,1.0534294843673706,1.5069026947021484,rank,44,single_rater_weak
2025_09_15_Re4StRes_T1_DSV/IMG_3134.JPG,plot_a90588857c6940d985e9,dsv_asendorf_t1_bbch11,/home/nfs/data/nvme_datasets/Pictures_CFSB_leaf_damage/2025_09_15_Re4StRes_T1_DSV/IMG_3134.JPG,3.0,2.0919089317321777,2.122624158859253,0.030715283006429672,0.8773758411407471,0.9080910682678223,rank,44,single_rater_weak
2025_09_15_Re4StRes_T1_DSV/IMG_3135.JPG,plot_119a975033e716bf35c7,dsv_asendorf_t1_bbch11,/home/nfs/data/nvme_datasets/Pictures_CFSB_leaf_damage/2025_09_15_Re4StRes_T1_DSV/IMG_3135.JPG,4.0,2.6203413009643555,2.9619500637054443,0.34160885214805603,1.0380499362945557,1.3796586990356445,rank,44,single_rater_weak
2025_09_15_Re4StRes_T1_DSV/IMG_3136.JPG,plot_119a975033e716bf35c7,dsv_asendorf_t1_bbch11,/home/nfs/data/nvme_datasets/Pictures_CFSB_leaf_damage/2025_09_15_Re4StRes_T1_DSV/IMG_3136.JPG,2.0,3.7810277938842773,4.471201419830322,0.6901735067367554,2.4712014198303223,1.7810277938842773,rank,44,single_rater_weak
2025_09_15_Re4StRes_T1_DSV/IMG_3137.JPG,plot_119a975033e716bf35c7,dsv_asendorf_t1_bbch11,/home/nfs/data/nvme_datasets/Pictures_CFSB_leaf_damage/2025_09_15_Re4StRes_T1_DSV/IMG_3137.JPG,2.0,3.2859034538269043,4.137839317321777,0.851935863494873,2.1378393173217773,1.2859034538269043,rank,44,single_rater_weak
2025_09_15_Re4StRes_T1_DSV/IMG_3138.JPG,plot_8b3c956191aca614ae52,dsv_asendorf_t1_bbch11,/home/nfs/data/nvme_datasets/Pictures_CFSB_leaf_damage/2025_09_15_Re4StRes_T1_DSV/IMG_3138.JPG,5.0,9.367469787597656,9.839001655578613,0.47153201699256897,4.839001655578613,4.367469787597656,rank,44,single_rater_weak
2025_09_15_Re4StRes_T1_DSV/IMG_3139.JPG,plot_8b3c956191aca614ae52,dsv_asendorf_t1_bbch11,/home/nfs/data/nvme_datasets/Pictures_CFSB_leaf_damage/2025_09_15_Re4StRes_T1_DSV/IMG_3139.JPG,3.0,4.244006633758545,4.79477071762085,0.550764262676239,1.7947707176208496,1.244006633758545,rank,44,single_rater_weak
2025_09_15_Re4StRes_T1_DSV/IMG_3140.JPG,plot_8b3c956191aca614ae52,dsv_asendorf_t1_bbch11,/home/nfs/data/nvme_datasets/Pictures_CFSB_leaf_damage/2025_09_15_Re4StRes_T1_DSV/IMG_3140.JPG,3.0,5.4611496925354,6.0112152099609375,0.5500654578208923,3.0112152099609375,2.4611496925354004,rank,44,single_rater_weak
2025_09_15_Re4StRes_T1_DSV/IMG_3141.JPG,plot_211c30fcd4fa6d8b7d89,dsv_asendorf_t1_bbch11,/home/nfs/data/nvme_datasets/Pictures_CFSB_leaf_damage/2025_09_15_Re4StRes_T1_DSV/IMG_3141.JPG,4.0,5.192996025085449,6.0695576667785645,0.8765615224838257,2.0695576667785645,1.1929960250854492,rank,44,single_rater_weak
2025_09_15_Re4StRes_T1_DSV/IMG_3142.JPG,plot_211c30fcd4fa6d8b7d89,dsv_asendorf_t1_bbch11,/home/nfs/data/nvme_datasets/Pictures_CFSB_leaf_damage/2025_09_15_Re4StRes_T1_DSV/IMG_3142.JPG,3.0,5.6278300285339355,6.557347297668457,0.9295175075531006,3.557347297668457,2.6278300285339355,rank,44,single_rater_weak
2025_09_15_Re4StRes_T1_DSV/IMG_3143.JPG,plot_211c30fcd4fa6d8b7d89,dsv_asendorf_t1_bbch11,/home/nfs/data/nvme_datasets/Pictures_CFSB_leaf_damage/2025_09_15_Re4StRes_T1_DSV/IMG_3143.JPG,3.0,8.013126373291016,9.106039047241211,1.0929131507873535,6.106039047241211,5.013126373291016,rank,44,single_rater_weak
2025_09_15_Re4StRes_T1_DSV/IMG_3144.JPG,plot_b110edf915a30daabf56,dsv_asendorf_t1_bbch11,/home/nfs/data/nvme_datasets/Pictures_CFSB_leaf_damage/2025_09_15_Re4StRes_T1_DSV/IMG_3144.JPG,2.0,5.1649580001831055,5.863632678985596,0.6986745595932007,3.8636326789855957,3.1649580001831055,rank,44,single_rater_weak
2025_09_15_Re4StRes_T1_DSV/IMG_3145.JPG,plot_b110edf915a30daabf56,dsv_asendorf_t1_bbch11,/home/nfs/data/nvme_datasets/Pictures_CFSB_leaf_damage/2025_09_15_Re4StRes_T1_DSV/IMG_3145.JPG,2.0,3.5878376960754395,4.007115840911865,0.41927820444107056,2.0071158409118652,1.5878376960754395,rank,44,single_rater_weak
2025_09_15_Re4StRes_T1_DSV/IMG_3146.JPG,plot_b110edf915a30daabf56,dsv_asendorf_t1_bbch11,/home/nfs/data/nvme_datasets/Pictures_CFSB_leaf_damage/2025_09_15_Re4StRes_T1_DSV/IMG_3146.JPG,2.0,4.07967472076416,4.850385665893555,0.7707107067108154,2.8503856658935547,2.07967472076416,rank,44,single_rater_weak
2025_09_15_Re4StRes_T1_DSV/IMG_3146_2.JPG,plot_097a5780d7d7a5ec62e5,dsv_asendorf_t1_bbch11,/home/nfs/data/nvme_datasets/Pictures_CFSB_leaf_damage/2025_09_15_Re4StRes_T1_DSV/IMG_3146_2.JPG,4.0,1.5379114151000977,1.5743370056152344,0.036425575613975525,2.4256629943847656,2.4620885848999023,rank,44,single_rater_weak
2025_09_15_Re4StRes_T1_DSV/IMG_3148.JPG,plot_097a5780d7d7a5ec62e5,dsv_asendorf_t1_bbch11,/home/nfs/data/nvme_datasets/Pictures_CFSB_leaf_damage/2025_09_15_Re4StRes_T1_DSV/IMG_3148.JPG,2.0,4.7881622314453125,5.494698524475098,0.7065362930297852,3.4946985244750977,2.7881622314453125,rank,44,single_rater_weak
2025_09_15_Re4StRes_T1_DSV/IMG_3150.JPG,plot_097a5780d7d7a5ec62e5,dsv_asendorf_t1_bbch11,/home/nfs/data/nvme_datasets/Pictures_CFSB_leaf_damage/2025_09_15_Re4StRes_T1_DSV/IMG_3150.JPG,2.0,3.3172531127929688,3.7010385990142822,0.38378551602363586,1.7010385990142822,1.3172531127929688,rank,44,single_rater_weak
2025_09_15_Re4StRes_T1_DSV/IMG_3151.JPG,plot_40a61238035691d9bbef,dsv_asendorf_t1_bbch11,/home/nfs/data/nvme_datasets/Pictures_CFSB_leaf_damage/2025_09_15_Re4StRes_T1_DSV/IMG_3151.JPG,3.0,4.088446617126465,4.472778797149658,0.3843321204185486,1.4727787971496582,1.0884466171264648,rank,44,single_rater_weak
2025_09_15_Re4StRes_T1_DSV/IMG_3152.JPG,plot_40a61238035691d9bbef,dsv_asendorf_t1_bbch11,/home/nfs/data/nvme_datasets/Pictures_CFSB_leaf_damage/2025_09_15_Re4StRes_T1_DSV/IMG_3152.JPG,10.0,3.2407398223876953,3.8223953247070312,0.5816556215286255,6.177604675292969,6.759260177612305,rank,44,single_rater_weak
2025_09_15_Re4StRes_T1_DSV/IMG_3153.JPG,plot_40a61238035691d9bbef,dsv_asendorf_t1_bbch11,/home/nfs/data/nvme_datasets/Pictures_CFSB_leaf_damage/2025_09_15_Re4StRes_T1_DSV/IMG_3153.JPG,3.0,2.7958483695983887,3.031024694442749,0.23517635464668274,0.031024694442749023,0.20415163040161133,rank,44,single_rater_weak
2025_09_15_Re4StRes_T1_DSV/IMG_3154.JPG,plot_5df77eb15df5145ba912,dsv_asendorf_t1_bbch11,/home/nfs/data/nvme_datasets/Pictures_CFSB_leaf_damage/2025_09_15_Re4StRes_T1_DSV/IMG_3154.JPG,2.0,3.6422903537750244,4.504100799560547,0.8618106842041016,2.504100799560547,1.6422903537750244,rank,44,single_rater_weak
2025_09_15_Re4StRes_T1_DSV/IMG_3155.JPG,plot_5df77eb15df5145ba912,dsv_asendorf_t1_bbch11,/home/nfs/data/nvme_datasets/Pictures_CFSB_leaf_damage/2025_09_15_Re4StRes_T1_DSV/IMG_3155.JPG,2.0,4.602785110473633,5.290382385253906,0.6875972747802734,3.2903823852539062,2.602785110473633,rank,44,single_rater_weak
2025_09_15_Re4StRes_T1_DSV/IMG_3156.JPG,plot_5df77eb15df5145ba912,dsv_asendorf_t1_bbch11,/home/nfs/data/nvme_datasets/Pictures_CFSB_leaf_damage/2025_09_15_Re4StRes_T1_DSV/IMG_3156.JPG,4.0,6.302677154541016,6.938096046447754,0.6354188919067383,2.938096046447754,2.3026771545410156,rank,44,single_rater_weak
2025_09_15_Re4StRes_T1_DSV/IMG_3157.JPG,plot_ca56a0a042e3c9becb07,dsv_asendorf_t1_bbch11,/home/nfs/data/nvme_datasets/Pictures_CFSB_leaf_damage/2025_09_15_Re4StRes_T1_DSV/IMG_3157.JPG,3.0,3.1058430671691895,3.3565852642059326,0.2507421672344208,0.3565852642059326,0.10584306716918945,rank,44,single_rater_weak
2025_09_15_Re4StRes_T1_DSV/IMG_3158.JPG,plot_ca56a0a042e3c9becb07,dsv_asendorf_t1_bbch11,/home/nfs/data/nvme_datasets/Pictures_CFSB_leaf_damage/2025_09_15_Re4StRes_T1_DSV/IMG_3158.JPG,2.0,3.285609722137451,3.9901936054229736,0.7045838832855225,1.9901936054229736,1.2856097221374512,rank,44,single_rater_weak
2025_09_15_Re4StRes_T1_DSV/IMG_3159.JPG,plot_ca56a0a042e3c9becb07,dsv_asendorf_t1_bbch11,/home/nfs/data/nvme_datasets/Pictures_CFSB_leaf_damage/2025_09_15_Re4StRes_T1_DSV/IMG_3159.JPG,21.0,3.5889828205108643,4.312666893005371,0.7236838936805725,16.687332153320312,17.4110164642334,rank,44,single_rater_weak
2025_09_15_Re4StRes_T1_DSV/IMG_3160.JPG,plot_b98e4d9359ffdf235e1f,dsv_asendorf_t1_bbch11,/home/nfs/data/nvme_datasets/Pictures_CFSB_leaf_damage/2025_09_15_Re4StRes_T1_DSV/IMG_3160.JPG,8.0,1.576568603515625,1.6663483381271362,0.08977975696325302,6.333651542663574,6.423431396484375,rank,44,single_rater_weak
2025_09_15_Re4StRes_T1_DSV/IMG_3161.JPG,plot_b98e4d9359ffdf235e1f,dsv_asendorf_t1_bbch11,/home/nfs/data/nvme_datasets/Pictures_CFSB_leaf_damage/2025_09_15_Re4StRes_T1_DSV/IMG_3161.JPG,6.0,2.1697912216186523,2.8180575370788574,0.6482663154602051,3.1819424629211426,3.8302087783813477,rank,44,single_rater_weak
2025_09_15_Re4StRes_T1_DSV/IMG_3162.JPG,plot_b98e4d9359ffdf235e1f,dsv_asendorf_t1_bbch11,/home/nfs/data/nvme_datasets/Pictures_CFSB_leaf_damage/2025_09_15_Re4StRes_T1_DSV/IMG_3162.JPG,3.0,3.8823306560516357,4.5607452392578125,0.6784145832061768,1.5607452392578125,0.8823306560516357,rank,44,single_rater_weak
2025_09_15_Re4StRes_T1_DSV/IMG_3163.JPG,plot_73f361754eddb6b5326a,dsv_asendorf_t1_bbch11,/home/nfs/data/nvme_datasets/Pictures_CFSB_leaf_damage/2025_09_15_Re4StRes_T1_DSV/IMG_3163.JPG,2.0,6.92376184463501,7.633485794067383,0.709723711013794,5.633485794067383,4.92376184463501,rank,44,single_rater_weak
2025_09_15_Re4StRes_T1_DSV/IMG_3164.JPG,plot_73f361754eddb6b5326a,dsv_asendorf_t1_bbch11,/home/nfs/data/nvme_datasets/Pictures_CFSB_leaf_damage/2025_09_15_Re4StRes_T1_DSV/IMG_3164.JPG,3.0,13.020712852478027,13.154230117797852,0.1335170716047287,10.154230117797852,10.020712852478027,rank,44,single_rater_weak
2025_09_15_Re4StRes_T1_DSV/IMG_3165.JPG,plot_73f361754eddb6b5326a,dsv_asendorf_t1_bbch11,/home/nfs/data/nvme_datasets/Pictures_CFSB_leaf_damage/2025_09_15_Re4StRes_T1_DSV/IMG_3165.JPG,2.0,3.6106371879577637,4.608624458312988,0.9979875087738037,2.6086244583129883,1.6106371879577637,rank,44,single_rater_weak
2025_09_15_Re4StRes_T1_DSV/IMG_3169.JPG,plot_945d05724acc18ae7225,dsv_asendorf_t1_bbch11,/home/nfs/data/nvme_datasets/Pictures_CFSB_leaf_damage/2025_09_15_Re4StRes_T1_DSV/IMG_3169.JPG,2.0,9.566378593444824,10.23741340637207,0.6710347533226013,8.23741340637207,7.566378593444824,rank,44,single_rater_weak
2025_09_15_Re4StRes_T1_DSV/IMG_3170.JPG,plot_945d05724acc18ae7225,dsv_asendorf_t1_bbch11,/home/nfs/data/nvme_datasets/Pictures_CFSB_leaf_damage/2025_09_15_Re4StRes_T1_DSV/IMG_3170.JPG,3.0,9.100582122802734,9.034747123718262,-0.06583516299724579,6.034747123718262,6.100582122802734,rank,44,single_rater_weak
2025_09_15_Re4StRes_T1_DSV/IMG_3171.JPG,plot_945d05724acc18ae7225,dsv_asendorf_t1_bbch11,/home/nfs/data/nvme_datasets/Pictures_CFSB_leaf_damage/2025_09_15_Re4StRes_T1_DSV/IMG_3171.JPG,26.0,12.452152252197266,13.247175216674805,0.7950229644775391,12.752824783325195,13.547847747802734,rank,44,single_rater_weak
2025_09_15_Re4StRes_T1_DSV/IMG_3172.JPG,plot_aaf5cb0e7c43e9e13fc7,dsv_asendorf_t1_bbch11,/home/nfs/data/nvme_datasets/Pictures_CFSB_leaf_damage/2025_09_15_Re4StRes_T1_DSV/IMG_3172.JPG,3.0,6.300771713256836,6.520291328430176,0.2195197194814682,3.520291328430176,3.300771713256836,rank,44,single_rater_weak
2025_09_15_Re4StRes_T1_DSV/IMG_3173.JPG,plot_aaf5cb0e7c43e9e13fc7,dsv_asendorf_t1_bbch11,/home/nfs/data/nvme_datasets/Pictures_CFSB_leaf_damage/2025_09_15_Re4StRes_T1_DSV/IMG_3173.JPG,2.0,4.669383525848389,5.019168376922607,0.34978505969047546,3.0191683769226074,2.6693835258483887,rank,44,single_rater_weak
2025_09_15_Re4StRes_T1_DSV/IMG_3174.JPG,plot_aaf5cb0e7c43e9e13fc7,dsv_asendorf_t1_bbch11,/home/nfs/data/nvme_datasets/Pictures_CFSB_leaf_damage/2025_09_15_Re4StRes_T1_DSV/IMG_3174.JPG,5.0,14.925565719604492,14.400477409362793,-0.5250881910324097,9.400477409362793,9.925565719604492,rank,44,single_rater_weak
2025_09_15_Re4StRes_T1_DSV/IMG_3175.JPG,plot_b80269ea15d9e812ebb1,dsv_asendorf_t1_bbch11,/home/nfs/data/nvme_datasets/Pictures_CFSB_leaf_damage/2025_09_15_Re4StRes_T1_DSV/IMG_3175.JPG,4.0,10.527118682861328,10.749948501586914,0.22282975912094116,6.749948501586914,6.527118682861328,rank,44,single_rater_weak
2025_09_15_Re4StRes_T1_DSV/IMG_3176.JPG,plot_b80269ea15d9e812ebb1,dsv_asendorf_t1_bbch11,/home/nfs/data/nvme_datasets/Pictures_CFSB_leaf_damage/2025_09_15_Re4StRes_T1_DSV/IMG_3176.JPG,3.0,6.65133810043335,7.17470645904541,0.5233682990074158,4.17470645904541,3.6513381004333496,rank,44,single_rater_weak
2025_09_15_Re4StRes_T1_DSV/IMG_3177.JPG,plot_b80269ea15d9e812ebb1,dsv_asendorf_t1_bbch11,/home/nfs/data/nvme_datasets/Pictures_CFSB_leaf_damage/2025_09_15_Re4StRes_T1_DSV/IMG_3177.JPG,2.0,7.010120391845703,7.704723358154297,0.6946030259132385,5.704723358154297,5.010120391845703,rank,44,single_rater_weak
2025_09_15_Re4StRes_T1_DSV/IMG_3178.JPG,plot_25f666fca951a0f5e945,dsv_asendorf_t1_bbch11,/home/nfs/data/nvme_datasets/Pictures_CFSB_leaf_damage/2025_09_15_Re4StRes_T1_DSV/IMG_3178.JPG,4.0,5.080422878265381,5.568343162536621,0.48792052268981934,1.568343162536621,1.0804228782653809,rank,44,single_rater_weak
2025_09_15_Re4StRes_T1_DSV/IMG_3179.JPG,plot_25f666fca951a0f5e945,dsv_asendorf_t1_bbch11,/home/nfs/data/nvme_datasets/Pictures_CFSB_leaf_damage/2025_09_15_Re4StRes_T1_DSV/IMG_3179.JPG,3.0,7.483114242553711,7.871923923492432,0.38880959153175354,4.871923923492432,4.483114242553711,rank,44,single_rater_weak
2025_09_15_Re4StRes_T1_DSV/IMG_3180.JPG,plot_25f666fca951a0f5e945,dsv_asendorf_t1_bbch11,/home/nfs/data/nvme_datasets/Pictures_CFSB_leaf_damage/2025_09_15_Re4StRes_T1_DSV/IMG_3180.JPG,5.0,8.081583976745605,8.31867504119873,0.2370907962322235,3.3186750411987305,3.0815839767456055,rank,44,single_rater_weak
2025_09_15_Re4StRes_T1_DSV/IMG_3181.JPG,plot_a35f549b6adb23ddedb3,dsv_asendorf_t1_bbch11,/home/nfs/data/nvme_datasets/Pictures_CFSB_leaf_damage/2025_09_15_Re4StRes_T1_DSV/IMG_3181.JPG,2.0,10.158775329589844,10.333662033081055,0.17488688230514526,8.333662033081055,8.158775329589844,rank,44,single_rater_weak
2025_09_15_Re4StRes_T1_DSV/IMG_3182.JPG,plot_a35f549b6adb23ddedb3,dsv_asendorf_t1_bbch11,/home/nfs/data/nvme_datasets/Pictures_CFSB_leaf_damage/2025_09_15_Re4StRes_T1_DSV/IMG_3182.JPG,3.0,7.699751853942871,7.93771505355835,0.23796303570270538,4.93771505355835,4.699751853942871,rank,44,single_rater_weak
2025_09_15_Re4StRes_T1_DSV/IMG_3183.JPG,plot_a35f549b6adb23ddedb3,dsv_asendorf_t1_bbch11,/home/nfs/data/nvme_datasets/Pictures_CFSB_leaf_damage/2025_09_15_Re4StRes_T1_DSV/IMG_3183.JPG,4.0,14.700122833251953,14.750531196594238,0.050408560782670975,10.750531196594238,10.700122833251953,rank,44,single_rater_weak
2025_09_15_Re4StRes_T1_DSV/IMG_3184.JPG,plot_cfe78efc9fbf34b7f4b9,dsv_asendorf_t1_bbch11,/home/nfs/data/nvme_datasets/Pictures_CFSB_leaf_damage/2025_09_15_Re4StRes_T1_DSV/IMG_3184.JPG,3.0,6.486600875854492,7.06942081451416,0.5828199982643127,4.06942081451416,3.486600875854492,rank,44,single_rater_weak
2025_09_15_Re4StRes_T1_DSV/IMG_3185.JPG,plot_cfe78efc9fbf34b7f4b9,dsv_asendorf_t1_bbch11,/home/nfs/data/nvme_datasets/Pictures_CFSB_leaf_damage/2025_09_15_Re4StRes_T1_DSV/IMG_3185.JPG,5.0,12.92922592163086,13.468926429748535,0.5397008061408997,8.468926429748535,7.929225921630859,rank,44,single_rater_weak
2025_09_15_Re4StRes_T1_DSV/IMG_3186.JPG,plot_cfe78efc9fbf34b7f4b9,dsv_asendorf_t1_bbch11,/home/nfs/data/nvme_datasets/Pictures_CFSB_leaf_damage/2025_09_15_Re4StRes_T1_DSV/IMG_3186.JPG,4.0,12.246541976928711,12.210558891296387,-0.035983357578516006,8.210558891296387,8.246541976928711,rank,44,single_rater_weak
2025_09_15_Re4StRes_T1_DSV/IMG_3187.JPG,plot_a75bd7b0d3ff79351265,dsv_asendorf_t1_bbch11,/home/nfs/data/nvme_datasets/Pictures_CFSB_leaf_damage/2025_09_15_Re4StRes_T1_DSV/IMG_3187.JPG,3.0,4.639463901519775,5.608786106109619,0.9693222045898438,2.608786106109619,1.6394639015197754,rank,44,single_rater_weak
2025_09_15_Re4StRes_T1_DSV/IMG_3188.JPG,plot_a75bd7b0d3ff79351265,dsv_asendorf_t1_bbch11,/home/nfs/data/nvme_datasets/Pictures_CFSB_leaf_damage/2025_09_15_Re4StRes_T1_DSV/IMG_3188.JPG,2.0,5.510610580444336,6.699729919433594,1.1891192197799683,4.699729919433594,3.510610580444336,rank,44,single_rater_weak
2025_09_15_Re4StRes_T1_DSV/IMG_3189.JPG,plot_a75bd7b0d3ff79351265,dsv_asendorf_t1_bbch11,/home/nfs/data/nvme_datasets/Pictures_CFSB_leaf_damage/2025_09_15_Re4StRes_T1_DSV/IMG_3189.JPG,1.0,3.3455772399902344,4.529192924499512,1.1836156845092773,3.5291929244995117,2.3455772399902344,rank,44,single_rater_weak
2025_09_15_Re4StRes_T1_DSV/IMG_3190.JPG,plot_336d70e197749a85305d,dsv_asendorf_t1_bbch11,/home/nfs/data/nvme_datasets/Pictures_CFSB_leaf_damage/2025_09_15_Re4StRes_T1_DSV/IMG_3190.JPG,2.0,7.1462297439575195,8.07289981842041,0.926670491695404,6.07289981842041,5.1462297439575195,rank,44,single_rater_weak
2025_09_15_Re4StRes_T1_DSV/IMG_3191.JPG,plot_336d70e197749a85305d,dsv_asendorf_t1_bbch11,/home/nfs/data/nvme_datasets/Pictures_CFSB_leaf_damage/2025_09_15_Re4StRes_T1_DSV/IMG_3191.JPG,2.0,4.8879547119140625,5.93773078918457,1.0497761964797974,3.9377307891845703,2.8879547119140625,rank,44,single_rater_weak
2025_09_15_Re4StRes_T1_DSV/IMG_3192.JPG,plot_336d70e197749a85305d,dsv_asendorf_t1_bbch11,/home/nfs/data/nvme_datasets/Pictures_CFSB_leaf_damage/2025_09_15_Re4StRes_T1_DSV/IMG_3192.JPG,3.0,8.490324020385742,9.319008827209473,0.8286852240562439,6.319008827209473,5.490324020385742,rank,44,single_rater_weak
2025_09_15_Re4StRes_T1_DSV/IMG_3193.JPG,plot_72b1d0fc83e440054c83,dsv_asendorf_t1_bbch11,/home/nfs/data/nvme_datasets/Pictures_CFSB_leaf_damage/2025_09_15_Re4StRes_T1_DSV/IMG_3193.JPG,1.0,6.585760116577148,7.432400226593018,0.8466401100158691,6.432400226593018,5.585760116577148,rank,44,single_rater_weak
2025_09_15_Re4StRes_T1_DSV/IMG_3194.JPG,plot_72b1d0fc83e440054c83,dsv_asendorf_t1_bbch11,/home/nfs/data/nvme_datasets/Pictures_CFSB_leaf_damage/2025_09_15_Re4StRes_T1_DSV/IMG_3194.JPG,1.0,9.205995559692383,10.091286659240723,0.8852914571762085,9.091286659240723,8.205995559692383,rank,44,single_rater_weak
2025_09_15_Re4StRes_T1_DSV/IMG_3195.JPG,plot_72b1d0fc83e440054c83,dsv_asendorf_t1_bbch11,/home/nfs/data/nvme_datasets/Pictures_CFSB_leaf_damage/2025_09_15_Re4StRes_T1_DSV/IMG_3195.JPG,1.0,2.5957908630371094,3.480616569519043,0.8848258256912231,2.480616569519043,1.5957908630371094,rank,44,single_rater_weak
2025_09_15_Re4StRes_T1_DSV/IMG_3196.JPG,plot_a1803f305fedaf6b8aa4,dsv_asendorf_t1_bbch11,/home/nfs/data/nvme_datasets/Pictures_CFSB_leaf_damage/2025_09_15_Re4StRes_T1_DSV/IMG_3196.JPG,2.0,5.769084930419922,6.284083366394043,0.5149984359741211,4.284083366394043,3.769084930419922,rank,44,single_rater_weak
2025_09_15_Re4StRes_T1_DSV/IMG_3197.JPG,plot_a1803f305fedaf6b8aa4,dsv_asendorf_t1_bbch11,/home/nfs/data/nvme_datasets/Pictures_CFSB_leaf_damage/2025_09_15_Re4StRes_T1_DSV/IMG_3197.JPG,2.0,12.454526901245117,13.172843933105469,0.7183166742324829,11.172843933105469,10.454526901245117,rank,44,single_rater_weak
2025_09_15_Re4StRes_T1_DSV/IMG_3198.JPG,plot_a1803f305fedaf6b8aa4,dsv_asendorf_t1_bbch11,/home/nfs/data/nvme_datasets/Pictures_CFSB_leaf_damage/2025_09_15_Re4StRes_T1_DSV/IMG_3198.JPG,1.0,6.992740154266357,7.22434139251709,0.2316012978553772,6.22434139251709,5.992740154266357,rank,44,single_rater_weak
2025_09_15_Re4StRes_T1_DSV/IMG_3199.JPG,plot_a9ab88f04c34dafa250a,dsv_asendorf_t1_bbch11,/home/nfs/data/nvme_datasets/Pictures_CFSB_leaf_damage/2025_09_15_Re4StRes_T1_DSV/IMG_3199.JPG,2.0,4.7880120277404785,5.880365371704102,1.0923535823822021,3.8803653717041016,2.7880120277404785,rank,44,single_rater_weak
2025_09_15_Re4StRes_T1_DSV/IMG_3200.JPG,plot_a9ab88f04c34dafa250a,dsv_asendorf_t1_bbch11,/home/nfs/data/nvme_datasets/Pictures_CFSB_leaf_damage/2025_09_15_Re4StRes_T1_DSV/IMG_3200.JPG,2.0,9.296844482421875,9.933612823486328,0.6367678642272949,7.933612823486328,7.296844482421875,rank,44,single_rater_weak
2025_09_15_Re4StRes_T1_DSV/IMG_3201.JPG,plot_a9ab88f04c34dafa250a,dsv_asendorf_t1_bbch11,/home/nfs/data/nvme_datasets/Pictures_CFSB_leaf_damage/2025_09_15_Re4StRes_T1_DSV/IMG_3201.JPG,2.0,9.855751037597656,10.577756881713867,0.7220057249069214,8.577756881713867,7.855751037597656,rank,44,single_rater_weak
2025_09_15_Re4StRes_T1_DSV/IMG_3202.JPG,plot_60400e702bee57585895,dsv_asendorf_t1_bbch11,/home/nfs/data/nvme_datasets/Pictures_CFSB_leaf_damage/2025_09_15_Re4StRes_T1_DSV/IMG_3202.JPG,6.0,6.036959171295166,6.912209510803223,0.8752502202987671,0.9122095108032227,0.036959171295166016,rank,44,single_rater_weak
2025_09_15_Re4StRes_T1_DSV/IMG_3203.JPG,plot_60400e702bee57585895,dsv_asendorf_t1_bbch11,/home/nfs/data/nvme_datasets/Pictures_CFSB_leaf_damage/2025_09_15_Re4StRes_T1_DSV/IMG_3203.JPG,4.0,8.547225952148438,9.174043655395508,0.6268178820610046,5.174043655395508,4.5472259521484375,rank,44,single_rater_weak
2025_09_15_Re4StRes_T1_DSV/IMG_3204.JPG,plot_60400e702bee57585895,dsv_asendorf_t1_bbch11,/home/nfs/data/nvme_datasets/Pictures_CFSB_leaf_damage/2025_09_15_Re4StRes_T1_DSV/IMG_3204.JPG,1.0,2.980808734893799,3.732454776763916,0.7516460418701172,2.732454776763916,1.9808087348937988,rank,44,single_rater_weak
2025_09_15_Re4StRes_T1_DSV/IMG_3205.JPG,plot_2bbedc53a1730a8c1c06,dsv_asendorf_t1_bbch11,/home/nfs/data/nvme_datasets/Pictures_CFSB_leaf_damage/2025_09_15_Re4StRes_T1_DSV/IMG_3205.JPG,1.0,7.122015953063965,8.076531410217285,0.954515278339386,7.076531410217285,6.122015953063965,rank,44,single_rater_weak
2025_09_15_Re4StRes_T1_DSV/IMG_3206.JPG,plot_2bbedc53a1730a8c1c06,dsv_asendorf_t1_bbch11,/home/nfs/data/nvme_datasets/Pictures_CFSB_leaf_damage/2025_09_15_Re4StRes_T1_DSV/IMG_3206.JPG,3.0,8.254079818725586,9.082653045654297,0.8285733461380005,6.082653045654297,5.254079818725586,rank,44,single_rater_weak
2025_09_15_Re4StRes_T1_DSV/IMG_3207.JPG,plot_2bbedc53a1730a8c1c06,dsv_asendorf_t1_bbch11,/home/nfs/data/nvme_datasets/Pictures_CFSB_leaf_damage/2025_09_15_Re4StRes_T1_DSV/IMG_3207.JPG,4.0,9.578096389770508,10.396101951599121,0.8180052042007446,6.396101951599121,5.578096389770508,rank,44,single_rater_weak
2025_09_15_Re4StRes_T1_DSV/IMG_3208.JPG,plot_b1894e39332675c8b77d,dsv_asendorf_t1_bbch11,/home/nfs/data/nvme_datasets/Pictures_CFSB_leaf_damage/2025_09_15_Re4StRes_T1_DSV/IMG_3208.JPG,1.0,7.803131580352783,8.370566368103027,0.567435085773468,7.370566368103027,6.803131580352783,rank,44,single_rater_weak
2025_09_15_Re4StRes_T1_DSV/IMG_3209.JPG,plot_b1894e39332675c8b77d,dsv_asendorf_t1_bbch11,/home/nfs/data/nvme_datasets/Pictures_CFSB_leaf_damage/2025_09_15_Re4StRes_T1_DSV/IMG_3209.JPG,1.0,7.797965049743652,8.56740951538086,0.7694442272186279,7.567409515380859,6.797965049743652,rank,44,single_rater_weak
2025_09_15_Re4StRes_T1_DSV/IMG_3210.JPG,plot_b1894e39332675c8b77d,dsv_asendorf_t1_bbch11,/home/nfs/data/nvme_datasets/Pictures_CFSB_leaf_damage/2025_09_15_Re4StRes_T1_DSV/IMG_3210.JPG,1.0,2.2068862915039062,3.125385284423828,0.9184988737106323,2.125385284423828,1.2068862915039062,rank,44,single_rater_weak
2025_09_15_Re4StRes_T1_DSV/IMG_3211.JPG,plot_3539600a59aabc9b75de,dsv_asendorf_t1_bbch11,/home/nfs/data/nvme_datasets/Pictures_CFSB_leaf_damage/2025_09_15_Re4StRes_T1_DSV/IMG_3211.JPG,2.0,6.53978157043457,7.425361156463623,0.8855796456336975,5.425361156463623,4.53978157043457,rank,44,single_rater_weak
2025_09_15_Re4StRes_T1_DSV/IMG_3212.JPG,plot_3539600a59aabc9b75de,dsv_asendorf_t1_bbch11,/home/nfs/data/nvme_datasets/Pictures_CFSB_leaf_damage/2025_09_15_Re4StRes_T1_DSV/IMG_3212.JPG,1.0,8.17827320098877,9.195552825927734,1.017279863357544,8.195552825927734,7.1782732009887695,rank,44,single_rater_weak
2025_09_15_Re4StRes_T1_DSV/IMG_3214.JPG,plot_3539600a59aabc9b75de,dsv_asendorf_t1_bbch11,/home/nfs/data/nvme_datasets/Pictures_CFSB_leaf_damage/2025_09_15_Re4StRes_T1_DSV/IMG_3214.JPG,1.0,3.7532150745391846,4.885766983032227,1.132551670074463,3.8857669830322266,2.7532150745391846,rank,44,single_rater_weak
2025_09_15_Re4StRes_T1_DSV/IMG_3215.JPG,plot_eb3702ae538f36e12fdc,dsv_asendorf_t1_bbch11,/home/nfs/data/nvme_datasets/Pictures_CFSB_leaf_damage/2025_09_15_Re4StRes_T1_DSV/IMG_3215.JPG,15.0,11.096017837524414,11.632721900939941,0.536703884601593,3.3672780990600586,3.903982162475586,rank,44,single_rater_weak
2025_09_15_Re4StRes_T1_DSV/IMG_3216.JPG,plot_eb3702ae538f36e12fdc,dsv_asendorf_t1_bbch11,/home/nfs/data/nvme_datasets/Pictures_CFSB_leaf_damage/2025_09_15_Re4StRes_T1_DSV/IMG_3216.JPG,1.0,5.999086856842041,6.176869869232178,0.17778295278549194,5.176869869232178,4.999086856842041,rank,44,single_rater_weak
2025_09_15_Re4StRes_T1_DSV/IMG_3217.JPG,plot_eb3702ae538f36e12fdc,dsv_asendorf_t1_bbch11,/home/nfs/data/nvme_datasets/Pictures_CFSB_leaf_damage/2025_09_15_Re4StRes_T1_DSV/IMG_3217.JPG,1.0,4.044604301452637,4.4359002113342285,0.3912958800792694,3.4359002113342285,3.0446043014526367,rank,44,single_rater_weak
2025_09_15_Re4StRes_T1_DSV/IMG_3218.JPG,plot_bf214bfe62ce3ba5d1f9,dsv_asendorf_t1_bbch11,/home/nfs/data/nvme_datasets/Pictures_CFSB_leaf_damage/2025_09_15_Re4StRes_T1_DSV/IMG_3218.JPG,1.0,7.085705280303955,7.504209041595459,0.41850385069847107,6.504209041595459,6.085705280303955,rank,44,single_rater_weak
2025_09_15_Re4StRes_T1_DSV/IMG_3219.JPG,plot_bf214bfe62ce3ba5d1f9,dsv_asendorf_t1_bbch11,/home/nfs/data/nvme_datasets/Pictures_CFSB_leaf_damage/2025_09_15_Re4StRes_T1_DSV/IMG_3219.JPG,1.0,9.832852363586426,10.324546813964844,0.4916941821575165,9.324546813964844,8.832852363586426,rank,44,single_rater_weak
2025_09_15_Re4StRes_T1_DSV/IMG_3220.JPG,plot_bf214bfe62ce3ba5d1f9,dsv_asendorf_t1_bbch11,/home/nfs/data/nvme_datasets/Pictures_CFSB_leaf_damage/2025_09_15_Re4StRes_T1_DSV/IMG_3220.JPG,1.0,7.085134506225586,8.013664245605469,0.9285298585891724,7.013664245605469,6.085134506225586,rank,44,single_rater_weak
2025_09_15_Re4StRes_T1_DSV/IMG_3221.JPG,plot_34d14aebbb15b88da30e,dsv_asendorf_t1_bbch11,/home/nfs/data/nvme_datasets/Pictures_CFSB_leaf_damage/2025_09_15_Re4StRes_T1_DSV/IMG_3221.JPG,1.0,6.855101585388184,7.951432704925537,1.096331000328064,6.951432704925537,5.855101585388184,rank,44,single_rater_weak
2025_09_15_Re4StRes_T1_DSV/IMG_3222.JPG,plot_34d14aebbb15b88da30e,dsv_asendorf_t1_bbch11,/home/nfs/data/nvme_datasets/Pictures_CFSB_leaf_damage/2025_09_15_Re4StRes_T1_DSV/IMG_3222.JPG,1.0,7.161209583282471,7.591298580169678,0.43008890748023987,6.591298580169678,6.161209583282471,rank,44,single_rater_weak
2025_09_15_Re4StRes_T1_DSV/IMG_3223.JPG,plot_34d14aebbb15b88da30e,dsv_asendorf_t1_bbch11,/home/nfs/data/nvme_datasets/Pictures_CFSB_leaf_damage/2025_09_15_Re4StRes_T1_DSV/IMG_3223.JPG,2.0,4.494197845458984,5.406347274780273,0.91214919090271,3.4063472747802734,2.4941978454589844,rank,44,single_rater_weak
2025_09_15_Re4StRes_T1_DSV/IMG_3224.JPG,plot_6731bbcab62df30b34c1,dsv_asendorf_t1_bbch11,/home/nfs/data/nvme_datasets/Pictures_CFSB_leaf_damage/2025_09_15_Re4StRes_T1_DSV/IMG_3224.JPG,5.0,8.28774642944336,9.14450454711914,0.8567585945129395,4.144504547119141,3.2877464294433594,rank,44,single_rater_weak
2025_09_15_Re4StRes_T1_DSV/IMG_3225.JPG,plot_6731bbcab62df30b34c1,dsv_asendorf_t1_bbch11,/home/nfs/data/nvme_datasets/Pictures_CFSB_leaf_damage/2025_09_15_Re4StRes_T1_DSV/IMG_3225.JPG,30.0,8.864034652709961,9.73924446105957,0.8752099275588989,20.26075553894043,21.13596534729004,rank,44,single_rater_weak
2025_09_15_Re4StRes_T1_DSV/IMG_3226.JPG,plot_6731bbcab62df30b34c1,dsv_asendorf_t1_bbch11,/home/nfs/data/nvme_datasets/Pictures_CFSB_leaf_damage/2025_09_15_Re4StRes_T1_DSV/IMG_3226.JPG,3.0,6.539009094238281,7.520339012145996,0.9813297390937805,4.520339012145996,3.5390090942382812,rank,44,single_rater_weak
2025_09_15_Re4StRes_T1_DSV/IMG_3227.JPG,plot_9beea524c46e83073ca7,dsv_asendorf_t1_bbch11,/home/nfs/data/nvme_datasets/Pictures_CFSB_leaf_damage/2025_09_15_Re4StRes_T1_DSV/IMG_3227.JPG,2.0,5.301202297210693,5.890449523925781,0.5892470479011536,3.8904495239257812,3.3012022972106934,rank,44,single_rater_weak
2025_09_15_Re4StRes_T1_DSV/IMG_3228.JPG,plot_9beea524c46e83073ca7,dsv_asendorf_t1_bbch11,/home/nfs/data/nvme_datasets/Pictures_CFSB_leaf_damage/2025_09_15_Re4StRes_T1_DSV/IMG_3228.JPG,1.0,6.114943504333496,6.702474594116211,0.5875310897827148,5.702474594116211,5.114943504333496,rank,44,single_rater_weak
2025_09_15_Re4StRes_T1_DSV/IMG_3229.JPG,plot_9beea524c46e83073ca7,dsv_asendorf_t1_bbch11,/home/nfs/data/nvme_datasets/Pictures_CFSB_leaf_damage/2025_09_15_Re4StRes_T1_DSV/IMG_3229.JPG,1.0,7.083940029144287,7.601232051849365,0.5172919631004333,6.601232051849365,6.083940029144287,rank,44,single_rater_weak
2025_09_15_Re4StRes_T1_DSV/IMG_3230.JPG,plot_3a1e6f5f9680120c73d7,dsv_asendorf_t1_bbch11,/home/nfs/data/nvme_datasets/Pictures_CFSB_leaf_damage/2025_09_15_Re4StRes_T1_DSV/IMG_3230.JPG,6.0,5.313708305358887,6.1690850257873535,0.8553768396377563,0.16908502578735352,0.6862916946411133,rank,44,single_rater_weak
2025_09_15_Re4StRes_T1_DSV/IMG_3231.JPG,plot_3a1e6f5f9680120c73d7,dsv_asendorf_t1_bbch11,/home/nfs/data/nvme_datasets/Pictures_CFSB_leaf_damage/2025_09_15_Re4StRes_T1_DSV/IMG_3231.JPG,1.0,3.1524953842163086,4.107081413269043,0.9545861482620239,3.107081413269043,2.1524953842163086,rank,44,single_rater_weak
2025_09_15_Re4StRes_T1_DSV/IMG_3232.JPG,plot_3a1e6f5f9680120c73d7,dsv_asendorf_t1_bbch11,/home/nfs/data/nvme_datasets/Pictures_CFSB_leaf_damage/2025_09_15_Re4StRes_T1_DSV/IMG_3232.JPG,1.0,7.113359451293945,7.7518310546875,0.6384718418121338,6.7518310546875,6.113359451293945,rank,44,single_rater_weak
2025_09_15_Re4StRes_T1_DSV/IMG_3233.JPG,plot_fd43d9c52c96a3e24697,dsv_asendorf_t1_bbch11,/home/nfs/data/nvme_datasets/Pictures_CFSB_leaf_damage/2025_09_15_Re4StRes_T1_DSV/IMG_3233.JPG,21.0,9.909082412719727,10.919788360595703,1.010705828666687,10.080211639404297,11.090917587280273,rank,44,single_rater_weak
2025_09_15_Re4StRes_T1_DSV/IMG_3234.JPG,plot_fd43d9c52c96a3e24697,dsv_asendorf_t1_bbch11,/home/nfs/data/nvme_datasets/Pictures_CFSB_leaf_damage/2025_09_15_Re4StRes_T1_DSV/IMG_3234.JPG,12.0,5.833051681518555,6.424203395843506,0.5911515355110168,5.575796604156494,6.166948318481445,rank,44,single_rater_weak
2025_09_15_Re4StRes_T1_DSV/IMG_3235.JPG,plot_fd43d9c52c96a3e24697,dsv_asendorf_t1_bbch11,/home/nfs/data/nvme_datasets/Pictures_CFSB_leaf_damage/2025_09_15_Re4StRes_T1_DSV/IMG_3235.JPG,5.0,13.621265411376953,13.273146629333496,-0.34811851382255554,8.273146629333496,8.621265411376953,rank,44,single_rater_weak
2025_09_15_Re4StRes_T1_DSV/IMG_3236.JPG,plot_41a6db88739c2508f149,dsv_asendorf_t1_bbch11,/home/nfs/data/nvme_datasets/Pictures_CFSB_leaf_damage/2025_09_15_Re4StRes_T1_DSV/IMG_3236.JPG,1.0,6.586790084838867,7.45163631439209,0.8648460507392883,6.45163631439209,5.586790084838867,rank,44,single_rater_weak
2025_09_15_Re4StRes_T1_DSV/IMG_3237.JPG,plot_41a6db88739c2508f149,dsv_asendorf_t1_bbch11,/home/nfs/data/nvme_datasets/Pictures_CFSB_leaf_damage/2025_09_15_Re4StRes_T1_DSV/IMG_3237.JPG,3.0,5.6842756271362305,6.566450595855713,0.882175087928772,3.566450595855713,2.6842756271362305,rank,44,single_rater_weak
2025_09_15_Re4StRes_T1_DSV/IMG_3238.JPG,plot_41a6db88739c2508f149,dsv_asendorf_t1_bbch11,/home/nfs/data/nvme_datasets/Pictures_CFSB_leaf_damage/2025_09_15_Re4StRes_T1_DSV/IMG_3238.JPG,11.0,9.932931900024414,11.244096755981445,1.3111649751663208,0.2440967559814453,1.067068099975586,rank,44,single_rater_weak
2025_09_15_Re4StRes_T1_DSV/IMG_3239.JPG,plot_edb991aad2fb45d1b632,dsv_asendorf_t1_bbch11,/home/nfs/data/nvme_datasets/Pictures_CFSB_leaf_damage/2025_09_15_Re4StRes_T1_DSV/IMG_3239.JPG,1.0,6.966110706329346,7.856023788452148,0.8899129629135132,6.856023788452148,5.966110706329346,rank,44,single_rater_weak
2025_09_15_Re4StRes_T1_DSV/IMG_3240.JPG,plot_edb991aad2fb45d1b632,dsv_asendorf_t1_bbch11,/home/nfs/data/nvme_datasets/Pictures_CFSB_leaf_damage/2025_09_15_Re4StRes_T1_DSV/IMG_3240.JPG,2.0,6.247437477111816,7.091277122497559,0.8438398838043213,5.091277122497559,4.247437477111816,rank,44,single_rater_weak
2025_09_15_Re4StRes_T1_DSV/IMG_3241.JPG,plot_edb991aad2fb45d1b632,dsv_asendorf_t1_bbch11,/home/nfs/data/nvme_datasets/Pictures_CFSB_leaf_damage/2025_09_15_Re4StRes_T1_DSV/IMG_3241.JPG,2.0,8.644009590148926,9.197664260864258,0.5536549687385559,7.197664260864258,6.644009590148926,rank,44,single_rater_weak
2025_09_15_Re4StRes_T1_DSV/IMG_3242.JPG,plot_e2e387746e45a02831d7,dsv_asendorf_t1_bbch11,/home/nfs/data/nvme_datasets/Pictures_CFSB_leaf_damage/2025_09_15_Re4StRes_T1_DSV/IMG_3242.JPG,1.0,7.370645999908447,7.8036789894104,0.4330328106880188,6.8036789894104,6.370645999908447,rank,44,single_rater_weak
2025_09_15_Re4StRes_T1_DSV/IMG_3243.JPG,plot_e2e387746e45a02831d7,dsv_asendorf_t1_bbch11,/home/nfs/data/nvme_datasets/Pictures_CFSB_leaf_damage/2025_09_15_Re4StRes_T1_DSV/IMG_3243.JPG,6.0,4.99554443359375,5.791736125946045,0.7961917519569397,0.20826387405395508,1.00445556640625,rank,44,single_rater_weak
2025_09_15_Re4StRes_T1_DSV/IMG_3244.JPG,plot_e2e387746e45a02831d7,dsv_asendorf_t1_bbch11,/home/nfs/data/nvme_datasets/Pictures_CFSB_leaf_damage/2025_09_15_Re4StRes_T1_DSV/IMG_3244.JPG,9.0,9.144104957580566,10.268007278442383,1.1239027976989746,1.2680072784423828,0.1441049575805664,rank,44,single_rater_weak
2025_09_15_Re4StRes_T1_DSV/IMG_3245.JPG,plot_3f47d5961542eef7d91c,dsv_asendorf_t1_bbch11,/home/nfs/data/nvme_datasets/Pictures_CFSB_leaf_damage/2025_09_15_Re4StRes_T1_DSV/IMG_3245.JPG,6.0,6.820703983306885,7.61872673034668,0.7980226278305054,1.6187267303466797,0.8207039833068848,rank,44,single_rater_weak
2025_09_15_Re4StRes_T1_DSV/IMG_3246.JPG,plot_3f47d5961542eef7d91c,dsv_asendorf_t1_bbch11,/home/nfs/data/nvme_datasets/Pictures_CFSB_leaf_damage/2025_09_15_Re4StRes_T1_DSV/IMG_3246.JPG,26.0,8.723492622375488,9.313182830810547,0.5896899104118347,16.686817169189453,17.276508331298828,rank,44,single_rater_weak
2025_09_15_Re4StRes_T1_DSV/IMG_3248.JPG,plot_3f47d5961542eef7d91c,dsv_asendorf_t1_bbch11,/home/nfs/data/nvme_datasets/Pictures_CFSB_leaf_damage/2025_09_15_Re4StRes_T1_DSV/IMG_3248.JPG,2.0,5.603714466094971,6.194006443023682,0.5902918577194214,4.194006443023682,3.6037144660949707,rank,44,single_rater_weak
2025_09_15_Re4StRes_T1_DSV/IMG_3249.JPG,plot_9d45423b126c61c30b77,dsv_asendorf_t1_bbch11,/home/nfs/data/nvme_datasets/Pictures_CFSB_leaf_damage/2025_09_15_Re4StRes_T1_DSV/IMG_3249.JPG,12.0,10.851515769958496,11.99321460723877,1.141698956489563,0.006785392761230469,1.148484230041504,rank,44,single_rater_weak
2025_09_15_Re4StRes_T1_DSV/IMG_3250.JPG,plot_9d45423b126c61c30b77,dsv_asendorf_t1_bbch11,/home/nfs/data/nvme_datasets/Pictures_CFSB_leaf_damage/2025_09_15_Re4StRes_T1_DSV/IMG_3250.JPG,9.0,9.592536926269531,10.40011978149414,0.8075829744338989,1.4001197814941406,0.5925369262695312,rank,44,single_rater_weak
2025_09_15_Re4StRes_T1_DSV/IMG_3251.JPG,plot_9d45423b126c61c30b77,dsv_asendorf_t1_bbch11,/home/nfs/data/nvme_datasets/Pictures_CFSB_leaf_damage/2025_09_15_Re4StRes_T1_DSV/IMG_3251.JPG,1.0,4.7528815269470215,5.698183536529541,0.94530189037323,4.698183536529541,3.7528815269470215,rank,44,single_rater_weak
2025_09_15_Re4StRes_T1_DSV/IMG_3252.JPG,plot_129f30939368c8935b7c,dsv_asendorf_t1_bbch11,/home/nfs/data/nvme_datasets/Pictures_CFSB_leaf_damage/2025_09_15_Re4StRes_T1_DSV/IMG_3252.JPG,3.0,6.562870979309082,7.516820907592773,0.953950047492981,4.516820907592773,3.562870979309082,rank,44,single_rater_weak
2025_09_15_Re4StRes_T1_DSV/IMG_3253.JPG,plot_129f30939368c8935b7c,dsv_asendorf_t1_bbch11,/home/nfs/data/nvme_datasets/Pictures_CFSB_leaf_damage/2025_09_15_Re4StRes_T1_DSV/IMG_3253.JPG,1.0,8.059892654418945,9.117146492004395,1.0572541952133179,8.117146492004395,7.059892654418945,rank,44,single_rater_weak
2025_09_15_Re4StRes_T1_DSV/IMG_3254.JPG,plot_129f30939368c8935b7c,dsv_asendorf_t1_bbch11,/home/nfs/data/nvme_datasets/Pictures_CFSB_leaf_damage/2025_09_15_Re4StRes_T1_DSV/IMG_3254.JPG,7.0,9.021354675292969,9.900554656982422,0.8791999816894531,2.900554656982422,2.0213546752929688,rank,44,single_rater_weak
2025_09_15_Re4StRes_T1_DSV/IMG_3255.JPG,plot_f9626d0c917f313e8a19,dsv_asendorf_t1_bbch11,/home/nfs/data/nvme_datasets/Pictures_CFSB_leaf_damage/2025_09_15_Re4StRes_T1_DSV/IMG_3255.JPG,2.0,7.7274489402771,8.401945114135742,0.674496591091156,6.401945114135742,5.7274489402771,rank,44,single_rater_weak
2025_09_15_Re4StRes_T1_DSV/IMG_3256.JPG,plot_f9626d0c917f313e8a19,dsv_asendorf_t1_bbch11,/home/nfs/data/nvme_datasets/Pictures_CFSB_leaf_damage/2025_09_15_Re4StRes_T1_DSV/IMG_3256.JPG,1.0,7.871983528137207,8.297607421875,0.4256241023540497,7.297607421875,6.871983528137207,rank,44,single_rater_weak
2025_09_15_Re4StRes_T1_DSV/IMG_3257.JPG,plot_f9626d0c917f313e8a19,dsv_asendorf_t1_bbch11,/home/nfs/data/nvme_datasets/Pictures_CFSB_leaf_damage/2025_09_15_Re4StRes_T1_DSV/IMG_3257.JPG,40.0,5.259878158569336,6.456290245056152,1.1964118480682373,33.54370880126953,34.74011993408203,rank,44,single_rater_weak
2025_09_15_Re4StRes_T1_DSV/IMG_3257_2.JPG,plot_6a051a6bb4230ee9520b,dsv_asendorf_t1_bbch11,/home/nfs/data/nvme_datasets/Pictures_CFSB_leaf_damage/2025_09_15_Re4StRes_T1_DSV/IMG_3257_2.JPG,7.0,2.752387046813965,2.8729119300842285,0.1205248087644577,4.1270880699157715,4.247612953186035,rank,44,single_rater_weak
2025_09_15_Re4StRes_T1_DSV/IMG_3259.JPG,plot_6a051a6bb4230ee9520b,dsv_asendorf_t1_bbch11,/home/nfs/data/nvme_datasets/Pictures_CFSB_leaf_damage/2025_09_15_Re4StRes_T1_DSV/IMG_3259.JPG,34.0,8.845437049865723,9.975990295410156,1.1305537223815918,24.024009704589844,25.154563903808594,rank,44,single_rater_weak
2025_09_15_Re4StRes_T1_DSV/IMG_3260.JPG,plot_6a051a6bb4230ee9520b,dsv_asendorf_t1_bbch11,/home/nfs/data/nvme_datasets/Pictures_CFSB_leaf_damage/2025_09_15_Re4StRes_T1_DSV/IMG_3260.JPG,16.0,10.558832168579102,11.375689506530762,0.8168574571609497,4.624310493469238,5.441167831420898,rank,44,single_rater_weak
2025_09_15_Re4StRes_T1_DSV/IMG_3261.JPG,plot_1216c7d6681be8f3d99c,dsv_asendorf_t1_bbch11,/home/nfs/data/nvme_datasets/Pictures_CFSB_leaf_damage/2025_09_15_Re4StRes_T1_DSV/IMG_3261.JPG,7.0,5.822601795196533,6.509248733520508,0.6866468191146851,0.4907512664794922,1.1773982048034668,rank,44,single_rater_weak
2025_09_15_Re4StRes_T1_DSV/IMG_3262.JPG,plot_1216c7d6681be8f3d99c,dsv_asendorf_t1_bbch11,/home/nfs/data/nvme_datasets/Pictures_CFSB_leaf_damage/2025_09_15_Re4StRes_T1_DSV/IMG_3262.JPG,2.0,5.949078559875488,6.907866477966309,0.9587879180908203,4.907866477966309,3.9490785598754883,rank,44,single_rater_weak
2025_09_15_Re4StRes_T1_DSV/IMG_3263.JPG,plot_1216c7d6681be8f3d99c,dsv_asendorf_t1_bbch11,/home/nfs/data/nvme_datasets/Pictures_CFSB_leaf_damage/2025_09_15_Re4StRes_T1_DSV/IMG_3263.JPG,10.0,4.377449035644531,5.037651062011719,0.6602022051811218,4.962348937988281,5.622550964355469,rank,44,single_rater_weak
2025_09_15_Re4StRes_T1_DSV/IMG_3264.JPG,plot_ca3beff6a94eea1ef628,dsv_asendorf_t1_bbch11,/home/nfs/data/nvme_datasets/Pictures_CFSB_leaf_damage/2025_09_15_Re4StRes_T1_DSV/IMG_3264.JPG,2.0,5.291474342346191,6.0360426902771,0.7445681691169739,4.0360426902771,3.2914743423461914,rank,44,single_rater_weak
2025_09_15_Re4StRes_T1_DSV/IMG_3265.JPG,plot_ca3beff6a94eea1ef628,dsv_asendorf_t1_bbch11,/home/nfs/data/nvme_datasets/Pictures_CFSB_leaf_damage/2025_09_15_Re4StRes_T1_DSV/IMG_3265.JPG,1.0,7.550016403198242,8.373350143432617,0.8233338594436646,7.373350143432617,6.550016403198242,rank,44,single_rater_weak
2025_09_15_Re4StRes_T1_DSV/IMG_3266.JPG,plot_ca3beff6a94eea1ef628,dsv_asendorf_t1_bbch11,/home/nfs/data/nvme_datasets/Pictures_CFSB_leaf_damage/2025_09_15_Re4StRes_T1_DSV/IMG_3266.JPG,6.0,8.306214332580566,9.440401077270508,1.13418710231781,3.440401077270508,2.3062143325805664,rank,44,single_rater_weak
2025_09_15_Re4StRes_T1_DSV/IMG_3267.JPG,plot_d5a1df628e189c0794a5,dsv_asendorf_t1_bbch11,/home/nfs/data/nvme_datasets/Pictures_CFSB_leaf_damage/2025_09_15_Re4StRes_T1_DSV/IMG_3267.JPG,3.0,7.333776950836182,8.026440620422363,0.6926637887954712,5.026440620422363,4.333776950836182,rank,44,single_rater_weak
2025_09_15_Re4StRes_T1_DSV/IMG_3268.JPG,plot_d5a1df628e189c0794a5,dsv_asendorf_t1_bbch11,/home/nfs/data/nvme_datasets/Pictures_CFSB_leaf_damage/2025_09_15_Re4StRes_T1_DSV/IMG_3268.JPG,2.0,5.817133903503418,6.9480366706848145,1.130902886390686,4.9480366706848145,3.817133903503418,rank,44,single_rater_weak
2025_09_15_Re4StRes_T1_DSV/IMG_3269.JPG,plot_d5a1df628e189c0794a5,dsv_asendorf_t1_bbch11,/home/nfs/data/nvme_datasets/Pictures_CFSB_leaf_damage/2025_09_15_Re4StRes_T1_DSV/IMG_3269.JPG,3.0,4.249739646911621,5.2370686531066895,0.9873289465904236,2.2370686531066895,1.249739646911621,rank,44,single_rater_weak
2025_09_15_Re4StRes_T1_DSV/IMG_3270.JPG,plot_dbcfc7149ccf66bb6b4b,dsv_asendorf_t1_bbch11,/home/nfs/data/nvme_datasets/Pictures_CFSB_leaf_damage/2025_09_15_Re4StRes_T1_DSV/IMG_3270.JPG,2.0,1.8398175239562988,2.644082546234131,0.8042650818824768,0.6440825462341309,0.16018247604370117,rank,44,single_rater_weak
2025_09_15_Re4StRes_T1_DSV/IMG_3271.JPG,plot_dbcfc7149ccf66bb6b4b,dsv_asendorf_t1_bbch11,/home/nfs/data/nvme_datasets/Pictures_CFSB_leaf_damage/2025_09_15_Re4StRes_T1_DSV/IMG_3271.JPG,3.0,2.819943428039551,3.4499940872192383,0.6300506591796875,0.4499940872192383,0.18005657196044922,rank,44,single_rater_weak
2025_09_15_Re4StRes_T1_DSV/IMG_3272.JPG,plot_dbcfc7149ccf66bb6b4b,dsv_asendorf_t1_bbch11,/home/nfs/data/nvme_datasets/Pictures_CFSB_leaf_damage/2025_09_15_Re4StRes_T1_DSV/IMG_3272.JPG,5.0,3.8232598304748535,4.738738536834717,0.915478527545929,0.2612614631652832,1.1767401695251465,rank,44,single_rater_weak
2025_09_15_Re4StRes_T1_DSV/IMG_3273.JPG,plot_b9a431186e2b1507c308,dsv_asendorf_t1_bbch11,/home/nfs/data/nvme_datasets/Pictures_CFSB_leaf_damage/2025_09_15_Re4StRes_T1_DSV/IMG_3273.JPG,5.0,7.831160545349121,8.306373596191406,0.4752131998538971,3.3063735961914062,2.831160545349121,rank,44,single_rater_weak
2025_09_15_Re4StRes_T1_DSV/IMG_3274.JPG,plot_b9a431186e2b1507c308,dsv_asendorf_t1_bbch11,/home/nfs/data/nvme_datasets/Pictures_CFSB_leaf_damage/2025_09_15_Re4StRes_T1_DSV/IMG_3274.JPG,5.0,6.8565754890441895,7.610124111175537,0.7535484433174133,2.610124111175537,1.8565754890441895,rank,44,single_rater_weak
2025_09_15_Re4StRes_T1_DSV/IMG_3275.JPG,plot_b9a431186e2b1507c308,dsv_asendorf_t1_bbch11,/home/nfs/data/nvme_datasets/Pictures_CFSB_leaf_damage/2025_09_15_Re4StRes_T1_DSV/IMG_3275.JPG,2.0,4.64591121673584,5.460907459259033,0.8149963021278381,3.460907459259033,2.64591121673584,rank,44,single_rater_weak
2025_09_15_Re4StRes_T1_DSV/IMG_3276.JPG,plot_7486149307b454bb4f4a,dsv_asendorf_t1_bbch11,/home/nfs/data/nvme_datasets/Pictures_CFSB_leaf_damage/2025_09_15_Re4StRes_T1_DSV/IMG_3276.JPG,2.0,2.646395206451416,3.1600587368011475,0.5136635303497314,1.1600587368011475,0.646395206451416,rank,44,single_rater_weak
2025_09_15_Re4StRes_T1_DSV/IMG_3277.JPG,plot_7486149307b454bb4f4a,dsv_asendorf_t1_bbch11,/home/nfs/data/nvme_datasets/Pictures_CFSB_leaf_damage/2025_09_15_Re4StRes_T1_DSV/IMG_3277.JPG,2.0,6.239706993103027,6.919548511505127,0.6798415184020996,4.919548511505127,4.239706993103027,rank,44,single_rater_weak
2025_09_15_Re4StRes_T1_DSV/IMG_3278.JPG,plot_7486149307b454bb4f4a,dsv_asendorf_t1_bbch11,/home/nfs/data/nvme_datasets/Pictures_CFSB_leaf_damage/2025_09_15_Re4StRes_T1_DSV/IMG_3278.JPG,1.0,3.572471857070923,3.945369005203247,0.3728972375392914,2.945369005203247,2.572471857070923,rank,44,single_rater_weak
2025_09_15_Re4StRes_T1_DSV/IMG_3280.JPG,plot_3789b4cb6a6fe6da8348,dsv_asendorf_t1_bbch11,/home/nfs/data/nvme_datasets/Pictures_CFSB_leaf_damage/2025_09_15_Re4StRes_T1_DSV/IMG_3280.JPG,4.0,7.120625972747803,8.000100135803223,0.8794742822647095,4.000100135803223,3.1206259727478027,rank,44,single_rater_weak
2025_09_15_Re4StRes_T1_DSV/IMG_3281.JPG,plot_3789b4cb6a6fe6da8348,dsv_asendorf_t1_bbch11,/home/nfs/data/nvme_datasets/Pictures_CFSB_leaf_damage/2025_09_15_Re4StRes_T1_DSV/IMG_3281.JPG,4.0,5.916557788848877,6.68635368347168,0.7697960138320923,2.6863536834716797,1.916557788848877,rank,44,single_rater_weak
2025_09_15_Re4StRes_T1_DSV/IMG_3282.JPG,plot_3789b4cb6a6fe6da8348,dsv_asendorf_t1_bbch11,/home/nfs/data/nvme_datasets/Pictures_CFSB_leaf_damage/2025_09_15_Re4StRes_T1_DSV/IMG_3282.JPG,3.0,5.068778991699219,5.9433794021606445,0.8746004104614258,2.9433794021606445,2.0687789916992188,rank,44,single_rater_weak
2025_09_15_Re4StRes_T1_DSV/IMG_3283.JPG,plot_e617326cca4ff14f62d2,dsv_asendorf_t1_bbch11,/home/nfs/data/nvme_datasets/Pictures_CFSB_leaf_damage/2025_09_15_Re4StRes_T1_DSV/IMG_3283.JPG,2.0,13.419233322143555,13.847166061401367,0.42793309688568115,11.847166061401367,11.419233322143555,rank,44,single_rater_weak
2025_09_15_Re4StRes_T1_DSV/IMG_3284.JPG,plot_e617326cca4ff14f62d2,dsv_asendorf_t1_bbch11,/home/nfs/data/nvme_datasets/Pictures_CFSB_leaf_damage/2025_09_15_Re4StRes_T1_DSV/IMG_3284.JPG,6.0,10.269521713256836,11.154952049255371,0.8854302763938904,5.154952049255371,4.269521713256836,rank,44,single_rater_weak
2025_09_15_Re4StRes_T1_DSV/IMG_3285.JPG,plot_e617326cca4ff14f62d2,dsv_asendorf_t1_bbch11,/home/nfs/data/nvme_datasets/Pictures_CFSB_leaf_damage/2025_09_15_Re4StRes_T1_DSV/IMG_3285.JPG,2.0,8.717026710510254,9.596963882446289,0.8799373507499695,7.596963882446289,6.717026710510254,rank,44,single_rater_weak
2025_09_15_Re4StRes_T1_DSV/IMG_3286.JPG,plot_0ae6f966a908651f5cab,dsv_asendorf_t1_bbch11,/home/nfs/data/nvme_datasets/Pictures_CFSB_leaf_damage/2025_09_15_Re4StRes_T1_DSV/IMG_3286.JPG,3.0,5.541299819946289,6.3354644775390625,0.7941645979881287,3.3354644775390625,2.541299819946289,rank,44,single_rater_weak
2025_09_15_Re4StRes_T1_DSV/IMG_3287.JPG,plot_0ae6f966a908651f5cab,dsv_asendorf_t1_bbch11,/home/nfs/data/nvme_datasets/Pictures_CFSB_leaf_damage/2025_09_15_Re4StRes_T1_DSV/IMG_3287.JPG,5.0,8.702006340026855,9.383005142211914,0.6809991002082825,4.383005142211914,3.7020063400268555,rank,44,single_rater_weak
2025_09_15_Re4StRes_T1_DSV/IMG_3288.JPG,plot_0ae6f966a908651f5cab,dsv_asendorf_t1_bbch11,/home/nfs/data/nvme_datasets/Pictures_CFSB_leaf_damage/2025_09_15_Re4StRes_T1_DSV/IMG_3288.JPG,2.0,8.901330947875977,9.678045272827148,0.7767138481140137,7.678045272827148,6.901330947875977,rank,44,single_rater_weak
2025_09_15_Re4StRes_T1_DSV/IMG_3289.JPG,plot_8097028aac14b09b554b,dsv_asendorf_t1_bbch11,/home/nfs/data/nvme_datasets/Pictures_CFSB_leaf_damage/2025_09_15_Re4StRes_T1_DSV/IMG_3289.JPG,2.0,6.312001705169678,6.770920276641846,0.4589184522628784,4.770920276641846,4.312001705169678,rank,44,single_rater_weak
2025_09_15_Re4StRes_T1_DSV/IMG_3290.JPG,plot_8097028aac14b09b554b,dsv_asendorf_t1_bbch11,/home/nfs/data/nvme_datasets/Pictures_CFSB_leaf_damage/2025_09_15_Re4StRes_T1_DSV/IMG_3290.JPG,1.0,4.47889518737793,4.774309158325195,0.29541417956352234,3.7743091583251953,3.4788951873779297,rank,44,single_rater_weak
2025_09_15_Re4StRes_T1_DSV/IMG_3291.JPG,plot_8097028aac14b09b554b,dsv_asendorf_t1_bbch11,/home/nfs/data/nvme_datasets/Pictures_CFSB_leaf_damage/2025_09_15_Re4StRes_T1_DSV/IMG_3291.JPG,4.0,10.498762130737305,10.764639854431152,0.2658773362636566,6.764639854431152,6.498762130737305,rank,44,single_rater_weak
2025_09_15_Re4StRes_T1_DSV/IMG_3292.JPG,plot_97272306323ab99ec6e4,dsv_asendorf_t1_bbch11,/home/nfs/data/nvme_datasets/Pictures_CFSB_leaf_damage/2025_09_15_Re4StRes_T1_DSV/IMG_3292.JPG,1.0,5.5170698165893555,5.842076778411865,0.32500702142715454,4.842076778411865,4.5170698165893555,rank,44,single_rater_weak
2025_09_15_Re4StRes_T1_DSV/IMG_3293.JPG,plot_97272306323ab99ec6e4,dsv_asendorf_t1_bbch11,/home/nfs/data/nvme_datasets/Pictures_CFSB_leaf_damage/2025_09_15_Re4StRes_T1_DSV/IMG_3293.JPG,2.0,5.500261306762695,5.995817184448242,0.49555569887161255,3.995817184448242,3.5002613067626953,rank,44,single_rater_weak
2025_09_15_Re4StRes_T1_DSV/IMG_3294.JPG,plot_97272306323ab99ec6e4,dsv_asendorf_t1_bbch11,/home/nfs/data/nvme_datasets/Pictures_CFSB_leaf_damage/2025_09_15_Re4StRes_T1_DSV/IMG_3294.JPG,4.0,3.971569776535034,4.199889183044434,0.22831939160823822,0.1998891830444336,0.02843022346496582,rank,44,single_rater_weak
2025_09_15_Re4StRes_T1_DSV/IMG_3295.JPG,plot_c62ed8a803b2f7fb0c8e,dsv_asendorf_t1_bbch11,/home/nfs/data/nvme_datasets/Pictures_CFSB_leaf_damage/2025_09_15_Re4StRes_T1_DSV/IMG_3295.JPG,2.0,3.109602451324463,3.6698272228240967,0.5602248311042786,1.6698272228240967,1.109602451324463,rank,44,single_rater_weak
2025_09_15_Re4StRes_T1_DSV/IMG_3296.JPG,plot_c62ed8a803b2f7fb0c8e,dsv_asendorf_t1_bbch11,/home/nfs/data/nvme_datasets/Pictures_CFSB_leaf_damage/2025_09_15_Re4StRes_T1_DSV/IMG_3296.JPG,3.0,2.706404685974121,2.987071990966797,0.28066718578338623,0.012928009033203125,0.2935953140258789,rank,44,single_rater_weak
2025_09_15_Re4StRes_T1_DSV/IMG_3297.JPG,plot_c62ed8a803b2f7fb0c8e,dsv_asendorf_t1_bbch11,/home/nfs/data/nvme_datasets/Pictures_CFSB_leaf_damage/2025_09_15_Re4StRes_T1_DSV/IMG_3297.JPG,3.0,2.7647156715393066,3.131840229034424,0.3671244978904724,0.13184022903442383,0.23528432846069336,rank,44,single_rater_weak
2025_09_15_Re4StRes_T1_DSV/IMG_3298.JPG,plot_2d2c766ece40a4a2ce28,dsv_asendorf_t1_bbch11,/home/nfs/data/nvme_datasets/Pictures_CFSB_leaf_damage/2025_09_15_Re4StRes_T1_DSV/IMG_3298.JPG,1.0,5.800792694091797,6.090907096862793,0.29011452198028564,5.090907096862793,4.800792694091797,rank,44,single_rater_weak
2025_09_15_Re4StRes_T1_DSV/IMG_3299.JPG,plot_2d2c766ece40a4a2ce28,dsv_asendorf_t1_bbch11,/home/nfs/data/nvme_datasets/Pictures_CFSB_leaf_damage/2025_09_15_Re4StRes_T1_DSV/IMG_3299.JPG,3.0,7.7008466720581055,8.36090087890625,0.6600542068481445,5.36090087890625,4.7008466720581055,rank,44,single_rater_weak
2025_09_15_Re4StRes_T1_DSV/IMG_3300.JPG,plot_2d2c766ece40a4a2ce28,dsv_asendorf_t1_bbch11,/home/nfs/data/nvme_datasets/Pictures_CFSB_leaf_damage/2025_09_15_Re4StRes_T1_DSV/IMG_3300.JPG,23.0,7.584792137145996,8.03298282623291,0.44819071888923645,14.96701717376709,15.415207862854004,rank,44,single_rater_weak
2025_09_15_Re4StRes_T1_DSV/IMG_3301.JPG,plot_7cacbc714931b970206b,dsv_asendorf_t1_bbch11,/home/nfs/data/nvme_datasets/Pictures_CFSB_leaf_damage/2025_09_15_Re4StRes_T1_DSV/IMG_3301.JPG,5.0,9.313529968261719,9.936626434326172,0.623096764087677,4.936626434326172,4.313529968261719,rank,44,single_rater_weak
2025_09_15_Re4StRes_T1_DSV/IMG_3302.JPG,plot_7cacbc714931b970206b,dsv_asendorf_t1_bbch11,/home/nfs/data/nvme_datasets/Pictures_CFSB_leaf_damage/2025_09_15_Re4StRes_T1_DSV/IMG_3302.JPG,5.0,11.17260456085205,11.303053855895996,0.1304495632648468,6.303053855895996,6.172604560852051,rank,44,single_rater_weak
2025_09_15_Re4StRes_T1_DSV/IMG_3303.JPG,plot_7cacbc714931b970206b,dsv_asendorf_t1_bbch11,/home/nfs/data/nvme_datasets/Pictures_CFSB_leaf_damage/2025_09_15_Re4StRes_T1_DSV/IMG_3303.JPG,2.0,5.8891801834106445,6.559150695800781,0.6699707508087158,4.559150695800781,3.8891801834106445,rank,44,single_rater_weak
2025_09_15_Re4StRes_T1_DSV/IMG_3304.JPG,plot_3f88067c4a7d39bd1cb7,dsv_asendorf_t1_bbch11,/home/nfs/data/nvme_datasets/Pictures_CFSB_leaf_damage/2025_09_15_Re4StRes_T1_DSV/IMG_3304.JPG,3.0,3.7680718898773193,4.3828125,0.6147408485412598,1.3828125,0.7680718898773193,rank,44,single_rater_weak
2025_09_15_Re4StRes_T1_DSV/IMG_3305.JPG,plot_3f88067c4a7d39bd1cb7,dsv_asendorf_t1_bbch11,/home/nfs/data/nvme_datasets/Pictures_CFSB_leaf_damage/2025_09_15_Re4StRes_T1_DSV/IMG_3305.JPG,15.0,10.08148193359375,10.87061595916748,0.7891339659690857,4.1293840408325195,4.91851806640625,rank,44,single_rater_weak
2025_09_15_Re4StRes_T1_DSV/IMG_3306.JPG,plot_3f88067c4a7d39bd1cb7,dsv_asendorf_t1_bbch11,/home/nfs/data/nvme_datasets/Pictures_CFSB_leaf_damage/2025_09_15_Re4StRes_T1_DSV/IMG_3306.JPG,5.0,3.902663230895996,4.583388328552246,0.68072509765625,0.4166116714477539,1.097336769104004,rank,44,single_rater_weak
2025_09_15_Re4StRes_T1_DSV/IMG_3307.JPG,plot_2bd349d21470dba8ebb9,dsv_asendorf_t1_bbch11,/home/nfs/data/nvme_datasets/Pictures_CFSB_leaf_damage/2025_09_15_Re4StRes_T1_DSV/IMG_3307.JPG,1.0,3.994246006011963,4.463219165802002,0.46897315979003906,3.463219165802002,2.994246006011963,rank,44,single_rater_weak
2025_09_15_Re4StRes_T1_DSV/IMG_3308.JPG,plot_2bd349d21470dba8ebb9,dsv_asendorf_t1_bbch11,/home/nfs/data/nvme_datasets/Pictures_CFSB_leaf_damage/2025_09_15_Re4StRes_T1_DSV/IMG_3308.JPG,12.0,7.846336841583252,8.610054016113281,0.7637172937393188,3.3899459838867188,4.153663158416748,rank,44,single_rater_weak
2025_09_15_Re4StRes_T1_DSV/IMG_3309.JPG,plot_2bd349d21470dba8ebb9,dsv_asendorf_t1_bbch11,/home/nfs/data/nvme_datasets/Pictures_CFSB_leaf_damage/2025_09_15_Re4StRes_T1_DSV/IMG_3309.JPG,8.0,7.127667427062988,7.896086692810059,0.7684192657470703,0.1039133071899414,0.8723325729370117,rank,44,single_rater_weak
2025_09_15_Re4StRes_T1_DSV/IMG_3310.JPG,plot_7cea4932b02b7abad1a0,dsv_asendorf_t1_bbch11,/home/nfs/data/nvme_datasets/Pictures_CFSB_leaf_damage/2025_09_15_Re4StRes_T1_DSV/IMG_3310.JPG,3.0,5.499111175537109,6.0152788162231445,0.5161675810813904,3.0152788162231445,2.4991111755371094,rank,44,single_rater_weak
2025_09_15_Re4StRes_T1_DSV/IMG_3311.JPG,plot_7cea4932b02b7abad1a0,dsv_asendorf_t1_bbch11,/home/nfs/data/nvme_datasets/Pictures_CFSB_leaf_damage/2025_09_15_Re4StRes_T1_DSV/IMG_3311.JPG,0.0,4.663445949554443,5.47695779800415,0.8135117292404175,5.47695779800415,4.663445949554443,rank,44,single_rater_weak
2025_09_15_Re4StRes_T1_DSV/IMG_3312.JPG,plot_7cea4932b02b7abad1a0,dsv_asendorf_t1_bbch11,/home/nfs/data/nvme_datasets/Pictures_CFSB_leaf_damage/2025_09_15_Re4StRes_T1_DSV/IMG_3312.JPG,2.0,4.453484058380127,5.305444240570068,0.8519600629806519,3.3054442405700684,2.453484058380127,rank,44,single_rater_weak
2025_09_15_Re4StRes_T1_DSV/IMG_3313.JPG,plot_aade77a958856ea66bcc,dsv_asendorf_t1_bbch11,/home/nfs/data/nvme_datasets/Pictures_CFSB_leaf_damage/2025_09_15_Re4StRes_T1_DSV/IMG_3313.JPG,13.0,10.1251220703125,10.841087341308594,0.7159655094146729,2.1589126586914062,2.8748779296875,rank,44,single_rater_weak
2025_09_15_Re4StRes_T1_DSV/IMG_3314.JPG,plot_aade77a958856ea66bcc,dsv_asendorf_t1_bbch11,/home/nfs/data/nvme_datasets/Pictures_CFSB_leaf_damage/2025_09_15_Re4StRes_T1_DSV/IMG_3314.JPG,6.0,8.015485763549805,8.518406867980957,0.5029209852218628,2.518406867980957,2.0154857635498047,rank,44,single_rater_weak
2025_09_15_Re4StRes_T1_DSV/IMG_3315.JPG,plot_aade77a958856ea66bcc,dsv_asendorf_t1_bbch11,/home/nfs/data/nvme_datasets/Pictures_CFSB_leaf_damage/2025_09_15_Re4StRes_T1_DSV/IMG_3315.JPG,22.0,9.758557319641113,10.495691299438477,0.7371344566345215,11.504308700561523,12.241442680358887,rank,44,single_rater_weak
2025_09_15_Re4StRes_T1_DSV/IMG_3316.JPG,plot_78c7672b97ddc73895d7,dsv_asendorf_t1_bbch11,/home/nfs/data/nvme_datasets/Pictures_CFSB_leaf_damage/2025_09_15_Re4StRes_T1_DSV/IMG_3316.JPG,3.0,4.588035583496094,5.284094333648682,0.6960585713386536,2.2840943336486816,1.5880355834960938,rank,44,single_rater_weak
2025_09_15_Re4StRes_T1_DSV/IMG_3317.JPG,plot_78c7672b97ddc73895d7,dsv_asendorf_t1_bbch11,/home/nfs/data/nvme_datasets/Pictures_CFSB_leaf_damage/2025_09_15_Re4StRes_T1_DSV/IMG_3317.JPG,2.0,4.957961559295654,5.697980880737305,0.7400193214416504,3.6979808807373047,2.9579615592956543,rank,44,single_rater_weak
2025_09_15_Re4StRes_T1_DSV/IMG_3318.JPG,plot_78c7672b97ddc73895d7,dsv_asendorf_t1_bbch11,/home/nfs/data/nvme_datasets/Pictures_CFSB_leaf_damage/2025_09_15_Re4StRes_T1_DSV/IMG_3318.JPG,18.0,5.7913665771484375,6.654273509979248,0.8629071116447449,11.345726013183594,12.208633422851562,rank,44,single_rater_weak
2025_09_15_Re4StRes_T1_DSV/IMG_3319.JPG,plot_95b7c810444a00ae4705,dsv_asendorf_t1_bbch11,/home/nfs/data/nvme_datasets/Pictures_CFSB_leaf_damage/2025_09_15_Re4StRes_T1_DSV/IMG_3319.JPG,21.0,4.809358596801758,5.5243330001831055,0.7149745225906372,15.475666999816895,16.190641403198242,rank,44,single_rater_weak
2025_09_15_Re4StRes_T1_DSV/IMG_3320.JPG,plot_95b7c810444a00ae4705,dsv_asendorf_t1_bbch11,/home/nfs/data/nvme_datasets/Pictures_CFSB_leaf_damage/2025_09_15_Re4StRes_T1_DSV/IMG_3320.JPG,1.0,5.331779479980469,5.759226322174072,0.4274468421936035,4.759226322174072,4.331779479980469,rank,44,single_rater_weak
2025_09_15_Re4StRes_T1_DSV/IMG_3321.JPG,plot_95b7c810444a00ae4705,dsv_asendorf_t1_bbch11,/home/nfs/data/nvme_datasets/Pictures_CFSB_leaf_damage/2025_09_15_Re4StRes_T1_DSV/IMG_3321.JPG,2.0,5.614443302154541,6.047386646270752,0.4329434037208557,4.047386646270752,3.614443302154541,rank,44,single_rater_weak
2025_09_15_Re4StRes_T1_DSV/IMG_3322.JPG,plot_65931f89e793cfd8ed57,dsv_asendorf_t1_bbch11,/home/nfs/data/nvme_datasets/Pictures_CFSB_leaf_damage/2025_09_15_Re4StRes_T1_DSV/IMG_3322.JPG,22.0,5.813101291656494,6.678152084350586,0.8650509119033813,15.321847915649414,16.186899185180664,rank,44,single_rater_weak
2025_09_15_Re4StRes_T1_DSV/IMG_3323.JPG,plot_65931f89e793cfd8ed57,dsv_asendorf_t1_bbch11,/home/nfs/data/nvme_datasets/Pictures_CFSB_leaf_damage/2025_09_15_Re4StRes_T1_DSV/IMG_3323.JPG,5.0,5.640074253082275,5.850903034210205,0.21082881093025208,0.8509030342102051,0.6400742530822754,rank,44,single_rater_weak
2025_09_15_Re4StRes_T1_DSV/IMG_3324.JPG,plot_65931f89e793cfd8ed57,dsv_asendorf_t1_bbch11,/home/nfs/data/nvme_datasets/Pictures_CFSB_leaf_damage/2025_09_15_Re4StRes_T1_DSV/IMG_3324.JPG,23.0,13.643416404724121,13.919782638549805,0.27636611461639404,9.080217361450195,9.356583595275879,rank,44,single_rater_weak
2025_09_15_Re4StRes_T1_DSV/IMG_3325.JPG,plot_b23eede93d0769614492,dsv_asendorf_t1_bbch11,/home/nfs/data/nvme_datasets/Pictures_CFSB_leaf_damage/2025_09_15_Re4StRes_T1_DSV/IMG_3325.JPG,12.0,5.818829536437988,6.620987415313721,0.802157998085022,5.379012584686279,6.181170463562012,rank,44,single_rater_weak
2025_09_15_Re4StRes_T1_DSV/IMG_3326.JPG,plot_b23eede93d0769614492,dsv_asendorf_t1_bbch11,/home/nfs/data/nvme_datasets/Pictures_CFSB_leaf_damage/2025_09_15_Re4StRes_T1_DSV/IMG_3326.JPG,3.0,8.174452781677246,9.082111358642578,0.9076582193374634,6.082111358642578,5.174452781677246,rank,44,single_rater_weak
2025_09_15_Re4StRes_T1_DSV/IMG_3327.JPG,plot_b23eede93d0769614492,dsv_asendorf_t1_bbch11,/home/nfs/data/nvme_datasets/Pictures_CFSB_leaf_damage/2025_09_15_Re4StRes_T1_DSV/IMG_3327.JPG,28.0,5.776567459106445,6.5167036056518555,0.7401360273361206,21.483295440673828,22.223432540893555,rank,44,single_rater_weak
2025_09_15_Re4StRes_T1_DSV/IMG_3328.JPG,plot_adeaac1f14a1a4d9559e,dsv_asendorf_t1_bbch11,/home/nfs/data/nvme_datasets/Pictures_CFSB_leaf_damage/2025_09_15_Re4StRes_T1_DSV/IMG_3328.JPG,4.0,2.8060736656188965,3.703367233276367,0.8972936272621155,0.2966327667236328,1.1939263343811035,rank,44,single_rater_weak
2025_09_15_Re4StRes_T1_DSV/IMG_3329.JPG,plot_adeaac1f14a1a4d9559e,dsv_asendorf_t1_bbch11,/home/nfs/data/nvme_datasets/Pictures_CFSB_leaf_damage/2025_09_15_Re4StRes_T1_DSV/IMG_3329.JPG,29.0,7.151340007781982,8.105804443359375,0.9544646739959717,20.894195556640625,21.84865951538086,rank,44,single_rater_weak
2025_09_15_Re4StRes_T1_DSV/IMG_3330.JPG,plot_adeaac1f14a1a4d9559e,dsv_asendorf_t1_bbch11,/home/nfs/data/nvme_datasets/Pictures_CFSB_leaf_damage/2025_09_15_Re4StRes_T1_DSV/IMG_3330.JPG,4.0,3.087899684906006,3.235724449157715,0.14782467484474182,0.7642755508422852,0.9121003150939941,rank,44,single_rater_weak
2025_09_15_Re4StRes_T1_DSV/IMG_3331.JPG,plot_43d5937dd6531addbc2e,dsv_asendorf_t1_bbch11,/home/nfs/data/nvme_datasets/Pictures_CFSB_leaf_damage/2025_09_15_Re4StRes_T1_DSV/IMG_3331.JPG,3.0,7.791904449462891,8.495726585388184,0.7038224339485168,5.495726585388184,4.791904449462891,rank,44,single_rater_weak
2025_09_15_Re4StRes_T1_DSV/IMG_3332.JPG,plot_43d5937dd6531addbc2e,dsv_asendorf_t1_bbch11,/home/nfs/data/nvme_datasets/Pictures_CFSB_leaf_damage/2025_09_15_Re4StRes_T1_DSV/IMG_3332.JPG,3.0,4.593134880065918,4.893003940582275,0.2998691499233246,1.8930039405822754,1.593134880065918,rank,44,single_rater_weak
2025_09_15_Re4StRes_T1_DSV/IMG_3333.JPG,plot_43d5937dd6531addbc2e,dsv_asendorf_t1_bbch11,/home/nfs/data/nvme_datasets/Pictures_CFSB_leaf_damage/2025_09_15_Re4StRes_T1_DSV/IMG_3333.JPG,2.0,3.8371715545654297,4.494326591491699,0.6571552753448486,2.494326591491699,1.8371715545654297,rank,44,single_rater_weak
2025_09_15_Re4StRes_T1_DSV/IMG_3334.JPG,plot_0a81b4c942a2db474f37,dsv_asendorf_t1_bbch11,/home/nfs/data/nvme_datasets/Pictures_CFSB_leaf_damage/2025_09_15_Re4StRes_T1_DSV/IMG_3334.JPG,6.0,4.101334571838379,4.1748480796813965,0.07351329922676086,1.8251519203186035,1.898665428161621,rank,44,single_rater_weak
2025_09_15_Re4StRes_T1_DSV/IMG_3334_2.JPG,plot_0a81b4c942a2db474f37,dsv_asendorf_t1_bbch11,/home/nfs/data/nvme_datasets/Pictures_CFSB_leaf_damage/2025_09_15_Re4StRes_T1_DSV/IMG_3334_2.JPG,3.0,2.9987711906433105,2.6571261882781982,-0.3416450619697571,0.34287381172180176,0.0012288093566894531,rank,44,single_rater_weak
2025_09_15_Re4StRes_T1_DSV/IMG_3336.JPG,plot_0a81b4c942a2db474f37,dsv_asendorf_t1_bbch11,/home/nfs/data/nvme_datasets/Pictures_CFSB_leaf_damage/2025_09_15_Re4StRes_T1_DSV/IMG_3336.JPG,2.0,7.065014839172363,7.256677627563477,0.19166260957717896,5.256677627563477,5.065014839172363,rank,44,single_rater_weak
2025_09_15_Re4StRes_T1_DSV/IMG_3337.JPG,plot_893ea76139db7e8e9beb,dsv_asendorf_t1_bbch11,/home/nfs/data/nvme_datasets/Pictures_CFSB_leaf_damage/2025_09_15_Re4StRes_T1_DSV/IMG_3337.JPG,8.0,4.33909273147583,5.083464622497559,0.7443717122077942,2.9165353775024414,3.66090726852417,rank,44,single_rater_weak
2025_09_15_Re4StRes_T1_DSV/IMG_3338.JPG,plot_893ea76139db7e8e9beb,dsv_asendorf_t1_bbch11,/home/nfs/data/nvme_datasets/Pictures_CFSB_leaf_damage/2025_09_15_Re4StRes_T1_DSV/IMG_3338.JPG,3.0,4.614325523376465,5.292819976806641,0.6784945726394653,2.2928199768066406,1.6143255233764648,rank,44,single_rater_weak
2025_09_15_Re4StRes_T1_DSV/IMG_3339.JPG,plot_893ea76139db7e8e9beb,dsv_asendorf_t1_bbch11,/home/nfs/data/nvme_datasets/Pictures_CFSB_leaf_damage/2025_09_15_Re4StRes_T1_DSV/IMG_3339.JPG,4.0,3.784986734390259,4.754093170166016,0.9691062569618225,0.7540931701660156,0.2150132656097412,rank,44,single_rater_weak
2025_09_15_Re4StRes_T1_DSV/IMG_3340.JPG,plot_444191e50a4fb24d1ec2,dsv_asendorf_t1_bbch11,/home/nfs/data/nvme_datasets/Pictures_CFSB_leaf_damage/2025_09_15_Re4StRes_T1_DSV/IMG_3340.JPG,2.0,4.590782165527344,5.235881328582764,0.6450992822647095,3.2358813285827637,2.5907821655273438,rank,44,single_rater_weak
2025_09_15_Re4StRes_T1_DSV/IMG_3341.JPG,plot_444191e50a4fb24d1ec2,dsv_asendorf_t1_bbch11,/home/nfs/data/nvme_datasets/Pictures_CFSB_leaf_damage/2025_09_15_Re4StRes_T1_DSV/IMG_3341.JPG,2.0,8.303425788879395,8.467073440551758,0.16364774107933044,6.467073440551758,6.3034257888793945,rank,44,single_rater_weak
2025_09_15_Re4StRes_T1_DSV/IMG_3342.JPG,plot_444191e50a4fb24d1ec2,dsv_asendorf_t1_bbch11,/home/nfs/data/nvme_datasets/Pictures_CFSB_leaf_damage/2025_09_15_Re4StRes_T1_DSV/IMG_3342.JPG,4.0,8.210273742675781,8.886234283447266,0.675960898399353,4.886234283447266,4.210273742675781,rank,44,single_rater_weak
2025_09_15_Re4StRes_T1_DSV/IMG_3343.JPG,plot_cc4976c5ce94cf8ec18d,dsv_asendorf_t1_bbch11,/home/nfs/data/nvme_datasets/Pictures_CFSB_leaf_damage/2025_09_15_Re4StRes_T1_DSV/IMG_3343.JPG,2.0,3.6904187202453613,3.856989622116089,0.16657084226608276,1.8569896221160889,1.6904187202453613,rank,44,single_rater_weak
2025_09_15_Re4StRes_T1_DSV/IMG_3343_2.JPG,plot_cc4976c5ce94cf8ec18d,dsv_asendorf_t1_bbch11,/home/nfs/data/nvme_datasets/Pictures_CFSB_leaf_damage/2025_09_15_Re4StRes_T1_DSV/IMG_3343_2.JPG,3.0,2.0810742378234863,1.943183183670044,-0.13789106905460358,1.056816816329956,0.9189257621765137,rank,44,single_rater_weak
2025_09_15_Re4StRes_T1_DSV/IMG_3347.JPG,plot_cc4976c5ce94cf8ec18d,dsv_asendorf_t1_bbch11,/home/nfs/data/nvme_datasets/Pictures_CFSB_leaf_damage/2025_09_15_Re4StRes_T1_DSV/IMG_3347.JPG,3.0,3.203136920928955,3.965960741043091,0.762823760509491,0.9659607410430908,0.20313692092895508,rank,44,single_rater_weak
2025_09_15_Re4StRes_T1_DSV/IMG_3348.JPG,plot_e05bdf194d70de829545,dsv_asendorf_t1_bbch11,/home/nfs/data/nvme_datasets/Pictures_CFSB_leaf_damage/2025_09_15_Re4StRes_T1_DSV/IMG_3348.JPG,2.0,6.681058406829834,7.127802848815918,0.44674456119537354,5.127802848815918,4.681058406829834,rank,44,single_rater_weak
2025_09_15_Re4StRes_T1_DSV/IMG_3349.JPG,plot_e05bdf194d70de829545,dsv_asendorf_t1_bbch11,/home/nfs/data/nvme_datasets/Pictures_CFSB_leaf_damage/2025_09_15_Re4StRes_T1_DSV/IMG_3349.JPG,2.0,4.691664695739746,5.2719035148620605,0.580238938331604,3.2719035148620605,2.691664695739746,rank,44,single_rater_weak
2025_09_15_Re4StRes_T1_DSV/IMG_3350.JPG,plot_e05bdf194d70de829545,dsv_asendorf_t1_bbch11,/home/nfs/data/nvme_datasets/Pictures_CFSB_leaf_damage/2025_09_15_Re4StRes_T1_DSV/IMG_3350.JPG,8.0,3.5047767162323,4.163130760192871,0.6583542227745056,3.836869239807129,4.495223045349121,rank,44,single_rater_weak
2025_09_15_Re4StRes_T1_DSV/IMG_3351.JPG,plot_3d536e5af09fac1c9a11,dsv_asendorf_t1_bbch11,/home/nfs/data/nvme_datasets/Pictures_CFSB_leaf_damage/2025_09_15_Re4StRes_T1_DSV/IMG_3351.JPG,8.0,7.64668083190918,8.38200569152832,0.7353243827819824,0.3820056915283203,0.3533191680908203,rank,44,single_rater_weak
2025_09_15_Re4StRes_T1_DSV/IMG_3352.JPG,plot_3d536e5af09fac1c9a11,dsv_asendorf_t1_bbch11,/home/nfs/data/nvme_datasets/Pictures_CFSB_leaf_damage/2025_09_15_Re4StRes_T1_DSV/IMG_3352.JPG,8.0,7.244872570037842,7.5710129737854,0.3261403441429138,0.4289870262145996,0.7551274299621582,rank,44,single_rater_weak
2025_09_15_Re4StRes_T1_DSV/IMG_3353.JPG,plot_3d536e5af09fac1c9a11,dsv_asendorf_t1_bbch11,/home/nfs/data/nvme_datasets/Pictures_CFSB_leaf_damage/2025_09_15_Re4StRes_T1_DSV/IMG_3353.JPG,2.0,6.673094749450684,7.222952365875244,0.5498577356338501,5.222952365875244,4.673094749450684,rank,44,single_rater_weak
2025_09_15_Re4StRes_T1_DSV/IMG_3354.JPG,plot_6c3a5e4270d0e8a36c26,dsv_asendorf_t1_bbch11,/home/nfs/data/nvme_datasets/Pictures_CFSB_leaf_damage/2025_09_15_Re4StRes_T1_DSV/IMG_3354.JPG,3.0,12.333226203918457,12.57324504852295,0.24001863598823547,9.57324504852295,9.333226203918457,rank,44,single_rater_weak
2025_09_15_Re4StRes_T1_DSV/IMG_3355.JPG,plot_6c3a5e4270d0e8a36c26,dsv_asendorf_t1_bbch11,/home/nfs/data/nvme_datasets/Pictures_CFSB_leaf_damage/2025_09_15_Re4StRes_T1_DSV/IMG_3355.JPG,2.0,3.1215267181396484,3.082602024078369,-0.03892481327056885,1.0826020240783691,1.1215267181396484,rank,44,single_rater_weak
2025_09_15_Re4StRes_T1_DSV/IMG_3357.JPG,plot_6c3a5e4270d0e8a36c26,dsv_asendorf_t1_bbch11,/home/nfs/data/nvme_datasets/Pictures_CFSB_leaf_damage/2025_09_15_Re4StRes_T1_DSV/IMG_3357.JPG,2.0,5.621125221252441,6.047225475311279,0.4261002242565155,4.047225475311279,3.6211252212524414,rank,44,single_rater_weak
2025_09_15_Re4StRes_T1_DSV/IMG_3358.JPG,plot_19702f4fd7356a8a0516,dsv_asendorf_t1_bbch11,/home/nfs/data/nvme_datasets/Pictures_CFSB_leaf_damage/2025_09_15_Re4StRes_T1_DSV/IMG_3358.JPG,7.0,7.720637321472168,7.749921798706055,0.029284242540597916,0.7499217987060547,0.720637321472168,rank,44,single_rater_weak
2025_09_15_Re4StRes_T1_DSV/IMG_3359.JPG,plot_19702f4fd7356a8a0516,dsv_asendorf_t1_bbch11,/home/nfs/data/nvme_datasets/Pictures_CFSB_leaf_damage/2025_09_15_Re4StRes_T1_DSV/IMG_3359.JPG,6.0,2.187650680541992,2.7241132259368896,0.5364625453948975,3.2758867740631104,3.812349319458008,rank,44,single_rater_weak
2025_09_15_Re4StRes_T1_DSV/IMG_3360.JPG,plot_19702f4fd7356a8a0516,dsv_asendorf_t1_bbch11,/home/nfs/data/nvme_datasets/Pictures_CFSB_leaf_damage/2025_09_15_Re4StRes_T1_DSV/IMG_3360.JPG,6.0,2.6298937797546387,2.9242587089538574,0.2943648099899292,3.0757412910461426,3.3701062202453613,rank,44,single_rater_weak
2025_09_15_Re4StRes_T1_DSV/IMG_3361.JPG,plot_e8dd7f47d2a9924443f9,dsv_asendorf_t1_bbch11,/home/nfs/data/nvme_datasets/Pictures_CFSB_leaf_damage/2025_09_15_Re4StRes_T1_DSV/IMG_3361.JPG,2.0,2.6921796798706055,2.937678813934326,0.24549925327301025,0.9376788139343262,0.6921796798706055,rank,44,single_rater_weak
2025_09_15_Re4StRes_T1_DSV/IMG_3362.JPG,plot_e8dd7f47d2a9924443f9,dsv_asendorf_t1_bbch11,/home/nfs/data/nvme_datasets/Pictures_CFSB_leaf_damage/2025_09_15_Re4StRes_T1_DSV/IMG_3362.JPG,4.0,2.1812500953674316,2.477825164794922,0.2965751886367798,1.5221748352050781,1.8187499046325684,rank,44,single_rater_weak
2025_09_15_Re4StRes_T1_DSV/IMG_3363.JPG,plot_e8dd7f47d2a9924443f9,dsv_asendorf_t1_bbch11,/home/nfs/data/nvme_datasets/Pictures_CFSB_leaf_damage/2025_09_15_Re4StRes_T1_DSV/IMG_3363.JPG,3.0,2.6036882400512695,3.2290990352630615,0.6254107356071472,0.22909903526306152,0.39631175994873047,rank,44,single_rater_weak
2025_09_15_Re4StRes_T1_DSV/IMG_3364.JPG,plot_1479ec7e7b20027ed6b9,dsv_asendorf_t1_bbch11,/home/nfs/data/nvme_datasets/Pictures_CFSB_leaf_damage/2025_09_15_Re4StRes_T1_DSV/IMG_3364.JPG,2.0,2.6269054412841797,2.947895050048828,0.32098960876464844,0.9478950500488281,0.6269054412841797,rank,44,single_rater_weak
2025_09_15_Re4StRes_T1_DSV/IMG_3365.JPG,plot_1479ec7e7b20027ed6b9,dsv_asendorf_t1_bbch11,/home/nfs/data/nvme_datasets/Pictures_CFSB_leaf_damage/2025_09_15_Re4StRes_T1_DSV/IMG_3365.JPG,3.0,1.2507147789001465,1.2001358270645142,-0.05057895556092262,1.7998641729354858,1.7492852210998535,rank,44,single_rater_weak
2025_09_15_Re4StRes_T1_DSV/IMG_3366.JPG,plot_1479ec7e7b20027ed6b9,dsv_asendorf_t1_bbch11,/home/nfs/data/nvme_datasets/Pictures_CFSB_leaf_damage/2025_09_15_Re4StRes_T1_DSV/IMG_3366.JPG,5.0,2.4891862869262695,2.694232940673828,0.20504659414291382,2.305767059326172,2.5108137130737305,rank,44,single_rater_weak
2025_09_15_Re4StRes_T1_DSV/IMG_3367.JPG,plot_95aaa5709244ec873418,dsv_asendorf_t1_bbch11,/home/nfs/data/nvme_datasets/Pictures_CFSB_leaf_damage/2025_09_15_Re4StRes_T1_DSV/IMG_3367.JPG,2.0,2.4260830879211426,1.9925146102905273,-0.43356841802597046,0.007485389709472656,0.4260830879211426,rank,44,single_rater_weak
2025_09_15_Re4StRes_T1_DSV/IMG_3368.JPG,plot_95aaa5709244ec873418,dsv_asendorf_t1_bbch11,/home/nfs/data/nvme_datasets/Pictures_CFSB_leaf_damage/2025_09_15_Re4StRes_T1_DSV/IMG_3368.JPG,4.0,11.002265930175781,10.93446159362793,-0.06780475378036499,6.93446159362793,7.002265930175781,rank,44,single_rater_weak
2025_09_15_Re4StRes_T1_DSV/IMG_3369.JPG,plot_95aaa5709244ec873418,dsv_asendorf_t1_bbch11,/home/nfs/data/nvme_datasets/Pictures_CFSB_leaf_damage/2025_09_15_Re4StRes_T1_DSV/IMG_3369.JPG,3.0,2.8236379623413086,3.411790132522583,0.5881521105766296,0.411790132522583,0.1763620376586914,rank,44,single_rater_weak
2025_09_15_Re4StRes_T1_DSV/IMG_3370.JPG,plot_01f060fea973c05839f8,dsv_asendorf_t1_bbch11,/home/nfs/data/nvme_datasets/Pictures_CFSB_leaf_damage/2025_09_15_Re4StRes_T1_DSV/IMG_3370.JPG,7.0,2.076727867126465,2.5428848266601562,0.46615689992904663,4.457115173339844,4.923272132873535,rank,44,single_rater_weak
2025_09_15_Re4StRes_T1_DSV/IMG_3371.JPG,plot_01f060fea973c05839f8,dsv_asendorf_t1_bbch11,/home/nfs/data/nvme_datasets/Pictures_CFSB_leaf_damage/2025_09_15_Re4StRes_T1_DSV/IMG_3371.JPG,2.0,1.320930004119873,1.5369534492492676,0.21602341532707214,0.4630465507507324,0.679069995880127,rank,44,single_rater_weak
2025_09_15_Re4StRes_T1_DSV/IMG_3372.JPG,plot_01f060fea973c05839f8,dsv_asendorf_t1_bbch11,/home/nfs/data/nvme_datasets/Pictures_CFSB_leaf_damage/2025_09_15_Re4StRes_T1_DSV/IMG_3372.JPG,5.0,2.584810256958008,3.139495372772217,0.5546852350234985,1.8605046272277832,2.415189743041992,rank,44,single_rater_weak
2025_09_15_Re4StRes_T1_DSV/IMG_3373.JPG,plot_67bd59113d9f98c1efe4,dsv_asendorf_t1_bbch11,/home/nfs/data/nvme_datasets/Pictures_CFSB_leaf_damage/2025_09_15_Re4StRes_T1_DSV/IMG_3373.JPG,3.0,5.537160873413086,6.0263543128967285,0.48919326066970825,3.0263543128967285,2.537160873413086,rank,44,single_rater_weak
2025_09_15_Re4StRes_T1_DSV/IMG_3374.JPG,plot_67bd59113d9f98c1efe4,dsv_asendorf_t1_bbch11,/home/nfs/data/nvme_datasets/Pictures_CFSB_leaf_damage/2025_09_15_Re4StRes_T1_DSV/IMG_3374.JPG,3.0,3.758373498916626,4.664828777313232,0.9064552187919617,1.6648287773132324,0.758373498916626,rank,44,single_rater_weak
2025_09_15_Re4StRes_T1_DSV/IMG_3375.JPG,plot_67bd59113d9f98c1efe4,dsv_asendorf_t1_bbch11,/home/nfs/data/nvme_datasets/Pictures_CFSB_leaf_damage/2025_09_15_Re4StRes_T1_DSV/IMG_3375.JPG,5.0,1.8335065841674805,2.1898088455200195,0.3563021421432495,2.8101911544799805,3.1664934158325195,rank,44,single_rater_weak
2025_09_15_Re4StRes_T1_DSV/IMG_3376.JPG,plot_86355422f68667a79eb7,dsv_asendorf_t1_bbch11,/home/nfs/data/nvme_datasets/Pictures_CFSB_leaf_damage/2025_09_15_Re4StRes_T1_DSV/IMG_3376.JPG,3.0,4.651296615600586,5.048608303070068,0.3973117172718048,2.0486083030700684,1.651296615600586,rank,44,single_rater_weak
2025_09_15_Re4StRes_T1_DSV/IMG_3377.JPG,plot_86355422f68667a79eb7,dsv_asendorf_t1_bbch11,/home/nfs/data/nvme_datasets/Pictures_CFSB_leaf_damage/2025_09_15_Re4StRes_T1_DSV/IMG_3377.JPG,4.0,7.265337944030762,7.745847225189209,0.48050937056541443,3.745847225189209,3.2653379440307617,rank,44,single_rater_weak
2025_09_15_Re4StRes_T1_DSV/IMG_3378.JPG,plot_86355422f68667a79eb7,dsv_asendorf_t1_bbch11,/home/nfs/data/nvme_datasets/Pictures_CFSB_leaf_damage/2025_09_15_Re4StRes_T1_DSV/IMG_3378.JPG,2.0,1.9010682106018066,2.358691692352295,0.45762336254119873,0.3586916923522949,0.09893178939819336,rank,44,single_rater_weak
2025_09_15_Re4StRes_T1_DSV/IMG_3379.JPG,plot_b009f64014ddc2c9c1b4,dsv_asendorf_t1_bbch11,/home/nfs/data/nvme_datasets/Pictures_CFSB_leaf_damage/2025_09_15_Re4StRes_T1_DSV/IMG_3379.JPG,2.0,2.0613536834716797,2.322847366333008,0.2614935636520386,0.3228473663330078,0.06135368347167969,rank,44,single_rater_weak
2025_09_15_Re4StRes_T1_DSV/IMG_3380.JPG,plot_b009f64014ddc2c9c1b4,dsv_asendorf_t1_bbch11,/home/nfs/data/nvme_datasets/Pictures_CFSB_leaf_damage/2025_09_15_Re4StRes_T1_DSV/IMG_3380.JPG,8.0,10.123323440551758,10.418122291564941,0.29479923844337463,2.4181222915649414,2.123323440551758,rank,44,single_rater_weak
2025_09_15_Re4StRes_T1_DSV/IMG_3381.JPG,plot_b009f64014ddc2c9c1b4,dsv_asendorf_t1_bbch11,/home/nfs/data/nvme_datasets/Pictures_CFSB_leaf_damage/2025_09_15_Re4StRes_T1_DSV/IMG_3381.JPG,16.0,7.444121360778809,7.796056747436523,0.3519354462623596,8.203943252563477,8.555878639221191,rank,44,single_rater_weak
2025_09_15_Re4StRes_T1_DSV/IMG_3382.JPG,plot_279dc3489f82ba55175e,dsv_asendorf_t1_bbch11,/home/nfs/data/nvme_datasets/Pictures_CFSB_leaf_damage/2025_09_15_Re4StRes_T1_DSV/IMG_3382.JPG,9.0,7.750909805297852,8.286797523498535,0.535887598991394,0.7132024765014648,1.2490901947021484,rank,44,single_rater_weak
2025_09_15_Re4StRes_T1_DSV/IMG_3383.JPG,plot_279dc3489f82ba55175e,dsv_asendorf_t1_bbch11,/home/nfs/data/nvme_datasets/Pictures_CFSB_leaf_damage/2025_09_15_Re4StRes_T1_DSV/IMG_3383.JPG,3.0,4.522320747375488,4.757035255432129,0.2347145974636078,1.757035255432129,1.5223207473754883,rank,44,single_rater_weak
2025_09_15_Re4StRes_T1_DSV/IMG_3384.JPG,plot_279dc3489f82ba55175e,dsv_asendorf_t1_bbch11,/home/nfs/data/nvme_datasets/Pictures_CFSB_leaf_damage/2025_09_15_Re4StRes_T1_DSV/IMG_3384.JPG,6.0,1.9078645706176758,1.8800501823425293,-0.02781442180275917,4.119949817657471,4.092135429382324,rank,44,single_rater_weak
2025_09_15_Re4StRes_T1_DSV/IMG_3385.JPG,plot_2b26b904941899e2c243,dsv_asendorf_t1_bbch11,/home/nfs/data/nvme_datasets/Pictures_CFSB_leaf_damage/2025_09_15_Re4StRes_T1_DSV/IMG_3385.JPG,4.0,4.315256118774414,5.17537784576416,0.8601215481758118,1.1753778457641602,0.31525611877441406,rank,44,single_rater_weak
2025_09_15_Re4StRes_T1_DSV/IMG_3386.JPG,plot_2b26b904941899e2c243,dsv_asendorf_t1_bbch11,/home/nfs/data/nvme_datasets/Pictures_CFSB_leaf_damage/2025_09_15_Re4StRes_T1_DSV/IMG_3386.JPG,2.0,6.370690822601318,6.613061428070068,0.24237045645713806,4.613061428070068,4.370690822601318,rank,44,single_rater_weak
2025_09_15_Re4StRes_T1_DSV/IMG_3387.JPG,plot_2b26b904941899e2c243,dsv_asendorf_t1_bbch11,/home/nfs/data/nvme_datasets/Pictures_CFSB_leaf_damage/2025_09_15_Re4StRes_T1_DSV/IMG_3387.JPG,5.0,5.703219413757324,5.982199668884277,0.2789804935455322,0.9821996688842773,0.7032194137573242,rank,44,single_rater_weak
2025_09_15_Re4StRes_T1_DSV/IMG_3388.JPG,plot_8f5dc92512cf0eb95f7a,dsv_asendorf_t1_bbch11,/home/nfs/data/nvme_datasets/Pictures_CFSB_leaf_damage/2025_09_15_Re4StRes_T1_DSV/IMG_3388.JPG,4.0,6.377146244049072,6.244769096374512,-0.13237696886062622,2.2447690963745117,2.3771462440490723,rank,44,single_rater_weak
2025_09_15_Re4StRes_T1_DSV/IMG_3389.JPG,plot_8f5dc92512cf0eb95f7a,dsv_asendorf_t1_bbch11,/home/nfs/data/nvme_datasets/Pictures_CFSB_leaf_damage/2025_09_15_Re4StRes_T1_DSV/IMG_3389.JPG,9.0,7.853210926055908,7.788365364074707,-0.06484542787075043,1.211634635925293,1.1467890739440918,rank,44,single_rater_weak
2025_09_15_Re4StRes_T1_DSV/IMG_3390.JPG,plot_8f5dc92512cf0eb95f7a,dsv_asendorf_t1_bbch11,/home/nfs/data/nvme_datasets/Pictures_CFSB_leaf_damage/2025_09_15_Re4StRes_T1_DSV/IMG_3390.JPG,3.0,5.425729274749756,5.701781749725342,0.27605241537094116,2.701781749725342,2.425729274749756,rank,44,single_rater_weak
2025_09_15_Re4StRes_T1_DSV/IMG_3391.JPG,plot_11fb60acd8f186a903c5,dsv_asendorf_t1_bbch11,/home/nfs/data/nvme_datasets/Pictures_CFSB_leaf_damage/2025_09_15_Re4StRes_T1_DSV/IMG_3391.JPG,5.0,3.3620665073394775,3.414259672164917,0.052193138748407364,1.585740327835083,1.6379334926605225,rank,44,single_rater_weak
2025_09_15_Re4StRes_T1_DSV/IMG_3392.JPG,plot_11fb60acd8f186a903c5,dsv_asendorf_t1_bbch11,/home/nfs/data/nvme_datasets/Pictures_CFSB_leaf_damage/2025_09_15_Re4StRes_T1_DSV/IMG_3392.JPG,2.0,1.3681716918945312,1.6193352937698364,0.2511636018753052,0.3806647062301636,0.6318283081054688,rank,44,single_rater_weak
2025_09_15_Re4StRes_T1_DSV/IMG_3393.JPG,plot_11fb60acd8f186a903c5,dsv_asendorf_t1_bbch11,/home/nfs/data/nvme_datasets/Pictures_CFSB_leaf_damage/2025_09_15_Re4StRes_T1_DSV/IMG_3393.JPG,2.0,4.379054069519043,4.41995096206665,0.04089666157960892,2.4199509620666504,2.379054069519043,rank,44,single_rater_weak
2025_09_15_Re4StRes_T1_DSV/IMG_3394.JPG,plot_da39b0333859bfc5f57c,dsv_asendorf_t1_bbch11,/home/nfs/data/nvme_datasets/Pictures_CFSB_leaf_damage/2025_09_15_Re4StRes_T1_DSV/IMG_3394.JPG,2.0,2.187556743621826,1.6616971492767334,-0.5258596539497375,0.3383028507232666,0.18755674362182617,rank,44,single_rater_weak
2025_09_15_Re4StRes_T1_DSV/IMG_3395.JPG,plot_da39b0333859bfc5f57c,dsv_asendorf_t1_bbch11,/home/nfs/data/nvme_datasets/Pictures_CFSB_leaf_damage/2025_09_15_Re4StRes_T1_DSV/IMG_3395.JPG,2.0,2.5866527557373047,2.1458733081817627,-0.4407793879508972,0.1458733081817627,0.5866527557373047,rank,44,single_rater_weak
2025_09_15_Re4StRes_T1_DSV/IMG_3396.JPG,plot_da39b0333859bfc5f57c,dsv_asendorf_t1_bbch11,/home/nfs/data/nvme_datasets/Pictures_CFSB_leaf_damage/2025_09_15_Re4StRes_T1_DSV/IMG_3396.JPG,3.0,0.6142988204956055,0.6002181172370911,-0.014080698601901531,2.3997819423675537,2.3857011795043945,rank,44,single_rater_weak
2025_09_15_Re4StRes_T1_DSV/IMG_3398.JPG,plot_943a936db43f424a9be4,dsv_asendorf_t1_bbch11,/home/nfs/data/nvme_datasets/Pictures_CFSB_leaf_damage/2025_09_15_Re4StRes_T1_DSV/IMG_3398.JPG,6.0,3.0443944931030273,3.130812644958496,0.08641820400953293,2.869187355041504,2.9556055068969727,rank,44,single_rater_weak
2025_09_15_Re4StRes_T1_DSV/IMG_3399.JPG,plot_943a936db43f424a9be4,dsv_asendorf_t1_bbch11,/home/nfs/data/nvme_datasets/Pictures_CFSB_leaf_damage/2025_09_15_Re4StRes_T1_DSV/IMG_3399.JPG,3.0,2.730679512023926,2.3314461708068848,-0.399233341217041,0.6685538291931152,0.2693204879760742,rank,44,single_rater_weak
2025_09_15_Re4StRes_T1_DSV/IMG_3400.JPG,plot_943a936db43f424a9be4,dsv_asendorf_t1_bbch11,/home/nfs/data/nvme_datasets/Pictures_CFSB_leaf_damage/2025_09_15_Re4StRes_T1_DSV/IMG_3400.JPG,2.0,2.622373104095459,2.762579917907715,0.14020679891109467,0.7625799179077148,0.622373104095459,rank,44,single_rater_weak
2025_09_15_Re4StRes_T1_DSV/IMG_3401.JPG,plot_dcd59592fcea5eca7a8e,dsv_asendorf_t1_bbch11,/home/nfs/data/nvme_datasets/Pictures_CFSB_leaf_damage/2025_09_15_Re4StRes_T1_DSV/IMG_3401.JPG,7.0,1.4051480293273926,1.6928856372833252,0.287737637758255,5.307114601135254,5.594851970672607,rank,44,single_rater_weak
2025_09_15_Re4StRes_T1_DSV/IMG_3402.JPG,plot_dcd59592fcea5eca7a8e,dsv_asendorf_t1_bbch11,/home/nfs/data/nvme_datasets/Pictures_CFSB_leaf_damage/2025_09_15_Re4StRes_T1_DSV/IMG_3402.JPG,8.0,6.785821437835693,6.9676032066345215,0.1817818135023117,1.0323967933654785,1.2141785621643066,rank,44,single_rater_weak
2025_09_15_Re4StRes_T1_DSV/IMG_3403.JPG,plot_dcd59592fcea5eca7a8e,dsv_asendorf_t1_bbch11,/home/nfs/data/nvme_datasets/Pictures_CFSB_leaf_damage/2025_09_15_Re4StRes_T1_DSV/IMG_3403.JPG,5.0,3.4613468647003174,3.5294346809387207,0.06808788329362869,1.4705653190612793,1.5386531352996826,rank,44,single_rater_weak
2025_09_15_Re4StRes_T1_DSV/IMG_3404.JPG,plot_b9325e65ceef18b62385,dsv_asendorf_t1_bbch11,/home/nfs/data/nvme_datasets/Pictures_CFSB_leaf_damage/2025_09_15_Re4StRes_T1_DSV/IMG_3404.JPG,2.0,2.149081230163574,1.9855389595031738,-0.163542240858078,0.014461040496826172,0.14908123016357422,rank,44,single_rater_weak
2025_09_15_Re4StRes_T1_DSV/IMG_3405.JPG,plot_b9325e65ceef18b62385,dsv_asendorf_t1_bbch11,/home/nfs/data/nvme_datasets/Pictures_CFSB_leaf_damage/2025_09_15_Re4StRes_T1_DSV/IMG_3405.JPG,3.0,1.974565029144287,1.8031506538391113,-0.1714143455028534,1.1968493461608887,1.025434970855713,rank,44,single_rater_weak
2025_09_15_Re4StRes_T1_DSV/IMG_3406.JPG,plot_b9325e65ceef18b62385,dsv_asendorf_t1_bbch11,/home/nfs/data/nvme_datasets/Pictures_CFSB_leaf_damage/2025_09_15_Re4StRes_T1_DSV/IMG_3406.JPG,2.0,2.358853816986084,2.1576390266418457,-0.2012147605419159,0.1576390266418457,0.358853816986084,rank,44,single_rater_weak
2025_09_15_Re4StRes_T1_DSV/IMG_3407.JPG,plot_e9b852a0cf347e4eb711,dsv_asendorf_t1_bbch11,/home/nfs/data/nvme_datasets/Pictures_CFSB_leaf_damage/2025_09_15_Re4StRes_T1_DSV/IMG_3407.JPG,3.0,2.352111339569092,2.2287099361419678,-0.12340135127305984,0.7712900638580322,0.6478886604309082,rank,44,single_rater_weak
2025_09_15_Re4StRes_T1_DSV/IMG_3408.JPG,plot_e9b852a0cf347e4eb711,dsv_asendorf_t1_bbch11,/home/nfs/data/nvme_datasets/Pictures_CFSB_leaf_damage/2025_09_15_Re4StRes_T1_DSV/IMG_3408.JPG,3.0,1.6288199424743652,1.7822645902633667,0.15344467759132385,1.2177354097366333,1.3711800575256348,rank,44,single_rater_weak
2025_09_15_Re4StRes_T1_DSV/IMG_3409.JPG,plot_e9b852a0cf347e4eb711,dsv_asendorf_t1_bbch11,/home/nfs/data/nvme_datasets/Pictures_CFSB_leaf_damage/2025_09_15_Re4StRes_T1_DSV/IMG_3409.JPG,4.0,1.61350679397583,1.1219816207885742,-0.49152523279190063,2.878018379211426,2.38649320602417,rank,44,single_rater_weak
2025_09_15_Re4StRes_T1_DSV/IMG_3410.JPG,plot_31d7aa1692e13f9b708b,dsv_asendorf_t1_bbch11,/home/nfs/data/nvme_datasets/Pictures_CFSB_leaf_damage/2025_09_15_Re4StRes_T1_DSV/IMG_3410.JPG,4.0,1.9136834144592285,1.8437446355819702,-0.06993881613016129,2.1562552452087402,2.0863165855407715,rank,44,single_rater_weak
2025_09_15_Re4StRes_T1_DSV/IMG_3411.JPG,plot_31d7aa1692e13f9b708b,dsv_asendorf_t1_bbch11,/home/nfs/data/nvme_datasets/Pictures_CFSB_leaf_damage/2025_09_15_Re4StRes_T1_DSV/IMG_3411.JPG,9.0,1.9595694541931152,2.360668897628784,0.40109944343566895,6.639330863952637,7.040430545806885,rank,44,single_rater_weak
2025_09_15_Re4StRes_T1_DSV/IMG_3412.JPG,plot_31d7aa1692e13f9b708b,dsv_asendorf_t1_bbch11,/home/nfs/data/nvme_datasets/Pictures_CFSB_leaf_damage/2025_09_15_Re4StRes_T1_DSV/IMG_3412.JPG,4.0,1.9020442962646484,2.2609477043151855,0.3589034378528595,1.7390522956848145,2.0979557037353516,rank,44,single_rater_weak
2025_09_15_Re4StRes_T1_DSV/IMG_3413.JPG,plot_7282ae44ee098094299d,dsv_asendorf_t1_bbch11,/home/nfs/data/nvme_datasets/Pictures_CFSB_leaf_damage/2025_09_15_Re4StRes_T1_DSV/IMG_3413.JPG,9.0,0.8649215698242188,0.7429836988449097,-0.12193787097930908,8.2570161819458,8.135078430175781,rank,44,single_rater_weak
2025_09_15_Re4StRes_T1_DSV/IMG_3414.JPG,plot_7282ae44ee098094299d,dsv_asendorf_t1_bbch11,/home/nfs/data/nvme_datasets/Pictures_CFSB_leaf_damage/2025_09_15_Re4StRes_T1_DSV/IMG_3414.JPG,4.0,1.7446765899658203,1.6573984622955322,-0.08727818727493286,2.3426015377044678,2.2553234100341797,rank,44,single_rater_weak
2025_09_15_Re4StRes_T1_DSV/IMG_3415.JPG,plot_7282ae44ee098094299d,dsv_asendorf_t1_bbch11,/home/nfs/data/nvme_datasets/Pictures_CFSB_leaf_damage/2025_09_15_Re4StRes_T1_DSV/IMG_3415.JPG,3.0,4.654205322265625,4.780930995941162,0.1267256885766983,1.780930995941162,1.654205322265625,rank,44,single_rater_weak
2025_09_15_Re4StRes_T1_DSV/IMG_3416.JPG,plot_c8f9459b4263e9523ccc,dsv_asendorf_t1_bbch11,/home/nfs/data/nvme_datasets/Pictures_CFSB_leaf_damage/2025_09_15_Re4StRes_T1_DSV/IMG_3416.JPG,3.0,1.6381072998046875,1.4318214654922485,-0.20628584921360016,1.5681785345077515,1.3618927001953125,rank,44,single_rater_weak
2025_09_15_Re4StRes_T1_DSV/IMG_3417.JPG,plot_c8f9459b4263e9523ccc,dsv_asendorf_t1_bbch11,/home/nfs/data/nvme_datasets/Pictures_CFSB_leaf_damage/2025_09_15_Re4StRes_T1_DSV/IMG_3417.JPG,2.0,2.790346145629883,2.5211904048919678,-0.26915574073791504,0.5211904048919678,0.7903461456298828,rank,44,single_rater_weak
2025_09_15_Re4StRes_T1_DSV/IMG_3418.JPG,plot_c8f9459b4263e9523ccc,dsv_asendorf_t1_bbch11,/home/nfs/data/nvme_datasets/Pictures_CFSB_leaf_damage/2025_09_15_Re4StRes_T1_DSV/IMG_3418.JPG,3.0,2.098210334777832,1.811239242553711,-0.28697115182876587,1.188760757446289,0.901789665222168,rank,44,single_rater_weak
2025_09_15_Re4StRes_T1_DSV/IMG_3419.JPG,plot_cb5e43daf6b8fbb2933c,dsv_asendorf_t1_bbch11,/home/nfs/data/nvme_datasets/Pictures_CFSB_leaf_damage/2025_09_15_Re4StRes_T1_DSV/IMG_3419.JPG,6.0,3.8378007411956787,3.9840617179870605,0.1462610363960266,2.0159382820129395,2.1621992588043213,rank,44,single_rater_weak
2025_09_15_Re4StRes_T1_DSV/IMG_3420.JPG,plot_cb5e43daf6b8fbb2933c,dsv_asendorf_t1_bbch11,/home/nfs/data/nvme_datasets/Pictures_CFSB_leaf_damage/2025_09_15_Re4StRes_T1_DSV/IMG_3420.JPG,2.0,0.6802058219909668,0.5924586653709412,-0.08774717152118683,1.407541275024414,1.3197941780090332,rank,44,single_rater_weak
2025_09_15_Re4StRes_T1_DSV/IMG_3421.JPG,plot_cb5e43daf6b8fbb2933c,dsv_asendorf_t1_bbch11,/home/nfs/data/nvme_datasets/Pictures_CFSB_leaf_damage/2025_09_15_Re4StRes_T1_DSV/IMG_3421.JPG,2.0,2.2069172859191895,2.2553141117095947,0.04839678108692169,0.2553141117095947,0.20691728591918945,rank,44,single_rater_weak
2025_09_15_Re4StRes_T1_DSV/IMG_3423.JPG,plot_a9c9691c0e46d0afbf99,dsv_asendorf_t1_bbch11,/home/nfs/data/nvme_datasets/Pictures_CFSB_leaf_damage/2025_09_15_Re4StRes_T1_DSV/IMG_3423.JPG,4.0,10.30391788482666,10.932031631469727,0.6281135082244873,6.932031631469727,6.30391788482666,rank,44,single_rater_weak
2025_09_15_Re4StRes_T1_DSV/IMG_3424.JPG,plot_a9c9691c0e46d0afbf99,dsv_asendorf_t1_bbch11,/home/nfs/data/nvme_datasets/Pictures_CFSB_leaf_damage/2025_09_15_Re4StRes_T1_DSV/IMG_3424.JPG,3.0,3.462289333343506,3.894306182861328,0.4320167303085327,0.8943061828613281,0.46228933334350586,rank,44,single_rater_weak
2025_09_15_Re4StRes_T1_DSV/IMG_3425.JPG,plot_a9c9691c0e46d0afbf99,dsv_asendorf_t1_bbch11,/home/nfs/data/nvme_datasets/Pictures_CFSB_leaf_damage/2025_09_15_Re4StRes_T1_DSV/IMG_3425.JPG,3.0,4.880382537841797,4.850803852081299,-0.02957887575030327,1.8508038520812988,1.8803825378417969,rank,44,single_rater_weak
2025_09_15_Re4StRes_T1_DSV/IMG_3426.JPG,plot_69209fd4a197caaab33b,dsv_asendorf_t1_bbch11,/home/nfs/data/nvme_datasets/Pictures_CFSB_leaf_damage/2025_09_15_Re4StRes_T1_DSV/IMG_3426.JPG,2.0,2.206768035888672,1.9060750007629395,-0.30069297552108765,0.09392499923706055,0.20676803588867188,rank,44,single_rater_weak
2025_09_15_Re4StRes_T1_DSV/IMG_3427.JPG,plot_69209fd4a197caaab33b,dsv_asendorf_t1_bbch11,/home/nfs/data/nvme_datasets/Pictures_CFSB_leaf_damage/2025_09_15_Re4StRes_T1_DSV/IMG_3427.JPG,4.0,7.114322185516357,6.987492084503174,-0.12683004140853882,2.987492084503174,3.1143221855163574,rank,44,single_rater_weak
2025_09_15_Re4StRes_T1_DSV/IMG_3428.JPG,plot_69209fd4a197caaab33b,dsv_asendorf_t1_bbch11,/home/nfs/data/nvme_datasets/Pictures_CFSB_leaf_damage/2025_09_15_Re4StRes_T1_DSV/IMG_3428.JPG,2.0,2.6780824661254883,2.2727088928222656,-0.40537357330322266,0.2727088928222656,0.6780824661254883,rank,44,single_rater_weak
2025_09_15_Re4StRes_T1_DSV/IMG_3429.JPG,plot_18d279bc106253cd1c9d,dsv_asendorf_t1_bbch11,/home/nfs/data/nvme_datasets/Pictures_CFSB_leaf_damage/2025_09_15_Re4StRes_T1_DSV/IMG_3429.JPG,3.0,2.483220100402832,2.4484477043151855,-0.03477248549461365,0.5515522956848145,0.516779899597168,rank,44,single_rater_weak
2025_09_15_Re4StRes_T1_DSV/IMG_3430.JPG,plot_18d279bc106253cd1c9d,dsv_asendorf_t1_bbch11,/home/nfs/data/nvme_datasets/Pictures_CFSB_leaf_damage/2025_09_15_Re4StRes_T1_DSV/IMG_3430.JPG,2.0,1.6762213706970215,1.4804133176803589,-0.1958080232143402,0.5195866823196411,0.3237786293029785,rank,44,single_rater_weak
2025_09_15_Re4StRes_T1_DSV/IMG_3431.JPG,plot_18d279bc106253cd1c9d,dsv_asendorf_t1_bbch11,/home/nfs/data/nvme_datasets/Pictures_CFSB_leaf_damage/2025_09_15_Re4StRes_T1_DSV/IMG_3431.JPG,2.0,1.6471920013427734,1.7917227745056152,0.1445307731628418,0.20827722549438477,0.35280799865722656,rank,44,single_rater_weak
2025_09_15_Re4StRes_T1_DSV/IMG_3432.JPG,plot_ccacdc4234f806957f66,dsv_asendorf_t1_bbch11,/home/nfs/data/nvme_datasets/Pictures_CFSB_leaf_damage/2025_09_15_Re4StRes_T1_DSV/IMG_3432.JPG,4.0,2.0693888664245605,2.024512767791748,-0.0448760949075222,1.975487232208252,1.9306111335754395,rank,44,single_rater_weak
2025_09_15_Re4StRes_T1_DSV/IMG_3433.JPG,plot_ccacdc4234f806957f66,dsv_asendorf_t1_bbch11,/home/nfs/data/nvme_datasets/Pictures_CFSB_leaf_damage/2025_09_15_Re4StRes_T1_DSV/IMG_3433.JPG,3.0,3.559316396713257,3.0659677982330322,-0.4933486878871918,0.06596779823303223,0.5593163967132568,rank,44,single_rater_weak
2025_09_15_Re4StRes_T1_DSV/IMG_3434.JPG,plot_ccacdc4234f806957f66,dsv_asendorf_t1_bbch11,/home/nfs/data/nvme_datasets/Pictures_CFSB_leaf_damage/2025_09_15_Re4StRes_T1_DSV/IMG_3434.JPG,6.0,3.477123260498047,3.9433906078338623,0.4662674367427826,2.0566093921661377,2.522876739501953,rank,44,single_rater_weak
2025_09_15_Re4StRes_T1_DSV/IMG_3435.JPG,plot_4af0822cb67388a1aa56,dsv_asendorf_t1_bbch11,/home/nfs/data/nvme_datasets/Pictures_CFSB_leaf_damage/2025_09_15_Re4StRes_T1_DSV/IMG_3435.JPG,6.0,1.9636359214782715,1.7003787755966187,-0.2632571756839752,4.299621105194092,4.0363640785217285,rank,44,single_rater_weak
2025_09_15_Re4StRes_T1_DSV/IMG_3436.JPG,plot_4af0822cb67388a1aa56,dsv_asendorf_t1_bbch11,/home/nfs/data/nvme_datasets/Pictures_CFSB_leaf_damage/2025_09_15_Re4StRes_T1_DSV/IMG_3436.JPG,4.0,2.0665783882141113,1.7598903179168701,-0.30668801069259644,2.24010968208313,1.9334216117858887,rank,44,single_rater_weak
2025_09_15_Re4StRes_T1_DSV/IMG_3437.JPG,plot_4af0822cb67388a1aa56,dsv_asendorf_t1_bbch11,/home/nfs/data/nvme_datasets/Pictures_CFSB_leaf_damage/2025_09_15_Re4StRes_T1_DSV/IMG_3437.JPG,2.0,1.5529451370239258,1.1860321760177612,-0.36691293120384216,0.8139678239822388,0.4470548629760742,rank,44,single_rater_weak
2025_09_15_Re4StRes_T1_DSV/IMG_3438.JPG,plot_0683f47dd1c11c0ce769,dsv_asendorf_t1_bbch11,/home/nfs/data/nvme_datasets/Pictures_CFSB_leaf_damage/2025_09_15_Re4StRes_T1_DSV/IMG_3438.JPG,12.0,3.5578291416168213,3.6406657695770264,0.0828365832567215,8.359333992004395,8.442171096801758,rank,44,single_rater_weak
2025_09_15_Re4StRes_T1_DSV/IMG_3439.JPG,plot_0683f47dd1c11c0ce769,dsv_asendorf_t1_bbch11,/home/nfs/data/nvme_datasets/Pictures_CFSB_leaf_damage/2025_09_15_Re4StRes_T1_DSV/IMG_3439.JPG,3.0,2.1883296966552734,2.279357433319092,0.09102776646614075,0.7206425666809082,0.8116703033447266,rank,44,single_rater_weak
2025_09_15_Re4StRes_T1_DSV/IMG_3440.JPG,plot_0683f47dd1c11c0ce769,dsv_asendorf_t1_bbch11,/home/nfs/data/nvme_datasets/Pictures_CFSB_leaf_damage/2025_09_15_Re4StRes_T1_DSV/IMG_3440.JPG,3.0,2.4092164039611816,2.6807727813720703,0.27155643701553345,0.3192272186279297,0.5907835960388184,rank,44,single_rater_weak
2025_09_15_Re4StRes_T1_DSV/IMG_3441.JPG,plot_00a1f727b2710f3f49a2,dsv_asendorf_t1_bbch11,/home/nfs/data/nvme_datasets/Pictures_CFSB_leaf_damage/2025_09_15_Re4StRes_T1_DSV/IMG_3441.JPG,2.0,2.3213443756103516,2.512997627258301,0.19165314733982086,0.5129976272583008,0.32134437561035156,rank,44,single_rater_weak
2025_09_15_Re4StRes_T1_DSV/IMG_3442.JPG,plot_00a1f727b2710f3f49a2,dsv_asendorf_t1_bbch11,/home/nfs/data/nvme_datasets/Pictures_CFSB_leaf_damage/2025_09_15_Re4StRes_T1_DSV/IMG_3442.JPG,6.0,2.084308624267578,2.327350616455078,0.2430419772863388,3.672649383544922,3.915691375732422,rank,44,single_rater_weak
2025_09_15_Re4StRes_T1_DSV/IMG_3443.JPG,plot_00a1f727b2710f3f49a2,dsv_asendorf_t1_bbch11,/home/nfs/data/nvme_datasets/Pictures_CFSB_leaf_damage/2025_09_15_Re4StRes_T1_DSV/IMG_3443.JPG,2.0,1.488431453704834,1.1906628608703613,-0.29776865243911743,0.8093371391296387,0.511568546295166,rank,44,single_rater_weak
2025_09_15_Re4StRes_T1_DSV/IMG_3444.JPG,plot_880523c6ba0634076207,dsv_asendorf_t1_bbch11,/home/nfs/data/nvme_datasets/Pictures_CFSB_leaf_damage/2025_09_15_Re4StRes_T1_DSV/IMG_3444.JPG,6.0,6.257329940795898,6.516538619995117,0.25920844078063965,0.5165386199951172,0.25732994079589844,rank,44,single_rater_weak
2025_09_15_Re4StRes_T1_DSV/IMG_3445.JPG,plot_880523c6ba0634076207,dsv_asendorf_t1_bbch11,/home/nfs/data/nvme_datasets/Pictures_CFSB_leaf_damage/2025_09_15_Re4StRes_T1_DSV/IMG_3445.JPG,2.0,3.89266037940979,4.6129045486450195,0.7202441692352295,2.6129045486450195,1.89266037940979,rank,44,single_rater_weak
2025_09_15_Re4StRes_T1_DSV/IMG_3447.JPG,plot_880523c6ba0634076207,dsv_asendorf_t1_bbch11,/home/nfs/data/nvme_datasets/Pictures_CFSB_leaf_damage/2025_09_15_Re4StRes_T1_DSV/IMG_3447.JPG,3.0,7.997313976287842,8.198310852050781,0.20099730789661407,5.198310852050781,4.997313976287842,rank,44,single_rater_weak
2025_09_15_Re4StRes_T1_DSV/IMG_3448.JPG,plot_a4ef3fe093cfc9f1b569,dsv_asendorf_t1_bbch11,/home/nfs/data/nvme_datasets/Pictures_CFSB_leaf_damage/2025_09_15_Re4StRes_T1_DSV/IMG_3448.JPG,7.0,2.43214750289917,2.4208414554595947,-0.011305952444672585,4.579158782958984,4.56785249710083,rank,44,single_rater_weak
2025_09_15_Re4StRes_T1_DSV/IMG_3449.JPG,plot_a4ef3fe093cfc9f1b569,dsv_asendorf_t1_bbch11,/home/nfs/data/nvme_datasets/Pictures_CFSB_leaf_damage/2025_09_15_Re4StRes_T1_DSV/IMG_3449.JPG,11.0,3.7094297409057617,3.472567558288574,-0.23686212301254272,7.527432441711426,7.290570259094238,rank,44,single_rater_weak
2025_09_15_Re4StRes_T1_DSV/IMG_3450.JPG,plot_a4ef3fe093cfc9f1b569,dsv_asendorf_t1_bbch11,/home/nfs/data/nvme_datasets/Pictures_CFSB_leaf_damage/2025_09_15_Re4StRes_T1_DSV/IMG_3450.JPG,3.0,9.346039772033691,9.441374778747559,0.09533456712961197,6.441374778747559,6.346039772033691,rank,44,single_rater_weak
2025_09_15_Re4StRes_T1_DSV/IMG_3451.JPG,plot_0eea5d50cd3b95d1da1e,dsv_asendorf_t1_bbch11,/home/nfs/data/nvme_datasets/Pictures_CFSB_leaf_damage/2025_09_15_Re4StRes_T1_DSV/IMG_3451.JPG,4.0,3.814026117324829,3.746425151824951,-0.0676010400056839,0.25357484817504883,0.1859738826751709,rank,44,single_rater_weak
2025_09_15_Re4StRes_T1_DSV/IMG_3452.JPG,plot_0eea5d50cd3b95d1da1e,dsv_asendorf_t1_bbch11,/home/nfs/data/nvme_datasets/Pictures_CFSB_leaf_damage/2025_09_15_Re4StRes_T1_DSV/IMG_3452.JPG,1.0,3.0575222969055176,2.563016891479492,-0.4945054054260254,1.5630168914794922,2.0575222969055176,rank,44,single_rater_weak
2025_09_15_Re4StRes_T1_DSV/IMG_3453.JPG,plot_0eea5d50cd3b95d1da1e,dsv_asendorf_t1_bbch11,/home/nfs/data/nvme_datasets/Pictures_CFSB_leaf_damage/2025_09_15_Re4StRes_T1_DSV/IMG_3453.JPG,4.0,1.3354287147521973,1.1119970083236694,-0.22343166172504425,2.888002872467041,2.6645712852478027,rank,44,single_rater_weak
2025_09_15_Re4StRes_T1_DSV/IMG_3454.JPG,plot_26207204d59e6b292692,dsv_asendorf_t1_bbch11,/home/nfs/data/nvme_datasets/Pictures_CFSB_leaf_damage/2025_09_15_Re4StRes_T1_DSV/IMG_3454.JPG,1.0,2.3467960357666016,2.5037200450897217,0.15692396461963654,1.5037200450897217,1.3467960357666016,rank,44,single_rater_weak
2025_09_15_Re4StRes_T1_DSV/IMG_3455.JPG,plot_26207204d59e6b292692,dsv_asendorf_t1_bbch11,/home/nfs/data/nvme_datasets/Pictures_CFSB_leaf_damage/2025_09_15_Re4StRes_T1_DSV/IMG_3455.JPG,3.0,2.6755170822143555,2.2192273139953613,-0.45628970861434937,0.7807726860046387,0.32448291778564453,rank,44,single_rater_weak
2025_09_15_Re4StRes_T1_DSV/IMG_3456.JPG,plot_26207204d59e6b292692,dsv_asendorf_t1_bbch11,/home/nfs/data/nvme_datasets/Pictures_CFSB_leaf_damage/2025_09_15_Re4StRes_T1_DSV/IMG_3456.JPG,2.0,1.0022993087768555,0.7793576121330261,-0.22294169664382935,1.220642328262329,0.9977006912231445,rank,44,single_rater_weak
