filename,plot_group_id,cohort_id,source_path,target,base_prediction,prediction,residual,absolute_error,base_absolute_error,arm,seed,label_quality
2025_09_15_Re4StRes_T1_DSV/IMG_2531.JPG,plot_23cc72626c0b214985ab,dsv_asendorf_t1_bbch11,/home/nfs/data/nvme_datasets/Pictures_CFSB_leaf_damage/2025_09_15_Re4StRes_T1_DSV/IMG_2531.JPG,20.0,2.418842315673828,2.635099411010742,0.21625715494155884,17.364900588989258,17.581157684326172,midpoint,45,single_rater_weak
2025_09_15_Re4StRes_T1_DSV/IMG_2532.JPG,plot_23cc72626c0b214985ab,dsv_asendorf_t1_bbch11,/home/nfs/data/nvme_datasets/Pictures_CFSB_leaf_damage/2025_09_15_Re4StRes_T1_DSV/IMG_2532.JPG,36.0,3.8160104751586914,4.0966410636901855,0.2806306779384613,31.903358459472656,32.183990478515625,midpoint,45,single_rater_weak
2025_09_15_Re4StRes_T1_DSV/IMG_2533.JPG,plot_23cc72626c0b214985ab,dsv_asendorf_t1_bbch11,/home/nfs/data/nvme_datasets/Pictures_CFSB_leaf_damage/2025_09_15_Re4StRes_T1_DSV/IMG_2533.JPG,3.0,0.7360854148864746,0.5804814100265503,-0.15560400485992432,2.41951847076416,2.2639145851135254,midpoint,45,single_rater_weak
2025_09_15_Re4StRes_T1_DSV/IMG_2534.JPG,plot_af0435fffd7e1bd6f5ae,dsv_asendorf_t1_bbch11,/home/nfs/data/nvme_datasets/Pictures_CFSB_leaf_damage/2025_09_15_Re4StRes_T1_DSV/IMG_2534.JPG,35.0,4.640049934387207,4.578930854797363,-0.06111903488636017,30.421070098876953,30.35995101928711,midpoint,45,single_rater_weak
2025_09_15_Re4StRes_T1_DSV/IMG_2535.JPG,plot_af0435fffd7e1bd6f5ae,dsv_asendorf_t1_bbch11,/home/nfs/data/nvme_datasets/Pictures_CFSB_leaf_damage/2025_09_15_Re4StRes_T1_DSV/IMG_2535.JPG,22.0,3.439335584640503,3.3508217334747314,-0.08851378411054611,18.64917755126953,18.560665130615234,midpoint,45,single_rater_weak
2025_09_15_Re4StRes_T1_DSV/IMG_2536.JPG,plot_af0435fffd7e1bd6f5ae,dsv_asendorf_t1_bbch11,/home/nfs/data/nvme_datasets/Pictures_CFSB_leaf_damage/2025_09_15_Re4StRes_T1_DSV/IMG_2536.JPG,10.0,2.123239517211914,2.0160889625549316,-0.10715046525001526,7.983911037445068,7.876760482788086,midpoint,45,single_rater_weak
2025_09_15_Re4StRes_T1_DSV/IMG_2537.JPG,plot_f6d3e31f379821075584,dsv_asendorf_t1_bbch11,/home/nfs/data/nvme_datasets/Pictures_CFSB_leaf_damage/2025_09_15_Re4StRes_T1_DSV/IMG_2537.JPG,3.0,0.8045659065246582,0.36834716796875,-0.4362187385559082,2.63165283203125,2.195434093475342,midpoint,45,single_rater_weak
2025_09_15_Re4StRes_T1_DSV/IMG_2538.JPG,plot_f6d3e31f379821075584,dsv_asendorf_t1_bbch11,/home/nfs/data/nvme_datasets/Pictures_CFSB_leaf_damage/2025_09_15_Re4StRes_T1_DSV/IMG_2538.JPG,8.0,2.054401397705078,1.9506850242614746,-0.10371631383895874,6.049314975738525,5.945598602294922,midpoint,45,single_rater_weak
2025_09_15_Re4StRes_T1_DSV/IMG_2539.JPG,plot_f6d3e31f379821075584,dsv_asendorf_t1_bbch11,/home/nfs/data/nvme_datasets/Pictures_CFSB_leaf_damage/2025_09_15_Re4StRes_T1_DSV/IMG_2539.JPG,1.0,2.2449288368225098,2.204378843307495,-0.04055004566907883,1.2043788433074951,1.2449288368225098,midpoint,45,single_rater_weak
2025_09_15_Re4StRes_T1_DSV/IMG_2540.JPG,plot_2a2b2bdfa0d41a033651,dsv_asendorf_t1_bbch11,/home/nfs/data/nvme_datasets/Pictures_CFSB_leaf_damage/2025_09_15_Re4StRes_T1_DSV/IMG_2540.JPG,1.0,3.8079445362091064,4.035026550292969,0.2270822525024414,3.0350265502929688,2.8079445362091064,midpoint,45,single_rater_weak
2025_09_15_Re4StRes_T1_DSV/IMG_2541.JPG,plot_2a2b2bdfa0d41a033651,dsv_asendorf_t1_bbch11,/home/nfs/data/nvme_datasets/Pictures_CFSB_leaf_damage/2025_09_15_Re4StRes_T1_DSV/IMG_2541.JPG,30.0,6.730196952819824,6.945240497589111,0.21504342555999756,23.054759979248047,23.26980209350586,midpoint,45,single_rater_weak
2025_09_15_Re4StRes_T1_DSV/IMG_2542.JPG,plot_2a2b2bdfa0d41a033651,dsv_asendorf_t1_bbch11,/home/nfs/data/nvme_datasets/Pictures_CFSB_leaf_damage/2025_09_15_Re4StRes_T1_DSV/IMG_2542.JPG,20.0,2.169712543487549,2.1787164211273193,0.00900394655764103,17.8212833404541,17.83028793334961,midpoint,45,single_rater_weak
2025_09_15_Re4StRes_T1_DSV/IMG_2543.JPG,plot_287543c1b6420318ac5a,dsv_asendorf_t1_bbch11,/home/nfs/data/nvme_datasets/Pictures_CFSB_leaf_damage/2025_09_15_Re4StRes_T1_DSV/IMG_2543.JPG,8.0,2.5818071365356445,3.149672508239746,0.5678653717041016,4.850327491760254,5.4181928634643555,midpoint,45,single_rater_weak
2025_09_15_Re4StRes_T1_DSV/IMG_2544.JPG,plot_287543c1b6420318ac5a,dsv_asendorf_t1_bbch11,/home/nfs/data/nvme_datasets/Pictures_CFSB_leaf_damage/2025_09_15_Re4StRes_T1_DSV/IMG_2544.JPG,6.0,3.5849921703338623,3.922386884689331,0.33739474415779114,2.077613115310669,2.4150078296661377,midpoint,45,single_rater_weak
2025_09_15_Re4StRes_T1_DSV/IMG_2545.JPG,plot_287543c1b6420318ac5a,dsv_asendorf_t1_bbch11,/home/nfs/data/nvme_datasets/Pictures_CFSB_leaf_damage/2025_09_15_Re4StRes_T1_DSV/IMG_2545.JPG,8.0,4.5440144538879395,4.8084716796875,0.264457106590271,3.1915283203125,3.4559855461120605,midpoint,45,single_rater_weak
2025_09_15_Re4StRes_T1_DSV/IMG_2546.JPG,plot_1eb1bc916cce4ed13b43,dsv_asendorf_t1_bbch11,/home/nfs/data/nvme_datasets/Pictures_CFSB_leaf_damage/2025_09_15_Re4StRes_T1_DSV/IMG_2546.JPG,7.0,2.8127899169921875,3.0897226333618164,0.27693280577659607,3.9102773666381836,4.1872100830078125,midpoint,45,single_rater_weak
2025_09_15_Re4StRes_T1_DSV/IMG_2547.JPG,plot_1eb1bc916cce4ed13b43,dsv_asendorf_t1_bbch11,/home/nfs/data/nvme_datasets/Pictures_CFSB_leaf_damage/2025_09_15_Re4StRes_T1_DSV/IMG_2547.JPG,6.0,2.1796875,2.336728572845459,0.1570410132408142,3.663271427154541,3.8203125,midpoint,45,single_rater_weak
2025_09_15_Re4StRes_T1_DSV/IMG_2548.JPG,plot_1eb1bc916cce4ed13b43,dsv_asendorf_t1_bbch11,/home/nfs/data/nvme_datasets/Pictures_CFSB_leaf_damage/2025_09_15_Re4StRes_T1_DSV/IMG_2548.JPG,23.0,2.28135347366333,2.0102827548980713,-0.2710706293582916,20.989717483520508,20.718647003173828,midpoint,45,single_rater_weak
2025_09_15_Re4StRes_T1_DSV/IMG_2549.JPG,plot_062849fd42834d79d5c8,dsv_asendorf_t1_bbch11,/home/nfs/data/nvme_datasets/Pictures_CFSB_leaf_damage/2025_09_15_Re4StRes_T1_DSV/IMG_2549.JPG,15.0,4.036520004272461,3.97383189201355,-0.06268800795078278,11.026167869567871,10.963479995727539,midpoint,45,single_rater_weak
2025_09_15_Re4StRes_T1_DSV/IMG_2550.JPG,plot_062849fd42834d79d5c8,dsv_asendorf_t1_bbch11,/home/nfs/data/nvme_datasets/Pictures_CFSB_leaf_damage/2025_09_15_Re4StRes_T1_DSV/IMG_2550.JPG,32.0,2.949042320251465,3.152963161468506,0.20392093062400818,28.847036361694336,29.05095672607422,midpoint,45,single_rater_weak
2025_09_15_Re4StRes_T1_DSV/IMG_2551.JPG,plot_062849fd42834d79d5c8,dsv_asendorf_t1_bbch11,/home/nfs/data/nvme_datasets/Pictures_CFSB_leaf_damage/2025_09_15_Re4StRes_T1_DSV/IMG_2551.JPG,7.0,3.5131185054779053,3.4881699085235596,-0.024948596954345703,3.5118300914764404,3.4868814945220947,midpoint,45,single_rater_weak
2025_09_15_Re4StRes_T1_DSV/IMG_2552.JPG,plot_c86a34c84012b2a6cd5e,dsv_asendorf_t1_bbch11,/home/nfs/data/nvme_datasets/Pictures_CFSB_leaf_damage/2025_09_15_Re4StRes_T1_DSV/IMG_2552.JPG,12.0,0.2345113754272461,-0.019512563943862915,-0.254023939371109,12.019512176513672,11.765488624572754,midpoint,45,single_rater_weak
2025_09_15_Re4StRes_T1_DSV/IMG_2553.JPG,plot_c86a34c84012b2a6cd5e,dsv_asendorf_t1_bbch11,/home/nfs/data/nvme_datasets/Pictures_CFSB_leaf_damage/2025_09_15_Re4StRes_T1_DSV/IMG_2553.JPG,3.0,0.24790239334106445,0.10172581672668457,-0.14617657661437988,2.8982741832733154,2.7520976066589355,midpoint,45,single_rater_weak
2025_09_15_Re4StRes_T1_DSV/IMG_2554.JPG,plot_c86a34c84012b2a6cd5e,dsv_asendorf_t1_bbch11,/home/nfs/data/nvme_datasets/Pictures_CFSB_leaf_damage/2025_09_15_Re4StRes_T1_DSV/IMG_2554.JPG,1.0,0.9268560409545898,0.7203837633132935,-0.20647229254245758,0.27961623668670654,0.07314395904541016,midpoint,45,single_rater_weak
2025_09_15_Re4StRes_T1_DSV/IMG_2555.JPG,plot_c7ccb8d79650c71e2fdb,dsv_asendorf_t1_bbch11,/home/nfs/data/nvme_datasets/Pictures_CFSB_leaf_damage/2025_09_15_Re4StRes_T1_DSV/IMG_2555.JPG,30.0,5.506744384765625,5.675416946411133,0.1686726212501526,24.324583053588867,24.493255615234375,midpoint,45,single_rater_weak
2025_09_15_Re4StRes_T1_DSV/IMG_2556.JPG,plot_c7ccb8d79650c71e2fdb,dsv_asendorf_t1_bbch11,/home/nfs/data/nvme_datasets/Pictures_CFSB_leaf_damage/2025_09_15_Re4StRes_T1_DSV/IMG_2556.JPG,15.0,3.3354783058166504,3.442790985107422,0.10731272399425507,11.557209014892578,11.664522171020508,midpoint,45,single_rater_weak
2025_09_15_Re4StRes_T1_DSV/IMG_2557.JPG,plot_c7ccb8d79650c71e2fdb,dsv_asendorf_t1_bbch11,/home/nfs/data/nvme_datasets/Pictures_CFSB_leaf_damage/2025_09_15_Re4StRes_T1_DSV/IMG_2557.JPG,5.0,3.9060778617858887,3.9889657497406006,0.08288786560297012,1.0110342502593994,1.0939221382141113,midpoint,45,single_rater_weak
2025_09_15_Re4StRes_T1_DSV/IMG_2558.JPG,plot_4b6282099a93285f4437,dsv_asendorf_t1_bbch11,/home/nfs/data/nvme_datasets/Pictures_CFSB_leaf_damage/2025_09_15_Re4StRes_T1_DSV/IMG_2558.JPG,20.0,0.7123146057128906,0.7842376232147217,0.07192300260066986,19.215763092041016,19.28768539428711,midpoint,45,single_rater_weak
2025_09_15_Re4StRes_T1_DSV/IMG_2559.JPG,plot_4b6282099a93285f4437,dsv_asendorf_t1_bbch11,/home/nfs/data/nvme_datasets/Pictures_CFSB_leaf_damage/2025_09_15_Re4StRes_T1_DSV/IMG_2559.JPG,5.0,2.4265494346618652,2.7031211853027344,0.27657172083854675,2.2968788146972656,2.5734505653381348,midpoint,45,single_rater_weak
2025_09_15_Re4StRes_T1_DSV/IMG_2560.JPG,plot_4b6282099a93285f4437,dsv_asendorf_t1_bbch11,/home/nfs/data/nvme_datasets/Pictures_CFSB_leaf_damage/2025_09_15_Re4StRes_T1_DSV/IMG_2560.JPG,10.0,5.280682563781738,5.517149448394775,0.23646681010723114,4.482850551605225,4.719317436218262,midpoint,45,single_rater_weak
2025_09_15_Re4StRes_T1_DSV/IMG_2561.JPG,plot_b876a7c031c3da996880,dsv_asendorf_t1_bbch11,/home/nfs/data/nvme_datasets/Pictures_CFSB_leaf_damage/2025_09_15_Re4StRes_T1_DSV/IMG_2561.JPG,5.0,2.0592384338378906,1.623323678970337,-0.4359148144721985,3.376676321029663,2.9407615661621094,midpoint,45,single_rater_weak
2025_09_15_Re4StRes_T1_DSV/IMG_2562.JPG,plot_b876a7c031c3da996880,dsv_asendorf_t1_bbch11,/home/nfs/data/nvme_datasets/Pictures_CFSB_leaf_damage/2025_09_15_Re4StRes_T1_DSV/IMG_2562.JPG,12.0,2.284829616546631,1.9088921546936035,-0.37593749165534973,10.091108322143555,9.715169906616211,midpoint,45,single_rater_weak
2025_09_15_Re4StRes_T1_DSV/IMG_2563.JPG,plot_b876a7c031c3da996880,dsv_asendorf_t1_bbch11,/home/nfs/data/nvme_datasets/Pictures_CFSB_leaf_damage/2025_09_15_Re4StRes_T1_DSV/IMG_2563.JPG,12.0,5.025210380554199,5.001803398132324,-0.0234072208404541,6.998196601867676,6.974789619445801,midpoint,45,single_rater_weak
2025_09_15_Re4StRes_T1_DSV/IMG_2564.JPG,plot_3428b15a8bd1ae96baaa,dsv_asendorf_t1_bbch11,/home/nfs/data/nvme_datasets/Pictures_CFSB_leaf_damage/2025_09_15_Re4StRes_T1_DSV/IMG_2564.JPG,4.0,2.7564172744750977,2.672088623046875,-0.08432860672473907,1.327911376953125,1.2435827255249023,midpoint,45,single_rater_weak
2025_09_15_Re4StRes_T1_DSV/IMG_2565.JPG,plot_3428b15a8bd1ae96baaa,dsv_asendorf_t1_bbch11,/home/nfs/data/nvme_datasets/Pictures_CFSB_leaf_damage/2025_09_15_Re4StRes_T1_DSV/IMG_2565.JPG,8.0,3.9188520908355713,4.146002292633057,0.22715000808238983,3.8539977073669434,4.081148147583008,midpoint,45,single_rater_weak
2025_09_15_Re4StRes_T1_DSV/IMG_2566.JPG,plot_3428b15a8bd1ae96baaa,dsv_asendorf_t1_bbch11,/home/nfs/data/nvme_datasets/Pictures_CFSB_leaf_damage/2025_09_15_Re4StRes_T1_DSV/IMG_2566.JPG,8.0,3.3372983932495117,3.0429787635803223,-0.2943197190761566,4.957021236419678,4.662701606750488,midpoint,45,single_rater_weak
2025_09_15_Re4StRes_T1_DSV/IMG_2567.JPG,plot_e2bf7b495dd0626af206,dsv_asendorf_t1_bbch11,/home/nfs/data/nvme_datasets/Pictures_CFSB_leaf_damage/2025_09_15_Re4StRes_T1_DSV/IMG_2567.JPG,14.0,0.34828948974609375,0.14662857353687286,-0.2016609162092209,13.853371620178223,13.651710510253906,midpoint,45,single_rater_weak
2025_09_15_Re4StRes_T1_DSV/IMG_2568.JPG,plot_e2bf7b495dd0626af206,dsv_asendorf_t1_bbch11,/home/nfs/data/nvme_datasets/Pictures_CFSB_leaf_damage/2025_09_15_Re4StRes_T1_DSV/IMG_2568.JPG,16.0,1.894404411315918,2.4314584732055664,0.5370539426803589,13.568541526794434,14.105595588684082,midpoint,45,single_rater_weak
2025_09_15_Re4StRes_T1_DSV/IMG_2569.JPG,plot_e2bf7b495dd0626af206,dsv_asendorf_t1_bbch11,/home/nfs/data/nvme_datasets/Pictures_CFSB_leaf_damage/2025_09_15_Re4StRes_T1_DSV/IMG_2569.JPG,15.0,1.8725934028625488,2.2616019248962402,0.38900864124298096,12.738397598266602,13.12740707397461,midpoint,45,single_rater_weak
2025_09_15_Re4StRes_T1_DSV/IMG_2570.JPG,plot_3bd91170ed2167071221,dsv_asendorf_t1_bbch11,/home/nfs/data/nvme_datasets/Pictures_CFSB_leaf_damage/2025_09_15_Re4StRes_T1_DSV/IMG_2570.JPG,2.0,2.492593288421631,2.7554848194122314,0.26289159059524536,0.7554848194122314,0.49259328842163086,midpoint,45,single_rater_weak
2025_09_15_Re4StRes_T1_DSV/IMG_2571.JPG,plot_3bd91170ed2167071221,dsv_asendorf_t1_bbch11,/home/nfs/data/nvme_datasets/Pictures_CFSB_leaf_damage/2025_09_15_Re4StRes_T1_DSV/IMG_2571.JPG,4.0,4.612041473388672,4.9277215003967285,0.31568002700805664,0.9277215003967285,0.6120414733886719,midpoint,45,single_rater_weak
2025_09_15_Re4StRes_T1_DSV/IMG_2572.JPG,plot_3bd91170ed2167071221,dsv_asendorf_t1_bbch11,/home/nfs/data/nvme_datasets/Pictures_CFSB_leaf_damage/2025_09_15_Re4StRes_T1_DSV/IMG_2572.JPG,7.0,5.2513909339904785,5.4343366622924805,0.18294557929039001,1.5656633377075195,1.7486090660095215,midpoint,45,single_rater_weak
2025_09_15_Re4StRes_T1_DSV/IMG_2573.JPG,plot_c5c4cbd994bc130ff116,dsv_asendorf_t1_bbch11,/home/nfs/data/nvme_datasets/Pictures_CFSB_leaf_damage/2025_09_15_Re4StRes_T1_DSV/IMG_2573.JPG,11.0,1.319411277770996,1.347274661064148,0.027863379567861557,9.652725219726562,9.680588722229004,midpoint,45,single_rater_weak
2025_09_15_Re4StRes_T1_DSV/IMG_2574.JPG,plot_c5c4cbd994bc130ff116,dsv_asendorf_t1_bbch11,/home/nfs/data/nvme_datasets/Pictures_CFSB_leaf_damage/2025_09_15_Re4StRes_T1_DSV/IMG_2574.JPG,5.0,2.6211843490600586,2.9235880374908447,0.30240362882614136,2.0764119625091553,2.3788156509399414,midpoint,45,single_rater_weak
2025_09_15_Re4StRes_T1_DSV/IMG_2575.JPG,plot_c5c4cbd994bc130ff116,dsv_asendorf_t1_bbch11,/home/nfs/data/nvme_datasets/Pictures_CFSB_leaf_damage/2025_09_15_Re4StRes_T1_DSV/IMG_2575.JPG,12.0,0.5037355422973633,0.7672585248947144,0.26352301239967346,11.232741355895996,11.496264457702637,midpoint,45,single_rater_weak
2025_09_15_Re4StRes_T1_DSV/IMG_2576.JPG,plot_31cae2f101d65806098b,dsv_asendorf_t1_bbch11,/home/nfs/data/nvme_datasets/Pictures_CFSB_leaf_damage/2025_09_15_Re4StRes_T1_DSV/IMG_2576.JPG,12.0,2.1183652877807617,2.354525566101074,0.23616036772727966,9.645474433898926,9.881634712219238,midpoint,45,single_rater_weak
2025_09_15_Re4StRes_T1_DSV/IMG_2577.JPG,plot_31cae2f101d65806098b,dsv_asendorf_t1_bbch11,/home/nfs/data/nvme_datasets/Pictures_CFSB_leaf_damage/2025_09_15_Re4StRes_T1_DSV/IMG_2577.JPG,4.0,1.3246431350708008,1.4354333877563477,0.11079021543264389,2.5645666122436523,2.675356864929199,midpoint,45,single_rater_weak
2025_09_15_Re4StRes_T1_DSV/IMG_2578.JPG,plot_31cae2f101d65806098b,dsv_asendorf_t1_bbch11,/home/nfs/data/nvme_datasets/Pictures_CFSB_leaf_damage/2025_09_15_Re4StRes_T1_DSV/IMG_2578.JPG,8.0,2.8436875343322754,3.148765802383423,0.30507826805114746,4.851234436035156,5.156312465667725,midpoint,45,single_rater_weak
2025_09_15_Re4StRes_T1_DSV/IMG_2579.JPG,plot_fa76df368fa3ce27a086,dsv_asendorf_t1_bbch11,/home/nfs/data/nvme_datasets/Pictures_CFSB_leaf_damage/2025_09_15_Re4StRes_T1_DSV/IMG_2579.JPG,5.0,0.2308664321899414,0.1279173642396927,-0.10294906795024872,4.872082710266113,4.769133567810059,midpoint,45,single_rater_weak
2025_09_15_Re4StRes_T1_DSV/IMG_2580.JPG,plot_fa76df368fa3ce27a086,dsv_asendorf_t1_bbch11,/home/nfs/data/nvme_datasets/Pictures_CFSB_leaf_damage/2025_09_15_Re4StRes_T1_DSV/IMG_2580.JPG,14.0,0.9972667694091797,1.0558562278747559,0.05858946964144707,12.944143295288086,13.00273323059082,midpoint,45,single_rater_weak
2025_09_15_Re4StRes_T1_DSV/IMG_2581.JPG,plot_fa76df368fa3ce27a086,dsv_asendorf_t1_bbch11,/home/nfs/data/nvme_datasets/Pictures_CFSB_leaf_damage/2025_09_15_Re4StRes_T1_DSV/IMG_2581.JPG,18.0,3.479218006134033,3.202472686767578,-0.2767452597618103,14.797527313232422,14.520782470703125,midpoint,45,single_rater_weak
2025_09_15_Re4StRes_T1_DSV/IMG_2582.JPG,plot_731f46fe3168ffe1165d,dsv_asendorf_t1_bbch11,/home/nfs/data/nvme_datasets/Pictures_CFSB_leaf_damage/2025_09_15_Re4StRes_T1_DSV/IMG_2582.JPG,14.0,4.014379024505615,3.988914728164673,-0.02546425722539425,10.011085510253906,9.985620498657227,midpoint,45,single_rater_weak
2025_09_15_Re4StRes_T1_DSV/IMG_2583.JPG,plot_731f46fe3168ffe1165d,dsv_asendorf_t1_bbch11,/home/nfs/data/nvme_datasets/Pictures_CFSB_leaf_damage/2025_09_15_Re4StRes_T1_DSV/IMG_2583.JPG,17.0,3.250899314880371,3.480137825012207,0.22923851013183594,13.519862174987793,13.749100685119629,midpoint,45,single_rater_weak
2025_09_15_Re4StRes_T1_DSV/IMG_2584.JPG,plot_731f46fe3168ffe1165d,dsv_asendorf_t1_bbch11,/home/nfs/data/nvme_datasets/Pictures_CFSB_leaf_damage/2025_09_15_Re4StRes_T1_DSV/IMG_2584.JPG,23.0,1.1772236824035645,1.3622020483016968,0.18497832119464874,21.637798309326172,21.822776794433594,midpoint,45,single_rater_weak
2025_09_15_Re4StRes_T1_DSV/IMG_2585.JPG,plot_a04b04c31d587b2d46a5,dsv_asendorf_t1_bbch11,/home/nfs/data/nvme_datasets/Pictures_CFSB_leaf_damage/2025_09_15_Re4StRes_T1_DSV/IMG_2585.JPG,10.0,1.8751845359802246,1.8793768882751465,0.004192352294921875,8.120622634887695,8.124814987182617,midpoint,45,single_rater_weak
2025_09_15_Re4StRes_T1_DSV/IMG_2586.JPG,plot_a04b04c31d587b2d46a5,dsv_asendorf_t1_bbch11,/home/nfs/data/nvme_datasets/Pictures_CFSB_leaf_damage/2025_09_15_Re4StRes_T1_DSV/IMG_2586.JPG,13.0,1.2915949821472168,1.3586373329162598,0.06704233586788177,11.641363143920898,11.708404541015625,midpoint,45,single_rater_weak
2025_09_15_Re4StRes_T1_DSV/IMG_2587.JPG,plot_a04b04c31d587b2d46a5,dsv_asendorf_t1_bbch11,/home/nfs/data/nvme_datasets/Pictures_CFSB_leaf_damage/2025_09_15_Re4StRes_T1_DSV/IMG_2587.JPG,19.0,1.59033203125,1.7861689329147339,0.19583694636821747,17.213830947875977,17.40966796875,midpoint,45,single_rater_weak
2025_09_15_Re4StRes_T1_DSV/IMG_2588.JPG,plot_e8f4692a65bceb6ce3e4,dsv_asendorf_t1_bbch11,/home/nfs/data/nvme_datasets/Pictures_CFSB_leaf_damage/2025_09_15_Re4StRes_T1_DSV/IMG_2588.JPG,4.0,1.9318571090698242,1.7247099876403809,-0.20714718103408813,2.275290012359619,2.068142890930176,midpoint,45,single_rater_weak
2025_09_15_Re4StRes_T1_DSV/IMG_2589.JPG,plot_e8f4692a65bceb6ce3e4,dsv_asendorf_t1_bbch11,/home/nfs/data/nvme_datasets/Pictures_CFSB_leaf_damage/2025_09_15_Re4StRes_T1_DSV/IMG_2589.JPG,23.0,6.141819953918457,6.375926971435547,0.23410695791244507,16.624073028564453,16.85818099975586,midpoint,45,single_rater_weak
2025_09_15_Re4StRes_T1_DSV/IMG_2589_2.JPG,plot_e8f4692a65bceb6ce3e4,dsv_asendorf_t1_bbch11,/home/nfs/data/nvme_datasets/Pictures_CFSB_leaf_damage/2025_09_15_Re4StRes_T1_DSV/IMG_2589_2.JPG,34.0,5.084651470184326,5.312620162963867,0.22796890139579773,28.687379837036133,28.915348052978516,midpoint,45,single_rater_weak
2025_09_15_Re4StRes_T1_DSV/IMG_2590.JPG,plot_707244c76bf8f4690ba7,dsv_asendorf_t1_bbch11,/home/nfs/data/nvme_datasets/Pictures_CFSB_leaf_damage/2025_09_15_Re4StRes_T1_DSV/IMG_2590.JPG,10.0,4.103888988494873,4.021732330322266,-0.08215654641389847,5.978267669677734,5.896111011505127,midpoint,45,single_rater_weak
2025_09_15_Re4StRes_T1_DSV/IMG_2591.JPG,plot_707244c76bf8f4690ba7,dsv_asendorf_t1_bbch11,/home/nfs/data/nvme_datasets/Pictures_CFSB_leaf_damage/2025_09_15_Re4StRes_T1_DSV/IMG_2591.JPG,4.0,3.49753737449646,3.4385933876037598,-0.05894402414560318,0.5614066123962402,0.50246262550354,midpoint,45,single_rater_weak
2025_09_15_Re4StRes_T1_DSV/IMG_2592.JPG,plot_707244c76bf8f4690ba7,dsv_asendorf_t1_bbch11,/home/nfs/data/nvme_datasets/Pictures_CFSB_leaf_damage/2025_09_15_Re4StRes_T1_DSV/IMG_2592.JPG,17.0,7.486425399780273,7.7095208168029785,0.22309550642967224,9.29047966003418,9.513574600219727,midpoint,45,single_rater_weak
2025_09_15_Re4StRes_T1_DSV/IMG_2593.JPG,plot_40371a1af2798543b978,dsv_asendorf_t1_bbch11,/home/nfs/data/nvme_datasets/Pictures_CFSB_leaf_damage/2025_09_15_Re4StRes_T1_DSV/IMG_2593.JPG,10.0,1.5856399536132812,1.3368737697601318,-0.248766228556633,8.663125991821289,8.414360046386719,midpoint,45,single_rater_weak
2025_09_15_Re4StRes_T1_DSV/IMG_2594.JPG,plot_40371a1af2798543b978,dsv_asendorf_t1_bbch11,/home/nfs/data/nvme_datasets/Pictures_CFSB_leaf_damage/2025_09_15_Re4StRes_T1_DSV/IMG_2594.JPG,1.0,2.5082011222839355,2.050485372543335,-0.45771583914756775,1.050485372543335,1.5082011222839355,midpoint,45,single_rater_weak
2025_09_15_Re4StRes_T1_DSV/IMG_2595.JPG,plot_40371a1af2798543b978,dsv_asendorf_t1_bbch11,/home/nfs/data/nvme_datasets/Pictures_CFSB_leaf_damage/2025_09_15_Re4StRes_T1_DSV/IMG_2595.JPG,3.0,9.708683967590332,10.211068153381348,0.5023838877677917,7.211068153381348,6.708683967590332,midpoint,45,single_rater_weak
2025_09_15_Re4StRes_T1_DSV/IMG_2596.JPG,plot_2d323249f2cdbc401337,dsv_asendorf_t1_bbch11,/home/nfs/data/nvme_datasets/Pictures_CFSB_leaf_damage/2025_09_15_Re4StRes_T1_DSV/IMG_2596.JPG,5.0,1.1764230728149414,0.7899502515792847,-0.38647282123565674,4.210049629211426,3.8235769271850586,midpoint,45,single_rater_weak
2025_09_15_Re4StRes_T1_DSV/IMG_2597.JPG,plot_2d323249f2cdbc401337,dsv_asendorf_t1_bbch11,/home/nfs/data/nvme_datasets/Pictures_CFSB_leaf_damage/2025_09_15_Re4StRes_T1_DSV/IMG_2597.JPG,4.0,1.2567248344421387,0.7520492672920227,-0.504675567150116,3.247950792312622,2.7432751655578613,midpoint,45,single_rater_weak
2025_09_15_Re4StRes_T1_DSV/IMG_2598.JPG,plot_2d323249f2cdbc401337,dsv_asendorf_t1_bbch11,/home/nfs/data/nvme_datasets/Pictures_CFSB_leaf_damage/2025_09_15_Re4StRes_T1_DSV/IMG_2598.JPG,23.0,3.573564291000366,4.0572285652160645,0.4836644232273102,18.942771911621094,19.426435470581055,midpoint,45,single_rater_weak
2025_09_15_Re4StRes_T1_DSV/IMG_2599.JPG,plot_7e3914ccf642d49c8258,dsv_asendorf_t1_bbch11,/home/nfs/data/nvme_datasets/Pictures_CFSB_leaf_damage/2025_09_15_Re4StRes_T1_DSV/IMG_2599.JPG,23.0,2.553670883178711,2.3119380474090576,-0.2417328655719757,20.68806266784668,20.44632911682129,midpoint,45,single_rater_weak
2025_09_15_Re4StRes_T1_DSV/IMG_2600.JPG,plot_7e3914ccf642d49c8258,dsv_asendorf_t1_bbch11,/home/nfs/data/nvme_datasets/Pictures_CFSB_leaf_damage/2025_09_15_Re4StRes_T1_DSV/IMG_2600.JPG,7.0,2.0231642723083496,2.0706427097320557,0.04747840017080307,4.929357528686523,4.97683572769165,midpoint,45,single_rater_weak
2025_09_15_Re4StRes_T1_DSV/IMG_2601.JPG,plot_7e3914ccf642d49c8258,dsv_asendorf_t1_bbch11,/home/nfs/data/nvme_datasets/Pictures_CFSB_leaf_damage/2025_09_15_Re4StRes_T1_DSV/IMG_2601.JPG,6.0,2.716012954711914,2.8899900913238525,0.17397724092006683,3.1100099086761475,3.283987045288086,midpoint,45,single_rater_weak
2025_09_15_Re4StRes_T1_DSV/IMG_2602.JPG,plot_4c75cf4fe53b689660ca,dsv_asendorf_t1_bbch11,/home/nfs/data/nvme_datasets/Pictures_CFSB_leaf_damage/2025_09_15_Re4StRes_T1_DSV/IMG_2602.JPG,3.0,2.1734652519226074,1.6546525955200195,-0.5188126564025879,1.3453474044799805,0.8265347480773926,midpoint,45,single_rater_weak
2025_09_15_Re4StRes_T1_DSV/IMG_2603.JPG,plot_4c75cf4fe53b689660ca,dsv_asendorf_t1_bbch11,/home/nfs/data/nvme_datasets/Pictures_CFSB_leaf_damage/2025_09_15_Re4StRes_T1_DSV/IMG_2603.JPG,7.0,6.798402786254883,6.466650485992432,-0.33175235986709595,0.5333495140075684,0.2015972137451172,midpoint,45,single_rater_weak
2025_09_15_Re4StRes_T1_DSV/IMG_2604.JPG,plot_4c75cf4fe53b689660ca,dsv_asendorf_t1_bbch11,/home/nfs/data/nvme_datasets/Pictures_CFSB_leaf_damage/2025_09_15_Re4StRes_T1_DSV/IMG_2604.JPG,35.0,9.98967170715332,10.22879409790039,0.23912282288074493,24.77120590209961,25.01032829284668,midpoint,45,single_rater_weak
2025_09_15_Re4StRes_T1_DSV/IMG_2605.JPG,plot_5a26296d1fb3d29bbb28,dsv_asendorf_t1_bbch11,/home/nfs/data/nvme_datasets/Pictures_CFSB_leaf_damage/2025_09_15_Re4StRes_T1_DSV/IMG_2605.JPG,2.0,2.282776355743408,2.116549253463745,-0.16622714698314667,0.11654925346374512,0.2827763557434082,midpoint,45,single_rater_weak
2025_09_15_Re4StRes_T1_DSV/IMG_2606.JPG,plot_5a26296d1fb3d29bbb28,dsv_asendorf_t1_bbch11,/home/nfs/data/nvme_datasets/Pictures_CFSB_leaf_damage/2025_09_15_Re4StRes_T1_DSV/IMG_2606.JPG,18.0,2.6132164001464844,3.1147704124450684,0.5015541315078735,14.885229110717773,15.386783599853516,midpoint,45,single_rater_weak
2025_09_15_Re4StRes_T1_DSV/IMG_2606_2.JPG,plot_5a26296d1fb3d29bbb28,dsv_asendorf_t1_bbch11,/home/nfs/data/nvme_datasets/Pictures_CFSB_leaf_damage/2025_09_15_Re4StRes_T1_DSV/IMG_2606_2.JPG,4.0,1.710731029510498,1.3376893997192383,-0.373041570186615,2.6623106002807617,2.289268970489502,midpoint,45,single_rater_weak
2025_09_15_Re4StRes_T1_DSV/IMG_2608.JPG,plot_46c1efcf4428e47a8433,dsv_asendorf_t1_bbch11,/home/nfs/data/nvme_datasets/Pictures_CFSB_leaf_damage/2025_09_15_Re4StRes_T1_DSV/IMG_2608.JPG,2.0,3.7565183639526367,4.127231597900391,0.37071335315704346,2.1272315979003906,1.7565183639526367,midpoint,45,single_rater_weak
2025_09_15_Re4StRes_T1_DSV/IMG_2609.JPG,plot_46c1efcf4428e47a8433,dsv_asendorf_t1_bbch11,/home/nfs/data/nvme_datasets/Pictures_CFSB_leaf_damage/2025_09_15_Re4StRes_T1_DSV/IMG_2609.JPG,5.0,2.6399292945861816,2.0908496379852295,-0.5490796566009521,2.9091503620147705,2.3600707054138184,midpoint,45,single_rater_weak
2025_09_15_Re4StRes_T1_DSV/IMG_2610.JPG,plot_46c1efcf4428e47a8433,dsv_asendorf_t1_bbch11,/home/nfs/data/nvme_datasets/Pictures_CFSB_leaf_damage/2025_09_15_Re4StRes_T1_DSV/IMG_2610.JPG,11.0,3.9724013805389404,3.793135643005371,-0.17926572263240814,7.206864356994629,7.0275983810424805,midpoint,45,single_rater_weak
2025_09_15_Re4StRes_T1_DSV/IMG_2611.JPG,plot_6ad87ac5e10c8f43e276,dsv_asendorf_t1_bbch11,/home/nfs/data/nvme_datasets/Pictures_CFSB_leaf_damage/2025_09_15_Re4StRes_T1_DSV/IMG_2611.JPG,3.0,0.8360943794250488,0.7714592218399048,-0.06463516503572464,2.2285408973693848,2.163905620574951,midpoint,45,single_rater_weak
2025_09_15_Re4StRes_T1_DSV/IMG_2612.JPG,plot_6ad87ac5e10c8f43e276,dsv_asendorf_t1_bbch11,/home/nfs/data/nvme_datasets/Pictures_CFSB_leaf_damage/2025_09_15_Re4StRes_T1_DSV/IMG_2612.JPG,3.0,0.5878314971923828,0.5395601391792297,-0.048271384090185165,2.460439920425415,2.412168502807617,midpoint,45,single_rater_weak
2025_09_15_Re4StRes_T1_DSV/IMG_2613.JPG,plot_6ad87ac5e10c8f43e276,dsv_asendorf_t1_bbch11,/home/nfs/data/nvme_datasets/Pictures_CFSB_leaf_damage/2025_09_15_Re4StRes_T1_DSV/IMG_2613.JPG,40.0,3.935574769973755,4.333950042724609,0.39837512373924255,35.66604995727539,36.06442642211914,midpoint,45,single_rater_weak
2025_09_15_Re4StRes_T1_DSV/IMG_2614.JPG,plot_9b875862086dac6bd729,dsv_asendorf_t1_bbch11,/home/nfs/data/nvme_datasets/Pictures_CFSB_leaf_damage/2025_09_15_Re4StRes_T1_DSV/IMG_2614.JPG,4.0,3.0062570571899414,2.9499001502990723,-0.056357018649578094,1.0500998497009277,0.9937429428100586,midpoint,45,single_rater_weak
2025_09_15_Re4StRes_T1_DSV/IMG_2615.JPG,plot_9b875862086dac6bd729,dsv_asendorf_t1_bbch11,/home/nfs/data/nvme_datasets/Pictures_CFSB_leaf_damage/2025_09_15_Re4StRes_T1_DSV/IMG_2615.JPG,12.0,2.578787326812744,2.483367443084717,-0.0954199731349945,9.516632080078125,9.421213150024414,midpoint,45,single_rater_weak
2025_09_15_Re4StRes_T1_DSV/IMG_2616.JPG,plot_9b875862086dac6bd729,dsv_asendorf_t1_bbch11,/home/nfs/data/nvme_datasets/Pictures_CFSB_leaf_damage/2025_09_15_Re4StRes_T1_DSV/IMG_2616.JPG,14.0,4.786221027374268,4.821527481079102,0.035306286066770554,9.178472518920898,9.21377944946289,midpoint,45,single_rater_weak
2025_09_15_Re4StRes_T1_DSV/IMG_2617.JPG,plot_b2a3e31c2e6cc1eb0673,dsv_asendorf_t1_bbch11,/home/nfs/data/nvme_datasets/Pictures_CFSB_leaf_damage/2025_09_15_Re4StRes_T1_DSV/IMG_2617.JPG,2.0,1.621382236480713,1.5144754648208618,-0.10690674185752869,0.4855245351791382,0.3786177635192871,midpoint,45,single_rater_weak
2025_09_15_Re4StRes_T1_DSV/IMG_2618.JPG,plot_b2a3e31c2e6cc1eb0673,dsv_asendorf_t1_bbch11,/home/nfs/data/nvme_datasets/Pictures_CFSB_leaf_damage/2025_09_15_Re4StRes_T1_DSV/IMG_2618.JPG,12.0,2.420034408569336,2.459677219390869,0.0396428219974041,9.540323257446289,9.579965591430664,midpoint,45,single_rater_weak
2025_09_15_Re4StRes_T1_DSV/IMG_2619.JPG,plot_b2a3e31c2e6cc1eb0673,dsv_asendorf_t1_bbch11,/home/nfs/data/nvme_datasets/Pictures_CFSB_leaf_damage/2025_09_15_Re4StRes_T1_DSV/IMG_2619.JPG,17.0,2.5560646057128906,2.1906023025512695,-0.3654623329639435,14.80939769744873,14.44393539428711,midpoint,45,single_rater_weak
2025_09_15_Re4StRes_T1_DSV/IMG_2620.JPG,plot_b03192acadc05d9ac642,dsv_asendorf_t1_bbch11,/home/nfs/data/nvme_datasets/Pictures_CFSB_leaf_damage/2025_09_15_Re4StRes_T1_DSV/IMG_2620.JPG,3.0,0.600433349609375,0.07070380449295044,-0.5297295451164246,2.9292962551116943,2.399566650390625,midpoint,45,single_rater_weak
2025_09_15_Re4StRes_T1_DSV/IMG_2621.JPG,plot_b03192acadc05d9ac642,dsv_asendorf_t1_bbch11,/home/nfs/data/nvme_datasets/Pictures_CFSB_leaf_damage/2025_09_15_Re4StRes_T1_DSV/IMG_2621.JPG,5.0,0.923001766204834,0.6989548206329346,-0.22404693067073822,4.3010454177856445,4.076998233795166,midpoint,45,single_rater_weak
2025_09_15_Re4StRes_T1_DSV/IMG_2622.JPG,plot_b03192acadc05d9ac642,dsv_asendorf_t1_bbch11,/home/nfs/data/nvme_datasets/Pictures_CFSB_leaf_damage/2025_09_15_Re4StRes_T1_DSV/IMG_2622.JPG,7.0,1.6413326263427734,1.4878017902374268,-0.15353086590766907,5.512198448181152,5.358667373657227,midpoint,45,single_rater_weak
2025_09_15_Re4StRes_T1_DSV/IMG_2623.JPG,plot_ad2868ba0107fb9b7835,dsv_asendorf_t1_bbch11,/home/nfs/data/nvme_datasets/Pictures_CFSB_leaf_damage/2025_09_15_Re4StRes_T1_DSV/IMG_2623.JPG,10.0,2.9615297317504883,3.2861745357513428,0.3246448040008545,6.713825225830078,7.038470268249512,midpoint,45,single_rater_weak
2025_09_15_Re4StRes_T1_DSV/IMG_2624.JPG,plot_ad2868ba0107fb9b7835,dsv_asendorf_t1_bbch11,/home/nfs/data/nvme_datasets/Pictures_CFSB_leaf_damage/2025_09_15_Re4StRes_T1_DSV/IMG_2624.JPG,2.0,3.870285749435425,4.470107555389404,0.5998217463493347,2.4701075553894043,1.8702857494354248,midpoint,45,single_rater_weak
2025_09_15_Re4StRes_T1_DSV/IMG_2625.JPG,plot_ad2868ba0107fb9b7835,dsv_asendorf_t1_bbch11,/home/nfs/data/nvme_datasets/Pictures_CFSB_leaf_damage/2025_09_15_Re4StRes_T1_DSV/IMG_2625.JPG,19.0,3.0369977951049805,3.307976484298706,0.27097877860069275,15.692023277282715,15.96300220489502,midpoint,45,single_rater_weak
2025_09_15_Re4StRes_T1_DSV/IMG_2626.JPG,plot_d36ced0541e95ee9540c,dsv_asendorf_t1_bbch11,/home/nfs/data/nvme_datasets/Pictures_CFSB_leaf_damage/2025_09_15_Re4StRes_T1_DSV/IMG_2626.JPG,10.0,1.3477649688720703,1.4938552379608154,0.1460903286933899,8.506144523620605,8.65223503112793,midpoint,45,single_rater_weak
2025_09_15_Re4StRes_T1_DSV/IMG_2627.JPG,plot_d36ced0541e95ee9540c,dsv_asendorf_t1_bbch11,/home/nfs/data/nvme_datasets/Pictures_CFSB_leaf_damage/2025_09_15_Re4StRes_T1_DSV/IMG_2627.JPG,2.0,0.8240456581115723,0.7072470784187317,-0.11679856479167938,1.292752981185913,1.1759543418884277,midpoint,45,single_rater_weak
2025_09_15_Re4StRes_T1_DSV/IMG_2628.JPG,plot_d36ced0541e95ee9540c,dsv_asendorf_t1_bbch11,/home/nfs/data/nvme_datasets/Pictures_CFSB_leaf_damage/2025_09_15_Re4StRes_T1_DSV/IMG_2628.JPG,18.0,2.9012551307678223,2.924422025680542,0.02316693589091301,15.075577735900879,15.098745346069336,midpoint,45,single_rater_weak
2025_09_15_Re4StRes_T1_DSV/IMG_2629.JPG,plot_aa0809a29b3adcfe1082,dsv_asendorf_t1_bbch11,/home/nfs/data/nvme_datasets/Pictures_CFSB_leaf_damage/2025_09_15_Re4StRes_T1_DSV/IMG_2629.JPG,8.0,1.1345019340515137,1.4211556911468506,0.2866537570953369,6.57884407043457,6.865498065948486,midpoint,45,single_rater_weak
2025_09_15_Re4StRes_T1_DSV/IMG_2630.JPG,plot_aa0809a29b3adcfe1082,dsv_asendorf_t1_bbch11,/home/nfs/data/nvme_datasets/Pictures_CFSB_leaf_damage/2025_09_15_Re4StRes_T1_DSV/IMG_2630.JPG,23.0,1.34653902053833,1.8728623390197754,0.5263233780860901,21.127138137817383,21.653461456298828,midpoint,45,single_rater_weak
2025_09_15_Re4StRes_T1_DSV/IMG_2631.JPG,plot_aa0809a29b3adcfe1082,dsv_asendorf_t1_bbch11,/home/nfs/data/nvme_datasets/Pictures_CFSB_leaf_damage/2025_09_15_Re4StRes_T1_DSV/IMG_2631.JPG,15.0,0.47879743576049805,0.8056281805038452,0.3268307149410248,14.194372177124023,14.521202087402344,midpoint,45,single_rater_weak
2025_09_15_Re4StRes_T1_DSV/IMG_2632.JPG,plot_a80ff455babb8bbad605,dsv_asendorf_t1_bbch11,/home/nfs/data/nvme_datasets/Pictures_CFSB_leaf_damage/2025_09_15_Re4StRes_T1_DSV/IMG_2632.JPG,32.0,3.5614123344421387,3.9267003536224365,0.36528801918029785,28.073299407958984,28.438587188720703,midpoint,45,single_rater_weak
2025_09_15_Re4StRes_T1_DSV/IMG_2633.JPG,plot_a80ff455babb8bbad605,dsv_asendorf_t1_bbch11,/home/nfs/data/nvme_datasets/Pictures_CFSB_leaf_damage/2025_09_15_Re4StRes_T1_DSV/IMG_2633.JPG,39.0,2.724973678588867,3.1236207485198975,0.3986470699310303,35.876380920410156,36.2750244140625,midpoint,45,single_rater_weak
2025_09_15_Re4StRes_T1_DSV/IMG_2634.JPG,plot_a80ff455babb8bbad605,dsv_asendorf_t1_bbch11,/home/nfs/data/nvme_datasets/Pictures_CFSB_leaf_damage/2025_09_15_Re4StRes_T1_DSV/IMG_2634.JPG,40.0,5.892397880554199,6.0597991943359375,0.16740135848522186,33.94020080566406,34.107601165771484,midpoint,45,single_rater_weak
2025_09_15_Re4StRes_T1_DSV/IMG_2635.JPG,plot_73516a1533725dd1f172,dsv_asendorf_t1_bbch11,/home/nfs/data/nvme_datasets/Pictures_CFSB_leaf_damage/2025_09_15_Re4StRes_T1_DSV/IMG_2635.JPG,24.0,3.6416218280792236,4.029976844787598,0.3883548974990845,19.97002410888672,20.35837745666504,midpoint,45,single_rater_weak
2025_09_15_Re4StRes_T1_DSV/IMG_2636.JPG,plot_73516a1533725dd1f172,dsv_asendorf_t1_bbch11,/home/nfs/data/nvme_datasets/Pictures_CFSB_leaf_damage/2025_09_15_Re4StRes_T1_DSV/IMG_2636.JPG,36.0,5.042792320251465,5.161271095275879,0.11847864836454391,30.838729858398438,30.95720672607422,midpoint,45,single_rater_weak
2025_09_15_Re4StRes_T1_DSV/IMG_2637.JPG,plot_73516a1533725dd1f172,dsv_asendorf_t1_bbch11,/home/nfs/data/nvme_datasets/Pictures_CFSB_leaf_damage/2025_09_15_Re4StRes_T1_DSV/IMG_2637.JPG,42.0,4.654311180114746,5.2350335121154785,0.580722451210022,36.76496505737305,37.34568786621094,midpoint,45,single_rater_weak
2025_09_15_Re4StRes_T1_DSV/IMG_2638.JPG,plot_8fcd736eda326263efa9,dsv_asendorf_t1_bbch11,/home/nfs/data/nvme_datasets/Pictures_CFSB_leaf_damage/2025_09_15_Re4StRes_T1_DSV/IMG_2638.JPG,30.0,3.806260347366333,3.976224184036255,0.16996386647224426,26.023775100708008,26.19373893737793,midpoint,45,single_rater_weak
2025_09_15_Re4StRes_T1_DSV/IMG_2639.JPG,plot_8fcd736eda326263efa9,dsv_asendorf_t1_bbch11,/home/nfs/data/nvme_datasets/Pictures_CFSB_leaf_damage/2025_09_15_Re4StRes_T1_DSV/IMG_2639.JPG,42.0,1.475809097290039,1.146470308303833,-0.3293387293815613,40.85353088378906,40.524192810058594,midpoint,45,single_rater_weak
2025_09_15_Re4StRes_T1_DSV/IMG_2640.JPG,plot_8fcd736eda326263efa9,dsv_asendorf_t1_bbch11,/home/nfs/data/nvme_datasets/Pictures_CFSB_leaf_damage/2025_09_15_Re4StRes_T1_DSV/IMG_2640.JPG,45.0,6.877355098724365,7.016195297241211,0.13884004950523376,37.983802795410156,38.12264633178711,midpoint,45,single_rater_weak
2025_09_15_Re4StRes_T1_DSV/IMG_2641.JPG,plot_4e2d6e2c277a5922c74b,dsv_asendorf_t1_bbch11,/home/nfs/data/nvme_datasets/Pictures_CFSB_leaf_damage/2025_09_15_Re4StRes_T1_DSV/IMG_2641.JPG,28.0,1.8573598861694336,2.0051109790802,0.14775100350379944,25.994888305664062,26.14263916015625,midpoint,45,single_rater_weak
2025_09_15_Re4StRes_T1_DSV/IMG_2642.JPG,plot_4e2d6e2c277a5922c74b,dsv_asendorf_t1_bbch11,/home/nfs/data/nvme_datasets/Pictures_CFSB_leaf_damage/2025_09_15_Re4StRes_T1_DSV/IMG_2642.JPG,2.0,3.0010647773742676,3.346501588821411,0.34543678164482117,1.3465015888214111,1.0010647773742676,midpoint,45,single_rater_weak
2025_09_15_Re4StRes_T1_DSV/IMG_2643.JPG,plot_4e2d6e2c277a5922c74b,dsv_asendorf_t1_bbch11,/home/nfs/data/nvme_datasets/Pictures_CFSB_leaf_damage/2025_09_15_Re4StRes_T1_DSV/IMG_2643.JPG,3.0,1.5149450302124023,1.1320366859436035,-0.38290834426879883,1.8679633140563965,1.4850549697875977,midpoint,45,single_rater_weak
2025_09_15_Re4StRes_T1_DSV/IMG_2644.JPG,plot_7db3d9c8037049d83796,dsv_asendorf_t1_bbch11,/home/nfs/data/nvme_datasets/Pictures_CFSB_leaf_damage/2025_09_15_Re4StRes_T1_DSV/IMG_2644.JPG,1.0,1.4477825164794922,0.9887980222702026,-0.45898452401161194,0.011201977729797363,0.4477825164794922,midpoint,45,single_rater_weak
2025_09_15_Re4StRes_T1_DSV/IMG_2645.JPG,plot_7db3d9c8037049d83796,dsv_asendorf_t1_bbch11,/home/nfs/data/nvme_datasets/Pictures_CFSB_leaf_damage/2025_09_15_Re4StRes_T1_DSV/IMG_2645.JPG,2.0,1.2121801376342773,0.479853093624115,-0.7323270440101624,1.5201468467712402,0.7878198623657227,midpoint,45,single_rater_weak
2025_09_15_Re4StRes_T1_DSV/IMG_2646.JPG,plot_7db3d9c8037049d83796,dsv_asendorf_t1_bbch11,/home/nfs/data/nvme_datasets/Pictures_CFSB_leaf_damage/2025_09_15_Re4StRes_T1_DSV/IMG_2646.JPG,8.0,2.0018868446350098,1.9131262302398682,-0.08876058459281921,6.086874008178711,5.99811315536499,midpoint,45,single_rater_weak
2025_09_15_Re4StRes_T1_DSV/IMG_2647.JPG,plot_6d60b4e277f2e74cc45f,dsv_asendorf_t1_bbch11,/home/nfs/data/nvme_datasets/Pictures_CFSB_leaf_damage/2025_09_15_Re4StRes_T1_DSV/IMG_2647.JPG,9.0,2.743995189666748,2.3923838138580322,-0.3516114354133606,6.607616424560547,6.256004810333252,midpoint,45,single_rater_weak
2025_09_15_Re4StRes_T1_DSV/IMG_2648.JPG,plot_6d60b4e277f2e74cc45f,dsv_asendorf_t1_bbch11,/home/nfs/data/nvme_datasets/Pictures_CFSB_leaf_damage/2025_09_15_Re4StRes_T1_DSV/IMG_2648.JPG,24.0,2.7487869262695312,2.3207807540893555,-0.42800623178482056,21.679218292236328,21.25121307373047,midpoint,45,single_rater_weak
2025_09_15_Re4StRes_T1_DSV/IMG_2649.JPG,plot_6d60b4e277f2e74cc45f,dsv_asendorf_t1_bbch11,/home/nfs/data/nvme_datasets/Pictures_CFSB_leaf_damage/2025_09_15_Re4StRes_T1_DSV/IMG_2649.JPG,3.0,1.8222894668579102,1.155515432357788,-0.6667740345001221,1.844484567642212,1.1777105331420898,midpoint,45,single_rater_weak
2025_09_15_Re4StRes_T1_DSV/IMG_2650.JPG,plot_f42d982b26d6135b33d5,dsv_asendorf_t1_bbch11,/home/nfs/data/nvme_datasets/Pictures_CFSB_leaf_damage/2025_09_15_Re4StRes_T1_DSV/IMG_2650.JPG,2.0,1.503964900970459,0.8811745047569275,-0.6227903962135315,1.1188254356384277,0.496035099029541,midpoint,45,single_rater_weak
2025_09_15_Re4StRes_T1_DSV/IMG_2651.JPG,plot_f42d982b26d6135b33d5,dsv_asendorf_t1_bbch11,/home/nfs/data/nvme_datasets/Pictures_CFSB_leaf_damage/2025_09_15_Re4StRes_T1_DSV/IMG_2651.JPG,1.0,0.950202465057373,0.5096794366836548,-0.4405229985713959,0.4903205633163452,0.04979753494262695,midpoint,45,single_rater_weak
2025_09_15_Re4StRes_T1_DSV/IMG_2652.JPG,plot_f42d982b26d6135b33d5,dsv_asendorf_t1_bbch11,/home/nfs/data/nvme_datasets/Pictures_CFSB_leaf_damage/2025_09_15_Re4StRes_T1_DSV/IMG_2652.JPG,13.0,1.5530610084533691,1.1016972064971924,-0.45136380195617676,11.898303031921387,11.446939468383789,midpoint,45,single_rater_weak
2025_09_15_Re4StRes_T1_DSV/IMG_2653.JPG,plot_3b786930378c9a733914,dsv_asendorf_t1_bbch11,/home/nfs/data/nvme_datasets/Pictures_CFSB_leaf_damage/2025_09_15_Re4StRes_T1_DSV/IMG_2653.JPG,11.0,1.3474621772766113,1.0599191188812256,-0.28754308819770813,9.940080642700195,9.652538299560547,midpoint,45,single_rater_weak
2025_09_15_Re4StRes_T1_DSV/IMG_2654.JPG,plot_3b786930378c9a733914,dsv_asendorf_t1_bbch11,/home/nfs/data/nvme_datasets/Pictures_CFSB_leaf_damage/2025_09_15_Re4StRes_T1_DSV/IMG_2654.JPG,7.0,0.8094310760498047,0.46432730555534363,-0.34510377049446106,6.535672664642334,6.190568923950195,midpoint,45,single_rater_weak
2025_09_15_Re4StRes_T1_DSV/IMG_2655.JPG,plot_3b786930378c9a733914,dsv_asendorf_t1_bbch11,/home/nfs/data/nvme_datasets/Pictures_CFSB_leaf_damage/2025_09_15_Re4StRes_T1_DSV/IMG_2655.JPG,8.0,4.934948444366455,5.097719192504883,0.16277050971984863,2.902280807495117,3.065051555633545,midpoint,45,single_rater_weak
2025_09_15_Re4StRes_T1_DSV/IMG_2656.JPG,plot_be9f8bc4fd001859e553,dsv_asendorf_t1_bbch11,/home/nfs/data/nvme_datasets/Pictures_CFSB_leaf_damage/2025_09_15_Re4StRes_T1_DSV/IMG_2656.JPG,2.0,3.4549028873443604,3.3611791133880615,-0.09372380375862122,1.3611791133880615,1.4549028873443604,midpoint,45,single_rater_weak
2025_09_15_Re4StRes_T1_DSV/IMG_2657.JPG,plot_be9f8bc4fd001859e553,dsv_asendorf_t1_bbch11,/home/nfs/data/nvme_datasets/Pictures_CFSB_leaf_damage/2025_09_15_Re4StRes_T1_DSV/IMG_2657.JPG,1.0,5.78933572769165,5.625753402709961,-0.16358228027820587,4.625753402709961,4.78933572769165,midpoint,45,single_rater_weak
2025_09_15_Re4StRes_T1_DSV/IMG_2657_2.JPG,plot_be9f8bc4fd001859e553,dsv_asendorf_t1_bbch11,/home/nfs/data/nvme_datasets/Pictures_CFSB_leaf_damage/2025_09_15_Re4StRes_T1_DSV/IMG_2657_2.JPG,6.0,2.6616783142089844,2.1973965167999268,-0.4642818868160248,3.8026034832000732,3.3383216857910156,midpoint,45,single_rater_weak
2025_09_15_Re4StRes_T1_DSV/IMG_2659.JPG,plot_8f8a0ed1a54d2a6671f4,dsv_asendorf_t1_bbch11,/home/nfs/data/nvme_datasets/Pictures_CFSB_leaf_damage/2025_09_15_Re4StRes_T1_DSV/IMG_2659.JPG,15.0,3.1912713050842285,2.8336610794067383,-0.35761022567749023,12.166338920593262,11.80872917175293,midpoint,45,single_rater_weak
2025_09_15_Re4StRes_T1_DSV/IMG_2660.JPG,plot_8f8a0ed1a54d2a6671f4,dsv_asendorf_t1_bbch11,/home/nfs/data/nvme_datasets/Pictures_CFSB_leaf_damage/2025_09_15_Re4StRes_T1_DSV/IMG_2660.JPG,18.0,3.9834651947021484,3.817427396774292,-0.16603782773017883,14.182572364807129,14.016534805297852,midpoint,45,single_rater_weak
2025_09_15_Re4StRes_T1_DSV/IMG_2661.JPG,plot_8f8a0ed1a54d2a6671f4,dsv_asendorf_t1_bbch11,/home/nfs/data/nvme_datasets/Pictures_CFSB_leaf_damage/2025_09_15_Re4StRes_T1_DSV/IMG_2661.JPG,25.0,3.266641139984131,3.1501803398132324,-0.11646091938018799,21.84981918334961,21.73335838317871,midpoint,45,single_rater_weak
2025_09_15_Re4StRes_T1_DSV/IMG_2662.JPG,plot_7dff48577a5b7ced7d39,dsv_asendorf_t1_bbch11,/home/nfs/data/nvme_datasets/Pictures_CFSB_leaf_damage/2025_09_15_Re4StRes_T1_DSV/IMG_2662.JPG,12.0,2.469180107116699,2.550598382949829,0.08141826093196869,9.44940185546875,9.5308198928833,midpoint,45,single_rater_weak
2025_09_15_Re4StRes_T1_DSV/IMG_2663.JPG,plot_7dff48577a5b7ced7d39,dsv_asendorf_t1_bbch11,/home/nfs/data/nvme_datasets/Pictures_CFSB_leaf_damage/2025_09_15_Re4StRes_T1_DSV/IMG_2663.JPG,38.0,4.252421855926514,4.308130264282227,0.055708494037389755,33.691871643066406,33.74757766723633,midpoint,45,single_rater_weak
2025_09_15_Re4StRes_T1_DSV/IMG_2664.JPG,plot_7dff48577a5b7ced7d39,dsv_asendorf_t1_bbch11,/home/nfs/data/nvme_datasets/Pictures_CFSB_leaf_damage/2025_09_15_Re4StRes_T1_DSV/IMG_2664.JPG,15.0,6.236867904663086,6.122875213623047,-0.1139925867319107,8.877124786376953,8.763132095336914,midpoint,45,single_rater_weak
2025_09_15_Re4StRes_T1_DSV/IMG_2665.JPG,plot_fa485d2f45bfc9148558,dsv_asendorf_t1_bbch11,/home/nfs/data/nvme_datasets/Pictures_CFSB_leaf_damage/2025_09_15_Re4StRes_T1_DSV/IMG_2665.JPG,45.0,4.744265556335449,4.934882640838623,0.1906171441078186,40.06511688232422,40.255733489990234,midpoint,45,single_rater_weak
2025_09_15_Re4StRes_T1_DSV/IMG_2666.JPG,plot_fa485d2f45bfc9148558,dsv_asendorf_t1_bbch11,/home/nfs/data/nvme_datasets/Pictures_CFSB_leaf_damage/2025_09_15_Re4StRes_T1_DSV/IMG_2666.JPG,40.0,1.7689547538757324,2.042149066925049,0.27319419384002686,37.95785140991211,38.23104476928711,midpoint,45,single_rater_weak
2025_09_15_Re4StRes_T1_DSV/IMG_2667.JPG,plot_fa485d2f45bfc9148558,dsv_asendorf_t1_bbch11,/home/nfs/data/nvme_datasets/Pictures_CFSB_leaf_damage/2025_09_15_Re4StRes_T1_DSV/IMG_2667.JPG,10.0,0.522585391998291,0.5801647305488586,0.05757935345172882,9.419835090637207,9.477415084838867,midpoint,45,single_rater_weak
2025_09_15_Re4StRes_T1_DSV/IMG_2668.JPG,plot_fda0b4cafe14bb4573e3,dsv_asendorf_t1_bbch11,/home/nfs/data/nvme_datasets/Pictures_CFSB_leaf_damage/2025_09_15_Re4StRes_T1_DSV/IMG_2668.JPG,42.0,4.149078845977783,4.672845840454102,0.523766815662384,37.32715606689453,37.850921630859375,midpoint,45,single_rater_weak
2025_09_15_Re4StRes_T1_DSV/IMG_2669.JPG,plot_fda0b4cafe14bb4573e3,dsv_asendorf_t1_bbch11,/home/nfs/data/nvme_datasets/Pictures_CFSB_leaf_damage/2025_09_15_Re4StRes_T1_DSV/IMG_2669.JPG,40.0,0.3922123908996582,0.4867793917655945,0.09456698596477509,39.513221740722656,39.6077880859375,midpoint,45,single_rater_weak
2025_09_15_Re4StRes_T1_DSV/IMG_2670.JPG,plot_fda0b4cafe14bb4573e3,dsv_asendorf_t1_bbch11,/home/nfs/data/nvme_datasets/Pictures_CFSB_leaf_damage/2025_09_15_Re4StRes_T1_DSV/IMG_2670.JPG,30.0,0.14708805084228516,-0.03960101306438446,-0.18668906390666962,30.039600372314453,29.85291290283203,midpoint,45,single_rater_weak
2025_09_15_Re4StRes_T1_DSV/IMG_2671.JPG,plot_875009e20325d359d8c9,dsv_asendorf_t1_bbch11,/home/nfs/data/nvme_datasets/Pictures_CFSB_leaf_damage/2025_09_15_Re4StRes_T1_DSV/IMG_2671.JPG,8.0,4.169244289398193,4.636555194854736,0.4673110246658325,3.3634448051452637,3.8307557106018066,midpoint,45,single_rater_weak
2025_09_15_Re4StRes_T1_DSV/IMG_2672.JPG,plot_875009e20325d359d8c9,dsv_asendorf_t1_bbch11,/home/nfs/data/nvme_datasets/Pictures_CFSB_leaf_damage/2025_09_15_Re4StRes_T1_DSV/IMG_2672.JPG,30.0,1.624943733215332,1.5413804054260254,-0.08356334269046783,28.458620071411133,28.375057220458984,midpoint,45,single_rater_weak
2025_09_15_Re4StRes_T1_DSV/IMG_2673.JPG,plot_875009e20325d359d8c9,dsv_asendorf_t1_bbch11,/home/nfs/data/nvme_datasets/Pictures_CFSB_leaf_damage/2025_09_15_Re4StRes_T1_DSV/IMG_2673.JPG,3.0,1.271561622619629,0.8530591726303101,-0.41850244998931885,2.1469407081604004,1.728438377380371,midpoint,45,single_rater_weak
2025_09_15_Re4StRes_T1_DSV/IMG_2674.JPG,plot_04022cc1273501af6aaa,dsv_asendorf_t1_bbch11,/home/nfs/data/nvme_datasets/Pictures_CFSB_leaf_damage/2025_09_15_Re4StRes_T1_DSV/IMG_2674.JPG,1.0,1.123143196105957,0.796329140663147,-0.32681405544281006,0.20367085933685303,0.12314319610595703,midpoint,45,single_rater_weak
2025_09_15_Re4StRes_T1_DSV/IMG_2675.JPG,plot_04022cc1273501af6aaa,dsv_asendorf_t1_bbch11,/home/nfs/data/nvme_datasets/Pictures_CFSB_leaf_damage/2025_09_15_Re4StRes_T1_DSV/IMG_2675.JPG,1.0,0.8923687934875488,0.45660096406936646,-0.4357678294181824,0.5433990359306335,0.10763120651245117,midpoint,45,single_rater_weak
2025_09_15_Re4StRes_T1_DSV/IMG_2676.JPG,plot_04022cc1273501af6aaa,dsv_asendorf_t1_bbch11,/home/nfs/data/nvme_datasets/Pictures_CFSB_leaf_damage/2025_09_15_Re4StRes_T1_DSV/IMG_2676.JPG,3.0,1.532209873199463,1.1042143106460571,-0.42799556255340576,1.8957856893539429,1.467790126800537,midpoint,45,single_rater_weak
2025_09_15_Re4StRes_T1_DSV/IMG_2677.JPG,plot_5f15397b7bb54891ab9b,dsv_asendorf_t1_bbch11,/home/nfs/data/nvme_datasets/Pictures_CFSB_leaf_damage/2025_09_15_Re4StRes_T1_DSV/IMG_2677.JPG,1.0,0.7867822647094727,-0.025609612464904785,-0.8123918771743774,1.0256096124649048,0.21321773529052734,midpoint,45,single_rater_weak
2025_09_15_Re4StRes_T1_DSV/IMG_2678.JPG,plot_5f15397b7bb54891ab9b,dsv_asendorf_t1_bbch11,/home/nfs/data/nvme_datasets/Pictures_CFSB_leaf_damage/2025_09_15_Re4StRes_T1_DSV/IMG_2678.JPG,1.0,0.7090034484863281,0.3902244567871094,-0.31877899169921875,0.6097755432128906,0.2909965515136719,midpoint,45,single_rater_weak
2025_09_15_Re4StRes_T1_DSV/IMG_2679.JPG,plot_5f15397b7bb54891ab9b,dsv_asendorf_t1_bbch11,/home/nfs/data/nvme_datasets/Pictures_CFSB_leaf_damage/2025_09_15_Re4StRes_T1_DSV/IMG_2679.JPG,1.0,0.8307466506958008,0.2577088475227356,-0.5730378031730652,0.7422911524772644,0.16925334930419922,midpoint,45,single_rater_weak
2025_09_15_Re4StRes_T1_DSV/IMG_2680.JPG,plot_a2e507dd1a5b46dd448b,dsv_asendorf_t1_bbch11,/home/nfs/data/nvme_datasets/Pictures_CFSB_leaf_damage/2025_09_15_Re4StRes_T1_DSV/IMG_2680.JPG,7.0,1.3360424041748047,0.6158797144889832,-0.7201626896858215,6.384120464324951,5.663957595825195,midpoint,45,single_rater_weak
2025_09_15_Re4StRes_T1_DSV/IMG_2681.JPG,plot_a2e507dd1a5b46dd448b,dsv_asendorf_t1_bbch11,/home/nfs/data/nvme_datasets/Pictures_CFSB_leaf_damage/2025_09_15_Re4StRes_T1_DSV/IMG_2681.JPG,5.0,0.7139291763305664,-0.1740506887435913,-0.8879798650741577,5.174050807952881,4.286070823669434,midpoint,45,single_rater_weak
2025_09_15_Re4StRes_T1_DSV/IMG_2682.JPG,plot_a2e507dd1a5b46dd448b,dsv_asendorf_t1_bbch11,/home/nfs/data/nvme_datasets/Pictures_CFSB_leaf_damage/2025_09_15_Re4StRes_T1_DSV/IMG_2682.JPG,3.0,0.20037508010864258,-0.6812704801559448,-0.8816455602645874,3.6812705993652344,2.7996249198913574,midpoint,45,single_rater_weak
2025_09_15_Re4StRes_T1_DSV/IMG_2683.JPG,plot_294ecb4c0cc0415b63ba,dsv_asendorf_t1_bbch11,/home/nfs/data/nvme_datasets/Pictures_CFSB_leaf_damage/2025_09_15_Re4StRes_T1_DSV/IMG_2683.JPG,2.0,1.1573424339294434,0.700112521648407,-0.4572299122810364,1.2998874187469482,0.8426575660705566,midpoint,45,single_rater_weak
2025_09_15_Re4StRes_T1_DSV/IMG_2683_2.JPG,plot_294ecb4c0cc0415b63ba,dsv_asendorf_t1_bbch11,/home/nfs/data/nvme_datasets/Pictures_CFSB_leaf_damage/2025_09_15_Re4StRes_T1_DSV/IMG_2683_2.JPG,5.0,0.9989166259765625,1.166374683380127,0.16745811700820923,3.833625316619873,4.0010833740234375,midpoint,45,single_rater_weak
2025_09_15_Re4StRes_T1_DSV/IMG_2684.JPG,plot_294ecb4c0cc0415b63ba,dsv_asendorf_t1_bbch11,/home/nfs/data/nvme_datasets/Pictures_CFSB_leaf_damage/2025_09_15_Re4StRes_T1_DSV/IMG_2684.JPG,7.0,0.753899097442627,0.1872873306274414,-0.5666117668151855,6.812712669372559,6.246100902557373,midpoint,45,single_rater_weak
2025_09_15_Re4StRes_T1_DSV/IMG_2686.JPG,plot_423b961101cdbd0d5304,dsv_asendorf_t1_bbch11,/home/nfs/data/nvme_datasets/Pictures_CFSB_leaf_damage/2025_09_15_Re4StRes_T1_DSV/IMG_2686.JPG,1.0,0.8004045486450195,0.264642596244812,-0.5357619524002075,0.735357403755188,0.19959545135498047,midpoint,45,single_rater_weak
2025_09_15_Re4StRes_T1_DSV/IMG_2687.JPG,plot_423b961101cdbd0d5304,dsv_asendorf_t1_bbch11,/home/nfs/data/nvme_datasets/Pictures_CFSB_leaf_damage/2025_09_15_Re4StRes_T1_DSV/IMG_2687.JPG,1.0,0.876563549041748,0.1408536434173584,-0.7357099056243896,0.8591463565826416,0.12343645095825195,midpoint,45,single_rater_weak
2025_09_15_Re4StRes_T1_DSV/IMG_2688.JPG,plot_423b961101cdbd0d5304,dsv_asendorf_t1_bbch11,/home/nfs/data/nvme_datasets/Pictures_CFSB_leaf_damage/2025_09_15_Re4StRes_T1_DSV/IMG_2688.JPG,1.0,0.7838592529296875,0.29521292448043823,-0.48864632844924927,0.7047870755195618,0.2161407470703125,midpoint,45,single_rater_weak
2025_09_15_Re4StRes_T1_DSV/IMG_2689.JPG,plot_dd04b204b1bcb3a5725e,dsv_asendorf_t1_bbch11,/home/nfs/data/nvme_datasets/Pictures_CFSB_leaf_damage/2025_09_15_Re4StRes_T1_DSV/IMG_2689.JPG,1.0,5.0384955406188965,4.742469310760498,-0.2960262894630432,3.742469310760498,4.0384955406188965,midpoint,45,single_rater_weak
2025_09_15_Re4StRes_T1_DSV/IMG_2690.JPG,plot_dd04b204b1bcb3a5725e,dsv_asendorf_t1_bbch11,/home/nfs/data/nvme_datasets/Pictures_CFSB_leaf_damage/2025_09_15_Re4StRes_T1_DSV/IMG_2690.JPG,2.0,1.8211565017700195,1.293389081954956,-0.5277674794197083,0.706610918045044,0.17884349822998047,midpoint,45,single_rater_weak
2025_09_15_Re4StRes_T1_DSV/IMG_2691.JPG,plot_dd04b204b1bcb3a5725e,dsv_asendorf_t1_bbch11,/home/nfs/data/nvme_datasets/Pictures_CFSB_leaf_damage/2025_09_15_Re4StRes_T1_DSV/IMG_2691.JPG,1.0,1.2767033576965332,0.6681073307991028,-0.6085960268974304,0.3318926692008972,0.2767033576965332,midpoint,45,single_rater_weak
2025_09_15_Re4StRes_T1_DSV/IMG_2692.JPG,plot_ee34702f16a23139878d,dsv_asendorf_t1_bbch11,/home/nfs/data/nvme_datasets/Pictures_CFSB_leaf_damage/2025_09_15_Re4StRes_T1_DSV/IMG_2692.JPG,20.0,2.2843546867370605,2.1872639656066895,-0.09709074348211288,17.81273651123047,17.71564483642578,midpoint,45,single_rater_weak
2025_09_15_Re4StRes_T1_DSV/IMG_2693.JPG,plot_ee34702f16a23139878d,dsv_asendorf_t1_bbch11,/home/nfs/data/nvme_datasets/Pictures_CFSB_leaf_damage/2025_09_15_Re4StRes_T1_DSV/IMG_2693.JPG,9.0,1.1694765090942383,0.8010892868041992,-0.36838722229003906,8.1989107131958,7.830523490905762,midpoint,45,single_rater_weak
2025_09_15_Re4StRes_T1_DSV/IMG_2694.JPG,plot_ee34702f16a23139878d,dsv_asendorf_t1_bbch11,/home/nfs/data/nvme_datasets/Pictures_CFSB_leaf_damage/2025_09_15_Re4StRes_T1_DSV/IMG_2694.JPG,1.0,1.1359987258911133,0.7926551103591919,-0.3433436155319214,0.2073448896408081,0.13599872589111328,midpoint,45,single_rater_weak
2025_09_15_Re4StRes_T1_DSV/IMG_2695.JPG,plot_ec431a420c01c755bc8f,dsv_asendorf_t1_bbch11,/home/nfs/data/nvme_datasets/Pictures_CFSB_leaf_damage/2025_09_15_Re4StRes_T1_DSV/IMG_2695.JPG,1.0,0.43314409255981445,-0.4058704972267151,-0.8390145897865295,1.4058704376220703,0.5668559074401855,midpoint,45,single_rater_weak
2025_09_15_Re4StRes_T1_DSV/IMG_2696.JPG,plot_ec431a420c01c755bc8f,dsv_asendorf_t1_bbch11,/home/nfs/data/nvme_datasets/Pictures_CFSB_leaf_damage/2025_09_15_Re4StRes_T1_DSV/IMG_2696.JPG,2.0,0.529085636138916,0.10323372483253479,-0.4258519113063812,1.8967663049697876,1.470914363861084,midpoint,45,single_rater_weak
2025_09_15_Re4StRes_T1_DSV/IMG_2697.JPG,plot_ec431a420c01c755bc8f,dsv_asendorf_t1_bbch11,/home/nfs/data/nvme_datasets/Pictures_CFSB_leaf_damage/2025_09_15_Re4StRes_T1_DSV/IMG_2697.JPG,1.0,0.38968992233276367,-0.10531875491142273,-0.4950086772441864,1.1053187847137451,0.6103100776672363,midpoint,45,single_rater_weak
2025_09_15_Re4StRes_T1_DSV/IMG_2698.JPG,plot_988fee0f83b74284189c,dsv_asendorf_t1_bbch11,/home/nfs/data/nvme_datasets/Pictures_CFSB_leaf_damage/2025_09_15_Re4StRes_T1_DSV/IMG_2698.JPG,7.0,0.21980857849121094,-0.05640682578086853,-0.27621540427207947,7.0564069747924805,6.780191421508789,midpoint,45,single_rater_weak
2025_09_15_Re4StRes_T1_DSV/IMG_2699.JPG,plot_988fee0f83b74284189c,dsv_asendorf_t1_bbch11,/home/nfs/data/nvme_datasets/Pictures_CFSB_leaf_damage/2025_09_15_Re4StRes_T1_DSV/IMG_2699.JPG,10.0,2.251718044281006,2.2713468074798584,0.01962878555059433,7.7286529541015625,7.748281955718994,midpoint,45,single_rater_weak
2025_09_15_Re4StRes_T1_DSV/IMG_2700.JPG,plot_988fee0f83b74284189c,dsv_asendorf_t1_bbch11,/home/nfs/data/nvme_datasets/Pictures_CFSB_leaf_damage/2025_09_15_Re4StRes_T1_DSV/IMG_2700.JPG,32.0,1.1430516242980957,0.9557380676269531,-0.18731358647346497,31.044261932373047,30.856948852539062,midpoint,45,single_rater_weak
2025_09_15_Re4StRes_T1_DSV/IMG_2701.JPG,plot_9eb00a9bc11de06488a0,dsv_asendorf_t1_bbch11,/home/nfs/data/nvme_datasets/Pictures_CFSB_leaf_damage/2025_09_15_Re4StRes_T1_DSV/IMG_2701.JPG,11.0,1.0356526374816895,0.4220206141471863,-0.6136320233345032,10.57797908782959,9.964347839355469,midpoint,45,single_rater_weak
2025_09_15_Re4StRes_T1_DSV/IMG_2702.JPG,plot_9eb00a9bc11de06488a0,dsv_asendorf_t1_bbch11,/home/nfs/data/nvme_datasets/Pictures_CFSB_leaf_damage/2025_09_15_Re4StRes_T1_DSV/IMG_2702.JPG,1.0,1.8165416717529297,1.2457112073898315,-0.5708304643630981,0.24571120738983154,0.8165416717529297,midpoint,45,single_rater_weak
2025_09_15_Re4StRes_T1_DSV/IMG_2703.JPG,plot_9eb00a9bc11de06488a0,dsv_asendorf_t1_bbch11,/home/nfs/data/nvme_datasets/Pictures_CFSB_leaf_damage/2025_09_15_Re4StRes_T1_DSV/IMG_2703.JPG,24.0,2.748602867126465,2.21335506439209,-0.5352476835250854,21.786643981933594,21.25139617919922,midpoint,45,single_rater_weak
2025_09_15_Re4StRes_T1_DSV/IMG_2704.JPG,plot_067d70ac047c7beabc7b,dsv_asendorf_t1_bbch11,/home/nfs/data/nvme_datasets/Pictures_CFSB_leaf_damage/2025_09_15_Re4StRes_T1_DSV/IMG_2704.JPG,1.0,1.2136597633361816,1.1892664432525635,-0.02439328283071518,0.18926644325256348,0.21365976333618164,midpoint,45,single_rater_weak
2025_09_15_Re4StRes_T1_DSV/IMG_2705.JPG,plot_067d70ac047c7beabc7b,dsv_asendorf_t1_bbch11,/home/nfs/data/nvme_datasets/Pictures_CFSB_leaf_damage/2025_09_15_Re4StRes_T1_DSV/IMG_2705.JPG,2.0,0.5136270523071289,0.34597668051719666,-0.16765037178993225,1.654023289680481,1.486372947692871,midpoint,45,single_rater_weak
2025_09_15_Re4StRes_T1_DSV/IMG_2706.JPG,plot_067d70ac047c7beabc7b,dsv_asendorf_t1_bbch11,/home/nfs/data/nvme_datasets/Pictures_CFSB_leaf_damage/2025_09_15_Re4StRes_T1_DSV/IMG_2706.JPG,1.0,-0.095489501953125,-0.5160379409790039,-0.4205484390258789,1.516037940979004,1.095489501953125,midpoint,45,single_rater_weak
2025_09_15_Re4StRes_T1_DSV/IMG_2707.JPG,plot_a634cafe461a956c2d81,dsv_asendorf_t1_bbch11,/home/nfs/data/nvme_datasets/Pictures_CFSB_leaf_damage/2025_09_15_Re4StRes_T1_DSV/IMG_2707.JPG,4.0,3.4705843925476074,3.090658664703369,-0.37992584705352783,0.9093413352966309,0.5294156074523926,midpoint,45,single_rater_weak
2025_09_15_Re4StRes_T1_DSV/IMG_2708.JPG,plot_a634cafe461a956c2d81,dsv_asendorf_t1_bbch11,/home/nfs/data/nvme_datasets/Pictures_CFSB_leaf_damage/2025_09_15_Re4StRes_T1_DSV/IMG_2708.JPG,2.0,-0.23987340927124023,-0.5451514720916748,-0.30527809262275696,2.545151472091675,2.2398734092712402,midpoint,45,single_rater_weak
2025_09_15_Re4StRes_T1_DSV/IMG_2709.JPG,plot_a634cafe461a956c2d81,dsv_asendorf_t1_bbch11,/home/nfs/data/nvme_datasets/Pictures_CFSB_leaf_damage/2025_09_15_Re4StRes_T1_DSV/IMG_2709.JPG,4.0,0.7403650283813477,0.16318875551223755,-0.5771762728691101,3.8368113040924072,3.2596349716186523,midpoint,45,single_rater_weak
2025_09_15_Re4StRes_T1_DSV/IMG_2710.JPG,plot_3b886b3e202d4072bdd2,dsv_asendorf_t1_bbch11,/home/nfs/data/nvme_datasets/Pictures_CFSB_leaf_damage/2025_09_15_Re4StRes_T1_DSV/IMG_2710.JPG,2.0,2.49261474609375,1.6194078922271729,-0.8732069134712219,0.38059210777282715,0.49261474609375,midpoint,45,single_rater_weak
2025_09_15_Re4StRes_T1_DSV/IMG_2711.JPG,plot_3b886b3e202d4072bdd2,dsv_asendorf_t1_bbch11,/home/nfs/data/nvme_datasets/Pictures_CFSB_leaf_damage/2025_09_15_Re4StRes_T1_DSV/IMG_2711.JPG,2.0,2.479586124420166,2.0827107429504395,-0.39687541127204895,0.08271074295043945,0.479586124420166,midpoint,45,single_rater_weak
2025_09_15_Re4StRes_T1_DSV/IMG_2712.JPG,plot_3b886b3e202d4072bdd2,dsv_asendorf_t1_bbch11,/home/nfs/data/nvme_datasets/Pictures_CFSB_leaf_damage/2025_09_15_Re4StRes_T1_DSV/IMG_2712.JPG,3.0,3.5250449180603027,3.0311899185180664,-0.49385491013526917,0.031189918518066406,0.5250449180603027,midpoint,45,single_rater_weak
2025_09_15_Re4StRes_T1_DSV/IMG_2713.JPG,plot_07c97a5e3a44ad63a809,dsv_asendorf_t1_bbch11,/home/nfs/data/nvme_datasets/Pictures_CFSB_leaf_damage/2025_09_15_Re4StRes_T1_DSV/IMG_2713.JPG,3.0,5.25924015045166,5.1463093757629395,-0.11293058097362518,2.1463093757629395,2.25924015045166,midpoint,45,single_rater_weak
2025_09_15_Re4StRes_T1_DSV/IMG_2714.JPG,plot_07c97a5e3a44ad63a809,dsv_asendorf_t1_bbch11,/home/nfs/data/nvme_datasets/Pictures_CFSB_leaf_damage/2025_09_15_Re4StRes_T1_DSV/IMG_2714.JPG,4.0,3.5039615631103516,2.93741512298584,-0.5665465593338013,1.0625848770141602,0.49603843688964844,midpoint,45,single_rater_weak
2025_09_15_Re4StRes_T1_DSV/IMG_2715.JPG,plot_07c97a5e3a44ad63a809,dsv_asendorf_t1_bbch11,/home/nfs/data/nvme_datasets/Pictures_CFSB_leaf_damage/2025_09_15_Re4StRes_T1_DSV/IMG_2715.JPG,7.0,6.875071048736572,6.426037788391113,-0.4490330219268799,0.5739622116088867,0.12492895126342773,midpoint,45,single_rater_weak
2025_09_15_Re4StRes_T1_DSV/IMG_2716.JPG,plot_53faa98749b09bdbbe6a,dsv_asendorf_t1_bbch11,/home/nfs/data/nvme_datasets/Pictures_CFSB_leaf_damage/2025_09_15_Re4StRes_T1_DSV/IMG_2716.JPG,2.0,1.6950068473815918,1.0771210193634033,-0.6178858280181885,0.9228789806365967,0.3049931526184082,midpoint,45,single_rater_weak
2025_09_15_Re4StRes_T1_DSV/IMG_2717.JPG,plot_53faa98749b09bdbbe6a,dsv_asendorf_t1_bbch11,/home/nfs/data/nvme_datasets/Pictures_CFSB_leaf_damage/2025_09_15_Re4StRes_T1_DSV/IMG_2717.JPG,9.0,3.3507137298583984,2.9676389694213867,-0.38307473063468933,6.032361030578613,5.649286270141602,midpoint,45,single_rater_weak
2025_09_15_Re4StRes_T1_DSV/IMG_2718.JPG,plot_53faa98749b09bdbbe6a,dsv_asendorf_t1_bbch11,/home/nfs/data/nvme_datasets/Pictures_CFSB_leaf_damage/2025_09_15_Re4StRes_T1_DSV/IMG_2718.JPG,15.0,5.557132244110107,5.136732578277588,-0.42039954662323,9.86326789855957,9.442867279052734,midpoint,45,single_rater_weak
2025_09_15_Re4StRes_T1_DSV/IMG_2719.JPG,plot_a5ea2e8d1388b1eeddc1,dsv_asendorf_t1_bbch11,/home/nfs/data/nvme_datasets/Pictures_CFSB_leaf_damage/2025_09_15_Re4StRes_T1_DSV/IMG_2719.JPG,29.0,1.4305477142333984,1.5429080724716187,0.11236037313938141,27.45709228515625,27.5694522857666,midpoint,45,single_rater_weak
2025_09_15_Re4StRes_T1_DSV/IMG_2720.JPG,plot_a5ea2e8d1388b1eeddc1,dsv_asendorf_t1_bbch11,/home/nfs/data/nvme_datasets/Pictures_CFSB_leaf_damage/2025_09_15_Re4StRes_T1_DSV/IMG_2720.JPG,14.0,1.9809951782226562,1.8549631834030151,-0.12603197991847992,12.145036697387695,12.019004821777344,midpoint,45,single_rater_weak
2025_09_15_Re4StRes_T1_DSV/IMG_2721.JPG,plot_a5ea2e8d1388b1eeddc1,dsv_asendorf_t1_bbch11,/home/nfs/data/nvme_datasets/Pictures_CFSB_leaf_damage/2025_09_15_Re4StRes_T1_DSV/IMG_2721.JPG,20.0,1.0791034698486328,1.3555245399475098,0.2764210104942322,18.64447593688965,18.920896530151367,midpoint,45,single_rater_weak
2025_09_15_Re4StRes_T1_DSV/IMG_2722.JPG,plot_4d7cf47fcb2fb6abd413,dsv_asendorf_t1_bbch11,/home/nfs/data/nvme_datasets/Pictures_CFSB_leaf_damage/2025_09_15_Re4StRes_T1_DSV/IMG_2722.JPG,3.0,1.419055461883545,0.9160964488983154,-0.5029590129852295,2.0839035511016846,1.580944538116455,midpoint,45,single_rater_weak
2025_09_15_Re4StRes_T1_DSV/IMG_2723.JPG,plot_4d7cf47fcb2fb6abd413,dsv_asendorf_t1_bbch11,/home/nfs/data/nvme_datasets/Pictures_CFSB_leaf_damage/2025_09_15_Re4StRes_T1_DSV/IMG_2723.JPG,1.0,1.176459789276123,0.8278734683990479,-0.3485862910747528,0.17212653160095215,0.17645978927612305,midpoint,45,single_rater_weak
2025_09_15_Re4StRes_T1_DSV/IMG_2724.JPG,plot_4d7cf47fcb2fb6abd413,dsv_asendorf_t1_bbch11,/home/nfs/data/nvme_datasets/Pictures_CFSB_leaf_damage/2025_09_15_Re4StRes_T1_DSV/IMG_2724.JPG,1.0,0.8228054046630859,0.537786066532135,-0.2850193381309509,0.462213933467865,0.17719459533691406,midpoint,45,single_rater_weak
2025_09_15_Re4StRes_T1_DSV/IMG_2725.JPG,plot_4b6225fbc993b063f5b7,dsv_asendorf_t1_bbch11,/home/nfs/data/nvme_datasets/Pictures_CFSB_leaf_damage/2025_09_15_Re4StRes_T1_DSV/IMG_2725.JPG,2.0,2.293792247772217,2.3955025672912598,0.10171032696962357,0.39550256729125977,0.2937922477722168,midpoint,45,single_rater_weak
2025_09_15_Re4StRes_T1_DSV/IMG_2726.JPG,plot_4b6225fbc993b063f5b7,dsv_asendorf_t1_bbch11,/home/nfs/data/nvme_datasets/Pictures_CFSB_leaf_damage/2025_09_15_Re4StRes_T1_DSV/IMG_2726.JPG,8.0,3.2821569442749023,3.129591703414917,-0.152565136551857,4.870408058166504,4.717843055725098,midpoint,45,single_rater_weak
2025_09_15_Re4StRes_T1_DSV/IMG_2727.JPG,plot_4b6225fbc993b063f5b7,dsv_asendorf_t1_bbch11,/home/nfs/data/nvme_datasets/Pictures_CFSB_leaf_damage/2025_09_15_Re4StRes_T1_DSV/IMG_2727.JPG,2.0,3.301485538482666,3.062079906463623,-0.23940566182136536,1.062079906463623,1.301485538482666,midpoint,45,single_rater_weak
2025_09_15_Re4StRes_T1_DSV/IMG_2728.JPG,plot_d49e9b4578f7759ad81d,dsv_asendorf_t1_bbch11,/home/nfs/data/nvme_datasets/Pictures_CFSB_leaf_damage/2025_09_15_Re4StRes_T1_DSV/IMG_2728.JPG,1.0,0.7131671905517578,0.15888947248458862,-0.5542777180671692,0.8411105275154114,0.2868328094482422,midpoint,45,single_rater_weak
2025_09_15_Re4StRes_T1_DSV/IMG_2729.JPG,plot_d49e9b4578f7759ad81d,dsv_asendorf_t1_bbch11,/home/nfs/data/nvme_datasets/Pictures_CFSB_leaf_damage/2025_09_15_Re4StRes_T1_DSV/IMG_2729.JPG,2.0,2.3623266220092773,1.610642910003662,-0.75168377161026,0.3893570899963379,0.36232662200927734,midpoint,45,single_rater_weak
2025_09_15_Re4StRes_T1_DSV/IMG_2730.JPG,plot_d49e9b4578f7759ad81d,dsv_asendorf_t1_bbch11,/home/nfs/data/nvme_datasets/Pictures_CFSB_leaf_damage/2025_09_15_Re4StRes_T1_DSV/IMG_2730.JPG,2.0,2.176830768585205,1.8966388702392578,-0.2801918387413025,0.10336112976074219,0.17683076858520508,midpoint,45,single_rater_weak
2025_09_15_Re4StRes_T1_DSV/IMG_2731.JPG,plot_b8c2240b7f830c371fd1,dsv_asendorf_t1_bbch11,/home/nfs/data/nvme_datasets/Pictures_CFSB_leaf_damage/2025_09_15_Re4StRes_T1_DSV/IMG_2731.JPG,6.0,6.421927452087402,6.0690813064575195,-0.35284626483917236,0.06908130645751953,0.42192745208740234,midpoint,45,single_rater_weak
2025_09_15_Re4StRes_T1_DSV/IMG_2732.JPG,plot_b8c2240b7f830c371fd1,dsv_asendorf_t1_bbch11,/home/nfs/data/nvme_datasets/Pictures_CFSB_leaf_damage/2025_09_15_Re4StRes_T1_DSV/IMG_2732.JPG,1.0,2.8505711555480957,2.2399938106536865,-0.6105772852897644,1.2399938106536865,1.8505711555480957,midpoint,45,single_rater_weak
2025_09_15_Re4StRes_T1_DSV/IMG_2733.JPG,plot_b8c2240b7f830c371fd1,dsv_asendorf_t1_bbch11,/home/nfs/data/nvme_datasets/Pictures_CFSB_leaf_damage/2025_09_15_Re4StRes_T1_DSV/IMG_2733.JPG,4.0,4.218050003051758,3.971461772918701,-0.24658815562725067,0.028538227081298828,0.2180500030517578,midpoint,45,single_rater_weak
2025_09_15_Re4StRes_T1_DSV/IMG_2734.JPG,plot_01b5efb889367fd80c37,dsv_asendorf_t1_bbch11,/home/nfs/data/nvme_datasets/Pictures_CFSB_leaf_damage/2025_09_15_Re4StRes_T1_DSV/IMG_2734.JPG,2.0,1.3491301536560059,0.6478580236434937,-0.7012721300125122,1.3521419763565063,0.6508698463439941,midpoint,45,single_rater_weak
2025_09_15_Re4StRes_T1_DSV/IMG_2735.JPG,plot_01b5efb889367fd80c37,dsv_asendorf_t1_bbch11,/home/nfs/data/nvme_datasets/Pictures_CFSB_leaf_damage/2025_09_15_Re4StRes_T1_DSV/IMG_2735.JPG,1.0,0.8087453842163086,0.6648003458976746,-0.14394505321979523,0.33519965410232544,0.1912546157836914,midpoint,45,single_rater_weak
2025_09_15_Re4StRes_T1_DSV/IMG_2736.JPG,plot_01b5efb889367fd80c37,dsv_asendorf_t1_bbch11,/home/nfs/data/nvme_datasets/Pictures_CFSB_leaf_damage/2025_09_15_Re4StRes_T1_DSV/IMG_2736.JPG,3.0,2.5241403579711914,2.0215718746185303,-0.5025685429573059,0.9784281253814697,0.4758596420288086,midpoint,45,single_rater_weak
2025_09_15_Re4StRes_T1_DSV/IMG_2737.JPG,plot_12108390b536c4fafa2e,dsv_asendorf_t1_bbch11,/home/nfs/data/nvme_datasets/Pictures_CFSB_leaf_damage/2025_09_15_Re4StRes_T1_DSV/IMG_2737.JPG,2.0,-0.07177066802978516,-0.3079887628555298,-0.23621809482574463,2.3079886436462402,2.071770668029785,midpoint,45,single_rater_weak
2025_09_15_Re4StRes_T1_DSV/IMG_2738.JPG,plot_12108390b536c4fafa2e,dsv_asendorf_t1_bbch11,/home/nfs/data/nvme_datasets/Pictures_CFSB_leaf_damage/2025_09_15_Re4StRes_T1_DSV/IMG_2738.JPG,5.0,3.5455636978149414,3.682871103286743,0.13730737566947937,1.3171288967132568,1.4544363021850586,midpoint,45,single_rater_weak
2025_09_15_Re4StRes_T1_DSV/IMG_2739.JPG,plot_12108390b536c4fafa2e,dsv_asendorf_t1_bbch11,/home/nfs/data/nvme_datasets/Pictures_CFSB_leaf_damage/2025_09_15_Re4StRes_T1_DSV/IMG_2739.JPG,20.0,0.8885278701782227,0.2933412194252014,-0.5951866507530212,19.7066593170166,19.111473083496094,midpoint,45,single_rater_weak
2025_09_15_Re4StRes_T1_DSV/IMG_2740.JPG,plot_ae063f69796c01a65a5c,dsv_asendorf_t1_bbch11,/home/nfs/data/nvme_datasets/Pictures_CFSB_leaf_damage/2025_09_15_Re4StRes_T1_DSV/IMG_2740.JPG,17.0,0.9403643608093262,0.2110043168067932,-0.729360044002533,16.78899574279785,16.059635162353516,midpoint,45,single_rater_weak
2025_09_15_Re4StRes_T1_DSV/IMG_2741.JPG,plot_ae063f69796c01a65a5c,dsv_asendorf_t1_bbch11,/home/nfs/data/nvme_datasets/Pictures_CFSB_leaf_damage/2025_09_15_Re4StRes_T1_DSV/IMG_2741.JPG,6.0,0.6707048416137695,0.16311109066009521,-0.5075937509536743,5.836888790130615,5.3292951583862305,midpoint,45,single_rater_weak
2025_09_15_Re4StRes_T1_DSV/IMG_2742.JPG,plot_ae063f69796c01a65a5c,dsv_asendorf_t1_bbch11,/home/nfs/data/nvme_datasets/Pictures_CFSB_leaf_damage/2025_09_15_Re4StRes_T1_DSV/IMG_2742.JPG,2.0,0.9635934829711914,0.8654947280883789,-0.09809872508049011,1.134505271911621,1.0364065170288086,midpoint,45,single_rater_weak
2025_09_15_Re4StRes_T1_DSV/IMG_2743.JPG,plot_fa88e8aaf0b2e4ce53ce,dsv_asendorf_t1_bbch11,/home/nfs/data/nvme_datasets/Pictures_CFSB_leaf_damage/2025_09_15_Re4StRes_T1_DSV/IMG_2743.JPG,2.0,0.7377901077270508,0.5940231680870056,-0.14376692473888397,1.4059767723083496,1.2622098922729492,midpoint,45,single_rater_weak
2025_09_15_Re4StRes_T1_DSV/IMG_2744.JPG,plot_fa88e8aaf0b2e4ce53ce,dsv_asendorf_t1_bbch11,/home/nfs/data/nvme_datasets/Pictures_CFSB_leaf_damage/2025_09_15_Re4StRes_T1_DSV/IMG_2744.JPG,2.0,1.6628503799438477,1.5477869510650635,-0.11506347358226776,0.4522130489349365,0.33714962005615234,midpoint,45,single_rater_weak
2025_09_15_Re4StRes_T1_DSV/IMG_2745.JPG,plot_fa88e8aaf0b2e4ce53ce,dsv_asendorf_t1_bbch11,/home/nfs/data/nvme_datasets/Pictures_CFSB_leaf_damage/2025_09_15_Re4StRes_T1_DSV/IMG_2745.JPG,2.0,2.159661293029785,2.273249387741089,0.11358802020549774,0.27324938774108887,0.15966129302978516,midpoint,45,single_rater_weak
2025_09_15_Re4StRes_T1_DSV/IMG_2746.JPG,plot_fbe3bee6f8231bea9197,dsv_asendorf_t1_bbch11,/home/nfs/data/nvme_datasets/Pictures_CFSB_leaf_damage/2025_09_15_Re4StRes_T1_DSV/IMG_2746.JPG,2.0,4.440169334411621,4.240345478057861,-0.19982406497001648,2.2403454780578613,2.440169334411621,midpoint,45,single_rater_weak
2025_09_15_Re4StRes_T1_DSV/IMG_2747.JPG,plot_fbe3bee6f8231bea9197,dsv_asendorf_t1_bbch11,/home/nfs/data/nvme_datasets/Pictures_CFSB_leaf_damage/2025_09_15_Re4StRes_T1_DSV/IMG_2747.JPG,2.0,2.986863136291504,2.800166606903076,-0.18669664859771729,0.8001666069030762,0.9868631362915039,midpoint,45,single_rater_weak
2025_09_15_Re4StRes_T1_DSV/IMG_2748.JPG,plot_fbe3bee6f8231bea9197,dsv_asendorf_t1_bbch11,/home/nfs/data/nvme_datasets/Pictures_CFSB_leaf_damage/2025_09_15_Re4StRes_T1_DSV/IMG_2748.JPG,8.0,4.5979509353637695,4.459954738616943,-0.13799631595611572,3.5400452613830566,3.4020490646362305,midpoint,45,single_rater_weak
2025_09_15_Re4StRes_T1_DSV/IMG_2749.JPG,plot_5d76f2da92706c2d215a,dsv_asendorf_t1_bbch11,/home/nfs/data/nvme_datasets/Pictures_CFSB_leaf_damage/2025_09_15_Re4StRes_T1_DSV/IMG_2749.JPG,9.0,3.250047206878662,2.9770822525024414,-0.27296486496925354,6.022917747497559,5.749952793121338,midpoint,45,single_rater_weak
2025_09_15_Re4StRes_T1_DSV/IMG_2750.JPG,plot_5d76f2da92706c2d215a,dsv_asendorf_t1_bbch11,/home/nfs/data/nvme_datasets/Pictures_CFSB_leaf_damage/2025_09_15_Re4StRes_T1_DSV/IMG_2750.JPG,8.0,0.8346052169799805,0.5570860505104065,-0.277519166469574,7.442914009094238,7.1653947830200195,midpoint,45,single_rater_weak
2025_09_15_Re4StRes_T1_DSV/IMG_2752.JPG,plot_5d76f2da92706c2d215a,dsv_asendorf_t1_bbch11,/home/nfs/data/nvme_datasets/Pictures_CFSB_leaf_damage/2025_09_15_Re4StRes_T1_DSV/IMG_2752.JPG,1.0,0.7037835121154785,0.5041510462760925,-0.199632465839386,0.49584895372390747,0.2962164878845215,midpoint,45,single_rater_weak
2025_09_15_Re4StRes_T1_DSV/IMG_2753.JPG,plot_56dd09af3a066828ea24,dsv_asendorf_t1_bbch11,/home/nfs/data/nvme_datasets/Pictures_CFSB_leaf_damage/2025_09_15_Re4StRes_T1_DSV/IMG_2753.JPG,4.0,3.135150909423828,2.6889705657958984,-0.4461803734302521,1.3110294342041016,0.8648490905761719,midpoint,45,single_rater_weak
2025_09_15_Re4StRes_T1_DSV/IMG_2754.JPG,plot_56dd09af3a066828ea24,dsv_asendorf_t1_bbch11,/home/nfs/data/nvme_datasets/Pictures_CFSB_leaf_damage/2025_09_15_Re4StRes_T1_DSV/IMG_2754.JPG,1.0,1.0590424537658691,0.5040779113769531,-0.554964542388916,0.4959220886230469,0.05904245376586914,midpoint,45,single_rater_weak
2025_09_15_Re4StRes_T1_DSV/IMG_2755.JPG,plot_56dd09af3a066828ea24,dsv_asendorf_t1_bbch11,/home/nfs/data/nvme_datasets/Pictures_CFSB_leaf_damage/2025_09_15_Re4StRes_T1_DSV/IMG_2755.JPG,2.0,3.3701727390289307,3.0182790756225586,-0.3518936336040497,1.0182790756225586,1.3701727390289307,midpoint,45,single_rater_weak
2025_09_15_Re4StRes_T1_DSV/IMG_2756.JPG,plot_0638fea60d60117179b5,dsv_asendorf_t1_bbch11,/home/nfs/data/nvme_datasets/Pictures_CFSB_leaf_damage/2025_09_15_Re4StRes_T1_DSV/IMG_2756.JPG,1.0,0.8199629783630371,0.359749972820282,-0.4602130055427551,0.640250027179718,0.1800370216369629,midpoint,45,single_rater_weak
2025_09_15_Re4StRes_T1_DSV/IMG_2757.JPG,plot_0638fea60d60117179b5,dsv_asendorf_t1_bbch11,/home/nfs/data/nvme_datasets/Pictures_CFSB_leaf_damage/2025_09_15_Re4StRes_T1_DSV/IMG_2757.JPG,7.0,0.7943511009216309,0.6177214980125427,-0.17662958800792694,6.3822784423828125,6.205648899078369,midpoint,45,single_rater_weak
2025_09_15_Re4StRes_T1_DSV/IMG_2758.JPG,plot_0638fea60d60117179b5,dsv_asendorf_t1_bbch11,/home/nfs/data/nvme_datasets/Pictures_CFSB_leaf_damage/2025_09_15_Re4StRes_T1_DSV/IMG_2758.JPG,3.0,2.9037137031555176,2.698465347290039,-0.20524847507476807,0.30153465270996094,0.09628629684448242,midpoint,45,single_rater_weak
2025_09_15_Re4StRes_T1_DSV/IMG_2759.JPG,plot_6ae5e5261e38fd15ad2c,dsv_asendorf_t1_bbch11,/home/nfs/data/nvme_datasets/Pictures_CFSB_leaf_damage/2025_09_15_Re4StRes_T1_DSV/IMG_2759.JPG,6.0,2.604707717895508,2.452230215072632,-0.15247748792171478,3.547769784927368,3.395292282104492,midpoint,45,single_rater_weak
2025_09_15_Re4StRes_T1_DSV/IMG_2760.JPG,plot_6ae5e5261e38fd15ad2c,dsv_asendorf_t1_bbch11,/home/nfs/data/nvme_datasets/Pictures_CFSB_leaf_damage/2025_09_15_Re4StRes_T1_DSV/IMG_2760.JPG,3.0,0.7551307678222656,0.07998538017272949,-0.6751453876495361,2.9200146198272705,2.2448692321777344,midpoint,45,single_rater_weak
2025_09_15_Re4StRes_T1_DSV/IMG_2761.JPG,plot_6ae5e5261e38fd15ad2c,dsv_asendorf_t1_bbch11,/home/nfs/data/nvme_datasets/Pictures_CFSB_leaf_damage/2025_09_15_Re4StRes_T1_DSV/IMG_2761.JPG,12.0,2.801787853240967,2.653139591217041,-0.14864830672740936,9.346860885620117,9.198211669921875,midpoint,45,single_rater_weak
2025_09_15_Re4StRes_T1_DSV/IMG_2762.JPG,plot_d26aea413294dd037c86,dsv_asendorf_t1_bbch11,/home/nfs/data/nvme_datasets/Pictures_CFSB_leaf_damage/2025_09_15_Re4StRes_T1_DSV/IMG_2762.JPG,3.0,0.9245195388793945,0.3265407085418701,-0.5979788303375244,2.67345929145813,2.0754804611206055,midpoint,45,single_rater_weak
2025_09_15_Re4StRes_T1_DSV/IMG_2763.JPG,plot_d26aea413294dd037c86,dsv_asendorf_t1_bbch11,/home/nfs/data/nvme_datasets/Pictures_CFSB_leaf_damage/2025_09_15_Re4StRes_T1_DSV/IMG_2763.JPG,3.0,3.319983959197998,2.95884108543396,-0.3611428141593933,0.04115891456604004,0.31998395919799805,midpoint,45,single_rater_weak
2025_09_15_Re4StRes_T1_DSV/IMG_2764.JPG,plot_d26aea413294dd037c86,dsv_asendorf_t1_bbch11,/home/nfs/data/nvme_datasets/Pictures_CFSB_leaf_damage/2025_09_15_Re4StRes_T1_DSV/IMG_2764.JPG,4.0,2.8996009826660156,2.978900671005249,0.07929959893226624,1.021099328994751,1.1003990173339844,midpoint,45,single_rater_weak
2025_09_15_Re4StRes_T1_DSV/IMG_2765.JPG,plot_4e337111532d455af776,dsv_asendorf_t1_bbch11,/home/nfs/data/nvme_datasets/Pictures_CFSB_leaf_damage/2025_09_15_Re4StRes_T1_DSV/IMG_2765.JPG,4.0,1.3897228240966797,1.0057655572891235,-0.38395726680755615,2.994234561920166,2.6102771759033203,midpoint,45,single_rater_weak
2025_09_15_Re4StRes_T1_DSV/IMG_2766.JPG,plot_4e337111532d455af776,dsv_asendorf_t1_bbch11,/home/nfs/data/nvme_datasets/Pictures_CFSB_leaf_damage/2025_09_15_Re4StRes_T1_DSV/IMG_2766.JPG,2.0,0.11138153076171875,-0.1402500569820404,-0.25163158774375916,2.1402499675750732,1.8886184692382812,midpoint,45,single_rater_weak
2025_09_15_Re4StRes_T1_DSV/IMG_2767.JPG,plot_4e337111532d455af776,dsv_asendorf_t1_bbch11,/home/nfs/data/nvme_datasets/Pictures_CFSB_leaf_damage/2025_09_15_Re4StRes_T1_DSV/IMG_2767.JPG,26.0,5.762456893920898,5.738870143890381,-0.02358655259013176,20.26112937927246,20.2375431060791,midpoint,45,single_rater_weak
2025_09_15_Re4StRes_T1_DSV/IMG_2768.JPG,plot_60df965b48b303ba5397,dsv_asendorf_t1_bbch11,/home/nfs/data/nvme_datasets/Pictures_CFSB_leaf_damage/2025_09_15_Re4StRes_T1_DSV/IMG_2768.JPG,4.0,1.8621869087219238,1.549795389175415,-0.31239157915115356,2.450204610824585,2.137813091278076,midpoint,45,single_rater_weak
2025_09_15_Re4StRes_T1_DSV/IMG_2769.JPG,plot_60df965b48b303ba5397,dsv_asendorf_t1_bbch11,/home/nfs/data/nvme_datasets/Pictures_CFSB_leaf_damage/2025_09_15_Re4StRes_T1_DSV/IMG_2769.JPG,2.0,1.660280704498291,1.497705340385437,-0.16257540881633759,0.502294659614563,0.339719295501709,midpoint,45,single_rater_weak
2025_09_15_Re4StRes_T1_DSV/IMG_2770.JPG,plot_60df965b48b303ba5397,dsv_asendorf_t1_bbch11,/home/nfs/data/nvme_datasets/Pictures_CFSB_leaf_damage/2025_09_15_Re4StRes_T1_DSV/IMG_2770.JPG,29.0,9.437885284423828,9.487859725952148,0.04997396841645241,19.51214027404785,19.562114715576172,midpoint,45,single_rater_weak
2025_09_15_Re4StRes_T1_DSV/IMG_2771.JPG,plot_c2400fd336def266e957,dsv_asendorf_t1_bbch11,/home/nfs/data/nvme_datasets/Pictures_CFSB_leaf_damage/2025_09_15_Re4StRes_T1_DSV/IMG_2771.JPG,2.0,1.7156009674072266,1.4553130865097046,-0.260287880897522,0.5446869134902954,0.28439903259277344,midpoint,45,single_rater_weak
2025_09_15_Re4StRes_T1_DSV/IMG_2772.JPG,plot_c2400fd336def266e957,dsv_asendorf_t1_bbch11,/home/nfs/data/nvme_datasets/Pictures_CFSB_leaf_damage/2025_09_15_Re4StRes_T1_DSV/IMG_2772.JPG,3.0,1.2875428199768066,1.0006523132324219,-0.28689053654670715,1.9993476867675781,1.7124571800231934,midpoint,45,single_rater_weak
2025_09_15_Re4StRes_T1_DSV/IMG_2773.JPG,plot_c2400fd336def266e957,dsv_asendorf_t1_bbch11,/home/nfs/data/nvme_datasets/Pictures_CFSB_leaf_damage/2025_09_15_Re4StRes_T1_DSV/IMG_2773.JPG,2.0,1.236088752746582,0.5426673293113708,-0.6934214234352112,1.4573326110839844,0.763911247253418,midpoint,45,single_rater_weak
2025_09_15_Re4StRes_T1_DSV/IMG_2774.JPG,plot_e4ebac91f2d79ec081b7,dsv_asendorf_t1_bbch11,/home/nfs/data/nvme_datasets/Pictures_CFSB_leaf_damage/2025_09_15_Re4StRes_T1_DSV/IMG_2774.JPG,7.0,2.506582260131836,3.360297203063965,0.8537150025367737,3.639702796936035,4.493417739868164,midpoint,45,single_rater_weak
2025_09_15_Re4StRes_T1_DSV/IMG_2775.JPG,plot_e4ebac91f2d79ec081b7,dsv_asendorf_t1_bbch11,/home/nfs/data/nvme_datasets/Pictures_CFSB_leaf_damage/2025_09_15_Re4StRes_T1_DSV/IMG_2775.JPG,4.0,4.008482933044434,3.769890069961548,-0.23859277367591858,0.23010993003845215,0.008482933044433594,midpoint,45,single_rater_weak
2025_09_15_Re4StRes_T1_DSV/IMG_2776.JPG,plot_e4ebac91f2d79ec081b7,dsv_asendorf_t1_bbch11,/home/nfs/data/nvme_datasets/Pictures_CFSB_leaf_damage/2025_09_15_Re4StRes_T1_DSV/IMG_2776.JPG,2.0,0.8656797409057617,0.7212826013565063,-0.14439713954925537,1.2787173986434937,1.1343202590942383,midpoint,45,single_rater_weak
2025_09_15_Re4StRes_T1_DSV/IMG_2777.JPG,plot_25163706ac28a6bb2213,dsv_asendorf_t1_bbch11,/home/nfs/data/nvme_datasets/Pictures_CFSB_leaf_damage/2025_09_15_Re4StRes_T1_DSV/IMG_2777.JPG,3.0,0.4748106002807617,-0.2910579442977905,-0.7658685445785522,3.29105806350708,2.5251893997192383,midpoint,45,single_rater_weak
2025_09_15_Re4StRes_T1_DSV/IMG_2778.JPG,plot_25163706ac28a6bb2213,dsv_asendorf_t1_bbch11,/home/nfs/data/nvme_datasets/Pictures_CFSB_leaf_damage/2025_09_15_Re4StRes_T1_DSV/IMG_2778.JPG,3.0,0.3224978446960449,-0.24766278266906738,-0.5701606273651123,3.2476627826690674,2.677502155303955,midpoint,45,single_rater_weak
2025_09_15_Re4StRes_T1_DSV/IMG_2779.JPG,plot_25163706ac28a6bb2213,dsv_asendorf_t1_bbch11,/home/nfs/data/nvme_datasets/Pictures_CFSB_leaf_damage/2025_09_15_Re4StRes_T1_DSV/IMG_2779.JPG,5.0,1.4368023872375488,0.9551195502281189,-0.48168283700942993,4.044880390167236,3.563197612762451,midpoint,45,single_rater_weak
2025_09_15_Re4StRes_T1_DSV/IMG_2780.JPG,plot_a62b3a77b6ca3ea20de0,dsv_asendorf_t1_bbch11,/home/nfs/data/nvme_datasets/Pictures_CFSB_leaf_damage/2025_09_15_Re4StRes_T1_DSV/IMG_2780.JPG,2.0,1.2118163108825684,0.951524555683136,-0.2602917551994324,1.0484755039215088,0.7881836891174316,midpoint,45,single_rater_weak
2025_09_15_Re4StRes_T1_DSV/IMG_2781.JPG,plot_a62b3a77b6ca3ea20de0,dsv_asendorf_t1_bbch11,/home/nfs/data/nvme_datasets/Pictures_CFSB_leaf_damage/2025_09_15_Re4StRes_T1_DSV/IMG_2781.JPG,1.0,2.443584442138672,2.617097854614258,0.17351332306861877,1.6170978546142578,1.4435844421386719,midpoint,45,single_rater_weak
2025_09_15_Re4StRes_T1_DSV/IMG_2782.JPG,plot_a62b3a77b6ca3ea20de0,dsv_asendorf_t1_bbch11,/home/nfs/data/nvme_datasets/Pictures_CFSB_leaf_damage/2025_09_15_Re4StRes_T1_DSV/IMG_2782.JPG,2.0,1.3517098426818848,1.2602534294128418,-0.09145642817020416,0.7397465705871582,0.6482901573181152,midpoint,45,single_rater_weak
2025_09_15_Re4StRes_T1_DSV/IMG_2783.JPG,plot_588a5e4f50bc05cd2744,dsv_asendorf_t1_bbch11,/home/nfs/data/nvme_datasets/Pictures_CFSB_leaf_damage/2025_09_15_Re4StRes_T1_DSV/IMG_2783.JPG,6.0,3.2359046936035156,3.03049373626709,-0.20541098713874817,2.96950626373291,2.7640953063964844,midpoint,45,single_rater_weak
2025_09_15_Re4StRes_T1_DSV/IMG_2784.JPG,plot_588a5e4f50bc05cd2744,dsv_asendorf_t1_bbch11,/home/nfs/data/nvme_datasets/Pictures_CFSB_leaf_damage/2025_09_15_Re4StRes_T1_DSV/IMG_2784.JPG,14.0,5.1931328773498535,5.157937526702881,-0.03519517183303833,8.842061996459961,8.806867599487305,midpoint,45,single_rater_weak
2025_09_15_Re4StRes_T1_DSV/IMG_2785.JPG,plot_588a5e4f50bc05cd2744,dsv_asendorf_t1_bbch11,/home/nfs/data/nvme_datasets/Pictures_CFSB_leaf_damage/2025_09_15_Re4StRes_T1_DSV/IMG_2785.JPG,11.0,3.751199960708618,3.290224075317383,-0.46097588539123535,7.709775924682617,7.248800277709961,midpoint,45,single_rater_weak
2025_09_15_Re4StRes_T1_DSV/IMG_2786.JPG,plot_9c3c78a78c41b358f0d0,dsv_asendorf_t1_bbch11,/home/nfs/data/nvme_datasets/Pictures_CFSB_leaf_damage/2025_09_15_Re4StRes_T1_DSV/IMG_2786.JPG,6.0,1.076209545135498,0.9325942993164062,-0.1436152160167694,5.067405700683594,4.923790454864502,midpoint,45,single_rater_weak
2025_09_15_Re4StRes_T1_DSV/IMG_2787.JPG,plot_9c3c78a78c41b358f0d0,dsv_asendorf_t1_bbch11,/home/nfs/data/nvme_datasets/Pictures_CFSB_leaf_damage/2025_09_15_Re4StRes_T1_DSV/IMG_2787.JPG,5.0,1.8274316787719727,1.3438293933868408,-0.4836023449897766,3.656170606613159,3.1725683212280273,midpoint,45,single_rater_weak
2025_09_15_Re4StRes_T1_DSV/IMG_2788.JPG,plot_9c3c78a78c41b358f0d0,dsv_asendorf_t1_bbch11,/home/nfs/data/nvme_datasets/Pictures_CFSB_leaf_damage/2025_09_15_Re4StRes_T1_DSV/IMG_2788.JPG,3.0,3.747983694076538,3.387359857559204,-0.3606237471103668,0.3873598575592041,0.7479836940765381,midpoint,45,single_rater_weak
2025_09_15_Re4StRes_T1_DSV/IMG_2789.JPG,plot_decf5592092ca2554caf,dsv_asendorf_t1_bbch11,/home/nfs/data/nvme_datasets/Pictures_CFSB_leaf_damage/2025_09_15_Re4StRes_T1_DSV/IMG_2789.JPG,4.0,0.8030872344970703,-0.04200303554534912,-0.8450902700424194,4.042003154754639,3.1969127655029297,midpoint,45,single_rater_weak
2025_09_15_Re4StRes_T1_DSV/IMG_2790.JPG,plot_decf5592092ca2554caf,dsv_asendorf_t1_bbch11,/home/nfs/data/nvme_datasets/Pictures_CFSB_leaf_damage/2025_09_15_Re4StRes_T1_DSV/IMG_2790.JPG,1.0,0.5238432884216309,-0.2088388204574585,-0.7326821088790894,1.2088388204574585,0.47615671157836914,midpoint,45,single_rater_weak
2025_09_15_Re4StRes_T1_DSV/IMG_2791.JPG,plot_decf5592092ca2554caf,dsv_asendorf_t1_bbch11,/home/nfs/data/nvme_datasets/Pictures_CFSB_leaf_damage/2025_09_15_Re4StRes_T1_DSV/IMG_2791.JPG,1.0,0.21439075469970703,-0.7194491624832153,-0.9338399171829224,1.7194491624832153,0.785609245300293,midpoint,45,single_rater_weak
2025_09_15_Re4StRes_T1_DSV/IMG_2792.JPG,plot_1b56fde03127b3b712c6,dsv_asendorf_t1_bbch11,/home/nfs/data/nvme_datasets/Pictures_CFSB_leaf_damage/2025_09_15_Re4StRes_T1_DSV/IMG_2792.JPG,14.0,0.8573627471923828,0.5347608327865601,-0.32260194420814514,13.465239524841309,13.142637252807617,midpoint,45,single_rater_weak
2025_09_15_Re4StRes_T1_DSV/IMG_2793.JPG,plot_1b56fde03127b3b712c6,dsv_asendorf_t1_bbch11,/home/nfs/data/nvme_datasets/Pictures_CFSB_leaf_damage/2025_09_15_Re4StRes_T1_DSV/IMG_2793.JPG,2.0,0.978874683380127,0.6441147923469543,-0.3347598910331726,1.3558852672576904,1.021125316619873,midpoint,45,single_rater_weak
2025_09_15_Re4StRes_T1_DSV/IMG_2794.JPG,plot_1b56fde03127b3b712c6,dsv_asendorf_t1_bbch11,/home/nfs/data/nvme_datasets/Pictures_CFSB_leaf_damage/2025_09_15_Re4StRes_T1_DSV/IMG_2794.JPG,3.0,1.2117972373962402,0.8298150897026062,-0.38198214769363403,2.170184850692749,1.7882027626037598,midpoint,45,single_rater_weak
2025_09_15_Re4StRes_T1_DSV/IMG_2795.JPG,plot_b4f665cae11a1867c3fa,dsv_asendorf_t1_bbch11,/home/nfs/data/nvme_datasets/Pictures_CFSB_leaf_damage/2025_09_15_Re4StRes_T1_DSV/IMG_2795.JPG,5.0,0.41879987716674805,-0.34737157821655273,-0.7661714553833008,5.347371578216553,4.581200122833252,midpoint,45,single_rater_weak
2025_09_15_Re4StRes_T1_DSV/IMG_2796.JPG,plot_b4f665cae11a1867c3fa,dsv_asendorf_t1_bbch11,/home/nfs/data/nvme_datasets/Pictures_CFSB_leaf_damage/2025_09_15_Re4StRes_T1_DSV/IMG_2796.JPG,1.0,0.16614484786987305,-0.3920191526412964,-0.5581640005111694,1.3920191526412964,0.833855152130127,midpoint,45,single_rater_weak
2025_09_15_Re4StRes_T1_DSV/IMG_2797.JPG,plot_b4f665cae11a1867c3fa,dsv_asendorf_t1_bbch11,/home/nfs/data/nvme_datasets/Pictures_CFSB_leaf_damage/2025_09_15_Re4StRes_T1_DSV/IMG_2797.JPG,3.0,0.6677193641662598,0.09658563137054443,-0.5711337327957153,2.903414249420166,2.3322806358337402,midpoint,45,single_rater_weak
2025_09_15_Re4StRes_T1_DSV/IMG_2798.JPG,plot_2ef2db7a8993d40b1071,dsv_asendorf_t1_bbch11,/home/nfs/data/nvme_datasets/Pictures_CFSB_leaf_damage/2025_09_15_Re4StRes_T1_DSV/IMG_2798.JPG,5.0,2.510976791381836,2.095012903213501,-0.41596388816833496,2.904987096786499,2.489023208618164,midpoint,45,single_rater_weak
2025_09_15_Re4StRes_T1_DSV/IMG_2799.JPG,plot_2ef2db7a8993d40b1071,dsv_asendorf_t1_bbch11,/home/nfs/data/nvme_datasets/Pictures_CFSB_leaf_damage/2025_09_15_Re4StRes_T1_DSV/IMG_2799.JPG,13.0,2.9097471237182617,2.4542453289031982,-0.4555017948150635,10.545754432678223,10.090252876281738,midpoint,45,single_rater_weak
2025_09_15_Re4StRes_T1_DSV/IMG_2799_2.JPG,plot_2ef2db7a8993d40b1071,dsv_asendorf_t1_bbch11,/home/nfs/data/nvme_datasets/Pictures_CFSB_leaf_damage/2025_09_15_Re4StRes_T1_DSV/IMG_2799_2.JPG,30.0,7.116720199584961,6.9181036949157715,-0.19861653447151184,23.08189582824707,22.88327980041504,midpoint,45,single_rater_weak
2025_09_15_Re4StRes_T1_DSV/IMG_2801.JPG,plot_eca8c3fb6680d53d6302,dsv_asendorf_t1_bbch11,/home/nfs/data/nvme_datasets/Pictures_CFSB_leaf_damage/2025_09_15_Re4StRes_T1_DSV/IMG_2801.JPG,11.0,1.4913759231567383,1.0884590148925781,-0.40291693806648254,9.911540985107422,9.508624076843262,midpoint,45,single_rater_weak
2025_09_15_Re4StRes_T1_DSV/IMG_2802.JPG,plot_eca8c3fb6680d53d6302,dsv_asendorf_t1_bbch11,/home/nfs/data/nvme_datasets/Pictures_CFSB_leaf_damage/2025_09_15_Re4StRes_T1_DSV/IMG_2802.JPG,5.0,3.53307843208313,3.1420540809631348,-0.3910243511199951,1.8579459190368652,1.4669215679168701,midpoint,45,single_rater_weak
2025_09_15_Re4StRes_T1_DSV/IMG_2803.JPG,plot_eca8c3fb6680d53d6302,dsv_asendorf_t1_bbch11,/home/nfs/data/nvme_datasets/Pictures_CFSB_leaf_damage/2025_09_15_Re4StRes_T1_DSV/IMG_2803.JPG,6.0,2.0774760246276855,1.6974427700042725,-0.3800332546234131,4.302556991577148,3.9225239753723145,midpoint,45,single_rater_weak
2025_09_15_Re4StRes_T1_DSV/IMG_2805.JPG,plot_57ca9ea9ad1127350a7a,dsv_asendorf_t1_bbch11,/home/nfs/data/nvme_datasets/Pictures_CFSB_leaf_damage/2025_09_15_Re4StRes_T1_DSV/IMG_2805.JPG,3.0,0.9685511589050293,0.7947961091995239,-0.17375507950782776,2.2052040100097656,2.0314488410949707,midpoint,45,single_rater_weak
2025_09_15_Re4StRes_T1_DSV/IMG_2806.JPG,plot_57ca9ea9ad1127350a7a,dsv_asendorf_t1_bbch11,/home/nfs/data/nvme_datasets/Pictures_CFSB_leaf_damage/2025_09_15_Re4StRes_T1_DSV/IMG_2806.JPG,7.0,0.04125165939331055,-0.5382106304168701,-0.5794622898101807,7.538210868835449,6.9587483406066895,midpoint,45,single_rater_weak
2025_09_15_Re4StRes_T1_DSV/IMG_2807.JPG,plot_57ca9ea9ad1127350a7a,dsv_asendorf_t1_bbch11,/home/nfs/data/nvme_datasets/Pictures_CFSB_leaf_damage/2025_09_15_Re4StRes_T1_DSV/IMG_2807.JPG,2.0,0.9320464134216309,0.3499915599822998,-0.582054853439331,1.6500084400177002,1.0679535865783691,midpoint,45,single_rater_weak
2025_09_15_Re4StRes_T1_DSV/IMG_2808.JPG,plot_686e3a43dd992b8a1840,dsv_asendorf_t1_bbch11,/home/nfs/data/nvme_datasets/Pictures_CFSB_leaf_damage/2025_09_15_Re4StRes_T1_DSV/IMG_2808.JPG,1.0,2.0064139366149902,1.8285554647445679,-0.17785847187042236,0.8285554647445679,1.0064139366149902,midpoint,45,single_rater_weak
2025_09_15_Re4StRes_T1_DSV/IMG_2809.JPG,plot_686e3a43dd992b8a1840,dsv_asendorf_t1_bbch11,/home/nfs/data/nvme_datasets/Pictures_CFSB_leaf_damage/2025_09_15_Re4StRes_T1_DSV/IMG_2809.JPG,2.0,2.2587475776672363,2.110569953918457,-0.14817750453948975,0.11056995391845703,0.25874757766723633,midpoint,45,single_rater_weak
2025_09_15_Re4StRes_T1_DSV/IMG_2810.JPG,plot_686e3a43dd992b8a1840,dsv_asendorf_t1_bbch11,/home/nfs/data/nvme_datasets/Pictures_CFSB_leaf_damage/2025_09_15_Re4StRes_T1_DSV/IMG_2810.JPG,1.0,1.2192721366882324,0.7866169214248657,-0.4326551854610443,0.21338307857513428,0.21927213668823242,midpoint,45,single_rater_weak
2025_09_15_Re4StRes_T1_DSV/IMG_2811.JPG,plot_c63973f869024d2007d6,dsv_asendorf_t1_bbch11,/home/nfs/data/nvme_datasets/Pictures_CFSB_leaf_damage/2025_09_15_Re4StRes_T1_DSV/IMG_2811.JPG,1.0,1.7665562629699707,1.3556114435195923,-0.41094478964805603,0.3556114435195923,0.7665562629699707,midpoint,45,single_rater_weak
2025_09_15_Re4StRes_T1_DSV/IMG_2812.JPG,plot_c63973f869024d2007d6,dsv_asendorf_t1_bbch11,/home/nfs/data/nvme_datasets/Pictures_CFSB_leaf_damage/2025_09_15_Re4StRes_T1_DSV/IMG_2812.JPG,1.0,2.259695529937744,2.0766143798828125,-0.18308116495609283,1.0766143798828125,1.2596955299377441,midpoint,45,single_rater_weak
2025_09_15_Re4StRes_T1_DSV/IMG_2813.JPG,plot_c63973f869024d2007d6,dsv_asendorf_t1_bbch11,/home/nfs/data/nvme_datasets/Pictures_CFSB_leaf_damage/2025_09_15_Re4StRes_T1_DSV/IMG_2813.JPG,4.0,1.5478754043579102,1.1779910326004028,-0.36988434195518494,2.8220090866088867,2.45212459564209,midpoint,45,single_rater_weak
2025_09_15_Re4StRes_T1_DSV/IMG_2814.JPG,plot_bceb77a99363fcf3c1e2,dsv_asendorf_t1_bbch11,/home/nfs/data/nvme_datasets/Pictures_CFSB_leaf_damage/2025_09_15_Re4StRes_T1_DSV/IMG_2814.JPG,2.0,1.3228940963745117,0.9271645545959473,-0.39572954177856445,1.0728354454040527,0.6771059036254883,midpoint,45,single_rater_weak
2025_09_15_Re4StRes_T1_DSV/IMG_2815.JPG,plot_bceb77a99363fcf3c1e2,dsv_asendorf_t1_bbch11,/home/nfs/data/nvme_datasets/Pictures_CFSB_leaf_damage/2025_09_15_Re4StRes_T1_DSV/IMG_2815.JPG,2.0,0.7896218299865723,0.37392398715019226,-0.41569784283638,1.6260759830474854,1.2103781700134277,midpoint,45,single_rater_weak
2025_09_15_Re4StRes_T1_DSV/IMG_2816.JPG,plot_bceb77a99363fcf3c1e2,dsv_asendorf_t1_bbch11,/home/nfs/data/nvme_datasets/Pictures_CFSB_leaf_damage/2025_09_15_Re4StRes_T1_DSV/IMG_2816.JPG,2.0,2.826756477355957,2.7711334228515625,-0.05562293529510498,0.7711334228515625,0.826756477355957,midpoint,45,single_rater_weak
2025_09_15_Re4StRes_T1_DSV/IMG_2817.JPG,plot_ff22be3ef1b30dc11796,dsv_asendorf_t1_bbch11,/home/nfs/data/nvme_datasets/Pictures_CFSB_leaf_damage/2025_09_15_Re4StRes_T1_DSV/IMG_2817.JPG,1.0,1.162245273590088,0.5752981305122375,-0.5869471430778503,0.42470186948776245,0.1622452735900879,midpoint,45,single_rater_weak
2025_09_15_Re4StRes_T1_DSV/IMG_2818.JPG,plot_ff22be3ef1b30dc11796,dsv_asendorf_t1_bbch11,/home/nfs/data/nvme_datasets/Pictures_CFSB_leaf_damage/2025_09_15_Re4StRes_T1_DSV/IMG_2818.JPG,5.0,1.317399501800537,1.2745237350463867,-0.042875729501247406,3.7254762649536133,3.682600498199463,midpoint,45,single_rater_weak
2025_09_15_Re4StRes_T1_DSV/IMG_2819.JPG,plot_ff22be3ef1b30dc11796,dsv_asendorf_t1_bbch11,/home/nfs/data/nvme_datasets/Pictures_CFSB_leaf_damage/2025_09_15_Re4StRes_T1_DSV/IMG_2819.JPG,5.0,1.2809066772460938,1.3728134632110596,0.09190672636032104,3.6271865367889404,3.7190933227539062,midpoint,45,single_rater_weak
2025_09_15_Re4StRes_T1_DSV/IMG_2820.JPG,plot_0244c16f1b7da46365e8,dsv_asendorf_t1_bbch11,/home/nfs/data/nvme_datasets/Pictures_CFSB_leaf_damage/2025_09_15_Re4StRes_T1_DSV/IMG_2820.JPG,1.0,1.7639641761779785,1.475425362586975,-0.2885388135910034,0.4754253625869751,0.7639641761779785,midpoint,45,single_rater_weak
2025_09_15_Re4StRes_T1_DSV/IMG_2821.JPG,plot_0244c16f1b7da46365e8,dsv_asendorf_t1_bbch11,/home/nfs/data/nvme_datasets/Pictures_CFSB_leaf_damage/2025_09_15_Re4StRes_T1_DSV/IMG_2821.JPG,2.0,2.92336368560791,2.3291149139404297,-0.5942486524581909,0.3291149139404297,0.9233636856079102,midpoint,45,single_rater_weak
2025_09_15_Re4StRes_T1_DSV/IMG_2822.JPG,plot_0244c16f1b7da46365e8,dsv_asendorf_t1_bbch11,/home/nfs/data/nvme_datasets/Pictures_CFSB_leaf_damage/2025_09_15_Re4StRes_T1_DSV/IMG_2822.JPG,1.0,1.3565263748168945,0.6902003288269043,-0.6663260459899902,0.3097996711730957,0.35652637481689453,midpoint,45,single_rater_weak
2025_09_15_Re4StRes_T1_DSV/IMG_2823.JPG,plot_463fbe86ab5f5a3963dd,dsv_asendorf_t1_bbch11,/home/nfs/data/nvme_datasets/Pictures_CFSB_leaf_damage/2025_09_15_Re4StRes_T1_DSV/IMG_2823.JPG,3.0,1.3737034797668457,0.9225785732269287,-0.451124906539917,2.0774214267730713,1.6262965202331543,midpoint,45,single_rater_weak
2025_09_15_Re4StRes_T1_DSV/IMG_2824.JPG,plot_463fbe86ab5f5a3963dd,dsv_asendorf_t1_bbch11,/home/nfs/data/nvme_datasets/Pictures_CFSB_leaf_damage/2025_09_15_Re4StRes_T1_DSV/IMG_2824.JPG,33.0,3.22513484954834,3.051398277282715,-0.17373669147491455,29.94860076904297,29.774864196777344,midpoint,45,single_rater_weak
2025_09_15_Re4StRes_T1_DSV/IMG_2825.JPG,plot_463fbe86ab5f5a3963dd,dsv_asendorf_t1_bbch11,/home/nfs/data/nvme_datasets/Pictures_CFSB_leaf_damage/2025_09_15_Re4StRes_T1_DSV/IMG_2825.JPG,2.0,1.4151215553283691,0.9910405874252319,-0.4240809679031372,1.008959412574768,0.5848784446716309,midpoint,45,single_rater_weak
2025_09_15_Re4StRes_T1_DSV/IMG_2826.JPG,plot_cdc03d060fabf9cda7b5,dsv_asendorf_t1_bbch11,/home/nfs/data/nvme_datasets/Pictures_CFSB_leaf_damage/2025_09_15_Re4StRes_T1_DSV/IMG_2826.JPG,12.0,1.6970515251159668,1.0522842407226562,-0.6447672843933105,10.947715759277344,10.302947998046875,midpoint,45,single_rater_weak
2025_09_15_Re4StRes_T1_DSV/IMG_2827.JPG,plot_cdc03d060fabf9cda7b5,dsv_asendorf_t1_bbch11,/home/nfs/data/nvme_datasets/Pictures_CFSB_leaf_damage/2025_09_15_Re4StRes_T1_DSV/IMG_2827.JPG,1.0,1.5529112815856934,0.9737901091575623,-0.5791211724281311,0.026209890842437744,0.5529112815856934,midpoint,45,single_rater_weak
2025_09_15_Re4StRes_T1_DSV/IMG_2828.JPG,plot_cdc03d060fabf9cda7b5,dsv_asendorf_t1_bbch11,/home/nfs/data/nvme_datasets/Pictures_CFSB_leaf_damage/2025_09_15_Re4StRes_T1_DSV/IMG_2828.JPG,1.0,1.2712516784667969,0.30425959825515747,-0.9669920802116394,0.6957404017448425,0.2712516784667969,midpoint,45,single_rater_weak
2025_09_15_Re4StRes_T1_DSV/IMG_2829.JPG,plot_5be37850e3ff940ad957,dsv_asendorf_t1_bbch11,/home/nfs/data/nvme_datasets/Pictures_CFSB_leaf_damage/2025_09_15_Re4StRes_T1_DSV/IMG_2829.JPG,7.0,1.6168794631958008,0.9854719638824463,-0.6314074993133545,6.014528274536133,5.383120536804199,midpoint,45,single_rater_weak
2025_09_15_Re4StRes_T1_DSV/IMG_2830.JPG,plot_5be37850e3ff940ad957,dsv_asendorf_t1_bbch11,/home/nfs/data/nvme_datasets/Pictures_CFSB_leaf_damage/2025_09_15_Re4StRes_T1_DSV/IMG_2830.JPG,3.0,2.5009288787841797,2.0163567066192627,-0.484572172164917,0.9836432933807373,0.4990711212158203,midpoint,45,single_rater_weak
2025_09_15_Re4StRes_T1_DSV/IMG_2831.JPG,plot_5be37850e3ff940ad957,dsv_asendorf_t1_bbch11,/home/nfs/data/nvme_datasets/Pictures_CFSB_leaf_damage/2025_09_15_Re4StRes_T1_DSV/IMG_2831.JPG,1.0,1.7400436401367188,1.0716264247894287,-0.6684172749519348,0.07162642478942871,0.7400436401367188,midpoint,45,single_rater_weak
2025_09_15_Re4StRes_T1_DSV/IMG_2832.JPG,plot_043f66e99d1614656004,dsv_asendorf_t1_bbch11,/home/nfs/data/nvme_datasets/Pictures_CFSB_leaf_damage/2025_09_15_Re4StRes_T1_DSV/IMG_2832.JPG,18.0,1.3615102767944336,1.0218089818954468,-0.3397013247013092,16.978191375732422,16.63848876953125,midpoint,45,single_rater_weak
2025_09_15_Re4StRes_T1_DSV/IMG_2833.JPG,plot_043f66e99d1614656004,dsv_asendorf_t1_bbch11,/home/nfs/data/nvme_datasets/Pictures_CFSB_leaf_damage/2025_09_15_Re4StRes_T1_DSV/IMG_2833.JPG,2.0,3.2807130813598633,3.0300018787384033,-0.25071126222610474,1.0300018787384033,1.2807130813598633,midpoint,45,single_rater_weak
2025_09_15_Re4StRes_T1_DSV/IMG_2834.JPG,plot_043f66e99d1614656004,dsv_asendorf_t1_bbch11,/home/nfs/data/nvme_datasets/Pictures_CFSB_leaf_damage/2025_09_15_Re4StRes_T1_DSV/IMG_2834.JPG,3.0,1.4373526573181152,0.9378599524497986,-0.49949270486831665,2.0621399879455566,1.5626473426818848,midpoint,45,single_rater_weak
2025_09_15_Re4StRes_T1_DSV/IMG_2835.JPG,plot_3d3d8b967e6547e92911,dsv_asendorf_t1_bbch11,/home/nfs/data/nvme_datasets/Pictures_CFSB_leaf_damage/2025_09_15_Re4StRes_T1_DSV/IMG_2835.JPG,4.0,0.7042913436889648,0.07151001691818237,-0.6327813267707825,3.928489923477173,3.295708656311035,midpoint,45,single_rater_weak
2025_09_15_Re4StRes_T1_DSV/IMG_2836.JPG,plot_3d3d8b967e6547e92911,dsv_asendorf_t1_bbch11,/home/nfs/data/nvme_datasets/Pictures_CFSB_leaf_damage/2025_09_15_Re4StRes_T1_DSV/IMG_2836.JPG,5.0,2.158092498779297,1.6526738405227661,-0.5054186582565308,3.3473262786865234,2.841907501220703,midpoint,45,single_rater_weak
2025_09_15_Re4StRes_T1_DSV/IMG_2837.JPG,plot_3d3d8b967e6547e92911,dsv_asendorf_t1_bbch11,/home/nfs/data/nvme_datasets/Pictures_CFSB_leaf_damage/2025_09_15_Re4StRes_T1_DSV/IMG_2837.JPG,2.0,0.7450342178344727,0.12142956256866455,-0.6236046552658081,1.8785704374313354,1.2549657821655273,midpoint,45,single_rater_weak
2025_09_15_Re4StRes_T1_DSV/IMG_2838.JPG,plot_76f157dea3d143b587c1,dsv_asendorf_t1_bbch11,/home/nfs/data/nvme_datasets/Pictures_CFSB_leaf_damage/2025_09_15_Re4StRes_T1_DSV/IMG_2838.JPG,1.0,0.6677660942077637,0.14239561557769775,-0.5253704786300659,0.8576043844223022,0.33223390579223633,midpoint,45,single_rater_weak
2025_09_15_Re4StRes_T1_DSV/IMG_2839.JPG,plot_76f157dea3d143b587c1,dsv_asendorf_t1_bbch11,/home/nfs/data/nvme_datasets/Pictures_CFSB_leaf_damage/2025_09_15_Re4StRes_T1_DSV/IMG_2839.JPG,8.0,1.491511344909668,0.7555250525474548,-0.7359862923622131,7.2444748878479,6.508488655090332,midpoint,45,single_rater_weak
2025_09_15_Re4StRes_T1_DSV/IMG_2840.JPG,plot_76f157dea3d143b587c1,dsv_asendorf_t1_bbch11,/home/nfs/data/nvme_datasets/Pictures_CFSB_leaf_damage/2025_09_15_Re4StRes_T1_DSV/IMG_2840.JPG,2.0,1.2072715759277344,0.5822351574897766,-0.6250364184379578,1.4177649021148682,0.7927284240722656,midpoint,45,single_rater_weak
2025_09_15_Re4StRes_T1_DSV/IMG_2841.JPG,plot_74ee91a70def5e1240d4,dsv_asendorf_t1_bbch11,/home/nfs/data/nvme_datasets/Pictures_CFSB_leaf_damage/2025_09_15_Re4StRes_T1_DSV/IMG_2841.JPG,2.0,0.5021586418151855,-0.20701241493225098,-0.7091710567474365,2.207012414932251,1.4978413581848145,midpoint,45,single_rater_weak
2025_09_15_Re4StRes_T1_DSV/IMG_2842.JPG,plot_74ee91a70def5e1240d4,dsv_asendorf_t1_bbch11,/home/nfs/data/nvme_datasets/Pictures_CFSB_leaf_damage/2025_09_15_Re4StRes_T1_DSV/IMG_2842.JPG,1.0,0.6967215538024902,0.07357054948806763,-0.6231510043144226,0.9264294505119324,0.30327844619750977,midpoint,45,single_rater_weak
2025_09_15_Re4StRes_T1_DSV/IMG_2843.JPG,plot_74ee91a70def5e1240d4,dsv_asendorf_t1_bbch11,/home/nfs/data/nvme_datasets/Pictures_CFSB_leaf_damage/2025_09_15_Re4StRes_T1_DSV/IMG_2843.JPG,1.0,1.059180736541748,0.2980952858924866,-0.7610854506492615,0.7019047141075134,0.05918073654174805,midpoint,45,single_rater_weak
2025_09_15_Re4StRes_T1_DSV/IMG_2844.JPG,plot_f0879f07e7b82b6cbf3c,dsv_asendorf_t1_bbch11,/home/nfs/data/nvme_datasets/Pictures_CFSB_leaf_damage/2025_09_15_Re4StRes_T1_DSV/IMG_2844.JPG,1.0,1.4029507637023926,1.105358362197876,-0.2975924611091614,0.10535836219787598,0.4029507637023926,midpoint,45,single_rater_weak
2025_09_15_Re4StRes_T1_DSV/IMG_2845.JPG,plot_f0879f07e7b82b6cbf3c,dsv_asendorf_t1_bbch11,/home/nfs/data/nvme_datasets/Pictures_CFSB_leaf_damage/2025_09_15_Re4StRes_T1_DSV/IMG_2845.JPG,2.0,0.20724773406982422,0.005937054753303528,-0.2013106793165207,1.994062900543213,1.7927522659301758,midpoint,45,single_rater_weak
2025_09_15_Re4StRes_T1_DSV/IMG_2846.JPG,plot_f0879f07e7b82b6cbf3c,dsv_asendorf_t1_bbch11,/home/nfs/data/nvme_datasets/Pictures_CFSB_leaf_damage/2025_09_15_Re4StRes_T1_DSV/IMG_2846.JPG,3.0,3.0043249130249023,2.284287929534912,-0.7200368642807007,0.7157120704650879,0.004324913024902344,midpoint,45,single_rater_weak
2025_09_15_Re4StRes_T1_DSV/IMG_2847.JPG,plot_fcd7e8b035def23fede6,dsv_asendorf_t1_bbch11,/home/nfs/data/nvme_datasets/Pictures_CFSB_leaf_damage/2025_09_15_Re4StRes_T1_DSV/IMG_2847.JPG,1.0,1.3943686485290527,0.6803374886512756,-0.7140311598777771,0.31966251134872437,0.39436864852905273,midpoint,45,single_rater_weak
2025_09_15_Re4StRes_T1_DSV/IMG_2848.JPG,plot_fcd7e8b035def23fede6,dsv_asendorf_t1_bbch11,/home/nfs/data/nvme_datasets/Pictures_CFSB_leaf_damage/2025_09_15_Re4StRes_T1_DSV/IMG_2848.JPG,1.0,1.5537614822387695,0.7664612531661987,-0.7873002290725708,0.23353874683380127,0.5537614822387695,midpoint,45,single_rater_weak
2025_09_15_Re4StRes_T1_DSV/IMG_2849.JPG,plot_fcd7e8b035def23fede6,dsv_asendorf_t1_bbch11,/home/nfs/data/nvme_datasets/Pictures_CFSB_leaf_damage/2025_09_15_Re4StRes_T1_DSV/IMG_2849.JPG,1.0,1.3571181297302246,0.5826005935668945,-0.7745175361633301,0.41739940643310547,0.3571181297302246,midpoint,45,single_rater_weak
2025_09_15_Re4StRes_T1_DSV/IMG_2850.JPG,plot_d9718fbb395864c7b86c,dsv_asendorf_t1_bbch11,/home/nfs/data/nvme_datasets/Pictures_CFSB_leaf_damage/2025_09_15_Re4StRes_T1_DSV/IMG_2850.JPG,1.0,0.7659568786621094,0.2564569115638733,-0.5094999670982361,0.7435430884361267,0.23404312133789062,midpoint,45,single_rater_weak
2025_09_15_Re4StRes_T1_DSV/IMG_2851.JPG,plot_d9718fbb395864c7b86c,dsv_asendorf_t1_bbch11,/home/nfs/data/nvme_datasets/Pictures_CFSB_leaf_damage/2025_09_15_Re4StRes_T1_DSV/IMG_2851.JPG,2.0,1.5961604118347168,1.1423118114471436,-0.45384860038757324,0.8576881885528564,0.4038395881652832,midpoint,45,single_rater_weak
2025_09_15_Re4StRes_T1_DSV/IMG_2852.JPG,plot_d9718fbb395864c7b86c,dsv_asendorf_t1_bbch11,/home/nfs/data/nvme_datasets/Pictures_CFSB_leaf_damage/2025_09_15_Re4StRes_T1_DSV/IMG_2852.JPG,5.0,1.3736763000488281,1.0724689960479736,-0.3012072741985321,3.9275310039520264,3.626323699951172,midpoint,45,single_rater_weak
2025_09_15_Re4StRes_T1_DSV/IMG_2853.JPG,plot_a8844705497a4f5f1781,dsv_asendorf_t1_bbch11,/home/nfs/data/nvme_datasets/Pictures_CFSB_leaf_damage/2025_09_15_Re4StRes_T1_DSV/IMG_2853.JPG,1.0,0.7934703826904297,0.2582123875617981,-0.5352579951286316,0.7417876124382019,0.2065296173095703,midpoint,45,single_rater_weak
2025_09_15_Re4StRes_T1_DSV/IMG_2854.JPG,plot_a8844705497a4f5f1781,dsv_asendorf_t1_bbch11,/home/nfs/data/nvme_datasets/Pictures_CFSB_leaf_damage/2025_09_15_Re4StRes_T1_DSV/IMG_2854.JPG,1.0,1.3056983947753906,0.8708791136741638,-0.4348192811012268,0.12912088632583618,0.3056983947753906,midpoint,45,single_rater_weak
2025_09_15_Re4StRes_T1_DSV/IMG_2855.JPG,plot_a8844705497a4f5f1781,dsv_asendorf_t1_bbch11,/home/nfs/data/nvme_datasets/Pictures_CFSB_leaf_damage/2025_09_15_Re4StRes_T1_DSV/IMG_2855.JPG,1.0,1.9042563438415527,1.3800610303878784,-0.5241953134536743,0.3800610303878784,0.9042563438415527,midpoint,45,single_rater_weak
2025_09_15_Re4StRes_T1_DSV/IMG_2856.JPG,plot_49332c73775f577459b5,dsv_asendorf_t1_bbch11,/home/nfs/data/nvme_datasets/Pictures_CFSB_leaf_damage/2025_09_15_Re4StRes_T1_DSV/IMG_2856.JPG,2.0,0.6057720184326172,0.4090506434440613,-0.1967213898897171,1.590949296951294,1.3942279815673828,midpoint,45,single_rater_weak
2025_09_15_Re4StRes_T1_DSV/IMG_2857.JPG,plot_49332c73775f577459b5,dsv_asendorf_t1_bbch11,/home/nfs/data/nvme_datasets/Pictures_CFSB_leaf_damage/2025_09_15_Re4StRes_T1_DSV/IMG_2857.JPG,1.0,0.6995072364807129,0.024471819400787354,-0.6750354170799255,0.9755281805992126,0.3004927635192871,midpoint,45,single_rater_weak
2025_09_15_Re4StRes_T1_DSV/IMG_2858.JPG,plot_49332c73775f577459b5,dsv_asendorf_t1_bbch11,/home/nfs/data/nvme_datasets/Pictures_CFSB_leaf_damage/2025_09_15_Re4StRes_T1_DSV/IMG_2858.JPG,2.0,2.4377708435058594,1.7215263843536377,-0.7162444591522217,0.2784736156463623,0.4377708435058594,midpoint,45,single_rater_weak
2025_09_15_Re4StRes_T1_DSV/IMG_2859.JPG,plot_ebd4356cb69020d146d3,dsv_asendorf_t1_bbch11,/home/nfs/data/nvme_datasets/Pictures_CFSB_leaf_damage/2025_09_15_Re4StRes_T1_DSV/IMG_2859.JPG,9.0,0.8230524063110352,-0.06438636779785156,-0.8874387741088867,9.064386367797852,8.176947593688965,midpoint,45,single_rater_weak
2025_09_15_Re4StRes_T1_DSV/IMG_2860.JPG,plot_ebd4356cb69020d146d3,dsv_asendorf_t1_bbch11,/home/nfs/data/nvme_datasets/Pictures_CFSB_leaf_damage/2025_09_15_Re4StRes_T1_DSV/IMG_2860.JPG,1.0,0.5891284942626953,-0.23602283000946045,-0.8251513242721558,1.2360228300094604,0.4108715057373047,midpoint,45,single_rater_weak
2025_09_15_Re4StRes_T1_DSV/IMG_2861.JPG,plot_ebd4356cb69020d146d3,dsv_asendorf_t1_bbch11,/home/nfs/data/nvme_datasets/Pictures_CFSB_leaf_damage/2025_09_15_Re4StRes_T1_DSV/IMG_2861.JPG,5.0,0.2361435890197754,-0.0763620138168335,-0.3125056028366089,5.076362133026123,4.763856410980225,midpoint,45,single_rater_weak
2025_09_15_Re4StRes_T1_DSV/IMG_2862.JPG,plot_f0c559e92e25adfd20fd,dsv_asendorf_t1_bbch11,/home/nfs/data/nvme_datasets/Pictures_CFSB_leaf_damage/2025_09_15_Re4StRes_T1_DSV/IMG_2862.JPG,2.0,1.1134557723999023,0.49623870849609375,-0.6172170639038086,1.5037612915039062,0.8865442276000977,midpoint,45,single_rater_weak
2025_09_15_Re4StRes_T1_DSV/IMG_2863.JPG,plot_f0c559e92e25adfd20fd,dsv_asendorf_t1_bbch11,/home/nfs/data/nvme_datasets/Pictures_CFSB_leaf_damage/2025_09_15_Re4StRes_T1_DSV/IMG_2863.JPG,1.0,0.2880129814147949,-0.04545190930366516,-0.3334648907184601,1.0454518795013428,0.7119870185852051,midpoint,45,single_rater_weak
2025_09_15_Re4StRes_T1_DSV/IMG_2864.JPG,plot_f0c559e92e25adfd20fd,dsv_asendorf_t1_bbch11,/home/nfs/data/nvme_datasets/Pictures_CFSB_leaf_damage/2025_09_15_Re4StRes_T1_DSV/IMG_2864.JPG,1.0,0.01400613784790039,-0.5360881686210632,-0.5500943064689636,1.536088228225708,0.9859938621520996,midpoint,45,single_rater_weak
2025_09_15_Re4StRes_T1_DSV/IMG_2865.JPG,plot_d7b8935e967a38afc8af,dsv_asendorf_t1_bbch11,/home/nfs/data/nvme_datasets/Pictures_CFSB_leaf_damage/2025_09_15_Re4StRes_T1_DSV/IMG_2865.JPG,5.0,2.178295135498047,1.8638572692871094,-0.3144378066062927,3.1361427307128906,2.821704864501953,midpoint,45,single_rater_weak
2025_09_15_Re4StRes_T1_DSV/IMG_2866.JPG,plot_d7b8935e967a38afc8af,dsv_asendorf_t1_bbch11,/home/nfs/data/nvme_datasets/Pictures_CFSB_leaf_damage/2025_09_15_Re4StRes_T1_DSV/IMG_2866.JPG,1.0,1.8151192665100098,2.0864391326904297,0.2713199257850647,1.0864391326904297,0.8151192665100098,midpoint,45,single_rater_weak
2025_09_15_Re4StRes_T1_DSV/IMG_2867.JPG,plot_d7b8935e967a38afc8af,dsv_asendorf_t1_bbch11,/home/nfs/data/nvme_datasets/Pictures_CFSB_leaf_damage/2025_09_15_Re4StRes_T1_DSV/IMG_2867.JPG,1.0,1.1350693702697754,0.5253410339355469,-0.6097283363342285,0.4746589660644531,0.1350693702697754,midpoint,45,single_rater_weak
2025_09_15_Re4StRes_T1_DSV/IMG_2868.JPG,plot_df9b1e761cc41b9141d8,dsv_asendorf_t1_bbch11,/home/nfs/data/nvme_datasets/Pictures_CFSB_leaf_damage/2025_09_15_Re4StRes_T1_DSV/IMG_2868.JPG,2.0,1.3889713287353516,1.2967365980148315,-0.09223472326993942,0.7032634019851685,0.6110286712646484,midpoint,45,single_rater_weak
2025_09_15_Re4StRes_T1_DSV/IMG_2869.JPG,plot_df9b1e761cc41b9141d8,dsv_asendorf_t1_bbch11,/home/nfs/data/nvme_datasets/Pictures_CFSB_leaf_damage/2025_09_15_Re4StRes_T1_DSV/IMG_2869.JPG,1.0,1.5871367454528809,1.308726191520691,-0.27841055393218994,0.3087261915206909,0.5871367454528809,midpoint,45,single_rater_weak
2025_09_15_Re4StRes_T1_DSV/IMG_2870.JPG,plot_df9b1e761cc41b9141d8,dsv_asendorf_t1_bbch11,/home/nfs/data/nvme_datasets/Pictures_CFSB_leaf_damage/2025_09_15_Re4StRes_T1_DSV/IMG_2870.JPG,2.0,1.0503425598144531,0.5810469388961792,-0.4692956209182739,1.4189530611038208,0.9496574401855469,midpoint,45,single_rater_weak
2025_09_15_Re4StRes_T1_DSV/IMG_2871.JPG,plot_a967d2993a2c6d109d24,dsv_asendorf_t1_bbch11,/home/nfs/data/nvme_datasets/Pictures_CFSB_leaf_damage/2025_09_15_Re4StRes_T1_DSV/IMG_2871.JPG,2.0,1.211137294769287,1.2100613117218018,-0.0010759895667433739,0.7899386882781982,0.7888627052307129,midpoint,45,single_rater_weak
2025_09_15_Re4StRes_T1_DSV/IMG_2872.JPG,plot_a967d2993a2c6d109d24,dsv_asendorf_t1_bbch11,/home/nfs/data/nvme_datasets/Pictures_CFSB_leaf_damage/2025_09_15_Re4StRes_T1_DSV/IMG_2872.JPG,1.0,0.7037897109985352,0.051369667053222656,-0.6524200439453125,0.9486303329467773,0.29621028900146484,midpoint,45,single_rater_weak
2025_09_15_Re4StRes_T1_DSV/IMG_2873.JPG,plot_a967d2993a2c6d109d24,dsv_asendorf_t1_bbch11,/home/nfs/data/nvme_datasets/Pictures_CFSB_leaf_damage/2025_09_15_Re4StRes_T1_DSV/IMG_2873.JPG,1.0,0.09009027481079102,-0.49877870082855225,-0.5888689756393433,1.4987787008285522,0.909909725189209,midpoint,45,single_rater_weak
2025_09_15_Re4StRes_T1_DSV/IMG_2874.JPG,plot_d2d9c664f2153b1e0828,dsv_asendorf_t1_bbch11,/home/nfs/data/nvme_datasets/Pictures_CFSB_leaf_damage/2025_09_15_Re4StRes_T1_DSV/IMG_2874.JPG,1.0,0.5149836540222168,0.03853249549865723,-0.47645115852355957,0.9614675045013428,0.4850163459777832,midpoint,45,single_rater_weak
2025_09_15_Re4StRes_T1_DSV/IMG_2875.JPG,plot_d2d9c664f2153b1e0828,dsv_asendorf_t1_bbch11,/home/nfs/data/nvme_datasets/Pictures_CFSB_leaf_damage/2025_09_15_Re4StRes_T1_DSV/IMG_2875.JPG,1.0,1.2031745910644531,0.9123836159706116,-0.29079097509384155,0.08761638402938843,0.20317459106445312,midpoint,45,single_rater_weak
2025_09_15_Re4StRes_T1_DSV/IMG_2876.JPG,plot_d2d9c664f2153b1e0828,dsv_asendorf_t1_bbch11,/home/nfs/data/nvme_datasets/Pictures_CFSB_leaf_damage/2025_09_15_Re4StRes_T1_DSV/IMG_2876.JPG,6.0,1.8810162544250488,1.544740915298462,-0.3362753391265869,4.455259323120117,4.118983745574951,midpoint,45,single_rater_weak
2025_09_15_Re4StRes_T1_DSV/IMG_2877.JPG,plot_06077aa9b2739738e87e,dsv_asendorf_t1_bbch11,/home/nfs/data/nvme_datasets/Pictures_CFSB_leaf_damage/2025_09_15_Re4StRes_T1_DSV/IMG_2877.JPG,1.0,0.32219839096069336,-0.106517493724823,-0.42871588468551636,1.1065175533294678,0.6778016090393066,midpoint,45,single_rater_weak
2025_09_15_Re4StRes_T1_DSV/IMG_2878.JPG,plot_06077aa9b2739738e87e,dsv_asendorf_t1_bbch11,/home/nfs/data/nvme_datasets/Pictures_CFSB_leaf_damage/2025_09_15_Re4StRes_T1_DSV/IMG_2878.JPG,4.0,0.5079765319824219,-0.037879765033721924,-0.5458562970161438,4.037879943847656,3.492023468017578,midpoint,45,single_rater_weak
2025_09_15_Re4StRes_T1_DSV/IMG_2879.JPG,plot_06077aa9b2739738e87e,dsv_asendorf_t1_bbch11,/home/nfs/data/nvme_datasets/Pictures_CFSB_leaf_damage/2025_09_15_Re4StRes_T1_DSV/IMG_2879.JPG,1.0,0.8748979568481445,0.01199883222579956,-0.862899124622345,0.9880011677742004,0.12510204315185547,midpoint,45,single_rater_weak
2025_09_15_Re4StRes_T1_DSV/IMG_2880.JPG,plot_d89a8bcf8d0d7729813c,dsv_asendorf_t1_bbch11,/home/nfs/data/nvme_datasets/Pictures_CFSB_leaf_damage/2025_09_15_Re4StRes_T1_DSV/IMG_2880.JPG,2.0,0.08350086212158203,-0.7016923427581787,-0.7851932048797607,2.7016923427581787,1.916499137878418,midpoint,45,single_rater_weak
2025_09_15_Re4StRes_T1_DSV/IMG_2881.JPG,plot_d89a8bcf8d0d7729813c,dsv_asendorf_t1_bbch11,/home/nfs/data/nvme_datasets/Pictures_CFSB_leaf_damage/2025_09_15_Re4StRes_T1_DSV/IMG_2881.JPG,1.0,1.5334033966064453,1.523887276649475,-0.009516078978776932,0.5238872766494751,0.5334033966064453,midpoint,45,single_rater_weak
2025_09_15_Re4StRes_T1_DSV/IMG_2882.JPG,plot_d89a8bcf8d0d7729813c,dsv_asendorf_t1_bbch11,/home/nfs/data/nvme_datasets/Pictures_CFSB_leaf_damage/2025_09_15_Re4StRes_T1_DSV/IMG_2882.JPG,1.0,0.3118104934692383,-0.4094804525375366,-0.7212909460067749,1.4094804525375366,0.6881895065307617,midpoint,45,single_rater_weak
2025_09_15_Re4StRes_T1_DSV/IMG_2883.JPG,plot_9d01cfe64d34d5079290,dsv_asendorf_t1_bbch11,/home/nfs/data/nvme_datasets/Pictures_CFSB_leaf_damage/2025_09_15_Re4StRes_T1_DSV/IMG_2883.JPG,1.0,0.8802976608276367,0.6367210149765015,-0.24357664585113525,0.36327898502349854,0.11970233917236328,midpoint,45,single_rater_weak
2025_09_15_Re4StRes_T1_DSV/IMG_2884.JPG,plot_9d01cfe64d34d5079290,dsv_asendorf_t1_bbch11,/home/nfs/data/nvme_datasets/Pictures_CFSB_leaf_damage/2025_09_15_Re4StRes_T1_DSV/IMG_2884.JPG,9.0,0.6708583831787109,0.2571571171283722,-0.41370126605033875,8.742842674255371,8.329141616821289,midpoint,45,single_rater_weak
2025_09_15_Re4StRes_T1_DSV/IMG_2885.JPG,plot_9d01cfe64d34d5079290,dsv_asendorf_t1_bbch11,/home/nfs/data/nvme_datasets/Pictures_CFSB_leaf_damage/2025_09_15_Re4StRes_T1_DSV/IMG_2885.JPG,5.0,0.04093360900878906,-0.43372437357902527,-0.47465798258781433,5.433724403381348,4.959066390991211,midpoint,45,single_rater_weak
2025_09_15_Re4StRes_T1_DSV/IMG_2886.JPG,plot_d60fc64330d7114e5f4c,dsv_asendorf_t1_bbch11,/home/nfs/data/nvme_datasets/Pictures_CFSB_leaf_damage/2025_09_15_Re4StRes_T1_DSV/IMG_2886.JPG,8.0,2.595609188079834,2.237370252609253,-0.35823899507522583,5.762629508972168,5.404390811920166,midpoint,45,single_rater_weak
2025_09_15_Re4StRes_T1_DSV/IMG_2887.JPG,plot_d60fc64330d7114e5f4c,dsv_asendorf_t1_bbch11,/home/nfs/data/nvme_datasets/Pictures_CFSB_leaf_damage/2025_09_15_Re4StRes_T1_DSV/IMG_2887.JPG,1.0,-0.12610626220703125,-0.41891562938690186,-0.2928093671798706,1.4189156293869019,1.1261062622070312,midpoint,45,single_rater_weak
2025_09_15_Re4StRes_T1_DSV/IMG_2888.JPG,plot_d60fc64330d7114e5f4c,dsv_asendorf_t1_bbch11,/home/nfs/data/nvme_datasets/Pictures_CFSB_leaf_damage/2025_09_15_Re4StRes_T1_DSV/IMG_2888.JPG,1.0,0.26618194580078125,0.534896731376648,0.2687147855758667,0.46510326862335205,0.7338180541992188,midpoint,45,single_rater_weak
2025_09_15_Re4StRes_T1_DSV/IMG_2889.JPG,plot_c6c3a3cc275334f1f08b,dsv_asendorf_t1_bbch11,/home/nfs/data/nvme_datasets/Pictures_CFSB_leaf_damage/2025_09_15_Re4StRes_T1_DSV/IMG_2889.JPG,1.0,0.09987545013427734,-0.09865675866603851,-0.19853220880031586,1.0986567735671997,0.9001245498657227,midpoint,45,single_rater_weak
2025_09_15_Re4StRes_T1_DSV/IMG_2890.JPG,plot_c6c3a3cc275334f1f08b,dsv_asendorf_t1_bbch11,/home/nfs/data/nvme_datasets/Pictures_CFSB_leaf_damage/2025_09_15_Re4StRes_T1_DSV/IMG_2890.JPG,2.0,0.5963473320007324,0.5580170750617981,-0.038330283015966415,1.4419829845428467,1.4036526679992676,midpoint,45,single_rater_weak
2025_09_15_Re4StRes_T1_DSV/IMG_2891.JPG,plot_c6c3a3cc275334f1f08b,dsv_asendorf_t1_bbch11,/home/nfs/data/nvme_datasets/Pictures_CFSB_leaf_damage/2025_09_15_Re4StRes_T1_DSV/IMG_2891.JPG,2.0,0.2980642318725586,-0.14279556274414062,-0.4408597946166992,2.1427955627441406,1.7019357681274414,midpoint,45,single_rater_weak
2025_09_15_Re4StRes_T1_DSV/IMG_2892.JPG,plot_173aba14c5464b12bb95,dsv_asendorf_t1_bbch11,/home/nfs/data/nvme_datasets/Pictures_CFSB_leaf_damage/2025_09_15_Re4StRes_T1_DSV/IMG_2892.JPG,2.0,2.1068196296691895,1.9315154552459717,-0.17530417442321777,0.06848454475402832,0.10681962966918945,midpoint,45,single_rater_weak
2025_09_15_Re4StRes_T1_DSV/IMG_2893.JPG,plot_173aba14c5464b12bb95,dsv_asendorf_t1_bbch11,/home/nfs/data/nvme_datasets/Pictures_CFSB_leaf_damage/2025_09_15_Re4StRes_T1_DSV/IMG_2893.JPG,1.0,0.6350064277648926,-0.14601707458496094,-0.7810235023498535,1.146017074584961,0.3649935722351074,midpoint,45,single_rater_weak
2025_09_15_Re4StRes_T1_DSV/IMG_2894.JPG,plot_173aba14c5464b12bb95,dsv_asendorf_t1_bbch11,/home/nfs/data/nvme_datasets/Pictures_CFSB_leaf_damage/2025_09_15_Re4StRes_T1_DSV/IMG_2894.JPG,5.0,2.300139904022217,2.2793667316436768,-0.02077324129641056,2.7206332683563232,2.699860095977783,midpoint,45,single_rater_weak
2025_09_15_Re4StRes_T1_DSV/IMG_2895.JPG,plot_5b92a0664e4fb6d58534,dsv_asendorf_t1_bbch11,/home/nfs/data/nvme_datasets/Pictures_CFSB_leaf_damage/2025_09_15_Re4StRes_T1_DSV/IMG_2895.JPG,25.0,3.730823040008545,3.6076035499572754,-0.12321953475475311,21.392396926879883,21.269176483154297,midpoint,45,single_rater_weak
2025_09_15_Re4StRes_T1_DSV/IMG_2896.JPG,plot_5b92a0664e4fb6d58534,dsv_asendorf_t1_bbch11,/home/nfs/data/nvme_datasets/Pictures_CFSB_leaf_damage/2025_09_15_Re4StRes_T1_DSV/IMG_2896.JPG,18.0,4.096707344055176,4.3460822105407715,0.24937494099140167,13.65391731262207,13.903292655944824,midpoint,45,single_rater_weak
2025_09_15_Re4StRes_T1_DSV/IMG_2897.JPG,plot_5b92a0664e4fb6d58534,dsv_asendorf_t1_bbch11,/home/nfs/data/nvme_datasets/Pictures_CFSB_leaf_damage/2025_09_15_Re4StRes_T1_DSV/IMG_2897.JPG,10.0,1.0621953010559082,0.5780174732208252,-0.4841777980327606,9.421982765197754,8.93780517578125,midpoint,45,single_rater_weak
2025_09_15_Re4StRes_T1_DSV/IMG_2898.JPG,plot_d667cdaecff8d0c52a9e,dsv_asendorf_t1_bbch11,/home/nfs/data/nvme_datasets/Pictures_CFSB_leaf_damage/2025_09_15_Re4StRes_T1_DSV/IMG_2898.JPG,10.0,2.7373881340026855,2.1438755989074707,-0.5935125350952148,7.856124401092529,7.2626118659973145,midpoint,45,single_rater_weak
2025_09_15_Re4StRes_T1_DSV/IMG_2900.JPG,plot_d667cdaecff8d0c52a9e,dsv_asendorf_t1_bbch11,/home/nfs/data/nvme_datasets/Pictures_CFSB_leaf_damage/2025_09_15_Re4StRes_T1_DSV/IMG_2900.JPG,15.0,2.5893335342407227,2.7702102661132812,0.180876687169075,12.229789733886719,12.410666465759277,midpoint,45,single_rater_weak
2025_09_15_Re4StRes_T1_DSV/IMG_2901.JPG,plot_d667cdaecff8d0c52a9e,dsv_asendorf_t1_bbch11,/home/nfs/data/nvme_datasets/Pictures_CFSB_leaf_damage/2025_09_15_Re4StRes_T1_DSV/IMG_2901.JPG,7.0,3.5019848346710205,3.3357436656951904,-0.16624124348163605,3.6642563343048096,3.4980151653289795,midpoint,45,single_rater_weak
2025_09_15_Re4StRes_T1_DSV/IMG_2902.JPG,plot_94ea7c58860f7d8c77c9,dsv_asendorf_t1_bbch11,/home/nfs/data/nvme_datasets/Pictures_CFSB_leaf_damage/2025_09_15_Re4StRes_T1_DSV/IMG_2902.JPG,23.0,7.425163269042969,7.891016483306885,0.46585318446159363,15.108983993530273,15.574836730957031,midpoint,45,single_rater_weak
2025_09_15_Re4StRes_T1_DSV/IMG_2903.JPG,plot_94ea7c58860f7d8c77c9,dsv_asendorf_t1_bbch11,/home/nfs/data/nvme_datasets/Pictures_CFSB_leaf_damage/2025_09_15_Re4StRes_T1_DSV/IMG_2903.JPG,15.0,7.292356491088867,7.31976842880249,0.027411924675107002,7.68023157119751,7.707643508911133,midpoint,45,single_rater_weak
2025_09_15_Re4StRes_T1_DSV/IMG_2904.JPG,plot_94ea7c58860f7d8c77c9,dsv_asendorf_t1_bbch11,/home/nfs/data/nvme_datasets/Pictures_CFSB_leaf_damage/2025_09_15_Re4StRes_T1_DSV/IMG_2904.JPG,3.0,1.687222957611084,1.4354900121688843,-0.2517329454421997,1.5645099878311157,1.312777042388916,midpoint,45,single_rater_weak
2025_09_15_Re4StRes_T1_DSV/IMG_2905.JPG,plot_dbc6c631115af6239c6c,dsv_asendorf_t1_bbch11,/home/nfs/data/nvme_datasets/Pictures_CFSB_leaf_damage/2025_09_15_Re4StRes_T1_DSV/IMG_2905.JPG,3.0,0.8328380584716797,0.9849135875701904,0.15207551419734955,2.0150864124298096,2.1671619415283203,midpoint,45,single_rater_weak
2025_09_15_Re4StRes_T1_DSV/IMG_2906.JPG,plot_dbc6c631115af6239c6c,dsv_asendorf_t1_bbch11,/home/nfs/data/nvme_datasets/Pictures_CFSB_leaf_damage/2025_09_15_Re4StRes_T1_DSV/IMG_2906.JPG,2.0,2.3833727836608887,2.456636905670166,0.07326418161392212,0.456636905670166,0.38337278366088867,midpoint,45,single_rater_weak
2025_09_15_Re4StRes_T1_DSV/IMG_2907.JPG,plot_dbc6c631115af6239c6c,dsv_asendorf_t1_bbch11,/home/nfs/data/nvme_datasets/Pictures_CFSB_leaf_damage/2025_09_15_Re4StRes_T1_DSV/IMG_2907.JPG,8.0,0.6087455749511719,0.1512225866317749,-0.457522988319397,7.8487772941589355,7.391254425048828,midpoint,45,single_rater_weak
2025_09_15_Re4StRes_T1_DSV/IMG_2908.JPG,plot_94a13f7206c6a3c73cd6,dsv_asendorf_t1_bbch11,/home/nfs/data/nvme_datasets/Pictures_CFSB_leaf_damage/2025_09_15_Re4StRes_T1_DSV/IMG_2908.JPG,2.0,0.5547738075256348,0.3285008668899536,-0.22627294063568115,1.6714991331100464,1.4452261924743652,midpoint,45,single_rater_weak
2025_09_15_Re4StRes_T1_DSV/IMG_2909.JPG,plot_94a13f7206c6a3c73cd6,dsv_asendorf_t1_bbch11,/home/nfs/data/nvme_datasets/Pictures_CFSB_leaf_damage/2025_09_15_Re4StRes_T1_DSV/IMG_2909.JPG,14.0,2.342489242553711,2.568697690963745,0.22620834410190582,11.431302070617676,11.657510757446289,midpoint,45,single_rater_weak
2025_09_15_Re4StRes_T1_DSV/IMG_2911.JPG,plot_94a13f7206c6a3c73cd6,dsv_asendorf_t1_bbch11,/home/nfs/data/nvme_datasets/Pictures_CFSB_leaf_damage/2025_09_15_Re4StRes_T1_DSV/IMG_2911.JPG,11.0,2.315518379211426,2.2308571338653564,-0.0846613273024559,8.769143104553223,8.684481620788574,midpoint,45,single_rater_weak
2025_09_15_Re4StRes_T1_DSV/IMG_2912.JPG,plot_401959473a7fdf98fa1b,dsv_asendorf_t1_bbch11,/home/nfs/data/nvme_datasets/Pictures_CFSB_leaf_damage/2025_09_15_Re4StRes_T1_DSV/IMG_2912.JPG,5.0,3.753545045852661,3.553483247756958,-0.2000618278980255,1.446516752243042,1.2464549541473389,midpoint,45,single_rater_weak
2025_09_15_Re4StRes_T1_DSV/IMG_2913.JPG,plot_401959473a7fdf98fa1b,dsv_asendorf_t1_bbch11,/home/nfs/data/nvme_datasets/Pictures_CFSB_leaf_damage/2025_09_15_Re4StRes_T1_DSV/IMG_2913.JPG,11.0,3.036937713623047,2.5699851512908936,-0.4669525623321533,8.430014610290527,7.963062286376953,midpoint,45,single_rater_weak
2025_09_15_Re4StRes_T1_DSV/IMG_2914.JPG,plot_401959473a7fdf98fa1b,dsv_asendorf_t1_bbch11,/home/nfs/data/nvme_datasets/Pictures_CFSB_leaf_damage/2025_09_15_Re4StRes_T1_DSV/IMG_2914.JPG,6.0,2.2323665618896484,2.1848208904266357,-0.04754563421010971,3.8151791095733643,3.7676334381103516,midpoint,45,single_rater_weak
2025_09_15_Re4StRes_T1_DSV/IMG_2915.JPG,plot_acea1f718990cc6d06f9,dsv_asendorf_t1_bbch11,/home/nfs/data/nvme_datasets/Pictures_CFSB_leaf_damage/2025_09_15_Re4StRes_T1_DSV/IMG_2915.JPG,18.0,2.989988327026367,2.393775463104248,-0.5962127447128296,15.606224060058594,15.010011672973633,midpoint,45,single_rater_weak
2025_09_15_Re4StRes_T1_DSV/IMG_2916.JPG,plot_acea1f718990cc6d06f9,dsv_asendorf_t1_bbch11,/home/nfs/data/nvme_datasets/Pictures_CFSB_leaf_damage/2025_09_15_Re4StRes_T1_DSV/IMG_2916.JPG,18.0,2.3386192321777344,2.0372891426086426,-0.30132997035980225,15.962711334228516,15.661380767822266,midpoint,45,single_rater_weak
2025_09_15_Re4StRes_T1_DSV/IMG_2917.JPG,plot_acea1f718990cc6d06f9,dsv_asendorf_t1_bbch11,/home/nfs/data/nvme_datasets/Pictures_CFSB_leaf_damage/2025_09_15_Re4StRes_T1_DSV/IMG_2917.JPG,3.0,0.5673747062683105,0.15206527709960938,-0.41530942916870117,2.8479347229003906,2.4326252937316895,midpoint,45,single_rater_weak
2025_09_15_Re4StRes_T1_DSV/IMG_2918.JPG,plot_2a793365ce625b6d0933,dsv_asendorf_t1_bbch11,/home/nfs/data/nvme_datasets/Pictures_CFSB_leaf_damage/2025_09_15_Re4StRes_T1_DSV/IMG_2918.JPG,6.0,2.0866189002990723,1.8815207481384277,-0.20509815216064453,4.118479251861572,3.9133810997009277,midpoint,45,single_rater_weak
2025_09_15_Re4StRes_T1_DSV/IMG_2919.JPG,plot_2a793365ce625b6d0933,dsv_asendorf_t1_bbch11,/home/nfs/data/nvme_datasets/Pictures_CFSB_leaf_damage/2025_09_15_Re4StRes_T1_DSV/IMG_2919.JPG,2.0,1.5406699180603027,0.9500906467437744,-0.5905792713165283,1.0499093532562256,0.45933008193969727,midpoint,45,single_rater_weak
2025_09_15_Re4StRes_T1_DSV/IMG_2920.JPG,plot_2a793365ce625b6d0933,dsv_asendorf_t1_bbch11,/home/nfs/data/nvme_datasets/Pictures_CFSB_leaf_damage/2025_09_15_Re4StRes_T1_DSV/IMG_2920.JPG,2.0,1.4532928466796875,1.5549015998840332,0.10160878300666809,0.4450984001159668,0.5467071533203125,midpoint,45,single_rater_weak
2025_09_15_Re4StRes_T1_DSV/IMG_2922.JPG,plot_728875283c2174c74a38,dsv_asendorf_t1_bbch11,/home/nfs/data/nvme_datasets/Pictures_CFSB_leaf_damage/2025_09_15_Re4StRes_T1_DSV/IMG_2922.JPG,14.0,2.858076572418213,2.7107486724853516,-0.1473279744386673,11.289251327514648,11.141923904418945,midpoint,45,single_rater_weak
2025_09_15_Re4StRes_T1_DSV/IMG_2923.JPG,plot_728875283c2174c74a38,dsv_asendorf_t1_bbch11,/home/nfs/data/nvme_datasets/Pictures_CFSB_leaf_damage/2025_09_15_Re4StRes_T1_DSV/IMG_2923.JPG,2.0,1.2124881744384766,0.7900216579437256,-0.422466516494751,1.2099783420562744,0.7875118255615234,midpoint,45,single_rater_weak
2025_09_15_Re4StRes_T1_DSV/IMG_2924.JPG,plot_728875283c2174c74a38,dsv_asendorf_t1_bbch11,/home/nfs/data/nvme_datasets/Pictures_CFSB_leaf_damage/2025_09_15_Re4StRes_T1_DSV/IMG_2924.JPG,4.0,0.17945575714111328,-0.11309218406677246,-0.29254794120788574,4.113092422485352,3.8205442428588867,midpoint,45,single_rater_weak
2025_09_15_Re4StRes_T1_DSV/IMG_2925.JPG,plot_08c76eef14bf2854a036,dsv_asendorf_t1_bbch11,/home/nfs/data/nvme_datasets/Pictures_CFSB_leaf_damage/2025_09_15_Re4StRes_T1_DSV/IMG_2925.JPG,2.0,0.47456979751586914,-0.13376879692077637,-0.6083385944366455,2.1337687969207764,1.5254302024841309,midpoint,45,single_rater_weak
2025_09_15_Re4StRes_T1_DSV/IMG_2926.JPG,plot_08c76eef14bf2854a036,dsv_asendorf_t1_bbch11,/home/nfs/data/nvme_datasets/Pictures_CFSB_leaf_damage/2025_09_15_Re4StRes_T1_DSV/IMG_2926.JPG,1.0,1.9333109855651855,1.8876055479049683,-0.04570547491312027,0.8876055479049683,0.9333109855651855,midpoint,45,single_rater_weak
2025_09_15_Re4StRes_T1_DSV/IMG_2927.JPG,plot_08c76eef14bf2854a036,dsv_asendorf_t1_bbch11,/home/nfs/data/nvme_datasets/Pictures_CFSB_leaf_damage/2025_09_15_Re4StRes_T1_DSV/IMG_2927.JPG,16.0,0.9964523315429688,1.0721940994262695,0.0757417380809784,14.92780590057373,15.003547668457031,midpoint,45,single_rater_weak
2025_09_15_Re4StRes_T1_DSV/IMG_2928.JPG,plot_3a39c4e211148b28458d,dsv_asendorf_t1_bbch11,/home/nfs/data/nvme_datasets/Pictures_CFSB_leaf_damage/2025_09_15_Re4StRes_T1_DSV/IMG_2928.JPG,10.0,0.0067272186279296875,-0.511844277381897,-0.5185714960098267,10.511844635009766,9.99327278137207,midpoint,45,single_rater_weak
2025_09_15_Re4StRes_T1_DSV/IMG_2929.JPG,plot_3a39c4e211148b28458d,dsv_asendorf_t1_bbch11,/home/nfs/data/nvme_datasets/Pictures_CFSB_leaf_damage/2025_09_15_Re4StRes_T1_DSV/IMG_2929.JPG,19.0,2.0884804725646973,1.9251811504364014,-0.16329927742481232,17.074819564819336,16.91152000427246,midpoint,45,single_rater_weak
2025_09_15_Re4StRes_T1_DSV/IMG_2930.JPG,plot_3a39c4e211148b28458d,dsv_asendorf_t1_bbch11,/home/nfs/data/nvme_datasets/Pictures_CFSB_leaf_damage/2025_09_15_Re4StRes_T1_DSV/IMG_2930.JPG,1.0,1.1021194458007812,0.6999709010124207,-0.4021485447883606,0.30002909898757935,0.10211944580078125,midpoint,45,single_rater_weak
2025_09_15_Re4StRes_T1_DSV/IMG_2931.JPG,plot_49ce69d3cc874d1b62c8,dsv_asendorf_t1_bbch11,/home/nfs/data/nvme_datasets/Pictures_CFSB_leaf_damage/2025_09_15_Re4StRes_T1_DSV/IMG_2931.JPG,12.0,2.6687417030334473,2.5410118103027344,-0.12772980332374573,9.458988189697266,9.331258773803711,midpoint,45,single_rater_weak
2025_09_15_Re4StRes_T1_DSV/IMG_2932.JPG,plot_49ce69d3cc874d1b62c8,dsv_asendorf_t1_bbch11,/home/nfs/data/nvme_datasets/Pictures_CFSB_leaf_damage/2025_09_15_Re4StRes_T1_DSV/IMG_2932.JPG,22.0,3.2607216835021973,3.452510118484497,0.19178852438926697,18.547489166259766,18.73927879333496,midpoint,45,single_rater_weak
2025_09_15_Re4StRes_T1_DSV/IMG_2933.JPG,plot_49ce69d3cc874d1b62c8,dsv_asendorf_t1_bbch11,/home/nfs/data/nvme_datasets/Pictures_CFSB_leaf_damage/2025_09_15_Re4StRes_T1_DSV/IMG_2933.JPG,2.0,4.935155391693115,5.046714782714844,0.11155949532985687,3.0467147827148438,2.9351553916931152,midpoint,45,single_rater_weak
2025_09_15_Re4StRes_T1_DSV/IMG_2934.JPG,plot_f672e06e78f4310a2300,dsv_asendorf_t1_bbch11,/home/nfs/data/nvme_datasets/Pictures_CFSB_leaf_damage/2025_09_15_Re4StRes_T1_DSV/IMG_2934.JPG,2.0,0.4916090965270996,0.2396584153175354,-0.2519506812095642,1.7603416442871094,1.5083909034729004,midpoint,45,single_rater_weak
2025_09_15_Re4StRes_T1_DSV/IMG_2935.JPG,plot_f672e06e78f4310a2300,dsv_asendorf_t1_bbch11,/home/nfs/data/nvme_datasets/Pictures_CFSB_leaf_damage/2025_09_15_Re4StRes_T1_DSV/IMG_2935.JPG,4.0,3.4211411476135254,3.4898548126220703,0.06871359050273895,0.5101451873779297,0.5788588523864746,midpoint,45,single_rater_weak
2025_09_15_Re4StRes_T1_DSV/IMG_2936.JPG,plot_f672e06e78f4310a2300,dsv_asendorf_t1_bbch11,/home/nfs/data/nvme_datasets/Pictures_CFSB_leaf_damage/2025_09_15_Re4StRes_T1_DSV/IMG_2936.JPG,9.0,1.116525650024414,1.021120309829712,-0.09540538489818573,7.978879928588867,7.883474349975586,midpoint,45,single_rater_weak
2025_09_15_Re4StRes_T1_DSV/IMG_2937.JPG,plot_3b699ca9c300cc1cce74,dsv_asendorf_t1_bbch11,/home/nfs/data/nvme_datasets/Pictures_CFSB_leaf_damage/2025_09_15_Re4StRes_T1_DSV/IMG_2937.JPG,11.0,1.9621729850769043,2.023247480392456,0.06107461079955101,8.976752281188965,9.037826538085938,midpoint,45,single_rater_weak
2025_09_15_Re4StRes_T1_DSV/IMG_2938.JPG,plot_3b699ca9c300cc1cce74,dsv_asendorf_t1_bbch11,/home/nfs/data/nvme_datasets/Pictures_CFSB_leaf_damage/2025_09_15_Re4StRes_T1_DSV/IMG_2938.JPG,23.0,2.7952518463134766,3.0885677337646484,0.29331597685813904,19.91143226623535,20.204748153686523,midpoint,45,single_rater_weak
2025_09_15_Re4StRes_T1_DSV/IMG_2939.JPG,plot_3b699ca9c300cc1cce74,dsv_asendorf_t1_bbch11,/home/nfs/data/nvme_datasets/Pictures_CFSB_leaf_damage/2025_09_15_Re4StRes_T1_DSV/IMG_2939.JPG,4.0,1.8251609802246094,1.3291854858398438,-0.4959754943847656,2.6708145141601562,2.1748390197753906,midpoint,45,single_rater_weak
2025_09_15_Re4StRes_T1_DSV/IMG_2940.JPG,plot_e329dfdd5eef80a5d030,dsv_asendorf_t1_bbch11,/home/nfs/data/nvme_datasets/Pictures_CFSB_leaf_damage/2025_09_15_Re4StRes_T1_DSV/IMG_2940.JPG,1.0,0.8815112113952637,1.0358318090438843,0.154320627450943,0.03583180904388428,0.11848878860473633,midpoint,45,single_rater_weak
2025_09_15_Re4StRes_T1_DSV/IMG_2941.JPG,plot_e329dfdd5eef80a5d030,dsv_asendorf_t1_bbch11,/home/nfs/data/nvme_datasets/Pictures_CFSB_leaf_damage/2025_09_15_Re4StRes_T1_DSV/IMG_2941.JPG,4.0,3.947845935821533,4.053712844848633,0.10586685687303543,0.05371284484863281,0.0521540641784668,midpoint,45,single_rater_weak
2025_09_15_Re4StRes_T1_DSV/IMG_2942.JPG,plot_e329dfdd5eef80a5d030,dsv_asendorf_t1_bbch11,/home/nfs/data/nvme_datasets/Pictures_CFSB_leaf_damage/2025_09_15_Re4StRes_T1_DSV/IMG_2942.JPG,16.0,1.1769089698791504,1.3856828212738037,0.20877385139465332,14.614316940307617,14.823091506958008,midpoint,45,single_rater_weak
2025_09_15_Re4StRes_T1_DSV/IMG_2943.JPG,plot_18a2195a85762dad8df2,dsv_asendorf_t1_bbch11,/home/nfs/data/nvme_datasets/Pictures_CFSB_leaf_damage/2025_09_15_Re4StRes_T1_DSV/IMG_2943.JPG,4.0,1.099764347076416,1.1598732471466064,0.06010895222425461,2.8401267528533936,2.900235652923584,midpoint,45,single_rater_weak
2025_09_15_Re4StRes_T1_DSV/IMG_2944.JPG,plot_18a2195a85762dad8df2,dsv_asendorf_t1_bbch11,/home/nfs/data/nvme_datasets/Pictures_CFSB_leaf_damage/2025_09_15_Re4StRes_T1_DSV/IMG_2944.JPG,18.0,1.061145305633545,1.0667833089828491,0.005638061556965113,16.933216094970703,16.938854217529297,midpoint,45,single_rater_weak
2025_09_15_Re4StRes_T1_DSV/IMG_2945.JPG,plot_18a2195a85762dad8df2,dsv_asendorf_t1_bbch11,/home/nfs/data/nvme_datasets/Pictures_CFSB_leaf_damage/2025_09_15_Re4StRes_T1_DSV/IMG_2945.JPG,20.0,1.2880244255065918,1.3545877933502197,0.06656335294246674,18.64541244506836,18.71197509765625,midpoint,45,single_rater_weak
2025_09_15_Re4StRes_T1_DSV/IMG_2946.JPG,plot_63b18ea658eedaada1c0,dsv_asendorf_t1_bbch11,/home/nfs/data/nvme_datasets/Pictures_CFSB_leaf_damage/2025_09_15_Re4StRes_T1_DSV/IMG_2946.JPG,2.0,0.6641602516174316,0.8065497279167175,0.1423894762992859,1.1934502124786377,1.3358397483825684,midpoint,45,single_rater_weak
2025_09_15_Re4StRes_T1_DSV/IMG_2947.JPG,plot_63b18ea658eedaada1c0,dsv_asendorf_t1_bbch11,/home/nfs/data/nvme_datasets/Pictures_CFSB_leaf_damage/2025_09_15_Re4StRes_T1_DSV/IMG_2947.JPG,35.0,5.169910907745361,5.343740463256836,0.17382970452308655,29.656259536743164,29.830089569091797,midpoint,45,single_rater_weak
2025_09_15_Re4StRes_T1_DSV/IMG_2948.JPG,plot_63b18ea658eedaada1c0,dsv_asendorf_t1_bbch11,/home/nfs/data/nvme_datasets/Pictures_CFSB_leaf_damage/2025_09_15_Re4StRes_T1_DSV/IMG_2948.JPG,23.0,1.0963821411132812,1.1250437498092651,0.028661664575338364,21.874956130981445,21.90361785888672,midpoint,45,single_rater_weak
2025_09_15_Re4StRes_T1_DSV/IMG_2949.JPG,plot_724abc754b17665c24b5,dsv_asendorf_t1_bbch11,/home/nfs/data/nvme_datasets/Pictures_CFSB_leaf_damage/2025_09_15_Re4StRes_T1_DSV/IMG_2949.JPG,7.0,1.0961413383483887,0.8086142539978027,-0.2875271141529083,6.191385746002197,5.903858661651611,midpoint,45,single_rater_weak
2025_09_15_Re4StRes_T1_DSV/IMG_2950.JPG,plot_724abc754b17665c24b5,dsv_asendorf_t1_bbch11,/home/nfs/data/nvme_datasets/Pictures_CFSB_leaf_damage/2025_09_15_Re4StRes_T1_DSV/IMG_2950.JPG,9.0,2.0386290550231934,1.7665752172470093,-0.2720538079738617,7.233424663543701,6.961370944976807,midpoint,45,single_rater_weak
2025_09_15_Re4StRes_T1_DSV/IMG_2951.JPG,plot_724abc754b17665c24b5,dsv_asendorf_t1_bbch11,/home/nfs/data/nvme_datasets/Pictures_CFSB_leaf_damage/2025_09_15_Re4StRes_T1_DSV/IMG_2951.JPG,4.0,1.267348289489746,1.44187331199646,0.17452505230903625,2.55812668800354,2.732651710510254,midpoint,45,single_rater_weak
2025_09_15_Re4StRes_T1_DSV/IMG_2952.JPG,plot_adc4faadd2469476e975,dsv_asendorf_t1_bbch11,/home/nfs/data/nvme_datasets/Pictures_CFSB_leaf_damage/2025_09_15_Re4StRes_T1_DSV/IMG_2952.JPG,7.0,7.432642459869385,7.471711158752441,0.039068616926670074,0.4717111587524414,0.43264245986938477,midpoint,45,single_rater_weak
2025_09_15_Re4StRes_T1_DSV/IMG_2953.JPG,plot_adc4faadd2469476e975,dsv_asendorf_t1_bbch11,/home/nfs/data/nvme_datasets/Pictures_CFSB_leaf_damage/2025_09_15_Re4StRes_T1_DSV/IMG_2953.JPG,14.0,4.099679946899414,3.913365125656128,-0.1863148957490921,10.086634635925293,9.900320053100586,midpoint,45,single_rater_weak
2025_09_15_Re4StRes_T1_DSV/IMG_2954.JPG,plot_adc4faadd2469476e975,dsv_asendorf_t1_bbch11,/home/nfs/data/nvme_datasets/Pictures_CFSB_leaf_damage/2025_09_15_Re4StRes_T1_DSV/IMG_2954.JPG,8.0,1.5942745208740234,1.3685266971588135,-0.22574780881404877,6.631473541259766,6.405725479125977,midpoint,45,single_rater_weak
2025_09_15_Re4StRes_T1_DSV/IMG_2955.JPG,plot_ea983699b2703524116f,dsv_asendorf_t1_bbch11,/home/nfs/data/nvme_datasets/Pictures_CFSB_leaf_damage/2025_09_15_Re4StRes_T1_DSV/IMG_2955.JPG,2.0,1.3135795593261719,1.094334363937378,-0.21924524009227753,0.9056656360626221,0.6864204406738281,midpoint,45,single_rater_weak
2025_09_15_Re4StRes_T1_DSV/IMG_2956.JPG,plot_ea983699b2703524116f,dsv_asendorf_t1_bbch11,/home/nfs/data/nvme_datasets/Pictures_CFSB_leaf_damage/2025_09_15_Re4StRes_T1_DSV/IMG_2956.JPG,13.0,3.9204211235046387,3.8009138107299805,-0.11950740218162537,9.19908618927002,9.079578399658203,midpoint,45,single_rater_weak
2025_09_15_Re4StRes_T1_DSV/IMG_2957.JPG,plot_ea983699b2703524116f,dsv_asendorf_t1_bbch11,/home/nfs/data/nvme_datasets/Pictures_CFSB_leaf_damage/2025_09_15_Re4StRes_T1_DSV/IMG_2957.JPG,6.0,0.9767541885375977,0.7010121941566467,-0.2757419943809509,5.298987865447998,5.023245811462402,midpoint,45,single_rater_weak
2025_09_15_Re4StRes_T1_DSV/IMG_2958.JPG,plot_08de49746d4125eddd77,dsv_asendorf_t1_bbch11,/home/nfs/data/nvme_datasets/Pictures_CFSB_leaf_damage/2025_09_15_Re4StRes_T1_DSV/IMG_2958.JPG,11.0,2.0839381217956543,2.174574851989746,0.09063661098480225,8.825425148010254,8.916061401367188,midpoint,45,single_rater_weak
2025_09_15_Re4StRes_T1_DSV/IMG_2959.JPG,plot_08de49746d4125eddd77,dsv_asendorf_t1_bbch11,/home/nfs/data/nvme_datasets/Pictures_CFSB_leaf_damage/2025_09_15_Re4StRes_T1_DSV/IMG_2959.JPG,16.0,6.219453811645508,6.6556077003479,0.4361540377140045,9.344392776489258,9.780546188354492,midpoint,45,single_rater_weak
2025_09_15_Re4StRes_T1_DSV/IMG_2960.JPG,plot_08de49746d4125eddd77,dsv_asendorf_t1_bbch11,/home/nfs/data/nvme_datasets/Pictures_CFSB_leaf_damage/2025_09_15_Re4StRes_T1_DSV/IMG_2960.JPG,8.0,2.554636001586914,2.2171308994293213,-0.3375050723552704,5.782869338989258,5.445363998413086,midpoint,45,single_rater_weak
2025_09_15_Re4StRes_T1_DSV/IMG_2961.JPG,plot_2751d4a40273ff4d4fe0,dsv_asendorf_t1_bbch11,/home/nfs/data/nvme_datasets/Pictures_CFSB_leaf_damage/2025_09_15_Re4StRes_T1_DSV/IMG_2961.JPG,6.0,3.5120272636413574,3.296631097793579,-0.21539610624313354,2.703368902206421,2.4879727363586426,midpoint,45,single_rater_weak
2025_09_15_Re4StRes_T1_DSV/IMG_2962.JPG,plot_2751d4a40273ff4d4fe0,dsv_asendorf_t1_bbch11,/home/nfs/data/nvme_datasets/Pictures_CFSB_leaf_damage/2025_09_15_Re4StRes_T1_DSV/IMG_2962.JPG,3.0,3.242724895477295,3.100944757461548,-0.1417800486087799,0.10094475746154785,0.24272489547729492,midpoint,45,single_rater_weak
2025_09_15_Re4StRes_T1_DSV/IMG_2963.JPG,plot_2751d4a40273ff4d4fe0,dsv_asendorf_t1_bbch11,/home/nfs/data/nvme_datasets/Pictures_CFSB_leaf_damage/2025_09_15_Re4StRes_T1_DSV/IMG_2963.JPG,7.0,2.16727876663208,1.8039319515228271,-0.3633468747138977,5.196067810058594,4.83272123336792,midpoint,45,single_rater_weak
2025_09_15_Re4StRes_T1_DSV/IMG_2964.JPG,plot_0de0877cf374ef8b5b55,dsv_asendorf_t1_bbch11,/home/nfs/data/nvme_datasets/Pictures_CFSB_leaf_damage/2025_09_15_Re4StRes_T1_DSV/IMG_2964.JPG,18.0,3.01253604888916,3.104506492614746,0.09197042882442474,14.895493507385254,14.98746395111084,midpoint,45,single_rater_weak
2025_09_15_Re4StRes_T1_DSV/IMG_2965.JPG,plot_0de0877cf374ef8b5b55,dsv_asendorf_t1_bbch11,/home/nfs/data/nvme_datasets/Pictures_CFSB_leaf_damage/2025_09_15_Re4StRes_T1_DSV/IMG_2965.JPG,16.0,1.9836454391479492,1.4668922424316406,-0.5167532563209534,14.53310775756836,14.01635456085205,midpoint,45,single_rater_weak
2025_09_15_Re4StRes_T1_DSV/IMG_2966.JPG,plot_0de0877cf374ef8b5b55,dsv_asendorf_t1_bbch11,/home/nfs/data/nvme_datasets/Pictures_CFSB_leaf_damage/2025_09_15_Re4StRes_T1_DSV/IMG_2966.JPG,2.0,1.0396599769592285,0.23544436693191528,-0.8042156100273132,1.7645556926727295,0.9603400230407715,midpoint,45,single_rater_weak
2025_09_15_Re4StRes_T1_DSV/IMG_2967.JPG,plot_a66b30f609330a40334a,dsv_asendorf_t1_bbch11,/home/nfs/data/nvme_datasets/Pictures_CFSB_leaf_damage/2025_09_15_Re4StRes_T1_DSV/IMG_2967.JPG,3.0,-0.3145637512207031,-0.5762510299682617,-0.2616872787475586,3.5762510299682617,3.314563751220703,midpoint,45,single_rater_weak
2025_09_15_Re4StRes_T1_DSV/IMG_2968.JPG,plot_a66b30f609330a40334a,dsv_asendorf_t1_bbch11,/home/nfs/data/nvme_datasets/Pictures_CFSB_leaf_damage/2025_09_15_Re4StRes_T1_DSV/IMG_2968.JPG,12.0,2.9917731285095215,2.591137170791626,-0.4006360173225403,9.408863067626953,9.00822639465332,midpoint,45,single_rater_weak
2025_09_15_Re4StRes_T1_DSV/IMG_2969.JPG,plot_a66b30f609330a40334a,dsv_asendorf_t1_bbch11,/home/nfs/data/nvme_datasets/Pictures_CFSB_leaf_damage/2025_09_15_Re4StRes_T1_DSV/IMG_2969.JPG,2.0,1.5164680480957031,0.8412271738052368,-0.6752408742904663,1.1587728261947632,0.4835319519042969,midpoint,45,single_rater_weak
2025_09_15_Re4StRes_T1_DSV/IMG_2970.JPG,plot_c1f0c6e2f35f65ae31ef,dsv_asendorf_t1_bbch11,/home/nfs/data/nvme_datasets/Pictures_CFSB_leaf_damage/2025_09_15_Re4StRes_T1_DSV/IMG_2970.JPG,2.0,1.1921305656433105,0.8181239366531372,-0.3740066587924957,1.1818760633468628,0.8078694343566895,midpoint,45,single_rater_weak
2025_09_15_Re4StRes_T1_DSV/IMG_2971.JPG,plot_c1f0c6e2f35f65ae31ef,dsv_asendorf_t1_bbch11,/home/nfs/data/nvme_datasets/Pictures_CFSB_leaf_damage/2025_09_15_Re4StRes_T1_DSV/IMG_2971.JPG,1.0,-0.2030940055847168,-0.7273232936859131,-0.5242292881011963,1.727323293685913,1.2030940055847168,midpoint,45,single_rater_weak
2025_09_15_Re4StRes_T1_DSV/IMG_2972.JPG,plot_c1f0c6e2f35f65ae31ef,dsv_asendorf_t1_bbch11,/home/nfs/data/nvme_datasets/Pictures_CFSB_leaf_damage/2025_09_15_Re4StRes_T1_DSV/IMG_2972.JPG,32.0,3.3095202445983887,3.329400062561035,0.019879724830389023,28.67060089111328,28.690479278564453,midpoint,45,single_rater_weak
2025_09_15_Re4StRes_T1_DSV/IMG_2973.JPG,plot_80e741bf3b567627e2ee,dsv_asendorf_t1_bbch11,/home/nfs/data/nvme_datasets/Pictures_CFSB_leaf_damage/2025_09_15_Re4StRes_T1_DSV/IMG_2973.JPG,10.0,0.7615575790405273,0.38105878233909607,-0.3804987967014313,9.618941307067871,9.238442420959473,midpoint,45,single_rater_weak
2025_09_15_Re4StRes_T1_DSV/IMG_2974.JPG,plot_80e741bf3b567627e2ee,dsv_asendorf_t1_bbch11,/home/nfs/data/nvme_datasets/Pictures_CFSB_leaf_damage/2025_09_15_Re4StRes_T1_DSV/IMG_2974.JPG,2.0,0.8760685920715332,0.07800722122192383,-0.7980613708496094,1.9219927787780762,1.1239314079284668,midpoint,45,single_rater_weak
2025_09_15_Re4StRes_T1_DSV/IMG_2975.JPG,plot_80e741bf3b567627e2ee,dsv_asendorf_t1_bbch11,/home/nfs/data/nvme_datasets/Pictures_CFSB_leaf_damage/2025_09_15_Re4StRes_T1_DSV/IMG_2975.JPG,3.0,2.2534313201904297,2.3483757972717285,0.09494446218013763,0.6516242027282715,0.7465686798095703,midpoint,45,single_rater_weak
2025_09_15_Re4StRes_T1_DSV/IMG_2976.JPG,plot_1278629ae0c47e163452,dsv_asendorf_t1_bbch11,/home/nfs/data/nvme_datasets/Pictures_CFSB_leaf_damage/2025_09_15_Re4StRes_T1_DSV/IMG_2976.JPG,11.0,2.9560484886169434,2.708649158477783,-0.24739937484264374,8.291351318359375,8.043951034545898,midpoint,45,single_rater_weak
2025_09_15_Re4StRes_T1_DSV/IMG_2976_2.JPG,plot_1278629ae0c47e163452,dsv_asendorf_t1_bbch11,/home/nfs/data/nvme_datasets/Pictures_CFSB_leaf_damage/2025_09_15_Re4StRes_T1_DSV/IMG_2976_2.JPG,11.0,1.7302236557006836,1.097607135772705,-0.6326165199279785,9.902393341064453,9.269776344299316,midpoint,45,single_rater_weak
2025_09_15_Re4StRes_T1_DSV/IMG_2976_3.JPG,plot_1278629ae0c47e163452,dsv_asendorf_t1_bbch11,/home/nfs/data/nvme_datasets/Pictures_CFSB_leaf_damage/2025_09_15_Re4StRes_T1_DSV/IMG_2976_3.JPG,23.0,2.829380512237549,2.5602405071258545,-0.26913997530937195,20.439760208129883,20.17061996459961,midpoint,45,single_rater_weak
2025_09_15_Re4StRes_T1_DSV/IMG_2980.JPG,plot_c7fbabf6a2b26f24808f,dsv_asendorf_t1_bbch11,/home/nfs/data/nvme_datasets/Pictures_CFSB_leaf_damage/2025_09_15_Re4StRes_T1_DSV/IMG_2980.JPG,16.0,1.7387185096740723,1.8246291875839233,0.08591063320636749,14.175371170043945,14.261281967163086,midpoint,45,single_rater_weak
2025_09_15_Re4StRes_T1_DSV/IMG_2982.JPG,plot_c7fbabf6a2b26f24808f,dsv_asendorf_t1_bbch11,/home/nfs/data/nvme_datasets/Pictures_CFSB_leaf_damage/2025_09_15_Re4StRes_T1_DSV/IMG_2982.JPG,3.0,2.4038143157958984,2.2676002979278564,-0.13621403276920319,0.7323997020721436,0.5961856842041016,midpoint,45,single_rater_weak
2025_09_15_Re4StRes_T1_DSV/IMG_2983.JPG,plot_c7fbabf6a2b26f24808f,dsv_asendorf_t1_bbch11,/home/nfs/data/nvme_datasets/Pictures_CFSB_leaf_damage/2025_09_15_Re4StRes_T1_DSV/IMG_2983.JPG,14.0,2.2192578315734863,2.550807237625122,0.3315494656562805,11.449193000793457,11.780742645263672,midpoint,45,single_rater_weak
2025_09_15_Re4StRes_T1_DSV/IMG_2984.JPG,plot_0aa20eee4008b12c7827,dsv_asendorf_t1_bbch11,/home/nfs/data/nvme_datasets/Pictures_CFSB_leaf_damage/2025_09_15_Re4StRes_T1_DSV/IMG_2984.JPG,2.0,1.758371353149414,2.158137559890747,0.39976614713668823,0.15813755989074707,0.24162864685058594,midpoint,45,single_rater_weak
2025_09_15_Re4StRes_T1_DSV/IMG_2985.JPG,plot_0aa20eee4008b12c7827,dsv_asendorf_t1_bbch11,/home/nfs/data/nvme_datasets/Pictures_CFSB_leaf_damage/2025_09_15_Re4StRes_T1_DSV/IMG_2985.JPG,10.0,3.798095703125,3.995914936065674,0.19781918823719025,6.004085063934326,6.201904296875,midpoint,45,single_rater_weak
2025_09_15_Re4StRes_T1_DSV/IMG_2986.JPG,plot_0aa20eee4008b12c7827,dsv_asendorf_t1_bbch11,/home/nfs/data/nvme_datasets/Pictures_CFSB_leaf_damage/2025_09_15_Re4StRes_T1_DSV/IMG_2986.JPG,11.0,1.3612151145935059,1.517878770828247,0.15666359663009644,9.482121467590332,9.638784408569336,midpoint,45,single_rater_weak
2025_09_15_Re4StRes_T1_DSV/IMG_2987.JPG,plot_63616db7b2f3b692a2db,dsv_asendorf_t1_bbch11,/home/nfs/data/nvme_datasets/Pictures_CFSB_leaf_damage/2025_09_15_Re4StRes_T1_DSV/IMG_2987.JPG,3.0,2.5035133361816406,2.3812241554260254,-0.12228920310735703,0.6187758445739746,0.4964866638183594,midpoint,45,single_rater_weak
2025_09_15_Re4StRes_T1_DSV/IMG_2988.JPG,plot_63616db7b2f3b692a2db,dsv_asendorf_t1_bbch11,/home/nfs/data/nvme_datasets/Pictures_CFSB_leaf_damage/2025_09_15_Re4StRes_T1_DSV/IMG_2988.JPG,3.0,2.9105610847473145,2.613227367401123,-0.29733383655548096,0.38677263259887695,0.08943891525268555,midpoint,45,single_rater_weak
2025_09_15_Re4StRes_T1_DSV/IMG_2989.JPG,plot_63616db7b2f3b692a2db,dsv_asendorf_t1_bbch11,/home/nfs/data/nvme_datasets/Pictures_CFSB_leaf_damage/2025_09_15_Re4StRes_T1_DSV/IMG_2989.JPG,3.0,1.5873918533325195,1.2363338470458984,-0.3510580062866211,1.7636661529541016,1.4126081466674805,midpoint,45,single_rater_weak
2025_09_15_Re4StRes_T1_DSV/IMG_2991.JPG,plot_8a89bf60b740c0cda37c,dsv_asendorf_t1_bbch11,/home/nfs/data/nvme_datasets/Pictures_CFSB_leaf_damage/2025_09_15_Re4StRes_T1_DSV/IMG_2991.JPG,1.0,0.45303869247436523,0.3686548173427582,-0.08438387513160706,0.6313451528549194,0.5469613075256348,midpoint,45,single_rater_weak
2025_09_15_Re4StRes_T1_DSV/IMG_2992.JPG,plot_8a89bf60b740c0cda37c,dsv_asendorf_t1_bbch11,/home/nfs/data/nvme_datasets/Pictures_CFSB_leaf_damage/2025_09_15_Re4StRes_T1_DSV/IMG_2992.JPG,1.0,1.129075050354004,1.2132692337036133,0.08419423550367355,0.21326923370361328,0.1290750503540039,midpoint,45,single_rater_weak
2025_09_15_Re4StRes_T1_DSV/IMG_2993.JPG,plot_8a89bf60b740c0cda37c,dsv_asendorf_t1_bbch11,/home/nfs/data/nvme_datasets/Pictures_CFSB_leaf_damage/2025_09_15_Re4StRes_T1_DSV/IMG_2993.JPG,5.0,0.6988029479980469,0.3982260525226593,-0.3005768954753876,4.601773738861084,4.301197052001953,midpoint,45,single_rater_weak
2025_09_15_Re4StRes_T1_DSV/IMG_2994.JPG,plot_bc4295919e8dde16e25b,dsv_asendorf_t1_bbch11,/home/nfs/data/nvme_datasets/Pictures_CFSB_leaf_damage/2025_09_15_Re4StRes_T1_DSV/IMG_2994.JPG,3.0,0.7874131202697754,0.311062216758728,-0.47635090351104736,2.6889376640319824,2.2125868797302246,midpoint,45,single_rater_weak
2025_09_15_Re4StRes_T1_DSV/IMG_2995.JPG,plot_bc4295919e8dde16e25b,dsv_asendorf_t1_bbch11,/home/nfs/data/nvme_datasets/Pictures_CFSB_leaf_damage/2025_09_15_Re4StRes_T1_DSV/IMG_2995.JPG,6.0,1.2194108963012695,0.9309737682342529,-0.2884370982646942,5.069025993347168,4.7805891036987305,midpoint,45,single_rater_weak
2025_09_15_Re4StRes_T1_DSV/IMG_2996.JPG,plot_bc4295919e8dde16e25b,dsv_asendorf_t1_bbch11,/home/nfs/data/nvme_datasets/Pictures_CFSB_leaf_damage/2025_09_15_Re4StRes_T1_DSV/IMG_2996.JPG,4.0,0.8217215538024902,0.31491386890411377,-0.5068076848983765,3.685086250305176,3.1782784461975098,midpoint,45,single_rater_weak
2025_09_15_Re4StRes_T1_DSV/IMG_2997.JPG,plot_97c5080017cabf6ae37d,dsv_asendorf_t1_bbch11,/home/nfs/data/nvme_datasets/Pictures_CFSB_leaf_damage/2025_09_15_Re4StRes_T1_DSV/IMG_2997.JPG,2.0,1.1566181182861328,1.0569664239883423,-0.09965169429779053,0.9430335760116577,0.8433818817138672,midpoint,45,single_rater_weak
2025_09_15_Re4StRes_T1_DSV/IMG_2998.JPG,plot_97c5080017cabf6ae37d,dsv_asendorf_t1_bbch11,/home/nfs/data/nvme_datasets/Pictures_CFSB_leaf_damage/2025_09_15_Re4StRes_T1_DSV/IMG_2998.JPG,2.0,0.6791396141052246,0.5904639959335327,-0.0886756032705307,1.4095360040664673,1.3208603858947754,midpoint,45,single_rater_weak
2025_09_15_Re4StRes_T1_DSV/IMG_2999.JPG,plot_97c5080017cabf6ae37d,dsv_asendorf_t1_bbch11,/home/nfs/data/nvme_datasets/Pictures_CFSB_leaf_damage/2025_09_15_Re4StRes_T1_DSV/IMG_2999.JPG,8.0,2.0771985054016113,2.0224809646606445,-0.05471742898225784,5.9775190353393555,5.922801494598389,midpoint,45,single_rater_weak
2025_09_15_Re4StRes_T1_DSV/IMG_3000.JPG,plot_14a8fb424e96fe0a56d0,dsv_asendorf_t1_bbch11,/home/nfs/data/nvme_datasets/Pictures_CFSB_leaf_damage/2025_09_15_Re4StRes_T1_DSV/IMG_3000.JPG,5.0,7.569680213928223,7.640203475952148,0.07052312046289444,2.6402034759521484,2.5696802139282227,midpoint,45,single_rater_weak
2025_09_15_Re4StRes_T1_DSV/IMG_3001.JPG,plot_14a8fb424e96fe0a56d0,dsv_asendorf_t1_bbch11,/home/nfs/data/nvme_datasets/Pictures_CFSB_leaf_damage/2025_09_15_Re4StRes_T1_DSV/IMG_3001.JPG,3.0,1.6058478355407715,1.3429503440856934,-0.2628975510597229,1.6570496559143066,1.3941521644592285,midpoint,45,single_rater_weak
2025_09_15_Re4StRes_T1_DSV/IMG_3002.JPG,plot_14a8fb424e96fe0a56d0,dsv_asendorf_t1_bbch11,/home/nfs/data/nvme_datasets/Pictures_CFSB_leaf_damage/2025_09_15_Re4StRes_T1_DSV/IMG_3002.JPG,2.0,1.3744845390319824,1.0753753185272217,-0.2991092801094055,0.9246246814727783,0.6255154609680176,midpoint,45,single_rater_weak
2025_09_15_Re4StRes_T1_DSV/IMG_3003.JPG,plot_aa97836ee689a5b0b216,dsv_asendorf_t1_bbch11,/home/nfs/data/nvme_datasets/Pictures_CFSB_leaf_damage/2025_09_15_Re4StRes_T1_DSV/IMG_3003.JPG,1.0,1.047658920288086,0.45488232374191284,-0.5927765965461731,0.5451176762580872,0.04765892028808594,midpoint,45,single_rater_weak
2025_09_15_Re4StRes_T1_DSV/IMG_3004.JPG,plot_aa97836ee689a5b0b216,dsv_asendorf_t1_bbch11,/home/nfs/data/nvme_datasets/Pictures_CFSB_leaf_damage/2025_09_15_Re4StRes_T1_DSV/IMG_3004.JPG,1.0,1.2519283294677734,1.6823521852493286,0.4304238557815552,0.6823521852493286,0.25192832946777344,midpoint,45,single_rater_weak
2025_09_15_Re4StRes_T1_DSV/IMG_3005.JPG,plot_aa97836ee689a5b0b216,dsv_asendorf_t1_bbch11,/home/nfs/data/nvme_datasets/Pictures_CFSB_leaf_damage/2025_09_15_Re4StRes_T1_DSV/IMG_3005.JPG,1.0,1.3862013816833496,1.0775337219238281,-0.30866768956184387,0.07753372192382812,0.3862013816833496,midpoint,45,single_rater_weak
2025_09_15_Re4StRes_T1_DSV/IMG_3006.JPG,plot_a1e8146ba955f839ae4f,dsv_asendorf_t1_bbch11,/home/nfs/data/nvme_datasets/Pictures_CFSB_leaf_damage/2025_09_15_Re4StRes_T1_DSV/IMG_3006.JPG,2.0,2.5587449073791504,2.6243655681610107,0.065620556473732,0.6243655681610107,0.5587449073791504,midpoint,45,single_rater_weak
2025_09_15_Re4StRes_T1_DSV/IMG_3007.JPG,plot_a1e8146ba955f839ae4f,dsv_asendorf_t1_bbch11,/home/nfs/data/nvme_datasets/Pictures_CFSB_leaf_damage/2025_09_15_Re4StRes_T1_DSV/IMG_3007.JPG,1.0,1.3458471298217773,1.0152828693389893,-0.3305642306804657,0.015282869338989258,0.34584712982177734,midpoint,45,single_rater_weak
2025_09_15_Re4StRes_T1_DSV/IMG_3008.JPG,plot_a1e8146ba955f839ae4f,dsv_asendorf_t1_bbch11,/home/nfs/data/nvme_datasets/Pictures_CFSB_leaf_damage/2025_09_15_Re4StRes_T1_DSV/IMG_3008.JPG,2.0,4.336676597595215,4.104417324066162,-0.2322591245174408,2.104417324066162,2.336676597595215,midpoint,45,single_rater_weak
2025_09_15_Re4StRes_T1_DSV/IMG_3009.JPG,plot_9f0cb6f1d4a457848dbb,dsv_asendorf_t1_bbch11,/home/nfs/data/nvme_datasets/Pictures_CFSB_leaf_damage/2025_09_15_Re4StRes_T1_DSV/IMG_3009.JPG,1.0,2.825843334197998,3.0813584327697754,0.25551503896713257,2.0813584327697754,1.825843334197998,midpoint,45,single_rater_weak
2025_09_15_Re4StRes_T1_DSV/IMG_3010.JPG,plot_9f0cb6f1d4a457848dbb,dsv_asendorf_t1_bbch11,/home/nfs/data/nvme_datasets/Pictures_CFSB_leaf_damage/2025_09_15_Re4StRes_T1_DSV/IMG_3010.JPG,2.0,1.4765691757202148,1.216321587562561,-0.2602475881576538,0.783678412437439,0.5234308242797852,midpoint,45,single_rater_weak
2025_09_15_Re4StRes_T1_DSV/IMG_3011.JPG,plot_9f0cb6f1d4a457848dbb,dsv_asendorf_t1_bbch11,/home/nfs/data/nvme_datasets/Pictures_CFSB_leaf_damage/2025_09_15_Re4StRes_T1_DSV/IMG_3011.JPG,3.0,0.8321342468261719,1.0529903173446655,0.22085605561733246,1.9470096826553345,2.167865753173828,midpoint,45,single_rater_weak
2025_09_15_Re4StRes_T1_DSV/IMG_3012.JPG,plot_d3562811b7b7b9141ae0,dsv_asendorf_t1_bbch11,/home/nfs/data/nvme_datasets/Pictures_CFSB_leaf_damage/2025_09_15_Re4StRes_T1_DSV/IMG_3012.JPG,2.0,0.4133114814758301,0.10144013166427612,-0.31187134981155396,1.898559808731079,1.58668851852417,midpoint,45,single_rater_weak
2025_09_15_Re4StRes_T1_DSV/IMG_3013.JPG,plot_d3562811b7b7b9141ae0,dsv_asendorf_t1_bbch11,/home/nfs/data/nvme_datasets/Pictures_CFSB_leaf_damage/2025_09_15_Re4StRes_T1_DSV/IMG_3013.JPG,2.0,2.6845803260803223,2.965013027191162,0.28043273091316223,0.9650130271911621,0.6845803260803223,midpoint,45,single_rater_weak
2025_09_15_Re4StRes_T1_DSV/IMG_3014.JPG,plot_d3562811b7b7b9141ae0,dsv_asendorf_t1_bbch11,/home/nfs/data/nvme_datasets/Pictures_CFSB_leaf_damage/2025_09_15_Re4StRes_T1_DSV/IMG_3014.JPG,1.0,1.7185001373291016,1.7804876565933228,0.06198756769299507,0.7804876565933228,0.7185001373291016,midpoint,45,single_rater_weak
2025_09_15_Re4StRes_T1_DSV/IMG_3016.JPG,plot_71afd76761b661030718,dsv_asendorf_t1_bbch11,/home/nfs/data/nvme_datasets/Pictures_CFSB_leaf_damage/2025_09_15_Re4StRes_T1_DSV/IMG_3016.JPG,5.0,1.744734764099121,1.8550810813903809,0.11034633964300156,3.144918918609619,3.255265235900879,midpoint,45,single_rater_weak
2025_09_15_Re4StRes_T1_DSV/IMG_3017.JPG,plot_71afd76761b661030718,dsv_asendorf_t1_bbch11,/home/nfs/data/nvme_datasets/Pictures_CFSB_leaf_damage/2025_09_15_Re4StRes_T1_DSV/IMG_3017.JPG,1.0,0.2534751892089844,-0.1789892315864563,-0.4324644207954407,1.1789891719818115,0.7465248107910156,midpoint,45,single_rater_weak
2025_09_15_Re4StRes_T1_DSV/IMG_3018.JPG,plot_71afd76761b661030718,dsv_asendorf_t1_bbch11,/home/nfs/data/nvme_datasets/Pictures_CFSB_leaf_damage/2025_09_15_Re4StRes_T1_DSV/IMG_3018.JPG,1.0,0.033873558044433594,-0.038990169763565063,-0.07286372780799866,1.0389901399612427,0.9661264419555664,midpoint,45,single_rater_weak
2025_09_15_Re4StRes_T1_DSV/IMG_3019.JPG,plot_d104a1c2316299fcc3e9,dsv_asendorf_t1_bbch11,/home/nfs/data/nvme_datasets/Pictures_CFSB_leaf_damage/2025_09_15_Re4StRes_T1_DSV/IMG_3019.JPG,7.0,2.3736519813537598,2.1708950996398926,-0.2027568370103836,4.829104900360107,4.62634801864624,midpoint,45,single_rater_weak
2025_09_15_Re4StRes_T1_DSV/IMG_3020.JPG,plot_d104a1c2316299fcc3e9,dsv_asendorf_t1_bbch11,/home/nfs/data/nvme_datasets/Pictures_CFSB_leaf_damage/2025_09_15_Re4StRes_T1_DSV/IMG_3020.JPG,12.0,3.314687728881836,2.7873504161834717,-0.5273373126983643,9.21264934539795,8.685312271118164,midpoint,45,single_rater_weak
2025_09_15_Re4StRes_T1_DSV/IMG_3021.JPG,plot_d104a1c2316299fcc3e9,dsv_asendorf_t1_bbch11,/home/nfs/data/nvme_datasets/Pictures_CFSB_leaf_damage/2025_09_15_Re4StRes_T1_DSV/IMG_3021.JPG,9.0,2.1058287620544434,1.6697382926940918,-0.43609049916267395,7.330261707305908,6.894171237945557,midpoint,45,single_rater_weak
2025_09_15_Re4StRes_T1_DSV/IMG_3022.JPG,plot_fcd78b9cf75eff63f9b3,dsv_asendorf_t1_bbch11,/home/nfs/data/nvme_datasets/Pictures_CFSB_leaf_damage/2025_09_15_Re4StRes_T1_DSV/IMG_3022.JPG,4.0,1.7818589210510254,1.2972955703735352,-0.484563410282135,2.702704429626465,2.2181410789489746,midpoint,45,single_rater_weak
2025_09_15_Re4StRes_T1_DSV/IMG_3023.JPG,plot_fcd78b9cf75eff63f9b3,dsv_asendorf_t1_bbch11,/home/nfs/data/nvme_datasets/Pictures_CFSB_leaf_damage/2025_09_15_Re4StRes_T1_DSV/IMG_3023.JPG,5.0,0.3160514831542969,-0.26951920986175537,-0.5855706930160522,5.269519329071045,4.683948516845703,midpoint,45,single_rater_weak
2025_09_15_Re4StRes_T1_DSV/IMG_3024.JPG,plot_fcd78b9cf75eff63f9b3,dsv_asendorf_t1_bbch11,/home/nfs/data/nvme_datasets/Pictures_CFSB_leaf_damage/2025_09_15_Re4StRes_T1_DSV/IMG_3024.JPG,3.0,-0.37993431091308594,-0.8511257171630859,-0.47119140625,3.851125717163086,3.379934310913086,midpoint,45,single_rater_weak
2025_09_15_Re4StRes_T1_DSV/IMG_3025.JPG,plot_5ea37da6e73f21c4a6e1,dsv_asendorf_t1_bbch11,/home/nfs/data/nvme_datasets/Pictures_CFSB_leaf_damage/2025_09_15_Re4StRes_T1_DSV/IMG_3025.JPG,2.0,0.8951554298400879,0.4668809175491333,-0.4282745122909546,1.5331190824508667,1.104844570159912,midpoint,45,single_rater_weak
2025_09_15_Re4StRes_T1_DSV/IMG_3026.JPG,plot_5ea37da6e73f21c4a6e1,dsv_asendorf_t1_bbch11,/home/nfs/data/nvme_datasets/Pictures_CFSB_leaf_damage/2025_09_15_Re4StRes_T1_DSV/IMG_3026.JPG,3.0,0.1971454620361328,-0.01394924521446228,-0.2110947072505951,3.013949155807495,2.802854537963867,midpoint,45,single_rater_weak
2025_09_15_Re4StRes_T1_DSV/IMG_3029.JPG,plot_5ea37da6e73f21c4a6e1,dsv_asendorf_t1_bbch11,/home/nfs/data/nvme_datasets/Pictures_CFSB_leaf_damage/2025_09_15_Re4StRes_T1_DSV/IMG_3029.JPG,2.0,0.6689701080322266,-0.21535634994506836,-0.8843264579772949,2.2153563499450684,1.3310298919677734,midpoint,45,single_rater_weak
2025_09_15_Re4StRes_T1_DSV/IMG_3030.JPG,plot_0ce175aa7ca7721d50e7,dsv_asendorf_t1_bbch11,/home/nfs/data/nvme_datasets/Pictures_CFSB_leaf_damage/2025_09_15_Re4StRes_T1_DSV/IMG_3030.JPG,4.0,2.3100967407226562,1.8145009279251099,-0.4955958127975464,2.1854991912841797,1.6899032592773438,midpoint,45,single_rater_weak
2025_09_15_Re4StRes_T1_DSV/IMG_3031.JPG,plot_0ce175aa7ca7721d50e7,dsv_asendorf_t1_bbch11,/home/nfs/data/nvme_datasets/Pictures_CFSB_leaf_damage/2025_09_15_Re4StRes_T1_DSV/IMG_3031.JPG,7.0,2.4199156761169434,2.073911428451538,-0.3460042476654053,4.926088333129883,4.580084323883057,midpoint,45,single_rater_weak
2025_09_15_Re4StRes_T1_DSV/IMG_3032.JPG,plot_0ce175aa7ca7721d50e7,dsv_asendorf_t1_bbch11,/home/nfs/data/nvme_datasets/Pictures_CFSB_leaf_damage/2025_09_15_Re4StRes_T1_DSV/IMG_3032.JPG,2.0,0.9584217071533203,0.4714651107788086,-0.4869565963745117,1.5285348892211914,1.0415782928466797,midpoint,45,single_rater_weak
2025_09_15_Re4StRes_T1_DSV/IMG_3033.JPG,plot_a3eb976f1f47c49facd3,dsv_asendorf_t1_bbch11,/home/nfs/data/nvme_datasets/Pictures_CFSB_leaf_damage/2025_09_15_Re4StRes_T1_DSV/IMG_3033.JPG,8.0,2.392977714538574,2.0191385746002197,-0.3738391101360321,5.980861663818359,5.607022285461426,midpoint,45,single_rater_weak
2025_09_15_Re4StRes_T1_DSV/IMG_3034.JPG,plot_a3eb976f1f47c49facd3,dsv_asendorf_t1_bbch11,/home/nfs/data/nvme_datasets/Pictures_CFSB_leaf_damage/2025_09_15_Re4StRes_T1_DSV/IMG_3034.JPG,14.0,2.1985158920288086,1.702333688735962,-0.49618226289749146,12.297666549682617,11.801484107971191,midpoint,45,single_rater_weak
2025_09_15_Re4StRes_T1_DSV/IMG_3035.JPG,plot_a3eb976f1f47c49facd3,dsv_asendorf_t1_bbch11,/home/nfs/data/nvme_datasets/Pictures_CFSB_leaf_damage/2025_09_15_Re4StRes_T1_DSV/IMG_3035.JPG,5.0,3.513529062271118,2.815948486328125,-0.6975805759429932,2.184051513671875,1.4864709377288818,midpoint,45,single_rater_weak
2025_09_15_Re4StRes_T1_DSV/IMG_3038.JPG,plot_77d5b5f84041b233d0f3,dsv_asendorf_t1_bbch11,/home/nfs/data/nvme_datasets/Pictures_CFSB_leaf_damage/2025_09_15_Re4StRes_T1_DSV/IMG_3038.JPG,10.0,1.4808297157287598,1.266887903213501,-0.21394187211990356,8.733112335205078,8.519170761108398,midpoint,45,single_rater_weak
2025_09_15_Re4StRes_T1_DSV/IMG_3039.JPG,plot_77d5b5f84041b233d0f3,dsv_asendorf_t1_bbch11,/home/nfs/data/nvme_datasets/Pictures_CFSB_leaf_damage/2025_09_15_Re4StRes_T1_DSV/IMG_3039.JPG,14.0,1.2762045860290527,0.5462868213653564,-0.7299177646636963,13.453713417053223,12.723794937133789,midpoint,45,single_rater_weak
2025_09_15_Re4StRes_T1_DSV/IMG_3040.JPG,plot_77d5b5f84041b233d0f3,dsv_asendorf_t1_bbch11,/home/nfs/data/nvme_datasets/Pictures_CFSB_leaf_damage/2025_09_15_Re4StRes_T1_DSV/IMG_3040.JPG,12.0,1.0310354232788086,0.4496912956237793,-0.5813441276550293,11.550308227539062,10.968964576721191,midpoint,45,single_rater_weak
2025_09_15_Re4StRes_T1_DSV/IMG_3041.JPG,plot_41e2d36a0697e4fdd1d3,dsv_asendorf_t1_bbch11,/home/nfs/data/nvme_datasets/Pictures_CFSB_leaf_damage/2025_09_15_Re4StRes_T1_DSV/IMG_3041.JPG,1.0,-0.5602178573608398,-0.38006436824798584,0.1801534742116928,1.3800643682479858,1.5602178573608398,midpoint,45,single_rater_weak
2025_09_15_Re4StRes_T1_DSV/IMG_3042.JPG,plot_41e2d36a0697e4fdd1d3,dsv_asendorf_t1_bbch11,/home/nfs/data/nvme_datasets/Pictures_CFSB_leaf_damage/2025_09_15_Re4StRes_T1_DSV/IMG_3042.JPG,4.0,0.4389195442199707,0.47493013739585876,0.03601060062646866,3.5250699520111084,3.5610804557800293,midpoint,45,single_rater_weak
2025_09_15_Re4StRes_T1_DSV/IMG_3043.JPG,plot_41e2d36a0697e4fdd1d3,dsv_asendorf_t1_bbch11,/home/nfs/data/nvme_datasets/Pictures_CFSB_leaf_damage/2025_09_15_Re4StRes_T1_DSV/IMG_3043.JPG,2.0,0.42969751358032227,0.691456139087677,0.26175862550735474,1.3085439205169678,1.5703024864196777,midpoint,45,single_rater_weak
2025_09_15_Re4StRes_T1_DSV/IMG_3044.JPG,plot_82a33bdf683d81af54ca,dsv_asendorf_t1_bbch11,/home/nfs/data/nvme_datasets/Pictures_CFSB_leaf_damage/2025_09_15_Re4StRes_T1_DSV/IMG_3044.JPG,2.0,0.9982171058654785,0.7908847332000732,-0.20733240246772766,1.2091152667999268,1.0017828941345215,midpoint,45,single_rater_weak
2025_09_15_Re4StRes_T1_DSV/IMG_3045.JPG,plot_82a33bdf683d81af54ca,dsv_asendorf_t1_bbch11,/home/nfs/data/nvme_datasets/Pictures_CFSB_leaf_damage/2025_09_15_Re4StRes_T1_DSV/IMG_3045.JPG,2.0,0.4906034469604492,-0.0842943787574768,-0.574897825717926,2.084294319152832,1.5093965530395508,midpoint,45,single_rater_weak
2025_09_15_Re4StRes_T1_DSV/IMG_3046.JPG,plot_82a33bdf683d81af54ca,dsv_asendorf_t1_bbch11,/home/nfs/data/nvme_datasets/Pictures_CFSB_leaf_damage/2025_09_15_Re4StRes_T1_DSV/IMG_3046.JPG,3.0,1.848196029663086,1.3269767761230469,-0.5212192535400391,1.6730232238769531,1.151803970336914,midpoint,45,single_rater_weak
2025_09_15_Re4StRes_T1_DSV/IMG_3047.JPG,plot_beabe437af1837675d26,dsv_asendorf_t1_bbch11,/home/nfs/data/nvme_datasets/Pictures_CFSB_leaf_damage/2025_09_15_Re4StRes_T1_DSV/IMG_3047.JPG,12.0,3.0942749977111816,2.7318613529205322,-0.3624136745929718,9.268138885498047,8.905725479125977,midpoint,45,single_rater_weak
2025_09_15_Re4StRes_T1_DSV/IMG_3048.JPG,plot_beabe437af1837675d26,dsv_asendorf_t1_bbch11,/home/nfs/data/nvme_datasets/Pictures_CFSB_leaf_damage/2025_09_15_Re4StRes_T1_DSV/IMG_3048.JPG,1.0,0.06614351272583008,-0.026353031396865845,-0.09249654412269592,1.0263530015945435,0.9338564872741699,midpoint,45,single_rater_weak
2025_09_15_Re4StRes_T1_DSV/IMG_3049.JPG,plot_beabe437af1837675d26,dsv_asendorf_t1_bbch11,/home/nfs/data/nvme_datasets/Pictures_CFSB_leaf_damage/2025_09_15_Re4StRes_T1_DSV/IMG_3049.JPG,15.0,0.6644692420959473,0.262742817401886,-0.4017264246940613,14.73725700378418,14.335531234741211,midpoint,45,single_rater_weak
2025_09_15_Re4StRes_T1_DSV/IMG_3051.JPG,plot_a2ed1cc6b8bdcc6149bd,dsv_asendorf_t1_bbch11,/home/nfs/data/nvme_datasets/Pictures_CFSB_leaf_damage/2025_09_15_Re4StRes_T1_DSV/IMG_3051.JPG,20.0,3.4707210063934326,3.625603675842285,0.1548827439546585,16.37439727783203,16.529279708862305,midpoint,45,single_rater_weak
2025_09_15_Re4StRes_T1_DSV/IMG_3052.JPG,plot_a2ed1cc6b8bdcc6149bd,dsv_asendorf_t1_bbch11,/home/nfs/data/nvme_datasets/Pictures_CFSB_leaf_damage/2025_09_15_Re4StRes_T1_DSV/IMG_3052.JPG,1.0,0.2760128974914551,-0.05503338575363159,-0.33104628324508667,1.0550334453582764,0.7239871025085449,midpoint,45,single_rater_weak
2025_09_15_Re4StRes_T1_DSV/IMG_3053.JPG,plot_a2ed1cc6b8bdcc6149bd,dsv_asendorf_t1_bbch11,/home/nfs/data/nvme_datasets/Pictures_CFSB_leaf_damage/2025_09_15_Re4StRes_T1_DSV/IMG_3053.JPG,6.0,1.2175383567810059,0.4166266918182373,-0.8009116649627686,5.583373069763184,4.782461643218994,midpoint,45,single_rater_weak
2025_09_15_Re4StRes_T1_DSV/IMG_3054.JPG,plot_b4a8a8105ed2dbe9ebe8,dsv_asendorf_t1_bbch11,/home/nfs/data/nvme_datasets/Pictures_CFSB_leaf_damage/2025_09_15_Re4StRes_T1_DSV/IMG_3054.JPG,2.0,2.6400294303894043,2.308896064758301,-0.33113348484039307,0.3088960647583008,0.6400294303894043,midpoint,45,single_rater_weak
2025_09_15_Re4StRes_T1_DSV/IMG_3055.JPG,plot_b4a8a8105ed2dbe9ebe8,dsv_asendorf_t1_bbch11,/home/nfs/data/nvme_datasets/Pictures_CFSB_leaf_damage/2025_09_15_Re4StRes_T1_DSV/IMG_3055.JPG,14.0,1.2995834350585938,0.8925966024398804,-0.406986802816391,13.107403755187988,12.700416564941406,midpoint,45,single_rater_weak
2025_09_15_Re4StRes_T1_DSV/IMG_3056.JPG,plot_b4a8a8105ed2dbe9ebe8,dsv_asendorf_t1_bbch11,/home/nfs/data/nvme_datasets/Pictures_CFSB_leaf_damage/2025_09_15_Re4StRes_T1_DSV/IMG_3056.JPG,19.0,3.325007915496826,3.055187225341797,-0.26982057094573975,15.944812774658203,15.674991607666016,midpoint,45,single_rater_weak
2025_09_15_Re4StRes_T1_DSV/IMG_3057.JPG,plot_3e540258e11d136b5e0a,dsv_asendorf_t1_bbch11,/home/nfs/data/nvme_datasets/Pictures_CFSB_leaf_damage/2025_09_15_Re4StRes_T1_DSV/IMG_3057.JPG,2.0,0.6487579345703125,-0.1773260235786438,-0.8260839581489563,2.177325963973999,1.3512420654296875,midpoint,45,single_rater_weak
2025_09_15_Re4StRes_T1_DSV/IMG_3058.JPG,plot_3e540258e11d136b5e0a,dsv_asendorf_t1_bbch11,/home/nfs/data/nvme_datasets/Pictures_CFSB_leaf_damage/2025_09_15_Re4StRes_T1_DSV/IMG_3058.JPG,2.0,1.025611400604248,0.28521984815597534,-0.7403915524482727,1.7147800922393799,0.974388599395752,midpoint,45,single_rater_weak
2025_09_15_Re4StRes_T1_DSV/IMG_3059.JPG,plot_3e540258e11d136b5e0a,dsv_asendorf_t1_bbch11,/home/nfs/data/nvme_datasets/Pictures_CFSB_leaf_damage/2025_09_15_Re4StRes_T1_DSV/IMG_3059.JPG,22.0,2.257467746734619,1.7007250785827637,-0.5567426681518555,20.299274444580078,19.74253273010254,midpoint,45,single_rater_weak
2025_09_15_Re4StRes_T1_DSV/IMG_3060.JPG,plot_36946134443f48a42c1a,dsv_asendorf_t1_bbch11,/home/nfs/data/nvme_datasets/Pictures_CFSB_leaf_damage/2025_09_15_Re4StRes_T1_DSV/IMG_3060.JPG,4.0,1.299349308013916,1.0152543783187866,-0.2840949594974518,2.984745502471924,2.700650691986084,midpoint,45,single_rater_weak
2025_09_15_Re4StRes_T1_DSV/IMG_3061.JPG,plot_36946134443f48a42c1a,dsv_asendorf_t1_bbch11,/home/nfs/data/nvme_datasets/Pictures_CFSB_leaf_damage/2025_09_15_Re4StRes_T1_DSV/IMG_3061.JPG,22.0,3.3880677223205566,3.142219305038452,-0.24584850668907166,18.85778045654297,18.6119327545166,midpoint,45,single_rater_weak
2025_09_15_Re4StRes_T1_DSV/IMG_3062.JPG,plot_36946134443f48a42c1a,dsv_asendorf_t1_bbch11,/home/nfs/data/nvme_datasets/Pictures_CFSB_leaf_damage/2025_09_15_Re4StRes_T1_DSV/IMG_3062.JPG,1.0,0.7341017723083496,0.06992864608764648,-0.6641731262207031,0.9300713539123535,0.2658982276916504,midpoint,45,single_rater_weak
2025_09_15_Re4StRes_T1_DSV/IMG_3063.JPG,plot_c6d52590997c1a6a7b06,dsv_asendorf_t1_bbch11,/home/nfs/data/nvme_datasets/Pictures_CFSB_leaf_damage/2025_09_15_Re4StRes_T1_DSV/IMG_3063.JPG,4.0,1.6631250381469727,0.7966552972793579,-0.8664697408676147,3.2033448219299316,2.3368749618530273,midpoint,45,single_rater_weak
2025_09_15_Re4StRes_T1_DSV/IMG_3064.JPG,plot_c6d52590997c1a6a7b06,dsv_asendorf_t1_bbch11,/home/nfs/data/nvme_datasets/Pictures_CFSB_leaf_damage/2025_09_15_Re4StRes_T1_DSV/IMG_3064.JPG,4.0,2.9771180152893066,3.382143259048462,0.40502533316612244,0.6178567409515381,1.0228819847106934,midpoint,45,single_rater_weak
2025_09_15_Re4StRes_T1_DSV/IMG_3065.JPG,plot_c6d52590997c1a6a7b06,dsv_asendorf_t1_bbch11,/home/nfs/data/nvme_datasets/Pictures_CFSB_leaf_damage/2025_09_15_Re4StRes_T1_DSV/IMG_3065.JPG,10.0,3.2421154975891113,3.084954023361206,-0.15716157853603363,6.915045738220215,6.757884502410889,midpoint,45,single_rater_weak
2025_09_15_Re4StRes_T1_DSV/IMG_3066.JPG,plot_5b5cb2833023b786f6d1,dsv_asendorf_t1_bbch11,/home/nfs/data/nvme_datasets/Pictures_CFSB_leaf_damage/2025_09_15_Re4StRes_T1_DSV/IMG_3066.JPG,2.0,0.5046696662902832,0.2878696024417877,-0.21680006384849548,1.7121304273605347,1.4953303337097168,midpoint,45,single_rater_weak
2025_09_15_Re4StRes_T1_DSV/IMG_3067.JPG,plot_5b5cb2833023b786f6d1,dsv_asendorf_t1_bbch11,/home/nfs/data/nvme_datasets/Pictures_CFSB_leaf_damage/2025_09_15_Re4StRes_T1_DSV/IMG_3067.JPG,3.0,0.440310001373291,-0.06615042686462402,-0.506460428237915,3.066150426864624,2.559689998626709,midpoint,45,single_rater_weak
2025_09_15_Re4StRes_T1_DSV/IMG_3068.JPG,plot_5b5cb2833023b786f6d1,dsv_asendorf_t1_bbch11,/home/nfs/data/nvme_datasets/Pictures_CFSB_leaf_damage/2025_09_15_Re4StRes_T1_DSV/IMG_3068.JPG,15.0,1.2661442756652832,1.011549711227417,-0.2545945644378662,13.988450050354004,13.733856201171875,midpoint,45,single_rater_weak
2025_09_15_Re4StRes_T1_DSV/IMG_3069.JPG,plot_a4f0c368013c826ed72e,dsv_asendorf_t1_bbch11,/home/nfs/data/nvme_datasets/Pictures_CFSB_leaf_damage/2025_09_15_Re4StRes_T1_DSV/IMG_3069.JPG,8.0,0.9964022636413574,0.6335209012031555,-0.3628813624382019,7.36647891998291,7.003597736358643,midpoint,45,single_rater_weak
2025_09_15_Re4StRes_T1_DSV/IMG_3070.JPG,plot_a4f0c368013c826ed72e,dsv_asendorf_t1_bbch11,/home/nfs/data/nvme_datasets/Pictures_CFSB_leaf_damage/2025_09_15_Re4StRes_T1_DSV/IMG_3070.JPG,2.0,0.3432140350341797,0.6860714554786682,0.3428574204444885,1.3139286041259766,1.6567859649658203,midpoint,45,single_rater_weak
2025_09_15_Re4StRes_T1_DSV/IMG_3071.JPG,plot_a4f0c368013c826ed72e,dsv_asendorf_t1_bbch11,/home/nfs/data/nvme_datasets/Pictures_CFSB_leaf_damage/2025_09_15_Re4StRes_T1_DSV/IMG_3071.JPG,8.0,1.5473108291625977,1.9616973400115967,0.4143865406513214,6.038302421569824,6.452689170837402,midpoint,45,single_rater_weak
2025_09_15_Re4StRes_T1_DSV/IMG_3072.JPG,plot_079cfae1722c234c4cbf,dsv_asendorf_t1_bbch11,/home/nfs/data/nvme_datasets/Pictures_CFSB_leaf_damage/2025_09_15_Re4StRes_T1_DSV/IMG_3072.JPG,6.0,0.7883696556091309,0.450675904750824,-0.3376937508583069,5.549324035644531,5.211630344390869,midpoint,45,single_rater_weak
2025_09_15_Re4StRes_T1_DSV/IMG_3073.JPG,plot_079cfae1722c234c4cbf,dsv_asendorf_t1_bbch11,/home/nfs/data/nvme_datasets/Pictures_CFSB_leaf_damage/2025_09_15_Re4StRes_T1_DSV/IMG_3073.JPG,5.0,0.6857118606567383,1.124786138534546,0.4390743374824524,3.875213861465454,4.314288139343262,midpoint,45,single_rater_weak
2025_09_15_Re4StRes_T1_DSV/IMG_3074.JPG,plot_079cfae1722c234c4cbf,dsv_asendorf_t1_bbch11,/home/nfs/data/nvme_datasets/Pictures_CFSB_leaf_damage/2025_09_15_Re4StRes_T1_DSV/IMG_3074.JPG,16.0,2.4581894874572754,2.8380041122436523,0.37981468439102173,13.161995887756348,13.541810989379883,midpoint,45,single_rater_weak
2025_09_15_Re4StRes_T1_DSV/IMG_3075.JPG,plot_dfca0e4d30041b1626c7,dsv_asendorf_t1_bbch11,/home/nfs/data/nvme_datasets/Pictures_CFSB_leaf_damage/2025_09_15_Re4StRes_T1_DSV/IMG_3075.JPG,21.0,1.83314847946167,2.053647518157959,0.2204991579055786,18.946352005004883,19.166851043701172,midpoint,45,single_rater_weak
2025_09_15_Re4StRes_T1_DSV/IMG_3076.JPG,plot_dfca0e4d30041b1626c7,dsv_asendorf_t1_bbch11,/home/nfs/data/nvme_datasets/Pictures_CFSB_leaf_damage/2025_09_15_Re4StRes_T1_DSV/IMG_3076.JPG,10.0,0.3918018341064453,0.4211975932121277,0.029395774006843567,9.578802108764648,9.608198165893555,midpoint,45,single_rater_weak
2025_09_15_Re4StRes_T1_DSV/IMG_3077.JPG,plot_dfca0e4d30041b1626c7,dsv_asendorf_t1_bbch11,/home/nfs/data/nvme_datasets/Pictures_CFSB_leaf_damage/2025_09_15_Re4StRes_T1_DSV/IMG_3077.JPG,16.0,1.4392070770263672,1.953506588935852,0.5142995119094849,14.046493530273438,14.560792922973633,midpoint,45,single_rater_weak
2025_09_15_Re4StRes_T1_DSV/IMG_3078.JPG,plot_872a472d88c05d21c13c,dsv_asendorf_t1_bbch11,/home/nfs/data/nvme_datasets/Pictures_CFSB_leaf_damage/2025_09_15_Re4StRes_T1_DSV/IMG_3078.JPG,4.0,0.10432577133178711,-0.47509801387786865,-0.5794237852096558,4.475098133087158,3.895674228668213,midpoint,45,single_rater_weak
2025_09_15_Re4StRes_T1_DSV/IMG_3079.JPG,plot_872a472d88c05d21c13c,dsv_asendorf_t1_bbch11,/home/nfs/data/nvme_datasets/Pictures_CFSB_leaf_damage/2025_09_15_Re4StRes_T1_DSV/IMG_3079.JPG,5.0,-0.43995237350463867,-0.9198673963546753,-0.47991499304771423,5.919867515563965,5.439952373504639,midpoint,45,single_rater_weak
2025_09_15_Re4StRes_T1_DSV/IMG_3080.JPG,plot_872a472d88c05d21c13c,dsv_asendorf_t1_bbch11,/home/nfs/data/nvme_datasets/Pictures_CFSB_leaf_damage/2025_09_15_Re4StRes_T1_DSV/IMG_3080.JPG,14.0,-0.24537420272827148,-0.7667686939239502,-0.5213944911956787,14.766768455505371,14.24537467956543,midpoint,45,single_rater_weak
2025_09_15_Re4StRes_T1_DSV/IMG_3081.JPG,plot_b87d088d07adcfff1ebd,dsv_asendorf_t1_bbch11,/home/nfs/data/nvme_datasets/Pictures_CFSB_leaf_damage/2025_09_15_Re4StRes_T1_DSV/IMG_3081.JPG,3.0,1.2138023376464844,0.5628007054328918,-0.6510016322135925,2.437199354171753,1.7861976623535156,midpoint,45,single_rater_weak
2025_09_15_Re4StRes_T1_DSV/IMG_3082.JPG,plot_b87d088d07adcfff1ebd,dsv_asendorf_t1_bbch11,/home/nfs/data/nvme_datasets/Pictures_CFSB_leaf_damage/2025_09_15_Re4StRes_T1_DSV/IMG_3082.JPG,18.0,1.202061653137207,0.8369123935699463,-0.36514922976493835,17.163087844848633,16.79793930053711,midpoint,45,single_rater_weak
2025_09_15_Re4StRes_T1_DSV/IMG_3083.JPG,plot_b87d088d07adcfff1ebd,dsv_asendorf_t1_bbch11,/home/nfs/data/nvme_datasets/Pictures_CFSB_leaf_damage/2025_09_15_Re4StRes_T1_DSV/IMG_3083.JPG,6.0,0.33817529678344727,-0.1861896514892578,-0.5243649482727051,6.186189651489258,5.661824703216553,midpoint,45,single_rater_weak
2025_09_15_Re4StRes_T1_DSV/IMG_3084.JPG,plot_b4abae7476e8e480b37d,dsv_asendorf_t1_bbch11,/home/nfs/data/nvme_datasets/Pictures_CFSB_leaf_damage/2025_09_15_Re4StRes_T1_DSV/IMG_3084.JPG,34.0,4.425973415374756,5.093648910522461,0.6676756739616394,28.90635108947754,29.574026107788086,midpoint,45,single_rater_weak
2025_09_15_Re4StRes_T1_DSV/IMG_3085.JPG,plot_b4abae7476e8e480b37d,dsv_asendorf_t1_bbch11,/home/nfs/data/nvme_datasets/Pictures_CFSB_leaf_damage/2025_09_15_Re4StRes_T1_DSV/IMG_3085.JPG,10.0,2.148224353790283,1.6263128519058228,-0.5219115018844604,8.373686790466309,7.851775646209717,midpoint,45,single_rater_weak
2025_09_15_Re4StRes_T1_DSV/IMG_3086.JPG,plot_b4abae7476e8e480b37d,dsv_asendorf_t1_bbch11,/home/nfs/data/nvme_datasets/Pictures_CFSB_leaf_damage/2025_09_15_Re4StRes_T1_DSV/IMG_3086.JPG,5.0,2.717020034790039,2.606226682662964,-0.11079332232475281,2.393773317337036,2.282979965209961,midpoint,45,single_rater_weak
2025_09_15_Re4StRes_T1_DSV/IMG_3088.JPG,plot_b3f1539c2f57598a4432,dsv_asendorf_t1_bbch11,/home/nfs/data/nvme_datasets/Pictures_CFSB_leaf_damage/2025_09_15_Re4StRes_T1_DSV/IMG_3088.JPG,18.0,3.7695696353912354,3.471457004547119,-0.29811275005340576,14.528543472290039,14.230430603027344,midpoint,45,single_rater_weak
2025_09_15_Re4StRes_T1_DSV/IMG_3089.JPG,plot_b3f1539c2f57598a4432,dsv_asendorf_t1_bbch11,/home/nfs/data/nvme_datasets/Pictures_CFSB_leaf_damage/2025_09_15_Re4StRes_T1_DSV/IMG_3089.JPG,4.0,1.5833568572998047,0.9697296023368835,-0.6136272549629211,3.0302703380584717,2.4166431427001953,midpoint,45,single_rater_weak
2025_09_15_Re4StRes_T1_DSV/IMG_3090.JPG,plot_b3f1539c2f57598a4432,dsv_asendorf_t1_bbch11,/home/nfs/data/nvme_datasets/Pictures_CFSB_leaf_damage/2025_09_15_Re4StRes_T1_DSV/IMG_3090.JPG,9.0,3.2248992919921875,3.0359880924224854,-0.18891122937202454,5.964012145996094,5.7751007080078125,midpoint,45,single_rater_weak
2025_09_15_Re4StRes_T1_DSV/IMG_3091.JPG,plot_6011f9d40ff6fb4ce860,dsv_asendorf_t1_bbch11,/home/nfs/data/nvme_datasets/Pictures_CFSB_leaf_damage/2025_09_15_Re4StRes_T1_DSV/IMG_3091.JPG,17.0,4.396340370178223,4.219719409942627,-0.17662107944488525,12.780281066894531,12.603659629821777,midpoint,45,single_rater_weak
2025_09_15_Re4StRes_T1_DSV/IMG_3092.JPG,plot_6011f9d40ff6fb4ce860,dsv_asendorf_t1_bbch11,/home/nfs/data/nvme_datasets/Pictures_CFSB_leaf_damage/2025_09_15_Re4StRes_T1_DSV/IMG_3092.JPG,17.0,2.2418289184570312,2.0051589012145996,-0.2366698980331421,14.994840621948242,14.758171081542969,midpoint,45,single_rater_weak
2025_09_15_Re4StRes_T1_DSV/IMG_3093.JPG,plot_6011f9d40ff6fb4ce860,dsv_asendorf_t1_bbch11,/home/nfs/data/nvme_datasets/Pictures_CFSB_leaf_damage/2025_09_15_Re4StRes_T1_DSV/IMG_3093.JPG,14.0,3.3833091259002686,3.417217493057251,0.03390834480524063,10.582782745361328,10.616690635681152,midpoint,45,single_rater_weak
2025_09_15_Re4StRes_T1_DSV/IMG_3094.JPG,plot_5100e524f84c956c18b7,dsv_asendorf_t1_bbch11,/home/nfs/data/nvme_datasets/Pictures_CFSB_leaf_damage/2025_09_15_Re4StRes_T1_DSV/IMG_3094.JPG,18.0,1.9026708602905273,1.8417365550994873,-0.06093426048755646,16.15826416015625,16.097328186035156,midpoint,45,single_rater_weak
2025_09_15_Re4StRes_T1_DSV/IMG_3095.JPG,plot_5100e524f84c956c18b7,dsv_asendorf_t1_bbch11,/home/nfs/data/nvme_datasets/Pictures_CFSB_leaf_damage/2025_09_15_Re4StRes_T1_DSV/IMG_3095.JPG,4.0,0.6349067687988281,0.10684502124786377,-0.5280617475509644,3.893155097961426,3.365093231201172,midpoint,45,single_rater_weak
2025_09_15_Re4StRes_T1_DSV/IMG_3096.JPG,plot_5100e524f84c956c18b7,dsv_asendorf_t1_bbch11,/home/nfs/data/nvme_datasets/Pictures_CFSB_leaf_damage/2025_09_15_Re4StRes_T1_DSV/IMG_3096.JPG,15.0,2.2383651733398438,1.8086823225021362,-0.4296828508377075,13.191317558288574,12.761634826660156,midpoint,45,single_rater_weak
2025_09_15_Re4StRes_T1_DSV/IMG_3097.JPG,plot_c3c09c194700bb617aa1,dsv_asendorf_t1_bbch11,/home/nfs/data/nvme_datasets/Pictures_CFSB_leaf_damage/2025_09_15_Re4StRes_T1_DSV/IMG_3097.JPG,14.0,2.25296688079834,1.988532543182373,-0.2644343674182892,12.011466979980469,11.74703311920166,midpoint,45,single_rater_weak
2025_09_15_Re4StRes_T1_DSV/IMG_3098.JPG,plot_c3c09c194700bb617aa1,dsv_asendorf_t1_bbch11,/home/nfs/data/nvme_datasets/Pictures_CFSB_leaf_damage/2025_09_15_Re4StRes_T1_DSV/IMG_3098.JPG,17.0,4.236663341522217,4.2154035568237305,-0.021259987726807594,12.78459644317627,12.763336181640625,midpoint,45,single_rater_weak
2025_09_15_Re4StRes_T1_DSV/IMG_3099.JPG,plot_c3c09c194700bb617aa1,dsv_asendorf_t1_bbch11,/home/nfs/data/nvme_datasets/Pictures_CFSB_leaf_damage/2025_09_15_Re4StRes_T1_DSV/IMG_3099.JPG,3.0,1.214141845703125,0.33859574794769287,-0.8755460977554321,2.6614041328430176,1.785858154296875,midpoint,45,single_rater_weak
2025_09_15_Re4StRes_T1_DSV/IMG_3099_2.JPG,plot_94e5641632f0dce0a05a,dsv_asendorf_t1_bbch11,/home/nfs/data/nvme_datasets/Pictures_CFSB_leaf_damage/2025_09_15_Re4StRes_T1_DSV/IMG_3099_2.JPG,12.0,3.297511577606201,2.9466264247894287,-0.35088521242141724,9.053373336791992,8.70248794555664,midpoint,45,single_rater_weak
2025_09_15_Re4StRes_T1_DSV/IMG_3101.JPG,plot_94e5641632f0dce0a05a,dsv_asendorf_t1_bbch11,/home/nfs/data/nvme_datasets/Pictures_CFSB_leaf_damage/2025_09_15_Re4StRes_T1_DSV/IMG_3101.JPG,5.0,1.6814327239990234,1.2203564643859863,-0.4610762596130371,3.7796435356140137,3.3185672760009766,midpoint,45,single_rater_weak
2025_09_15_Re4StRes_T1_DSV/IMG_3102.JPG,plot_94e5641632f0dce0a05a,dsv_asendorf_t1_bbch11,/home/nfs/data/nvme_datasets/Pictures_CFSB_leaf_damage/2025_09_15_Re4StRes_T1_DSV/IMG_3102.JPG,9.0,2.55192232131958,1.923524260520935,-0.628398060798645,7.076475620269775,6.44807767868042,midpoint,45,single_rater_weak
2025_09_15_Re4StRes_T1_DSV/IMG_3103.JPG,plot_25a7d10c39cb9d0d2f47,dsv_asendorf_t1_bbch11,/home/nfs/data/nvme_datasets/Pictures_CFSB_leaf_damage/2025_09_15_Re4StRes_T1_DSV/IMG_3103.JPG,3.0,0.3089618682861328,-0.08524149656295776,-0.3942033648490906,3.0852415561676025,2.691038131713867,midpoint,45,single_rater_weak
2025_09_15_Re4StRes_T1_DSV/IMG_3104.JPG,plot_25a7d10c39cb9d0d2f47,dsv_asendorf_t1_bbch11,/home/nfs/data/nvme_datasets/Pictures_CFSB_leaf_damage/2025_09_15_Re4StRes_T1_DSV/IMG_3104.JPG,3.0,4.065129280090332,4.183944225311279,0.11881489306688309,1.1839442253112793,1.065129280090332,midpoint,45,single_rater_weak
2025_09_15_Re4StRes_T1_DSV/IMG_3104_2.JPG,plot_25a7d10c39cb9d0d2f47,dsv_asendorf_t1_bbch11,/home/nfs/data/nvme_datasets/Pictures_CFSB_leaf_damage/2025_09_15_Re4StRes_T1_DSV/IMG_3104_2.JPG,15.0,3.8527796268463135,3.8610358238220215,0.008256125263869762,11.13896369934082,11.147220611572266,midpoint,45,single_rater_weak
2025_09_15_Re4StRes_T1_DSV/IMG_3106.JPG,plot_2e1a2f00c33795668ec5,dsv_asendorf_t1_bbch11,/home/nfs/data/nvme_datasets/Pictures_CFSB_leaf_damage/2025_09_15_Re4StRes_T1_DSV/IMG_3106.JPG,18.0,16.6096134185791,16.98475456237793,0.3751419484615326,1.0152454376220703,1.3903865814208984,midpoint,45,single_rater_weak
2025_09_15_Re4StRes_T1_DSV/IMG_3107.JPG,plot_2e1a2f00c33795668ec5,dsv_asendorf_t1_bbch11,/home/nfs/data/nvme_datasets/Pictures_CFSB_leaf_damage/2025_09_15_Re4StRes_T1_DSV/IMG_3107.JPG,6.0,6.89410924911499,7.378703594207764,0.4845941662788391,1.3787035942077637,0.8941092491149902,midpoint,45,single_rater_weak
2025_09_15_Re4StRes_T1_DSV/IMG_3109.JPG,plot_2e1a2f00c33795668ec5,dsv_asendorf_t1_bbch11,/home/nfs/data/nvme_datasets/Pictures_CFSB_leaf_damage/2025_09_15_Re4StRes_T1_DSV/IMG_3109.JPG,3.0,6.086594581604004,6.456671714782715,0.37007713317871094,3.456671714782715,3.086594581604004,midpoint,45,single_rater_weak
2025_09_15_Re4StRes_T1_DSV/IMG_3110.JPG,plot_8f97ab14ca366f893551,dsv_asendorf_t1_bbch11,/home/nfs/data/nvme_datasets/Pictures_CFSB_leaf_damage/2025_09_15_Re4StRes_T1_DSV/IMG_3110.JPG,2.0,6.009902000427246,6.084781646728516,0.07487951964139938,4.084781646728516,4.009902000427246,midpoint,45,single_rater_weak
2025_09_15_Re4StRes_T1_DSV/IMG_3111.JPG,plot_8f97ab14ca366f893551,dsv_asendorf_t1_bbch11,/home/nfs/data/nvme_datasets/Pictures_CFSB_leaf_damage/2025_09_15_Re4StRes_T1_DSV/IMG_3111.JPG,3.0,3.907872438430786,4.254750728607178,0.3468784987926483,1.2547507286071777,0.9078724384307861,midpoint,45,single_rater_weak
2025_09_15_Re4StRes_T1_DSV/IMG_3112.JPG,plot_8f97ab14ca366f893551,dsv_asendorf_t1_bbch11,/home/nfs/data/nvme_datasets/Pictures_CFSB_leaf_damage/2025_09_15_Re4StRes_T1_DSV/IMG_3112.JPG,2.0,3.7889010906219482,3.947899341583252,0.15899834036827087,1.947899341583252,1.7889010906219482,midpoint,45,single_rater_weak
2025_09_15_Re4StRes_T1_DSV/IMG_3113.JPG,plot_45e5d47a775c5c22c387,dsv_asendorf_t1_bbch11,/home/nfs/data/nvme_datasets/Pictures_CFSB_leaf_damage/2025_09_15_Re4StRes_T1_DSV/IMG_3113.JPG,3.0,3.1972150802612305,3.3498568534851074,0.15264186263084412,0.3498568534851074,0.19721508026123047,midpoint,45,single_rater_weak
2025_09_15_Re4StRes_T1_DSV/IMG_3114.JPG,plot_45e5d47a775c5c22c387,dsv_asendorf_t1_bbch11,/home/nfs/data/nvme_datasets/Pictures_CFSB_leaf_damage/2025_09_15_Re4StRes_T1_DSV/IMG_3114.JPG,48.0,13.302993774414062,13.655694007873535,0.3527005910873413,34.34430694580078,34.69700622558594,midpoint,45,single_rater_weak
2025_09_15_Re4StRes_T1_DSV/IMG_3115.JPG,plot_45e5d47a775c5c22c387,dsv_asendorf_t1_bbch11,/home/nfs/data/nvme_datasets/Pictures_CFSB_leaf_damage/2025_09_15_Re4StRes_T1_DSV/IMG_3115.JPG,4.0,3.1438255310058594,3.3579742908477783,0.21414881944656372,0.6420257091522217,0.8561744689941406,midpoint,45,single_rater_weak
2025_09_15_Re4StRes_T1_DSV/IMG_3116.JPG,plot_c045065644851d981f21,dsv_asendorf_t1_bbch11,/home/nfs/data/nvme_datasets/Pictures_CFSB_leaf_damage/2025_09_15_Re4StRes_T1_DSV/IMG_3116.JPG,25.0,3.9443469047546387,4.120151996612549,0.17580516636371613,20.87984848022461,21.055652618408203,midpoint,45,single_rater_weak
2025_09_15_Re4StRes_T1_DSV/IMG_3117.JPG,plot_c045065644851d981f21,dsv_asendorf_t1_bbch11,/home/nfs/data/nvme_datasets/Pictures_CFSB_leaf_damage/2025_09_15_Re4StRes_T1_DSV/IMG_3117.JPG,16.0,8.977635383605957,9.52265453338623,0.5450195670127869,6.4773454666137695,7.022364616394043,midpoint,45,single_rater_weak
2025_09_15_Re4StRes_T1_DSV/IMG_3118.JPG,plot_c045065644851d981f21,dsv_asendorf_t1_bbch11,/home/nfs/data/nvme_datasets/Pictures_CFSB_leaf_damage/2025_09_15_Re4StRes_T1_DSV/IMG_3118.JPG,14.0,2.99575138092041,3.4376087188720703,0.441857248544693,10.56239128112793,11.00424861907959,midpoint,45,single_rater_weak
2025_09_15_Re4StRes_T1_DSV/IMG_3119.JPG,plot_e468f5dd8b1b730b76d1,dsv_asendorf_t1_bbch11,/home/nfs/data/nvme_datasets/Pictures_CFSB_leaf_damage/2025_09_15_Re4StRes_T1_DSV/IMG_3119.JPG,3.0,1.1895503997802734,0.946019172668457,-0.2435312271118164,2.053980827331543,1.8104496002197266,midpoint,45,single_rater_weak
2025_09_15_Re4StRes_T1_DSV/IMG_3120.JPG,plot_e468f5dd8b1b730b76d1,dsv_asendorf_t1_bbch11,/home/nfs/data/nvme_datasets/Pictures_CFSB_leaf_damage/2025_09_15_Re4StRes_T1_DSV/IMG_3120.JPG,45.0,3.2047576904296875,3.543773651123047,0.33901605010032654,41.45622634887695,41.79524230957031,midpoint,45,single_rater_weak
2025_09_15_Re4StRes_T1_DSV/IMG_3121.JPG,plot_e468f5dd8b1b730b76d1,dsv_asendorf_t1_bbch11,/home/nfs/data/nvme_datasets/Pictures_CFSB_leaf_damage/2025_09_15_Re4StRes_T1_DSV/IMG_3121.JPG,2.0,1.9378910064697266,2.191801071166992,0.2539101541042328,0.1918010711669922,0.06210899353027344,midpoint,45,single_rater_weak
2025_09_15_Re4StRes_T1_DSV/IMG_3122.JPG,plot_6cb9d13e71aef46deb58,dsv_asendorf_t1_bbch11,/home/nfs/data/nvme_datasets/Pictures_CFSB_leaf_damage/2025_09_15_Re4StRes_T1_DSV/IMG_3122.JPG,3.0,3.5128231048583984,3.702094078063965,0.18927094340324402,0.7020940780639648,0.5128231048583984,midpoint,45,single_rater_weak
2025_09_15_Re4StRes_T1_DSV/IMG_3123.JPG,plot_6cb9d13e71aef46deb58,dsv_asendorf_t1_bbch11,/home/nfs/data/nvme_datasets/Pictures_CFSB_leaf_damage/2025_09_15_Re4StRes_T1_DSV/IMG_3123.JPG,3.0,3.5465712547302246,3.4590959548950195,-0.08747532963752747,0.45909595489501953,0.5465712547302246,midpoint,45,single_rater_weak
2025_09_15_Re4StRes_T1_DSV/IMG_3124.JPG,plot_6cb9d13e71aef46deb58,dsv_asendorf_t1_bbch11,/home/nfs/data/nvme_datasets/Pictures_CFSB_leaf_damage/2025_09_15_Re4StRes_T1_DSV/IMG_3124.JPG,2.0,2.514031410217285,2.5630266666412354,0.048995278775691986,0.5630266666412354,0.5140314102172852,midpoint,45,single_rater_weak
2025_09_15_Re4StRes_T1_DSV/IMG_3126.JPG,plot_1e2dcb74caaf75a16ad2,dsv_asendorf_t1_bbch11,/home/nfs/data/nvme_datasets/Pictures_CFSB_leaf_damage/2025_09_15_Re4StRes_T1_DSV/IMG_3126.JPG,3.0,12.266050338745117,12.308466911315918,0.04241616278886795,9.308466911315918,9.266050338745117,midpoint,45,single_rater_weak
2025_09_15_Re4StRes_T1_DSV/IMG_3127.JPG,plot_1e2dcb74caaf75a16ad2,dsv_asendorf_t1_bbch11,/home/nfs/data/nvme_datasets/Pictures_CFSB_leaf_damage/2025_09_15_Re4StRes_T1_DSV/IMG_3127.JPG,4.0,12.286869049072266,12.73863697052002,0.4517675042152405,8.73863697052002,8.286869049072266,midpoint,45,single_rater_weak
2025_09_15_Re4StRes_T1_DSV/IMG_3128.JPG,plot_1e2dcb74caaf75a16ad2,dsv_asendorf_t1_bbch11,/home/nfs/data/nvme_datasets/Pictures_CFSB_leaf_damage/2025_09_15_Re4StRes_T1_DSV/IMG_3128.JPG,5.0,4.679406642913818,4.812442302703857,0.13303562998771667,0.18755769729614258,0.32059335708618164,midpoint,45,single_rater_weak
2025_09_15_Re4StRes_T1_DSV/IMG_3129.JPG,plot_ea34f182d30f6a058201,dsv_asendorf_t1_bbch11,/home/nfs/data/nvme_datasets/Pictures_CFSB_leaf_damage/2025_09_15_Re4StRes_T1_DSV/IMG_3129.JPG,2.0,4.2683844566345215,4.549831390380859,0.2814469337463379,2.5498313903808594,2.2683844566345215,midpoint,45,single_rater_weak
2025_09_15_Re4StRes_T1_DSV/IMG_3130.JPG,plot_ea34f182d30f6a058201,dsv_asendorf_t1_bbch11,/home/nfs/data/nvme_datasets/Pictures_CFSB_leaf_damage/2025_09_15_Re4StRes_T1_DSV/IMG_3130.JPG,3.0,3.0013890266418457,2.7363200187683105,-0.2650691270828247,0.26367998123168945,0.0013890266418457031,midpoint,45,single_rater_weak
2025_09_15_Re4StRes_T1_DSV/IMG_3131.JPG,plot_ea34f182d30f6a058201,dsv_asendorf_t1_bbch11,/home/nfs/data/nvme_datasets/Pictures_CFSB_leaf_damage/2025_09_15_Re4StRes_T1_DSV/IMG_3131.JPG,2.0,1.9552764892578125,2.0421245098114014,0.08684810250997543,0.04212450981140137,0.0447235107421875,midpoint,45,single_rater_weak
2025_09_15_Re4StRes_T1_DSV/IMG_3132.JPG,plot_a90588857c6940d985e9,dsv_asendorf_t1_bbch11,/home/nfs/data/nvme_datasets/Pictures_CFSB_leaf_damage/2025_09_15_Re4StRes_T1_DSV/IMG_3132.JPG,3.0,1.7396979331970215,1.5320587158203125,-0.2076392024755478,1.4679412841796875,1.2603020668029785,midpoint,45,single_rater_weak
2025_09_15_Re4StRes_T1_DSV/IMG_3133.JPG,plot_a90588857c6940d985e9,dsv_asendorf_t1_bbch11,/home/nfs/data/nvme_datasets/Pictures_CFSB_leaf_damage/2025_09_15_Re4StRes_T1_DSV/IMG_3133.JPG,2.0,0.49309730529785156,0.8172733187675476,0.32417601346969604,1.1827266216278076,1.5069026947021484,midpoint,45,single_rater_weak
2025_09_15_Re4StRes_T1_DSV/IMG_3134.JPG,plot_a90588857c6940d985e9,dsv_asendorf_t1_bbch11,/home/nfs/data/nvme_datasets/Pictures_CFSB_leaf_damage/2025_09_15_Re4StRes_T1_DSV/IMG_3134.JPG,3.0,2.0919089317321777,1.9842567443847656,-0.10765216499567032,1.0157432556152344,0.9080910682678223,midpoint,45,single_rater_weak
2025_09_15_Re4StRes_T1_DSV/IMG_3135.JPG,plot_119a975033e716bf35c7,dsv_asendorf_t1_bbch11,/home/nfs/data/nvme_datasets/Pictures_CFSB_leaf_damage/2025_09_15_Re4StRes_T1_DSV/IMG_3135.JPG,4.0,2.6203413009643555,2.732971429824829,0.1126302182674408,1.267028570175171,1.3796586990356445,midpoint,45,single_rater_weak
2025_09_15_Re4StRes_T1_DSV/IMG_3136.JPG,plot_119a975033e716bf35c7,dsv_asendorf_t1_bbch11,/home/nfs/data/nvme_datasets/Pictures_CFSB_leaf_damage/2025_09_15_Re4StRes_T1_DSV/IMG_3136.JPG,2.0,3.7810277938842773,4.139954566955566,0.3589266538619995,2.1399545669555664,1.7810277938842773,midpoint,45,single_rater_weak
2025_09_15_Re4StRes_T1_DSV/IMG_3137.JPG,plot_119a975033e716bf35c7,dsv_asendorf_t1_bbch11,/home/nfs/data/nvme_datasets/Pictures_CFSB_leaf_damage/2025_09_15_Re4StRes_T1_DSV/IMG_3137.JPG,2.0,3.2859034538269043,3.82499623298645,0.5390927791595459,1.8249962329864502,1.2859034538269043,midpoint,45,single_rater_weak
2025_09_15_Re4StRes_T1_DSV/IMG_3138.JPG,plot_8b3c956191aca614ae52,dsv_asendorf_t1_bbch11,/home/nfs/data/nvme_datasets/Pictures_CFSB_leaf_damage/2025_09_15_Re4StRes_T1_DSV/IMG_3138.JPG,5.0,9.367469787597656,9.72495174407959,0.3574821949005127,4.72495174407959,4.367469787597656,midpoint,45,single_rater_weak
2025_09_15_Re4StRes_T1_DSV/IMG_3139.JPG,plot_8b3c956191aca614ae52,dsv_asendorf_t1_bbch11,/home/nfs/data/nvme_datasets/Pictures_CFSB_leaf_damage/2025_09_15_Re4StRes_T1_DSV/IMG_3139.JPG,3.0,4.244006633758545,4.59306001663208,0.3490534722805023,1.59306001663208,1.244006633758545,midpoint,45,single_rater_weak
2025_09_15_Re4StRes_T1_DSV/IMG_3140.JPG,plot_8b3c956191aca614ae52,dsv_asendorf_t1_bbch11,/home/nfs/data/nvme_datasets/Pictures_CFSB_leaf_damage/2025_09_15_Re4StRes_T1_DSV/IMG_3140.JPG,3.0,5.4611496925354,5.682323932647705,0.22117438912391663,2.682323932647705,2.4611496925354004,midpoint,45,single_rater_weak
2025_09_15_Re4StRes_T1_DSV/IMG_3141.JPG,plot_211c30fcd4fa6d8b7d89,dsv_asendorf_t1_bbch11,/home/nfs/data/nvme_datasets/Pictures_CFSB_leaf_damage/2025_09_15_Re4StRes_T1_DSV/IMG_3141.JPG,4.0,5.192996025085449,5.766600131988525,0.5736040472984314,1.7666001319885254,1.1929960250854492,midpoint,45,single_rater_weak
2025_09_15_Re4StRes_T1_DSV/IMG_3142.JPG,plot_211c30fcd4fa6d8b7d89,dsv_asendorf_t1_bbch11,/home/nfs/data/nvme_datasets/Pictures_CFSB_leaf_damage/2025_09_15_Re4StRes_T1_DSV/IMG_3142.JPG,3.0,5.6278300285339355,6.097855091094971,0.47002506256103516,3.0978550910949707,2.6278300285339355,midpoint,45,single_rater_weak
2025_09_15_Re4StRes_T1_DSV/IMG_3143.JPG,plot_211c30fcd4fa6d8b7d89,dsv_asendorf_t1_bbch11,/home/nfs/data/nvme_datasets/Pictures_CFSB_leaf_damage/2025_09_15_Re4StRes_T1_DSV/IMG_3143.JPG,3.0,8.013126373291016,8.877750396728516,0.8646236658096313,5.877750396728516,5.013126373291016,midpoint,45,single_rater_weak
2025_09_15_Re4StRes_T1_DSV/IMG_3144.JPG,plot_b110edf915a30daabf56,dsv_asendorf_t1_bbch11,/home/nfs/data/nvme_datasets/Pictures_CFSB_leaf_damage/2025_09_15_Re4StRes_T1_DSV/IMG_3144.JPG,2.0,5.1649580001831055,5.487842559814453,0.32288458943367004,3.487842559814453,3.1649580001831055,midpoint,45,single_rater_weak
2025_09_15_Re4StRes_T1_DSV/IMG_3145.JPG,plot_b110edf915a30daabf56,dsv_asendorf_t1_bbch11,/home/nfs/data/nvme_datasets/Pictures_CFSB_leaf_damage/2025_09_15_Re4StRes_T1_DSV/IMG_3145.JPG,2.0,3.5878376960754395,3.6263506412506104,0.038512878119945526,1.6263506412506104,1.5878376960754395,midpoint,45,single_rater_weak
2025_09_15_Re4StRes_T1_DSV/IMG_3146.JPG,plot_b110edf915a30daabf56,dsv_asendorf_t1_bbch11,/home/nfs/data/nvme_datasets/Pictures_CFSB_leaf_damage/2025_09_15_Re4StRes_T1_DSV/IMG_3146.JPG,2.0,4.07967472076416,4.503900527954102,0.4242255985736847,2.5039005279541016,2.07967472076416,midpoint,45,single_rater_weak
2025_09_15_Re4StRes_T1_DSV/IMG_3146_2.JPG,plot_097a5780d7d7a5ec62e5,dsv_asendorf_t1_bbch11,/home/nfs/data/nvme_datasets/Pictures_CFSB_leaf_damage/2025_09_15_Re4StRes_T1_DSV/IMG_3146_2.JPG,4.0,1.5379114151000977,1.4886802434921265,-0.049231186509132385,2.511319637298584,2.4620885848999023,midpoint,45,single_rater_weak
2025_09_15_Re4StRes_T1_DSV/IMG_3148.JPG,plot_097a5780d7d7a5ec62e5,dsv_asendorf_t1_bbch11,/home/nfs/data/nvme_datasets/Pictures_CFSB_leaf_damage/2025_09_15_Re4StRes_T1_DSV/IMG_3148.JPG,2.0,4.7881622314453125,5.284490585327148,0.4963284432888031,3.2844905853271484,2.7881622314453125,midpoint,45,single_rater_weak
2025_09_15_Re4StRes_T1_DSV/IMG_3150.JPG,plot_097a5780d7d7a5ec62e5,dsv_asendorf_t1_bbch11,/home/nfs/data/nvme_datasets/Pictures_CFSB_leaf_damage/2025_09_15_Re4StRes_T1_DSV/IMG_3150.JPG,2.0,3.3172531127929688,3.4821345806121826,0.16488142311573029,1.4821345806121826,1.3172531127929688,midpoint,45,single_rater_weak
2025_09_15_Re4StRes_T1_DSV/IMG_3151.JPG,plot_40a61238035691d9bbef,dsv_asendorf_t1_bbch11,/home/nfs/data/nvme_datasets/Pictures_CFSB_leaf_damage/2025_09_15_Re4StRes_T1_DSV/IMG_3151.JPG,3.0,4.088446617126465,4.194544315338135,0.10609789192676544,1.1945443153381348,1.0884466171264648,midpoint,45,single_rater_weak
2025_09_15_Re4StRes_T1_DSV/IMG_3152.JPG,plot_40a61238035691d9bbef,dsv_asendorf_t1_bbch11,/home/nfs/data/nvme_datasets/Pictures_CFSB_leaf_damage/2025_09_15_Re4StRes_T1_DSV/IMG_3152.JPG,10.0,3.2407398223876953,3.412489891052246,0.17174997925758362,6.587510108947754,6.759260177612305,midpoint,45,single_rater_weak
2025_09_15_Re4StRes_T1_DSV/IMG_3153.JPG,plot_40a61238035691d9bbef,dsv_asendorf_t1_bbch11,/home/nfs/data/nvme_datasets/Pictures_CFSB_leaf_damage/2025_09_15_Re4StRes_T1_DSV/IMG_3153.JPG,3.0,2.7958483695983887,2.770805597305298,-0.025042658671736717,0.22919440269470215,0.20415163040161133,midpoint,45,single_rater_weak
2025_09_15_Re4StRes_T1_DSV/IMG_3154.JPG,plot_5df77eb15df5145ba912,dsv_asendorf_t1_bbch11,/home/nfs/data/nvme_datasets/Pictures_CFSB_leaf_damage/2025_09_15_Re4StRes_T1_DSV/IMG_3154.JPG,2.0,3.6422903537750244,4.229750633239746,0.587460458278656,2.229750633239746,1.6422903537750244,midpoint,45,single_rater_weak
2025_09_15_Re4StRes_T1_DSV/IMG_3155.JPG,plot_5df77eb15df5145ba912,dsv_asendorf_t1_bbch11,/home/nfs/data/nvme_datasets/Pictures_CFSB_leaf_damage/2025_09_15_Re4StRes_T1_DSV/IMG_3155.JPG,2.0,4.602785110473633,4.867610931396484,0.2648259401321411,2.8676109313964844,2.602785110473633,midpoint,45,single_rater_weak
2025_09_15_Re4StRes_T1_DSV/IMG_3156.JPG,plot_5df77eb15df5145ba912,dsv_asendorf_t1_bbch11,/home/nfs/data/nvme_datasets/Pictures_CFSB_leaf_damage/2025_09_15_Re4StRes_T1_DSV/IMG_3156.JPG,4.0,6.302677154541016,6.646614074707031,0.3439366817474365,2.6466140747070312,2.3026771545410156,midpoint,45,single_rater_weak
2025_09_15_Re4StRes_T1_DSV/IMG_3157.JPG,plot_ca56a0a042e3c9becb07,dsv_asendorf_t1_bbch11,/home/nfs/data/nvme_datasets/Pictures_CFSB_leaf_damage/2025_09_15_Re4StRes_T1_DSV/IMG_3157.JPG,3.0,3.1058430671691895,2.9823923110961914,-0.12345083057880402,0.017607688903808594,0.10584306716918945,midpoint,45,single_rater_weak
2025_09_15_Re4StRes_T1_DSV/IMG_3158.JPG,plot_ca56a0a042e3c9becb07,dsv_asendorf_t1_bbch11,/home/nfs/data/nvme_datasets/Pictures_CFSB_leaf_damage/2025_09_15_Re4StRes_T1_DSV/IMG_3158.JPG,2.0,3.285609722137451,3.604888439178467,0.31927868723869324,1.6048884391784668,1.2856097221374512,midpoint,45,single_rater_weak
2025_09_15_Re4StRes_T1_DSV/IMG_3159.JPG,plot_ca56a0a042e3c9becb07,dsv_asendorf_t1_bbch11,/home/nfs/data/nvme_datasets/Pictures_CFSB_leaf_damage/2025_09_15_Re4StRes_T1_DSV/IMG_3159.JPG,21.0,3.5889828205108643,3.905519485473633,0.3165366053581238,17.094480514526367,17.4110164642334,midpoint,45,single_rater_weak
2025_09_15_Re4StRes_T1_DSV/IMG_3160.JPG,plot_b98e4d9359ffdf235e1f,dsv_asendorf_t1_bbch11,/home/nfs/data/nvme_datasets/Pictures_CFSB_leaf_damage/2025_09_15_Re4StRes_T1_DSV/IMG_3160.JPG,8.0,1.576568603515625,1.3265528678894043,-0.2500157952308655,6.673447132110596,6.423431396484375,midpoint,45,single_rater_weak
2025_09_15_Re4StRes_T1_DSV/IMG_3161.JPG,plot_b98e4d9359ffdf235e1f,dsv_asendorf_t1_bbch11,/home/nfs/data/nvme_datasets/Pictures_CFSB_leaf_damage/2025_09_15_Re4StRes_T1_DSV/IMG_3161.JPG,6.0,2.1697912216186523,2.3180787563323975,0.1482875496149063,3.6819212436676025,3.8302087783813477,midpoint,45,single_rater_weak
2025_09_15_Re4StRes_T1_DSV/IMG_3162.JPG,plot_b98e4d9359ffdf235e1f,dsv_asendorf_t1_bbch11,/home/nfs/data/nvme_datasets/Pictures_CFSB_leaf_damage/2025_09_15_Re4StRes_T1_DSV/IMG_3162.JPG,3.0,3.8823306560516357,4.0709638595581055,0.18863306939601898,1.0709638595581055,0.8823306560516357,midpoint,45,single_rater_weak
2025_09_15_Re4StRes_T1_DSV/IMG_3163.JPG,plot_73f361754eddb6b5326a,dsv_asendorf_t1_bbch11,/home/nfs/data/nvme_datasets/Pictures_CFSB_leaf_damage/2025_09_15_Re4StRes_T1_DSV/IMG_3163.JPG,2.0,6.92376184463501,7.327338218688965,0.4035763740539551,5.327338218688965,4.92376184463501,midpoint,45,single_rater_weak
2025_09_15_Re4StRes_T1_DSV/IMG_3164.JPG,plot_73f361754eddb6b5326a,dsv_asendorf_t1_bbch11,/home/nfs/data/nvme_datasets/Pictures_CFSB_leaf_damage/2025_09_15_Re4StRes_T1_DSV/IMG_3164.JPG,3.0,13.020712852478027,13.12935733795166,0.10864423215389252,10.12935733795166,10.020712852478027,midpoint,45,single_rater_weak
2025_09_15_Re4StRes_T1_DSV/IMG_3165.JPG,plot_73f361754eddb6b5326a,dsv_asendorf_t1_bbch11,/home/nfs/data/nvme_datasets/Pictures_CFSB_leaf_damage/2025_09_15_Re4StRes_T1_DSV/IMG_3165.JPG,2.0,3.6106371879577637,4.244610786437988,0.6339734196662903,2.2446107864379883,1.6106371879577637,midpoint,45,single_rater_weak
2025_09_15_Re4StRes_T1_DSV/IMG_3169.JPG,plot_945d05724acc18ae7225,dsv_asendorf_t1_bbch11,/home/nfs/data/nvme_datasets/Pictures_CFSB_leaf_damage/2025_09_15_Re4StRes_T1_DSV/IMG_3169.JPG,2.0,9.566378593444824,9.904712677001953,0.3383341133594513,7.904712677001953,7.566378593444824,midpoint,45,single_rater_weak
2025_09_15_Re4StRes_T1_DSV/IMG_3170.JPG,plot_945d05724acc18ae7225,dsv_asendorf_t1_bbch11,/home/nfs/data/nvme_datasets/Pictures_CFSB_leaf_damage/2025_09_15_Re4StRes_T1_DSV/IMG_3170.JPG,3.0,9.100582122802734,8.929685592651367,-0.170896515250206,5.929685592651367,6.100582122802734,midpoint,45,single_rater_weak
2025_09_15_Re4StRes_T1_DSV/IMG_3171.JPG,plot_945d05724acc18ae7225,dsv_asendorf_t1_bbch11,/home/nfs/data/nvme_datasets/Pictures_CFSB_leaf_damage/2025_09_15_Re4StRes_T1_DSV/IMG_3171.JPG,26.0,12.452152252197266,13.002531051635742,0.5503786206245422,12.997468948364258,13.547847747802734,midpoint,45,single_rater_weak
2025_09_15_Re4StRes_T1_DSV/IMG_3172.JPG,plot_aaf5cb0e7c43e9e13fc7,dsv_asendorf_t1_bbch11,/home/nfs/data/nvme_datasets/Pictures_CFSB_leaf_damage/2025_09_15_Re4StRes_T1_DSV/IMG_3172.JPG,3.0,6.300771713256836,6.22609281539917,-0.07467909902334213,3.22609281539917,3.300771713256836,midpoint,45,single_rater_weak
2025_09_15_Re4StRes_T1_DSV/IMG_3173.JPG,plot_aaf5cb0e7c43e9e13fc7,dsv_asendorf_t1_bbch11,/home/nfs/data/nvme_datasets/Pictures_CFSB_leaf_damage/2025_09_15_Re4StRes_T1_DSV/IMG_3173.JPG,2.0,4.669383525848389,4.693170070648193,0.023786399513483047,2.6931700706481934,2.6693835258483887,midpoint,45,single_rater_weak
2025_09_15_Re4StRes_T1_DSV/IMG_3174.JPG,plot_aaf5cb0e7c43e9e13fc7,dsv_asendorf_t1_bbch11,/home/nfs/data/nvme_datasets/Pictures_CFSB_leaf_damage/2025_09_15_Re4StRes_T1_DSV/IMG_3174.JPG,5.0,14.925565719604492,14.499799728393555,-0.42576614022254944,9.499799728393555,9.925565719604492,midpoint,45,single_rater_weak
2025_09_15_Re4StRes_T1_DSV/IMG_3175.JPG,plot_b80269ea15d9e812ebb1,dsv_asendorf_t1_bbch11,/home/nfs/data/nvme_datasets/Pictures_CFSB_leaf_damage/2025_09_15_Re4StRes_T1_DSV/IMG_3175.JPG,4.0,10.527118682861328,10.529804229736328,0.0026856407057493925,6.529804229736328,6.527118682861328,midpoint,45,single_rater_weak
2025_09_15_Re4StRes_T1_DSV/IMG_3176.JPG,plot_b80269ea15d9e812ebb1,dsv_asendorf_t1_bbch11,/home/nfs/data/nvme_datasets/Pictures_CFSB_leaf_damage/2025_09_15_Re4StRes_T1_DSV/IMG_3176.JPG,3.0,6.65133810043335,6.877084732055664,0.22574664652347565,3.877084732055664,3.6513381004333496,midpoint,45,single_rater_weak
2025_09_15_Re4StRes_T1_DSV/IMG_3177.JPG,plot_b80269ea15d9e812ebb1,dsv_asendorf_t1_bbch11,/home/nfs/data/nvme_datasets/Pictures_CFSB_leaf_damage/2025_09_15_Re4StRes_T1_DSV/IMG_3177.JPG,2.0,7.010120391845703,7.336589813232422,0.32646965980529785,5.336589813232422,5.010120391845703,midpoint,45,single_rater_weak
2025_09_15_Re4StRes_T1_DSV/IMG_3178.JPG,plot_25f666fca951a0f5e945,dsv_asendorf_t1_bbch11,/home/nfs/data/nvme_datasets/Pictures_CFSB_leaf_damage/2025_09_15_Re4StRes_T1_DSV/IMG_3178.JPG,4.0,5.080422878265381,5.164144515991211,0.08372166752815247,1.164144515991211,1.0804228782653809,midpoint,45,single_rater_weak
2025_09_15_Re4StRes_T1_DSV/IMG_3179.JPG,plot_25f666fca951a0f5e945,dsv_asendorf_t1_bbch11,/home/nfs/data/nvme_datasets/Pictures_CFSB_leaf_damage/2025_09_15_Re4StRes_T1_DSV/IMG_3179.JPG,3.0,7.483114242553711,7.506175518035889,0.023061195388436317,4.506175518035889,4.483114242553711,midpoint,45,single_rater_weak
2025_09_15_Re4StRes_T1_DSV/IMG_3180.JPG,plot_25f666fca951a0f5e945,dsv_asendorf_t1_bbch11,/home/nfs/data/nvme_datasets/Pictures_CFSB_leaf_damage/2025_09_15_Re4StRes_T1_DSV/IMG_3180.JPG,5.0,8.081583976745605,8.087688446044922,0.006104188039898872,3.087688446044922,3.0815839767456055,midpoint,45,single_rater_weak
2025_09_15_Re4StRes_T1_DSV/IMG_3181.JPG,plot_a35f549b6adb23ddedb3,dsv_asendorf_t1_bbch11,/home/nfs/data/nvme_datasets/Pictures_CFSB_leaf_damage/2025_09_15_Re4StRes_T1_DSV/IMG_3181.JPG,2.0,10.158775329589844,10.080428123474121,-0.07834740728139877,8.080428123474121,8.158775329589844,midpoint,45,single_rater_weak
2025_09_15_Re4StRes_T1_DSV/IMG_3182.JPG,plot_a35f549b6adb23ddedb3,dsv_asendorf_t1_bbch11,/home/nfs/data/nvme_datasets/Pictures_CFSB_leaf_damage/2025_09_15_Re4StRes_T1_DSV/IMG_3182.JPG,3.0,7.699751853942871,7.737227439880371,0.03747561201453209,4.737227439880371,4.699751853942871,midpoint,45,single_rater_weak
2025_09_15_Re4StRes_T1_DSV/IMG_3183.JPG,plot_a35f549b6adb23ddedb3,dsv_asendorf_t1_bbch11,/home/nfs/data/nvme_datasets/Pictures_CFSB_leaf_damage/2025_09_15_Re4StRes_T1_DSV/IMG_3183.JPG,4.0,14.700122833251953,14.686823844909668,-0.0132985794916749,10.686823844909668,10.700122833251953,midpoint,45,single_rater_weak
2025_09_15_Re4StRes_T1_DSV/IMG_3184.JPG,plot_cfe78efc9fbf34b7f4b9,dsv_asendorf_t1_bbch11,/home/nfs/data/nvme_datasets/Pictures_CFSB_leaf_damage/2025_09_15_Re4StRes_T1_DSV/IMG_3184.JPG,3.0,6.486600875854492,6.783010005950928,0.29640933871269226,3.7830100059509277,3.486600875854492,midpoint,45,single_rater_weak
2025_09_15_Re4StRes_T1_DSV/IMG_3185.JPG,plot_cfe78efc9fbf34b7f4b9,dsv_asendorf_t1_bbch11,/home/nfs/data/nvme_datasets/Pictures_CFSB_leaf_damage/2025_09_15_Re4StRes_T1_DSV/IMG_3185.JPG,5.0,12.92922592163086,13.494329452514648,0.5651038289070129,8.494329452514648,7.929225921630859,midpoint,45,single_rater_weak
2025_09_15_Re4StRes_T1_DSV/IMG_3186.JPG,plot_cfe78efc9fbf34b7f4b9,dsv_asendorf_t1_bbch11,/home/nfs/data/nvme_datasets/Pictures_CFSB_leaf_damage/2025_09_15_Re4StRes_T1_DSV/IMG_3186.JPG,4.0,12.246541976928711,12.171658515930176,-0.07488301396369934,8.171658515930176,8.246541976928711,midpoint,45,single_rater_weak
2025_09_15_Re4StRes_T1_DSV/IMG_3187.JPG,plot_a75bd7b0d3ff79351265,dsv_asendorf_t1_bbch11,/home/nfs/data/nvme_datasets/Pictures_CFSB_leaf_damage/2025_09_15_Re4StRes_T1_DSV/IMG_3187.JPG,3.0,4.639463901519775,5.148748397827148,0.5092843174934387,2.1487483978271484,1.6394639015197754,midpoint,45,single_rater_weak
2025_09_15_Re4StRes_T1_DSV/IMG_3188.JPG,plot_a75bd7b0d3ff79351265,dsv_asendorf_t1_bbch11,/home/nfs/data/nvme_datasets/Pictures_CFSB_leaf_damage/2025_09_15_Re4StRes_T1_DSV/IMG_3188.JPG,2.0,5.510610580444336,6.324345588684082,0.8137348890304565,4.324345588684082,3.510610580444336,midpoint,45,single_rater_weak
2025_09_15_Re4StRes_T1_DSV/IMG_3189.JPG,plot_a75bd7b0d3ff79351265,dsv_asendorf_t1_bbch11,/home/nfs/data/nvme_datasets/Pictures_CFSB_leaf_damage/2025_09_15_Re4StRes_T1_DSV/IMG_3189.JPG,1.0,3.3455772399902344,4.026175022125244,0.6805977821350098,3.026175022125244,2.3455772399902344,midpoint,45,single_rater_weak
2025_09_15_Re4StRes_T1_DSV/IMG_3190.JPG,plot_336d70e197749a85305d,dsv_asendorf_t1_bbch11,/home/nfs/data/nvme_datasets/Pictures_CFSB_leaf_damage/2025_09_15_Re4StRes_T1_DSV/IMG_3190.JPG,2.0,7.1462297439575195,7.788671493530273,0.6424417495727539,5.788671493530273,5.1462297439575195,midpoint,45,single_rater_weak
2025_09_15_Re4StRes_T1_DSV/IMG_3191.JPG,plot_336d70e197749a85305d,dsv_asendorf_t1_bbch11,/home/nfs/data/nvme_datasets/Pictures_CFSB_leaf_damage/2025_09_15_Re4StRes_T1_DSV/IMG_3191.JPG,2.0,4.8879547119140625,5.5179972648620605,0.6300426721572876,3.5179972648620605,2.8879547119140625,midpoint,45,single_rater_weak
2025_09_15_Re4StRes_T1_DSV/IMG_3192.JPG,plot_336d70e197749a85305d,dsv_asendorf_t1_bbch11,/home/nfs/data/nvme_datasets/Pictures_CFSB_leaf_damage/2025_09_15_Re4StRes_T1_DSV/IMG_3192.JPG,3.0,8.490324020385742,9.052684783935547,0.5623611211776733,6.052684783935547,5.490324020385742,midpoint,45,single_rater_weak
2025_09_15_Re4StRes_T1_DSV/IMG_3193.JPG,plot_72b1d0fc83e440054c83,dsv_asendorf_t1_bbch11,/home/nfs/data/nvme_datasets/Pictures_CFSB_leaf_damage/2025_09_15_Re4StRes_T1_DSV/IMG_3193.JPG,1.0,6.585760116577148,7.09674596786499,0.510985791683197,6.09674596786499,5.585760116577148,midpoint,45,single_rater_weak
2025_09_15_Re4StRes_T1_DSV/IMG_3194.JPG,plot_72b1d0fc83e440054c83,dsv_asendorf_t1_bbch11,/home/nfs/data/nvme_datasets/Pictures_CFSB_leaf_damage/2025_09_15_Re4StRes_T1_DSV/IMG_3194.JPG,1.0,9.205995559692383,9.719488143920898,0.5134924650192261,8.719488143920898,8.205995559692383,midpoint,45,single_rater_weak
2025_09_15_Re4StRes_T1_DSV/IMG_3195.JPG,plot_72b1d0fc83e440054c83,dsv_asendorf_t1_bbch11,/home/nfs/data/nvme_datasets/Pictures_CFSB_leaf_damage/2025_09_15_Re4StRes_T1_DSV/IMG_3195.JPG,1.0,2.5957908630371094,3.044896125793457,0.4491052031517029,2.044896125793457,1.5957908630371094,midpoint,45,single_rater_weak
2025_09_15_Re4StRes_T1_DSV/IMG_3196.JPG,plot_a1803f305fedaf6b8aa4,dsv_asendorf_t1_bbch11,/home/nfs/data/nvme_datasets/Pictures_CFSB_leaf_damage/2025_09_15_Re4StRes_T1_DSV/IMG_3196.JPG,2.0,5.769084930419922,5.883172988891602,0.11408797651529312,3.8831729888916016,3.769084930419922,midpoint,45,single_rater_weak
2025_09_15_Re4StRes_T1_DSV/IMG_3197.JPG,plot_a1803f305fedaf6b8aa4,dsv_asendorf_t1_bbch11,/home/nfs/data/nvme_datasets/Pictures_CFSB_leaf_damage/2025_09_15_Re4StRes_T1_DSV/IMG_3197.JPG,2.0,12.454526901245117,12.95101547241211,0.49648839235305786,10.95101547241211,10.454526901245117,midpoint,45,single_rater_weak
2025_09_15_Re4StRes_T1_DSV/IMG_3198.JPG,plot_a1803f305fedaf6b8aa4,dsv_asendorf_t1_bbch11,/home/nfs/data/nvme_datasets/Pictures_CFSB_leaf_damage/2025_09_15_Re4StRes_T1_DSV/IMG_3198.JPG,1.0,6.992740154266357,6.943656921386719,-0.049083177000284195,5.943656921386719,5.992740154266357,midpoint,45,single_rater_weak
2025_09_15_Re4StRes_T1_DSV/IMG_3199.JPG,plot_a9ab88f04c34dafa250a,dsv_asendorf_t1_bbch11,/home/nfs/data/nvme_datasets/Pictures_CFSB_leaf_damage/2025_09_15_Re4StRes_T1_DSV/IMG_3199.JPG,2.0,4.7880120277404785,5.259873867034912,0.47186172008514404,3.259873867034912,2.7880120277404785,midpoint,45,single_rater_weak
2025_09_15_Re4StRes_T1_DSV/IMG_3200.JPG,plot_a9ab88f04c34dafa250a,dsv_asendorf_t1_bbch11,/home/nfs/data/nvme_datasets/Pictures_CFSB_leaf_damage/2025_09_15_Re4StRes_T1_DSV/IMG_3200.JPG,2.0,9.296844482421875,9.664796829223633,0.3679521679878235,7.664796829223633,7.296844482421875,midpoint,45,single_rater_weak
2025_09_15_Re4StRes_T1_DSV/IMG_3201.JPG,plot_a9ab88f04c34dafa250a,dsv_asendorf_t1_bbch11,/home/nfs/data/nvme_datasets/Pictures_CFSB_leaf_damage/2025_09_15_Re4StRes_T1_DSV/IMG_3201.JPG,2.0,9.855751037597656,10.314865112304688,0.4591137766838074,8.314865112304688,7.855751037597656,midpoint,45,single_rater_weak
2025_09_15_Re4StRes_T1_DSV/IMG_3202.JPG,plot_60400e702bee57585895,dsv_asendorf_t1_bbch11,/home/nfs/data/nvme_datasets/Pictures_CFSB_leaf_damage/2025_09_15_Re4StRes_T1_DSV/IMG_3202.JPG,6.0,6.036959171295166,6.486114501953125,0.4491550922393799,0.486114501953125,0.036959171295166016,midpoint,45,single_rater_weak
2025_09_15_Re4StRes_T1_DSV/IMG_3203.JPG,plot_60400e702bee57585895,dsv_asendorf_t1_bbch11,/home/nfs/data/nvme_datasets/Pictures_CFSB_leaf_damage/2025_09_15_Re4StRes_T1_DSV/IMG_3203.JPG,4.0,8.547225952148438,8.899452209472656,0.3522263765335083,4.899452209472656,4.5472259521484375,midpoint,45,single_rater_weak
2025_09_15_Re4StRes_T1_DSV/IMG_3204.JPG,plot_60400e702bee57585895,dsv_asendorf_t1_bbch11,/home/nfs/data/nvme_datasets/Pictures_CFSB_leaf_damage/2025_09_15_Re4StRes_T1_DSV/IMG_3204.JPG,1.0,2.980808734893799,3.184732437133789,0.20392370223999023,2.184732437133789,1.9808087348937988,midpoint,45,single_rater_weak
2025_09_15_Re4StRes_T1_DSV/IMG_3205.JPG,plot_2bbedc53a1730a8c1c06,dsv_asendorf_t1_bbch11,/home/nfs/data/nvme_datasets/Pictures_CFSB_leaf_damage/2025_09_15_Re4StRes_T1_DSV/IMG_3205.JPG,1.0,7.122015953063965,7.614922046661377,0.49290621280670166,6.614922046661377,6.122015953063965,midpoint,45,single_rater_weak
2025_09_15_Re4StRes_T1_DSV/IMG_3206.JPG,plot_2bbedc53a1730a8c1c06,dsv_asendorf_t1_bbch11,/home/nfs/data/nvme_datasets/Pictures_CFSB_leaf_damage/2025_09_15_Re4StRes_T1_DSV/IMG_3206.JPG,3.0,8.254079818725586,8.821538925170898,0.5674594044685364,5.821538925170898,5.254079818725586,midpoint,45,single_rater_weak
2025_09_15_Re4StRes_T1_DSV/IMG_3207.JPG,plot_2bbedc53a1730a8c1c06,dsv_asendorf_t1_bbch11,/home/nfs/data/nvme_datasets/Pictures_CFSB_leaf_damage/2025_09_15_Re4StRes_T1_DSV/IMG_3207.JPG,4.0,9.578096389770508,10.153244972229004,0.5751484036445618,6.153244972229004,5.578096389770508,midpoint,45,single_rater_weak
2025_09_15_Re4StRes_T1_DSV/IMG_3208.JPG,plot_b1894e39332675c8b77d,dsv_asendorf_t1_bbch11,/home/nfs/data/nvme_datasets/Pictures_CFSB_leaf_damage/2025_09_15_Re4StRes_T1_DSV/IMG_3208.JPG,1.0,7.803131580352783,8.065704345703125,0.26257243752479553,7.065704345703125,6.803131580352783,midpoint,45,single_rater_weak
2025_09_15_Re4StRes_T1_DSV/IMG_3209.JPG,plot_b1894e39332675c8b77d,dsv_asendorf_t1_bbch11,/home/nfs/data/nvme_datasets/Pictures_CFSB_leaf_damage/2025_09_15_Re4StRes_T1_DSV/IMG_3209.JPG,1.0,7.797965049743652,8.213248252868652,0.4152835011482239,7.213248252868652,6.797965049743652,midpoint,45,single_rater_weak
2025_09_15_Re4StRes_T1_DSV/IMG_3210.JPG,plot_b1894e39332675c8b77d,dsv_asendorf_t1_bbch11,/home/nfs/data/nvme_datasets/Pictures_CFSB_leaf_damage/2025_09_15_Re4StRes_T1_DSV/IMG_3210.JPG,1.0,2.2068862915039062,2.7340993881225586,0.5272130966186523,1.7340993881225586,1.2068862915039062,midpoint,45,single_rater_weak
2025_09_15_Re4StRes_T1_DSV/IMG_3211.JPG,plot_3539600a59aabc9b75de,dsv_asendorf_t1_bbch11,/home/nfs/data/nvme_datasets/Pictures_CFSB_leaf_damage/2025_09_15_Re4StRes_T1_DSV/IMG_3211.JPG,2.0,6.53978157043457,7.098303318023682,0.5585217475891113,5.098303318023682,4.53978157043457,midpoint,45,single_rater_weak
2025_09_15_Re4StRes_T1_DSV/IMG_3212.JPG,plot_3539600a59aabc9b75de,dsv_asendorf_t1_bbch11,/home/nfs/data/nvme_datasets/Pictures_CFSB_leaf_damage/2025_09_15_Re4StRes_T1_DSV/IMG_3212.JPG,1.0,8.17827320098877,8.785564422607422,0.607291579246521,7.785564422607422,7.1782732009887695,midpoint,45,single_rater_weak
2025_09_15_Re4StRes_T1_DSV/IMG_3214.JPG,plot_3539600a59aabc9b75de,dsv_asendorf_t1_bbch11,/home/nfs/data/nvme_datasets/Pictures_CFSB_leaf_damage/2025_09_15_Re4StRes_T1_DSV/IMG_3214.JPG,1.0,3.7532150745391846,4.407535552978516,0.654320240020752,3.4075355529785156,2.7532150745391846,midpoint,45,single_rater_weak
2025_09_15_Re4StRes_T1_DSV/IMG_3215.JPG,plot_eb3702ae538f36e12fdc,dsv_asendorf_t1_bbch11,/home/nfs/data/nvme_datasets/Pictures_CFSB_leaf_damage/2025_09_15_Re4StRes_T1_DSV/IMG_3215.JPG,15.0,11.096017837524414,11.39388656616211,0.29786843061447144,3.6061134338378906,3.903982162475586,midpoint,45,single_rater_weak
2025_09_15_Re4StRes_T1_DSV/IMG_3216.JPG,plot_eb3702ae538f36e12fdc,dsv_asendorf_t1_bbch11,/home/nfs/data/nvme_datasets/Pictures_CFSB_leaf_damage/2025_09_15_Re4StRes_T1_DSV/IMG_3216.JPG,1.0,5.999086856842041,5.931293964385986,-0.06779312342405319,4.931293964385986,4.999086856842041,midpoint,45,single_rater_weak
2025_09_15_Re4StRes_T1_DSV/IMG_3217.JPG,plot_eb3702ae538f36e12fdc,dsv_asendorf_t1_bbch11,/home/nfs/data/nvme_datasets/Pictures_CFSB_leaf_damage/2025_09_15_Re4StRes_T1_DSV/IMG_3217.JPG,1.0,4.044604301452637,4.092082500457764,0.04747837409377098,3.0920825004577637,3.0446043014526367,midpoint,45,single_rater_weak
2025_09_15_Re4StRes_T1_DSV/IMG_3218.JPG,plot_bf214bfe62ce3ba5d1f9,dsv_asendorf_t1_bbch11,/home/nfs/data/nvme_datasets/Pictures_CFSB_leaf_damage/2025_09_15_Re4StRes_T1_DSV/IMG_3218.JPG,1.0,7.085705280303955,7.180620193481445,0.09491486847400665,6.180620193481445,6.085705280303955,midpoint,45,single_rater_weak
2025_09_15_Re4StRes_T1_DSV/IMG_3219.JPG,plot_bf214bfe62ce3ba5d1f9,dsv_asendorf_t1_bbch11,/home/nfs/data/nvme_datasets/Pictures_CFSB_leaf_damage/2025_09_15_Re4StRes_T1_DSV/IMG_3219.JPG,1.0,9.832852363586426,9.9849214553833,0.15206941962242126,8.9849214553833,8.832852363586426,midpoint,45,single_rater_weak
2025_09_15_Re4StRes_T1_DSV/IMG_3220.JPG,plot_bf214bfe62ce3ba5d1f9,dsv_asendorf_t1_bbch11,/home/nfs/data/nvme_datasets/Pictures_CFSB_leaf_damage/2025_09_15_Re4StRes_T1_DSV/IMG_3220.JPG,1.0,7.085134506225586,7.697773456573486,0.6126390695571899,6.697773456573486,6.085134506225586,midpoint,45,single_rater_weak
2025_09_15_Re4StRes_T1_DSV/IMG_3221.JPG,plot_34d14aebbb15b88da30e,dsv_asendorf_t1_bbch11,/home/nfs/data/nvme_datasets/Pictures_CFSB_leaf_damage/2025_09_15_Re4StRes_T1_DSV/IMG_3221.JPG,1.0,6.855101585388184,7.6005096435546875,0.7454079389572144,6.6005096435546875,5.855101585388184,midpoint,45,single_rater_weak
2025_09_15_Re4StRes_T1_DSV/IMG_3222.JPG,plot_34d14aebbb15b88da30e,dsv_asendorf_t1_bbch11,/home/nfs/data/nvme_datasets/Pictures_CFSB_leaf_damage/2025_09_15_Re4StRes_T1_DSV/IMG_3222.JPG,1.0,7.161209583282471,7.262085437774658,0.10087607800960541,6.262085437774658,6.161209583282471,midpoint,45,single_rater_weak
2025_09_15_Re4StRes_T1_DSV/IMG_3223.JPG,plot_34d14aebbb15b88da30e,dsv_asendorf_t1_bbch11,/home/nfs/data/nvme_datasets/Pictures_CFSB_leaf_damage/2025_09_15_Re4StRes_T1_DSV/IMG_3223.JPG,2.0,4.494197845458984,4.933399200439453,0.43920159339904785,2.933399200439453,2.4941978454589844,midpoint,45,single_rater_weak
2025_09_15_Re4StRes_T1_DSV/IMG_3224.JPG,plot_6731bbcab62df30b34c1,dsv_asendorf_t1_bbch11,/home/nfs/data/nvme_datasets/Pictures_CFSB_leaf_damage/2025_09_15_Re4StRes_T1_DSV/IMG_3224.JPG,5.0,8.28774642944336,8.824365615844727,0.5366187691688538,3.8243656158447266,3.2877464294433594,midpoint,45,single_rater_weak
2025_09_15_Re4StRes_T1_DSV/IMG_3225.JPG,plot_6731bbcab62df30b34c1,dsv_asendorf_t1_bbch11,/home/nfs/data/nvme_datasets/Pictures_CFSB_leaf_damage/2025_09_15_Re4StRes_T1_DSV/IMG_3225.JPG,30.0,8.864034652709961,9.397567749023438,0.5335326790809631,20.602432250976562,21.13596534729004,midpoint,45,single_rater_weak
2025_09_15_Re4StRes_T1_DSV/IMG_3226.JPG,plot_6731bbcab62df30b34c1,dsv_asendorf_t1_bbch11,/home/nfs/data/nvme_datasets/Pictures_CFSB_leaf_damage/2025_09_15_Re4StRes_T1_DSV/IMG_3226.JPG,3.0,6.539009094238281,7.143019676208496,0.6040104031562805,4.143019676208496,3.5390090942382812,midpoint,45,single_rater_weak
2025_09_15_Re4StRes_T1_DSV/IMG_3227.JPG,plot_9beea524c46e83073ca7,dsv_asendorf_t1_bbch11,/home/nfs/data/nvme_datasets/Pictures_CFSB_leaf_damage/2025_09_15_Re4StRes_T1_DSV/IMG_3227.JPG,2.0,5.301202297210693,5.712309837341309,0.4111074209213257,3.7123098373413086,3.3012022972106934,midpoint,45,single_rater_weak
2025_09_15_Re4StRes_T1_DSV/IMG_3228.JPG,plot_9beea524c46e83073ca7,dsv_asendorf_t1_bbch11,/home/nfs/data/nvme_datasets/Pictures_CFSB_leaf_damage/2025_09_15_Re4StRes_T1_DSV/IMG_3228.JPG,1.0,6.114943504333496,6.2995100021362305,0.1845664083957672,5.2995100021362305,5.114943504333496,midpoint,45,single_rater_weak
2025_09_15_Re4StRes_T1_DSV/IMG_3229.JPG,plot_9beea524c46e83073ca7,dsv_asendorf_t1_bbch11,/home/nfs/data/nvme_datasets/Pictures_CFSB_leaf_damage/2025_09_15_Re4StRes_T1_DSV/IMG_3229.JPG,1.0,7.083940029144287,7.286652565002441,0.2027122974395752,6.286652565002441,6.083940029144287,midpoint,45,single_rater_weak
2025_09_15_Re4StRes_T1_DSV/IMG_3230.JPG,plot_3a1e6f5f9680120c73d7,dsv_asendorf_t1_bbch11,/home/nfs/data/nvme_datasets/Pictures_CFSB_leaf_damage/2025_09_15_Re4StRes_T1_DSV/IMG_3230.JPG,6.0,5.313708305358887,5.700138092041016,0.38642987608909607,0.2998619079589844,0.6862916946411133,midpoint,45,single_rater_weak
2025_09_15_Re4StRes_T1_DSV/IMG_3231.JPG,plot_3a1e6f5f9680120c73d7,dsv_asendorf_t1_bbch11,/home/nfs/data/nvme_datasets/Pictures_CFSB_leaf_damage/2025_09_15_Re4StRes_T1_DSV/IMG_3231.JPG,1.0,3.1524953842163086,3.6240906715393066,0.47159522771835327,2.6240906715393066,2.1524953842163086,midpoint,45,single_rater_weak
2025_09_15_Re4StRes_T1_DSV/IMG_3232.JPG,plot_3a1e6f5f9680120c73d7,dsv_asendorf_t1_bbch11,/home/nfs/data/nvme_datasets/Pictures_CFSB_leaf_damage/2025_09_15_Re4StRes_T1_DSV/IMG_3232.JPG,1.0,7.113359451293945,7.439170837402344,0.32581114768981934,6.439170837402344,6.113359451293945,midpoint,45,single_rater_weak
2025_09_15_Re4StRes_T1_DSV/IMG_3233.JPG,plot_fd43d9c52c96a3e24697,dsv_asendorf_t1_bbch11,/home/nfs/data/nvme_datasets/Pictures_CFSB_leaf_damage/2025_09_15_Re4StRes_T1_DSV/IMG_3233.JPG,21.0,9.909082412719727,10.591177940368652,0.6820955276489258,10.408822059631348,11.090917587280273,midpoint,45,single_rater_weak
2025_09_15_Re4StRes_T1_DSV/IMG_3234.JPG,plot_fd43d9c52c96a3e24697,dsv_asendorf_t1_bbch11,/home/nfs/data/nvme_datasets/Pictures_CFSB_leaf_damage/2025_09_15_Re4StRes_T1_DSV/IMG_3234.JPG,12.0,5.833051681518555,6.227443695068359,0.3943917751312256,5.772556304931641,6.166948318481445,midpoint,45,single_rater_weak
2025_09_15_Re4StRes_T1_DSV/IMG_3235.JPG,plot_fd43d9c52c96a3e24697,dsv_asendorf_t1_bbch11,/home/nfs/data/nvme_datasets/Pictures_CFSB_leaf_damage/2025_09_15_Re4StRes_T1_DSV/IMG_3235.JPG,5.0,13.621265411376953,13.288634300231934,-0.33263105154037476,8.288634300231934,8.621265411376953,midpoint,45,single_rater_weak
2025_09_15_Re4StRes_T1_DSV/IMG_3236.JPG,plot_41a6db88739c2508f149,dsv_asendorf_t1_bbch11,/home/nfs/data/nvme_datasets/Pictures_CFSB_leaf_damage/2025_09_15_Re4StRes_T1_DSV/IMG_3236.JPG,1.0,6.586790084838867,6.943088531494141,0.3562982380390167,5.943088531494141,5.586790084838867,midpoint,45,single_rater_weak
2025_09_15_Re4StRes_T1_DSV/IMG_3237.JPG,plot_41a6db88739c2508f149,dsv_asendorf_t1_bbch11,/home/nfs/data/nvme_datasets/Pictures_CFSB_leaf_damage/2025_09_15_Re4StRes_T1_DSV/IMG_3237.JPG,3.0,5.6842756271362305,6.127802848815918,0.4435274004936218,3.127802848815918,2.6842756271362305,midpoint,45,single_rater_weak
2025_09_15_Re4StRes_T1_DSV/IMG_3238.JPG,plot_41a6db88739c2508f149,dsv_asendorf_t1_bbch11,/home/nfs/data/nvme_datasets/Pictures_CFSB_leaf_damage/2025_09_15_Re4StRes_T1_DSV/IMG_3238.JPG,11.0,9.932931900024414,10.887345314025879,0.9544132947921753,0.1126546859741211,1.067068099975586,midpoint,45,single_rater_weak
2025_09_15_Re4StRes_T1_DSV/IMG_3239.JPG,plot_edb991aad2fb45d1b632,dsv_asendorf_t1_bbch11,/home/nfs/data/nvme_datasets/Pictures_CFSB_leaf_damage/2025_09_15_Re4StRes_T1_DSV/IMG_3239.JPG,1.0,6.966110706329346,7.460023880004883,0.4939132630825043,6.460023880004883,5.966110706329346,midpoint,45,single_rater_weak
2025_09_15_Re4StRes_T1_DSV/IMG_3240.JPG,plot_edb991aad2fb45d1b632,dsv_asendorf_t1_bbch11,/home/nfs/data/nvme_datasets/Pictures_CFSB_leaf_damage/2025_09_15_Re4StRes_T1_DSV/IMG_3240.JPG,2.0,6.247437477111816,6.756852149963379,0.509414553642273,4.756852149963379,4.247437477111816,midpoint,45,single_rater_weak
2025_09_15_Re4StRes_T1_DSV/IMG_3241.JPG,plot_edb991aad2fb45d1b632,dsv_asendorf_t1_bbch11,/home/nfs/data/nvme_datasets/Pictures_CFSB_leaf_damage/2025_09_15_Re4StRes_T1_DSV/IMG_3241.JPG,2.0,8.644009590148926,8.809149742126465,0.16514015197753906,6.809149742126465,6.644009590148926,midpoint,45,single_rater_weak
2025_09_15_Re4StRes_T1_DSV/IMG_3242.JPG,plot_e2e387746e45a02831d7,dsv_asendorf_t1_bbch11,/home/nfs/data/nvme_datasets/Pictures_CFSB_leaf_damage/2025_09_15_Re4StRes_T1_DSV/IMG_3242.JPG,1.0,7.370645999908447,7.536269664764404,0.16562360525131226,6.536269664764404,6.370645999908447,midpoint,45,single_rater_weak
2025_09_15_Re4StRes_T1_DSV/IMG_3243.JPG,plot_e2e387746e45a02831d7,dsv_asendorf_t1_bbch11,/home/nfs/data/nvme_datasets/Pictures_CFSB_leaf_damage/2025_09_15_Re4StRes_T1_DSV/IMG_3243.JPG,6.0,4.99554443359375,5.258822441101074,0.26327818632125854,0.7411775588989258,1.00445556640625,midpoint,45,single_rater_weak
2025_09_15_Re4StRes_T1_DSV/IMG_3244.JPG,plot_e2e387746e45a02831d7,dsv_asendorf_t1_bbch11,/home/nfs/data/nvme_datasets/Pictures_CFSB_leaf_damage/2025_09_15_Re4StRes_T1_DSV/IMG_3244.JPG,9.0,9.144104957580566,9.959981918334961,0.8158770203590393,0.9599819183349609,0.1441049575805664,midpoint,45,single_rater_weak
2025_09_15_Re4StRes_T1_DSV/IMG_3245.JPG,plot_3f47d5961542eef7d91c,dsv_asendorf_t1_bbch11,/home/nfs/data/nvme_datasets/Pictures_CFSB_leaf_damage/2025_09_15_Re4StRes_T1_DSV/IMG_3245.JPG,6.0,6.820703983306885,7.176909923553467,0.3562059700489044,1.1769099235534668,0.8207039833068848,midpoint,45,single_rater_weak
2025_09_15_Re4StRes_T1_DSV/IMG_3246.JPG,plot_3f47d5961542eef7d91c,dsv_asendorf_t1_bbch11,/home/nfs/data/nvme_datasets/Pictures_CFSB_leaf_damage/2025_09_15_Re4StRes_T1_DSV/IMG_3246.JPG,26.0,8.723492622375488,9.02584171295166,0.3023487329483032,16.974159240722656,17.276508331298828,midpoint,45,single_rater_weak
2025_09_15_Re4StRes_T1_DSV/IMG_3248.JPG,plot_3f47d5961542eef7d91c,dsv_asendorf_t1_bbch11,/home/nfs/data/nvme_datasets/Pictures_CFSB_leaf_damage/2025_09_15_Re4StRes_T1_DSV/IMG_3248.JPG,2.0,5.603714466094971,5.911280632019043,0.30756622552871704,3.911280632019043,3.6037144660949707,midpoint,45,single_rater_weak
2025_09_15_Re4StRes_T1_DSV/IMG_3249.JPG,plot_9d45423b126c61c30b77,dsv_asendorf_t1_bbch11,/home/nfs/data/nvme_datasets/Pictures_CFSB_leaf_damage/2025_09_15_Re4StRes_T1_DSV/IMG_3249.JPG,12.0,10.851515769958496,11.663000106811523,0.8114839792251587,0.33699989318847656,1.148484230041504,midpoint,45,single_rater_weak
2025_09_15_Re4StRes_T1_DSV/IMG_3250.JPG,plot_9d45423b126c61c30b77,dsv_asendorf_t1_bbch11,/home/nfs/data/nvme_datasets/Pictures_CFSB_leaf_damage/2025_09_15_Re4StRes_T1_DSV/IMG_3250.JPG,9.0,9.592536926269531,10.17190933227539,0.5793727040290833,1.1719093322753906,0.5925369262695312,midpoint,45,single_rater_weak
2025_09_15_Re4StRes_T1_DSV/IMG_3251.JPG,plot_9d45423b126c61c30b77,dsv_asendorf_t1_bbch11,/home/nfs/data/nvme_datasets/Pictures_CFSB_leaf_damage/2025_09_15_Re4StRes_T1_DSV/IMG_3251.JPG,1.0,4.7528815269470215,5.2517499923706055,0.4988683760166168,4.2517499923706055,3.7528815269470215,midpoint,45,single_rater_weak
2025_09_15_Re4StRes_T1_DSV/IMG_3252.JPG,plot_129f30939368c8935b7c,dsv_asendorf_t1_bbch11,/home/nfs/data/nvme_datasets/Pictures_CFSB_leaf_damage/2025_09_15_Re4StRes_T1_DSV/IMG_3252.JPG,3.0,6.562870979309082,7.059498310089111,0.4966272711753845,4.059498310089111,3.562870979309082,midpoint,45,single_rater_weak
2025_09_15_Re4StRes_T1_DSV/IMG_3253.JPG,plot_129f30939368c8935b7c,dsv_asendorf_t1_bbch11,/home/nfs/data/nvme_datasets/Pictures_CFSB_leaf_damage/2025_09_15_Re4StRes_T1_DSV/IMG_3253.JPG,1.0,8.059892654418945,8.764820098876953,0.7049275636672974,7.764820098876953,7.059892654418945,midpoint,45,single_rater_weak
2025_09_15_Re4StRes_T1_DSV/IMG_3254.JPG,plot_129f30939368c8935b7c,dsv_asendorf_t1_bbch11,/home/nfs/data/nvme_datasets/Pictures_CFSB_leaf_damage/2025_09_15_Re4StRes_T1_DSV/IMG_3254.JPG,7.0,9.021354675292969,9.68409538269043,0.6627405285835266,2.6840953826904297,2.0213546752929688,midpoint,45,single_rater_weak
2025_09_15_Re4StRes_T1_DSV/IMG_3255.JPG,plot_f9626d0c917f313e8a19,dsv_asendorf_t1_bbch11,/home/nfs/data/nvme_datasets/Pictures_CFSB_leaf_damage/2025_09_15_Re4StRes_T1_DSV/IMG_3255.JPG,2.0,7.7274489402771,8.002617835998535,0.2751689851284027,6.002617835998535,5.7274489402771,midpoint,45,single_rater_weak
2025_09_15_Re4StRes_T1_DSV/IMG_3256.JPG,plot_f9626d0c917f313e8a19,dsv_asendorf_t1_bbch11,/home/nfs/data/nvme_datasets/Pictures_CFSB_leaf_damage/2025_09_15_Re4StRes_T1_DSV/IMG_3256.JPG,1.0,7.871983528137207,8.14462661743164,0.272643506526947,7.144626617431641,6.871983528137207,midpoint,45,single_rater_weak
2025_09_15_Re4StRes_T1_DSV/IMG_3257.JPG,plot_f9626d0c917f313e8a19,dsv_asendorf_t1_bbch11,/home/nfs/data/nvme_datasets/Pictures_CFSB_leaf_damage/2025_09_15_Re4StRes_T1_DSV/IMG_3257.JPG,40.0,5.259878158569336,6.1275763511657715,0.8676981329917908,33.8724250793457,34.74011993408203,midpoint,45,single_rater_weak
2025_09_15_Re4StRes_T1_DSV/IMG_3257_2.JPG,plot_6a051a6bb4230ee9520b,dsv_asendorf_t1_bbch11,/home/nfs/data/nvme_datasets/Pictures_CFSB_leaf_damage/2025_09_15_Re4StRes_T1_DSV/IMG_3257_2.JPG,7.0,2.752387046813965,2.906545400619507,0.15415826439857483,4.093454360961914,4.247612953186035,midpoint,45,single_rater_weak
2025_09_15_Re4StRes_T1_DSV/IMG_3259.JPG,plot_6a051a6bb4230ee9520b,dsv_asendorf_t1_bbch11,/home/nfs/data/nvme_datasets/Pictures_CFSB_leaf_damage/2025_09_15_Re4StRes_T1_DSV/IMG_3259.JPG,34.0,8.845437049865723,9.783050537109375,0.9376139640808105,24.216949462890625,25.154563903808594,midpoint,45,single_rater_weak
2025_09_15_Re4StRes_T1_DSV/IMG_3260.JPG,plot_6a051a6bb4230ee9520b,dsv_asendorf_t1_bbch11,/home/nfs/data/nvme_datasets/Pictures_CFSB_leaf_damage/2025_09_15_Re4StRes_T1_DSV/IMG_3260.JPG,16.0,10.558832168579102,11.069815635681152,0.5109830498695374,4.930184364318848,5.441167831420898,midpoint,45,single_rater_weak
2025_09_15_Re4StRes_T1_DSV/IMG_3261.JPG,plot_1216c7d6681be8f3d99c,dsv_asendorf_t1_bbch11,/home/nfs/data/nvme_datasets/Pictures_CFSB_leaf_damage/2025_09_15_Re4StRes_T1_DSV/IMG_3261.JPG,7.0,5.822601795196533,6.1367974281311035,0.314195454120636,0.8632025718688965,1.1773982048034668,midpoint,45,single_rater_weak
2025_09_15_Re4StRes_T1_DSV/IMG_3262.JPG,plot_1216c7d6681be8f3d99c,dsv_asendorf_t1_bbch11,/home/nfs/data/nvme_datasets/Pictures_CFSB_leaf_damage/2025_09_15_Re4StRes_T1_DSV/IMG_3262.JPG,2.0,5.949078559875488,6.467678070068359,0.5185995101928711,4.467678070068359,3.9490785598754883,midpoint,45,single_rater_weak
2025_09_15_Re4StRes_T1_DSV/IMG_3263.JPG,plot_1216c7d6681be8f3d99c,dsv_asendorf_t1_bbch11,/home/nfs/data/nvme_datasets/Pictures_CFSB_leaf_damage/2025_09_15_Re4StRes_T1_DSV/IMG_3263.JPG,10.0,4.377449035644531,4.608210563659668,0.23076167702674866,5.391789436340332,5.622550964355469,midpoint,45,single_rater_weak
2025_09_15_Re4StRes_T1_DSV/IMG_3264.JPG,plot_ca3beff6a94eea1ef628,dsv_asendorf_t1_bbch11,/home/nfs/data/nvme_datasets/Pictures_CFSB_leaf_damage/2025_09_15_Re4StRes_T1_DSV/IMG_3264.JPG,2.0,5.291474342346191,5.663017749786377,0.37154340744018555,3.663017749786377,3.2914743423461914,midpoint,45,single_rater_weak
2025_09_15_Re4StRes_T1_DSV/IMG_3265.JPG,plot_ca3beff6a94eea1ef628,dsv_asendorf_t1_bbch11,/home/nfs/data/nvme_datasets/Pictures_CFSB_leaf_damage/2025_09_15_Re4StRes_T1_DSV/IMG_3265.JPG,1.0,7.550016403198242,8.19800853729248,0.6479921936988831,7.1980085372924805,6.550016403198242,midpoint,45,single_rater_weak
2025_09_15_Re4StRes_T1_DSV/IMG_3266.JPG,plot_ca3beff6a94eea1ef628,dsv_asendorf_t1_bbch11,/home/nfs/data/nvme_datasets/Pictures_CFSB_leaf_damage/2025_09_15_Re4StRes_T1_DSV/IMG_3266.JPG,6.0,8.306214332580566,9.169414520263672,0.8631997108459473,3.169414520263672,2.3062143325805664,midpoint,45,single_rater_weak
2025_09_15_Re4StRes_T1_DSV/IMG_3267.JPG,plot_d5a1df628e189c0794a5,dsv_asendorf_t1_bbch11,/home/nfs/data/nvme_datasets/Pictures_CFSB_leaf_damage/2025_09_15_Re4StRes_T1_DSV/IMG_3267.JPG,3.0,7.333776950836182,7.635061264038086,0.3012840747833252,4.635061264038086,4.333776950836182,midpoint,45,single_rater_weak
2025_09_15_Re4StRes_T1_DSV/IMG_3268.JPG,plot_d5a1df628e189c0794a5,dsv_asendorf_t1_bbch11,/home/nfs/data/nvme_datasets/Pictures_CFSB_leaf_damage/2025_09_15_Re4StRes_T1_DSV/IMG_3268.JPG,2.0,5.817133903503418,6.496820449829102,0.6796866655349731,4.496820449829102,3.817133903503418,midpoint,45,single_rater_weak
2025_09_15_Re4StRes_T1_DSV/IMG_3269.JPG,plot_d5a1df628e189c0794a5,dsv_asendorf_t1_bbch11,/home/nfs/data/nvme_datasets/Pictures_CFSB_leaf_damage/2025_09_15_Re4StRes_T1_DSV/IMG_3269.JPG,3.0,4.249739646911621,4.68422794342041,0.4344882369041443,1.6842279434204102,1.249739646911621,midpoint,45,single_rater_weak
2025_09_15_Re4StRes_T1_DSV/IMG_3270.JPG,plot_dbcfc7149ccf66bb6b4b,dsv_asendorf_t1_bbch11,/home/nfs/data/nvme_datasets/Pictures_CFSB_leaf_damage/2025_09_15_Re4StRes_T1_DSV/IMG_3270.JPG,2.0,1.8398175239562988,2.345982551574707,0.5061651468276978,0.34598255157470703,0.16018247604370117,midpoint,45,single_rater_weak
2025_09_15_Re4StRes_T1_DSV/IMG_3271.JPG,plot_dbcfc7149ccf66bb6b4b,dsv_asendorf_t1_bbch11,/home/nfs/data/nvme_datasets/Pictures_CFSB_leaf_damage/2025_09_15_Re4StRes_T1_DSV/IMG_3271.JPG,3.0,2.819943428039551,2.896787643432617,0.07684427499771118,0.10321235656738281,0.18005657196044922,midpoint,45,single_rater_weak
2025_09_15_Re4StRes_T1_DSV/IMG_3272.JPG,plot_dbcfc7149ccf66bb6b4b,dsv_asendorf_t1_bbch11,/home/nfs/data/nvme_datasets/Pictures_CFSB_leaf_damage/2025_09_15_Re4StRes_T1_DSV/IMG_3272.JPG,5.0,3.8232598304748535,4.261991500854492,0.43873146176338196,0.7380084991455078,1.1767401695251465,midpoint,45,single_rater_weak
2025_09_15_Re4StRes_T1_DSV/IMG_3273.JPG,plot_b9a431186e2b1507c308,dsv_asendorf_t1_bbch11,/home/nfs/data/nvme_datasets/Pictures_CFSB_leaf_damage/2025_09_15_Re4StRes_T1_DSV/IMG_3273.JPG,5.0,7.831160545349121,8.184350967407227,0.3531903326511383,3.1843509674072266,2.831160545349121,midpoint,45,single_rater_weak
2025_09_15_Re4StRes_T1_DSV/IMG_3274.JPG,plot_b9a431186e2b1507c308,dsv_asendorf_t1_bbch11,/home/nfs/data/nvme_datasets/Pictures_CFSB_leaf_damage/2025_09_15_Re4StRes_T1_DSV/IMG_3274.JPG,5.0,6.8565754890441895,7.323681354522705,0.4671058654785156,2.323681354522705,1.8565754890441895,midpoint,45,single_rater_weak
2025_09_15_Re4StRes_T1_DSV/IMG_3275.JPG,plot_b9a431186e2b1507c308,dsv_asendorf_t1_bbch11,/home/nfs/data/nvme_datasets/Pictures_CFSB_leaf_damage/2025_09_15_Re4StRes_T1_DSV/IMG_3275.JPG,2.0,4.64591121673584,5.297515869140625,0.6516047716140747,3.297515869140625,2.64591121673584,midpoint,45,single_rater_weak
2025_09_15_Re4StRes_T1_DSV/IMG_3276.JPG,plot_7486149307b454bb4f4a,dsv_asendorf_t1_bbch11,/home/nfs/data/nvme_datasets/Pictures_CFSB_leaf_damage/2025_09_15_Re4StRes_T1_DSV/IMG_3276.JPG,2.0,2.646395206451416,2.870514392852783,0.2241191864013672,0.8705143928527832,0.646395206451416,midpoint,45,single_rater_weak
2025_09_15_Re4StRes_T1_DSV/IMG_3277.JPG,plot_7486149307b454bb4f4a,dsv_asendorf_t1_bbch11,/home/nfs/data/nvme_datasets/Pictures_CFSB_leaf_damage/2025_09_15_Re4StRes_T1_DSV/IMG_3277.JPG,2.0,6.239706993103027,6.589620590209961,0.34991341829299927,4.589620590209961,4.239706993103027,midpoint,45,single_rater_weak
2025_09_15_Re4StRes_T1_DSV/IMG_3278.JPG,plot_7486149307b454bb4f4a,dsv_asendorf_t1_bbch11,/home/nfs/data/nvme_datasets/Pictures_CFSB_leaf_damage/2025_09_15_Re4StRes_T1_DSV/IMG_3278.JPG,1.0,3.572471857070923,3.582930564880371,0.010458760894834995,2.582930564880371,2.572471857070923,midpoint,45,single_rater_weak
2025_09_15_Re4StRes_T1_DSV/IMG_3280.JPG,plot_3789b4cb6a6fe6da8348,dsv_asendorf_t1_bbch11,/home/nfs/data/nvme_datasets/Pictures_CFSB_leaf_damage/2025_09_15_Re4StRes_T1_DSV/IMG_3280.JPG,4.0,7.120625972747803,7.679558753967285,0.5589329600334167,3.679558753967285,3.1206259727478027,midpoint,45,single_rater_weak
2025_09_15_Re4StRes_T1_DSV/IMG_3281.JPG,plot_3789b4cb6a6fe6da8348,dsv_asendorf_t1_bbch11,/home/nfs/data/nvme_datasets/Pictures_CFSB_leaf_damage/2025_09_15_Re4StRes_T1_DSV/IMG_3281.JPG,4.0,5.916557788848877,6.289272785186768,0.3727151155471802,2.2892727851867676,1.916557788848877,midpoint,45,single_rater_weak
2025_09_15_Re4StRes_T1_DSV/IMG_3282.JPG,plot_3789b4cb6a6fe6da8348,dsv_asendorf_t1_bbch11,/home/nfs/data/nvme_datasets/Pictures_CFSB_leaf_damage/2025_09_15_Re4StRes_T1_DSV/IMG_3282.JPG,3.0,5.068778991699219,5.4523138999938965,0.38353484869003296,2.4523138999938965,2.0687789916992188,midpoint,45,single_rater_weak
2025_09_15_Re4StRes_T1_DSV/IMG_3283.JPG,plot_e617326cca4ff14f62d2,dsv_asendorf_t1_bbch11,/home/nfs/data/nvme_datasets/Pictures_CFSB_leaf_damage/2025_09_15_Re4StRes_T1_DSV/IMG_3283.JPG,2.0,13.419233322143555,13.855978012084961,0.43674436211586,11.855978012084961,11.419233322143555,midpoint,45,single_rater_weak
2025_09_15_Re4StRes_T1_DSV/IMG_3284.JPG,plot_e617326cca4ff14f62d2,dsv_asendorf_t1_bbch11,/home/nfs/data/nvme_datasets/Pictures_CFSB_leaf_damage/2025_09_15_Re4StRes_T1_DSV/IMG_3284.JPG,6.0,10.269521713256836,10.85719108581543,0.5876691341400146,4.85719108581543,4.269521713256836,midpoint,45,single_rater_weak
2025_09_15_Re4StRes_T1_DSV/IMG_3285.JPG,plot_e617326cca4ff14f62d2,dsv_asendorf_t1_bbch11,/home/nfs/data/nvme_datasets/Pictures_CFSB_leaf_damage/2025_09_15_Re4StRes_T1_DSV/IMG_3285.JPG,2.0,8.717026710510254,9.225358009338379,0.5083309412002563,7.225358009338379,6.717026710510254,midpoint,45,single_rater_weak
2025_09_15_Re4StRes_T1_DSV/IMG_3286.JPG,plot_0ae6f966a908651f5cab,dsv_asendorf_t1_bbch11,/home/nfs/data/nvme_datasets/Pictures_CFSB_leaf_damage/2025_09_15_Re4StRes_T1_DSV/IMG_3286.JPG,3.0,5.541299819946289,5.922784328460693,0.3814846873283386,2.9227843284606934,2.541299819946289,midpoint,45,single_rater_weak
2025_09_15_Re4StRes_T1_DSV/IMG_3287.JPG,plot_0ae6f966a908651f5cab,dsv_asendorf_t1_bbch11,/home/nfs/data/nvme_datasets/Pictures_CFSB_leaf_damage/2025_09_15_Re4StRes_T1_DSV/IMG_3287.JPG,5.0,8.702006340026855,9.074433326721191,0.3724270462989807,4.074433326721191,3.7020063400268555,midpoint,45,single_rater_weak
2025_09_15_Re4StRes_T1_DSV/IMG_3288.JPG,plot_0ae6f966a908651f5cab,dsv_asendorf_t1_bbch11,/home/nfs/data/nvme_datasets/Pictures_CFSB_leaf_damage/2025_09_15_Re4StRes_T1_DSV/IMG_3288.JPG,2.0,8.901330947875977,9.495443344116211,0.5941119194030762,7.495443344116211,6.901330947875977,midpoint,45,single_rater_weak
2025_09_15_Re4StRes_T1_DSV/IMG_3289.JPG,plot_8097028aac14b09b554b,dsv_asendorf_t1_bbch11,/home/nfs/data/nvme_datasets/Pictures_CFSB_leaf_damage/2025_09_15_Re4StRes_T1_DSV/IMG_3289.JPG,2.0,6.312001705169678,6.740626811981201,0.4286249279975891,4.740626811981201,4.312001705169678,midpoint,45,single_rater_weak
2025_09_15_Re4StRes_T1_DSV/IMG_3290.JPG,plot_8097028aac14b09b554b,dsv_asendorf_t1_bbch11,/home/nfs/data/nvme_datasets/Pictures_CFSB_leaf_damage/2025_09_15_Re4StRes_T1_DSV/IMG_3290.JPG,1.0,4.47889518737793,4.558075428009033,0.07918038219213486,3.558075428009033,3.4788951873779297,midpoint,45,single_rater_weak
2025_09_15_Re4StRes_T1_DSV/IMG_3291.JPG,plot_8097028aac14b09b554b,dsv_asendorf_t1_bbch11,/home/nfs/data/nvme_datasets/Pictures_CFSB_leaf_damage/2025_09_15_Re4StRes_T1_DSV/IMG_3291.JPG,4.0,10.498762130737305,10.646333694458008,0.14757128059864044,6.646333694458008,6.498762130737305,midpoint,45,single_rater_weak
2025_09_15_Re4StRes_T1_DSV/IMG_3292.JPG,plot_97272306323ab99ec6e4,dsv_asendorf_t1_bbch11,/home/nfs/data/nvme_datasets/Pictures_CFSB_leaf_damage/2025_09_15_Re4StRes_T1_DSV/IMG_3292.JPG,1.0,5.5170698165893555,5.787847995758057,0.2707783579826355,4.787847995758057,4.5170698165893555,midpoint,45,single_rater_weak
2025_09_15_Re4StRes_T1_DSV/IMG_3293.JPG,plot_97272306323ab99ec6e4,dsv_asendorf_t1_bbch11,/home/nfs/data/nvme_datasets/Pictures_CFSB_leaf_damage/2025_09_15_Re4StRes_T1_DSV/IMG_3293.JPG,2.0,5.500261306762695,5.689672470092773,0.1894109845161438,3.6896724700927734,3.5002613067626953,midpoint,45,single_rater_weak
2025_09_15_Re4StRes_T1_DSV/IMG_3294.JPG,plot_97272306323ab99ec6e4,dsv_asendorf_t1_bbch11,/home/nfs/data/nvme_datasets/Pictures_CFSB_leaf_damage/2025_09_15_Re4StRes_T1_DSV/IMG_3294.JPG,4.0,3.971569776535034,3.950228214263916,-0.021341625601053238,0.049771785736083984,0.02843022346496582,midpoint,45,single_rater_weak
2025_09_15_Re4StRes_T1_DSV/IMG_3295.JPG,plot_c62ed8a803b2f7fb0c8e,dsv_asendorf_t1_bbch11,/home/nfs/data/nvme_datasets/Pictures_CFSB_leaf_damage/2025_09_15_Re4StRes_T1_DSV/IMG_3295.JPG,2.0,3.109602451324463,3.4037039279937744,0.2941015660762787,1.4037039279937744,1.109602451324463,midpoint,45,single_rater_weak
2025_09_15_Re4StRes_T1_DSV/IMG_3296.JPG,plot_c62ed8a803b2f7fb0c8e,dsv_asendorf_t1_bbch11,/home/nfs/data/nvme_datasets/Pictures_CFSB_leaf_damage/2025_09_15_Re4StRes_T1_DSV/IMG_3296.JPG,3.0,2.706404685974121,2.7956957817077637,0.08929100632667542,0.20430421829223633,0.2935953140258789,midpoint,45,single_rater_weak
2025_09_15_Re4StRes_T1_DSV/IMG_3297.JPG,plot_c62ed8a803b2f7fb0c8e,dsv_asendorf_t1_bbch11,/home/nfs/data/nvme_datasets/Pictures_CFSB_leaf_damage/2025_09_15_Re4StRes_T1_DSV/IMG_3297.JPG,3.0,2.7647156715393066,2.936431407928467,0.17171578109264374,0.0635685920715332,0.23528432846069336,midpoint,45,single_rater_weak
2025_09_15_Re4StRes_T1_DSV/IMG_3298.JPG,plot_2d2c766ece40a4a2ce28,dsv_asendorf_t1_bbch11,/home/nfs/data/nvme_datasets/Pictures_CFSB_leaf_damage/2025_09_15_Re4StRes_T1_DSV/IMG_3298.JPG,1.0,5.800792694091797,5.876057147979736,0.07526451349258423,4.876057147979736,4.800792694091797,midpoint,45,single_rater_weak
2025_09_15_Re4StRes_T1_DSV/IMG_3299.JPG,plot_2d2c766ece40a4a2ce28,dsv_asendorf_t1_bbch11,/home/nfs/data/nvme_datasets/Pictures_CFSB_leaf_damage/2025_09_15_Re4StRes_T1_DSV/IMG_3299.JPG,3.0,7.7008466720581055,8.038453102111816,0.3376063108444214,5.038453102111816,4.7008466720581055,midpoint,45,single_rater_weak
2025_09_15_Re4StRes_T1_DSV/IMG_3300.JPG,plot_2d2c766ece40a4a2ce28,dsv_asendorf_t1_bbch11,/home/nfs/data/nvme_datasets/Pictures_CFSB_leaf_damage/2025_09_15_Re4StRes_T1_DSV/IMG_3300.JPG,23.0,7.584792137145996,7.687206745147705,0.1024145781993866,15.312793731689453,15.415207862854004,midpoint,45,single_rater_weak
2025_09_15_Re4StRes_T1_DSV/IMG_3301.JPG,plot_7cacbc714931b970206b,dsv_asendorf_t1_bbch11,/home/nfs/data/nvme_datasets/Pictures_CFSB_leaf_damage/2025_09_15_Re4StRes_T1_DSV/IMG_3301.JPG,5.0,9.313529968261719,9.765509605407715,0.45197999477386475,4.765509605407715,4.313529968261719,midpoint,45,single_rater_weak
2025_09_15_Re4StRes_T1_DSV/IMG_3302.JPG,plot_7cacbc714931b970206b,dsv_asendorf_t1_bbch11,/home/nfs/data/nvme_datasets/Pictures_CFSB_leaf_damage/2025_09_15_Re4StRes_T1_DSV/IMG_3302.JPG,5.0,11.17260456085205,11.1904878616333,0.01788336969912052,6.190487861633301,6.172604560852051,midpoint,45,single_rater_weak
2025_09_15_Re4StRes_T1_DSV/IMG_3303.JPG,plot_7cacbc714931b970206b,dsv_asendorf_t1_bbch11,/home/nfs/data/nvme_datasets/Pictures_CFSB_leaf_damage/2025_09_15_Re4StRes_T1_DSV/IMG_3303.JPG,2.0,5.8891801834106445,6.054460525512695,0.16528040170669556,4.054460525512695,3.8891801834106445,midpoint,45,single_rater_weak
2025_09_15_Re4StRes_T1_DSV/IMG_3304.JPG,plot_3f88067c4a7d39bd1cb7,dsv_asendorf_t1_bbch11,/home/nfs/data/nvme_datasets/Pictures_CFSB_leaf_damage/2025_09_15_Re4StRes_T1_DSV/IMG_3304.JPG,3.0,3.7680718898773193,4.023808479309082,0.2557368278503418,1.023808479309082,0.7680718898773193,midpoint,45,single_rater_weak
2025_09_15_Re4StRes_T1_DSV/IMG_3305.JPG,plot_3f88067c4a7d39bd1cb7,dsv_asendorf_t1_bbch11,/home/nfs/data/nvme_datasets/Pictures_CFSB_leaf_damage/2025_09_15_Re4StRes_T1_DSV/IMG_3305.JPG,15.0,10.08148193359375,10.684268951416016,0.6027870774269104,4.315731048583984,4.91851806640625,midpoint,45,single_rater_weak
2025_09_15_Re4StRes_T1_DSV/IMG_3306.JPG,plot_3f88067c4a7d39bd1cb7,dsv_asendorf_t1_bbch11,/home/nfs/data/nvme_datasets/Pictures_CFSB_leaf_damage/2025_09_15_Re4StRes_T1_DSV/IMG_3306.JPG,5.0,3.902663230895996,4.288440227508545,0.3857767879962921,0.7115597724914551,1.097336769104004,midpoint,45,single_rater_weak
2025_09_15_Re4StRes_T1_DSV/IMG_3307.JPG,plot_2bd349d21470dba8ebb9,dsv_asendorf_t1_bbch11,/home/nfs/data/nvme_datasets/Pictures_CFSB_leaf_damage/2025_09_15_Re4StRes_T1_DSV/IMG_3307.JPG,1.0,3.994246006011963,4.198893070220947,0.2046472728252411,3.1988930702209473,2.994246006011963,midpoint,45,single_rater_weak
2025_09_15_Re4StRes_T1_DSV/IMG_3308.JPG,plot_2bd349d21470dba8ebb9,dsv_asendorf_t1_bbch11,/home/nfs/data/nvme_datasets/Pictures_CFSB_leaf_damage/2025_09_15_Re4StRes_T1_DSV/IMG_3308.JPG,12.0,7.846336841583252,8.359098434448242,0.5127615332603455,3.640901565551758,4.153663158416748,midpoint,45,single_rater_weak
2025_09_15_Re4StRes_T1_DSV/IMG_3309.JPG,plot_2bd349d21470dba8ebb9,dsv_asendorf_t1_bbch11,/home/nfs/data/nvme_datasets/Pictures_CFSB_leaf_damage/2025_09_15_Re4StRes_T1_DSV/IMG_3309.JPG,8.0,7.127667427062988,7.656456470489502,0.5287890434265137,0.34354352951049805,0.8723325729370117,midpoint,45,single_rater_weak
2025_09_15_Re4StRes_T1_DSV/IMG_3310.JPG,plot_7cea4932b02b7abad1a0,dsv_asendorf_t1_bbch11,/home/nfs/data/nvme_datasets/Pictures_CFSB_leaf_damage/2025_09_15_Re4StRes_T1_DSV/IMG_3310.JPG,3.0,5.499111175537109,5.8832573890686035,0.3841460347175598,2.8832573890686035,2.4991111755371094,midpoint,45,single_rater_weak
2025_09_15_Re4StRes_T1_DSV/IMG_3311.JPG,plot_7cea4932b02b7abad1a0,dsv_asendorf_t1_bbch11,/home/nfs/data/nvme_datasets/Pictures_CFSB_leaf_damage/2025_09_15_Re4StRes_T1_DSV/IMG_3311.JPG,0.0,4.663445949554443,5.315468788146973,0.6520226001739502,5.315468788146973,4.663445949554443,midpoint,45,single_rater_weak
2025_09_15_Re4StRes_T1_DSV/IMG_3312.JPG,plot_7cea4932b02b7abad1a0,dsv_asendorf_t1_bbch11,/home/nfs/data/nvme_datasets/Pictures_CFSB_leaf_damage/2025_09_15_Re4StRes_T1_DSV/IMG_3312.JPG,2.0,4.453484058380127,4.955605506896973,0.5021212100982666,2.9556055068969727,2.453484058380127,midpoint,45,single_rater_weak
2025_09_15_Re4StRes_T1_DSV/IMG_3313.JPG,plot_aade77a958856ea66bcc,dsv_asendorf_t1_bbch11,/home/nfs/data/nvme_datasets/Pictures_CFSB_leaf_damage/2025_09_15_Re4StRes_T1_DSV/IMG_3313.JPG,13.0,10.1251220703125,10.757002830505371,0.6318809986114502,2.242997169494629,2.8748779296875,midpoint,45,single_rater_weak
2025_09_15_Re4StRes_T1_DSV/IMG_3314.JPG,plot_aade77a958856ea66bcc,dsv_asendorf_t1_bbch11,/home/nfs/data/nvme_datasets/Pictures_CFSB_leaf_damage/2025_09_15_Re4StRes_T1_DSV/IMG_3314.JPG,6.0,8.015485763549805,8.318441390991211,0.3029560446739197,2.318441390991211,2.0154857635498047,midpoint,45,single_rater_weak
2025_09_15_Re4StRes_T1_DSV/IMG_3315.JPG,plot_aade77a958856ea66bcc,dsv_asendorf_t1_bbch11,/home/nfs/data/nvme_datasets/Pictures_CFSB_leaf_damage/2025_09_15_Re4StRes_T1_DSV/IMG_3315.JPG,22.0,9.758557319641113,10.28416633605957,0.525609016418457,11.71583366394043,12.241442680358887,midpoint,45,single_rater_weak
2025_09_15_Re4StRes_T1_DSV/IMG_3316.JPG,plot_78c7672b97ddc73895d7,dsv_asendorf_t1_bbch11,/home/nfs/data/nvme_datasets/Pictures_CFSB_leaf_damage/2025_09_15_Re4StRes_T1_DSV/IMG_3316.JPG,3.0,4.588035583496094,5.001709461212158,0.4136737585067749,2.001709461212158,1.5880355834960938,midpoint,45,single_rater_weak
2025_09_15_Re4StRes_T1_DSV/IMG_3317.JPG,plot_78c7672b97ddc73895d7,dsv_asendorf_t1_bbch11,/home/nfs/data/nvme_datasets/Pictures_CFSB_leaf_damage/2025_09_15_Re4StRes_T1_DSV/IMG_3317.JPG,2.0,4.957961559295654,5.343664169311523,0.38570278882980347,3.3436641693115234,2.9579615592956543,midpoint,45,single_rater_weak
2025_09_15_Re4StRes_T1_DSV/IMG_3318.JPG,plot_78c7672b97ddc73895d7,dsv_asendorf_t1_bbch11,/home/nfs/data/nvme_datasets/Pictures_CFSB_leaf_damage/2025_09_15_Re4StRes_T1_DSV/IMG_3318.JPG,18.0,5.7913665771484375,6.2370805740356445,0.4457140564918518,11.762919425964355,12.208633422851562,midpoint,45,single_rater_weak
2025_09_15_Re4StRes_T1_DSV/IMG_3319.JPG,plot_95b7c810444a00ae4705,dsv_asendorf_t1_bbch11,/home/nfs/data/nvme_datasets/Pictures_CFSB_leaf_damage/2025_09_15_Re4StRes_T1_DSV/IMG_3319.JPG,21.0,4.809358596801758,5.1738457679748535,0.3644871115684509,15.826154708862305,16.190641403198242,midpoint,45,single_rater_weak
2025_09_15_Re4StRes_T1_DSV/IMG_3320.JPG,plot_95b7c810444a00ae4705,dsv_asendorf_t1_bbch11,/home/nfs/data/nvme_datasets/Pictures_CFSB_leaf_damage/2025_09_15_Re4StRes_T1_DSV/IMG_3320.JPG,1.0,5.331779479980469,5.561279296875,0.22949986159801483,4.561279296875,4.331779479980469,midpoint,45,single_rater_weak
2025_09_15_Re4StRes_T1_DSV/IMG_3321.JPG,plot_95b7c810444a00ae4705,dsv_asendorf_t1_bbch11,/home/nfs/data/nvme_datasets/Pictures_CFSB_leaf_damage/2025_09_15_Re4StRes_T1_DSV/IMG_3321.JPG,2.0,5.614443302154541,5.703945636749268,0.08950245380401611,3.7039456367492676,3.614443302154541,midpoint,45,single_rater_weak
2025_09_15_Re4StRes_T1_DSV/IMG_3322.JPG,plot_65931f89e793cfd8ed57,dsv_asendorf_t1_bbch11,/home/nfs/data/nvme_datasets/Pictures_CFSB_leaf_damage/2025_09_15_Re4StRes_T1_DSV/IMG_3322.JPG,22.0,5.813101291656494,6.353310585021973,0.5402095317840576,15.646689414978027,16.186899185180664,midpoint,45,single_rater_weak
2025_09_15_Re4StRes_T1_DSV/IMG_3323.JPG,plot_65931f89e793cfd8ed57,dsv_asendorf_t1_bbch11,/home/nfs/data/nvme_datasets/Pictures_CFSB_leaf_damage/2025_09_15_Re4StRes_T1_DSV/IMG_3323.JPG,5.0,5.640074253082275,5.57670259475708,-0.06337151676416397,0.5767025947570801,0.6400742530822754,midpoint,45,single_rater_weak
2025_09_15_Re4StRes_T1_DSV/IMG_3324.JPG,plot_65931f89e793cfd8ed57,dsv_asendorf_t1_bbch11,/home/nfs/data/nvme_datasets/Pictures_CFSB_leaf_damage/2025_09_15_Re4StRes_T1_DSV/IMG_3324.JPG,23.0,13.643416404724121,13.935830116271973,0.2924140989780426,9.064169883728027,9.356583595275879,midpoint,45,single_rater_weak
2025_09_15_Re4StRes_T1_DSV/IMG_3325.JPG,plot_b23eede93d0769614492,dsv_asendorf_t1_bbch11,/home/nfs/data/nvme_datasets/Pictures_CFSB_leaf_damage/2025_09_15_Re4StRes_T1_DSV/IMG_3325.JPG,12.0,5.818829536437988,6.443720817565918,0.6248911023139954,5.556279182434082,6.181170463562012,midpoint,45,single_rater_weak
2025_09_15_Re4StRes_T1_DSV/IMG_3326.JPG,plot_b23eede93d0769614492,dsv_asendorf_t1_bbch11,/home/nfs/data/nvme_datasets/Pictures_CFSB_leaf_damage/2025_09_15_Re4StRes_T1_DSV/IMG_3326.JPG,3.0,8.174452781677246,8.82109260559082,0.6466400027275085,5.82109260559082,5.174452781677246,midpoint,45,single_rater_weak
2025_09_15_Re4StRes_T1_DSV/IMG_3327.JPG,plot_b23eede93d0769614492,dsv_asendorf_t1_bbch11,/home/nfs/data/nvme_datasets/Pictures_CFSB_leaf_damage/2025_09_15_Re4StRes_T1_DSV/IMG_3327.JPG,28.0,5.776567459106445,6.191560745239258,0.41499319672584534,21.808439254760742,22.223432540893555,midpoint,45,single_rater_weak
2025_09_15_Re4StRes_T1_DSV/IMG_3328.JPG,plot_adeaac1f14a1a4d9559e,dsv_asendorf_t1_bbch11,/home/nfs/data/nvme_datasets/Pictures_CFSB_leaf_damage/2025_09_15_Re4StRes_T1_DSV/IMG_3328.JPG,4.0,2.8060736656188965,3.31093692779541,0.5048633813858032,0.6890630722045898,1.1939263343811035,midpoint,45,single_rater_weak
2025_09_15_Re4StRes_T1_DSV/IMG_3329.JPG,plot_adeaac1f14a1a4d9559e,dsv_asendorf_t1_bbch11,/home/nfs/data/nvme_datasets/Pictures_CFSB_leaf_damage/2025_09_15_Re4StRes_T1_DSV/IMG_3329.JPG,29.0,7.151340007781982,7.745484352111816,0.5941441059112549,21.2545166015625,21.84865951538086,midpoint,45,single_rater_weak
2025_09_15_Re4StRes_T1_DSV/IMG_3330.JPG,plot_adeaac1f14a1a4d9559e,dsv_asendorf_t1_bbch11,/home/nfs/data/nvme_datasets/Pictures_CFSB_leaf_damage/2025_09_15_Re4StRes_T1_DSV/IMG_3330.JPG,4.0,3.087899684906006,3.1590402126312256,0.07114046066999435,0.8409597873687744,0.9121003150939941,midpoint,45,single_rater_weak
2025_09_15_Re4StRes_T1_DSV/IMG_3331.JPG,plot_43d5937dd6531addbc2e,dsv_asendorf_t1_bbch11,/home/nfs/data/nvme_datasets/Pictures_CFSB_leaf_damage/2025_09_15_Re4StRes_T1_DSV/IMG_3331.JPG,3.0,7.791904449462891,8.289709091186523,0.4978044629096985,5.289709091186523,4.791904449462891,midpoint,45,single_rater_weak
2025_09_15_Re4StRes_T1_DSV/IMG_3332.JPG,plot_43d5937dd6531addbc2e,dsv_asendorf_t1_bbch11,/home/nfs/data/nvme_datasets/Pictures_CFSB_leaf_damage/2025_09_15_Re4StRes_T1_DSV/IMG_3332.JPG,3.0,4.593134880065918,4.705973148345947,0.11283847689628601,1.7059731483459473,1.593134880065918,midpoint,45,single_rater_weak
2025_09_15_Re4StRes_T1_DSV/IMG_3333.JPG,plot_43d5937dd6531addbc2e,dsv_asendorf_t1_bbch11,/home/nfs/data/nvme_datasets/Pictures_CFSB_leaf_damage/2025_09_15_Re4StRes_T1_DSV/IMG_3333.JPG,2.0,3.8371715545654297,4.1613969802856445,0.32422518730163574,2.1613969802856445,1.8371715545654297,midpoint,45,single_rater_weak
2025_09_15_Re4StRes_T1_DSV/IMG_3334.JPG,plot_0a81b4c942a2db474f37,dsv_asendorf_t1_bbch11,/home/nfs/data/nvme_datasets/Pictures_CFSB_leaf_damage/2025_09_15_Re4StRes_T1_DSV/IMG_3334.JPG,6.0,4.101334571838379,4.046718120574951,-0.05461668595671654,1.9532818794250488,1.898665428161621,midpoint,45,single_rater_weak
2025_09_15_Re4StRes_T1_DSV/IMG_3334_2.JPG,plot_0a81b4c942a2db474f37,dsv_asendorf_t1_bbch11,/home/nfs/data/nvme_datasets/Pictures_CFSB_leaf_damage/2025_09_15_Re4StRes_T1_DSV/IMG_3334_2.JPG,3.0,2.9987711906433105,2.5164871215820312,-0.4822841286659241,0.48351287841796875,0.0012288093566894531,midpoint,45,single_rater_weak
2025_09_15_Re4StRes_T1_DSV/IMG_3336.JPG,plot_0a81b4c942a2db474f37,dsv_asendorf_t1_bbch11,/home/nfs/data/nvme_datasets/Pictures_CFSB_leaf_damage/2025_09_15_Re4StRes_T1_DSV/IMG_3336.JPG,2.0,7.065014839172363,7.0694899559021,0.00447530671954155,5.0694899559021,5.065014839172363,midpoint,45,single_rater_weak
2025_09_15_Re4StRes_T1_DSV/IMG_3337.JPG,plot_893ea76139db7e8e9beb,dsv_asendorf_t1_bbch11,/home/nfs/data/nvme_datasets/Pictures_CFSB_leaf_damage/2025_09_15_Re4StRes_T1_DSV/IMG_3337.JPG,8.0,4.33909273147583,4.664636135101318,0.3255435526371002,3.3353638648986816,3.66090726852417,midpoint,45,single_rater_weak
2025_09_15_Re4StRes_T1_DSV/IMG_3338.JPG,plot_893ea76139db7e8e9beb,dsv_asendorf_t1_bbch11,/home/nfs/data/nvme_datasets/Pictures_CFSB_leaf_damage/2025_09_15_Re4StRes_T1_DSV/IMG_3338.JPG,3.0,4.614325523376465,5.010226249694824,0.3959007263183594,2.010226249694824,1.6143255233764648,midpoint,45,single_rater_weak
2025_09_15_Re4StRes_T1_DSV/IMG_3339.JPG,plot_893ea76139db7e8e9beb,dsv_asendorf_t1_bbch11,/home/nfs/data/nvme_datasets/Pictures_CFSB_leaf_damage/2025_09_15_Re4StRes_T1_DSV/IMG_3339.JPG,4.0,3.784986734390259,4.305000305175781,0.5200138092041016,0.30500030517578125,0.2150132656097412,midpoint,45,single_rater_weak
2025_09_15_Re4StRes_T1_DSV/IMG_3340.JPG,plot_444191e50a4fb24d1ec2,dsv_asendorf_t1_bbch11,/home/nfs/data/nvme_datasets/Pictures_CFSB_leaf_damage/2025_09_15_Re4StRes_T1_DSV/IMG_3340.JPG,2.0,4.590782165527344,4.908222675323486,0.31744062900543213,2.9082226753234863,2.5907821655273438,midpoint,45,single_rater_weak
2025_09_15_Re4StRes_T1_DSV/IMG_3341.JPG,plot_444191e50a4fb24d1ec2,dsv_asendorf_t1_bbch11,/home/nfs/data/nvme_datasets/Pictures_CFSB_leaf_damage/2025_09_15_Re4StRes_T1_DSV/IMG_3341.JPG,2.0,8.303425788879395,8.279167175292969,-0.024258168414235115,6.279167175292969,6.3034257888793945,midpoint,45,single_rater_weak
2025_09_15_Re4StRes_T1_DSV/IMG_3342.JPG,plot_444191e50a4fb24d1ec2,dsv_asendorf_t1_bbch11,/home/nfs/data/nvme_datasets/Pictures_CFSB_leaf_damage/2025_09_15_Re4StRes_T1_DSV/IMG_3342.JPG,4.0,8.210273742675781,8.651436805725098,0.4411633610725403,4.651436805725098,4.210273742675781,midpoint,45,single_rater_weak
2025_09_15_Re4StRes_T1_DSV/IMG_3343.JPG,plot_cc4976c5ce94cf8ec18d,dsv_asendorf_t1_bbch11,/home/nfs/data/nvme_datasets/Pictures_CFSB_leaf_damage/2025_09_15_Re4StRes_T1_DSV/IMG_3343.JPG,2.0,3.6904187202453613,3.7830348014831543,0.09261609613895416,1.7830348014831543,1.6904187202453613,midpoint,45,single_rater_weak
2025_09_15_Re4StRes_T1_DSV/IMG_3343_2.JPG,plot_cc4976c5ce94cf8ec18d,dsv_asendorf_t1_bbch11,/home/nfs/data/nvme_datasets/Pictures_CFSB_leaf_damage/2025_09_15_Re4StRes_T1_DSV/IMG_3343_2.JPG,3.0,2.0810742378234863,1.7991973161697388,-0.28187695145606995,1.2008026838302612,0.9189257621765137,midpoint,45,single_rater_weak
2025_09_15_Re4StRes_T1_DSV/IMG_3347.JPG,plot_cc4976c5ce94cf8ec18d,dsv_asendorf_t1_bbch11,/home/nfs/data/nvme_datasets/Pictures_CFSB_leaf_damage/2025_09_15_Re4StRes_T1_DSV/IMG_3347.JPG,3.0,3.203136920928955,3.630246162414551,0.4271091818809509,0.6302461624145508,0.20313692092895508,midpoint,45,single_rater_weak
2025_09_15_Re4StRes_T1_DSV/IMG_3348.JPG,plot_e05bdf194d70de829545,dsv_asendorf_t1_bbch11,/home/nfs/data/nvme_datasets/Pictures_CFSB_leaf_damage/2025_09_15_Re4StRes_T1_DSV/IMG_3348.JPG,2.0,6.681058406829834,6.879271984100342,0.1982136368751526,4.879271984100342,4.681058406829834,midpoint,45,single_rater_weak
2025_09_15_Re4StRes_T1_DSV/IMG_3349.JPG,plot_e05bdf194d70de829545,dsv_asendorf_t1_bbch11,/home/nfs/data/nvme_datasets/Pictures_CFSB_leaf_damage/2025_09_15_Re4StRes_T1_DSV/IMG_3349.JPG,2.0,4.691664695739746,4.878915786743164,0.1872512400150299,2.878915786743164,2.691664695739746,midpoint,45,single_rater_weak
2025_09_15_Re4StRes_T1_DSV/IMG_3350.JPG,plot_e05bdf194d70de829545,dsv_asendorf_t1_bbch11,/home/nfs/data/nvme_datasets/Pictures_CFSB_leaf_damage/2025_09_15_Re4StRes_T1_DSV/IMG_3350.JPG,8.0,3.5047767162323,3.9516260623931885,0.44684934616088867,4.048374176025391,4.495223045349121,midpoint,45,single_rater_weak
2025_09_15_Re4StRes_T1_DSV/IMG_3351.JPG,plot_3d536e5af09fac1c9a11,dsv_asendorf_t1_bbch11,/home/nfs/data/nvme_datasets/Pictures_CFSB_leaf_damage/2025_09_15_Re4StRes_T1_DSV/IMG_3351.JPG,8.0,7.64668083190918,8.23853588104248,0.5918548107147217,0.23853588104248047,0.3533191680908203,midpoint,45,single_rater_weak
2025_09_15_Re4StRes_T1_DSV/IMG_3352.JPG,plot_3d536e5af09fac1c9a11,dsv_asendorf_t1_bbch11,/home/nfs/data/nvme_datasets/Pictures_CFSB_leaf_damage/2025_09_15_Re4StRes_T1_DSV/IMG_3352.JPG,8.0,7.244872570037842,7.400688648223877,0.1558161973953247,0.599311351776123,0.7551274299621582,midpoint,45,single_rater_weak
2025_09_15_Re4StRes_T1_DSV/IMG_3353.JPG,plot_3d536e5af09fac1c9a11,dsv_asendorf_t1_bbch11,/home/nfs/data/nvme_datasets/Pictures_CFSB_leaf_damage/2025_09_15_Re4StRes_T1_DSV/IMG_3353.JPG,2.0,6.673094749450684,7.084310531616211,0.41121557354927063,5.084310531616211,4.673094749450684,midpoint,45,single_rater_weak
2025_09_15_Re4StRes_T1_DSV/IMG_3354.JPG,plot_6c3a5e4270d0e8a36c26,dsv_asendorf_t1_bbch11,/home/nfs/data/nvme_datasets/Pictures_CFSB_leaf_damage/2025_09_15_Re4StRes_T1_DSV/IMG_3354.JPG,3.0,12.333226203918457,12.582267761230469,0.24904155731201172,9.582267761230469,9.333226203918457,midpoint,45,single_rater_weak
2025_09_15_Re4StRes_T1_DSV/IMG_3355.JPG,plot_6c3a5e4270d0e8a36c26,dsv_asendorf_t1_bbch11,/home/nfs/data/nvme_datasets/Pictures_CFSB_leaf_damage/2025_09_15_Re4StRes_T1_DSV/IMG_3355.JPG,2.0,3.1215267181396484,2.83819317817688,-0.28333359956741333,0.8381931781768799,1.1215267181396484,midpoint,45,single_rater_weak
2025_09_15_Re4StRes_T1_DSV/IMG_3357.JPG,plot_6c3a5e4270d0e8a36c26,dsv_asendorf_t1_bbch11,/home/nfs/data/nvme_datasets/Pictures_CFSB_leaf_damage/2025_09_15_Re4StRes_T1_DSV/IMG_3357.JPG,2.0,5.621125221252441,5.8316826820373535,0.21055756509304047,3.8316826820373535,3.6211252212524414,midpoint,45,single_rater_weak
2025_09_15_Re4StRes_T1_DSV/IMG_3358.JPG,plot_19702f4fd7356a8a0516,dsv_asendorf_t1_bbch11,/home/nfs/data/nvme_datasets/Pictures_CFSB_leaf_damage/2025_09_15_Re4StRes_T1_DSV/IMG_3358.JPG,7.0,7.720637321472168,7.638014316558838,-0.08262290060520172,0.6380143165588379,0.720637321472168,midpoint,45,single_rater_weak
2025_09_15_Re4StRes_T1_DSV/IMG_3359.JPG,plot_19702f4fd7356a8a0516,dsv_asendorf_t1_bbch11,/home/nfs/data/nvme_datasets/Pictures_CFSB_leaf_damage/2025_09_15_Re4StRes_T1_DSV/IMG_3359.JPG,6.0,2.187650680541992,2.433547258377075,0.24589650332927704,3.566452741622925,3.812349319458008,midpoint,45,single_rater_weak
2025_09_15_Re4StRes_T1_DSV/IMG_3360.JPG,plot_19702f4fd7356a8a0516,dsv_asendorf_t1_bbch11,/home/nfs/data/nvme_datasets/Pictures_CFSB_leaf_damage/2025_09_15_Re4StRes_T1_DSV/IMG_3360.JPG,6.0,2.6298937797546387,2.660370111465454,0.03047632984817028,3.339629888534546,3.3701062202453613,midpoint,45,single_rater_weak
2025_09_15_Re4StRes_T1_DSV/IMG_3361.JPG,plot_e8dd7f47d2a9924443f9,dsv_asendorf_t1_bbch11,/home/nfs/data/nvme_datasets/Pictures_CFSB_leaf_damage/2025_09_15_Re4StRes_T1_DSV/IMG_3361.JPG,2.0,2.6921796798706055,2.810715436935425,0.11853567510843277,0.8107154369354248,0.6921796798706055,midpoint,45,single_rater_weak
2025_09_15_Re4StRes_T1_DSV/IMG_3362.JPG,plot_e8dd7f47d2a9924443f9,dsv_asendorf_t1_bbch11,/home/nfs/data/nvme_datasets/Pictures_CFSB_leaf_damage/2025_09_15_Re4StRes_T1_DSV/IMG_3362.JPG,4.0,2.1812500953674316,2.084698438644409,-0.09655174612998962,1.9153015613555908,1.8187499046325684,midpoint,45,single_rater_weak
2025_09_15_Re4StRes_T1_DSV/IMG_3363.JPG,plot_e8dd7f47d2a9924443f9,dsv_asendorf_t1_bbch11,/home/nfs/data/nvme_datasets/Pictures_CFSB_leaf_damage/2025_09_15_Re4StRes_T1_DSV/IMG_3363.JPG,3.0,2.6036882400512695,2.9732275009155273,0.36953920125961304,0.026772499084472656,0.39631175994873047,midpoint,45,single_rater_weak
2025_09_15_Re4StRes_T1_DSV/IMG_3364.JPG,plot_1479ec7e7b20027ed6b9,dsv_asendorf_t1_bbch11,/home/nfs/data/nvme_datasets/Pictures_CFSB_leaf_damage/2025_09_15_Re4StRes_T1_DSV/IMG_3364.JPG,2.0,2.6269054412841797,2.5896384716033936,-0.03726702556014061,0.5896384716033936,0.6269054412841797,midpoint,45,single_rater_weak
2025_09_15_Re4StRes_T1_DSV/IMG_3365.JPG,plot_1479ec7e7b20027ed6b9,dsv_asendorf_t1_bbch11,/home/nfs/data/nvme_datasets/Pictures_CFSB_leaf_damage/2025_09_15_Re4StRes_T1_DSV/IMG_3365.JPG,3.0,1.2507147789001465,0.9222830533981323,-0.3284316956996918,2.077716827392578,1.7492852210998535,midpoint,45,single_rater_weak
2025_09_15_Re4StRes_T1_DSV/IMG_3366.JPG,plot_1479ec7e7b20027ed6b9,dsv_asendorf_t1_bbch11,/home/nfs/data/nvme_datasets/Pictures_CFSB_leaf_damage/2025_09_15_Re4StRes_T1_DSV/IMG_3366.JPG,5.0,2.4891862869262695,2.4859402179718018,-0.0032461383379995823,2.5140597820281982,2.5108137130737305,midpoint,45,single_rater_weak
2025_09_15_Re4StRes_T1_DSV/IMG_3367.JPG,plot_95aaa5709244ec873418,dsv_asendorf_t1_bbch11,/home/nfs/data/nvme_datasets/Pictures_CFSB_leaf_damage/2025_09_15_Re4StRes_T1_DSV/IMG_3367.JPG,2.0,2.4260830879211426,2.0915415287017822,-0.3345414698123932,0.09154152870178223,0.4260830879211426,midpoint,45,single_rater_weak
2025_09_15_Re4StRes_T1_DSV/IMG_3368.JPG,plot_95aaa5709244ec873418,dsv_asendorf_t1_bbch11,/home/nfs/data/nvme_datasets/Pictures_CFSB_leaf_damage/2025_09_15_Re4StRes_T1_DSV/IMG_3368.JPG,4.0,11.002265930175781,11.173624992370605,0.17135949432849884,7.1736249923706055,7.002265930175781,midpoint,45,single_rater_weak
2025_09_15_Re4StRes_T1_DSV/IMG_3369.JPG,plot_95aaa5709244ec873418,dsv_asendorf_t1_bbch11,/home/nfs/data/nvme_datasets/Pictures_CFSB_leaf_damage/2025_09_15_Re4StRes_T1_DSV/IMG_3369.JPG,3.0,2.8236379623413086,3.094726800918579,0.27108874917030334,0.0947268009185791,0.1763620376586914,midpoint,45,single_rater_weak
2025_09_15_Re4StRes_T1_DSV/IMG_3370.JPG,plot_01f060fea973c05839f8,dsv_asendorf_t1_bbch11,/home/nfs/data/nvme_datasets/Pictures_CFSB_leaf_damage/2025_09_15_Re4StRes_T1_DSV/IMG_3370.JPG,7.0,2.076727867126465,2.203833818435669,0.12710590660572052,4.79616641998291,4.923272132873535,midpoint,45,single_rater_weak
2025_09_15_Re4StRes_T1_DSV/IMG_3371.JPG,plot_01f060fea973c05839f8,dsv_asendorf_t1_bbch11,/home/nfs/data/nvme_datasets/Pictures_CFSB_leaf_damage/2025_09_15_Re4StRes_T1_DSV/IMG_3371.JPG,2.0,1.320930004119873,1.442234754562378,0.12130476534366608,0.5577652454376221,0.679069995880127,midpoint,45,single_rater_weak
2025_09_15_Re4StRes_T1_DSV/IMG_3372.JPG,plot_01f060fea973c05839f8,dsv_asendorf_t1_bbch11,/home/nfs/data/nvme_datasets/Pictures_CFSB_leaf_damage/2025_09_15_Re4StRes_T1_DSV/IMG_3372.JPG,5.0,2.584810256958008,2.9507598876953125,0.3659495711326599,2.0492401123046875,2.415189743041992,midpoint,45,single_rater_weak
2025_09_15_Re4StRes_T1_DSV/IMG_3373.JPG,plot_67bd59113d9f98c1efe4,dsv_asendorf_t1_bbch11,/home/nfs/data/nvme_datasets/Pictures_CFSB_leaf_damage/2025_09_15_Re4StRes_T1_DSV/IMG_3373.JPG,3.0,5.537160873413086,5.707032680511475,0.16987167298793793,2.7070326805114746,2.537160873413086,midpoint,45,single_rater_weak
2025_09_15_Re4StRes_T1_DSV/IMG_3374.JPG,plot_67bd59113d9f98c1efe4,dsv_asendorf_t1_bbch11,/home/nfs/data/nvme_datasets/Pictures_CFSB_leaf_damage/2025_09_15_Re4StRes_T1_DSV/IMG_3374.JPG,3.0,3.758373498916626,4.2992682456970215,0.5408946871757507,1.2992682456970215,0.758373498916626,midpoint,45,single_rater_weak
2025_09_15_Re4StRes_T1_DSV/IMG_3375.JPG,plot_67bd59113d9f98c1efe4,dsv_asendorf_t1_bbch11,/home/nfs/data/nvme_datasets/Pictures_CFSB_leaf_damage/2025_09_15_Re4StRes_T1_DSV/IMG_3375.JPG,5.0,1.8335065841674805,1.8601564168930054,0.02664988487958908,3.139843463897705,3.1664934158325195,midpoint,45,single_rater_weak
2025_09_15_Re4StRes_T1_DSV/IMG_3376.JPG,plot_86355422f68667a79eb7,dsv_asendorf_t1_bbch11,/home/nfs/data/nvme_datasets/Pictures_CFSB_leaf_damage/2025_09_15_Re4StRes_T1_DSV/IMG_3376.JPG,3.0,4.651296615600586,4.847456932067871,0.19616010785102844,1.847456932067871,1.651296615600586,midpoint,45,single_rater_weak
2025_09_15_Re4StRes_T1_DSV/IMG_3377.JPG,plot_86355422f68667a79eb7,dsv_asendorf_t1_bbch11,/home/nfs/data/nvme_datasets/Pictures_CFSB_leaf_damage/2025_09_15_Re4StRes_T1_DSV/IMG_3377.JPG,4.0,7.265337944030762,7.639840126037598,0.37450236082077026,3.6398401260375977,3.2653379440307617,midpoint,45,single_rater_weak
2025_09_15_Re4StRes_T1_DSV/IMG_3378.JPG,plot_86355422f68667a79eb7,dsv_asendorf_t1_bbch11,/home/nfs/data/nvme_datasets/Pictures_CFSB_leaf_damage/2025_09_15_Re4StRes_T1_DSV/IMG_3378.JPG,2.0,1.9010682106018066,1.9176809787750244,0.016612818464636803,0.08231902122497559,0.09893178939819336,midpoint,45,single_rater_weak
2025_09_15_Re4StRes_T1_DSV/IMG_3379.JPG,plot_b009f64014ddc2c9c1b4,dsv_asendorf_t1_bbch11,/home/nfs/data/nvme_datasets/Pictures_CFSB_leaf_damage/2025_09_15_Re4StRes_T1_DSV/IMG_3379.JPG,2.0,2.0613536834716797,2.130655288696289,0.06930157542228699,0.13065528869628906,0.06135368347167969,midpoint,45,single_rater_weak
2025_09_15_Re4StRes_T1_DSV/IMG_3380.JPG,plot_b009f64014ddc2c9c1b4,dsv_asendorf_t1_bbch11,/home/nfs/data/nvme_datasets/Pictures_CFSB_leaf_damage/2025_09_15_Re4StRes_T1_DSV/IMG_3380.JPG,8.0,10.123323440551758,10.463306427001953,0.3399825692176819,2.463306427001953,2.123323440551758,midpoint,45,single_rater_weak
2025_09_15_Re4StRes_T1_DSV/IMG_3381.JPG,plot_b009f64014ddc2c9c1b4,dsv_asendorf_t1_bbch11,/home/nfs/data/nvme_datasets/Pictures_CFSB_leaf_damage/2025_09_15_Re4StRes_T1_DSV/IMG_3381.JPG,16.0,7.444121360778809,7.911081314086914,0.4669598937034607,8.088918685913086,8.555878639221191,midpoint,45,single_rater_weak
2025_09_15_Re4StRes_T1_DSV/IMG_3382.JPG,plot_279dc3489f82ba55175e,dsv_asendorf_t1_bbch11,/home/nfs/data/nvme_datasets/Pictures_CFSB_leaf_damage/2025_09_15_Re4StRes_T1_DSV/IMG_3382.JPG,9.0,7.750909805297852,8.18677806854248,0.4358680546283722,0.8132219314575195,1.2490901947021484,midpoint,45,single_rater_weak
2025_09_15_Re4StRes_T1_DSV/IMG_3383.JPG,plot_279dc3489f82ba55175e,dsv_asendorf_t1_bbch11,/home/nfs/data/nvme_datasets/Pictures_CFSB_leaf_damage/2025_09_15_Re4StRes_T1_DSV/IMG_3383.JPG,3.0,4.522320747375488,4.495948314666748,-0.02637266367673874,1.495948314666748,1.5223207473754883,midpoint,45,single_rater_weak
2025_09_15_Re4StRes_T1_DSV/IMG_3384.JPG,plot_279dc3489f82ba55175e,dsv_asendorf_t1_bbch11,/home/nfs/data/nvme_datasets/Pictures_CFSB_leaf_damage/2025_09_15_Re4StRes_T1_DSV/IMG_3384.JPG,6.0,1.9078645706176758,1.8777772188186646,-0.030087385326623917,4.122222900390625,4.092135429382324,midpoint,45,single_rater_weak
2025_09_15_Re4StRes_T1_DSV/IMG_3385.JPG,plot_2b26b904941899e2c243,dsv_asendorf_t1_bbch11,/home/nfs/data/nvme_datasets/Pictures_CFSB_leaf_damage/2025_09_15_Re4StRes_T1_DSV/IMG_3385.JPG,4.0,4.315256118774414,4.934807777404785,0.6195515394210815,0.9348077774047852,0.31525611877441406,midpoint,45,single_rater_weak
2025_09_15_Re4StRes_T1_DSV/IMG_3386.JPG,plot_2b26b904941899e2c243,dsv_asendorf_t1_bbch11,/home/nfs/data/nvme_datasets/Pictures_CFSB_leaf_damage/2025_09_15_Re4StRes_T1_DSV/IMG_3386.JPG,2.0,6.370690822601318,6.565162658691406,0.19447171688079834,4.565162658691406,4.370690822601318,midpoint,45,single_rater_weak
2025_09_15_Re4StRes_T1_DSV/IMG_3387.JPG,plot_2b26b904941899e2c243,dsv_asendorf_t1_bbch11,/home/nfs/data/nvme_datasets/Pictures_CFSB_leaf_damage/2025_09_15_Re4StRes_T1_DSV/IMG_3387.JPG,5.0,5.703219413757324,5.796544075012207,0.09332489222288132,0.796544075012207,0.7032194137573242,midpoint,45,single_rater_weak
2025_09_15_Re4StRes_T1_DSV/IMG_3388.JPG,plot_8f5dc92512cf0eb95f7a,dsv_asendorf_t1_bbch11,/home/nfs/data/nvme_datasets/Pictures_CFSB_leaf_damage/2025_09_15_Re4StRes_T1_DSV/IMG_3388.JPG,4.0,6.377146244049072,6.1737871170043945,-0.2033589780330658,2.1737871170043945,2.3771462440490723,midpoint,45,single_rater_weak
2025_09_15_Re4StRes_T1_DSV/IMG_3389.JPG,plot_8f5dc92512cf0eb95f7a,dsv_asendorf_t1_bbch11,/home/nfs/data/nvme_datasets/Pictures_CFSB_leaf_damage/2025_09_15_Re4StRes_T1_DSV/IMG_3389.JPG,9.0,7.853210926055908,7.65939998626709,-0.19381079077720642,1.3406000137329102,1.1467890739440918,midpoint,45,single_rater_weak
2025_09_15_Re4StRes_T1_DSV/IMG_3390.JPG,plot_8f5dc92512cf0eb95f7a,dsv_asendorf_t1_bbch11,/home/nfs/data/nvme_datasets/Pictures_CFSB_leaf_damage/2025_09_15_Re4StRes_T1_DSV/IMG_3390.JPG,3.0,5.425729274749756,5.494613170623779,0.06888405233621597,2.4946131706237793,2.425729274749756,midpoint,45,single_rater_weak
2025_09_15_Re4StRes_T1_DSV/IMG_3391.JPG,plot_11fb60acd8f186a903c5,dsv_asendorf_t1_bbch11,/home/nfs/data/nvme_datasets/Pictures_CFSB_leaf_damage/2025_09_15_Re4StRes_T1_DSV/IMG_3391.JPG,5.0,3.3620665073394775,3.429896354675293,0.06782978028059006,1.570103645324707,1.6379334926605225,midpoint,45,single_rater_weak
2025_09_15_Re4StRes_T1_DSV/IMG_3392.JPG,plot_11fb60acd8f186a903c5,dsv_asendorf_t1_bbch11,/home/nfs/data/nvme_datasets/Pictures_CFSB_leaf_damage/2025_09_15_Re4StRes_T1_DSV/IMG_3392.JPG,2.0,1.3681716918945312,1.4830284118652344,0.11485674977302551,0.5169715881347656,0.6318283081054688,midpoint,45,single_rater_weak
2025_09_15_Re4StRes_T1_DSV/IMG_3393.JPG,plot_11fb60acd8f186a903c5,dsv_asendorf_t1_bbch11,/home/nfs/data/nvme_datasets/Pictures_CFSB_leaf_damage/2025_09_15_Re4StRes_T1_DSV/IMG_3393.JPG,2.0,4.379054069519043,4.214744567871094,-0.16430945694446564,2.2147445678710938,2.379054069519043,midpoint,45,single_rater_weak
2025_09_15_Re4StRes_T1_DSV/IMG_3394.JPG,plot_da39b0333859bfc5f57c,dsv_asendorf_t1_bbch11,/home/nfs/data/nvme_datasets/Pictures_CFSB_leaf_damage/2025_09_15_Re4StRes_T1_DSV/IMG_3394.JPG,2.0,2.187556743621826,1.6874245405197144,-0.5001322031021118,0.31257545948028564,0.18755674362182617,midpoint,45,single_rater_weak
2025_09_15_Re4StRes_T1_DSV/IMG_3395.JPG,plot_da39b0333859bfc5f57c,dsv_asendorf_t1_bbch11,/home/nfs/data/nvme_datasets/Pictures_CFSB_leaf_damage/2025_09_15_Re4StRes_T1_DSV/IMG_3395.JPG,2.0,2.5866527557373047,2.3962795734405518,-0.1903732717037201,0.39627957344055176,0.5866527557373047,midpoint,45,single_rater_weak
2025_09_15_Re4StRes_T1_DSV/IMG_3396.JPG,plot_da39b0333859bfc5f57c,dsv_asendorf_t1_bbch11,/home/nfs/data/nvme_datasets/Pictures_CFSB_leaf_damage/2025_09_15_Re4StRes_T1_DSV/IMG_3396.JPG,3.0,0.6142988204956055,0.5047962069511414,-0.10950259864330292,2.495203733444214,2.3857011795043945,midpoint,45,single_rater_weak
2025_09_15_Re4StRes_T1_DSV/IMG_3398.JPG,plot_943a936db43f424a9be4,dsv_asendorf_t1_bbch11,/home/nfs/data/nvme_datasets/Pictures_CFSB_leaf_damage/2025_09_15_Re4StRes_T1_DSV/IMG_3398.JPG,6.0,3.0443944931030273,3.0102362632751465,-0.03415823355317116,2.9897637367248535,2.9556055068969727,midpoint,45,single_rater_weak
2025_09_15_Re4StRes_T1_DSV/IMG_3399.JPG,plot_943a936db43f424a9be4,dsv_asendorf_t1_bbch11,/home/nfs/data/nvme_datasets/Pictures_CFSB_leaf_damage/2025_09_15_Re4StRes_T1_DSV/IMG_3399.JPG,3.0,2.730679512023926,2.372921943664551,-0.3577575087547302,0.6270780563354492,0.2693204879760742,midpoint,45,single_rater_weak
2025_09_15_Re4StRes_T1_DSV/IMG_3400.JPG,plot_943a936db43f424a9be4,dsv_asendorf_t1_bbch11,/home/nfs/data/nvme_datasets/Pictures_CFSB_leaf_damage/2025_09_15_Re4StRes_T1_DSV/IMG_3400.JPG,2.0,2.622373104095459,2.549069881439209,-0.07330325990915298,0.549069881439209,0.622373104095459,midpoint,45,single_rater_weak
2025_09_15_Re4StRes_T1_DSV/IMG_3401.JPG,plot_dcd59592fcea5eca7a8e,dsv_asendorf_t1_bbch11,/home/nfs/data/nvme_datasets/Pictures_CFSB_leaf_damage/2025_09_15_Re4StRes_T1_DSV/IMG_3401.JPG,7.0,1.4051480293273926,1.4468144178390503,0.04166644066572189,5.55318546295166,5.594851970672607,midpoint,45,single_rater_weak
2025_09_15_Re4StRes_T1_DSV/IMG_3402.JPG,plot_dcd59592fcea5eca7a8e,dsv_asendorf_t1_bbch11,/home/nfs/data/nvme_datasets/Pictures_CFSB_leaf_damage/2025_09_15_Re4StRes_T1_DSV/IMG_3402.JPG,8.0,6.785821437835693,6.886054039001465,0.10023262351751328,1.1139459609985352,1.2141785621643066,midpoint,45,single_rater_weak
2025_09_15_Re4StRes_T1_DSV/IMG_3403.JPG,plot_dcd59592fcea5eca7a8e,dsv_asendorf_t1_bbch11,/home/nfs/data/nvme_datasets/Pictures_CFSB_leaf_damage/2025_09_15_Re4StRes_T1_DSV/IMG_3403.JPG,5.0,3.4613468647003174,3.311161994934082,-0.15018494427204132,1.688838005065918,1.5386531352996826,midpoint,45,single_rater_weak
2025_09_15_Re4StRes_T1_DSV/IMG_3404.JPG,plot_b9325e65ceef18b62385,dsv_asendorf_t1_bbch11,/home/nfs/data/nvme_datasets/Pictures_CFSB_leaf_damage/2025_09_15_Re4StRes_T1_DSV/IMG_3404.JPG,2.0,2.149081230163574,2.090099334716797,-0.05898190289735794,0.09009933471679688,0.14908123016357422,midpoint,45,single_rater_weak
2025_09_15_Re4StRes_T1_DSV/IMG_3405.JPG,plot_b9325e65ceef18b62385,dsv_asendorf_t1_bbch11,/home/nfs/data/nvme_datasets/Pictures_CFSB_leaf_damage/2025_09_15_Re4StRes_T1_DSV/IMG_3405.JPG,3.0,1.974565029144287,1.7846741676330566,-0.18989092111587524,1.2153258323669434,1.025434970855713,midpoint,45,single_rater_weak
2025_09_15_Re4StRes_T1_DSV/IMG_3406.JPG,plot_b9325e65ceef18b62385,dsv_asendorf_t1_bbch11,/home/nfs/data/nvme_datasets/Pictures_CFSB_leaf_damage/2025_09_15_Re4StRes_T1_DSV/IMG_3406.JPG,2.0,2.358853816986084,2.2393932342529297,-0.11946062743663788,0.2393932342529297,0.358853816986084,midpoint,45,single_rater_weak
2025_09_15_Re4StRes_T1_DSV/IMG_3407.JPG,plot_e9b852a0cf347e4eb711,dsv_asendorf_t1_bbch11,/home/nfs/data/nvme_datasets/Pictures_CFSB_leaf_damage/2025_09_15_Re4StRes_T1_DSV/IMG_3407.JPG,3.0,2.352111339569092,1.9415485858917236,-0.4105626940727234,1.0584514141082764,0.6478886604309082,midpoint,45,single_rater_weak
2025_09_15_Re4StRes_T1_DSV/IMG_3408.JPG,plot_e9b852a0cf347e4eb711,dsv_asendorf_t1_bbch11,/home/nfs/data/nvme_datasets/Pictures_CFSB_leaf_damage/2025_09_15_Re4StRes_T1_DSV/IMG_3408.JPG,3.0,1.6288199424743652,1.4922269582748413,-0.1365930140018463,1.5077730417251587,1.3711800575256348,midpoint,45,single_rater_weak
2025_09_15_Re4StRes_T1_DSV/IMG_3409.JPG,plot_e9b852a0cf347e4eb711,dsv_asendorf_t1_bbch11,/home/nfs/data/nvme_datasets/Pictures_CFSB_leaf_damage/2025_09_15_Re4StRes_T1_DSV/IMG_3409.JPG,4.0,1.61350679397583,0.9893848896026611,-0.624121904373169,3.010615110397339,2.38649320602417,midpoint,45,single_rater_weak
2025_09_15_Re4StRes_T1_DSV/IMG_3410.JPG,plot_31d7aa1692e13f9b708b,dsv_asendorf_t1_bbch11,/home/nfs/data/nvme_datasets/Pictures_CFSB_leaf_damage/2025_09_15_Re4StRes_T1_DSV/IMG_3410.JPG,4.0,1.9136834144592285,1.6968255043029785,-0.21685785055160522,2.3031744956970215,2.0863165855407715,midpoint,45,single_rater_weak
2025_09_15_Re4StRes_T1_DSV/IMG_3411.JPG,plot_31d7aa1692e13f9b708b,dsv_asendorf_t1_bbch11,/home/nfs/data/nvme_datasets/Pictures_CFSB_leaf_damage/2025_09_15_Re4StRes_T1_DSV/IMG_3411.JPG,9.0,1.9595694541931152,2.097036838531494,0.1374673992395401,6.902963161468506,7.040430545806885,midpoint,45,single_rater_weak
2025_09_15_Re4StRes_T1_DSV/IMG_3412.JPG,plot_31d7aa1692e13f9b708b,dsv_asendorf_t1_bbch11,/home/nfs/data/nvme_datasets/Pictures_CFSB_leaf_damage/2025_09_15_Re4StRes_T1_DSV/IMG_3412.JPG,4.0,1.9020442962646484,2.0621120929718018,0.1600678414106369,1.9378879070281982,2.0979557037353516,midpoint,45,single_rater_weak
2025_09_15_Re4StRes_T1_DSV/IMG_3413.JPG,plot_7282ae44ee098094299d,dsv_asendorf_t1_bbch11,/home/nfs/data/nvme_datasets/Pictures_CFSB_leaf_damage/2025_09_15_Re4StRes_T1_DSV/IMG_3413.JPG,9.0,0.8649215698242188,0.5516023635864258,-0.31331920623779297,8.448397636413574,8.135078430175781,midpoint,45,single_rater_weak
2025_09_15_Re4StRes_T1_DSV/IMG_3414.JPG,plot_7282ae44ee098094299d,dsv_asendorf_t1_bbch11,/home/nfs/data/nvme_datasets/Pictures_CFSB_leaf_damage/2025_09_15_Re4StRes_T1_DSV/IMG_3414.JPG,4.0,1.7446765899658203,1.4344213008880615,-0.31025534868240356,2.5655786991119385,2.2553234100341797,midpoint,45,single_rater_weak
2025_09_15_Re4StRes_T1_DSV/IMG_3415.JPG,plot_7282ae44ee098094299d,dsv_asendorf_t1_bbch11,/home/nfs/data/nvme_datasets/Pictures_CFSB_leaf_damage/2025_09_15_Re4StRes_T1_DSV/IMG_3415.JPG,3.0,4.654205322265625,4.633337497711182,-0.020867981016635895,1.6333374977111816,1.654205322265625,midpoint,45,single_rater_weak
2025_09_15_Re4StRes_T1_DSV/IMG_3416.JPG,plot_c8f9459b4263e9523ccc,dsv_asendorf_t1_bbch11,/home/nfs/data/nvme_datasets/Pictures_CFSB_leaf_damage/2025_09_15_Re4StRes_T1_DSV/IMG_3416.JPG,3.0,1.6381072998046875,1.3260987997055054,-0.31200847029685974,1.6739012002944946,1.3618927001953125,midpoint,45,single_rater_weak
2025_09_15_Re4StRes_T1_DSV/IMG_3417.JPG,plot_c8f9459b4263e9523ccc,dsv_asendorf_t1_bbch11,/home/nfs/data/nvme_datasets/Pictures_CFSB_leaf_damage/2025_09_15_Re4StRes_T1_DSV/IMG_3417.JPG,2.0,2.790346145629883,2.3743374347686768,-0.4160088002681732,0.37433743476867676,0.7903461456298828,midpoint,45,single_rater_weak
2025_09_15_Re4StRes_T1_DSV/IMG_3418.JPG,plot_c8f9459b4263e9523ccc,dsv_asendorf_t1_bbch11,/home/nfs/data/nvme_datasets/Pictures_CFSB_leaf_damage/2025_09_15_Re4StRes_T1_DSV/IMG_3418.JPG,3.0,2.098210334777832,1.724931240081787,-0.3732791543006897,1.275068759918213,0.901789665222168,midpoint,45,single_rater_weak
2025_09_15_Re4StRes_T1_DSV/IMG_3419.JPG,plot_cb5e43daf6b8fbb2933c,dsv_asendorf_t1_bbch11,/home/nfs/data/nvme_datasets/Pictures_CFSB_leaf_damage/2025_09_15_Re4StRes_T1_DSV/IMG_3419.JPG,6.0,3.8378007411956787,3.7421607971191406,-0.09563998132944107,2.2578392028808594,2.1621992588043213,midpoint,45,single_rater_weak
2025_09_15_Re4StRes_T1_DSV/IMG_3420.JPG,plot_cb5e43daf6b8fbb2933c,dsv_asendorf_t1_bbch11,/home/nfs/data/nvme_datasets/Pictures_CFSB_leaf_damage/2025_09_15_Re4StRes_T1_DSV/IMG_3420.JPG,2.0,0.6802058219909668,0.5771348476409912,-0.10307097434997559,1.4228651523590088,1.3197941780090332,midpoint,45,single_rater_weak
2025_09_15_Re4StRes_T1_DSV/IMG_3421.JPG,plot_cb5e43daf6b8fbb2933c,dsv_asendorf_t1_bbch11,/home/nfs/data/nvme_datasets/Pictures_CFSB_leaf_damage/2025_09_15_Re4StRes_T1_DSV/IMG_3421.JPG,2.0,2.2069172859191895,2.0619308948516846,-0.14498642086982727,0.06193089485168457,0.20691728591918945,midpoint,45,single_rater_weak
2025_09_15_Re4StRes_T1_DSV/IMG_3423.JPG,plot_a9c9691c0e46d0afbf99,dsv_asendorf_t1_bbch11,/home/nfs/data/nvme_datasets/Pictures_CFSB_leaf_damage/2025_09_15_Re4StRes_T1_DSV/IMG_3423.JPG,4.0,10.30391788482666,10.780774116516113,0.4768562614917755,6.780774116516113,6.30391788482666,midpoint,45,single_rater_weak
2025_09_15_Re4StRes_T1_DSV/IMG_3424.JPG,plot_a9c9691c0e46d0afbf99,dsv_asendorf_t1_bbch11,/home/nfs/data/nvme_datasets/Pictures_CFSB_leaf_damage/2025_09_15_Re4StRes_T1_DSV/IMG_3424.JPG,3.0,3.462289333343506,3.6180436611175537,0.15575425326824188,0.6180436611175537,0.46228933334350586,midpoint,45,single_rater_weak
2025_09_15_Re4StRes_T1_DSV/IMG_3425.JPG,plot_a9c9691c0e46d0afbf99,dsv_asendorf_t1_bbch11,/home/nfs/data/nvme_datasets/Pictures_CFSB_leaf_damage/2025_09_15_Re4StRes_T1_DSV/IMG_3425.JPG,3.0,4.880382537841797,4.902902603149414,0.02251986600458622,1.902902603149414,1.8803825378417969,midpoint,45,single_rater_weak
2025_09_15_Re4StRes_T1_DSV/IMG_3426.JPG,plot_69209fd4a197caaab33b,dsv_asendorf_t1_bbch11,/home/nfs/data/nvme_datasets/Pictures_CFSB_leaf_damage/2025_09_15_Re4StRes_T1_DSV/IMG_3426.JPG,2.0,2.206768035888672,1.9100046157836914,-0.2967633605003357,0.0899953842163086,0.20676803588867188,midpoint,45,single_rater_weak
2025_09_15_Re4StRes_T1_DSV/IMG_3427.JPG,plot_69209fd4a197caaab33b,dsv_asendorf_t1_bbch11,/home/nfs/data/nvme_datasets/Pictures_CFSB_leaf_damage/2025_09_15_Re4StRes_T1_DSV/IMG_3427.JPG,4.0,7.114322185516357,7.141281604766846,0.026959184557199478,3.1412816047668457,3.1143221855163574,midpoint,45,single_rater_weak
2025_09_15_Re4StRes_T1_DSV/IMG_3428.JPG,plot_69209fd4a197caaab33b,dsv_asendorf_t1_bbch11,/home/nfs/data/nvme_datasets/Pictures_CFSB_leaf_damage/2025_09_15_Re4StRes_T1_DSV/IMG_3428.JPG,2.0,2.6780824661254883,2.3231916427612305,-0.35489070415496826,0.32319164276123047,0.6780824661254883,midpoint,45,single_rater_weak
2025_09_15_Re4StRes_T1_DSV/IMG_3429.JPG,plot_18d279bc106253cd1c9d,dsv_asendorf_t1_bbch11,/home/nfs/data/nvme_datasets/Pictures_CFSB_leaf_damage/2025_09_15_Re4StRes_T1_DSV/IMG_3429.JPG,3.0,2.483220100402832,2.2946765422821045,-0.18854352831840515,0.7053234577178955,0.516779899597168,midpoint,45,single_rater_weak
2025_09_15_Re4StRes_T1_DSV/IMG_3430.JPG,plot_18d279bc106253cd1c9d,dsv_asendorf_t1_bbch11,/home/nfs/data/nvme_datasets/Pictures_CFSB_leaf_damage/2025_09_15_Re4StRes_T1_DSV/IMG_3430.JPG,2.0,1.6762213706970215,1.400195837020874,-0.27602559328079224,0.599804162979126,0.3237786293029785,midpoint,45,single_rater_weak
2025_09_15_Re4StRes_T1_DSV/IMG_3431.JPG,plot_18d279bc106253cd1c9d,dsv_asendorf_t1_bbch11,/home/nfs/data/nvme_datasets/Pictures_CFSB_leaf_damage/2025_09_15_Re4StRes_T1_DSV/IMG_3431.JPG,2.0,1.6471920013427734,1.6385473012924194,-0.008644746616482735,0.36145269870758057,0.35280799865722656,midpoint,45,single_rater_weak
2025_09_15_Re4StRes_T1_DSV/IMG_3432.JPG,plot_ccacdc4234f806957f66,dsv_asendorf_t1_bbch11,/home/nfs/data/nvme_datasets/Pictures_CFSB_leaf_damage/2025_09_15_Re4StRes_T1_DSV/IMG_3432.JPG,4.0,2.0693888664245605,1.8830556869506836,-0.18633322417736053,2.1169443130493164,1.9306111335754395,midpoint,45,single_rater_weak
2025_09_15_Re4StRes_T1_DSV/IMG_3433.JPG,plot_ccacdc4234f806957f66,dsv_asendorf_t1_bbch11,/home/nfs/data/nvme_datasets/Pictures_CFSB_leaf_damage/2025_09_15_Re4StRes_T1_DSV/IMG_3433.JPG,3.0,3.559316396713257,3.190274238586426,-0.3690422773361206,0.19027423858642578,0.5593163967132568,midpoint,45,single_rater_weak
2025_09_15_Re4StRes_T1_DSV/IMG_3434.JPG,plot_ccacdc4234f806957f66,dsv_asendorf_t1_bbch11,/home/nfs/data/nvme_datasets/Pictures_CFSB_leaf_damage/2025_09_15_Re4StRes_T1_DSV/IMG_3434.JPG,6.0,3.477123260498047,3.7580032348632812,0.2808799743652344,2.2419967651367188,2.522876739501953,midpoint,45,single_rater_weak
2025_09_15_Re4StRes_T1_DSV/IMG_3435.JPG,plot_4af0822cb67388a1aa56,dsv_asendorf_t1_bbch11,/home/nfs/data/nvme_datasets/Pictures_CFSB_leaf_damage/2025_09_15_Re4StRes_T1_DSV/IMG_3435.JPG,6.0,1.9636359214782715,1.6881470680236816,-0.27548882365226746,4.311852931976318,4.0363640785217285,midpoint,45,single_rater_weak
2025_09_15_Re4StRes_T1_DSV/IMG_3436.JPG,plot_4af0822cb67388a1aa56,dsv_asendorf_t1_bbch11,/home/nfs/data/nvme_datasets/Pictures_CFSB_leaf_damage/2025_09_15_Re4StRes_T1_DSV/IMG_3436.JPG,4.0,2.0665783882141113,1.734372615814209,-0.33220574259757996,2.265627384185791,1.9334216117858887,midpoint,45,single_rater_weak
2025_09_15_Re4StRes_T1_DSV/IMG_3437.JPG,plot_4af0822cb67388a1aa56,dsv_asendorf_t1_bbch11,/home/nfs/data/nvme_datasets/Pictures_CFSB_leaf_damage/2025_09_15_Re4StRes_T1_DSV/IMG_3437.JPG,2.0,1.5529451370239258,1.0847901105880737,-0.46815502643585205,0.9152098894119263,0.4470548629760742,midpoint,45,single_rater_weak
2025_09_15_Re4StRes_T1_DSV/IMG_3438.JPG,plot_0683f47dd1c11c0ce769,dsv_asendorf_t1_bbch11,/home/nfs/data/nvme_datasets/Pictures_CFSB_leaf_damage/2025_09_15_Re4StRes_T1_DSV/IMG_3438.JPG,12.0,3.5578291416168213,3.6566553115844727,0.09882628917694092,8.343344688415527,8.442171096801758,midpoint,45,single_rater_weak
2025_09_15_Re4StRes_T1_DSV/IMG_3439.JPG,plot_0683f47dd1c11c0ce769,dsv_asendorf_t1_bbch11,/home/nfs/data/nvme_datasets/Pictures_CFSB_leaf_damage/2025_09_15_Re4StRes_T1_DSV/IMG_3439.JPG,3.0,2.1883296966552734,2.1461987495422363,-0.04213099926710129,0.8538012504577637,0.8116703033447266,midpoint,45,single_rater_weak
2025_09_15_Re4StRes_T1_DSV/IMG_3440.JPG,plot_0683f47dd1c11c0ce769,dsv_asendorf_t1_bbch11,/home/nfs/data/nvme_datasets/Pictures_CFSB_leaf_damage/2025_09_15_Re4StRes_T1_DSV/IMG_3440.JPG,3.0,2.4092164039611816,2.4597291946411133,0.05051290616393089,0.5402708053588867,0.5907835960388184,midpoint,45,single_rater_weak
2025_09_15_Re4StRes_T1_DSV/IMG_3441.JPG,plot_00a1f727b2710f3f49a2,dsv_asendorf_t1_bbch11,/home/nfs/data/nvme_datasets/Pictures_CFSB_leaf_damage/2025_09_15_Re4StRes_T1_DSV/IMG_3441.JPG,2.0,2.3213443756103516,2.2599966526031494,-0.061347827315330505,0.2599966526031494,0.32134437561035156,midpoint,45,single_rater_weak
2025_09_15_Re4StRes_T1_DSV/IMG_3442.JPG,plot_00a1f727b2710f3f49a2,dsv_asendorf_t1_bbch11,/home/nfs/data/nvme_datasets/Pictures_CFSB_leaf_damage/2025_09_15_Re4StRes_T1_DSV/IMG_3442.JPG,6.0,2.084308624267578,1.9698752164840698,-0.1144333928823471,4.030124664306641,3.915691375732422,midpoint,45,single_rater_weak
2025_09_15_Re4StRes_T1_DSV/IMG_3443.JPG,plot_00a1f727b2710f3f49a2,dsv_asendorf_t1_bbch11,/home/nfs/data/nvme_datasets/Pictures_CFSB_leaf_damage/2025_09_15_Re4StRes_T1_DSV/IMG_3443.JPG,2.0,1.488431453704834,1.083618402481079,-0.4048130512237549,0.9163815975189209,0.511568546295166,midpoint,45,single_rater_weak
2025_09_15_Re4StRes_T1_DSV/IMG_3444.JPG,plot_880523c6ba0634076207,dsv_asendorf_t1_bbch11,/home/nfs/data/nvme_datasets/Pictures_CFSB_leaf_damage/2025_09_15_Re4StRes_T1_DSV/IMG_3444.JPG,6.0,6.257329940795898,6.370919227600098,0.11358917504549026,0.37091922760009766,0.25732994079589844,midpoint,45,single_rater_weak
2025_09_15_Re4StRes_T1_DSV/IMG_3445.JPG,plot_880523c6ba0634076207,dsv_asendorf_t1_bbch11,/home/nfs/data/nvme_datasets/Pictures_CFSB_leaf_damage/2025_09_15_Re4StRes_T1_DSV/IMG_3445.JPG,2.0,3.89266037940979,4.210750579833984,0.3180900812149048,2.2107505798339844,1.89266037940979,midpoint,45,single_rater_weak
2025_09_15_Re4StRes_T1_DSV/IMG_3447.JPG,plot_880523c6ba0634076207,dsv_asendorf_t1_bbch11,/home/nfs/data/nvme_datasets/Pictures_CFSB_leaf_damage/2025_09_15_Re4StRes_T1_DSV/IMG_3447.JPG,3.0,7.997313976287842,8.157184600830078,0.1598701775074005,5.157184600830078,4.997313976287842,midpoint,45,single_rater_weak
2025_09_15_Re4StRes_T1_DSV/IMG_3448.JPG,plot_a4ef3fe093cfc9f1b569,dsv_asendorf_t1_bbch11,/home/nfs/data/nvme_datasets/Pictures_CFSB_leaf_damage/2025_09_15_Re4StRes_T1_DSV/IMG_3448.JPG,7.0,2.43214750289917,2.3606717586517334,-0.07147572189569473,4.6393280029296875,4.56785249710083,midpoint,45,single_rater_weak
2025_09_15_Re4StRes_T1_DSV/IMG_3449.JPG,plot_a4ef3fe093cfc9f1b569,dsv_asendorf_t1_bbch11,/home/nfs/data/nvme_datasets/Pictures_CFSB_leaf_damage/2025_09_15_Re4StRes_T1_DSV/IMG_3449.JPG,11.0,3.7094297409057617,3.4974632263183594,-0.21196655929088593,7.502536773681641,7.290570259094238,midpoint,45,single_rater_weak
2025_09_15_Re4StRes_T1_DSV/IMG_3450.JPG,plot_a4ef3fe093cfc9f1b569,dsv_asendorf_t1_bbch11,/home/nfs/data/nvme_datasets/Pictures_CFSB_leaf_damage/2025_09_15_Re4StRes_T1_DSV/IMG_3450.JPG,3.0,9.346039772033691,9.466943740844727,0.12090408056974411,6.466943740844727,6.346039772033691,midpoint,45,single_rater_weak
2025_09_15_Re4StRes_T1_DSV/IMG_3451.JPG,plot_0eea5d50cd3b95d1da1e,dsv_asendorf_t1_bbch11,/home/nfs/data/nvme_datasets/Pictures_CFSB_leaf_damage/2025_09_15_Re4StRes_T1_DSV/IMG_3451.JPG,4.0,3.814026117324829,3.535438060760498,-0.2785881459712982,0.46456193923950195,0.1859738826751709,midpoint,45,single_rater_weak
2025_09_15_Re4StRes_T1_DSV/IMG_3452.JPG,plot_0eea5d50cd3b95d1da1e,dsv_asendorf_t1_bbch11,/home/nfs/data/nvme_datasets/Pictures_CFSB_leaf_damage/2025_09_15_Re4StRes_T1_DSV/IMG_3452.JPG,1.0,3.0575222969055176,2.6367835998535156,-0.4207388162612915,1.6367835998535156,2.0575222969055176,midpoint,45,single_rater_weak
2025_09_15_Re4StRes_T1_DSV/IMG_3453.JPG,plot_0eea5d50cd3b95d1da1e,dsv_asendorf_t1_bbch11,/home/nfs/data/nvme_datasets/Pictures_CFSB_leaf_damage/2025_09_15_Re4StRes_T1_DSV/IMG_3453.JPG,4.0,1.3354287147521973,0.9912449717521667,-0.3441837430000305,3.0087549686431885,2.6645712852478027,midpoint,45,single_rater_weak
2025_09_15_Re4StRes_T1_DSV/IMG_3454.JPG,plot_26207204d59e6b292692,dsv_asendorf_t1_bbch11,/home/nfs/data/nvme_datasets/Pictures_CFSB_leaf_damage/2025_09_15_Re4StRes_T1_DSV/IMG_3454.JPG,1.0,2.3467960357666016,2.4082088470458984,0.06141277030110359,1.4082088470458984,1.3467960357666016,midpoint,45,single_rater_weak
2025_09_15_Re4StRes_T1_DSV/IMG_3455.JPG,plot_26207204d59e6b292692,dsv_asendorf_t1_bbch11,/home/nfs/data/nvme_datasets/Pictures_CFSB_leaf_damage/2025_09_15_Re4StRes_T1_DSV/IMG_3455.JPG,3.0,2.6755170822143555,2.184917449951172,-0.49059975147247314,0.8150825500488281,0.32448291778564453,midpoint,45,single_rater_weak
2025_09_15_Re4StRes_T1_DSV/IMG_3456.JPG,plot_26207204d59e6b292692,dsv_asendorf_t1_bbch11,/home/nfs/data/nvme_datasets/Pictures_CFSB_leaf_damage/2025_09_15_Re4StRes_T1_DSV/IMG_3456.JPG,2.0,1.0022993087768555,0.7837672233581543,-0.21853211522102356,1.2162327766418457,0.9977006912231445,midpoint,45,single_rater_weak
