image_id,absolute_path,relative_path,file_name,sha256,cohort_id,partner,location,experiment,sampling_date,timepoint,bbch,target,score_single,score_jlu,score_gau,annotator_difference,is_gold_standard,gold_threshold_points,supervision_tier,sample_weight,score_sources,score_qr_code,plot_number,genotype,plot_group_id,plot_group_source,split
img_9dbe091740e1243961ac,/home/nfs/data/nvme_datasets/Pictures_CFSB_leaf_damage/2025_10_21_RSFB-Phenotyping_GG1_JLU/2025_10_21_RSFB-Phenotyping_GG1_JLU/20251021_121053.jpg,2025_10_21_RSFB-Phenotyping_GG1_JLU/2025_10_21_RSFB-Phenotyping_GG1_JLU/20251021_121053.jpg,20251021_121053.jpg,9dbe091740e1243961ac1cc5933f6fca3b2ca86f14a5c2b0632bebc8cfb5ac82,gg_insects_t1_bbch10,JLU,Gross-Gerau,Insects,2025-10-21,T1,BBCH10,23.75,,21.0,26.5,5.5,False,5.0,dual_weak,1.0,2025_10_21_RSFB-Phenotyping_GG1_scores.csv,24_R4S_291_Wolynski_4_1,24,Wolynski,plot_3688e89ae2ebda0cc6bb,score_qr,weak_pretrain
img_76473afdbe71232bad78,/home/nfs/data/nvme_datasets/Pictures_CFSB_leaf_damage/2025_10_21_RSFB-Phenotyping_GG1_JLU/2025_10_21_RSFB-Phenotyping_GG1_JLU/20251021_121113.jpg,2025_10_21_RSFB-Phenotyping_GG1_JLU/2025_10_21_RSFB-Phenotyping_GG1_JLU/20251021_121113.jpg,20251021_121113.jpg,76473afdbe71232bad7840a5b8d6f9b919ae93d843b8d492d74fe9e06ec64dcf,gg_insects_t1_bbch10,JLU,Gross-Gerau,Insects,2025-10-21,T1,BBCH10,6.0,,2.0,10.0,8.0,False,5.0,dual_weak,1.0,2025_10_21_RSFB-Phenotyping_GG1_scores.csv,25_R4S_387_Lirafit_5_1,25,Lirafit,plot_a7714d1b769d45a9b00a,score_qr,weak_pretrain
img_c7b7d4e478895fcfb3ea,/home/nfs/data/nvme_datasets/Pictures_CFSB_leaf_damage/2025_10_21_RSFB-Phenotyping_GG1_JLU/2025_10_21_RSFB-Phenotyping_GG1_JLU/20251021_121126.jpg,2025_10_21_RSFB-Phenotyping_GG1_JLU/2025_10_21_RSFB-Phenotyping_GG1_JLU/20251021_121126.jpg,20251021_121126.jpg,c7b7d4e478895fcfb3eaa717dffb7f90d25b1e6ca7569f9ca404ae55d0b6647f,gg_insects_t1_bbch10,JLU,Gross-Gerau,Insects,2025-10-21,T1,BBCH10,8.25,,2.0,14.5,12.5,False,5.0,dual_weak,1.0,2025_10_21_RSFB-Phenotyping_GG1_scores.csv,25_R4S_387_Lirafit_5_1,25,Lirafit,plot_a7714d1b769d45a9b00a,score_qr,weak_pretrain
img_b57f8fc353d0e9aac571,/home/nfs/data/nvme_datasets/Pictures_CFSB_leaf_damage/2025_10_21_RSFB-Phenotyping_GG1_JLU/2025_10_21_RSFB-Phenotyping_GG1_JLU/20251021_121233.jpg,2025_10_21_RSFB-Phenotyping_GG1_JLU/2025_10_21_RSFB-Phenotyping_GG1_JLU/20251021_121233.jpg,20251021_121233.jpg,b57f8fc353d0e9aac5714805fc8a2510fd103acde953e8577b5aace4985a36f4,gg_insects_t1_bbch10,JLU,Gross-Gerau,Insects,2025-10-21,T1,BBCH10,27.25,,19.0,35.5,16.5,False,5.0,dual_weak,1.0,2025_10_21_RSFB-Phenotyping_GG1_scores.csv,37_R4S_521_Taisetsu_7_1,37,Taisetsu,plot_75848644f50966d7f678,score_qr,weak_pretrain
img_291360dd35d78831e3d1,/home/nfs/data/nvme_datasets/Pictures_CFSB_leaf_damage/2025_10_21_RSFB-Phenotyping_GG1_JLU/2025_10_21_RSFB-Phenotyping_GG1_JLU/20251021_121246.jpg,2025_10_21_RSFB-Phenotyping_GG1_JLU/2025_10_21_RSFB-Phenotyping_GG1_JLU/20251021_121246.jpg,20251021_121246.jpg,291360dd35d78831e3d1027f794a293ac58ff386835185cd02253123dcb3bd1e,gg_insects_t1_bbch10,JLU,Gross-Gerau,Insects,2025-10-21,T1,BBCH10,10.25,,7.0,13.5,6.5,False,5.0,dual_weak,1.0,2025_10_21_RSFB-Phenotyping_GG1_scores.csv,48_R4S_406_S30_8_1,48,S30,plot_09d8a533567043e69854,score_qr,weak_pretrain
img_b2b974abb3907cce6ea4,/home/nfs/data/nvme_datasets/Pictures_CFSB_leaf_damage/2025_10_21_RSFB-Phenotyping_GG1_JLU/2025_10_21_RSFB-Phenotyping_GG1_JLU/20251021_121301.jpg,2025_10_21_RSFB-Phenotyping_GG1_JLU/2025_10_21_RSFB-Phenotyping_GG1_JLU/20251021_121301.jpg,20251021_121301.jpg,b2b974abb3907cce6ea4e5cb63020235661deba160881d9b1c01ccdacc92a524,gg_insects_t1_bbch10,JLU,Gross-Gerau,Insects,2025-10-21,T1,BBCH10,4.5,,1.0,8.0,7.0,False,5.0,dual_weak,1.0,2025_10_21_RSFB-Phenotyping_GG1_scores.csv,48_R4S_406_S30_8_1,48,S30,plot_09d8a533567043e69854,score_qr,weak_pretrain
img_5b06eb5201822c014f87,/home/nfs/data/nvme_datasets/Pictures_CFSB_leaf_damage/2025_10_21_RSFB-Phenotyping_GG1_JLU/2025_10_21_RSFB-Phenotyping_GG1_JLU/20251021_121314.jpg,2025_10_21_RSFB-Phenotyping_GG1_JLU/2025_10_21_RSFB-Phenotyping_GG1_JLU/20251021_121314.jpg,20251021_121314.jpg,5b06eb5201822c014f874ed44e39efb16f0b5cc40228e282e2ededb6468976e5,gg_insects_t1_bbch10,JLU,Gross-Gerau,Insects,2025-10-21,T1,BBCH10,4.75,,2.0,7.5,5.5,False,5.0,dual_weak,1.0,2025_10_21_RSFB-Phenotyping_GG1_scores.csv,49_R4S_427_J 154_9_1,49,J 154,plot_0de14b7453cf30ed2a1c,score_qr,weak_pretrain
img_f549c20b6edbd71abb09,/home/nfs/data/nvme_datasets/Pictures_CFSB_leaf_damage/2025_10_21_RSFB-Phenotyping_GG1_JLU/2025_10_21_RSFB-Phenotyping_GG1_JLU/20251021_121353.jpg,2025_10_21_RSFB-Phenotyping_GG1_JLU/2025_10_21_RSFB-Phenotyping_GG1_JLU/20251021_121353.jpg,20251021_121353.jpg,f549c20b6edbd71abb099718ea7164b6fb854ff9d8ff23129e37e89d9d667392,gg_insects_t1_bbch10,JLU,Gross-Gerau,Insects,2025-10-21,T1,BBCH10,13.25,,7.0,19.5,12.5,False,5.0,dual_weak,1.0,2025_10_21_RSFB-Phenotyping_GG1_scores.csv,60_R4S_209_Falcon_10_1,60,Falcon,plot_9594a1cc971fd111a051,score_qr,weak_pretrain
img_1314f43bd4a443f96885,/home/nfs/data/nvme_datasets/Pictures_CFSB_leaf_damage/2025_10_21_RSFB-Phenotyping_GG1_JLU/2025_10_21_RSFB-Phenotyping_GG1_JLU/20251021_121402.jpg,2025_10_21_RSFB-Phenotyping_GG1_JLU/2025_10_21_RSFB-Phenotyping_GG1_JLU/20251021_121402.jpg,20251021_121402.jpg,1314f43bd4a443f968855438213a9337dc42e027ffb22573db74e75717da0a3b,gg_insects_t1_bbch10,JLU,Gross-Gerau,Insects,2025-10-21,T1,BBCH10,23.75,,18.0,29.5,11.5,False,5.0,dual_weak,1.0,2025_10_21_RSFB-Phenotyping_GG1_scores.csv,60_R4S_209_Falcon_10_1,60,Falcon,plot_9594a1cc971fd111a051,score_qr,weak_pretrain
img_f14506db70124eea8a3d,/home/nfs/data/nvme_datasets/Pictures_CFSB_leaf_damage/2025_10_21_RSFB-Phenotyping_GG1_JLU/2025_10_21_RSFB-Phenotyping_GG1_JLU/20251021_121517.jpg,2025_10_21_RSFB-Phenotyping_GG1_JLU/2025_10_21_RSFB-Phenotyping_GG1_JLU/20251021_121517.jpg,20251021_121517.jpg,f14506db70124eea8a3d6a08579efbd2e9cc6a2963dd4bac0e3d50dacbec7381,gg_insects_t1_bbch10,JLU,Gross-Gerau,Insects,2025-10-21,T1,BBCH10,13.25,,9.0,17.5,8.5,False,5.0,dual_weak,1.0,2025_10_21_RSFB-Phenotyping_GG1_scores.csv,73_R4S_437_S2_13_1,73,S2,plot_d262175a030921a83f7c,score_qr,weak_pretrain
img_4f1e64354d498b6a4a76,/home/nfs/data/nvme_datasets/Pictures_CFSB_leaf_damage/2025_10_21_RSFB-Phenotyping_GG1_JLU/2025_10_21_RSFB-Phenotyping_GG1_JLU/20251021_121533.jpg,2025_10_21_RSFB-Phenotyping_GG1_JLU/2025_10_21_RSFB-Phenotyping_GG1_JLU/20251021_121533.jpg,20251021_121533.jpg,4f1e64354d498b6a4a769cd5bb276958ddde25c8bdc82db21dcbef5972526cd5,gg_insects_t1_bbch10,JLU,Gross-Gerau,Insects,2025-10-21,T1,BBCH10,34.25,,50.0,18.5,31.5,False,5.0,dual_weak,1.0,2025_10_21_RSFB-Phenotyping_GG1_scores.csv,73_R4S_437_S2_13_1,73,S2,plot_d262175a030921a83f7c,score_qr,weak_pretrain
img_8501248df4856556b75a,/home/nfs/data/nvme_datasets/Pictures_CFSB_leaf_damage/2025_10_21_RSFB-Phenotyping_GG1_JLU/2025_10_21_RSFB-Phenotyping_GG1_JLU/20251021_121545.jpg,2025_10_21_RSFB-Phenotyping_GG1_JLU/2025_10_21_RSFB-Phenotyping_GG1_JLU/20251021_121545.jpg,20251021_121545.jpg,8501248df4856556b75a02a97c8ed20dcd870a77c58e40d5b25c356d15fee584,gg_insects_t1_bbch10,JLU,Gross-Gerau,Insects,2025-10-21,T1,BBCH10,22.75,,30.0,15.5,14.5,False,5.0,dual_weak,1.0,2025_10_21_RSFB-Phenotyping_GG1_scores.csv,84_R4S_177_SLM 0512_14_1,84,SLM 0512,plot_ecaa6386f36f4566ea46,score_qr,weak_pretrain
img_bff27c5d7450e6b1448f,/home/nfs/data/nvme_datasets/Pictures_CFSB_leaf_damage/2025_10_21_RSFB-Phenotyping_GG1_JLU/2025_10_21_RSFB-Phenotyping_GG1_JLU/20251021_121556.jpg,2025_10_21_RSFB-Phenotyping_GG1_JLU/2025_10_21_RSFB-Phenotyping_GG1_JLU/20251021_121556.jpg,20251021_121556.jpg,bff27c5d7450e6b1448ffed094e76864d5de7007c0ba2fc89fb6320ad5e1ac07,gg_insects_t1_bbch10,JLU,Gross-Gerau,Insects,2025-10-21,T1,BBCH10,23.0,,30.0,16.0,14.0,False,5.0,dual_weak,1.0,2025_10_21_RSFB-Phenotyping_GG1_scores.csv,84_R4S_177_SLM 0512_14_1,84,SLM 0512,plot_ecaa6386f36f4566ea46,score_qr,weak_pretrain
img_9a67be96d4962c366161,/home/nfs/data/nvme_datasets/Pictures_CFSB_leaf_damage/2025_10_21_RSFB-Phenotyping_GG1_JLU/2025_10_21_RSFB-Phenotyping_GG1_JLU/20251021_121605.jpg,2025_10_21_RSFB-Phenotyping_GG1_JLU/2025_10_21_RSFB-Phenotyping_GG1_JLU/20251021_121605.jpg,20251021_121605.jpg,9a67be96d4962c366161e83a4b79250f183f23184563c28c6d23d985d1d2f78f,gg_insects_t1_bbch10,JLU,Gross-Gerau,Insects,2025-10-21,T1,BBCH10,19.0,,25.0,13.0,12.0,False,5.0,dual_weak,1.0,2025_10_21_RSFB-Phenotyping_GG1_scores.csv,84_R4S_177_SLM 0512_14_1,84,SLM 0512,plot_ecaa6386f36f4566ea46,score_qr,weak_pretrain
img_b2bdf6b3af5a4725d0a9,/home/nfs/data/nvme_datasets/Pictures_CFSB_leaf_damage/2025_10_21_RSFB-Phenotyping_GG1_JLU/2025_10_21_RSFB-Phenotyping_GG1_JLU/20251021_121721.jpg,2025_10_21_RSFB-Phenotyping_GG1_JLU/2025_10_21_RSFB-Phenotyping_GG1_JLU/20251021_121721.jpg,20251021_121721.jpg,b2bdf6b3af5a4725d0a9312fc5555f3c9a3c1cfba47577a8d39b1511c7bb6ed7,gg_insects_t1_bbch10,JLU,Gross-Gerau,Insects,2025-10-21,T1,BBCH10,38.25,,50.0,26.5,23.5,False,5.0,dual_weak,1.0,2025_10_21_RSFB-Phenotyping_GG1_scores.csv,97_R4S_265_Pirola_17_1,97,Pirola,plot_1567e6fbdfcaddf7a13f,score_qr,weak_pretrain
img_6ecd2208ca9cae0ea125,/home/nfs/data/nvme_datasets/Pictures_CFSB_leaf_damage/2025_10_21_RSFB-Phenotyping_GG1_JLU/2025_10_21_RSFB-Phenotyping_GG1_JLU/20251021_121727.jpg,2025_10_21_RSFB-Phenotyping_GG1_JLU/2025_10_21_RSFB-Phenotyping_GG1_JLU/20251021_121727.jpg,20251021_121727.jpg,6ecd2208ca9cae0ea1250cf0c318aa02c447817c7c33e04857013570091e0a74,gg_insects_t1_bbch10,JLU,Gross-Gerau,Insects,2025-10-21,T1,BBCH10,30.5,,40.0,21.0,19.0,False,5.0,dual_weak,1.0,2025_10_21_RSFB-Phenotyping_GG1_scores.csv,97_R4S_265_Pirola_17_1,97,Pirola,plot_1567e6fbdfcaddf7a13f,score_qr,weak_pretrain
img_87128fdc44a5742848f9,/home/nfs/data/nvme_datasets/Pictures_CFSB_leaf_damage/2025_10_21_RSFB-Phenotyping_GG1_JLU/2025_10_21_RSFB-Phenotyping_GG1_JLU/20251021_121737.jpg,2025_10_21_RSFB-Phenotyping_GG1_JLU/2025_10_21_RSFB-Phenotyping_GG1_JLU/20251021_121737.jpg,20251021_121737.jpg,87128fdc44a5742848f911291ce47cf63e372eea2af6e6753af644db25f12b54,gg_insects_t1_bbch10,JLU,Gross-Gerau,Insects,2025-10-21,T1,BBCH10,29.75,,35.0,24.5,10.5,False,5.0,dual_weak,1.0,2025_10_21_RSFB-Phenotyping_GG1_scores.csv,97_R4S_265_Pirola_17_1,97,Pirola,plot_1567e6fbdfcaddf7a13f,score_qr,weak_pretrain
img_93f566883ca72d168aae,/home/nfs/data/nvme_datasets/Pictures_CFSB_leaf_damage/2025_10_21_RSFB-Phenotyping_GG1_JLU/2025_10_21_RSFB-Phenotyping_GG1_JLU/20251021_121755.jpg,2025_10_21_RSFB-Phenotyping_GG1_JLU/2025_10_21_RSFB-Phenotyping_GG1_JLU/20251021_121755.jpg,20251021_121755.jpg,93f566883ca72d168aae4a1697aade152aacf297f10bb9358823c781e7ccda3e,gg_insects_t1_bbch10,JLU,Gross-Gerau,Insects,2025-10-21,T1,BBCH10,10.0,,15.0,5.0,10.0,False,5.0,dual_weak,1.0,2025_10_21_RSFB-Phenotyping_GG1_scores.csv,108_R4S_242_SWGospel_18_1,108,SWGospel,plot_7085c17d28247f52ec8b,score_qr,weak_pretrain
img_92c736dcd1fd93d21122,/home/nfs/data/nvme_datasets/Pictures_CFSB_leaf_damage/2025_10_21_RSFB-Phenotyping_GG1_JLU/2025_10_21_RSFB-Phenotyping_GG1_JLU/20251021_121834.jpg,2025_10_21_RSFB-Phenotyping_GG1_JLU/2025_10_21_RSFB-Phenotyping_GG1_JLU/20251021_121834.jpg,20251021_121834.jpg,92c736dcd1fd93d21122af6e61f1098d97ee065c83d002a57c92f7bb567dd436,gg_insects_t1_bbch10,JLU,Gross-Gerau,Insects,2025-10-21,T1,BBCH10,10.0,,5.0,15.0,10.0,False,5.0,dual_weak,1.0,2025_10_21_RSFB-Phenotyping_GG1_scores.csv,109_R4S_187_AMBER X COMMANCHE DH LINE_19_1,109,AMBER X COMMANCHE DH LINE,plot_08853fb661302206a300,score_qr,weak_pretrain
img_1bf5556b975a62509196,/home/nfs/data/nvme_datasets/Pictures_CFSB_leaf_damage/2025_10_21_RSFB-Phenotyping_GG1_JLU/2025_10_21_RSFB-Phenotyping_GG1_JLU/20251021_121843.jpg,2025_10_21_RSFB-Phenotyping_GG1_JLU/2025_10_21_RSFB-Phenotyping_GG1_JLU/20251021_121843.jpg,20251021_121843.jpg,1bf5556b975a62509196b1b7b0427602608f8fd50067aaf38763a1fa71669bb0,gg_insects_t1_bbch10,JLU,Gross-Gerau,Insects,2025-10-21,T1,BBCH10,8.0,,4.0,12.0,8.0,False,5.0,dual_weak,1.0,2025_10_21_RSFB-Phenotyping_GG1_scores.csv,109_R4S_187_AMBER X COMMANCHE DH LINE_19_1,109,AMBER X COMMANCHE DH LINE,plot_08853fb661302206a300,score_qr,weak_pretrain
img_8dcf78653adc710f7a0d,/home/nfs/data/nvme_datasets/Pictures_CFSB_leaf_damage/2025_10_21_RSFB-Phenotyping_GG1_JLU/2025_10_21_RSFB-Phenotyping_GG1_JLU/20251021_121921.jpg,2025_10_21_RSFB-Phenotyping_GG1_JLU/2025_10_21_RSFB-Phenotyping_GG1_JLU/20251021_121921.jpg,20251021_121921.jpg,8dcf78653adc710f7a0dc01301ed8669033f10d3d096ffe3ca70192ba583620e,gg_insects_t1_bbch10,JLU,Gross-Gerau,Insects,2025-10-21,T1,BBCH10,23.75,,40.0,7.5,32.5,False,5.0,dual_weak,1.0,2025_10_21_RSFB-Phenotyping_GG1_scores.csv,120_R4S_158_Lipid_20_1,120,Lipid,plot_5cb10cc36c39f8550120,score_qr,weak_pretrain
img_f89ab4b05fa86c0edd03,/home/nfs/data/nvme_datasets/Pictures_CFSB_leaf_damage/2025_10_21_RSFB-Phenotyping_GG1_JLU/2025_10_21_RSFB-Phenotyping_GG1_JLU/20251021_121943.jpg,2025_10_21_RSFB-Phenotyping_GG1_JLU/2025_10_21_RSFB-Phenotyping_GG1_JLU/20251021_121943.jpg,20251021_121943.jpg,f89ab4b05fa86c0edd03130e6ffc46286ea119201adac4423712281d0f66b501,gg_insects_t1_bbch10,JLU,Gross-Gerau,Insects,2025-10-21,T1,BBCH10,24.0,,30.0,18.0,12.0,False,5.0,dual_weak,1.0,2025_10_21_RSFB-Phenotyping_GG1_scores.csv,121_R4S_147_Picasso_21_1,121,Picasso,plot_fc292ac3221828037f2a,score_qr,weak_pretrain
img_f0554a17d058c42c5beb,/home/nfs/data/nvme_datasets/Pictures_CFSB_leaf_damage/2025_10_21_RSFB-Phenotyping_GG1_JLU/2025_10_21_RSFB-Phenotyping_GG1_JLU/20251021_121951.jpg,2025_10_21_RSFB-Phenotyping_GG1_JLU/2025_10_21_RSFB-Phenotyping_GG1_JLU/20251021_121951.jpg,20251021_121951.jpg,f0554a17d058c42c5bebca2983194ec573352eacb327ad64cd07297df1b4ff16,gg_insects_t1_bbch10,JLU,Gross-Gerau,Insects,2025-10-21,T1,BBCH10,16.75,,20.0,13.5,6.5,False,5.0,dual_weak,1.0,2025_10_21_RSFB-Phenotyping_GG1_scores.csv,121_R4S_147_Picasso_21_1,121,Picasso,plot_fc292ac3221828037f2a,score_qr,weak_pretrain
img_1f2f3e386df37b131726,/home/nfs/data/nvme_datasets/Pictures_CFSB_leaf_damage/2025_10_21_RSFB-Phenotyping_GG1_JLU/2025_10_21_RSFB-Phenotyping_GG1_JLU/20251021_122013.jpg,2025_10_21_RSFB-Phenotyping_GG1_JLU/2025_10_21_RSFB-Phenotyping_GG1_JLU/20251021_122013.jpg,20251021_122013.jpg,1f2f3e386df37b131726d65f51090d38ce06400d695efaeb7c4f56fa94d0c9ef,gg_insects_t1_bbch10,JLU,Gross-Gerau,Insects,2025-10-21,T1,BBCH10,9.5,,5.0,14.0,9.0,False,5.0,dual_weak,1.0,2025_10_21_RSFB-Phenotyping_GG1_scores.csv,132_R4S_266_Alaska_22_1,132,Alaska,plot_de57345dfd586882f461,score_qr,weak_pretrain
img_a8ca3bcacdf068ef0006,/home/nfs/data/nvme_datasets/Pictures_CFSB_leaf_damage/2025_10_21_RSFB-Phenotyping_GG1_JLU/2025_10_21_RSFB-Phenotyping_GG1_JLU/20251021_122022.jpg,2025_10_21_RSFB-Phenotyping_GG1_JLU/2025_10_21_RSFB-Phenotyping_GG1_JLU/20251021_122022.jpg,20251021_122022.jpg,a8ca3bcacdf068ef0006bebd3e79085c5f92b938c15b1bf6ae1276203f5d405c,gg_insects_t1_bbch10,JLU,Gross-Gerau,Insects,2025-10-21,T1,BBCH10,18.0,,15.0,21.0,6.0,False,5.0,dual_weak,1.0,2025_10_21_RSFB-Phenotyping_GG1_scores.csv,132_R4S_266_Alaska_22_1,132,Alaska,plot_de57345dfd586882f461,score_qr,weak_pretrain
img_2de687b98e13ca8c4510,/home/nfs/data/nvme_datasets/Pictures_CFSB_leaf_damage/2025_10_21_RSFB-Phenotyping_GG1_JLU/2025_10_21_RSFB-Phenotyping_GG1_JLU/20251021_122032.jpg,2025_10_21_RSFB-Phenotyping_GG1_JLU/2025_10_21_RSFB-Phenotyping_GG1_JLU/20251021_122032.jpg,20251021_122032.jpg,2de687b98e13ca8c4510ef6a1ed85ef0c6adb295fa45dd63b47a088acd9b3094,gg_insects_t1_bbch10,JLU,Gross-Gerau,Insects,2025-10-21,T1,BBCH10,35.25,,40.0,30.5,9.5,False,5.0,dual_weak,1.0,2025_10_21_RSFB-Phenotyping_GG1_scores.csv,132_R4S_266_Alaska_22_1,132,Alaska,plot_de57345dfd586882f461,score_qr,weak_pretrain
img_8cbe5d99ddfa1bb0e120,/home/nfs/data/nvme_datasets/Pictures_CFSB_leaf_damage/2025_10_21_RSFB-Phenotyping_GG1_JLU/2025_10_21_RSFB-Phenotyping_GG1_JLU/20251021_122046.jpg,2025_10_21_RSFB-Phenotyping_GG1_JLU/2025_10_21_RSFB-Phenotyping_GG1_JLU/20251021_122046.jpg,20251021_122046.jpg,8cbe5d99ddfa1bb0e120c6ad42183d55fa0f838fcd7e4036314d6b2fbeac96ff,gg_insects_t1_bbch10,JLU,Gross-Gerau,Insects,2025-10-21,T1,BBCH10,4.95,,2.0,7.9,5.9,False,5.0,dual_weak,1.0,2025_10_21_RSFB-Phenotyping_GG1_scores.csv,133_R4S_224_APEX/93_5 X GINZOU_3 DH LINE_23_1,133,APEX/93_5 X GINZOU_3 DH LINE,plot_166bd930c637bcfcd528,score_qr,weak_pretrain
img_fa0291c971757dfd7fd3,/home/nfs/data/nvme_datasets/Pictures_CFSB_leaf_damage/2025_10_21_RSFB-Phenotyping_GG1_JLU/2025_10_21_RSFB-Phenotyping_GG1_JLU/20251021_122055.jpg,2025_10_21_RSFB-Phenotyping_GG1_JLU/2025_10_21_RSFB-Phenotyping_GG1_JLU/20251021_122055.jpg,20251021_122055.jpg,fa0291c971757dfd7fd3e693864508c511ef96d92e3c2eef7015fc5cff654660,gg_insects_t1_bbch10,JLU,Gross-Gerau,Insects,2025-10-21,T1,BBCH10,25.25,,35.0,15.5,19.5,False,5.0,dual_weak,1.0,2025_10_21_RSFB-Phenotyping_GG1_scores.csv,133_R4S_224_APEX/93_5 X GINZOU_3 DH LINE_23_1,133,APEX/93_5 X GINZOU_3 DH LINE,plot_166bd930c637bcfcd528,score_qr,weak_pretrain
img_cc817202075b617225bd,/home/nfs/data/nvme_datasets/Pictures_CFSB_leaf_damage/2025_10_21_RSFB-Phenotyping_GG1_JLU/2025_10_21_RSFB-Phenotyping_GG1_JLU/20251021_122101.jpg,2025_10_21_RSFB-Phenotyping_GG1_JLU/2025_10_21_RSFB-Phenotyping_GG1_JLU/20251021_122101.jpg,20251021_122101.jpg,cc817202075b617225bdf51cb0c9ef22da91dab468ba1683b7786aada43d1f06,gg_insects_t1_bbch10,JLU,Gross-Gerau,Insects,2025-10-21,T1,BBCH10,26.25,,30.0,22.5,7.5,False,5.0,dual_weak,1.0,2025_10_21_RSFB-Phenotyping_GG1_scores.csv,133_R4S_224_APEX/93_5 X GINZOU_3 DH LINE_23_1,133,APEX/93_5 X GINZOU_3 DH LINE,plot_166bd930c637bcfcd528,score_qr,weak_pretrain
img_abc1867c5911f01e2699,/home/nfs/data/nvme_datasets/Pictures_CFSB_leaf_damage/2025_10_21_RSFB-Phenotyping_GG1_JLU/2025_10_21_RSFB-Phenotyping_GG1_JLU/20251021_122126.jpg,2025_10_21_RSFB-Phenotyping_GG1_JLU/2025_10_21_RSFB-Phenotyping_GG1_JLU/20251021_122126.jpg,20251021_122126.jpg,abc1867c5911f01e2699317a80b989a2a0a4d23ba2efd1a00c11be3ddfe48e4f,gg_insects_t1_bbch10,JLU,Gross-Gerau,Insects,2025-10-21,T1,BBCH10,25.5,,30.0,21.0,9.0,False,5.0,dual_weak,1.0,2025_10_21_RSFB-Phenotyping_GG1_scores.csv,144_R4S_379_Skryesyowicki_24_1,144,Skryesyowicki,plot_db7e0347309c8abba7fd,score_qr,weak_pretrain
img_bf7a03960b517974e8c8,/home/nfs/data/nvme_datasets/Pictures_CFSB_leaf_damage/2025_10_21_RSFB-Phenotyping_GG1_JLU/2025_10_21_RSFB-Phenotyping_GG1_JLU/20251021_122148.jpg,2025_10_21_RSFB-Phenotyping_GG1_JLU/2025_10_21_RSFB-Phenotyping_GG1_JLU/20251021_122148.jpg,20251021_122148.jpg,bf7a03960b517974e8c81f624c3eb133a613bed3c9c9b99d8209c5ba759a29f9,gg_insects_t1_bbch10,JLU,Gross-Gerau,Insects,2025-10-21,T1,BBCH10,27.25,,40.0,14.5,25.5,False,5.0,dual_weak,1.0,2025_10_21_RSFB-Phenotyping_GG1_scores.csv,145_R4S_549_ALLESANDRO KWS_25_1,145,ALLESANDRO KWS,plot_cdc3b1e601906dcad704,score_qr,weak_pretrain
img_b3bbc974651909fd5748,/home/nfs/data/nvme_datasets/Pictures_CFSB_leaf_damage/2025_10_21_RSFB-Phenotyping_GG1_JLU/2025_10_21_RSFB-Phenotyping_GG1_JLU/20251021_122158.jpg,2025_10_21_RSFB-Phenotyping_GG1_JLU/2025_10_21_RSFB-Phenotyping_GG1_JLU/20251021_122158.jpg,20251021_122158.jpg,b3bbc974651909fd57486cd33d83476152da02e48505eb39413f508bda1bad66,gg_insects_t1_bbch10,JLU,Gross-Gerau,Insects,2025-10-21,T1,BBCH10,19.25,,25.0,13.5,11.5,False,5.0,dual_weak,1.0,2025_10_21_RSFB-Phenotyping_GG1_scores.csv,145_R4S_549_ALLESANDRO KWS_25_1,145,ALLESANDRO KWS,plot_cdc3b1e601906dcad704,score_qr,weak_pretrain
img_353563a1b580a8cc0425,/home/nfs/data/nvme_datasets/Pictures_CFSB_leaf_damage/2025_10_21_RSFB-Phenotyping_GG1_JLU/2025_10_21_RSFB-Phenotyping_GG1_JLU/20251021_122206.jpg,2025_10_21_RSFB-Phenotyping_GG1_JLU/2025_10_21_RSFB-Phenotyping_GG1_JLU/20251021_122206.jpg,20251021_122206.jpg,353563a1b580a8cc0425fb5f013cfa6e09c84e088f1c99bb8e037330497a84c6,gg_insects_t1_bbch10,JLU,Gross-Gerau,Insects,2025-10-21,T1,BBCH10,19.75,,33.0,6.5,26.5,False,5.0,dual_weak,1.0,2025_10_21_RSFB-Phenotyping_GG1_scores.csv,145_R4S_549_ALLESANDRO KWS_25_1,145,ALLESANDRO KWS,plot_cdc3b1e601906dcad704,score_qr,weak_pretrain
img_6e06ee9e5c859a03dc23,/home/nfs/data/nvme_datasets/Pictures_CFSB_leaf_damage/2025_10_21_RSFB-Phenotyping_GG1_JLU/2025_10_21_RSFB-Phenotyping_GG1_JLU/20251021_122330.jpg,2025_10_21_RSFB-Phenotyping_GG1_JLU/2025_10_21_RSFB-Phenotyping_GG1_JLU/20251021_122330.jpg,20251021_122330.jpg,6e06ee9e5c859a03dc237a9761a72a6d0020ff1c0570c30e828eaf43a07fd280,gg_insects_t1_bbch10,JLU,Gross-Gerau,Insects,2025-10-21,T1,BBCH10,9.0,,2.0,16.0,14.0,False,5.0,dual_weak,1.0,2025_10_21_RSFB-Phenotyping_GG1_scores.csv,157_R4S_225_Barrel_27_1,157,Barrel,plot_f0fdaec340e3ae5ac4bf,score_qr,weak_pretrain
img_34e937123ae06511659d,/home/nfs/data/nvme_datasets/Pictures_CFSB_leaf_damage/2025_10_21_RSFB-Phenotyping_GG1_JLU/2025_10_21_RSFB-Phenotyping_GG1_JLU/20251021_122344.jpg,2025_10_21_RSFB-Phenotyping_GG1_JLU/2025_10_21_RSFB-Phenotyping_GG1_JLU/20251021_122344.jpg,20251021_122344.jpg,34e937123ae06511659dae03e27cb162d905ee98496bec2070e4c053e65c85bd,gg_insects_t1_bbch10,JLU,Gross-Gerau,Insects,2025-10-21,T1,BBCH10,11.5,,5.0,18.0,13.0,False,5.0,dual_weak,1.0,2025_10_21_RSFB-Phenotyping_GG1_scores.csv,168_R4S_342_Peerless *Acme(_28_1,168,Peerless *Acme(,plot_16577622d2052f869752,score_qr,weak_pretrain
img_abdc12ba5190286afa9d,/home/nfs/data/nvme_datasets/Pictures_CFSB_leaf_damage/2025_10_21_RSFB-Phenotyping_GG1_JLU/2025_10_21_RSFB-Phenotyping_GG1_JLU/20251021_122402.jpg,2025_10_21_RSFB-Phenotyping_GG1_JLU/2025_10_21_RSFB-Phenotyping_GG1_JLU/20251021_122402.jpg,20251021_122402.jpg,abdc12ba5190286afa9dd314c4725ee5182fd699a9902434ea2cade1644dd60b,gg_insects_t1_bbch10,JLU,Gross-Gerau,Insects,2025-10-21,T1,BBCH10,11.0,,15.0,7.0,8.0,False,5.0,dual_weak,1.0,2025_10_21_RSFB-Phenotyping_GG1_scores.csv,168_R4S_342_Peerless *Acme(_28_1,168,Peerless *Acme(,plot_16577622d2052f869752,score_qr,weak_pretrain
img_ed151920a7360aa74b4e,/home/nfs/data/nvme_datasets/Pictures_CFSB_leaf_damage/2025_10_21_RSFB-Phenotyping_GG1_JLU/2025_10_21_RSFB-Phenotyping_GG1_JLU/20251021_122415.jpg,2025_10_21_RSFB-Phenotyping_GG1_JLU/2025_10_21_RSFB-Phenotyping_GG1_JLU/20251021_122415.jpg,20251021_122415.jpg,ed151920a7360aa74b4e4acd0dc27dfcd9ebd474e233aa63f6b57c2c4ceb9524,gg_insects_t1_bbch10,JLU,Gross-Gerau,Insects,2025-10-21,T1,BBCH10,28.25,,40.0,16.5,23.5,False,5.0,dual_weak,1.0,2025_10_21_RSFB-Phenotyping_GG1_scores.csv,169_R4S_149_Rapid_29_1,169,Rapid,plot_be1d8e6b110e3e6f731b,score_qr,weak_pretrain
img_cd56a636437b273fa96b,/home/nfs/data/nvme_datasets/Pictures_CFSB_leaf_damage/2025_10_21_RSFB-Phenotyping_GG1_JLU/2025_10_21_RSFB-Phenotyping_GG1_JLU/20251021_122432.jpg,2025_10_21_RSFB-Phenotyping_GG1_JLU/2025_10_21_RSFB-Phenotyping_GG1_JLU/20251021_122432.jpg,20251021_122432.jpg,cd56a636437b273fa96b432ea7245d2b4163ca9bf013174fe778e62284ec041a,gg_insects_t1_bbch10,JLU,Gross-Gerau,Insects,2025-10-21,T1,BBCH10,32.75,,50.0,15.5,34.5,False,5.0,dual_weak,1.0,2025_10_21_RSFB-Phenotyping_GG1_scores.csv,169_R4S_149_Rapid_29_1,169,Rapid,plot_be1d8e6b110e3e6f731b,score_qr,weak_pretrain
img_b73f5c3a6e125c3613bd,/home/nfs/data/nvme_datasets/Pictures_CFSB_leaf_damage/2025_10_21_RSFB-Phenotyping_GG1_JLU/2025_10_21_RSFB-Phenotyping_GG1_JLU/20251021_122550.jpg,2025_10_21_RSFB-Phenotyping_GG1_JLU/2025_10_21_RSFB-Phenotyping_GG1_JLU/20251021_122550.jpg,20251021_122550.jpg,b73f5c3a6e125c3613bdca05f4a15a535ca8986049f1a900ccc63ae023231438,gg_insects_t1_bbch10,JLU,Gross-Gerau,Insects,2025-10-21,T1,BBCH10,14.5,,7.0,22.0,15.0,False,5.0,dual_weak,1.0,2025_10_21_RSFB-Phenotyping_GG1_scores.csv,192_R4S_181_Express 617_32_1,192,Express 617,plot_4460e7e9889b69d86dd3,score_qr,weak_pretrain
img_23ca97ac25369a068f63,/home/nfs/data/nvme_datasets/Pictures_CFSB_leaf_damage/2025_10_21_RSFB-Phenotyping_GG1_JLU/2025_10_21_RSFB-Phenotyping_GG1_JLU/20251021_122557.jpg,2025_10_21_RSFB-Phenotyping_GG1_JLU/2025_10_21_RSFB-Phenotyping_GG1_JLU/20251021_122557.jpg,20251021_122557.jpg,23ca97ac25369a068f63a329751a3505350c81d7665e08d8c475bc9486ac5237,gg_insects_t1_bbch10,JLU,Gross-Gerau,Insects,2025-10-21,T1,BBCH10,6.0,,2.0,10.0,8.0,False,5.0,dual_weak,1.0,2025_10_21_RSFB-Phenotyping_GG1_scores.csv,192_R4S_181_Express 617_32_1,192,Express 617,plot_4460e7e9889b69d86dd3,score_qr,weak_pretrain
img_3a76be37284e7f00d961,/home/nfs/data/nvme_datasets/Pictures_CFSB_leaf_damage/2025_10_21_RSFB-Phenotyping_GG1_JLU/2025_10_21_RSFB-Phenotyping_GG1_JLU/20251021_122605.jpg,2025_10_21_RSFB-Phenotyping_GG1_JLU/2025_10_21_RSFB-Phenotyping_GG1_JLU/20251021_122605.jpg,20251021_122605.jpg,3a76be37284e7f00d96154b3751e290cf2925cc8b8c6b2229b267b2d68d1781a,gg_insects_t1_bbch10,JLU,Gross-Gerau,Insects,2025-10-21,T1,BBCH10,7.5,,1.0,14.0,13.0,False,5.0,dual_weak,1.0,2025_10_21_RSFB-Phenotyping_GG1_scores.csv,192_R4S_181_Express 617_32_1,192,Express 617,plot_4460e7e9889b69d86dd3,score_qr,weak_pretrain
img_5026c37f29c6bca22f33,/home/nfs/data/nvme_datasets/Pictures_CFSB_leaf_damage/2025_10_21_RSFB-Phenotyping_GG1_JLU/2025_10_21_RSFB-Phenotyping_GG1_JLU/20251021_122752.jpg,2025_10_21_RSFB-Phenotyping_GG1_JLU/2025_10_21_RSFB-Phenotyping_GG1_JLU/20251021_122752.jpg,20251021_122752.jpg,5026c37f29c6bca22f33766ca39955861ec24005430035015df58fa836618598,gg_insects_t1_bbch10,JLU,Gross-Gerau,Insects,2025-10-21,T1,BBCH10,16.75,,20.0,13.5,6.5,False,5.0,dual_weak,1.0,2025_10_21_RSFB-Phenotyping_GG1_scores.csv,216_R4S_366_Nunsdale_36_1,216,Nunsdale,plot_643644993e9d28503809,score_qr,weak_pretrain
img_6c15a0c8380834464a63,/home/nfs/data/nvme_datasets/Pictures_CFSB_leaf_damage/2025_10_21_RSFB-Phenotyping_GG1_JLU/2025_10_21_RSFB-Phenotyping_GG1_JLU/20251021_122808.jpg,2025_10_21_RSFB-Phenotyping_GG1_JLU/2025_10_21_RSFB-Phenotyping_GG1_JLU/20251021_122808.jpg,20251021_122808.jpg,6c15a0c8380834464a63831152840970a5728c9412b41e56d541f2dc90dbc7d6,gg_insects_t1_bbch10,JLU,Gross-Gerau,Insects,2025-10-21,T1,BBCH10,21.25,,25.0,17.5,7.5,False,5.0,dual_weak,1.0,2025_10_21_RSFB-Phenotyping_GG1_scores.csv,216_R4S_366_Nunsdale_36_1,216,Nunsdale,plot_643644993e9d28503809,score_qr,weak_pretrain
img_b4f6c61a35f9f5d6fb5d,/home/nfs/data/nvme_datasets/Pictures_CFSB_leaf_damage/2025_10_21_RSFB-Phenotyping_GG1_JLU/2025_10_21_RSFB-Phenotyping_GG1_JLU/20251021_122823.jpg,2025_10_21_RSFB-Phenotyping_GG1_JLU/2025_10_21_RSFB-Phenotyping_GG1_JLU/20251021_122823.jpg,20251021_122823.jpg,b4f6c61a35f9f5d6fb5d2974d011fb4bcc5abe25630d3068f3b095bdfbb9ee0d,gg_insects_t1_bbch10,JLU,Gross-Gerau,Insects,2025-10-21,T1,BBCH10,11.0,,15.0,7.0,8.0,False,5.0,dual_weak,1.0,2025_10_21_RSFB-Phenotyping_GG1_scores.csv,217_R4S_552_ALLESANDRO KWS_37_1,217,ALLESANDRO KWS,plot_5143cf8e4865a2e2e3c7,score_qr,weak_pretrain
img_24f23b269f624a6f835e,/home/nfs/data/nvme_datasets/Pictures_CFSB_leaf_damage/2025_10_21_RSFB-Phenotyping_GG1_JLU/2025_10_21_RSFB-Phenotyping_GG1_JLU/20251021_122836.jpg,2025_10_21_RSFB-Phenotyping_GG1_JLU/2025_10_21_RSFB-Phenotyping_GG1_JLU/20251021_122836.jpg,20251021_122836.jpg,24f23b269f624a6f835ec65073cd9123f117c500b874180e351e4153af20db3d,gg_insects_t1_bbch10,JLU,Gross-Gerau,Insects,2025-10-21,T1,BBCH10,27.0,,40.0,14.0,26.0,False,5.0,dual_weak,1.0,2025_10_21_RSFB-Phenotyping_GG1_scores.csv,217_R4S_552_ALLESANDRO KWS_37_1,217,ALLESANDRO KWS,plot_5143cf8e4865a2e2e3c7,score_qr,weak_pretrain
img_2914af2d25a47f8781b5,/home/nfs/data/nvme_datasets/Pictures_CFSB_leaf_damage/2025_10_21_RSFB-Phenotyping_GG1_JLU/2025_10_21_RSFB-Phenotyping_GG1_JLU/20251021_122920.jpg,2025_10_21_RSFB-Phenotyping_GG1_JLU/2025_10_21_RSFB-Phenotyping_GG1_JLU/20251021_122920.jpg,20251021_122920.jpg,2914af2d25a47f8781b5edcd46d14c1e63904e26c2e389870ab857c5c748b112,gg_insects_t1_bbch10,JLU,Gross-Gerau,Insects,2025-10-21,T1,BBCH10,29.0,,45.0,13.0,32.0,False,5.0,dual_weak,1.0,2025_10_21_RSFB-Phenotyping_GG1_scores.csv,229_R4S_216_OLIMPIADE_39_1,229,OLIMPIADE,plot_cb943f5bd8c7913cca6b,score_qr,weak_pretrain
img_796bb48319ec2d393a05,/home/nfs/data/nvme_datasets/Pictures_CFSB_leaf_damage/2025_10_21_RSFB-Phenotyping_GG1_JLU/2025_10_21_RSFB-Phenotyping_GG1_JLU/20251021_122927.jpg,2025_10_21_RSFB-Phenotyping_GG1_JLU/2025_10_21_RSFB-Phenotyping_GG1_JLU/20251021_122927.jpg,20251021_122927.jpg,796bb48319ec2d393a05d87555aa7595ea6caabf9ba9b724cb455d129db7132f,gg_insects_t1_bbch10,JLU,Gross-Gerau,Insects,2025-10-21,T1,BBCH10,23.25,,40.0,6.5,33.5,False,5.0,dual_weak,1.0,2025_10_21_RSFB-Phenotyping_GG1_scores.csv,229_R4S_216_OLIMPIADE_39_1,229,OLIMPIADE,plot_cb943f5bd8c7913cca6b,score_qr,weak_pretrain
img_4a5145e0b634d36bc3ca,/home/nfs/data/nvme_datasets/Pictures_CFSB_leaf_damage/2025_10_21_RSFB-Phenotyping_GG1_JLU/2025_10_21_RSFB-Phenotyping_GG1_JLU/20251021_122934.jpg,2025_10_21_RSFB-Phenotyping_GG1_JLU/2025_10_21_RSFB-Phenotyping_GG1_JLU/20251021_122934.jpg,20251021_122934.jpg,4a5145e0b634d36bc3ca253aa0dbf24068b89d4aa050e141c74e7ccbf34c9944,gg_insects_t1_bbch10,JLU,Gross-Gerau,Insects,2025-10-21,T1,BBCH10,23.0,,35.0,11.0,24.0,False,5.0,dual_weak,1.0,2025_10_21_RSFB-Phenotyping_GG1_scores.csv,229_R4S_216_OLIMPIADE_39_1,229,OLIMPIADE,plot_cb943f5bd8c7913cca6b,score_qr,weak_pretrain
img_0f5683faddacbd5b21a2,/home/nfs/data/nvme_datasets/Pictures_CFSB_leaf_damage/2025_10_21_RSFB-Phenotyping_GG1_JLU/2025_10_21_RSFB-Phenotyping_GG1_JLU/20251021_122944.jpg,2025_10_21_RSFB-Phenotyping_GG1_JLU/2025_10_21_RSFB-Phenotyping_GG1_JLU/20251021_122944.jpg,20251021_122944.jpg,0f5683faddacbd5b21a20568ccd64ba8edf8e0c4248a023b72f53e8c07a76256,gg_insects_t1_bbch10,JLU,Gross-Gerau,Insects,2025-10-21,T1,BBCH10,35.75,,45.0,26.5,18.5,False,5.0,dual_weak,1.0,2025_10_21_RSFB-Phenotyping_GG1_scores.csv,240_R4S_233_LSF 0519_40_1,240,LSF 0519,plot_fd82dd8fd5c2b516bf47,score_qr,weak_pretrain
img_a031ca918f64d90e360a,/home/nfs/data/nvme_datasets/Pictures_CFSB_leaf_damage/2025_10_21_RSFB-Phenotyping_GG1_JLU/2025_10_21_RSFB-Phenotyping_GG1_JLU/20251021_122951.jpg,2025_10_21_RSFB-Phenotyping_GG1_JLU/2025_10_21_RSFB-Phenotyping_GG1_JLU/20251021_122951.jpg,20251021_122951.jpg,a031ca918f64d90e360a1d6062af5d714b4114349d1f9d6aaea005788f76e4de,gg_insects_t1_bbch10,JLU,Gross-Gerau,Insects,2025-10-21,T1,BBCH10,24.75,,35.0,14.5,20.5,False,5.0,dual_weak,1.0,2025_10_21_RSFB-Phenotyping_GG1_scores.csv,240_R4S_233_LSF 0519_40_1,240,LSF 0519,plot_fd82dd8fd5c2b516bf47,score_qr,weak_pretrain
img_f9b2a1c756ceddf64e3f,/home/nfs/data/nvme_datasets/Pictures_CFSB_leaf_damage/2025_10_21_RSFB-Phenotyping_GG1_JLU/2025_10_21_RSFB-Phenotyping_GG1_JLU/20251021_123000.jpg,2025_10_21_RSFB-Phenotyping_GG1_JLU/2025_10_21_RSFB-Phenotyping_GG1_JLU/20251021_123000.jpg,20251021_123000.jpg,f9b2a1c756ceddf64e3fe7e8fe6dc742bd889b58f871e9b05f3fc322e76c3a4c,gg_insects_t1_bbch10,JLU,Gross-Gerau,Insects,2025-10-21,T1,BBCH10,24.25,,35.0,13.5,21.5,False,5.0,dual_weak,1.0,2025_10_21_RSFB-Phenotyping_GG1_scores.csv,240_R4S_233_LSF 0519_40_1,240,LSF 0519,plot_fd82dd8fd5c2b516bf47,score_qr,weak_pretrain
img_5c752dcfefa773bcce53,/home/nfs/data/nvme_datasets/Pictures_CFSB_leaf_damage/2025_10_21_RSFB-Phenotyping_GG1_JLU/2025_10_21_RSFB-Phenotyping_GG1_JLU/20251021_123012.jpg,2025_10_21_RSFB-Phenotyping_GG1_JLU/2025_10_21_RSFB-Phenotyping_GG1_JLU/20251021_123012.jpg,20251021_123012.jpg,5c752dcfefa773bcce53184f89ed3b013c13e71048d3d8f8933d837ab9232116,gg_insects_t1_bbch10,JLU,Gross-Gerau,Insects,2025-10-21,T1,BBCH10,30.25,,45.0,15.5,29.5,False,5.0,dual_weak,1.0,2025_10_21_RSFB-Phenotyping_GG1_scores.csv,241_R4S_195_NORIN_41_1,241,NORIN,plot_d3309405147e648b0a91,score_qr,weak_pretrain
img_eb754c46928a119d715c,/home/nfs/data/nvme_datasets/Pictures_CFSB_leaf_damage/2025_10_21_RSFB-Phenotyping_GG1_JLU/2025_10_21_RSFB-Phenotyping_GG1_JLU/20251021_123020.jpg,2025_10_21_RSFB-Phenotyping_GG1_JLU/2025_10_21_RSFB-Phenotyping_GG1_JLU/20251021_123020.jpg,20251021_123020.jpg,eb754c46928a119d715c729baea76bf3939ff8cccfe2209fce554028b4a8b0e2,gg_insects_t1_bbch10,JLU,Gross-Gerau,Insects,2025-10-21,T1,BBCH10,26.5,,40.0,13.0,27.0,False,5.0,dual_weak,1.0,2025_10_21_RSFB-Phenotyping_GG1_scores.csv,241_R4S_195_NORIN_41_1,241,NORIN,plot_d3309405147e648b0a91,score_qr,weak_pretrain
img_35d59ea69bbd0aef618b,/home/nfs/data/nvme_datasets/Pictures_CFSB_leaf_damage/2025_10_21_RSFB-Phenotyping_GG1_JLU/2025_10_21_RSFB-Phenotyping_GG1_JLU/20251021_123032.jpg,2025_10_21_RSFB-Phenotyping_GG1_JLU/2025_10_21_RSFB-Phenotyping_GG1_JLU/20251021_123032.jpg,20251021_123032.jpg,35d59ea69bbd0aef618b13ad5773ceac982bb124aa33ac6e3b9d197225c887d7,gg_insects_t1_bbch10,JLU,Gross-Gerau,Insects,2025-10-21,T1,BBCH10,23.0,,35.0,11.0,24.0,False,5.0,dual_weak,1.0,2025_10_21_RSFB-Phenotyping_GG1_scores.csv,241_R4S_195_NORIN_41_1,241,NORIN,plot_d3309405147e648b0a91,score_qr,weak_pretrain
img_3810af1c56e30a64b335,/home/nfs/data/nvme_datasets/Pictures_CFSB_leaf_damage/2025_10_21_RSFB-Phenotyping_GG1_JLU/2025_10_21_RSFB-Phenotyping_GG1_JLU/20251021_123107.jpg,2025_10_21_RSFB-Phenotyping_GG1_JLU/2025_10_21_RSFB-Phenotyping_GG1_JLU/20251021_123107.jpg,20251021_123107.jpg,3810af1c56e30a64b335cc682c65848195a4f6a393a845dee7aba3d776cf09d8,gg_insects_t1_bbch10,JLU,Gross-Gerau,Insects,2025-10-21,T1,BBCH10,6.0,,10.0,2.0,8.0,False,5.0,dual_weak,1.0,2025_10_21_RSFB-Phenotyping_GG1_scores.csv,252_R4S_471_H61_42_1,252,H61,plot_5700cee80bc5a6e207ec,score_qr,weak_pretrain
img_8320e56c96803b3147f4,/home/nfs/data/nvme_datasets/Pictures_CFSB_leaf_damage/2025_10_21_RSFB-Phenotyping_GG1_JLU/2025_10_21_RSFB-Phenotyping_GG1_JLU/20251021_123202.jpg,2025_10_21_RSFB-Phenotyping_GG1_JLU/2025_10_21_RSFB-Phenotyping_GG1_JLU/20251021_123202.jpg,20251021_123202.jpg,8320e56c96803b3147f43338ea8c283921b4412485eb6774869bec0f132c626d,gg_insects_t1_bbch10,JLU,Gross-Gerau,Insects,2025-10-21,T1,BBCH10,8.5,,5.0,12.0,7.0,False,5.0,dual_weak,1.0,2025_10_21_RSFB-Phenotyping_GG1_scores.csv,264_R4S_305_COUVE NABICA_44_1,264,COUVE NABICA,plot_a3e331c4e6fce2b877bd,score_qr,weak_pretrain
img_94b6dd84099d70ded5e5,/home/nfs/data/nvme_datasets/Pictures_CFSB_leaf_damage/2025_10_21_RSFB-Phenotyping_GG1_JLU/2025_10_21_RSFB-Phenotyping_GG1_JLU/20251021_123208.jpg,2025_10_21_RSFB-Phenotyping_GG1_JLU/2025_10_21_RSFB-Phenotyping_GG1_JLU/20251021_123208.jpg,20251021_123208.jpg,94b6dd84099d70ded5e54a617e19725fdfd8392f4fe70690076590cbcd5bacf4,gg_insects_t1_bbch10,JLU,Gross-Gerau,Insects,2025-10-21,T1,BBCH10,11.5,,15.0,8.0,7.0,False,5.0,dual_weak,1.0,2025_10_21_RSFB-Phenotyping_GG1_scores.csv,264_R4S_305_COUVE NABICA_44_1,264,COUVE NABICA,plot_a3e331c4e6fce2b877bd,score_qr,weak_pretrain
img_26bde8274e5cf4c4e482,/home/nfs/data/nvme_datasets/Pictures_CFSB_leaf_damage/2025_10_21_RSFB-Phenotyping_GG1_JLU/2025_10_21_RSFB-Phenotyping_GG1_JLU/20251021_123304.jpg,2025_10_21_RSFB-Phenotyping_GG1_JLU/2025_10_21_RSFB-Phenotyping_GG1_JLU/20251021_123304.jpg,20251021_123304.jpg,26bde8274e5cf4c4e482bdccbda58a3ed8b8bc32adae9706027ea5ba1b4b7d63,gg_insects_t1_bbch10,JLU,Gross-Gerau,Insects,2025-10-21,T1,BBCH10,24.25,,35.0,13.5,21.5,False,5.0,dual_weak,1.0,2025_10_21_RSFB-Phenotyping_GG1_scores.csv,276_R4S_385_Markus_46_1,276,Markus,plot_f61c894bac850d1ba767,score_qr,weak_pretrain
img_e247d966e039d99960a7,/home/nfs/data/nvme_datasets/Pictures_CFSB_leaf_damage/2025_10_21_RSFB-Phenotyping_GG1_JLU/2025_10_21_RSFB-Phenotyping_GG1_JLU/20251021_123312.jpg,2025_10_21_RSFB-Phenotyping_GG1_JLU/2025_10_21_RSFB-Phenotyping_GG1_JLU/20251021_123312.jpg,20251021_123312.jpg,e247d966e039d99960a7719954d38c07eb810e300cb0cc3d35c427a86156175e,gg_insects_t1_bbch10,JLU,Gross-Gerau,Insects,2025-10-21,T1,BBCH10,35.25,,50.0,20.5,29.5,False,5.0,dual_weak,1.0,2025_10_21_RSFB-Phenotyping_GG1_scores.csv,276_R4S_385_Markus_46_1,276,Markus,plot_f61c894bac850d1ba767,score_qr,weak_pretrain
img_f5525d9371f96520a4c7,/home/nfs/data/nvme_datasets/Pictures_CFSB_leaf_damage/2025_10_21_RSFB-Phenotyping_GG1_JLU/2025_10_21_RSFB-Phenotyping_GG1_JLU/20251021_123320.jpg,2025_10_21_RSFB-Phenotyping_GG1_JLU/2025_10_21_RSFB-Phenotyping_GG1_JLU/20251021_123320.jpg,20251021_123320.jpg,f5525d9371f96520a4c7d0ec4120c132bd37464eda20672a0331f199e75e8c35,gg_insects_t1_bbch10,JLU,Gross-Gerau,Insects,2025-10-21,T1,BBCH10,31.25,,45.0,17.5,27.5,False,5.0,dual_weak,1.0,2025_10_21_RSFB-Phenotyping_GG1_scores.csv,276_R4S_385_Markus_46_1,276,Markus,plot_f61c894bac850d1ba767,score_qr,weak_pretrain
img_b83e38b12a4dcaf42de6,/home/nfs/data/nvme_datasets/Pictures_CFSB_leaf_damage/2025_10_21_RSFB-Phenotyping_GG1_JLU/2025_10_21_RSFB-Phenotyping_GG1_JLU/20251021_123332.jpg,2025_10_21_RSFB-Phenotyping_GG1_JLU/2025_10_21_RSFB-Phenotyping_GG1_JLU/20251021_123332.jpg,20251021_123332.jpg,b83e38b12a4dcaf42de628fec45d530f2a74b20081343868dd11bcceb2d1b3a0,gg_insects_t1_bbch10,JLU,Gross-Gerau,Insects,2025-10-21,T1,BBCH10,28.0,,45.0,11.0,34.0,False,5.0,dual_weak,1.0,2025_10_21_RSFB-Phenotyping_GG1_scores.csv,277_R4S_280_Lirakotta_47_1,277,Lirakotta,plot_712f9c85adaeb21d23f2,score_qr,weak_pretrain
img_7ca128627af22428233d,/home/nfs/data/nvme_datasets/Pictures_CFSB_leaf_damage/2025_10_21_RSFB-Phenotyping_GG1_JLU/2025_10_21_RSFB-Phenotyping_GG1_JLU/20251021_123343.jpg,2025_10_21_RSFB-Phenotyping_GG1_JLU/2025_10_21_RSFB-Phenotyping_GG1_JLU/20251021_123343.jpg,20251021_123343.jpg,7ca128627af22428233ddf3d4a9253aee07b50ba3dced1f29ab883edb42efcdc,gg_insects_t1_bbch10,JLU,Gross-Gerau,Insects,2025-10-21,T1,BBCH10,24.5,,40.0,9.0,31.0,False,5.0,dual_weak,1.0,2025_10_21_RSFB-Phenotyping_GG1_scores.csv,277_R4S_280_Lirakotta_47_1,277,Lirakotta,plot_712f9c85adaeb21d23f2,score_qr,weak_pretrain
img_90620094096a3b2cf166,/home/nfs/data/nvme_datasets/Pictures_CFSB_leaf_damage/2025_10_21_RSFB-Phenotyping_GG1_JLU/2025_10_21_RSFB-Phenotyping_GG1_JLU/20251021_123353.jpg,2025_10_21_RSFB-Phenotyping_GG1_JLU/2025_10_21_RSFB-Phenotyping_GG1_JLU/20251021_123353.jpg,20251021_123353.jpg,90620094096a3b2cf1664d9d7cf349198dfd4905158db7f58355fdfdf39faea7,gg_insects_t1_bbch10,JLU,Gross-Gerau,Insects,2025-10-21,T1,BBCH10,27.5,,40.0,15.0,25.0,False,5.0,dual_weak,1.0,2025_10_21_RSFB-Phenotyping_GG1_scores.csv,277_R4S_280_Lirakotta_47_1,277,Lirakotta,plot_712f9c85adaeb21d23f2,score_qr,weak_pretrain
img_074d57f6ae11e210c48f,/home/nfs/data/nvme_datasets/Pictures_CFSB_leaf_damage/2025_10_21_RSFB-Phenotyping_GG1_JLU/2025_10_21_RSFB-Phenotyping_GG1_JLU/20251021_123407.jpg,2025_10_21_RSFB-Phenotyping_GG1_JLU/2025_10_21_RSFB-Phenotyping_GG1_JLU/20251021_123407.jpg,20251021_123407.jpg,074d57f6ae11e210c48f6cb49ae5b01ec7bf13d723bedcda290bb74331e4ed8f,gg_insects_t1_bbch10,JLU,Gross-Gerau,Insects,2025-10-21,T1,BBCH10,11.25,,15.0,7.5,7.5,False,5.0,dual_weak,1.0,2025_10_21_RSFB-Phenotyping_GG1_scores.csv,No label 1,NA,NA,plot_a72e9af8f12fd28c9181,score_qr,weak_pretrain
img_f312ed1eaa5a405dea36,/home/nfs/data/nvme_datasets/Pictures_CFSB_leaf_damage/2025_10_21_RSFB-Phenotyping_GG1_JLU/2025_10_21_RSFB-Phenotyping_GG1_JLU/20251021_123413.jpg,2025_10_21_RSFB-Phenotyping_GG1_JLU/2025_10_21_RSFB-Phenotyping_GG1_JLU/20251021_123413.jpg,20251021_123413.jpg,f312ed1eaa5a405dea3646cc14783c82f22b61887fa0fe39617f2dbbdbfb1ddd,gg_insects_t1_bbch10,JLU,Gross-Gerau,Insects,2025-10-21,T1,BBCH10,12.75,,20.0,5.5,14.5,False,5.0,dual_weak,1.0,2025_10_21_RSFB-Phenotyping_GG1_scores.csv,No label 2,NA,NA,plot_87d9cdf31463ef2af0bd,score_qr,weak_pretrain
img_c88bffbb96829f84a2c8,/home/nfs/data/nvme_datasets/Pictures_CFSB_leaf_damage/2025_10_21_RSFB-Phenotyping_GG1_JLU/2025_10_21_RSFB-Phenotyping_GG1_JLU/20251021_123420.jpg,2025_10_21_RSFB-Phenotyping_GG1_JLU/2025_10_21_RSFB-Phenotyping_GG1_JLU/20251021_123420.jpg,20251021_123420.jpg,c88bffbb96829f84a2c8808cf6a790bd2346fe893ba8f7d6536222cae8767ea1,gg_insects_t1_bbch10,JLU,Gross-Gerau,Insects,2025-10-21,T1,BBCH10,22.0,,35.0,9.0,26.0,False,5.0,dual_weak,1.0,2025_10_21_RSFB-Phenotyping_GG1_scores.csv,No label 3,NA,NA,plot_03a5ae45e57a4fc80efc,score_qr,weak_pretrain
img_206f543da3becb0c3bef,/home/nfs/data/nvme_datasets/Pictures_CFSB_leaf_damage/2025_10_21_RSFB-Phenotyping_GG1_JLU/2025_10_21_RSFB-Phenotyping_GG1_JLU/20251021_123507.jpg,2025_10_21_RSFB-Phenotyping_GG1_JLU/2025_10_21_RSFB-Phenotyping_GG1_JLU/20251021_123507.jpg,20251021_123507.jpg,206f543da3becb0c3bef36786c0b9546269509ab86c9a82e99863f82f7647232,gg_insects_t1_bbch10,JLU,Gross-Gerau,Insects,2025-10-21,T1,BBCH10,21.0,,35.0,7.0,28.0,False,5.0,dual_weak,1.0,2025_10_21_RSFB-Phenotyping_GG1_scores.csv,300_R4S_218_SHANNON x WINNER DH LINE_50_1,300,SHANNON x WINNER DH LINE,plot_a9cbc0ec73ce8d4e38b5,score_qr,weak_pretrain
img_7142b2a1db40a6704f2f,/home/nfs/data/nvme_datasets/Pictures_CFSB_leaf_damage/2025_10_21_RSFB-Phenotyping_GG1_JLU/2025_10_21_RSFB-Phenotyping_GG1_JLU/20251021_123607.jpg,2025_10_21_RSFB-Phenotyping_GG1_JLU/2025_10_21_RSFB-Phenotyping_GG1_JLU/20251021_123607.jpg,20251021_123607.jpg,7142b2a1db40a6704f2f8ad5604ac92b4484b7fa859cd3e4b61ea1dfe97a6cad,gg_insects_t1_bbch10,JLU,Gross-Gerau,Insects,2025-10-21,T1,BBCH10,24.5,,35.0,14.0,21.0,False,5.0,dual_weak,1.0,2025_10_21_RSFB-Phenotyping_GG1_scores.csv,312_Smaragd_52_1,312,Smaragd,plot_61a27e0675b31c8b150b,score_qr,weak_pretrain
img_ae3414c744bb7fb463b2,/home/nfs/data/nvme_datasets/Pictures_CFSB_leaf_damage/2025_10_21_RSFB-Phenotyping_GG1_JLU/2025_10_21_RSFB-Phenotyping_GG1_JLU/20251021_123617.jpg,2025_10_21_RSFB-Phenotyping_GG1_JLU/2025_10_21_RSFB-Phenotyping_GG1_JLU/20251021_123617.jpg,20251021_123617.jpg,ae3414c744bb7fb463b2b6012c2a6bb62915f4f95411736d4e1b8e38753e03a1,gg_insects_t1_bbch10,JLU,Gross-Gerau,Insects,2025-10-21,T1,BBCH10,16.25,,30.0,2.5,27.5,False,5.0,dual_weak,1.0,2025_10_21_RSFB-Phenotyping_GG1_scores.csv,312_Smaragd_52_1,312,Smaragd,plot_61a27e0675b31c8b150b,score_qr,weak_pretrain
img_af197098559d88cf1db2,/home/nfs/data/nvme_datasets/Pictures_CFSB_leaf_damage/2025_10_21_RSFB-Phenotyping_GG1_JLU/2025_10_21_RSFB-Phenotyping_GG1_JLU/20251021_123724.jpg,2025_10_21_RSFB-Phenotyping_GG1_JLU/2025_10_21_RSFB-Phenotyping_GG1_JLU/20251021_123724.jpg,20251021_123724.jpg,af197098559d88cf1db231facffad7a707932fcd2703dd1b099bb64841e3c9b7,gg_insects_t1_bbch10,JLU,Gross-Gerau,Insects,2025-10-21,T1,BBCH10,21.0,,30.0,12.0,18.0,False,5.0,dual_weak,1.0,2025_10_21_RSFB-Phenotyping_GG1_scores.csv,302_R4S_382_Norde_51_2,302,Norde,plot_df82b24c1834a891c644,score_qr,weak_pretrain
img_146ce5f8ec6cb0556641,/home/nfs/data/nvme_datasets/Pictures_CFSB_leaf_damage/2025_10_21_RSFB-Phenotyping_GG1_JLU/2025_10_21_RSFB-Phenotyping_GG1_JLU/20251021_123732.jpg,2025_10_21_RSFB-Phenotyping_GG1_JLU/2025_10_21_RSFB-Phenotyping_GG1_JLU/20251021_123732.jpg,20251021_123732.jpg,146ce5f8ec6cb05566410289029d9336ed04309747b8c81496d9444a571043e4,gg_insects_t1_bbch10,JLU,Gross-Gerau,Insects,2025-10-21,T1,BBCH10,16.75,,20.0,13.5,6.5,False,5.0,dual_weak,1.0,2025_10_21_RSFB-Phenotyping_GG1_scores.csv,302_R4S_382_Norde_51_2,302,Norde,plot_df82b24c1834a891c644,score_qr,weak_pretrain
img_144f23d53f8f91b7ce9f,/home/nfs/data/nvme_datasets/Pictures_CFSB_leaf_damage/2025_10_21_RSFB-Phenotyping_GG1_JLU/2025_10_21_RSFB-Phenotyping_GG1_JLU/20251021_123740.jpg,2025_10_21_RSFB-Phenotyping_GG1_JLU/2025_10_21_RSFB-Phenotyping_GG1_JLU/20251021_123740.jpg,20251021_123740.jpg,144f23d53f8f91b7ce9fe4241a79cb3e5d377dd5e0db1546aa49048eb0cf5c92,gg_insects_t1_bbch10,JLU,Gross-Gerau,Insects,2025-10-21,T1,BBCH10,14.5,,20.0,9.0,11.0,False,5.0,dual_weak,1.0,2025_10_21_RSFB-Phenotyping_GG1_scores.csv,302_R4S_382_Norde_51_2,302,Norde,plot_df82b24c1834a891c644,score_qr,weak_pretrain
img_64d9431f015dfa55ca5b,/home/nfs/data/nvme_datasets/Pictures_CFSB_leaf_damage/2025_10_21_RSFB-Phenotyping_GG1_JLU/2025_10_21_RSFB-Phenotyping_GG1_JLU/20251021_123905.jpg,2025_10_21_RSFB-Phenotyping_GG1_JLU/2025_10_21_RSFB-Phenotyping_GG1_JLU/20251021_123905.jpg,20251021_123905.jpg,64d9431f015dfa55ca5b2dc8b3dfc7c9cf3d2e84db19f7d95400c0a48b5e0f26,gg_insects_t1_bbch10,JLU,Gross-Gerau,Insects,2025-10-21,T1,BBCH10,26.5,,35.0,18.0,17.0,False,5.0,dual_weak,1.0,2025_10_21_RSFB-Phenotyping_GG1_scores.csv,287_R4S_161_OASE_48_2,287,OASE,plot_6a26c71c6fca68c5ae0f,score_qr,weak_pretrain
img_2f543db207ddd4545876,/home/nfs/data/nvme_datasets/Pictures_CFSB_leaf_damage/2025_10_21_RSFB-Phenotyping_GG1_JLU/2025_10_21_RSFB-Phenotyping_GG1_JLU/20251021_123923.jpg,2025_10_21_RSFB-Phenotyping_GG1_JLU/2025_10_21_RSFB-Phenotyping_GG1_JLU/20251021_123923.jpg,20251021_123923.jpg,2f543db207ddd4545876aa6a125c9e412ceedbff65009609a3b4ce8926c11207,gg_insects_t1_bbch10,JLU,Gross-Gerau,Insects,2025-10-21,T1,BBCH10,17.75,,25.0,10.5,14.5,False,5.0,dual_weak,1.0,2025_10_21_RSFB-Phenotyping_GG1_scores.csv,278_R4S_394_Erra_47_2,278,Erra,plot_57717e3cb06d560f3a82,score_qr,weak_pretrain
img_b267bea2a46b684e7940,/home/nfs/data/nvme_datasets/Pictures_CFSB_leaf_damage/2025_10_21_RSFB-Phenotyping_GG1_JLU/2025_10_21_RSFB-Phenotyping_GG1_JLU/20251021_123930.jpg,2025_10_21_RSFB-Phenotyping_GG1_JLU/2025_10_21_RSFB-Phenotyping_GG1_JLU/20251021_123930.jpg,20251021_123930.jpg,b267bea2a46b684e79404b5b973037019b4fda672c2accfd9320070ecf741485,gg_insects_t1_bbch10,JLU,Gross-Gerau,Insects,2025-10-21,T1,BBCH10,15.0,,18.0,12.0,6.0,False,5.0,dual_weak,1.0,2025_10_21_RSFB-Phenotyping_GG1_scores.csv,278_R4S_394_Erra_47_2,278,Erra,plot_57717e3cb06d560f3a82,score_qr,weak_pretrain
img_5b96b69c6d0bb6b2dc14,/home/nfs/data/nvme_datasets/Pictures_CFSB_leaf_damage/2025_10_21_RSFB-Phenotyping_GG1_JLU/2025_10_21_RSFB-Phenotyping_GG1_JLU/20251021_123941.jpg,2025_10_21_RSFB-Phenotyping_GG1_JLU/2025_10_21_RSFB-Phenotyping_GG1_JLU/20251021_123941.jpg,20251021_123941.jpg,5b96b69c6d0bb6b2dc14c354ebc9242977f3e36602b45e5ef00b4ecd36e0e466,gg_insects_t1_bbch10,JLU,Gross-Gerau,Insects,2025-10-21,T1,BBCH10,20.5,,25.0,16.0,9.0,False,5.0,dual_weak,1.0,2025_10_21_RSFB-Phenotyping_GG1_scores.csv,275_R4S_308_ABUKUMA NATANE_46_2,275,ABUKUMA NATANE,plot_ec0a5e344760502c368a,score_qr,weak_pretrain
img_dce3492766b9bf3567b9,/home/nfs/data/nvme_datasets/Pictures_CFSB_leaf_damage/2025_10_21_RSFB-Phenotyping_GG1_JLU/2025_10_21_RSFB-Phenotyping_GG1_JLU/20251021_123951.jpg,2025_10_21_RSFB-Phenotyping_GG1_JLU/2025_10_21_RSFB-Phenotyping_GG1_JLU/20251021_123951.jpg,20251021_123951.jpg,dce3492766b9bf3567b956c1507ddfd39367c4579af07b19769147e08be0dde7,gg_insects_t1_bbch10,JLU,Gross-Gerau,Insects,2025-10-21,T1,BBCH10,18.75,,23.0,14.5,8.5,False,5.0,dual_weak,1.0,2025_10_21_RSFB-Phenotyping_GG1_scores.csv,275_R4S_308_ABUKUMA NATANE_46_2,275,ABUKUMA NATANE,plot_ec0a5e344760502c368a,score_qr,weak_pretrain
img_04e1508dc38cfa02493c,/home/nfs/data/nvme_datasets/Pictures_CFSB_leaf_damage/2025_10_21_RSFB-Phenotyping_GG1_JLU/2025_10_21_RSFB-Phenotyping_GG1_JLU/20251021_123959.jpg,2025_10_21_RSFB-Phenotyping_GG1_JLU/2025_10_21_RSFB-Phenotyping_GG1_JLU/20251021_123959.jpg,20251021_123959.jpg,04e1508dc38cfa02493c23c93abdc489d3e3620acd90c9c61b708f23419e2993,gg_insects_t1_bbch10,JLU,Gross-Gerau,Insects,2025-10-21,T1,BBCH10,14.75,,19.0,10.5,8.5,False,5.0,dual_weak,1.0,2025_10_21_RSFB-Phenotyping_GG1_scores.csv,275_R4S_308_ABUKUMA NATANE_46_2,275,ABUKUMA NATANE,plot_ec0a5e344760502c368a,score_qr,weak_pretrain
img_0c33abf3c7f78652c5f3,/home/nfs/data/nvme_datasets/Pictures_CFSB_leaf_damage/2025_10_21_RSFB-Phenotyping_GG1_JLU/2025_10_21_RSFB-Phenotyping_GG1_JLU/20251021_124207.jpg,2025_10_21_RSFB-Phenotyping_GG1_JLU/2025_10_21_RSFB-Phenotyping_GG1_JLU/20251021_124207.jpg,20251021_124207.jpg,0c33abf3c7f78652c5f3ecccde82d8dbb70aecdcf69e2c1b0c366a21b35a9f07,gg_insects_t1_bbch10,JLU,Gross-Gerau,Insects,2025-10-21,T1,BBCH10,10.5,,4.0,17.0,13.0,False,5.0,dual_weak,1.0,2025_10_21_RSFB-Phenotyping_GG1_scores.csv,251_R4S_259_Escort_42_2,251,Escort,plot_3986b8ba7e3c47d8b455,score_qr,weak_pretrain
img_565114f26c93a4bc5a42,/home/nfs/data/nvme_datasets/Pictures_CFSB_leaf_damage/2025_10_21_RSFB-Phenotyping_GG1_JLU/2025_10_21_RSFB-Phenotyping_GG1_JLU/20251021_124220.jpg,2025_10_21_RSFB-Phenotyping_GG1_JLU/2025_10_21_RSFB-Phenotyping_GG1_JLU/20251021_124220.jpg,20251021_124220.jpg,565114f26c93a4bc5a42c5604487012fcf9f11517b7a48bf1c9d9adb8772bbe6,gg_insects_t1_bbch10,JLU,Gross-Gerau,Insects,2025-10-21,T1,BBCH10,23.25,,30.0,16.5,13.5,False,5.0,dual_weak,1.0,2025_10_21_RSFB-Phenotyping_GG1_scores.csv,242_R4S_273_Edita_41_2,242,Edita,plot_26082c067072eb38d909,score_qr,weak_pretrain
img_dcb1a5199a1c49b635bb,/home/nfs/data/nvme_datasets/Pictures_CFSB_leaf_damage/2025_10_21_RSFB-Phenotyping_GG1_JLU/2025_10_21_RSFB-Phenotyping_GG1_JLU/20251021_124226.jpg,2025_10_21_RSFB-Phenotyping_GG1_JLU/2025_10_21_RSFB-Phenotyping_GG1_JLU/20251021_124226.jpg,20251021_124226.jpg,dcb1a5199a1c49b635bb875dabb5bd22f70d4364d65a531c6d0650a57f95fc95,gg_insects_t1_bbch10,JLU,Gross-Gerau,Insects,2025-10-21,T1,BBCH10,20.0,,25.0,15.0,10.0,False,5.0,dual_weak,1.0,2025_10_21_RSFB-Phenotyping_GG1_scores.csv,242_R4S_273_Edita_41_2,242,Edita,plot_26082c067072eb38d909,score_qr,weak_pretrain
img_066052f920c54940b515,/home/nfs/data/nvme_datasets/Pictures_CFSB_leaf_damage/2025_10_21_RSFB-Phenotyping_GG1_JLU/2025_10_21_RSFB-Phenotyping_GG1_JLU/20251021_124232.jpg,2025_10_21_RSFB-Phenotyping_GG1_JLU/2025_10_21_RSFB-Phenotyping_GG1_JLU/20251021_124232.jpg,20251021_124232.jpg,066052f920c54940b51554abc79f53cc13754814a63c3d332b7463f20fa4f846,gg_insects_t1_bbch10,JLU,Gross-Gerau,Insects,2025-10-21,T1,BBCH10,18.75,,26.0,11.5,14.5,False,5.0,dual_weak,1.0,2025_10_21_RSFB-Phenotyping_GG1_scores.csv,242_R4S_273_Edita_41_2,242,Edita,plot_26082c067072eb38d909,score_qr,weak_pretrain
img_2db68d2caee3f1c83b0d,/home/nfs/data/nvme_datasets/Pictures_CFSB_leaf_damage/2025_10_21_RSFB-Phenotyping_GG1_JLU/2025_10_21_RSFB-Phenotyping_GG1_JLU/20251021_124242.jpg,2025_10_21_RSFB-Phenotyping_GG1_JLU/2025_10_21_RSFB-Phenotyping_GG1_JLU/20251021_124242.jpg,20251021_124242.jpg,2db68d2caee3f1c83b0dca1a6b7e209813afd3dd394d57c7852c2febd825d785,gg_insects_t1_bbch10,JLU,Gross-Gerau,Insects,2025-10-21,T1,BBCH10,16.0,,23.0,9.0,14.0,False,5.0,dual_weak,1.0,2025_10_21_RSFB-Phenotyping_GG1_scores.csv,239_R4S_215_SHANG/ZOU_40_2,239,SHANG/ZOU,plot_aa0e5e9d80e4ae27529c,score_qr,weak_pretrain
img_4c150b6a61c9d8bfbc64,/home/nfs/data/nvme_datasets/Pictures_CFSB_leaf_damage/2025_10_21_RSFB-Phenotyping_GG1_JLU/2025_10_21_RSFB-Phenotyping_GG1_JLU/20251021_124249.jpg,2025_10_21_RSFB-Phenotyping_GG1_JLU/2025_10_21_RSFB-Phenotyping_GG1_JLU/20251021_124249.jpg,20251021_124249.jpg,4c150b6a61c9d8bfbc64fb0d73568ee941c3757cd998440510f877c0e3dab927,gg_insects_t1_bbch10,JLU,Gross-Gerau,Insects,2025-10-21,T1,BBCH10,28.5,,40.0,17.0,23.0,False,5.0,dual_weak,1.0,2025_10_21_RSFB-Phenotyping_GG1_scores.csv,239_R4S_215_SHANG/ZOU_40_2,239,SHANG/ZOU,plot_aa0e5e9d80e4ae27529c,score_qr,weak_pretrain
img_5b169d91d8abf0435b93,/home/nfs/data/nvme_datasets/Pictures_CFSB_leaf_damage/2025_10_21_RSFB-Phenotyping_GG1_JLU/2025_10_21_RSFB-Phenotyping_GG1_JLU/20251021_124257.jpg,2025_10_21_RSFB-Phenotyping_GG1_JLU/2025_10_21_RSFB-Phenotyping_GG1_JLU/20251021_124257.jpg,20251021_124257.jpg,5b169d91d8abf0435b934e60ac3ad44bf8d3917f5c8d1277a02a83743c8f9ba2,gg_insects_t1_bbch10,JLU,Gross-Gerau,Insects,2025-10-21,T1,BBCH10,25.25,,37.0,13.5,23.5,False,5.0,dual_weak,1.0,2025_10_21_RSFB-Phenotyping_GG1_scores.csv,239_R4S_215_SHANG/ZOU_40_2,239,SHANG/ZOU,plot_aa0e5e9d80e4ae27529c,score_qr,weak_pretrain
img_2af071e950e53ebc7030,/home/nfs/data/nvme_datasets/Pictures_CFSB_leaf_damage/2025_10_21_RSFB-Phenotyping_GG1_JLU/2025_10_21_RSFB-Phenotyping_GG1_JLU/20251021_124319.jpg,2025_10_21_RSFB-Phenotyping_GG1_JLU/2025_10_21_RSFB-Phenotyping_GG1_JLU/20251021_124319.jpg,20251021_124319.jpg,2af071e950e53ebc703026d782523e78b1c2fe0890fa8387514002f6e7b8b1c5,gg_insects_t1_bbch10,JLU,Gross-Gerau,Insects,2025-10-21,T1,BBCH10,24.75,,30.0,19.5,10.5,False,5.0,dual_weak,1.0,2025_10_21_RSFB-Phenotyping_GG1_scores.csv,230_R4S_341_Purple Top_39_2,230,Purple Top,plot_58dcc70e233744338fcf,score_qr,weak_pretrain
img_c06f3ab0a927bc3c0ed3,/home/nfs/data/nvme_datasets/Pictures_CFSB_leaf_damage/2025_10_21_RSFB-Phenotyping_GG1_JLU/2025_10_21_RSFB-Phenotyping_GG1_JLU/20251021_124326.jpg,2025_10_21_RSFB-Phenotyping_GG1_JLU/2025_10_21_RSFB-Phenotyping_GG1_JLU/20251021_124326.jpg,20251021_124326.jpg,c06f3ab0a927bc3c0ed34962efb5538ccacd585eb58add62f4d95efdf3460c1e,gg_insects_t1_bbch10,JLU,Gross-Gerau,Insects,2025-10-21,T1,BBCH10,20.75,,35.0,6.5,28.5,False,5.0,dual_weak,1.0,2025_10_21_RSFB-Phenotyping_GG1_scores.csv,230_R4S_341_Purple Top_39_2,230,Purple Top,plot_58dcc70e233744338fcf,score_qr,weak_pretrain
img_71a01bddc4ef5ce9ef5f,/home/nfs/data/nvme_datasets/Pictures_CFSB_leaf_damage/2025_10_21_RSFB-Phenotyping_GG1_JLU/2025_10_21_RSFB-Phenotyping_GG1_JLU/20251021_124339.jpg,2025_10_21_RSFB-Phenotyping_GG1_JLU/2025_10_21_RSFB-Phenotyping_GG1_JLU/20251021_124339.jpg,20251021_124339.jpg,71a01bddc4ef5ce9ef5f5ef4e3d9a3072f5b8fbeb1db47e7ef665faa2c5f6b2f,gg_insects_t1_bbch10,JLU,Gross-Gerau,Insects,2025-10-21,T1,BBCH10,25.25,,35.0,15.5,19.5,False,5.0,dual_weak,1.0,2025_10_21_RSFB-Phenotyping_GG1_scores.csv,227_R4S_506_Express 617_38_2,227,Express 617,plot_e77622de4cce1b168140,score_qr,weak_pretrain
img_c6f7a9c5207ec6f11963,/home/nfs/data/nvme_datasets/Pictures_CFSB_leaf_damage/2025_10_21_RSFB-Phenotyping_GG1_JLU/2025_10_21_RSFB-Phenotyping_GG1_JLU/20251021_124358.jpg,2025_10_21_RSFB-Phenotyping_GG1_JLU/2025_10_21_RSFB-Phenotyping_GG1_JLU/20251021_124358.jpg,20251021_124358.jpg,c6f7a9c5207ec6f11963ea529ef9d13ec39a5d101e116bb059bfe2b4e105ae03,gg_insects_t1_bbch10,JLU,Gross-Gerau,Insects,2025-10-21,T1,BBCH10,7.0,,3.0,11.0,8.0,False,5.0,dual_weak,1.0,2025_10_21_RSFB-Phenotyping_GG1_scores.csv,227_R4S_506_Express 617_38_2,227,Express 617,plot_e77622de4cce1b168140,score_qr,weak_pretrain
img_ae47b6373db3fbaf4568,/home/nfs/data/nvme_datasets/Pictures_CFSB_leaf_damage/2025_10_21_RSFB-Phenotyping_GG1_JLU/2025_10_21_RSFB-Phenotyping_GG1_JLU/20251021_124500.jpg,2025_10_21_RSFB-Phenotyping_GG1_JLU/2025_10_21_RSFB-Phenotyping_GG1_JLU/20251021_124500.jpg,20251021_124500.jpg,ae47b6373db3fbaf45682a6b44baee3c0ee64258e724f0b262a7beb66d1f4301,gg_insects_t1_bbch10,JLU,Gross-Gerau,Insects,2025-10-21,T1,BBCH10,8.5,,5.0,12.0,7.0,False,5.0,dual_weak,1.0,2025_10_21_RSFB-Phenotyping_GG1_scores.csv,206_R4S_489_S16_35_2,206,S16,plot_ea75df3b909465cef7b1,score_qr,weak_pretrain
img_bf3b7922abee7ea554d1,/home/nfs/data/nvme_datasets/Pictures_CFSB_leaf_damage/2025_10_21_RSFB-Phenotyping_GG1_JLU/2025_10_21_RSFB-Phenotyping_GG1_JLU/20251021_124525.jpg,2025_10_21_RSFB-Phenotyping_GG1_JLU/2025_10_21_RSFB-Phenotyping_GG1_JLU/20251021_124525.jpg,20251021_124525.jpg,bf3b7922abee7ea554d16b422f93d9e5b6a8ea62f5249d1a1bdbe2a05f3ff181,gg_insects_t1_bbch10,JLU,Gross-Gerau,Insects,2025-10-21,T1,BBCH10,27.25,,35.0,19.5,15.5,False,5.0,dual_weak,1.0,2025_10_21_RSFB-Phenotyping_GG1_scores.csv,203_R4S_438_R99_34_2,203,R99,plot_e8618a0059e03ec2f2fe,score_qr,weak_pretrain
img_73aa9ad8cb23708774a1,/home/nfs/data/nvme_datasets/Pictures_CFSB_leaf_damage/2025_10_21_RSFB-Phenotyping_GG1_JLU/2025_10_21_RSFB-Phenotyping_GG1_JLU/20251021_124533.jpg,2025_10_21_RSFB-Phenotyping_GG1_JLU/2025_10_21_RSFB-Phenotyping_GG1_JLU/20251021_124533.jpg,20251021_124533.jpg,73aa9ad8cb23708774a1436b7a757dde49738ef1c3a17499675787f9f5ca47ed,gg_insects_t1_bbch10,JLU,Gross-Gerau,Insects,2025-10-21,T1,BBCH10,31.25,,35.0,27.5,7.5,False,5.0,dual_weak,1.0,2025_10_21_RSFB-Phenotyping_GG1_scores.csv,203_R4S_438_R99_34_2,203,R99,plot_e8618a0059e03ec2f2fe,score_qr,weak_pretrain
img_8022fcdda320467f6e78,/home/nfs/data/nvme_datasets/Pictures_CFSB_leaf_damage/2025_10_21_RSFB-Phenotyping_GG1_JLU/2025_10_21_RSFB-Phenotyping_GG1_JLU/20251021_124615.jpg,2025_10_21_RSFB-Phenotyping_GG1_JLU/2025_10_21_RSFB-Phenotyping_GG1_JLU/20251021_124615.jpg,20251021_124615.jpg,8022fcdda320467f6e782032e1c4249a871d0e079d809e7302a27ac9dd748f06,gg_insects_t1_bbch10,JLU,Gross-Gerau,Insects,2025-10-21,T1,BBCH10,8.25,,5.0,11.5,6.5,False,5.0,dual_weak,1.0,2025_10_21_RSFB-Phenotyping_GG1_scores.csv,194_R4S_428_S35_33_2,194,S35,plot_9e661ae87ec066049f1f,score_qr,weak_pretrain
img_6f4b1e9eb5dd5625df9d,/home/nfs/data/nvme_datasets/Pictures_CFSB_leaf_damage/2025_10_21_RSFB-Phenotyping_GG1_JLU/2025_10_21_RSFB-Phenotyping_GG1_JLU/20251021_124648.jpg,2025_10_21_RSFB-Phenotyping_GG1_JLU/2025_10_21_RSFB-Phenotyping_GG1_JLU/20251021_124648.jpg,20251021_124648.jpg,6f4b1e9eb5dd5625df9d8997ff190fbbe3a09ef208d9649bcec53bf3f988d1b7,gg_insects_t1_bbch10,JLU,Gross-Gerau,Insects,2025-10-21,T1,BBCH10,14.25,,18.0,10.5,7.5,False,5.0,dual_weak,1.0,2025_10_21_RSFB-Phenotyping_GG1_scores.csv,191_R4S_499_R4S_NPY3_32_2,191,R4S_NPY3,plot_85463dcf1e4272fe283b,score_qr,weak_pretrain
img_a38119e70c4438d5c754,/home/nfs/data/nvme_datasets/Pictures_CFSB_leaf_damage/2025_10_21_RSFB-Phenotyping_GG1_JLU/2025_10_21_RSFB-Phenotyping_GG1_JLU/20251021_124802.jpg,2025_10_21_RSFB-Phenotyping_GG1_JLU/2025_10_21_RSFB-Phenotyping_GG1_JLU/20251021_124802.jpg,20251021_124802.jpg,a38119e70c4438d5c7542bb2317039c7e87671bbb0e16b1d266afb8a7e7cc245,gg_insects_t1_bbch10,JLU,Gross-Gerau,Insects,2025-10-21,T1,BBCH10,27.25,,35.0,19.5,15.5,False,5.0,dual_weak,1.0,2025_10_21_RSFB-Phenotyping_GG1_scores.csv,170_R4S_285_Quedlinburger Platyfester_29_2,170,Quedlinburger Platyfester,plot_1071f974d1a192ca23a0,score_qr,weak_pretrain
img_d52586825f242665001b,/home/nfs/data/nvme_datasets/Pictures_CFSB_leaf_damage/2025_10_21_RSFB-Phenotyping_GG1_JLU/2025_10_21_RSFB-Phenotyping_GG1_JLU/20251021_124809.jpg,2025_10_21_RSFB-Phenotyping_GG1_JLU/2025_10_21_RSFB-Phenotyping_GG1_JLU/20251021_124809.jpg,20251021_124809.jpg,d52586825f242665001b0318fd82643a98d20045f56c6fe462db07a886e09bdb,gg_insects_t1_bbch10,JLU,Gross-Gerau,Insects,2025-10-21,T1,BBCH10,22.25,,30.0,14.5,15.5,False,5.0,dual_weak,1.0,2025_10_21_RSFB-Phenotyping_GG1_scores.csv,170_R4S_285_Quedlinburger Platyfester_29_2,170,Quedlinburger Platyfester,plot_1071f974d1a192ca23a0,score_qr,weak_pretrain
img_5c09c5156bbf195c09bf,/home/nfs/data/nvme_datasets/Pictures_CFSB_leaf_damage/2025_10_21_RSFB-Phenotyping_GG1_JLU/2025_10_21_RSFB-Phenotyping_GG1_JLU/20251021_124819.jpg,2025_10_21_RSFB-Phenotyping_GG1_JLU/2025_10_21_RSFB-Phenotyping_GG1_JLU/20251021_124819.jpg,20251021_124819.jpg,5c09c5156bbf195c09bf4c963c8762955a9c68ffa8a5f252b5156b05e353e54b,gg_insects_t1_bbch10,JLU,Gross-Gerau,Insects,2025-10-21,T1,BBCH10,25.75,,30.0,21.5,8.5,False,5.0,dual_weak,1.0,2025_10_21_RSFB-Phenotyping_GG1_scores.csv,170_R4S_285_Quedlinburger Platyfester_29_2,170,Quedlinburger Platyfester,plot_1071f974d1a192ca23a0,score_qr,weak_pretrain
img_6e51d3ee075990ed79b9,/home/nfs/data/nvme_datasets/Pictures_CFSB_leaf_damage/2025_10_21_RSFB-Phenotyping_GG1_JLU/2025_10_21_RSFB-Phenotyping_GG1_JLU/20251021_124833.jpg,2025_10_21_RSFB-Phenotyping_GG1_JLU/2025_10_21_RSFB-Phenotyping_GG1_JLU/20251021_124833.jpg,20251021_124833.jpg,6e51d3ee075990ed79b9397754d8c45ee43722bc4843f847f21c3c93e5071a1f,gg_insects_t1_bbch10,JLU,Gross-Gerau,Insects,2025-10-21,T1,BBCH10,19.0,,30.0,8.0,22.0,False,5.0,dual_weak,1.0,2025_10_21_RSFB-Phenotyping_GG1_scores.csv,167_R4S_157_BRISTOL_28_2,167,BRISTOL,plot_3d0090579cdfec447c94,score_qr,weak_pretrain
img_d77a26d0bcae1dc9fd07,/home/nfs/data/nvme_datasets/Pictures_CFSB_leaf_damage/2025_10_21_RSFB-Phenotyping_GG1_JLU/2025_10_21_RSFB-Phenotyping_GG1_JLU/20251021_125155.jpg,2025_10_21_RSFB-Phenotyping_GG1_JLU/2025_10_21_RSFB-Phenotyping_GG1_JLU/20251021_125155.jpg,20251021_125155.jpg,d77a26d0bcae1dc9fd077fa47d9671b715a28232d1b89900f876ecd20535dacc,gg_insects_t1_bbch10,JLU,Gross-Gerau,Insects,2025-10-21,T1,BBCH10,20.5,,30.0,11.0,19.0,False,5.0,dual_weak,1.0,2025_10_21_RSFB-Phenotyping_GG1_scores.csv,131_R4S_373_25629/3_22_2,131,25629/3,plot_d60929935f5df6734d43,score_qr,weak_pretrain
img_34004a0349d6ef970204,/home/nfs/data/nvme_datasets/Pictures_CFSB_leaf_damage/2025_10_21_RSFB-Phenotyping_GG1_JLU/2025_10_21_RSFB-Phenotyping_GG1_JLU/20251021_125332.jpg,2025_10_21_RSFB-Phenotyping_GG1_JLU/2025_10_21_RSFB-Phenotyping_GG1_JLU/20251021_125332.jpg,20251021_125332.jpg,34004a0349d6ef97020467fb37a3a16a15c1e94712614053d05790298c8789ec,gg_insects_t1_bbch10,JLU,Gross-Gerau,Insects,2025-10-21,T1,BBCH10,14.0,,8.0,20.0,12.0,False,5.0,dual_weak,1.0,2025_10_21_RSFB-Phenotyping_GG1_scores.csv,107_R4S_451_S5_18_2,107,S5,plot_f2d1927adea1c1163e2a,score_qr,weak_pretrain
img_646a55f839ad6e576c76,/home/nfs/data/nvme_datasets/Pictures_CFSB_leaf_damage/2025_10_21_RSFB-Phenotyping_GG1_JLU/2025_10_21_RSFB-Phenotyping_GG1_JLU/20251021_125339.jpg,2025_10_21_RSFB-Phenotyping_GG1_JLU/2025_10_21_RSFB-Phenotyping_GG1_JLU/20251021_125339.jpg,20251021_125339.jpg,646a55f839ad6e576c76e5ba3752ca15f4a2b39eb07396ce620a155ec68f0242,gg_insects_t1_bbch10,JLU,Gross-Gerau,Insects,2025-10-21,T1,BBCH10,24.5,,28.0,21.0,7.0,False,5.0,dual_weak,1.0,2025_10_21_RSFB-Phenotyping_GG1_scores.csv,107_R4S_451_S5_18_2,107,S5,plot_f2d1927adea1c1163e2a,score_qr,weak_pretrain
img_dfdd33681203b30f5ea2,/home/nfs/data/nvme_datasets/Pictures_CFSB_leaf_damage/2025_10_21_RSFB-Phenotyping_GG1_JLU/2025_10_21_RSFB-Phenotyping_GG1_JLU/20251021_125412.jpg,2025_10_21_RSFB-Phenotyping_GG1_JLU/2025_10_21_RSFB-Phenotyping_GG1_JLU/20251021_125412.jpg,20251021_125412.jpg,dfdd33681203b30f5ea21bef84fd319776e3cc8525b3c57b69d42f0122dab0f1,gg_insects_t1_bbch10,JLU,Gross-Gerau,Insects,2025-10-21,T1,BBCH10,18.75,,23.0,14.5,8.5,False,5.0,dual_weak,1.0,2025_10_21_RSFB-Phenotyping_GG1_scores.csv,98_R4S_417_H355_17_2,98,H355,plot_096f670f03b155117c09,score_qr,weak_pretrain
img_b61c2469bb3f7241bb4b,/home/nfs/data/nvme_datasets/Pictures_CFSB_leaf_damage/2025_10_21_RSFB-Phenotyping_GG1_JLU/2025_10_21_RSFB-Phenotyping_GG1_JLU/20251021_125423.jpg,2025_10_21_RSFB-Phenotyping_GG1_JLU/2025_10_21_RSFB-Phenotyping_GG1_JLU/20251021_125423.jpg,20251021_125423.jpg,b61c2469bb3f7241bb4bf58360ed734fe8545b489ba9db7a94efdc4cc684ad2f,gg_insects_t1_bbch10,JLU,Gross-Gerau,Insects,2025-10-21,T1,BBCH10,16.5,,20.0,13.0,7.0,False,5.0,dual_weak,1.0,2025_10_21_RSFB-Phenotyping_GG1_scores.csv,95_R4S_279_Liglorz_16_2,95,Liglorz,plot_ccfe1e329b419e50732e,score_qr,weak_pretrain
img_f2d0c67b43a733d2b0bd,/home/nfs/data/nvme_datasets/Pictures_CFSB_leaf_damage/2025_10_21_RSFB-Phenotyping_GG1_JLU/2025_10_21_RSFB-Phenotyping_GG1_JLU/20251021_125431.jpg,2025_10_21_RSFB-Phenotyping_GG1_JLU/2025_10_21_RSFB-Phenotyping_GG1_JLU/20251021_125431.jpg,20251021_125431.jpg,f2d0c67b43a733d2b0bd4c66005e81dd3fb8e0da34e77c1b0588d5dadb5eb544,gg_insects_t1_bbch10,JLU,Gross-Gerau,Insects,2025-10-21,T1,BBCH10,8.0,,13.0,3.0,10.0,False,5.0,dual_weak,1.0,2025_10_21_RSFB-Phenotyping_GG1_scores.csv,95_R4S_279_Liglorz_16_2,95,Liglorz,plot_ccfe1e329b419e50732e,score_qr,weak_pretrain
img_9b9dedf0bc29c3ac4a91,/home/nfs/data/nvme_datasets/Pictures_CFSB_leaf_damage/2025_10_21_RSFB-Phenotyping_GG1_JLU/2025_10_21_RSFB-Phenotyping_GG1_JLU/20251021_125439.jpg,2025_10_21_RSFB-Phenotyping_GG1_JLU/2025_10_21_RSFB-Phenotyping_GG1_JLU/20251021_125439.jpg,20251021_125439.jpg,9b9dedf0bc29c3ac4a91c97caea2b3fbe2f9790a819750d64ef2165caa9b3319,gg_insects_t1_bbch10,JLU,Gross-Gerau,Insects,2025-10-21,T1,BBCH10,9.75,,13.0,6.5,6.5,False,5.0,dual_weak,1.0,2025_10_21_RSFB-Phenotyping_GG1_scores.csv,95_R4S_279_Liglorz_16_2,95,Liglorz,plot_ccfe1e329b419e50732e,score_qr,weak_pretrain
img_1f1c815cda8dbbe7a1d7,/home/nfs/data/nvme_datasets/Pictures_CFSB_leaf_damage/2025_10_21_RSFB-Phenotyping_GG1_JLU/2025_10_21_RSFB-Phenotyping_GG1_JLU/20251021_125839.jpg,2025_10_21_RSFB-Phenotyping_GG1_JLU/2025_10_21_RSFB-Phenotyping_GG1_JLU/20251021_125839.jpg,20251021_125839.jpg,1f1c815cda8dbbe7a1d733aa6a811e7fbcbcd10324a31024c587f40880154b58,gg_insects_t1_bbch10,JLU,Gross-Gerau,Insects,2025-10-21,T1,BBCH10,10.75,,15.0,6.5,8.5,False,5.0,dual_weak,1.0,2025_10_21_RSFB-Phenotyping_GG1_scores.csv,50_R4S_204_Leopard_9_2,50,Leopard,plot_01e87c1ddded3d2f1cac,score_qr,weak_pretrain
img_1adb94215d89338f5fa6,/home/nfs/data/nvme_datasets/Pictures_CFSB_leaf_damage/2025_10_21_RSFB-Phenotyping_GG1_JLU/2025_10_21_RSFB-Phenotyping_GG1_JLU/20251021_125901.jpg,2025_10_21_RSFB-Phenotyping_GG1_JLU/2025_10_21_RSFB-Phenotyping_GG1_JLU/20251021_125901.jpg,20251021_125901.jpg,1adb94215d89338f5fa64fefeb03a45b0a45d30cda9ccae279585045ccee1001,gg_insects_t1_bbch10,JLU,Gross-Gerau,Insects,2025-10-21,T1,BBCH10,6.0,,2.0,10.0,8.0,False,5.0,dual_weak,1.0,2025_10_21_RSFB-Phenotyping_GG1_scores.csv,47_R4S_203_Flip_8_2,47,Flip,plot_7afc7682bc0b0be61f6b,score_qr,weak_pretrain
img_06620336f67c48a0d62b,/home/nfs/data/nvme_datasets/Pictures_CFSB_leaf_damage/2025_10_21_RSFB-Phenotyping_GG1_JLU/2025_10_21_RSFB-Phenotyping_GG1_JLU/20251021_125915.jpg,2025_10_21_RSFB-Phenotyping_GG1_JLU/2025_10_21_RSFB-Phenotyping_GG1_JLU/20251021_125915.jpg,20251021_125915.jpg,06620336f67c48a0d62b9130fa35596148a5dc4ac789ff2027eae6887a91c320,gg_insects_t1_bbch10,JLU,Gross-Gerau,Insects,2025-10-21,T1,BBCH10,24.25,,27.0,21.5,5.5,False,5.0,dual_weak,1.0,2025_10_21_RSFB-Phenotyping_GG1_scores.csv,47_R4S_203_Flip_8_2,47,Flip,plot_7afc7682bc0b0be61f6b,score_qr,weak_pretrain
img_a2f7b5af49a8b0fa7023,/home/nfs/data/nvme_datasets/Pictures_CFSB_leaf_damage/2025_10_21_RSFB-Phenotyping_GG1_JLU/2025_10_21_RSFB-Phenotyping_GG1_JLU/20251021_130039.jpg,2025_10_21_RSFB-Phenotyping_GG1_JLU/2025_10_21_RSFB-Phenotyping_GG1_JLU/20251021_130039.jpg,20251021_130039.jpg,a2f7b5af49a8b0fa702378c6dd76d1eb35a0ec69f804ed2c31a300af8a257a8f,gg_insects_t1_bbch10,JLU,Gross-Gerau,Insects,2025-10-21,T1,BBCH10,26.25,,30.0,22.5,7.5,False,5.0,dual_weak,1.0,2025_10_21_RSFB-Phenotyping_GG1_scores.csv,26_R4S_494_DSV1_5_2,26,DSV1,plot_7c9b9d5dc347e36cbea8,score_qr,weak_pretrain
img_85632d807b6e7fe6188a,/home/nfs/data/nvme_datasets/Pictures_CFSB_leaf_damage/2025_10_21_RSFB-Phenotyping_GG1_JLU/2025_10_21_RSFB-Phenotyping_GG1_JLU/20251021_130045.jpg,2025_10_21_RSFB-Phenotyping_GG1_JLU/2025_10_21_RSFB-Phenotyping_GG1_JLU/20251021_130045.jpg,20251021_130045.jpg,85632d807b6e7fe6188a24fe132471b38f6aa7d200f6f689110769a64ca97382,gg_insects_t1_bbch10,JLU,Gross-Gerau,Insects,2025-10-21,T1,BBCH10,12.0,,15.0,9.0,6.0,False,5.0,dual_weak,1.0,2025_10_21_RSFB-Phenotyping_GG1_scores.csv,26_R4S_494_DSV1_5_2,26,DSV1,plot_7c9b9d5dc347e36cbea8,score_qr,weak_pretrain
img_a08bb665aaf8acd666ee,/home/nfs/data/nvme_datasets/Pictures_CFSB_leaf_damage/2025_10_21_RSFB-Phenotyping_GG1_JLU/2025_10_21_RSFB-Phenotyping_GG1_JLU/20251021_130058.jpg,2025_10_21_RSFB-Phenotyping_GG1_JLU/2025_10_21_RSFB-Phenotyping_GG1_JLU/20251021_130058.jpg,20251021_130058.jpg,a08bb665aaf8acd666ee9d52879015d80df55a80a13c9b8ff6d4856691d65574,gg_insects_t1_bbch10,JLU,Gross-Gerau,Insects,2025-10-21,T1,BBCH10,22.5,,30.0,15.0,15.0,False,5.0,dual_weak,1.0,2025_10_21_RSFB-Phenotyping_GG1_scores.csv,23_R4S_156_Vivol_4_2,23,Vivol,plot_e8ae0e6d7bf8ec4563b6,score_qr,weak_pretrain
img_a3a6775538123f492b17,/home/nfs/data/nvme_datasets/Pictures_CFSB_leaf_damage/2025_10_21_RSFB-Phenotyping_GG1_JLU/2025_10_21_RSFB-Phenotyping_GG1_JLU/20251021_130104.jpg,2025_10_21_RSFB-Phenotyping_GG1_JLU/2025_10_21_RSFB-Phenotyping_GG1_JLU/20251021_130104.jpg,20251021_130104.jpg,a3a6775538123f492b17f6ce3ef2df210b42784b5d7f98e0195b133bead09262,gg_insects_t1_bbch10,JLU,Gross-Gerau,Insects,2025-10-21,T1,BBCH10,18.5,,30.0,7.0,23.0,False,5.0,dual_weak,1.0,2025_10_21_RSFB-Phenotyping_GG1_scores.csv,23_R4S_156_Vivol_4_2,23,Vivol,plot_e8ae0e6d7bf8ec4563b6,score_qr,weak_pretrain
img_4d907ef0d9b0e36c114d,/home/nfs/data/nvme_datasets/Pictures_CFSB_leaf_damage/2025_10_21_RSFB-Phenotyping_GG1_JLU/2025_10_21_RSFB-Phenotyping_GG1_JLU/20251021_130128.jpg,2025_10_21_RSFB-Phenotyping_GG1_JLU/2025_10_21_RSFB-Phenotyping_GG1_JLU/20251021_130128.jpg,20251021_130128.jpg,4d907ef0d9b0e36c114d3355061797fcf0c78a8e4ee434533049a8102722bd5a,gg_insects_t1_bbch10,JLU,Gross-Gerau,Insects,2025-10-21,T1,BBCH10,7.25,,10.0,4.5,5.5,False,5.0,dual_weak,1.0,2025_10_21_RSFB-Phenotyping_GG1_scores.csv,14_R4S_331_Magres Pajberg_3_2,14,Magres Pajberg,plot_77196a9ec72c575b5b40,score_qr,weak_pretrain
img_916621283960b3ba5a52,/home/nfs/data/nvme_datasets/Pictures_CFSB_leaf_damage/2025_10_21_RSFB-Phenotyping_GG1_JLU/2025_10_21_RSFB-Phenotyping_GG1_JLU/20251021_130135.jpg,2025_10_21_RSFB-Phenotyping_GG1_JLU/2025_10_21_RSFB-Phenotyping_GG1_JLU/20251021_130135.jpg,20251021_130135.jpg,916621283960b3ba5a52719b7d8a859a5f00fd486d4bcd3978088f3e2f771ded,gg_insects_t1_bbch10,JLU,Gross-Gerau,Insects,2025-10-21,T1,BBCH10,30.75,,40.0,21.5,18.5,False,5.0,dual_weak,1.0,2025_10_21_RSFB-Phenotyping_GG1_scores.csv,14_R4S_331_Magres Pajberg_3_2,14,Magres Pajberg,plot_77196a9ec72c575b5b40,score_qr,weak_pretrain
img_feaad325be228d77142a,/home/nfs/data/nvme_datasets/Pictures_CFSB_leaf_damage/2025_10_21_RSFB-Phenotyping_GG1_JLU/2025_10_21_RSFB-Phenotyping_GG1_JLU/20251021_130142.jpg,2025_10_21_RSFB-Phenotyping_GG1_JLU/2025_10_21_RSFB-Phenotyping_GG1_JLU/20251021_130142.jpg,20251021_130142.jpg,feaad325be228d77142ac1c52e79c477f9245641b6755ebae8447319ea6e14db,gg_insects_t1_bbch10,JLU,Gross-Gerau,Insects,2025-10-21,T1,BBCH10,34.5,,45.0,24.0,21.0,False,5.0,dual_weak,1.0,2025_10_21_RSFB-Phenotyping_GG1_scores.csv,14_R4S_331_Magres Pajberg_3_2,14,Magres Pajberg,plot_77196a9ec72c575b5b40,score_qr,weak_pretrain
img_d2bf9f75e0e6e57c75e1,/home/nfs/data/nvme_datasets/Pictures_CFSB_leaf_damage/2025_10_21_RSFB-Phenotyping_GG1_JLU/2025_10_21_RSFB-Phenotyping_GG1_JLU/20251021_130200.jpg,2025_10_21_RSFB-Phenotyping_GG1_JLU/2025_10_21_RSFB-Phenotyping_GG1_JLU/20251021_130200.jpg,20251021_130200.jpg,d2bf9f75e0e6e57c75e1862aa8bc6b39ba5e187035bd0716afdc862ba876b5a8,gg_insects_t1_bbch10,JLU,Gross-Gerau,Insects,2025-10-21,T1,BBCH10,14.25,,20.0,8.5,11.5,False,5.0,dual_weak,1.0,2025_10_21_RSFB-Phenotyping_GG1_scores.csv,11_R4S_443_J 104_2_2,11,J 104,plot_be7d2dcdea72b37dc9bf,score_qr,weak_pretrain
img_3b567bb6c7f2ce0932c1,/home/nfs/data/nvme_datasets/Pictures_CFSB_leaf_damage/2025_10_21_RSFB-Phenotyping_GG1_JLU/2025_10_21_RSFB-Phenotyping_GG1_JLU/20251021_130209.jpg,2025_10_21_RSFB-Phenotyping_GG1_JLU/2025_10_21_RSFB-Phenotyping_GG1_JLU/20251021_130209.jpg,20251021_130209.jpg,3b567bb6c7f2ce0932c1a2c18c1de90a06761e6ec9bdbbb5b87010aebf2fdfe5,gg_insects_t1_bbch10,JLU,Gross-Gerau,Insects,2025-10-21,T1,BBCH10,11.25,,15.0,7.5,7.5,False,5.0,dual_weak,1.0,2025_10_21_RSFB-Phenotyping_GG1_scores.csv,11_R4S_443_J 104_2_2,11,J 104,plot_be7d2dcdea72b37dc9bf,score_qr,weak_pretrain
img_37045748ac2b3cd7b585,/home/nfs/data/nvme_datasets/Pictures_CFSB_leaf_damage/2025_10_21_RSFB-Phenotyping_GG1_JLU/2025_10_21_RSFB-Phenotyping_GG1_JLU/20251021_130236.jpg,2025_10_21_RSFB-Phenotyping_GG1_JLU/2025_10_21_RSFB-Phenotyping_GG1_JLU/20251021_130236.jpg,20251021_130236.jpg,37045748ac2b3cd7b5854ea1341287c635b0f4e22a7fd10a471889027d410bc2,gg_insects_t1_bbch10,JLU,Gross-Gerau,Insects,2025-10-21,T1,BBCH10,19.0,,25.0,13.0,12.0,False,5.0,dual_weak,1.0,2025_10_21_RSFB-Phenotyping_GG1_scores.csv,2_Smaragd_1_2,2,Smaragd,plot_910afb5637cd95f2db9d,score_qr,weak_pretrain
img_6349312c60ae1f91c1d6,/home/nfs/data/nvme_datasets/Pictures_CFSB_leaf_damage/2025_10_21_RSFB-Phenotyping_GG1_JLU/2025_10_21_RSFB-Phenotyping_GG1_JLU/20251021_130325.jpg,2025_10_21_RSFB-Phenotyping_GG1_JLU/2025_10_21_RSFB-Phenotyping_GG1_JLU/20251021_130325.jpg,20251021_130325.jpg,6349312c60ae1f91c1d602265e6765b5352e4111d06fa78ca67d29f832af1e62,gg_insects_t1_bbch10,JLU,Gross-Gerau,Insects,2025-10-21,T1,BBCH10,23.75,,38.0,9.5,28.5,False,5.0,dual_weak,1.0,2025_10_21_RSFB-Phenotyping_GG1_scores.csv,3_Smaragd_1_3,3,Smaragd,plot_aefb15fc549ad322fffd,score_qr,weak_pretrain
img_17b4f13b650504d2bd8c,/home/nfs/data/nvme_datasets/Pictures_CFSB_leaf_damage/2025_10_21_RSFB-Phenotyping_GG1_JLU/2025_10_21_RSFB-Phenotyping_GG1_JLU/20251021_130423.jpg,2025_10_21_RSFB-Phenotyping_GG1_JLU/2025_10_21_RSFB-Phenotyping_GG1_JLU/20251021_130423.jpg,20251021_130423.jpg,17b4f13b650504d2bd8cabec800142660324d3ffe222cb100ffd726fa51f06c6,gg_insects_t1_bbch10,JLU,Gross-Gerau,Insects,2025-10-21,T1,BBCH10,9.75,,5.0,14.5,9.5,False,5.0,dual_weak,1.0,2025_10_21_RSFB-Phenotyping_GG1_scores.csv,15_R4S_150_Montego_3_3,15,Montego,plot_8390a5f10d833e2ab881,score_qr,weak_pretrain
img_ff0f74f6853621caa6e9,/home/nfs/data/nvme_datasets/Pictures_CFSB_leaf_damage/2025_10_21_RSFB-Phenotyping_GG1_JLU/2025_10_21_RSFB-Phenotyping_GG1_JLU/20251021_130430.jpg,2025_10_21_RSFB-Phenotyping_GG1_JLU/2025_10_21_RSFB-Phenotyping_GG1_JLU/20251021_130430.jpg,20251021_130430.jpg,ff0f74f6853621caa6e93a09ab408de0b199b7240beed43537af2a1822a0a9d5,gg_insects_t1_bbch10,JLU,Gross-Gerau,Insects,2025-10-21,T1,BBCH10,30.75,,45.0,16.5,28.5,False,5.0,dual_weak,1.0,2025_10_21_RSFB-Phenotyping_GG1_scores.csv,15_R4S_150_Montego_3_3,15,Montego,plot_8390a5f10d833e2ab881,score_qr,weak_pretrain
img_c1d0b76386bb3ff5a88e,/home/nfs/data/nvme_datasets/Pictures_CFSB_leaf_damage/2025_10_21_RSFB-Phenotyping_GG1_JLU/2025_10_21_RSFB-Phenotyping_GG1_JLU/20251021_130440.jpg,2025_10_21_RSFB-Phenotyping_GG1_JLU/2025_10_21_RSFB-Phenotyping_GG1_JLU/20251021_130440.jpg,20251021_130440.jpg,c1d0b76386bb3ff5a88ea2cad659388725be959592fa88766352c8bf7ca60ff2,gg_insects_t1_bbch10,JLU,Gross-Gerau,Insects,2025-10-21,T1,BBCH10,26.25,,40.0,12.5,27.5,False,5.0,dual_weak,1.0,2025_10_21_RSFB-Phenotyping_GG1_scores.csv,22_R4S_271_Coriander_4_3,22,Coriander,plot_c29505ffb0fea576291c,score_qr,weak_pretrain
img_19fca37059253cf6f3af,/home/nfs/data/nvme_datasets/Pictures_CFSB_leaf_damage/2025_10_21_RSFB-Phenotyping_GG1_JLU/2025_10_21_RSFB-Phenotyping_GG1_JLU/20251021_130452.jpg,2025_10_21_RSFB-Phenotyping_GG1_JLU/2025_10_21_RSFB-Phenotyping_GG1_JLU/20251021_130452.jpg,20251021_130452.jpg,19fca37059253cf6f3af96d5dc734ae180cf9aa4c59f9e66b0ca7ec014defe76,gg_insects_t1_bbch10,JLU,Gross-Gerau,Insects,2025-10-21,T1,BBCH10,27.75,,42.0,13.5,28.5,False,5.0,dual_weak,1.0,2025_10_21_RSFB-Phenotyping_GG1_scores.csv,22_R4S_271_Coriander_4_3,22,Coriander,plot_c29505ffb0fea576291c,score_qr,weak_pretrain
img_eb479d689e3ec80fcbe8,/home/nfs/data/nvme_datasets/Pictures_CFSB_leaf_damage/2025_10_21_RSFB-Phenotyping_GG1_JLU/2025_10_21_RSFB-Phenotyping_GG1_JLU/20251021_130529.jpg,2025_10_21_RSFB-Phenotyping_GG1_JLU/2025_10_21_RSFB-Phenotyping_GG1_JLU/20251021_130529.jpg,20251021_130529.jpg,eb479d689e3ec80fcbe8ec4a533e050dd19372b4a6e812fffcbf975872bed3da,gg_insects_t1_bbch10,JLU,Gross-Gerau,Insects,2025-10-21,T1,BBCH10,4.75,,2.0,7.5,5.5,False,5.0,dual_weak,1.0,2025_10_21_RSFB-Phenotyping_GG1_scores.csv,27_R4S_530_WINFRED_5_3,27,WINFRED,plot_883726baafccd2304661,score_qr,weak_pretrain
img_1f22a1889440aecdbcf5,/home/nfs/data/nvme_datasets/Pictures_CFSB_leaf_damage/2025_10_21_RSFB-Phenotyping_GG1_JLU/2025_10_21_RSFB-Phenotyping_GG1_JLU/20251021_130547.jpg,2025_10_21_RSFB-Phenotyping_GG1_JLU/2025_10_21_RSFB-Phenotyping_GG1_JLU/20251021_130547.jpg,20251021_130547.jpg,1f22a1889440aecdbcf524db101e6130ff5ffce0785a3bce6f2dd0485dbea355,gg_insects_t1_bbch10,JLU,Gross-Gerau,Insects,2025-10-21,T1,BBCH10,20.5,,30.0,11.0,19.0,False,5.0,dual_weak,1.0,2025_10_21_RSFB-Phenotyping_GG1_scores.csv,34_R4S_287_Skyiverskij_6_3,34,Skyiverskij,plot_e6262167b576884b0c82,score_qr,weak_pretrain
img_78519b534de4437bcc89,/home/nfs/data/nvme_datasets/Pictures_CFSB_leaf_damage/2025_10_21_RSFB-Phenotyping_GG1_JLU/2025_10_21_RSFB-Phenotyping_GG1_JLU/20251021_130553.jpg,2025_10_21_RSFB-Phenotyping_GG1_JLU/2025_10_21_RSFB-Phenotyping_GG1_JLU/20251021_130553.jpg,20251021_130553.jpg,78519b534de4437bcc897a0a6baa8b0d114b824353ca37945d684474a9ced056,gg_insects_t1_bbch10,JLU,Gross-Gerau,Insects,2025-10-21,T1,BBCH10,13.25,,18.0,8.5,9.5,False,5.0,dual_weak,1.0,2025_10_21_RSFB-Phenotyping_GG1_scores.csv,34_R4S_287_Skyiverskij_6_3,34,Skyiverskij,plot_e6262167b576884b0c82,score_qr,weak_pretrain
img_75b4607d1c0f8fd0c512,/home/nfs/data/nvme_datasets/Pictures_CFSB_leaf_damage/2025_10_21_RSFB-Phenotyping_GG1_JLU/2025_10_21_RSFB-Phenotyping_GG1_JLU/20251021_130600.jpg,2025_10_21_RSFB-Phenotyping_GG1_JLU/2025_10_21_RSFB-Phenotyping_GG1_JLU/20251021_130600.jpg,20251021_130600.jpg,75b4607d1c0f8fd0c512ebb5cd5e5bdabb3d22a177254622d48d251d4f06221f,gg_insects_t1_bbch10,JLU,Gross-Gerau,Insects,2025-10-21,T1,BBCH10,11.5,,16.0,7.0,9.0,False,5.0,dual_weak,1.0,2025_10_21_RSFB-Phenotyping_GG1_scores.csv,34_R4S_287_Skyiverskij_6_3,34,Skyiverskij,plot_e6262167b576884b0c82,score_qr,weak_pretrain
img_c92467cbe6823db78279,/home/nfs/data/nvme_datasets/Pictures_CFSB_leaf_damage/2025_10_21_RSFB-Phenotyping_GG1_JLU/2025_10_21_RSFB-Phenotyping_GG1_JLU/20251021_130613.jpg,2025_10_21_RSFB-Phenotyping_GG1_JLU/2025_10_21_RSFB-Phenotyping_GG1_JLU/20251021_130613.jpg,20251021_130613.jpg,c92467cbe6823db7827902b32010a8f0f0adadbb48980484e6b9ce466e2a41b3,gg_insects_t1_bbch10,JLU,Gross-Gerau,Insects,2025-10-21,T1,BBCH10,18.75,,30.0,7.5,22.5,False,5.0,dual_weak,1.0,2025_10_21_RSFB-Phenotyping_GG1_scores.csv,39_R4S_168_Verona_7_3,39,Verona,plot_85a27ec2fc13d97a9b40,score_qr,weak_pretrain
img_dc83f8865d7ddd34a359,/home/nfs/data/nvme_datasets/Pictures_CFSB_leaf_damage/2025_10_21_RSFB-Phenotyping_GG1_JLU/2025_10_21_RSFB-Phenotyping_GG1_JLU/20251021_130619.jpg,2025_10_21_RSFB-Phenotyping_GG1_JLU/2025_10_21_RSFB-Phenotyping_GG1_JLU/20251021_130619.jpg,20251021_130619.jpg,dc83f8865d7ddd34a359d6eb5ec2fb715492e368e9f539743a5e86e5c5353766,gg_insects_t1_bbch10,JLU,Gross-Gerau,Insects,2025-10-21,T1,BBCH10,24.25,,35.0,13.5,21.5,False,5.0,dual_weak,1.0,2025_10_21_RSFB-Phenotyping_GG1_scores.csv,39_R4S_168_Verona_7_3,39,Verona,plot_85a27ec2fc13d97a9b40,score_qr,weak_pretrain
img_be50a459d3685bccd7b2,/home/nfs/data/nvme_datasets/Pictures_CFSB_leaf_damage/2025_10_21_RSFB-Phenotyping_GG1_JLU/2025_10_21_RSFB-Phenotyping_GG1_JLU/20251021_130624.jpg,2025_10_21_RSFB-Phenotyping_GG1_JLU/2025_10_21_RSFB-Phenotyping_GG1_JLU/20251021_130624.jpg,20251021_130624.jpg,be50a459d3685bccd7b20e67e19d5d6ca519d987840aa3e2cb3aec6ce861cc29,gg_insects_t1_bbch10,JLU,Gross-Gerau,Insects,2025-10-21,T1,BBCH10,24.75,,35.0,14.5,20.5,False,5.0,dual_weak,1.0,2025_10_21_RSFB-Phenotyping_GG1_scores.csv,39_R4S_168_Verona_7_3,39,Verona,plot_85a27ec2fc13d97a9b40,score_qr,weak_pretrain
img_e28fb16d94e11c558451,/home/nfs/data/nvme_datasets/Pictures_CFSB_leaf_damage/2025_10_21_RSFB-Phenotyping_GG1_JLU/2025_10_21_RSFB-Phenotyping_GG1_JLU/20251021_130635.jpg,2025_10_21_RSFB-Phenotyping_GG1_JLU/2025_10_21_RSFB-Phenotyping_GG1_JLU/20251021_130635.jpg,20251021_130635.jpg,e28fb16d94e11c558451e2806939e53f7daea614a640d0daa44fe101d4689e20,gg_insects_t1_bbch10,JLU,Gross-Gerau,Insects,2025-10-21,T1,BBCH10,21.5,,30.0,13.0,17.0,False,5.0,dual_weak,1.0,2025_10_21_RSFB-Phenotyping_GG1_scores.csv,46_R4S_478_H357_8_3,46,H357,plot_3d86f318b218e34541fd,score_qr,weak_pretrain
img_3433ef085b003ea3dc01,/home/nfs/data/nvme_datasets/Pictures_CFSB_leaf_damage/2025_10_21_RSFB-Phenotyping_GG1_JLU/2025_10_21_RSFB-Phenotyping_GG1_JLU/20251021_130649.jpg,2025_10_21_RSFB-Phenotyping_GG1_JLU/2025_10_21_RSFB-Phenotyping_GG1_JLU/20251021_130649.jpg,20251021_130649.jpg,3433ef085b003ea3dc01399274bdf2bf26a57b85b674732a3c895f2b90d84922,gg_insects_t1_bbch10,JLU,Gross-Gerau,Insects,2025-10-21,T1,BBCH10,31.25,,48.0,14.5,33.5,False,5.0,dual_weak,1.0,2025_10_21_RSFB-Phenotyping_GG1_scores.csv,46_R4S_478_H357_8_3,46,H357,plot_3d86f318b218e34541fd,score_qr,weak_pretrain
img_d6aba65675b082b22331,/home/nfs/data/nvme_datasets/Pictures_CFSB_leaf_damage/2025_10_21_RSFB-Phenotyping_GG1_JLU/2025_10_21_RSFB-Phenotyping_GG1_JLU/20251021_130711.jpg,2025_10_21_RSFB-Phenotyping_GG1_JLU/2025_10_21_RSFB-Phenotyping_GG1_JLU/20251021_130711.jpg,20251021_130711.jpg,d6aba65675b082b22331943ba12b38ab3802431facc16c5e5021344707307ef8,gg_insects_t1_bbch10,JLU,Gross-Gerau,Insects,2025-10-21,T1,BBCH10,27.25,,40.0,14.5,25.5,False,5.0,dual_weak,1.0,2025_10_21_RSFB-Phenotyping_GG1_scores.csv,51_R4S_319_Altasweet_9_3,51,Altasweet,plot_098477ef23ba9d816096,score_qr,weak_pretrain
img_1d2e6ffc677a90e85e5e,/home/nfs/data/nvme_datasets/Pictures_CFSB_leaf_damage/2025_10_21_RSFB-Phenotyping_GG1_JLU/2025_10_21_RSFB-Phenotyping_GG1_JLU/20251021_130737.jpg,2025_10_21_RSFB-Phenotyping_GG1_JLU/2025_10_21_RSFB-Phenotyping_GG1_JLU/20251021_130737.jpg,20251021_130737.jpg,1d2e6ffc677a90e85e5eba7614b399079af271e3132368f595dc2d176bab47be,gg_insects_t1_bbch10,JLU,Gross-Gerau,Insects,2025-10-21,T1,BBCH10,7.5,,13.0,2.0,11.0,False,5.0,dual_weak,1.0,2025_10_21_RSFB-Phenotyping_GG1_scores.csv,58_R4S_207_Phil_10_3,58,Phil,plot_4c9e8c4301206d84387b,score_qr,weak_pretrain
img_431f71ead4273051e45b,/home/nfs/data/nvme_datasets/Pictures_CFSB_leaf_damage/2025_10_21_RSFB-Phenotyping_GG1_JLU/2025_10_21_RSFB-Phenotyping_GG1_JLU/20251021_130908.jpg,2025_10_21_RSFB-Phenotyping_GG1_JLU/2025_10_21_RSFB-Phenotyping_GG1_JLU/20251021_130908.jpg,20251021_130908.jpg,431f71ead4273051e45b23b7130a0c50d376689036370a0d39cea0a386f5fe47,gg_insects_t1_bbch10,JLU,Gross-Gerau,Insects,2025-10-21,T1,BBCH10,21.0,,35.0,7.0,28.0,False,5.0,dual_weak,1.0,2025_10_21_RSFB-Phenotyping_GG1_scores.csv,75_R4S_487_S13_13_3,75,S13,plot_a09d0d36c30280f08ecf,score_qr,weak_pretrain
img_c0393c27e66bc6f531f2,/home/nfs/data/nvme_datasets/Pictures_CFSB_leaf_damage/2025_10_21_RSFB-Phenotyping_GG1_JLU/2025_10_21_RSFB-Phenotyping_GG1_JLU/20251021_131046.jpg,2025_10_21_RSFB-Phenotyping_GG1_JLU/2025_10_21_RSFB-Phenotyping_GG1_JLU/20251021_131046.jpg,20251021_131046.jpg,c0393c27e66bc6f531f2a373c3d49158e0e75afcea8a3a0d0652dc476e755b91,gg_insects_t1_bbch10,JLU,Gross-Gerau,Insects,2025-10-21,T1,BBCH10,21.5,,28.0,15.0,13.0,False,5.0,dual_weak,1.0,2025_10_21_RSFB-Phenotyping_GG1_scores.csv,94_R4S_513_R31_16_3,94,R31,plot_5f87d996682920d3ef5c,score_qr,weak_pretrain
img_df7652e33297cb1df2a8,/home/nfs/data/nvme_datasets/Pictures_CFSB_leaf_damage/2025_10_21_RSFB-Phenotyping_GG1_JLU/2025_10_21_RSFB-Phenotyping_GG1_JLU/20251021_131201.jpg,2025_10_21_RSFB-Phenotyping_GG1_JLU/2025_10_21_RSFB-Phenotyping_GG1_JLU/20251021_131201.jpg,20251021_131201.jpg,df7652e33297cb1df2a85e24ef188e940841c319b7f6bb0e536bf7410f6d5751,gg_insects_t1_bbch10,JLU,Gross-Gerau,Insects,2025-10-21,T1,BBCH10,32.5,,40.0,25.0,15.0,False,5.0,dual_weak,1.0,2025_10_21_RSFB-Phenotyping_GG1_scores.csv,106_R4S_483_OLL 1_18_3,106,OLL 1,plot_163dbc099f8c8ed61106,score_qr,weak_pretrain
img_b11db68cf30f4f9046f0,/home/nfs/data/nvme_datasets/Pictures_CFSB_leaf_damage/2025_10_21_RSFB-Phenotyping_GG1_JLU/2025_10_21_RSFB-Phenotyping_GG1_JLU/20251021_131230.jpg,2025_10_21_RSFB-Phenotyping_GG1_JLU/2025_10_21_RSFB-Phenotyping_GG1_JLU/20251021_131230.jpg,20251021_131230.jpg,b11db68cf30f4f9046f09917360ecedb134a9d09ee538116c9d210b0a6d6e823,gg_insects_t1_bbch10,JLU,Gross-Gerau,Insects,2025-10-21,T1,BBCH10,24.0,,40.0,8.0,32.0,False,5.0,dual_weak,1.0,2025_10_21_RSFB-Phenotyping_GG1_scores.csv,111_R4S_213_Akela_19_3,111,Akela,plot_dc55ea275e489e8c7be3,score_qr,weak_pretrain
img_87a80bfe43949a6fe3b4,/home/nfs/data/nvme_datasets/Pictures_CFSB_leaf_damage/2025_10_21_RSFB-Phenotyping_GG1_JLU/2025_10_21_RSFB-Phenotyping_GG1_JLU/20251021_131239.jpg,2025_10_21_RSFB-Phenotyping_GG1_JLU/2025_10_21_RSFB-Phenotyping_GG1_JLU/20251021_131239.jpg,20251021_131239.jpg,87a80bfe43949a6fe3b4ab33fc763970a1ba354cb98fe770e31ba8e6de6d2e6a,gg_insects_t1_bbch10,JLU,Gross-Gerau,Insects,2025-10-21,T1,BBCH10,20.25,,25.0,15.5,9.5,False,5.0,dual_weak,1.0,2025_10_21_RSFB-Phenotyping_GG1_scores.csv,111_R4S_213_Akela_19_3,111,Akela,plot_dc55ea275e489e8c7be3,score_qr,weak_pretrain
img_054de2b54a817e1cf57a,/home/nfs/data/nvme_datasets/Pictures_CFSB_leaf_damage/2025_10_21_RSFB-Phenotyping_GG1_JLU/2025_10_21_RSFB-Phenotyping_GG1_JLU/20251021_131247.jpg,2025_10_21_RSFB-Phenotyping_GG1_JLU/2025_10_21_RSFB-Phenotyping_GG1_JLU/20251021_131247.jpg,20251021_131247.jpg,054de2b54a817e1cf57ae00ce439fc0c979cec023fb2a075d731e1b8beff82d1,gg_insects_t1_bbch10,JLU,Gross-Gerau,Insects,2025-10-21,T1,BBCH10,26.0,,35.0,17.0,18.0,False,5.0,dual_weak,1.0,2025_10_21_RSFB-Phenotyping_GG1_scores.csv,111_R4S_213_Akela_19_3,111,Akela,plot_dc55ea275e489e8c7be3,score_qr,weak_pretrain
img_04a1b7a9dd27ea2162a2,/home/nfs/data/nvme_datasets/Pictures_CFSB_leaf_damage/2025_10_21_RSFB-Phenotyping_GG1_JLU/2025_10_21_RSFB-Phenotyping_GG1_JLU/20251021_131259.jpg,2025_10_21_RSFB-Phenotyping_GG1_JLU/2025_10_21_RSFB-Phenotyping_GG1_JLU/20251021_131259.jpg,20251021_131259.jpg,04a1b7a9dd27ea2162a21e87244932e42c389f53e9024b6bff34c93736b42c82,gg_insects_t1_bbch10,JLU,Gross-Gerau,Insects,2025-10-21,T1,BBCH10,13.4,,3.0,23.8,20.8,False,5.0,dual_weak,1.0,2025_10_21_RSFB-Phenotyping_GG1_scores.csv,118_R4S_267_Alesi_20_3,118,Alesi,plot_f7c764469b25d07202ad,score_qr,weak_pretrain
img_091b3dc427bd80681a4d,/home/nfs/data/nvme_datasets/Pictures_CFSB_leaf_damage/2025_10_21_RSFB-Phenotyping_GG1_JLU/2025_10_21_RSFB-Phenotyping_GG1_JLU/20251021_131332.jpg,2025_10_21_RSFB-Phenotyping_GG1_JLU/2025_10_21_RSFB-Phenotyping_GG1_JLU/20251021_131332.jpg,20251021_131332.jpg,091b3dc427bd80681a4de9bbc41de01a2e76e93b3e4542e3cca023cb37c286dc,gg_insects_t1_bbch10,JLU,Gross-Gerau,Insects,2025-10-21,T1,BBCH10,16.25,,22.0,10.5,11.5,False,5.0,dual_weak,1.0,2025_10_21_RSFB-Phenotyping_GG1_scores.csv,123_R4S_298_Bladkool_21_3,123,Bladkool,plot_34df8ed768d7af5e9ca1,score_qr,weak_pretrain
img_a893696455353c79e4d8,/home/nfs/data/nvme_datasets/Pictures_CFSB_leaf_damage/2025_10_21_RSFB-Phenotyping_GG1_JLU/2025_10_21_RSFB-Phenotyping_GG1_JLU/20251021_131402.jpg,2025_10_21_RSFB-Phenotyping_GG1_JLU/2025_10_21_RSFB-Phenotyping_GG1_JLU/20251021_131402.jpg,20251021_131402.jpg,a893696455353c79e4d868176367f5a765275341de19fcb9441dc60574078821,gg_insects_t1_bbch10,JLU,Gross-Gerau,Insects,2025-10-21,T1,BBCH10,18.5,,25.0,12.0,13.0,False,5.0,dual_weak,1.0,2025_10_21_RSFB-Phenotyping_GG1_scores.csv,130_R4S_477_OLZ 2_22_3,130,OLZ 2,plot_e26908bc9222e28c92ff,score_qr,weak_pretrain
img_8bf7d9703a134dc690ee,/home/nfs/data/nvme_datasets/Pictures_CFSB_leaf_damage/2025_10_21_RSFB-Phenotyping_GG1_JLU/2025_10_21_RSFB-Phenotyping_GG1_JLU/20251021_131411.jpg,2025_10_21_RSFB-Phenotyping_GG1_JLU/2025_10_21_RSFB-Phenotyping_GG1_JLU/20251021_131411.jpg,20251021_131411.jpg,8bf7d9703a134dc690ee18c92216965b41a89b62e7b9af7ff20f1c4a700d7852,gg_insects_t1_bbch10,JLU,Gross-Gerau,Insects,2025-10-21,T1,BBCH10,9.75,,15.0,4.5,10.5,False,5.0,dual_weak,1.0,2025_10_21_RSFB-Phenotyping_GG1_scores.csv,130_R4S_477_OLZ 2_22_3,130,OLZ 2,plot_e26908bc9222e28c92ff,score_qr,weak_pretrain
img_0718d002552dca9b8fef,/home/nfs/data/nvme_datasets/Pictures_CFSB_leaf_damage/2025_10_21_RSFB-Phenotyping_GG1_JLU/2025_10_21_RSFB-Phenotyping_GG1_JLU/20251021_131419.jpg,2025_10_21_RSFB-Phenotyping_GG1_JLU/2025_10_21_RSFB-Phenotyping_GG1_JLU/20251021_131419.jpg,20251021_131419.jpg,0718d002552dca9b8fefa91d84a11897a9be8d44f88114afbda8b389824cd732,gg_insects_t1_bbch10,JLU,Gross-Gerau,Insects,2025-10-21,T1,BBCH10,7.25,,10.0,4.5,5.5,False,5.0,dual_weak,1.0,2025_10_21_RSFB-Phenotyping_GG1_scores.csv,130_R4S_477_OLZ 2_22_3,130,OLZ 2,plot_e26908bc9222e28c92ff,score_qr,weak_pretrain
img_7f5dba8d5f440fad5134,/home/nfs/data/nvme_datasets/Pictures_CFSB_leaf_damage/2025_10_21_RSFB-Phenotyping_GG1_JLU/2025_10_21_RSFB-Phenotyping_GG1_JLU/20251021_131447.jpg,2025_10_21_RSFB-Phenotyping_GG1_JLU/2025_10_21_RSFB-Phenotyping_GG1_JLU/20251021_131447.jpg,20251021_131447.jpg,7f5dba8d5f440fad51341d82091b97d0c7222edecdd0bc32dbdc508d46757fcd,gg_insects_t1_bbch10,JLU,Gross-Gerau,Insects,2025-10-21,T1,BBCH10,19.25,,30.0,8.5,21.5,False,5.0,dual_weak,1.0,2025_10_21_RSFB-Phenotyping_GG1_scores.csv,135_R4S_167_Aviso_23_3,135,Aviso,plot_e3a6c3c5295569233454,score_qr,weak_pretrain
img_cd50cc8fcd090bb5e267,/home/nfs/data/nvme_datasets/Pictures_CFSB_leaf_damage/2025_10_21_RSFB-Phenotyping_GG1_JLU/2025_10_21_RSFB-Phenotyping_GG1_JLU/20251021_131459.jpg,2025_10_21_RSFB-Phenotyping_GG1_JLU/2025_10_21_RSFB-Phenotyping_GG1_JLU/20251021_131459.jpg,20251021_131459.jpg,cd50cc8fcd090bb5e267057af4a7bf37b679635d17cbac576da204c1922bc9ec,gg_insects_t1_bbch10,JLU,Gross-Gerau,Insects,2025-10-21,T1,BBCH10,21.75,,25.0,18.5,6.5,False,5.0,dual_weak,1.0,2025_10_21_RSFB-Phenotyping_GG1_scores.csv,142_R4S_214_Sollux_24_3,142,Sollux,plot_5e57cab4d93c9720a4da,score_qr,weak_pretrain
img_2a43dc27d659bdf2d799,/home/nfs/data/nvme_datasets/Pictures_CFSB_leaf_damage/2025_10_21_RSFB-Phenotyping_GG1_JLU/2025_10_21_RSFB-Phenotyping_GG1_JLU/20251021_131505.jpg,2025_10_21_RSFB-Phenotyping_GG1_JLU/2025_10_21_RSFB-Phenotyping_GG1_JLU/20251021_131505.jpg,20251021_131505.jpg,2a43dc27d659bdf2d7995da300330689468117e39077351b426de6cb41ab6aa7,gg_insects_t1_bbch10,JLU,Gross-Gerau,Insects,2025-10-21,T1,BBCH10,13.75,,20.0,7.5,12.5,False,5.0,dual_weak,1.0,2025_10_21_RSFB-Phenotyping_GG1_scores.csv,142_R4S_214_Sollux_24_3,142,Sollux,plot_5e57cab4d93c9720a4da,score_qr,weak_pretrain
img_50d38acc30937ac2ee56,/home/nfs/data/nvme_datasets/Pictures_CFSB_leaf_damage/2025_10_21_RSFB-Phenotyping_GG1_JLU/2025_10_21_RSFB-Phenotyping_GG1_JLU/20251021_131511.jpg,2025_10_21_RSFB-Phenotyping_GG1_JLU/2025_10_21_RSFB-Phenotyping_GG1_JLU/20251021_131511.jpg,20251021_131511.jpg,50d38acc30937ac2ee5649296ea5a29a8a53d17829efbd8d7003cb9fda7242d1,gg_insects_t1_bbch10,JLU,Gross-Gerau,Insects,2025-10-21,T1,BBCH10,12.25,,16.0,8.5,7.5,False,5.0,dual_weak,1.0,2025_10_21_RSFB-Phenotyping_GG1_scores.csv,142_R4S_214_Sollux_24_3,142,Sollux,plot_5e57cab4d93c9720a4da,score_qr,weak_pretrain
img_afbce702e107d8d13878,/home/nfs/data/nvme_datasets/Pictures_CFSB_leaf_damage/2025_10_21_RSFB-Phenotyping_GG1_JLU/2025_10_21_RSFB-Phenotyping_GG1_JLU/20251021_131531.jpg,2025_10_21_RSFB-Phenotyping_GG1_JLU/2025_10_21_RSFB-Phenotyping_GG1_JLU/20251021_131531.jpg,20251021_131531.jpg,afbce702e107d8d13878910315fc5b0350b8ded8d362eee91d7ae5f9bcce8f12,gg_insects_t1_bbch10,JLU,Gross-Gerau,Insects,2025-10-21,T1,BBCH10,19.0,,22.0,16.0,6.0,False,5.0,dual_weak,1.0,2025_10_21_RSFB-Phenotyping_GG1_scores.csv,147_R4S_220_EUROL_25_3,147,EUROL,plot_9b8bbe6f8d57fa8f84f0,score_qr,weak_pretrain
img_31c64255769b93c96f0b,/home/nfs/data/nvme_datasets/Pictures_CFSB_leaf_damage/2025_10_21_RSFB-Phenotyping_GG1_JLU/2025_10_21_RSFB-Phenotyping_GG1_JLU/20251021_131548.jpg,2025_10_21_RSFB-Phenotyping_GG1_JLU/2025_10_21_RSFB-Phenotyping_GG1_JLU/20251021_131548.jpg,20251021_131548.jpg,31c64255769b93c96f0b7182caf44ad237b68e7992e6d2123adc5acc9747c9dc,gg_insects_t1_bbch10,JLU,Gross-Gerau,Insects,2025-10-21,T1,BBCH10,16.25,,20.0,12.5,7.5,False,5.0,dual_weak,1.0,2025_10_21_RSFB-Phenotyping_GG1_scores.csv,147_R4S_220_EUROL_25_3,147,EUROL,plot_9b8bbe6f8d57fa8f84f0,score_qr,weak_pretrain
img_2689f1f21b0facdd257b,/home/nfs/data/nvme_datasets/Pictures_CFSB_leaf_damage/2025_10_21_RSFB-Phenotyping_GG1_JLU/2025_10_21_RSFB-Phenotyping_GG1_JLU/20251021_131914.jpg,2025_10_21_RSFB-Phenotyping_GG1_JLU/2025_10_21_RSFB-Phenotyping_GG1_JLU/20251021_131914.jpg,20251021_131914.jpg,2689f1f21b0facdd257b2cd58035775c8ea740e224ddcc5a0587954d6ac05228,gg_insects_t1_bbch10,JLU,Gross-Gerau,Insects,2025-10-21,T1,BBCH10,32.0,,45.0,19.0,26.0,False,5.0,dual_weak,1.0,2025_10_21_RSFB-Phenotyping_GG1_scores.csv,183_R4S_254_Capitol_31_3,183,Capitol,plot_7ec5ebef6a9fa699215f,score_qr,weak_pretrain
img_b0a3616253925167c3f0,/home/nfs/data/nvme_datasets/Pictures_CFSB_leaf_damage/2025_10_21_RSFB-Phenotyping_GG1_JLU/2025_10_21_RSFB-Phenotyping_GG1_JLU/20251021_131923.jpg,2025_10_21_RSFB-Phenotyping_GG1_JLU/2025_10_21_RSFB-Phenotyping_GG1_JLU/20251021_131923.jpg,20251021_131923.jpg,b0a3616253925167c3f0d40758fdd16445897f30498e8e9319f1e3f87e46165f,gg_insects_t1_bbch10,JLU,Gross-Gerau,Insects,2025-10-21,T1,BBCH10,22.75,,35.0,10.5,24.5,False,5.0,dual_weak,1.0,2025_10_21_RSFB-Phenotyping_GG1_scores.csv,183_R4S_254_Capitol_31_3,183,Capitol,plot_7ec5ebef6a9fa699215f,score_qr,weak_pretrain
img_df9c4d4982d71d2dd14e,/home/nfs/data/nvme_datasets/Pictures_CFSB_leaf_damage/2025_10_21_RSFB-Phenotyping_GG1_JLU/2025_10_21_RSFB-Phenotyping_GG1_JLU/20251021_132002.jpg,2025_10_21_RSFB-Phenotyping_GG1_JLU/2025_10_21_RSFB-Phenotyping_GG1_JLU/20251021_132002.jpg,20251021_132002.jpg,df9c4d4982d71d2dd14e5f6afaa43e8ba9b17f6fc4a38ece53ab5b2ce5934b56,gg_insects_t1_bbch10,JLU,Gross-Gerau,Insects,2025-10-21,T1,BBCH10,11.75,,15.0,8.5,6.5,False,5.0,dual_weak,1.0,2025_10_21_RSFB-Phenotyping_GG1_scores.csv,190_R4S_357_E94197_32_3,190,E94197,plot_8709d51bb880213559a6,score_qr,weak_pretrain
img_2cf8beb2242f3684663b,/home/nfs/data/nvme_datasets/Pictures_CFSB_leaf_damage/2025_10_21_RSFB-Phenotyping_GG1_JLU/2025_10_21_RSFB-Phenotyping_GG1_JLU/20251021_132045.jpg,2025_10_21_RSFB-Phenotyping_GG1_JLU/2025_10_21_RSFB-Phenotyping_GG1_JLU/20251021_132045.jpg,20251021_132045.jpg,2cf8beb2242f3684663b6f21e6602903333624ae3c1318512b6247a8d95932ca,gg_insects_t1_bbch10,JLU,Gross-Gerau,Insects,2025-10-21,T1,BBCH10,13.25,,20.0,6.5,13.5,False,5.0,dual_weak,1.0,2025_10_21_RSFB-Phenotyping_GG1_scores.csv,202_R4S_160_Lion_34_3,202,Lion,plot_a2622f860df5cef3e355,score_qr,weak_pretrain
img_a61be556d274b97e53d0,/home/nfs/data/nvme_datasets/Pictures_CFSB_leaf_damage/2025_10_21_RSFB-Phenotyping_GG1_JLU/2025_10_21_RSFB-Phenotyping_GG1_JLU/20251021_132050.jpg,2025_10_21_RSFB-Phenotyping_GG1_JLU/2025_10_21_RSFB-Phenotyping_GG1_JLU/20251021_132050.jpg,20251021_132050.jpg,a61be556d274b97e53d014b3c40e6ebeec692e30e49dfc06dfb87c463d5c2828,gg_insects_t1_bbch10,JLU,Gross-Gerau,Insects,2025-10-21,T1,BBCH10,10.25,,15.0,5.5,9.5,False,5.0,dual_weak,1.0,2025_10_21_RSFB-Phenotyping_GG1_scores.csv,202_R4S_160_Lion_34_3,202,Lion,plot_a2622f860df5cef3e355,score_qr,weak_pretrain
img_707203b460681c5c684e,/home/nfs/data/nvme_datasets/Pictures_CFSB_leaf_damage/2025_10_21_RSFB-Phenotyping_GG1_JLU/2025_10_21_RSFB-Phenotyping_GG1_JLU/20251021_132056.jpg,2025_10_21_RSFB-Phenotyping_GG1_JLU/2025_10_21_RSFB-Phenotyping_GG1_JLU/20251021_132056.jpg,20251021_132056.jpg,707203b460681c5c684ef7e7431e8151d19bc1d6c6726d96a5995bce3ce33bf7,gg_insects_t1_bbch10,JLU,Gross-Gerau,Insects,2025-10-21,T1,BBCH10,11.75,,20.0,3.5,16.5,False,5.0,dual_weak,1.0,2025_10_21_RSFB-Phenotyping_GG1_scores.csv,202_R4S_160_Lion_34_3,202,Lion,plot_a2622f860df5cef3e355,score_qr,weak_pretrain
img_4ce6703d0727928d22ac,/home/nfs/data/nvme_datasets/Pictures_CFSB_leaf_damage/2025_10_21_RSFB-Phenotyping_GG1_JLU/2025_10_21_RSFB-Phenotyping_GG1_JLU/20251021_132201.jpg,2025_10_21_RSFB-Phenotyping_GG1_JLU/2025_10_21_RSFB-Phenotyping_GG1_JLU/20251021_132201.jpg,20251021_132201.jpg,4ce6703d0727928d22acf8ef563b9f24252dd8b00c977c8b4943563b640e01ac,gg_insects_t1_bbch10,JLU,Gross-Gerau,Insects,2025-10-21,T1,BBCH10,21.75,,30.0,13.5,16.5,False,5.0,dual_weak,1.0,2025_10_21_RSFB-Phenotyping_GG1_scores.csv,214_R4S_270_Ceres_36_3,214,Ceres,plot_1d10032941741bbc894a,score_qr,weak_pretrain
img_68bd5525611f49e3d6c6,/home/nfs/data/nvme_datasets/Pictures_CFSB_leaf_damage/2025_10_21_RSFB-Phenotyping_GG1_JLU/2025_10_21_RSFB-Phenotyping_GG1_JLU/20251021_132217.jpg,2025_10_21_RSFB-Phenotyping_GG1_JLU/2025_10_21_RSFB-Phenotyping_GG1_JLU/20251021_132217.jpg,20251021_132217.jpg,68bd5525611f49e3d6c6a387377928ed528f6ed64ed5fd75547d19632381c5c7,gg_insects_t1_bbch10,JLU,Gross-Gerau,Insects,2025-10-21,T1,BBCH10,21.0,,35.0,7.0,28.0,False,5.0,dual_weak,1.0,2025_10_21_RSFB-Phenotyping_GG1_scores.csv,219_R4S_361_CHEMBERE DYAGUMHANA_37_3,219,CHEMBERE DYAGUMHANA,plot_f2f9919fc7afb87da28e,score_qr,weak_pretrain
img_82b4fb09dcda6cc5bedf,/home/nfs/data/nvme_datasets/Pictures_CFSB_leaf_damage/2025_10_21_RSFB-Phenotyping_GG1_JLU/2025_10_21_RSFB-Phenotyping_GG1_JLU/20251021_132227.jpg,2025_10_21_RSFB-Phenotyping_GG1_JLU/2025_10_21_RSFB-Phenotyping_GG1_JLU/20251021_132227.jpg,20251021_132227.jpg,82b4fb09dcda6cc5bedf9914a2211075f90d4c2d6a403da767b4ec319dc06263,gg_insects_t1_bbch10,JLU,Gross-Gerau,Insects,2025-10-21,T1,BBCH10,19.5,,30.0,9.0,21.0,False,5.0,dual_weak,1.0,2025_10_21_RSFB-Phenotyping_GG1_scores.csv,219_R4S_361_CHEMBERE DYAGUMHANA_37_3,219,CHEMBERE DYAGUMHANA,plot_f2f9919fc7afb87da28e,score_qr,weak_pretrain
img_7ff6041a2a2d3bba8264,/home/nfs/data/nvme_datasets/Pictures_CFSB_leaf_damage/2025_10_21_RSFB-Phenotyping_GG1_JLU/2025_10_21_RSFB-Phenotyping_GG1_JLU/20251021_132236.jpg,2025_10_21_RSFB-Phenotyping_GG1_JLU/2025_10_21_RSFB-Phenotyping_GG1_JLU/20251021_132236.jpg,20251021_132236.jpg,7ff6041a2a2d3bba8264f00a688da982aee91e93d5b3899a7d978bb9e67afa84,gg_insects_t1_bbch10,JLU,Gross-Gerau,Insects,2025-10-21,T1,BBCH10,13.25,,20.0,6.5,13.5,False,5.0,dual_weak,1.0,2025_10_21_RSFB-Phenotyping_GG1_scores.csv,219_R4S_361_CHEMBERE DYAGUMHANA_37_3,219,CHEMBERE DYAGUMHANA,plot_f2f9919fc7afb87da28e,score_qr,weak_pretrain
img_62fc90cc7a83c61e06c4,/home/nfs/data/nvme_datasets/Pictures_CFSB_leaf_damage/2025_10_21_RSFB-Phenotyping_GG1_JLU/2025_10_21_RSFB-Phenotyping_GG1_JLU/20251021_132247.jpg,2025_10_21_RSFB-Phenotyping_GG1_JLU/2025_10_21_RSFB-Phenotyping_GG1_JLU/20251021_132247.jpg,20251021_132247.jpg,62fc90cc7a83c61e06c45c28ec968b5b81d001483d8820c76bc19609e04541cc,gg_insects_t1_bbch10,JLU,Gross-Gerau,Insects,2025-10-21,T1,BBCH10,27.0,,45.0,9.0,36.0,False,5.0,dual_weak,1.0,2025_10_21_RSFB-Phenotyping_GG1_scores.csv,226_R4S_302_Samo_38_3,226,Samo,plot_95651b5f63fafd449bc8,score_qr,weak_pretrain
img_8595ccc3c0ff1a658a93,/home/nfs/data/nvme_datasets/Pictures_CFSB_leaf_damage/2025_10_21_RSFB-Phenotyping_GG1_JLU/2025_10_21_RSFB-Phenotyping_GG1_JLU/20251021_132302.jpg,2025_10_21_RSFB-Phenotyping_GG1_JLU/2025_10_21_RSFB-Phenotyping_GG1_JLU/20251021_132302.jpg,20251021_132302.jpg,8595ccc3c0ff1a658a933a284bf171d550d6e2f5782c4c5cac060720d25bc28b,gg_insects_t1_bbch10,JLU,Gross-Gerau,Insects,2025-10-21,T1,BBCH10,24.75,,42.0,7.5,34.5,False,5.0,dual_weak,1.0,2025_10_21_RSFB-Phenotyping_GG1_scores.csv,226_R4S_302_Samo_38_3,226,Samo,plot_95651b5f63fafd449bc8,score_qr,weak_pretrain
img_b4e66662e315efa39802,/home/nfs/data/nvme_datasets/Pictures_CFSB_leaf_damage/2025_10_21_RSFB-Phenotyping_GG1_JLU/2025_10_21_RSFB-Phenotyping_GG1_JLU/20251021_132309.jpg,2025_10_21_RSFB-Phenotyping_GG1_JLU/2025_10_21_RSFB-Phenotyping_GG1_JLU/20251021_132309.jpg,20251021_132309.jpg,b4e66662e315efa39802b256c39c5aad37c69d626107b5542094e140a85a017e,gg_insects_t1_bbch10,JLU,Gross-Gerau,Insects,2025-10-21,T1,BBCH10,19.25,,30.0,8.5,21.5,False,5.0,dual_weak,1.0,2025_10_21_RSFB-Phenotyping_GG1_scores.csv,226_R4S_302_Samo_38_3,226,Samo,plot_95651b5f63fafd449bc8,score_qr,weak_pretrain
img_31983a11ba9efe799278,/home/nfs/data/nvme_datasets/Pictures_CFSB_leaf_damage/2025_10_21_RSFB-Phenotyping_GG1_JLU/2025_10_21_RSFB-Phenotyping_GG1_JLU/20251021_132342.jpg,2025_10_21_RSFB-Phenotyping_GG1_JLU/2025_10_21_RSFB-Phenotyping_GG1_JLU/20251021_132342.jpg,20251021_132342.jpg,31983a11ba9efe79927807c04f2e709c10d1344d52a2dfef2cc9e6fe349e3b40,gg_insects_t1_bbch10,JLU,Gross-Gerau,Insects,2025-10-21,T1,BBCH10,7.25,,12.0,2.5,9.5,False,5.0,dual_weak,1.0,2025_10_21_RSFB-Phenotyping_GG1_scores.csv,231_R4S_405_L239_39_3,231,L239,plot_df712240205f755d4453,score_qr,weak_pretrain
img_631e8d60af627d1b9f1a,/home/nfs/data/nvme_datasets/Pictures_CFSB_leaf_damage/2025_10_21_RSFB-Phenotyping_GG1_JLU/2025_10_21_RSFB-Phenotyping_GG1_JLU/20251021_132410.jpg,2025_10_21_RSFB-Phenotyping_GG1_JLU/2025_10_21_RSFB-Phenotyping_GG1_JLU/20251021_132410.jpg,20251021_132410.jpg,631e8d60af627d1b9f1a5b7bff31dc091ee34fa3911290242962db4ad41199e8,gg_insects_t1_bbch10,JLU,Gross-Gerau,Insects,2025-10-21,T1,BBCH10,11.5,,15.0,8.0,7.0,False,5.0,dual_weak,1.0,2025_10_21_RSFB-Phenotyping_GG1_scores.csv,238_R4S_162_Recital_40_3,238,Recital,plot_04441862d5c5dd0b49cc,score_qr,weak_pretrain
img_3aec2b0227774377fcbb,/home/nfs/data/nvme_datasets/Pictures_CFSB_leaf_damage/2025_10_21_RSFB-Phenotyping_GG1_JLU/2025_10_21_RSFB-Phenotyping_GG1_JLU/20251021_132424.jpg,2025_10_21_RSFB-Phenotyping_GG1_JLU/2025_10_21_RSFB-Phenotyping_GG1_JLU/20251021_132424.jpg,20251021_132424.jpg,3aec2b0227774377fcbb126228393adada6ed8fda341f7bac2ffc4987e3a2b42,gg_insects_t1_bbch10,JLU,Gross-Gerau,Insects,2025-10-21,T1,BBCH10,6.25,,10.0,2.5,7.5,False,5.0,dual_weak,1.0,2025_10_21_RSFB-Phenotyping_GG1_scores.csv,238_R4S_162_Recital_40_3,238,Recital,plot_04441862d5c5dd0b49cc,score_qr,weak_pretrain
img_669547370e53097f43fc,/home/nfs/data/nvme_datasets/Pictures_CFSB_leaf_damage/2025_10_21_RSFB-Phenotyping_GG1_JLU/2025_10_21_RSFB-Phenotyping_GG1_JLU/20251021_132451.jpg,2025_10_21_RSFB-Phenotyping_GG1_JLU/2025_10_21_RSFB-Phenotyping_GG1_JLU/20251021_132451.jpg,20251021_132451.jpg,669547370e53097f43fcb40e442c0a566d944dac00c4ce55b9cf1104c555c3ce,gg_insects_t1_bbch10,JLU,Gross-Gerau,Insects,2025-10-21,T1,BBCH10,17.75,,25.0,10.5,14.5,False,5.0,dual_weak,1.0,2025_10_21_RSFB-Phenotyping_GG1_scores.csv,243_R4S_515_R31_41_3,243,R31,plot_e48448f69d520ccd3b67,score_qr,weak_pretrain
img_d833fba730af53f55b9b,/home/nfs/data/nvme_datasets/Pictures_CFSB_leaf_damage/2025_10_21_RSFB-Phenotyping_GG1_JLU/2025_10_21_RSFB-Phenotyping_GG1_JLU/20251021_132543.jpg,2025_10_21_RSFB-Phenotyping_GG1_JLU/2025_10_21_RSFB-Phenotyping_GG1_JLU/20251021_132543.jpg,20251021_132543.jpg,d833fba730af53f55b9b2706d0c8e4f7f978ec6566f8e9413eb291965c949b65,gg_insects_t1_bbch10,JLU,Gross-Gerau,Insects,2025-10-21,T1,BBCH10,17.25,,25.0,9.5,15.5,False,5.0,dual_weak,1.0,2025_10_21_RSFB-Phenotyping_GG1_scores.csv,255_R4S_226_Lilian_43_3,255,Lilian,plot_cff264c1afb9a1cf9473,score_qr,weak_pretrain
img_4c8578229c52a29d2492,/home/nfs/data/nvme_datasets/Pictures_CFSB_leaf_damage/2025_10_21_RSFB-Phenotyping_GG1_JLU/2025_10_21_RSFB-Phenotyping_GG1_JLU/20251021_132550.jpg,2025_10_21_RSFB-Phenotyping_GG1_JLU/2025_10_21_RSFB-Phenotyping_GG1_JLU/20251021_132550.jpg,20251021_132550.jpg,4c8578229c52a29d2492341c4337fda001dbf474cb3828ee9051b72403e46b07,gg_insects_t1_bbch10,JLU,Gross-Gerau,Insects,2025-10-21,T1,BBCH10,5.25,,2.0,8.5,6.5,False,5.0,dual_weak,1.0,2025_10_21_RSFB-Phenotyping_GG1_scores.csv,255_R4S_226_Lilian_43_3,255,Lilian,plot_cff264c1afb9a1cf9473,score_qr,weak_pretrain
img_3d6dc18e9a5cffa6191e,/home/nfs/data/nvme_datasets/Pictures_CFSB_leaf_damage/2025_10_21_RSFB-Phenotyping_GG1_JLU/2025_10_21_RSFB-Phenotyping_GG1_JLU/20251021_132617.jpg,2025_10_21_RSFB-Phenotyping_GG1_JLU/2025_10_21_RSFB-Phenotyping_GG1_JLU/20251021_132617.jpg,20251021_132617.jpg,3d6dc18e9a5cffa6191e8776eb89feda72079be5bc9425a405c41b3b3d3b133d,gg_insects_t1_bbch10,JLU,Gross-Gerau,Insects,2025-10-21,T1,BBCH10,26.75,,35.0,18.5,16.5,False,5.0,dual_weak,1.0,2025_10_21_RSFB-Phenotyping_GG1_scores.csv,262_R4S_234_Yephir_44_3,262,Yephir,plot_f33a9bfab8bd87f9261c,score_qr,weak_pretrain
img_28d069508a3b191db0c6,/home/nfs/data/nvme_datasets/Pictures_CFSB_leaf_damage/2025_10_21_RSFB-Phenotyping_GG1_JLU/2025_10_21_RSFB-Phenotyping_GG1_JLU/20251021_132625.jpg,2025_10_21_RSFB-Phenotyping_GG1_JLU/2025_10_21_RSFB-Phenotyping_GG1_JLU/20251021_132625.jpg,20251021_132625.jpg,28d069508a3b191db0c6cd4da80cdd46bc7cba33e4490d3b8a6659dddbd708e7,gg_insects_t1_bbch10,JLU,Gross-Gerau,Insects,2025-10-21,T1,BBCH10,29.0,,35.0,23.0,12.0,False,5.0,dual_weak,1.0,2025_10_21_RSFB-Phenotyping_GG1_scores.csv,262_R4S_234_Yephir_44_3,262,Yephir,plot_f33a9bfab8bd87f9261c,score_qr,weak_pretrain
img_801776e73f5c1b783cb2,/home/nfs/data/nvme_datasets/Pictures_CFSB_leaf_damage/2025_10_21_RSFB-Phenotyping_GG1_JLU/2025_10_21_RSFB-Phenotyping_GG1_JLU/20251021_132648.jpg,2025_10_21_RSFB-Phenotyping_GG1_JLU/2025_10_21_RSFB-Phenotyping_GG1_JLU/20251021_132648.jpg,20251021_132648.jpg,801776e73f5c1b783cb2646149d8aefe6921a914086811d9804ec8cb0e5789c6,gg_insects_t1_bbch10,JLU,Gross-Gerau,Insects,2025-10-21,T1,BBCH10,22.75,,30.0,15.5,14.5,False,5.0,dual_weak,1.0,2025_10_21_RSFB-Phenotyping_GG1_scores.csv,267_R4S_290_Trebicska_45_3,267,Trebicska,plot_5369658b6c1142903406,score_qr,weak_pretrain
img_677719109c3b32bdec9e,/home/nfs/data/nvme_datasets/Pictures_CFSB_leaf_damage/2025_10_21_RSFB-Phenotyping_GG1_JLU/2025_10_21_RSFB-Phenotyping_GG1_JLU/20251021_132656.jpg,2025_10_21_RSFB-Phenotyping_GG1_JLU/2025_10_21_RSFB-Phenotyping_GG1_JLU/20251021_132656.jpg,20251021_132656.jpg,677719109c3b32bdec9e6b8f1ea34d8ea62ad066df697340cb434dc8c966c274,gg_insects_t1_bbch10,JLU,Gross-Gerau,Insects,2025-10-21,T1,BBCH10,13.0,,18.0,8.0,10.0,False,5.0,dual_weak,1.0,2025_10_21_RSFB-Phenotyping_GG1_scores.csv,267_R4S_290_Trebicska_45_3,267,Trebicska,plot_5369658b6c1142903406,score_qr,weak_pretrain
img_0d11c1e27e1f53d127a7,/home/nfs/data/nvme_datasets/Pictures_CFSB_leaf_damage/2025_10_21_RSFB-Phenotyping_GG1_JLU/2025_10_21_RSFB-Phenotyping_GG1_JLU/20251021_132753.jpg,2025_10_21_RSFB-Phenotyping_GG1_JLU/2025_10_21_RSFB-Phenotyping_GG1_JLU/20251021_132753.jpg,20251021_132753.jpg,0d11c1e27e1f53d127a7ef2ae3a8dc70c0d976cceeee908a19fe7d87bc12c201,gg_insects_t1_bbch10,JLU,Gross-Gerau,Insects,2025-10-21,T1,BBCH10,11.25,,2.0,20.5,18.5,False,5.0,dual_weak,1.0,2025_10_21_RSFB-Phenotyping_GG1_scores.csv,279_R4S_542_Smaragd_47_3,279,Smaragd,plot_b2decf1cbf56bcdc6d32,score_qr,weak_pretrain
img_867864d495b2a31b906f,/home/nfs/data/nvme_datasets/Pictures_CFSB_leaf_damage/2025_10_21_RSFB-Phenotyping_GG1_JLU/2025_10_21_RSFB-Phenotyping_GG1_JLU/20251021_132801.jpg,2025_10_21_RSFB-Phenotyping_GG1_JLU/2025_10_21_RSFB-Phenotyping_GG1_JLU/20251021_132801.jpg,20251021_132801.jpg,867864d495b2a31b906f0fce4372c29f3bf015d4abe765191e5ecea9255583c0,gg_insects_t1_bbch10,JLU,Gross-Gerau,Insects,2025-10-21,T1,BBCH10,7.75,,3.0,12.5,9.5,False,5.0,dual_weak,1.0,2025_10_21_RSFB-Phenotyping_GG1_scores.csv,279_R4S_542_Smaragd_47_3,279,Smaragd,plot_b2decf1cbf56bcdc6d32,score_qr,weak_pretrain
img_e3ac67761ab198ce1465,/home/nfs/data/nvme_datasets/Pictures_CFSB_leaf_damage/2025_10_21_RSFB-Phenotyping_GG1_JLU/2025_10_21_RSFB-Phenotyping_GG1_JLU/20251021_132855.jpg,2025_10_21_RSFB-Phenotyping_GG1_JLU/2025_10_21_RSFB-Phenotyping_GG1_JLU/20251021_132855.jpg,20251021_132855.jpg,e3ac67761ab198ce1465accc17a9149fcde21257719c8b56ef3409692ceff554,gg_insects_t1_bbch10,JLU,Gross-Gerau,Insects,2025-10-21,T1,BBCH10,14.75,,23.0,6.5,16.5,False,5.0,dual_weak,1.0,2025_10_21_RSFB-Phenotyping_GG1_scores.csv,291_R4S_362_BRAUNER SCHNITTKOHL_49_3,291,BRAUNER SCHNITTKOHL,plot_a68ea486bf28d2a65eea,score_qr,weak_pretrain
img_f1e722519d1cd254b8e0,/home/nfs/data/nvme_datasets/Pictures_CFSB_leaf_damage/2025_10_21_RSFB-Phenotyping_GG1_JLU/2025_10_21_RSFB-Phenotyping_GG1_JLU/20251021_132902.jpg,2025_10_21_RSFB-Phenotyping_GG1_JLU/2025_10_21_RSFB-Phenotyping_GG1_JLU/20251021_132902.jpg,20251021_132902.jpg,f1e722519d1cd254b8e03c0c6510121dbf0238f57476d992e889db7f4befbac7,gg_insects_t1_bbch10,JLU,Gross-Gerau,Insects,2025-10-21,T1,BBCH10,10.0,,15.0,5.0,10.0,False,5.0,dual_weak,1.0,2025_10_21_RSFB-Phenotyping_GG1_scores.csv,291_R4S_362_BRAUNER SCHNITTKOHL_49_3,291,BRAUNER SCHNITTKOHL,plot_a68ea486bf28d2a65eea,score_qr,weak_pretrain
img_66e706afcadbfd911c67,/home/nfs/data/nvme_datasets/Pictures_CFSB_leaf_damage/2025_10_21_RSFB-Phenotyping_GG1_JLU/2025_10_21_RSFB-Phenotyping_GG1_JLU/20251021_132914.jpg,2025_10_21_RSFB-Phenotyping_GG1_JLU/2025_10_21_RSFB-Phenotyping_GG1_JLU/20251021_132914.jpg,20251021_132914.jpg,66e706afcadbfd911c6797398e06a45033c04b47c80386e8d6c2f83655b3d603,gg_insects_t1_bbch10,JLU,Gross-Gerau,Insects,2025-10-21,T1,BBCH10,18.0,,32.0,4.0,28.0,False,5.0,dual_weak,1.0,2025_10_21_RSFB-Phenotyping_GG1_scores.csv,298_R4S_484_R75_50_3,298,R75,plot_ea1523e546003cffdaa8,score_qr,weak_pretrain
img_eb98bc8d299d79ccefd3,/home/nfs/data/nvme_datasets/Pictures_CFSB_leaf_damage/2025_10_21_RSFB-Phenotyping_GG1_JLU/2025_10_21_RSFB-Phenotyping_GG1_JLU/20251021_132919.jpg,2025_10_21_RSFB-Phenotyping_GG1_JLU/2025_10_21_RSFB-Phenotyping_GG1_JLU/20251021_132919.jpg,20251021_132919.jpg,eb98bc8d299d79ccefd32dbec2947d641720f41c7fc8f62bb97613b31aee36b9,gg_insects_t1_bbch10,JLU,Gross-Gerau,Insects,2025-10-21,T1,BBCH10,16.25,,28.0,4.5,23.5,False,5.0,dual_weak,1.0,2025_10_21_RSFB-Phenotyping_GG1_scores.csv,298_R4S_484_R75_50_3,298,R75,plot_ea1523e546003cffdaa8,score_qr,weak_pretrain
img_d444fbe11ed528ab6b20,/home/nfs/data/nvme_datasets/Pictures_CFSB_leaf_damage/2025_10_21_RSFB-Phenotyping_GG1_JLU/2025_10_21_RSFB-Phenotyping_GG1_JLU/20251021_132926.jpg,2025_10_21_RSFB-Phenotyping_GG1_JLU/2025_10_21_RSFB-Phenotyping_GG1_JLU/20251021_132926.jpg,20251021_132926.jpg,d444fbe11ed528ab6b20cfcd7f58f5992e245d002f782c32ef9dbc8ad924d7c5,gg_insects_t1_bbch10,JLU,Gross-Gerau,Insects,2025-10-21,T1,BBCH10,25.0,,38.0,12.0,26.0,False,5.0,dual_weak,1.0,2025_10_21_RSFB-Phenotyping_GG1_scores.csv,298_R4S_484_R75_50_3,298,R75,plot_ea1523e546003cffdaa8,score_qr,weak_pretrain
img_2b66d26765e6ba0840c9,/home/nfs/data/nvme_datasets/Pictures_CFSB_leaf_damage/2025_10_21_RSFB-Phenotyping_GG1_JLU/2025_10_21_RSFB-Phenotyping_GG1_JLU/20251021_133010.jpg,2025_10_21_RSFB-Phenotyping_GG1_JLU/2025_10_21_RSFB-Phenotyping_GG1_JLU/20251021_133010.jpg,20251021_133010.jpg,2b66d26765e6ba0840c937f08cff3634daf3a0658790949f149f2eeeb911c95c,gg_insects_t1_bbch10,JLU,Gross-Gerau,Insects,2025-10-21,T1,BBCH10,21.0,,25.0,17.0,8.0,False,5.0,dual_weak,1.0,2025_10_21_RSFB-Phenotyping_GG1_scores.csv,303_R4S_301_Parapluie_51_3,303,Parapluie,plot_29ad4a9860449a68b25f,score_qr,weak_pretrain
img_15b138efbcef29efe2cf,/home/nfs/data/nvme_datasets/Pictures_CFSB_leaf_damage/2025_10_21_RSFB-Phenotyping_GG1_JLU/2025_10_21_RSFB-Phenotyping_GG1_JLU/20251021_133018.jpg,2025_10_21_RSFB-Phenotyping_GG1_JLU/2025_10_21_RSFB-Phenotyping_GG1_JLU/20251021_133018.jpg,20251021_133018.jpg,15b138efbcef29efe2cfa6ad1156274c438dbfb731d213b71bb132c63dde0bd7,gg_insects_t1_bbch10,JLU,Gross-Gerau,Insects,2025-10-21,T1,BBCH10,10.75,,15.0,6.5,8.5,False,5.0,dual_weak,1.0,2025_10_21_RSFB-Phenotyping_GG1_scores.csv,303_R4S_301_Parapluie_51_3,303,Parapluie,plot_29ad4a9860449a68b25f,score_qr,weak_pretrain
img_ce5f06be74d709ee5cfc,/home/nfs/data/nvme_datasets/Pictures_CFSB_leaf_damage/2025_10_21_RSFB-Phenotyping_GG1_JLU/2025_10_21_RSFB-Phenotyping_GG1_JLU/20251021_133030.jpg,2025_10_21_RSFB-Phenotyping_GG1_JLU/2025_10_21_RSFB-Phenotyping_GG1_JLU/20251021_133030.jpg,20251021_133030.jpg,ce5f06be74d709ee5cfcb74f7eed2ac836acde7aab8876c015493d6e9178c5a4,gg_insects_t1_bbch10,JLU,Gross-Gerau,Insects,2025-10-21,T1,BBCH10,19.75,,25.0,14.5,10.5,False,5.0,dual_weak,1.0,2025_10_21_RSFB-Phenotyping_GG1_scores.csv,310_Smaragd_52_3,310,Smaragd,plot_5f84a5d5e744fae0a07f,score_qr,weak_pretrain
img_218e6477a294fa0e4f1c,/home/nfs/data/nvme_datasets/Pictures_CFSB_leaf_damage/2025_10_21_RSFB-Phenotyping_GG1_JLU/2025_10_21_RSFB-Phenotyping_GG1_JLU/20251021_133044.jpg,2025_10_21_RSFB-Phenotyping_GG1_JLU/2025_10_21_RSFB-Phenotyping_GG1_JLU/20251021_133044.jpg,20251021_133044.jpg,218e6477a294fa0e4f1c0dc28543e16a3ad6dc1c28e4577d6a80fbd58218143c,gg_insects_t1_bbch10,JLU,Gross-Gerau,Insects,2025-10-21,T1,BBCH10,18.5,,15.0,22.0,7.0,False,5.0,dual_weak,1.0,2025_10_21_RSFB-Phenotyping_GG1_scores.csv,310_Smaragd_52_3,310,Smaragd,plot_5f84a5d5e744fae0a07f,score_qr,weak_pretrain
img_1e1eff0b8a90e0017df2,/home/nfs/data/nvme_datasets/Pictures_CFSB_leaf_damage/2025_10_21_RSFB-Phenotyping_GG1_JLU/2025_10_21_RSFB-Phenotyping_GG1_JLU/20251021_151424.jpg,2025_10_21_RSFB-Phenotyping_GG1_JLU/2025_10_21_RSFB-Phenotyping_GG1_JLU/20251021_151424.jpg,20251021_151424.jpg,1e1eff0b8a90e0017df27932716415560285bf412c5b40b3a14ce0f3c1664cd5,gg_insects_t1_bbch10,JLU,Gross-Gerau,Insects,2025-10-21,T1,BBCH10,16.75,,30.0,3.5,26.5,False,5.0,dual_weak,1.0,2025_10_21_RSFB-Phenotyping_GG1_scores.csv,9_R4S_503_Express 617_2_4,9,Express 617,plot_f19419da98fe0824600a,score_qr,weak_pretrain
img_b61cf8458c960a467ecf,/home/nfs/data/nvme_datasets/Pictures_CFSB_leaf_damage/2025_10_21_RSFB-Phenotyping_GG1_JLU/2025_10_21_RSFB-Phenotyping_GG1_JLU/20251021_151432.jpg,2025_10_21_RSFB-Phenotyping_GG1_JLU/2025_10_21_RSFB-Phenotyping_GG1_JLU/20251021_151432.jpg,20251021_151432.jpg,b61cf8458c960a467ecf1f9eef5f2263efdfa1e6331c1fe90d5db6fbc3cca0df,gg_insects_t1_bbch10,JLU,Gross-Gerau,Insects,2025-10-21,T1,BBCH10,7.25,,2.0,12.5,10.5,False,5.0,dual_weak,1.0,2025_10_21_RSFB-Phenotyping_GG1_scores.csv,9_R4S_503_Express 617_2_4,9,Express 617,plot_f19419da98fe0824600a,score_qr,weak_pretrain
img_d0385bc4a3449d8778b9,/home/nfs/data/nvme_datasets/Pictures_CFSB_leaf_damage/2025_10_21_RSFB-Phenotyping_GG1_JLU/2025_10_21_RSFB-Phenotyping_GG1_JLU/20251021_151439.jpg,2025_10_21_RSFB-Phenotyping_GG1_JLU/2025_10_21_RSFB-Phenotyping_GG1_JLU/20251021_151439.jpg,20251021_151439.jpg,d0385bc4a3449d8778b9b6f42fdd7fd496a17bb2054be21a2c4f2272c2cffad8,gg_insects_t1_bbch10,JLU,Gross-Gerau,Insects,2025-10-21,T1,BBCH10,5.25,,8.0,2.5,5.5,False,5.0,dual_weak,1.0,2025_10_21_RSFB-Phenotyping_GG1_scores.csv,9_R4S_503_Express 617_2_4,9,Express 617,plot_f19419da98fe0824600a,score_qr,weak_pretrain
img_d55c5643d35d1a1f8e9d,/home/nfs/data/nvme_datasets/Pictures_CFSB_leaf_damage/2025_10_21_RSFB-Phenotyping_GG1_JLU/2025_10_21_RSFB-Phenotyping_GG1_JLU/20251021_151505.jpg,2025_10_21_RSFB-Phenotyping_GG1_JLU/2025_10_21_RSFB-Phenotyping_GG1_JLU/20251021_151505.jpg,20251021_151505.jpg,d55c5643d35d1a1f8e9df3ddbe984c000c03efcc4bafad9ae732b8df689b3ac4,gg_insects_t1_bbch10,JLU,Gross-Gerau,Insects,2025-10-21,T1,BBCH10,9.75,,15.0,4.5,10.5,False,5.0,dual_weak,1.0,2025_10_21_RSFB-Phenotyping_GG1_scores.csv,16_R4S_459_S14_3_4,16,S14,plot_86463875c696816ca92b,score_qr,weak_pretrain
img_e7cb824b5ea00debb79a,/home/nfs/data/nvme_datasets/Pictures_CFSB_leaf_damage/2025_10_21_RSFB-Phenotyping_GG1_JLU/2025_10_21_RSFB-Phenotyping_GG1_JLU/20251021_151642.jpg,2025_10_21_RSFB-Phenotyping_GG1_JLU/2025_10_21_RSFB-Phenotyping_GG1_JLU/20251021_151642.jpg,20251021_151642.jpg,e7cb824b5ea00debb79ac2a60dac7bb5a56b04d0353214f742523a41593ef139,gg_insects_t1_bbch10,JLU,Gross-Gerau,Insects,2025-10-21,T1,BBCH10,7.25,,10.0,4.5,5.5,False,5.0,dual_weak,1.0,2025_10_21_RSFB-Phenotyping_GG1_scores.csv,33_R4S_281_Madora_6_4,33,Madora,plot_f61b29267fecc01648f8,score_qr,weak_pretrain
img_358662b74f723d9338cf,/home/nfs/data/nvme_datasets/Pictures_CFSB_leaf_damage/2025_10_21_RSFB-Phenotyping_GG1_JLU/2025_10_21_RSFB-Phenotyping_GG1_JLU/20251021_151650.jpg,2025_10_21_RSFB-Phenotyping_GG1_JLU/2025_10_21_RSFB-Phenotyping_GG1_JLU/20251021_151650.jpg,20251021_151650.jpg,358662b74f723d9338cfa87403c71b57b9721d196f09bde0c97f892ef390ea73,gg_insects_t1_bbch10,JLU,Gross-Gerau,Insects,2025-10-21,T1,BBCH10,24.25,,35.0,13.5,21.5,False,5.0,dual_weak,1.0,2025_10_21_RSFB-Phenotyping_GG1_scores.csv,33_R4S_281_Madora_6_4,33,Madora,plot_f61b29267fecc01648f8,score_qr,weak_pretrain
img_1c1d44370653028d31ad,/home/nfs/data/nvme_datasets/Pictures_CFSB_leaf_damage/2025_10_21_RSFB-Phenotyping_GG1_JLU/2025_10_21_RSFB-Phenotyping_GG1_JLU/20251021_151704.jpg,2025_10_21_RSFB-Phenotyping_GG1_JLU/2025_10_21_RSFB-Phenotyping_GG1_JLU/20251021_151704.jpg,20251021_151704.jpg,1c1d44370653028d31ad819791b35b49b0cb9335133f408bf2ffbc3d52538029,gg_insects_t1_bbch10,JLU,Gross-Gerau,Insects,2025-10-21,T1,BBCH10,24.0,,35.0,13.0,22.0,False,5.0,dual_weak,1.0,2025_10_21_RSFB-Phenotyping_GG1_scores.csv,40_R4S_381_Panter_7_4,40,Panter,plot_ce932a71c76948e73ade,score_qr,weak_pretrain
img_3e482877a1810baa46a1,/home/nfs/data/nvme_datasets/Pictures_CFSB_leaf_damage/2025_10_21_RSFB-Phenotyping_GG1_JLU/2025_10_21_RSFB-Phenotyping_GG1_JLU/20251021_151711.jpg,2025_10_21_RSFB-Phenotyping_GG1_JLU/2025_10_21_RSFB-Phenotyping_GG1_JLU/20251021_151711.jpg,20251021_151711.jpg,3e482877a1810baa46a1fef29bd8f294b1672c82a4f72355baaaf367383715f0,gg_insects_t1_bbch10,JLU,Gross-Gerau,Insects,2025-10-21,T1,BBCH10,16.25,,25.0,7.5,17.5,False,5.0,dual_weak,1.0,2025_10_21_RSFB-Phenotyping_GG1_scores.csv,40_R4S_381_Panter_7_4,40,Panter,plot_ce932a71c76948e73ade,score_qr,weak_pretrain
img_e27b1c95fefa642ddf31,/home/nfs/data/nvme_datasets/Pictures_CFSB_leaf_damage/2025_10_21_RSFB-Phenotyping_GG1_JLU/2025_10_21_RSFB-Phenotyping_GG1_JLU/20251021_151720.jpg,2025_10_21_RSFB-Phenotyping_GG1_JLU/2025_10_21_RSFB-Phenotyping_GG1_JLU/20251021_151720.jpg,20251021_151720.jpg,e27b1c95fefa642ddf3156c8c02c20ecce1442ab6d2245df83de6681705f6ec7,gg_insects_t1_bbch10,JLU,Gross-Gerau,Insects,2025-10-21,T1,BBCH10,33.5,,40.0,27.0,13.0,False,5.0,dual_weak,1.0,2025_10_21_RSFB-Phenotyping_GG1_scores.csv,40_R4S_381_Panter_7_4,40,Panter,plot_ce932a71c76948e73ade,score_qr,weak_pretrain
img_226ddc4101ece42ccf9f,/home/nfs/data/nvme_datasets/Pictures_CFSB_leaf_damage/2025_10_21_RSFB-Phenotyping_GG1_JLU/2025_10_21_RSFB-Phenotyping_GG1_JLU/20251021_151809.jpg,2025_10_21_RSFB-Phenotyping_GG1_JLU/2025_10_21_RSFB-Phenotyping_GG1_JLU/20251021_151809.jpg,20251021_151809.jpg,226ddc4101ece42ccf9f87cec3fe88c36d848d4e0bd9f1fcd9c4610726771a51,gg_insects_t1_bbch10,JLU,Gross-Gerau,Insects,2025-10-21,T1,BBCH10,36.25,,47.0,25.5,21.5,False,5.0,dual_weak,1.0,2025_10_21_RSFB-Phenotyping_GG1_scores.csv,52_R4S_436_RS13&6_9_4,52,RS13&6,plot_e7c3e4a405d958645dc0,score_qr,weak_pretrain
img_035280582c8aea2993e4,/home/nfs/data/nvme_datasets/Pictures_CFSB_leaf_damage/2025_10_21_RSFB-Phenotyping_GG1_JLU/2025_10_21_RSFB-Phenotyping_GG1_JLU/20251021_151815.jpg,2025_10_21_RSFB-Phenotyping_GG1_JLU/2025_10_21_RSFB-Phenotyping_GG1_JLU/20251021_151815.jpg,20251021_151815.jpg,035280582c8aea2993e4381c5ae7baeee36fc1ea84abc16a5f81cf34cb8dab1c,gg_insects_t1_bbch10,JLU,Gross-Gerau,Insects,2025-10-21,T1,BBCH10,31.25,,45.0,17.5,27.5,False,5.0,dual_weak,1.0,2025_10_21_RSFB-Phenotyping_GG1_scores.csv,52_R4S_436_RS13&6_9_4,52,RS13&6,plot_e7c3e4a405d958645dc0,score_qr,weak_pretrain
img_1a22b80e402620dade32,/home/nfs/data/nvme_datasets/Pictures_CFSB_leaf_damage/2025_10_21_RSFB-Phenotyping_GG1_JLU/2025_10_21_RSFB-Phenotyping_GG1_JLU/20251021_151822.jpg,2025_10_21_RSFB-Phenotyping_GG1_JLU/2025_10_21_RSFB-Phenotyping_GG1_JLU/20251021_151822.jpg,20251021_151822.jpg,1a22b80e402620dade32ec3cc8ff461ccde9c47050bec9c16bc73fc36847015c,gg_insects_t1_bbch10,JLU,Gross-Gerau,Insects,2025-10-21,T1,BBCH10,32.25,,45.0,19.5,25.5,False,5.0,dual_weak,1.0,2025_10_21_RSFB-Phenotyping_GG1_scores.csv,52_R4S_436_RS13&6_9_4,52,RS13&6,plot_e7c3e4a405d958645dc0,score_qr,weak_pretrain
img_35cefe6b4185c0f43f82,/home/nfs/data/nvme_datasets/Pictures_CFSB_leaf_damage/2025_10_21_RSFB-Phenotyping_GG1_JLU/2025_10_21_RSFB-Phenotyping_GG1_JLU/20251021_151907.jpg,2025_10_21_RSFB-Phenotyping_GG1_JLU/2025_10_21_RSFB-Phenotyping_GG1_JLU/20251021_151907.jpg,20251021_151907.jpg,35cefe6b4185c0f43f8202e2abd463174dcd1fe685f42cddecdd99b230cc921c,gg_insects_t1_bbch10,JLU,Gross-Gerau,Insects,2025-10-21,T1,BBCH10,15.25,,25.0,5.5,19.5,False,5.0,dual_weak,1.0,2025_10_21_RSFB-Phenotyping_GG1_scores.csv,64_R4S_323_Parkside_11_4,64,Parkside,plot_6ca7eb46f81c9ecf993b,score_qr,weak_pretrain
img_64627738ffb5f3b36f6a,/home/nfs/data/nvme_datasets/Pictures_CFSB_leaf_damage/2025_10_21_RSFB-Phenotyping_GG1_JLU/2025_10_21_RSFB-Phenotyping_GG1_JLU/20251021_151915.jpg,2025_10_21_RSFB-Phenotyping_GG1_JLU/2025_10_21_RSFB-Phenotyping_GG1_JLU/20251021_151915.jpg,20251021_151915.jpg,64627738ffb5f3b36f6a7ed2e07493c053c1a256f145b0245633402a194ac027,gg_insects_t1_bbch10,JLU,Gross-Gerau,Insects,2025-10-21,T1,BBCH10,8.75,,12.0,5.5,6.5,False,5.0,dual_weak,1.0,2025_10_21_RSFB-Phenotyping_GG1_scores.csv,64_R4S_323_Parkside_11_4,64,Parkside,plot_6ca7eb46f81c9ecf993b,score_qr,weak_pretrain
img_8e8bedaaa7afeffcd1fc,/home/nfs/data/nvme_datasets/Pictures_CFSB_leaf_damage/2025_10_21_RSFB-Phenotyping_GG1_JLU/2025_10_21_RSFB-Phenotyping_GG1_JLU/20251021_151921.jpg,2025_10_21_RSFB-Phenotyping_GG1_JLU/2025_10_21_RSFB-Phenotyping_GG1_JLU/20251021_151921.jpg,20251021_151921.jpg,8e8bedaaa7afeffcd1fca0d4f1705348f3407af253a14a9ac58f8952d28d8304,gg_insects_t1_bbch10,JLU,Gross-Gerau,Insects,2025-10-21,T1,BBCH10,16.0,,20.0,12.0,8.0,False,5.0,dual_weak,1.0,2025_10_21_RSFB-Phenotyping_GG1_scores.csv,64_R4S_323_Parkside_11_4,64,Parkside,plot_6ca7eb46f81c9ecf993b,score_qr,weak_pretrain
img_094a5df940350d12cfa3,/home/nfs/data/nvme_datasets/Pictures_CFSB_leaf_damage/2025_10_21_RSFB-Phenotyping_GG1_JLU/2025_10_21_RSFB-Phenotyping_GG1_JLU/20251021_152040.jpg,2025_10_21_RSFB-Phenotyping_GG1_JLU/2025_10_21_RSFB-Phenotyping_GG1_JLU/20251021_152040.jpg,20251021_152040.jpg,094a5df940350d12cfa390807ec0965af108462c864acd7f6baf25a3a2e8ab3b,gg_insects_t1_bbch10,JLU,Gross-Gerau,Insects,2025-10-21,T1,BBCH10,9.25,,14.0,4.5,9.5,False,5.0,dual_weak,1.0,2025_10_21_RSFB-Phenotyping_GG1_scores.csv,81_R4S_276_Jupiter_14_4,81,Jupiter,plot_aace551e1ccebf79dd75,score_qr,weak_pretrain
img_7b9716f79dbf86241124,/home/nfs/data/nvme_datasets/Pictures_CFSB_leaf_damage/2025_10_21_RSFB-Phenotyping_GG1_JLU/2025_10_21_RSFB-Phenotyping_GG1_JLU/20251021_152047.jpg,2025_10_21_RSFB-Phenotyping_GG1_JLU/2025_10_21_RSFB-Phenotyping_GG1_JLU/20251021_152047.jpg,20251021_152047.jpg,7b9716f79dbf8624112440dfd5ef30842c352f253c4251c643602c9763e9653b,gg_insects_t1_bbch10,JLU,Gross-Gerau,Insects,2025-10-21,T1,BBCH10,23.25,,35.0,11.5,23.5,False,5.0,dual_weak,1.0,2025_10_21_RSFB-Phenotyping_GG1_scores.csv,81_R4S_276_Jupiter_14_4,81,Jupiter,plot_aace551e1ccebf79dd75,score_qr,weak_pretrain
img_6487aa96acfce358af41,/home/nfs/data/nvme_datasets/Pictures_CFSB_leaf_damage/2025_10_21_RSFB-Phenotyping_GG1_JLU/2025_10_21_RSFB-Phenotyping_GG1_JLU/20251021_152101.jpg,2025_10_21_RSFB-Phenotyping_GG1_JLU/2025_10_21_RSFB-Phenotyping_GG1_JLU/20251021_152101.jpg,20251021_152101.jpg,6487aa96acfce358af414ab807220ab684be541344e7658a5ffd87e0a7886ce3,gg_insects_t1_bbch10,JLU,Gross-Gerau,Insects,2025-10-21,T1,BBCH10,29.0,,43.0,15.0,28.0,False,5.0,dual_weak,1.0,2025_10_21_RSFB-Phenotyping_GG1_scores.csv,81_R4S_276_Jupiter_14_4,81,Jupiter,plot_aace551e1ccebf79dd75,score_qr,weak_pretrain
img_fa3ae6cab99cf816bca2,/home/nfs/data/nvme_datasets/Pictures_CFSB_leaf_damage/2025_10_21_RSFB-Phenotyping_GG1_JLU/2025_10_21_RSFB-Phenotyping_GG1_JLU/20251021_152127.jpg,2025_10_21_RSFB-Phenotyping_GG1_JLU/2025_10_21_RSFB-Phenotyping_GG1_JLU/20251021_152127.jpg,20251021_152127.jpg,fa3ae6cab99cf816bca2bc99b385b20902c06152d464442886f322efcfd5a0ec,gg_insects_t1_bbch10,JLU,Gross-Gerau,Insects,2025-10-21,T1,BBCH10,20.5,,28.0,13.0,15.0,False,5.0,dual_weak,1.0,2025_10_21_RSFB-Phenotyping_GG1_scores.csv,88_R4S_172_Aragon_15_4,88,Aragon,plot_14f7a79a6e5aa3805212,score_qr,weak_pretrain
img_b28eaec80041ce5dd6c6,/home/nfs/data/nvme_datasets/Pictures_CFSB_leaf_damage/2025_10_21_RSFB-Phenotyping_GG1_JLU/2025_10_21_RSFB-Phenotyping_GG1_JLU/20251021_152134.jpg,2025_10_21_RSFB-Phenotyping_GG1_JLU/2025_10_21_RSFB-Phenotyping_GG1_JLU/20251021_152134.jpg,20251021_152134.jpg,b28eaec80041ce5dd6c6c7c408876fc9d4a2bec5f0d6533f6553222b77cd15b6,gg_insects_t1_bbch10,JLU,Gross-Gerau,Insects,2025-10-21,T1,BBCH10,33.25,,42.0,24.5,17.5,False,5.0,dual_weak,1.0,2025_10_21_RSFB-Phenotyping_GG1_scores.csv,88_R4S_172_Aragon_15_4,88,Aragon,plot_14f7a79a6e5aa3805212,score_qr,weak_pretrain
img_30234d9a9fd5658ccc64,/home/nfs/data/nvme_datasets/Pictures_CFSB_leaf_damage/2025_10_21_RSFB-Phenotyping_GG1_JLU/2025_10_21_RSFB-Phenotyping_GG1_JLU/20251021_152213.jpg,2025_10_21_RSFB-Phenotyping_GG1_JLU/2025_10_21_RSFB-Phenotyping_GG1_JLU/20251021_152213.jpg,20251021_152213.jpg,30234d9a9fd5658ccc6477be548723cac0761007e42df247a7bcd7fd9038b89a,gg_insects_t1_bbch10,JLU,Gross-Gerau,Insects,2025-10-21,T1,BBCH10,13.75,,20.0,7.5,12.5,False,5.0,dual_weak,1.0,2025_10_21_RSFB-Phenotyping_GG1_scores.csv,100_R4S_251_Lisabeth_17_4,100,Lisabeth,plot_67dc730dc218f4c377b3,score_qr,weak_pretrain
img_26c390185314ceaba600,/home/nfs/data/nvme_datasets/Pictures_CFSB_leaf_damage/2025_10_21_RSFB-Phenotyping_GG1_JLU/2025_10_21_RSFB-Phenotyping_GG1_JLU/20251021_152220.jpg,2025_10_21_RSFB-Phenotyping_GG1_JLU/2025_10_21_RSFB-Phenotyping_GG1_JLU/20251021_152220.jpg,20251021_152220.jpg,26c390185314ceaba6005a7cfa37492584e0ef59ffd31383b949caee5312ef61,gg_insects_t1_bbch10,JLU,Gross-Gerau,Insects,2025-10-21,T1,BBCH10,9.5,,14.0,5.0,9.0,False,5.0,dual_weak,1.0,2025_10_21_RSFB-Phenotyping_GG1_scores.csv,100_R4S_251_Lisabeth_17_4,100,Lisabeth,plot_67dc730dc218f4c377b3,score_qr,weak_pretrain
img_498d37dc983c181b0c5f,/home/nfs/data/nvme_datasets/Pictures_CFSB_leaf_damage/2025_10_21_RSFB-Phenotyping_GG1_JLU/2025_10_21_RSFB-Phenotyping_GG1_JLU/20251021_152309.jpg,2025_10_21_RSFB-Phenotyping_GG1_JLU/2025_10_21_RSFB-Phenotyping_GG1_JLU/20251021_152309.jpg,20251021_152309.jpg,498d37dc983c181b0c5f3b867d3deacc1574074c8357d9d0d41df37339e7ccda,gg_insects_t1_bbch10,JLU,Gross-Gerau,Insects,2025-10-21,T1,BBCH10,33.0,,48.0,18.0,30.0,False,5.0,dual_weak,1.0,2025_10_21_RSFB-Phenotyping_GG1_scores.csv,112_R4S_407_S39_19_4,112,S39,plot_d4455d800f102e758eb6,score_qr,weak_pretrain
img_70630093e9c6c116d6c2,/home/nfs/data/nvme_datasets/Pictures_CFSB_leaf_damage/2025_10_21_RSFB-Phenotyping_GG1_JLU/2025_10_21_RSFB-Phenotyping_GG1_JLU/20251021_152320.jpg,2025_10_21_RSFB-Phenotyping_GG1_JLU/2025_10_21_RSFB-Phenotyping_GG1_JLU/20251021_152320.jpg,20251021_152320.jpg,70630093e9c6c116d6c2f6f9b92cabb8182dcb0837611fc379a56d608c0d7bb5,gg_insects_t1_bbch10,JLU,Gross-Gerau,Insects,2025-10-21,T1,BBCH10,27.5,,40.0,15.0,25.0,False,5.0,dual_weak,1.0,2025_10_21_RSFB-Phenotyping_GG1_scores.csv,112_R4S_407_S39_19_4,112,S39,plot_d4455d800f102e758eb6,score_qr,weak_pretrain
img_bbfca6cc73f27a33cc08,/home/nfs/data/nvme_datasets/Pictures_CFSB_leaf_damage/2025_10_21_RSFB-Phenotyping_GG1_JLU/2025_10_21_RSFB-Phenotyping_GG1_JLU/20251021_152331.jpg,2025_10_21_RSFB-Phenotyping_GG1_JLU/2025_10_21_RSFB-Phenotyping_GG1_JLU/20251021_152331.jpg,20251021_152331.jpg,bbfca6cc73f27a33cc08b0198d5d2d66ee864fcc255f8e96f664db2fe43e46f3,gg_insects_t1_bbch10,JLU,Gross-Gerau,Insects,2025-10-21,T1,BBCH10,26.25,,35.0,17.5,17.5,False,5.0,dual_weak,1.0,2025_10_21_RSFB-Phenotyping_GG1_scores.csv,112_R4S_407_S39_19_4,112,S39,plot_d4455d800f102e758eb6,score_qr,weak_pretrain
img_70c7360b1a4d057b996f,/home/nfs/data/nvme_datasets/Pictures_CFSB_leaf_damage/2025_10_21_RSFB-Phenotyping_GG1_JLU/2025_10_21_RSFB-Phenotyping_GG1_JLU/20251021_152408.jpg,2025_10_21_RSFB-Phenotyping_GG1_JLU/2025_10_21_RSFB-Phenotyping_GG1_JLU/20251021_152408.jpg,20251021_152408.jpg,70c7360b1a4d057b996f128ff04f2e89c76a171e31a4ef7511d11e5f1adb672d,gg_insects_t1_bbch10,JLU,Gross-Gerau,Insects,2025-10-21,T1,BBCH10,18.75,,30.0,7.5,22.5,False,5.0,dual_weak,1.0,2025_10_21_RSFB-Phenotyping_GG1_scores.csv,117_R4S_159_Lipton_20_4,117,Lipton,plot_ebc67eaaf00212b5d3d3,score_qr,weak_pretrain
img_4edafd2af4f29db17434,/home/nfs/data/nvme_datasets/Pictures_CFSB_leaf_damage/2025_10_21_RSFB-Phenotyping_GG1_JLU/2025_10_21_RSFB-Phenotyping_GG1_JLU/20251021_152430.jpg,2025_10_21_RSFB-Phenotyping_GG1_JLU/2025_10_21_RSFB-Phenotyping_GG1_JLU/20251021_152430.jpg,20251021_152430.jpg,4edafd2af4f29db17434f6a67f7006677d530ce7b2139e0c67565c61b94f8e63,gg_insects_t1_bbch10,JLU,Gross-Gerau,Insects,2025-10-21,T1,BBCH10,19.0,,25.0,13.0,12.0,False,5.0,dual_weak,1.0,2025_10_21_RSFB-Phenotyping_GG1_scores.csv,124_R4S_372_CANARD_21_4,124,CANARD,plot_74c4aa7d5cedc433cb1e,score_qr,weak_pretrain
img_b092e92009b2b1f965fa,/home/nfs/data/nvme_datasets/Pictures_CFSB_leaf_damage/2025_10_21_RSFB-Phenotyping_GG1_JLU/2025_10_21_RSFB-Phenotyping_GG1_JLU/20251021_152442.jpg,2025_10_21_RSFB-Phenotyping_GG1_JLU/2025_10_21_RSFB-Phenotyping_GG1_JLU/20251021_152442.jpg,20251021_152442.jpg,b092e92009b2b1f965faaebf20945e01e87c96ca82de713d80c886aadce60779,gg_insects_t1_bbch10,JLU,Gross-Gerau,Insects,2025-10-21,T1,BBCH10,20.0,,30.0,10.0,20.0,False,5.0,dual_weak,1.0,2025_10_21_RSFB-Phenotyping_GG1_scores.csv,124_R4S_372_CANARD_21_4,124,CANARD,plot_74c4aa7d5cedc433cb1e,score_qr,weak_pretrain
img_468d083837903fbc59a5,/home/nfs/data/nvme_datasets/Pictures_CFSB_leaf_damage/2025_10_21_RSFB-Phenotyping_GG1_JLU/2025_10_21_RSFB-Phenotyping_GG1_JLU/20251021_152457.jpg,2025_10_21_RSFB-Phenotyping_GG1_JLU/2025_10_21_RSFB-Phenotyping_GG1_JLU/20251021_152457.jpg,20251021_152457.jpg,468d083837903fbc59a58522eae9ff8224a593c58803f0afe2803e2b206bdcc5,gg_insects_t1_bbch10,JLU,Gross-Gerau,Insects,2025-10-21,T1,BBCH10,6.25,,3.0,9.5,6.5,False,5.0,dual_weak,1.0,2025_10_21_RSFB-Phenotyping_GG1_scores.csv,129_R4S_540_Smaragd_22_4,129,Smaragd,plot_cf8f8145824cff35d237,score_qr,weak_pretrain
img_3cde5a52588a07f40060,/home/nfs/data/nvme_datasets/Pictures_CFSB_leaf_damage/2025_10_21_RSFB-Phenotyping_GG1_JLU/2025_10_21_RSFB-Phenotyping_GG1_JLU/20251021_152637.jpg,2025_10_21_RSFB-Phenotyping_GG1_JLU/2025_10_21_RSFB-Phenotyping_GG1_JLU/20251021_152637.jpg,20251021_152637.jpg,3cde5a52588a07f40060284c242517c28e0a51a5cdae585765e8dcac1d010f28,gg_insects_t1_bbch10,JLU,Gross-Gerau,Insects,2025-10-21,T1,BBCH10,12.25,,16.0,8.5,7.5,False,5.0,dual_weak,1.0,2025_10_21_RSFB-Phenotyping_GG1_scores.csv,148_R4S_384_Mestnij_25_4,148,Mestnij,plot_fe93ef196b1a8b77de19,score_qr,weak_pretrain
img_5035c85b1a4aff085157,/home/nfs/data/nvme_datasets/Pictures_CFSB_leaf_damage/2025_10_21_RSFB-Phenotyping_GG1_JLU/2025_10_21_RSFB-Phenotyping_GG1_JLU/20251021_152643.jpg,2025_10_21_RSFB-Phenotyping_GG1_JLU/2025_10_21_RSFB-Phenotyping_GG1_JLU/20251021_152643.jpg,20251021_152643.jpg,5035c85b1a4aff08515722d16f2b9f7c6761221e96cff969ce618e00203e6860,gg_insects_t1_bbch10,JLU,Gross-Gerau,Insects,2025-10-21,T1,BBCH10,8.5,,17.0,0.0,17.0,False,5.0,dual_weak,1.0,2025_10_21_RSFB-Phenotyping_GG1_scores.csv,148_R4S_384_Mestnij_25_4,148,Mestnij,plot_fe93ef196b1a8b77de19,score_qr,weak_pretrain
img_4bee69b44deff01db267,/home/nfs/data/nvme_datasets/Pictures_CFSB_leaf_damage/2025_10_21_RSFB-Phenotyping_GG1_JLU/2025_10_21_RSFB-Phenotyping_GG1_JLU/20251021_152653.jpg,2025_10_21_RSFB-Phenotyping_GG1_JLU/2025_10_21_RSFB-Phenotyping_GG1_JLU/20251021_152653.jpg,20251021_152653.jpg,4bee69b44deff01db2671288d7a59b930664a08ea2b88e70fd2ff1eac312703d,gg_insects_t1_bbch10,JLU,Gross-Gerau,Insects,2025-10-21,T1,BBCH10,4.75,,1.0,8.5,7.5,False,5.0,dual_weak,1.0,2025_10_21_RSFB-Phenotyping_GG1_scores.csv,148_R4S_384_Mestnij_25_4,148,Mestnij,plot_fe93ef196b1a8b77de19,score_qr,weak_pretrain
img_de220713ece590807501,/home/nfs/data/nvme_datasets/Pictures_CFSB_leaf_damage/2025_10_21_RSFB-Phenotyping_GG1_JLU/2025_10_21_RSFB-Phenotyping_GG1_JLU/20251021_152721.jpg,2025_10_21_RSFB-Phenotyping_GG1_JLU/2025_10_21_RSFB-Phenotyping_GG1_JLU/20251021_152721.jpg,20251021_152721.jpg,de220713ece590807501ca1c1a9e7905e387f6af2d571e2dd77e73abeae136be,gg_insects_t1_bbch10,JLU,Gross-Gerau,Insects,2025-10-21,T1,BBCH10,12.0,,8.0,16.0,8.0,False,5.0,dual_weak,1.0,2025_10_21_RSFB-Phenotyping_GG1_scores.csv,153_R4S_205_RESZN/H048_26_4,153,RESZN/H048,plot_de2f51ed98b70b393739,score_qr,weak_pretrain
img_3f9ed69fd3b107aa26c1,/home/nfs/data/nvme_datasets/Pictures_CFSB_leaf_damage/2025_10_21_RSFB-Phenotyping_GG1_JLU/2025_10_21_RSFB-Phenotyping_GG1_JLU/20251021_152731.jpg,2025_10_21_RSFB-Phenotyping_GG1_JLU/2025_10_21_RSFB-Phenotyping_GG1_JLU/20251021_152731.jpg,20251021_152731.jpg,3f9ed69fd3b107aa26c1a1a522508ed1ed15ad80ebb3bec8d5cdc84759c7a35d,gg_insects_t1_bbch10,JLU,Gross-Gerau,Insects,2025-10-21,T1,BBCH10,25.75,,40.0,11.5,28.5,False,5.0,dual_weak,1.0,2025_10_21_RSFB-Phenotyping_GG1_scores.csv,160_R4S_352_LORD DERBZ_27_4,160,LORD DERBZ,plot_b87ad5766ebb2bbfcd29,score_qr,weak_pretrain
img_b12aeced89fea4e41ed0,/home/nfs/data/nvme_datasets/Pictures_CFSB_leaf_damage/2025_10_21_RSFB-Phenotyping_GG1_JLU/2025_10_21_RSFB-Phenotyping_GG1_JLU/20251021_152737.jpg,2025_10_21_RSFB-Phenotyping_GG1_JLU/2025_10_21_RSFB-Phenotyping_GG1_JLU/20251021_152737.jpg,20251021_152737.jpg,b12aeced89fea4e41ed02ac2550243d8e6016b18d7c017fb5c8a8925cc5aff94,gg_insects_t1_bbch10,JLU,Gross-Gerau,Insects,2025-10-21,T1,BBCH10,25.5,,42.0,9.0,33.0,False,5.0,dual_weak,1.0,2025_10_21_RSFB-Phenotyping_GG1_scores.csv,160_R4S_352_LORD DERBZ_27_4,160,LORD DERBZ,plot_b87ad5766ebb2bbfcd29,score_qr,weak_pretrain
img_6570ff6b6be0dd850c6c,/home/nfs/data/nvme_datasets/Pictures_CFSB_leaf_damage/2025_10_21_RSFB-Phenotyping_GG1_JLU/2025_10_21_RSFB-Phenotyping_GG1_JLU/20251021_152743.jpg,2025_10_21_RSFB-Phenotyping_GG1_JLU/2025_10_21_RSFB-Phenotyping_GG1_JLU/20251021_152743.jpg,20251021_152743.jpg,6570ff6b6be0dd850c6cef4bab81a7e93397ed4a0372c78c1ce8c58c34841069,gg_insects_t1_bbch10,JLU,Gross-Gerau,Insects,2025-10-21,T1,BBCH10,27.75,,43.0,12.5,30.5,False,5.0,dual_weak,1.0,2025_10_21_RSFB-Phenotyping_GG1_scores.csv,160_R4S_352_LORD DERBZ_27_4,160,LORD DERBZ,plot_b87ad5766ebb2bbfcd29,score_qr,weak_pretrain
img_970d6b3d48ea6c3d7d60,/home/nfs/data/nvme_datasets/Pictures_CFSB_leaf_damage/2025_10_21_RSFB-Phenotyping_GG1_JLU/2025_10_21_RSFB-Phenotyping_GG1_JLU/20251021_152819.jpg,2025_10_21_RSFB-Phenotyping_GG1_JLU/2025_10_21_RSFB-Phenotyping_GG1_JLU/20251021_152819.jpg,20251021_152819.jpg,970d6b3d48ea6c3d7d60031e71514ba00464659a8a1c280ca028d92055549dce,gg_insects_t1_bbch10,JLU,Gross-Gerau,Insects,2025-10-21,T1,BBCH10,24.0,,40.0,8.0,32.0,False,5.0,dual_weak,1.0,2025_10_21_RSFB-Phenotyping_GG1_scores.csv,172_R4S_439_R76_29_4,172,R76,plot_6cb7c9a593c57304c307,score_qr,weak_pretrain
img_4050dcd1b1e73af5ba00,/home/nfs/data/nvme_datasets/Pictures_CFSB_leaf_damage/2025_10_21_RSFB-Phenotyping_GG1_JLU/2025_10_21_RSFB-Phenotyping_GG1_JLU/20251021_152828.jpg,2025_10_21_RSFB-Phenotyping_GG1_JLU/2025_10_21_RSFB-Phenotyping_GG1_JLU/20251021_152828.jpg,20251021_152828.jpg,4050dcd1b1e73af5ba003a3ab18bbbfc130429878ae728b4eaa1f9bf91f5663c,gg_insects_t1_bbch10,JLU,Gross-Gerau,Insects,2025-10-21,T1,BBCH10,28.5,,47.0,10.0,37.0,False,5.0,dual_weak,1.0,2025_10_21_RSFB-Phenotyping_GG1_scores.csv,172_R4S_439_R76_29_4,172,R76,plot_6cb7c9a593c57304c307,score_qr,weak_pretrain
img_eb69ba6441ad3e525e70,/home/nfs/data/nvme_datasets/Pictures_CFSB_leaf_damage/2025_10_21_RSFB-Phenotyping_GG1_JLU/2025_10_21_RSFB-Phenotyping_GG1_JLU/20251021_152843.jpg,2025_10_21_RSFB-Phenotyping_GG1_JLU/2025_10_21_RSFB-Phenotyping_GG1_JLU/20251021_152843.jpg,20251021_152843.jpg,eb69ba6441ad3e525e70fff79b2a5e903187d635d5f750e2a7b2f161ce6a32c7,gg_insects_t1_bbch10,JLU,Gross-Gerau,Insects,2025-10-21,T1,BBCH10,32.5,,47.0,18.0,29.0,False,5.0,dual_weak,1.0,2025_10_21_RSFB-Phenotyping_GG1_scores.csv,172_R4S_439_R76_29_4,172,R76,plot_6cb7c9a593c57304c307,score_qr,weak_pretrain
img_8d46eb98a0a80cb1ad90,/home/nfs/data/nvme_datasets/Pictures_CFSB_leaf_damage/2025_10_21_RSFB-Phenotyping_GG1_JLU/2025_10_21_RSFB-Phenotyping_GG1_JLU/20251021_152854.jpg,2025_10_21_RSFB-Phenotyping_GG1_JLU/2025_10_21_RSFB-Phenotyping_GG1_JLU/20251021_152854.jpg,20251021_152854.jpg,8d46eb98a0a80cb1ad900f985e7e4e2168d064b3b1eb93745eddfdc5008d233c,gg_insects_t1_bbch10,JLU,Gross-Gerau,Insects,2025-10-21,T1,BBCH10,18.5,,28.0,9.0,19.0,False,5.0,dual_weak,1.0,2025_10_21_RSFB-Phenotyping_GG1_scores.csv,177_R4S_146_K615_30_4,177,K615,plot_ee9e57e14d7b78633cf1,score_qr,weak_pretrain
img_cf75319e37843e7f9f71,/home/nfs/data/nvme_datasets/Pictures_CFSB_leaf_damage/2025_10_21_RSFB-Phenotyping_GG1_JLU/2025_10_21_RSFB-Phenotyping_GG1_JLU/20251021_152903.jpg,2025_10_21_RSFB-Phenotyping_GG1_JLU/2025_10_21_RSFB-Phenotyping_GG1_JLU/20251021_152903.jpg,20251021_152903.jpg,cf75319e37843e7f9f712024b328e64a17d2cee5873b1088a8ce8742acc94a65,gg_insects_t1_bbch10,JLU,Gross-Gerau,Insects,2025-10-21,T1,BBCH10,27.75,,42.0,13.5,28.5,False,5.0,dual_weak,1.0,2025_10_21_RSFB-Phenotyping_GG1_scores.csv,177_R4S_146_K615_30_4,177,K615,plot_ee9e57e14d7b78633cf1,score_qr,weak_pretrain
img_686e2c5e373fbe1967a1,/home/nfs/data/nvme_datasets/Pictures_CFSB_leaf_damage/2025_10_21_RSFB-Phenotyping_GG1_JLU/2025_10_21_RSFB-Phenotyping_GG1_JLU/20251021_152912.jpg,2025_10_21_RSFB-Phenotyping_GG1_JLU/2025_10_21_RSFB-Phenotyping_GG1_JLU/20251021_152912.jpg,20251021_152912.jpg,686e2c5e373fbe1967a1350d5a091c038db38255589a73e1dc05269d16bfbfe5,gg_insects_t1_bbch10,JLU,Gross-Gerau,Insects,2025-10-21,T1,BBCH10,29.5,,45.0,14.0,31.0,False,5.0,dual_weak,1.0,2025_10_21_RSFB-Phenotyping_GG1_scores.csv,177_R4S_146_K615_30_4,177,K615,plot_ee9e57e14d7b78633cf1,score_qr,weak_pretrain
img_acc83f8826b41f8bac40,/home/nfs/data/nvme_datasets/Pictures_CFSB_leaf_damage/2025_10_21_RSFB-Phenotyping_GG1_JLU/2025_10_21_RSFB-Phenotyping_GG1_JLU/20251021_152926.jpg,2025_10_21_RSFB-Phenotyping_GG1_JLU/2025_10_21_RSFB-Phenotyping_GG1_JLU/20251021_152926.jpg,20251021_152926.jpg,acc83f8826b41f8bac408e2338fcd19fc04a5d4df6fc1c630b16eae6a320aaf0,gg_insects_t1_bbch10,JLU,Gross-Gerau,Insects,2025-10-21,T1,BBCH10,29.0,,43.0,15.0,28.0,False,5.0,dual_weak,1.0,2025_10_21_RSFB-Phenotyping_GG1_scores.csv,184_R4S_523_Taisetsu_31_4,184,Taisetsu,plot_123ad104be778e372f4a,score_qr,weak_pretrain
img_3d15806c5d5ddb57db80,/home/nfs/data/nvme_datasets/Pictures_CFSB_leaf_damage/2025_10_21_RSFB-Phenotyping_GG1_JLU/2025_10_21_RSFB-Phenotyping_GG1_JLU/20251021_152935.jpg,2025_10_21_RSFB-Phenotyping_GG1_JLU/2025_10_21_RSFB-Phenotyping_GG1_JLU/20251021_152935.jpg,20251021_152935.jpg,3d15806c5d5ddb57db806495ba51bc7d34eda5ea3155c69391d6c5b51f788f64,gg_insects_t1_bbch10,JLU,Gross-Gerau,Insects,2025-10-21,T1,BBCH10,30.75,,47.0,14.5,32.5,False,5.0,dual_weak,1.0,2025_10_21_RSFB-Phenotyping_GG1_scores.csv,184_R4S_523_Taisetsu_31_4,184,Taisetsu,plot_123ad104be778e372f4a,score_qr,weak_pretrain
img_fd6f0af62eec97ff634a,/home/nfs/data/nvme_datasets/Pictures_CFSB_leaf_damage/2025_10_21_RSFB-Phenotyping_GG1_JLU/2025_10_21_RSFB-Phenotyping_GG1_JLU/20251021_152942.jpg,2025_10_21_RSFB-Phenotyping_GG1_JLU/2025_10_21_RSFB-Phenotyping_GG1_JLU/20251021_152942.jpg,20251021_152942.jpg,fd6f0af62eec97ff634a9174e9d87dee03ae2a5414d992a24b3cba43276ed9d7,gg_insects_t1_bbch10,JLU,Gross-Gerau,Insects,2025-10-21,T1,BBCH10,28.75,,45.0,12.5,32.5,False,5.0,dual_weak,1.0,2025_10_21_RSFB-Phenotyping_GG1_scores.csv,184_R4S_523_Taisetsu_31_4,184,Taisetsu,plot_123ad104be778e372f4a,score_qr,weak_pretrain
img_26b6fd2fdcce95439a08,/home/nfs/data/nvme_datasets/Pictures_CFSB_leaf_damage/2025_10_21_RSFB-Phenotyping_GG1_JLU/2025_10_21_RSFB-Phenotyping_GG1_JLU/20251021_152954.jpg,2025_10_21_RSFB-Phenotyping_GG1_JLU/2025_10_21_RSFB-Phenotyping_GG1_JLU/20251021_152954.jpg,20251021_152954.jpg,26b6fd2fdcce95439a08ce330fedf042e88b89e63915ca8c2d96d66300fc359c,gg_insects_t1_bbch10,JLU,Gross-Gerau,Insects,2025-10-21,T1,BBCH10,18.75,,8.0,29.5,21.5,False,5.0,dual_weak,1.0,2025_10_21_RSFB-Phenotyping_GG1_scores.csv,189_R4S_239_SW Sinatra_32_4,189,SW Sinatra,plot_1ecec10b682823c540d2,score_qr,weak_pretrain
img_87e4d868874468c20050,/home/nfs/data/nvme_datasets/Pictures_CFSB_leaf_damage/2025_10_21_RSFB-Phenotyping_GG1_JLU/2025_10_21_RSFB-Phenotyping_GG1_JLU/20251021_153007.jpg,2025_10_21_RSFB-Phenotyping_GG1_JLU/2025_10_21_RSFB-Phenotyping_GG1_JLU/20251021_153007.jpg,20251021_153007.jpg,87e4d868874468c20050ed52cf29c3ce43528b1082c191d6dd5e6e28a76d61a9,gg_insects_t1_bbch10,JLU,Gross-Gerau,Insects,2025-10-21,T1,BBCH10,24.5,,40.0,9.0,31.0,False,5.0,dual_weak,1.0,2025_10_21_RSFB-Phenotyping_GG1_scores.csv,189_R4S_239_SW Sinatra_32_4,189,SW Sinatra,plot_1ecec10b682823c540d2,score_qr,weak_pretrain
img_5437581903a7610d9ae5,/home/nfs/data/nvme_datasets/Pictures_CFSB_leaf_damage/2025_10_21_RSFB-Phenotyping_GG1_JLU/2025_10_21_RSFB-Phenotyping_GG1_JLU/20251021_153020.jpg,2025_10_21_RSFB-Phenotyping_GG1_JLU/2025_10_21_RSFB-Phenotyping_GG1_JLU/20251021_153020.jpg,20251021_153020.jpg,5437581903a7610d9ae5b87cc12991e6091225af4ee1f8254d0ae8e1d40b498f,gg_insects_t1_bbch10,JLU,Gross-Gerau,Insects,2025-10-21,T1,BBCH10,24.75,,38.0,11.5,26.5,False,5.0,dual_weak,1.0,2025_10_21_RSFB-Phenotyping_GG1_scores.csv,196_R4S_347_Aberdeenshire Priye_33_4,196,Aberdeenshire Priye,plot_811bb48cbb06fb3e7ff7,score_qr,weak_pretrain
img_e91bfe42470c10d4dea4,/home/nfs/data/nvme_datasets/Pictures_CFSB_leaf_damage/2025_10_21_RSFB-Phenotyping_GG1_JLU/2025_10_21_RSFB-Phenotyping_GG1_JLU/20251021_153027.jpg,2025_10_21_RSFB-Phenotyping_GG1_JLU/2025_10_21_RSFB-Phenotyping_GG1_JLU/20251021_153027.jpg,20251021_153027.jpg,e91bfe42470c10d4dea4fc42ef6f7c4fc4909b16961ba9ec3bda268b5f9b9144,gg_insects_t1_bbch10,JLU,Gross-Gerau,Insects,2025-10-21,T1,BBCH10,22.25,,35.0,9.5,25.5,False,5.0,dual_weak,1.0,2025_10_21_RSFB-Phenotyping_GG1_scores.csv,196_R4S_347_Aberdeenshire Priye_33_4,196,Aberdeenshire Priye,plot_811bb48cbb06fb3e7ff7,score_qr,weak_pretrain
img_920dc322b75f9029e3e9,/home/nfs/data/nvme_datasets/Pictures_CFSB_leaf_damage/2025_10_21_RSFB-Phenotyping_GG1_JLU/2025_10_21_RSFB-Phenotyping_GG1_JLU/20251021_153035.jpg,2025_10_21_RSFB-Phenotyping_GG1_JLU/2025_10_21_RSFB-Phenotyping_GG1_JLU/20251021_153035.jpg,20251021_153035.jpg,920dc322b75f9029e3e93427f1c38d0ed6d29864a51e7593a7d2e2f97bf1b615,gg_insects_t1_bbch10,JLU,Gross-Gerau,Insects,2025-10-21,T1,BBCH10,25.75,,40.0,11.5,28.5,False,5.0,dual_weak,1.0,2025_10_21_RSFB-Phenotyping_GG1_scores.csv,196_R4S_347_Aberdeenshire Priye_33_4,196,Aberdeenshire Priye,plot_811bb48cbb06fb3e7ff7,score_qr,weak_pretrain
img_9b007d7d773b9dcaeba2,/home/nfs/data/nvme_datasets/Pictures_CFSB_leaf_damage/2025_10_21_RSFB-Phenotyping_GG1_JLU/2025_10_21_RSFB-Phenotyping_GG1_JLU/20251021_153049.jpg,2025_10_21_RSFB-Phenotyping_GG1_JLU/2025_10_21_RSFB-Phenotyping_GG1_JLU/20251021_153049.jpg,20251021_153049.jpg,9b007d7d773b9dcaeba2842111efcb7f3843c7dd5e404fa81d16e099be1e1a21,gg_insects_t1_bbch10,JLU,Gross-Gerau,Insects,2025-10-21,T1,BBCH10,22.0,,30.0,14.0,16.0,False,5.0,dual_weak,1.0,2025_10_21_RSFB-Phenotyping_GG1_scores.csv,201_R4S_304_Q100_34_4,201,Q100,plot_860b04c931ec62b25130,score_qr,weak_pretrain
img_bcea19e6049aeda589b6,/home/nfs/data/nvme_datasets/Pictures_CFSB_leaf_damage/2025_10_21_RSFB-Phenotyping_GG1_JLU/2025_10_21_RSFB-Phenotyping_GG1_JLU/20251021_153056.jpg,2025_10_21_RSFB-Phenotyping_GG1_JLU/2025_10_21_RSFB-Phenotyping_GG1_JLU/20251021_153056.jpg,20251021_153056.jpg,bcea19e6049aeda589b6fd2d1cb2c90dba2dfaddb7f273c28ee65526a06afec5,gg_insects_t1_bbch10,JLU,Gross-Gerau,Insects,2025-10-21,T1,BBCH10,29.75,,45.0,14.5,30.5,False,5.0,dual_weak,1.0,2025_10_21_RSFB-Phenotyping_GG1_scores.csv,201_R4S_304_Q100_34_4,201,Q100,plot_860b04c931ec62b25130,score_qr,weak_pretrain
img_fe37e9e619926cc8250f,/home/nfs/data/nvme_datasets/Pictures_CFSB_leaf_damage/2025_10_21_RSFB-Phenotyping_GG1_JLU/2025_10_21_RSFB-Phenotyping_GG1_JLU/20251021_153104.jpg,2025_10_21_RSFB-Phenotyping_GG1_JLU/2025_10_21_RSFB-Phenotyping_GG1_JLU/20251021_153104.jpg,20251021_153104.jpg,fe37e9e619926cc8250fc66aea36cf4d03d80fdceeb7ed157937d5517048283b,gg_insects_t1_bbch10,JLU,Gross-Gerau,Insects,2025-10-21,T1,BBCH10,31.5,,45.0,18.0,27.0,False,5.0,dual_weak,1.0,2025_10_21_RSFB-Phenotyping_GG1_scores.csv,201_R4S_304_Q100_34_4,201,Q100,plot_860b04c931ec62b25130,score_qr,weak_pretrain
img_cb841fb72525fb27b3a5,/home/nfs/data/nvme_datasets/Pictures_CFSB_leaf_damage/2025_10_21_RSFB-Phenotyping_GG1_JLU/2025_10_21_RSFB-Phenotyping_GG1_JLU/20251021_153121.jpg,2025_10_21_RSFB-Phenotyping_GG1_JLU/2025_10_21_RSFB-Phenotyping_GG1_JLU/20251021_153121.jpg,20251021_153121.jpg,cb841fb72525fb27b3a5e7183cd58613fd62fb46a40f77b075fb93814a592dd4,gg_insects_t1_bbch10,JLU,Gross-Gerau,Insects,2025-10-21,T1,BBCH10,35.5,,49.0,22.0,27.0,False,5.0,dual_weak,1.0,2025_10_21_RSFB-Phenotyping_GG1_scores.csv,208_R4S_418_R64_35_4,208,R64,plot_bd1848701f4e186534a1,score_qr,weak_pretrain
img_918e4d7108fae21c05fa,/home/nfs/data/nvme_datasets/Pictures_CFSB_leaf_damage/2025_10_21_RSFB-Phenotyping_GG1_JLU/2025_10_21_RSFB-Phenotyping_GG1_JLU/20251021_153130.jpg,2025_10_21_RSFB-Phenotyping_GG1_JLU/2025_10_21_RSFB-Phenotyping_GG1_JLU/20251021_153130.jpg,20251021_153130.jpg,918e4d7108fae21c05fa5a2567696d073606372d7778118f4836503c6c7d6dc0,gg_insects_t1_bbch10,JLU,Gross-Gerau,Insects,2025-10-21,T1,BBCH10,30.75,,45.0,16.5,28.5,False,5.0,dual_weak,1.0,2025_10_21_RSFB-Phenotyping_GG1_scores.csv,208_R4S_418_R64_35_4,208,R64,plot_bd1848701f4e186534a1,score_qr,weak_pretrain
img_a7b161d3500e960362e2,/home/nfs/data/nvme_datasets/Pictures_CFSB_leaf_damage/2025_10_21_RSFB-Phenotyping_GG1_JLU/2025_10_21_RSFB-Phenotyping_GG1_JLU/20251021_153148.jpg,2025_10_21_RSFB-Phenotyping_GG1_JLU/2025_10_21_RSFB-Phenotyping_GG1_JLU/20251021_153148.jpg,20251021_153148.jpg,a7b161d3500e960362e23c81f37c9f96e504f6f332981851feb94dd4df5e6c12,gg_insects_t1_bbch10,JLU,Gross-Gerau,Insects,2025-10-21,T1,BBCH10,27.75,,42.0,13.5,28.5,False,5.0,dual_weak,1.0,2025_10_21_RSFB-Phenotyping_GG1_scores.csv,213_R4S_237_Loreny_36_4,213,Loreny,plot_644b29acfed8021af1c2,score_qr,weak_pretrain
img_8d2e8663f860cda4ab68,/home/nfs/data/nvme_datasets/Pictures_CFSB_leaf_damage/2025_10_21_RSFB-Phenotyping_GG1_JLU/2025_10_21_RSFB-Phenotyping_GG1_JLU/20251021_153156.jpg,2025_10_21_RSFB-Phenotyping_GG1_JLU/2025_10_21_RSFB-Phenotyping_GG1_JLU/20251021_153156.jpg,20251021_153156.jpg,8d2e8663f860cda4ab68a55f3ac52ce04d825fe8cb5e8c243019bc06b1cb48bc,gg_insects_t1_bbch10,JLU,Gross-Gerau,Insects,2025-10-21,T1,BBCH10,27.0,,38.0,16.0,22.0,False,5.0,dual_weak,1.0,2025_10_21_RSFB-Phenotyping_GG1_scores.csv,213_R4S_237_Loreny_36_4,213,Loreny,plot_644b29acfed8021af1c2,score_qr,weak_pretrain
img_5dff5a515b5ac66d5749,/home/nfs/data/nvme_datasets/Pictures_CFSB_leaf_damage/2025_10_21_RSFB-Phenotyping_GG1_JLU/2025_10_21_RSFB-Phenotyping_GG1_JLU/20251021_153248.jpg,2025_10_21_RSFB-Phenotyping_GG1_JLU/2025_10_21_RSFB-Phenotyping_GG1_JLU/20251021_153248.jpg,20251021_153248.jpg,5dff5a515b5ac66d57492e3235c8ea4156052fbef8be95e2f08e036d69f635f9,gg_insects_t1_bbch10,JLU,Gross-Gerau,Insects,2025-10-21,T1,BBCH10,17.25,,25.0,9.5,15.5,False,5.0,dual_weak,1.0,2025_10_21_RSFB-Phenotyping_GG1_scores.csv,225_R4S_365_Palu_38_4,225,Palu,plot_de2fe6a6d345961359f9,score_qr,weak_pretrain
img_2489e6e61df7c87f3bd2,/home/nfs/data/nvme_datasets/Pictures_CFSB_leaf_damage/2025_10_21_RSFB-Phenotyping_GG1_JLU/2025_10_21_RSFB-Phenotyping_GG1_JLU/20251021_153258.jpg,2025_10_21_RSFB-Phenotyping_GG1_JLU/2025_10_21_RSFB-Phenotyping_GG1_JLU/20251021_153258.jpg,20251021_153258.jpg,2489e6e61df7c87f3bd2a1629e0850bb79c3935399ff893fd70b577468ef0377,gg_insects_t1_bbch10,JLU,Gross-Gerau,Insects,2025-10-21,T1,BBCH10,12.5,,20.0,5.0,15.0,False,5.0,dual_weak,1.0,2025_10_21_RSFB-Phenotyping_GG1_scores.csv,225_R4S_365_Palu_38_4,225,Palu,plot_de2fe6a6d345961359f9,score_qr,weak_pretrain
img_ae5b2669cfc5c9d7239e,/home/nfs/data/nvme_datasets/Pictures_CFSB_leaf_damage/2025_10_21_RSFB-Phenotyping_GG1_JLU/2025_10_21_RSFB-Phenotyping_GG1_JLU/20251021_153304.jpg,2025_10_21_RSFB-Phenotyping_GG1_JLU/2025_10_21_RSFB-Phenotyping_GG1_JLU/20251021_153304.jpg,20251021_153304.jpg,ae5b2669cfc5c9d7239e0ad839c958a40acf12d4903a52962d7db070fecf848a,gg_insects_t1_bbch10,JLU,Gross-Gerau,Insects,2025-10-21,T1,BBCH10,20.25,,28.0,12.5,15.5,False,5.0,dual_weak,1.0,2025_10_21_RSFB-Phenotyping_GG1_scores.csv,225_R4S_365_Palu_38_4,225,Palu,plot_de2fe6a6d345961359f9,score_qr,weak_pretrain
img_7983a394b5c86db9db0f,/home/nfs/data/nvme_datasets/Pictures_CFSB_leaf_damage/2025_10_21_RSFB-Phenotyping_GG1_JLU/2025_10_21_RSFB-Phenotyping_GG1_JLU/20251021_153317.jpg,2025_10_21_RSFB-Phenotyping_GG1_JLU/2025_10_21_RSFB-Phenotyping_GG1_JLU/20251021_153317.jpg,20251021_153317.jpg,7983a394b5c86db9db0f0c8ee09e79e83dd387c41da48d98a3de0171ed03489d,gg_insects_t1_bbch10,JLU,Gross-Gerau,Insects,2025-10-21,T1,BBCH10,15.0,,27.0,3.0,24.0,False,5.0,dual_weak,1.0,2025_10_21_RSFB-Phenotyping_GG1_scores.csv,232_R4S_238_Viking_39_4,232,Viking,plot_c0301eb82c8e45924a3b,score_qr,weak_pretrain
img_dc613cc415393e86294b,/home/nfs/data/nvme_datasets/Pictures_CFSB_leaf_damage/2025_10_21_RSFB-Phenotyping_GG1_JLU/2025_10_21_RSFB-Phenotyping_GG1_JLU/20251021_153328.jpg,2025_10_21_RSFB-Phenotyping_GG1_JLU/2025_10_21_RSFB-Phenotyping_GG1_JLU/20251021_153328.jpg,20251021_153328.jpg,dc613cc415393e86294b6e8e07ad444957871384dcef920315859c03420c3e93,gg_insects_t1_bbch10,JLU,Gross-Gerau,Insects,2025-10-21,T1,BBCH10,15.5,,23.0,8.0,15.0,False,5.0,dual_weak,1.0,2025_10_21_RSFB-Phenotyping_GG1_scores.csv,232_R4S_238_Viking_39_4,232,Viking,plot_c0301eb82c8e45924a3b,score_qr,weak_pretrain
img_c0a471c23d9e1ee8e8ca,/home/nfs/data/nvme_datasets/Pictures_CFSB_leaf_damage/2025_10_21_RSFB-Phenotyping_GG1_JLU/2025_10_21_RSFB-Phenotyping_GG1_JLU/20251021_153403.jpg,2025_10_21_RSFB-Phenotyping_GG1_JLU/2025_10_21_RSFB-Phenotyping_GG1_JLU/20251021_153403.jpg,20251021_153403.jpg,c0a471c23d9e1ee8e8ca858fa77c4c8612c4d4f7d2f264541ed2265d56186266,gg_insects_t1_bbch10,JLU,Gross-Gerau,Insects,2025-10-21,T1,BBCH10,18.5,,27.0,10.0,17.0,False,5.0,dual_weak,1.0,2025_10_21_RSFB-Phenotyping_GG1_scores.csv,237_R4S_334_Sator Oetofte_40_4,237,Sator Oetofte,plot_bca8e584675b40d9db8c,score_qr,weak_pretrain
img_e9b5c199fb7d9cf71f4c,/home/nfs/data/nvme_datasets/Pictures_CFSB_leaf_damage/2025_10_21_RSFB-Phenotyping_GG1_JLU/2025_10_21_RSFB-Phenotyping_GG1_JLU/20251021_153417.jpg,2025_10_21_RSFB-Phenotyping_GG1_JLU/2025_10_21_RSFB-Phenotyping_GG1_JLU/20251021_153417.jpg,20251021_153417.jpg,e9b5c199fb7d9cf71f4cfd672fd36108bb9968344ae3715d5fb0e0f9ecc841ea,gg_insects_t1_bbch10,JLU,Gross-Gerau,Insects,2025-10-21,T1,BBCH10,26.5,,38.0,15.0,23.0,False,5.0,dual_weak,1.0,2025_10_21_RSFB-Phenotyping_GG1_scores.csv,244_R4S_206_Reszn/Goe S4_41_4,244,Reszn/Goe S4,plot_c97ae335979f54b21f44,score_qr,weak_pretrain
img_a8d36d8fe2e710eb59b4,/home/nfs/data/nvme_datasets/Pictures_CFSB_leaf_damage/2025_10_21_RSFB-Phenotyping_GG1_JLU/2025_10_21_RSFB-Phenotyping_GG1_JLU/20251021_153423.jpg,2025_10_21_RSFB-Phenotyping_GG1_JLU/2025_10_21_RSFB-Phenotyping_GG1_JLU/20251021_153423.jpg,20251021_153423.jpg,a8d36d8fe2e710eb59b457d38c6e7fb9eb697c99cc98bd86a685c34f28d255c8,gg_insects_t1_bbch10,JLU,Gross-Gerau,Insects,2025-10-21,T1,BBCH10,31.5,,45.0,18.0,27.0,False,5.0,dual_weak,1.0,2025_10_21_RSFB-Phenotyping_GG1_scores.csv,244_R4S_206_Reszn/Goe S4_41_4,244,Reszn/Goe S4,plot_c97ae335979f54b21f44,score_qr,weak_pretrain
img_d6be47a6bae939562ec0,/home/nfs/data/nvme_datasets/Pictures_CFSB_leaf_damage/2025_10_21_RSFB-Phenotyping_GG1_JLU/2025_10_21_RSFB-Phenotyping_GG1_JLU/20251021_153433.jpg,2025_10_21_RSFB-Phenotyping_GG1_JLU/2025_10_21_RSFB-Phenotyping_GG1_JLU/20251021_153433.jpg,20251021_153433.jpg,d6be47a6bae939562ec0c6b1f7c9dc26e4c93531e95b9c8a6b16974a2e4854c9,gg_insects_t1_bbch10,JLU,Gross-Gerau,Insects,2025-10-21,T1,BBCH10,33.5,,47.0,20.0,27.0,False,5.0,dual_weak,1.0,2025_10_21_RSFB-Phenotyping_GG1_scores.csv,244_R4S_206_Reszn/Goe S4_41_4,244,Reszn/Goe S4,plot_c97ae335979f54b21f44,score_qr,weak_pretrain
img_183b26b814de2538cbd3,/home/nfs/data/nvme_datasets/Pictures_CFSB_leaf_damage/2025_10_21_RSFB-Phenotyping_GG1_JLU/2025_10_21_RSFB-Phenotyping_GG1_JLU/20251021_153447.jpg,2025_10_21_RSFB-Phenotyping_GG1_JLU/2025_10_21_RSFB-Phenotyping_GG1_JLU/20251021_153447.jpg,20251021_153447.jpg,183b26b814de2538cbd32f4cc5f9298f80e348474bf8ccd752547b65cbfb6ede,gg_insects_t1_bbch10,JLU,Gross-Gerau,Insects,2025-10-21,T1,BBCH10,28.0,,43.0,13.0,30.0,False,5.0,dual_weak,1.0,2025_10_21_RSFB-Phenotyping_GG1_scores.csv,249_R4S_339_Tina_42_4,249,Tina,plot_3b57a77095a5f5e8895a,score_qr,weak_pretrain
img_fe736ac82dcd8cd06948,/home/nfs/data/nvme_datasets/Pictures_CFSB_leaf_damage/2025_10_21_RSFB-Phenotyping_GG1_JLU/2025_10_21_RSFB-Phenotyping_GG1_JLU/20251021_153456.jpg,2025_10_21_RSFB-Phenotyping_GG1_JLU/2025_10_21_RSFB-Phenotyping_GG1_JLU/20251021_153456.jpg,20251021_153456.jpg,fe736ac82dcd8cd0694849da5fadb4d4e803cfb3c850686b5c76f9a532f61df3,gg_insects_t1_bbch10,JLU,Gross-Gerau,Insects,2025-10-21,T1,BBCH10,26.25,,37.0,15.5,21.5,False,5.0,dual_weak,1.0,2025_10_21_RSFB-Phenotyping_GG1_scores.csv,249_R4S_339_Tina_42_4,249,Tina,plot_3b57a77095a5f5e8895a,score_qr,weak_pretrain
img_936269b0fe98e06ac5f2,/home/nfs/data/nvme_datasets/Pictures_CFSB_leaf_damage/2025_10_21_RSFB-Phenotyping_GG1_JLU/2025_10_21_RSFB-Phenotyping_GG1_JLU/20251021_153503.jpg,2025_10_21_RSFB-Phenotyping_GG1_JLU/2025_10_21_RSFB-Phenotyping_GG1_JLU/20251021_153503.jpg,20251021_153503.jpg,936269b0fe98e06ac5f246cfd041e6adc801b07de45cfb46fec6ca86a4ee67b8,gg_insects_t1_bbch10,JLU,Gross-Gerau,Insects,2025-10-21,T1,BBCH10,16.5,,22.0,11.0,11.0,False,5.0,dual_weak,1.0,2025_10_21_RSFB-Phenotyping_GG1_scores.csv,249_R4S_339_Tina_42_4,249,Tina,plot_3b57a77095a5f5e8895a,score_qr,weak_pretrain
img_228b1a3b7f6de7dda456,/home/nfs/data/nvme_datasets/Pictures_CFSB_leaf_damage/2025_10_21_RSFB-Phenotyping_GG1_JLU/2025_10_21_RSFB-Phenotyping_GG1_JLU/20251021_153517.jpg,2025_10_21_RSFB-Phenotyping_GG1_JLU/2025_10_21_RSFB-Phenotyping_GG1_JLU/20251021_153517.jpg,20251021_153517.jpg,228b1a3b7f6de7dda45683fdebf2a46defd2ffd248b88fce66243dd00fad39b6,gg_insects_t1_bbch10,JLU,Gross-Gerau,Insects,2025-10-21,T1,BBCH10,21.25,,35.0,7.5,27.5,False,5.0,dual_weak,1.0,2025_10_21_RSFB-Phenotyping_GG1_scores.csv,256_R4S_315_VOGESA_43_4,256,VOGESA,plot_fe707310fbee3c33d1ae,score_qr,weak_pretrain
img_4081d7bb635583aec3fc,/home/nfs/data/nvme_datasets/Pictures_CFSB_leaf_damage/2025_10_21_RSFB-Phenotyping_GG1_JLU/2025_10_21_RSFB-Phenotyping_GG1_JLU/20251021_153525.jpg,2025_10_21_RSFB-Phenotyping_GG1_JLU/2025_10_21_RSFB-Phenotyping_GG1_JLU/20251021_153525.jpg,20251021_153525.jpg,4081d7bb635583aec3fcea1cb1945e39b68a6b2531e81a167d6fd13cf06052c6,gg_insects_t1_bbch10,JLU,Gross-Gerau,Insects,2025-10-21,T1,BBCH10,24.25,,30.0,18.5,11.5,False,5.0,dual_weak,1.0,2025_10_21_RSFB-Phenotyping_GG1_scores.csv,256_R4S_315_VOGESA_43_4,256,VOGESA,plot_fe707310fbee3c33d1ae,score_qr,weak_pretrain
img_06fbd77f8d141d0ccd25,/home/nfs/data/nvme_datasets/Pictures_CFSB_leaf_damage/2025_10_21_RSFB-Phenotyping_GG1_JLU/2025_10_21_RSFB-Phenotyping_GG1_JLU/20251021_153534.jpg,2025_10_21_RSFB-Phenotyping_GG1_JLU/2025_10_21_RSFB-Phenotyping_GG1_JLU/20251021_153534.jpg,20251021_153534.jpg,06fbd77f8d141d0ccd25cc2cc7f201073675433da5dd79ec7e5a6bb218a3e663,gg_insects_t1_bbch10,JLU,Gross-Gerau,Insects,2025-10-21,T1,BBCH10,14.0,,23.0,5.0,18.0,False,5.0,dual_weak,1.0,2025_10_21_RSFB-Phenotyping_GG1_scores.csv,256_R4S_315_VOGESA_43_4,256,VOGESA,plot_fe707310fbee3c33d1ae,score_qr,weak_pretrain
img_bb8e8d59b7622601ffc7,/home/nfs/data/nvme_datasets/Pictures_CFSB_leaf_damage/2025_10_21_RSFB-Phenotyping_GG1_JLU/2025_10_21_RSFB-Phenotyping_GG1_JLU/20251021_153657.jpg,2025_10_21_RSFB-Phenotyping_GG1_JLU/2025_10_21_RSFB-Phenotyping_GG1_JLU/20251021_153657.jpg,20251021_153657.jpg,bb8e8d59b7622601ffc71d69733dbd018c5f0ddb21a0176afe8b4858613bafa8,gg_insects_t1_bbch10,JLU,Gross-Gerau,Insects,2025-10-21,T1,BBCH10,36.5,,45.0,28.0,17.0,False,5.0,dual_weak,1.0,2025_10_21_RSFB-Phenotyping_GG1_scores.csv,273_R4S_488_R12_46_4,273,R12,plot_39d64c54bf6e6e6d68e8,score_qr,weak_pretrain
img_345cb9d6b320d13e85cc,/home/nfs/data/nvme_datasets/Pictures_CFSB_leaf_damage/2025_10_21_RSFB-Phenotyping_GG1_JLU/2025_10_21_RSFB-Phenotyping_GG1_JLU/20251021_153706.jpg,2025_10_21_RSFB-Phenotyping_GG1_JLU/2025_10_21_RSFB-Phenotyping_GG1_JLU/20251021_153706.jpg,20251021_153706.jpg,345cb9d6b320d13e85ccfe67abba88ba9b398a231266d223f05e6022e5fb3ff8,gg_insects_t1_bbch10,JLU,Gross-Gerau,Insects,2025-10-21,T1,BBCH10,13.0,,22.0,4.0,18.0,False,5.0,dual_weak,1.0,2025_10_21_RSFB-Phenotyping_GG1_scores.csv,273_R4S_488_R12_46_4,273,R12,plot_39d64c54bf6e6e6d68e8,score_qr,weak_pretrain
img_23681e6fcd15e65a4793,/home/nfs/data/nvme_datasets/Pictures_CFSB_leaf_damage/2025_10_21_RSFB-Phenotyping_GG1_JLU/2025_10_21_RSFB-Phenotyping_GG1_JLU/20251021_153713.jpg,2025_10_21_RSFB-Phenotyping_GG1_JLU/2025_10_21_RSFB-Phenotyping_GG1_JLU/20251021_153713.jpg,20251021_153713.jpg,23681e6fcd15e65a47933f58667d8583993d40f2833208336ac6f87def187dcd,gg_insects_t1_bbch10,JLU,Gross-Gerau,Insects,2025-10-21,T1,BBCH10,22.5,,35.0,10.0,25.0,False,5.0,dual_weak,1.0,2025_10_21_RSFB-Phenotyping_GG1_scores.csv,273_R4S_488_R12_46_4,273,R12,plot_39d64c54bf6e6e6d68e8,score_qr,weak_pretrain
img_addff3425317239d2a06,/home/nfs/data/nvme_datasets/Pictures_CFSB_leaf_damage/2025_10_21_RSFB-Phenotyping_GG1_JLU/2025_10_21_RSFB-Phenotyping_GG1_JLU/20251021_153727.jpg,2025_10_21_RSFB-Phenotyping_GG1_JLU/2025_10_21_RSFB-Phenotyping_GG1_JLU/20251021_153727.jpg,20251021_153727.jpg,addff3425317239d2a06f1db8c191a62ca4c1678646b8c77519f18bbd039d8e4,gg_insects_t1_bbch10,JLU,Gross-Gerau,Insects,2025-10-21,T1,BBCH10,26.75,,43.0,10.5,32.5,False,5.0,dual_weak,1.0,2025_10_21_RSFB-Phenotyping_GG1_scores.csv,280_R4S_392_Janpol_47_4,280,Janpol,plot_bdc8ea078cb03da2ae8a,score_qr,weak_pretrain
img_b1d38d672c92b5f22f92,/home/nfs/data/nvme_datasets/Pictures_CFSB_leaf_damage/2025_10_21_RSFB-Phenotyping_GG1_JLU/2025_10_21_RSFB-Phenotyping_GG1_JLU/20251021_153735.jpg,2025_10_21_RSFB-Phenotyping_GG1_JLU/2025_10_21_RSFB-Phenotyping_GG1_JLU/20251021_153735.jpg,20251021_153735.jpg,b1d38d672c92b5f22f927cb48d0db174ba31e8f0cf2416c10028de8916e3a465,gg_insects_t1_bbch10,JLU,Gross-Gerau,Insects,2025-10-21,T1,BBCH10,19.5,,30.0,9.0,21.0,False,5.0,dual_weak,1.0,2025_10_21_RSFB-Phenotyping_GG1_scores.csv,280_R4S_392_Janpol_47_4,280,Janpol,plot_bdc8ea078cb03da2ae8a,score_qr,weak_pretrain
img_056c78de5e281705706f,/home/nfs/data/nvme_datasets/Pictures_CFSB_leaf_damage/2025_10_21_RSFB-Phenotyping_GG1_JLU/2025_10_21_RSFB-Phenotyping_GG1_JLU/20251021_153742.jpg,2025_10_21_RSFB-Phenotyping_GG1_JLU/2025_10_21_RSFB-Phenotyping_GG1_JLU/20251021_153742.jpg,20251021_153742.jpg,056c78de5e281705706f4d6e4ef01e6a24a3fb85164e4a99c169643c2156f9de,gg_insects_t1_bbch10,JLU,Gross-Gerau,Insects,2025-10-21,T1,BBCH10,12.5,,20.0,5.0,15.0,False,5.0,dual_weak,1.0,2025_10_21_RSFB-Phenotyping_GG1_scores.csv,280_R4S_392_Janpol_47_4,280,Janpol,plot_bdc8ea078cb03da2ae8a,score_qr,weak_pretrain
img_d7c354b57dc8b2e457a9,/home/nfs/data/nvme_datasets/Pictures_CFSB_leaf_damage/2025_10_21_RSFB-Phenotyping_GG1_JLU/2025_10_21_RSFB-Phenotyping_GG1_JLU/20251021_153752.jpg,2025_10_21_RSFB-Phenotyping_GG1_JLU/2025_10_21_RSFB-Phenotyping_GG1_JLU/20251021_153752.jpg,20251021_153752.jpg,d7c354b57dc8b2e457a9ca65a525be8247ebef7f52d70550554055f1858127d3,gg_insects_t1_bbch10,JLU,Gross-Gerau,Insects,2025-10-21,T1,BBCH10,16.25,,25.0,7.5,17.5,False,5.0,dual_weak,1.0,2025_10_21_RSFB-Phenotyping_GG1_scores.csv,285_R4S_368_Dwarf Essex_48_4,285,Dwarf Essex,plot_6eb12f9531516cbd1434,score_qr,weak_pretrain
img_9d478c75a0ee50ed3bbb,/home/nfs/data/nvme_datasets/Pictures_CFSB_leaf_damage/2025_10_21_RSFB-Phenotyping_GG1_JLU/2025_10_21_RSFB-Phenotyping_GG1_JLU/20251021_153759.jpg,2025_10_21_RSFB-Phenotyping_GG1_JLU/2025_10_21_RSFB-Phenotyping_GG1_JLU/20251021_153759.jpg,20251021_153759.jpg,9d478c75a0ee50ed3bbba0732b241bcda70120fa3b12a6be7fcfc91d992740f4,gg_insects_t1_bbch10,JLU,Gross-Gerau,Insects,2025-10-21,T1,BBCH10,15.75,,20.0,11.5,8.5,False,5.0,dual_weak,1.0,2025_10_21_RSFB-Phenotyping_GG1_scores.csv,285_R4S_368_Dwarf Essex_48_4,285,Dwarf Essex,plot_6eb12f9531516cbd1434,score_qr,weak_pretrain
img_cf24817552e084ad08a7,/home/nfs/data/nvme_datasets/Pictures_CFSB_leaf_damage/2025_10_21_RSFB-Phenotyping_GG1_JLU/2025_10_21_RSFB-Phenotyping_GG1_JLU/20251021_153805.jpg,2025_10_21_RSFB-Phenotyping_GG1_JLU/2025_10_21_RSFB-Phenotyping_GG1_JLU/20251021_153805.jpg,20251021_153805.jpg,cf24817552e084ad08a7e9366bfc9b691794e500fbac9852bcaa38fed6dc8f50,gg_insects_t1_bbch10,JLU,Gross-Gerau,Insects,2025-10-21,T1,BBCH10,20.25,,30.0,10.5,19.5,False,5.0,dual_weak,1.0,2025_10_21_RSFB-Phenotyping_GG1_scores.csv,285_R4S_368_Dwarf Essex_48_4,285,Dwarf Essex,plot_6eb12f9531516cbd1434,score_qr,weak_pretrain
img_8fbc597493e03c838da6,/home/nfs/data/nvme_datasets/Pictures_CFSB_leaf_damage/2025_10_21_RSFB-Phenotyping_GG1_JLU/2025_10_21_RSFB-Phenotyping_GG1_JLU/20251021_153825.jpg,2025_10_21_RSFB-Phenotyping_GG1_JLU/2025_10_21_RSFB-Phenotyping_GG1_JLU/20251021_153825.jpg,20251021_153825.jpg,8fbc597493e03c838da6b58593d28177673f34b81b6ec56c9ec52112b9367bef,gg_insects_t1_bbch10,JLU,Gross-Gerau,Insects,2025-10-21,T1,BBCH10,5.75,,3.0,8.5,5.5,False,5.0,dual_weak,1.0,2025_10_21_RSFB-Phenotyping_GG1_scores.csv,292_R4S_485_K29_49_4,292,K29,plot_64e19f5de9c116d1fbb6,score_qr,weak_pretrain
img_f3ee6818a06268363200,/home/nfs/data/nvme_datasets/Pictures_CFSB_leaf_damage/2025_10_21_RSFB-Phenotyping_GG1_JLU/2025_10_21_RSFB-Phenotyping_GG1_JLU/20251021_153832.jpg,2025_10_21_RSFB-Phenotyping_GG1_JLU/2025_10_21_RSFB-Phenotyping_GG1_JLU/20251021_153832.jpg,20251021_153832.jpg,f3ee6818a06268363200d72d8c461ed5a0cb7d50784e33a6be41aaece5edd33a,gg_insects_t1_bbch10,JLU,Gross-Gerau,Insects,2025-10-21,T1,BBCH10,9.0,,4.0,14.0,10.0,False,5.0,dual_weak,1.0,2025_10_21_RSFB-Phenotyping_GG1_scores.csv,292_R4S_485_K29_49_4,292,K29,plot_64e19f5de9c116d1fbb6,score_qr,weak_pretrain
img_8dbf30c601eaa5d9442d,/home/nfs/data/nvme_datasets/Pictures_CFSB_leaf_damage/2025_10_21_RSFB-Phenotyping_GG1_JLU/2025_10_21_RSFB-Phenotyping_GG1_JLU/20251021_153855.jpg,2025_10_21_RSFB-Phenotyping_GG1_JLU/2025_10_21_RSFB-Phenotyping_GG1_JLU/20251021_153855.jpg,20251021_153855.jpg,8dbf30c601eaa5d9442d89f3b4fcfdcf09241706caa9185100b1c4009e5c2f2e,gg_insects_t1_bbch10,JLU,Gross-Gerau,Insects,2025-10-21,T1,BBCH10,22.0,,35.0,9.0,26.0,False,5.0,dual_weak,1.0,2025_10_21_RSFB-Phenotyping_GG1_scores.csv,297_R4S_260_Boston_50_4,297,Boston,plot_686b5f5474e153a1428a,score_qr,weak_pretrain
img_4bfcb635375d670b7f35,/home/nfs/data/nvme_datasets/Pictures_CFSB_leaf_damage/2025_10_21_RSFB-Phenotyping_GG1_JLU/2025_10_21_RSFB-Phenotyping_GG1_JLU/20251021_153903.jpg,2025_10_21_RSFB-Phenotyping_GG1_JLU/2025_10_21_RSFB-Phenotyping_GG1_JLU/20251021_153903.jpg,20251021_153903.jpg,4bfcb635375d670b7f35d181a3b09c626b51699534d8077f48f0bafeafdb1d3a,gg_insects_t1_bbch10,JLU,Gross-Gerau,Insects,2025-10-21,T1,BBCH10,18.5,,30.0,7.0,23.0,False,5.0,dual_weak,1.0,2025_10_21_RSFB-Phenotyping_GG1_scores.csv,297_R4S_260_Boston_50_4,297,Boston,plot_686b5f5474e153a1428a,score_qr,weak_pretrain
img_530e8c72b31cfaaad833,/home/nfs/data/nvme_datasets/Pictures_CFSB_leaf_damage/2025_10_21_RSFB-Phenotyping_GG1_JLU/2025_10_21_RSFB-Phenotyping_GG1_JLU/20251021_153910.jpg,2025_10_21_RSFB-Phenotyping_GG1_JLU/2025_10_21_RSFB-Phenotyping_GG1_JLU/20251021_153910.jpg,20251021_153910.jpg,530e8c72b31cfaaad83387e44824da10ddf4a79726c7cf6bf07b88cfecb58f1e,gg_insects_t1_bbch10,JLU,Gross-Gerau,Insects,2025-10-21,T1,BBCH10,13.0,,22.0,4.0,18.0,False,5.0,dual_weak,1.0,2025_10_21_RSFB-Phenotyping_GG1_scores.csv,297_R4S_260_Boston_50_4,297,Boston,plot_686b5f5474e153a1428a,score_qr,weak_pretrain
img_8a9af2b51c65a090baca,/home/nfs/data/nvme_datasets/Pictures_CFSB_leaf_damage/2025_10_21_RSFB-Phenotyping_GG1_JLU/2025_10_21_RSFB-Phenotyping_GG1_JLU/20251021_153924.jpg,2025_10_21_RSFB-Phenotyping_GG1_JLU/2025_10_21_RSFB-Phenotyping_GG1_JLU/20251021_153924.jpg,20251021_153924.jpg,8a9af2b51c65a090bacad7852936a92a3f7b062298d94ac7a8b4a0d2d60b317c,gg_insects_t1_bbch10,JLU,Gross-Gerau,Insects,2025-10-21,T1,BBCH10,17.0,,25.0,9.0,16.0,False,5.0,dual_weak,1.0,2025_10_21_RSFB-Phenotyping_GG1_scores.csv,304_R4S_435_S45.2.2_51_4,304,S45.2.2,plot_1b85c4977624caa5e831,score_qr,weak_pretrain
img_6bd6c8a32f39336b31b0,/home/nfs/data/nvme_datasets/Pictures_CFSB_leaf_damage/2025_10_21_RSFB-Phenotyping_GG1_JLU/2025_10_21_RSFB-Phenotyping_GG1_JLU/20251021_153931.jpg,2025_10_21_RSFB-Phenotyping_GG1_JLU/2025_10_21_RSFB-Phenotyping_GG1_JLU/20251021_153931.jpg,20251021_153931.jpg,6bd6c8a32f39336b31b0930b0cb77bcc3d754a53a09c4b82bf24c52b38aa5715,gg_insects_t1_bbch10,JLU,Gross-Gerau,Insects,2025-10-21,T1,BBCH10,13.75,,20.0,7.5,12.5,False,5.0,dual_weak,1.0,2025_10_21_RSFB-Phenotyping_GG1_scores.csv,304_R4S_435_S45.2.2_51_4,304,S45.2.2,plot_1b85c4977624caa5e831,score_qr,weak_pretrain
img_7d13b91657d1bbd6e074,/home/nfs/data/nvme_datasets/Pictures_CFSB_leaf_damage/2025_10_21_RSFB-Phenotyping_GG1_JLU/2025_10_21_RSFB-Phenotyping_GG1_JLU/20251021_153940.jpg,2025_10_21_RSFB-Phenotyping_GG1_JLU/2025_10_21_RSFB-Phenotyping_GG1_JLU/20251021_153940.jpg,20251021_153940.jpg,7d13b91657d1bbd6e074becbf3fcd5cf4ee964126bd80467777b184f24576a98,gg_insects_t1_bbch10,JLU,Gross-Gerau,Insects,2025-10-21,T1,BBCH10,15.25,,20.0,10.5,9.5,False,5.0,dual_weak,1.0,2025_10_21_RSFB-Phenotyping_GG1_scores.csv,304_R4S_435_S45.2.2_51_4,304,S45.2.2,plot_1b85c4977624caa5e831,score_qr,weak_pretrain
img_cc0ab7d39c0fb82fa190,/home/nfs/data/nvme_datasets/Pictures_CFSB_leaf_damage/2025_10_21_RSFB-Phenotyping_GG1_JLU/2025_10_21_RSFB-Phenotyping_GG1_JLU/20251021_154042.jpg,2025_10_21_RSFB-Phenotyping_GG1_JLU/2025_10_21_RSFB-Phenotyping_GG1_JLU/20251021_154042.jpg,20251021_154042.jpg,cc0ab7d39c0fb82fa190b8cf18e2d547b922f17166a4474c555bf89c7038aea7,gg_insects_t1_bbch10,JLU,Gross-Gerau,Insects,2025-10-21,T1,BBCH10,13.75,,3.0,24.5,21.5,False,5.0,dual_weak,1.0,2025_10_21_RSFB-Phenotyping_GG1_scores.csv,308_Smaragd_52_5,308,Smaragd,plot_1ec8031b29f0a96ca6fd,score_qr,weak_pretrain
img_d9c89a759699ce252d3a,/home/nfs/data/nvme_datasets/Pictures_CFSB_leaf_damage/2025_10_21_RSFB-Phenotyping_GG1_JLU/2025_10_21_RSFB-Phenotyping_GG1_JLU/20251021_154051.jpg,2025_10_21_RSFB-Phenotyping_GG1_JLU/2025_10_21_RSFB-Phenotyping_GG1_JLU/20251021_154051.jpg,20251021_154051.jpg,d9c89a759699ce252d3a5e4fc1846d87a03788819c7dcbfa0ee242ff681788e8,gg_insects_t1_bbch10,JLU,Gross-Gerau,Insects,2025-10-21,T1,BBCH10,14.25,,18.0,10.5,7.5,False,5.0,dual_weak,1.0,2025_10_21_RSFB-Phenotyping_GG1_scores.csv,308_Smaragd_52_5,308,Smaragd,plot_1ec8031b29f0a96ca6fd,score_qr,weak_pretrain
img_76efcdbe14221625cf60,/home/nfs/data/nvme_datasets/Pictures_CFSB_leaf_damage/2025_10_21_RSFB-Phenotyping_GG1_JLU/2025_10_21_RSFB-Phenotyping_GG1_JLU/20251021_154134.jpg,2025_10_21_RSFB-Phenotyping_GG1_JLU/2025_10_21_RSFB-Phenotyping_GG1_JLU/20251021_154134.jpg,20251021_154134.jpg,76efcdbe14221625cf60524fe5bfb9c1291e1d8ef798c5cfd3e5c6355ad0d908,gg_insects_t1_bbch10,JLU,Gross-Gerau,Insects,2025-10-21,T1,BBCH10,24.0,,35.0,13.0,22.0,False,5.0,dual_weak,1.0,2025_10_21_RSFB-Phenotyping_GG1_scores.csv,296_R4S_393_Gross/Luesewityer_50_5,296,Gross/Luesewityer,plot_b6b1f26fe1e8b0178c4f,score_qr,weak_pretrain
img_fdc000cc2dafe087b977,/home/nfs/data/nvme_datasets/Pictures_CFSB_leaf_damage/2025_10_21_RSFB-Phenotyping_GG1_JLU/2025_10_21_RSFB-Phenotyping_GG1_JLU/20251021_154147.jpg,2025_10_21_RSFB-Phenotyping_GG1_JLU/2025_10_21_RSFB-Phenotyping_GG1_JLU/20251021_154147.jpg,20251021_154147.jpg,fdc000cc2dafe087b977874cf61bd5e10850686f0e37f8be3ff9c0290630e631,gg_insects_t1_bbch10,JLU,Gross-Gerau,Insects,2025-10-21,T1,BBCH10,17.0,,23.0,11.0,12.0,False,5.0,dual_weak,1.0,2025_10_21_RSFB-Phenotyping_GG1_scores.csv,296_R4S_393_Gross/Luesewityer_50_5,296,Gross/Luesewityer,plot_b6b1f26fe1e8b0178c4f,score_qr,weak_pretrain
img_7f5a1154628365fb76d8,/home/nfs/data/nvme_datasets/Pictures_CFSB_leaf_damage/2025_10_21_RSFB-Phenotyping_GG1_JLU/2025_10_21_RSFB-Phenotyping_GG1_JLU/20251021_154217.jpg,2025_10_21_RSFB-Phenotyping_GG1_JLU/2025_10_21_RSFB-Phenotyping_GG1_JLU/20251021_154217.jpg,20251021_154217.jpg,7f5a1154628365fb76d84d46c7289f7c7ee919916b57d3c194a40799738dba03,gg_insects_t1_bbch10,JLU,Gross-Gerau,Insects,2025-10-21,T1,BBCH10,21.5,,25.0,18.0,7.0,False,5.0,dual_weak,1.0,2025_10_21_RSFB-Phenotyping_GG1_scores.csv,293_R4S_222_HANSEN X GASPARD DH LINE_49_5,293,HANSEN X GASPARD DH LINE,plot_d824e02c88cf5f3584f7,score_qr,weak_pretrain
img_b20057d6348dcd6f9d1e,/home/nfs/data/nvme_datasets/Pictures_CFSB_leaf_damage/2025_10_21_RSFB-Phenotyping_GG1_JLU/2025_10_21_RSFB-Phenotyping_GG1_JLU/20251021_154233.jpg,2025_10_21_RSFB-Phenotyping_GG1_JLU/2025_10_21_RSFB-Phenotyping_GG1_JLU/20251021_154233.jpg,20251021_154233.jpg,b20057d6348dcd6f9d1e2773268a6786daaccfe38609968a17e13ff7bac2e716,gg_insects_t1_bbch10,JLU,Gross-Gerau,Insects,2025-10-21,T1,BBCH10,11.25,,2.0,20.5,18.5,False,5.0,dual_weak,1.0,2025_10_21_RSFB-Phenotyping_GG1_scores.csv,284_R4S_306_RAGGED JACK_48_5,284,RAGGED JACK,plot_257a2333edc125b3e10b,score_qr,weak_pretrain
img_2ce354dbcd52a60db723,/home/nfs/data/nvme_datasets/Pictures_CFSB_leaf_damage/2025_10_21_RSFB-Phenotyping_GG1_JLU/2025_10_21_RSFB-Phenotyping_GG1_JLU/20251021_154239.jpg,2025_10_21_RSFB-Phenotyping_GG1_JLU/2025_10_21_RSFB-Phenotyping_GG1_JLU/20251021_154239.jpg,20251021_154239.jpg,2ce354dbcd52a60db723f6cfcc63f26a1a2eef8a8146f123ad84bd70e6b8c075,gg_insects_t1_bbch10,JLU,Gross-Gerau,Insects,2025-10-21,T1,BBCH10,21.25,,32.0,10.5,21.5,False,5.0,dual_weak,1.0,2025_10_21_RSFB-Phenotyping_GG1_scores.csv,284_R4S_306_RAGGED JACK_48_5,284,RAGGED JACK,plot_257a2333edc125b3e10b,score_qr,weak_pretrain
img_abacb4b60fb36a91dbaa,/home/nfs/data/nvme_datasets/Pictures_CFSB_leaf_damage/2025_10_21_RSFB-Phenotyping_GG1_JLU/2025_10_21_RSFB-Phenotyping_GG1_JLU/20251021_154245.jpg,2025_10_21_RSFB-Phenotyping_GG1_JLU/2025_10_21_RSFB-Phenotyping_GG1_JLU/20251021_154245.jpg,20251021_154245.jpg,abacb4b60fb36a91dbaa1dffe3202097a24125d6b1abd1d6cb5fe6f58709fa5b,gg_insects_t1_bbch10,JLU,Gross-Gerau,Insects,2025-10-21,T1,BBCH10,17.0,,25.0,9.0,16.0,False,5.0,dual_weak,1.0,2025_10_21_RSFB-Phenotyping_GG1_scores.csv,284_R4S_306_RAGGED JACK_48_5,284,RAGGED JACK,plot_257a2333edc125b3e10b,score_qr,weak_pretrain
img_b19e02e0339291ff2c9e,/home/nfs/data/nvme_datasets/Pictures_CFSB_leaf_damage/2025_10_21_RSFB-Phenotyping_GG1_JLU/2025_10_21_RSFB-Phenotyping_GG1_JLU/20251021_154456.jpg,2025_10_21_RSFB-Phenotyping_GG1_JLU/2025_10_21_RSFB-Phenotyping_GG1_JLU/20251021_154456.jpg,20251021_154456.jpg,b19e02e0339291ff2c9eadbbcb6341966ee8cf9182bf99d0c9cacd92047f4b3a,gg_insects_t1_bbch10,JLU,Gross-Gerau,Insects,2025-10-21,T1,BBCH10,9.25,,2.0,16.5,14.5,False,5.0,dual_weak,1.0,2025_10_21_RSFB-Phenotyping_GG1_scores.csv,257_R4S_153_Manitoba_43_5,257,Manitoba,plot_a2c6a5fd1e9b0c0d5868,score_qr,weak_pretrain
img_b7de0af5b41bb67936d5,/home/nfs/data/nvme_datasets/Pictures_CFSB_leaf_damage/2025_10_21_RSFB-Phenotyping_GG1_JLU/2025_10_21_RSFB-Phenotyping_GG1_JLU/20251021_154502.jpg,2025_10_21_RSFB-Phenotyping_GG1_JLU/2025_10_21_RSFB-Phenotyping_GG1_JLU/20251021_154502.jpg,20251021_154502.jpg,b7de0af5b41bb67936d54ea47b0c036df973565409b4e425ea726cd184997ae1,gg_insects_t1_bbch10,JLU,Gross-Gerau,Insects,2025-10-21,T1,BBCH10,11.5,,15.0,8.0,7.0,False,5.0,dual_weak,1.0,2025_10_21_RSFB-Phenotyping_GG1_scores.csv,257_R4S_153_Manitoba_43_5,257,Manitoba,plot_a2c6a5fd1e9b0c0d5868,score_qr,weak_pretrain
img_6c688adfdbf20e8f7cbf,/home/nfs/data/nvme_datasets/Pictures_CFSB_leaf_damage/2025_10_21_RSFB-Phenotyping_GG1_JLU/2025_10_21_RSFB-Phenotyping_GG1_JLU/20251021_154509.jpg,2025_10_21_RSFB-Phenotyping_GG1_JLU/2025_10_21_RSFB-Phenotyping_GG1_JLU/20251021_154509.jpg,20251021_154509.jpg,6c688adfdbf20e8f7cbf177b15acd31eb61277db210599ccb1afd0b342d5c6ca,gg_insects_t1_bbch10,JLU,Gross-Gerau,Insects,2025-10-21,T1,BBCH10,9.5,,13.0,6.0,7.0,False,5.0,dual_weak,1.0,2025_10_21_RSFB-Phenotyping_GG1_scores.csv,257_R4S_153_Manitoba_43_5,257,Manitoba,plot_a2c6a5fd1e9b0c0d5868,score_qr,weak_pretrain
img_59a6b0651e431a1e5219,/home/nfs/data/nvme_datasets/Pictures_CFSB_leaf_damage/2025_10_21_RSFB-Phenotyping_GG1_JLU/2025_10_21_RSFB-Phenotyping_GG1_JLU/20251021_154523.jpg,2025_10_21_RSFB-Phenotyping_GG1_JLU/2025_10_21_RSFB-Phenotyping_GG1_JLU/20251021_154523.jpg,20251021_154523.jpg,59a6b0651e431a1e521948fdff6cfc7ea1eb5c3c923a72b2bdc46e27a8a0373c,gg_insects_t1_bbch10,JLU,Gross-Gerau,Insects,2025-10-21,T1,BBCH10,17.75,,30.0,5.5,24.5,False,5.0,dual_weak,1.0,2025_10_21_RSFB-Phenotyping_GG1_scores.csv,248_R4S_465_S4_42_5,248,S4,plot_85cd54d122b99fbc57a3,score_qr,weak_pretrain
img_8b3ab4f9d9e553a8a509,/home/nfs/data/nvme_datasets/Pictures_CFSB_leaf_damage/2025_10_21_RSFB-Phenotyping_GG1_JLU/2025_10_21_RSFB-Phenotyping_GG1_JLU/20251021_154528.jpg,2025_10_21_RSFB-Phenotyping_GG1_JLU/2025_10_21_RSFB-Phenotyping_GG1_JLU/20251021_154528.jpg,20251021_154528.jpg,8b3ab4f9d9e553a8a5091e5819272f035d26379969fa00d72bfa8620fdaecd70,gg_insects_t1_bbch10,JLU,Gross-Gerau,Insects,2025-10-21,T1,BBCH10,33.5,,43.0,24.0,19.0,False,5.0,dual_weak,1.0,2025_10_21_RSFB-Phenotyping_GG1_scores.csv,248_R4S_465_S4_42_5,248,S4,plot_85cd54d122b99fbc57a3,score_qr,weak_pretrain
img_7b4f41b66bb54b2e0d4b,/home/nfs/data/nvme_datasets/Pictures_CFSB_leaf_damage/2025_10_21_RSFB-Phenotyping_GG1_JLU/2025_10_21_RSFB-Phenotyping_GG1_JLU/20251021_154534.jpg,2025_10_21_RSFB-Phenotyping_GG1_JLU/2025_10_21_RSFB-Phenotyping_GG1_JLU/20251021_154534.jpg,20251021_154534.jpg,7b4f41b66bb54b2e0d4bfedd19be61b4b5621e1fe10e121cd2dc5fa1d129b912,gg_insects_t1_bbch10,JLU,Gross-Gerau,Insects,2025-10-21,T1,BBCH10,27.25,,40.0,14.5,25.5,False,5.0,dual_weak,1.0,2025_10_21_RSFB-Phenotyping_GG1_scores.csv,248_R4S_465_S4_42_5,248,S4,plot_85cd54d122b99fbc57a3,score_qr,weak_pretrain
img_758931140b026cde62a4,/home/nfs/data/nvme_datasets/Pictures_CFSB_leaf_damage/2025_10_21_RSFB-Phenotyping_GG1_JLU/2025_10_21_RSFB-Phenotyping_GG1_JLU/20251021_154546.jpg,2025_10_21_RSFB-Phenotyping_GG1_JLU/2025_10_21_RSFB-Phenotyping_GG1_JLU/20251021_154546.jpg,20251021_154546.jpg,758931140b026cde62a4ed8aa84395dc6145ab58e644df16ab13ef0b0871f38c,gg_insects_t1_bbch10,JLU,Gross-Gerau,Insects,2025-10-21,T1,BBCH10,25.5,,38.0,13.0,25.0,False,5.0,dual_weak,1.0,2025_10_21_RSFB-Phenotyping_GG1_scores.csv,245_R4S_463_S101_41_5,245,S101,plot_4e86e4b5f5250965a8a9,score_qr,weak_pretrain
img_3e1dfb82cb95b143dccf,/home/nfs/data/nvme_datasets/Pictures_CFSB_leaf_damage/2025_10_21_RSFB-Phenotyping_GG1_JLU/2025_10_21_RSFB-Phenotyping_GG1_JLU/20251021_154553.jpg,2025_10_21_RSFB-Phenotyping_GG1_JLU/2025_10_21_RSFB-Phenotyping_GG1_JLU/20251021_154553.jpg,20251021_154553.jpg,3e1dfb82cb95b143dccf45d11bde4d9ec68d14d81713d8234982ac2d8d0f5785,gg_insects_t1_bbch10,JLU,Gross-Gerau,Insects,2025-10-21,T1,BBCH10,26.75,,35.0,18.5,16.5,False,5.0,dual_weak,1.0,2025_10_21_RSFB-Phenotyping_GG1_scores.csv,245_R4S_463_S101_41_5,245,S101,plot_4e86e4b5f5250965a8a9,score_qr,weak_pretrain
img_f731925159cf6a2d6151,/home/nfs/data/nvme_datasets/Pictures_CFSB_leaf_damage/2025_10_21_RSFB-Phenotyping_GG1_JLU/2025_10_21_RSFB-Phenotyping_GG1_JLU/20251021_154600.jpg,2025_10_21_RSFB-Phenotyping_GG1_JLU/2025_10_21_RSFB-Phenotyping_GG1_JLU/20251021_154600.jpg,20251021_154600.jpg,f731925159cf6a2d6151e3b1ec120dde224c0f552e8bb2c1609fe2a58c2892cd,gg_insects_t1_bbch10,JLU,Gross-Gerau,Insects,2025-10-21,T1,BBCH10,14.25,,20.0,8.5,11.5,False,5.0,dual_weak,1.0,2025_10_21_RSFB-Phenotyping_GG1_scores.csv,245_R4S_463_S101_41_5,245,S101,plot_4e86e4b5f5250965a8a9,score_qr,weak_pretrain
img_e8be9e73f91e190f1b31,/home/nfs/data/nvme_datasets/Pictures_CFSB_leaf_damage/2025_10_21_RSFB-Phenotyping_GG1_JLU/2025_10_21_RSFB-Phenotyping_GG1_JLU/20251021_154622.jpg,2025_10_21_RSFB-Phenotyping_GG1_JLU/2025_10_21_RSFB-Phenotyping_GG1_JLU/20251021_154622.jpg,20251021_154622.jpg,e8be9e73f91e190f1b31e80e0fedc6d01dea736c37ebd97e7a5f0d4de56bd909,gg_insects_t1_bbch10,JLU,Gross-Gerau,Insects,2025-10-21,T1,BBCH10,4.25,,1.0,7.5,6.5,False,5.0,dual_weak,1.0,2025_10_21_RSFB-Phenotyping_GG1_scores.csv,236_R4S_230_Caramba_40_5,236,Caramba,plot_5d8d172daef4ef20984f,score_qr,weak_pretrain
img_e04b62f87b1f3e682c62,/home/nfs/data/nvme_datasets/Pictures_CFSB_leaf_damage/2025_10_21_RSFB-Phenotyping_GG1_JLU/2025_10_21_RSFB-Phenotyping_GG1_JLU/20251021_154642.jpg,2025_10_21_RSFB-Phenotyping_GG1_JLU/2025_10_21_RSFB-Phenotyping_GG1_JLU/20251021_154642.jpg,20251021_154642.jpg,e04b62f87b1f3e682c628cf393e2b7ef7ffc4416aa9a109190df4684ab3bd195,gg_insects_t1_bbch10,JLU,Gross-Gerau,Insects,2025-10-21,T1,BBCH10,16.75,,23.0,10.5,12.5,False,5.0,dual_weak,1.0,2025_10_21_RSFB-Phenotyping_GG1_scores.csv,233_R4S_551_ALLESANDRO KWS_39_5,233,ALLESANDRO KWS,plot_f974c33b3b939aa5f878,score_qr,weak_pretrain
img_2f47f39138c58b3230f2,/home/nfs/data/nvme_datasets/Pictures_CFSB_leaf_damage/2025_10_21_RSFB-Phenotyping_GG1_JLU/2025_10_21_RSFB-Phenotyping_GG1_JLU/20251021_154649.jpg,2025_10_21_RSFB-Phenotyping_GG1_JLU/2025_10_21_RSFB-Phenotyping_GG1_JLU/20251021_154649.jpg,20251021_154649.jpg,2f47f39138c58b3230f24a8889134f0ccc3adf0b9e807c5697689029b1e5d960,gg_insects_t1_bbch10,JLU,Gross-Gerau,Insects,2025-10-21,T1,BBCH10,5.75,,2.0,9.5,7.5,False,5.0,dual_weak,1.0,2025_10_21_RSFB-Phenotyping_GG1_scores.csv,233_R4S_551_ALLESANDRO KWS_39_5,233,ALLESANDRO KWS,plot_f974c33b3b939aa5f878,score_qr,weak_pretrain
img_8ea08f9a7bc6ea864d3b,/home/nfs/data/nvme_datasets/Pictures_CFSB_leaf_damage/2025_10_21_RSFB-Phenotyping_GG1_JLU/2025_10_21_RSFB-Phenotyping_GG1_JLU/20251021_154731.jpg,2025_10_21_RSFB-Phenotyping_GG1_JLU/2025_10_21_RSFB-Phenotyping_GG1_JLU/20251021_154731.jpg,20251021_154731.jpg,8ea08f9a7bc6ea864d3b56ee90fd0e52b4190b7c0eb45be4a28e8e96af62b40a,gg_insects_t1_bbch10,JLU,Gross-Gerau,Insects,2025-10-21,T1,BBCH10,29.0,,35.0,23.0,12.0,False,5.0,dual_weak,1.0,2025_10_21_RSFB-Phenotyping_GG1_scores.csv,224_R4S_245_Roxet_38_5,224,Roxet,plot_4ef0eb1f04305bc7a4f8,score_qr,weak_pretrain
img_38e8bf003f64e76dd55a,/home/nfs/data/nvme_datasets/Pictures_CFSB_leaf_damage/2025_10_21_RSFB-Phenotyping_GG1_JLU/2025_10_21_RSFB-Phenotyping_GG1_JLU/20251021_154744.jpg,2025_10_21_RSFB-Phenotyping_GG1_JLU/2025_10_21_RSFB-Phenotyping_GG1_JLU/20251021_154744.jpg,20251021_154744.jpg,38e8bf003f64e76dd55a258987d10b11062461a576c581f6adf8f5577b8eaad8,gg_insects_t1_bbch10,JLU,Gross-Gerau,Insects,2025-10-21,T1,BBCH10,17.0,,23.0,11.0,12.0,False,5.0,dual_weak,1.0,2025_10_21_RSFB-Phenotyping_GG1_scores.csv,221_R4S_466_L90_37_5,221,L90,plot_df8ed1c0a7030e4847a6,score_qr,weak_pretrain
img_8c7258172774b78a3586,/home/nfs/data/nvme_datasets/Pictures_CFSB_leaf_damage/2025_10_21_RSFB-Phenotyping_GG1_JLU/2025_10_21_RSFB-Phenotyping_GG1_JLU/20251021_154800.jpg,2025_10_21_RSFB-Phenotyping_GG1_JLU/2025_10_21_RSFB-Phenotyping_GG1_JLU/20251021_154800.jpg,20251021_154800.jpg,8c7258172774b78a3586cc705ec2f4588ec7376f506776f8fa61dd289bea72bc,gg_insects_t1_bbch10,JLU,Gross-Gerau,Insects,2025-10-21,T1,BBCH10,21.75,,27.0,16.5,10.5,False,5.0,dual_weak,1.0,2025_10_21_RSFB-Phenotyping_GG1_scores.csv,221_R4S_466_L90_37_5,221,L90,plot_df8ed1c0a7030e4847a6,score_qr,weak_pretrain
img_2234a3674b00e3d189e4,/home/nfs/data/nvme_datasets/Pictures_CFSB_leaf_damage/2025_10_21_RSFB-Phenotyping_GG1_JLU/2025_10_21_RSFB-Phenotyping_GG1_JLU/20251021_155001.jpg,2025_10_21_RSFB-Phenotyping_GG1_JLU/2025_10_21_RSFB-Phenotyping_GG1_JLU/20251021_155001.jpg,20251021_155001.jpg,2234a3674b00e3d189e481a64227c983026e07272a5156d60a5bc84fd0f12e2b,gg_insects_t1_bbch10,JLU,Gross-Gerau,Insects,2025-10-21,T1,BBCH10,20.25,,32.0,8.5,23.5,False,5.0,dual_weak,1.0,2025_10_21_RSFB-Phenotyping_GG1_scores.csv,212_R4S_274_Guelyower Oelquell_36_5,212,Guelyower Oelquell,plot_2260d33bfe7e3ff530be,score_qr,weak_pretrain
img_8c7e09784ed1b40220cf,/home/nfs/data/nvme_datasets/Pictures_CFSB_leaf_damage/2025_10_21_RSFB-Phenotyping_GG1_JLU/2025_10_21_RSFB-Phenotyping_GG1_JLU/20251021_155009.jpg,2025_10_21_RSFB-Phenotyping_GG1_JLU/2025_10_21_RSFB-Phenotyping_GG1_JLU/20251021_155009.jpg,20251021_155009.jpg,8c7e09784ed1b40220cf94774892be3a270c5baa197625c4f83335b774e23e0b,gg_insects_t1_bbch10,JLU,Gross-Gerau,Insects,2025-10-21,T1,BBCH10,19.0,,30.0,8.0,22.0,False,5.0,dual_weak,1.0,2025_10_21_RSFB-Phenotyping_GG1_scores.csv,212_R4S_274_Guelyower Oelquell_36_5,212,Guelyower Oelquell,plot_2260d33bfe7e3ff530be,score_qr,weak_pretrain
img_d26a3b48a47ca6e58f41,/home/nfs/data/nvme_datasets/Pictures_CFSB_leaf_damage/2025_10_21_RSFB-Phenotyping_GG1_JLU/2025_10_21_RSFB-Phenotyping_GG1_JLU/20251021_155103.jpg,2025_10_21_RSFB-Phenotyping_GG1_JLU/2025_10_21_RSFB-Phenotyping_GG1_JLU/20251021_155103.jpg,20251021_155103.jpg,d26a3b48a47ca6e58f41ca396f657b61b441486b7a21b72fd5e9b33d3117ab4d,gg_insects_t1_bbch10,JLU,Gross-Gerau,Insects,2025-10-21,T1,BBCH10,6.5,,12.0,1.0,11.0,False,5.0,dual_weak,1.0,2025_10_21_RSFB-Phenotyping_GG1_scores.csv,200_R4S_313_FORTIN FAMILZ_34_5,200,FORTIN FAMILZ,plot_b499b14eca911be3b991,score_qr,weak_pretrain
img_0a1c79c5842290e07940,/home/nfs/data/nvme_datasets/Pictures_CFSB_leaf_damage/2025_10_21_RSFB-Phenotyping_GG1_JLU/2025_10_21_RSFB-Phenotyping_GG1_JLU/20251021_155118.jpg,2025_10_21_RSFB-Phenotyping_GG1_JLU/2025_10_21_RSFB-Phenotyping_GG1_JLU/20251021_155118.jpg,20251021_155118.jpg,0a1c79c5842290e07940f5e2be196810f0083153ae40c0731232024590f6dfb8,gg_insects_t1_bbch10,JLU,Gross-Gerau,Insects,2025-10-21,T1,BBCH10,18.75,,25.0,12.5,12.5,False,5.0,dual_weak,1.0,2025_10_21_RSFB-Phenotyping_GG1_scores.csv,200_R4S_313_FORTIN FAMILZ_34_5,200,FORTIN FAMILZ,plot_b499b14eca911be3b991,score_qr,weak_pretrain
img_a6df13b9f0ac3bbc4d91,/home/nfs/data/nvme_datasets/Pictures_CFSB_leaf_damage/2025_10_21_RSFB-Phenotyping_GG1_JLU/2025_10_21_RSFB-Phenotyping_GG1_JLU/20251021_155137.jpg,2025_10_21_RSFB-Phenotyping_GG1_JLU/2025_10_21_RSFB-Phenotyping_GG1_JLU/20251021_155137.jpg,20251021_155137.jpg,a6df13b9f0ac3bbc4d9121f55af33a64da7d2a5f310cc888fea9cd6bf02fa55d,gg_insects_t1_bbch10,JLU,Gross-Gerau,Insects,2025-10-21,T1,BBCH10,15.75,,20.0,11.5,8.5,False,5.0,dual_weak,1.0,2025_10_21_RSFB-Phenotyping_GG1_scores.csv,197_R4S_371_MOANA MOANA RAPE_33_5,197,MOANA MOANA RAPE,plot_7ff767c1ada4e85b6156,score_qr,weak_pretrain
img_c6b73d8c63aa6c7467ef,/home/nfs/data/nvme_datasets/Pictures_CFSB_leaf_damage/2025_10_21_RSFB-Phenotyping_GG1_JLU/2025_10_21_RSFB-Phenotyping_GG1_JLU/20251021_155145.jpg,2025_10_21_RSFB-Phenotyping_GG1_JLU/2025_10_21_RSFB-Phenotyping_GG1_JLU/20251021_155145.jpg,20251021_155145.jpg,c6b73d8c63aa6c7467efd9cec2e9ed224647d0bca7c93ec1cdaadf58fbb3af39,gg_insects_t1_bbch10,JLU,Gross-Gerau,Insects,2025-10-21,T1,BBCH10,13.5,,18.0,9.0,9.0,False,5.0,dual_weak,1.0,2025_10_21_RSFB-Phenotyping_GG1_scores.csv,197_R4S_371_MOANA MOANA RAPE_33_5,197,MOANA MOANA RAPE,plot_7ff767c1ada4e85b6156,score_qr,weak_pretrain
img_f4e23d8cde5893709b60,/home/nfs/data/nvme_datasets/Pictures_CFSB_leaf_damage/2025_10_21_RSFB-Phenotyping_GG1_JLU/2025_10_21_RSFB-Phenotyping_GG1_JLU/20251021_155233.jpg,2025_10_21_RSFB-Phenotyping_GG1_JLU/2025_10_21_RSFB-Phenotyping_GG1_JLU/20251021_155233.jpg,20251021_155233.jpg,f4e23d8cde5893709b60fb001ba79c9368a5a8c6e258de7e4aa67906dc403d37,gg_insects_t1_bbch10,JLU,Gross-Gerau,Insects,2025-10-21,T1,BBCH10,11.25,,8.0,14.5,6.5,False,5.0,dual_weak,1.0,2025_10_21_RSFB-Phenotyping_GG1_scores.csv,185_R4S_453_L16_31_5,185,L16,plot_ae2984dd48723bc500ae,score_qr,weak_pretrain
img_7ab44e749ccbc4fb2821,/home/nfs/data/nvme_datasets/Pictures_CFSB_leaf_damage/2025_10_21_RSFB-Phenotyping_GG1_JLU/2025_10_21_RSFB-Phenotyping_GG1_JLU/20251021_155241.jpg,2025_10_21_RSFB-Phenotyping_GG1_JLU/2025_10_21_RSFB-Phenotyping_GG1_JLU/20251021_155241.jpg,20251021_155241.jpg,7ab44e749ccbc4fb282101ac0a41eaeb99a485c05e9a435754c8bb290f0e75fe,gg_insects_t1_bbch10,JLU,Gross-Gerau,Insects,2025-10-21,T1,BBCH10,14.75,,9.0,20.5,11.5,False,5.0,dual_weak,1.0,2025_10_21_RSFB-Phenotyping_GG1_scores.csv,185_R4S_453_L16_31_5,185,L16,plot_ae2984dd48723bc500ae,score_qr,weak_pretrain
img_23283365354cb6277084,/home/nfs/data/nvme_datasets/Pictures_CFSB_leaf_damage/2025_10_21_RSFB-Phenotyping_GG1_JLU/2025_10_21_RSFB-Phenotyping_GG1_JLU/20251021_155249.jpg,2025_10_21_RSFB-Phenotyping_GG1_JLU/2025_10_21_RSFB-Phenotyping_GG1_JLU/20251021_155249.jpg,20251021_155249.jpg,23283365354cb627708499518a8d4d43dcc6656a3f76f70bb05ef24f12e479e9,gg_insects_t1_bbch10,JLU,Gross-Gerau,Insects,2025-10-21,T1,BBCH10,18.25,,15.0,21.5,6.5,False,5.0,dual_weak,1.0,2025_10_21_RSFB-Phenotyping_GG1_scores.csv,185_R4S_453_L16_31_5,185,L16,plot_ae2984dd48723bc500ae,score_qr,weak_pretrain
img_77a235e262117b8145fb,/home/nfs/data/nvme_datasets/Pictures_CFSB_leaf_damage/2025_10_21_RSFB-Phenotyping_GG1_JLU/2025_10_21_RSFB-Phenotyping_GG1_JLU/20251021_155302.jpg,2025_10_21_RSFB-Phenotyping_GG1_JLU/2025_10_21_RSFB-Phenotyping_GG1_JLU/20251021_155302.jpg,20251021_155302.jpg,77a235e262117b8145fb2411e8612e40e5a6992d587036180375b3ec9726ed15,gg_insects_t1_bbch10,JLU,Gross-Gerau,Insects,2025-10-21,T1,BBCH10,5.75,,1.0,10.5,9.5,False,5.0,dual_weak,1.0,2025_10_21_RSFB-Phenotyping_GG1_scores.csv,176_R4S_164_Fortis_30_5,176,Fortis,plot_cb17d6bcad8ffccbde51,score_qr,weak_pretrain
img_f77143b3866da6022ba0,/home/nfs/data/nvme_datasets/Pictures_CFSB_leaf_damage/2025_10_21_RSFB-Phenotyping_GG1_JLU/2025_10_21_RSFB-Phenotyping_GG1_JLU/20251021_155317.jpg,2025_10_21_RSFB-Phenotyping_GG1_JLU/2025_10_21_RSFB-Phenotyping_GG1_JLU/20251021_155317.jpg,20251021_155317.jpg,f77143b3866da6022ba0a87f015935d050326d884f3191720e0cd5f2fd41885e,gg_insects_t1_bbch10,JLU,Gross-Gerau,Insects,2025-10-21,T1,BBCH10,18.0,,23.0,13.0,10.0,False,5.0,dual_weak,1.0,2025_10_21_RSFB-Phenotyping_GG1_scores.csv,176_R4S_164_Fortis_30_5,176,Fortis,plot_cb17d6bcad8ffccbde51,score_qr,weak_pretrain
img_6499001a43d423c44f03,/home/nfs/data/nvme_datasets/Pictures_CFSB_leaf_damage/2025_10_21_RSFB-Phenotyping_GG1_JLU/2025_10_21_RSFB-Phenotyping_GG1_JLU/20251021_155612.jpg,2025_10_21_RSFB-Phenotyping_GG1_JLU/2025_10_21_RSFB-Phenotyping_GG1_JLU/20251021_155612.jpg,20251021_155612.jpg,6499001a43d423c44f03d4fd66794753bdbacb34a0e622f4d8b838ec512c6405,gg_insects_t1_bbch10,JLU,Gross-Gerau,Insects,2025-10-21,T1,BBCH10,21.75,,25.0,18.5,6.5,False,5.0,dual_weak,1.0,2025_10_21_RSFB-Phenotyping_GG1_scores.csv,140_R4S_244_NK Bravour_24_5,140,NK Bravour,plot_2fa07072cfe412c346ed,score_qr,weak_pretrain
img_fbf57a645fd61b6a66de,/home/nfs/data/nvme_datasets/Pictures_CFSB_leaf_damage/2025_10_21_RSFB-Phenotyping_GG1_JLU/2025_10_21_RSFB-Phenotyping_GG1_JLU/20251021_155808.jpg,2025_10_21_RSFB-Phenotyping_GG1_JLU/2025_10_21_RSFB-Phenotyping_GG1_JLU/20251021_155808.jpg,20251021_155808.jpg,fbf57a645fd61b6a66de6f6b50d0c3d247cd6f2e46f58a324cff7d6377683585,gg_insects_t1_bbch10,JLU,Gross-Gerau,Insects,2025-10-21,T1,BBCH10,8.5,,2.0,15.0,13.0,False,5.0,dual_weak,1.0,2025_10_21_RSFB-Phenotyping_GG1_scores.csv,116_R4S_452_G56_20_5,116,G56,plot_7b5226474d03f55ab84a,score_qr,weak_pretrain
img_234e14e1baf4307a0a41,/home/nfs/data/nvme_datasets/Pictures_CFSB_leaf_damage/2025_10_21_RSFB-Phenotyping_GG1_JLU/2025_10_21_RSFB-Phenotyping_GG1_JLU/20251021_155828.jpg,2025_10_21_RSFB-Phenotyping_GG1_JLU/2025_10_21_RSFB-Phenotyping_GG1_JLU/20251021_155828.jpg,20251021_155828.jpg,234e14e1baf4307a0a41612657dbbd808fa6f160c9d6724392db0e0d6cbf3bc9,gg_insects_t1_bbch10,JLU,Gross-Gerau,Insects,2025-10-21,T1,BBCH10,23.5,,35.0,12.0,23.0,False,5.0,dual_weak,1.0,2025_10_21_RSFB-Phenotyping_GG1_scores.csv,113_R4S_284_Nemertschanskij 1_19_5,113,Nemertschanskij 1,plot_c56b353ccd4d762a32d5,score_qr,weak_pretrain
img_bf535cd62edf151bd3c2,/home/nfs/data/nvme_datasets/Pictures_CFSB_leaf_damage/2025_10_21_RSFB-Phenotyping_GG1_JLU/2025_10_21_RSFB-Phenotyping_GG1_JLU/20251021_155835.jpg,2025_10_21_RSFB-Phenotyping_GG1_JLU/2025_10_21_RSFB-Phenotyping_GG1_JLU/20251021_155835.jpg,20251021_155835.jpg,bf535cd62edf151bd3c2574cbc5956fe1cae7d16208d412bdbe938e85bfc7d37,gg_insects_t1_bbch10,JLU,Gross-Gerau,Insects,2025-10-21,T1,BBCH10,16.5,,20.0,13.0,7.0,False,5.0,dual_weak,1.0,2025_10_21_RSFB-Phenotyping_GG1_scores.csv,113_R4S_284_Nemertschanskij 1_19_5,113,Nemertschanskij 1,plot_c56b353ccd4d762a32d5,score_qr,weak_pretrain
img_b145686fdbf9e3842bd8,/home/nfs/data/nvme_datasets/Pictures_CFSB_leaf_damage/2025_10_21_RSFB-Phenotyping_GG1_JLU/2025_10_21_RSFB-Phenotyping_GG1_JLU/20251021_155843.jpg,2025_10_21_RSFB-Phenotyping_GG1_JLU/2025_10_21_RSFB-Phenotyping_GG1_JLU/20251021_155843.jpg,20251021_155843.jpg,b145686fdbf9e3842bd8d4c8c8c15526fca7ea2e275c912506d5c5fce040d678,gg_insects_t1_bbch10,JLU,Gross-Gerau,Insects,2025-10-21,T1,BBCH10,16.75,,22.0,11.5,10.5,False,5.0,dual_weak,1.0,2025_10_21_RSFB-Phenotyping_GG1_scores.csv,113_R4S_284_Nemertschanskij 1_19_5,113,Nemertschanskij 1,plot_c56b353ccd4d762a32d5,score_qr,weak_pretrain
img_436265b2d7ceed91df86,/home/nfs/data/nvme_datasets/Pictures_CFSB_leaf_damage/2025_10_21_RSFB-Phenotyping_GG1_JLU/2025_10_21_RSFB-Phenotyping_GG1_JLU/20251021_155857.jpg,2025_10_21_RSFB-Phenotyping_GG1_JLU/2025_10_21_RSFB-Phenotyping_GG1_JLU/20251021_155857.jpg,20251021_155857.jpg,436265b2d7ceed91df863f69ce3efc50591501debb3ca812978acd9d3b3b588f,gg_insects_t1_bbch10,JLU,Gross-Gerau,Insects,2025-10-21,T1,BBCH10,15.25,,12.0,18.5,6.5,False,5.0,dual_weak,1.0,2025_10_21_RSFB-Phenotyping_GG1_scores.csv,104_R4S_364_Silona_18_5,104,Silona,plot_e898a4d9ed85e24ff050,score_qr,weak_pretrain
img_0ffa455dbadf1d017f5c,/home/nfs/data/nvme_datasets/Pictures_CFSB_leaf_damage/2025_10_21_RSFB-Phenotyping_GG1_JLU/2025_10_21_RSFB-Phenotyping_GG1_JLU/20251021_155912.jpg,2025_10_21_RSFB-Phenotyping_GG1_JLU/2025_10_21_RSFB-Phenotyping_GG1_JLU/20251021_155912.jpg,20251021_155912.jpg,0ffa455dbadf1d017f5cb360dea8d682d146a98b34ec69583871c5ffa70cc73e,gg_insects_t1_bbch10,JLU,Gross-Gerau,Insects,2025-10-21,T1,BBCH10,15.75,,20.0,11.5,8.5,False,5.0,dual_weak,1.0,2025_10_21_RSFB-Phenotyping_GG1_scores.csv,104_R4S_364_Silona_18_5,104,Silona,plot_e898a4d9ed85e24ff050,score_qr,weak_pretrain
img_c173415c01f6451fc8a5,/home/nfs/data/nvme_datasets/Pictures_CFSB_leaf_damage/2025_10_21_RSFB-Phenotyping_GG1_JLU/2025_10_21_RSFB-Phenotyping_GG1_JLU/20251021_155939.jpg,2025_10_21_RSFB-Phenotyping_GG1_JLU/2025_10_21_RSFB-Phenotyping_GG1_JLU/20251021_155939.jpg,20251021_155939.jpg,c173415c01f6451fc8a5ddb9383ed40dddd7e3104cc1e100e3c532eafb2a0b97,gg_insects_t1_bbch10,JLU,Gross-Gerau,Insects,2025-10-21,T1,BBCH10,6.5,,3.0,10.0,7.0,False,5.0,dual_weak,1.0,2025_10_21_RSFB-Phenotyping_GG1_scores.csv,101_R4S_375_Vinnickij 15&59_17_5,101,Vinnickij 15&59,plot_b351f823b8a0415f9230,score_qr,weak_pretrain
img_8018b11168a3def9cd04,/home/nfs/data/nvme_datasets/Pictures_CFSB_leaf_damage/2025_10_21_RSFB-Phenotyping_GG1_JLU/2025_10_21_RSFB-Phenotyping_GG1_JLU/20251021_155950.jpg,2025_10_21_RSFB-Phenotyping_GG1_JLU/2025_10_21_RSFB-Phenotyping_GG1_JLU/20251021_155950.jpg,20251021_155950.jpg,8018b11168a3def9cd045331f70985d070903748f598b8a96b5ee46ff30490b3,gg_insects_t1_bbch10,JLU,Gross-Gerau,Insects,2025-10-21,T1,BBCH10,27.25,,40.0,14.5,25.5,False,5.0,dual_weak,1.0,2025_10_21_RSFB-Phenotyping_GG1_scores.csv,92_R4S_316_BRONYE TOP_16_5,92,BRONYE TOP,plot_70e089493510c6f73a3d,score_qr,weak_pretrain
img_98bb0060f5f9b42a8e42,/home/nfs/data/nvme_datasets/Pictures_CFSB_leaf_damage/2025_10_21_RSFB-Phenotyping_GG1_JLU/2025_10_21_RSFB-Phenotyping_GG1_JLU/20251021_160003.jpg,2025_10_21_RSFB-Phenotyping_GG1_JLU/2025_10_21_RSFB-Phenotyping_GG1_JLU/20251021_160003.jpg,20251021_160003.jpg,98bb0060f5f9b42a8e426ecb6640cd1aee0dca75e2c685e2b65e344268222774,gg_insects_t1_bbch10,JLU,Gross-Gerau,Insects,2025-10-21,T1,BBCH10,11.0,,15.0,7.0,8.0,False,5.0,dual_weak,1.0,2025_10_21_RSFB-Phenotyping_GG1_scores.csv,92_R4S_316_BRONYE TOP_16_5,92,BRONYE TOP,plot_70e089493510c6f73a3d,score_qr,weak_pretrain
img_199a69211f8552cbf4f2,/home/nfs/data/nvme_datasets/Pictures_CFSB_leaf_damage/2025_10_21_RSFB-Phenotyping_GG1_JLU/2025_10_21_RSFB-Phenotyping_GG1_JLU/20251021_160018.jpg,2025_10_21_RSFB-Phenotyping_GG1_JLU/2025_10_21_RSFB-Phenotyping_GG1_JLU/20251021_160018.jpg,20251021_160018.jpg,199a69211f8552cbf4f2dfc7c1a5423abc14a40ae1f8ff9bf92898a15aacc56c,gg_insects_t1_bbch10,JLU,Gross-Gerau,Insects,2025-10-21,T1,BBCH10,19.0,,25.0,13.0,12.0,False,5.0,dual_weak,1.0,2025_10_21_RSFB-Phenotyping_GG1_scores.csv,89_R4S_461_H365_15_5,89,H365,plot_c4f0ab8ea577a0777829,score_qr,weak_pretrain
img_38565208933e92c05e8c,/home/nfs/data/nvme_datasets/Pictures_CFSB_leaf_damage/2025_10_21_RSFB-Phenotyping_GG1_JLU/2025_10_21_RSFB-Phenotyping_GG1_JLU/20251021_160023.jpg,2025_10_21_RSFB-Phenotyping_GG1_JLU/2025_10_21_RSFB-Phenotyping_GG1_JLU/20251021_160023.jpg,20251021_160023.jpg,38565208933e92c05e8c4cc5b3068bfb79e9c1b51ca96134222fb9a03227f198,gg_insects_t1_bbch10,JLU,Gross-Gerau,Insects,2025-10-21,T1,BBCH10,23.75,,27.0,20.5,6.5,False,5.0,dual_weak,1.0,2025_10_21_RSFB-Phenotyping_GG1_scores.csv,89_R4S_461_H365_15_5,89,H365,plot_c4f0ab8ea577a0777829,score_qr,weak_pretrain
img_469590a4ff124a704b3e,/home/nfs/data/nvme_datasets/Pictures_CFSB_leaf_damage/2025_10_21_RSFB-Phenotyping_GG1_JLU/2025_10_21_RSFB-Phenotyping_GG1_JLU/20251021_160029.jpg,2025_10_21_RSFB-Phenotyping_GG1_JLU/2025_10_21_RSFB-Phenotyping_GG1_JLU/20251021_160029.jpg,20251021_160029.jpg,469590a4ff124a704b3eb7e17c386d7b72b4a0a5cf2b5bb316a0ca01b2d8e7ed,gg_insects_t1_bbch10,JLU,Gross-Gerau,Insects,2025-10-21,T1,BBCH10,18.25,,25.0,11.5,13.5,False,5.0,dual_weak,1.0,2025_10_21_RSFB-Phenotyping_GG1_scores.csv,89_R4S_461_H365_15_5,89,H365,plot_c4f0ab8ea577a0777829,score_qr,weak_pretrain
img_cc2e59bddf88eb90e8e4,/home/nfs/data/nvme_datasets/Pictures_CFSB_leaf_damage/2025_10_21_RSFB-Phenotyping_GG1_JLU/2025_10_21_RSFB-Phenotyping_GG1_JLU/20251021_160047.jpg,2025_10_21_RSFB-Phenotyping_GG1_JLU/2025_10_21_RSFB-Phenotyping_GG1_JLU/20251021_160047.jpg,20251021_160047.jpg,cc2e59bddf88eb90e8e4249d5805771eae1c0c50eb2fd4d2c795faf1d91e4b94,gg_insects_t1_bbch10,JLU,Gross-Gerau,Insects,2025-10-21,T1,BBCH10,5.25,,2.0,8.5,6.5,False,5.0,dual_weak,1.0,2025_10_21_RSFB-Phenotyping_GG1_scores.csv,80_R4S_512_R31_14_5,80,R31,plot_ecb8a2d7a20b5079cedb,score_qr,weak_pretrain
img_bcf93659d7ddfda2413f,/home/nfs/data/nvme_datasets/Pictures_CFSB_leaf_damage/2025_10_21_RSFB-Phenotyping_GG1_JLU/2025_10_21_RSFB-Phenotyping_GG1_JLU/20251021_160120.jpg,2025_10_21_RSFB-Phenotyping_GG1_JLU/2025_10_21_RSFB-Phenotyping_GG1_JLU/20251021_160120.jpg,20251021_160120.jpg,bcf93659d7ddfda2413fbe7741848e079fb4795c106fc8dfc782e9681317beb3,gg_insects_t1_bbch10,JLU,Gross-Gerau,Insects,2025-10-21,T1,BBCH10,16.0,,22.0,10.0,12.0,False,5.0,dual_weak,1.0,2025_10_21_RSFB-Phenotyping_GG1_scores.csv,77_R4S_376_Victor_13_5,77,Victor,plot_e035662a81bee59d3eb9,score_qr,weak_pretrain
img_f77c2bc1db7c2fdab069,/home/nfs/data/nvme_datasets/Pictures_CFSB_leaf_damage/2025_10_21_RSFB-Phenotyping_GG1_JLU/2025_10_21_RSFB-Phenotyping_GG1_JLU/20251021_160143.jpg,2025_10_21_RSFB-Phenotyping_GG1_JLU/2025_10_21_RSFB-Phenotyping_GG1_JLU/20251021_160143.jpg,20251021_160143.jpg,f77c2bc1db7c2fdab0691cb129ded550a9e721f8ba29ca194268dde529da47d5,gg_insects_t1_bbch10,JLU,Gross-Gerau,Insects,2025-10-21,T1,BBCH10,14.0,,20.0,8.0,12.0,False,5.0,dual_weak,1.0,2025_10_21_RSFB-Phenotyping_GG1_scores.csv,68_R4S_493_KWS ARIANOS_12_5,68,KWS ARIANOS,plot_0b9b0648c6ff45bf1b42,score_qr,weak_pretrain
img_9c4e2f6dcdc666c25ab8,/home/nfs/data/nvme_datasets/Pictures_CFSB_leaf_damage/2025_10_21_RSFB-Phenotyping_GG1_JLU/2025_10_21_RSFB-Phenotyping_GG1_JLU/20251021_160154.jpg,2025_10_21_RSFB-Phenotyping_GG1_JLU/2025_10_21_RSFB-Phenotyping_GG1_JLU/20251021_160154.jpg,20251021_160154.jpg,9c4e2f6dcdc666c25ab87b1ae0fecef0bb131c6c8a39ce0d14af87896416ee37,gg_insects_t1_bbch10,JLU,Gross-Gerau,Insects,2025-10-21,T1,BBCH10,19.5,,23.0,16.0,7.0,False,5.0,dual_weak,1.0,2025_10_21_RSFB-Phenotyping_GG1_scores.csv,68_R4S_493_KWS ARIANOS_12_5,68,KWS ARIANOS,plot_0b9b0648c6ff45bf1b42,score_qr,weak_pretrain
img_65e1ac8fa60ddf531b67,/home/nfs/data/nvme_datasets/Pictures_CFSB_leaf_damage/2025_10_21_RSFB-Phenotyping_GG1_JLU/2025_10_21_RSFB-Phenotyping_GG1_JLU/20251021_160207.jpg,2025_10_21_RSFB-Phenotyping_GG1_JLU/2025_10_21_RSFB-Phenotyping_GG1_JLU/20251021_160207.jpg,20251021_160207.jpg,65e1ac8fa60ddf531b67650ef8c850ab0c629785e7af36475e44246fd1b16edd,gg_insects_t1_bbch10,JLU,Gross-Gerau,Insects,2025-10-21,T1,BBCH10,15.5,,25.0,6.0,19.0,False,5.0,dual_weak,1.0,2025_10_21_RSFB-Phenotyping_GG1_scores.csv,65_R4S_490_R8_11_5,65,R8,plot_2d1fa5fc3c4305dcc7ab,score_qr,weak_pretrain
img_766b077d40cc3551e281,/home/nfs/data/nvme_datasets/Pictures_CFSB_leaf_damage/2025_10_21_RSFB-Phenotyping_GG1_JLU/2025_10_21_RSFB-Phenotyping_GG1_JLU/20251021_160214.jpg,2025_10_21_RSFB-Phenotyping_GG1_JLU/2025_10_21_RSFB-Phenotyping_GG1_JLU/20251021_160214.jpg,20251021_160214.jpg,766b077d40cc3551e2813c6ae1b8172d601aeac10ed47d968a63772f6a3c192d,gg_insects_t1_bbch10,JLU,Gross-Gerau,Insects,2025-10-21,T1,BBCH10,20.0,,30.0,10.0,20.0,False,5.0,dual_weak,1.0,2025_10_21_RSFB-Phenotyping_GG1_scores.csv,65_R4S_490_R8_11_5,65,R8,plot_2d1fa5fc3c4305dcc7ab,score_qr,weak_pretrain
img_91c3bb5855309463b480,/home/nfs/data/nvme_datasets/Pictures_CFSB_leaf_damage/2025_10_21_RSFB-Phenotyping_GG1_JLU/2025_10_21_RSFB-Phenotyping_GG1_JLU/20251021_160301.jpg,2025_10_21_RSFB-Phenotyping_GG1_JLU/2025_10_21_RSFB-Phenotyping_GG1_JLU/20251021_160301.jpg,20251021_160301.jpg,91c3bb5855309463b4807436f03040208b61ba93bc248f98df0f0f2eed6c2a13,gg_insects_t1_bbch10,JLU,Gross-Gerau,Insects,2025-10-21,T1,BBCH10,7.25,,2.0,12.5,10.5,False,5.0,dual_weak,1.0,2025_10_21_RSFB-Phenotyping_GG1_scores.csv,53_R4S_398_Bolko_9_5,53,Bolko,plot_80ee42a305b824b5337d,score_qr,weak_pretrain
img_c43fd1905767b269a71e,/home/nfs/data/nvme_datasets/Pictures_CFSB_leaf_damage/2025_10_21_RSFB-Phenotyping_GG1_JLU/2025_10_21_RSFB-Phenotyping_GG1_JLU/20251021_160307.jpg,2025_10_21_RSFB-Phenotyping_GG1_JLU/2025_10_21_RSFB-Phenotyping_GG1_JLU/20251021_160307.jpg,20251021_160307.jpg,c43fd1905767b269a71e67c52e2f5db653ca526be7ab3644a98bc999937ca7cc,gg_insects_t1_bbch10,JLU,Gross-Gerau,Insects,2025-10-21,T1,BBCH10,8.0,,1.0,15.0,14.0,False,5.0,dual_weak,1.0,2025_10_21_RSFB-Phenotyping_GG1_scores.csv,53_R4S_398_Bolko_9_5,53,Bolko,plot_80ee42a305b824b5337d,score_qr,weak_pretrain
img_20a0b4d5e1167b154fd7,/home/nfs/data/nvme_datasets/Pictures_CFSB_leaf_damage/2025_10_21_RSFB-Phenotyping_GG1_JLU/2025_10_21_RSFB-Phenotyping_GG1_JLU/20251021_160316.jpg,2025_10_21_RSFB-Phenotyping_GG1_JLU/2025_10_21_RSFB-Phenotyping_GG1_JLU/20251021_160316.jpg,20251021_160316.jpg,20a0b4d5e1167b154fd72219c594820c3828fcfebaa161b40cf582176c1de3f0,gg_insects_t1_bbch10,JLU,Gross-Gerau,Insects,2025-10-21,T1,BBCH10,22.5,,30.0,15.0,15.0,False,5.0,dual_weak,1.0,2025_10_21_RSFB-Phenotyping_GG1_scores.csv,53_R4S_398_Bolko_9_5,53,Bolko,plot_80ee42a305b824b5337d,score_qr,weak_pretrain
img_13106f960a7dc08eb8c2,/home/nfs/data/nvme_datasets/Pictures_CFSB_leaf_damage/2025_10_21_RSFB-Phenotyping_GG1_JLU/2025_10_21_RSFB-Phenotyping_GG1_JLU/20251021_160508.jpg,2025_10_21_RSFB-Phenotyping_GG1_JLU/2025_10_21_RSFB-Phenotyping_GG1_JLU/20251021_160508.jpg,20251021_160508.jpg,13106f960a7dc08eb8c282fccf401d46ef96e380c854746288d8dee68eb6dacd,gg_insects_t1_bbch10,JLU,Gross-Gerau,Insects,2025-10-21,T1,BBCH10,17.5,,25.0,10.0,15.0,False,5.0,dual_weak,1.0,2025_10_21_RSFB-Phenotyping_GG1_scores.csv,29_R4S_179_Ascona_5_5,29,Ascona,plot_515f3eae0107bd86c13e,score_qr,weak_pretrain
img_36f33fa7a6c2898d33fa,/home/nfs/data/nvme_datasets/Pictures_CFSB_leaf_damage/2025_10_21_RSFB-Phenotyping_GG1_JLU/2025_10_21_RSFB-Phenotyping_GG1_JLU/20251021_160515.jpg,2025_10_21_RSFB-Phenotyping_GG1_JLU/2025_10_21_RSFB-Phenotyping_GG1_JLU/20251021_160515.jpg,20251021_160515.jpg,36f33fa7a6c2898d33fa72c073a4fc76666093a9498e681cf2e1b044f7037510,gg_insects_t1_bbch10,JLU,Gross-Gerau,Insects,2025-10-21,T1,BBCH10,11.0,,15.0,7.0,8.0,False,5.0,dual_weak,1.0,2025_10_21_RSFB-Phenotyping_GG1_scores.csv,29_R4S_179_Ascona_5_5,29,Ascona,plot_515f3eae0107bd86c13e,score_qr,weak_pretrain
img_cb18720f72e5bec4f850,/home/nfs/data/nvme_datasets/Pictures_CFSB_leaf_damage/2025_10_21_RSFB-Phenotyping_GG1_JLU/2025_10_21_RSFB-Phenotyping_GG1_JLU/20251021_160714.jpg,2025_10_21_RSFB-Phenotyping_GG1_JLU/2025_10_21_RSFB-Phenotyping_GG1_JLU/20251021_160714.jpg,20251021_160714.jpg,cb18720f72e5bec4f850222f476588052cba4e6e143743412f667a76cfab45ea,gg_insects_t1_bbch10,JLU,Gross-Gerau,Insects,2025-10-21,T1,BBCH10,7.0,,1.0,13.0,12.0,False,5.0,dual_weak,1.0,2025_10_21_RSFB-Phenotyping_GG1_scores.csv,5_Smaragd_1_5,5,Smaragd,plot_ea99039aeae06bdc085a,score_qr,weak_pretrain
img_9b0cb84a96cc9aeed3a1,/home/nfs/data/nvme_datasets/Pictures_CFSB_leaf_damage/2025_10_21_RSFB-Phenotyping_GG1_JLU/2025_10_21_RSFB-Phenotyping_GG1_JLU/20251021_160831.jpg,2025_10_21_RSFB-Phenotyping_GG1_JLU/2025_10_21_RSFB-Phenotyping_GG1_JLU/20251021_160831.jpg,20251021_160831.jpg,9b0cb84a96cc9aeed3a16f9e173724bda9af4c94dae0439f17eb52d4a735617b,gg_insects_t1_bbch10,JLU,Gross-Gerau,Insects,2025-10-21,T1,BBCH10,5.25,,1.0,9.5,8.5,False,5.0,dual_weak,1.0,2025_10_21_RSFB-Phenotyping_GG1_scores.csv,18_R4S_286_Ramses_3_6,18,Ramses,plot_31ff4a85b21ababa7de0,score_qr,weak_pretrain
img_f68f08c70fa31a894c4f,/home/nfs/data/nvme_datasets/Pictures_CFSB_leaf_damage/2025_10_21_RSFB-Phenotyping_GG1_JLU/2025_10_21_RSFB-Phenotyping_GG1_JLU/20251021_160936.jpg,2025_10_21_RSFB-Phenotyping_GG1_JLU/2025_10_21_RSFB-Phenotyping_GG1_JLU/20251021_160936.jpg,20251021_160936.jpg,f68f08c70fa31a894c4f039cad9525b018124719762cce1332000d78d8d4565e,gg_insects_t1_bbch10,JLU,Gross-Gerau,Insects,2025-10-21,T1,BBCH10,19.25,,30.0,8.5,21.5,False,5.0,dual_weak,1.0,2025_10_21_RSFB-Phenotyping_GG1_scores.csv,31_R4S_377_Sonnengold_6_6,31,Sonnengold,plot_26ea8458a2629f0bfa8f,score_qr,weak_pretrain
img_d3f97dd38e6a40f6f04a,/home/nfs/data/nvme_datasets/Pictures_CFSB_leaf_damage/2025_10_21_RSFB-Phenotyping_GG1_JLU/2025_10_21_RSFB-Phenotyping_GG1_JLU/20251021_161054.jpg,2025_10_21_RSFB-Phenotyping_GG1_JLU/2025_10_21_RSFB-Phenotyping_GG1_JLU/20251021_161054.jpg,20251021_161054.jpg,d3f97dd38e6a40f6f04a0775366b0401cb77da1e05f83b5cd3cb42bfde62e0ba,gg_insects_t1_bbch10,JLU,Gross-Gerau,Insects,2025-10-21,T1,BBCH10,8.75,,1.0,16.5,15.5,False,5.0,dual_weak,1.0,2025_10_21_RSFB-Phenotyping_GG1_scores.csv,54_R4S_543_Smaragd_9_6,54,Smaragd,plot_45f6d31ea6c6f3f4c15c,score_qr,weak_pretrain
img_f24b936c4125c9d51361,/home/nfs/data/nvme_datasets/Pictures_CFSB_leaf_damage/2025_10_21_RSFB-Phenotyping_GG1_JLU/2025_10_21_RSFB-Phenotyping_GG1_JLU/20251021_161118.jpg,2025_10_21_RSFB-Phenotyping_GG1_JLU/2025_10_21_RSFB-Phenotyping_GG1_JLU/20251021_161118.jpg,20251021_161118.jpg,f24b936c4125c9d5136153ea5aaf4e3212c65bb4ef710cc2f4f65c938374ee70,gg_insects_t1_bbch10,JLU,Gross-Gerau,Insects,2025-10-21,T1,BBCH10,33.5,,45.0,22.0,23.0,False,5.0,dual_weak,1.0,2025_10_21_RSFB-Phenotyping_GG1_scores.csv,55_R4S_440_R59_10_6,55,R59,plot_fa6a48d19e93015e1485,score_qr,weak_pretrain
img_5b9ff64e6e89ec49816f,/home/nfs/data/nvme_datasets/Pictures_CFSB_leaf_damage/2025_10_21_RSFB-Phenotyping_GG1_JLU/2025_10_21_RSFB-Phenotyping_GG1_JLU/20251021_161125.jpg,2025_10_21_RSFB-Phenotyping_GG1_JLU/2025_10_21_RSFB-Phenotyping_GG1_JLU/20251021_161125.jpg,20251021_161125.jpg,5b9ff64e6e89ec49816fde4083618b273a8c226b29daffc7f3e1b09c92f86c0c,gg_insects_t1_bbch10,JLU,Gross-Gerau,Insects,2025-10-21,T1,BBCH10,31.0,,42.0,20.0,22.0,False,5.0,dual_weak,1.0,2025_10_21_RSFB-Phenotyping_GG1_scores.csv,55_R4S_440_R59_10_6,55,R59,plot_fa6a48d19e93015e1485,score_qr,weak_pretrain
img_b4fe5562e2dc12231897,/home/nfs/data/nvme_datasets/Pictures_CFSB_leaf_damage/2025_10_21_RSFB-Phenotyping_GG1_JLU/2025_10_21_RSFB-Phenotyping_GG1_JLU/20251021_161137.jpg,2025_10_21_RSFB-Phenotyping_GG1_JLU/2025_10_21_RSFB-Phenotyping_GG1_JLU/20251021_161137.jpg,20251021_161137.jpg,b4fe5562e2dc122318970fcccc4b380fb61e34e15bb757e5f97da3d3988c4054,gg_insects_t1_bbch10,JLU,Gross-Gerau,Insects,2025-10-21,T1,BBCH10,17.0,,10.0,24.0,14.0,False,5.0,dual_weak,1.0,2025_10_21_RSFB-Phenotyping_GG1_scores.csv,66_R4S_336_Wilhelmsburger Reform_11_6,66,Wilhelmsburger Reform,plot_48cebde7bc8fcca7118a,score_qr,weak_pretrain
img_e04189a5f290829b0aac,/home/nfs/data/nvme_datasets/Pictures_CFSB_leaf_damage/2025_10_21_RSFB-Phenotyping_GG1_JLU/2025_10_21_RSFB-Phenotyping_GG1_JLU/20251021_161217.jpg,2025_10_21_RSFB-Phenotyping_GG1_JLU/2025_10_21_RSFB-Phenotyping_GG1_JLU/20251021_161217.jpg,20251021_161217.jpg,e04189a5f290829b0aaccd07a5e4d449c39be9b0dda554d15adbca171ad1b254,gg_insects_t1_bbch10,JLU,Gross-Gerau,Insects,2025-10-21,T1,BBCH10,22.0,,30.0,14.0,16.0,False,5.0,dual_weak,1.0,2025_10_21_RSFB-Phenotyping_GG1_scores.csv,67_R4S_229_Jessica_12_6,67,Jessica,plot_3a4abe53bbd7b56e9f54,score_qr,weak_pretrain
img_36bf9c3b03e431d5dbd3,/home/nfs/data/nvme_datasets/Pictures_CFSB_leaf_damage/2025_10_21_RSFB-Phenotyping_GG1_JLU/2025_10_21_RSFB-Phenotyping_GG1_JLU/20251021_161230.jpg,2025_10_21_RSFB-Phenotyping_GG1_JLU/2025_10_21_RSFB-Phenotyping_GG1_JLU/20251021_161230.jpg,20251021_161230.jpg,36bf9c3b03e431d5dbd3ac5b7c517c3e6a5bdbd8744ecf2e215ec27f35c26412,gg_insects_t1_bbch10,JLU,Gross-Gerau,Insects,2025-10-21,T1,BBCH10,12.75,,2.0,23.5,21.5,False,5.0,dual_weak,1.0,2025_10_21_RSFB-Phenotyping_GG1_scores.csv,78_R4S_205_RESZN/H048_13_6,78,RESZN/H048,plot_c08c9fc75665c975b852,score_qr,weak_pretrain
img_dfe15f1161966c6f6cb8,/home/nfs/data/nvme_datasets/Pictures_CFSB_leaf_damage/2025_10_21_RSFB-Phenotyping_GG1_JLU/2025_10_21_RSFB-Phenotyping_GG1_JLU/20251021_161242.jpg,2025_10_21_RSFB-Phenotyping_GG1_JLU/2025_10_21_RSFB-Phenotyping_GG1_JLU/20251021_161242.jpg,20251021_161242.jpg,dfe15f1161966c6f6cb8da81c54246e0bb610ab4481505827b64bd7cde1aa77f,gg_insects_t1_bbch10,JLU,Gross-Gerau,Insects,2025-10-21,T1,BBCH10,3.75,,1.0,6.5,5.5,False,5.0,dual_weak,1.0,2025_10_21_RSFB-Phenotyping_GG1_scores.csv,78_R4S_205_RESZN/H048_13_6,78,RESZN/H048,plot_c08c9fc75665c975b852,score_qr,weak_pretrain
img_7486e1668ac5666febef,/home/nfs/data/nvme_datasets/Pictures_CFSB_leaf_damage/2025_10_21_RSFB-Phenotyping_GG1_JLU/2025_10_21_RSFB-Phenotyping_GG1_JLU/20251021_161408.jpg,2025_10_21_RSFB-Phenotyping_GG1_JLU/2025_10_21_RSFB-Phenotyping_GG1_JLU/20251021_161408.jpg,20251021_161408.jpg,7486e1668ac5666febeffbcb4ed0e083c9d816f2282e8a04d7755b9ed431a39b,gg_insects_t1_bbch10,JLU,Gross-Gerau,Insects,2025-10-21,T1,BBCH10,16.75,,25.0,8.5,16.5,False,5.0,dual_weak,1.0,2025_10_21_RSFB-Phenotyping_GG1_scores.csv,102_R4S_324_Scotia_17_6,102,Scotia,plot_6db75ec8b4bf1739f8b3,score_qr,weak_pretrain
img_2e0da438624b00960438,/home/nfs/data/nvme_datasets/Pictures_CFSB_leaf_damage/2025_10_21_RSFB-Phenotyping_GG1_JLU/2025_10_21_RSFB-Phenotyping_GG1_JLU/20251021_161415.jpg,2025_10_21_RSFB-Phenotyping_GG1_JLU/2025_10_21_RSFB-Phenotyping_GG1_JLU/20251021_161415.jpg,20251021_161415.jpg,2e0da438624b009604381d8be74bfe11d88a6a0978a739531974af0f9dbe016b,gg_insects_t1_bbch10,JLU,Gross-Gerau,Insects,2025-10-21,T1,BBCH10,7.25,,10.0,4.5,5.5,False,5.0,dual_weak,1.0,2025_10_21_RSFB-Phenotyping_GG1_scores.csv,102_R4S_324_Scotia_17_6,102,Scotia,plot_6db75ec8b4bf1739f8b3,score_qr,weak_pretrain
img_a7811a135ebdc021e2a0,/home/nfs/data/nvme_datasets/Pictures_CFSB_leaf_damage/2025_10_21_RSFB-Phenotyping_GG1_JLU/2025_10_21_RSFB-Phenotyping_GG1_JLU/20251021_161457.jpg,2025_10_21_RSFB-Phenotyping_GG1_JLU/2025_10_21_RSFB-Phenotyping_GG1_JLU/20251021_161457.jpg,20251021_161457.jpg,a7811a135ebdc021e2a0b1df5dbaf46d9aa8abde94a08d8b86c696a5dbf7d40f,gg_insects_t1_bbch10,JLU,Gross-Gerau,Insects,2025-10-21,T1,BBCH10,20.75,,8.0,33.5,25.5,False,5.0,dual_weak,1.0,2025_10_21_RSFB-Phenotyping_GG1_scores.csv,114_R4S_424_R18_19_6,114,R18,plot_d02ef7aaefc3415d507e,score_qr,weak_pretrain
img_b823d77c0c3eaaad85fa,/home/nfs/data/nvme_datasets/Pictures_CFSB_leaf_damage/2025_10_21_RSFB-Phenotyping_GG1_JLU/2025_10_21_RSFB-Phenotyping_GG1_JLU/20251021_161549.jpg,2025_10_21_RSFB-Phenotyping_GG1_JLU/2025_10_21_RSFB-Phenotyping_GG1_JLU/20251021_161549.jpg,20251021_161549.jpg,b823d77c0c3eaaad85fa068917f9f6f9852a0a7713a571a32964be18e39d058a,gg_insects_t1_bbch10,JLU,Gross-Gerau,Insects,2025-10-21,T1,BBCH10,4.35,,7.0,1.7,5.3,False,5.0,dual_weak,1.0,2025_10_21_RSFB-Phenotyping_GG1_scores.csv,115_R4S_514_R31_20_6,115,R31,plot_5008f76cf0a562f63097,score_qr,weak_pretrain
img_7b766fb3bc163135be36,/home/nfs/data/nvme_datasets/Pictures_CFSB_leaf_damage/2025_10_21_RSFB-Phenotyping_GG1_JLU/2025_10_21_RSFB-Phenotyping_GG1_JLU/20251021_161624.jpg,2025_10_21_RSFB-Phenotyping_GG1_JLU/2025_10_21_RSFB-Phenotyping_GG1_JLU/20251021_161624.jpg,20251021_161624.jpg,7b766fb3bc163135be36d22f9239dd0d827f3a3625e51ac4552af6c8ed70d17f,gg_insects_t1_bbch10,JLU,Gross-Gerau,Insects,2025-10-21,T1,BBCH10,7.5,,12.0,3.0,9.0,False,5.0,dual_weak,1.0,2025_10_21_RSFB-Phenotyping_GG1_scores.csv,126_R4S_283_Mztnickij_21_6,126,Mztnickij,plot_3361cc58e772149f169e,score_qr,weak_pretrain
img_42396e70810724464f2b,/home/nfs/data/nvme_datasets/Pictures_CFSB_leaf_damage/2025_10_21_RSFB-Phenotyping_GG1_JLU/2025_10_21_RSFB-Phenotyping_GG1_JLU/20251021_161636.jpg,2025_10_21_RSFB-Phenotyping_GG1_JLU/2025_10_21_RSFB-Phenotyping_GG1_JLU/20251021_161636.jpg,20251021_161636.jpg,42396e70810724464f2bc0b91a4354662d303d35718191f6fa2d4c603e27e853,gg_insects_t1_bbch10,JLU,Gross-Gerau,Insects,2025-10-21,T1,BBCH10,13.0,,10.0,16.0,6.0,False,5.0,dual_weak,1.0,2025_10_21_RSFB-Phenotyping_GG1_scores.csv,127_R4S_188_CANBERRA x COURAGE DH LINE_22_6,127,CANBERRA x COURAGE DH LINE,plot_70a732f80b7b639118af,score_qr,weak_pretrain
img_00524156ffded2254343,/home/nfs/data/nvme_datasets/Pictures_CFSB_leaf_damage/2025_10_21_RSFB-Phenotyping_GG1_JLU/2025_10_21_RSFB-Phenotyping_GG1_JLU/20251021_161645.jpg,2025_10_21_RSFB-Phenotyping_GG1_JLU/2025_10_21_RSFB-Phenotyping_GG1_JLU/20251021_161645.jpg,20251021_161645.jpg,00524156ffded2254343da3bea5a6bc11aa1052b9028501d89a55dde7dfbcf1b,gg_insects_t1_bbch10,JLU,Gross-Gerau,Insects,2025-10-21,T1,BBCH10,35.0,,70.0,0.0,70.0,False,5.0,dual_weak,1.0,2025_10_21_RSFB-Phenotyping_GG1_scores.csv,127_R4S_188_CANBERRA x COURAGE DH LINE_22_6,127,CANBERRA x COURAGE DH LINE,plot_70a732f80b7b639118af,score_qr,weak_pretrain
img_c245f521e29defbf1da3,/home/nfs/data/nvme_datasets/Pictures_CFSB_leaf_damage/2025_10_21_RSFB-Phenotyping_GG1_JLU/2025_10_21_RSFB-Phenotyping_GG1_JLU/20251021_161652.jpg,2025_10_21_RSFB-Phenotyping_GG1_JLU/2025_10_21_RSFB-Phenotyping_GG1_JLU/20251021_161652.jpg,20251021_161652.jpg,c245f521e29defbf1da343072e79a8057172ebe8005f9af1bfc2a63f0f7adcf6,gg_insects_t1_bbch10,JLU,Gross-Gerau,Insects,2025-10-21,T1,BBCH10,9.25,,15.0,3.5,11.5,False,5.0,dual_weak,1.0,2025_10_21_RSFB-Phenotyping_GG1_scores.csv,127_R4S_188_CANBERRA x COURAGE DH LINE_22_6,127,CANBERRA x COURAGE DH LINE,plot_70a732f80b7b639118af,score_qr,weak_pretrain
img_09c1a6e1cf950d83220e,/home/nfs/data/nvme_datasets/Pictures_CFSB_leaf_damage/2025_10_21_RSFB-Phenotyping_GG1_JLU/2025_10_21_RSFB-Phenotyping_GG1_JLU/20251021_161712.jpg,2025_10_21_RSFB-Phenotyping_GG1_JLU/2025_10_21_RSFB-Phenotyping_GG1_JLU/20251021_161712.jpg,20251021_161712.jpg,09c1a6e1cf950d83220e9c86f6729977e0122f60c4ffcfe8074f541c189353de,gg_insects_t1_bbch10,JLU,Gross-Gerau,Insects,2025-10-21,T1,BBCH10,11.5,,17.0,6.0,11.0,False,5.0,dual_weak,1.0,2025_10_21_RSFB-Phenotyping_GG1_scores.csv,138_R4S_277_Krapphauser_23_6,138,Krapphauser,plot_79cb1c61f58f85c07e0c,score_qr,weak_pretrain
img_0863d29a2dfab78ba704,/home/nfs/data/nvme_datasets/Pictures_CFSB_leaf_damage/2025_10_21_RSFB-Phenotyping_GG1_JLU/2025_10_21_RSFB-Phenotyping_GG1_JLU/20251021_161720.jpg,2025_10_21_RSFB-Phenotyping_GG1_JLU/2025_10_21_RSFB-Phenotyping_GG1_JLU/20251021_161720.jpg,20251021_161720.jpg,0863d29a2dfab78ba7043415d762f535b88eb006e2855a074da910332823f5dc,gg_insects_t1_bbch10,JLU,Gross-Gerau,Insects,2025-10-21,T1,BBCH10,18.25,,23.0,13.5,9.5,False,5.0,dual_weak,1.0,2025_10_21_RSFB-Phenotyping_GG1_scores.csv,138_R4S_277_Krapphauser_23_6,138,Krapphauser,plot_79cb1c61f58f85c07e0c,score_qr,weak_pretrain
img_27187f996bbedc824dbf,/home/nfs/data/nvme_datasets/Pictures_CFSB_leaf_damage/2025_10_21_RSFB-Phenotyping_GG1_JLU/2025_10_21_RSFB-Phenotyping_GG1_JLU/20251021_161739.jpg,2025_10_21_RSFB-Phenotyping_GG1_JLU/2025_10_21_RSFB-Phenotyping_GG1_JLU/20251021_161739.jpg,20251021_161739.jpg,27187f996bbedc824dbffaa074189bdd6dabd3eb878c54dce67d28ad00bb71da,gg_insects_t1_bbch10,JLU,Gross-Gerau,Insects,2025-10-21,T1,BBCH10,15.25,,24.0,6.5,17.5,False,5.0,dual_weak,1.0,2025_10_21_RSFB-Phenotyping_GG1_scores.csv,139_R4S_378_Sobotkowski_24_6,139,Sobotkowski,plot_5ca84068b670156039bd,score_qr,weak_pretrain
img_0031daebe8fa74009e24,/home/nfs/data/nvme_datasets/Pictures_CFSB_leaf_damage/2025_10_21_RSFB-Phenotyping_GG1_JLU/2025_10_21_RSFB-Phenotyping_GG1_JLU/20251021_161751.jpg,2025_10_21_RSFB-Phenotyping_GG1_JLU/2025_10_21_RSFB-Phenotyping_GG1_JLU/20251021_161751.jpg,20251021_161751.jpg,0031daebe8fa74009e246cbde2eb9c0f592e14f496aecb93a0f256459033946a,gg_insects_t1_bbch10,JLU,Gross-Gerau,Insects,2025-10-21,T1,BBCH10,8.0,,3.0,13.0,10.0,False,5.0,dual_weak,1.0,2025_10_21_RSFB-Phenotyping_GG1_scores.csv,139_R4S_378_Sobotkowski_24_6,139,Sobotkowski,plot_5ca84068b670156039bd,score_qr,weak_pretrain
img_13f40c597043f4a547cd,/home/nfs/data/nvme_datasets/Pictures_CFSB_leaf_damage/2025_10_21_RSFB-Phenotyping_GG1_JLU/2025_10_21_RSFB-Phenotyping_GG1_JLU/20251021_161808.jpg,2025_10_21_RSFB-Phenotyping_GG1_JLU/2025_10_21_RSFB-Phenotyping_GG1_JLU/20251021_161808.jpg,20251021_161808.jpg,13f40c597043f4a547cd7b42ec4b3c650736d7e9ad1d54288eac82302a3aaabc,gg_insects_t1_bbch10,JLU,Gross-Gerau,Insects,2025-10-21,T1,BBCH10,10.0,,3.0,17.0,14.0,False,5.0,dual_weak,1.0,2025_10_21_RSFB-Phenotyping_GG1_scores.csv,150_R4S_444_1012/98_25_6,150,1012/98,plot_957f290e26708d57eba4,score_qr,weak_pretrain
img_71e66bd7ea98417a492a,/home/nfs/data/nvme_datasets/Pictures_CFSB_leaf_damage/2025_10_21_RSFB-Phenotyping_GG1_JLU/2025_10_21_RSFB-Phenotyping_GG1_JLU/20251021_161840.jpg,2025_10_21_RSFB-Phenotyping_GG1_JLU/2025_10_21_RSFB-Phenotyping_GG1_JLU/20251021_161840.jpg,20251021_161840.jpg,71e66bd7ea98417a492a6924904a20e707c285c0d155ff5772496b14198f84b6,gg_insects_t1_bbch10,JLU,Gross-Gerau,Insects,2025-10-21,T1,BBCH10,8.0,,3.0,13.0,10.0,False,5.0,dual_weak,1.0,2025_10_21_RSFB-Phenotyping_GG1_scores.csv,151_R4S_145_Milena_26_6,151,Milena,plot_fb549f03aaaa145785c8,score_qr,weak_pretrain
img_f79b36f55298c7b276f0,/home/nfs/data/nvme_datasets/Pictures_CFSB_leaf_damage/2025_10_21_RSFB-Phenotyping_GG1_JLU/2025_10_21_RSFB-Phenotyping_GG1_JLU/20251021_161857.jpg,2025_10_21_RSFB-Phenotyping_GG1_JLU/2025_10_21_RSFB-Phenotyping_GG1_JLU/20251021_161857.jpg,20251021_161857.jpg,f79b36f55298c7b276f0db44e50d33dfc5cab649ae6be54f8259baa44ce048b2,gg_insects_t1_bbch10,JLU,Gross-Gerau,Insects,2025-10-21,T1,BBCH10,9.15,,5.0,13.3,8.3,False,5.0,dual_weak,1.0,2025_10_21_RSFB-Phenotyping_GG1_scores.csv,162_R4S_401_H231_27_6,162,H231,plot_490a77dae7954530a2a4,score_qr,weak_pretrain
img_ac056120d6eb151d1ea3,/home/nfs/data/nvme_datasets/Pictures_CFSB_leaf_damage/2025_10_21_RSFB-Phenotyping_GG1_JLU/2025_10_21_RSFB-Phenotyping_GG1_JLU/20251021_161905.jpg,2025_10_21_RSFB-Phenotyping_GG1_JLU/2025_10_21_RSFB-Phenotyping_GG1_JLU/20251021_161905.jpg,20251021_161905.jpg,ac056120d6eb151d1ea3c58c89a51cbd2a586f9d96d39b6bf578455633272348,gg_insects_t1_bbch10,JLU,Gross-Gerau,Insects,2025-10-21,T1,BBCH10,16.5,,5.0,28.0,23.0,False,5.0,dual_weak,1.0,2025_10_21_RSFB-Phenotyping_GG1_scores.csv,162_R4S_401_H231_27_6,162,H231,plot_490a77dae7954530a2a4,score_qr,weak_pretrain
img_99eaccacc392bc7a95a1,/home/nfs/data/nvme_datasets/Pictures_CFSB_leaf_damage/2025_10_21_RSFB-Phenotyping_GG1_JLU/2025_10_21_RSFB-Phenotyping_GG1_JLU/20251021_161910.jpg,2025_10_21_RSFB-Phenotyping_GG1_JLU/2025_10_21_RSFB-Phenotyping_GG1_JLU/20251021_161910.jpg,20251021_161910.jpg,99eaccacc392bc7a95a17e7192bca9f5c514c2c57e61fb5fe8ea39dfa9900948,gg_insects_t1_bbch10,JLU,Gross-Gerau,Insects,2025-10-21,T1,BBCH10,21.25,,15.0,27.5,12.5,False,5.0,dual_weak,1.0,2025_10_21_RSFB-Phenotyping_GG1_scores.csv,162_R4S_401_H231_27_6,162,H231,plot_490a77dae7954530a2a4,score_qr,weak_pretrain
img_67b589f61f740562c080,/home/nfs/data/nvme_datasets/Pictures_CFSB_leaf_damage/2025_10_21_RSFB-Phenotyping_GG1_JLU/2025_10_21_RSFB-Phenotyping_GG1_JLU/20251021_162043.jpg,2025_10_21_RSFB-Phenotyping_GG1_JLU/2025_10_21_RSFB-Phenotyping_GG1_JLU/20251021_162043.jpg,20251021_162043.jpg,67b589f61f740562c0800cf13b31175d7a149898711efc3f3438434aed40a839,gg_insects_t1_bbch10,JLU,Gross-Gerau,Insects,2025-10-21,T1,BBCH10,28.1,,35.0,21.2,13.8,False,5.0,dual_weak,1.0,2025_10_21_RSFB-Phenotyping_GG1_scores.csv,186_R4S_397_Brink_31_6,186,Brink,plot_fe1af12798b4ff183089,score_qr,weak_pretrain
img_6e3f75a9537c501e3e0b,/home/nfs/data/nvme_datasets/Pictures_CFSB_leaf_damage/2025_10_21_RSFB-Phenotyping_GG1_JLU/2025_10_21_RSFB-Phenotyping_GG1_JLU/20251021_162109.jpg,2025_10_21_RSFB-Phenotyping_GG1_JLU/2025_10_21_RSFB-Phenotyping_GG1_JLU/20251021_162109.jpg,20251021_162109.jpg,6e3f75a9537c501e3e0b721907add1b7a6e5161ceaa88bdcd87d4465c13b9f46,gg_insects_t1_bbch10,JLU,Gross-Gerau,Insects,2025-10-21,T1,BBCH10,3.7,,1.0,6.4,5.4,False,5.0,dual_weak,1.0,2025_10_21_RSFB-Phenotyping_GG1_scores.csv,187_R4S_492_FELICIANO KWS_32_6,187,FELICIANO KWS,plot_60d8a72fe06bef6e6da4,score_qr,weak_pretrain
img_165c204c10fd01385b97,/home/nfs/data/nvme_datasets/Pictures_CFSB_leaf_damage/2025_10_21_RSFB-Phenotyping_GG1_JLU/2025_10_21_RSFB-Phenotyping_GG1_JLU/20251021_162116.jpg,2025_10_21_RSFB-Phenotyping_GG1_JLU/2025_10_21_RSFB-Phenotyping_GG1_JLU/20251021_162116.jpg,20251021_162116.jpg,165c204c10fd01385b97932884e922341a0e26eefb0e0869e37bd6eac63bbf23,gg_insects_t1_bbch10,JLU,Gross-Gerau,Insects,2025-10-21,T1,BBCH10,7.2,,3.0,11.4,8.4,False,5.0,dual_weak,1.0,2025_10_21_RSFB-Phenotyping_GG1_scores.csv,187_R4S_492_FELICIANO KWS_32_6,187,FELICIANO KWS,plot_60d8a72fe06bef6e6da4,score_qr,weak_pretrain
img_508399eb6787ff75a844,/home/nfs/data/nvme_datasets/Pictures_CFSB_leaf_damage/2025_10_21_RSFB-Phenotyping_GG1_JLU/2025_10_21_RSFB-Phenotyping_GG1_JLU/20251021_162228.jpg,2025_10_21_RSFB-Phenotyping_GG1_JLU/2025_10_21_RSFB-Phenotyping_GG1_JLU/20251021_162228.jpg,20251021_162228.jpg,508399eb6787ff75a844ec5fe8e6fd86fb806aee950091013d5b9b183c763629,gg_insects_t1_bbch10,JLU,Gross-Gerau,Insects,2025-10-21,T1,BBCH10,19.25,,30.0,8.5,21.5,False,5.0,dual_weak,1.0,2025_10_21_RSFB-Phenotyping_GG1_scores.csv,210_R4S_422_G89_35_6,210,G89,plot_fdc1eee204451f31a80a,score_qr,weak_pretrain
img_896195cc176e30102616,/home/nfs/data/nvme_datasets/Pictures_CFSB_leaf_damage/2025_10_21_RSFB-Phenotyping_GG1_JLU/2025_10_21_RSFB-Phenotyping_GG1_JLU/20251021_162237.jpg,2025_10_21_RSFB-Phenotyping_GG1_JLU/2025_10_21_RSFB-Phenotyping_GG1_JLU/20251021_162237.jpg,20251021_162237.jpg,896195cc176e301026164ca40fd018d6b37821d62725ec3cfc4a5c148bf3e332,gg_insects_t1_bbch10,JLU,Gross-Gerau,Insects,2025-10-21,T1,BBCH10,26.25,,30.0,22.5,7.5,False,5.0,dual_weak,1.0,2025_10_21_RSFB-Phenotyping_GG1_scores.csv,210_R4S_422_G89_35_6,210,G89,plot_fdc1eee204451f31a80a,score_qr,weak_pretrain
img_64cbb7029f638f346ef7,/home/nfs/data/nvme_datasets/Pictures_CFSB_leaf_damage/2025_10_21_RSFB-Phenotyping_GG1_JLU/2025_10_21_RSFB-Phenotyping_GG1_JLU/20251021_162338.jpg,2025_10_21_RSFB-Phenotyping_GG1_JLU/2025_10_21_RSFB-Phenotyping_GG1_JLU/20251021_162338.jpg,20251021_162338.jpg,64cbb7029f638f346ef7dab211c23926b75d893fe8cec6333bec78b360db7c67,gg_insects_t1_bbch10,JLU,Gross-Gerau,Insects,2025-10-21,T1,BBCH10,11.0,,3.0,19.0,16.0,False,5.0,dual_weak,1.0,2025_10_21_RSFB-Phenotyping_GG1_scores.csv,222_R4S_293_K26/96_37_6,222,K26/96,plot_64d13c4c8f231ae6cbb5,score_qr,weak_pretrain
img_2e6868f513757b3aa5fd,/home/nfs/data/nvme_datasets/Pictures_CFSB_leaf_damage/2025_10_21_RSFB-Phenotyping_GG1_JLU/2025_10_21_RSFB-Phenotyping_GG1_JLU/20251021_162436.jpg,2025_10_21_RSFB-Phenotyping_GG1_JLU/2025_10_21_RSFB-Phenotyping_GG1_JLU/20251021_162436.jpg,20251021_162436.jpg,2e6868f513757b3aa5fdf4afe7745ba8c9ec183c1cb423cc6eaaf62e241c0bf3,gg_insects_t1_bbch10,JLU,Gross-Gerau,Insects,2025-10-21,T1,BBCH10,25.7,,35.0,16.4,18.6,False,5.0,dual_weak,1.0,2025_10_21_RSFB-Phenotyping_GG1_scores.csv,234_R4S_447_K306_39_6,234,K306,plot_c5f6ade31ccb24b8c353,score_qr,weak_pretrain
img_af6bf5434bbca9d900e8,/home/nfs/data/nvme_datasets/Pictures_CFSB_leaf_damage/2025_10_21_RSFB-Phenotyping_GG1_JLU/2025_10_21_RSFB-Phenotyping_GG1_JLU/20251021_162445.jpg,2025_10_21_RSFB-Phenotyping_GG1_JLU/2025_10_21_RSFB-Phenotyping_GG1_JLU/20251021_162445.jpg,20251021_162445.jpg,af6bf5434bbca9d900e895f193db57dd1bde0afaa2ab1a5ad5f85613c1e7b7a5,gg_insects_t1_bbch10,JLU,Gross-Gerau,Insects,2025-10-21,T1,BBCH10,14.5,,25.0,4.0,21.0,False,5.0,dual_weak,1.0,2025_10_21_RSFB-Phenotyping_GG1_scores.csv,234_R4S_447_K306_39_6,234,K306,plot_c5f6ade31ccb24b8c353,score_qr,weak_pretrain
img_626a130171d2e3c5ce1d,/home/nfs/data/nvme_datasets/Pictures_CFSB_leaf_damage/2025_10_21_RSFB-Phenotyping_GG1_JLU/2025_10_21_RSFB-Phenotyping_GG1_JLU/20251021_162517.jpg,2025_10_21_RSFB-Phenotyping_GG1_JLU/2025_10_21_RSFB-Phenotyping_GG1_JLU/20251021_162517.jpg,20251021_162517.jpg,626a130171d2e3c5ce1dea347274a78a2a839ec9da6e84c1c3ca116c6e9b4fd9,gg_insects_t1_bbch10,JLU,Gross-Gerau,Insects,2025-10-21,T1,BBCH10,23.25,,32.0,14.5,17.5,False,5.0,dual_weak,1.0,2025_10_21_RSFB-Phenotyping_GG1_scores.csv,235_R4S_193_LICROWN X EXPRESS DH LINE_40_6,235,LICROWN X EXPRESS DH LINE,plot_2e578524e2d8e3ae7f3e,score_qr,weak_pretrain
img_4e8b81e377ed698263b4,/home/nfs/data/nvme_datasets/Pictures_CFSB_leaf_damage/2025_10_21_RSFB-Phenotyping_GG1_JLU/2025_10_21_RSFB-Phenotyping_GG1_JLU/20251021_162529.jpg,2025_10_21_RSFB-Phenotyping_GG1_JLU/2025_10_21_RSFB-Phenotyping_GG1_JLU/20251021_162529.jpg,20251021_162529.jpg,4e8b81e377ed698263b4ba2e9438ee7f93228d6ae2063c04d38511c7f6f8d89a,gg_insects_t1_bbch10,JLU,Gross-Gerau,Insects,2025-10-21,T1,BBCH10,27.5,,37.0,18.0,19.0,False,5.0,dual_weak,1.0,2025_10_21_RSFB-Phenotyping_GG1_scores.csv,246_R4S_356_GRUENER SCHNITTKOHL_41_6,246,GRUENER SCHNITTKOHL,plot_f2bc805c9b8565c243bf,score_qr,weak_pretrain
img_8456a7cf69a303bbd3b5,/home/nfs/data/nvme_datasets/Pictures_CFSB_leaf_damage/2025_10_21_RSFB-Phenotyping_GG1_JLU/2025_10_21_RSFB-Phenotyping_GG1_JLU/20251021_162536.jpg,2025_10_21_RSFB-Phenotyping_GG1_JLU/2025_10_21_RSFB-Phenotyping_GG1_JLU/20251021_162536.jpg,20251021_162536.jpg,8456a7cf69a303bbd3b5568bfd8740ee07f13501060278eb0b6d79b417124255,gg_insects_t1_bbch10,JLU,Gross-Gerau,Insects,2025-10-21,T1,BBCH10,21.25,,30.0,12.5,17.5,False,5.0,dual_weak,1.0,2025_10_21_RSFB-Phenotyping_GG1_scores.csv,246_R4S_356_GRUENER SCHNITTKOHL_41_6,246,GRUENER SCHNITTKOHL,plot_f2bc805c9b8565c243bf,score_qr,weak_pretrain
img_17ad9956a065cabbf862,/home/nfs/data/nvme_datasets/Pictures_CFSB_leaf_damage/2025_10_21_RSFB-Phenotyping_GG1_JLU/2025_10_21_RSFB-Phenotyping_GG1_JLU/20251021_162544.jpg,2025_10_21_RSFB-Phenotyping_GG1_JLU/2025_10_21_RSFB-Phenotyping_GG1_JLU/20251021_162544.jpg,20251021_162544.jpg,17ad9956a065cabbf862aefa68db7895d1d910d1dd3d35c3791ff1dcc430ea4a,gg_insects_t1_bbch10,JLU,Gross-Gerau,Insects,2025-10-21,T1,BBCH10,16.25,,20.0,12.5,7.5,False,5.0,dual_weak,1.0,2025_10_21_RSFB-Phenotyping_GG1_scores.csv,246_R4S_356_GRUENER SCHNITTKOHL_41_6,246,GRUENER SCHNITTKOHL,plot_f2bc805c9b8565c243bf,score_qr,weak_pretrain
img_e56408b31fd8f9a4b5e7,/home/nfs/data/nvme_datasets/Pictures_CFSB_leaf_damage/2025_10_21_RSFB-Phenotyping_GG1_JLU/2025_10_21_RSFB-Phenotyping_GG1_JLU/20251021_162609.jpg,2025_10_21_RSFB-Phenotyping_GG1_JLU/2025_10_21_RSFB-Phenotyping_GG1_JLU/20251021_162609.jpg,20251021_162609.jpg,e56408b31fd8f9a4b5e7951b19706389565d2f450ea9900308e4568f960cc0e6,gg_insects_t1_bbch10,JLU,Gross-Gerau,Insects,2025-10-21,T1,BBCH10,18.5,,15.0,22.0,7.0,False,5.0,dual_weak,1.0,2025_10_21_RSFB-Phenotyping_GG1_scores.csv,247_R4S_456_S17_42_6,247,S17,plot_49366699fc79f58ef04c,score_qr,weak_pretrain
img_61bfe33489e1b089503e,/home/nfs/data/nvme_datasets/Pictures_CFSB_leaf_damage/2025_10_21_RSFB-Phenotyping_GG1_JLU/2025_10_21_RSFB-Phenotyping_GG1_JLU/20251021_162616.jpg,2025_10_21_RSFB-Phenotyping_GG1_JLU/2025_10_21_RSFB-Phenotyping_GG1_JLU/20251021_162616.jpg,20251021_162616.jpg,61bfe33489e1b089503ee5fbd91f15dbf31ae5a5d0045d817d25f92df10d5829,gg_insects_t1_bbch10,JLU,Gross-Gerau,Insects,2025-10-21,T1,BBCH10,16.75,,20.0,13.5,6.5,False,5.0,dual_weak,1.0,2025_10_21_RSFB-Phenotyping_GG1_scores.csv,247_R4S_456_S17_42_6,247,S17,plot_49366699fc79f58ef04c,score_qr,weak_pretrain
img_aa92a609991fc8f7bd16,/home/nfs/data/nvme_datasets/Pictures_CFSB_leaf_damage/2025_10_21_RSFB-Phenotyping_GG1_JLU/2025_10_21_RSFB-Phenotyping_GG1_JLU/20251021_162741.jpg,2025_10_21_RSFB-Phenotyping_GG1_JLU/2025_10_21_RSFB-Phenotyping_GG1_JLU/20251021_162741.jpg,20251021_162741.jpg,aa92a609991fc8f7bd169d0178144d4b10f20541dff716680adf24c965fce04d,gg_insects_t1_bbch10,JLU,Gross-Gerau,Insects,2025-10-21,T1,BBCH10,24.0,,40.0,8.0,32.0,False,5.0,dual_weak,1.0,2025_10_21_RSFB-Phenotyping_GG1_scores.csv,270_R4S_232_Beluga_45_6,270,Beluga,plot_a2b731810cb34450572b,score_qr,weak_pretrain
img_348488cf3fc3931e4565,/home/nfs/data/nvme_datasets/Pictures_CFSB_leaf_damage/2025_10_21_RSFB-Phenotyping_GG1_JLU/2025_10_21_RSFB-Phenotyping_GG1_JLU/20251021_162747.jpg,2025_10_21_RSFB-Phenotyping_GG1_JLU/2025_10_21_RSFB-Phenotyping_GG1_JLU/20251021_162747.jpg,20251021_162747.jpg,348488cf3fc3931e45652384691e095a4dbdca5b6895cc14431bcc84255c3356,gg_insects_t1_bbch10,JLU,Gross-Gerau,Insects,2025-10-21,T1,BBCH10,18.25,,30.0,6.5,23.5,False,5.0,dual_weak,1.0,2025_10_21_RSFB-Phenotyping_GG1_scores.csv,270_R4S_232_Beluga_45_6,270,Beluga,plot_a2b731810cb34450572b,score_qr,weak_pretrain
img_c1f8f88fd9e980443ecb,/home/nfs/data/nvme_datasets/Pictures_CFSB_leaf_damage/2025_10_21_RSFB-Phenotyping_GG1_JLU/2025_10_21_RSFB-Phenotyping_GG1_JLU/20251021_162830.jpg,2025_10_21_RSFB-Phenotyping_GG1_JLU/2025_10_21_RSFB-Phenotyping_GG1_JLU/20251021_162830.jpg,20251021_162830.jpg,c1f8f88fd9e980443ecbf2c770be5e85bc5e62c476c61c7974e7c83cf1ad9ead,gg_insects_t1_bbch10,JLU,Gross-Gerau,Insects,2025-10-21,T1,BBCH10,11.75,,15.0,8.5,6.5,False,5.0,dual_weak,1.0,2025_10_21_RSFB-Phenotyping_GG1_scores.csv,282_R4S_332_Hollandse Gele Roodkop_47_6,282,Hollandse Gele Roodkop,plot_bea3390e83dfe4b9a220,score_qr,weak_pretrain
img_910c06f31a7d01dec9ac,/home/nfs/data/nvme_datasets/Pictures_CFSB_leaf_damage/2025_10_21_RSFB-Phenotyping_GG1_JLU/2025_10_21_RSFB-Phenotyping_GG1_JLU/20251021_162930.jpg,2025_10_21_RSFB-Phenotyping_GG1_JLU/2025_10_21_RSFB-Phenotyping_GG1_JLU/20251021_162930.jpg,20251021_162930.jpg,910c06f31a7d01dec9ace9fac59606404ac508e5fe7072a818bde2a34e741eec,gg_insects_t1_bbch10,JLU,Gross-Gerau,Insects,2025-10-21,T1,BBCH10,12.25,,1.0,23.5,22.5,False,5.0,dual_weak,1.0,2025_10_21_RSFB-Phenotyping_GG1_scores.csv,294_R4S_228_Orlando_49_6,294,Orlando,plot_6b8f7220a8a82d322a40,score_qr,weak_pretrain
img_ede503c00bde43a309fe,/home/nfs/data/nvme_datasets/Pictures_CFSB_leaf_damage/2025_10_21_RSFB-Phenotyping_GG1_JLU/2025_10_21_RSFB-Phenotyping_GG1_JLU/20251021_162936.jpg,2025_10_21_RSFB-Phenotyping_GG1_JLU/2025_10_21_RSFB-Phenotyping_GG1_JLU/20251021_162936.jpg,20251021_162936.jpg,ede503c00bde43a309fe0f0bbc7a79f0542d11ca9cd5133916103e335581396e,gg_insects_t1_bbch10,JLU,Gross-Gerau,Insects,2025-10-21,T1,BBCH10,7.75,,2.0,13.5,11.5,False,5.0,dual_weak,1.0,2025_10_21_RSFB-Phenotyping_GG1_scores.csv,294_R4S_228_Orlando_49_6,294,Orlando,plot_6b8f7220a8a82d322a40,score_qr,weak_pretrain
img_451cae95256b8d4ac3c7,/home/nfs/data/nvme_datasets/Pictures_CFSB_leaf_damage/2025_10_21_RSFB-Phenotyping_GG1_JLU/2025_10_21_RSFB-Phenotyping_GG1_JLU/20251021_163006.jpg,2025_10_21_RSFB-Phenotyping_GG1_JLU/2025_10_21_RSFB-Phenotyping_GG1_JLU/20251021_163006.jpg,20251021_163006.jpg,451cae95256b8d4ac3c701eb54ae81ccd5369909ba7025239bed1073e2346884,gg_insects_t1_bbch10,JLU,Gross-Gerau,Insects,2025-10-21,T1,BBCH10,11.0,,3.0,19.0,16.0,False,5.0,dual_weak,1.0,2025_10_21_RSFB-Phenotyping_GG1_scores.csv,295_R4S_272_Doral_50_6,295,Doral,plot_9dedbd5ef68c10cf8ea5,score_qr,weak_pretrain
img_aa84d986ce2a435b39c8,/home/nfs/data/nvme_datasets/Pictures_CFSB_leaf_damage/2025_10_21_RSFB-Phenotyping_GG1_JLU/2025_10_21_RSFB-Phenotyping_GG1_JLU/20251021_163037.jpg,2025_10_21_RSFB-Phenotyping_GG1_JLU/2025_10_21_RSFB-Phenotyping_GG1_JLU/20251021_163037.jpg,20251021_163037.jpg,aa84d986ce2a435b39c821ea90c1111b162066025aa26bd7f735c039a4fb65a0,gg_insects_t1_bbch10,JLU,Gross-Gerau,Insects,2025-10-21,T1,BBCH10,19.15,,25.0,13.3,11.7,False,5.0,dual_weak,1.0,2025_10_21_RSFB-Phenotyping_GG1_scores.csv,306_R4S_180_Duell_51_6,306,Duell,plot_08b6c2e0fd5cdc566c07,score_qr,weak_pretrain
img_c2fc1a3c078d0820bf77,/home/nfs/data/nvme_datasets/Pictures_CFSB_leaf_damage/2025_10_21_RSFB-Phenotyping_GG1_JLU/2025_10_21_RSFB-Phenotyping_GG1_JLU/20251021_163109.jpg,2025_10_21_RSFB-Phenotyping_GG1_JLU/2025_10_21_RSFB-Phenotyping_GG1_JLU/20251021_163109.jpg,20251021_163109.jpg,c2fc1a3c078d0820bf778f75fade0a5d651778706cdfdc3822d1a53fcb83014a,gg_insects_t1_bbch10,JLU,Gross-Gerau,Insects,2025-10-21,T1,BBCH10,11.25,,2.0,20.5,18.5,False,5.0,dual_weak,1.0,2025_10_21_RSFB-Phenotyping_GG1_scores.csv,307_Smaragd_52_6,307,Smaragd,plot_c2a97573fe96def91106,score_qr,weak_pretrain
