filename,plot_group_id,cohort_id,source_path,target,base_prediction,prediction,residual,absolute_error,base_absolute_error,arm,seed,label_quality
2025_09_15_Re4StRes_T1_DSV/IMG_2531.JPG,plot_23cc72626c0b214985ab,dsv_asendorf_t1_bbch11,/home/nfs/data/nvme_datasets/Pictures_CFSB_leaf_damage/2025_09_15_Re4StRes_T1_DSV/IMG_2531.JPG,20.0,2.418842315673828,2.6716604232788086,0.25281819701194763,17.328338623046875,17.581157684326172,gold_only,45,single_rater_weak
2025_09_15_Re4StRes_T1_DSV/IMG_2532.JPG,plot_23cc72626c0b214985ab,dsv_asendorf_t1_bbch11,/home/nfs/data/nvme_datasets/Pictures_CFSB_leaf_damage/2025_09_15_Re4StRes_T1_DSV/IMG_2532.JPG,36.0,3.8160104751586914,4.135161876678467,0.31915122270584106,31.864837646484375,32.183990478515625,gold_only,45,single_rater_weak
2025_09_15_Re4StRes_T1_DSV/IMG_2533.JPG,plot_23cc72626c0b214985ab,dsv_asendorf_t1_bbch11,/home/nfs/data/nvme_datasets/Pictures_CFSB_leaf_damage/2025_09_15_Re4StRes_T1_DSV/IMG_2533.JPG,3.0,0.7360854148864746,0.6166954636573792,-0.11938995122909546,2.3833045959472656,2.2639145851135254,gold_only,45,single_rater_weak
2025_09_15_Re4StRes_T1_DSV/IMG_2534.JPG,plot_af0435fffd7e1bd6f5ae,dsv_asendorf_t1_bbch11,/home/nfs/data/nvme_datasets/Pictures_CFSB_leaf_damage/2025_09_15_Re4StRes_T1_DSV/IMG_2534.JPG,35.0,4.640049934387207,4.5738606452941895,-0.0661894679069519,30.42613983154297,30.35995101928711,gold_only,45,single_rater_weak
2025_09_15_Re4StRes_T1_DSV/IMG_2535.JPG,plot_af0435fffd7e1bd6f5ae,dsv_asendorf_t1_bbch11,/home/nfs/data/nvme_datasets/Pictures_CFSB_leaf_damage/2025_09_15_Re4StRes_T1_DSV/IMG_2535.JPG,22.0,3.439335584640503,3.356236457824707,-0.08309906721115112,18.64376449584961,18.560665130615234,gold_only,45,single_rater_weak
2025_09_15_Re4StRes_T1_DSV/IMG_2536.JPG,plot_af0435fffd7e1bd6f5ae,dsv_asendorf_t1_bbch11,/home/nfs/data/nvme_datasets/Pictures_CFSB_leaf_damage/2025_09_15_Re4StRes_T1_DSV/IMG_2536.JPG,10.0,2.123239517211914,2.04009747505188,-0.08314210921525955,7.959902763366699,7.876760482788086,gold_only,45,single_rater_weak
2025_09_15_Re4StRes_T1_DSV/IMG_2537.JPG,plot_f6d3e31f379821075584,dsv_asendorf_t1_bbch11,/home/nfs/data/nvme_datasets/Pictures_CFSB_leaf_damage/2025_09_15_Re4StRes_T1_DSV/IMG_2537.JPG,3.0,0.8045659065246582,0.3872066140174866,-0.41735929250717163,2.612793445587158,2.195434093475342,gold_only,45,single_rater_weak
2025_09_15_Re4StRes_T1_DSV/IMG_2538.JPG,plot_f6d3e31f379821075584,dsv_asendorf_t1_bbch11,/home/nfs/data/nvme_datasets/Pictures_CFSB_leaf_damage/2025_09_15_Re4StRes_T1_DSV/IMG_2538.JPG,8.0,2.054401397705078,1.9694368839263916,-0.08496452867984772,6.0305633544921875,5.945598602294922,gold_only,45,single_rater_weak
2025_09_15_Re4StRes_T1_DSV/IMG_2539.JPG,plot_f6d3e31f379821075584,dsv_asendorf_t1_bbch11,/home/nfs/data/nvme_datasets/Pictures_CFSB_leaf_damage/2025_09_15_Re4StRes_T1_DSV/IMG_2539.JPG,1.0,2.2449288368225098,2.2300076484680176,-0.014921297319233418,1.2300076484680176,1.2449288368225098,gold_only,45,single_rater_weak
2025_09_15_Re4StRes_T1_DSV/IMG_2540.JPG,plot_2a2b2bdfa0d41a033651,dsv_asendorf_t1_bbch11,/home/nfs/data/nvme_datasets/Pictures_CFSB_leaf_damage/2025_09_15_Re4StRes_T1_DSV/IMG_2540.JPG,1.0,3.8079445362091064,4.069774150848389,0.261829674243927,3.0697741508483887,2.8079445362091064,gold_only,45,single_rater_weak
2025_09_15_Re4StRes_T1_DSV/IMG_2541.JPG,plot_2a2b2bdfa0d41a033651,dsv_asendorf_t1_bbch11,/home/nfs/data/nvme_datasets/Pictures_CFSB_leaf_damage/2025_09_15_Re4StRes_T1_DSV/IMG_2541.JPG,30.0,6.730196952819824,6.963937759399414,0.23374082148075104,23.036062240600586,23.26980209350586,gold_only,45,single_rater_weak
2025_09_15_Re4StRes_T1_DSV/IMG_2542.JPG,plot_2a2b2bdfa0d41a033651,dsv_asendorf_t1_bbch11,/home/nfs/data/nvme_datasets/Pictures_CFSB_leaf_damage/2025_09_15_Re4StRes_T1_DSV/IMG_2542.JPG,20.0,2.169712543487549,2.209582805633545,0.03987015783786774,17.790416717529297,17.83028793334961,gold_only,45,single_rater_weak
2025_09_15_Re4StRes_T1_DSV/IMG_2543.JPG,plot_287543c1b6420318ac5a,dsv_asendorf_t1_bbch11,/home/nfs/data/nvme_datasets/Pictures_CFSB_leaf_damage/2025_09_15_Re4StRes_T1_DSV/IMG_2543.JPG,8.0,2.5818071365356445,3.187638759613037,0.6058315634727478,4.812361240386963,5.4181928634643555,gold_only,45,single_rater_weak
2025_09_15_Re4StRes_T1_DSV/IMG_2544.JPG,plot_287543c1b6420318ac5a,dsv_asendorf_t1_bbch11,/home/nfs/data/nvme_datasets/Pictures_CFSB_leaf_damage/2025_09_15_Re4StRes_T1_DSV/IMG_2544.JPG,6.0,3.5849921703338623,3.939063549041748,0.3540712893009186,2.060936450958252,2.4150078296661377,gold_only,45,single_rater_weak
2025_09_15_Re4StRes_T1_DSV/IMG_2545.JPG,plot_287543c1b6420318ac5a,dsv_asendorf_t1_bbch11,/home/nfs/data/nvme_datasets/Pictures_CFSB_leaf_damage/2025_09_15_Re4StRes_T1_DSV/IMG_2545.JPG,8.0,4.5440144538879395,4.831418037414551,0.28740349411964417,3.168581962585449,3.4559855461120605,gold_only,45,single_rater_weak
2025_09_15_Re4StRes_T1_DSV/IMG_2546.JPG,plot_1eb1bc916cce4ed13b43,dsv_asendorf_t1_bbch11,/home/nfs/data/nvme_datasets/Pictures_CFSB_leaf_damage/2025_09_15_Re4StRes_T1_DSV/IMG_2546.JPG,7.0,2.8127899169921875,3.1445705890655518,0.3317805826663971,3.8554294109344482,4.1872100830078125,gold_only,45,single_rater_weak
2025_09_15_Re4StRes_T1_DSV/IMG_2547.JPG,plot_1eb1bc916cce4ed13b43,dsv_asendorf_t1_bbch11,/home/nfs/data/nvme_datasets/Pictures_CFSB_leaf_damage/2025_09_15_Re4StRes_T1_DSV/IMG_2547.JPG,6.0,2.1796875,2.3862411975860596,0.20655380189418793,3.6137588024139404,3.8203125,gold_only,45,single_rater_weak
2025_09_15_Re4StRes_T1_DSV/IMG_2548.JPG,plot_1eb1bc916cce4ed13b43,dsv_asendorf_t1_bbch11,/home/nfs/data/nvme_datasets/Pictures_CFSB_leaf_damage/2025_09_15_Re4StRes_T1_DSV/IMG_2548.JPG,23.0,2.28135347366333,2.016423463821411,-0.2649300992488861,20.98357582092285,20.718647003173828,gold_only,45,single_rater_weak
2025_09_15_Re4StRes_T1_DSV/IMG_2549.JPG,plot_062849fd42834d79d5c8,dsv_asendorf_t1_bbch11,/home/nfs/data/nvme_datasets/Pictures_CFSB_leaf_damage/2025_09_15_Re4StRes_T1_DSV/IMG_2549.JPG,15.0,4.036520004272461,3.9937515258789062,-0.04276852309703827,11.006248474121094,10.963479995727539,gold_only,45,single_rater_weak
2025_09_15_Re4StRes_T1_DSV/IMG_2550.JPG,plot_062849fd42834d79d5c8,dsv_asendorf_t1_bbch11,/home/nfs/data/nvme_datasets/Pictures_CFSB_leaf_damage/2025_09_15_Re4StRes_T1_DSV/IMG_2550.JPG,32.0,2.949042320251465,3.1742427349090576,0.22520038485527039,28.82575798034668,29.05095672607422,gold_only,45,single_rater_weak
2025_09_15_Re4StRes_T1_DSV/IMG_2551.JPG,plot_062849fd42834d79d5c8,dsv_asendorf_t1_bbch11,/home/nfs/data/nvme_datasets/Pictures_CFSB_leaf_damage/2025_09_15_Re4StRes_T1_DSV/IMG_2551.JPG,7.0,3.5131185054779053,3.519907236099243,0.006788621656596661,3.480092763900757,3.4868814945220947,gold_only,45,single_rater_weak
2025_09_15_Re4StRes_T1_DSV/IMG_2552.JPG,plot_c86a34c84012b2a6cd5e,dsv_asendorf_t1_bbch11,/home/nfs/data/nvme_datasets/Pictures_CFSB_leaf_damage/2025_09_15_Re4StRes_T1_DSV/IMG_2552.JPG,12.0,0.2345113754272461,0.021140918135643005,-0.2133704572916031,11.978858947753906,11.765488624572754,gold_only,45,single_rater_weak
2025_09_15_Re4StRes_T1_DSV/IMG_2553.JPG,plot_c86a34c84012b2a6cd5e,dsv_asendorf_t1_bbch11,/home/nfs/data/nvme_datasets/Pictures_CFSB_leaf_damage/2025_09_15_Re4StRes_T1_DSV/IMG_2553.JPG,3.0,0.24790239334106445,0.14081421494483948,-0.10708817839622498,2.8591856956481934,2.7520976066589355,gold_only,45,single_rater_weak
2025_09_15_Re4StRes_T1_DSV/IMG_2554.JPG,plot_c86a34c84012b2a6cd5e,dsv_asendorf_t1_bbch11,/home/nfs/data/nvme_datasets/Pictures_CFSB_leaf_damage/2025_09_15_Re4StRes_T1_DSV/IMG_2554.JPG,1.0,0.9268560409545898,0.7539159059524536,-0.17294013500213623,0.2460840940475464,0.07314395904541016,gold_only,45,single_rater_weak
2025_09_15_Re4StRes_T1_DSV/IMG_2555.JPG,plot_c7ccb8d79650c71e2fdb,dsv_asendorf_t1_bbch11,/home/nfs/data/nvme_datasets/Pictures_CFSB_leaf_damage/2025_09_15_Re4StRes_T1_DSV/IMG_2555.JPG,30.0,5.506744384765625,5.684577465057373,0.17783300578594208,24.31542205810547,24.493255615234375,gold_only,45,single_rater_weak
2025_09_15_Re4StRes_T1_DSV/IMG_2556.JPG,plot_c7ccb8d79650c71e2fdb,dsv_asendorf_t1_bbch11,/home/nfs/data/nvme_datasets/Pictures_CFSB_leaf_damage/2025_09_15_Re4StRes_T1_DSV/IMG_2556.JPG,15.0,3.3354783058166504,3.464531898498535,0.12905354797840118,11.535468101501465,11.664522171020508,gold_only,45,single_rater_weak
2025_09_15_Re4StRes_T1_DSV/IMG_2557.JPG,plot_c7ccb8d79650c71e2fdb,dsv_asendorf_t1_bbch11,/home/nfs/data/nvme_datasets/Pictures_CFSB_leaf_damage/2025_09_15_Re4StRes_T1_DSV/IMG_2557.JPG,5.0,3.9060778617858887,4.002288341522217,0.09621031582355499,0.9977116584777832,1.0939221382141113,gold_only,45,single_rater_weak
2025_09_15_Re4StRes_T1_DSV/IMG_2558.JPG,plot_4b6282099a93285f4437,dsv_asendorf_t1_bbch11,/home/nfs/data/nvme_datasets/Pictures_CFSB_leaf_damage/2025_09_15_Re4StRes_T1_DSV/IMG_2558.JPG,20.0,0.7123146057128906,0.8214699029922485,0.10915526747703552,19.178529739379883,19.28768539428711,gold_only,45,single_rater_weak
2025_09_15_Re4StRes_T1_DSV/IMG_2559.JPG,plot_4b6282099a93285f4437,dsv_asendorf_t1_bbch11,/home/nfs/data/nvme_datasets/Pictures_CFSB_leaf_damage/2025_09_15_Re4StRes_T1_DSV/IMG_2559.JPG,5.0,2.4265494346618652,2.742844343185425,0.3162948489189148,2.257155656814575,2.5734505653381348,gold_only,45,single_rater_weak
2025_09_15_Re4StRes_T1_DSV/IMG_2560.JPG,plot_4b6282099a93285f4437,dsv_asendorf_t1_bbch11,/home/nfs/data/nvme_datasets/Pictures_CFSB_leaf_damage/2025_09_15_Re4StRes_T1_DSV/IMG_2560.JPG,10.0,5.280682563781738,5.528872013092041,0.2481892704963684,4.471127986907959,4.719317436218262,gold_only,45,single_rater_weak
2025_09_15_Re4StRes_T1_DSV/IMG_2561.JPG,plot_b876a7c031c3da996880,dsv_asendorf_t1_bbch11,/home/nfs/data/nvme_datasets/Pictures_CFSB_leaf_damage/2025_09_15_Re4StRes_T1_DSV/IMG_2561.JPG,5.0,2.0592384338378906,1.6261290311813354,-0.43310943245887756,3.373870849609375,2.9407615661621094,gold_only,45,single_rater_weak
2025_09_15_Re4StRes_T1_DSV/IMG_2562.JPG,plot_b876a7c031c3da996880,dsv_asendorf_t1_bbch11,/home/nfs/data/nvme_datasets/Pictures_CFSB_leaf_damage/2025_09_15_Re4StRes_T1_DSV/IMG_2562.JPG,12.0,2.284829616546631,1.906836986541748,-0.3779926300048828,10.093162536621094,9.715169906616211,gold_only,45,single_rater_weak
2025_09_15_Re4StRes_T1_DSV/IMG_2563.JPG,plot_b876a7c031c3da996880,dsv_asendorf_t1_bbch11,/home/nfs/data/nvme_datasets/Pictures_CFSB_leaf_damage/2025_09_15_Re4StRes_T1_DSV/IMG_2563.JPG,12.0,5.025210380554199,5.001756191253662,-0.02345426380634308,6.998243808746338,6.974789619445801,gold_only,45,single_rater_weak
2025_09_15_Re4StRes_T1_DSV/IMG_2564.JPG,plot_3428b15a8bd1ae96baaa,dsv_asendorf_t1_bbch11,/home/nfs/data/nvme_datasets/Pictures_CFSB_leaf_damage/2025_09_15_Re4StRes_T1_DSV/IMG_2564.JPG,4.0,2.7564172744750977,2.6952965259552,-0.06112072616815567,1.3047034740447998,1.2435827255249023,gold_only,45,single_rater_weak
2025_09_15_Re4StRes_T1_DSV/IMG_2565.JPG,plot_3428b15a8bd1ae96baaa,dsv_asendorf_t1_bbch11,/home/nfs/data/nvme_datasets/Pictures_CFSB_leaf_damage/2025_09_15_Re4StRes_T1_DSV/IMG_2565.JPG,8.0,3.9188520908355713,4.158440589904785,0.23958830535411835,3.841559410095215,4.081148147583008,gold_only,45,single_rater_weak
2025_09_15_Re4StRes_T1_DSV/IMG_2566.JPG,plot_3428b15a8bd1ae96baaa,dsv_asendorf_t1_bbch11,/home/nfs/data/nvme_datasets/Pictures_CFSB_leaf_damage/2025_09_15_Re4StRes_T1_DSV/IMG_2566.JPG,8.0,3.3372983932495117,3.0295567512512207,-0.3077417314052582,4.970443248748779,4.662701606750488,gold_only,45,single_rater_weak
2025_09_15_Re4StRes_T1_DSV/IMG_2567.JPG,plot_e2bf7b495dd0626af206,dsv_asendorf_t1_bbch11,/home/nfs/data/nvme_datasets/Pictures_CFSB_leaf_damage/2025_09_15_Re4StRes_T1_DSV/IMG_2567.JPG,14.0,0.34828948974609375,0.17041721940040588,-0.17787227034568787,13.829583168029785,13.651710510253906,gold_only,45,single_rater_weak
2025_09_15_Re4StRes_T1_DSV/IMG_2568.JPG,plot_e2bf7b495dd0626af206,dsv_asendorf_t1_bbch11,/home/nfs/data/nvme_datasets/Pictures_CFSB_leaf_damage/2025_09_15_Re4StRes_T1_DSV/IMG_2568.JPG,16.0,1.894404411315918,2.4686527252197266,0.5742483735084534,13.531347274780273,14.105595588684082,gold_only,45,single_rater_weak
2025_09_15_Re4StRes_T1_DSV/IMG_2569.JPG,plot_e2bf7b495dd0626af206,dsv_asendorf_t1_bbch11,/home/nfs/data/nvme_datasets/Pictures_CFSB_leaf_damage/2025_09_15_Re4StRes_T1_DSV/IMG_2569.JPG,15.0,1.8725934028625488,2.3039886951446533,0.43139535188674927,12.696011543273926,13.12740707397461,gold_only,45,single_rater_weak
2025_09_15_Re4StRes_T1_DSV/IMG_2570.JPG,plot_3bd91170ed2167071221,dsv_asendorf_t1_bbch11,/home/nfs/data/nvme_datasets/Pictures_CFSB_leaf_damage/2025_09_15_Re4StRes_T1_DSV/IMG_2570.JPG,2.0,2.492593288421631,2.77748441696167,0.2848910689353943,0.7774844169616699,0.49259328842163086,gold_only,45,single_rater_weak
2025_09_15_Re4StRes_T1_DSV/IMG_2571.JPG,plot_3bd91170ed2167071221,dsv_asendorf_t1_bbch11,/home/nfs/data/nvme_datasets/Pictures_CFSB_leaf_damage/2025_09_15_Re4StRes_T1_DSV/IMG_2571.JPG,4.0,4.612041473388672,4.942771911621094,0.33073025941848755,0.9427719116210938,0.6120414733886719,gold_only,45,single_rater_weak
2025_09_15_Re4StRes_T1_DSV/IMG_2572.JPG,plot_3bd91170ed2167071221,dsv_asendorf_t1_bbch11,/home/nfs/data/nvme_datasets/Pictures_CFSB_leaf_damage/2025_09_15_Re4StRes_T1_DSV/IMG_2572.JPG,7.0,5.2513909339904785,5.424230575561523,0.17283961176872253,1.5757694244384766,1.7486090660095215,gold_only,45,single_rater_weak
2025_09_15_Re4StRes_T1_DSV/IMG_2573.JPG,plot_c5c4cbd994bc130ff116,dsv_asendorf_t1_bbch11,/home/nfs/data/nvme_datasets/Pictures_CFSB_leaf_damage/2025_09_15_Re4StRes_T1_DSV/IMG_2573.JPG,11.0,1.319411277770996,1.37662672996521,0.05721542239189148,9.623373031616211,9.680588722229004,gold_only,45,single_rater_weak
2025_09_15_Re4StRes_T1_DSV/IMG_2574.JPG,plot_c5c4cbd994bc130ff116,dsv_asendorf_t1_bbch11,/home/nfs/data/nvme_datasets/Pictures_CFSB_leaf_damage/2025_09_15_Re4StRes_T1_DSV/IMG_2574.JPG,5.0,2.6211843490600586,2.9455671310424805,0.3243826627731323,2.0544328689575195,2.3788156509399414,gold_only,45,single_rater_weak
2025_09_15_Re4StRes_T1_DSV/IMG_2575.JPG,plot_c5c4cbd994bc130ff116,dsv_asendorf_t1_bbch11,/home/nfs/data/nvme_datasets/Pictures_CFSB_leaf_damage/2025_09_15_Re4StRes_T1_DSV/IMG_2575.JPG,12.0,0.5037355422973633,0.8062247633934021,0.3024892210960388,11.193775177001953,11.496264457702637,gold_only,45,single_rater_weak
2025_09_15_Re4StRes_T1_DSV/IMG_2576.JPG,plot_31cae2f101d65806098b,dsv_asendorf_t1_bbch11,/home/nfs/data/nvme_datasets/Pictures_CFSB_leaf_damage/2025_09_15_Re4StRes_T1_DSV/IMG_2576.JPG,12.0,2.1183652877807617,2.385199546813965,0.26683416962623596,9.614800453186035,9.881634712219238,gold_only,45,single_rater_weak
2025_09_15_Re4StRes_T1_DSV/IMG_2577.JPG,plot_31cae2f101d65806098b,dsv_asendorf_t1_bbch11,/home/nfs/data/nvme_datasets/Pictures_CFSB_leaf_damage/2025_09_15_Re4StRes_T1_DSV/IMG_2577.JPG,4.0,1.3246431350708008,1.4717038869857788,0.14706076681613922,2.5282959938049316,2.675356864929199,gold_only,45,single_rater_weak
2025_09_15_Re4StRes_T1_DSV/IMG_2578.JPG,plot_31cae2f101d65806098b,dsv_asendorf_t1_bbch11,/home/nfs/data/nvme_datasets/Pictures_CFSB_leaf_damage/2025_09_15_Re4StRes_T1_DSV/IMG_2578.JPG,8.0,2.8436875343322754,3.1942601203918457,0.3505726158618927,4.805739879608154,5.156312465667725,gold_only,45,single_rater_weak
2025_09_15_Re4StRes_T1_DSV/IMG_2579.JPG,plot_fa76df368fa3ce27a086,dsv_asendorf_t1_bbch11,/home/nfs/data/nvme_datasets/Pictures_CFSB_leaf_damage/2025_09_15_Re4StRes_T1_DSV/IMG_2579.JPG,5.0,0.2308664321899414,0.17228488624095917,-0.05858154967427254,4.827714920043945,4.769133567810059,gold_only,45,single_rater_weak
2025_09_15_Re4StRes_T1_DSV/IMG_2580.JPG,plot_fa76df368fa3ce27a086,dsv_asendorf_t1_bbch11,/home/nfs/data/nvme_datasets/Pictures_CFSB_leaf_damage/2025_09_15_Re4StRes_T1_DSV/IMG_2580.JPG,14.0,0.9972667694091797,1.0835580825805664,0.0862913653254509,12.916441917419434,13.00273323059082,gold_only,45,single_rater_weak
2025_09_15_Re4StRes_T1_DSV/IMG_2581.JPG,plot_fa76df368fa3ce27a086,dsv_asendorf_t1_bbch11,/home/nfs/data/nvme_datasets/Pictures_CFSB_leaf_damage/2025_09_15_Re4StRes_T1_DSV/IMG_2581.JPG,18.0,3.479218006134033,3.1980743408203125,-0.2811436951160431,14.801925659179688,14.520782470703125,gold_only,45,single_rater_weak
2025_09_15_Re4StRes_T1_DSV/IMG_2582.JPG,plot_731f46fe3168ffe1165d,dsv_asendorf_t1_bbch11,/home/nfs/data/nvme_datasets/Pictures_CFSB_leaf_damage/2025_09_15_Re4StRes_T1_DSV/IMG_2582.JPG,14.0,4.014379024505615,4.008930683135986,-0.0054485127329826355,9.991069793701172,9.985620498657227,gold_only,45,single_rater_weak
2025_09_15_Re4StRes_T1_DSV/IMG_2583.JPG,plot_731f46fe3168ffe1165d,dsv_asendorf_t1_bbch11,/home/nfs/data/nvme_datasets/Pictures_CFSB_leaf_damage/2025_09_15_Re4StRes_T1_DSV/IMG_2583.JPG,17.0,3.250899314880371,3.4958574771881104,0.24495825171470642,13.504142761230469,13.749100685119629,gold_only,45,single_rater_weak
2025_09_15_Re4StRes_T1_DSV/IMG_2584.JPG,plot_731f46fe3168ffe1165d,dsv_asendorf_t1_bbch11,/home/nfs/data/nvme_datasets/Pictures_CFSB_leaf_damage/2025_09_15_Re4StRes_T1_DSV/IMG_2584.JPG,23.0,1.1772236824035645,1.402725100517273,0.2255014181137085,21.597274780273438,21.822776794433594,gold_only,45,single_rater_weak
2025_09_15_Re4StRes_T1_DSV/IMG_2585.JPG,plot_a04b04c31d587b2d46a5,dsv_asendorf_t1_bbch11,/home/nfs/data/nvme_datasets/Pictures_CFSB_leaf_damage/2025_09_15_Re4StRes_T1_DSV/IMG_2585.JPG,10.0,1.8751845359802246,1.915643334388733,0.040458794683218,8.084356307983398,8.124814987182617,gold_only,45,single_rater_weak
2025_09_15_Re4StRes_T1_DSV/IMG_2586.JPG,plot_a04b04c31d587b2d46a5,dsv_asendorf_t1_bbch11,/home/nfs/data/nvme_datasets/Pictures_CFSB_leaf_damage/2025_09_15_Re4StRes_T1_DSV/IMG_2586.JPG,13.0,1.2915949821472168,1.398958444595337,0.10736341774463654,11.601041793823242,11.708404541015625,gold_only,45,single_rater_weak
2025_09_15_Re4StRes_T1_DSV/IMG_2587.JPG,plot_a04b04c31d587b2d46a5,dsv_asendorf_t1_bbch11,/home/nfs/data/nvme_datasets/Pictures_CFSB_leaf_damage/2025_09_15_Re4StRes_T1_DSV/IMG_2587.JPG,19.0,1.59033203125,1.8213393688201904,0.23100730776786804,17.178661346435547,17.40966796875,gold_only,45,single_rater_weak
2025_09_15_Re4StRes_T1_DSV/IMG_2588.JPG,plot_e8f4692a65bceb6ce3e4,dsv_asendorf_t1_bbch11,/home/nfs/data/nvme_datasets/Pictures_CFSB_leaf_damage/2025_09_15_Re4StRes_T1_DSV/IMG_2588.JPG,4.0,1.9318571090698242,1.7261040210723877,-0.2057531327009201,2.2738959789276123,2.068142890930176,gold_only,45,single_rater_weak
2025_09_15_Re4StRes_T1_DSV/IMG_2589.JPG,plot_e8f4692a65bceb6ce3e4,dsv_asendorf_t1_bbch11,/home/nfs/data/nvme_datasets/Pictures_CFSB_leaf_damage/2025_09_15_Re4StRes_T1_DSV/IMG_2589.JPG,23.0,6.141819953918457,6.380833148956299,0.23901329934597015,16.61916732788086,16.85818099975586,gold_only,45,single_rater_weak
2025_09_15_Re4StRes_T1_DSV/IMG_2589_2.JPG,plot_e8f4692a65bceb6ce3e4,dsv_asendorf_t1_bbch11,/home/nfs/data/nvme_datasets/Pictures_CFSB_leaf_damage/2025_09_15_Re4StRes_T1_DSV/IMG_2589_2.JPG,34.0,5.084651470184326,5.326397895812988,0.2417464703321457,28.673603057861328,28.915348052978516,gold_only,45,single_rater_weak
2025_09_15_Re4StRes_T1_DSV/IMG_2590.JPG,plot_707244c76bf8f4690ba7,dsv_asendorf_t1_bbch11,/home/nfs/data/nvme_datasets/Pictures_CFSB_leaf_damage/2025_09_15_Re4StRes_T1_DSV/IMG_2590.JPG,10.0,4.103888988494873,4.033473491668701,-0.07041555643081665,5.966526508331299,5.896111011505127,gold_only,45,single_rater_weak
2025_09_15_Re4StRes_T1_DSV/IMG_2591.JPG,plot_707244c76bf8f4690ba7,dsv_asendorf_t1_bbch11,/home/nfs/data/nvme_datasets/Pictures_CFSB_leaf_damage/2025_09_15_Re4StRes_T1_DSV/IMG_2591.JPG,4.0,3.49753737449646,3.4355318546295166,-0.0620054230093956,0.5644681453704834,0.50246262550354,gold_only,45,single_rater_weak
2025_09_15_Re4StRes_T1_DSV/IMG_2592.JPG,plot_707244c76bf8f4690ba7,dsv_asendorf_t1_bbch11,/home/nfs/data/nvme_datasets/Pictures_CFSB_leaf_damage/2025_09_15_Re4StRes_T1_DSV/IMG_2592.JPG,17.0,7.486425399780273,7.7245025634765625,0.23807696998119354,9.275497436523438,9.513574600219727,gold_only,45,single_rater_weak
2025_09_15_Re4StRes_T1_DSV/IMG_2593.JPG,plot_40371a1af2798543b978,dsv_asendorf_t1_bbch11,/home/nfs/data/nvme_datasets/Pictures_CFSB_leaf_damage/2025_09_15_Re4StRes_T1_DSV/IMG_2593.JPG,10.0,1.5856399536132812,1.3520712852478027,-0.2335686832666397,8.647928237915039,8.414360046386719,gold_only,45,single_rater_weak
2025_09_15_Re4StRes_T1_DSV/IMG_2594.JPG,plot_40371a1af2798543b978,dsv_asendorf_t1_bbch11,/home/nfs/data/nvme_datasets/Pictures_CFSB_leaf_damage/2025_09_15_Re4StRes_T1_DSV/IMG_2594.JPG,1.0,2.5082011222839355,2.0445358753204346,-0.463665246963501,1.0445358753204346,1.5082011222839355,gold_only,45,single_rater_weak
2025_09_15_Re4StRes_T1_DSV/IMG_2595.JPG,plot_40371a1af2798543b978,dsv_asendorf_t1_bbch11,/home/nfs/data/nvme_datasets/Pictures_CFSB_leaf_damage/2025_09_15_Re4StRes_T1_DSV/IMG_2595.JPG,3.0,9.708683967590332,10.241324424743652,0.5326403379440308,7.241324424743652,6.708683967590332,gold_only,45,single_rater_weak
2025_09_15_Re4StRes_T1_DSV/IMG_2596.JPG,plot_2d323249f2cdbc401337,dsv_asendorf_t1_bbch11,/home/nfs/data/nvme_datasets/Pictures_CFSB_leaf_damage/2025_09_15_Re4StRes_T1_DSV/IMG_2596.JPG,5.0,1.1764230728149414,0.8010791540145874,-0.375343918800354,4.198920726776123,3.8235769271850586,gold_only,45,single_rater_weak
2025_09_15_Re4StRes_T1_DSV/IMG_2597.JPG,plot_2d323249f2cdbc401337,dsv_asendorf_t1_bbch11,/home/nfs/data/nvme_datasets/Pictures_CFSB_leaf_damage/2025_09_15_Re4StRes_T1_DSV/IMG_2597.JPG,4.0,1.2567248344421387,0.7593727111816406,-0.49735215306282043,3.2406272888183594,2.7432751655578613,gold_only,45,single_rater_weak
2025_09_15_Re4StRes_T1_DSV/IMG_2598.JPG,plot_2d323249f2cdbc401337,dsv_asendorf_t1_bbch11,/home/nfs/data/nvme_datasets/Pictures_CFSB_leaf_damage/2025_09_15_Re4StRes_T1_DSV/IMG_2598.JPG,23.0,3.573564291000366,4.082583904266357,0.5090195536613464,18.917415618896484,19.426435470581055,gold_only,45,single_rater_weak
2025_09_15_Re4StRes_T1_DSV/IMG_2599.JPG,plot_7e3914ccf642d49c8258,dsv_asendorf_t1_bbch11,/home/nfs/data/nvme_datasets/Pictures_CFSB_leaf_damage/2025_09_15_Re4StRes_T1_DSV/IMG_2599.JPG,23.0,2.553670883178711,2.3109946250915527,-0.2426762729883194,20.68900489807129,20.44632911682129,gold_only,45,single_rater_weak
2025_09_15_Re4StRes_T1_DSV/IMG_2600.JPG,plot_7e3914ccf642d49c8258,dsv_asendorf_t1_bbch11,/home/nfs/data/nvme_datasets/Pictures_CFSB_leaf_damage/2025_09_15_Re4StRes_T1_DSV/IMG_2600.JPG,7.0,2.0231642723083496,2.081610679626465,0.058446481823921204,4.918389320373535,4.97683572769165,gold_only,45,single_rater_weak
2025_09_15_Re4StRes_T1_DSV/IMG_2601.JPG,plot_7e3914ccf642d49c8258,dsv_asendorf_t1_bbch11,/home/nfs/data/nvme_datasets/Pictures_CFSB_leaf_damage/2025_09_15_Re4StRes_T1_DSV/IMG_2601.JPG,6.0,2.716012954711914,2.885010242462158,0.16899731755256653,3.114989757537842,3.283987045288086,gold_only,45,single_rater_weak
2025_09_15_Re4StRes_T1_DSV/IMG_2602.JPG,plot_4c75cf4fe53b689660ca,dsv_asendorf_t1_bbch11,/home/nfs/data/nvme_datasets/Pictures_CFSB_leaf_damage/2025_09_15_Re4StRes_T1_DSV/IMG_2602.JPG,3.0,2.1734652519226074,1.6389816999435425,-0.5344835519790649,1.3610183000564575,0.8265347480773926,gold_only,45,single_rater_weak
2025_09_15_Re4StRes_T1_DSV/IMG_2603.JPG,plot_4c75cf4fe53b689660ca,dsv_asendorf_t1_bbch11,/home/nfs/data/nvme_datasets/Pictures_CFSB_leaf_damage/2025_09_15_Re4StRes_T1_DSV/IMG_2603.JPG,7.0,6.798402786254883,6.433107376098633,-0.36529552936553955,0.5668926239013672,0.2015972137451172,gold_only,45,single_rater_weak
2025_09_15_Re4StRes_T1_DSV/IMG_2604.JPG,plot_4c75cf4fe53b689660ca,dsv_asendorf_t1_bbch11,/home/nfs/data/nvme_datasets/Pictures_CFSB_leaf_damage/2025_09_15_Re4StRes_T1_DSV/IMG_2604.JPG,35.0,9.98967170715332,10.249553680419922,0.2598819434642792,24.750446319580078,25.01032829284668,gold_only,45,single_rater_weak
2025_09_15_Re4StRes_T1_DSV/IMG_2605.JPG,plot_5a26296d1fb3d29bbb28,dsv_asendorf_t1_bbch11,/home/nfs/data/nvme_datasets/Pictures_CFSB_leaf_damage/2025_09_15_Re4StRes_T1_DSV/IMG_2605.JPG,2.0,2.282776355743408,2.125511646270752,-0.1572647988796234,0.12551164627075195,0.2827763557434082,gold_only,45,single_rater_weak
2025_09_15_Re4StRes_T1_DSV/IMG_2606.JPG,plot_5a26296d1fb3d29bbb28,dsv_asendorf_t1_bbch11,/home/nfs/data/nvme_datasets/Pictures_CFSB_leaf_damage/2025_09_15_Re4StRes_T1_DSV/IMG_2606.JPG,18.0,2.6132164001464844,3.162088394165039,0.5488721132278442,14.837911605834961,15.386783599853516,gold_only,45,single_rater_weak
2025_09_15_Re4StRes_T1_DSV/IMG_2606_2.JPG,plot_5a26296d1fb3d29bbb28,dsv_asendorf_t1_bbch11,/home/nfs/data/nvme_datasets/Pictures_CFSB_leaf_damage/2025_09_15_Re4StRes_T1_DSV/IMG_2606_2.JPG,4.0,1.710731029510498,1.3698456287384033,-0.34088537096977234,2.6301543712615967,2.289268970489502,gold_only,45,single_rater_weak
2025_09_15_Re4StRes_T1_DSV/IMG_2608.JPG,plot_46c1efcf4428e47a8433,dsv_asendorf_t1_bbch11,/home/nfs/data/nvme_datasets/Pictures_CFSB_leaf_damage/2025_09_15_Re4StRes_T1_DSV/IMG_2608.JPG,2.0,3.7565183639526367,4.159023761749268,0.4025055766105652,2.1590237617492676,1.7565183639526367,gold_only,45,single_rater_weak
2025_09_15_Re4StRes_T1_DSV/IMG_2609.JPG,plot_46c1efcf4428e47a8433,dsv_asendorf_t1_bbch11,/home/nfs/data/nvme_datasets/Pictures_CFSB_leaf_damage/2025_09_15_Re4StRes_T1_DSV/IMG_2609.JPG,5.0,2.6399292945861816,2.0783071517944336,-0.5616222620010376,2.9216928482055664,2.3600707054138184,gold_only,45,single_rater_weak
2025_09_15_Re4StRes_T1_DSV/IMG_2610.JPG,plot_46c1efcf4428e47a8433,dsv_asendorf_t1_bbch11,/home/nfs/data/nvme_datasets/Pictures_CFSB_leaf_damage/2025_09_15_Re4StRes_T1_DSV/IMG_2610.JPG,11.0,3.9724013805389404,3.789844512939453,-0.1825568675994873,7.210155487060547,7.0275983810424805,gold_only,45,single_rater_weak
2025_09_15_Re4StRes_T1_DSV/IMG_2611.JPG,plot_6ad87ac5e10c8f43e276,dsv_asendorf_t1_bbch11,/home/nfs/data/nvme_datasets/Pictures_CFSB_leaf_damage/2025_09_15_Re4StRes_T1_DSV/IMG_2611.JPG,3.0,0.8360943794250488,0.8150347471237183,-0.02105965092778206,2.184965133666992,2.163905620574951,gold_only,45,single_rater_weak
2025_09_15_Re4StRes_T1_DSV/IMG_2612.JPG,plot_6ad87ac5e10c8f43e276,dsv_asendorf_t1_bbch11,/home/nfs/data/nvme_datasets/Pictures_CFSB_leaf_damage/2025_09_15_Re4StRes_T1_DSV/IMG_2612.JPG,3.0,0.5878314971923828,0.578173816204071,-0.00965769961476326,2.421826124191284,2.412168502807617,gold_only,45,single_rater_weak
2025_09_15_Re4StRes_T1_DSV/IMG_2613.JPG,plot_6ad87ac5e10c8f43e276,dsv_asendorf_t1_bbch11,/home/nfs/data/nvme_datasets/Pictures_CFSB_leaf_damage/2025_09_15_Re4StRes_T1_DSV/IMG_2613.JPG,40.0,3.935574769973755,4.3541460037231445,0.41857120394706726,35.64585494995117,36.06442642211914,gold_only,45,single_rater_weak
2025_09_15_Re4StRes_T1_DSV/IMG_2614.JPG,plot_9b875862086dac6bd729,dsv_asendorf_t1_bbch11,/home/nfs/data/nvme_datasets/Pictures_CFSB_leaf_damage/2025_09_15_Re4StRes_T1_DSV/IMG_2614.JPG,4.0,3.0062570571899414,2.9649243354797363,-0.04133284091949463,1.0350756645202637,0.9937429428100586,gold_only,45,single_rater_weak
2025_09_15_Re4StRes_T1_DSV/IMG_2615.JPG,plot_9b875862086dac6bd729,dsv_asendorf_t1_bbch11,/home/nfs/data/nvme_datasets/Pictures_CFSB_leaf_damage/2025_09_15_Re4StRes_T1_DSV/IMG_2615.JPG,12.0,2.578787326812744,2.4917120933532715,-0.08707527071237564,9.50828742980957,9.421213150024414,gold_only,45,single_rater_weak
2025_09_15_Re4StRes_T1_DSV/IMG_2616.JPG,plot_9b875862086dac6bd729,dsv_asendorf_t1_bbch11,/home/nfs/data/nvme_datasets/Pictures_CFSB_leaf_damage/2025_09_15_Re4StRes_T1_DSV/IMG_2616.JPG,14.0,4.786221027374268,4.830573081970215,0.04435218870639801,9.169426918029785,9.21377944946289,gold_only,45,single_rater_weak
2025_09_15_Re4StRes_T1_DSV/IMG_2617.JPG,plot_b2a3e31c2e6cc1eb0673,dsv_asendorf_t1_bbch11,/home/nfs/data/nvme_datasets/Pictures_CFSB_leaf_damage/2025_09_15_Re4StRes_T1_DSV/IMG_2617.JPG,2.0,1.621382236480713,1.5323328971862793,-0.08904938399791718,0.4676671028137207,0.3786177635192871,gold_only,45,single_rater_weak
2025_09_15_Re4StRes_T1_DSV/IMG_2618.JPG,plot_b2a3e31c2e6cc1eb0673,dsv_asendorf_t1_bbch11,/home/nfs/data/nvme_datasets/Pictures_CFSB_leaf_damage/2025_09_15_Re4StRes_T1_DSV/IMG_2618.JPG,12.0,2.420034408569336,2.4792001247406006,0.05916573479771614,9.52079963684082,9.579965591430664,gold_only,45,single_rater_weak
2025_09_15_Re4StRes_T1_DSV/IMG_2619.JPG,plot_b2a3e31c2e6cc1eb0673,dsv_asendorf_t1_bbch11,/home/nfs/data/nvme_datasets/Pictures_CFSB_leaf_damage/2025_09_15_Re4StRes_T1_DSV/IMG_2619.JPG,17.0,2.5560646057128906,2.1742160320281982,-0.38184854388237,14.825783729553223,14.44393539428711,gold_only,45,single_rater_weak
2025_09_15_Re4StRes_T1_DSV/IMG_2620.JPG,plot_b03192acadc05d9ac642,dsv_asendorf_t1_bbch11,/home/nfs/data/nvme_datasets/Pictures_CFSB_leaf_damage/2025_09_15_Re4StRes_T1_DSV/IMG_2620.JPG,3.0,0.600433349609375,0.07454067468643188,-0.5258926749229431,2.925459384918213,2.399566650390625,gold_only,45,single_rater_weak
2025_09_15_Re4StRes_T1_DSV/IMG_2621.JPG,plot_b03192acadc05d9ac642,dsv_asendorf_t1_bbch11,/home/nfs/data/nvme_datasets/Pictures_CFSB_leaf_damage/2025_09_15_Re4StRes_T1_DSV/IMG_2621.JPG,5.0,0.923001766204834,0.7374610900878906,-0.18554069101810455,4.262538909912109,4.076998233795166,gold_only,45,single_rater_weak
2025_09_15_Re4StRes_T1_DSV/IMG_2622.JPG,plot_b03192acadc05d9ac642,dsv_asendorf_t1_bbch11,/home/nfs/data/nvme_datasets/Pictures_CFSB_leaf_damage/2025_09_15_Re4StRes_T1_DSV/IMG_2622.JPG,7.0,1.6413326263427734,1.5144968032836914,-0.1268358677625656,5.485503196716309,5.358667373657227,gold_only,45,single_rater_weak
2025_09_15_Re4StRes_T1_DSV/IMG_2623.JPG,plot_ad2868ba0107fb9b7835,dsv_asendorf_t1_bbch11,/home/nfs/data/nvme_datasets/Pictures_CFSB_leaf_damage/2025_09_15_Re4StRes_T1_DSV/IMG_2623.JPG,10.0,2.9615297317504883,3.3073205947875977,0.34579095244407654,6.692679405212402,7.038470268249512,gold_only,45,single_rater_weak
2025_09_15_Re4StRes_T1_DSV/IMG_2624.JPG,plot_ad2868ba0107fb9b7835,dsv_asendorf_t1_bbch11,/home/nfs/data/nvme_datasets/Pictures_CFSB_leaf_damage/2025_09_15_Re4StRes_T1_DSV/IMG_2624.JPG,2.0,3.870285749435425,4.507651329040527,0.6373655796051025,2.5076513290405273,1.8702857494354248,gold_only,45,single_rater_weak
2025_09_15_Re4StRes_T1_DSV/IMG_2625.JPG,plot_ad2868ba0107fb9b7835,dsv_asendorf_t1_bbch11,/home/nfs/data/nvme_datasets/Pictures_CFSB_leaf_damage/2025_09_15_Re4StRes_T1_DSV/IMG_2625.JPG,19.0,3.0369977951049805,3.345064640045166,0.30806684494018555,15.654935836791992,15.96300220489502,gold_only,45,single_rater_weak
2025_09_15_Re4StRes_T1_DSV/IMG_2626.JPG,plot_d36ced0541e95ee9540c,dsv_asendorf_t1_bbch11,/home/nfs/data/nvme_datasets/Pictures_CFSB_leaf_damage/2025_09_15_Re4StRes_T1_DSV/IMG_2626.JPG,10.0,1.3477649688720703,1.5243594646453857,0.17659446597099304,8.475640296936035,8.65223503112793,gold_only,45,single_rater_weak
2025_09_15_Re4StRes_T1_DSV/IMG_2627.JPG,plot_d36ced0541e95ee9540c,dsv_asendorf_t1_bbch11,/home/nfs/data/nvme_datasets/Pictures_CFSB_leaf_damage/2025_09_15_Re4StRes_T1_DSV/IMG_2627.JPG,2.0,0.8240456581115723,0.7371251583099365,-0.08692049980163574,1.2628748416900635,1.1759543418884277,gold_only,45,single_rater_weak
2025_09_15_Re4StRes_T1_DSV/IMG_2628.JPG,plot_d36ced0541e95ee9540c,dsv_asendorf_t1_bbch11,/home/nfs/data/nvme_datasets/Pictures_CFSB_leaf_damage/2025_09_15_Re4StRes_T1_DSV/IMG_2628.JPG,18.0,2.9012551307678223,2.95039439201355,0.04913915693759918,15.049605369567871,15.098745346069336,gold_only,45,single_rater_weak
2025_09_15_Re4StRes_T1_DSV/IMG_2629.JPG,plot_aa0809a29b3adcfe1082,dsv_asendorf_t1_bbch11,/home/nfs/data/nvme_datasets/Pictures_CFSB_leaf_damage/2025_09_15_Re4StRes_T1_DSV/IMG_2629.JPG,8.0,1.1345019340515137,1.470471739768982,0.33596980571746826,6.5295281410217285,6.865498065948486,gold_only,45,single_rater_weak
2025_09_15_Re4StRes_T1_DSV/IMG_2630.JPG,plot_aa0809a29b3adcfe1082,dsv_asendorf_t1_bbch11,/home/nfs/data/nvme_datasets/Pictures_CFSB_leaf_damage/2025_09_15_Re4StRes_T1_DSV/IMG_2630.JPG,23.0,1.34653902053833,1.9211821556091309,0.5746431946754456,21.07881736755371,21.653461456298828,gold_only,45,single_rater_weak
2025_09_15_Re4StRes_T1_DSV/IMG_2631.JPG,plot_aa0809a29b3adcfe1082,dsv_asendorf_t1_bbch11,/home/nfs/data/nvme_datasets/Pictures_CFSB_leaf_damage/2025_09_15_Re4StRes_T1_DSV/IMG_2631.JPG,15.0,0.47879743576049805,0.8501705527305603,0.37137311697006226,14.149829864501953,14.521202087402344,gold_only,45,single_rater_weak
2025_09_15_Re4StRes_T1_DSV/IMG_2632.JPG,plot_a80ff455babb8bbad605,dsv_asendorf_t1_bbch11,/home/nfs/data/nvme_datasets/Pictures_CFSB_leaf_damage/2025_09_15_Re4StRes_T1_DSV/IMG_2632.JPG,32.0,3.5614123344421387,3.963313102722168,0.4019008278846741,28.036685943603516,28.438587188720703,gold_only,45,single_rater_weak
2025_09_15_Re4StRes_T1_DSV/IMG_2633.JPG,plot_a80ff455babb8bbad605,dsv_asendorf_t1_bbch11,/home/nfs/data/nvme_datasets/Pictures_CFSB_leaf_damage/2025_09_15_Re4StRes_T1_DSV/IMG_2633.JPG,39.0,2.724973678588867,3.157484769821167,0.43251100182533264,35.84251403808594,36.2750244140625,gold_only,45,single_rater_weak
2025_09_15_Re4StRes_T1_DSV/IMG_2634.JPG,plot_a80ff455babb8bbad605,dsv_asendorf_t1_bbch11,/home/nfs/data/nvme_datasets/Pictures_CFSB_leaf_damage/2025_09_15_Re4StRes_T1_DSV/IMG_2634.JPG,40.0,5.892397880554199,6.055366039276123,0.1629680097103119,33.94463348388672,34.107601165771484,gold_only,45,single_rater_weak
2025_09_15_Re4StRes_T1_DSV/IMG_2635.JPG,plot_73516a1533725dd1f172,dsv_asendorf_t1_bbch11,/home/nfs/data/nvme_datasets/Pictures_CFSB_leaf_damage/2025_09_15_Re4StRes_T1_DSV/IMG_2635.JPG,24.0,3.6416218280792236,4.056981086730957,0.41535940766334534,19.94301986694336,20.35837745666504,gold_only,45,single_rater_weak
2025_09_15_Re4StRes_T1_DSV/IMG_2636.JPG,plot_73516a1533725dd1f172,dsv_asendorf_t1_bbch11,/home/nfs/data/nvme_datasets/Pictures_CFSB_leaf_damage/2025_09_15_Re4StRes_T1_DSV/IMG_2636.JPG,36.0,5.042792320251465,5.155660152435303,0.11286791414022446,30.84433937072754,30.95720672607422,gold_only,45,single_rater_weak
2025_09_15_Re4StRes_T1_DSV/IMG_2637.JPG,plot_73516a1533725dd1f172,dsv_asendorf_t1_bbch11,/home/nfs/data/nvme_datasets/Pictures_CFSB_leaf_damage/2025_09_15_Re4StRes_T1_DSV/IMG_2637.JPG,42.0,4.654311180114746,5.259185791015625,0.6048746109008789,36.740814208984375,37.34568786621094,gold_only,45,single_rater_weak
2025_09_15_Re4StRes_T1_DSV/IMG_2638.JPG,plot_8fcd736eda326263efa9,dsv_asendorf_t1_bbch11,/home/nfs/data/nvme_datasets/Pictures_CFSB_leaf_damage/2025_09_15_Re4StRes_T1_DSV/IMG_2638.JPG,30.0,3.806260347366333,3.995764970779419,0.18950454890727997,26.004234313964844,26.19373893737793,gold_only,45,single_rater_weak
2025_09_15_Re4StRes_T1_DSV/IMG_2639.JPG,plot_8fcd736eda326263efa9,dsv_asendorf_t1_bbch11,/home/nfs/data/nvme_datasets/Pictures_CFSB_leaf_damage/2025_09_15_Re4StRes_T1_DSV/IMG_2639.JPG,42.0,1.475809097290039,1.1651052236557007,-0.3107038736343384,40.834896087646484,40.524192810058594,gold_only,45,single_rater_weak
2025_09_15_Re4StRes_T1_DSV/IMG_2640.JPG,plot_8fcd736eda326263efa9,dsv_asendorf_t1_bbch11,/home/nfs/data/nvme_datasets/Pictures_CFSB_leaf_damage/2025_09_15_Re4StRes_T1_DSV/IMG_2640.JPG,45.0,6.877355098724365,7.015892028808594,0.13853704929351807,37.984107971191406,38.12264633178711,gold_only,45,single_rater_weak
2025_09_15_Re4StRes_T1_DSV/IMG_2641.JPG,plot_4e2d6e2c277a5922c74b,dsv_asendorf_t1_bbch11,/home/nfs/data/nvme_datasets/Pictures_CFSB_leaf_damage/2025_09_15_Re4StRes_T1_DSV/IMG_2641.JPG,28.0,1.8573598861694336,2.034106731414795,0.17674681544303894,25.965892791748047,26.14263916015625,gold_only,45,single_rater_weak
2025_09_15_Re4StRes_T1_DSV/IMG_2642.JPG,plot_4e2d6e2c277a5922c74b,dsv_asendorf_t1_bbch11,/home/nfs/data/nvme_datasets/Pictures_CFSB_leaf_damage/2025_09_15_Re4StRes_T1_DSV/IMG_2642.JPG,2.0,3.0010647773742676,3.375778913497925,0.37471407651901245,1.3757789134979248,1.0010647773742676,gold_only,45,single_rater_weak
2025_09_15_Re4StRes_T1_DSV/IMG_2643.JPG,plot_4e2d6e2c277a5922c74b,dsv_asendorf_t1_bbch11,/home/nfs/data/nvme_datasets/Pictures_CFSB_leaf_damage/2025_09_15_Re4StRes_T1_DSV/IMG_2643.JPG,3.0,1.5149450302124023,1.1461687088012695,-0.3687763512134552,1.8538312911987305,1.4850549697875977,gold_only,45,single_rater_weak
2025_09_15_Re4StRes_T1_DSV/IMG_2644.JPG,plot_7db3d9c8037049d83796,dsv_asendorf_t1_bbch11,/home/nfs/data/nvme_datasets/Pictures_CFSB_leaf_damage/2025_09_15_Re4StRes_T1_DSV/IMG_2644.JPG,1.0,1.4477825164794922,1.0055699348449707,-0.44221264123916626,0.005569934844970703,0.4477825164794922,gold_only,45,single_rater_weak
2025_09_15_Re4StRes_T1_DSV/IMG_2645.JPG,plot_7db3d9c8037049d83796,dsv_asendorf_t1_bbch11,/home/nfs/data/nvme_datasets/Pictures_CFSB_leaf_damage/2025_09_15_Re4StRes_T1_DSV/IMG_2645.JPG,2.0,1.2121801376342773,0.4977242350578308,-0.7144559025764465,1.5022757053375244,0.7878198623657227,gold_only,45,single_rater_weak
2025_09_15_Re4StRes_T1_DSV/IMG_2646.JPG,plot_7db3d9c8037049d83796,dsv_asendorf_t1_bbch11,/home/nfs/data/nvme_datasets/Pictures_CFSB_leaf_damage/2025_09_15_Re4StRes_T1_DSV/IMG_2646.JPG,8.0,2.0018868446350098,1.9388394355773926,-0.063047394156456,6.061160564422607,5.99811315536499,gold_only,45,single_rater_weak
2025_09_15_Re4StRes_T1_DSV/IMG_2647.JPG,plot_6d60b4e277f2e74cc45f,dsv_asendorf_t1_bbch11,/home/nfs/data/nvme_datasets/Pictures_CFSB_leaf_damage/2025_09_15_Re4StRes_T1_DSV/IMG_2647.JPG,9.0,2.743995189666748,2.391643524169922,-0.35235166549682617,6.608356475830078,6.256004810333252,gold_only,45,single_rater_weak
2025_09_15_Re4StRes_T1_DSV/IMG_2648.JPG,plot_6d60b4e277f2e74cc45f,dsv_asendorf_t1_bbch11,/home/nfs/data/nvme_datasets/Pictures_CFSB_leaf_damage/2025_09_15_Re4StRes_T1_DSV/IMG_2648.JPG,24.0,2.7487869262695312,2.2955284118652344,-0.45325860381126404,21.704471588134766,21.25121307373047,gold_only,45,single_rater_weak
2025_09_15_Re4StRes_T1_DSV/IMG_2649.JPG,plot_6d60b4e277f2e74cc45f,dsv_asendorf_t1_bbch11,/home/nfs/data/nvme_datasets/Pictures_CFSB_leaf_damage/2025_09_15_Re4StRes_T1_DSV/IMG_2649.JPG,3.0,1.8222894668579102,1.1412692070007324,-0.6810202598571777,1.8587307929992676,1.1777105331420898,gold_only,45,single_rater_weak
2025_09_15_Re4StRes_T1_DSV/IMG_2650.JPG,plot_f42d982b26d6135b33d5,dsv_asendorf_t1_bbch11,/home/nfs/data/nvme_datasets/Pictures_CFSB_leaf_damage/2025_09_15_Re4StRes_T1_DSV/IMG_2650.JPG,2.0,1.503964900970459,0.8821931481361389,-0.6217717528343201,1.1178069114685059,0.496035099029541,gold_only,45,single_rater_weak
2025_09_15_Re4StRes_T1_DSV/IMG_2651.JPG,plot_f42d982b26d6135b33d5,dsv_asendorf_t1_bbch11,/home/nfs/data/nvme_datasets/Pictures_CFSB_leaf_damage/2025_09_15_Re4StRes_T1_DSV/IMG_2651.JPG,1.0,0.950202465057373,0.5386099219322205,-0.4115925431251526,0.46139007806777954,0.04979753494262695,gold_only,45,single_rater_weak
2025_09_15_Re4StRes_T1_DSV/IMG_2652.JPG,plot_f42d982b26d6135b33d5,dsv_asendorf_t1_bbch11,/home/nfs/data/nvme_datasets/Pictures_CFSB_leaf_damage/2025_09_15_Re4StRes_T1_DSV/IMG_2652.JPG,13.0,1.5530610084533691,1.1182122230529785,-0.4348488450050354,11.88178825378418,11.446939468383789,gold_only,45,single_rater_weak
2025_09_15_Re4StRes_T1_DSV/IMG_2653.JPG,plot_3b786930378c9a733914,dsv_asendorf_t1_bbch11,/home/nfs/data/nvme_datasets/Pictures_CFSB_leaf_damage/2025_09_15_Re4StRes_T1_DSV/IMG_2653.JPG,11.0,1.3474621772766113,1.093926191329956,-0.2535359561443329,9.906073570251465,9.652538299560547,gold_only,45,single_rater_weak
2025_09_15_Re4StRes_T1_DSV/IMG_2654.JPG,plot_3b786930378c9a733914,dsv_asendorf_t1_bbch11,/home/nfs/data/nvme_datasets/Pictures_CFSB_leaf_damage/2025_09_15_Re4StRes_T1_DSV/IMG_2654.JPG,7.0,0.8094310760498047,0.494729220867157,-0.3147018551826477,6.505270957946777,6.190568923950195,gold_only,45,single_rater_weak
2025_09_15_Re4StRes_T1_DSV/IMG_2655.JPG,plot_3b786930378c9a733914,dsv_asendorf_t1_bbch11,/home/nfs/data/nvme_datasets/Pictures_CFSB_leaf_damage/2025_09_15_Re4StRes_T1_DSV/IMG_2655.JPG,8.0,4.934948444366455,5.094992160797119,0.16004376113414764,2.905007839202881,3.065051555633545,gold_only,45,single_rater_weak
2025_09_15_Re4StRes_T1_DSV/IMG_2656.JPG,plot_be9f8bc4fd001859e553,dsv_asendorf_t1_bbch11,/home/nfs/data/nvme_datasets/Pictures_CFSB_leaf_damage/2025_09_15_Re4StRes_T1_DSV/IMG_2656.JPG,2.0,3.4549028873443604,3.3680520057678223,-0.08685097843408585,1.3680520057678223,1.4549028873443604,gold_only,45,single_rater_weak
2025_09_15_Re4StRes_T1_DSV/IMG_2657.JPG,plot_be9f8bc4fd001859e553,dsv_asendorf_t1_bbch11,/home/nfs/data/nvme_datasets/Pictures_CFSB_leaf_damage/2025_09_15_Re4StRes_T1_DSV/IMG_2657.JPG,1.0,5.78933572769165,5.6119537353515625,-0.1773817539215088,4.6119537353515625,4.78933572769165,gold_only,45,single_rater_weak
2025_09_15_Re4StRes_T1_DSV/IMG_2657_2.JPG,plot_be9f8bc4fd001859e553,dsv_asendorf_t1_bbch11,/home/nfs/data/nvme_datasets/Pictures_CFSB_leaf_damage/2025_09_15_Re4StRes_T1_DSV/IMG_2657_2.JPG,6.0,2.6616783142089844,2.2101824283599854,-0.4514959752559662,3.7898175716400146,3.3383216857910156,gold_only,45,single_rater_weak
2025_09_15_Re4StRes_T1_DSV/IMG_2659.JPG,plot_8f8a0ed1a54d2a6671f4,dsv_asendorf_t1_bbch11,/home/nfs/data/nvme_datasets/Pictures_CFSB_leaf_damage/2025_09_15_Re4StRes_T1_DSV/IMG_2659.JPG,15.0,3.1912713050842285,2.8061623573303223,-0.38510891795158386,12.193838119506836,11.80872917175293,gold_only,45,single_rater_weak
2025_09_15_Re4StRes_T1_DSV/IMG_2660.JPG,plot_8f8a0ed1a54d2a6671f4,dsv_asendorf_t1_bbch11,/home/nfs/data/nvme_datasets/Pictures_CFSB_leaf_damage/2025_09_15_Re4StRes_T1_DSV/IMG_2660.JPG,18.0,3.9834651947021484,3.8147077560424805,-0.16875742375850677,14.18529224395752,14.016534805297852,gold_only,45,single_rater_weak
2025_09_15_Re4StRes_T1_DSV/IMG_2661.JPG,plot_8f8a0ed1a54d2a6671f4,dsv_asendorf_t1_bbch11,/home/nfs/data/nvme_datasets/Pictures_CFSB_leaf_damage/2025_09_15_Re4StRes_T1_DSV/IMG_2661.JPG,25.0,3.266641139984131,3.1330108642578125,-0.1336301565170288,21.866989135742188,21.73335838317871,gold_only,45,single_rater_weak
2025_09_15_Re4StRes_T1_DSV/IMG_2662.JPG,plot_7dff48577a5b7ced7d39,dsv_asendorf_t1_bbch11,/home/nfs/data/nvme_datasets/Pictures_CFSB_leaf_damage/2025_09_15_Re4StRes_T1_DSV/IMG_2662.JPG,12.0,2.469180107116699,2.561876058578491,0.09269599616527557,9.43812370300293,9.5308198928833,gold_only,45,single_rater_weak
2025_09_15_Re4StRes_T1_DSV/IMG_2663.JPG,plot_7dff48577a5b7ced7d39,dsv_asendorf_t1_bbch11,/home/nfs/data/nvme_datasets/Pictures_CFSB_leaf_damage/2025_09_15_Re4StRes_T1_DSV/IMG_2663.JPG,38.0,4.252421855926514,4.316432952880859,0.06401105225086212,33.68356704711914,33.74757766723633,gold_only,45,single_rater_weak
2025_09_15_Re4StRes_T1_DSV/IMG_2664.JPG,plot_7dff48577a5b7ced7d39,dsv_asendorf_t1_bbch11,/home/nfs/data/nvme_datasets/Pictures_CFSB_leaf_damage/2025_09_15_Re4StRes_T1_DSV/IMG_2664.JPG,15.0,6.236867904663086,6.098207473754883,-0.13866057991981506,8.901792526245117,8.763132095336914,gold_only,45,single_rater_weak
2025_09_15_Re4StRes_T1_DSV/IMG_2665.JPG,plot_fa485d2f45bfc9148558,dsv_asendorf_t1_bbch11,/home/nfs/data/nvme_datasets/Pictures_CFSB_leaf_damage/2025_09_15_Re4StRes_T1_DSV/IMG_2665.JPG,45.0,4.744265556335449,4.9441423416137695,0.1998765915632248,40.05585861206055,40.255733489990234,gold_only,45,single_rater_weak
2025_09_15_Re4StRes_T1_DSV/IMG_2666.JPG,plot_fa485d2f45bfc9148558,dsv_asendorf_t1_bbch11,/home/nfs/data/nvme_datasets/Pictures_CFSB_leaf_damage/2025_09_15_Re4StRes_T1_DSV/IMG_2666.JPG,40.0,1.7689547538757324,2.054222583770752,0.2852678596973419,37.945777893066406,38.23104476928711,gold_only,45,single_rater_weak
2025_09_15_Re4StRes_T1_DSV/IMG_2667.JPG,plot_fa485d2f45bfc9148558,dsv_asendorf_t1_bbch11,/home/nfs/data/nvme_datasets/Pictures_CFSB_leaf_damage/2025_09_15_Re4StRes_T1_DSV/IMG_2667.JPG,10.0,0.522585391998291,0.6022546291351318,0.07966921478509903,9.397745132446289,9.477415084838867,gold_only,45,single_rater_weak
2025_09_15_Re4StRes_T1_DSV/IMG_2668.JPG,plot_fda0b4cafe14bb4573e3,dsv_asendorf_t1_bbch11,/home/nfs/data/nvme_datasets/Pictures_CFSB_leaf_damage/2025_09_15_Re4StRes_T1_DSV/IMG_2668.JPG,42.0,4.149078845977783,4.700417995452881,0.551339328289032,37.299583435058594,37.850921630859375,gold_only,45,single_rater_weak
2025_09_15_Re4StRes_T1_DSV/IMG_2669.JPG,plot_fda0b4cafe14bb4573e3,dsv_asendorf_t1_bbch11,/home/nfs/data/nvme_datasets/Pictures_CFSB_leaf_damage/2025_09_15_Re4StRes_T1_DSV/IMG_2669.JPG,40.0,0.3922123908996582,0.5309358239173889,0.1387234330177307,39.46906280517578,39.6077880859375,gold_only,45,single_rater_weak
2025_09_15_Re4StRes_T1_DSV/IMG_2670.JPG,plot_fda0b4cafe14bb4573e3,dsv_asendorf_t1_bbch11,/home/nfs/data/nvme_datasets/Pictures_CFSB_leaf_damage/2025_09_15_Re4StRes_T1_DSV/IMG_2670.JPG,30.0,0.14708805084228516,-0.012396007776260376,-0.15948405861854553,30.01239585876465,29.85291290283203,gold_only,45,single_rater_weak
2025_09_15_Re4StRes_T1_DSV/IMG_2671.JPG,plot_875009e20325d359d8c9,dsv_asendorf_t1_bbch11,/home/nfs/data/nvme_datasets/Pictures_CFSB_leaf_damage/2025_09_15_Re4StRes_T1_DSV/IMG_2671.JPG,8.0,4.169244289398193,4.662120819091797,0.4928765892982483,3.337879180908203,3.8307557106018066,gold_only,45,single_rater_weak
2025_09_15_Re4StRes_T1_DSV/IMG_2672.JPG,plot_875009e20325d359d8c9,dsv_asendorf_t1_bbch11,/home/nfs/data/nvme_datasets/Pictures_CFSB_leaf_damage/2025_09_15_Re4StRes_T1_DSV/IMG_2672.JPG,30.0,1.624943733215332,1.556564211845398,-0.06837955117225647,28.443435668945312,28.375057220458984,gold_only,45,single_rater_weak
2025_09_15_Re4StRes_T1_DSV/IMG_2673.JPG,plot_875009e20325d359d8c9,dsv_asendorf_t1_bbch11,/home/nfs/data/nvme_datasets/Pictures_CFSB_leaf_damage/2025_09_15_Re4StRes_T1_DSV/IMG_2673.JPG,3.0,1.271561622619629,0.8840025663375854,-0.38755908608436584,2.115997314453125,1.728438377380371,gold_only,45,single_rater_weak
2025_09_15_Re4StRes_T1_DSV/IMG_2674.JPG,plot_04022cc1273501af6aaa,dsv_asendorf_t1_bbch11,/home/nfs/data/nvme_datasets/Pictures_CFSB_leaf_damage/2025_09_15_Re4StRes_T1_DSV/IMG_2674.JPG,1.0,1.123143196105957,0.8192934393882751,-0.3038497567176819,0.18070656061172485,0.12314319610595703,gold_only,45,single_rater_weak
2025_09_15_Re4StRes_T1_DSV/IMG_2675.JPG,plot_04022cc1273501af6aaa,dsv_asendorf_t1_bbch11,/home/nfs/data/nvme_datasets/Pictures_CFSB_leaf_damage/2025_09_15_Re4StRes_T1_DSV/IMG_2675.JPG,1.0,0.8923687934875488,0.5019967555999756,-0.39037203788757324,0.4980032444000244,0.10763120651245117,gold_only,45,single_rater_weak
2025_09_15_Re4StRes_T1_DSV/IMG_2676.JPG,plot_04022cc1273501af6aaa,dsv_asendorf_t1_bbch11,/home/nfs/data/nvme_datasets/Pictures_CFSB_leaf_damage/2025_09_15_Re4StRes_T1_DSV/IMG_2676.JPG,3.0,1.532209873199463,1.1275780200958252,-0.4046317934989929,1.8724219799041748,1.467790126800537,gold_only,45,single_rater_weak
2025_09_15_Re4StRes_T1_DSV/IMG_2677.JPG,plot_5f15397b7bb54891ab9b,dsv_asendorf_t1_bbch11,/home/nfs/data/nvme_datasets/Pictures_CFSB_leaf_damage/2025_09_15_Re4StRes_T1_DSV/IMG_2677.JPG,1.0,0.7867822647094727,-0.003140270709991455,-0.7899225354194641,1.0031402111053467,0.21321773529052734,gold_only,45,single_rater_weak
2025_09_15_Re4StRes_T1_DSV/IMG_2678.JPG,plot_5f15397b7bb54891ab9b,dsv_asendorf_t1_bbch11,/home/nfs/data/nvme_datasets/Pictures_CFSB_leaf_damage/2025_09_15_Re4StRes_T1_DSV/IMG_2678.JPG,1.0,0.7090034484863281,0.42772364616394043,-0.2812798023223877,0.5722763538360596,0.2909965515136719,gold_only,45,single_rater_weak
2025_09_15_Re4StRes_T1_DSV/IMG_2679.JPG,plot_5f15397b7bb54891ab9b,dsv_asendorf_t1_bbch11,/home/nfs/data/nvme_datasets/Pictures_CFSB_leaf_damage/2025_09_15_Re4StRes_T1_DSV/IMG_2679.JPG,1.0,0.8307466506958008,0.29490840435028076,-0.53583824634552,0.7050915956497192,0.16925334930419922,gold_only,45,single_rater_weak
2025_09_15_Re4StRes_T1_DSV/IMG_2680.JPG,plot_a2e507dd1a5b46dd448b,dsv_asendorf_t1_bbch11,/home/nfs/data/nvme_datasets/Pictures_CFSB_leaf_damage/2025_09_15_Re4StRes_T1_DSV/IMG_2680.JPG,7.0,1.3360424041748047,0.6354773044586182,-0.7005650997161865,6.364522933959961,5.663957595825195,gold_only,45,single_rater_weak
2025_09_15_Re4StRes_T1_DSV/IMG_2681.JPG,plot_a2e507dd1a5b46dd448b,dsv_asendorf_t1_bbch11,/home/nfs/data/nvme_datasets/Pictures_CFSB_leaf_damage/2025_09_15_Re4StRes_T1_DSV/IMG_2681.JPG,5.0,0.7139291763305664,-0.13680851459503174,-0.8507376909255981,5.136808395385742,4.286070823669434,gold_only,45,single_rater_weak
2025_09_15_Re4StRes_T1_DSV/IMG_2682.JPG,plot_a2e507dd1a5b46dd448b,dsv_asendorf_t1_bbch11,/home/nfs/data/nvme_datasets/Pictures_CFSB_leaf_damage/2025_09_15_Re4StRes_T1_DSV/IMG_2682.JPG,3.0,0.20037508010864258,-0.6443752646446228,-0.8447503447532654,3.6443753242492676,2.7996249198913574,gold_only,45,single_rater_weak
2025_09_15_Re4StRes_T1_DSV/IMG_2683.JPG,plot_294ecb4c0cc0415b63ba,dsv_asendorf_t1_bbch11,/home/nfs/data/nvme_datasets/Pictures_CFSB_leaf_damage/2025_09_15_Re4StRes_T1_DSV/IMG_2683.JPG,2.0,1.1573424339294434,0.7290289402008057,-0.4283134937286377,1.2709710597991943,0.8426575660705566,gold_only,45,single_rater_weak
2025_09_15_Re4StRes_T1_DSV/IMG_2683_2.JPG,plot_294ecb4c0cc0415b63ba,dsv_asendorf_t1_bbch11,/home/nfs/data/nvme_datasets/Pictures_CFSB_leaf_damage/2025_09_15_Re4StRes_T1_DSV/IMG_2683_2.JPG,5.0,0.9989166259765625,1.2552707195281982,0.25635403394699097,3.7447292804718018,4.0010833740234375,gold_only,45,single_rater_weak
2025_09_15_Re4StRes_T1_DSV/IMG_2684.JPG,plot_294ecb4c0cc0415b63ba,dsv_asendorf_t1_bbch11,/home/nfs/data/nvme_datasets/Pictures_CFSB_leaf_damage/2025_09_15_Re4StRes_T1_DSV/IMG_2684.JPG,7.0,0.753899097442627,0.2248510718345642,-0.5290480256080627,6.775148868560791,6.246100902557373,gold_only,45,single_rater_weak
2025_09_15_Re4StRes_T1_DSV/IMG_2686.JPG,plot_423b961101cdbd0d5304,dsv_asendorf_t1_bbch11,/home/nfs/data/nvme_datasets/Pictures_CFSB_leaf_damage/2025_09_15_Re4StRes_T1_DSV/IMG_2686.JPG,1.0,0.8004045486450195,0.28899288177490234,-0.5114116668701172,0.7110071182250977,0.19959545135498047,gold_only,45,single_rater_weak
2025_09_15_Re4StRes_T1_DSV/IMG_2687.JPG,plot_423b961101cdbd0d5304,dsv_asendorf_t1_bbch11,/home/nfs/data/nvme_datasets/Pictures_CFSB_leaf_damage/2025_09_15_Re4StRes_T1_DSV/IMG_2687.JPG,1.0,0.876563549041748,0.15997976064682007,-0.716583788394928,0.8400202393531799,0.12343645095825195,gold_only,45,single_rater_weak
2025_09_15_Re4StRes_T1_DSV/IMG_2688.JPG,plot_423b961101cdbd0d5304,dsv_asendorf_t1_bbch11,/home/nfs/data/nvme_datasets/Pictures_CFSB_leaf_damage/2025_09_15_Re4StRes_T1_DSV/IMG_2688.JPG,1.0,0.7838592529296875,0.3284943699836731,-0.4553648829460144,0.6715056300163269,0.2161407470703125,gold_only,45,single_rater_weak
2025_09_15_Re4StRes_T1_DSV/IMG_2689.JPG,plot_dd04b204b1bcb3a5725e,dsv_asendorf_t1_bbch11,/home/nfs/data/nvme_datasets/Pictures_CFSB_leaf_damage/2025_09_15_Re4StRes_T1_DSV/IMG_2689.JPG,1.0,5.0384955406188965,4.769906997680664,-0.2685883045196533,3.769906997680664,4.0384955406188965,gold_only,45,single_rater_weak
2025_09_15_Re4StRes_T1_DSV/IMG_2690.JPG,plot_dd04b204b1bcb3a5725e,dsv_asendorf_t1_bbch11,/home/nfs/data/nvme_datasets/Pictures_CFSB_leaf_damage/2025_09_15_Re4StRes_T1_DSV/IMG_2690.JPG,2.0,1.8211565017700195,1.3351486921310425,-0.48600777983665466,0.6648513078689575,0.17884349822998047,gold_only,45,single_rater_weak
2025_09_15_Re4StRes_T1_DSV/IMG_2691.JPG,plot_dd04b204b1bcb3a5725e,dsv_asendorf_t1_bbch11,/home/nfs/data/nvme_datasets/Pictures_CFSB_leaf_damage/2025_09_15_Re4StRes_T1_DSV/IMG_2691.JPG,1.0,1.2767033576965332,0.6998582482337952,-0.576845109462738,0.30014175176620483,0.2767033576965332,gold_only,45,single_rater_weak
2025_09_15_Re4StRes_T1_DSV/IMG_2692.JPG,plot_ee34702f16a23139878d,dsv_asendorf_t1_bbch11,/home/nfs/data/nvme_datasets/Pictures_CFSB_leaf_damage/2025_09_15_Re4StRes_T1_DSV/IMG_2692.JPG,20.0,2.2843546867370605,2.212991714477539,-0.07136287540197372,17.78700828552246,17.71564483642578,gold_only,45,single_rater_weak
2025_09_15_Re4StRes_T1_DSV/IMG_2693.JPG,plot_ee34702f16a23139878d,dsv_asendorf_t1_bbch11,/home/nfs/data/nvme_datasets/Pictures_CFSB_leaf_damage/2025_09_15_Re4StRes_T1_DSV/IMG_2693.JPG,9.0,1.1694765090942383,0.8278743028640747,-0.34160223603248596,8.172125816345215,7.830523490905762,gold_only,45,single_rater_weak
2025_09_15_Re4StRes_T1_DSV/IMG_2694.JPG,plot_ee34702f16a23139878d,dsv_asendorf_t1_bbch11,/home/nfs/data/nvme_datasets/Pictures_CFSB_leaf_damage/2025_09_15_Re4StRes_T1_DSV/IMG_2694.JPG,1.0,1.1359987258911133,0.821203351020813,-0.3147954046726227,0.178796648979187,0.13599872589111328,gold_only,45,single_rater_weak
2025_09_15_Re4StRes_T1_DSV/IMG_2695.JPG,plot_ec431a420c01c755bc8f,dsv_asendorf_t1_bbch11,/home/nfs/data/nvme_datasets/Pictures_CFSB_leaf_damage/2025_09_15_Re4StRes_T1_DSV/IMG_2695.JPG,1.0,0.43314409255981445,-0.38365113735198975,-0.8167952299118042,1.3836511373519897,0.5668559074401855,gold_only,45,single_rater_weak
2025_09_15_Re4StRes_T1_DSV/IMG_2696.JPG,plot_ec431a420c01c755bc8f,dsv_asendorf_t1_bbch11,/home/nfs/data/nvme_datasets/Pictures_CFSB_leaf_damage/2025_09_15_Re4StRes_T1_DSV/IMG_2696.JPG,2.0,0.529085636138916,0.12484312057495117,-0.40424251556396484,1.8751568794250488,1.470914363861084,gold_only,45,single_rater_weak
2025_09_15_Re4StRes_T1_DSV/IMG_2697.JPG,plot_ec431a420c01c755bc8f,dsv_asendorf_t1_bbch11,/home/nfs/data/nvme_datasets/Pictures_CFSB_leaf_damage/2025_09_15_Re4StRes_T1_DSV/IMG_2697.JPG,1.0,0.38968992233276367,-0.07604742050170898,-0.46573734283447266,1.076047420501709,0.6103100776672363,gold_only,45,single_rater_weak
2025_09_15_Re4StRes_T1_DSV/IMG_2698.JPG,plot_988fee0f83b74284189c,dsv_asendorf_t1_bbch11,/home/nfs/data/nvme_datasets/Pictures_CFSB_leaf_damage/2025_09_15_Re4StRes_T1_DSV/IMG_2698.JPG,7.0,0.21980857849121094,-0.016805335879325867,-0.2366139143705368,7.016805171966553,6.780191421508789,gold_only,45,single_rater_weak
2025_09_15_Re4StRes_T1_DSV/IMG_2699.JPG,plot_988fee0f83b74284189c,dsv_asendorf_t1_bbch11,/home/nfs/data/nvme_datasets/Pictures_CFSB_leaf_damage/2025_09_15_Re4StRes_T1_DSV/IMG_2699.JPG,10.0,2.251718044281006,2.3105075359344482,0.058789484202861786,7.689492225646973,7.748281955718994,gold_only,45,single_rater_weak
2025_09_15_Re4StRes_T1_DSV/IMG_2700.JPG,plot_988fee0f83b74284189c,dsv_asendorf_t1_bbch11,/home/nfs/data/nvme_datasets/Pictures_CFSB_leaf_damage/2025_09_15_Re4StRes_T1_DSV/IMG_2700.JPG,32.0,1.1430516242980957,0.9914242029190063,-0.15162739157676697,31.008575439453125,30.856948852539062,gold_only,45,single_rater_weak
2025_09_15_Re4StRes_T1_DSV/IMG_2701.JPG,plot_9eb00a9bc11de06488a0,dsv_asendorf_t1_bbch11,/home/nfs/data/nvme_datasets/Pictures_CFSB_leaf_damage/2025_09_15_Re4StRes_T1_DSV/IMG_2701.JPG,11.0,1.0356526374816895,0.4449041485786438,-0.5907484889030457,10.555095672607422,9.964347839355469,gold_only,45,single_rater_weak
2025_09_15_Re4StRes_T1_DSV/IMG_2702.JPG,plot_9eb00a9bc11de06488a0,dsv_asendorf_t1_bbch11,/home/nfs/data/nvme_datasets/Pictures_CFSB_leaf_damage/2025_09_15_Re4StRes_T1_DSV/IMG_2702.JPG,1.0,1.8165416717529297,1.268348217010498,-0.5481935143470764,0.26834821701049805,0.8165416717529297,gold_only,45,single_rater_weak
2025_09_15_Re4StRes_T1_DSV/IMG_2703.JPG,plot_9eb00a9bc11de06488a0,dsv_asendorf_t1_bbch11,/home/nfs/data/nvme_datasets/Pictures_CFSB_leaf_damage/2025_09_15_Re4StRes_T1_DSV/IMG_2703.JPG,24.0,2.748602867126465,2.2232353687286377,-0.5253674387931824,21.776763916015625,21.25139617919922,gold_only,45,single_rater_weak
2025_09_15_Re4StRes_T1_DSV/IMG_2704.JPG,plot_067d70ac047c7beabc7b,dsv_asendorf_t1_bbch11,/home/nfs/data/nvme_datasets/Pictures_CFSB_leaf_damage/2025_09_15_Re4StRes_T1_DSV/IMG_2704.JPG,1.0,1.2136597633361816,1.2434784173965454,0.02981867641210556,0.2434784173965454,0.21365976333618164,gold_only,45,single_rater_weak
2025_09_15_Re4StRes_T1_DSV/IMG_2705.JPG,plot_067d70ac047c7beabc7b,dsv_asendorf_t1_bbch11,/home/nfs/data/nvme_datasets/Pictures_CFSB_leaf_damage/2025_09_15_Re4StRes_T1_DSV/IMG_2705.JPG,2.0,0.5136270523071289,0.40045100450515747,-0.11317606270313263,1.5995490550994873,1.486372947692871,gold_only,45,single_rater_weak
2025_09_15_Re4StRes_T1_DSV/IMG_2706.JPG,plot_067d70ac047c7beabc7b,dsv_asendorf_t1_bbch11,/home/nfs/data/nvme_datasets/Pictures_CFSB_leaf_damage/2025_09_15_Re4StRes_T1_DSV/IMG_2706.JPG,1.0,-0.095489501953125,-0.46132081747055054,-0.36583131551742554,1.4613208770751953,1.095489501953125,gold_only,45,single_rater_weak
2025_09_15_Re4StRes_T1_DSV/IMG_2707.JPG,plot_a634cafe461a956c2d81,dsv_asendorf_t1_bbch11,/home/nfs/data/nvme_datasets/Pictures_CFSB_leaf_damage/2025_09_15_Re4StRes_T1_DSV/IMG_2707.JPG,4.0,3.4705843925476074,3.0946693420410156,-0.3759150505065918,0.9053306579589844,0.5294156074523926,gold_only,45,single_rater_weak
2025_09_15_Re4StRes_T1_DSV/IMG_2708.JPG,plot_a634cafe461a956c2d81,dsv_asendorf_t1_bbch11,/home/nfs/data/nvme_datasets/Pictures_CFSB_leaf_damage/2025_09_15_Re4StRes_T1_DSV/IMG_2708.JPG,2.0,-0.23987340927124023,-0.48788344860076904,-0.24801002442836761,2.4878835678100586,2.2398734092712402,gold_only,45,single_rater_weak
2025_09_15_Re4StRes_T1_DSV/IMG_2709.JPG,plot_a634cafe461a956c2d81,dsv_asendorf_t1_bbch11,/home/nfs/data/nvme_datasets/Pictures_CFSB_leaf_damage/2025_09_15_Re4StRes_T1_DSV/IMG_2709.JPG,4.0,0.7403650283813477,0.19062280654907227,-0.5497422218322754,3.8093771934509277,3.2596349716186523,gold_only,45,single_rater_weak
2025_09_15_Re4StRes_T1_DSV/IMG_2710.JPG,plot_3b886b3e202d4072bdd2,dsv_asendorf_t1_bbch11,/home/nfs/data/nvme_datasets/Pictures_CFSB_leaf_damage/2025_09_15_Re4StRes_T1_DSV/IMG_2710.JPG,2.0,2.49261474609375,1.6092561483383179,-0.8833585977554321,0.39074385166168213,0.49261474609375,gold_only,45,single_rater_weak
2025_09_15_Re4StRes_T1_DSV/IMG_2711.JPG,plot_3b886b3e202d4072bdd2,dsv_asendorf_t1_bbch11,/home/nfs/data/nvme_datasets/Pictures_CFSB_leaf_damage/2025_09_15_Re4StRes_T1_DSV/IMG_2711.JPG,2.0,2.479586124420166,2.0895986557006836,-0.38998734951019287,0.0895986557006836,0.479586124420166,gold_only,45,single_rater_weak
2025_09_15_Re4StRes_T1_DSV/IMG_2712.JPG,plot_3b886b3e202d4072bdd2,dsv_asendorf_t1_bbch11,/home/nfs/data/nvme_datasets/Pictures_CFSB_leaf_damage/2025_09_15_Re4StRes_T1_DSV/IMG_2712.JPG,3.0,3.5250449180603027,3.01743221282959,-0.5076127648353577,0.017432212829589844,0.5250449180603027,gold_only,45,single_rater_weak
2025_09_15_Re4StRes_T1_DSV/IMG_2713.JPG,plot_07c97a5e3a44ad63a809,dsv_asendorf_t1_bbch11,/home/nfs/data/nvme_datasets/Pictures_CFSB_leaf_damage/2025_09_15_Re4StRes_T1_DSV/IMG_2713.JPG,3.0,5.25924015045166,5.161810874938965,-0.0974293202161789,2.161810874938965,2.25924015045166,gold_only,45,single_rater_weak
2025_09_15_Re4StRes_T1_DSV/IMG_2714.JPG,plot_07c97a5e3a44ad63a809,dsv_asendorf_t1_bbch11,/home/nfs/data/nvme_datasets/Pictures_CFSB_leaf_damage/2025_09_15_Re4StRes_T1_DSV/IMG_2714.JPG,4.0,3.5039615631103516,2.923353910446167,-0.5806075930595398,1.076646089553833,0.49603843688964844,gold_only,45,single_rater_weak
2025_09_15_Re4StRes_T1_DSV/IMG_2715.JPG,plot_07c97a5e3a44ad63a809,dsv_asendorf_t1_bbch11,/home/nfs/data/nvme_datasets/Pictures_CFSB_leaf_damage/2025_09_15_Re4StRes_T1_DSV/IMG_2715.JPG,7.0,6.875071048736572,6.389981746673584,-0.4850894808769226,0.610018253326416,0.12492895126342773,gold_only,45,single_rater_weak
2025_09_15_Re4StRes_T1_DSV/IMG_2716.JPG,plot_53faa98749b09bdbbe6a,dsv_asendorf_t1_bbch11,/home/nfs/data/nvme_datasets/Pictures_CFSB_leaf_damage/2025_09_15_Re4StRes_T1_DSV/IMG_2716.JPG,2.0,1.6950068473815918,1.085605263710022,-0.6094015836715698,0.914394736289978,0.3049931526184082,gold_only,45,single_rater_weak
2025_09_15_Re4StRes_T1_DSV/IMG_2717.JPG,plot_53faa98749b09bdbbe6a,dsv_asendorf_t1_bbch11,/home/nfs/data/nvme_datasets/Pictures_CFSB_leaf_damage/2025_09_15_Re4StRes_T1_DSV/IMG_2717.JPG,9.0,3.3507137298583984,2.970174551010132,-0.3805391490459442,6.029825210571289,5.649286270141602,gold_only,45,single_rater_weak
2025_09_15_Re4StRes_T1_DSV/IMG_2718.JPG,plot_53faa98749b09bdbbe6a,dsv_asendorf_t1_bbch11,/home/nfs/data/nvme_datasets/Pictures_CFSB_leaf_damage/2025_09_15_Re4StRes_T1_DSV/IMG_2718.JPG,15.0,5.557132244110107,5.107818603515625,-0.4493134915828705,9.892181396484375,9.442867279052734,gold_only,45,single_rater_weak
2025_09_15_Re4StRes_T1_DSV/IMG_2719.JPG,plot_a5ea2e8d1388b1eeddc1,dsv_asendorf_t1_bbch11,/home/nfs/data/nvme_datasets/Pictures_CFSB_leaf_damage/2025_09_15_Re4StRes_T1_DSV/IMG_2719.JPG,29.0,1.4305477142333984,1.585620403289795,0.1550726741552353,27.414379119873047,27.5694522857666,gold_only,45,single_rater_weak
2025_09_15_Re4StRes_T1_DSV/IMG_2720.JPG,plot_a5ea2e8d1388b1eeddc1,dsv_asendorf_t1_bbch11,/home/nfs/data/nvme_datasets/Pictures_CFSB_leaf_damage/2025_09_15_Re4StRes_T1_DSV/IMG_2720.JPG,14.0,1.9809951782226562,1.8862720727920532,-0.09472312033176422,12.113727569580078,12.019004821777344,gold_only,45,single_rater_weak
2025_09_15_Re4StRes_T1_DSV/IMG_2721.JPG,plot_a5ea2e8d1388b1eeddc1,dsv_asendorf_t1_bbch11,/home/nfs/data/nvme_datasets/Pictures_CFSB_leaf_damage/2025_09_15_Re4StRes_T1_DSV/IMG_2721.JPG,20.0,1.0791034698486328,1.4134702682495117,0.3343667984008789,18.586528778076172,18.920896530151367,gold_only,45,single_rater_weak
2025_09_15_Re4StRes_T1_DSV/IMG_2722.JPG,plot_4d7cf47fcb2fb6abd413,dsv_asendorf_t1_bbch11,/home/nfs/data/nvme_datasets/Pictures_CFSB_leaf_damage/2025_09_15_Re4StRes_T1_DSV/IMG_2722.JPG,3.0,1.419055461883545,0.9310840368270874,-0.4879714548587799,2.068915843963623,1.580944538116455,gold_only,45,single_rater_weak
2025_09_15_Re4StRes_T1_DSV/IMG_2723.JPG,plot_4d7cf47fcb2fb6abd413,dsv_asendorf_t1_bbch11,/home/nfs/data/nvme_datasets/Pictures_CFSB_leaf_damage/2025_09_15_Re4StRes_T1_DSV/IMG_2723.JPG,1.0,1.176459789276123,0.8637634515762329,-0.31269633769989014,0.1362365484237671,0.17645978927612305,gold_only,45,single_rater_weak
2025_09_15_Re4StRes_T1_DSV/IMG_2724.JPG,plot_4d7cf47fcb2fb6abd413,dsv_asendorf_t1_bbch11,/home/nfs/data/nvme_datasets/Pictures_CFSB_leaf_damage/2025_09_15_Re4StRes_T1_DSV/IMG_2724.JPG,1.0,0.8228054046630859,0.5735824704170227,-0.24922294914722443,0.4264175295829773,0.17719459533691406,gold_only,45,single_rater_weak
2025_09_15_Re4StRes_T1_DSV/IMG_2725.JPG,plot_4b6225fbc993b063f5b7,dsv_asendorf_t1_bbch11,/home/nfs/data/nvme_datasets/Pictures_CFSB_leaf_damage/2025_09_15_Re4StRes_T1_DSV/IMG_2725.JPG,2.0,2.293792247772217,2.4514827728271484,0.15769042074680328,0.45148277282714844,0.2937922477722168,gold_only,45,single_rater_weak
2025_09_15_Re4StRes_T1_DSV/IMG_2726.JPG,plot_4b6225fbc993b063f5b7,dsv_asendorf_t1_bbch11,/home/nfs/data/nvme_datasets/Pictures_CFSB_leaf_damage/2025_09_15_Re4StRes_T1_DSV/IMG_2726.JPG,8.0,3.2821569442749023,3.1513257026672363,-0.13083133101463318,4.848674297332764,4.717843055725098,gold_only,45,single_rater_weak
2025_09_15_Re4StRes_T1_DSV/IMG_2727.JPG,plot_4b6225fbc993b063f5b7,dsv_asendorf_t1_bbch11,/home/nfs/data/nvme_datasets/Pictures_CFSB_leaf_damage/2025_09_15_Re4StRes_T1_DSV/IMG_2727.JPG,2.0,3.301485538482666,3.0883967876434326,-0.213088721036911,1.0883967876434326,1.301485538482666,gold_only,45,single_rater_weak
2025_09_15_Re4StRes_T1_DSV/IMG_2728.JPG,plot_d49e9b4578f7759ad81d,dsv_asendorf_t1_bbch11,/home/nfs/data/nvme_datasets/Pictures_CFSB_leaf_damage/2025_09_15_Re4StRes_T1_DSV/IMG_2728.JPG,1.0,0.7131671905517578,0.18469369411468506,-0.5284734964370728,0.8153063058853149,0.2868328094482422,gold_only,45,single_rater_weak
2025_09_15_Re4StRes_T1_DSV/IMG_2729.JPG,plot_d49e9b4578f7759ad81d,dsv_asendorf_t1_bbch11,/home/nfs/data/nvme_datasets/Pictures_CFSB_leaf_damage/2025_09_15_Re4StRes_T1_DSV/IMG_2729.JPG,2.0,2.3623266220092773,1.6006920337677002,-0.7616346478462219,0.3993079662322998,0.36232662200927734,gold_only,45,single_rater_weak
2025_09_15_Re4StRes_T1_DSV/IMG_2730.JPG,plot_d49e9b4578f7759ad81d,dsv_asendorf_t1_bbch11,/home/nfs/data/nvme_datasets/Pictures_CFSB_leaf_damage/2025_09_15_Re4StRes_T1_DSV/IMG_2730.JPG,2.0,2.176830768585205,1.9105703830718994,-0.26626041531562805,0.08942961692810059,0.17683076858520508,gold_only,45,single_rater_weak
2025_09_15_Re4StRes_T1_DSV/IMG_2731.JPG,plot_b8c2240b7f830c371fd1,dsv_asendorf_t1_bbch11,/home/nfs/data/nvme_datasets/Pictures_CFSB_leaf_damage/2025_09_15_Re4StRes_T1_DSV/IMG_2731.JPG,6.0,6.421927452087402,6.046504497528076,-0.37542298436164856,0.04650449752807617,0.42192745208740234,gold_only,45,single_rater_weak
2025_09_15_Re4StRes_T1_DSV/IMG_2732.JPG,plot_b8c2240b7f830c371fd1,dsv_asendorf_t1_bbch11,/home/nfs/data/nvme_datasets/Pictures_CFSB_leaf_damage/2025_09_15_Re4StRes_T1_DSV/IMG_2732.JPG,1.0,2.8505711555480957,2.2419235706329346,-0.6086476445198059,1.2419235706329346,1.8505711555480957,gold_only,45,single_rater_weak
2025_09_15_Re4StRes_T1_DSV/IMG_2733.JPG,plot_b8c2240b7f830c371fd1,dsv_asendorf_t1_bbch11,/home/nfs/data/nvme_datasets/Pictures_CFSB_leaf_damage/2025_09_15_Re4StRes_T1_DSV/IMG_2733.JPG,4.0,4.218050003051758,3.9762418270111084,-0.24180816113948822,0.0237581729888916,0.2180500030517578,gold_only,45,single_rater_weak
2025_09_15_Re4StRes_T1_DSV/IMG_2734.JPG,plot_01b5efb889367fd80c37,dsv_asendorf_t1_bbch11,/home/nfs/data/nvme_datasets/Pictures_CFSB_leaf_damage/2025_09_15_Re4StRes_T1_DSV/IMG_2734.JPG,2.0,1.3491301536560059,0.6543908715248108,-0.6947392821311951,1.345609188079834,0.6508698463439941,gold_only,45,single_rater_weak
2025_09_15_Re4StRes_T1_DSV/IMG_2735.JPG,plot_01b5efb889367fd80c37,dsv_asendorf_t1_bbch11,/home/nfs/data/nvme_datasets/Pictures_CFSB_leaf_damage/2025_09_15_Re4StRes_T1_DSV/IMG_2735.JPG,1.0,0.8087453842163086,0.6974252462387085,-0.11132016032934189,0.3025747537612915,0.1912546157836914,gold_only,45,single_rater_weak
2025_09_15_Re4StRes_T1_DSV/IMG_2736.JPG,plot_01b5efb889367fd80c37,dsv_asendorf_t1_bbch11,/home/nfs/data/nvme_datasets/Pictures_CFSB_leaf_damage/2025_09_15_Re4StRes_T1_DSV/IMG_2736.JPG,3.0,2.5241403579711914,2.0170443058013916,-0.5070961117744446,0.9829556941986084,0.4758596420288086,gold_only,45,single_rater_weak
2025_09_15_Re4StRes_T1_DSV/IMG_2737.JPG,plot_12108390b536c4fafa2e,dsv_asendorf_t1_bbch11,/home/nfs/data/nvme_datasets/Pictures_CFSB_leaf_damage/2025_09_15_Re4StRes_T1_DSV/IMG_2737.JPG,2.0,-0.07177066802978516,-0.2644439935684204,-0.19267334043979645,2.264443874359131,2.071770668029785,gold_only,45,single_rater_weak
2025_09_15_Re4StRes_T1_DSV/IMG_2738.JPG,plot_12108390b536c4fafa2e,dsv_asendorf_t1_bbch11,/home/nfs/data/nvme_datasets/Pictures_CFSB_leaf_damage/2025_09_15_Re4StRes_T1_DSV/IMG_2738.JPG,5.0,3.5455636978149414,3.720393419265747,0.1748296469449997,1.279606580734253,1.4544363021850586,gold_only,45,single_rater_weak
2025_09_15_Re4StRes_T1_DSV/IMG_2739.JPG,plot_12108390b536c4fafa2e,dsv_asendorf_t1_bbch11,/home/nfs/data/nvme_datasets/Pictures_CFSB_leaf_damage/2025_09_15_Re4StRes_T1_DSV/IMG_2739.JPG,20.0,0.8885278701782227,0.30567049980163574,-0.5828573703765869,19.6943302154541,19.111473083496094,gold_only,45,single_rater_weak
2025_09_15_Re4StRes_T1_DSV/IMG_2740.JPG,plot_ae063f69796c01a65a5c,dsv_asendorf_t1_bbch11,/home/nfs/data/nvme_datasets/Pictures_CFSB_leaf_damage/2025_09_15_Re4StRes_T1_DSV/IMG_2740.JPG,17.0,0.9403643608093262,0.22606885433197021,-0.714295506477356,16.7739315032959,16.059635162353516,gold_only,45,single_rater_weak
2025_09_15_Re4StRes_T1_DSV/IMG_2741.JPG,plot_ae063f69796c01a65a5c,dsv_asendorf_t1_bbch11,/home/nfs/data/nvme_datasets/Pictures_CFSB_leaf_damage/2025_09_15_Re4StRes_T1_DSV/IMG_2741.JPG,6.0,0.6707048416137695,0.18558698892593384,-0.4851178526878357,5.814413070678711,5.3292951583862305,gold_only,45,single_rater_weak
2025_09_15_Re4StRes_T1_DSV/IMG_2742.JPG,plot_ae063f69796c01a65a5c,dsv_asendorf_t1_bbch11,/home/nfs/data/nvme_datasets/Pictures_CFSB_leaf_damage/2025_09_15_Re4StRes_T1_DSV/IMG_2742.JPG,2.0,0.9635934829711914,0.9185716509819031,-0.04502181336283684,1.0814282894134521,1.0364065170288086,gold_only,45,single_rater_weak
2025_09_15_Re4StRes_T1_DSV/IMG_2743.JPG,plot_fa88e8aaf0b2e4ce53ce,dsv_asendorf_t1_bbch11,/home/nfs/data/nvme_datasets/Pictures_CFSB_leaf_damage/2025_09_15_Re4StRes_T1_DSV/IMG_2743.JPG,2.0,0.7377901077270508,0.6344394087791443,-0.1033506914973259,1.365560531616211,1.2622098922729492,gold_only,45,single_rater_weak
2025_09_15_Re4StRes_T1_DSV/IMG_2744.JPG,plot_fa88e8aaf0b2e4ce53ce,dsv_asendorf_t1_bbch11,/home/nfs/data/nvme_datasets/Pictures_CFSB_leaf_damage/2025_09_15_Re4StRes_T1_DSV/IMG_2744.JPG,2.0,1.6628503799438477,1.5825470685958862,-0.08030328899621964,0.41745293140411377,0.33714962005615234,gold_only,45,single_rater_weak
2025_09_15_Re4StRes_T1_DSV/IMG_2745.JPG,plot_fa88e8aaf0b2e4ce53ce,dsv_asendorf_t1_bbch11,/home/nfs/data/nvme_datasets/Pictures_CFSB_leaf_damage/2025_09_15_Re4StRes_T1_DSV/IMG_2745.JPG,2.0,2.159661293029785,2.324944257736206,0.16528302431106567,0.32494425773620605,0.15966129302978516,gold_only,45,single_rater_weak
2025_09_15_Re4StRes_T1_DSV/IMG_2746.JPG,plot_fbe3bee6f8231bea9197,dsv_asendorf_t1_bbch11,/home/nfs/data/nvme_datasets/Pictures_CFSB_leaf_damage/2025_09_15_Re4StRes_T1_DSV/IMG_2746.JPG,2.0,4.440169334411621,4.2399001121521,-0.20026937127113342,2.2399001121520996,2.440169334411621,gold_only,45,single_rater_weak
2025_09_15_Re4StRes_T1_DSV/IMG_2747.JPG,plot_fbe3bee6f8231bea9197,dsv_asendorf_t1_bbch11,/home/nfs/data/nvme_datasets/Pictures_CFSB_leaf_damage/2025_09_15_Re4StRes_T1_DSV/IMG_2747.JPG,2.0,2.986863136291504,2.824248790740967,-0.16261446475982666,0.8242487907409668,0.9868631362915039,gold_only,45,single_rater_weak
2025_09_15_Re4StRes_T1_DSV/IMG_2748.JPG,plot_fbe3bee6f8231bea9197,dsv_asendorf_t1_bbch11,/home/nfs/data/nvme_datasets/Pictures_CFSB_leaf_damage/2025_09_15_Re4StRes_T1_DSV/IMG_2748.JPG,8.0,4.5979509353637695,4.483664035797119,-0.11428697407245636,3.516335964202881,3.4020490646362305,gold_only,45,single_rater_weak
2025_09_15_Re4StRes_T1_DSV/IMG_2749.JPG,plot_5d76f2da92706c2d215a,dsv_asendorf_t1_bbch11,/home/nfs/data/nvme_datasets/Pictures_CFSB_leaf_damage/2025_09_15_Re4StRes_T1_DSV/IMG_2749.JPG,9.0,3.250047206878662,2.988374710083008,-0.2616724967956543,6.011625289916992,5.749952793121338,gold_only,45,single_rater_weak
2025_09_15_Re4StRes_T1_DSV/IMG_2750.JPG,plot_5d76f2da92706c2d215a,dsv_asendorf_t1_bbch11,/home/nfs/data/nvme_datasets/Pictures_CFSB_leaf_damage/2025_09_15_Re4StRes_T1_DSV/IMG_2750.JPG,8.0,0.8346052169799805,0.5908302068710327,-0.24377501010894775,7.409169673919678,7.1653947830200195,gold_only,45,single_rater_weak
2025_09_15_Re4StRes_T1_DSV/IMG_2752.JPG,plot_5d76f2da92706c2d215a,dsv_asendorf_t1_bbch11,/home/nfs/data/nvme_datasets/Pictures_CFSB_leaf_damage/2025_09_15_Re4StRes_T1_DSV/IMG_2752.JPG,1.0,0.7037835121154785,0.5486876964569092,-0.15509584546089172,0.4513123035430908,0.2962164878845215,gold_only,45,single_rater_weak
2025_09_15_Re4StRes_T1_DSV/IMG_2753.JPG,plot_56dd09af3a066828ea24,dsv_asendorf_t1_bbch11,/home/nfs/data/nvme_datasets/Pictures_CFSB_leaf_damage/2025_09_15_Re4StRes_T1_DSV/IMG_2753.JPG,4.0,3.135150909423828,2.689732551574707,-0.4454183578491211,1.310267448425293,0.8648490905761719,gold_only,45,single_rater_weak
2025_09_15_Re4StRes_T1_DSV/IMG_2754.JPG,plot_56dd09af3a066828ea24,dsv_asendorf_t1_bbch11,/home/nfs/data/nvme_datasets/Pictures_CFSB_leaf_damage/2025_09_15_Re4StRes_T1_DSV/IMG_2754.JPG,1.0,1.0590424537658691,0.5294865369796753,-0.5295559167861938,0.4705134630203247,0.05904245376586914,gold_only,45,single_rater_weak
2025_09_15_Re4StRes_T1_DSV/IMG_2755.JPG,plot_56dd09af3a066828ea24,dsv_asendorf_t1_bbch11,/home/nfs/data/nvme_datasets/Pictures_CFSB_leaf_damage/2025_09_15_Re4StRes_T1_DSV/IMG_2755.JPG,2.0,3.3701727390289307,3.024714231491089,-0.345458447933197,1.0247142314910889,1.3701727390289307,gold_only,45,single_rater_weak
2025_09_15_Re4StRes_T1_DSV/IMG_2756.JPG,plot_0638fea60d60117179b5,dsv_asendorf_t1_bbch11,/home/nfs/data/nvme_datasets/Pictures_CFSB_leaf_damage/2025_09_15_Re4StRes_T1_DSV/IMG_2756.JPG,1.0,0.8199629783630371,0.39713841676712036,-0.42282456159591675,0.6028615832328796,0.1800370216369629,gold_only,45,single_rater_weak
2025_09_15_Re4StRes_T1_DSV/IMG_2757.JPG,plot_0638fea60d60117179b5,dsv_asendorf_t1_bbch11,/home/nfs/data/nvme_datasets/Pictures_CFSB_leaf_damage/2025_09_15_Re4StRes_T1_DSV/IMG_2757.JPG,7.0,0.7943511009216309,0.6605069637298584,-0.13384413719177246,6.3394927978515625,6.205648899078369,gold_only,45,single_rater_weak
2025_09_15_Re4StRes_T1_DSV/IMG_2758.JPG,plot_0638fea60d60117179b5,dsv_asendorf_t1_bbch11,/home/nfs/data/nvme_datasets/Pictures_CFSB_leaf_damage/2025_09_15_Re4StRes_T1_DSV/IMG_2758.JPG,3.0,2.9037137031555176,2.7296087741851807,-0.17410489916801453,0.27039122581481934,0.09628629684448242,gold_only,45,single_rater_weak
2025_09_15_Re4StRes_T1_DSV/IMG_2759.JPG,plot_6ae5e5261e38fd15ad2c,dsv_asendorf_t1_bbch11,/home/nfs/data/nvme_datasets/Pictures_CFSB_leaf_damage/2025_09_15_Re4StRes_T1_DSV/IMG_2759.JPG,6.0,2.604707717895508,2.48026442527771,-0.12444333732128143,3.51973557472229,3.395292282104492,gold_only,45,single_rater_weak
2025_09_15_Re4StRes_T1_DSV/IMG_2760.JPG,plot_6ae5e5261e38fd15ad2c,dsv_asendorf_t1_bbch11,/home/nfs/data/nvme_datasets/Pictures_CFSB_leaf_damage/2025_09_15_Re4StRes_T1_DSV/IMG_2760.JPG,3.0,0.7551307678222656,0.11576974391937256,-0.6393610239028931,2.884230136871338,2.2448692321777344,gold_only,45,single_rater_weak
2025_09_15_Re4StRes_T1_DSV/IMG_2761.JPG,plot_6ae5e5261e38fd15ad2c,dsv_asendorf_t1_bbch11,/home/nfs/data/nvme_datasets/Pictures_CFSB_leaf_damage/2025_09_15_Re4StRes_T1_DSV/IMG_2761.JPG,12.0,2.801787853240967,2.6836764812469482,-0.1181112602353096,9.316323280334473,9.198211669921875,gold_only,45,single_rater_weak
2025_09_15_Re4StRes_T1_DSV/IMG_2762.JPG,plot_d26aea413294dd037c86,dsv_asendorf_t1_bbch11,/home/nfs/data/nvme_datasets/Pictures_CFSB_leaf_damage/2025_09_15_Re4StRes_T1_DSV/IMG_2762.JPG,3.0,0.9245195388793945,0.3622846007347107,-0.5622349381446838,2.6377153396606445,2.0754804611206055,gold_only,45,single_rater_weak
2025_09_15_Re4StRes_T1_DSV/IMG_2763.JPG,plot_d26aea413294dd037c86,dsv_asendorf_t1_bbch11,/home/nfs/data/nvme_datasets/Pictures_CFSB_leaf_damage/2025_09_15_Re4StRes_T1_DSV/IMG_2763.JPG,3.0,3.319983959197998,2.971604824066162,-0.3483790457248688,0.02839517593383789,0.31998395919799805,gold_only,45,single_rater_weak
2025_09_15_Re4StRes_T1_DSV/IMG_2764.JPG,plot_d26aea413294dd037c86,dsv_asendorf_t1_bbch11,/home/nfs/data/nvme_datasets/Pictures_CFSB_leaf_damage/2025_09_15_Re4StRes_T1_DSV/IMG_2764.JPG,4.0,2.8996009826660156,3.0251247882843018,0.1255238652229309,0.9748752117156982,1.1003990173339844,gold_only,45,single_rater_weak
2025_09_15_Re4StRes_T1_DSV/IMG_2765.JPG,plot_4e337111532d455af776,dsv_asendorf_t1_bbch11,/home/nfs/data/nvme_datasets/Pictures_CFSB_leaf_damage/2025_09_15_Re4StRes_T1_DSV/IMG_2765.JPG,4.0,1.3897228240966797,1.0401841402053833,-0.3495386838912964,2.9598159790039062,2.6102771759033203,gold_only,45,single_rater_weak
2025_09_15_Re4StRes_T1_DSV/IMG_2766.JPG,plot_4e337111532d455af776,dsv_asendorf_t1_bbch11,/home/nfs/data/nvme_datasets/Pictures_CFSB_leaf_damage/2025_09_15_Re4StRes_T1_DSV/IMG_2766.JPG,2.0,0.11138153076171875,-0.08629713952541351,-0.19767867028713226,2.086297035217285,1.8886184692382812,gold_only,45,single_rater_weak
2025_09_15_Re4StRes_T1_DSV/IMG_2767.JPG,plot_4e337111532d455af776,dsv_asendorf_t1_bbch11,/home/nfs/data/nvme_datasets/Pictures_CFSB_leaf_damage/2025_09_15_Re4StRes_T1_DSV/IMG_2767.JPG,26.0,5.762456893920898,5.759627342224121,-0.0028296266682446003,20.240371704101562,20.2375431060791,gold_only,45,single_rater_weak
2025_09_15_Re4StRes_T1_DSV/IMG_2768.JPG,plot_60df965b48b303ba5397,dsv_asendorf_t1_bbch11,/home/nfs/data/nvme_datasets/Pictures_CFSB_leaf_damage/2025_09_15_Re4StRes_T1_DSV/IMG_2768.JPG,4.0,1.8621869087219238,1.5983580350875854,-0.26382890343666077,2.401641845703125,2.137813091278076,gold_only,45,single_rater_weak
2025_09_15_Re4StRes_T1_DSV/IMG_2769.JPG,plot_60df965b48b303ba5397,dsv_asendorf_t1_bbch11,/home/nfs/data/nvme_datasets/Pictures_CFSB_leaf_damage/2025_09_15_Re4StRes_T1_DSV/IMG_2769.JPG,2.0,1.660280704498291,1.5482970476150513,-0.11198365688323975,0.45170295238494873,0.339719295501709,gold_only,45,single_rater_weak
2025_09_15_Re4StRes_T1_DSV/IMG_2770.JPG,plot_60df965b48b303ba5397,dsv_asendorf_t1_bbch11,/home/nfs/data/nvme_datasets/Pictures_CFSB_leaf_damage/2025_09_15_Re4StRes_T1_DSV/IMG_2770.JPG,29.0,9.437885284423828,9.504953384399414,0.06706810742616653,19.495046615600586,19.562114715576172,gold_only,45,single_rater_weak
2025_09_15_Re4StRes_T1_DSV/IMG_2771.JPG,plot_c2400fd336def266e957,dsv_asendorf_t1_bbch11,/home/nfs/data/nvme_datasets/Pictures_CFSB_leaf_damage/2025_09_15_Re4StRes_T1_DSV/IMG_2771.JPG,2.0,1.7156009674072266,1.4798465967178345,-0.2357543259859085,0.5201534032821655,0.28439903259277344,gold_only,45,single_rater_weak
2025_09_15_Re4StRes_T1_DSV/IMG_2772.JPG,plot_c2400fd336def266e957,dsv_asendorf_t1_bbch11,/home/nfs/data/nvme_datasets/Pictures_CFSB_leaf_damage/2025_09_15_Re4StRes_T1_DSV/IMG_2772.JPG,3.0,1.2875428199768066,1.0376850366592407,-0.24985778331756592,1.9623149633407593,1.7124571800231934,gold_only,45,single_rater_weak
2025_09_15_Re4StRes_T1_DSV/IMG_2773.JPG,plot_c2400fd336def266e957,dsv_asendorf_t1_bbch11,/home/nfs/data/nvme_datasets/Pictures_CFSB_leaf_damage/2025_09_15_Re4StRes_T1_DSV/IMG_2773.JPG,2.0,1.236088752746582,0.5577309131622314,-0.6783578395843506,1.4422690868377686,0.763911247253418,gold_only,45,single_rater_weak
2025_09_15_Re4StRes_T1_DSV/IMG_2774.JPG,plot_e4ebac91f2d79ec081b7,dsv_asendorf_t1_bbch11,/home/nfs/data/nvme_datasets/Pictures_CFSB_leaf_damage/2025_09_15_Re4StRes_T1_DSV/IMG_2774.JPG,7.0,2.506582260131836,3.429410457611084,0.9228280782699585,3.570589542388916,4.493417739868164,gold_only,45,single_rater_weak
2025_09_15_Re4StRes_T1_DSV/IMG_2775.JPG,plot_e4ebac91f2d79ec081b7,dsv_asendorf_t1_bbch11,/home/nfs/data/nvme_datasets/Pictures_CFSB_leaf_damage/2025_09_15_Re4StRes_T1_DSV/IMG_2775.JPG,4.0,4.008482933044434,3.7681078910827637,-0.24037502706050873,0.23189210891723633,0.008482933044433594,gold_only,45,single_rater_weak
2025_09_15_Re4StRes_T1_DSV/IMG_2776.JPG,plot_e4ebac91f2d79ec081b7,dsv_asendorf_t1_bbch11,/home/nfs/data/nvme_datasets/Pictures_CFSB_leaf_damage/2025_09_15_Re4StRes_T1_DSV/IMG_2776.JPG,2.0,0.8656797409057617,0.7540201544761658,-0.11165960878133774,1.2459797859191895,1.1343202590942383,gold_only,45,single_rater_weak
2025_09_15_Re4StRes_T1_DSV/IMG_2777.JPG,plot_25163706ac28a6bb2213,dsv_asendorf_t1_bbch11,/home/nfs/data/nvme_datasets/Pictures_CFSB_leaf_damage/2025_09_15_Re4StRes_T1_DSV/IMG_2777.JPG,3.0,0.4748106002807617,-0.26294028759002686,-0.7377508878707886,3.2629404067993164,2.5251893997192383,gold_only,45,single_rater_weak
2025_09_15_Re4StRes_T1_DSV/IMG_2778.JPG,plot_25163706ac28a6bb2213,dsv_asendorf_t1_bbch11,/home/nfs/data/nvme_datasets/Pictures_CFSB_leaf_damage/2025_09_15_Re4StRes_T1_DSV/IMG_2778.JPG,3.0,0.3224978446960449,-0.21136325597763062,-0.5338611006736755,3.2113633155822754,2.677502155303955,gold_only,45,single_rater_weak
2025_09_15_Re4StRes_T1_DSV/IMG_2779.JPG,plot_25163706ac28a6bb2213,dsv_asendorf_t1_bbch11,/home/nfs/data/nvme_datasets/Pictures_CFSB_leaf_damage/2025_09_15_Re4StRes_T1_DSV/IMG_2779.JPG,5.0,1.4368023872375488,0.9823751449584961,-0.45442724227905273,4.017624855041504,3.563197612762451,gold_only,45,single_rater_weak
2025_09_15_Re4StRes_T1_DSV/IMG_2780.JPG,plot_a62b3a77b6ca3ea20de0,dsv_asendorf_t1_bbch11,/home/nfs/data/nvme_datasets/Pictures_CFSB_leaf_damage/2025_09_15_Re4StRes_T1_DSV/IMG_2780.JPG,2.0,1.2118163108825684,0.9917702674865723,-0.22004607319831848,1.0082297325134277,0.7881836891174316,gold_only,45,single_rater_weak
2025_09_15_Re4StRes_T1_DSV/IMG_2781.JPG,plot_a62b3a77b6ca3ea20de0,dsv_asendorf_t1_bbch11,/home/nfs/data/nvme_datasets/Pictures_CFSB_leaf_damage/2025_09_15_Re4StRes_T1_DSV/IMG_2781.JPG,1.0,2.443584442138672,2.660278081893921,0.216693714261055,1.660278081893921,1.4435844421386719,gold_only,45,single_rater_weak
2025_09_15_Re4StRes_T1_DSV/IMG_2782.JPG,plot_a62b3a77b6ca3ea20de0,dsv_asendorf_t1_bbch11,/home/nfs/data/nvme_datasets/Pictures_CFSB_leaf_damage/2025_09_15_Re4StRes_T1_DSV/IMG_2782.JPG,2.0,1.3517098426818848,1.3052644729614258,-0.04644531384110451,0.6947355270385742,0.6482901573181152,gold_only,45,single_rater_weak
2025_09_15_Re4StRes_T1_DSV/IMG_2783.JPG,plot_588a5e4f50bc05cd2744,dsv_asendorf_t1_bbch11,/home/nfs/data/nvme_datasets/Pictures_CFSB_leaf_damage/2025_09_15_Re4StRes_T1_DSV/IMG_2783.JPG,6.0,3.2359046936035156,3.0523006916046143,-0.18360409140586853,2.9476993083953857,2.7640953063964844,gold_only,45,single_rater_weak
2025_09_15_Re4StRes_T1_DSV/IMG_2784.JPG,plot_588a5e4f50bc05cd2744,dsv_asendorf_t1_bbch11,/home/nfs/data/nvme_datasets/Pictures_CFSB_leaf_damage/2025_09_15_Re4StRes_T1_DSV/IMG_2784.JPG,14.0,5.1931328773498535,5.175876140594482,-0.01725684478878975,8.82412338256836,8.806867599487305,gold_only,45,single_rater_weak
2025_09_15_Re4StRes_T1_DSV/IMG_2785.JPG,plot_588a5e4f50bc05cd2744,dsv_asendorf_t1_bbch11,/home/nfs/data/nvme_datasets/Pictures_CFSB_leaf_damage/2025_09_15_Re4StRes_T1_DSV/IMG_2785.JPG,11.0,3.751199960708618,3.282999277114868,-0.46820077300071716,7.717000961303711,7.248800277709961,gold_only,45,single_rater_weak
2025_09_15_Re4StRes_T1_DSV/IMG_2786.JPG,plot_9c3c78a78c41b358f0d0,dsv_asendorf_t1_bbch11,/home/nfs/data/nvme_datasets/Pictures_CFSB_leaf_damage/2025_09_15_Re4StRes_T1_DSV/IMG_2786.JPG,6.0,1.076209545135498,0.9769361615180969,-0.09927340596914291,5.023063659667969,4.923790454864502,gold_only,45,single_rater_weak
2025_09_15_Re4StRes_T1_DSV/IMG_2787.JPG,plot_9c3c78a78c41b358f0d0,dsv_asendorf_t1_bbch11,/home/nfs/data/nvme_datasets/Pictures_CFSB_leaf_damage/2025_09_15_Re4StRes_T1_DSV/IMG_2787.JPG,5.0,1.8274316787719727,1.347564697265625,-0.47986704111099243,3.652435302734375,3.1725683212280273,gold_only,45,single_rater_weak
2025_09_15_Re4StRes_T1_DSV/IMG_2788.JPG,plot_9c3c78a78c41b358f0d0,dsv_asendorf_t1_bbch11,/home/nfs/data/nvme_datasets/Pictures_CFSB_leaf_damage/2025_09_15_Re4StRes_T1_DSV/IMG_2788.JPG,3.0,3.747983694076538,3.4037861824035645,-0.34419751167297363,0.40378618240356445,0.7479836940765381,gold_only,45,single_rater_weak
2025_09_15_Re4StRes_T1_DSV/IMG_2789.JPG,plot_decf5592092ca2554caf,dsv_asendorf_t1_bbch11,/home/nfs/data/nvme_datasets/Pictures_CFSB_leaf_damage/2025_09_15_Re4StRes_T1_DSV/IMG_2789.JPG,4.0,0.8030872344970703,-0.020225167274475098,-0.8233124017715454,4.0202250480651855,3.1969127655029297,gold_only,45,single_rater_weak
2025_09_15_Re4StRes_T1_DSV/IMG_2790.JPG,plot_decf5592092ca2554caf,dsv_asendorf_t1_bbch11,/home/nfs/data/nvme_datasets/Pictures_CFSB_leaf_damage/2025_09_15_Re4StRes_T1_DSV/IMG_2790.JPG,1.0,0.5238432884216309,-0.19160372018814087,-0.7154470086097717,1.191603660583496,0.47615671157836914,gold_only,45,single_rater_weak
2025_09_15_Re4StRes_T1_DSV/IMG_2791.JPG,plot_decf5592092ca2554caf,dsv_asendorf_t1_bbch11,/home/nfs/data/nvme_datasets/Pictures_CFSB_leaf_damage/2025_09_15_Re4StRes_T1_DSV/IMG_2791.JPG,1.0,0.21439075469970703,-0.705488920211792,-0.919879674911499,1.705488920211792,0.785609245300293,gold_only,45,single_rater_weak
2025_09_15_Re4StRes_T1_DSV/IMG_2792.JPG,plot_1b56fde03127b3b712c6,dsv_asendorf_t1_bbch11,/home/nfs/data/nvme_datasets/Pictures_CFSB_leaf_damage/2025_09_15_Re4StRes_T1_DSV/IMG_2792.JPG,14.0,0.8573627471923828,0.5628069639205933,-0.29455578327178955,13.437192916870117,13.142637252807617,gold_only,45,single_rater_weak
2025_09_15_Re4StRes_T1_DSV/IMG_2793.JPG,plot_1b56fde03127b3b712c6,dsv_asendorf_t1_bbch11,/home/nfs/data/nvme_datasets/Pictures_CFSB_leaf_damage/2025_09_15_Re4StRes_T1_DSV/IMG_2793.JPG,2.0,0.978874683380127,0.6918584108352661,-0.2870163023471832,1.3081415891647339,1.021125316619873,gold_only,45,single_rater_weak
2025_09_15_Re4StRes_T1_DSV/IMG_2794.JPG,plot_1b56fde03127b3b712c6,dsv_asendorf_t1_bbch11,/home/nfs/data/nvme_datasets/Pictures_CFSB_leaf_damage/2025_09_15_Re4StRes_T1_DSV/IMG_2794.JPG,3.0,1.2117972373962402,0.8623626232147217,-0.34943461418151855,2.1376373767852783,1.7882027626037598,gold_only,45,single_rater_weak
2025_09_15_Re4StRes_T1_DSV/IMG_2795.JPG,plot_b4f665cae11a1867c3fa,dsv_asendorf_t1_bbch11,/home/nfs/data/nvme_datasets/Pictures_CFSB_leaf_damage/2025_09_15_Re4StRes_T1_DSV/IMG_2795.JPG,5.0,0.41879987716674805,-0.31722211837768555,-0.7360219955444336,5.3172221183776855,4.581200122833252,gold_only,45,single_rater_weak
2025_09_15_Re4StRes_T1_DSV/IMG_2796.JPG,plot_b4f665cae11a1867c3fa,dsv_asendorf_t1_bbch11,/home/nfs/data/nvme_datasets/Pictures_CFSB_leaf_damage/2025_09_15_Re4StRes_T1_DSV/IMG_2796.JPG,1.0,0.16614484786987305,-0.35183966159820557,-0.5179845094680786,1.3518396615982056,0.833855152130127,gold_only,45,single_rater_weak
2025_09_15_Re4StRes_T1_DSV/IMG_2797.JPG,plot_b4f665cae11a1867c3fa,dsv_asendorf_t1_bbch11,/home/nfs/data/nvme_datasets/Pictures_CFSB_leaf_damage/2025_09_15_Re4StRes_T1_DSV/IMG_2797.JPG,3.0,0.6677193641662598,0.13604521751403809,-0.5316741466522217,2.863954782485962,2.3322806358337402,gold_only,45,single_rater_weak
2025_09_15_Re4StRes_T1_DSV/IMG_2798.JPG,plot_2ef2db7a8993d40b1071,dsv_asendorf_t1_bbch11,/home/nfs/data/nvme_datasets/Pictures_CFSB_leaf_damage/2025_09_15_Re4StRes_T1_DSV/IMG_2798.JPG,5.0,2.510976791381836,2.1010661125183105,-0.4099106788635254,2.8989338874816895,2.489023208618164,gold_only,45,single_rater_weak
2025_09_15_Re4StRes_T1_DSV/IMG_2799.JPG,plot_2ef2db7a8993d40b1071,dsv_asendorf_t1_bbch11,/home/nfs/data/nvme_datasets/Pictures_CFSB_leaf_damage/2025_09_15_Re4StRes_T1_DSV/IMG_2799.JPG,13.0,2.9097471237182617,2.450406074523926,-0.4593410789966583,10.549593925476074,10.090252876281738,gold_only,45,single_rater_weak
2025_09_15_Re4StRes_T1_DSV/IMG_2799_2.JPG,plot_2ef2db7a8993d40b1071,dsv_asendorf_t1_bbch11,/home/nfs/data/nvme_datasets/Pictures_CFSB_leaf_damage/2025_09_15_Re4StRes_T1_DSV/IMG_2799_2.JPG,30.0,7.116720199584961,6.9036946296691895,-0.2130255252122879,23.09630584716797,22.88327980041504,gold_only,45,single_rater_weak
2025_09_15_Re4StRes_T1_DSV/IMG_2801.JPG,plot_eca8c3fb6680d53d6302,dsv_asendorf_t1_bbch11,/home/nfs/data/nvme_datasets/Pictures_CFSB_leaf_damage/2025_09_15_Re4StRes_T1_DSV/IMG_2801.JPG,11.0,1.4913759231567383,1.1229157447814941,-0.36846017837524414,9.877084732055664,9.508624076843262,gold_only,45,single_rater_weak
2025_09_15_Re4StRes_T1_DSV/IMG_2802.JPG,plot_eca8c3fb6680d53d6302,dsv_asendorf_t1_bbch11,/home/nfs/data/nvme_datasets/Pictures_CFSB_leaf_damage/2025_09_15_Re4StRes_T1_DSV/IMG_2802.JPG,5.0,3.53307843208313,3.1567091941833496,-0.37636932730674744,1.8432908058166504,1.4669215679168701,gold_only,45,single_rater_weak
2025_09_15_Re4StRes_T1_DSV/IMG_2803.JPG,plot_eca8c3fb6680d53d6302,dsv_asendorf_t1_bbch11,/home/nfs/data/nvme_datasets/Pictures_CFSB_leaf_damage/2025_09_15_Re4StRes_T1_DSV/IMG_2803.JPG,6.0,2.0774760246276855,1.74220609664917,-0.33526989817619324,4.25779390335083,3.9225239753723145,gold_only,45,single_rater_weak
2025_09_15_Re4StRes_T1_DSV/IMG_2805.JPG,plot_57ca9ea9ad1127350a7a,dsv_asendorf_t1_bbch11,/home/nfs/data/nvme_datasets/Pictures_CFSB_leaf_damage/2025_09_15_Re4StRes_T1_DSV/IMG_2805.JPG,3.0,0.9685511589050293,0.8319414258003235,-0.136609748005867,2.1680586338043213,2.0314488410949707,gold_only,45,single_rater_weak
2025_09_15_Re4StRes_T1_DSV/IMG_2806.JPG,plot_57ca9ea9ad1127350a7a,dsv_asendorf_t1_bbch11,/home/nfs/data/nvme_datasets/Pictures_CFSB_leaf_damage/2025_09_15_Re4StRes_T1_DSV/IMG_2806.JPG,7.0,0.04125165939331055,-0.48495417833328247,-0.526205837726593,7.484954357147217,6.9587483406066895,gold_only,45,single_rater_weak
2025_09_15_Re4StRes_T1_DSV/IMG_2807.JPG,plot_57ca9ea9ad1127350a7a,dsv_asendorf_t1_bbch11,/home/nfs/data/nvme_datasets/Pictures_CFSB_leaf_damage/2025_09_15_Re4StRes_T1_DSV/IMG_2807.JPG,2.0,0.9320464134216309,0.36941540241241455,-0.5626310110092163,1.6305845975875854,1.0679535865783691,gold_only,45,single_rater_weak
2025_09_15_Re4StRes_T1_DSV/IMG_2808.JPG,plot_686e3a43dd992b8a1840,dsv_asendorf_t1_bbch11,/home/nfs/data/nvme_datasets/Pictures_CFSB_leaf_damage/2025_09_15_Re4StRes_T1_DSV/IMG_2808.JPG,1.0,2.0064139366149902,1.8657563924789429,-0.14065752923488617,0.8657563924789429,1.0064139366149902,gold_only,45,single_rater_weak
2025_09_15_Re4StRes_T1_DSV/IMG_2809.JPG,plot_686e3a43dd992b8a1840,dsv_asendorf_t1_bbch11,/home/nfs/data/nvme_datasets/Pictures_CFSB_leaf_damage/2025_09_15_Re4StRes_T1_DSV/IMG_2809.JPG,2.0,2.2587475776672363,2.13316011428833,-0.1255873590707779,0.13316011428833008,0.25874757766723633,gold_only,45,single_rater_weak
2025_09_15_Re4StRes_T1_DSV/IMG_2810.JPG,plot_686e3a43dd992b8a1840,dsv_asendorf_t1_bbch11,/home/nfs/data/nvme_datasets/Pictures_CFSB_leaf_damage/2025_09_15_Re4StRes_T1_DSV/IMG_2810.JPG,1.0,1.2192721366882324,0.8175842761993408,-0.401687890291214,0.18241572380065918,0.21927213668823242,gold_only,45,single_rater_weak
2025_09_15_Re4StRes_T1_DSV/IMG_2811.JPG,plot_c63973f869024d2007d6,dsv_asendorf_t1_bbch11,/home/nfs/data/nvme_datasets/Pictures_CFSB_leaf_damage/2025_09_15_Re4StRes_T1_DSV/IMG_2811.JPG,1.0,1.7665562629699707,1.3745981454849243,-0.3919581174850464,0.3745981454849243,0.7665562629699707,gold_only,45,single_rater_weak
2025_09_15_Re4StRes_T1_DSV/IMG_2812.JPG,plot_c63973f869024d2007d6,dsv_asendorf_t1_bbch11,/home/nfs/data/nvme_datasets/Pictures_CFSB_leaf_damage/2025_09_15_Re4StRes_T1_DSV/IMG_2812.JPG,1.0,2.259695529937744,2.094369888305664,-0.1653256118297577,1.094369888305664,1.2596955299377441,gold_only,45,single_rater_weak
2025_09_15_Re4StRes_T1_DSV/IMG_2813.JPG,plot_c63973f869024d2007d6,dsv_asendorf_t1_bbch11,/home/nfs/data/nvme_datasets/Pictures_CFSB_leaf_damage/2025_09_15_Re4StRes_T1_DSV/IMG_2813.JPG,4.0,1.5478754043579102,1.2032570838928223,-0.3446182906627655,2.7967429161071777,2.45212459564209,gold_only,45,single_rater_weak
2025_09_15_Re4StRes_T1_DSV/IMG_2814.JPG,plot_bceb77a99363fcf3c1e2,dsv_asendorf_t1_bbch11,/home/nfs/data/nvme_datasets/Pictures_CFSB_leaf_damage/2025_09_15_Re4StRes_T1_DSV/IMG_2814.JPG,2.0,1.3228940963745117,0.9525788426399231,-0.3703152537345886,1.0474212169647217,0.6771059036254883,gold_only,45,single_rater_weak
2025_09_15_Re4StRes_T1_DSV/IMG_2815.JPG,plot_bceb77a99363fcf3c1e2,dsv_asendorf_t1_bbch11,/home/nfs/data/nvme_datasets/Pictures_CFSB_leaf_damage/2025_09_15_Re4StRes_T1_DSV/IMG_2815.JPG,2.0,0.7896218299865723,0.41250258684158325,-0.377119243144989,1.5874974727630615,1.2103781700134277,gold_only,45,single_rater_weak
2025_09_15_Re4StRes_T1_DSV/IMG_2816.JPG,plot_bceb77a99363fcf3c1e2,dsv_asendorf_t1_bbch11,/home/nfs/data/nvme_datasets/Pictures_CFSB_leaf_damage/2025_09_15_Re4StRes_T1_DSV/IMG_2816.JPG,2.0,2.826756477355957,2.805663824081421,-0.021092653274536133,0.8056638240814209,0.826756477355957,gold_only,45,single_rater_weak
2025_09_15_Re4StRes_T1_DSV/IMG_2817.JPG,plot_ff22be3ef1b30dc11796,dsv_asendorf_t1_bbch11,/home/nfs/data/nvme_datasets/Pictures_CFSB_leaf_damage/2025_09_15_Re4StRes_T1_DSV/IMG_2817.JPG,1.0,1.162245273590088,0.5955923795700073,-0.5666528940200806,0.4044076204299927,0.1622452735900879,gold_only,45,single_rater_weak
2025_09_15_Re4StRes_T1_DSV/IMG_2818.JPG,plot_ff22be3ef1b30dc11796,dsv_asendorf_t1_bbch11,/home/nfs/data/nvme_datasets/Pictures_CFSB_leaf_damage/2025_09_15_Re4StRes_T1_DSV/IMG_2818.JPG,5.0,1.317399501800537,1.3208742141723633,0.003474718425422907,3.6791257858276367,3.682600498199463,gold_only,45,single_rater_weak
2025_09_15_Re4StRes_T1_DSV/IMG_2819.JPG,plot_ff22be3ef1b30dc11796,dsv_asendorf_t1_bbch11,/home/nfs/data/nvme_datasets/Pictures_CFSB_leaf_damage/2025_09_15_Re4StRes_T1_DSV/IMG_2819.JPG,5.0,1.2809066772460938,1.4590346813201904,0.17812800407409668,3.5409653186798096,3.7190933227539062,gold_only,45,single_rater_weak
2025_09_15_Re4StRes_T1_DSV/IMG_2820.JPG,plot_0244c16f1b7da46365e8,dsv_asendorf_t1_bbch11,/home/nfs/data/nvme_datasets/Pictures_CFSB_leaf_damage/2025_09_15_Re4StRes_T1_DSV/IMG_2820.JPG,1.0,1.7639641761779785,1.5043638944625854,-0.25960031151771545,0.5043638944625854,0.7639641761779785,gold_only,45,single_rater_weak
2025_09_15_Re4StRes_T1_DSV/IMG_2821.JPG,plot_0244c16f1b7da46365e8,dsv_asendorf_t1_bbch11,/home/nfs/data/nvme_datasets/Pictures_CFSB_leaf_damage/2025_09_15_Re4StRes_T1_DSV/IMG_2821.JPG,2.0,2.92336368560791,2.342205047607422,-0.5811587572097778,0.3422050476074219,0.9233636856079102,gold_only,45,single_rater_weak
2025_09_15_Re4StRes_T1_DSV/IMG_2822.JPG,plot_0244c16f1b7da46365e8,dsv_asendorf_t1_bbch11,/home/nfs/data/nvme_datasets/Pictures_CFSB_leaf_damage/2025_09_15_Re4StRes_T1_DSV/IMG_2822.JPG,1.0,1.3565263748168945,0.7143247127532959,-0.6422016620635986,0.2856752872467041,0.35652637481689453,gold_only,45,single_rater_weak
2025_09_15_Re4StRes_T1_DSV/IMG_2823.JPG,plot_463fbe86ab5f5a3963dd,dsv_asendorf_t1_bbch11,/home/nfs/data/nvme_datasets/Pictures_CFSB_leaf_damage/2025_09_15_Re4StRes_T1_DSV/IMG_2823.JPG,3.0,1.3737034797668457,0.938470721244812,-0.4352327883243561,2.0615291595458984,1.6262965202331543,gold_only,45,single_rater_weak
2025_09_15_Re4StRes_T1_DSV/IMG_2824.JPG,plot_463fbe86ab5f5a3963dd,dsv_asendorf_t1_bbch11,/home/nfs/data/nvme_datasets/Pictures_CFSB_leaf_damage/2025_09_15_Re4StRes_T1_DSV/IMG_2824.JPG,33.0,3.22513484954834,3.06797456741333,-0.15716025233268738,29.932025909423828,29.774864196777344,gold_only,45,single_rater_weak
2025_09_15_Re4StRes_T1_DSV/IMG_2825.JPG,plot_463fbe86ab5f5a3963dd,dsv_asendorf_t1_bbch11,/home/nfs/data/nvme_datasets/Pictures_CFSB_leaf_damage/2025_09_15_Re4StRes_T1_DSV/IMG_2825.JPG,2.0,1.4151215553283691,1.0010899305343628,-0.41403162479400635,0.9989100694656372,0.5848784446716309,gold_only,45,single_rater_weak
2025_09_15_Re4StRes_T1_DSV/IMG_2826.JPG,plot_cdc03d060fabf9cda7b5,dsv_asendorf_t1_bbch11,/home/nfs/data/nvme_datasets/Pictures_CFSB_leaf_damage/2025_09_15_Re4StRes_T1_DSV/IMG_2826.JPG,12.0,1.6970515251159668,1.0636286735534668,-0.6334227919578552,10.936370849609375,10.302947998046875,gold_only,45,single_rater_weak
2025_09_15_Re4StRes_T1_DSV/IMG_2827.JPG,plot_cdc03d060fabf9cda7b5,dsv_asendorf_t1_bbch11,/home/nfs/data/nvme_datasets/Pictures_CFSB_leaf_damage/2025_09_15_Re4StRes_T1_DSV/IMG_2827.JPG,1.0,1.5529112815856934,1.0101747512817383,-0.5427365899085999,0.010174751281738281,0.5529112815856934,gold_only,45,single_rater_weak
2025_09_15_Re4StRes_T1_DSV/IMG_2828.JPG,plot_cdc03d060fabf9cda7b5,dsv_asendorf_t1_bbch11,/home/nfs/data/nvme_datasets/Pictures_CFSB_leaf_damage/2025_09_15_Re4StRes_T1_DSV/IMG_2828.JPG,1.0,1.2712516784667969,0.32359588146209717,-0.9476557970046997,0.6764041185379028,0.2712516784667969,gold_only,45,single_rater_weak
2025_09_15_Re4StRes_T1_DSV/IMG_2829.JPG,plot_5be37850e3ff940ad957,dsv_asendorf_t1_bbch11,/home/nfs/data/nvme_datasets/Pictures_CFSB_leaf_damage/2025_09_15_Re4StRes_T1_DSV/IMG_2829.JPG,7.0,1.6168794631958008,0.992914617061615,-0.6239648461341858,6.00708532333374,5.383120536804199,gold_only,45,single_rater_weak
2025_09_15_Re4StRes_T1_DSV/IMG_2830.JPG,plot_5be37850e3ff940ad957,dsv_asendorf_t1_bbch11,/home/nfs/data/nvme_datasets/Pictures_CFSB_leaf_damage/2025_09_15_Re4StRes_T1_DSV/IMG_2830.JPG,3.0,2.5009288787841797,2.0440943241119385,-0.4568345844745636,0.9559056758880615,0.4990711212158203,gold_only,45,single_rater_weak
2025_09_15_Re4StRes_T1_DSV/IMG_2831.JPG,plot_5be37850e3ff940ad957,dsv_asendorf_t1_bbch11,/home/nfs/data/nvme_datasets/Pictures_CFSB_leaf_damage/2025_09_15_Re4StRes_T1_DSV/IMG_2831.JPG,1.0,1.7400436401367188,1.1044350862503052,-0.6356085538864136,0.10443508625030518,0.7400436401367188,gold_only,45,single_rater_weak
2025_09_15_Re4StRes_T1_DSV/IMG_2832.JPG,plot_043f66e99d1614656004,dsv_asendorf_t1_bbch11,/home/nfs/data/nvme_datasets/Pictures_CFSB_leaf_damage/2025_09_15_Re4StRes_T1_DSV/IMG_2832.JPG,18.0,1.3615102767944336,1.0605416297912598,-0.30096864700317383,16.9394588470459,16.63848876953125,gold_only,45,single_rater_weak
2025_09_15_Re4StRes_T1_DSV/IMG_2833.JPG,plot_043f66e99d1614656004,dsv_asendorf_t1_bbch11,/home/nfs/data/nvme_datasets/Pictures_CFSB_leaf_damage/2025_09_15_Re4StRes_T1_DSV/IMG_2833.JPG,2.0,3.2807130813598633,3.053825616836548,-0.22688743472099304,1.0538256168365479,1.2807130813598633,gold_only,45,single_rater_weak
2025_09_15_Re4StRes_T1_DSV/IMG_2834.JPG,plot_043f66e99d1614656004,dsv_asendorf_t1_bbch11,/home/nfs/data/nvme_datasets/Pictures_CFSB_leaf_damage/2025_09_15_Re4StRes_T1_DSV/IMG_2834.JPG,3.0,1.4373526573181152,0.9696394205093384,-0.46771323680877686,2.030360698699951,1.5626473426818848,gold_only,45,single_rater_weak
2025_09_15_Re4StRes_T1_DSV/IMG_2835.JPG,plot_3d3d8b967e6547e92911,dsv_asendorf_t1_bbch11,/home/nfs/data/nvme_datasets/Pictures_CFSB_leaf_damage/2025_09_15_Re4StRes_T1_DSV/IMG_2835.JPG,4.0,0.7042913436889648,0.09674578905105591,-0.6075455546379089,3.903254270553589,3.295708656311035,gold_only,45,single_rater_weak
2025_09_15_Re4StRes_T1_DSV/IMG_2836.JPG,plot_3d3d8b967e6547e92911,dsv_asendorf_t1_bbch11,/home/nfs/data/nvme_datasets/Pictures_CFSB_leaf_damage/2025_09_15_Re4StRes_T1_DSV/IMG_2836.JPG,5.0,2.158092498779297,1.676743984222412,-0.4813484847545624,3.323256015777588,2.841907501220703,gold_only,45,single_rater_weak
2025_09_15_Re4StRes_T1_DSV/IMG_2837.JPG,plot_3d3d8b967e6547e92911,dsv_asendorf_t1_bbch11,/home/nfs/data/nvme_datasets/Pictures_CFSB_leaf_damage/2025_09_15_Re4StRes_T1_DSV/IMG_2837.JPG,2.0,0.7450342178344727,0.1559058427810669,-0.5891283750534058,1.844094157218933,1.2549657821655273,gold_only,45,single_rater_weak
2025_09_15_Re4StRes_T1_DSV/IMG_2838.JPG,plot_76f157dea3d143b587c1,dsv_asendorf_t1_bbch11,/home/nfs/data/nvme_datasets/Pictures_CFSB_leaf_damage/2025_09_15_Re4StRes_T1_DSV/IMG_2838.JPG,1.0,0.6677660942077637,0.1705838143825531,-0.49718227982521057,0.8294161558151245,0.33223390579223633,gold_only,45,single_rater_weak
2025_09_15_Re4StRes_T1_DSV/IMG_2839.JPG,plot_76f157dea3d143b587c1,dsv_asendorf_t1_bbch11,/home/nfs/data/nvme_datasets/Pictures_CFSB_leaf_damage/2025_09_15_Re4StRes_T1_DSV/IMG_2839.JPG,8.0,1.491511344909668,0.7716007232666016,-0.7199106216430664,7.228399276733398,6.508488655090332,gold_only,45,single_rater_weak
2025_09_15_Re4StRes_T1_DSV/IMG_2840.JPG,plot_76f157dea3d143b587c1,dsv_asendorf_t1_bbch11,/home/nfs/data/nvme_datasets/Pictures_CFSB_leaf_damage/2025_09_15_Re4StRes_T1_DSV/IMG_2840.JPG,2.0,1.2072715759277344,0.6005892753601074,-0.606682300567627,1.3994107246398926,0.7927284240722656,gold_only,45,single_rater_weak
2025_09_15_Re4StRes_T1_DSV/IMG_2841.JPG,plot_74ee91a70def5e1240d4,dsv_asendorf_t1_bbch11,/home/nfs/data/nvme_datasets/Pictures_CFSB_leaf_damage/2025_09_15_Re4StRes_T1_DSV/IMG_2841.JPG,2.0,0.5021586418151855,-0.19281691312789917,-0.6949755549430847,2.192816972732544,1.4978413581848145,gold_only,45,single_rater_weak
2025_09_15_Re4StRes_T1_DSV/IMG_2842.JPG,plot_74ee91a70def5e1240d4,dsv_asendorf_t1_bbch11,/home/nfs/data/nvme_datasets/Pictures_CFSB_leaf_damage/2025_09_15_Re4StRes_T1_DSV/IMG_2842.JPG,1.0,0.6967215538024902,0.09487497806549072,-0.6018465757369995,0.9051250219345093,0.30327844619750977,gold_only,45,single_rater_weak
2025_09_15_Re4StRes_T1_DSV/IMG_2843.JPG,plot_74ee91a70def5e1240d4,dsv_asendorf_t1_bbch11,/home/nfs/data/nvme_datasets/Pictures_CFSB_leaf_damage/2025_09_15_Re4StRes_T1_DSV/IMG_2843.JPG,1.0,1.059180736541748,0.3146249055862427,-0.7445558309555054,0.6853750944137573,0.05918073654174805,gold_only,45,single_rater_weak
2025_09_15_Re4StRes_T1_DSV/IMG_2844.JPG,plot_f0879f07e7b82b6cbf3c,dsv_asendorf_t1_bbch11,/home/nfs/data/nvme_datasets/Pictures_CFSB_leaf_damage/2025_09_15_Re4StRes_T1_DSV/IMG_2844.JPG,1.0,1.4029507637023926,1.1192216873168945,-0.28372907638549805,0.11922168731689453,0.4029507637023926,gold_only,45,single_rater_weak
2025_09_15_Re4StRes_T1_DSV/IMG_2845.JPG,plot_f0879f07e7b82b6cbf3c,dsv_asendorf_t1_bbch11,/home/nfs/data/nvme_datasets/Pictures_CFSB_leaf_damage/2025_09_15_Re4StRes_T1_DSV/IMG_2845.JPG,2.0,0.20724773406982422,0.08027417957782745,-0.12697355449199677,1.919725775718689,1.7927522659301758,gold_only,45,single_rater_weak
2025_09_15_Re4StRes_T1_DSV/IMG_2846.JPG,plot_f0879f07e7b82b6cbf3c,dsv_asendorf_t1_bbch11,/home/nfs/data/nvme_datasets/Pictures_CFSB_leaf_damage/2025_09_15_Re4StRes_T1_DSV/IMG_2846.JPG,3.0,3.0043249130249023,2.272972345352173,-0.7313526272773743,0.7270276546478271,0.004324913024902344,gold_only,45,single_rater_weak
2025_09_15_Re4StRes_T1_DSV/IMG_2847.JPG,plot_fcd7e8b035def23fede6,dsv_asendorf_t1_bbch11,/home/nfs/data/nvme_datasets/Pictures_CFSB_leaf_damage/2025_09_15_Re4StRes_T1_DSV/IMG_2847.JPG,1.0,1.3943686485290527,0.693963885307312,-0.7004047632217407,0.306036114692688,0.39436864852905273,gold_only,45,single_rater_weak
2025_09_15_Re4StRes_T1_DSV/IMG_2848.JPG,plot_fcd7e8b035def23fede6,dsv_asendorf_t1_bbch11,/home/nfs/data/nvme_datasets/Pictures_CFSB_leaf_damage/2025_09_15_Re4StRes_T1_DSV/IMG_2848.JPG,1.0,1.5537614822387695,0.7948039174079895,-0.75895756483078,0.2051960825920105,0.5537614822387695,gold_only,45,single_rater_weak
2025_09_15_Re4StRes_T1_DSV/IMG_2849.JPG,plot_fcd7e8b035def23fede6,dsv_asendorf_t1_bbch11,/home/nfs/data/nvme_datasets/Pictures_CFSB_leaf_damage/2025_09_15_Re4StRes_T1_DSV/IMG_2849.JPG,1.0,1.3571181297302246,0.6034947633743286,-0.753623366355896,0.3965052366256714,0.3571181297302246,gold_only,45,single_rater_weak
2025_09_15_Re4StRes_T1_DSV/IMG_2850.JPG,plot_d9718fbb395864c7b86c,dsv_asendorf_t1_bbch11,/home/nfs/data/nvme_datasets/Pictures_CFSB_leaf_damage/2025_09_15_Re4StRes_T1_DSV/IMG_2850.JPG,1.0,0.7659568786621094,0.29015299677848816,-0.4758038818836212,0.7098469734191895,0.23404312133789062,gold_only,45,single_rater_weak
2025_09_15_Re4StRes_T1_DSV/IMG_2851.JPG,plot_d9718fbb395864c7b86c,dsv_asendorf_t1_bbch11,/home/nfs/data/nvme_datasets/Pictures_CFSB_leaf_damage/2025_09_15_Re4StRes_T1_DSV/IMG_2851.JPG,2.0,1.5961604118347168,1.16347336769104,-0.43268710374832153,0.83652663230896,0.4038395881652832,gold_only,45,single_rater_weak
2025_09_15_Re4StRes_T1_DSV/IMG_2852.JPG,plot_d9718fbb395864c7b86c,dsv_asendorf_t1_bbch11,/home/nfs/data/nvme_datasets/Pictures_CFSB_leaf_damage/2025_09_15_Re4StRes_T1_DSV/IMG_2852.JPG,5.0,1.3736763000488281,1.1026368141174316,-0.27103954553604126,3.8973631858825684,3.626323699951172,gold_only,45,single_rater_weak
2025_09_15_Re4StRes_T1_DSV/IMG_2853.JPG,plot_a8844705497a4f5f1781,dsv_asendorf_t1_bbch11,/home/nfs/data/nvme_datasets/Pictures_CFSB_leaf_damage/2025_09_15_Re4StRes_T1_DSV/IMG_2853.JPG,1.0,0.7934703826904297,0.2846938371658325,-0.5087765455245972,0.7153061628341675,0.2065296173095703,gold_only,45,single_rater_weak
2025_09_15_Re4StRes_T1_DSV/IMG_2854.JPG,plot_a8844705497a4f5f1781,dsv_asendorf_t1_bbch11,/home/nfs/data/nvme_datasets/Pictures_CFSB_leaf_damage/2025_09_15_Re4StRes_T1_DSV/IMG_2854.JPG,1.0,1.3056983947753906,0.9152141809463501,-0.3904842138290405,0.0847858190536499,0.3056983947753906,gold_only,45,single_rater_weak
2025_09_15_Re4StRes_T1_DSV/IMG_2855.JPG,plot_a8844705497a4f5f1781,dsv_asendorf_t1_bbch11,/home/nfs/data/nvme_datasets/Pictures_CFSB_leaf_damage/2025_09_15_Re4StRes_T1_DSV/IMG_2855.JPG,1.0,1.9042563438415527,1.4188971519470215,-0.4853591322898865,0.4188971519470215,0.9042563438415527,gold_only,45,single_rater_weak
2025_09_15_Re4StRes_T1_DSV/IMG_2856.JPG,plot_49332c73775f577459b5,dsv_asendorf_t1_bbch11,/home/nfs/data/nvme_datasets/Pictures_CFSB_leaf_damage/2025_09_15_Re4StRes_T1_DSV/IMG_2856.JPG,2.0,0.6057720184326172,0.45640668272972107,-0.14936533570289612,1.5435932874679565,1.3942279815673828,gold_only,45,single_rater_weak
2025_09_15_Re4StRes_T1_DSV/IMG_2857.JPG,plot_49332c73775f577459b5,dsv_asendorf_t1_bbch11,/home/nfs/data/nvme_datasets/Pictures_CFSB_leaf_damage/2025_09_15_Re4StRes_T1_DSV/IMG_2857.JPG,1.0,0.6995072364807129,0.044508516788482666,-0.6549987196922302,0.9554914832115173,0.3004927635192871,gold_only,45,single_rater_weak
2025_09_15_Re4StRes_T1_DSV/IMG_2858.JPG,plot_49332c73775f577459b5,dsv_asendorf_t1_bbch11,/home/nfs/data/nvme_datasets/Pictures_CFSB_leaf_damage/2025_09_15_Re4StRes_T1_DSV/IMG_2858.JPG,2.0,2.4377708435058594,1.7094120979309082,-0.7283586859703064,0.2905879020690918,0.4377708435058594,gold_only,45,single_rater_weak
2025_09_15_Re4StRes_T1_DSV/IMG_2859.JPG,plot_ebd4356cb69020d146d3,dsv_asendorf_t1_bbch11,/home/nfs/data/nvme_datasets/Pictures_CFSB_leaf_damage/2025_09_15_Re4StRes_T1_DSV/IMG_2859.JPG,9.0,0.8230524063110352,-0.048665761947631836,-0.871718168258667,9.048666000366211,8.176947593688965,gold_only,45,single_rater_weak
2025_09_15_Re4StRes_T1_DSV/IMG_2860.JPG,plot_ebd4356cb69020d146d3,dsv_asendorf_t1_bbch11,/home/nfs/data/nvme_datasets/Pictures_CFSB_leaf_damage/2025_09_15_Re4StRes_T1_DSV/IMG_2860.JPG,1.0,0.5891284942626953,-0.20255649089813232,-0.7916849851608276,1.2025564908981323,0.4108715057373047,gold_only,45,single_rater_weak
2025_09_15_Re4StRes_T1_DSV/IMG_2861.JPG,plot_ebd4356cb69020d146d3,dsv_asendorf_t1_bbch11,/home/nfs/data/nvme_datasets/Pictures_CFSB_leaf_damage/2025_09_15_Re4StRes_T1_DSV/IMG_2861.JPG,5.0,0.2361435890197754,-0.04844242334365845,-0.28458601236343384,5.048442363739014,4.763856410980225,gold_only,45,single_rater_weak
2025_09_15_Re4StRes_T1_DSV/IMG_2862.JPG,plot_f0c559e92e25adfd20fd,dsv_asendorf_t1_bbch11,/home/nfs/data/nvme_datasets/Pictures_CFSB_leaf_damage/2025_09_15_Re4StRes_T1_DSV/IMG_2862.JPG,2.0,1.1134557723999023,0.51338791847229,-0.6000678539276123,1.48661208152771,0.8865442276000977,gold_only,45,single_rater_weak
2025_09_15_Re4StRes_T1_DSV/IMG_2863.JPG,plot_f0c559e92e25adfd20fd,dsv_asendorf_t1_bbch11,/home/nfs/data/nvme_datasets/Pictures_CFSB_leaf_damage/2025_09_15_Re4StRes_T1_DSV/IMG_2863.JPG,1.0,0.2880129814147949,-0.0009222626686096191,-0.28893524408340454,1.0009222030639648,0.7119870185852051,gold_only,45,single_rater_weak
2025_09_15_Re4StRes_T1_DSV/IMG_2864.JPG,plot_f0c559e92e25adfd20fd,dsv_asendorf_t1_bbch11,/home/nfs/data/nvme_datasets/Pictures_CFSB_leaf_damage/2025_09_15_Re4StRes_T1_DSV/IMG_2864.JPG,1.0,0.01400613784790039,-0.5054368376731873,-0.5194429755210876,1.505436897277832,0.9859938621520996,gold_only,45,single_rater_weak
2025_09_15_Re4StRes_T1_DSV/IMG_2865.JPG,plot_d7b8935e967a38afc8af,dsv_asendorf_t1_bbch11,/home/nfs/data/nvme_datasets/Pictures_CFSB_leaf_damage/2025_09_15_Re4StRes_T1_DSV/IMG_2865.JPG,5.0,2.178295135498047,1.857759714126587,-0.32053548097610474,3.142240285873413,2.821704864501953,gold_only,45,single_rater_weak
2025_09_15_Re4StRes_T1_DSV/IMG_2866.JPG,plot_d7b8935e967a38afc8af,dsv_asendorf_t1_bbch11,/home/nfs/data/nvme_datasets/Pictures_CFSB_leaf_damage/2025_09_15_Re4StRes_T1_DSV/IMG_2866.JPG,1.0,1.8151192665100098,2.124772071838379,0.30965274572372437,1.124772071838379,0.8151192665100098,gold_only,45,single_rater_weak
2025_09_15_Re4StRes_T1_DSV/IMG_2867.JPG,plot_d7b8935e967a38afc8af,dsv_asendorf_t1_bbch11,/home/nfs/data/nvme_datasets/Pictures_CFSB_leaf_damage/2025_09_15_Re4StRes_T1_DSV/IMG_2867.JPG,1.0,1.1350693702697754,0.519775927066803,-0.6152934432029724,0.480224072933197,0.1350693702697754,gold_only,45,single_rater_weak
2025_09_15_Re4StRes_T1_DSV/IMG_2868.JPG,plot_df9b1e761cc41b9141d8,dsv_asendorf_t1_bbch11,/home/nfs/data/nvme_datasets/Pictures_CFSB_leaf_damage/2025_09_15_Re4StRes_T1_DSV/IMG_2868.JPG,2.0,1.3889713287353516,1.329452395439148,-0.0595189705491066,0.670547604560852,0.6110286712646484,gold_only,45,single_rater_weak
2025_09_15_Re4StRes_T1_DSV/IMG_2869.JPG,plot_df9b1e761cc41b9141d8,dsv_asendorf_t1_bbch11,/home/nfs/data/nvme_datasets/Pictures_CFSB_leaf_damage/2025_09_15_Re4StRes_T1_DSV/IMG_2869.JPG,1.0,1.5871367454528809,1.3444784879684448,-0.24265828728675842,0.3444784879684448,0.5871367454528809,gold_only,45,single_rater_weak
2025_09_15_Re4StRes_T1_DSV/IMG_2870.JPG,plot_df9b1e761cc41b9141d8,dsv_asendorf_t1_bbch11,/home/nfs/data/nvme_datasets/Pictures_CFSB_leaf_damage/2025_09_15_Re4StRes_T1_DSV/IMG_2870.JPG,2.0,1.0503425598144531,0.6165109872817993,-0.4338315427303314,1.3834890127182007,0.9496574401855469,gold_only,45,single_rater_weak
2025_09_15_Re4StRes_T1_DSV/IMG_2871.JPG,plot_a967d2993a2c6d109d24,dsv_asendorf_t1_bbch11,/home/nfs/data/nvme_datasets/Pictures_CFSB_leaf_damage/2025_09_15_Re4StRes_T1_DSV/IMG_2871.JPG,2.0,1.211137294769287,1.2451612949371338,0.034023966640233994,0.7548387050628662,0.7888627052307129,gold_only,45,single_rater_weak
2025_09_15_Re4StRes_T1_DSV/IMG_2872.JPG,plot_a967d2993a2c6d109d24,dsv_asendorf_t1_bbch11,/home/nfs/data/nvme_datasets/Pictures_CFSB_leaf_damage/2025_09_15_Re4StRes_T1_DSV/IMG_2872.JPG,1.0,0.7037897109985352,0.06534409523010254,-0.6384456157684326,0.9346559047698975,0.29621028900146484,gold_only,45,single_rater_weak
2025_09_15_Re4StRes_T1_DSV/IMG_2873.JPG,plot_a967d2993a2c6d109d24,dsv_asendorf_t1_bbch11,/home/nfs/data/nvme_datasets/Pictures_CFSB_leaf_damage/2025_09_15_Re4StRes_T1_DSV/IMG_2873.JPG,1.0,0.09009027481079102,-0.4544071555137634,-0.5444974303245544,1.4544072151184082,0.909909725189209,gold_only,45,single_rater_weak
2025_09_15_Re4StRes_T1_DSV/IMG_2874.JPG,plot_d2d9c664f2153b1e0828,dsv_asendorf_t1_bbch11,/home/nfs/data/nvme_datasets/Pictures_CFSB_leaf_damage/2025_09_15_Re4StRes_T1_DSV/IMG_2874.JPG,1.0,0.5149836540222168,0.07990488409996033,-0.43507876992225647,0.9200950860977173,0.4850163459777832,gold_only,45,single_rater_weak
2025_09_15_Re4StRes_T1_DSV/IMG_2875.JPG,plot_d2d9c664f2153b1e0828,dsv_asendorf_t1_bbch11,/home/nfs/data/nvme_datasets/Pictures_CFSB_leaf_damage/2025_09_15_Re4StRes_T1_DSV/IMG_2875.JPG,1.0,1.2031745910644531,0.944839358329773,-0.25833526253700256,0.05516064167022705,0.20317459106445312,gold_only,45,single_rater_weak
2025_09_15_Re4StRes_T1_DSV/IMG_2876.JPG,plot_d2d9c664f2153b1e0828,dsv_asendorf_t1_bbch11,/home/nfs/data/nvme_datasets/Pictures_CFSB_leaf_damage/2025_09_15_Re4StRes_T1_DSV/IMG_2876.JPG,6.0,1.8810162544250488,1.542088508605957,-0.3389278054237366,4.457911491394043,4.118983745574951,gold_only,45,single_rater_weak
2025_09_15_Re4StRes_T1_DSV/IMG_2877.JPG,plot_06077aa9b2739738e87e,dsv_asendorf_t1_bbch11,/home/nfs/data/nvme_datasets/Pictures_CFSB_leaf_damage/2025_09_15_Re4StRes_T1_DSV/IMG_2877.JPG,1.0,0.32219839096069336,-0.04627728462219238,-0.36847567558288574,1.0462772846221924,0.6778016090393066,gold_only,45,single_rater_weak
2025_09_15_Re4StRes_T1_DSV/IMG_2878.JPG,plot_06077aa9b2739738e87e,dsv_asendorf_t1_bbch11,/home/nfs/data/nvme_datasets/Pictures_CFSB_leaf_damage/2025_09_15_Re4StRes_T1_DSV/IMG_2878.JPG,4.0,0.5079765319824219,0.002305746078491211,-0.5056707859039307,3.997694253921509,3.492023468017578,gold_only,45,single_rater_weak
2025_09_15_Re4StRes_T1_DSV/IMG_2879.JPG,plot_06077aa9b2739738e87e,dsv_asendorf_t1_bbch11,/home/nfs/data/nvme_datasets/Pictures_CFSB_leaf_damage/2025_09_15_Re4StRes_T1_DSV/IMG_2879.JPG,1.0,0.8748979568481445,0.04127800464630127,-0.8336199522018433,0.9587219953536987,0.12510204315185547,gold_only,45,single_rater_weak
2025_09_15_Re4StRes_T1_DSV/IMG_2880.JPG,plot_d89a8bcf8d0d7729813c,dsv_asendorf_t1_bbch11,/home/nfs/data/nvme_datasets/Pictures_CFSB_leaf_damage/2025_09_15_Re4StRes_T1_DSV/IMG_2880.JPG,2.0,0.08350086212158203,-0.6808965802192688,-0.7643974423408508,2.680896520614624,1.916499137878418,gold_only,45,single_rater_weak
2025_09_15_Re4StRes_T1_DSV/IMG_2881.JPG,plot_d89a8bcf8d0d7729813c,dsv_asendorf_t1_bbch11,/home/nfs/data/nvme_datasets/Pictures_CFSB_leaf_damage/2025_09_15_Re4StRes_T1_DSV/IMG_2881.JPG,1.0,1.5334033966064453,1.5608693361282349,0.02746594324707985,0.5608693361282349,0.5334033966064453,gold_only,45,single_rater_weak
2025_09_15_Re4StRes_T1_DSV/IMG_2882.JPG,plot_d89a8bcf8d0d7729813c,dsv_asendorf_t1_bbch11,/home/nfs/data/nvme_datasets/Pictures_CFSB_leaf_damage/2025_09_15_Re4StRes_T1_DSV/IMG_2882.JPG,1.0,0.3118104934692383,-0.3778998851776123,-0.6897103786468506,1.3778998851776123,0.6881895065307617,gold_only,45,single_rater_weak
2025_09_15_Re4StRes_T1_DSV/IMG_2883.JPG,plot_9d01cfe64d34d5079290,dsv_asendorf_t1_bbch11,/home/nfs/data/nvme_datasets/Pictures_CFSB_leaf_damage/2025_09_15_Re4StRes_T1_DSV/IMG_2883.JPG,1.0,0.8802976608276367,0.6754744648933411,-0.20482319593429565,0.32452553510665894,0.11970233917236328,gold_only,45,single_rater_weak
2025_09_15_Re4StRes_T1_DSV/IMG_2884.JPG,plot_9d01cfe64d34d5079290,dsv_asendorf_t1_bbch11,/home/nfs/data/nvme_datasets/Pictures_CFSB_leaf_damage/2025_09_15_Re4StRes_T1_DSV/IMG_2884.JPG,9.0,0.6708583831787109,0.2699297070503235,-0.40092867612838745,8.730070114135742,8.329141616821289,gold_only,45,single_rater_weak
2025_09_15_Re4StRes_T1_DSV/IMG_2885.JPG,plot_9d01cfe64d34d5079290,dsv_asendorf_t1_bbch11,/home/nfs/data/nvme_datasets/Pictures_CFSB_leaf_damage/2025_09_15_Re4StRes_T1_DSV/IMG_2885.JPG,5.0,0.04093360900878906,-0.39531680941581726,-0.4362504184246063,5.3953166007995605,4.959066390991211,gold_only,45,single_rater_weak
2025_09_15_Re4StRes_T1_DSV/IMG_2886.JPG,plot_d60fc64330d7114e5f4c,dsv_asendorf_t1_bbch11,/home/nfs/data/nvme_datasets/Pictures_CFSB_leaf_damage/2025_09_15_Re4StRes_T1_DSV/IMG_2886.JPG,8.0,2.595609188079834,2.2332048416137695,-0.36240434646606445,5.7667951583862305,5.404390811920166,gold_only,45,single_rater_weak
2025_09_15_Re4StRes_T1_DSV/IMG_2887.JPG,plot_d60fc64330d7114e5f4c,dsv_asendorf_t1_bbch11,/home/nfs/data/nvme_datasets/Pictures_CFSB_leaf_damage/2025_09_15_Re4StRes_T1_DSV/IMG_2887.JPG,1.0,-0.12610626220703125,-0.3806910514831543,-0.25458478927612305,1.3806910514831543,1.1261062622070312,gold_only,45,single_rater_weak
2025_09_15_Re4StRes_T1_DSV/IMG_2888.JPG,plot_d60fc64330d7114e5f4c,dsv_asendorf_t1_bbch11,/home/nfs/data/nvme_datasets/Pictures_CFSB_leaf_damage/2025_09_15_Re4StRes_T1_DSV/IMG_2888.JPG,1.0,0.26618194580078125,0.5892156362533569,0.3230336606502533,0.41078436374664307,0.7338180541992188,gold_only,45,single_rater_weak
2025_09_15_Re4StRes_T1_DSV/IMG_2889.JPG,plot_c6c3a3cc275334f1f08b,dsv_asendorf_t1_bbch11,/home/nfs/data/nvme_datasets/Pictures_CFSB_leaf_damage/2025_09_15_Re4StRes_T1_DSV/IMG_2889.JPG,1.0,0.09987545013427734,-0.0747256875038147,-0.17460113763809204,1.07472562789917,0.9001245498657227,gold_only,45,single_rater_weak
2025_09_15_Re4StRes_T1_DSV/IMG_2890.JPG,plot_c6c3a3cc275334f1f08b,dsv_asendorf_t1_bbch11,/home/nfs/data/nvme_datasets/Pictures_CFSB_leaf_damage/2025_09_15_Re4StRes_T1_DSV/IMG_2890.JPG,2.0,0.5963473320007324,0.5859874486923218,-0.01035989448428154,1.4140125513076782,1.4036526679992676,gold_only,45,single_rater_weak
2025_09_15_Re4StRes_T1_DSV/IMG_2891.JPG,plot_c6c3a3cc275334f1f08b,dsv_asendorf_t1_bbch11,/home/nfs/data/nvme_datasets/Pictures_CFSB_leaf_damage/2025_09_15_Re4StRes_T1_DSV/IMG_2891.JPG,2.0,0.2980642318725586,-0.11408764123916626,-0.41215187311172485,2.1140875816345215,1.7019357681274414,gold_only,45,single_rater_weak
2025_09_15_Re4StRes_T1_DSV/IMG_2892.JPG,plot_173aba14c5464b12bb95,dsv_asendorf_t1_bbch11,/home/nfs/data/nvme_datasets/Pictures_CFSB_leaf_damage/2025_09_15_Re4StRes_T1_DSV/IMG_2892.JPG,2.0,2.1068196296691895,1.946948766708374,-0.159870907664299,0.05305123329162598,0.10681962966918945,gold_only,45,single_rater_weak
2025_09_15_Re4StRes_T1_DSV/IMG_2893.JPG,plot_173aba14c5464b12bb95,dsv_asendorf_t1_bbch11,/home/nfs/data/nvme_datasets/Pictures_CFSB_leaf_damage/2025_09_15_Re4StRes_T1_DSV/IMG_2893.JPG,1.0,0.6350064277648926,-0.12029850482940674,-0.7553049325942993,1.1202985048294067,0.3649935722351074,gold_only,45,single_rater_weak
2025_09_15_Re4StRes_T1_DSV/IMG_2894.JPG,plot_173aba14c5464b12bb95,dsv_asendorf_t1_bbch11,/home/nfs/data/nvme_datasets/Pictures_CFSB_leaf_damage/2025_09_15_Re4StRes_T1_DSV/IMG_2894.JPG,5.0,2.300139904022217,2.316387176513672,0.016247164458036423,2.683612823486328,2.699860095977783,gold_only,45,single_rater_weak
2025_09_15_Re4StRes_T1_DSV/IMG_2895.JPG,plot_5b92a0664e4fb6d58534,dsv_asendorf_t1_bbch11,/home/nfs/data/nvme_datasets/Pictures_CFSB_leaf_damage/2025_09_15_Re4StRes_T1_DSV/IMG_2895.JPG,25.0,3.730823040008545,3.6152353286743164,-0.11558778584003448,21.384765625,21.269176483154297,gold_only,45,single_rater_weak
2025_09_15_Re4StRes_T1_DSV/IMG_2896.JPG,plot_5b92a0664e4fb6d58534,dsv_asendorf_t1_bbch11,/home/nfs/data/nvme_datasets/Pictures_CFSB_leaf_damage/2025_09_15_Re4StRes_T1_DSV/IMG_2896.JPG,18.0,4.096707344055176,4.382673263549805,0.2859657406806946,13.617326736450195,13.903292655944824,gold_only,45,single_rater_weak
2025_09_15_Re4StRes_T1_DSV/IMG_2897.JPG,plot_5b92a0664e4fb6d58534,dsv_asendorf_t1_bbch11,/home/nfs/data/nvme_datasets/Pictures_CFSB_leaf_damage/2025_09_15_Re4StRes_T1_DSV/IMG_2897.JPG,10.0,1.0621953010559082,0.5982244610786438,-0.4639708399772644,9.401775360107422,8.93780517578125,gold_only,45,single_rater_weak
2025_09_15_Re4StRes_T1_DSV/IMG_2898.JPG,plot_d667cdaecff8d0c52a9e,dsv_asendorf_t1_bbch11,/home/nfs/data/nvme_datasets/Pictures_CFSB_leaf_damage/2025_09_15_Re4StRes_T1_DSV/IMG_2898.JPG,10.0,2.7373881340026855,2.1455373764038086,-0.591850757598877,7.854462623596191,7.2626118659973145,gold_only,45,single_rater_weak
2025_09_15_Re4StRes_T1_DSV/IMG_2900.JPG,plot_d667cdaecff8d0c52a9e,dsv_asendorf_t1_bbch11,/home/nfs/data/nvme_datasets/Pictures_CFSB_leaf_damage/2025_09_15_Re4StRes_T1_DSV/IMG_2900.JPG,15.0,2.5893335342407227,2.798130750656128,0.2087971270084381,12.201869010925293,12.410666465759277,gold_only,45,single_rater_weak
2025_09_15_Re4StRes_T1_DSV/IMG_2901.JPG,plot_d667cdaecff8d0c52a9e,dsv_asendorf_t1_bbch11,/home/nfs/data/nvme_datasets/Pictures_CFSB_leaf_damage/2025_09_15_Re4StRes_T1_DSV/IMG_2901.JPG,7.0,3.5019848346710205,3.33915376663208,-0.16283097863197327,3.66084623336792,3.4980151653289795,gold_only,45,single_rater_weak
2025_09_15_Re4StRes_T1_DSV/IMG_2902.JPG,plot_94ea7c58860f7d8c77c9,dsv_asendorf_t1_bbch11,/home/nfs/data/nvme_datasets/Pictures_CFSB_leaf_damage/2025_09_15_Re4StRes_T1_DSV/IMG_2902.JPG,23.0,7.425163269042969,7.930714130401611,0.5055508613586426,15.069286346435547,15.574836730957031,gold_only,45,single_rater_weak
2025_09_15_Re4StRes_T1_DSV/IMG_2903.JPG,plot_94ea7c58860f7d8c77c9,dsv_asendorf_t1_bbch11,/home/nfs/data/nvme_datasets/Pictures_CFSB_leaf_damage/2025_09_15_Re4StRes_T1_DSV/IMG_2903.JPG,15.0,7.292356491088867,7.319778919219971,0.02742265909910202,7.680221080780029,7.707643508911133,gold_only,45,single_rater_weak
2025_09_15_Re4StRes_T1_DSV/IMG_2904.JPG,plot_94ea7c58860f7d8c77c9,dsv_asendorf_t1_bbch11,/home/nfs/data/nvme_datasets/Pictures_CFSB_leaf_damage/2025_09_15_Re4StRes_T1_DSV/IMG_2904.JPG,3.0,1.687222957611084,1.4577316045761108,-0.22949138283729553,1.5422683954238892,1.312777042388916,gold_only,45,single_rater_weak
2025_09_15_Re4StRes_T1_DSV/IMG_2905.JPG,plot_dbc6c631115af6239c6c,dsv_asendorf_t1_bbch11,/home/nfs/data/nvme_datasets/Pictures_CFSB_leaf_damage/2025_09_15_Re4StRes_T1_DSV/IMG_2905.JPG,3.0,0.8328380584716797,1.0435198545455933,0.21068178117275238,1.9564801454544067,2.1671619415283203,gold_only,45,single_rater_weak
2025_09_15_Re4StRes_T1_DSV/IMG_2906.JPG,plot_dbc6c631115af6239c6c,dsv_asendorf_t1_bbch11,/home/nfs/data/nvme_datasets/Pictures_CFSB_leaf_damage/2025_09_15_Re4StRes_T1_DSV/IMG_2906.JPG,2.0,2.3833727836608887,2.4774956703186035,0.09412291646003723,0.4774956703186035,0.38337278366088867,gold_only,45,single_rater_weak
2025_09_15_Re4StRes_T1_DSV/IMG_2907.JPG,plot_dbc6c631115af6239c6c,dsv_asendorf_t1_bbch11,/home/nfs/data/nvme_datasets/Pictures_CFSB_leaf_damage/2025_09_15_Re4StRes_T1_DSV/IMG_2907.JPG,8.0,0.6087455749511719,0.17011255025863647,-0.4386330246925354,7.829887390136719,7.391254425048828,gold_only,45,single_rater_weak
2025_09_15_Re4StRes_T1_DSV/IMG_2908.JPG,plot_94a13f7206c6a3c73cd6,dsv_asendorf_t1_bbch11,/home/nfs/data/nvme_datasets/Pictures_CFSB_leaf_damage/2025_09_15_Re4StRes_T1_DSV/IMG_2908.JPG,2.0,0.5547738075256348,0.3342161476612091,-0.22055765986442566,1.6657838821411133,1.4452261924743652,gold_only,45,single_rater_weak
2025_09_15_Re4StRes_T1_DSV/IMG_2909.JPG,plot_94a13f7206c6a3c73cd6,dsv_asendorf_t1_bbch11,/home/nfs/data/nvme_datasets/Pictures_CFSB_leaf_damage/2025_09_15_Re4StRes_T1_DSV/IMG_2909.JPG,14.0,2.342489242553711,2.604987621307373,0.2624983489513397,11.395011901855469,11.657510757446289,gold_only,45,single_rater_weak
2025_09_15_Re4StRes_T1_DSV/IMG_2911.JPG,plot_94a13f7206c6a3c73cd6,dsv_asendorf_t1_bbch11,/home/nfs/data/nvme_datasets/Pictures_CFSB_leaf_damage/2025_09_15_Re4StRes_T1_DSV/IMG_2911.JPG,11.0,2.315518379211426,2.2669260501861572,-0.04859241098165512,8.733074188232422,8.684481620788574,gold_only,45,single_rater_weak
2025_09_15_Re4StRes_T1_DSV/IMG_2912.JPG,plot_401959473a7fdf98fa1b,dsv_asendorf_t1_bbch11,/home/nfs/data/nvme_datasets/Pictures_CFSB_leaf_damage/2025_09_15_Re4StRes_T1_DSV/IMG_2912.JPG,5.0,3.753545045852661,3.5572257041931152,-0.1963193416595459,1.4427742958068848,1.2464549541473389,gold_only,45,single_rater_weak
2025_09_15_Re4StRes_T1_DSV/IMG_2913.JPG,plot_401959473a7fdf98fa1b,dsv_asendorf_t1_bbch11,/home/nfs/data/nvme_datasets/Pictures_CFSB_leaf_damage/2025_09_15_Re4StRes_T1_DSV/IMG_2913.JPG,11.0,3.036937713623047,2.5573625564575195,-0.4795752167701721,8.44263744354248,7.963062286376953,gold_only,45,single_rater_weak
2025_09_15_Re4StRes_T1_DSV/IMG_2914.JPG,plot_401959473a7fdf98fa1b,dsv_asendorf_t1_bbch11,/home/nfs/data/nvme_datasets/Pictures_CFSB_leaf_damage/2025_09_15_Re4StRes_T1_DSV/IMG_2914.JPG,6.0,2.2323665618896484,2.2233574390411377,-0.009009230881929398,3.7766425609588623,3.7676334381103516,gold_only,45,single_rater_weak
2025_09_15_Re4StRes_T1_DSV/IMG_2915.JPG,plot_acea1f718990cc6d06f9,dsv_asendorf_t1_bbch11,/home/nfs/data/nvme_datasets/Pictures_CFSB_leaf_damage/2025_09_15_Re4StRes_T1_DSV/IMG_2915.JPG,18.0,2.989988327026367,2.3748462200164795,-0.6151420474052429,15.625153541564941,15.010011672973633,gold_only,45,single_rater_weak
2025_09_15_Re4StRes_T1_DSV/IMG_2916.JPG,plot_acea1f718990cc6d06f9,dsv_asendorf_t1_bbch11,/home/nfs/data/nvme_datasets/Pictures_CFSB_leaf_damage/2025_09_15_Re4StRes_T1_DSV/IMG_2916.JPG,18.0,2.3386192321777344,2.0390686988830566,-0.2995504140853882,15.960931777954102,15.661380767822266,gold_only,45,single_rater_weak
2025_09_15_Re4StRes_T1_DSV/IMG_2917.JPG,plot_acea1f718990cc6d06f9,dsv_asendorf_t1_bbch11,/home/nfs/data/nvme_datasets/Pictures_CFSB_leaf_damage/2025_09_15_Re4StRes_T1_DSV/IMG_2917.JPG,3.0,0.5673747062683105,0.18231114745140076,-0.3850635588169098,2.8176889419555664,2.4326252937316895,gold_only,45,single_rater_weak
2025_09_15_Re4StRes_T1_DSV/IMG_2918.JPG,plot_2a793365ce625b6d0933,dsv_asendorf_t1_bbch11,/home/nfs/data/nvme_datasets/Pictures_CFSB_leaf_damage/2025_09_15_Re4StRes_T1_DSV/IMG_2918.JPG,6.0,2.0866189002990723,1.9080133438110352,-0.1786056011915207,4.091986656188965,3.9133810997009277,gold_only,45,single_rater_weak
2025_09_15_Re4StRes_T1_DSV/IMG_2919.JPG,plot_2a793365ce625b6d0933,dsv_asendorf_t1_bbch11,/home/nfs/data/nvme_datasets/Pictures_CFSB_leaf_damage/2025_09_15_Re4StRes_T1_DSV/IMG_2919.JPG,2.0,1.5406699180603027,0.9617348313331604,-0.5789350867271423,1.0382652282714844,0.45933008193969727,gold_only,45,single_rater_weak
2025_09_15_Re4StRes_T1_DSV/IMG_2920.JPG,plot_2a793365ce625b6d0933,dsv_asendorf_t1_bbch11,/home/nfs/data/nvme_datasets/Pictures_CFSB_leaf_damage/2025_09_15_Re4StRes_T1_DSV/IMG_2920.JPG,2.0,1.4532928466796875,1.6096312999725342,0.15633845329284668,0.3903687000274658,0.5467071533203125,gold_only,45,single_rater_weak
2025_09_15_Re4StRes_T1_DSV/IMG_2922.JPG,plot_728875283c2174c74a38,dsv_asendorf_t1_bbch11,/home/nfs/data/nvme_datasets/Pictures_CFSB_leaf_damage/2025_09_15_Re4StRes_T1_DSV/IMG_2922.JPG,14.0,2.858076572418213,2.718775749206543,-0.13930094242095947,11.281224250793457,11.141923904418945,gold_only,45,single_rater_weak
2025_09_15_Re4StRes_T1_DSV/IMG_2923.JPG,plot_728875283c2174c74a38,dsv_asendorf_t1_bbch11,/home/nfs/data/nvme_datasets/Pictures_CFSB_leaf_damage/2025_09_15_Re4StRes_T1_DSV/IMG_2923.JPG,2.0,1.2124881744384766,0.8274738788604736,-0.38501429557800293,1.1725261211395264,0.7875118255615234,gold_only,45,single_rater_weak
2025_09_15_Re4StRes_T1_DSV/IMG_2924.JPG,plot_728875283c2174c74a38,dsv_asendorf_t1_bbch11,/home/nfs/data/nvme_datasets/Pictures_CFSB_leaf_damage/2025_09_15_Re4StRes_T1_DSV/IMG_2924.JPG,4.0,0.17945575714111328,-0.06939089298248291,-0.2488466501235962,4.069390773773193,3.8205442428588867,gold_only,45,single_rater_weak
2025_09_15_Re4StRes_T1_DSV/IMG_2925.JPG,plot_08c76eef14bf2854a036,dsv_asendorf_t1_bbch11,/home/nfs/data/nvme_datasets/Pictures_CFSB_leaf_damage/2025_09_15_Re4StRes_T1_DSV/IMG_2925.JPG,2.0,0.47456979751586914,-0.10008978843688965,-0.5746595859527588,2.1000897884368896,1.5254302024841309,gold_only,45,single_rater_weak
2025_09_15_Re4StRes_T1_DSV/IMG_2926.JPG,plot_08c76eef14bf2854a036,dsv_asendorf_t1_bbch11,/home/nfs/data/nvme_datasets/Pictures_CFSB_leaf_damage/2025_09_15_Re4StRes_T1_DSV/IMG_2926.JPG,1.0,1.9333109855651855,1.9329442977905273,-0.0003666884731501341,0.9329442977905273,0.9333109855651855,gold_only,45,single_rater_weak
2025_09_15_Re4StRes_T1_DSV/IMG_2927.JPG,plot_08c76eef14bf2854a036,dsv_asendorf_t1_bbch11,/home/nfs/data/nvme_datasets/Pictures_CFSB_leaf_damage/2025_09_15_Re4StRes_T1_DSV/IMG_2927.JPG,16.0,0.9964523315429688,1.1199589967727661,0.12350662797689438,14.880041122436523,15.003547668457031,gold_only,45,single_rater_weak
2025_09_15_Re4StRes_T1_DSV/IMG_2928.JPG,plot_3a39c4e211148b28458d,dsv_asendorf_t1_bbch11,/home/nfs/data/nvme_datasets/Pictures_CFSB_leaf_damage/2025_09_15_Re4StRes_T1_DSV/IMG_2928.JPG,10.0,0.0067272186279296875,-0.45241332054138184,-0.4591405391693115,10.452413558959961,9.99327278137207,gold_only,45,single_rater_weak
2025_09_15_Re4StRes_T1_DSV/IMG_2929.JPG,plot_3a39c4e211148b28458d,dsv_asendorf_t1_bbch11,/home/nfs/data/nvme_datasets/Pictures_CFSB_leaf_damage/2025_09_15_Re4StRes_T1_DSV/IMG_2929.JPG,19.0,2.0884804725646973,1.9604676961898804,-0.12801280617713928,17.039531707763672,16.91152000427246,gold_only,45,single_rater_weak
2025_09_15_Re4StRes_T1_DSV/IMG_2930.JPG,plot_3a39c4e211148b28458d,dsv_asendorf_t1_bbch11,/home/nfs/data/nvme_datasets/Pictures_CFSB_leaf_damage/2025_09_15_Re4StRes_T1_DSV/IMG_2930.JPG,1.0,1.1021194458007812,0.7188475728034973,-0.38327187299728394,0.2811524271965027,0.10211944580078125,gold_only,45,single_rater_weak
2025_09_15_Re4StRes_T1_DSV/IMG_2931.JPG,plot_49ce69d3cc874d1b62c8,dsv_asendorf_t1_bbch11,/home/nfs/data/nvme_datasets/Pictures_CFSB_leaf_damage/2025_09_15_Re4StRes_T1_DSV/IMG_2931.JPG,12.0,2.6687417030334473,2.579650402069092,-0.08909130096435547,9.42034912109375,9.331258773803711,gold_only,45,single_rater_weak
2025_09_15_Re4StRes_T1_DSV/IMG_2932.JPG,plot_49ce69d3cc874d1b62c8,dsv_asendorf_t1_bbch11,/home/nfs/data/nvme_datasets/Pictures_CFSB_leaf_damage/2025_09_15_Re4StRes_T1_DSV/IMG_2932.JPG,22.0,3.2607216835021973,3.5098443031311035,0.2491227388381958,18.490156173706055,18.73927879333496,gold_only,45,single_rater_weak
2025_09_15_Re4StRes_T1_DSV/IMG_2933.JPG,plot_49ce69d3cc874d1b62c8,dsv_asendorf_t1_bbch11,/home/nfs/data/nvme_datasets/Pictures_CFSB_leaf_damage/2025_09_15_Re4StRes_T1_DSV/IMG_2933.JPG,2.0,4.935155391693115,5.079789638519287,0.14463405311107635,3.079789638519287,2.9351553916931152,gold_only,45,single_rater_weak
2025_09_15_Re4StRes_T1_DSV/IMG_2934.JPG,plot_f672e06e78f4310a2300,dsv_asendorf_t1_bbch11,/home/nfs/data/nvme_datasets/Pictures_CFSB_leaf_damage/2025_09_15_Re4StRes_T1_DSV/IMG_2934.JPG,2.0,0.4916090965270996,0.283988356590271,-0.20762072503566742,1.716011643409729,1.5083909034729004,gold_only,45,single_rater_weak
2025_09_15_Re4StRes_T1_DSV/IMG_2935.JPG,plot_f672e06e78f4310a2300,dsv_asendorf_t1_bbch11,/home/nfs/data/nvme_datasets/Pictures_CFSB_leaf_damage/2025_09_15_Re4StRes_T1_DSV/IMG_2935.JPG,4.0,3.4211411476135254,3.524639368057251,0.10349824279546738,0.475360631942749,0.5788588523864746,gold_only,45,single_rater_weak
2025_09_15_Re4StRes_T1_DSV/IMG_2936.JPG,plot_f672e06e78f4310a2300,dsv_asendorf_t1_bbch11,/home/nfs/data/nvme_datasets/Pictures_CFSB_leaf_damage/2025_09_15_Re4StRes_T1_DSV/IMG_2936.JPG,9.0,1.116525650024414,1.0494495630264282,-0.06707611680030823,7.950550556182861,7.883474349975586,gold_only,45,single_rater_weak
2025_09_15_Re4StRes_T1_DSV/IMG_2937.JPG,plot_3b699ca9c300cc1cce74,dsv_asendorf_t1_bbch11,/home/nfs/data/nvme_datasets/Pictures_CFSB_leaf_damage/2025_09_15_Re4StRes_T1_DSV/IMG_2937.JPG,11.0,1.9621729850769043,2.060955286026001,0.09878232330083847,8.939044952392578,9.037826538085938,gold_only,45,single_rater_weak
2025_09_15_Re4StRes_T1_DSV/IMG_2938.JPG,plot_3b699ca9c300cc1cce74,dsv_asendorf_t1_bbch11,/home/nfs/data/nvme_datasets/Pictures_CFSB_leaf_damage/2025_09_15_Re4StRes_T1_DSV/IMG_2938.JPG,23.0,2.7952518463134766,3.1251251697540283,0.329873263835907,19.874874114990234,20.204748153686523,gold_only,45,single_rater_weak
2025_09_15_Re4StRes_T1_DSV/IMG_2939.JPG,plot_3b699ca9c300cc1cce74,dsv_asendorf_t1_bbch11,/home/nfs/data/nvme_datasets/Pictures_CFSB_leaf_damage/2025_09_15_Re4StRes_T1_DSV/IMG_2939.JPG,4.0,1.8251609802246094,1.328446626663208,-0.49671438336372375,2.671553373336792,2.1748390197753906,gold_only,45,single_rater_weak
2025_09_15_Re4StRes_T1_DSV/IMG_2940.JPG,plot_e329dfdd5eef80a5d030,dsv_asendorf_t1_bbch11,/home/nfs/data/nvme_datasets/Pictures_CFSB_leaf_damage/2025_09_15_Re4StRes_T1_DSV/IMG_2940.JPG,1.0,0.8815112113952637,1.0753804445266724,0.1938692331314087,0.07538044452667236,0.11848878860473633,gold_only,45,single_rater_weak
2025_09_15_Re4StRes_T1_DSV/IMG_2941.JPG,plot_e329dfdd5eef80a5d030,dsv_asendorf_t1_bbch11,/home/nfs/data/nvme_datasets/Pictures_CFSB_leaf_damage/2025_09_15_Re4StRes_T1_DSV/IMG_2941.JPG,4.0,3.947845935821533,4.072219371795654,0.12437332421541214,0.0722193717956543,0.0521540641784668,gold_only,45,single_rater_weak
2025_09_15_Re4StRes_T1_DSV/IMG_2942.JPG,plot_e329dfdd5eef80a5d030,dsv_asendorf_t1_bbch11,/home/nfs/data/nvme_datasets/Pictures_CFSB_leaf_damage/2025_09_15_Re4StRes_T1_DSV/IMG_2942.JPG,16.0,1.1769089698791504,1.425818681716919,0.24890977144241333,14.57418155670166,14.823091506958008,gold_only,45,single_rater_weak
2025_09_15_Re4StRes_T1_DSV/IMG_2943.JPG,plot_18a2195a85762dad8df2,dsv_asendorf_t1_bbch11,/home/nfs/data/nvme_datasets/Pictures_CFSB_leaf_damage/2025_09_15_Re4StRes_T1_DSV/IMG_2943.JPG,4.0,1.099764347076416,1.198626160621643,0.09886185824871063,2.8013739585876465,2.900235652923584,gold_only,45,single_rater_weak
2025_09_15_Re4StRes_T1_DSV/IMG_2944.JPG,plot_18a2195a85762dad8df2,dsv_asendorf_t1_bbch11,/home/nfs/data/nvme_datasets/Pictures_CFSB_leaf_damage/2025_09_15_Re4StRes_T1_DSV/IMG_2944.JPG,18.0,1.061145305633545,1.1000884771347046,0.038943175226449966,16.899911880493164,16.938854217529297,gold_only,45,single_rater_weak
2025_09_15_Re4StRes_T1_DSV/IMG_2945.JPG,plot_18a2195a85762dad8df2,dsv_asendorf_t1_bbch11,/home/nfs/data/nvme_datasets/Pictures_CFSB_leaf_damage/2025_09_15_Re4StRes_T1_DSV/IMG_2945.JPG,20.0,1.2880244255065918,1.3979464769363403,0.10992205142974854,18.602052688598633,18.71197509765625,gold_only,45,single_rater_weak
2025_09_15_Re4StRes_T1_DSV/IMG_2946.JPG,plot_63b18ea658eedaada1c0,dsv_asendorf_t1_bbch11,/home/nfs/data/nvme_datasets/Pictures_CFSB_leaf_damage/2025_09_15_Re4StRes_T1_DSV/IMG_2946.JPG,2.0,0.6641602516174316,0.8675239086151123,0.20336365699768066,1.1324760913848877,1.3358397483825684,gold_only,45,single_rater_weak
2025_09_15_Re4StRes_T1_DSV/IMG_2947.JPG,plot_63b18ea658eedaada1c0,dsv_asendorf_t1_bbch11,/home/nfs/data/nvme_datasets/Pictures_CFSB_leaf_damage/2025_09_15_Re4StRes_T1_DSV/IMG_2947.JPG,35.0,5.169910907745361,5.378131866455078,0.20822083950042725,29.621868133544922,29.830089569091797,gold_only,45,single_rater_weak
2025_09_15_Re4StRes_T1_DSV/IMG_2948.JPG,plot_63b18ea658eedaada1c0,dsv_asendorf_t1_bbch11,/home/nfs/data/nvme_datasets/Pictures_CFSB_leaf_damage/2025_09_15_Re4StRes_T1_DSV/IMG_2948.JPG,23.0,1.0963821411132812,1.165947675704956,0.06956557929515839,21.83405303955078,21.90361785888672,gold_only,45,single_rater_weak
2025_09_15_Re4StRes_T1_DSV/IMG_2949.JPG,plot_724abc754b17665c24b5,dsv_asendorf_t1_bbch11,/home/nfs/data/nvme_datasets/Pictures_CFSB_leaf_damage/2025_09_15_Re4StRes_T1_DSV/IMG_2949.JPG,7.0,1.0961413383483887,0.8164721727371216,-0.2796691954135895,6.183527946472168,5.903858661651611,gold_only,45,single_rater_weak
2025_09_15_Re4StRes_T1_DSV/IMG_2950.JPG,plot_724abc754b17665c24b5,dsv_asendorf_t1_bbch11,/home/nfs/data/nvme_datasets/Pictures_CFSB_leaf_damage/2025_09_15_Re4StRes_T1_DSV/IMG_2950.JPG,9.0,2.0386290550231934,1.7871887683868408,-0.25144028663635254,7.212811470031738,6.961370944976807,gold_only,45,single_rater_weak
2025_09_15_Re4StRes_T1_DSV/IMG_2951.JPG,plot_724abc754b17665c24b5,dsv_asendorf_t1_bbch11,/home/nfs/data/nvme_datasets/Pictures_CFSB_leaf_damage/2025_09_15_Re4StRes_T1_DSV/IMG_2951.JPG,4.0,1.267348289489746,1.4967873096466064,0.22943900525569916,2.5032126903533936,2.732651710510254,gold_only,45,single_rater_weak
2025_09_15_Re4StRes_T1_DSV/IMG_2952.JPG,plot_adc4faadd2469476e975,dsv_asendorf_t1_bbch11,/home/nfs/data/nvme_datasets/Pictures_CFSB_leaf_damage/2025_09_15_Re4StRes_T1_DSV/IMG_2952.JPG,7.0,7.432642459869385,7.490731716156006,0.058089479804039,0.49073171615600586,0.43264245986938477,gold_only,45,single_rater_weak
2025_09_15_Re4StRes_T1_DSV/IMG_2953.JPG,plot_adc4faadd2469476e975,dsv_asendorf_t1_bbch11,/home/nfs/data/nvme_datasets/Pictures_CFSB_leaf_damage/2025_09_15_Re4StRes_T1_DSV/IMG_2953.JPG,14.0,4.099679946899414,3.939373016357422,-0.1603069007396698,10.060626983642578,9.900320053100586,gold_only,45,single_rater_weak
2025_09_15_Re4StRes_T1_DSV/IMG_2954.JPG,plot_adc4faadd2469476e975,dsv_asendorf_t1_bbch11,/home/nfs/data/nvme_datasets/Pictures_CFSB_leaf_damage/2025_09_15_Re4StRes_T1_DSV/IMG_2954.JPG,8.0,1.5942745208740234,1.3991589546203613,-0.19511562585830688,6.600841045379639,6.405725479125977,gold_only,45,single_rater_weak
2025_09_15_Re4StRes_T1_DSV/IMG_2955.JPG,plot_ea983699b2703524116f,dsv_asendorf_t1_bbch11,/home/nfs/data/nvme_datasets/Pictures_CFSB_leaf_damage/2025_09_15_Re4StRes_T1_DSV/IMG_2955.JPG,2.0,1.3135795593261719,1.1433004140853882,-0.1702791303396225,0.8566995859146118,0.6864204406738281,gold_only,45,single_rater_weak
2025_09_15_Re4StRes_T1_DSV/IMG_2956.JPG,plot_ea983699b2703524116f,dsv_asendorf_t1_bbch11,/home/nfs/data/nvme_datasets/Pictures_CFSB_leaf_damage/2025_09_15_Re4StRes_T1_DSV/IMG_2956.JPG,13.0,3.9204211235046387,3.8369898796081543,-0.08343125879764557,9.163009643554688,9.079578399658203,gold_only,45,single_rater_weak
2025_09_15_Re4StRes_T1_DSV/IMG_2957.JPG,plot_ea983699b2703524116f,dsv_asendorf_t1_bbch11,/home/nfs/data/nvme_datasets/Pictures_CFSB_leaf_damage/2025_09_15_Re4StRes_T1_DSV/IMG_2957.JPG,6.0,0.9767541885375977,0.7324596047401428,-0.24429456889629364,5.267540454864502,5.023245811462402,gold_only,45,single_rater_weak
2025_09_15_Re4StRes_T1_DSV/IMG_2958.JPG,plot_08de49746d4125eddd77,dsv_asendorf_t1_bbch11,/home/nfs/data/nvme_datasets/Pictures_CFSB_leaf_damage/2025_09_15_Re4StRes_T1_DSV/IMG_2958.JPG,11.0,2.0839381217956543,2.2128515243530273,0.12891332805156708,8.787148475646973,8.916061401367188,gold_only,45,single_rater_weak
2025_09_15_Re4StRes_T1_DSV/IMG_2959.JPG,plot_08de49746d4125eddd77,dsv_asendorf_t1_bbch11,/home/nfs/data/nvme_datasets/Pictures_CFSB_leaf_damage/2025_09_15_Re4StRes_T1_DSV/IMG_2959.JPG,16.0,6.219453811645508,6.694859027862549,0.4754050076007843,9.30514144897461,9.780546188354492,gold_only,45,single_rater_weak
2025_09_15_Re4StRes_T1_DSV/IMG_2960.JPG,plot_08de49746d4125eddd77,dsv_asendorf_t1_bbch11,/home/nfs/data/nvme_datasets/Pictures_CFSB_leaf_damage/2025_09_15_Re4StRes_T1_DSV/IMG_2960.JPG,8.0,2.554636001586914,2.230886697769165,-0.323749303817749,5.769113540649414,5.445363998413086,gold_only,45,single_rater_weak
2025_09_15_Re4StRes_T1_DSV/IMG_2961.JPG,plot_2751d4a40273ff4d4fe0,dsv_asendorf_t1_bbch11,/home/nfs/data/nvme_datasets/Pictures_CFSB_leaf_damage/2025_09_15_Re4StRes_T1_DSV/IMG_2961.JPG,6.0,3.5120272636413574,3.293741226196289,-0.21828603744506836,2.706258773803711,2.4879727363586426,gold_only,45,single_rater_weak
2025_09_15_Re4StRes_T1_DSV/IMG_2962.JPG,plot_2751d4a40273ff4d4fe0,dsv_asendorf_t1_bbch11,/home/nfs/data/nvme_datasets/Pictures_CFSB_leaf_damage/2025_09_15_Re4StRes_T1_DSV/IMG_2962.JPG,3.0,3.242724895477295,3.1258621215820312,-0.11686289310455322,0.12586212158203125,0.24272489547729492,gold_only,45,single_rater_weak
2025_09_15_Re4StRes_T1_DSV/IMG_2963.JPG,plot_2751d4a40273ff4d4fe0,dsv_asendorf_t1_bbch11,/home/nfs/data/nvme_datasets/Pictures_CFSB_leaf_damage/2025_09_15_Re4StRes_T1_DSV/IMG_2963.JPG,7.0,2.16727876663208,1.8162903785705566,-0.35098838806152344,5.183709621429443,4.83272123336792,gold_only,45,single_rater_weak
2025_09_15_Re4StRes_T1_DSV/IMG_2964.JPG,plot_0de0877cf374ef8b5b55,dsv_asendorf_t1_bbch11,/home/nfs/data/nvme_datasets/Pictures_CFSB_leaf_damage/2025_09_15_Re4StRes_T1_DSV/IMG_2964.JPG,18.0,3.01253604888916,3.1226308345794678,0.11009484529495239,14.877368927001953,14.98746395111084,gold_only,45,single_rater_weak
2025_09_15_Re4StRes_T1_DSV/IMG_2965.JPG,plot_0de0877cf374ef8b5b55,dsv_asendorf_t1_bbch11,/home/nfs/data/nvme_datasets/Pictures_CFSB_leaf_damage/2025_09_15_Re4StRes_T1_DSV/IMG_2965.JPG,16.0,1.9836454391479492,1.486798644065857,-0.4968467950820923,14.513201713562012,14.01635456085205,gold_only,45,single_rater_weak
2025_09_15_Re4StRes_T1_DSV/IMG_2966.JPG,plot_0de0877cf374ef8b5b55,dsv_asendorf_t1_bbch11,/home/nfs/data/nvme_datasets/Pictures_CFSB_leaf_damage/2025_09_15_Re4StRes_T1_DSV/IMG_2966.JPG,2.0,1.0396599769592285,0.26197314262390137,-0.7776868343353271,1.7380268573760986,0.9603400230407715,gold_only,45,single_rater_weak
2025_09_15_Re4StRes_T1_DSV/IMG_2967.JPG,plot_a66b30f609330a40334a,dsv_asendorf_t1_bbch11,/home/nfs/data/nvme_datasets/Pictures_CFSB_leaf_damage/2025_09_15_Re4StRes_T1_DSV/IMG_2967.JPG,3.0,-0.3145637512207031,-0.5307528376579285,-0.21618910133838654,3.5307528972625732,3.314563751220703,gold_only,45,single_rater_weak
2025_09_15_Re4StRes_T1_DSV/IMG_2968.JPG,plot_a66b30f609330a40334a,dsv_asendorf_t1_bbch11,/home/nfs/data/nvme_datasets/Pictures_CFSB_leaf_damage/2025_09_15_Re4StRes_T1_DSV/IMG_2968.JPG,12.0,2.9917731285095215,2.59955096244812,-0.39222216606140137,9.4004487991333,9.00822639465332,gold_only,45,single_rater_weak
2025_09_15_Re4StRes_T1_DSV/IMG_2969.JPG,plot_a66b30f609330a40334a,dsv_asendorf_t1_bbch11,/home/nfs/data/nvme_datasets/Pictures_CFSB_leaf_damage/2025_09_15_Re4StRes_T1_DSV/IMG_2969.JPG,2.0,1.5164680480957031,0.8454217910766602,-0.671046257019043,1.1545782089233398,0.4835319519042969,gold_only,45,single_rater_weak
2025_09_15_Re4StRes_T1_DSV/IMG_2970.JPG,plot_c1f0c6e2f35f65ae31ef,dsv_asendorf_t1_bbch11,/home/nfs/data/nvme_datasets/Pictures_CFSB_leaf_damage/2025_09_15_Re4StRes_T1_DSV/IMG_2970.JPG,2.0,1.1921305656433105,0.8438631296157837,-0.34826743602752686,1.1561368703842163,0.8078694343566895,gold_only,45,single_rater_weak
2025_09_15_Re4StRes_T1_DSV/IMG_2971.JPG,plot_c1f0c6e2f35f65ae31ef,dsv_asendorf_t1_bbch11,/home/nfs/data/nvme_datasets/Pictures_CFSB_leaf_damage/2025_09_15_Re4StRes_T1_DSV/IMG_2971.JPG,1.0,-0.2030940055847168,-0.6805095672607422,-0.4774155616760254,1.6805095672607422,1.2030940055847168,gold_only,45,single_rater_weak
2025_09_15_Re4StRes_T1_DSV/IMG_2972.JPG,plot_c1f0c6e2f35f65ae31ef,dsv_asendorf_t1_bbch11,/home/nfs/data/nvme_datasets/Pictures_CFSB_leaf_damage/2025_09_15_Re4StRes_T1_DSV/IMG_2972.JPG,32.0,3.3095202445983887,3.368846893310547,0.05932658165693283,28.631153106689453,28.690479278564453,gold_only,45,single_rater_weak
2025_09_15_Re4StRes_T1_DSV/IMG_2973.JPG,plot_80e741bf3b567627e2ee,dsv_asendorf_t1_bbch11,/home/nfs/data/nvme_datasets/Pictures_CFSB_leaf_damage/2025_09_15_Re4StRes_T1_DSV/IMG_2973.JPG,10.0,0.7615575790405273,0.4161059856414795,-0.34545159339904785,9.583893775939941,9.238442420959473,gold_only,45,single_rater_weak
2025_09_15_Re4StRes_T1_DSV/IMG_2974.JPG,plot_80e741bf3b567627e2ee,dsv_asendorf_t1_bbch11,/home/nfs/data/nvme_datasets/Pictures_CFSB_leaf_damage/2025_09_15_Re4StRes_T1_DSV/IMG_2974.JPG,2.0,0.8760685920715332,0.09369772672653198,-0.7823708653450012,1.9063022136688232,1.1239314079284668,gold_only,45,single_rater_weak
2025_09_15_Re4StRes_T1_DSV/IMG_2975.JPG,plot_80e741bf3b567627e2ee,dsv_asendorf_t1_bbch11,/home/nfs/data/nvme_datasets/Pictures_CFSB_leaf_damage/2025_09_15_Re4StRes_T1_DSV/IMG_2975.JPG,3.0,2.2534313201904297,2.3927457332611084,0.13931438326835632,0.6072542667388916,0.7465686798095703,gold_only,45,single_rater_weak
2025_09_15_Re4StRes_T1_DSV/IMG_2976.JPG,plot_1278629ae0c47e163452,dsv_asendorf_t1_bbch11,/home/nfs/data/nvme_datasets/Pictures_CFSB_leaf_damage/2025_09_15_Re4StRes_T1_DSV/IMG_2976.JPG,11.0,2.9560484886169434,2.7242400646209717,-0.23180845379829407,8.27575969696045,8.043951034545898,gold_only,45,single_rater_weak
2025_09_15_Re4StRes_T1_DSV/IMG_2976_2.JPG,plot_1278629ae0c47e163452,dsv_asendorf_t1_bbch11,/home/nfs/data/nvme_datasets/Pictures_CFSB_leaf_damage/2025_09_15_Re4StRes_T1_DSV/IMG_2976_2.JPG,11.0,1.7302236557006836,1.1085138320922852,-0.6217097640037537,9.891486167907715,9.269776344299316,gold_only,45,single_rater_weak
2025_09_15_Re4StRes_T1_DSV/IMG_2976_3.JPG,plot_1278629ae0c47e163452,dsv_asendorf_t1_bbch11,/home/nfs/data/nvme_datasets/Pictures_CFSB_leaf_damage/2025_09_15_Re4StRes_T1_DSV/IMG_2976_3.JPG,23.0,2.829380512237549,2.562758445739746,-0.26662203669548035,20.437240600585938,20.17061996459961,gold_only,45,single_rater_weak
2025_09_15_Re4StRes_T1_DSV/IMG_2980.JPG,plot_c7fbabf6a2b26f24808f,dsv_asendorf_t1_bbch11,/home/nfs/data/nvme_datasets/Pictures_CFSB_leaf_damage/2025_09_15_Re4StRes_T1_DSV/IMG_2980.JPG,16.0,1.7387185096740723,1.854783058166504,0.11606448888778687,14.145216941833496,14.261281967163086,gold_only,45,single_rater_weak
2025_09_15_Re4StRes_T1_DSV/IMG_2982.JPG,plot_c7fbabf6a2b26f24808f,dsv_asendorf_t1_bbch11,/home/nfs/data/nvme_datasets/Pictures_CFSB_leaf_damage/2025_09_15_Re4StRes_T1_DSV/IMG_2982.JPG,3.0,2.4038143157958984,2.2889697551727295,-0.11484450101852417,0.7110302448272705,0.5961856842041016,gold_only,45,single_rater_weak
2025_09_15_Re4StRes_T1_DSV/IMG_2983.JPG,plot_c7fbabf6a2b26f24808f,dsv_asendorf_t1_bbch11,/home/nfs/data/nvme_datasets/Pictures_CFSB_leaf_damage/2025_09_15_Re4StRes_T1_DSV/IMG_2983.JPG,14.0,2.2192578315734863,2.5713419914245605,0.3520841896533966,11.428657531738281,11.780742645263672,gold_only,45,single_rater_weak
2025_09_15_Re4StRes_T1_DSV/IMG_2984.JPG,plot_0aa20eee4008b12c7827,dsv_asendorf_t1_bbch11,/home/nfs/data/nvme_datasets/Pictures_CFSB_leaf_damage/2025_09_15_Re4StRes_T1_DSV/IMG_2984.JPG,2.0,1.758371353149414,2.211327075958252,0.4529557228088379,0.21132707595825195,0.24162864685058594,gold_only,45,single_rater_weak
2025_09_15_Re4StRes_T1_DSV/IMG_2985.JPG,plot_0aa20eee4008b12c7827,dsv_asendorf_t1_bbch11,/home/nfs/data/nvme_datasets/Pictures_CFSB_leaf_damage/2025_09_15_Re4StRes_T1_DSV/IMG_2985.JPG,10.0,3.798095703125,4.012325286865234,0.2142297923564911,5.987674713134766,6.201904296875,gold_only,45,single_rater_weak
2025_09_15_Re4StRes_T1_DSV/IMG_2986.JPG,plot_0aa20eee4008b12c7827,dsv_asendorf_t1_bbch11,/home/nfs/data/nvme_datasets/Pictures_CFSB_leaf_damage/2025_09_15_Re4StRes_T1_DSV/IMG_2986.JPG,11.0,1.3612151145935059,1.545614242553711,0.18439915776252747,9.454385757446289,9.638784408569336,gold_only,45,single_rater_weak
2025_09_15_Re4StRes_T1_DSV/IMG_2987.JPG,plot_63616db7b2f3b692a2db,dsv_asendorf_t1_bbch11,/home/nfs/data/nvme_datasets/Pictures_CFSB_leaf_damage/2025_09_15_Re4StRes_T1_DSV/IMG_2987.JPG,3.0,2.5035133361816406,2.3977317810058594,-0.10578161478042603,0.6022682189941406,0.4964866638183594,gold_only,45,single_rater_weak
2025_09_15_Re4StRes_T1_DSV/IMG_2988.JPG,plot_63616db7b2f3b692a2db,dsv_asendorf_t1_bbch11,/home/nfs/data/nvme_datasets/Pictures_CFSB_leaf_damage/2025_09_15_Re4StRes_T1_DSV/IMG_2988.JPG,3.0,2.9105610847473145,2.644758701324463,-0.26580238342285156,0.3552412986755371,0.08943891525268555,gold_only,45,single_rater_weak
2025_09_15_Re4StRes_T1_DSV/IMG_2989.JPG,plot_63616db7b2f3b692a2db,dsv_asendorf_t1_bbch11,/home/nfs/data/nvme_datasets/Pictures_CFSB_leaf_damage/2025_09_15_Re4StRes_T1_DSV/IMG_2989.JPG,3.0,1.5873918533325195,1.260690450668335,-0.32670146226882935,1.739309549331665,1.4126081466674805,gold_only,45,single_rater_weak
2025_09_15_Re4StRes_T1_DSV/IMG_2991.JPG,plot_8a89bf60b740c0cda37c,dsv_asendorf_t1_bbch11,/home/nfs/data/nvme_datasets/Pictures_CFSB_leaf_damage/2025_09_15_Re4StRes_T1_DSV/IMG_2991.JPG,1.0,0.45303869247436523,0.41727396845817566,-0.035764727741479874,0.582726001739502,0.5469613075256348,gold_only,45,single_rater_weak
2025_09_15_Re4StRes_T1_DSV/IMG_2992.JPG,plot_8a89bf60b740c0cda37c,dsv_asendorf_t1_bbch11,/home/nfs/data/nvme_datasets/Pictures_CFSB_leaf_damage/2025_09_15_Re4StRes_T1_DSV/IMG_2992.JPG,1.0,1.129075050354004,1.2543137073516846,0.12523870170116425,0.25431370735168457,0.1290750503540039,gold_only,45,single_rater_weak
2025_09_15_Re4StRes_T1_DSV/IMG_2993.JPG,plot_8a89bf60b740c0cda37c,dsv_asendorf_t1_bbch11,/home/nfs/data/nvme_datasets/Pictures_CFSB_leaf_damage/2025_09_15_Re4StRes_T1_DSV/IMG_2993.JPG,5.0,0.6988029479980469,0.4367485046386719,-0.262054443359375,4.563251495361328,4.301197052001953,gold_only,45,single_rater_weak
2025_09_15_Re4StRes_T1_DSV/IMG_2994.JPG,plot_bc4295919e8dde16e25b,dsv_asendorf_t1_bbch11,/home/nfs/data/nvme_datasets/Pictures_CFSB_leaf_damage/2025_09_15_Re4StRes_T1_DSV/IMG_2994.JPG,3.0,0.7874131202697754,0.3754357099533081,-0.4119774103164673,2.6245641708374023,2.2125868797302246,gold_only,45,single_rater_weak
2025_09_15_Re4StRes_T1_DSV/IMG_2995.JPG,plot_bc4295919e8dde16e25b,dsv_asendorf_t1_bbch11,/home/nfs/data/nvme_datasets/Pictures_CFSB_leaf_damage/2025_09_15_Re4StRes_T1_DSV/IMG_2995.JPG,6.0,1.2194108963012695,0.9804089665412903,-0.23900192975997925,5.019590854644775,4.7805891036987305,gold_only,45,single_rater_weak
2025_09_15_Re4StRes_T1_DSV/IMG_2996.JPG,plot_bc4295919e8dde16e25b,dsv_asendorf_t1_bbch11,/home/nfs/data/nvme_datasets/Pictures_CFSB_leaf_damage/2025_09_15_Re4StRes_T1_DSV/IMG_2996.JPG,4.0,0.8217215538024902,0.3595571219921112,-0.46216443181037903,3.6404428482055664,3.1782784461975098,gold_only,45,single_rater_weak
2025_09_15_Re4StRes_T1_DSV/IMG_2997.JPG,plot_97c5080017cabf6ae37d,dsv_asendorf_t1_bbch11,/home/nfs/data/nvme_datasets/Pictures_CFSB_leaf_damage/2025_09_15_Re4StRes_T1_DSV/IMG_2997.JPG,2.0,1.1566181182861328,1.0961717367172241,-0.060446418821811676,0.9038282632827759,0.8433818817138672,gold_only,45,single_rater_weak
2025_09_15_Re4StRes_T1_DSV/IMG_2998.JPG,plot_97c5080017cabf6ae37d,dsv_asendorf_t1_bbch11,/home/nfs/data/nvme_datasets/Pictures_CFSB_leaf_damage/2025_09_15_Re4StRes_T1_DSV/IMG_2998.JPG,2.0,0.6791396141052246,0.6511712074279785,-0.0279683880507946,1.3488287925720215,1.3208603858947754,gold_only,45,single_rater_weak
2025_09_15_Re4StRes_T1_DSV/IMG_2999.JPG,plot_97c5080017cabf6ae37d,dsv_asendorf_t1_bbch11,/home/nfs/data/nvme_datasets/Pictures_CFSB_leaf_damage/2025_09_15_Re4StRes_T1_DSV/IMG_2999.JPG,8.0,2.0771985054016113,2.057175874710083,-0.020022723823785782,5.942824363708496,5.922801494598389,gold_only,45,single_rater_weak
2025_09_15_Re4StRes_T1_DSV/IMG_3000.JPG,plot_14a8fb424e96fe0a56d0,dsv_asendorf_t1_bbch11,/home/nfs/data/nvme_datasets/Pictures_CFSB_leaf_damage/2025_09_15_Re4StRes_T1_DSV/IMG_3000.JPG,5.0,7.569680213928223,7.630893707275391,0.06121339648962021,2.6308937072753906,2.5696802139282227,gold_only,45,single_rater_weak
2025_09_15_Re4StRes_T1_DSV/IMG_3001.JPG,plot_14a8fb424e96fe0a56d0,dsv_asendorf_t1_bbch11,/home/nfs/data/nvme_datasets/Pictures_CFSB_leaf_damage/2025_09_15_Re4StRes_T1_DSV/IMG_3001.JPG,3.0,1.6058478355407715,1.3708007335662842,-0.2350471168756485,1.6291992664337158,1.3941521644592285,gold_only,45,single_rater_weak
2025_09_15_Re4StRes_T1_DSV/IMG_3002.JPG,plot_14a8fb424e96fe0a56d0,dsv_asendorf_t1_bbch11,/home/nfs/data/nvme_datasets/Pictures_CFSB_leaf_damage/2025_09_15_Re4StRes_T1_DSV/IMG_3002.JPG,2.0,1.3744845390319824,1.1049240827560425,-0.26956042647361755,0.8950759172439575,0.6255154609680176,gold_only,45,single_rater_weak
2025_09_15_Re4StRes_T1_DSV/IMG_3003.JPG,plot_aa97836ee689a5b0b216,dsv_asendorf_t1_bbch11,/home/nfs/data/nvme_datasets/Pictures_CFSB_leaf_damage/2025_09_15_Re4StRes_T1_DSV/IMG_3003.JPG,1.0,1.047658920288086,0.4815174341201782,-0.5661414861679077,0.5184825658798218,0.04765892028808594,gold_only,45,single_rater_weak
2025_09_15_Re4StRes_T1_DSV/IMG_3004.JPG,plot_aa97836ee689a5b0b216,dsv_asendorf_t1_bbch11,/home/nfs/data/nvme_datasets/Pictures_CFSB_leaf_damage/2025_09_15_Re4StRes_T1_DSV/IMG_3004.JPG,1.0,1.2519283294677734,1.731069803237915,0.4791415333747864,0.731069803237915,0.25192832946777344,gold_only,45,single_rater_weak
2025_09_15_Re4StRes_T1_DSV/IMG_3005.JPG,plot_aa97836ee689a5b0b216,dsv_asendorf_t1_bbch11,/home/nfs/data/nvme_datasets/Pictures_CFSB_leaf_damage/2025_09_15_Re4StRes_T1_DSV/IMG_3005.JPG,1.0,1.3862013816833496,1.0853537321090698,-0.3008476793766022,0.08535373210906982,0.3862013816833496,gold_only,45,single_rater_weak
2025_09_15_Re4StRes_T1_DSV/IMG_3006.JPG,plot_a1e8146ba955f839ae4f,dsv_asendorf_t1_bbch11,/home/nfs/data/nvme_datasets/Pictures_CFSB_leaf_damage/2025_09_15_Re4StRes_T1_DSV/IMG_3006.JPG,2.0,2.5587449073791504,2.660637855529785,0.10189306735992432,0.6606378555297852,0.5587449073791504,gold_only,45,single_rater_weak
2025_09_15_Re4StRes_T1_DSV/IMG_3007.JPG,plot_a1e8146ba955f839ae4f,dsv_asendorf_t1_bbch11,/home/nfs/data/nvme_datasets/Pictures_CFSB_leaf_damage/2025_09_15_Re4StRes_T1_DSV/IMG_3007.JPG,1.0,1.3458471298217773,1.0497877597808838,-0.29605942964553833,0.04978775978088379,0.34584712982177734,gold_only,45,single_rater_weak
2025_09_15_Re4StRes_T1_DSV/IMG_3008.JPG,plot_a1e8146ba955f839ae4f,dsv_asendorf_t1_bbch11,/home/nfs/data/nvme_datasets/Pictures_CFSB_leaf_damage/2025_09_15_Re4StRes_T1_DSV/IMG_3008.JPG,2.0,4.336676597595215,4.110137462615967,-0.2265390008687973,2.110137462615967,2.336676597595215,gold_only,45,single_rater_weak
2025_09_15_Re4StRes_T1_DSV/IMG_3009.JPG,plot_9f0cb6f1d4a457848dbb,dsv_asendorf_t1_bbch11,/home/nfs/data/nvme_datasets/Pictures_CFSB_leaf_damage/2025_09_15_Re4StRes_T1_DSV/IMG_3009.JPG,1.0,2.825843334197998,3.0977022647857666,0.27185890078544617,2.0977022647857666,1.825843334197998,gold_only,45,single_rater_weak
2025_09_15_Re4StRes_T1_DSV/IMG_3010.JPG,plot_9f0cb6f1d4a457848dbb,dsv_asendorf_t1_bbch11,/home/nfs/data/nvme_datasets/Pictures_CFSB_leaf_damage/2025_09_15_Re4StRes_T1_DSV/IMG_3010.JPG,2.0,1.4765691757202148,1.227618932723999,-0.24895025789737701,0.772381067276001,0.5234308242797852,gold_only,45,single_rater_weak
2025_09_15_Re4StRes_T1_DSV/IMG_3011.JPG,plot_9f0cb6f1d4a457848dbb,dsv_asendorf_t1_bbch11,/home/nfs/data/nvme_datasets/Pictures_CFSB_leaf_damage/2025_09_15_Re4StRes_T1_DSV/IMG_3011.JPG,3.0,0.8321342468261719,1.084977149963379,0.25284284353256226,1.915022850036621,2.167865753173828,gold_only,45,single_rater_weak
2025_09_15_Re4StRes_T1_DSV/IMG_3012.JPG,plot_d3562811b7b7b9141ae0,dsv_asendorf_t1_bbch11,/home/nfs/data/nvme_datasets/Pictures_CFSB_leaf_damage/2025_09_15_Re4StRes_T1_DSV/IMG_3012.JPG,2.0,0.4133114814758301,0.14650189876556396,-0.2668095827102661,1.853498101234436,1.58668851852417,gold_only,45,single_rater_weak
2025_09_15_Re4StRes_T1_DSV/IMG_3013.JPG,plot_d3562811b7b7b9141ae0,dsv_asendorf_t1_bbch11,/home/nfs/data/nvme_datasets/Pictures_CFSB_leaf_damage/2025_09_15_Re4StRes_T1_DSV/IMG_3013.JPG,2.0,2.6845803260803223,3.0058534145355225,0.3212730884552002,1.0058534145355225,0.6845803260803223,gold_only,45,single_rater_weak
2025_09_15_Re4StRes_T1_DSV/IMG_3014.JPG,plot_d3562811b7b7b9141ae0,dsv_asendorf_t1_bbch11,/home/nfs/data/nvme_datasets/Pictures_CFSB_leaf_damage/2025_09_15_Re4StRes_T1_DSV/IMG_3014.JPG,1.0,1.7185001373291016,1.8234044313430786,0.10490426421165466,0.8234044313430786,0.7185001373291016,gold_only,45,single_rater_weak
2025_09_15_Re4StRes_T1_DSV/IMG_3016.JPG,plot_71afd76761b661030718,dsv_asendorf_t1_bbch11,/home/nfs/data/nvme_datasets/Pictures_CFSB_leaf_damage/2025_09_15_Re4StRes_T1_DSV/IMG_3016.JPG,5.0,1.744734764099121,1.9079835414886475,0.16324877738952637,3.0920164585113525,3.255265235900879,gold_only,45,single_rater_weak
2025_09_15_Re4StRes_T1_DSV/IMG_3017.JPG,plot_71afd76761b661030718,dsv_asendorf_t1_bbch11,/home/nfs/data/nvme_datasets/Pictures_CFSB_leaf_damage/2025_09_15_Re4StRes_T1_DSV/IMG_3017.JPG,1.0,0.2534751892089844,-0.13638168573379517,-0.38985687494277954,1.1363816261291504,0.7465248107910156,gold_only,45,single_rater_weak
2025_09_15_Re4StRes_T1_DSV/IMG_3018.JPG,plot_71afd76761b661030718,dsv_asendorf_t1_bbch11,/home/nfs/data/nvme_datasets/Pictures_CFSB_leaf_damage/2025_09_15_Re4StRes_T1_DSV/IMG_3018.JPG,1.0,0.033873558044433594,0.02248336374759674,-0.011390194296836853,0.9775166511535645,0.9661264419555664,gold_only,45,single_rater_weak
2025_09_15_Re4StRes_T1_DSV/IMG_3019.JPG,plot_d104a1c2316299fcc3e9,dsv_asendorf_t1_bbch11,/home/nfs/data/nvme_datasets/Pictures_CFSB_leaf_damage/2025_09_15_Re4StRes_T1_DSV/IMG_3019.JPG,7.0,2.3736519813537598,2.1871402263641357,-0.18651169538497925,4.812859535217285,4.62634801864624,gold_only,45,single_rater_weak
2025_09_15_Re4StRes_T1_DSV/IMG_3020.JPG,plot_d104a1c2316299fcc3e9,dsv_asendorf_t1_bbch11,/home/nfs/data/nvme_datasets/Pictures_CFSB_leaf_damage/2025_09_15_Re4StRes_T1_DSV/IMG_3020.JPG,12.0,3.314687728881836,2.7913718223571777,-0.5233160257339478,9.208627700805664,8.685312271118164,gold_only,45,single_rater_weak
2025_09_15_Re4StRes_T1_DSV/IMG_3021.JPG,plot_d104a1c2316299fcc3e9,dsv_asendorf_t1_bbch11,/home/nfs/data/nvme_datasets/Pictures_CFSB_leaf_damage/2025_09_15_Re4StRes_T1_DSV/IMG_3021.JPG,9.0,2.1058287620544434,1.6829407215118408,-0.42288804054260254,7.317059516906738,6.894171237945557,gold_only,45,single_rater_weak
2025_09_15_Re4StRes_T1_DSV/IMG_3022.JPG,plot_fcd78b9cf75eff63f9b3,dsv_asendorf_t1_bbch11,/home/nfs/data/nvme_datasets/Pictures_CFSB_leaf_damage/2025_09_15_Re4StRes_T1_DSV/IMG_3022.JPG,4.0,1.7818589210510254,1.3087338209152222,-0.4731251299381256,2.6912660598754883,2.2181410789489746,gold_only,45,single_rater_weak
2025_09_15_Re4StRes_T1_DSV/IMG_3023.JPG,plot_fcd78b9cf75eff63f9b3,dsv_asendorf_t1_bbch11,/home/nfs/data/nvme_datasets/Pictures_CFSB_leaf_damage/2025_09_15_Re4StRes_T1_DSV/IMG_3023.JPG,5.0,0.3160514831542969,-0.23051124811172485,-0.5465627312660217,5.23051118850708,4.683948516845703,gold_only,45,single_rater_weak
2025_09_15_Re4StRes_T1_DSV/IMG_3024.JPG,plot_fcd78b9cf75eff63f9b3,dsv_asendorf_t1_bbch11,/home/nfs/data/nvme_datasets/Pictures_CFSB_leaf_damage/2025_09_15_Re4StRes_T1_DSV/IMG_3024.JPG,3.0,-0.37993431091308594,-0.8028165698051453,-0.4228822588920593,3.80281662940979,3.379934310913086,gold_only,45,single_rater_weak
2025_09_15_Re4StRes_T1_DSV/IMG_3025.JPG,plot_5ea37da6e73f21c4a6e1,dsv_asendorf_t1_bbch11,/home/nfs/data/nvme_datasets/Pictures_CFSB_leaf_damage/2025_09_15_Re4StRes_T1_DSV/IMG_3025.JPG,2.0,0.8951554298400879,0.49852433800697327,-0.3966310918331146,1.5014756917953491,1.104844570159912,gold_only,45,single_rater_weak
2025_09_15_Re4StRes_T1_DSV/IMG_3026.JPG,plot_5ea37da6e73f21c4a6e1,dsv_asendorf_t1_bbch11,/home/nfs/data/nvme_datasets/Pictures_CFSB_leaf_damage/2025_09_15_Re4StRes_T1_DSV/IMG_3026.JPG,3.0,0.1971454620361328,0.03987947106361389,-0.15726599097251892,2.960120439529419,2.802854537963867,gold_only,45,single_rater_weak
2025_09_15_Re4StRes_T1_DSV/IMG_3029.JPG,plot_5ea37da6e73f21c4a6e1,dsv_asendorf_t1_bbch11,/home/nfs/data/nvme_datasets/Pictures_CFSB_leaf_damage/2025_09_15_Re4StRes_T1_DSV/IMG_3029.JPG,2.0,0.6689701080322266,-0.1874089241027832,-0.8563790321350098,2.187408924102783,1.3310298919677734,gold_only,45,single_rater_weak
2025_09_15_Re4StRes_T1_DSV/IMG_3030.JPG,plot_0ce175aa7ca7721d50e7,dsv_asendorf_t1_bbch11,/home/nfs/data/nvme_datasets/Pictures_CFSB_leaf_damage/2025_09_15_Re4StRes_T1_DSV/IMG_3030.JPG,4.0,2.3100967407226562,1.8251144886016846,-0.48498231172561646,2.1748855113983154,1.6899032592773438,gold_only,45,single_rater_weak
2025_09_15_Re4StRes_T1_DSV/IMG_3031.JPG,plot_0ce175aa7ca7721d50e7,dsv_asendorf_t1_bbch11,/home/nfs/data/nvme_datasets/Pictures_CFSB_leaf_damage/2025_09_15_Re4StRes_T1_DSV/IMG_3031.JPG,7.0,2.4199156761169434,2.092926025390625,-0.3269897699356079,4.907073974609375,4.580084323883057,gold_only,45,single_rater_weak
2025_09_15_Re4StRes_T1_DSV/IMG_3032.JPG,plot_0ce175aa7ca7721d50e7,dsv_asendorf_t1_bbch11,/home/nfs/data/nvme_datasets/Pictures_CFSB_leaf_damage/2025_09_15_Re4StRes_T1_DSV/IMG_3032.JPG,2.0,0.9584217071533203,0.5111250877380371,-0.4472966492176056,1.488874912261963,1.0415782928466797,gold_only,45,single_rater_weak
2025_09_15_Re4StRes_T1_DSV/IMG_3033.JPG,plot_a3eb976f1f47c49facd3,dsv_asendorf_t1_bbch11,/home/nfs/data/nvme_datasets/Pictures_CFSB_leaf_damage/2025_09_15_Re4StRes_T1_DSV/IMG_3033.JPG,8.0,2.392977714538574,2.032843828201294,-0.3601338267326355,5.967156410217285,5.607022285461426,gold_only,45,single_rater_weak
2025_09_15_Re4StRes_T1_DSV/IMG_3034.JPG,plot_a3eb976f1f47c49facd3,dsv_asendorf_t1_bbch11,/home/nfs/data/nvme_datasets/Pictures_CFSB_leaf_damage/2025_09_15_Re4StRes_T1_DSV/IMG_3034.JPG,14.0,2.1985158920288086,1.7244691848754883,-0.4740467667579651,12.275530815124512,11.801484107971191,gold_only,45,single_rater_weak
2025_09_15_Re4StRes_T1_DSV/IMG_3035.JPG,plot_a3eb976f1f47c49facd3,dsv_asendorf_t1_bbch11,/home/nfs/data/nvme_datasets/Pictures_CFSB_leaf_damage/2025_09_15_Re4StRes_T1_DSV/IMG_3035.JPG,5.0,3.513529062271118,2.8156516551971436,-0.6978774666786194,2.1843483448028564,1.4864709377288818,gold_only,45,single_rater_weak
2025_09_15_Re4StRes_T1_DSV/IMG_3038.JPG,plot_77d5b5f84041b233d0f3,dsv_asendorf_t1_bbch11,/home/nfs/data/nvme_datasets/Pictures_CFSB_leaf_damage/2025_09_15_Re4StRes_T1_DSV/IMG_3038.JPG,10.0,1.4808297157287598,1.3044922351837158,-0.17633752524852753,8.695508003234863,8.519170761108398,gold_only,45,single_rater_weak
2025_09_15_Re4StRes_T1_DSV/IMG_3039.JPG,plot_77d5b5f84041b233d0f3,dsv_asendorf_t1_bbch11,/home/nfs/data/nvme_datasets/Pictures_CFSB_leaf_damage/2025_09_15_Re4StRes_T1_DSV/IMG_3039.JPG,14.0,1.2762045860290527,0.5714695453643799,-0.7047350406646729,13.4285306930542,12.723794937133789,gold_only,45,single_rater_weak
2025_09_15_Re4StRes_T1_DSV/IMG_3040.JPG,plot_77d5b5f84041b233d0f3,dsv_asendorf_t1_bbch11,/home/nfs/data/nvme_datasets/Pictures_CFSB_leaf_damage/2025_09_15_Re4StRes_T1_DSV/IMG_3040.JPG,12.0,1.0310354232788086,0.4725804924964905,-0.5584549307823181,11.527419090270996,10.968964576721191,gold_only,45,single_rater_weak
2025_09_15_Re4StRes_T1_DSV/IMG_3041.JPG,plot_41e2d36a0697e4fdd1d3,dsv_asendorf_t1_bbch11,/home/nfs/data/nvme_datasets/Pictures_CFSB_leaf_damage/2025_09_15_Re4StRes_T1_DSV/IMG_3041.JPG,1.0,-0.5602178573608398,-0.30954164266586304,0.2506762146949768,1.3095417022705078,1.5602178573608398,gold_only,45,single_rater_weak
2025_09_15_Re4StRes_T1_DSV/IMG_3042.JPG,plot_41e2d36a0697e4fdd1d3,dsv_asendorf_t1_bbch11,/home/nfs/data/nvme_datasets/Pictures_CFSB_leaf_damage/2025_09_15_Re4StRes_T1_DSV/IMG_3042.JPG,4.0,0.4389195442199707,0.5097053647041321,0.07078581303358078,3.4902946949005127,3.5610804557800293,gold_only,45,single_rater_weak
2025_09_15_Re4StRes_T1_DSV/IMG_3043.JPG,plot_41e2d36a0697e4fdd1d3,dsv_asendorf_t1_bbch11,/home/nfs/data/nvme_datasets/Pictures_CFSB_leaf_damage/2025_09_15_Re4StRes_T1_DSV/IMG_3043.JPG,2.0,0.42969751358032227,0.7579410076141357,0.3282434940338135,1.2420589923858643,1.5703024864196777,gold_only,45,single_rater_weak
2025_09_15_Re4StRes_T1_DSV/IMG_3044.JPG,plot_82a33bdf683d81af54ca,dsv_asendorf_t1_bbch11,/home/nfs/data/nvme_datasets/Pictures_CFSB_leaf_damage/2025_09_15_Re4StRes_T1_DSV/IMG_3044.JPG,2.0,0.9982171058654785,0.8265576362609863,-0.171659454703331,1.1734423637390137,1.0017828941345215,gold_only,45,single_rater_weak
2025_09_15_Re4StRes_T1_DSV/IMG_3045.JPG,plot_82a33bdf683d81af54ca,dsv_asendorf_t1_bbch11,/home/nfs/data/nvme_datasets/Pictures_CFSB_leaf_damage/2025_09_15_Re4StRes_T1_DSV/IMG_3045.JPG,2.0,0.4906034469604492,-0.0589599609375,-0.5495634078979492,2.0589599609375,1.5093965530395508,gold_only,45,single_rater_weak
2025_09_15_Re4StRes_T1_DSV/IMG_3046.JPG,plot_82a33bdf683d81af54ca,dsv_asendorf_t1_bbch11,/home/nfs/data/nvme_datasets/Pictures_CFSB_leaf_damage/2025_09_15_Re4StRes_T1_DSV/IMG_3046.JPG,3.0,1.848196029663086,1.3275481462478638,-0.5206478834152222,1.6724518537521362,1.151803970336914,gold_only,45,single_rater_weak
2025_09_15_Re4StRes_T1_DSV/IMG_3047.JPG,plot_beabe437af1837675d26,dsv_asendorf_t1_bbch11,/home/nfs/data/nvme_datasets/Pictures_CFSB_leaf_damage/2025_09_15_Re4StRes_T1_DSV/IMG_3047.JPG,12.0,3.0942749977111816,2.7281017303466797,-0.36617326736450195,9.27189826965332,8.905725479125977,gold_only,45,single_rater_weak
2025_09_15_Re4StRes_T1_DSV/IMG_3048.JPG,plot_beabe437af1837675d26,dsv_asendorf_t1_bbch11,/home/nfs/data/nvme_datasets/Pictures_CFSB_leaf_damage/2025_09_15_Re4StRes_T1_DSV/IMG_3048.JPG,1.0,0.06614351272583008,0.027869753539562225,-0.03827375918626785,0.9721302390098572,0.9338564872741699,gold_only,45,single_rater_weak
2025_09_15_Re4StRes_T1_DSV/IMG_3049.JPG,plot_beabe437af1837675d26,dsv_asendorf_t1_bbch11,/home/nfs/data/nvme_datasets/Pictures_CFSB_leaf_damage/2025_09_15_Re4StRes_T1_DSV/IMG_3049.JPG,15.0,0.6644692420959473,0.27088505029678345,-0.3935841917991638,14.729114532470703,14.335531234741211,gold_only,45,single_rater_weak
2025_09_15_Re4StRes_T1_DSV/IMG_3051.JPG,plot_a2ed1cc6b8bdcc6149bd,dsv_asendorf_t1_bbch11,/home/nfs/data/nvme_datasets/Pictures_CFSB_leaf_damage/2025_09_15_Re4StRes_T1_DSV/IMG_3051.JPG,20.0,3.4707210063934326,3.6395134925842285,0.16879254579544067,16.36048698425293,16.529279708862305,gold_only,45,single_rater_weak
2025_09_15_Re4StRes_T1_DSV/IMG_3052.JPG,plot_a2ed1cc6b8bdcc6149bd,dsv_asendorf_t1_bbch11,/home/nfs/data/nvme_datasets/Pictures_CFSB_leaf_damage/2025_09_15_Re4StRes_T1_DSV/IMG_3052.JPG,1.0,0.2760128974914551,-0.030874431133270264,-0.30688732862472534,1.030874490737915,0.7239871025085449,gold_only,45,single_rater_weak
2025_09_15_Re4StRes_T1_DSV/IMG_3053.JPG,plot_a2ed1cc6b8bdcc6149bd,dsv_asendorf_t1_bbch11,/home/nfs/data/nvme_datasets/Pictures_CFSB_leaf_damage/2025_09_15_Re4StRes_T1_DSV/IMG_3053.JPG,6.0,1.2175383567810059,0.4205661416053772,-0.7969722151756287,5.579433917999268,4.782461643218994,gold_only,45,single_rater_weak
2025_09_15_Re4StRes_T1_DSV/IMG_3054.JPG,plot_b4a8a8105ed2dbe9ebe8,dsv_asendorf_t1_bbch11,/home/nfs/data/nvme_datasets/Pictures_CFSB_leaf_damage/2025_09_15_Re4StRes_T1_DSV/IMG_3054.JPG,2.0,2.6400294303894043,2.3255960941314697,-0.31443339586257935,0.3255960941314697,0.6400294303894043,gold_only,45,single_rater_weak
2025_09_15_Re4StRes_T1_DSV/IMG_3055.JPG,plot_b4a8a8105ed2dbe9ebe8,dsv_asendorf_t1_bbch11,/home/nfs/data/nvme_datasets/Pictures_CFSB_leaf_damage/2025_09_15_Re4StRes_T1_DSV/IMG_3055.JPG,14.0,1.2995834350585938,0.9158403873443604,-0.3837430775165558,13.084159851074219,12.700416564941406,gold_only,45,single_rater_weak
2025_09_15_Re4StRes_T1_DSV/IMG_3056.JPG,plot_b4a8a8105ed2dbe9ebe8,dsv_asendorf_t1_bbch11,/home/nfs/data/nvme_datasets/Pictures_CFSB_leaf_damage/2025_09_15_Re4StRes_T1_DSV/IMG_3056.JPG,19.0,3.325007915496826,3.0597517490386963,-0.2652561366558075,15.940248489379883,15.674991607666016,gold_only,45,single_rater_weak
2025_09_15_Re4StRes_T1_DSV/IMG_3057.JPG,plot_3e540258e11d136b5e0a,dsv_asendorf_t1_bbch11,/home/nfs/data/nvme_datasets/Pictures_CFSB_leaf_damage/2025_09_15_Re4StRes_T1_DSV/IMG_3057.JPG,2.0,0.6487579345703125,-0.15349555015563965,-0.8022534847259521,2.1534955501556396,1.3512420654296875,gold_only,45,single_rater_weak
2025_09_15_Re4StRes_T1_DSV/IMG_3058.JPG,plot_3e540258e11d136b5e0a,dsv_asendorf_t1_bbch11,/home/nfs/data/nvme_datasets/Pictures_CFSB_leaf_damage/2025_09_15_Re4StRes_T1_DSV/IMG_3058.JPG,2.0,1.025611400604248,0.3034015893936157,-0.7222098112106323,1.6965984106063843,0.974388599395752,gold_only,45,single_rater_weak
2025_09_15_Re4StRes_T1_DSV/IMG_3059.JPG,plot_3e540258e11d136b5e0a,dsv_asendorf_t1_bbch11,/home/nfs/data/nvme_datasets/Pictures_CFSB_leaf_damage/2025_09_15_Re4StRes_T1_DSV/IMG_3059.JPG,22.0,2.257467746734619,1.701931357383728,-0.5555363893508911,20.29806900024414,19.74253273010254,gold_only,45,single_rater_weak
2025_09_15_Re4StRes_T1_DSV/IMG_3060.JPG,plot_36946134443f48a42c1a,dsv_asendorf_t1_bbch11,/home/nfs/data/nvme_datasets/Pictures_CFSB_leaf_damage/2025_09_15_Re4StRes_T1_DSV/IMG_3060.JPG,4.0,1.299349308013916,1.0551339387893677,-0.24421539902687073,2.944866180419922,2.700650691986084,gold_only,45,single_rater_weak
2025_09_15_Re4StRes_T1_DSV/IMG_3061.JPG,plot_36946134443f48a42c1a,dsv_asendorf_t1_bbch11,/home/nfs/data/nvme_datasets/Pictures_CFSB_leaf_damage/2025_09_15_Re4StRes_T1_DSV/IMG_3061.JPG,22.0,3.3880677223205566,3.1597228050231934,-0.22834479808807373,18.84027671813965,18.6119327545166,gold_only,45,single_rater_weak
2025_09_15_Re4StRes_T1_DSV/IMG_3062.JPG,plot_36946134443f48a42c1a,dsv_asendorf_t1_bbch11,/home/nfs/data/nvme_datasets/Pictures_CFSB_leaf_damage/2025_09_15_Re4StRes_T1_DSV/IMG_3062.JPG,1.0,0.7341017723083496,0.11310005187988281,-0.6210017204284668,0.8868999481201172,0.2658982276916504,gold_only,45,single_rater_weak
2025_09_15_Re4StRes_T1_DSV/IMG_3063.JPG,plot_c6d52590997c1a6a7b06,dsv_asendorf_t1_bbch11,/home/nfs/data/nvme_datasets/Pictures_CFSB_leaf_damage/2025_09_15_Re4StRes_T1_DSV/IMG_3063.JPG,4.0,1.6631250381469727,0.8346500396728516,-0.8284749984741211,3.1653499603271484,2.3368749618530273,gold_only,45,single_rater_weak
2025_09_15_Re4StRes_T1_DSV/IMG_3064.JPG,plot_c6d52590997c1a6a7b06,dsv_asendorf_t1_bbch11,/home/nfs/data/nvme_datasets/Pictures_CFSB_leaf_damage/2025_09_15_Re4StRes_T1_DSV/IMG_3064.JPG,4.0,2.9771180152893066,3.4464519023895264,0.4693339765071869,0.5535480976104736,1.0228819847106934,gold_only,45,single_rater_weak
2025_09_15_Re4StRes_T1_DSV/IMG_3065.JPG,plot_c6d52590997c1a6a7b06,dsv_asendorf_t1_bbch11,/home/nfs/data/nvme_datasets/Pictures_CFSB_leaf_damage/2025_09_15_Re4StRes_T1_DSV/IMG_3065.JPG,10.0,3.2421154975891113,3.0888726711273193,-0.15324273705482483,6.911127090454102,6.757884502410889,gold_only,45,single_rater_weak
2025_09_15_Re4StRes_T1_DSV/IMG_3066.JPG,plot_5b5cb2833023b786f6d1,dsv_asendorf_t1_bbch11,/home/nfs/data/nvme_datasets/Pictures_CFSB_leaf_damage/2025_09_15_Re4StRes_T1_DSV/IMG_3066.JPG,2.0,0.5046696662902832,0.33637112379074097,-0.16829854249954224,1.6636288166046143,1.4953303337097168,gold_only,45,single_rater_weak
2025_09_15_Re4StRes_T1_DSV/IMG_3067.JPG,plot_5b5cb2833023b786f6d1,dsv_asendorf_t1_bbch11,/home/nfs/data/nvme_datasets/Pictures_CFSB_leaf_damage/2025_09_15_Re4StRes_T1_DSV/IMG_3067.JPG,3.0,0.440310001373291,-0.03659945726394653,-0.47690945863723755,3.0365993976593018,2.559689998626709,gold_only,45,single_rater_weak
2025_09_15_Re4StRes_T1_DSV/IMG_3068.JPG,plot_5b5cb2833023b786f6d1,dsv_asendorf_t1_bbch11,/home/nfs/data/nvme_datasets/Pictures_CFSB_leaf_damage/2025_09_15_Re4StRes_T1_DSV/IMG_3068.JPG,15.0,1.2661442756652832,1.0542830228805542,-0.21186120808124542,13.945716857910156,13.733856201171875,gold_only,45,single_rater_weak
2025_09_15_Re4StRes_T1_DSV/IMG_3069.JPG,plot_a4f0c368013c826ed72e,dsv_asendorf_t1_bbch11,/home/nfs/data/nvme_datasets/Pictures_CFSB_leaf_damage/2025_09_15_Re4StRes_T1_DSV/IMG_3069.JPG,8.0,0.9964022636413574,0.6563634872436523,-0.3400387763977051,7.343636512756348,7.003597736358643,gold_only,45,single_rater_weak
2025_09_15_Re4StRes_T1_DSV/IMG_3070.JPG,plot_a4f0c368013c826ed72e,dsv_asendorf_t1_bbch11,/home/nfs/data/nvme_datasets/Pictures_CFSB_leaf_damage/2025_09_15_Re4StRes_T1_DSV/IMG_3070.JPG,2.0,0.3432140350341797,0.743303120136261,0.4000890851020813,1.2566969394683838,1.6567859649658203,gold_only,45,single_rater_weak
2025_09_15_Re4StRes_T1_DSV/IMG_3071.JPG,plot_a4f0c368013c826ed72e,dsv_asendorf_t1_bbch11,/home/nfs/data/nvme_datasets/Pictures_CFSB_leaf_damage/2025_09_15_Re4StRes_T1_DSV/IMG_3071.JPG,8.0,1.5473108291625977,2.0071358680725098,0.45982491970062256,5.99286413192749,6.452689170837402,gold_only,45,single_rater_weak
2025_09_15_Re4StRes_T1_DSV/IMG_3072.JPG,plot_079cfae1722c234c4cbf,dsv_asendorf_t1_bbch11,/home/nfs/data/nvme_datasets/Pictures_CFSB_leaf_damage/2025_09_15_Re4StRes_T1_DSV/IMG_3072.JPG,6.0,0.7883696556091309,0.48086002469062805,-0.3075096309185028,5.519139766693115,5.211630344390869,gold_only,45,single_rater_weak
2025_09_15_Re4StRes_T1_DSV/IMG_3073.JPG,plot_079cfae1722c234c4cbf,dsv_asendorf_t1_bbch11,/home/nfs/data/nvme_datasets/Pictures_CFSB_leaf_damage/2025_09_15_Re4StRes_T1_DSV/IMG_3073.JPG,5.0,0.6857118606567383,1.1615785360336304,0.4758666753768921,3.83842134475708,4.314288139343262,gold_only,45,single_rater_weak
2025_09_15_Re4StRes_T1_DSV/IMG_3074.JPG,plot_079cfae1722c234c4cbf,dsv_asendorf_t1_bbch11,/home/nfs/data/nvme_datasets/Pictures_CFSB_leaf_damage/2025_09_15_Re4StRes_T1_DSV/IMG_3074.JPG,16.0,2.4581894874572754,2.8627851009368896,0.40459567308425903,13.137214660644531,13.541810989379883,gold_only,45,single_rater_weak
2025_09_15_Re4StRes_T1_DSV/IMG_3075.JPG,plot_dfca0e4d30041b1626c7,dsv_asendorf_t1_bbch11,/home/nfs/data/nvme_datasets/Pictures_CFSB_leaf_damage/2025_09_15_Re4StRes_T1_DSV/IMG_3075.JPG,21.0,1.83314847946167,2.0744385719299316,0.2412901520729065,18.925561904907227,19.166851043701172,gold_only,45,single_rater_weak
2025_09_15_Re4StRes_T1_DSV/IMG_3076.JPG,plot_dfca0e4d30041b1626c7,dsv_asendorf_t1_bbch11,/home/nfs/data/nvme_datasets/Pictures_CFSB_leaf_damage/2025_09_15_Re4StRes_T1_DSV/IMG_3076.JPG,10.0,0.3918018341064453,0.468828409910202,0.07702657580375671,9.531171798706055,9.608198165893555,gold_only,45,single_rater_weak
2025_09_15_Re4StRes_T1_DSV/IMG_3077.JPG,plot_dfca0e4d30041b1626c7,dsv_asendorf_t1_bbch11,/home/nfs/data/nvme_datasets/Pictures_CFSB_leaf_damage/2025_09_15_Re4StRes_T1_DSV/IMG_3077.JPG,16.0,1.4392070770263672,2.004199981689453,0.5649927854537964,13.995800018310547,14.560792922973633,gold_only,45,single_rater_weak
2025_09_15_Re4StRes_T1_DSV/IMG_3078.JPG,plot_872a472d88c05d21c13c,dsv_asendorf_t1_bbch11,/home/nfs/data/nvme_datasets/Pictures_CFSB_leaf_damage/2025_09_15_Re4StRes_T1_DSV/IMG_3078.JPG,4.0,0.10432577133178711,-0.4663197994232178,-0.5706455707550049,4.466320037841797,3.895674228668213,gold_only,45,single_rater_weak
2025_09_15_Re4StRes_T1_DSV/IMG_3079.JPG,plot_872a472d88c05d21c13c,dsv_asendorf_t1_bbch11,/home/nfs/data/nvme_datasets/Pictures_CFSB_leaf_damage/2025_09_15_Re4StRes_T1_DSV/IMG_3079.JPG,5.0,-0.43995237350463867,-0.8852143287658691,-0.4452619254589081,5.885214328765869,5.439952373504639,gold_only,45,single_rater_weak
2025_09_15_Re4StRes_T1_DSV/IMG_3080.JPG,plot_872a472d88c05d21c13c,dsv_asendorf_t1_bbch11,/home/nfs/data/nvme_datasets/Pictures_CFSB_leaf_damage/2025_09_15_Re4StRes_T1_DSV/IMG_3080.JPG,14.0,-0.24537420272827148,-0.7299466133117676,-0.4845723807811737,14.72994613647461,14.24537467956543,gold_only,45,single_rater_weak
2025_09_15_Re4StRes_T1_DSV/IMG_3081.JPG,plot_b87d088d07adcfff1ebd,dsv_asendorf_t1_bbch11,/home/nfs/data/nvme_datasets/Pictures_CFSB_leaf_damage/2025_09_15_Re4StRes_T1_DSV/IMG_3081.JPG,3.0,1.2138023376464844,0.5801375508308411,-0.6336647868156433,2.4198625087738037,1.7861976623535156,gold_only,45,single_rater_weak
2025_09_15_Re4StRes_T1_DSV/IMG_3082.JPG,plot_b87d088d07adcfff1ebd,dsv_asendorf_t1_bbch11,/home/nfs/data/nvme_datasets/Pictures_CFSB_leaf_damage/2025_09_15_Re4StRes_T1_DSV/IMG_3082.JPG,18.0,1.202061653137207,0.8446873426437378,-0.35737428069114685,17.15531349182129,16.79793930053711,gold_only,45,single_rater_weak
2025_09_15_Re4StRes_T1_DSV/IMG_3083.JPG,plot_b87d088d07adcfff1ebd,dsv_asendorf_t1_bbch11,/home/nfs/data/nvme_datasets/Pictures_CFSB_leaf_damage/2025_09_15_Re4StRes_T1_DSV/IMG_3083.JPG,6.0,0.33817529678344727,-0.15078049898147583,-0.4889557957649231,6.15078067779541,5.661824703216553,gold_only,45,single_rater_weak
2025_09_15_Re4StRes_T1_DSV/IMG_3084.JPG,plot_b4abae7476e8e480b37d,dsv_asendorf_t1_bbch11,/home/nfs/data/nvme_datasets/Pictures_CFSB_leaf_damage/2025_09_15_Re4StRes_T1_DSV/IMG_3084.JPG,34.0,4.425973415374756,5.152853012084961,0.7268795371055603,28.84714698791504,29.574026107788086,gold_only,45,single_rater_weak
2025_09_15_Re4StRes_T1_DSV/IMG_3085.JPG,plot_b4abae7476e8e480b37d,dsv_asendorf_t1_bbch11,/home/nfs/data/nvme_datasets/Pictures_CFSB_leaf_damage/2025_09_15_Re4StRes_T1_DSV/IMG_3085.JPG,10.0,2.148224353790283,1.636475682258606,-0.5117486715316772,8.363524436950684,7.851775646209717,gold_only,45,single_rater_weak
2025_09_15_Re4StRes_T1_DSV/IMG_3086.JPG,plot_b4abae7476e8e480b37d,dsv_asendorf_t1_bbch11,/home/nfs/data/nvme_datasets/Pictures_CFSB_leaf_damage/2025_09_15_Re4StRes_T1_DSV/IMG_3086.JPG,5.0,2.717020034790039,2.6439247131347656,-0.0730954110622406,2.3560752868652344,2.282979965209961,gold_only,45,single_rater_weak
2025_09_15_Re4StRes_T1_DSV/IMG_3088.JPG,plot_b3f1539c2f57598a4432,dsv_asendorf_t1_bbch11,/home/nfs/data/nvme_datasets/Pictures_CFSB_leaf_damage/2025_09_15_Re4StRes_T1_DSV/IMG_3088.JPG,18.0,3.7695696353912354,3.469346761703491,-0.300222784280777,14.53065299987793,14.230430603027344,gold_only,45,single_rater_weak
2025_09_15_Re4StRes_T1_DSV/IMG_3089.JPG,plot_b3f1539c2f57598a4432,dsv_asendorf_t1_bbch11,/home/nfs/data/nvme_datasets/Pictures_CFSB_leaf_damage/2025_09_15_Re4StRes_T1_DSV/IMG_3089.JPG,4.0,1.5833568572998047,0.9913849234580994,-0.5919719338417053,3.008615016937256,2.4166431427001953,gold_only,45,single_rater_weak
2025_09_15_Re4StRes_T1_DSV/IMG_3090.JPG,plot_b3f1539c2f57598a4432,dsv_asendorf_t1_bbch11,/home/nfs/data/nvme_datasets/Pictures_CFSB_leaf_damage/2025_09_15_Re4StRes_T1_DSV/IMG_3090.JPG,9.0,3.2248992919921875,3.0547919273376465,-0.17010748386383057,5.9452080726623535,5.7751007080078125,gold_only,45,single_rater_weak
2025_09_15_Re4StRes_T1_DSV/IMG_3091.JPG,plot_6011f9d40ff6fb4ce860,dsv_asendorf_t1_bbch11,/home/nfs/data/nvme_datasets/Pictures_CFSB_leaf_damage/2025_09_15_Re4StRes_T1_DSV/IMG_3091.JPG,17.0,4.396340370178223,4.226656913757324,-0.16968342661857605,12.773343086242676,12.603659629821777,gold_only,45,single_rater_weak
2025_09_15_Re4StRes_T1_DSV/IMG_3092.JPG,plot_6011f9d40ff6fb4ce860,dsv_asendorf_t1_bbch11,/home/nfs/data/nvme_datasets/Pictures_CFSB_leaf_damage/2025_09_15_Re4StRes_T1_DSV/IMG_3092.JPG,17.0,2.2418289184570312,2.018217086791992,-0.2236117422580719,14.981782913208008,14.758171081542969,gold_only,45,single_rater_weak
2025_09_15_Re4StRes_T1_DSV/IMG_3093.JPG,plot_6011f9d40ff6fb4ce860,dsv_asendorf_t1_bbch11,/home/nfs/data/nvme_datasets/Pictures_CFSB_leaf_damage/2025_09_15_Re4StRes_T1_DSV/IMG_3093.JPG,14.0,3.3833091259002686,3.4517014026641846,0.0683923289179802,10.548298835754395,10.616690635681152,gold_only,45,single_rater_weak
2025_09_15_Re4StRes_T1_DSV/IMG_3094.JPG,plot_5100e524f84c956c18b7,dsv_asendorf_t1_bbch11,/home/nfs/data/nvme_datasets/Pictures_CFSB_leaf_damage/2025_09_15_Re4StRes_T1_DSV/IMG_3094.JPG,18.0,1.9026708602905273,1.8650072813034058,-0.0376635380089283,16.134992599487305,16.097328186035156,gold_only,45,single_rater_weak
2025_09_15_Re4StRes_T1_DSV/IMG_3095.JPG,plot_5100e524f84c956c18b7,dsv_asendorf_t1_bbch11,/home/nfs/data/nvme_datasets/Pictures_CFSB_leaf_damage/2025_09_15_Re4StRes_T1_DSV/IMG_3095.JPG,4.0,0.6349067687988281,0.1400945782661438,-0.4948121905326843,3.859905481338501,3.365093231201172,gold_only,45,single_rater_weak
2025_09_15_Re4StRes_T1_DSV/IMG_3096.JPG,plot_5100e524f84c956c18b7,dsv_asendorf_t1_bbch11,/home/nfs/data/nvme_datasets/Pictures_CFSB_leaf_damage/2025_09_15_Re4StRes_T1_DSV/IMG_3096.JPG,15.0,2.2383651733398438,1.824692726135254,-0.41367238759994507,13.175307273864746,12.761634826660156,gold_only,45,single_rater_weak
2025_09_15_Re4StRes_T1_DSV/IMG_3097.JPG,plot_c3c09c194700bb617aa1,dsv_asendorf_t1_bbch11,/home/nfs/data/nvme_datasets/Pictures_CFSB_leaf_damage/2025_09_15_Re4StRes_T1_DSV/IMG_3097.JPG,14.0,2.25296688079834,2.0141758918762207,-0.23879095911979675,11.985824584960938,11.74703311920166,gold_only,45,single_rater_weak
2025_09_15_Re4StRes_T1_DSV/IMG_3098.JPG,plot_c3c09c194700bb617aa1,dsv_asendorf_t1_bbch11,/home/nfs/data/nvme_datasets/Pictures_CFSB_leaf_damage/2025_09_15_Re4StRes_T1_DSV/IMG_3098.JPG,17.0,4.236663341522217,4.229740619659424,-0.0069228410720825195,12.770259857177734,12.763336181640625,gold_only,45,single_rater_weak
2025_09_15_Re4StRes_T1_DSV/IMG_3099.JPG,plot_c3c09c194700bb617aa1,dsv_asendorf_t1_bbch11,/home/nfs/data/nvme_datasets/Pictures_CFSB_leaf_damage/2025_09_15_Re4StRes_T1_DSV/IMG_3099.JPG,3.0,1.214141845703125,0.35497307777404785,-0.8591687679290771,2.645026922225952,1.785858154296875,gold_only,45,single_rater_weak
2025_09_15_Re4StRes_T1_DSV/IMG_3099_2.JPG,plot_94e5641632f0dce0a05a,dsv_asendorf_t1_bbch11,/home/nfs/data/nvme_datasets/Pictures_CFSB_leaf_damage/2025_09_15_Re4StRes_T1_DSV/IMG_3099_2.JPG,12.0,3.297511577606201,2.9606454372406006,-0.33686619997024536,9.03935432434082,8.70248794555664,gold_only,45,single_rater_weak
2025_09_15_Re4StRes_T1_DSV/IMG_3101.JPG,plot_94e5641632f0dce0a05a,dsv_asendorf_t1_bbch11,/home/nfs/data/nvme_datasets/Pictures_CFSB_leaf_damage/2025_09_15_Re4StRes_T1_DSV/IMG_3101.JPG,5.0,1.6814327239990234,1.2571783065795898,-0.4242544174194336,3.74282169342041,3.3185672760009766,gold_only,45,single_rater_weak
2025_09_15_Re4StRes_T1_DSV/IMG_3102.JPG,plot_94e5641632f0dce0a05a,dsv_asendorf_t1_bbch11,/home/nfs/data/nvme_datasets/Pictures_CFSB_leaf_damage/2025_09_15_Re4StRes_T1_DSV/IMG_3102.JPG,9.0,2.55192232131958,1.9391965866088867,-0.6127257943153381,7.060803413391113,6.44807767868042,gold_only,45,single_rater_weak
2025_09_15_Re4StRes_T1_DSV/IMG_3103.JPG,plot_25a7d10c39cb9d0d2f47,dsv_asendorf_t1_bbch11,/home/nfs/data/nvme_datasets/Pictures_CFSB_leaf_damage/2025_09_15_Re4StRes_T1_DSV/IMG_3103.JPG,3.0,0.3089618682861328,-0.03801459074020386,-0.34697645902633667,3.0380146503448486,2.691038131713867,gold_only,45,single_rater_weak
2025_09_15_Re4StRes_T1_DSV/IMG_3104.JPG,plot_25a7d10c39cb9d0d2f47,dsv_asendorf_t1_bbch11,/home/nfs/data/nvme_datasets/Pictures_CFSB_leaf_damage/2025_09_15_Re4StRes_T1_DSV/IMG_3104.JPG,3.0,4.065129280090332,4.211749076843262,0.14661981165409088,1.2117490768432617,1.065129280090332,gold_only,45,single_rater_weak
2025_09_15_Re4StRes_T1_DSV/IMG_3104_2.JPG,plot_25a7d10c39cb9d0d2f47,dsv_asendorf_t1_bbch11,/home/nfs/data/nvme_datasets/Pictures_CFSB_leaf_damage/2025_09_15_Re4StRes_T1_DSV/IMG_3104_2.JPG,15.0,3.8527796268463135,3.8969178199768066,0.04413830116391182,11.103082656860352,11.147220611572266,gold_only,45,single_rater_weak
2025_09_15_Re4StRes_T1_DSV/IMG_3106.JPG,plot_2e1a2f00c33795668ec5,dsv_asendorf_t1_bbch11,/home/nfs/data/nvme_datasets/Pictures_CFSB_leaf_damage/2025_09_15_Re4StRes_T1_DSV/IMG_3106.JPG,18.0,16.6096134185791,17.00969696044922,0.40008407831192017,0.9903030395507812,1.3903865814208984,gold_only,45,single_rater_weak
2025_09_15_Re4StRes_T1_DSV/IMG_3107.JPG,plot_2e1a2f00c33795668ec5,dsv_asendorf_t1_bbch11,/home/nfs/data/nvme_datasets/Pictures_CFSB_leaf_damage/2025_09_15_Re4StRes_T1_DSV/IMG_3107.JPG,6.0,6.89410924911499,7.404860019683838,0.5107508897781372,1.404860019683838,0.8941092491149902,gold_only,45,single_rater_weak
2025_09_15_Re4StRes_T1_DSV/IMG_3109.JPG,plot_2e1a2f00c33795668ec5,dsv_asendorf_t1_bbch11,/home/nfs/data/nvme_datasets/Pictures_CFSB_leaf_damage/2025_09_15_Re4StRes_T1_DSV/IMG_3109.JPG,3.0,6.086594581604004,6.484391689300537,0.3977969288825989,3.484391689300537,3.086594581604004,gold_only,45,single_rater_weak
2025_09_15_Re4StRes_T1_DSV/IMG_3110.JPG,plot_8f97ab14ca366f893551,dsv_asendorf_t1_bbch11,/home/nfs/data/nvme_datasets/Pictures_CFSB_leaf_damage/2025_09_15_Re4StRes_T1_DSV/IMG_3110.JPG,2.0,6.009902000427246,6.0884690284729,0.07856719940900803,4.0884690284729,4.009902000427246,gold_only,45,single_rater_weak
2025_09_15_Re4StRes_T1_DSV/IMG_3111.JPG,plot_8f97ab14ca366f893551,dsv_asendorf_t1_bbch11,/home/nfs/data/nvme_datasets/Pictures_CFSB_leaf_damage/2025_09_15_Re4StRes_T1_DSV/IMG_3111.JPG,3.0,3.907872438430786,4.287258148193359,0.37938550114631653,1.2872581481933594,0.9078724384307861,gold_only,45,single_rater_weak
2025_09_15_Re4StRes_T1_DSV/IMG_3112.JPG,plot_8f97ab14ca366f893551,dsv_asendorf_t1_bbch11,/home/nfs/data/nvme_datasets/Pictures_CFSB_leaf_damage/2025_09_15_Re4StRes_T1_DSV/IMG_3112.JPG,2.0,3.7889010906219482,3.9795703887939453,0.19066926836967468,1.9795703887939453,1.7889010906219482,gold_only,45,single_rater_weak
2025_09_15_Re4StRes_T1_DSV/IMG_3113.JPG,plot_45e5d47a775c5c22c387,dsv_asendorf_t1_bbch11,/home/nfs/data/nvme_datasets/Pictures_CFSB_leaf_damage/2025_09_15_Re4StRes_T1_DSV/IMG_3113.JPG,3.0,3.1972150802612305,3.381664752960205,0.18444964289665222,0.3816647529602051,0.19721508026123047,gold_only,45,single_rater_weak
2025_09_15_Re4StRes_T1_DSV/IMG_3114.JPG,plot_45e5d47a775c5c22c387,dsv_asendorf_t1_bbch11,/home/nfs/data/nvme_datasets/Pictures_CFSB_leaf_damage/2025_09_15_Re4StRes_T1_DSV/IMG_3114.JPG,48.0,13.302993774414062,13.684915542602539,0.38192129135131836,34.315086364746094,34.69700622558594,gold_only,45,single_rater_weak
2025_09_15_Re4StRes_T1_DSV/IMG_3115.JPG,plot_45e5d47a775c5c22c387,dsv_asendorf_t1_bbch11,/home/nfs/data/nvme_datasets/Pictures_CFSB_leaf_damage/2025_09_15_Re4StRes_T1_DSV/IMG_3115.JPG,4.0,3.1438255310058594,3.3958895206451416,0.25206390023231506,0.6041104793548584,0.8561744689941406,gold_only,45,single_rater_weak
2025_09_15_Re4StRes_T1_DSV/IMG_3116.JPG,plot_c045065644851d981f21,dsv_asendorf_t1_bbch11,/home/nfs/data/nvme_datasets/Pictures_CFSB_leaf_damage/2025_09_15_Re4StRes_T1_DSV/IMG_3116.JPG,25.0,3.9443469047546387,4.151844024658203,0.20749689638614655,20.848155975341797,21.055652618408203,gold_only,45,single_rater_weak
2025_09_15_Re4StRes_T1_DSV/IMG_3117.JPG,plot_c045065644851d981f21,dsv_asendorf_t1_bbch11,/home/nfs/data/nvme_datasets/Pictures_CFSB_leaf_damage/2025_09_15_Re4StRes_T1_DSV/IMG_3117.JPG,16.0,8.977635383605957,9.578030586242676,0.600395143032074,6.421969413757324,7.022364616394043,gold_only,45,single_rater_weak
2025_09_15_Re4StRes_T1_DSV/IMG_3118.JPG,plot_c045065644851d981f21,dsv_asendorf_t1_bbch11,/home/nfs/data/nvme_datasets/Pictures_CFSB_leaf_damage/2025_09_15_Re4StRes_T1_DSV/IMG_3118.JPG,14.0,2.99575138092041,3.49949312210083,0.5037416815757751,10.500507354736328,11.00424861907959,gold_only,45,single_rater_weak
2025_09_15_Re4StRes_T1_DSV/IMG_3119.JPG,plot_e468f5dd8b1b730b76d1,dsv_asendorf_t1_bbch11,/home/nfs/data/nvme_datasets/Pictures_CFSB_leaf_damage/2025_09_15_Re4StRes_T1_DSV/IMG_3119.JPG,3.0,1.1895503997802734,0.9718610048294067,-0.2176894098520279,2.028139114379883,1.8104496002197266,gold_only,45,single_rater_weak
2025_09_15_Re4StRes_T1_DSV/IMG_3120.JPG,plot_e468f5dd8b1b730b76d1,dsv_asendorf_t1_bbch11,/home/nfs/data/nvme_datasets/Pictures_CFSB_leaf_damage/2025_09_15_Re4StRes_T1_DSV/IMG_3120.JPG,45.0,3.2047576904296875,3.5909652709960938,0.3862075209617615,41.409034729003906,41.79524230957031,gold_only,45,single_rater_weak
2025_09_15_Re4StRes_T1_DSV/IMG_3121.JPG,plot_e468f5dd8b1b730b76d1,dsv_asendorf_t1_bbch11,/home/nfs/data/nvme_datasets/Pictures_CFSB_leaf_damage/2025_09_15_Re4StRes_T1_DSV/IMG_3121.JPG,2.0,1.9378910064697266,2.231473922729492,0.2935827970504761,0.2314739227294922,0.06210899353027344,gold_only,45,single_rater_weak
2025_09_15_Re4StRes_T1_DSV/IMG_3122.JPG,plot_6cb9d13e71aef46deb58,dsv_asendorf_t1_bbch11,/home/nfs/data/nvme_datasets/Pictures_CFSB_leaf_damage/2025_09_15_Re4StRes_T1_DSV/IMG_3122.JPG,3.0,3.5128231048583984,3.742919921875,0.23009681701660156,0.742919921875,0.5128231048583984,gold_only,45,single_rater_weak
2025_09_15_Re4StRes_T1_DSV/IMG_3123.JPG,plot_6cb9d13e71aef46deb58,dsv_asendorf_t1_bbch11,/home/nfs/data/nvme_datasets/Pictures_CFSB_leaf_damage/2025_09_15_Re4StRes_T1_DSV/IMG_3123.JPG,3.0,3.5465712547302246,3.4649105072021484,-0.08166075497865677,0.46491050720214844,0.5465712547302246,gold_only,45,single_rater_weak
2025_09_15_Re4StRes_T1_DSV/IMG_3124.JPG,plot_6cb9d13e71aef46deb58,dsv_asendorf_t1_bbch11,/home/nfs/data/nvme_datasets/Pictures_CFSB_leaf_damage/2025_09_15_Re4StRes_T1_DSV/IMG_3124.JPG,2.0,2.514031410217285,2.605707883834839,0.09167641401290894,0.6057078838348389,0.5140314102172852,gold_only,45,single_rater_weak
2025_09_15_Re4StRes_T1_DSV/IMG_3126.JPG,plot_1e2dcb74caaf75a16ad2,dsv_asendorf_t1_bbch11,/home/nfs/data/nvme_datasets/Pictures_CFSB_leaf_damage/2025_09_15_Re4StRes_T1_DSV/IMG_3126.JPG,3.0,12.266050338745117,12.311965942382812,0.045915473252534866,9.311965942382812,9.266050338745117,gold_only,45,single_rater_weak
2025_09_15_Re4StRes_T1_DSV/IMG_3127.JPG,plot_1e2dcb74caaf75a16ad2,dsv_asendorf_t1_bbch11,/home/nfs/data/nvme_datasets/Pictures_CFSB_leaf_damage/2025_09_15_Re4StRes_T1_DSV/IMG_3127.JPG,4.0,12.286869049072266,12.780728340148926,0.4938591718673706,8.780728340148926,8.286869049072266,gold_only,45,single_rater_weak
2025_09_15_Re4StRes_T1_DSV/IMG_3128.JPG,plot_1e2dcb74caaf75a16ad2,dsv_asendorf_t1_bbch11,/home/nfs/data/nvme_datasets/Pictures_CFSB_leaf_damage/2025_09_15_Re4StRes_T1_DSV/IMG_3128.JPG,5.0,4.679406642913818,4.835388660430908,0.15598194301128387,0.1646113395690918,0.32059335708618164,gold_only,45,single_rater_weak
2025_09_15_Re4StRes_T1_DSV/IMG_3129.JPG,plot_ea34f182d30f6a058201,dsv_asendorf_t1_bbch11,/home/nfs/data/nvme_datasets/Pictures_CFSB_leaf_damage/2025_09_15_Re4StRes_T1_DSV/IMG_3129.JPG,2.0,4.2683844566345215,4.578861236572266,0.31047695875167847,2.5788612365722656,2.2683844566345215,gold_only,45,single_rater_weak
2025_09_15_Re4StRes_T1_DSV/IMG_3130.JPG,plot_ea34f182d30f6a058201,dsv_asendorf_t1_bbch11,/home/nfs/data/nvme_datasets/Pictures_CFSB_leaf_damage/2025_09_15_Re4StRes_T1_DSV/IMG_3130.JPG,3.0,3.0013890266418457,2.7540090084075928,-0.24738000333309174,0.24599099159240723,0.0013890266418457031,gold_only,45,single_rater_weak
2025_09_15_Re4StRes_T1_DSV/IMG_3131.JPG,plot_ea34f182d30f6a058201,dsv_asendorf_t1_bbch11,/home/nfs/data/nvme_datasets/Pictures_CFSB_leaf_damage/2025_09_15_Re4StRes_T1_DSV/IMG_3131.JPG,2.0,1.9552764892578125,2.086745023727417,0.13146863877773285,0.08674502372741699,0.0447235107421875,gold_only,45,single_rater_weak
2025_09_15_Re4StRes_T1_DSV/IMG_3132.JPG,plot_a90588857c6940d985e9,dsv_asendorf_t1_bbch11,/home/nfs/data/nvme_datasets/Pictures_CFSB_leaf_damage/2025_09_15_Re4StRes_T1_DSV/IMG_3132.JPG,3.0,1.7396979331970215,1.5801618099212646,-0.15953607857227325,1.4198381900787354,1.2603020668029785,gold_only,45,single_rater_weak
2025_09_15_Re4StRes_T1_DSV/IMG_3133.JPG,plot_a90588857c6940d985e9,dsv_asendorf_t1_bbch11,/home/nfs/data/nvme_datasets/Pictures_CFSB_leaf_damage/2025_09_15_Re4StRes_T1_DSV/IMG_3133.JPG,2.0,0.49309730529785156,0.8981527090072632,0.405055433511734,1.1018472909927368,1.5069026947021484,gold_only,45,single_rater_weak
2025_09_15_Re4StRes_T1_DSV/IMG_3134.JPG,plot_a90588857c6940d985e9,dsv_asendorf_t1_bbch11,/home/nfs/data/nvme_datasets/Pictures_CFSB_leaf_damage/2025_09_15_Re4StRes_T1_DSV/IMG_3134.JPG,3.0,2.0919089317321777,2.0262346267700195,-0.0656743198633194,0.9737653732299805,0.9080910682678223,gold_only,45,single_rater_weak
2025_09_15_Re4StRes_T1_DSV/IMG_3135.JPG,plot_119a975033e716bf35c7,dsv_asendorf_t1_bbch11,/home/nfs/data/nvme_datasets/Pictures_CFSB_leaf_damage/2025_09_15_Re4StRes_T1_DSV/IMG_3135.JPG,4.0,2.6203413009643555,2.770630359649658,0.15028893947601318,1.2293696403503418,1.3796586990356445,gold_only,45,single_rater_weak
2025_09_15_Re4StRes_T1_DSV/IMG_3136.JPG,plot_119a975033e716bf35c7,dsv_asendorf_t1_bbch11,/home/nfs/data/nvme_datasets/Pictures_CFSB_leaf_damage/2025_09_15_Re4StRes_T1_DSV/IMG_3136.JPG,2.0,3.7810277938842773,4.179409980773926,0.3983820974826813,2.179409980773926,1.7810277938842773,gold_only,45,single_rater_weak
2025_09_15_Re4StRes_T1_DSV/IMG_3137.JPG,plot_119a975033e716bf35c7,dsv_asendorf_t1_bbch11,/home/nfs/data/nvme_datasets/Pictures_CFSB_leaf_damage/2025_09_15_Re4StRes_T1_DSV/IMG_3137.JPG,2.0,3.2859034538269043,3.8785240650177,0.5926206111907959,1.8785240650177002,1.2859034538269043,gold_only,45,single_rater_weak
2025_09_15_Re4StRes_T1_DSV/IMG_3138.JPG,plot_8b3c956191aca614ae52,dsv_asendorf_t1_bbch11,/home/nfs/data/nvme_datasets/Pictures_CFSB_leaf_damage/2025_09_15_Re4StRes_T1_DSV/IMG_3138.JPG,5.0,9.367469787597656,9.74595832824707,0.3784888684749603,4.74595832824707,4.367469787597656,gold_only,45,single_rater_weak
2025_09_15_Re4StRes_T1_DSV/IMG_3139.JPG,plot_8b3c956191aca614ae52,dsv_asendorf_t1_bbch11,/home/nfs/data/nvme_datasets/Pictures_CFSB_leaf_damage/2025_09_15_Re4StRes_T1_DSV/IMG_3139.JPG,3.0,4.244006633758545,4.645236015319824,0.40122926235198975,1.6452360153198242,1.244006633758545,gold_only,45,single_rater_weak
2025_09_15_Re4StRes_T1_DSV/IMG_3140.JPG,plot_8b3c956191aca614ae52,dsv_asendorf_t1_bbch11,/home/nfs/data/nvme_datasets/Pictures_CFSB_leaf_damage/2025_09_15_Re4StRes_T1_DSV/IMG_3140.JPG,3.0,5.4611496925354,5.700795650482178,0.23964598774909973,2.7007956504821777,2.4611496925354004,gold_only,45,single_rater_weak
2025_09_15_Re4StRes_T1_DSV/IMG_3141.JPG,plot_211c30fcd4fa6d8b7d89,dsv_asendorf_t1_bbch11,/home/nfs/data/nvme_datasets/Pictures_CFSB_leaf_damage/2025_09_15_Re4StRes_T1_DSV/IMG_3141.JPG,4.0,5.192996025085449,5.812901020050049,0.6199050545692444,1.8129010200500488,1.1929960250854492,gold_only,45,single_rater_weak
2025_09_15_Re4StRes_T1_DSV/IMG_3142.JPG,plot_211c30fcd4fa6d8b7d89,dsv_asendorf_t1_bbch11,/home/nfs/data/nvme_datasets/Pictures_CFSB_leaf_damage/2025_09_15_Re4StRes_T1_DSV/IMG_3142.JPG,3.0,5.6278300285339355,6.126312255859375,0.49848225712776184,3.126312255859375,2.6278300285339355,gold_only,45,single_rater_weak
2025_09_15_Re4StRes_T1_DSV/IMG_3143.JPG,plot_211c30fcd4fa6d8b7d89,dsv_asendorf_t1_bbch11,/home/nfs/data/nvme_datasets/Pictures_CFSB_leaf_damage/2025_09_15_Re4StRes_T1_DSV/IMG_3143.JPG,3.0,8.013126373291016,8.934471130371094,0.9213448762893677,5.934471130371094,5.013126373291016,gold_only,45,single_rater_weak
2025_09_15_Re4StRes_T1_DSV/IMG_3144.JPG,plot_b110edf915a30daabf56,dsv_asendorf_t1_bbch11,/home/nfs/data/nvme_datasets/Pictures_CFSB_leaf_damage/2025_09_15_Re4StRes_T1_DSV/IMG_3144.JPG,2.0,5.1649580001831055,5.520269393920898,0.3553113341331482,3.5202693939208984,3.1649580001831055,gold_only,45,single_rater_weak
2025_09_15_Re4StRes_T1_DSV/IMG_3145.JPG,plot_b110edf915a30daabf56,dsv_asendorf_t1_bbch11,/home/nfs/data/nvme_datasets/Pictures_CFSB_leaf_damage/2025_09_15_Re4StRes_T1_DSV/IMG_3145.JPG,2.0,3.5878376960754395,3.6498665809631348,0.06202881783246994,1.6498665809631348,1.5878376960754395,gold_only,45,single_rater_weak
2025_09_15_Re4StRes_T1_DSV/IMG_3146.JPG,plot_b110edf915a30daabf56,dsv_asendorf_t1_bbch11,/home/nfs/data/nvme_datasets/Pictures_CFSB_leaf_damage/2025_09_15_Re4StRes_T1_DSV/IMG_3146.JPG,2.0,4.07967472076416,4.54359769821167,0.46392306685447693,2.54359769821167,2.07967472076416,gold_only,45,single_rater_weak
2025_09_15_Re4StRes_T1_DSV/IMG_3146_2.JPG,plot_097a5780d7d7a5ec62e5,dsv_asendorf_t1_bbch11,/home/nfs/data/nvme_datasets/Pictures_CFSB_leaf_damage/2025_09_15_Re4StRes_T1_DSV/IMG_3146_2.JPG,4.0,1.5379114151000977,1.5306079387664795,-0.007303434424102306,2.4693920612335205,2.4620885848999023,gold_only,45,single_rater_weak
2025_09_15_Re4StRes_T1_DSV/IMG_3148.JPG,plot_097a5780d7d7a5ec62e5,dsv_asendorf_t1_bbch11,/home/nfs/data/nvme_datasets/Pictures_CFSB_leaf_damage/2025_09_15_Re4StRes_T1_DSV/IMG_3148.JPG,2.0,4.7881622314453125,5.342563152313232,0.5544009804725647,3.3425631523132324,2.7881622314453125,gold_only,45,single_rater_weak
2025_09_15_Re4StRes_T1_DSV/IMG_3150.JPG,plot_097a5780d7d7a5ec62e5,dsv_asendorf_t1_bbch11,/home/nfs/data/nvme_datasets/Pictures_CFSB_leaf_damage/2025_09_15_Re4StRes_T1_DSV/IMG_3150.JPG,2.0,3.3172531127929688,3.5191590785980225,0.20190593600273132,1.5191590785980225,1.3172531127929688,gold_only,45,single_rater_weak
2025_09_15_Re4StRes_T1_DSV/IMG_3151.JPG,plot_40a61238035691d9bbef,dsv_asendorf_t1_bbch11,/home/nfs/data/nvme_datasets/Pictures_CFSB_leaf_damage/2025_09_15_Re4StRes_T1_DSV/IMG_3151.JPG,3.0,4.088446617126465,4.214956283569336,0.12650954723358154,1.214956283569336,1.0884466171264648,gold_only,45,single_rater_weak
2025_09_15_Re4StRes_T1_DSV/IMG_3152.JPG,plot_40a61238035691d9bbef,dsv_asendorf_t1_bbch11,/home/nfs/data/nvme_datasets/Pictures_CFSB_leaf_damage/2025_09_15_Re4StRes_T1_DSV/IMG_3152.JPG,10.0,3.2407398223876953,3.441394567489624,0.20065473020076752,6.558605194091797,6.759260177612305,gold_only,45,single_rater_weak
2025_09_15_Re4StRes_T1_DSV/IMG_3153.JPG,plot_40a61238035691d9bbef,dsv_asendorf_t1_bbch11,/home/nfs/data/nvme_datasets/Pictures_CFSB_leaf_damage/2025_09_15_Re4StRes_T1_DSV/IMG_3153.JPG,3.0,2.7958483695983887,2.798734188079834,0.0028858622536063194,0.20126581192016602,0.20415163040161133,gold_only,45,single_rater_weak
2025_09_15_Re4StRes_T1_DSV/IMG_3154.JPG,plot_5df77eb15df5145ba912,dsv_asendorf_t1_bbch11,/home/nfs/data/nvme_datasets/Pictures_CFSB_leaf_damage/2025_09_15_Re4StRes_T1_DSV/IMG_3154.JPG,2.0,3.6422903537750244,4.292007923126221,0.6497177481651306,2.2920079231262207,1.6422903537750244,gold_only,45,single_rater_weak
2025_09_15_Re4StRes_T1_DSV/IMG_3155.JPG,plot_5df77eb15df5145ba912,dsv_asendorf_t1_bbch11,/home/nfs/data/nvme_datasets/Pictures_CFSB_leaf_damage/2025_09_15_Re4StRes_T1_DSV/IMG_3155.JPG,2.0,4.602785110473633,4.889652252197266,0.2868669629096985,2.8896522521972656,2.602785110473633,gold_only,45,single_rater_weak
2025_09_15_Re4StRes_T1_DSV/IMG_3156.JPG,plot_5df77eb15df5145ba912,dsv_asendorf_t1_bbch11,/home/nfs/data/nvme_datasets/Pictures_CFSB_leaf_damage/2025_09_15_Re4StRes_T1_DSV/IMG_3156.JPG,4.0,6.302677154541016,6.672483921051025,0.36980655789375305,2.6724839210510254,2.3026771545410156,gold_only,45,single_rater_weak
2025_09_15_Re4StRes_T1_DSV/IMG_3157.JPG,plot_ca56a0a042e3c9becb07,dsv_asendorf_t1_bbch11,/home/nfs/data/nvme_datasets/Pictures_CFSB_leaf_damage/2025_09_15_Re4StRes_T1_DSV/IMG_3157.JPG,3.0,3.1058430671691895,2.989126682281494,-0.1167164146900177,0.01087331771850586,0.10584306716918945,gold_only,45,single_rater_weak
2025_09_15_Re4StRes_T1_DSV/IMG_3158.JPG,plot_ca56a0a042e3c9becb07,dsv_asendorf_t1_bbch11,/home/nfs/data/nvme_datasets/Pictures_CFSB_leaf_damage/2025_09_15_Re4StRes_T1_DSV/IMG_3158.JPG,2.0,3.285609722137451,3.651637315750122,0.36602768301963806,1.651637315750122,1.2856097221374512,gold_only,45,single_rater_weak
2025_09_15_Re4StRes_T1_DSV/IMG_3159.JPG,plot_ca56a0a042e3c9becb07,dsv_asendorf_t1_bbch11,/home/nfs/data/nvme_datasets/Pictures_CFSB_leaf_damage/2025_09_15_Re4StRes_T1_DSV/IMG_3159.JPG,21.0,3.5889828205108643,3.9304111003875732,0.3414282500743866,17.069589614868164,17.4110164642334,gold_only,45,single_rater_weak
2025_09_15_Re4StRes_T1_DSV/IMG_3160.JPG,plot_b98e4d9359ffdf235e1f,dsv_asendorf_t1_bbch11,/home/nfs/data/nvme_datasets/Pictures_CFSB_leaf_damage/2025_09_15_Re4StRes_T1_DSV/IMG_3160.JPG,8.0,1.576568603515625,1.326261043548584,-0.2503075897693634,6.673738956451416,6.423431396484375,gold_only,45,single_rater_weak
2025_09_15_Re4StRes_T1_DSV/IMG_3161.JPG,plot_b98e4d9359ffdf235e1f,dsv_asendorf_t1_bbch11,/home/nfs/data/nvme_datasets/Pictures_CFSB_leaf_damage/2025_09_15_Re4StRes_T1_DSV/IMG_3161.JPG,6.0,2.1697912216186523,2.3280787467956543,0.15828755497932434,3.6719212532043457,3.8302087783813477,gold_only,45,single_rater_weak
2025_09_15_Re4StRes_T1_DSV/IMG_3162.JPG,plot_b98e4d9359ffdf235e1f,dsv_asendorf_t1_bbch11,/home/nfs/data/nvme_datasets/Pictures_CFSB_leaf_damage/2025_09_15_Re4StRes_T1_DSV/IMG_3162.JPG,3.0,3.8823306560516357,4.077005863189697,0.1946752667427063,1.0770058631896973,0.8823306560516357,gold_only,45,single_rater_weak
2025_09_15_Re4StRes_T1_DSV/IMG_3163.JPG,plot_73f361754eddb6b5326a,dsv_asendorf_t1_bbch11,/home/nfs/data/nvme_datasets/Pictures_CFSB_leaf_damage/2025_09_15_Re4StRes_T1_DSV/IMG_3163.JPG,2.0,6.92376184463501,7.352005481719971,0.42824360728263855,5.352005481719971,4.92376184463501,gold_only,45,single_rater_weak
2025_09_15_Re4StRes_T1_DSV/IMG_3164.JPG,plot_73f361754eddb6b5326a,dsv_asendorf_t1_bbch11,/home/nfs/data/nvme_datasets/Pictures_CFSB_leaf_damage/2025_09_15_Re4StRes_T1_DSV/IMG_3164.JPG,3.0,13.020712852478027,13.131510734558105,0.11079754680395126,10.131510734558105,10.020712852478027,gold_only,45,single_rater_weak
2025_09_15_Re4StRes_T1_DSV/IMG_3165.JPG,plot_73f361754eddb6b5326a,dsv_asendorf_t1_bbch11,/home/nfs/data/nvme_datasets/Pictures_CFSB_leaf_damage/2025_09_15_Re4StRes_T1_DSV/IMG_3165.JPG,2.0,3.6106371879577637,4.290236473083496,0.679599404335022,2.290236473083496,1.6106371879577637,gold_only,45,single_rater_weak
2025_09_15_Re4StRes_T1_DSV/IMG_3169.JPG,plot_945d05724acc18ae7225,dsv_asendorf_t1_bbch11,/home/nfs/data/nvme_datasets/Pictures_CFSB_leaf_damage/2025_09_15_Re4StRes_T1_DSV/IMG_3169.JPG,2.0,9.566378593444824,9.918035507202148,0.3516566753387451,7.918035507202148,7.566378593444824,gold_only,45,single_rater_weak
2025_09_15_Re4StRes_T1_DSV/IMG_3170.JPG,plot_945d05724acc18ae7225,dsv_asendorf_t1_bbch11,/home/nfs/data/nvme_datasets/Pictures_CFSB_leaf_damage/2025_09_15_Re4StRes_T1_DSV/IMG_3170.JPG,3.0,9.100582122802734,8.891307830810547,-0.20927464962005615,5.891307830810547,6.100582122802734,gold_only,45,single_rater_weak
2025_09_15_Re4StRes_T1_DSV/IMG_3171.JPG,plot_945d05724acc18ae7225,dsv_asendorf_t1_bbch11,/home/nfs/data/nvme_datasets/Pictures_CFSB_leaf_damage/2025_09_15_Re4StRes_T1_DSV/IMG_3171.JPG,26.0,12.452152252197266,13.04491138458252,0.592759370803833,12.95508861541748,13.547847747802734,gold_only,45,single_rater_weak
2025_09_15_Re4StRes_T1_DSV/IMG_3172.JPG,plot_aaf5cb0e7c43e9e13fc7,dsv_asendorf_t1_bbch11,/home/nfs/data/nvme_datasets/Pictures_CFSB_leaf_damage/2025_09_15_Re4StRes_T1_DSV/IMG_3172.JPG,3.0,6.300771713256836,6.218591690063477,-0.0821801945567131,3.2185916900634766,3.300771713256836,gold_only,45,single_rater_weak
2025_09_15_Re4StRes_T1_DSV/IMG_3173.JPG,plot_aaf5cb0e7c43e9e13fc7,dsv_asendorf_t1_bbch11,/home/nfs/data/nvme_datasets/Pictures_CFSB_leaf_damage/2025_09_15_Re4StRes_T1_DSV/IMG_3173.JPG,2.0,4.669383525848389,4.707779884338379,0.038396455347537994,2.707779884338379,2.6693835258483887,gold_only,45,single_rater_weak
2025_09_15_Re4StRes_T1_DSV/IMG_3174.JPG,plot_aaf5cb0e7c43e9e13fc7,dsv_asendorf_t1_bbch11,/home/nfs/data/nvme_datasets/Pictures_CFSB_leaf_damage/2025_09_15_Re4StRes_T1_DSV/IMG_3174.JPG,5.0,14.925565719604492,14.479288101196289,-0.4462776780128479,9.479288101196289,9.925565719604492,gold_only,45,single_rater_weak
2025_09_15_Re4StRes_T1_DSV/IMG_3175.JPG,plot_b80269ea15d9e812ebb1,dsv_asendorf_t1_bbch11,/home/nfs/data/nvme_datasets/Pictures_CFSB_leaf_damage/2025_09_15_Re4StRes_T1_DSV/IMG_3175.JPG,4.0,10.527118682861328,10.531819343566895,0.004700226243585348,6.5318193435668945,6.527118682861328,gold_only,45,single_rater_weak
2025_09_15_Re4StRes_T1_DSV/IMG_3176.JPG,plot_b80269ea15d9e812ebb1,dsv_asendorf_t1_bbch11,/home/nfs/data/nvme_datasets/Pictures_CFSB_leaf_damage/2025_09_15_Re4StRes_T1_DSV/IMG_3176.JPG,3.0,6.65133810043335,6.890777111053467,0.23943910002708435,3.890777111053467,3.6513381004333496,gold_only,45,single_rater_weak
2025_09_15_Re4StRes_T1_DSV/IMG_3177.JPG,plot_b80269ea15d9e812ebb1,dsv_asendorf_t1_bbch11,/home/nfs/data/nvme_datasets/Pictures_CFSB_leaf_damage/2025_09_15_Re4StRes_T1_DSV/IMG_3177.JPG,2.0,7.010120391845703,7.351897716522217,0.34177714586257935,5.351897716522217,5.010120391845703,gold_only,45,single_rater_weak
2025_09_15_Re4StRes_T1_DSV/IMG_3178.JPG,plot_25f666fca951a0f5e945,dsv_asendorf_t1_bbch11,/home/nfs/data/nvme_datasets/Pictures_CFSB_leaf_damage/2025_09_15_Re4StRes_T1_DSV/IMG_3178.JPG,4.0,5.080422878265381,5.16480016708374,0.08437711000442505,1.1648001670837402,1.0804228782653809,gold_only,45,single_rater_weak
2025_09_15_Re4StRes_T1_DSV/IMG_3179.JPG,plot_25f666fca951a0f5e945,dsv_asendorf_t1_bbch11,/home/nfs/data/nvme_datasets/Pictures_CFSB_leaf_damage/2025_09_15_Re4StRes_T1_DSV/IMG_3179.JPG,3.0,7.483114242553711,7.4933977127075195,0.01028352975845337,4.4933977127075195,4.483114242553711,gold_only,45,single_rater_weak
2025_09_15_Re4StRes_T1_DSV/IMG_3180.JPG,plot_25f666fca951a0f5e945,dsv_asendorf_t1_bbch11,/home/nfs/data/nvme_datasets/Pictures_CFSB_leaf_damage/2025_09_15_Re4StRes_T1_DSV/IMG_3180.JPG,5.0,8.081583976745605,8.08105182647705,-0.0005318305920809507,3.081051826477051,3.0815839767456055,gold_only,45,single_rater_weak
2025_09_15_Re4StRes_T1_DSV/IMG_3181.JPG,plot_a35f549b6adb23ddedb3,dsv_asendorf_t1_bbch11,/home/nfs/data/nvme_datasets/Pictures_CFSB_leaf_damage/2025_09_15_Re4StRes_T1_DSV/IMG_3181.JPG,2.0,10.158775329589844,10.07789134979248,-0.08088357001543045,8.07789134979248,8.158775329589844,gold_only,45,single_rater_weak
2025_09_15_Re4StRes_T1_DSV/IMG_3182.JPG,plot_a35f549b6adb23ddedb3,dsv_asendorf_t1_bbch11,/home/nfs/data/nvme_datasets/Pictures_CFSB_leaf_damage/2025_09_15_Re4StRes_T1_DSV/IMG_3182.JPG,3.0,7.699751853942871,7.738880157470703,0.03912810981273651,4.738880157470703,4.699751853942871,gold_only,45,single_rater_weak
2025_09_15_Re4StRes_T1_DSV/IMG_3183.JPG,plot_a35f549b6adb23ddedb3,dsv_asendorf_t1_bbch11,/home/nfs/data/nvme_datasets/Pictures_CFSB_leaf_damage/2025_09_15_Re4StRes_T1_DSV/IMG_3183.JPG,4.0,14.700122833251953,14.697165489196777,-0.0029577952809631824,10.697165489196777,10.700122833251953,gold_only,45,single_rater_weak
2025_09_15_Re4StRes_T1_DSV/IMG_3184.JPG,plot_cfe78efc9fbf34b7f4b9,dsv_asendorf_t1_bbch11,/home/nfs/data/nvme_datasets/Pictures_CFSB_leaf_damage/2025_09_15_Re4StRes_T1_DSV/IMG_3184.JPG,3.0,6.486600875854492,6.803705215454102,0.3171042799949646,3.8037052154541016,3.486600875854492,gold_only,45,single_rater_weak
2025_09_15_Re4StRes_T1_DSV/IMG_3185.JPG,plot_cfe78efc9fbf34b7f4b9,dsv_asendorf_t1_bbch11,/home/nfs/data/nvme_datasets/Pictures_CFSB_leaf_damage/2025_09_15_Re4StRes_T1_DSV/IMG_3185.JPG,5.0,12.92922592163086,13.546194076538086,0.6169677972793579,8.546194076538086,7.929225921630859,gold_only,45,single_rater_weak
2025_09_15_Re4StRes_T1_DSV/IMG_3186.JPG,plot_cfe78efc9fbf34b7f4b9,dsv_asendorf_t1_bbch11,/home/nfs/data/nvme_datasets/Pictures_CFSB_leaf_damage/2025_09_15_Re4StRes_T1_DSV/IMG_3186.JPG,4.0,12.246541976928711,12.167434692382812,-0.07910771667957306,8.167434692382812,8.246541976928711,gold_only,45,single_rater_weak
2025_09_15_Re4StRes_T1_DSV/IMG_3187.JPG,plot_a75bd7b0d3ff79351265,dsv_asendorf_t1_bbch11,/home/nfs/data/nvme_datasets/Pictures_CFSB_leaf_damage/2025_09_15_Re4StRes_T1_DSV/IMG_3187.JPG,3.0,4.639463901519775,5.186499118804932,0.547035276889801,2.1864991188049316,1.6394639015197754,gold_only,45,single_rater_weak
2025_09_15_Re4StRes_T1_DSV/IMG_3188.JPG,plot_a75bd7b0d3ff79351265,dsv_asendorf_t1_bbch11,/home/nfs/data/nvme_datasets/Pictures_CFSB_leaf_damage/2025_09_15_Re4StRes_T1_DSV/IMG_3188.JPG,2.0,5.510610580444336,6.377248287200928,0.8666377067565918,4.377248287200928,3.510610580444336,gold_only,45,single_rater_weak
2025_09_15_Re4StRes_T1_DSV/IMG_3189.JPG,plot_a75bd7b0d3ff79351265,dsv_asendorf_t1_bbch11,/home/nfs/data/nvme_datasets/Pictures_CFSB_leaf_damage/2025_09_15_Re4StRes_T1_DSV/IMG_3189.JPG,1.0,3.3455772399902344,4.076651573181152,0.7310744524002075,3.0766515731811523,2.3455772399902344,gold_only,45,single_rater_weak
2025_09_15_Re4StRes_T1_DSV/IMG_3190.JPG,plot_336d70e197749a85305d,dsv_asendorf_t1_bbch11,/home/nfs/data/nvme_datasets/Pictures_CFSB_leaf_damage/2025_09_15_Re4StRes_T1_DSV/IMG_3190.JPG,2.0,7.1462297439575195,7.8297529220581055,0.6835233569145203,5.8297529220581055,5.1462297439575195,gold_only,45,single_rater_weak
2025_09_15_Re4StRes_T1_DSV/IMG_3191.JPG,plot_336d70e197749a85305d,dsv_asendorf_t1_bbch11,/home/nfs/data/nvme_datasets/Pictures_CFSB_leaf_damage/2025_09_15_Re4StRes_T1_DSV/IMG_3191.JPG,2.0,4.8879547119140625,5.554660320281982,0.6667054295539856,3.5546603202819824,2.8879547119140625,gold_only,45,single_rater_weak
2025_09_15_Re4StRes_T1_DSV/IMG_3192.JPG,plot_336d70e197749a85305d,dsv_asendorf_t1_bbch11,/home/nfs/data/nvme_datasets/Pictures_CFSB_leaf_damage/2025_09_15_Re4StRes_T1_DSV/IMG_3192.JPG,3.0,8.490324020385742,9.079180717468262,0.5888563990592957,6.079180717468262,5.490324020385742,gold_only,45,single_rater_weak
2025_09_15_Re4StRes_T1_DSV/IMG_3193.JPG,plot_72b1d0fc83e440054c83,dsv_asendorf_t1_bbch11,/home/nfs/data/nvme_datasets/Pictures_CFSB_leaf_damage/2025_09_15_Re4StRes_T1_DSV/IMG_3193.JPG,1.0,6.585760116577148,7.119714260101318,0.5339540839195251,6.119714260101318,5.585760116577148,gold_only,45,single_rater_weak
2025_09_15_Re4StRes_T1_DSV/IMG_3194.JPG,plot_72b1d0fc83e440054c83,dsv_asendorf_t1_bbch11,/home/nfs/data/nvme_datasets/Pictures_CFSB_leaf_damage/2025_09_15_Re4StRes_T1_DSV/IMG_3194.JPG,1.0,9.205995559692383,9.744832038879395,0.538836658000946,8.744832038879395,8.205995559692383,gold_only,45,single_rater_weak
2025_09_15_Re4StRes_T1_DSV/IMG_3195.JPG,plot_72b1d0fc83e440054c83,dsv_asendorf_t1_bbch11,/home/nfs/data/nvme_datasets/Pictures_CFSB_leaf_damage/2025_09_15_Re4StRes_T1_DSV/IMG_3195.JPG,1.0,2.5957908630371094,3.0722341537475586,0.47644323110580444,2.0722341537475586,1.5957908630371094,gold_only,45,single_rater_weak
2025_09_15_Re4StRes_T1_DSV/IMG_3196.JPG,plot_a1803f305fedaf6b8aa4,dsv_asendorf_t1_bbch11,/home/nfs/data/nvme_datasets/Pictures_CFSB_leaf_damage/2025_09_15_Re4StRes_T1_DSV/IMG_3196.JPG,2.0,5.769084930419922,5.881490707397461,0.11240589618682861,3.881490707397461,3.769084930419922,gold_only,45,single_rater_weak
2025_09_15_Re4StRes_T1_DSV/IMG_3197.JPG,plot_a1803f305fedaf6b8aa4,dsv_asendorf_t1_bbch11,/home/nfs/data/nvme_datasets/Pictures_CFSB_leaf_damage/2025_09_15_Re4StRes_T1_DSV/IMG_3197.JPG,2.0,12.454526901245117,12.980514526367188,0.5259876847267151,10.980514526367188,10.454526901245117,gold_only,45,single_rater_weak
2025_09_15_Re4StRes_T1_DSV/IMG_3198.JPG,plot_a1803f305fedaf6b8aa4,dsv_asendorf_t1_bbch11,/home/nfs/data/nvme_datasets/Pictures_CFSB_leaf_damage/2025_09_15_Re4StRes_T1_DSV/IMG_3198.JPG,1.0,6.992740154266357,6.9231858253479,-0.06955444067716599,5.9231858253479,5.992740154266357,gold_only,45,single_rater_weak
2025_09_15_Re4StRes_T1_DSV/IMG_3199.JPG,plot_a9ab88f04c34dafa250a,dsv_asendorf_t1_bbch11,/home/nfs/data/nvme_datasets/Pictures_CFSB_leaf_damage/2025_09_15_Re4StRes_T1_DSV/IMG_3199.JPG,2.0,4.7880120277404785,5.263735294342041,0.4757230877876282,3.263735294342041,2.7880120277404785,gold_only,45,single_rater_weak
2025_09_15_Re4StRes_T1_DSV/IMG_3200.JPG,plot_a9ab88f04c34dafa250a,dsv_asendorf_t1_bbch11,/home/nfs/data/nvme_datasets/Pictures_CFSB_leaf_damage/2025_09_15_Re4StRes_T1_DSV/IMG_3200.JPG,2.0,9.296844482421875,9.676559448242188,0.379715234041214,7.6765594482421875,7.296844482421875,gold_only,45,single_rater_weak
2025_09_15_Re4StRes_T1_DSV/IMG_3201.JPG,plot_a9ab88f04c34dafa250a,dsv_asendorf_t1_bbch11,/home/nfs/data/nvme_datasets/Pictures_CFSB_leaf_damage/2025_09_15_Re4StRes_T1_DSV/IMG_3201.JPG,2.0,9.855751037597656,10.341163635253906,0.48541271686553955,8.341163635253906,7.855751037597656,gold_only,45,single_rater_weak
2025_09_15_Re4StRes_T1_DSV/IMG_3202.JPG,plot_60400e702bee57585895,dsv_asendorf_t1_bbch11,/home/nfs/data/nvme_datasets/Pictures_CFSB_leaf_damage/2025_09_15_Re4StRes_T1_DSV/IMG_3202.JPG,6.0,6.036959171295166,6.512800693511963,0.4758414328098297,0.5128006935119629,0.036959171295166016,gold_only,45,single_rater_weak
2025_09_15_Re4StRes_T1_DSV/IMG_3203.JPG,plot_60400e702bee57585895,dsv_asendorf_t1_bbch11,/home/nfs/data/nvme_datasets/Pictures_CFSB_leaf_damage/2025_09_15_Re4StRes_T1_DSV/IMG_3203.JPG,4.0,8.547225952148438,8.919415473937988,0.37218916416168213,4.919415473937988,4.5472259521484375,gold_only,45,single_rater_weak
2025_09_15_Re4StRes_T1_DSV/IMG_3204.JPG,plot_60400e702bee57585895,dsv_asendorf_t1_bbch11,/home/nfs/data/nvme_datasets/Pictures_CFSB_leaf_damage/2025_09_15_Re4StRes_T1_DSV/IMG_3204.JPG,1.0,2.980808734893799,3.201209306716919,0.22040067613124847,2.201209306716919,1.9808087348937988,gold_only,45,single_rater_weak
2025_09_15_Re4StRes_T1_DSV/IMG_3205.JPG,plot_2bbedc53a1730a8c1c06,dsv_asendorf_t1_bbch11,/home/nfs/data/nvme_datasets/Pictures_CFSB_leaf_damage/2025_09_15_Re4StRes_T1_DSV/IMG_3205.JPG,1.0,7.122015953063965,7.645404815673828,0.5233888030052185,6.645404815673828,6.122015953063965,gold_only,45,single_rater_weak
2025_09_15_Re4StRes_T1_DSV/IMG_3206.JPG,plot_2bbedc53a1730a8c1c06,dsv_asendorf_t1_bbch11,/home/nfs/data/nvme_datasets/Pictures_CFSB_leaf_damage/2025_09_15_Re4StRes_T1_DSV/IMG_3206.JPG,3.0,8.254079818725586,8.853432655334473,0.5993529558181763,5.853432655334473,5.254079818725586,gold_only,45,single_rater_weak
2025_09_15_Re4StRes_T1_DSV/IMG_3207.JPG,plot_2bbedc53a1730a8c1c06,dsv_asendorf_t1_bbch11,/home/nfs/data/nvme_datasets/Pictures_CFSB_leaf_damage/2025_09_15_Re4StRes_T1_DSV/IMG_3207.JPG,4.0,9.578096389770508,10.179582595825195,0.6014862060546875,6.179582595825195,5.578096389770508,gold_only,45,single_rater_weak
2025_09_15_Re4StRes_T1_DSV/IMG_3208.JPG,plot_b1894e39332675c8b77d,dsv_asendorf_t1_bbch11,/home/nfs/data/nvme_datasets/Pictures_CFSB_leaf_damage/2025_09_15_Re4StRes_T1_DSV/IMG_3208.JPG,1.0,7.803131580352783,8.074169158935547,0.27103739976882935,7.074169158935547,6.803131580352783,gold_only,45,single_rater_weak
2025_09_15_Re4StRes_T1_DSV/IMG_3209.JPG,plot_b1894e39332675c8b77d,dsv_asendorf_t1_bbch11,/home/nfs/data/nvme_datasets/Pictures_CFSB_leaf_damage/2025_09_15_Re4StRes_T1_DSV/IMG_3209.JPG,1.0,7.797965049743652,8.230815887451172,0.43285107612609863,7.230815887451172,6.797965049743652,gold_only,45,single_rater_weak
2025_09_15_Re4StRes_T1_DSV/IMG_3210.JPG,plot_b1894e39332675c8b77d,dsv_asendorf_t1_bbch11,/home/nfs/data/nvme_datasets/Pictures_CFSB_leaf_damage/2025_09_15_Re4StRes_T1_DSV/IMG_3210.JPG,1.0,2.2068862915039062,2.763134479522705,0.5562480688095093,1.763134479522705,1.2068862915039062,gold_only,45,single_rater_weak
2025_09_15_Re4StRes_T1_DSV/IMG_3211.JPG,plot_3539600a59aabc9b75de,dsv_asendorf_t1_bbch11,/home/nfs/data/nvme_datasets/Pictures_CFSB_leaf_damage/2025_09_15_Re4StRes_T1_DSV/IMG_3211.JPG,2.0,6.53978157043457,7.12514066696167,0.5853590965270996,5.12514066696167,4.53978157043457,gold_only,45,single_rater_weak
2025_09_15_Re4StRes_T1_DSV/IMG_3212.JPG,plot_3539600a59aabc9b75de,dsv_asendorf_t1_bbch11,/home/nfs/data/nvme_datasets/Pictures_CFSB_leaf_damage/2025_09_15_Re4StRes_T1_DSV/IMG_3212.JPG,1.0,8.17827320098877,8.815876960754395,0.6376041173934937,7.8158769607543945,7.1782732009887695,gold_only,45,single_rater_weak
2025_09_15_Re4StRes_T1_DSV/IMG_3214.JPG,plot_3539600a59aabc9b75de,dsv_asendorf_t1_bbch11,/home/nfs/data/nvme_datasets/Pictures_CFSB_leaf_damage/2025_09_15_Re4StRes_T1_DSV/IMG_3214.JPG,1.0,3.7532150745391846,4.452065467834473,0.6988504528999329,3.4520654678344727,2.7532150745391846,gold_only,45,single_rater_weak
2025_09_15_Re4StRes_T1_DSV/IMG_3215.JPG,plot_eb3702ae538f36e12fdc,dsv_asendorf_t1_bbch11,/home/nfs/data/nvme_datasets/Pictures_CFSB_leaf_damage/2025_09_15_Re4StRes_T1_DSV/IMG_3215.JPG,15.0,11.096017837524414,11.404154777526855,0.3081369996070862,3.5958452224731445,3.903982162475586,gold_only,45,single_rater_weak
2025_09_15_Re4StRes_T1_DSV/IMG_3216.JPG,plot_eb3702ae538f36e12fdc,dsv_asendorf_t1_bbch11,/home/nfs/data/nvme_datasets/Pictures_CFSB_leaf_damage/2025_09_15_Re4StRes_T1_DSV/IMG_3216.JPG,1.0,5.999086856842041,5.9189887046813965,-0.080097995698452,4.9189887046813965,4.999086856842041,gold_only,45,single_rater_weak
2025_09_15_Re4StRes_T1_DSV/IMG_3217.JPG,plot_eb3702ae538f36e12fdc,dsv_asendorf_t1_bbch11,/home/nfs/data/nvme_datasets/Pictures_CFSB_leaf_damage/2025_09_15_Re4StRes_T1_DSV/IMG_3217.JPG,1.0,4.044604301452637,4.086450576782227,0.04184624180197716,3.0864505767822266,3.0446043014526367,gold_only,45,single_rater_weak
2025_09_15_Re4StRes_T1_DSV/IMG_3218.JPG,plot_bf214bfe62ce3ba5d1f9,dsv_asendorf_t1_bbch11,/home/nfs/data/nvme_datasets/Pictures_CFSB_leaf_damage/2025_09_15_Re4StRes_T1_DSV/IMG_3218.JPG,1.0,7.085705280303955,7.1708245277404785,0.0851190835237503,6.1708245277404785,6.085705280303955,gold_only,45,single_rater_weak
2025_09_15_Re4StRes_T1_DSV/IMG_3219.JPG,plot_bf214bfe62ce3ba5d1f9,dsv_asendorf_t1_bbch11,/home/nfs/data/nvme_datasets/Pictures_CFSB_leaf_damage/2025_09_15_Re4StRes_T1_DSV/IMG_3219.JPG,1.0,9.832852363586426,9.975048065185547,0.1421959549188614,8.975048065185547,8.832852363586426,gold_only,45,single_rater_weak
2025_09_15_Re4StRes_T1_DSV/IMG_3220.JPG,plot_bf214bfe62ce3ba5d1f9,dsv_asendorf_t1_bbch11,/home/nfs/data/nvme_datasets/Pictures_CFSB_leaf_damage/2025_09_15_Re4StRes_T1_DSV/IMG_3220.JPG,1.0,7.085134506225586,7.733297348022461,0.6481629014015198,6.733297348022461,6.085134506225586,gold_only,45,single_rater_weak
2025_09_15_Re4StRes_T1_DSV/IMG_3221.JPG,plot_34d14aebbb15b88da30e,dsv_asendorf_t1_bbch11,/home/nfs/data/nvme_datasets/Pictures_CFSB_leaf_damage/2025_09_15_Re4StRes_T1_DSV/IMG_3221.JPG,1.0,6.855101585388184,7.6384382247924805,0.7833368182182312,6.6384382247924805,5.855101585388184,gold_only,45,single_rater_weak
2025_09_15_Re4StRes_T1_DSV/IMG_3222.JPG,plot_34d14aebbb15b88da30e,dsv_asendorf_t1_bbch11,/home/nfs/data/nvme_datasets/Pictures_CFSB_leaf_damage/2025_09_15_Re4StRes_T1_DSV/IMG_3222.JPG,1.0,7.161209583282471,7.259215831756592,0.09800645709037781,6.259215831756592,6.161209583282471,gold_only,45,single_rater_weak
2025_09_15_Re4StRes_T1_DSV/IMG_3223.JPG,plot_34d14aebbb15b88da30e,dsv_asendorf_t1_bbch11,/home/nfs/data/nvme_datasets/Pictures_CFSB_leaf_damage/2025_09_15_Re4StRes_T1_DSV/IMG_3223.JPG,2.0,4.494197845458984,4.937574863433838,0.44337692856788635,2.937574863433838,2.4941978454589844,gold_only,45,single_rater_weak
2025_09_15_Re4StRes_T1_DSV/IMG_3224.JPG,plot_6731bbcab62df30b34c1,dsv_asendorf_t1_bbch11,/home/nfs/data/nvme_datasets/Pictures_CFSB_leaf_damage/2025_09_15_Re4StRes_T1_DSV/IMG_3224.JPG,5.0,8.28774642944336,8.851826667785645,0.5640804171562195,3.8518266677856445,3.2877464294433594,gold_only,45,single_rater_weak
2025_09_15_Re4StRes_T1_DSV/IMG_3225.JPG,plot_6731bbcab62df30b34c1,dsv_asendorf_t1_bbch11,/home/nfs/data/nvme_datasets/Pictures_CFSB_leaf_damage/2025_09_15_Re4StRes_T1_DSV/IMG_3225.JPG,30.0,8.864034652709961,9.416633605957031,0.5525992512702942,20.58336639404297,21.13596534729004,gold_only,45,single_rater_weak
2025_09_15_Re4StRes_T1_DSV/IMG_3226.JPG,plot_6731bbcab62df30b34c1,dsv_asendorf_t1_bbch11,/home/nfs/data/nvme_datasets/Pictures_CFSB_leaf_damage/2025_09_15_Re4StRes_T1_DSV/IMG_3226.JPG,3.0,6.539009094238281,7.1706013679504395,0.631592333316803,4.1706013679504395,3.5390090942382812,gold_only,45,single_rater_weak
2025_09_15_Re4StRes_T1_DSV/IMG_3227.JPG,plot_9beea524c46e83073ca7,dsv_asendorf_t1_bbch11,/home/nfs/data/nvme_datasets/Pictures_CFSB_leaf_damage/2025_09_15_Re4StRes_T1_DSV/IMG_3227.JPG,2.0,5.301202297210693,5.752200603485107,0.45099830627441406,3.7522006034851074,3.3012022972106934,gold_only,45,single_rater_weak
2025_09_15_Re4StRes_T1_DSV/IMG_3228.JPG,plot_9beea524c46e83073ca7,dsv_asendorf_t1_bbch11,/home/nfs/data/nvme_datasets/Pictures_CFSB_leaf_damage/2025_09_15_Re4StRes_T1_DSV/IMG_3228.JPG,1.0,6.114943504333496,6.296226978302002,0.1812835931777954,5.296226978302002,5.114943504333496,gold_only,45,single_rater_weak
2025_09_15_Re4StRes_T1_DSV/IMG_3229.JPG,plot_9beea524c46e83073ca7,dsv_asendorf_t1_bbch11,/home/nfs/data/nvme_datasets/Pictures_CFSB_leaf_damage/2025_09_15_Re4StRes_T1_DSV/IMG_3229.JPG,1.0,7.083940029144287,7.285210132598877,0.20127031207084656,6.285210132598877,6.083940029144287,gold_only,45,single_rater_weak
2025_09_15_Re4StRes_T1_DSV/IMG_3230.JPG,plot_3a1e6f5f9680120c73d7,dsv_asendorf_t1_bbch11,/home/nfs/data/nvme_datasets/Pictures_CFSB_leaf_damage/2025_09_15_Re4StRes_T1_DSV/IMG_3230.JPG,6.0,5.313708305358887,5.718112945556641,0.4044044017791748,0.2818870544433594,0.6862916946411133,gold_only,45,single_rater_weak
2025_09_15_Re4StRes_T1_DSV/IMG_3231.JPG,plot_3a1e6f5f9680120c73d7,dsv_asendorf_t1_bbch11,/home/nfs/data/nvme_datasets/Pictures_CFSB_leaf_damage/2025_09_15_Re4StRes_T1_DSV/IMG_3231.JPG,1.0,3.1524953842163086,3.65382981300354,0.5013344883918762,2.65382981300354,2.1524953842163086,gold_only,45,single_rater_weak
2025_09_15_Re4StRes_T1_DSV/IMG_3232.JPG,plot_3a1e6f5f9680120c73d7,dsv_asendorf_t1_bbch11,/home/nfs/data/nvme_datasets/Pictures_CFSB_leaf_damage/2025_09_15_Re4StRes_T1_DSV/IMG_3232.JPG,1.0,7.113359451293945,7.4519877433776855,0.33862823247909546,6.4519877433776855,6.113359451293945,gold_only,45,single_rater_weak
2025_09_15_Re4StRes_T1_DSV/IMG_3233.JPG,plot_fd43d9c52c96a3e24697,dsv_asendorf_t1_bbch11,/home/nfs/data/nvme_datasets/Pictures_CFSB_leaf_damage/2025_09_15_Re4StRes_T1_DSV/IMG_3233.JPG,21.0,9.909082412719727,10.635246276855469,0.7261641025543213,10.364753723144531,11.090917587280273,gold_only,45,single_rater_weak
2025_09_15_Re4StRes_T1_DSV/IMG_3234.JPG,plot_fd43d9c52c96a3e24697,dsv_asendorf_t1_bbch11,/home/nfs/data/nvme_datasets/Pictures_CFSB_leaf_damage/2025_09_15_Re4StRes_T1_DSV/IMG_3234.JPG,12.0,5.833051681518555,6.237462997436523,0.40441110730171204,5.762537002563477,6.166948318481445,gold_only,45,single_rater_weak
2025_09_15_Re4StRes_T1_DSV/IMG_3235.JPG,plot_fd43d9c52c96a3e24697,dsv_asendorf_t1_bbch11,/home/nfs/data/nvme_datasets/Pictures_CFSB_leaf_damage/2025_09_15_Re4StRes_T1_DSV/IMG_3235.JPG,5.0,13.621265411376953,13.264974594116211,-0.3562909662723541,8.264974594116211,8.621265411376953,gold_only,45,single_rater_weak
2025_09_15_Re4StRes_T1_DSV/IMG_3236.JPG,plot_41a6db88739c2508f149,dsv_asendorf_t1_bbch11,/home/nfs/data/nvme_datasets/Pictures_CFSB_leaf_damage/2025_09_15_Re4StRes_T1_DSV/IMG_3236.JPG,1.0,6.586790084838867,6.966956615447998,0.3801664710044861,5.966956615447998,5.586790084838867,gold_only,45,single_rater_weak
2025_09_15_Re4StRes_T1_DSV/IMG_3237.JPG,plot_41a6db88739c2508f149,dsv_asendorf_t1_bbch11,/home/nfs/data/nvme_datasets/Pictures_CFSB_leaf_damage/2025_09_15_Re4StRes_T1_DSV/IMG_3237.JPG,3.0,5.6842756271362305,6.144472599029541,0.4601970911026001,3.144472599029541,2.6842756271362305,gold_only,45,single_rater_weak
2025_09_15_Re4StRes_T1_DSV/IMG_3238.JPG,plot_41a6db88739c2508f149,dsv_asendorf_t1_bbch11,/home/nfs/data/nvme_datasets/Pictures_CFSB_leaf_damage/2025_09_15_Re4StRes_T1_DSV/IMG_3238.JPG,11.0,9.932931900024414,10.952499389648438,1.0195677280426025,0.0475006103515625,1.067068099975586,gold_only,45,single_rater_weak
2025_09_15_Re4StRes_T1_DSV/IMG_3239.JPG,plot_edb991aad2fb45d1b632,dsv_asendorf_t1_bbch11,/home/nfs/data/nvme_datasets/Pictures_CFSB_leaf_damage/2025_09_15_Re4StRes_T1_DSV/IMG_3239.JPG,1.0,6.966110706329346,7.490642547607422,0.5245320796966553,6.490642547607422,5.966110706329346,gold_only,45,single_rater_weak
2025_09_15_Re4StRes_T1_DSV/IMG_3240.JPG,plot_edb991aad2fb45d1b632,dsv_asendorf_t1_bbch11,/home/nfs/data/nvme_datasets/Pictures_CFSB_leaf_damage/2025_09_15_Re4StRes_T1_DSV/IMG_3240.JPG,2.0,6.247437477111816,6.7849578857421875,0.537520170211792,4.7849578857421875,4.247437477111816,gold_only,45,single_rater_weak
2025_09_15_Re4StRes_T1_DSV/IMG_3241.JPG,plot_edb991aad2fb45d1b632,dsv_asendorf_t1_bbch11,/home/nfs/data/nvme_datasets/Pictures_CFSB_leaf_damage/2025_09_15_Re4StRes_T1_DSV/IMG_3241.JPG,2.0,8.644009590148926,8.808008193969727,0.163998544216156,6.808008193969727,6.644009590148926,gold_only,45,single_rater_weak
2025_09_15_Re4StRes_T1_DSV/IMG_3242.JPG,plot_e2e387746e45a02831d7,dsv_asendorf_t1_bbch11,/home/nfs/data/nvme_datasets/Pictures_CFSB_leaf_damage/2025_09_15_Re4StRes_T1_DSV/IMG_3242.JPG,1.0,7.370645999908447,7.533814907073975,0.16316893696784973,6.533814907073975,6.370645999908447,gold_only,45,single_rater_weak
2025_09_15_Re4StRes_T1_DSV/IMG_3243.JPG,plot_e2e387746e45a02831d7,dsv_asendorf_t1_bbch11,/home/nfs/data/nvme_datasets/Pictures_CFSB_leaf_damage/2025_09_15_Re4StRes_T1_DSV/IMG_3243.JPG,6.0,4.99554443359375,5.264134883880615,0.2685902714729309,0.7358651161193848,1.00445556640625,gold_only,45,single_rater_weak
2025_09_15_Re4StRes_T1_DSV/IMG_3244.JPG,plot_e2e387746e45a02831d7,dsv_asendorf_t1_bbch11,/home/nfs/data/nvme_datasets/Pictures_CFSB_leaf_damage/2025_09_15_Re4StRes_T1_DSV/IMG_3244.JPG,9.0,9.144104957580566,10.007427215576172,0.8633217811584473,1.0074272155761719,0.1441049575805664,gold_only,45,single_rater_weak
2025_09_15_Re4StRes_T1_DSV/IMG_3245.JPG,plot_3f47d5961542eef7d91c,dsv_asendorf_t1_bbch11,/home/nfs/data/nvme_datasets/Pictures_CFSB_leaf_damage/2025_09_15_Re4StRes_T1_DSV/IMG_3245.JPG,6.0,6.820703983306885,7.183078765869141,0.36237481236457825,1.1830787658691406,0.8207039833068848,gold_only,45,single_rater_weak
2025_09_15_Re4StRes_T1_DSV/IMG_3246.JPG,plot_3f47d5961542eef7d91c,dsv_asendorf_t1_bbch11,/home/nfs/data/nvme_datasets/Pictures_CFSB_leaf_damage/2025_09_15_Re4StRes_T1_DSV/IMG_3246.JPG,26.0,8.723492622375488,9.035045623779297,0.3115531802177429,16.964954376220703,17.276508331298828,gold_only,45,single_rater_weak
2025_09_15_Re4StRes_T1_DSV/IMG_3248.JPG,plot_3f47d5961542eef7d91c,dsv_asendorf_t1_bbch11,/home/nfs/data/nvme_datasets/Pictures_CFSB_leaf_damage/2025_09_15_Re4StRes_T1_DSV/IMG_3248.JPG,2.0,5.603714466094971,5.9222002029418945,0.3184857964515686,3.9222002029418945,3.6037144660949707,gold_only,45,single_rater_weak
2025_09_15_Re4StRes_T1_DSV/IMG_3249.JPG,plot_9d45423b126c61c30b77,dsv_asendorf_t1_bbch11,/home/nfs/data/nvme_datasets/Pictures_CFSB_leaf_damage/2025_09_15_Re4StRes_T1_DSV/IMG_3249.JPG,12.0,10.851515769958496,11.71750545501709,0.8659899830818176,0.28249454498291016,1.148484230041504,gold_only,45,single_rater_weak
2025_09_15_Re4StRes_T1_DSV/IMG_3250.JPG,plot_9d45423b126c61c30b77,dsv_asendorf_t1_bbch11,/home/nfs/data/nvme_datasets/Pictures_CFSB_leaf_damage/2025_09_15_Re4StRes_T1_DSV/IMG_3250.JPG,9.0,9.592536926269531,10.201617240905762,0.6090799570083618,1.2016172409057617,0.5925369262695312,gold_only,45,single_rater_weak
2025_09_15_Re4StRes_T1_DSV/IMG_3251.JPG,plot_9d45423b126c61c30b77,dsv_asendorf_t1_bbch11,/home/nfs/data/nvme_datasets/Pictures_CFSB_leaf_damage/2025_09_15_Re4StRes_T1_DSV/IMG_3251.JPG,1.0,4.7528815269470215,5.284297466278076,0.5314158201217651,4.284297466278076,3.7528815269470215,gold_only,45,single_rater_weak
2025_09_15_Re4StRes_T1_DSV/IMG_3252.JPG,plot_129f30939368c8935b7c,dsv_asendorf_t1_bbch11,/home/nfs/data/nvme_datasets/Pictures_CFSB_leaf_damage/2025_09_15_Re4StRes_T1_DSV/IMG_3252.JPG,3.0,6.562870979309082,7.083136081695557,0.5202652215957642,4.083136081695557,3.562870979309082,gold_only,45,single_rater_weak
2025_09_15_Re4StRes_T1_DSV/IMG_3253.JPG,plot_129f30939368c8935b7c,dsv_asendorf_t1_bbch11,/home/nfs/data/nvme_datasets/Pictures_CFSB_leaf_damage/2025_09_15_Re4StRes_T1_DSV/IMG_3253.JPG,1.0,8.059892654418945,8.806161880493164,0.7462692856788635,7.806161880493164,7.059892654418945,gold_only,45,single_rater_weak
2025_09_15_Re4StRes_T1_DSV/IMG_3254.JPG,plot_129f30939368c8935b7c,dsv_asendorf_t1_bbch11,/home/nfs/data/nvme_datasets/Pictures_CFSB_leaf_damage/2025_09_15_Re4StRes_T1_DSV/IMG_3254.JPG,7.0,9.021354675292969,9.726547241210938,0.7051927447319031,2.7265472412109375,2.0213546752929688,gold_only,45,single_rater_weak
2025_09_15_Re4StRes_T1_DSV/IMG_3255.JPG,plot_f9626d0c917f313e8a19,dsv_asendorf_t1_bbch11,/home/nfs/data/nvme_datasets/Pictures_CFSB_leaf_damage/2025_09_15_Re4StRes_T1_DSV/IMG_3255.JPG,2.0,7.7274489402771,7.998035907745361,0.27058717608451843,5.998035907745361,5.7274489402771,gold_only,45,single_rater_weak
2025_09_15_Re4StRes_T1_DSV/IMG_3256.JPG,plot_f9626d0c917f313e8a19,dsv_asendorf_t1_bbch11,/home/nfs/data/nvme_datasets/Pictures_CFSB_leaf_damage/2025_09_15_Re4StRes_T1_DSV/IMG_3256.JPG,1.0,7.871983528137207,8.151470184326172,0.2794869542121887,7.151470184326172,6.871983528137207,gold_only,45,single_rater_weak
2025_09_15_Re4StRes_T1_DSV/IMG_3257.JPG,plot_f9626d0c917f313e8a19,dsv_asendorf_t1_bbch11,/home/nfs/data/nvme_datasets/Pictures_CFSB_leaf_damage/2025_09_15_Re4StRes_T1_DSV/IMG_3257.JPG,40.0,5.259878158569336,6.189810276031494,0.9299319386482239,33.81018829345703,34.74011993408203,gold_only,45,single_rater_weak
2025_09_15_Re4StRes_T1_DSV/IMG_3257_2.JPG,plot_6a051a6bb4230ee9520b,dsv_asendorf_t1_bbch11,/home/nfs/data/nvme_datasets/Pictures_CFSB_leaf_damage/2025_09_15_Re4StRes_T1_DSV/IMG_3257_2.JPG,7.0,2.752387046813965,2.958164691925049,0.2057776153087616,4.041835308074951,4.247612953186035,gold_only,45,single_rater_weak
2025_09_15_Re4StRes_T1_DSV/IMG_3259.JPG,plot_6a051a6bb4230ee9520b,dsv_asendorf_t1_bbch11,/home/nfs/data/nvme_datasets/Pictures_CFSB_leaf_damage/2025_09_15_Re4StRes_T1_DSV/IMG_3259.JPG,34.0,8.845437049865723,9.848617553710938,1.0031803846359253,24.151382446289062,25.154563903808594,gold_only,45,single_rater_weak
2025_09_15_Re4StRes_T1_DSV/IMG_3260.JPG,plot_6a051a6bb4230ee9520b,dsv_asendorf_t1_bbch11,/home/nfs/data/nvme_datasets/Pictures_CFSB_leaf_damage/2025_09_15_Re4StRes_T1_DSV/IMG_3260.JPG,16.0,10.558832168579102,11.107247352600098,0.5484148263931274,4.892752647399902,5.441167831420898,gold_only,45,single_rater_weak
2025_09_15_Re4StRes_T1_DSV/IMG_3261.JPG,plot_1216c7d6681be8f3d99c,dsv_asendorf_t1_bbch11,/home/nfs/data/nvme_datasets/Pictures_CFSB_leaf_damage/2025_09_15_Re4StRes_T1_DSV/IMG_3261.JPG,7.0,5.822601795196533,6.140853404998779,0.31825152039527893,0.8591465950012207,1.1773982048034668,gold_only,45,single_rater_weak
2025_09_15_Re4StRes_T1_DSV/IMG_3262.JPG,plot_1216c7d6681be8f3d99c,dsv_asendorf_t1_bbch11,/home/nfs/data/nvme_datasets/Pictures_CFSB_leaf_damage/2025_09_15_Re4StRes_T1_DSV/IMG_3262.JPG,2.0,5.949078559875488,6.50303316116333,0.5539544224739075,4.50303316116333,3.9490785598754883,gold_only,45,single_rater_weak
2025_09_15_Re4StRes_T1_DSV/IMG_3263.JPG,plot_1216c7d6681be8f3d99c,dsv_asendorf_t1_bbch11,/home/nfs/data/nvme_datasets/Pictures_CFSB_leaf_damage/2025_09_15_Re4StRes_T1_DSV/IMG_3263.JPG,10.0,4.377449035644531,4.617486000061035,0.24003706872463226,5.382513999938965,5.622550964355469,gold_only,45,single_rater_weak
2025_09_15_Re4StRes_T1_DSV/IMG_3264.JPG,plot_ca3beff6a94eea1ef628,dsv_asendorf_t1_bbch11,/home/nfs/data/nvme_datasets/Pictures_CFSB_leaf_damage/2025_09_15_Re4StRes_T1_DSV/IMG_3264.JPG,2.0,5.291474342346191,5.677732944488525,0.38625872135162354,3.6777329444885254,3.2914743423461914,gold_only,45,single_rater_weak
2025_09_15_Re4StRes_T1_DSV/IMG_3265.JPG,plot_ca3beff6a94eea1ef628,dsv_asendorf_t1_bbch11,/home/nfs/data/nvme_datasets/Pictures_CFSB_leaf_damage/2025_09_15_Re4StRes_T1_DSV/IMG_3265.JPG,1.0,7.550016403198242,8.232560157775879,0.6825439929962158,7.232560157775879,6.550016403198242,gold_only,45,single_rater_weak
2025_09_15_Re4StRes_T1_DSV/IMG_3266.JPG,plot_ca3beff6a94eea1ef628,dsv_asendorf_t1_bbch11,/home/nfs/data/nvme_datasets/Pictures_CFSB_leaf_damage/2025_09_15_Re4StRes_T1_DSV/IMG_3266.JPG,6.0,8.306214332580566,9.23082447052002,0.9246100187301636,3.2308244705200195,2.3062143325805664,gold_only,45,single_rater_weak
2025_09_15_Re4StRes_T1_DSV/IMG_3267.JPG,plot_d5a1df628e189c0794a5,dsv_asendorf_t1_bbch11,/home/nfs/data/nvme_datasets/Pictures_CFSB_leaf_damage/2025_09_15_Re4StRes_T1_DSV/IMG_3267.JPG,3.0,7.333776950836182,7.646234035491943,0.312456876039505,4.646234035491943,4.333776950836182,gold_only,45,single_rater_weak
2025_09_15_Re4StRes_T1_DSV/IMG_3268.JPG,plot_d5a1df628e189c0794a5,dsv_asendorf_t1_bbch11,/home/nfs/data/nvme_datasets/Pictures_CFSB_leaf_damage/2025_09_15_Re4StRes_T1_DSV/IMG_3268.JPG,2.0,5.817133903503418,6.531444072723389,0.714310348033905,4.531444072723389,3.817133903503418,gold_only,45,single_rater_weak
2025_09_15_Re4StRes_T1_DSV/IMG_3269.JPG,plot_d5a1df628e189c0794a5,dsv_asendorf_t1_bbch11,/home/nfs/data/nvme_datasets/Pictures_CFSB_leaf_damage/2025_09_15_Re4StRes_T1_DSV/IMG_3269.JPG,3.0,4.249739646911621,4.698759078979492,0.44901934266090393,1.6987590789794922,1.249739646911621,gold_only,45,single_rater_weak
2025_09_15_Re4StRes_T1_DSV/IMG_3270.JPG,plot_dbcfc7149ccf66bb6b4b,dsv_asendorf_t1_bbch11,/home/nfs/data/nvme_datasets/Pictures_CFSB_leaf_damage/2025_09_15_Re4StRes_T1_DSV/IMG_3270.JPG,2.0,1.8398175239562988,2.4026083946228027,0.5627907514572144,0.40260839462280273,0.16018247604370117,gold_only,45,single_rater_weak
2025_09_15_Re4StRes_T1_DSV/IMG_3271.JPG,plot_dbcfc7149ccf66bb6b4b,dsv_asendorf_t1_bbch11,/home/nfs/data/nvme_datasets/Pictures_CFSB_leaf_damage/2025_09_15_Re4StRes_T1_DSV/IMG_3271.JPG,3.0,2.819943428039551,2.895486354827881,0.07554284483194351,0.10451364517211914,0.18005657196044922,gold_only,45,single_rater_weak
2025_09_15_Re4StRes_T1_DSV/IMG_3272.JPG,plot_dbcfc7149ccf66bb6b4b,dsv_asendorf_t1_bbch11,/home/nfs/data/nvme_datasets/Pictures_CFSB_leaf_damage/2025_09_15_Re4StRes_T1_DSV/IMG_3272.JPG,5.0,3.8232598304748535,4.281899452209473,0.45863938331604004,0.7181005477905273,1.1767401695251465,gold_only,45,single_rater_weak
2025_09_15_Re4StRes_T1_DSV/IMG_3273.JPG,plot_b9a431186e2b1507c308,dsv_asendorf_t1_bbch11,/home/nfs/data/nvme_datasets/Pictures_CFSB_leaf_damage/2025_09_15_Re4StRes_T1_DSV/IMG_3273.JPG,5.0,7.831160545349121,8.204102516174316,0.3729415535926819,3.2041025161743164,2.831160545349121,gold_only,45,single_rater_weak
2025_09_15_Re4StRes_T1_DSV/IMG_3274.JPG,plot_b9a431186e2b1507c308,dsv_asendorf_t1_bbch11,/home/nfs/data/nvme_datasets/Pictures_CFSB_leaf_damage/2025_09_15_Re4StRes_T1_DSV/IMG_3274.JPG,5.0,6.8565754890441895,7.340808391571045,0.4842328727245331,2.340808391571045,1.8565754890441895,gold_only,45,single_rater_weak
2025_09_15_Re4StRes_T1_DSV/IMG_3275.JPG,plot_b9a431186e2b1507c308,dsv_asendorf_t1_bbch11,/home/nfs/data/nvme_datasets/Pictures_CFSB_leaf_damage/2025_09_15_Re4StRes_T1_DSV/IMG_3275.JPG,2.0,4.64591121673584,5.344053268432617,0.6981419324874878,3.344053268432617,2.64591121673584,gold_only,45,single_rater_weak
2025_09_15_Re4StRes_T1_DSV/IMG_3276.JPG,plot_7486149307b454bb4f4a,dsv_asendorf_t1_bbch11,/home/nfs/data/nvme_datasets/Pictures_CFSB_leaf_damage/2025_09_15_Re4StRes_T1_DSV/IMG_3276.JPG,2.0,2.646395206451416,2.899020195007324,0.25262507796287537,0.8990201950073242,0.646395206451416,gold_only,45,single_rater_weak
2025_09_15_Re4StRes_T1_DSV/IMG_3277.JPG,plot_7486149307b454bb4f4a,dsv_asendorf_t1_bbch11,/home/nfs/data/nvme_datasets/Pictures_CFSB_leaf_damage/2025_09_15_Re4StRes_T1_DSV/IMG_3277.JPG,2.0,6.239706993103027,6.613978385925293,0.3742712140083313,4.613978385925293,4.239706993103027,gold_only,45,single_rater_weak
2025_09_15_Re4StRes_T1_DSV/IMG_3278.JPG,plot_7486149307b454bb4f4a,dsv_asendorf_t1_bbch11,/home/nfs/data/nvme_datasets/Pictures_CFSB_leaf_damage/2025_09_15_Re4StRes_T1_DSV/IMG_3278.JPG,1.0,3.572471857070923,3.5796141624450684,0.007142411544919014,2.5796141624450684,2.572471857070923,gold_only,45,single_rater_weak
2025_09_15_Re4StRes_T1_DSV/IMG_3280.JPG,plot_3789b4cb6a6fe6da8348,dsv_asendorf_t1_bbch11,/home/nfs/data/nvme_datasets/Pictures_CFSB_leaf_damage/2025_09_15_Re4StRes_T1_DSV/IMG_3280.JPG,4.0,7.120625972747803,7.705142974853516,0.5845167636871338,3.7051429748535156,3.1206259727478027,gold_only,45,single_rater_weak
2025_09_15_Re4StRes_T1_DSV/IMG_3281.JPG,plot_3789b4cb6a6fe6da8348,dsv_asendorf_t1_bbch11,/home/nfs/data/nvme_datasets/Pictures_CFSB_leaf_damage/2025_09_15_Re4StRes_T1_DSV/IMG_3281.JPG,4.0,5.916557788848877,6.295174598693848,0.3786170482635498,2.2951745986938477,1.916557788848877,gold_only,45,single_rater_weak
2025_09_15_Re4StRes_T1_DSV/IMG_3282.JPG,plot_3789b4cb6a6fe6da8348,dsv_asendorf_t1_bbch11,/home/nfs/data/nvme_datasets/Pictures_CFSB_leaf_damage/2025_09_15_Re4StRes_T1_DSV/IMG_3282.JPG,3.0,5.068778991699219,5.483434200286865,0.41465508937835693,2.4834342002868652,2.0687789916992188,gold_only,45,single_rater_weak
2025_09_15_Re4StRes_T1_DSV/IMG_3283.JPG,plot_e617326cca4ff14f62d2,dsv_asendorf_t1_bbch11,/home/nfs/data/nvme_datasets/Pictures_CFSB_leaf_damage/2025_09_15_Re4StRes_T1_DSV/IMG_3283.JPG,2.0,13.419233322143555,13.892314910888672,0.4730818271636963,11.892314910888672,11.419233322143555,gold_only,45,single_rater_weak
2025_09_15_Re4StRes_T1_DSV/IMG_3284.JPG,plot_e617326cca4ff14f62d2,dsv_asendorf_t1_bbch11,/home/nfs/data/nvme_datasets/Pictures_CFSB_leaf_damage/2025_09_15_Re4StRes_T1_DSV/IMG_3284.JPG,6.0,10.269521713256836,10.900411605834961,0.6308894753456116,4.900411605834961,4.269521713256836,gold_only,45,single_rater_weak
2025_09_15_Re4StRes_T1_DSV/IMG_3285.JPG,plot_e617326cca4ff14f62d2,dsv_asendorf_t1_bbch11,/home/nfs/data/nvme_datasets/Pictures_CFSB_leaf_damage/2025_09_15_Re4StRes_T1_DSV/IMG_3285.JPG,2.0,8.717026710510254,9.24850082397461,0.531473696231842,7.248500823974609,6.717026710510254,gold_only,45,single_rater_weak
2025_09_15_Re4StRes_T1_DSV/IMG_3286.JPG,plot_0ae6f966a908651f5cab,dsv_asendorf_t1_bbch11,/home/nfs/data/nvme_datasets/Pictures_CFSB_leaf_damage/2025_09_15_Re4StRes_T1_DSV/IMG_3286.JPG,3.0,5.541299819946289,5.9429121017456055,0.4016124904155731,2.9429121017456055,2.541299819946289,gold_only,45,single_rater_weak
2025_09_15_Re4StRes_T1_DSV/IMG_3287.JPG,plot_0ae6f966a908651f5cab,dsv_asendorf_t1_bbch11,/home/nfs/data/nvme_datasets/Pictures_CFSB_leaf_damage/2025_09_15_Re4StRes_T1_DSV/IMG_3287.JPG,5.0,8.702006340026855,9.108747482299805,0.40674087405204773,4.108747482299805,3.7020063400268555,gold_only,45,single_rater_weak
2025_09_15_Re4StRes_T1_DSV/IMG_3288.JPG,plot_0ae6f966a908651f5cab,dsv_asendorf_t1_bbch11,/home/nfs/data/nvme_datasets/Pictures_CFSB_leaf_damage/2025_09_15_Re4StRes_T1_DSV/IMG_3288.JPG,2.0,8.901330947875977,9.54132080078125,0.6399903297424316,7.54132080078125,6.901330947875977,gold_only,45,single_rater_weak
2025_09_15_Re4StRes_T1_DSV/IMG_3289.JPG,plot_8097028aac14b09b554b,dsv_asendorf_t1_bbch11,/home/nfs/data/nvme_datasets/Pictures_CFSB_leaf_damage/2025_09_15_Re4StRes_T1_DSV/IMG_3289.JPG,2.0,6.312001705169678,6.788678169250488,0.4766765534877777,4.788678169250488,4.312001705169678,gold_only,45,single_rater_weak
2025_09_15_Re4StRes_T1_DSV/IMG_3290.JPG,plot_8097028aac14b09b554b,dsv_asendorf_t1_bbch11,/home/nfs/data/nvme_datasets/Pictures_CFSB_leaf_damage/2025_09_15_Re4StRes_T1_DSV/IMG_3290.JPG,1.0,4.47889518737793,4.572571277618408,0.09367626160383224,3.572571277618408,3.4788951873779297,gold_only,45,single_rater_weak
2025_09_15_Re4StRes_T1_DSV/IMG_3291.JPG,plot_8097028aac14b09b554b,dsv_asendorf_t1_bbch11,/home/nfs/data/nvme_datasets/Pictures_CFSB_leaf_damage/2025_09_15_Re4StRes_T1_DSV/IMG_3291.JPG,4.0,10.498762130737305,10.659329414367676,0.16056768596172333,6.659329414367676,6.498762130737305,gold_only,45,single_rater_weak
2025_09_15_Re4StRes_T1_DSV/IMG_3292.JPG,plot_97272306323ab99ec6e4,dsv_asendorf_t1_bbch11,/home/nfs/data/nvme_datasets/Pictures_CFSB_leaf_damage/2025_09_15_Re4StRes_T1_DSV/IMG_3292.JPG,1.0,5.5170698165893555,5.825941562652588,0.3088717758655548,4.825941562652588,4.5170698165893555,gold_only,45,single_rater_weak
2025_09_15_Re4StRes_T1_DSV/IMG_3293.JPG,plot_97272306323ab99ec6e4,dsv_asendorf_t1_bbch11,/home/nfs/data/nvme_datasets/Pictures_CFSB_leaf_damage/2025_09_15_Re4StRes_T1_DSV/IMG_3293.JPG,2.0,5.500261306762695,5.722472667694092,0.2222113460302353,3.722472667694092,3.5002613067626953,gold_only,45,single_rater_weak
2025_09_15_Re4StRes_T1_DSV/IMG_3294.JPG,plot_97272306323ab99ec6e4,dsv_asendorf_t1_bbch11,/home/nfs/data/nvme_datasets/Pictures_CFSB_leaf_damage/2025_09_15_Re4StRes_T1_DSV/IMG_3294.JPG,4.0,3.971569776535034,3.9520370960235596,-0.019532648846507072,0.04796290397644043,0.02843022346496582,gold_only,45,single_rater_weak
2025_09_15_Re4StRes_T1_DSV/IMG_3295.JPG,plot_c62ed8a803b2f7fb0c8e,dsv_asendorf_t1_bbch11,/home/nfs/data/nvme_datasets/Pictures_CFSB_leaf_damage/2025_09_15_Re4StRes_T1_DSV/IMG_3295.JPG,2.0,3.109602451324463,3.445756196975708,0.3361538052558899,1.445756196975708,1.109602451324463,gold_only,45,single_rater_weak
2025_09_15_Re4StRes_T1_DSV/IMG_3296.JPG,plot_c62ed8a803b2f7fb0c8e,dsv_asendorf_t1_bbch11,/home/nfs/data/nvme_datasets/Pictures_CFSB_leaf_damage/2025_09_15_Re4StRes_T1_DSV/IMG_3296.JPG,3.0,2.706404685974121,2.821943759918213,0.11553914099931717,0.1780562400817871,0.2935953140258789,gold_only,45,single_rater_weak
2025_09_15_Re4StRes_T1_DSV/IMG_3297.JPG,plot_c62ed8a803b2f7fb0c8e,dsv_asendorf_t1_bbch11,/home/nfs/data/nvme_datasets/Pictures_CFSB_leaf_damage/2025_09_15_Re4StRes_T1_DSV/IMG_3297.JPG,3.0,2.7647156715393066,2.964662790298462,0.1999470740556717,0.035337209701538086,0.23528432846069336,gold_only,45,single_rater_weak
2025_09_15_Re4StRes_T1_DSV/IMG_3298.JPG,plot_2d2c766ece40a4a2ce28,dsv_asendorf_t1_bbch11,/home/nfs/data/nvme_datasets/Pictures_CFSB_leaf_damage/2025_09_15_Re4StRes_T1_DSV/IMG_3298.JPG,1.0,5.800792694091797,5.880527019500732,0.07973450422286987,4.880527019500732,4.800792694091797,gold_only,45,single_rater_weak
2025_09_15_Re4StRes_T1_DSV/IMG_3299.JPG,plot_2d2c766ece40a4a2ce28,dsv_asendorf_t1_bbch11,/home/nfs/data/nvme_datasets/Pictures_CFSB_leaf_damage/2025_09_15_Re4StRes_T1_DSV/IMG_3299.JPG,3.0,7.7008466720581055,8.062291145324707,0.36144471168518066,5.062291145324707,4.7008466720581055,gold_only,45,single_rater_weak
2025_09_15_Re4StRes_T1_DSV/IMG_3300.JPG,plot_2d2c766ece40a4a2ce28,dsv_asendorf_t1_bbch11,/home/nfs/data/nvme_datasets/Pictures_CFSB_leaf_damage/2025_09_15_Re4StRes_T1_DSV/IMG_3300.JPG,23.0,7.584792137145996,7.678145408630371,0.0933530330657959,15.321854591369629,15.415207862854004,gold_only,45,single_rater_weak
2025_09_15_Re4StRes_T1_DSV/IMG_3301.JPG,plot_7cacbc714931b970206b,dsv_asendorf_t1_bbch11,/home/nfs/data/nvme_datasets/Pictures_CFSB_leaf_damage/2025_09_15_Re4StRes_T1_DSV/IMG_3301.JPG,5.0,9.313529968261719,9.802877426147461,0.48934710025787354,4.802877426147461,4.313529968261719,gold_only,45,single_rater_weak
2025_09_15_Re4StRes_T1_DSV/IMG_3302.JPG,plot_7cacbc714931b970206b,dsv_asendorf_t1_bbch11,/home/nfs/data/nvme_datasets/Pictures_CFSB_leaf_damage/2025_09_15_Re4StRes_T1_DSV/IMG_3302.JPG,5.0,11.17260456085205,11.189682960510254,0.017078537493944168,6.189682960510254,6.172604560852051,gold_only,45,single_rater_weak
2025_09_15_Re4StRes_T1_DSV/IMG_3303.JPG,plot_7cacbc714931b970206b,dsv_asendorf_t1_bbch11,/home/nfs/data/nvme_datasets/Pictures_CFSB_leaf_damage/2025_09_15_Re4StRes_T1_DSV/IMG_3303.JPG,2.0,5.8891801834106445,6.050786972045898,0.16160660982131958,4.050786972045898,3.8891801834106445,gold_only,45,single_rater_weak
2025_09_15_Re4StRes_T1_DSV/IMG_3304.JPG,plot_3f88067c4a7d39bd1cb7,dsv_asendorf_t1_bbch11,/home/nfs/data/nvme_datasets/Pictures_CFSB_leaf_damage/2025_09_15_Re4StRes_T1_DSV/IMG_3304.JPG,3.0,3.7680718898773193,4.0361456871032715,0.2680739760398865,1.0361456871032715,0.7680718898773193,gold_only,45,single_rater_weak
2025_09_15_Re4StRes_T1_DSV/IMG_3305.JPG,plot_3f88067c4a7d39bd1cb7,dsv_asendorf_t1_bbch11,/home/nfs/data/nvme_datasets/Pictures_CFSB_leaf_damage/2025_09_15_Re4StRes_T1_DSV/IMG_3305.JPG,15.0,10.08148193359375,10.72418212890625,0.6427006721496582,4.27581787109375,4.91851806640625,gold_only,45,single_rater_weak
2025_09_15_Re4StRes_T1_DSV/IMG_3306.JPG,plot_3f88067c4a7d39bd1cb7,dsv_asendorf_t1_bbch11,/home/nfs/data/nvme_datasets/Pictures_CFSB_leaf_damage/2025_09_15_Re4StRes_T1_DSV/IMG_3306.JPG,5.0,3.902663230895996,4.314970970153809,0.4123077988624573,0.6850290298461914,1.097336769104004,gold_only,45,single_rater_weak
2025_09_15_Re4StRes_T1_DSV/IMG_3307.JPG,plot_2bd349d21470dba8ebb9,dsv_asendorf_t1_bbch11,/home/nfs/data/nvme_datasets/Pictures_CFSB_leaf_damage/2025_09_15_Re4StRes_T1_DSV/IMG_3307.JPG,1.0,3.994246006011963,4.2271928787231445,0.2329469472169876,3.2271928787231445,2.994246006011963,gold_only,45,single_rater_weak
2025_09_15_Re4StRes_T1_DSV/IMG_3308.JPG,plot_2bd349d21470dba8ebb9,dsv_asendorf_t1_bbch11,/home/nfs/data/nvme_datasets/Pictures_CFSB_leaf_damage/2025_09_15_Re4StRes_T1_DSV/IMG_3308.JPG,12.0,7.846336841583252,8.387670516967773,0.5413340926170349,3.6123294830322266,4.153663158416748,gold_only,45,single_rater_weak
2025_09_15_Re4StRes_T1_DSV/IMG_3309.JPG,plot_2bd349d21470dba8ebb9,dsv_asendorf_t1_bbch11,/home/nfs/data/nvme_datasets/Pictures_CFSB_leaf_damage/2025_09_15_Re4StRes_T1_DSV/IMG_3309.JPG,8.0,7.127667427062988,7.681589126586914,0.5539219379425049,0.31841087341308594,0.8723325729370117,gold_only,45,single_rater_weak
2025_09_15_Re4StRes_T1_DSV/IMG_3310.JPG,plot_7cea4932b02b7abad1a0,dsv_asendorf_t1_bbch11,/home/nfs/data/nvme_datasets/Pictures_CFSB_leaf_damage/2025_09_15_Re4StRes_T1_DSV/IMG_3310.JPG,3.0,5.499111175537109,5.917477607727051,0.41836655139923096,2.917477607727051,2.4991111755371094,gold_only,45,single_rater_weak
2025_09_15_Re4StRes_T1_DSV/IMG_3311.JPG,plot_7cea4932b02b7abad1a0,dsv_asendorf_t1_bbch11,/home/nfs/data/nvme_datasets/Pictures_CFSB_leaf_damage/2025_09_15_Re4StRes_T1_DSV/IMG_3311.JPG,0.0,4.663445949554443,5.358423233032227,0.6949775218963623,5.358423233032227,4.663445949554443,gold_only,45,single_rater_weak
2025_09_15_Re4StRes_T1_DSV/IMG_3312.JPG,plot_7cea4932b02b7abad1a0,dsv_asendorf_t1_bbch11,/home/nfs/data/nvme_datasets/Pictures_CFSB_leaf_damage/2025_09_15_Re4StRes_T1_DSV/IMG_3312.JPG,2.0,4.453484058380127,4.983334064483643,0.5298500657081604,2.9833340644836426,2.453484058380127,gold_only,45,single_rater_weak
2025_09_15_Re4StRes_T1_DSV/IMG_3313.JPG,plot_aade77a958856ea66bcc,dsv_asendorf_t1_bbch11,/home/nfs/data/nvme_datasets/Pictures_CFSB_leaf_damage/2025_09_15_Re4StRes_T1_DSV/IMG_3313.JPG,13.0,10.1251220703125,10.791390419006348,0.6662684679031372,2.2086095809936523,2.8748779296875,gold_only,45,single_rater_weak
2025_09_15_Re4StRes_T1_DSV/IMG_3314.JPG,plot_aade77a958856ea66bcc,dsv_asendorf_t1_bbch11,/home/nfs/data/nvme_datasets/Pictures_CFSB_leaf_damage/2025_09_15_Re4StRes_T1_DSV/IMG_3314.JPG,6.0,8.015485763549805,8.326298713684082,0.31081318855285645,2.326298713684082,2.0154857635498047,gold_only,45,single_rater_weak
2025_09_15_Re4StRes_T1_DSV/IMG_3315.JPG,plot_aade77a958856ea66bcc,dsv_asendorf_t1_bbch11,/home/nfs/data/nvme_datasets/Pictures_CFSB_leaf_damage/2025_09_15_Re4StRes_T1_DSV/IMG_3315.JPG,22.0,9.758557319641113,10.320619583129883,0.5620620250701904,11.679380416870117,12.241442680358887,gold_only,45,single_rater_weak
2025_09_15_Re4StRes_T1_DSV/IMG_3316.JPG,plot_78c7672b97ddc73895d7,dsv_asendorf_t1_bbch11,/home/nfs/data/nvme_datasets/Pictures_CFSB_leaf_damage/2025_09_15_Re4StRes_T1_DSV/IMG_3316.JPG,3.0,4.588035583496094,5.024537563323975,0.43650180101394653,2.0245375633239746,1.5880355834960938,gold_only,45,single_rater_weak
2025_09_15_Re4StRes_T1_DSV/IMG_3317.JPG,plot_78c7672b97ddc73895d7,dsv_asendorf_t1_bbch11,/home/nfs/data/nvme_datasets/Pictures_CFSB_leaf_damage/2025_09_15_Re4StRes_T1_DSV/IMG_3317.JPG,2.0,4.957961559295654,5.366972923278809,0.40901127457618713,3.3669729232788086,2.9579615592956543,gold_only,45,single_rater_weak
2025_09_15_Re4StRes_T1_DSV/IMG_3318.JPG,plot_78c7672b97ddc73895d7,dsv_asendorf_t1_bbch11,/home/nfs/data/nvme_datasets/Pictures_CFSB_leaf_damage/2025_09_15_Re4StRes_T1_DSV/IMG_3318.JPG,18.0,5.7913665771484375,6.256866931915283,0.4655003845691681,11.743133544921875,12.208633422851562,gold_only,45,single_rater_weak
2025_09_15_Re4StRes_T1_DSV/IMG_3319.JPG,plot_95b7c810444a00ae4705,dsv_asendorf_t1_bbch11,/home/nfs/data/nvme_datasets/Pictures_CFSB_leaf_damage/2025_09_15_Re4StRes_T1_DSV/IMG_3319.JPG,21.0,4.809358596801758,5.194954872131348,0.3855963349342346,15.805045127868652,16.190641403198242,gold_only,45,single_rater_weak
2025_09_15_Re4StRes_T1_DSV/IMG_3320.JPG,plot_95b7c810444a00ae4705,dsv_asendorf_t1_bbch11,/home/nfs/data/nvme_datasets/Pictures_CFSB_leaf_damage/2025_09_15_Re4StRes_T1_DSV/IMG_3320.JPG,1.0,5.331779479980469,5.571136951446533,0.23935741186141968,4.571136951446533,4.331779479980469,gold_only,45,single_rater_weak
2025_09_15_Re4StRes_T1_DSV/IMG_3321.JPG,plot_95b7c810444a00ae4705,dsv_asendorf_t1_bbch11,/home/nfs/data/nvme_datasets/Pictures_CFSB_leaf_damage/2025_09_15_Re4StRes_T1_DSV/IMG_3321.JPG,2.0,5.614443302154541,5.6961445808410645,0.0817011147737503,3.6961445808410645,3.614443302154541,gold_only,45,single_rater_weak
2025_09_15_Re4StRes_T1_DSV/IMG_3322.JPG,plot_65931f89e793cfd8ed57,dsv_asendorf_t1_bbch11,/home/nfs/data/nvme_datasets/Pictures_CFSB_leaf_damage/2025_09_15_Re4StRes_T1_DSV/IMG_3322.JPG,22.0,5.813101291656494,6.396276950836182,0.583175778388977,15.603723526000977,16.186899185180664,gold_only,45,single_rater_weak
2025_09_15_Re4StRes_T1_DSV/IMG_3323.JPG,plot_65931f89e793cfd8ed57,dsv_asendorf_t1_bbch11,/home/nfs/data/nvme_datasets/Pictures_CFSB_leaf_damage/2025_09_15_Re4StRes_T1_DSV/IMG_3323.JPG,5.0,5.640074253082275,5.570140361785889,-0.06993374973535538,0.5701403617858887,0.6400742530822754,gold_only,45,single_rater_weak
2025_09_15_Re4StRes_T1_DSV/IMG_3324.JPG,plot_65931f89e793cfd8ed57,dsv_asendorf_t1_bbch11,/home/nfs/data/nvme_datasets/Pictures_CFSB_leaf_damage/2025_09_15_Re4StRes_T1_DSV/IMG_3324.JPG,23.0,13.643416404724121,13.953291893005371,0.3098755180835724,9.046708106994629,9.356583595275879,gold_only,45,single_rater_weak
2025_09_15_Re4StRes_T1_DSV/IMG_3325.JPG,plot_b23eede93d0769614492,dsv_asendorf_t1_bbch11,/home/nfs/data/nvme_datasets/Pictures_CFSB_leaf_damage/2025_09_15_Re4StRes_T1_DSV/IMG_3325.JPG,12.0,5.818829536437988,6.481989860534668,0.6631605625152588,5.518010139465332,6.181170463562012,gold_only,45,single_rater_weak
2025_09_15_Re4StRes_T1_DSV/IMG_3326.JPG,plot_b23eede93d0769614492,dsv_asendorf_t1_bbch11,/home/nfs/data/nvme_datasets/Pictures_CFSB_leaf_damage/2025_09_15_Re4StRes_T1_DSV/IMG_3326.JPG,3.0,8.174452781677246,8.861736297607422,0.6872832179069519,5.861736297607422,5.174452781677246,gold_only,45,single_rater_weak
2025_09_15_Re4StRes_T1_DSV/IMG_3327.JPG,plot_b23eede93d0769614492,dsv_asendorf_t1_bbch11,/home/nfs/data/nvme_datasets/Pictures_CFSB_leaf_damage/2025_09_15_Re4StRes_T1_DSV/IMG_3327.JPG,28.0,5.776567459106445,6.215018272399902,0.43845075368881226,21.78498077392578,22.223432540893555,gold_only,45,single_rater_weak
2025_09_15_Re4StRes_T1_DSV/IMG_3328.JPG,plot_adeaac1f14a1a4d9559e,dsv_asendorf_t1_bbch11,/home/nfs/data/nvme_datasets/Pictures_CFSB_leaf_damage/2025_09_15_Re4StRes_T1_DSV/IMG_3328.JPG,4.0,2.8060736656188965,3.3457159996032715,0.5396422147750854,0.6542840003967285,1.1939263343811035,gold_only,45,single_rater_weak
2025_09_15_Re4StRes_T1_DSV/IMG_3329.JPG,plot_adeaac1f14a1a4d9559e,dsv_asendorf_t1_bbch11,/home/nfs/data/nvme_datasets/Pictures_CFSB_leaf_damage/2025_09_15_Re4StRes_T1_DSV/IMG_3329.JPG,29.0,7.151340007781982,7.782769680023193,0.6314298510551453,21.21722984313965,21.84865951538086,gold_only,45,single_rater_weak
2025_09_15_Re4StRes_T1_DSV/IMG_3330.JPG,plot_adeaac1f14a1a4d9559e,dsv_asendorf_t1_bbch11,/home/nfs/data/nvme_datasets/Pictures_CFSB_leaf_damage/2025_09_15_Re4StRes_T1_DSV/IMG_3330.JPG,4.0,3.087899684906006,3.179412841796875,0.09151311218738556,0.820587158203125,0.9121003150939941,gold_only,45,single_rater_weak
2025_09_15_Re4StRes_T1_DSV/IMG_3331.JPG,plot_43d5937dd6531addbc2e,dsv_asendorf_t1_bbch11,/home/nfs/data/nvme_datasets/Pictures_CFSB_leaf_damage/2025_09_15_Re4StRes_T1_DSV/IMG_3331.JPG,3.0,7.791904449462891,8.328782081604004,0.5368779897689819,5.328782081604004,4.791904449462891,gold_only,45,single_rater_weak
2025_09_15_Re4StRes_T1_DSV/IMG_3332.JPG,plot_43d5937dd6531addbc2e,dsv_asendorf_t1_bbch11,/home/nfs/data/nvme_datasets/Pictures_CFSB_leaf_damage/2025_09_15_Re4StRes_T1_DSV/IMG_3332.JPG,3.0,4.593134880065918,4.728510856628418,0.1353757530450821,1.728510856628418,1.593134880065918,gold_only,45,single_rater_weak
2025_09_15_Re4StRes_T1_DSV/IMG_3333.JPG,plot_43d5937dd6531addbc2e,dsv_asendorf_t1_bbch11,/home/nfs/data/nvme_datasets/Pictures_CFSB_leaf_damage/2025_09_15_Re4StRes_T1_DSV/IMG_3333.JPG,2.0,3.8371715545654297,4.203713417053223,0.36654162406921387,2.2037134170532227,1.8371715545654297,gold_only,45,single_rater_weak
2025_09_15_Re4StRes_T1_DSV/IMG_3334.JPG,plot_0a81b4c942a2db474f37,dsv_asendorf_t1_bbch11,/home/nfs/data/nvme_datasets/Pictures_CFSB_leaf_damage/2025_09_15_Re4StRes_T1_DSV/IMG_3334.JPG,6.0,4.101334571838379,4.060128211975098,-0.041206374764442444,1.9398717880249023,1.898665428161621,gold_only,45,single_rater_weak
2025_09_15_Re4StRes_T1_DSV/IMG_3334_2.JPG,plot_0a81b4c942a2db474f37,dsv_asendorf_t1_bbch11,/home/nfs/data/nvme_datasets/Pictures_CFSB_leaf_damage/2025_09_15_Re4StRes_T1_DSV/IMG_3334_2.JPG,3.0,2.9987711906433105,2.509596109390259,-0.4891749918460846,0.4904038906097412,0.0012288093566894531,gold_only,45,single_rater_weak
2025_09_15_Re4StRes_T1_DSV/IMG_3336.JPG,plot_0a81b4c942a2db474f37,dsv_asendorf_t1_bbch11,/home/nfs/data/nvme_datasets/Pictures_CFSB_leaf_damage/2025_09_15_Re4StRes_T1_DSV/IMG_3336.JPG,2.0,7.065014839172363,7.0628275871276855,-0.0021871631033718586,5.0628275871276855,5.065014839172363,gold_only,45,single_rater_weak
2025_09_15_Re4StRes_T1_DSV/IMG_3337.JPG,plot_893ea76139db7e8e9beb,dsv_asendorf_t1_bbch11,/home/nfs/data/nvme_datasets/Pictures_CFSB_leaf_damage/2025_09_15_Re4StRes_T1_DSV/IMG_3337.JPG,8.0,4.33909273147583,4.696390151977539,0.3572971820831299,3.303609848022461,3.66090726852417,gold_only,45,single_rater_weak
2025_09_15_Re4StRes_T1_DSV/IMG_3338.JPG,plot_893ea76139db7e8e9beb,dsv_asendorf_t1_bbch11,/home/nfs/data/nvme_datasets/Pictures_CFSB_leaf_damage/2025_09_15_Re4StRes_T1_DSV/IMG_3338.JPG,3.0,4.614325523376465,5.040018558502197,0.42569291591644287,2.0400185585021973,1.6143255233764648,gold_only,45,single_rater_weak
2025_09_15_Re4StRes_T1_DSV/IMG_3339.JPG,plot_893ea76139db7e8e9beb,dsv_asendorf_t1_bbch11,/home/nfs/data/nvme_datasets/Pictures_CFSB_leaf_damage/2025_09_15_Re4StRes_T1_DSV/IMG_3339.JPG,4.0,3.784986734390259,4.34276008605957,0.557773232460022,0.3427600860595703,0.2150132656097412,gold_only,45,single_rater_weak
2025_09_15_Re4StRes_T1_DSV/IMG_3340.JPG,plot_444191e50a4fb24d1ec2,dsv_asendorf_t1_bbch11,/home/nfs/data/nvme_datasets/Pictures_CFSB_leaf_damage/2025_09_15_Re4StRes_T1_DSV/IMG_3340.JPG,2.0,4.590782165527344,4.930948734283447,0.34016653895378113,2.9309487342834473,2.5907821655273438,gold_only,45,single_rater_weak
2025_09_15_Re4StRes_T1_DSV/IMG_3341.JPG,plot_444191e50a4fb24d1ec2,dsv_asendorf_t1_bbch11,/home/nfs/data/nvme_datasets/Pictures_CFSB_leaf_damage/2025_09_15_Re4StRes_T1_DSV/IMG_3341.JPG,2.0,8.303425788879395,8.258630752563477,-0.04479481279850006,6.258630752563477,6.3034257888793945,gold_only,45,single_rater_weak
2025_09_15_Re4StRes_T1_DSV/IMG_3342.JPG,plot_444191e50a4fb24d1ec2,dsv_asendorf_t1_bbch11,/home/nfs/data/nvme_datasets/Pictures_CFSB_leaf_damage/2025_09_15_Re4StRes_T1_DSV/IMG_3342.JPG,4.0,8.210273742675781,8.672786712646484,0.46251344680786133,4.672786712646484,4.210273742675781,gold_only,45,single_rater_weak
2025_09_15_Re4StRes_T1_DSV/IMG_3343.JPG,plot_cc4976c5ce94cf8ec18d,dsv_asendorf_t1_bbch11,/home/nfs/data/nvme_datasets/Pictures_CFSB_leaf_damage/2025_09_15_Re4StRes_T1_DSV/IMG_3343.JPG,2.0,3.6904187202453613,3.819175958633423,0.1287572830915451,1.8191759586334229,1.6904187202453613,gold_only,45,single_rater_weak
2025_09_15_Re4StRes_T1_DSV/IMG_3343_2.JPG,plot_cc4976c5ce94cf8ec18d,dsv_asendorf_t1_bbch11,/home/nfs/data/nvme_datasets/Pictures_CFSB_leaf_damage/2025_09_15_Re4StRes_T1_DSV/IMG_3343_2.JPG,3.0,2.0810742378234863,1.826114535331726,-0.25495970249176025,1.173885464668274,0.9189257621765137,gold_only,45,single_rater_weak
2025_09_15_Re4StRes_T1_DSV/IMG_3347.JPG,plot_cc4976c5ce94cf8ec18d,dsv_asendorf_t1_bbch11,/home/nfs/data/nvme_datasets/Pictures_CFSB_leaf_damage/2025_09_15_Re4StRes_T1_DSV/IMG_3347.JPG,3.0,3.203136920928955,3.673847198486328,0.4707103669643402,0.6738471984863281,0.20313692092895508,gold_only,45,single_rater_weak
2025_09_15_Re4StRes_T1_DSV/IMG_3348.JPG,plot_e05bdf194d70de829545,dsv_asendorf_t1_bbch11,/home/nfs/data/nvme_datasets/Pictures_CFSB_leaf_damage/2025_09_15_Re4StRes_T1_DSV/IMG_3348.JPG,2.0,6.681058406829834,6.887500286102295,0.2064419537782669,4.887500286102295,4.681058406829834,gold_only,45,single_rater_weak
2025_09_15_Re4StRes_T1_DSV/IMG_3349.JPG,plot_e05bdf194d70de829545,dsv_asendorf_t1_bbch11,/home/nfs/data/nvme_datasets/Pictures_CFSB_leaf_damage/2025_09_15_Re4StRes_T1_DSV/IMG_3349.JPG,2.0,4.691664695739746,4.899938106536865,0.20827320218086243,2.8999381065368652,2.691664695739746,gold_only,45,single_rater_weak
2025_09_15_Re4StRes_T1_DSV/IMG_3350.JPG,plot_e05bdf194d70de829545,dsv_asendorf_t1_bbch11,/home/nfs/data/nvme_datasets/Pictures_CFSB_leaf_damage/2025_09_15_Re4StRes_T1_DSV/IMG_3350.JPG,8.0,3.5047767162323,3.9941534996032715,0.48937690258026123,4.0058465003967285,4.495223045349121,gold_only,45,single_rater_weak
2025_09_15_Re4StRes_T1_DSV/IMG_3351.JPG,plot_3d536e5af09fac1c9a11,dsv_asendorf_t1_bbch11,/home/nfs/data/nvme_datasets/Pictures_CFSB_leaf_damage/2025_09_15_Re4StRes_T1_DSV/IMG_3351.JPG,8.0,7.64668083190918,8.277873039245605,0.6311926245689392,0.27787303924560547,0.3533191680908203,gold_only,45,single_rater_weak
2025_09_15_Re4StRes_T1_DSV/IMG_3352.JPG,plot_3d536e5af09fac1c9a11,dsv_asendorf_t1_bbch11,/home/nfs/data/nvme_datasets/Pictures_CFSB_leaf_damage/2025_09_15_Re4StRes_T1_DSV/IMG_3352.JPG,8.0,7.244872570037842,7.410470485687256,0.16559797525405884,0.5895295143127441,0.7551274299621582,gold_only,45,single_rater_weak
2025_09_15_Re4StRes_T1_DSV/IMG_3353.JPG,plot_3d536e5af09fac1c9a11,dsv_asendorf_t1_bbch11,/home/nfs/data/nvme_datasets/Pictures_CFSB_leaf_damage/2025_09_15_Re4StRes_T1_DSV/IMG_3353.JPG,2.0,6.673094749450684,7.11406135559082,0.4409664571285248,5.11406135559082,4.673094749450684,gold_only,45,single_rater_weak
2025_09_15_Re4StRes_T1_DSV/IMG_3354.JPG,plot_6c3a5e4270d0e8a36c26,dsv_asendorf_t1_bbch11,/home/nfs/data/nvme_datasets/Pictures_CFSB_leaf_damage/2025_09_15_Re4StRes_T1_DSV/IMG_3354.JPG,3.0,12.333226203918457,12.598672866821289,0.2654469311237335,9.598672866821289,9.333226203918457,gold_only,45,single_rater_weak
2025_09_15_Re4StRes_T1_DSV/IMG_3355.JPG,plot_6c3a5e4270d0e8a36c26,dsv_asendorf_t1_bbch11,/home/nfs/data/nvme_datasets/Pictures_CFSB_leaf_damage/2025_09_15_Re4StRes_T1_DSV/IMG_3355.JPG,2.0,3.1215267181396484,2.8273234367370605,-0.29420340061187744,0.8273234367370605,1.1215267181396484,gold_only,45,single_rater_weak
2025_09_15_Re4StRes_T1_DSV/IMG_3357.JPG,plot_6c3a5e4270d0e8a36c26,dsv_asendorf_t1_bbch11,/home/nfs/data/nvme_datasets/Pictures_CFSB_leaf_damage/2025_09_15_Re4StRes_T1_DSV/IMG_3357.JPG,2.0,5.621125221252441,5.833594799041748,0.21246963739395142,3.833594799041748,3.6211252212524414,gold_only,45,single_rater_weak
2025_09_15_Re4StRes_T1_DSV/IMG_3358.JPG,plot_19702f4fd7356a8a0516,dsv_asendorf_t1_bbch11,/home/nfs/data/nvme_datasets/Pictures_CFSB_leaf_damage/2025_09_15_Re4StRes_T1_DSV/IMG_3358.JPG,7.0,7.720637321472168,7.625654697418213,-0.09498266875743866,0.6256546974182129,0.720637321472168,gold_only,45,single_rater_weak
2025_09_15_Re4StRes_T1_DSV/IMG_3359.JPG,plot_19702f4fd7356a8a0516,dsv_asendorf_t1_bbch11,/home/nfs/data/nvme_datasets/Pictures_CFSB_leaf_damage/2025_09_15_Re4StRes_T1_DSV/IMG_3359.JPG,6.0,2.187650680541992,2.473464012145996,0.2858133018016815,3.526535987854004,3.812349319458008,gold_only,45,single_rater_weak
2025_09_15_Re4StRes_T1_DSV/IMG_3360.JPG,plot_19702f4fd7356a8a0516,dsv_asendorf_t1_bbch11,/home/nfs/data/nvme_datasets/Pictures_CFSB_leaf_damage/2025_09_15_Re4StRes_T1_DSV/IMG_3360.JPG,6.0,2.6298937797546387,2.689511775970459,0.05961792171001434,3.310488224029541,3.3701062202453613,gold_only,45,single_rater_weak
2025_09_15_Re4StRes_T1_DSV/IMG_3361.JPG,plot_e8dd7f47d2a9924443f9,dsv_asendorf_t1_bbch11,/home/nfs/data/nvme_datasets/Pictures_CFSB_leaf_damage/2025_09_15_Re4StRes_T1_DSV/IMG_3361.JPG,2.0,2.6921796798706055,2.8372879028320312,0.14510813355445862,0.8372879028320312,0.6921796798706055,gold_only,45,single_rater_weak
2025_09_15_Re4StRes_T1_DSV/IMG_3362.JPG,plot_e8dd7f47d2a9924443f9,dsv_asendorf_t1_bbch11,/home/nfs/data/nvme_datasets/Pictures_CFSB_leaf_damage/2025_09_15_Re4StRes_T1_DSV/IMG_3362.JPG,4.0,2.1812500953674316,2.093808174133301,-0.08744189143180847,1.9061918258666992,1.8187499046325684,gold_only,45,single_rater_weak
2025_09_15_Re4StRes_T1_DSV/IMG_3363.JPG,plot_e8dd7f47d2a9924443f9,dsv_asendorf_t1_bbch11,/home/nfs/data/nvme_datasets/Pictures_CFSB_leaf_damage/2025_09_15_Re4StRes_T1_DSV/IMG_3363.JPG,3.0,2.6036882400512695,3.011234760284424,0.4075464606285095,0.011234760284423828,0.39631175994873047,gold_only,45,single_rater_weak
2025_09_15_Re4StRes_T1_DSV/IMG_3364.JPG,plot_1479ec7e7b20027ed6b9,dsv_asendorf_t1_bbch11,/home/nfs/data/nvme_datasets/Pictures_CFSB_leaf_damage/2025_09_15_Re4StRes_T1_DSV/IMG_3364.JPG,2.0,2.6269054412841797,2.6029632091522217,-0.02394220046699047,0.6029632091522217,0.6269054412841797,gold_only,45,single_rater_weak
2025_09_15_Re4StRes_T1_DSV/IMG_3365.JPG,plot_1479ec7e7b20027ed6b9,dsv_asendorf_t1_bbch11,/home/nfs/data/nvme_datasets/Pictures_CFSB_leaf_damage/2025_09_15_Re4StRes_T1_DSV/IMG_3365.JPG,3.0,1.2507147789001465,0.9351298809051514,-0.3155848979949951,2.0648701190948486,1.7492852210998535,gold_only,45,single_rater_weak
2025_09_15_Re4StRes_T1_DSV/IMG_3366.JPG,plot_1479ec7e7b20027ed6b9,dsv_asendorf_t1_bbch11,/home/nfs/data/nvme_datasets/Pictures_CFSB_leaf_damage/2025_09_15_Re4StRes_T1_DSV/IMG_3366.JPG,5.0,2.4891862869262695,2.505980968475342,0.01679479517042637,2.494019031524658,2.5108137130737305,gold_only,45,single_rater_weak
2025_09_15_Re4StRes_T1_DSV/IMG_3367.JPG,plot_95aaa5709244ec873418,dsv_asendorf_t1_bbch11,/home/nfs/data/nvme_datasets/Pictures_CFSB_leaf_damage/2025_09_15_Re4StRes_T1_DSV/IMG_3367.JPG,2.0,2.4260830879211426,2.1280815601348877,-0.2980014383792877,0.1280815601348877,0.4260830879211426,gold_only,45,single_rater_weak
2025_09_15_Re4StRes_T1_DSV/IMG_3368.JPG,plot_95aaa5709244ec873418,dsv_asendorf_t1_bbch11,/home/nfs/data/nvme_datasets/Pictures_CFSB_leaf_damage/2025_09_15_Re4StRes_T1_DSV/IMG_3368.JPG,4.0,11.002265930175781,11.185842514038086,0.1835770606994629,7.185842514038086,7.002265930175781,gold_only,45,single_rater_weak
2025_09_15_Re4StRes_T1_DSV/IMG_3369.JPG,plot_95aaa5709244ec873418,dsv_asendorf_t1_bbch11,/home/nfs/data/nvme_datasets/Pictures_CFSB_leaf_damage/2025_09_15_Re4StRes_T1_DSV/IMG_3369.JPG,3.0,2.8236379623413086,3.117222309112549,0.2935844361782074,0.11722230911254883,0.1763620376586914,gold_only,45,single_rater_weak
2025_09_15_Re4StRes_T1_DSV/IMG_3370.JPG,plot_01f060fea973c05839f8,dsv_asendorf_t1_bbch11,/home/nfs/data/nvme_datasets/Pictures_CFSB_leaf_damage/2025_09_15_Re4StRes_T1_DSV/IMG_3370.JPG,7.0,2.076727867126465,2.2327566146850586,0.15602868795394897,4.767243385314941,4.923272132873535,gold_only,45,single_rater_weak
2025_09_15_Re4StRes_T1_DSV/IMG_3371.JPG,plot_01f060fea973c05839f8,dsv_asendorf_t1_bbch11,/home/nfs/data/nvme_datasets/Pictures_CFSB_leaf_damage/2025_09_15_Re4StRes_T1_DSV/IMG_3371.JPG,2.0,1.320930004119873,1.4887642860412598,0.1678343266248703,0.5112357139587402,0.679069995880127,gold_only,45,single_rater_weak
2025_09_15_Re4StRes_T1_DSV/IMG_3372.JPG,plot_01f060fea973c05839f8,dsv_asendorf_t1_bbch11,/home/nfs/data/nvme_datasets/Pictures_CFSB_leaf_damage/2025_09_15_Re4StRes_T1_DSV/IMG_3372.JPG,5.0,2.584810256958008,3.0037856101989746,0.41897547245025635,1.9962143898010254,2.415189743041992,gold_only,45,single_rater_weak
2025_09_15_Re4StRes_T1_DSV/IMG_3373.JPG,plot_67bd59113d9f98c1efe4,dsv_asendorf_t1_bbch11,/home/nfs/data/nvme_datasets/Pictures_CFSB_leaf_damage/2025_09_15_Re4StRes_T1_DSV/IMG_3373.JPG,3.0,5.537160873413086,5.71788215637207,0.1807214915752411,2.7178821563720703,2.537160873413086,gold_only,45,single_rater_weak
2025_09_15_Re4StRes_T1_DSV/IMG_3374.JPG,plot_67bd59113d9f98c1efe4,dsv_asendorf_t1_bbch11,/home/nfs/data/nvme_datasets/Pictures_CFSB_leaf_damage/2025_09_15_Re4StRes_T1_DSV/IMG_3374.JPG,3.0,3.758373498916626,4.334244728088379,0.5758712291717529,1.334244728088379,0.758373498916626,gold_only,45,single_rater_weak
2025_09_15_Re4StRes_T1_DSV/IMG_3375.JPG,plot_67bd59113d9f98c1efe4,dsv_asendorf_t1_bbch11,/home/nfs/data/nvme_datasets/Pictures_CFSB_leaf_damage/2025_09_15_Re4StRes_T1_DSV/IMG_3375.JPG,5.0,1.8335065841674805,1.8654783964157104,0.03197184205055237,3.134521484375,3.1664934158325195,gold_only,45,single_rater_weak
2025_09_15_Re4StRes_T1_DSV/IMG_3376.JPG,plot_86355422f68667a79eb7,dsv_asendorf_t1_bbch11,/home/nfs/data/nvme_datasets/Pictures_CFSB_leaf_damage/2025_09_15_Re4StRes_T1_DSV/IMG_3376.JPG,3.0,4.651296615600586,4.860071659088135,0.20877519249916077,1.8600716590881348,1.651296615600586,gold_only,45,single_rater_weak
2025_09_15_Re4StRes_T1_DSV/IMG_3377.JPG,plot_86355422f68667a79eb7,dsv_asendorf_t1_bbch11,/home/nfs/data/nvme_datasets/Pictures_CFSB_leaf_damage/2025_09_15_Re4StRes_T1_DSV/IMG_3377.JPG,4.0,7.265337944030762,7.669337749481201,0.4039996564388275,3.669337749481201,3.2653379440307617,gold_only,45,single_rater_weak
2025_09_15_Re4StRes_T1_DSV/IMG_3378.JPG,plot_86355422f68667a79eb7,dsv_asendorf_t1_bbch11,/home/nfs/data/nvme_datasets/Pictures_CFSB_leaf_damage/2025_09_15_Re4StRes_T1_DSV/IMG_3378.JPG,2.0,1.9010682106018066,1.932263970375061,0.031195707619190216,0.06773602962493896,0.09893178939819336,gold_only,45,single_rater_weak
2025_09_15_Re4StRes_T1_DSV/IMG_3379.JPG,plot_b009f64014ddc2c9c1b4,dsv_asendorf_t1_bbch11,/home/nfs/data/nvme_datasets/Pictures_CFSB_leaf_damage/2025_09_15_Re4StRes_T1_DSV/IMG_3379.JPG,2.0,2.0613536834716797,2.1514077186584473,0.09005413949489594,0.15140771865844727,0.06135368347167969,gold_only,45,single_rater_weak
2025_09_15_Re4StRes_T1_DSV/IMG_3380.JPG,plot_b009f64014ddc2c9c1b4,dsv_asendorf_t1_bbch11,/home/nfs/data/nvme_datasets/Pictures_CFSB_leaf_damage/2025_09_15_Re4StRes_T1_DSV/IMG_3380.JPG,8.0,10.123323440551758,10.4769926071167,0.35366934537887573,2.476992607116699,2.123323440551758,gold_only,45,single_rater_weak
2025_09_15_Re4StRes_T1_DSV/IMG_3381.JPG,plot_b009f64014ddc2c9c1b4,dsv_asendorf_t1_bbch11,/home/nfs/data/nvme_datasets/Pictures_CFSB_leaf_damage/2025_09_15_Re4StRes_T1_DSV/IMG_3381.JPG,16.0,7.444121360778809,7.94394588470459,0.49982431530952454,8.05605411529541,8.555878639221191,gold_only,45,single_rater_weak
2025_09_15_Re4StRes_T1_DSV/IMG_3382.JPG,plot_279dc3489f82ba55175e,dsv_asendorf_t1_bbch11,/home/nfs/data/nvme_datasets/Pictures_CFSB_leaf_damage/2025_09_15_Re4StRes_T1_DSV/IMG_3382.JPG,9.0,7.750909805297852,8.209583282470703,0.4586731791496277,0.7904167175292969,1.2490901947021484,gold_only,45,single_rater_weak
2025_09_15_Re4StRes_T1_DSV/IMG_3383.JPG,plot_279dc3489f82ba55175e,dsv_asendorf_t1_bbch11,/home/nfs/data/nvme_datasets/Pictures_CFSB_leaf_damage/2025_09_15_Re4StRes_T1_DSV/IMG_3383.JPG,3.0,4.522320747375488,4.512436866760254,-0.009883991442620754,1.512436866760254,1.5223207473754883,gold_only,45,single_rater_weak
2025_09_15_Re4StRes_T1_DSV/IMG_3384.JPG,plot_279dc3489f82ba55175e,dsv_asendorf_t1_bbch11,/home/nfs/data/nvme_datasets/Pictures_CFSB_leaf_damage/2025_09_15_Re4StRes_T1_DSV/IMG_3384.JPG,6.0,1.9078645706176758,1.9215008020401,0.013636196963489056,4.0784993171691895,4.092135429382324,gold_only,45,single_rater_weak
2025_09_15_Re4StRes_T1_DSV/IMG_3385.JPG,plot_2b26b904941899e2c243,dsv_asendorf_t1_bbch11,/home/nfs/data/nvme_datasets/Pictures_CFSB_leaf_damage/2025_09_15_Re4StRes_T1_DSV/IMG_3385.JPG,4.0,4.315256118774414,4.9833784103393555,0.6681222319602966,0.9833784103393555,0.31525611877441406,gold_only,45,single_rater_weak
2025_09_15_Re4StRes_T1_DSV/IMG_3386.JPG,plot_2b26b904941899e2c243,dsv_asendorf_t1_bbch11,/home/nfs/data/nvme_datasets/Pictures_CFSB_leaf_damage/2025_09_15_Re4StRes_T1_DSV/IMG_3386.JPG,2.0,6.370690822601318,6.578377723693848,0.207687109708786,4.578377723693848,4.370690822601318,gold_only,45,single_rater_weak
2025_09_15_Re4StRes_T1_DSV/IMG_3387.JPG,plot_2b26b904941899e2c243,dsv_asendorf_t1_bbch11,/home/nfs/data/nvme_datasets/Pictures_CFSB_leaf_damage/2025_09_15_Re4StRes_T1_DSV/IMG_3387.JPG,5.0,5.703219413757324,5.784682273864746,0.08146277815103531,0.7846822738647461,0.7032194137573242,gold_only,45,single_rater_weak
2025_09_15_Re4StRes_T1_DSV/IMG_3388.JPG,plot_8f5dc92512cf0eb95f7a,dsv_asendorf_t1_bbch11,/home/nfs/data/nvme_datasets/Pictures_CFSB_leaf_damage/2025_09_15_Re4StRes_T1_DSV/IMG_3388.JPG,4.0,6.377146244049072,6.135655879974365,-0.2414902150630951,2.1356558799743652,2.3771462440490723,gold_only,45,single_rater_weak
2025_09_15_Re4StRes_T1_DSV/IMG_3389.JPG,plot_8f5dc92512cf0eb95f7a,dsv_asendorf_t1_bbch11,/home/nfs/data/nvme_datasets/Pictures_CFSB_leaf_damage/2025_09_15_Re4StRes_T1_DSV/IMG_3389.JPG,9.0,7.853210926055908,7.629124641418457,-0.22408610582351685,1.370875358581543,1.1467890739440918,gold_only,45,single_rater_weak
2025_09_15_Re4StRes_T1_DSV/IMG_3390.JPG,plot_8f5dc92512cf0eb95f7a,dsv_asendorf_t1_bbch11,/home/nfs/data/nvme_datasets/Pictures_CFSB_leaf_damage/2025_09_15_Re4StRes_T1_DSV/IMG_3390.JPG,3.0,5.425729274749756,5.485959053039551,0.06022978574037552,2.485959053039551,2.425729274749756,gold_only,45,single_rater_weak
2025_09_15_Re4StRes_T1_DSV/IMG_3391.JPG,plot_11fb60acd8f186a903c5,dsv_asendorf_t1_bbch11,/home/nfs/data/nvme_datasets/Pictures_CFSB_leaf_damage/2025_09_15_Re4StRes_T1_DSV/IMG_3391.JPG,5.0,3.3620665073394775,3.4646449089050293,0.10257844626903534,1.5353550910949707,1.6379334926605225,gold_only,45,single_rater_weak
2025_09_15_Re4StRes_T1_DSV/IMG_3392.JPG,plot_11fb60acd8f186a903c5,dsv_asendorf_t1_bbch11,/home/nfs/data/nvme_datasets/Pictures_CFSB_leaf_damage/2025_09_15_Re4StRes_T1_DSV/IMG_3392.JPG,2.0,1.3681716918945312,1.5321290493011475,0.16395734250545502,0.46787095069885254,0.6318283081054688,gold_only,45,single_rater_weak
2025_09_15_Re4StRes_T1_DSV/IMG_3393.JPG,plot_11fb60acd8f186a903c5,dsv_asendorf_t1_bbch11,/home/nfs/data/nvme_datasets/Pictures_CFSB_leaf_damage/2025_09_15_Re4StRes_T1_DSV/IMG_3393.JPG,2.0,4.379054069519043,4.2077765464782715,-0.17127752304077148,2.2077765464782715,2.379054069519043,gold_only,45,single_rater_weak
2025_09_15_Re4StRes_T1_DSV/IMG_3394.JPG,plot_da39b0333859bfc5f57c,dsv_asendorf_t1_bbch11,/home/nfs/data/nvme_datasets/Pictures_CFSB_leaf_damage/2025_09_15_Re4StRes_T1_DSV/IMG_3394.JPG,2.0,2.187556743621826,1.6989436149597168,-0.4886131286621094,0.3010563850402832,0.18755674362182617,gold_only,45,single_rater_weak
2025_09_15_Re4StRes_T1_DSV/IMG_3395.JPG,plot_da39b0333859bfc5f57c,dsv_asendorf_t1_bbch11,/home/nfs/data/nvme_datasets/Pictures_CFSB_leaf_damage/2025_09_15_Re4StRes_T1_DSV/IMG_3395.JPG,2.0,2.5866527557373047,2.459209442138672,-0.12744323909282684,0.4592094421386719,0.5866527557373047,gold_only,45,single_rater_weak
2025_09_15_Re4StRes_T1_DSV/IMG_3396.JPG,plot_da39b0333859bfc5f57c,dsv_asendorf_t1_bbch11,/home/nfs/data/nvme_datasets/Pictures_CFSB_leaf_damage/2025_09_15_Re4StRes_T1_DSV/IMG_3396.JPG,3.0,0.6142988204956055,0.5503512024879456,-0.0639476329088211,2.449648857116699,2.3857011795043945,gold_only,45,single_rater_weak
2025_09_15_Re4StRes_T1_DSV/IMG_3398.JPG,plot_943a936db43f424a9be4,dsv_asendorf_t1_bbch11,/home/nfs/data/nvme_datasets/Pictures_CFSB_leaf_damage/2025_09_15_Re4StRes_T1_DSV/IMG_3398.JPG,6.0,3.0443944931030273,3.035210132598877,-0.009184328839182854,2.964789867401123,2.9556055068969727,gold_only,45,single_rater_weak
2025_09_15_Re4StRes_T1_DSV/IMG_3399.JPG,plot_943a936db43f424a9be4,dsv_asendorf_t1_bbch11,/home/nfs/data/nvme_datasets/Pictures_CFSB_leaf_damage/2025_09_15_Re4StRes_T1_DSV/IMG_3399.JPG,3.0,2.730679512023926,2.398228883743286,-0.33245062828063965,0.6017711162567139,0.2693204879760742,gold_only,45,single_rater_weak
2025_09_15_Re4StRes_T1_DSV/IMG_3400.JPG,plot_943a936db43f424a9be4,dsv_asendorf_t1_bbch11,/home/nfs/data/nvme_datasets/Pictures_CFSB_leaf_damage/2025_09_15_Re4StRes_T1_DSV/IMG_3400.JPG,2.0,2.622373104095459,2.585066080093384,-0.03730713203549385,0.5850660800933838,0.622373104095459,gold_only,45,single_rater_weak
2025_09_15_Re4StRes_T1_DSV/IMG_3401.JPG,plot_dcd59592fcea5eca7a8e,dsv_asendorf_t1_bbch11,/home/nfs/data/nvme_datasets/Pictures_CFSB_leaf_damage/2025_09_15_Re4StRes_T1_DSV/IMG_3401.JPG,7.0,1.4051480293273926,1.4929888248443604,0.08784076571464539,5.507011413574219,5.594851970672607,gold_only,45,single_rater_weak
2025_09_15_Re4StRes_T1_DSV/IMG_3402.JPG,plot_dcd59592fcea5eca7a8e,dsv_asendorf_t1_bbch11,/home/nfs/data/nvme_datasets/Pictures_CFSB_leaf_damage/2025_09_15_Re4StRes_T1_DSV/IMG_3402.JPG,8.0,6.785821437835693,6.905919551849365,0.12009800225496292,1.0940804481506348,1.2141785621643066,gold_only,45,single_rater_weak
2025_09_15_Re4StRes_T1_DSV/IMG_3403.JPG,plot_dcd59592fcea5eca7a8e,dsv_asendorf_t1_bbch11,/home/nfs/data/nvme_datasets/Pictures_CFSB_leaf_damage/2025_09_15_Re4StRes_T1_DSV/IMG_3403.JPG,5.0,3.4613468647003174,3.316431999206543,-0.14491496980190277,1.683568000793457,1.5386531352996826,gold_only,45,single_rater_weak
2025_09_15_Re4StRes_T1_DSV/IMG_3404.JPG,plot_b9325e65ceef18b62385,dsv_asendorf_t1_bbch11,/home/nfs/data/nvme_datasets/Pictures_CFSB_leaf_damage/2025_09_15_Re4StRes_T1_DSV/IMG_3404.JPG,2.0,2.149081230163574,2.136038064956665,-0.013043226674199104,0.13603806495666504,0.14908123016357422,gold_only,45,single_rater_weak
2025_09_15_Re4StRes_T1_DSV/IMG_3405.JPG,plot_b9325e65ceef18b62385,dsv_asendorf_t1_bbch11,/home/nfs/data/nvme_datasets/Pictures_CFSB_leaf_damage/2025_09_15_Re4StRes_T1_DSV/IMG_3405.JPG,3.0,1.974565029144287,1.8395686149597168,-0.1349964737892151,1.1604313850402832,1.025434970855713,gold_only,45,single_rater_weak
2025_09_15_Re4StRes_T1_DSV/IMG_3406.JPG,plot_b9325e65ceef18b62385,dsv_asendorf_t1_bbch11,/home/nfs/data/nvme_datasets/Pictures_CFSB_leaf_damage/2025_09_15_Re4StRes_T1_DSV/IMG_3406.JPG,2.0,2.358853816986084,2.309443235397339,-0.04941064491868019,0.30944323539733887,0.358853816986084,gold_only,45,single_rater_weak
2025_09_15_Re4StRes_T1_DSV/IMG_3407.JPG,plot_e9b852a0cf347e4eb711,dsv_asendorf_t1_bbch11,/home/nfs/data/nvme_datasets/Pictures_CFSB_leaf_damage/2025_09_15_Re4StRes_T1_DSV/IMG_3407.JPG,3.0,2.352111339569092,1.9395800828933716,-0.4125312566757202,1.0604199171066284,0.6478886604309082,gold_only,45,single_rater_weak
2025_09_15_Re4StRes_T1_DSV/IMG_3408.JPG,plot_e9b852a0cf347e4eb711,dsv_asendorf_t1_bbch11,/home/nfs/data/nvme_datasets/Pictures_CFSB_leaf_damage/2025_09_15_Re4StRes_T1_DSV/IMG_3408.JPG,3.0,1.6288199424743652,1.5006392002105713,-0.12818071246147156,1.4993607997894287,1.3711800575256348,gold_only,45,single_rater_weak
2025_09_15_Re4StRes_T1_DSV/IMG_3409.JPG,plot_e9b852a0cf347e4eb711,dsv_asendorf_t1_bbch11,/home/nfs/data/nvme_datasets/Pictures_CFSB_leaf_damage/2025_09_15_Re4StRes_T1_DSV/IMG_3409.JPG,4.0,1.61350679397583,0.9897850751876831,-0.623721718788147,3.0102148056030273,2.38649320602417,gold_only,45,single_rater_weak
2025_09_15_Re4StRes_T1_DSV/IMG_3410.JPG,plot_31d7aa1692e13f9b708b,dsv_asendorf_t1_bbch11,/home/nfs/data/nvme_datasets/Pictures_CFSB_leaf_damage/2025_09_15_Re4StRes_T1_DSV/IMG_3410.JPG,4.0,1.9136834144592285,1.725724697113037,-0.187958762049675,2.274275302886963,2.0863165855407715,gold_only,45,single_rater_weak
2025_09_15_Re4StRes_T1_DSV/IMG_3411.JPG,plot_31d7aa1692e13f9b708b,dsv_asendorf_t1_bbch11,/home/nfs/data/nvme_datasets/Pictures_CFSB_leaf_damage/2025_09_15_Re4StRes_T1_DSV/IMG_3411.JPG,9.0,1.9595694541931152,2.147404909133911,0.1878354549407959,6.852595329284668,7.040430545806885,gold_only,45,single_rater_weak
2025_09_15_Re4StRes_T1_DSV/IMG_3412.JPG,plot_31d7aa1692e13f9b708b,dsv_asendorf_t1_bbch11,/home/nfs/data/nvme_datasets/Pictures_CFSB_leaf_damage/2025_09_15_Re4StRes_T1_DSV/IMG_3412.JPG,4.0,1.9020442962646484,2.106750965118408,0.20470665395259857,1.8932490348815918,2.0979557037353516,gold_only,45,single_rater_weak
2025_09_15_Re4StRes_T1_DSV/IMG_3413.JPG,plot_7282ae44ee098094299d,dsv_asendorf_t1_bbch11,/home/nfs/data/nvme_datasets/Pictures_CFSB_leaf_damage/2025_09_15_Re4StRes_T1_DSV/IMG_3413.JPG,9.0,0.8649215698242188,0.5864927768707275,-0.2784287631511688,8.413507461547852,8.135078430175781,gold_only,45,single_rater_weak
2025_09_15_Re4StRes_T1_DSV/IMG_3414.JPG,plot_7282ae44ee098094299d,dsv_asendorf_t1_bbch11,/home/nfs/data/nvme_datasets/Pictures_CFSB_leaf_damage/2025_09_15_Re4StRes_T1_DSV/IMG_3414.JPG,4.0,1.7446765899658203,1.4406630992889404,-0.30401352047920227,2.5593369007110596,2.2553234100341797,gold_only,45,single_rater_weak
2025_09_15_Re4StRes_T1_DSV/IMG_3415.JPG,plot_7282ae44ee098094299d,dsv_asendorf_t1_bbch11,/home/nfs/data/nvme_datasets/Pictures_CFSB_leaf_damage/2025_09_15_Re4StRes_T1_DSV/IMG_3415.JPG,3.0,4.654205322265625,4.640604019165039,-0.013601474463939667,1.640604019165039,1.654205322265625,gold_only,45,single_rater_weak
2025_09_15_Re4StRes_T1_DSV/IMG_3416.JPG,plot_c8f9459b4263e9523ccc,dsv_asendorf_t1_bbch11,/home/nfs/data/nvme_datasets/Pictures_CFSB_leaf_damage/2025_09_15_Re4StRes_T1_DSV/IMG_3416.JPG,3.0,1.6381072998046875,1.3439866304397583,-0.2941206991672516,1.6560133695602417,1.3618927001953125,gold_only,45,single_rater_weak
2025_09_15_Re4StRes_T1_DSV/IMG_3417.JPG,plot_c8f9459b4263e9523ccc,dsv_asendorf_t1_bbch11,/home/nfs/data/nvme_datasets/Pictures_CFSB_leaf_damage/2025_09_15_Re4StRes_T1_DSV/IMG_3417.JPG,2.0,2.790346145629883,2.3644707202911377,-0.4258754253387451,0.3644707202911377,0.7903461456298828,gold_only,45,single_rater_weak
2025_09_15_Re4StRes_T1_DSV/IMG_3418.JPG,plot_c8f9459b4263e9523ccc,dsv_asendorf_t1_bbch11,/home/nfs/data/nvme_datasets/Pictures_CFSB_leaf_damage/2025_09_15_Re4StRes_T1_DSV/IMG_3418.JPG,3.0,2.098210334777832,1.7387341260910034,-0.3594761788845062,1.2612658739089966,0.901789665222168,gold_only,45,single_rater_weak
2025_09_15_Re4StRes_T1_DSV/IMG_3419.JPG,plot_cb5e43daf6b8fbb2933c,dsv_asendorf_t1_bbch11,/home/nfs/data/nvme_datasets/Pictures_CFSB_leaf_damage/2025_09_15_Re4StRes_T1_DSV/IMG_3419.JPG,6.0,3.8378007411956787,3.7454404830932617,-0.09236025810241699,2.2545595169067383,2.1621992588043213,gold_only,45,single_rater_weak
2025_09_15_Re4StRes_T1_DSV/IMG_3420.JPG,plot_cb5e43daf6b8fbb2933c,dsv_asendorf_t1_bbch11,/home/nfs/data/nvme_datasets/Pictures_CFSB_leaf_damage/2025_09_15_Re4StRes_T1_DSV/IMG_3420.JPG,2.0,0.6802058219909668,0.6458591222763062,-0.034346722066402435,1.3541408777236938,1.3197941780090332,gold_only,45,single_rater_weak
2025_09_15_Re4StRes_T1_DSV/IMG_3421.JPG,plot_cb5e43daf6b8fbb2933c,dsv_asendorf_t1_bbch11,/home/nfs/data/nvme_datasets/Pictures_CFSB_leaf_damage/2025_09_15_Re4StRes_T1_DSV/IMG_3421.JPG,2.0,2.2069172859191895,2.0877320766448975,-0.11918523907661438,0.08773207664489746,0.20691728591918945,gold_only,45,single_rater_weak
2025_09_15_Re4StRes_T1_DSV/IMG_3423.JPG,plot_a9c9691c0e46d0afbf99,dsv_asendorf_t1_bbch11,/home/nfs/data/nvme_datasets/Pictures_CFSB_leaf_damage/2025_09_15_Re4StRes_T1_DSV/IMG_3423.JPG,4.0,10.30391788482666,10.815686225891113,0.5117686986923218,6.815686225891113,6.30391788482666,gold_only,45,single_rater_weak
2025_09_15_Re4StRes_T1_DSV/IMG_3424.JPG,plot_a9c9691c0e46d0afbf99,dsv_asendorf_t1_bbch11,/home/nfs/data/nvme_datasets/Pictures_CFSB_leaf_damage/2025_09_15_Re4StRes_T1_DSV/IMG_3424.JPG,3.0,3.462289333343506,3.659135580062866,0.19684620201587677,0.6591355800628662,0.46228933334350586,gold_only,45,single_rater_weak
2025_09_15_Re4StRes_T1_DSV/IMG_3425.JPG,plot_a9c9691c0e46d0afbf99,dsv_asendorf_t1_bbch11,/home/nfs/data/nvme_datasets/Pictures_CFSB_leaf_damage/2025_09_15_Re4StRes_T1_DSV/IMG_3425.JPG,3.0,4.880382537841797,4.914652347564697,0.034269966185092926,1.9146523475646973,1.8803825378417969,gold_only,45,single_rater_weak
2025_09_15_Re4StRes_T1_DSV/IMG_3426.JPG,plot_69209fd4a197caaab33b,dsv_asendorf_t1_bbch11,/home/nfs/data/nvme_datasets/Pictures_CFSB_leaf_damage/2025_09_15_Re4StRes_T1_DSV/IMG_3426.JPG,2.0,2.206768035888672,1.936250925064087,-0.2705170512199402,0.06374907493591309,0.20676803588867188,gold_only,45,single_rater_weak
2025_09_15_Re4StRes_T1_DSV/IMG_3427.JPG,plot_69209fd4a197caaab33b,dsv_asendorf_t1_bbch11,/home/nfs/data/nvme_datasets/Pictures_CFSB_leaf_damage/2025_09_15_Re4StRes_T1_DSV/IMG_3427.JPG,4.0,7.114322185516357,7.147366046905518,0.03304393216967583,3.1473660469055176,3.1143221855163574,gold_only,45,single_rater_weak
2025_09_15_Re4StRes_T1_DSV/IMG_3428.JPG,plot_69209fd4a197caaab33b,dsv_asendorf_t1_bbch11,/home/nfs/data/nvme_datasets/Pictures_CFSB_leaf_damage/2025_09_15_Re4StRes_T1_DSV/IMG_3428.JPG,2.0,2.6780824661254883,2.347321033477783,-0.3307613432407379,0.3473210334777832,0.6780824661254883,gold_only,45,single_rater_weak
2025_09_15_Re4StRes_T1_DSV/IMG_3429.JPG,plot_18d279bc106253cd1c9d,dsv_asendorf_t1_bbch11,/home/nfs/data/nvme_datasets/Pictures_CFSB_leaf_damage/2025_09_15_Re4StRes_T1_DSV/IMG_3429.JPG,3.0,2.483220100402832,2.3077809810638428,-0.17543919384479523,0.6922190189361572,0.516779899597168,gold_only,45,single_rater_weak
2025_09_15_Re4StRes_T1_DSV/IMG_3430.JPG,plot_18d279bc106253cd1c9d,dsv_asendorf_t1_bbch11,/home/nfs/data/nvme_datasets/Pictures_CFSB_leaf_damage/2025_09_15_Re4StRes_T1_DSV/IMG_3430.JPG,2.0,1.6762213706970215,1.4241639375686646,-0.25205743312835693,0.5758360624313354,0.3237786293029785,gold_only,45,single_rater_weak
2025_09_15_Re4StRes_T1_DSV/IMG_3431.JPG,plot_18d279bc106253cd1c9d,dsv_asendorf_t1_bbch11,/home/nfs/data/nvme_datasets/Pictures_CFSB_leaf_damage/2025_09_15_Re4StRes_T1_DSV/IMG_3431.JPG,2.0,1.6471920013427734,1.6686896085739136,0.02149757742881775,0.3313103914260864,0.35280799865722656,gold_only,45,single_rater_weak
2025_09_15_Re4StRes_T1_DSV/IMG_3432.JPG,plot_ccacdc4234f806957f66,dsv_asendorf_t1_bbch11,/home/nfs/data/nvme_datasets/Pictures_CFSB_leaf_damage/2025_09_15_Re4StRes_T1_DSV/IMG_3432.JPG,4.0,2.0693888664245605,1.9029653072357178,-0.166423499584198,2.0970346927642822,1.9306111335754395,gold_only,45,single_rater_weak
2025_09_15_Re4StRes_T1_DSV/IMG_3433.JPG,plot_ccacdc4234f806957f66,dsv_asendorf_t1_bbch11,/home/nfs/data/nvme_datasets/Pictures_CFSB_leaf_damage/2025_09_15_Re4StRes_T1_DSV/IMG_3433.JPG,3.0,3.559316396713257,3.21903920173645,-0.3402771055698395,0.2190392017364502,0.5593163967132568,gold_only,45,single_rater_weak
2025_09_15_Re4StRes_T1_DSV/IMG_3434.JPG,plot_ccacdc4234f806957f66,dsv_asendorf_t1_bbch11,/home/nfs/data/nvme_datasets/Pictures_CFSB_leaf_damage/2025_09_15_Re4StRes_T1_DSV/IMG_3434.JPG,6.0,3.477123260498047,3.7831811904907227,0.30605795979499817,2.2168188095092773,2.522876739501953,gold_only,45,single_rater_weak
2025_09_15_Re4StRes_T1_DSV/IMG_3435.JPG,plot_4af0822cb67388a1aa56,dsv_asendorf_t1_bbch11,/home/nfs/data/nvme_datasets/Pictures_CFSB_leaf_damage/2025_09_15_Re4StRes_T1_DSV/IMG_3435.JPG,6.0,1.9636359214782715,1.7135002613067627,-0.250135600566864,4.286499977111816,4.0363640785217285,gold_only,45,single_rater_weak
2025_09_15_Re4StRes_T1_DSV/IMG_3436.JPG,plot_4af0822cb67388a1aa56,dsv_asendorf_t1_bbch11,/home/nfs/data/nvme_datasets/Pictures_CFSB_leaf_damage/2025_09_15_Re4StRes_T1_DSV/IMG_3436.JPG,4.0,2.0665783882141113,1.7403013706207275,-0.326276957988739,2.2596986293792725,1.9334216117858887,gold_only,45,single_rater_weak
2025_09_15_Re4StRes_T1_DSV/IMG_3437.JPG,plot_4af0822cb67388a1aa56,dsv_asendorf_t1_bbch11,/home/nfs/data/nvme_datasets/Pictures_CFSB_leaf_damage/2025_09_15_Re4StRes_T1_DSV/IMG_3437.JPG,2.0,1.5529451370239258,1.1003291606903076,-0.4526159167289734,0.8996708393096924,0.4470548629760742,gold_only,45,single_rater_weak
2025_09_15_Re4StRes_T1_DSV/IMG_3438.JPG,plot_0683f47dd1c11c0ce769,dsv_asendorf_t1_bbch11,/home/nfs/data/nvme_datasets/Pictures_CFSB_leaf_damage/2025_09_15_Re4StRes_T1_DSV/IMG_3438.JPG,12.0,3.5578291416168213,3.680175304412842,0.1223461925983429,8.31982421875,8.442171096801758,gold_only,45,single_rater_weak
2025_09_15_Re4StRes_T1_DSV/IMG_3439.JPG,plot_0683f47dd1c11c0ce769,dsv_asendorf_t1_bbch11,/home/nfs/data/nvme_datasets/Pictures_CFSB_leaf_damage/2025_09_15_Re4StRes_T1_DSV/IMG_3439.JPG,3.0,2.1883296966552734,2.170254707336426,-0.01807510294020176,0.8297452926635742,0.8116703033447266,gold_only,45,single_rater_weak
2025_09_15_Re4StRes_T1_DSV/IMG_3440.JPG,plot_0683f47dd1c11c0ce769,dsv_asendorf_t1_bbch11,/home/nfs/data/nvme_datasets/Pictures_CFSB_leaf_damage/2025_09_15_Re4StRes_T1_DSV/IMG_3440.JPG,3.0,2.4092164039611816,2.4895238876342773,0.08030756562948227,0.5104761123657227,0.5907835960388184,gold_only,45,single_rater_weak
2025_09_15_Re4StRes_T1_DSV/IMG_3441.JPG,plot_00a1f727b2710f3f49a2,dsv_asendorf_t1_bbch11,/home/nfs/data/nvme_datasets/Pictures_CFSB_leaf_damage/2025_09_15_Re4StRes_T1_DSV/IMG_3441.JPG,2.0,2.3213443756103516,2.2717206478118896,-0.04962364211678505,0.27172064781188965,0.32134437561035156,gold_only,45,single_rater_weak
2025_09_15_Re4StRes_T1_DSV/IMG_3442.JPG,plot_00a1f727b2710f3f49a2,dsv_asendorf_t1_bbch11,/home/nfs/data/nvme_datasets/Pictures_CFSB_leaf_damage/2025_09_15_Re4StRes_T1_DSV/IMG_3442.JPG,6.0,2.084308624267578,1.981015682220459,-0.10329290479421616,4.018984317779541,3.915691375732422,gold_only,45,single_rater_weak
2025_09_15_Re4StRes_T1_DSV/IMG_3443.JPG,plot_00a1f727b2710f3f49a2,dsv_asendorf_t1_bbch11,/home/nfs/data/nvme_datasets/Pictures_CFSB_leaf_damage/2025_09_15_Re4StRes_T1_DSV/IMG_3443.JPG,2.0,1.488431453704834,1.0914058685302734,-0.39702552556991577,0.9085941314697266,0.511568546295166,gold_only,45,single_rater_weak
2025_09_15_Re4StRes_T1_DSV/IMG_3444.JPG,plot_880523c6ba0634076207,dsv_asendorf_t1_bbch11,/home/nfs/data/nvme_datasets/Pictures_CFSB_leaf_damage/2025_09_15_Re4StRes_T1_DSV/IMG_3444.JPG,6.0,6.257329940795898,6.37000846862793,0.11267866939306259,0.3700084686279297,0.25732994079589844,gold_only,45,single_rater_weak
2025_09_15_Re4StRes_T1_DSV/IMG_3445.JPG,plot_880523c6ba0634076207,dsv_asendorf_t1_bbch11,/home/nfs/data/nvme_datasets/Pictures_CFSB_leaf_damage/2025_09_15_Re4StRes_T1_DSV/IMG_3445.JPG,2.0,3.89266037940979,4.225396633148193,0.33273619413375854,2.2253966331481934,1.89266037940979,gold_only,45,single_rater_weak
2025_09_15_Re4StRes_T1_DSV/IMG_3447.JPG,plot_880523c6ba0634076207,dsv_asendorf_t1_bbch11,/home/nfs/data/nvme_datasets/Pictures_CFSB_leaf_damage/2025_09_15_Re4StRes_T1_DSV/IMG_3447.JPG,3.0,7.997313976287842,8.171883583068848,0.17456986010074615,5.171883583068848,4.997313976287842,gold_only,45,single_rater_weak
2025_09_15_Re4StRes_T1_DSV/IMG_3448.JPG,plot_a4ef3fe093cfc9f1b569,dsv_asendorf_t1_bbch11,/home/nfs/data/nvme_datasets/Pictures_CFSB_leaf_damage/2025_09_15_Re4StRes_T1_DSV/IMG_3448.JPG,7.0,2.43214750289917,2.3790063858032227,-0.05314121022820473,4.620993614196777,4.56785249710083,gold_only,45,single_rater_weak
2025_09_15_Re4StRes_T1_DSV/IMG_3449.JPG,plot_a4ef3fe093cfc9f1b569,dsv_asendorf_t1_bbch11,/home/nfs/data/nvme_datasets/Pictures_CFSB_leaf_damage/2025_09_15_Re4StRes_T1_DSV/IMG_3449.JPG,11.0,3.7094297409057617,3.522651195526123,-0.18677851557731628,7.477348804473877,7.290570259094238,gold_only,45,single_rater_weak
2025_09_15_Re4StRes_T1_DSV/IMG_3450.JPG,plot_a4ef3fe093cfc9f1b569,dsv_asendorf_t1_bbch11,/home/nfs/data/nvme_datasets/Pictures_CFSB_leaf_damage/2025_09_15_Re4StRes_T1_DSV/IMG_3450.JPG,3.0,9.346039772033691,9.462635040283203,0.11659479886293411,6.462635040283203,6.346039772033691,gold_only,45,single_rater_weak
2025_09_15_Re4StRes_T1_DSV/IMG_3451.JPG,plot_0eea5d50cd3b95d1da1e,dsv_asendorf_t1_bbch11,/home/nfs/data/nvme_datasets/Pictures_CFSB_leaf_damage/2025_09_15_Re4StRes_T1_DSV/IMG_3451.JPG,4.0,3.814026117324829,3.5298290252685547,-0.284197062253952,0.4701709747314453,0.1859738826751709,gold_only,45,single_rater_weak
2025_09_15_Re4StRes_T1_DSV/IMG_3452.JPG,plot_0eea5d50cd3b95d1da1e,dsv_asendorf_t1_bbch11,/home/nfs/data/nvme_datasets/Pictures_CFSB_leaf_damage/2025_09_15_Re4StRes_T1_DSV/IMG_3452.JPG,1.0,3.0575222969055176,2.657573699951172,-0.39994850754737854,1.6575736999511719,2.0575222969055176,gold_only,45,single_rater_weak
2025_09_15_Re4StRes_T1_DSV/IMG_3453.JPG,plot_0eea5d50cd3b95d1da1e,dsv_asendorf_t1_bbch11,/home/nfs/data/nvme_datasets/Pictures_CFSB_leaf_damage/2025_09_15_Re4StRes_T1_DSV/IMG_3453.JPG,4.0,1.3354287147521973,1.0228667259216309,-0.3125619888305664,2.977133274078369,2.6645712852478027,gold_only,45,single_rater_weak
2025_09_15_Re4StRes_T1_DSV/IMG_3454.JPG,plot_26207204d59e6b292692,dsv_asendorf_t1_bbch11,/home/nfs/data/nvme_datasets/Pictures_CFSB_leaf_damage/2025_09_15_Re4StRes_T1_DSV/IMG_3454.JPG,1.0,2.3467960357666016,2.4441161155700684,0.09731996059417725,1.4441161155700684,1.3467960357666016,gold_only,45,single_rater_weak
2025_09_15_Re4StRes_T1_DSV/IMG_3455.JPG,plot_26207204d59e6b292692,dsv_asendorf_t1_bbch11,/home/nfs/data/nvme_datasets/Pictures_CFSB_leaf_damage/2025_09_15_Re4StRes_T1_DSV/IMG_3455.JPG,3.0,2.6755170822143555,2.175072193145752,-0.5004449486732483,0.824927806854248,0.32448291778564453,gold_only,45,single_rater_weak
2025_09_15_Re4StRes_T1_DSV/IMG_3456.JPG,plot_26207204d59e6b292692,dsv_asendorf_t1_bbch11,/home/nfs/data/nvme_datasets/Pictures_CFSB_leaf_damage/2025_09_15_Re4StRes_T1_DSV/IMG_3456.JPG,2.0,1.0022993087768555,0.8113111853599548,-0.19098810851573944,1.1886887550354004,0.9977006912231445,gold_only,45,single_rater_weak
