filename,plot_group_id,cohort_id,source_path,target,base_prediction,prediction,residual,absolute_error,base_absolute_error,arm,seed,label_quality
2025_09_15_Re4StRes_T1_DSV/IMG_2531.JPG,plot_23cc72626c0b214985ab,dsv_asendorf_t1_bbch11,/home/nfs/data/nvme_datasets/Pictures_CFSB_leaf_damage/2025_09_15_Re4StRes_T1_DSV/IMG_2531.JPG,20.0,2.418842315673828,2.4903604984283447,0.07151822745800018,17.509639739990234,17.581157684326172,gold_only,46,single_rater_weak
2025_09_15_Re4StRes_T1_DSV/IMG_2532.JPG,plot_23cc72626c0b214985ab,dsv_asendorf_t1_bbch11,/home/nfs/data/nvme_datasets/Pictures_CFSB_leaf_damage/2025_09_15_Re4StRes_T1_DSV/IMG_2532.JPG,36.0,3.8160104751586914,3.8989927768707275,0.08298221975564957,32.10100555419922,32.183990478515625,gold_only,46,single_rater_weak
2025_09_15_Re4StRes_T1_DSV/IMG_2533.JPG,plot_23cc72626c0b214985ab,dsv_asendorf_t1_bbch11,/home/nfs/data/nvme_datasets/Pictures_CFSB_leaf_damage/2025_09_15_Re4StRes_T1_DSV/IMG_2533.JPG,3.0,0.7360854148864746,0.3904210329055786,-0.345664381980896,2.609579086303711,2.2639145851135254,gold_only,46,single_rater_weak
2025_09_15_Re4StRes_T1_DSV/IMG_2534.JPG,plot_af0435fffd7e1bd6f5ae,dsv_asendorf_t1_bbch11,/home/nfs/data/nvme_datasets/Pictures_CFSB_leaf_damage/2025_09_15_Re4StRes_T1_DSV/IMG_2534.JPG,35.0,4.640049934387207,4.411057472229004,-0.2289922535419464,30.588943481445312,30.35995101928711,gold_only,46,single_rater_weak
2025_09_15_Re4StRes_T1_DSV/IMG_2535.JPG,plot_af0435fffd7e1bd6f5ae,dsv_asendorf_t1_bbch11,/home/nfs/data/nvme_datasets/Pictures_CFSB_leaf_damage/2025_09_15_Re4StRes_T1_DSV/IMG_2535.JPG,22.0,3.439335584640503,3.189070224761963,-0.25026530027389526,18.810930252075195,18.560665130615234,gold_only,46,single_rater_weak
2025_09_15_Re4StRes_T1_DSV/IMG_2536.JPG,plot_af0435fffd7e1bd6f5ae,dsv_asendorf_t1_bbch11,/home/nfs/data/nvme_datasets/Pictures_CFSB_leaf_damage/2025_09_15_Re4StRes_T1_DSV/IMG_2536.JPG,10.0,2.123239517211914,1.8104928731918335,-0.3127466142177582,8.189507484436035,7.876760482788086,gold_only,46,single_rater_weak
2025_09_15_Re4StRes_T1_DSV/IMG_2537.JPG,plot_f6d3e31f379821075584,dsv_asendorf_t1_bbch11,/home/nfs/data/nvme_datasets/Pictures_CFSB_leaf_damage/2025_09_15_Re4StRes_T1_DSV/IMG_2537.JPG,3.0,0.8045659065246582,0.25933974981307983,-0.5452261567115784,2.7406601905822754,2.195434093475342,gold_only,46,single_rater_weak
2025_09_15_Re4StRes_T1_DSV/IMG_2538.JPG,plot_f6d3e31f379821075584,dsv_asendorf_t1_bbch11,/home/nfs/data/nvme_datasets/Pictures_CFSB_leaf_damage/2025_09_15_Re4StRes_T1_DSV/IMG_2538.JPG,8.0,2.054401397705078,1.8132506608963013,-0.24115078151226044,6.186749458312988,5.945598602294922,gold_only,46,single_rater_weak
2025_09_15_Re4StRes_T1_DSV/IMG_2539.JPG,plot_f6d3e31f379821075584,dsv_asendorf_t1_bbch11,/home/nfs/data/nvme_datasets/Pictures_CFSB_leaf_damage/2025_09_15_Re4StRes_T1_DSV/IMG_2539.JPG,1.0,2.2449288368225098,2.085789442062378,-0.1591394543647766,1.085789442062378,1.2449288368225098,gold_only,46,single_rater_weak
2025_09_15_Re4StRes_T1_DSV/IMG_2540.JPG,plot_2a2b2bdfa0d41a033651,dsv_asendorf_t1_bbch11,/home/nfs/data/nvme_datasets/Pictures_CFSB_leaf_damage/2025_09_15_Re4StRes_T1_DSV/IMG_2540.JPG,1.0,3.8079445362091064,3.949331283569336,0.1413867175579071,2.949331283569336,2.8079445362091064,gold_only,46,single_rater_weak
2025_09_15_Re4StRes_T1_DSV/IMG_2541.JPG,plot_2a2b2bdfa0d41a033651,dsv_asendorf_t1_bbch11,/home/nfs/data/nvme_datasets/Pictures_CFSB_leaf_damage/2025_09_15_Re4StRes_T1_DSV/IMG_2541.JPG,30.0,6.730196952819824,6.802626132965088,0.07242917269468307,23.19737434387207,23.26980209350586,gold_only,46,single_rater_weak
2025_09_15_Re4StRes_T1_DSV/IMG_2542.JPG,plot_2a2b2bdfa0d41a033651,dsv_asendorf_t1_bbch11,/home/nfs/data/nvme_datasets/Pictures_CFSB_leaf_damage/2025_09_15_Re4StRes_T1_DSV/IMG_2542.JPG,20.0,2.169712543487549,2.137683153152466,-0.03202935308218002,17.862316131591797,17.83028793334961,gold_only,46,single_rater_weak
2025_09_15_Re4StRes_T1_DSV/IMG_2543.JPG,plot_287543c1b6420318ac5a,dsv_asendorf_t1_bbch11,/home/nfs/data/nvme_datasets/Pictures_CFSB_leaf_damage/2025_09_15_Re4StRes_T1_DSV/IMG_2543.JPG,8.0,2.5818071365356445,2.935476779937744,0.353669673204422,5.064523220062256,5.4181928634643555,gold_only,46,single_rater_weak
2025_09_15_Re4StRes_T1_DSV/IMG_2544.JPG,plot_287543c1b6420318ac5a,dsv_asendorf_t1_bbch11,/home/nfs/data/nvme_datasets/Pictures_CFSB_leaf_damage/2025_09_15_Re4StRes_T1_DSV/IMG_2544.JPG,6.0,3.5849921703338623,3.781874895095825,0.19688279926776886,2.218125104904175,2.4150078296661377,gold_only,46,single_rater_weak
2025_09_15_Re4StRes_T1_DSV/IMG_2545.JPG,plot_287543c1b6420318ac5a,dsv_asendorf_t1_bbch11,/home/nfs/data/nvme_datasets/Pictures_CFSB_leaf_damage/2025_09_15_Re4StRes_T1_DSV/IMG_2545.JPG,8.0,4.5440144538879395,4.6001787185668945,0.05616409704089165,3.3998212814331055,3.4559855461120605,gold_only,46,single_rater_weak
2025_09_15_Re4StRes_T1_DSV/IMG_2546.JPG,plot_1eb1bc916cce4ed13b43,dsv_asendorf_t1_bbch11,/home/nfs/data/nvme_datasets/Pictures_CFSB_leaf_damage/2025_09_15_Re4StRes_T1_DSV/IMG_2546.JPG,7.0,2.8127899169921875,2.9999732971191406,0.18718348443508148,4.000026702880859,4.1872100830078125,gold_only,46,single_rater_weak
2025_09_15_Re4StRes_T1_DSV/IMG_2547.JPG,plot_1eb1bc916cce4ed13b43,dsv_asendorf_t1_bbch11,/home/nfs/data/nvme_datasets/Pictures_CFSB_leaf_damage/2025_09_15_Re4StRes_T1_DSV/IMG_2547.JPG,6.0,2.1796875,2.279860258102417,0.10017280280590057,3.720139741897583,3.8203125,gold_only,46,single_rater_weak
2025_09_15_Re4StRes_T1_DSV/IMG_2548.JPG,plot_1eb1bc916cce4ed13b43,dsv_asendorf_t1_bbch11,/home/nfs/data/nvme_datasets/Pictures_CFSB_leaf_damage/2025_09_15_Re4StRes_T1_DSV/IMG_2548.JPG,23.0,2.28135347366333,1.9422290325164795,-0.339124470949173,21.057771682739258,20.718647003173828,gold_only,46,single_rater_weak
2025_09_15_Re4StRes_T1_DSV/IMG_2549.JPG,plot_062849fd42834d79d5c8,dsv_asendorf_t1_bbch11,/home/nfs/data/nvme_datasets/Pictures_CFSB_leaf_damage/2025_09_15_Re4StRes_T1_DSV/IMG_2549.JPG,15.0,4.036520004272461,3.817466974258423,-0.21905303001403809,11.182533264160156,10.963479995727539,gold_only,46,single_rater_weak
2025_09_15_Re4StRes_T1_DSV/IMG_2550.JPG,plot_062849fd42834d79d5c8,dsv_asendorf_t1_bbch11,/home/nfs/data/nvme_datasets/Pictures_CFSB_leaf_damage/2025_09_15_Re4StRes_T1_DSV/IMG_2550.JPG,32.0,2.949042320251465,2.9746813774108887,0.025639154016971588,29.025318145751953,29.05095672607422,gold_only,46,single_rater_weak
2025_09_15_Re4StRes_T1_DSV/IMG_2551.JPG,plot_062849fd42834d79d5c8,dsv_asendorf_t1_bbch11,/home/nfs/data/nvme_datasets/Pictures_CFSB_leaf_damage/2025_09_15_Re4StRes_T1_DSV/IMG_2551.JPG,7.0,3.5131185054779053,3.405808925628662,-0.10730960965156555,3.594191074371338,3.4868814945220947,gold_only,46,single_rater_weak
2025_09_15_Re4StRes_T1_DSV/IMG_2552.JPG,plot_c86a34c84012b2a6cd5e,dsv_asendorf_t1_bbch11,/home/nfs/data/nvme_datasets/Pictures_CFSB_leaf_damage/2025_09_15_Re4StRes_T1_DSV/IMG_2552.JPG,12.0,0.2345113754272461,-0.1502951681613922,-0.3848065435886383,12.15029525756836,11.765488624572754,gold_only,46,single_rater_weak
2025_09_15_Re4StRes_T1_DSV/IMG_2553.JPG,plot_c86a34c84012b2a6cd5e,dsv_asendorf_t1_bbch11,/home/nfs/data/nvme_datasets/Pictures_CFSB_leaf_damage/2025_09_15_Re4StRes_T1_DSV/IMG_2553.JPG,3.0,0.24790239334106445,0.0242922306060791,-0.22361016273498535,2.975707769393921,2.7520976066589355,gold_only,46,single_rater_weak
2025_09_15_Re4StRes_T1_DSV/IMG_2554.JPG,plot_c86a34c84012b2a6cd5e,dsv_asendorf_t1_bbch11,/home/nfs/data/nvme_datasets/Pictures_CFSB_leaf_damage/2025_09_15_Re4StRes_T1_DSV/IMG_2554.JPG,1.0,0.9268560409545898,0.6102466583251953,-0.3166094124317169,0.3897533416748047,0.07314395904541016,gold_only,46,single_rater_weak
2025_09_15_Re4StRes_T1_DSV/IMG_2555.JPG,plot_c7ccb8d79650c71e2fdb,dsv_asendorf_t1_bbch11,/home/nfs/data/nvme_datasets/Pictures_CFSB_leaf_damage/2025_09_15_Re4StRes_T1_DSV/IMG_2555.JPG,30.0,5.506744384765625,5.474832057952881,-0.031912170350551605,24.52516746520996,24.493255615234375,gold_only,46,single_rater_weak
2025_09_15_Re4StRes_T1_DSV/IMG_2556.JPG,plot_c7ccb8d79650c71e2fdb,dsv_asendorf_t1_bbch11,/home/nfs/data/nvme_datasets/Pictures_CFSB_leaf_damage/2025_09_15_Re4StRes_T1_DSV/IMG_2556.JPG,15.0,3.3354783058166504,3.2930126190185547,-0.042465806007385254,11.706987380981445,11.664522171020508,gold_only,46,single_rater_weak
2025_09_15_Re4StRes_T1_DSV/IMG_2557.JPG,plot_c7ccb8d79650c71e2fdb,dsv_asendorf_t1_bbch11,/home/nfs/data/nvme_datasets/Pictures_CFSB_leaf_damage/2025_09_15_Re4StRes_T1_DSV/IMG_2557.JPG,5.0,3.9060778617858887,3.8557443618774414,-0.05033349618315697,1.1442556381225586,1.0939221382141113,gold_only,46,single_rater_weak
2025_09_15_Re4StRes_T1_DSV/IMG_2558.JPG,plot_4b6282099a93285f4437,dsv_asendorf_t1_bbch11,/home/nfs/data/nvme_datasets/Pictures_CFSB_leaf_damage/2025_09_15_Re4StRes_T1_DSV/IMG_2558.JPG,20.0,0.7123146057128906,0.7249714732170105,0.012656847015023232,19.275028228759766,19.28768539428711,gold_only,46,single_rater_weak
2025_09_15_Re4StRes_T1_DSV/IMG_2559.JPG,plot_4b6282099a93285f4437,dsv_asendorf_t1_bbch11,/home/nfs/data/nvme_datasets/Pictures_CFSB_leaf_damage/2025_09_15_Re4StRes_T1_DSV/IMG_2559.JPG,5.0,2.4265494346618652,2.571115016937256,0.14456552267074585,2.428884983062744,2.5734505653381348,gold_only,46,single_rater_weak
2025_09_15_Re4StRes_T1_DSV/IMG_2560.JPG,plot_4b6282099a93285f4437,dsv_asendorf_t1_bbch11,/home/nfs/data/nvme_datasets/Pictures_CFSB_leaf_damage/2025_09_15_Re4StRes_T1_DSV/IMG_2560.JPG,10.0,5.280682563781738,5.395271301269531,0.11458881944417953,4.604728698730469,4.719317436218262,gold_only,46,single_rater_weak
2025_09_15_Re4StRes_T1_DSV/IMG_2561.JPG,plot_b876a7c031c3da996880,dsv_asendorf_t1_bbch11,/home/nfs/data/nvme_datasets/Pictures_CFSB_leaf_damage/2025_09_15_Re4StRes_T1_DSV/IMG_2561.JPG,5.0,2.0592384338378906,1.4985077381134033,-0.5607307553291321,3.5014922618865967,2.9407615661621094,gold_only,46,single_rater_weak
2025_09_15_Re4StRes_T1_DSV/IMG_2562.JPG,plot_b876a7c031c3da996880,dsv_asendorf_t1_bbch11,/home/nfs/data/nvme_datasets/Pictures_CFSB_leaf_damage/2025_09_15_Re4StRes_T1_DSV/IMG_2562.JPG,12.0,2.284829616546631,1.8159756660461426,-0.46885401010513306,10.184024810791016,9.715169906616211,gold_only,46,single_rater_weak
2025_09_15_Re4StRes_T1_DSV/IMG_2563.JPG,plot_b876a7c031c3da996880,dsv_asendorf_t1_bbch11,/home/nfs/data/nvme_datasets/Pictures_CFSB_leaf_damage/2025_09_15_Re4StRes_T1_DSV/IMG_2563.JPG,12.0,5.025210380554199,4.810981273651123,-0.21422922611236572,7.189018726348877,6.974789619445801,gold_only,46,single_rater_weak
2025_09_15_Re4StRes_T1_DSV/IMG_2564.JPG,plot_3428b15a8bd1ae96baaa,dsv_asendorf_t1_bbch11,/home/nfs/data/nvme_datasets/Pictures_CFSB_leaf_damage/2025_09_15_Re4StRes_T1_DSV/IMG_2564.JPG,4.0,2.7564172744750977,2.54660701751709,-0.2098102867603302,1.4533929824829102,1.2435827255249023,gold_only,46,single_rater_weak
2025_09_15_Re4StRes_T1_DSV/IMG_2565.JPG,plot_3428b15a8bd1ae96baaa,dsv_asendorf_t1_bbch11,/home/nfs/data/nvme_datasets/Pictures_CFSB_leaf_damage/2025_09_15_Re4StRes_T1_DSV/IMG_2565.JPG,8.0,3.9188520908355713,4.015406608581543,0.09655445069074631,3.984593391418457,4.081148147583008,gold_only,46,single_rater_weak
2025_09_15_Re4StRes_T1_DSV/IMG_2566.JPG,plot_3428b15a8bd1ae96baaa,dsv_asendorf_t1_bbch11,/home/nfs/data/nvme_datasets/Pictures_CFSB_leaf_damage/2025_09_15_Re4StRes_T1_DSV/IMG_2566.JPG,8.0,3.3372983932495117,2.9097983837127686,-0.42750003933906555,5.090201377868652,4.662701606750488,gold_only,46,single_rater_weak
2025_09_15_Re4StRes_T1_DSV/IMG_2567.JPG,plot_e2bf7b495dd0626af206,dsv_asendorf_t1_bbch11,/home/nfs/data/nvme_datasets/Pictures_CFSB_leaf_damage/2025_09_15_Re4StRes_T1_DSV/IMG_2567.JPG,14.0,0.34828948974609375,-0.026825934648513794,-0.37511542439460754,14.026825904846191,13.651710510253906,gold_only,46,single_rater_weak
2025_09_15_Re4StRes_T1_DSV/IMG_2568.JPG,plot_e2bf7b495dd0626af206,dsv_asendorf_t1_bbch11,/home/nfs/data/nvme_datasets/Pictures_CFSB_leaf_damage/2025_09_15_Re4StRes_T1_DSV/IMG_2568.JPG,16.0,1.894404411315918,2.212057590484619,0.3176530599594116,13.787942886352539,14.105595588684082,gold_only,46,single_rater_weak
2025_09_15_Re4StRes_T1_DSV/IMG_2569.JPG,plot_e2bf7b495dd0626af206,dsv_asendorf_t1_bbch11,/home/nfs/data/nvme_datasets/Pictures_CFSB_leaf_damage/2025_09_15_Re4StRes_T1_DSV/IMG_2569.JPG,15.0,1.8725934028625488,2.1313185691833496,0.25872522592544556,12.868680953979492,13.12740707397461,gold_only,46,single_rater_weak
2025_09_15_Re4StRes_T1_DSV/IMG_2570.JPG,plot_3bd91170ed2167071221,dsv_asendorf_t1_bbch11,/home/nfs/data/nvme_datasets/Pictures_CFSB_leaf_damage/2025_09_15_Re4StRes_T1_DSV/IMG_2570.JPG,2.0,2.492593288421631,2.6099865436553955,0.1173931434750557,0.6099865436553955,0.49259328842163086,gold_only,46,single_rater_weak
2025_09_15_Re4StRes_T1_DSV/IMG_2571.JPG,plot_3bd91170ed2167071221,dsv_asendorf_t1_bbch11,/home/nfs/data/nvme_datasets/Pictures_CFSB_leaf_damage/2025_09_15_Re4StRes_T1_DSV/IMG_2571.JPG,4.0,4.612041473388672,4.8245463371276855,0.21250499784946442,0.8245463371276855,0.6120414733886719,gold_only,46,single_rater_weak
2025_09_15_Re4StRes_T1_DSV/IMG_2572.JPG,plot_3bd91170ed2167071221,dsv_asendorf_t1_bbch11,/home/nfs/data/nvme_datasets/Pictures_CFSB_leaf_damage/2025_09_15_Re4StRes_T1_DSV/IMG_2572.JPG,7.0,5.2513909339904785,5.297054290771484,0.04566337913274765,1.7029457092285156,1.7486090660095215,gold_only,46,single_rater_weak
2025_09_15_Re4StRes_T1_DSV/IMG_2573.JPG,plot_c5c4cbd994bc130ff116,dsv_asendorf_t1_bbch11,/home/nfs/data/nvme_datasets/Pictures_CFSB_leaf_damage/2025_09_15_Re4StRes_T1_DSV/IMG_2573.JPG,11.0,1.319411277770996,1.264749526977539,-0.05466170981526375,9.735250473022461,9.680588722229004,gold_only,46,single_rater_weak
2025_09_15_Re4StRes_T1_DSV/IMG_2574.JPG,plot_c5c4cbd994bc130ff116,dsv_asendorf_t1_bbch11,/home/nfs/data/nvme_datasets/Pictures_CFSB_leaf_damage/2025_09_15_Re4StRes_T1_DSV/IMG_2574.JPG,5.0,2.6211843490600586,2.7504029273986816,0.12921862304210663,2.2495970726013184,2.3788156509399414,gold_only,46,single_rater_weak
2025_09_15_Re4StRes_T1_DSV/IMG_2575.JPG,plot_c5c4cbd994bc130ff116,dsv_asendorf_t1_bbch11,/home/nfs/data/nvme_datasets/Pictures_CFSB_leaf_damage/2025_09_15_Re4StRes_T1_DSV/IMG_2575.JPG,12.0,0.5037355422973633,0.6292427778244019,0.12550725042819977,11.370757102966309,11.496264457702637,gold_only,46,single_rater_weak
2025_09_15_Re4StRes_T1_DSV/IMG_2576.JPG,plot_31cae2f101d65806098b,dsv_asendorf_t1_bbch11,/home/nfs/data/nvme_datasets/Pictures_CFSB_leaf_damage/2025_09_15_Re4StRes_T1_DSV/IMG_2576.JPG,12.0,2.1183652877807617,2.2656290531158447,0.147263765335083,9.734371185302734,9.881634712219238,gold_only,46,single_rater_weak
2025_09_15_Re4StRes_T1_DSV/IMG_2577.JPG,plot_31cae2f101d65806098b,dsv_asendorf_t1_bbch11,/home/nfs/data/nvme_datasets/Pictures_CFSB_leaf_damage/2025_09_15_Re4StRes_T1_DSV/IMG_2577.JPG,4.0,1.3246431350708008,1.3037070035934448,-0.020936179906129837,2.6962928771972656,2.675356864929199,gold_only,46,single_rater_weak
2025_09_15_Re4StRes_T1_DSV/IMG_2578.JPG,plot_31cae2f101d65806098b,dsv_asendorf_t1_bbch11,/home/nfs/data/nvme_datasets/Pictures_CFSB_leaf_damage/2025_09_15_Re4StRes_T1_DSV/IMG_2578.JPG,8.0,2.8436875343322754,3.1094911098480225,0.2658035457134247,4.890508651733398,5.156312465667725,gold_only,46,single_rater_weak
2025_09_15_Re4StRes_T1_DSV/IMG_2579.JPG,plot_fa76df368fa3ce27a086,dsv_asendorf_t1_bbch11,/home/nfs/data/nvme_datasets/Pictures_CFSB_leaf_damage/2025_09_15_Re4StRes_T1_DSV/IMG_2579.JPG,5.0,0.2308664321899414,0.0865410715341568,-0.1443253606557846,4.913458824157715,4.769133567810059,gold_only,46,single_rater_weak
2025_09_15_Re4StRes_T1_DSV/IMG_2580.JPG,plot_fa76df368fa3ce27a086,dsv_asendorf_t1_bbch11,/home/nfs/data/nvme_datasets/Pictures_CFSB_leaf_damage/2025_09_15_Re4StRes_T1_DSV/IMG_2580.JPG,14.0,0.9972667694091797,0.9617977142333984,-0.03546905145049095,13.038202285766602,13.00273323059082,gold_only,46,single_rater_weak
2025_09_15_Re4StRes_T1_DSV/IMG_2581.JPG,plot_fa76df368fa3ce27a086,dsv_asendorf_t1_bbch11,/home/nfs/data/nvme_datasets/Pictures_CFSB_leaf_damage/2025_09_15_Re4StRes_T1_DSV/IMG_2581.JPG,18.0,3.479218006134033,3.0763139724731445,-0.4029039144515991,14.923686027526855,14.520782470703125,gold_only,46,single_rater_weak
2025_09_15_Re4StRes_T1_DSV/IMG_2582.JPG,plot_731f46fe3168ffe1165d,dsv_asendorf_t1_bbch11,/home/nfs/data/nvme_datasets/Pictures_CFSB_leaf_damage/2025_09_15_Re4StRes_T1_DSV/IMG_2582.JPG,14.0,4.014379024505615,3.8082756996154785,-0.20610341429710388,10.19172477722168,9.985620498657227,gold_only,46,single_rater_weak
2025_09_15_Re4StRes_T1_DSV/IMG_2583.JPG,plot_731f46fe3168ffe1165d,dsv_asendorf_t1_bbch11,/home/nfs/data/nvme_datasets/Pictures_CFSB_leaf_damage/2025_09_15_Re4StRes_T1_DSV/IMG_2583.JPG,17.0,3.250899314880371,3.315326690673828,0.06442748755216599,13.684673309326172,13.749100685119629,gold_only,46,single_rater_weak
2025_09_15_Re4StRes_T1_DSV/IMG_2584.JPG,plot_731f46fe3168ffe1165d,dsv_asendorf_t1_bbch11,/home/nfs/data/nvme_datasets/Pictures_CFSB_leaf_damage/2025_09_15_Re4StRes_T1_DSV/IMG_2584.JPG,23.0,1.1772236824035645,1.3575429916381836,0.18031932413578033,21.6424560546875,21.822776794433594,gold_only,46,single_rater_weak
2025_09_15_Re4StRes_T1_DSV/IMG_2585.JPG,plot_a04b04c31d587b2d46a5,dsv_asendorf_t1_bbch11,/home/nfs/data/nvme_datasets/Pictures_CFSB_leaf_damage/2025_09_15_Re4StRes_T1_DSV/IMG_2585.JPG,10.0,1.8751845359802246,1.7544480562210083,-0.1207365021109581,8.245552062988281,8.124814987182617,gold_only,46,single_rater_weak
2025_09_15_Re4StRes_T1_DSV/IMG_2586.JPG,plot_a04b04c31d587b2d46a5,dsv_asendorf_t1_bbch11,/home/nfs/data/nvme_datasets/Pictures_CFSB_leaf_damage/2025_09_15_Re4StRes_T1_DSV/IMG_2586.JPG,13.0,1.2915949821472168,1.279165267944336,-0.012429708614945412,11.720834732055664,11.708404541015625,gold_only,46,single_rater_weak
2025_09_15_Re4StRes_T1_DSV/IMG_2587.JPG,plot_a04b04c31d587b2d46a5,dsv_asendorf_t1_bbch11,/home/nfs/data/nvme_datasets/Pictures_CFSB_leaf_damage/2025_09_15_Re4StRes_T1_DSV/IMG_2587.JPG,19.0,1.59033203125,1.7107958793640137,0.12046389281749725,17.289203643798828,17.40966796875,gold_only,46,single_rater_weak
2025_09_15_Re4StRes_T1_DSV/IMG_2588.JPG,plot_e8f4692a65bceb6ce3e4,dsv_asendorf_t1_bbch11,/home/nfs/data/nvme_datasets/Pictures_CFSB_leaf_damage/2025_09_15_Re4StRes_T1_DSV/IMG_2588.JPG,4.0,1.9318571090698242,1.6353425979614258,-0.2965145707130432,2.364657402038574,2.068142890930176,gold_only,46,single_rater_weak
2025_09_15_Re4StRes_T1_DSV/IMG_2589.JPG,plot_e8f4692a65bceb6ce3e4,dsv_asendorf_t1_bbch11,/home/nfs/data/nvme_datasets/Pictures_CFSB_leaf_damage/2025_09_15_Re4StRes_T1_DSV/IMG_2589.JPG,23.0,6.141819953918457,6.1894636154174805,0.04764365404844284,16.810535430908203,16.85818099975586,gold_only,46,single_rater_weak
2025_09_15_Re4StRes_T1_DSV/IMG_2589_2.JPG,plot_e8f4692a65bceb6ce3e4,dsv_asendorf_t1_bbch11,/home/nfs/data/nvme_datasets/Pictures_CFSB_leaf_damage/2025_09_15_Re4StRes_T1_DSV/IMG_2589_2.JPG,34.0,5.084651470184326,5.029153347015381,-0.05549835041165352,28.97084617614746,28.915348052978516,gold_only,46,single_rater_weak
2025_09_15_Re4StRes_T1_DSV/IMG_2590.JPG,plot_707244c76bf8f4690ba7,dsv_asendorf_t1_bbch11,/home/nfs/data/nvme_datasets/Pictures_CFSB_leaf_damage/2025_09_15_Re4StRes_T1_DSV/IMG_2590.JPG,10.0,4.103888988494873,3.7542872428894043,-0.3496018350124359,6.245712757110596,5.896111011505127,gold_only,46,single_rater_weak
2025_09_15_Re4StRes_T1_DSV/IMG_2591.JPG,plot_707244c76bf8f4690ba7,dsv_asendorf_t1_bbch11,/home/nfs/data/nvme_datasets/Pictures_CFSB_leaf_damage/2025_09_15_Re4StRes_T1_DSV/IMG_2591.JPG,4.0,3.49753737449646,3.2840566635131836,-0.2134806215763092,0.7159433364868164,0.50246262550354,gold_only,46,single_rater_weak
2025_09_15_Re4StRes_T1_DSV/IMG_2592.JPG,plot_707244c76bf8f4690ba7,dsv_asendorf_t1_bbch11,/home/nfs/data/nvme_datasets/Pictures_CFSB_leaf_damage/2025_09_15_Re4StRes_T1_DSV/IMG_2592.JPG,17.0,7.486425399780273,7.506754398345947,0.02032918483018875,9.493246078491211,9.513574600219727,gold_only,46,single_rater_weak
2025_09_15_Re4StRes_T1_DSV/IMG_2593.JPG,plot_40371a1af2798543b978,dsv_asendorf_t1_bbch11,/home/nfs/data/nvme_datasets/Pictures_CFSB_leaf_damage/2025_09_15_Re4StRes_T1_DSV/IMG_2593.JPG,10.0,1.5856399536132812,1.229589819908142,-0.35605016350746155,8.770410537719727,8.414360046386719,gold_only,46,single_rater_weak
2025_09_15_Re4StRes_T1_DSV/IMG_2594.JPG,plot_40371a1af2798543b978,dsv_asendorf_t1_bbch11,/home/nfs/data/nvme_datasets/Pictures_CFSB_leaf_damage/2025_09_15_Re4StRes_T1_DSV/IMG_2594.JPG,1.0,2.5082011222839355,1.8548479080200195,-0.6533532738685608,0.8548479080200195,1.5082011222839355,gold_only,46,single_rater_weak
2025_09_15_Re4StRes_T1_DSV/IMG_2595.JPG,plot_40371a1af2798543b978,dsv_asendorf_t1_bbch11,/home/nfs/data/nvme_datasets/Pictures_CFSB_leaf_damage/2025_09_15_Re4StRes_T1_DSV/IMG_2595.JPG,3.0,9.708683967590332,9.896883010864258,0.1881989985704422,6.896883010864258,6.708683967590332,gold_only,46,single_rater_weak
2025_09_15_Re4StRes_T1_DSV/IMG_2596.JPG,plot_2d323249f2cdbc401337,dsv_asendorf_t1_bbch11,/home/nfs/data/nvme_datasets/Pictures_CFSB_leaf_damage/2025_09_15_Re4StRes_T1_DSV/IMG_2596.JPG,5.0,1.1764230728149414,0.7178698778152466,-0.4585531949996948,4.282130241394043,3.8235769271850586,gold_only,46,single_rater_weak
2025_09_15_Re4StRes_T1_DSV/IMG_2597.JPG,plot_2d323249f2cdbc401337,dsv_asendorf_t1_bbch11,/home/nfs/data/nvme_datasets/Pictures_CFSB_leaf_damage/2025_09_15_Re4StRes_T1_DSV/IMG_2597.JPG,4.0,1.2567248344421387,0.6663747429847717,-0.5903500914573669,3.333625316619873,2.7432751655578613,gold_only,46,single_rater_weak
2025_09_15_Re4StRes_T1_DSV/IMG_2598.JPG,plot_2d323249f2cdbc401337,dsv_asendorf_t1_bbch11,/home/nfs/data/nvme_datasets/Pictures_CFSB_leaf_damage/2025_09_15_Re4StRes_T1_DSV/IMG_2598.JPG,23.0,3.573564291000366,3.9160103797912598,0.34244611859321594,19.0839900970459,19.426435470581055,gold_only,46,single_rater_weak
2025_09_15_Re4StRes_T1_DSV/IMG_2599.JPG,plot_7e3914ccf642d49c8258,dsv_asendorf_t1_bbch11,/home/nfs/data/nvme_datasets/Pictures_CFSB_leaf_damage/2025_09_15_Re4StRes_T1_DSV/IMG_2599.JPG,23.0,2.553670883178711,2.157136917114258,-0.39653387665748596,20.842863082885742,20.44632911682129,gold_only,46,single_rater_weak
2025_09_15_Re4StRes_T1_DSV/IMG_2600.JPG,plot_7e3914ccf642d49c8258,dsv_asendorf_t1_bbch11,/home/nfs/data/nvme_datasets/Pictures_CFSB_leaf_damage/2025_09_15_Re4StRes_T1_DSV/IMG_2600.JPG,7.0,2.0231642723083496,1.8684018850326538,-0.154762402176857,5.131597995758057,4.97683572769165,gold_only,46,single_rater_weak
2025_09_15_Re4StRes_T1_DSV/IMG_2601.JPG,plot_7e3914ccf642d49c8258,dsv_asendorf_t1_bbch11,/home/nfs/data/nvme_datasets/Pictures_CFSB_leaf_damage/2025_09_15_Re4StRes_T1_DSV/IMG_2601.JPG,6.0,2.716012954711914,2.6608364582061768,-0.055176448076963425,3.3391635417938232,3.283987045288086,gold_only,46,single_rater_weak
2025_09_15_Re4StRes_T1_DSV/IMG_2602.JPG,plot_4c75cf4fe53b689660ca,dsv_asendorf_t1_bbch11,/home/nfs/data/nvme_datasets/Pictures_CFSB_leaf_damage/2025_09_15_Re4StRes_T1_DSV/IMG_2602.JPG,3.0,2.1734652519226074,1.5347490310668945,-0.6387162804603577,1.4652509689331055,0.8265347480773926,gold_only,46,single_rater_weak
2025_09_15_Re4StRes_T1_DSV/IMG_2603.JPG,plot_4c75cf4fe53b689660ca,dsv_asendorf_t1_bbch11,/home/nfs/data/nvme_datasets/Pictures_CFSB_leaf_damage/2025_09_15_Re4StRes_T1_DSV/IMG_2603.JPG,7.0,6.798402786254883,6.206434726715088,-0.5919679403305054,0.7935652732849121,0.2015972137451172,gold_only,46,single_rater_weak
2025_09_15_Re4StRes_T1_DSV/IMG_2604.JPG,plot_4c75cf4fe53b689660ca,dsv_asendorf_t1_bbch11,/home/nfs/data/nvme_datasets/Pictures_CFSB_leaf_damage/2025_09_15_Re4StRes_T1_DSV/IMG_2604.JPG,35.0,9.98967170715332,9.999139785766602,0.009467646479606628,25.0008602142334,25.01032829284668,gold_only,46,single_rater_weak
2025_09_15_Re4StRes_T1_DSV/IMG_2605.JPG,plot_5a26296d1fb3d29bbb28,dsv_asendorf_t1_bbch11,/home/nfs/data/nvme_datasets/Pictures_CFSB_leaf_damage/2025_09_15_Re4StRes_T1_DSV/IMG_2605.JPG,2.0,2.282776355743408,2.0553665161132812,-0.22740983963012695,0.05536651611328125,0.2827763557434082,gold_only,46,single_rater_weak
2025_09_15_Re4StRes_T1_DSV/IMG_2606.JPG,plot_5a26296d1fb3d29bbb28,dsv_asendorf_t1_bbch11,/home/nfs/data/nvme_datasets/Pictures_CFSB_leaf_damage/2025_09_15_Re4StRes_T1_DSV/IMG_2606.JPG,18.0,2.6132164001464844,2.9385271072387695,0.3253105878829956,15.06147289276123,15.386783599853516,gold_only,46,single_rater_weak
2025_09_15_Re4StRes_T1_DSV/IMG_2606_2.JPG,plot_5a26296d1fb3d29bbb28,dsv_asendorf_t1_bbch11,/home/nfs/data/nvme_datasets/Pictures_CFSB_leaf_damage/2025_09_15_Re4StRes_T1_DSV/IMG_2606_2.JPG,4.0,1.710731029510498,1.1094377040863037,-0.6012933254241943,2.8905622959136963,2.289268970489502,gold_only,46,single_rater_weak
2025_09_15_Re4StRes_T1_DSV/IMG_2608.JPG,plot_46c1efcf4428e47a8433,dsv_asendorf_t1_bbch11,/home/nfs/data/nvme_datasets/Pictures_CFSB_leaf_damage/2025_09_15_Re4StRes_T1_DSV/IMG_2608.JPG,2.0,3.7565183639526367,4.0369954109191895,0.2804769277572632,2.0369954109191895,1.7565183639526367,gold_only,46,single_rater_weak
2025_09_15_Re4StRes_T1_DSV/IMG_2609.JPG,plot_46c1efcf4428e47a8433,dsv_asendorf_t1_bbch11,/home/nfs/data/nvme_datasets/Pictures_CFSB_leaf_damage/2025_09_15_Re4StRes_T1_DSV/IMG_2609.JPG,5.0,2.6399292945861816,1.9948163032531738,-0.6451130509376526,3.005183696746826,2.3600707054138184,gold_only,46,single_rater_weak
2025_09_15_Re4StRes_T1_DSV/IMG_2610.JPG,plot_46c1efcf4428e47a8433,dsv_asendorf_t1_bbch11,/home/nfs/data/nvme_datasets/Pictures_CFSB_leaf_damage/2025_09_15_Re4StRes_T1_DSV/IMG_2610.JPG,11.0,3.9724013805389404,3.631655693054199,-0.34074562788009644,7.368344306945801,7.0275983810424805,gold_only,46,single_rater_weak
2025_09_15_Re4StRes_T1_DSV/IMG_2611.JPG,plot_6ad87ac5e10c8f43e276,dsv_asendorf_t1_bbch11,/home/nfs/data/nvme_datasets/Pictures_CFSB_leaf_damage/2025_09_15_Re4StRes_T1_DSV/IMG_2611.JPG,3.0,0.8360943794250488,0.7384613156318665,-0.09763307124376297,2.2615387439727783,2.163905620574951,gold_only,46,single_rater_weak
2025_09_15_Re4StRes_T1_DSV/IMG_2612.JPG,plot_6ad87ac5e10c8f43e276,dsv_asendorf_t1_bbch11,/home/nfs/data/nvme_datasets/Pictures_CFSB_leaf_damage/2025_09_15_Re4StRes_T1_DSV/IMG_2612.JPG,3.0,0.5878314971923828,0.5503157377243042,-0.03751576691865921,2.4496841430664062,2.412168502807617,gold_only,46,single_rater_weak
2025_09_15_Re4StRes_T1_DSV/IMG_2613.JPG,plot_6ad87ac5e10c8f43e276,dsv_asendorf_t1_bbch11,/home/nfs/data/nvme_datasets/Pictures_CFSB_leaf_damage/2025_09_15_Re4StRes_T1_DSV/IMG_2613.JPG,40.0,3.935574769973755,4.176630973815918,0.24105606973171234,35.823368072509766,36.06442642211914,gold_only,46,single_rater_weak
2025_09_15_Re4StRes_T1_DSV/IMG_2614.JPG,plot_9b875862086dac6bd729,dsv_asendorf_t1_bbch11,/home/nfs/data/nvme_datasets/Pictures_CFSB_leaf_damage/2025_09_15_Re4StRes_T1_DSV/IMG_2614.JPG,4.0,3.0062570571899414,2.835930347442627,-0.1703265905380249,1.164069652557373,0.9937429428100586,gold_only,46,single_rater_weak
2025_09_15_Re4StRes_T1_DSV/IMG_2615.JPG,plot_9b875862086dac6bd729,dsv_asendorf_t1_bbch11,/home/nfs/data/nvme_datasets/Pictures_CFSB_leaf_damage/2025_09_15_Re4StRes_T1_DSV/IMG_2615.JPG,12.0,2.578787326812744,2.461606979370117,-0.11718027293682098,9.538393020629883,9.421213150024414,gold_only,46,single_rater_weak
2025_09_15_Re4StRes_T1_DSV/IMG_2616.JPG,plot_9b875862086dac6bd729,dsv_asendorf_t1_bbch11,/home/nfs/data/nvme_datasets/Pictures_CFSB_leaf_damage/2025_09_15_Re4StRes_T1_DSV/IMG_2616.JPG,14.0,4.786221027374268,4.772618293762207,-0.01360290590673685,9.227381706237793,9.21377944946289,gold_only,46,single_rater_weak
2025_09_15_Re4StRes_T1_DSV/IMG_2617.JPG,plot_b2a3e31c2e6cc1eb0673,dsv_asendorf_t1_bbch11,/home/nfs/data/nvme_datasets/Pictures_CFSB_leaf_damage/2025_09_15_Re4StRes_T1_DSV/IMG_2617.JPG,2.0,1.621382236480713,1.4148527383804321,-0.20652952790260315,0.5851472616195679,0.3786177635192871,gold_only,46,single_rater_weak
2025_09_15_Re4StRes_T1_DSV/IMG_2618.JPG,plot_b2a3e31c2e6cc1eb0673,dsv_asendorf_t1_bbch11,/home/nfs/data/nvme_datasets/Pictures_CFSB_leaf_damage/2025_09_15_Re4StRes_T1_DSV/IMG_2618.JPG,12.0,2.420034408569336,2.364128589630127,-0.055905938148498535,9.635871887207031,9.579965591430664,gold_only,46,single_rater_weak
2025_09_15_Re4StRes_T1_DSV/IMG_2619.JPG,plot_b2a3e31c2e6cc1eb0673,dsv_asendorf_t1_bbch11,/home/nfs/data/nvme_datasets/Pictures_CFSB_leaf_damage/2025_09_15_Re4StRes_T1_DSV/IMG_2619.JPG,17.0,2.5560646057128906,2.031839609146118,-0.5242249965667725,14.968160629272461,14.44393539428711,gold_only,46,single_rater_weak
2025_09_15_Re4StRes_T1_DSV/IMG_2620.JPG,plot_b03192acadc05d9ac642,dsv_asendorf_t1_bbch11,/home/nfs/data/nvme_datasets/Pictures_CFSB_leaf_damage/2025_09_15_Re4StRes_T1_DSV/IMG_2620.JPG,3.0,0.600433349609375,0.012109816074371338,-0.5883235335350037,2.9878902435302734,2.399566650390625,gold_only,46,single_rater_weak
2025_09_15_Re4StRes_T1_DSV/IMG_2621.JPG,plot_b03192acadc05d9ac642,dsv_asendorf_t1_bbch11,/home/nfs/data/nvme_datasets/Pictures_CFSB_leaf_damage/2025_09_15_Re4StRes_T1_DSV/IMG_2621.JPG,5.0,0.923001766204834,0.6049017906188965,-0.3180999755859375,4.3950982093811035,4.076998233795166,gold_only,46,single_rater_weak
2025_09_15_Re4StRes_T1_DSV/IMG_2622.JPG,plot_b03192acadc05d9ac642,dsv_asendorf_t1_bbch11,/home/nfs/data/nvme_datasets/Pictures_CFSB_leaf_damage/2025_09_15_Re4StRes_T1_DSV/IMG_2622.JPG,7.0,1.6413326263427734,1.380653738975525,-0.2606789171695709,5.6193461418151855,5.358667373657227,gold_only,46,single_rater_weak
2025_09_15_Re4StRes_T1_DSV/IMG_2623.JPG,plot_ad2868ba0107fb9b7835,dsv_asendorf_t1_bbch11,/home/nfs/data/nvme_datasets/Pictures_CFSB_leaf_damage/2025_09_15_Re4StRes_T1_DSV/IMG_2623.JPG,10.0,2.9615297317504883,3.1282002925872803,0.166670560836792,6.871799468994141,7.038470268249512,gold_only,46,single_rater_weak
2025_09_15_Re4StRes_T1_DSV/IMG_2624.JPG,plot_ad2868ba0107fb9b7835,dsv_asendorf_t1_bbch11,/home/nfs/data/nvme_datasets/Pictures_CFSB_leaf_damage/2025_09_15_Re4StRes_T1_DSV/IMG_2624.JPG,2.0,3.870285749435425,4.280945301055908,0.4106597602367401,2.280945301055908,1.8702857494354248,gold_only,46,single_rater_weak
2025_09_15_Re4StRes_T1_DSV/IMG_2625.JPG,plot_ad2868ba0107fb9b7835,dsv_asendorf_t1_bbch11,/home/nfs/data/nvme_datasets/Pictures_CFSB_leaf_damage/2025_09_15_Re4StRes_T1_DSV/IMG_2625.JPG,19.0,3.0369977951049805,3.1557977199554443,0.11879987269639969,15.844202041625977,15.96300220489502,gold_only,46,single_rater_weak
2025_09_15_Re4StRes_T1_DSV/IMG_2626.JPG,plot_d36ced0541e95ee9540c,dsv_asendorf_t1_bbch11,/home/nfs/data/nvme_datasets/Pictures_CFSB_leaf_damage/2025_09_15_Re4StRes_T1_DSV/IMG_2626.JPG,10.0,1.3477649688720703,1.3786139488220215,0.03084903210401535,8.62138557434082,8.65223503112793,gold_only,46,single_rater_weak
2025_09_15_Re4StRes_T1_DSV/IMG_2627.JPG,plot_d36ced0541e95ee9540c,dsv_asendorf_t1_bbch11,/home/nfs/data/nvme_datasets/Pictures_CFSB_leaf_damage/2025_09_15_Re4StRes_T1_DSV/IMG_2627.JPG,2.0,0.8240456581115723,0.5983362197875977,-0.22570940852165222,1.4016637802124023,1.1759543418884277,gold_only,46,single_rater_weak
2025_09_15_Re4StRes_T1_DSV/IMG_2628.JPG,plot_d36ced0541e95ee9540c,dsv_asendorf_t1_bbch11,/home/nfs/data/nvme_datasets/Pictures_CFSB_leaf_damage/2025_09_15_Re4StRes_T1_DSV/IMG_2628.JPG,18.0,2.9012551307678223,2.8635966777801514,-0.03765840083360672,15.13640308380127,15.098745346069336,gold_only,46,single_rater_weak
2025_09_15_Re4StRes_T1_DSV/IMG_2629.JPG,plot_aa0809a29b3adcfe1082,dsv_asendorf_t1_bbch11,/home/nfs/data/nvme_datasets/Pictures_CFSB_leaf_damage/2025_09_15_Re4StRes_T1_DSV/IMG_2629.JPG,8.0,1.1345019340515137,1.3451286554336548,0.2106267511844635,6.654871463775635,6.865498065948486,gold_only,46,single_rater_weak
2025_09_15_Re4StRes_T1_DSV/IMG_2630.JPG,plot_aa0809a29b3adcfe1082,dsv_asendorf_t1_bbch11,/home/nfs/data/nvme_datasets/Pictures_CFSB_leaf_damage/2025_09_15_Re4StRes_T1_DSV/IMG_2630.JPG,23.0,1.34653902053833,1.7037827968597412,0.3572438359260559,21.29621696472168,21.653461456298828,gold_only,46,single_rater_weak
2025_09_15_Re4StRes_T1_DSV/IMG_2631.JPG,plot_aa0809a29b3adcfe1082,dsv_asendorf_t1_bbch11,/home/nfs/data/nvme_datasets/Pictures_CFSB_leaf_damage/2025_09_15_Re4StRes_T1_DSV/IMG_2631.JPG,15.0,0.47879743576049805,0.7203274369239807,0.24153001606464386,14.279672622680664,14.521202087402344,gold_only,46,single_rater_weak
2025_09_15_Re4StRes_T1_DSV/IMG_2632.JPG,plot_a80ff455babb8bbad605,dsv_asendorf_t1_bbch11,/home/nfs/data/nvme_datasets/Pictures_CFSB_leaf_damage/2025_09_15_Re4StRes_T1_DSV/IMG_2632.JPG,32.0,3.5614123344421387,3.7791295051574707,0.2177172154188156,28.220870971679688,28.438587188720703,gold_only,46,single_rater_weak
2025_09_15_Re4StRes_T1_DSV/IMG_2633.JPG,plot_a80ff455babb8bbad605,dsv_asendorf_t1_bbch11,/home/nfs/data/nvme_datasets/Pictures_CFSB_leaf_damage/2025_09_15_Re4StRes_T1_DSV/IMG_2633.JPG,39.0,2.724973678588867,3.0187220573425293,0.2937483489513397,35.98127746582031,36.2750244140625,gold_only,46,single_rater_weak
2025_09_15_Re4StRes_T1_DSV/IMG_2634.JPG,plot_a80ff455babb8bbad605,dsv_asendorf_t1_bbch11,/home/nfs/data/nvme_datasets/Pictures_CFSB_leaf_damage/2025_09_15_Re4StRes_T1_DSV/IMG_2634.JPG,40.0,5.892397880554199,5.943938732147217,0.05154091492295265,34.056060791015625,34.107601165771484,gold_only,46,single_rater_weak
2025_09_15_Re4StRes_T1_DSV/IMG_2635.JPG,plot_73516a1533725dd1f172,dsv_asendorf_t1_bbch11,/home/nfs/data/nvme_datasets/Pictures_CFSB_leaf_damage/2025_09_15_Re4StRes_T1_DSV/IMG_2635.JPG,24.0,3.6416218280792236,3.9088070392608643,0.26718515157699585,20.0911922454834,20.35837745666504,gold_only,46,single_rater_weak
2025_09_15_Re4StRes_T1_DSV/IMG_2636.JPG,plot_73516a1533725dd1f172,dsv_asendorf_t1_bbch11,/home/nfs/data/nvme_datasets/Pictures_CFSB_leaf_damage/2025_09_15_Re4StRes_T1_DSV/IMG_2636.JPG,36.0,5.042792320251465,5.0169806480407715,-0.025811614468693733,30.98301887512207,30.95720672607422,gold_only,46,single_rater_weak
2025_09_15_Re4StRes_T1_DSV/IMG_2637.JPG,plot_73516a1533725dd1f172,dsv_asendorf_t1_bbch11,/home/nfs/data/nvme_datasets/Pictures_CFSB_leaf_damage/2025_09_15_Re4StRes_T1_DSV/IMG_2637.JPG,42.0,4.654311180114746,4.990856170654297,0.3365447521209717,37.0091438293457,37.34568786621094,gold_only,46,single_rater_weak
2025_09_15_Re4StRes_T1_DSV/IMG_2638.JPG,plot_8fcd736eda326263efa9,dsv_asendorf_t1_bbch11,/home/nfs/data/nvme_datasets/Pictures_CFSB_leaf_damage/2025_09_15_Re4StRes_T1_DSV/IMG_2638.JPG,30.0,3.806260347366333,3.9068567752838135,0.10059641301631927,26.093143463134766,26.19373893737793,gold_only,46,single_rater_weak
2025_09_15_Re4StRes_T1_DSV/IMG_2639.JPG,plot_8fcd736eda326263efa9,dsv_asendorf_t1_bbch11,/home/nfs/data/nvme_datasets/Pictures_CFSB_leaf_damage/2025_09_15_Re4StRes_T1_DSV/IMG_2639.JPG,42.0,1.475809097290039,1.0734132528305054,-0.4023958444595337,40.92658615112305,40.524192810058594,gold_only,46,single_rater_weak
2025_09_15_Re4StRes_T1_DSV/IMG_2640.JPG,plot_8fcd736eda326263efa9,dsv_asendorf_t1_bbch11,/home/nfs/data/nvme_datasets/Pictures_CFSB_leaf_damage/2025_09_15_Re4StRes_T1_DSV/IMG_2640.JPG,45.0,6.877355098724365,6.889660358428955,0.012305098585784435,38.1103401184082,38.12264633178711,gold_only,46,single_rater_weak
2025_09_15_Re4StRes_T1_DSV/IMG_2641.JPG,plot_4e2d6e2c277a5922c74b,dsv_asendorf_t1_bbch11,/home/nfs/data/nvme_datasets/Pictures_CFSB_leaf_damage/2025_09_15_Re4StRes_T1_DSV/IMG_2641.JPG,28.0,1.8573598861694336,1.773985743522644,-0.08337419480085373,26.226015090942383,26.14263916015625,gold_only,46,single_rater_weak
2025_09_15_Re4StRes_T1_DSV/IMG_2642.JPG,plot_4e2d6e2c277a5922c74b,dsv_asendorf_t1_bbch11,/home/nfs/data/nvme_datasets/Pictures_CFSB_leaf_damage/2025_09_15_Re4StRes_T1_DSV/IMG_2642.JPG,2.0,3.0010647773742676,3.1408708095550537,0.1398061364889145,1.1408708095550537,1.0010647773742676,gold_only,46,single_rater_weak
2025_09_15_Re4StRes_T1_DSV/IMG_2643.JPG,plot_4e2d6e2c277a5922c74b,dsv_asendorf_t1_bbch11,/home/nfs/data/nvme_datasets/Pictures_CFSB_leaf_damage/2025_09_15_Re4StRes_T1_DSV/IMG_2643.JPG,3.0,1.5149450302124023,0.998012900352478,-0.5169321298599243,2.0019869804382324,1.4850549697875977,gold_only,46,single_rater_weak
2025_09_15_Re4StRes_T1_DSV/IMG_2644.JPG,plot_7db3d9c8037049d83796,dsv_asendorf_t1_bbch11,/home/nfs/data/nvme_datasets/Pictures_CFSB_leaf_damage/2025_09_15_Re4StRes_T1_DSV/IMG_2644.JPG,1.0,1.4477825164794922,0.9738688468933105,-0.47391366958618164,0.026131153106689453,0.4477825164794922,gold_only,46,single_rater_weak
2025_09_15_Re4StRes_T1_DSV/IMG_2645.JPG,plot_7db3d9c8037049d83796,dsv_asendorf_t1_bbch11,/home/nfs/data/nvme_datasets/Pictures_CFSB_leaf_damage/2025_09_15_Re4StRes_T1_DSV/IMG_2645.JPG,2.0,1.2121801376342773,0.39858657121658325,-0.8135935664176941,1.6014134883880615,0.7878198623657227,gold_only,46,single_rater_weak
2025_09_15_Re4StRes_T1_DSV/IMG_2646.JPG,plot_7db3d9c8037049d83796,dsv_asendorf_t1_bbch11,/home/nfs/data/nvme_datasets/Pictures_CFSB_leaf_damage/2025_09_15_Re4StRes_T1_DSV/IMG_2646.JPG,8.0,2.0018868446350098,1.8561288118362427,-0.1457580327987671,6.143871307373047,5.99811315536499,gold_only,46,single_rater_weak
2025_09_15_Re4StRes_T1_DSV/IMG_2647.JPG,plot_6d60b4e277f2e74cc45f,dsv_asendorf_t1_bbch11,/home/nfs/data/nvme_datasets/Pictures_CFSB_leaf_damage/2025_09_15_Re4StRes_T1_DSV/IMG_2647.JPG,9.0,2.743995189666748,2.238535165786743,-0.5054600834846497,6.761465072631836,6.256004810333252,gold_only,46,single_rater_weak
2025_09_15_Re4StRes_T1_DSV/IMG_2648.JPG,plot_6d60b4e277f2e74cc45f,dsv_asendorf_t1_bbch11,/home/nfs/data/nvme_datasets/Pictures_CFSB_leaf_damage/2025_09_15_Re4StRes_T1_DSV/IMG_2648.JPG,24.0,2.7487869262695312,2.2548184394836426,-0.49396848678588867,21.745182037353516,21.25121307373047,gold_only,46,single_rater_weak
2025_09_15_Re4StRes_T1_DSV/IMG_2649.JPG,plot_6d60b4e277f2e74cc45f,dsv_asendorf_t1_bbch11,/home/nfs/data/nvme_datasets/Pictures_CFSB_leaf_damage/2025_09_15_Re4StRes_T1_DSV/IMG_2649.JPG,3.0,1.8222894668579102,1.0614864826202393,-0.7608029246330261,1.9385135173797607,1.1777105331420898,gold_only,46,single_rater_weak
2025_09_15_Re4StRes_T1_DSV/IMG_2650.JPG,plot_f42d982b26d6135b33d5,dsv_asendorf_t1_bbch11,/home/nfs/data/nvme_datasets/Pictures_CFSB_leaf_damage/2025_09_15_Re4StRes_T1_DSV/IMG_2650.JPG,2.0,1.503964900970459,0.8232531547546387,-0.6807117462158203,1.1767468452453613,0.496035099029541,gold_only,46,single_rater_weak
2025_09_15_Re4StRes_T1_DSV/IMG_2651.JPG,plot_f42d982b26d6135b33d5,dsv_asendorf_t1_bbch11,/home/nfs/data/nvme_datasets/Pictures_CFSB_leaf_damage/2025_09_15_Re4StRes_T1_DSV/IMG_2651.JPG,1.0,0.950202465057373,0.3723909258842468,-0.5778115391731262,0.6276090741157532,0.04979753494262695,gold_only,46,single_rater_weak
2025_09_15_Re4StRes_T1_DSV/IMG_2652.JPG,plot_f42d982b26d6135b33d5,dsv_asendorf_t1_bbch11,/home/nfs/data/nvme_datasets/Pictures_CFSB_leaf_damage/2025_09_15_Re4StRes_T1_DSV/IMG_2652.JPG,13.0,1.5530610084533691,0.9282131195068359,-0.6248478889465332,12.071786880493164,11.446939468383789,gold_only,46,single_rater_weak
2025_09_15_Re4StRes_T1_DSV/IMG_2653.JPG,plot_3b786930378c9a733914,dsv_asendorf_t1_bbch11,/home/nfs/data/nvme_datasets/Pictures_CFSB_leaf_damage/2025_09_15_Re4StRes_T1_DSV/IMG_2653.JPG,11.0,1.3474621772766113,0.9667295813560486,-0.38073259592056274,10.033270835876465,9.652538299560547,gold_only,46,single_rater_weak
2025_09_15_Re4StRes_T1_DSV/IMG_2654.JPG,plot_3b786930378c9a733914,dsv_asendorf_t1_bbch11,/home/nfs/data/nvme_datasets/Pictures_CFSB_leaf_damage/2025_09_15_Re4StRes_T1_DSV/IMG_2654.JPG,7.0,0.8094310760498047,0.3350647985935211,-0.47436627745628357,6.664935111999512,6.190568923950195,gold_only,46,single_rater_weak
2025_09_15_Re4StRes_T1_DSV/IMG_2655.JPG,plot_3b786930378c9a733914,dsv_asendorf_t1_bbch11,/home/nfs/data/nvme_datasets/Pictures_CFSB_leaf_damage/2025_09_15_Re4StRes_T1_DSV/IMG_2655.JPG,8.0,4.934948444366455,4.956835746765137,0.021887201815843582,3.0431642532348633,3.065051555633545,gold_only,46,single_rater_weak
2025_09_15_Re4StRes_T1_DSV/IMG_2656.JPG,plot_be9f8bc4fd001859e553,dsv_asendorf_t1_bbch11,/home/nfs/data/nvme_datasets/Pictures_CFSB_leaf_damage/2025_09_15_Re4StRes_T1_DSV/IMG_2656.JPG,2.0,3.4549028873443604,3.287776470184326,-0.16712632775306702,1.2877764701843262,1.4549028873443604,gold_only,46,single_rater_weak
2025_09_15_Re4StRes_T1_DSV/IMG_2657.JPG,plot_be9f8bc4fd001859e553,dsv_asendorf_t1_bbch11,/home/nfs/data/nvme_datasets/Pictures_CFSB_leaf_damage/2025_09_15_Re4StRes_T1_DSV/IMG_2657.JPG,1.0,5.78933572769165,5.470014572143555,-0.3193211853504181,4.470014572143555,4.78933572769165,gold_only,46,single_rater_weak
2025_09_15_Re4StRes_T1_DSV/IMG_2657_2.JPG,plot_be9f8bc4fd001859e553,dsv_asendorf_t1_bbch11,/home/nfs/data/nvme_datasets/Pictures_CFSB_leaf_damage/2025_09_15_Re4StRes_T1_DSV/IMG_2657_2.JPG,6.0,2.6616783142089844,2.0400986671447754,-0.6215797662734985,3.9599013328552246,3.3383216857910156,gold_only,46,single_rater_weak
2025_09_15_Re4StRes_T1_DSV/IMG_2659.JPG,plot_8f8a0ed1a54d2a6671f4,dsv_asendorf_t1_bbch11,/home/nfs/data/nvme_datasets/Pictures_CFSB_leaf_damage/2025_09_15_Re4StRes_T1_DSV/IMG_2659.JPG,15.0,3.1912713050842285,2.701859474182129,-0.4894118905067444,12.298140525817871,11.80872917175293,gold_only,46,single_rater_weak
2025_09_15_Re4StRes_T1_DSV/IMG_2660.JPG,plot_8f8a0ed1a54d2a6671f4,dsv_asendorf_t1_bbch11,/home/nfs/data/nvme_datasets/Pictures_CFSB_leaf_damage/2025_09_15_Re4StRes_T1_DSV/IMG_2660.JPG,18.0,3.9834651947021484,3.6872644424438477,-0.2962007522583008,14.312735557556152,14.016534805297852,gold_only,46,single_rater_weak
2025_09_15_Re4StRes_T1_DSV/IMG_2661.JPG,plot_8f8a0ed1a54d2a6671f4,dsv_asendorf_t1_bbch11,/home/nfs/data/nvme_datasets/Pictures_CFSB_leaf_damage/2025_09_15_Re4StRes_T1_DSV/IMG_2661.JPG,25.0,3.266641139984131,3.003495693206787,-0.2631455361843109,21.996503829956055,21.73335838317871,gold_only,46,single_rater_weak
2025_09_15_Re4StRes_T1_DSV/IMG_2662.JPG,plot_7dff48577a5b7ced7d39,dsv_asendorf_t1_bbch11,/home/nfs/data/nvme_datasets/Pictures_CFSB_leaf_damage/2025_09_15_Re4StRes_T1_DSV/IMG_2662.JPG,12.0,2.469180107116699,2.4010612964630127,-0.06811872124671936,9.598938941955566,9.5308198928833,gold_only,46,single_rater_weak
2025_09_15_Re4StRes_T1_DSV/IMG_2663.JPG,plot_7dff48577a5b7ced7d39,dsv_asendorf_t1_bbch11,/home/nfs/data/nvme_datasets/Pictures_CFSB_leaf_damage/2025_09_15_Re4StRes_T1_DSV/IMG_2663.JPG,38.0,4.252421855926514,4.173257350921631,-0.07916457951068878,33.826744079589844,33.74757766723633,gold_only,46,single_rater_weak
2025_09_15_Re4StRes_T1_DSV/IMG_2664.JPG,plot_7dff48577a5b7ced7d39,dsv_asendorf_t1_bbch11,/home/nfs/data/nvme_datasets/Pictures_CFSB_leaf_damage/2025_09_15_Re4StRes_T1_DSV/IMG_2664.JPG,15.0,6.236867904663086,5.890789985656738,-0.3460777997970581,9.109210014343262,8.763132095336914,gold_only,46,single_rater_weak
2025_09_15_Re4StRes_T1_DSV/IMG_2665.JPG,plot_fa485d2f45bfc9148558,dsv_asendorf_t1_bbch11,/home/nfs/data/nvme_datasets/Pictures_CFSB_leaf_damage/2025_09_15_Re4StRes_T1_DSV/IMG_2665.JPG,45.0,4.744265556335449,4.817061424255371,0.07279597222805023,40.18293762207031,40.255733489990234,gold_only,46,single_rater_weak
2025_09_15_Re4StRes_T1_DSV/IMG_2666.JPG,plot_fa485d2f45bfc9148558,dsv_asendorf_t1_bbch11,/home/nfs/data/nvme_datasets/Pictures_CFSB_leaf_damage/2025_09_15_Re4StRes_T1_DSV/IMG_2666.JPG,40.0,1.7689547538757324,1.8507912158966064,0.08183640241622925,38.149208068847656,38.23104476928711,gold_only,46,single_rater_weak
2025_09_15_Re4StRes_T1_DSV/IMG_2667.JPG,plot_fa485d2f45bfc9148558,dsv_asendorf_t1_bbch11,/home/nfs/data/nvme_datasets/Pictures_CFSB_leaf_damage/2025_09_15_Re4StRes_T1_DSV/IMG_2667.JPG,10.0,0.522585391998291,0.47112560272216797,-0.051459796726703644,9.528874397277832,9.477415084838867,gold_only,46,single_rater_weak
2025_09_15_Re4StRes_T1_DSV/IMG_2668.JPG,plot_fda0b4cafe14bb4573e3,dsv_asendorf_t1_bbch11,/home/nfs/data/nvme_datasets/Pictures_CFSB_leaf_damage/2025_09_15_Re4StRes_T1_DSV/IMG_2668.JPG,42.0,4.149078845977783,4.488374710083008,0.33929580450057983,37.511627197265625,37.850921630859375,gold_only,46,single_rater_weak
2025_09_15_Re4StRes_T1_DSV/IMG_2669.JPG,plot_fda0b4cafe14bb4573e3,dsv_asendorf_t1_bbch11,/home/nfs/data/nvme_datasets/Pictures_CFSB_leaf_damage/2025_09_15_Re4StRes_T1_DSV/IMG_2669.JPG,40.0,0.3922123908996582,0.319085031747818,-0.0731273666024208,39.68091583251953,39.6077880859375,gold_only,46,single_rater_weak
2025_09_15_Re4StRes_T1_DSV/IMG_2670.JPG,plot_fda0b4cafe14bb4573e3,dsv_asendorf_t1_bbch11,/home/nfs/data/nvme_datasets/Pictures_CFSB_leaf_damage/2025_09_15_Re4StRes_T1_DSV/IMG_2670.JPG,30.0,0.14708805084228516,-0.1561916470527649,-0.30327969789505005,30.156190872192383,29.85291290283203,gold_only,46,single_rater_weak
2025_09_15_Re4StRes_T1_DSV/IMG_2671.JPG,plot_875009e20325d359d8c9,dsv_asendorf_t1_bbch11,/home/nfs/data/nvme_datasets/Pictures_CFSB_leaf_damage/2025_09_15_Re4StRes_T1_DSV/IMG_2671.JPG,8.0,4.169244289398193,4.408604145050049,0.2393600195646286,3.591395854949951,3.8307557106018066,gold_only,46,single_rater_weak
2025_09_15_Re4StRes_T1_DSV/IMG_2672.JPG,plot_875009e20325d359d8c9,dsv_asendorf_t1_bbch11,/home/nfs/data/nvme_datasets/Pictures_CFSB_leaf_damage/2025_09_15_Re4StRes_T1_DSV/IMG_2672.JPG,30.0,1.624943733215332,1.4117405414581299,-0.21320319175720215,28.588258743286133,28.375057220458984,gold_only,46,single_rater_weak
2025_09_15_Re4StRes_T1_DSV/IMG_2673.JPG,plot_875009e20325d359d8c9,dsv_asendorf_t1_bbch11,/home/nfs/data/nvme_datasets/Pictures_CFSB_leaf_damage/2025_09_15_Re4StRes_T1_DSV/IMG_2673.JPG,3.0,1.271561622619629,0.7824811339378357,-0.4890804886817932,2.2175188064575195,1.728438377380371,gold_only,46,single_rater_weak
2025_09_15_Re4StRes_T1_DSV/IMG_2674.JPG,plot_04022cc1273501af6aaa,dsv_asendorf_t1_bbch11,/home/nfs/data/nvme_datasets/Pictures_CFSB_leaf_damage/2025_09_15_Re4StRes_T1_DSV/IMG_2674.JPG,1.0,1.123143196105957,0.6970970630645752,-0.42604613304138184,0.3029029369354248,0.12314319610595703,gold_only,46,single_rater_weak
2025_09_15_Re4StRes_T1_DSV/IMG_2675.JPG,plot_04022cc1273501af6aaa,dsv_asendorf_t1_bbch11,/home/nfs/data/nvme_datasets/Pictures_CFSB_leaf_damage/2025_09_15_Re4StRes_T1_DSV/IMG_2675.JPG,1.0,0.8923687934875488,0.33937060832977295,-0.5529981851577759,0.660629391670227,0.10763120651245117,gold_only,46,single_rater_weak
2025_09_15_Re4StRes_T1_DSV/IMG_2676.JPG,plot_04022cc1273501af6aaa,dsv_asendorf_t1_bbch11,/home/nfs/data/nvme_datasets/Pictures_CFSB_leaf_damage/2025_09_15_Re4StRes_T1_DSV/IMG_2676.JPG,3.0,1.532209873199463,1.0005005598068237,-0.5317093133926392,1.9994994401931763,1.467790126800537,gold_only,46,single_rater_weak
2025_09_15_Re4StRes_T1_DSV/IMG_2677.JPG,plot_5f15397b7bb54891ab9b,dsv_asendorf_t1_bbch11,/home/nfs/data/nvme_datasets/Pictures_CFSB_leaf_damage/2025_09_15_Re4StRes_T1_DSV/IMG_2677.JPG,1.0,0.7867822647094727,-0.16073280572891235,-0.947515070438385,1.1607327461242676,0.21321773529052734,gold_only,46,single_rater_weak
2025_09_15_Re4StRes_T1_DSV/IMG_2678.JPG,plot_5f15397b7bb54891ab9b,dsv_asendorf_t1_bbch11,/home/nfs/data/nvme_datasets/Pictures_CFSB_leaf_damage/2025_09_15_Re4StRes_T1_DSV/IMG_2678.JPG,1.0,0.7090034484863281,0.297757089138031,-0.4112463593482971,0.702242910861969,0.2909965515136719,gold_only,46,single_rater_weak
2025_09_15_Re4StRes_T1_DSV/IMG_2679.JPG,plot_5f15397b7bb54891ab9b,dsv_asendorf_t1_bbch11,/home/nfs/data/nvme_datasets/Pictures_CFSB_leaf_damage/2025_09_15_Re4StRes_T1_DSV/IMG_2679.JPG,1.0,0.8307466506958008,0.11070758104324341,-0.7200390696525574,0.8892924189567566,0.16925334930419922,gold_only,46,single_rater_weak
2025_09_15_Re4StRes_T1_DSV/IMG_2680.JPG,plot_a2e507dd1a5b46dd448b,dsv_asendorf_t1_bbch11,/home/nfs/data/nvme_datasets/Pictures_CFSB_leaf_damage/2025_09_15_Re4StRes_T1_DSV/IMG_2680.JPG,7.0,1.3360424041748047,0.4929380416870117,-0.843104362487793,6.507061958312988,5.663957595825195,gold_only,46,single_rater_weak
2025_09_15_Re4StRes_T1_DSV/IMG_2681.JPG,plot_a2e507dd1a5b46dd448b,dsv_asendorf_t1_bbch11,/home/nfs/data/nvme_datasets/Pictures_CFSB_leaf_damage/2025_09_15_Re4StRes_T1_DSV/IMG_2681.JPG,5.0,0.7139291763305664,-0.3277798891067505,-1.041709065437317,5.327779769897461,4.286070823669434,gold_only,46,single_rater_weak
2025_09_15_Re4StRes_T1_DSV/IMG_2682.JPG,plot_a2e507dd1a5b46dd448b,dsv_asendorf_t1_bbch11,/home/nfs/data/nvme_datasets/Pictures_CFSB_leaf_damage/2025_09_15_Re4StRes_T1_DSV/IMG_2682.JPG,3.0,0.20037508010864258,-0.819740891456604,-1.0201159715652466,3.8197407722473145,2.7996249198913574,gold_only,46,single_rater_weak
2025_09_15_Re4StRes_T1_DSV/IMG_2683.JPG,plot_294ecb4c0cc0415b63ba,dsv_asendorf_t1_bbch11,/home/nfs/data/nvme_datasets/Pictures_CFSB_leaf_damage/2025_09_15_Re4StRes_T1_DSV/IMG_2683.JPG,2.0,1.1573424339294434,0.6967588663101196,-0.4605835974216461,1.3032411336898804,0.8426575660705566,gold_only,46,single_rater_weak
2025_09_15_Re4StRes_T1_DSV/IMG_2683_2.JPG,plot_294ecb4c0cc0415b63ba,dsv_asendorf_t1_bbch11,/home/nfs/data/nvme_datasets/Pictures_CFSB_leaf_damage/2025_09_15_Re4StRes_T1_DSV/IMG_2683_2.JPG,5.0,0.9989166259765625,1.049899697303772,0.05098307505249977,3.9501004219055176,4.0010833740234375,gold_only,46,single_rater_weak
2025_09_15_Re4StRes_T1_DSV/IMG_2684.JPG,plot_294ecb4c0cc0415b63ba,dsv_asendorf_t1_bbch11,/home/nfs/data/nvme_datasets/Pictures_CFSB_leaf_damage/2025_09_15_Re4StRes_T1_DSV/IMG_2684.JPG,7.0,0.753899097442627,0.1799178123474121,-0.5739812850952148,6.820082187652588,6.246100902557373,gold_only,46,single_rater_weak
2025_09_15_Re4StRes_T1_DSV/IMG_2686.JPG,plot_423b961101cdbd0d5304,dsv_asendorf_t1_bbch11,/home/nfs/data/nvme_datasets/Pictures_CFSB_leaf_damage/2025_09_15_Re4StRes_T1_DSV/IMG_2686.JPG,1.0,0.8004045486450195,0.15301525592803955,-0.64738929271698,0.8469847440719604,0.19959545135498047,gold_only,46,single_rater_weak
2025_09_15_Re4StRes_T1_DSV/IMG_2687.JPG,plot_423b961101cdbd0d5304,dsv_asendorf_t1_bbch11,/home/nfs/data/nvme_datasets/Pictures_CFSB_leaf_damage/2025_09_15_Re4StRes_T1_DSV/IMG_2687.JPG,1.0,0.876563549041748,0.08254754543304443,-0.7940160036087036,0.9174524545669556,0.12343645095825195,gold_only,46,single_rater_weak
2025_09_15_Re4StRes_T1_DSV/IMG_2688.JPG,plot_423b961101cdbd0d5304,dsv_asendorf_t1_bbch11,/home/nfs/data/nvme_datasets/Pictures_CFSB_leaf_damage/2025_09_15_Re4StRes_T1_DSV/IMG_2688.JPG,1.0,0.7838592529296875,0.32263725996017456,-0.46122199296951294,0.6773627400398254,0.2161407470703125,gold_only,46,single_rater_weak
2025_09_15_Re4StRes_T1_DSV/IMG_2689.JPG,plot_dd04b204b1bcb3a5725e,dsv_asendorf_t1_bbch11,/home/nfs/data/nvme_datasets/Pictures_CFSB_leaf_damage/2025_09_15_Re4StRes_T1_DSV/IMG_2689.JPG,1.0,5.0384955406188965,4.722611427307129,-0.3158840239048004,3.722611427307129,4.0384955406188965,gold_only,46,single_rater_weak
2025_09_15_Re4StRes_T1_DSV/IMG_2690.JPG,plot_dd04b204b1bcb3a5725e,dsv_asendorf_t1_bbch11,/home/nfs/data/nvme_datasets/Pictures_CFSB_leaf_damage/2025_09_15_Re4StRes_T1_DSV/IMG_2690.JPG,2.0,1.8211565017700195,1.226104497909546,-0.5950520038604736,0.7738955020904541,0.17884349822998047,gold_only,46,single_rater_weak
2025_09_15_Re4StRes_T1_DSV/IMG_2691.JPG,plot_dd04b204b1bcb3a5725e,dsv_asendorf_t1_bbch11,/home/nfs/data/nvme_datasets/Pictures_CFSB_leaf_damage/2025_09_15_Re4StRes_T1_DSV/IMG_2691.JPG,1.0,1.2767033576965332,0.5482079386711121,-0.7284954190254211,0.45179206132888794,0.2767033576965332,gold_only,46,single_rater_weak
2025_09_15_Re4StRes_T1_DSV/IMG_2692.JPG,plot_ee34702f16a23139878d,dsv_asendorf_t1_bbch11,/home/nfs/data/nvme_datasets/Pictures_CFSB_leaf_damage/2025_09_15_Re4StRes_T1_DSV/IMG_2692.JPG,20.0,2.2843546867370605,2.1422691345214844,-0.14208556711673737,17.857730865478516,17.71564483642578,gold_only,46,single_rater_weak
2025_09_15_Re4StRes_T1_DSV/IMG_2693.JPG,plot_ee34702f16a23139878d,dsv_asendorf_t1_bbch11,/home/nfs/data/nvme_datasets/Pictures_CFSB_leaf_damage/2025_09_15_Re4StRes_T1_DSV/IMG_2693.JPG,9.0,1.1694765090942383,0.7313330173492432,-0.4381434917449951,8.268667221069336,7.830523490905762,gold_only,46,single_rater_weak
2025_09_15_Re4StRes_T1_DSV/IMG_2694.JPG,plot_ee34702f16a23139878d,dsv_asendorf_t1_bbch11,/home/nfs/data/nvme_datasets/Pictures_CFSB_leaf_damage/2025_09_15_Re4StRes_T1_DSV/IMG_2694.JPG,1.0,1.1359987258911133,0.7120521068572998,-0.42394664883613586,0.2879478931427002,0.13599872589111328,gold_only,46,single_rater_weak
2025_09_15_Re4StRes_T1_DSV/IMG_2695.JPG,plot_ec431a420c01c755bc8f,dsv_asendorf_t1_bbch11,/home/nfs/data/nvme_datasets/Pictures_CFSB_leaf_damage/2025_09_15_Re4StRes_T1_DSV/IMG_2695.JPG,1.0,0.43314409255981445,-0.5503183007240295,-0.983462393283844,1.5503182411193848,0.5668559074401855,gold_only,46,single_rater_weak
2025_09_15_Re4StRes_T1_DSV/IMG_2696.JPG,plot_ec431a420c01c755bc8f,dsv_asendorf_t1_bbch11,/home/nfs/data/nvme_datasets/Pictures_CFSB_leaf_damage/2025_09_15_Re4StRes_T1_DSV/IMG_2696.JPG,2.0,0.529085636138916,0.10129737854003906,-0.42778825759887695,1.898702621459961,1.470914363861084,gold_only,46,single_rater_weak
2025_09_15_Re4StRes_T1_DSV/IMG_2697.JPG,plot_ec431a420c01c755bc8f,dsv_asendorf_t1_bbch11,/home/nfs/data/nvme_datasets/Pictures_CFSB_leaf_damage/2025_09_15_Re4StRes_T1_DSV/IMG_2697.JPG,1.0,0.38968992233276367,-0.15215718746185303,-0.5418471097946167,1.152157187461853,0.6103100776672363,gold_only,46,single_rater_weak
2025_09_15_Re4StRes_T1_DSV/IMG_2698.JPG,plot_988fee0f83b74284189c,dsv_asendorf_t1_bbch11,/home/nfs/data/nvme_datasets/Pictures_CFSB_leaf_damage/2025_09_15_Re4StRes_T1_DSV/IMG_2698.JPG,7.0,0.21980857849121094,-0.11196738481521606,-0.331775963306427,7.11196756362915,6.780191421508789,gold_only,46,single_rater_weak
2025_09_15_Re4StRes_T1_DSV/IMG_2699.JPG,plot_988fee0f83b74284189c,dsv_asendorf_t1_bbch11,/home/nfs/data/nvme_datasets/Pictures_CFSB_leaf_damage/2025_09_15_Re4StRes_T1_DSV/IMG_2699.JPG,10.0,2.251718044281006,2.244905710220337,-0.006812327075749636,7.755094528198242,7.748281955718994,gold_only,46,single_rater_weak
2025_09_15_Re4StRes_T1_DSV/IMG_2700.JPG,plot_988fee0f83b74284189c,dsv_asendorf_t1_bbch11,/home/nfs/data/nvme_datasets/Pictures_CFSB_leaf_damage/2025_09_15_Re4StRes_T1_DSV/IMG_2700.JPG,32.0,1.1430516242980957,0.8938323259353638,-0.24921929836273193,31.10616683959961,30.856948852539062,gold_only,46,single_rater_weak
2025_09_15_Re4StRes_T1_DSV/IMG_2701.JPG,plot_9eb00a9bc11de06488a0,dsv_asendorf_t1_bbch11,/home/nfs/data/nvme_datasets/Pictures_CFSB_leaf_damage/2025_09_15_Re4StRes_T1_DSV/IMG_2701.JPG,11.0,1.0356526374816895,0.38762348890304565,-0.6480291485786438,10.61237621307373,9.964347839355469,gold_only,46,single_rater_weak
2025_09_15_Re4StRes_T1_DSV/IMG_2702.JPG,plot_9eb00a9bc11de06488a0,dsv_asendorf_t1_bbch11,/home/nfs/data/nvme_datasets/Pictures_CFSB_leaf_damage/2025_09_15_Re4StRes_T1_DSV/IMG_2702.JPG,1.0,1.8165416717529297,1.1348378658294678,-0.6817037463188171,0.13483786582946777,0.8165416717529297,gold_only,46,single_rater_weak
2025_09_15_Re4StRes_T1_DSV/IMG_2703.JPG,plot_9eb00a9bc11de06488a0,dsv_asendorf_t1_bbch11,/home/nfs/data/nvme_datasets/Pictures_CFSB_leaf_damage/2025_09_15_Re4StRes_T1_DSV/IMG_2703.JPG,24.0,2.748602867126465,2.159615993499756,-0.5889867544174194,21.840383529663086,21.25139617919922,gold_only,46,single_rater_weak
2025_09_15_Re4StRes_T1_DSV/IMG_2704.JPG,plot_067d70ac047c7beabc7b,dsv_asendorf_t1_bbch11,/home/nfs/data/nvme_datasets/Pictures_CFSB_leaf_damage/2025_09_15_Re4StRes_T1_DSV/IMG_2704.JPG,1.0,1.2136597633361816,1.0412806272506714,-0.17237915098667145,0.04128062725067139,0.21365976333618164,gold_only,46,single_rater_weak
2025_09_15_Re4StRes_T1_DSV/IMG_2705.JPG,plot_067d70ac047c7beabc7b,dsv_asendorf_t1_bbch11,/home/nfs/data/nvme_datasets/Pictures_CFSB_leaf_damage/2025_09_15_Re4StRes_T1_DSV/IMG_2705.JPG,2.0,0.5136270523071289,0.22115328907966614,-0.29247376322746277,1.7788467407226562,1.486372947692871,gold_only,46,single_rater_weak
2025_09_15_Re4StRes_T1_DSV/IMG_2706.JPG,plot_067d70ac047c7beabc7b,dsv_asendorf_t1_bbch11,/home/nfs/data/nvme_datasets/Pictures_CFSB_leaf_damage/2025_09_15_Re4StRes_T1_DSV/IMG_2706.JPG,1.0,-0.095489501953125,-0.5648462772369385,-0.4693567454814911,1.5648462772369385,1.095489501953125,gold_only,46,single_rater_weak
2025_09_15_Re4StRes_T1_DSV/IMG_2707.JPG,plot_a634cafe461a956c2d81,dsv_asendorf_t1_bbch11,/home/nfs/data/nvme_datasets/Pictures_CFSB_leaf_damage/2025_09_15_Re4StRes_T1_DSV/IMG_2707.JPG,4.0,3.4705843925476074,2.9781455993652344,-0.4924387037754059,1.0218544006347656,0.5294156074523926,gold_only,46,single_rater_weak
2025_09_15_Re4StRes_T1_DSV/IMG_2708.JPG,plot_a634cafe461a956c2d81,dsv_asendorf_t1_bbch11,/home/nfs/data/nvme_datasets/Pictures_CFSB_leaf_damage/2025_09_15_Re4StRes_T1_DSV/IMG_2708.JPG,2.0,-0.23987340927124023,-0.6762680411338806,-0.4363946318626404,2.6762681007385254,2.2398734092712402,gold_only,46,single_rater_weak
2025_09_15_Re4StRes_T1_DSV/IMG_2709.JPG,plot_a634cafe461a956c2d81,dsv_asendorf_t1_bbch11,/home/nfs/data/nvme_datasets/Pictures_CFSB_leaf_damage/2025_09_15_Re4StRes_T1_DSV/IMG_2709.JPG,4.0,0.7403650283813477,0.1107325553894043,-0.6296324729919434,3.8892674446105957,3.2596349716186523,gold_only,46,single_rater_weak
2025_09_15_Re4StRes_T1_DSV/IMG_2710.JPG,plot_3b886b3e202d4072bdd2,dsv_asendorf_t1_bbch11,/home/nfs/data/nvme_datasets/Pictures_CFSB_leaf_damage/2025_09_15_Re4StRes_T1_DSV/IMG_2710.JPG,2.0,2.49261474609375,1.3990426063537598,-1.0935721397399902,0.6009573936462402,0.49261474609375,gold_only,46,single_rater_weak
2025_09_15_Re4StRes_T1_DSV/IMG_2711.JPG,plot_3b886b3e202d4072bdd2,dsv_asendorf_t1_bbch11,/home/nfs/data/nvme_datasets/Pictures_CFSB_leaf_damage/2025_09_15_Re4StRes_T1_DSV/IMG_2711.JPG,2.0,2.479586124420166,1.9426274299621582,-0.536958634853363,0.0573725700378418,0.479586124420166,gold_only,46,single_rater_weak
2025_09_15_Re4StRes_T1_DSV/IMG_2712.JPG,plot_3b886b3e202d4072bdd2,dsv_asendorf_t1_bbch11,/home/nfs/data/nvme_datasets/Pictures_CFSB_leaf_damage/2025_09_15_Re4StRes_T1_DSV/IMG_2712.JPG,3.0,3.5250449180603027,2.909390687942505,-0.6156542301177979,0.09060931205749512,0.5250449180603027,gold_only,46,single_rater_weak
2025_09_15_Re4StRes_T1_DSV/IMG_2713.JPG,plot_07c97a5e3a44ad63a809,dsv_asendorf_t1_bbch11,/home/nfs/data/nvme_datasets/Pictures_CFSB_leaf_damage/2025_09_15_Re4StRes_T1_DSV/IMG_2713.JPG,3.0,5.25924015045166,5.02810525894165,-0.2311348021030426,2.0281052589416504,2.25924015045166,gold_only,46,single_rater_weak
2025_09_15_Re4StRes_T1_DSV/IMG_2714.JPG,plot_07c97a5e3a44ad63a809,dsv_asendorf_t1_bbch11,/home/nfs/data/nvme_datasets/Pictures_CFSB_leaf_damage/2025_09_15_Re4StRes_T1_DSV/IMG_2714.JPG,4.0,3.5039615631103516,2.849958896636963,-0.6540025472640991,1.150041103363037,0.49603843688964844,gold_only,46,single_rater_weak
2025_09_15_Re4StRes_T1_DSV/IMG_2715.JPG,plot_07c97a5e3a44ad63a809,dsv_asendorf_t1_bbch11,/home/nfs/data/nvme_datasets/Pictures_CFSB_leaf_damage/2025_09_15_Re4StRes_T1_DSV/IMG_2715.JPG,7.0,6.875071048736572,6.1233954429626465,-0.7516756057739258,0.8766045570373535,0.12492895126342773,gold_only,46,single_rater_weak
2025_09_15_Re4StRes_T1_DSV/IMG_2716.JPG,plot_53faa98749b09bdbbe6a,dsv_asendorf_t1_bbch11,/home/nfs/data/nvme_datasets/Pictures_CFSB_leaf_damage/2025_09_15_Re4StRes_T1_DSV/IMG_2716.JPG,2.0,1.6950068473815918,0.9546149373054504,-0.7403919100761414,1.0453851222991943,0.3049931526184082,gold_only,46,single_rater_weak
2025_09_15_Re4StRes_T1_DSV/IMG_2717.JPG,plot_53faa98749b09bdbbe6a,dsv_asendorf_t1_bbch11,/home/nfs/data/nvme_datasets/Pictures_CFSB_leaf_damage/2025_09_15_Re4StRes_T1_DSV/IMG_2717.JPG,9.0,3.3507137298583984,2.7846012115478516,-0.5661124587059021,6.215398788452148,5.649286270141602,gold_only,46,single_rater_weak
2025_09_15_Re4StRes_T1_DSV/IMG_2718.JPG,plot_53faa98749b09bdbbe6a,dsv_asendorf_t1_bbch11,/home/nfs/data/nvme_datasets/Pictures_CFSB_leaf_damage/2025_09_15_Re4StRes_T1_DSV/IMG_2718.JPG,15.0,5.557132244110107,4.879278659820557,-0.6778534650802612,10.120721817016602,9.442867279052734,gold_only,46,single_rater_weak
2025_09_15_Re4StRes_T1_DSV/IMG_2719.JPG,plot_a5ea2e8d1388b1eeddc1,dsv_asendorf_t1_bbch11,/home/nfs/data/nvme_datasets/Pictures_CFSB_leaf_damage/2025_09_15_Re4StRes_T1_DSV/IMG_2719.JPG,29.0,1.4305477142333984,1.4490303993225098,0.018482696264982224,27.55097007751465,27.5694522857666,gold_only,46,single_rater_weak
2025_09_15_Re4StRes_T1_DSV/IMG_2720.JPG,plot_a5ea2e8d1388b1eeddc1,dsv_asendorf_t1_bbch11,/home/nfs/data/nvme_datasets/Pictures_CFSB_leaf_damage/2025_09_15_Re4StRes_T1_DSV/IMG_2720.JPG,14.0,1.9809951782226562,1.652694582939148,-0.3283005952835083,12.347305297851562,12.019004821777344,gold_only,46,single_rater_weak
2025_09_15_Re4StRes_T1_DSV/IMG_2721.JPG,plot_a5ea2e8d1388b1eeddc1,dsv_asendorf_t1_bbch11,/home/nfs/data/nvme_datasets/Pictures_CFSB_leaf_damage/2025_09_15_Re4StRes_T1_DSV/IMG_2721.JPG,20.0,1.0791034698486328,1.2508618831634521,0.17175838351249695,18.74913787841797,18.920896530151367,gold_only,46,single_rater_weak
2025_09_15_Re4StRes_T1_DSV/IMG_2722.JPG,plot_4d7cf47fcb2fb6abd413,dsv_asendorf_t1_bbch11,/home/nfs/data/nvme_datasets/Pictures_CFSB_leaf_damage/2025_09_15_Re4StRes_T1_DSV/IMG_2722.JPG,3.0,1.419055461883545,0.8714706897735596,-0.5475847721099854,2.1285293102264404,1.580944538116455,gold_only,46,single_rater_weak
2025_09_15_Re4StRes_T1_DSV/IMG_2723.JPG,plot_4d7cf47fcb2fb6abd413,dsv_asendorf_t1_bbch11,/home/nfs/data/nvme_datasets/Pictures_CFSB_leaf_damage/2025_09_15_Re4StRes_T1_DSV/IMG_2723.JPG,1.0,1.176459789276123,0.8608090281486511,-0.3156507611274719,0.13919097185134888,0.17645978927612305,gold_only,46,single_rater_weak
2025_09_15_Re4StRes_T1_DSV/IMG_2724.JPG,plot_4d7cf47fcb2fb6abd413,dsv_asendorf_t1_bbch11,/home/nfs/data/nvme_datasets/Pictures_CFSB_leaf_damage/2025_09_15_Re4StRes_T1_DSV/IMG_2724.JPG,1.0,0.8228054046630859,0.5213000774383545,-0.30150535702705383,0.4786999225616455,0.17719459533691406,gold_only,46,single_rater_weak
2025_09_15_Re4StRes_T1_DSV/IMG_2725.JPG,plot_4b6225fbc993b063f5b7,dsv_asendorf_t1_bbch11,/home/nfs/data/nvme_datasets/Pictures_CFSB_leaf_damage/2025_09_15_Re4StRes_T1_DSV/IMG_2725.JPG,2.0,2.293792247772217,2.318931818008423,0.025139495730400085,0.31893181800842285,0.2937922477722168,gold_only,46,single_rater_weak
2025_09_15_Re4StRes_T1_DSV/IMG_2726.JPG,plot_4b6225fbc993b063f5b7,dsv_asendorf_t1_bbch11,/home/nfs/data/nvme_datasets/Pictures_CFSB_leaf_damage/2025_09_15_Re4StRes_T1_DSV/IMG_2726.JPG,8.0,3.2821569442749023,3.0689423084259033,-0.21321459114551544,4.931057929992676,4.717843055725098,gold_only,46,single_rater_weak
2025_09_15_Re4StRes_T1_DSV/IMG_2727.JPG,plot_4b6225fbc993b063f5b7,dsv_asendorf_t1_bbch11,/home/nfs/data/nvme_datasets/Pictures_CFSB_leaf_damage/2025_09_15_Re4StRes_T1_DSV/IMG_2727.JPG,2.0,3.301485538482666,2.9759583473205566,-0.3255271315574646,0.9759583473205566,1.301485538482666,gold_only,46,single_rater_weak
2025_09_15_Re4StRes_T1_DSV/IMG_2728.JPG,plot_d49e9b4578f7759ad81d,dsv_asendorf_t1_bbch11,/home/nfs/data/nvme_datasets/Pictures_CFSB_leaf_damage/2025_09_15_Re4StRes_T1_DSV/IMG_2728.JPG,1.0,0.7131671905517578,0.06088799238204956,-0.6522791981697083,0.9391120076179504,0.2868328094482422,gold_only,46,single_rater_weak
2025_09_15_Re4StRes_T1_DSV/IMG_2729.JPG,plot_d49e9b4578f7759ad81d,dsv_asendorf_t1_bbch11,/home/nfs/data/nvme_datasets/Pictures_CFSB_leaf_damage/2025_09_15_Re4StRes_T1_DSV/IMG_2729.JPG,2.0,2.3623266220092773,1.429344892501831,-0.9329816699028015,0.570655107498169,0.36232662200927734,gold_only,46,single_rater_weak
2025_09_15_Re4StRes_T1_DSV/IMG_2730.JPG,plot_d49e9b4578f7759ad81d,dsv_asendorf_t1_bbch11,/home/nfs/data/nvme_datasets/Pictures_CFSB_leaf_damage/2025_09_15_Re4StRes_T1_DSV/IMG_2730.JPG,2.0,2.176830768585205,1.7507089376449585,-0.4261218309402466,0.2492910623550415,0.17683076858520508,gold_only,46,single_rater_weak
2025_09_15_Re4StRes_T1_DSV/IMG_2731.JPG,plot_b8c2240b7f830c371fd1,dsv_asendorf_t1_bbch11,/home/nfs/data/nvme_datasets/Pictures_CFSB_leaf_damage/2025_09_15_Re4StRes_T1_DSV/IMG_2731.JPG,6.0,6.421927452087402,5.844590187072754,-0.5773372054100037,0.1554098129272461,0.42192745208740234,gold_only,46,single_rater_weak
2025_09_15_Re4StRes_T1_DSV/IMG_2732.JPG,plot_b8c2240b7f830c371fd1,dsv_asendorf_t1_bbch11,/home/nfs/data/nvme_datasets/Pictures_CFSB_leaf_damage/2025_09_15_Re4StRes_T1_DSV/IMG_2732.JPG,1.0,2.8505711555480957,2.070969581604004,-0.7796015739440918,1.070969581604004,1.8505711555480957,gold_only,46,single_rater_weak
2025_09_15_Re4StRes_T1_DSV/IMG_2733.JPG,plot_b8c2240b7f830c371fd1,dsv_asendorf_t1_bbch11,/home/nfs/data/nvme_datasets/Pictures_CFSB_leaf_damage/2025_09_15_Re4StRes_T1_DSV/IMG_2733.JPG,4.0,4.218050003051758,3.8300764560699463,-0.38797348737716675,0.1699235439300537,0.2180500030517578,gold_only,46,single_rater_weak
2025_09_15_Re4StRes_T1_DSV/IMG_2734.JPG,plot_01b5efb889367fd80c37,dsv_asendorf_t1_bbch11,/home/nfs/data/nvme_datasets/Pictures_CFSB_leaf_damage/2025_09_15_Re4StRes_T1_DSV/IMG_2734.JPG,2.0,1.3491301536560059,0.5728312134742737,-0.7762989401817322,1.427168846130371,0.6508698463439941,gold_only,46,single_rater_weak
2025_09_15_Re4StRes_T1_DSV/IMG_2735.JPG,plot_01b5efb889367fd80c37,dsv_asendorf_t1_bbch11,/home/nfs/data/nvme_datasets/Pictures_CFSB_leaf_damage/2025_09_15_Re4StRes_T1_DSV/IMG_2735.JPG,1.0,0.8087453842163086,0.4800046384334564,-0.3287407457828522,0.5199953317642212,0.1912546157836914,gold_only,46,single_rater_weak
2025_09_15_Re4StRes_T1_DSV/IMG_2736.JPG,plot_01b5efb889367fd80c37,dsv_asendorf_t1_bbch11,/home/nfs/data/nvme_datasets/Pictures_CFSB_leaf_damage/2025_09_15_Re4StRes_T1_DSV/IMG_2736.JPG,3.0,2.5241403579711914,1.8576076030731201,-0.6665328145027161,1.1423923969268799,0.4758596420288086,gold_only,46,single_rater_weak
2025_09_15_Re4StRes_T1_DSV/IMG_2737.JPG,plot_12108390b536c4fafa2e,dsv_asendorf_t1_bbch11,/home/nfs/data/nvme_datasets/Pictures_CFSB_leaf_damage/2025_09_15_Re4StRes_T1_DSV/IMG_2737.JPG,2.0,-0.07177066802978516,-0.44001248478889465,-0.3682418167591095,2.4400124549865723,2.071770668029785,gold_only,46,single_rater_weak
2025_09_15_Re4StRes_T1_DSV/IMG_2738.JPG,plot_12108390b536c4fafa2e,dsv_asendorf_t1_bbch11,/home/nfs/data/nvme_datasets/Pictures_CFSB_leaf_damage/2025_09_15_Re4StRes_T1_DSV/IMG_2738.JPG,5.0,3.5455636978149414,3.6180949211120605,0.07253128290176392,1.3819050788879395,1.4544363021850586,gold_only,46,single_rater_weak
2025_09_15_Re4StRes_T1_DSV/IMG_2739.JPG,plot_12108390b536c4fafa2e,dsv_asendorf_t1_bbch11,/home/nfs/data/nvme_datasets/Pictures_CFSB_leaf_damage/2025_09_15_Re4StRes_T1_DSV/IMG_2739.JPG,20.0,0.8885278701782227,0.1840672492980957,-0.704460620880127,19.815933227539062,19.111473083496094,gold_only,46,single_rater_weak
2025_09_15_Re4StRes_T1_DSV/IMG_2740.JPG,plot_ae063f69796c01a65a5c,dsv_asendorf_t1_bbch11,/home/nfs/data/nvme_datasets/Pictures_CFSB_leaf_damage/2025_09_15_Re4StRes_T1_DSV/IMG_2740.JPG,17.0,0.9403643608093262,0.09948432445526123,-0.8408800363540649,16.900516510009766,16.059635162353516,gold_only,46,single_rater_weak
2025_09_15_Re4StRes_T1_DSV/IMG_2741.JPG,plot_ae063f69796c01a65a5c,dsv_asendorf_t1_bbch11,/home/nfs/data/nvme_datasets/Pictures_CFSB_leaf_damage/2025_09_15_Re4StRes_T1_DSV/IMG_2741.JPG,6.0,0.6707048416137695,0.10765355825424194,-0.5630512833595276,5.892346382141113,5.3292951583862305,gold_only,46,single_rater_weak
2025_09_15_Re4StRes_T1_DSV/IMG_2742.JPG,plot_ae063f69796c01a65a5c,dsv_asendorf_t1_bbch11,/home/nfs/data/nvme_datasets/Pictures_CFSB_leaf_damage/2025_09_15_Re4StRes_T1_DSV/IMG_2742.JPG,2.0,0.9635934829711914,0.7927037477493286,-0.1708897203207016,1.2072962522506714,1.0364065170288086,gold_only,46,single_rater_weak
2025_09_15_Re4StRes_T1_DSV/IMG_2743.JPG,plot_fa88e8aaf0b2e4ce53ce,dsv_asendorf_t1_bbch11,/home/nfs/data/nvme_datasets/Pictures_CFSB_leaf_damage/2025_09_15_Re4StRes_T1_DSV/IMG_2743.JPG,2.0,0.7377901077270508,0.6017707586288452,-0.13601934909820557,1.3982292413711548,1.2622098922729492,gold_only,46,single_rater_weak
2025_09_15_Re4StRes_T1_DSV/IMG_2744.JPG,plot_fa88e8aaf0b2e4ce53ce,dsv_asendorf_t1_bbch11,/home/nfs/data/nvme_datasets/Pictures_CFSB_leaf_damage/2025_09_15_Re4StRes_T1_DSV/IMG_2744.JPG,2.0,1.6628503799438477,1.602547526359558,-0.060302797704935074,0.3974524736404419,0.33714962005615234,gold_only,46,single_rater_weak
2025_09_15_Re4StRes_T1_DSV/IMG_2745.JPG,plot_fa88e8aaf0b2e4ce53ce,dsv_asendorf_t1_bbch11,/home/nfs/data/nvme_datasets/Pictures_CFSB_leaf_damage/2025_09_15_Re4StRes_T1_DSV/IMG_2745.JPG,2.0,2.159661293029785,2.258328437805176,0.098667211830616,0.2583284378051758,0.15966129302978516,gold_only,46,single_rater_weak
2025_09_15_Re4StRes_T1_DSV/IMG_2746.JPG,plot_fbe3bee6f8231bea9197,dsv_asendorf_t1_bbch11,/home/nfs/data/nvme_datasets/Pictures_CFSB_leaf_damage/2025_09_15_Re4StRes_T1_DSV/IMG_2746.JPG,2.0,4.440169334411621,4.090976715087891,-0.34919238090515137,2.0909767150878906,2.440169334411621,gold_only,46,single_rater_weak
2025_09_15_Re4StRes_T1_DSV/IMG_2747.JPG,plot_fbe3bee6f8231bea9197,dsv_asendorf_t1_bbch11,/home/nfs/data/nvme_datasets/Pictures_CFSB_leaf_damage/2025_09_15_Re4StRes_T1_DSV/IMG_2747.JPG,2.0,2.986863136291504,2.694822311401367,-0.2920408546924591,0.6948223114013672,0.9868631362915039,gold_only,46,single_rater_weak
2025_09_15_Re4StRes_T1_DSV/IMG_2748.JPG,plot_fbe3bee6f8231bea9197,dsv_asendorf_t1_bbch11,/home/nfs/data/nvme_datasets/Pictures_CFSB_leaf_damage/2025_09_15_Re4StRes_T1_DSV/IMG_2748.JPG,8.0,4.5979509353637695,4.312657356262207,-0.2852936089038849,3.687342643737793,3.4020490646362305,gold_only,46,single_rater_weak
2025_09_15_Re4StRes_T1_DSV/IMG_2749.JPG,plot_5d76f2da92706c2d215a,dsv_asendorf_t1_bbch11,/home/nfs/data/nvme_datasets/Pictures_CFSB_leaf_damage/2025_09_15_Re4StRes_T1_DSV/IMG_2749.JPG,9.0,3.250047206878662,2.77691912651062,-0.4731280207633972,6.223080635070801,5.749952793121338,gold_only,46,single_rater_weak
2025_09_15_Re4StRes_T1_DSV/IMG_2750.JPG,plot_5d76f2da92706c2d215a,dsv_asendorf_t1_bbch11,/home/nfs/data/nvme_datasets/Pictures_CFSB_leaf_damage/2025_09_15_Re4StRes_T1_DSV/IMG_2750.JPG,8.0,0.8346052169799805,0.392672061920166,-0.44193315505981445,7.607327938079834,7.1653947830200195,gold_only,46,single_rater_weak
2025_09_15_Re4StRes_T1_DSV/IMG_2752.JPG,plot_5d76f2da92706c2d215a,dsv_asendorf_t1_bbch11,/home/nfs/data/nvme_datasets/Pictures_CFSB_leaf_damage/2025_09_15_Re4StRes_T1_DSV/IMG_2752.JPG,1.0,0.7037835121154785,0.44375520944595337,-0.26002830266952515,0.5562447905540466,0.2962164878845215,gold_only,46,single_rater_weak
2025_09_15_Re4StRes_T1_DSV/IMG_2753.JPG,plot_56dd09af3a066828ea24,dsv_asendorf_t1_bbch11,/home/nfs/data/nvme_datasets/Pictures_CFSB_leaf_damage/2025_09_15_Re4StRes_T1_DSV/IMG_2753.JPG,4.0,3.135150909423828,2.5440545082092285,-0.5910963416099548,1.4559454917907715,0.8648490905761719,gold_only,46,single_rater_weak
2025_09_15_Re4StRes_T1_DSV/IMG_2754.JPG,plot_56dd09af3a066828ea24,dsv_asendorf_t1_bbch11,/home/nfs/data/nvme_datasets/Pictures_CFSB_leaf_damage/2025_09_15_Re4StRes_T1_DSV/IMG_2754.JPG,1.0,1.0590424537658691,0.39135509729385376,-0.6676873564720154,0.6086449027061462,0.05904245376586914,gold_only,46,single_rater_weak
2025_09_15_Re4StRes_T1_DSV/IMG_2755.JPG,plot_56dd09af3a066828ea24,dsv_asendorf_t1_bbch11,/home/nfs/data/nvme_datasets/Pictures_CFSB_leaf_damage/2025_09_15_Re4StRes_T1_DSV/IMG_2755.JPG,2.0,3.3701727390289307,2.825045108795166,-0.5451277494430542,0.825045108795166,1.3701727390289307,gold_only,46,single_rater_weak
2025_09_15_Re4StRes_T1_DSV/IMG_2756.JPG,plot_0638fea60d60117179b5,dsv_asendorf_t1_bbch11,/home/nfs/data/nvme_datasets/Pictures_CFSB_leaf_damage/2025_09_15_Re4StRes_T1_DSV/IMG_2756.JPG,1.0,0.8199629783630371,0.22408097982406616,-0.595881998538971,0.7759190201759338,0.1800370216369629,gold_only,46,single_rater_weak
2025_09_15_Re4StRes_T1_DSV/IMG_2757.JPG,plot_0638fea60d60117179b5,dsv_asendorf_t1_bbch11,/home/nfs/data/nvme_datasets/Pictures_CFSB_leaf_damage/2025_09_15_Re4StRes_T1_DSV/IMG_2757.JPG,7.0,0.7943511009216309,0.5743605494499207,-0.2199905514717102,6.425639629364014,6.205648899078369,gold_only,46,single_rater_weak
2025_09_15_Re4StRes_T1_DSV/IMG_2758.JPG,plot_0638fea60d60117179b5,dsv_asendorf_t1_bbch11,/home/nfs/data/nvme_datasets/Pictures_CFSB_leaf_damage/2025_09_15_Re4StRes_T1_DSV/IMG_2758.JPG,3.0,2.9037137031555176,2.536888599395752,-0.3668251931667328,0.46311140060424805,0.09628629684448242,gold_only,46,single_rater_weak
2025_09_15_Re4StRes_T1_DSV/IMG_2759.JPG,plot_6ae5e5261e38fd15ad2c,dsv_asendorf_t1_bbch11,/home/nfs/data/nvme_datasets/Pictures_CFSB_leaf_damage/2025_09_15_Re4StRes_T1_DSV/IMG_2759.JPG,6.0,2.604707717895508,2.372039318084717,-0.23266834020614624,3.627960681915283,3.395292282104492,gold_only,46,single_rater_weak
2025_09_15_Re4StRes_T1_DSV/IMG_2760.JPG,plot_6ae5e5261e38fd15ad2c,dsv_asendorf_t1_bbch11,/home/nfs/data/nvme_datasets/Pictures_CFSB_leaf_damage/2025_09_15_Re4StRes_T1_DSV/IMG_2760.JPG,3.0,0.7551307678222656,-0.11046254634857178,-0.8655933141708374,3.1104626655578613,2.2448692321777344,gold_only,46,single_rater_weak
2025_09_15_Re4StRes_T1_DSV/IMG_2761.JPG,plot_6ae5e5261e38fd15ad2c,dsv_asendorf_t1_bbch11,/home/nfs/data/nvme_datasets/Pictures_CFSB_leaf_damage/2025_09_15_Re4StRes_T1_DSV/IMG_2761.JPG,12.0,2.801787853240967,2.459380626678467,-0.3424071669578552,9.540618896484375,9.198211669921875,gold_only,46,single_rater_weak
2025_09_15_Re4StRes_T1_DSV/IMG_2762.JPG,plot_d26aea413294dd037c86,dsv_asendorf_t1_bbch11,/home/nfs/data/nvme_datasets/Pictures_CFSB_leaf_damage/2025_09_15_Re4StRes_T1_DSV/IMG_2762.JPG,3.0,0.9245195388793945,0.12471544742584229,-0.7998040914535522,2.8752846717834473,2.0754804611206055,gold_only,46,single_rater_weak
2025_09_15_Re4StRes_T1_DSV/IMG_2763.JPG,plot_d26aea413294dd037c86,dsv_asendorf_t1_bbch11,/home/nfs/data/nvme_datasets/Pictures_CFSB_leaf_damage/2025_09_15_Re4StRes_T1_DSV/IMG_2763.JPG,3.0,3.319983959197998,2.8207478523254395,-0.499236136674881,0.17925214767456055,0.31998395919799805,gold_only,46,single_rater_weak
2025_09_15_Re4StRes_T1_DSV/IMG_2764.JPG,plot_d26aea413294dd037c86,dsv_asendorf_t1_bbch11,/home/nfs/data/nvme_datasets/Pictures_CFSB_leaf_damage/2025_09_15_Re4StRes_T1_DSV/IMG_2764.JPG,4.0,2.8996009826660156,2.8174655437469482,-0.08213535696268082,1.1825344562530518,1.1003990173339844,gold_only,46,single_rater_weak
2025_09_15_Re4StRes_T1_DSV/IMG_2765.JPG,plot_4e337111532d455af776,dsv_asendorf_t1_bbch11,/home/nfs/data/nvme_datasets/Pictures_CFSB_leaf_damage/2025_09_15_Re4StRes_T1_DSV/IMG_2765.JPG,4.0,1.3897228240966797,0.8799484968185425,-0.5097743272781372,3.120051383972168,2.6102771759033203,gold_only,46,single_rater_weak
2025_09_15_Re4StRes_T1_DSV/IMG_2766.JPG,plot_4e337111532d455af776,dsv_asendorf_t1_bbch11,/home/nfs/data/nvme_datasets/Pictures_CFSB_leaf_damage/2025_09_15_Re4StRes_T1_DSV/IMG_2766.JPG,2.0,0.11138153076171875,-0.25052836537361145,-0.3619098961353302,2.250528335571289,1.8886184692382812,gold_only,46,single_rater_weak
2025_09_15_Re4StRes_T1_DSV/IMG_2767.JPG,plot_4e337111532d455af776,dsv_asendorf_t1_bbch11,/home/nfs/data/nvme_datasets/Pictures_CFSB_leaf_damage/2025_09_15_Re4StRes_T1_DSV/IMG_2767.JPG,26.0,5.762456893920898,5.547537326812744,-0.21491946280002594,20.452463150024414,20.2375431060791,gold_only,46,single_rater_weak
2025_09_15_Re4StRes_T1_DSV/IMG_2768.JPG,plot_60df965b48b303ba5397,dsv_asendorf_t1_bbch11,/home/nfs/data/nvme_datasets/Pictures_CFSB_leaf_damage/2025_09_15_Re4StRes_T1_DSV/IMG_2768.JPG,4.0,1.8621869087219238,1.3968355655670166,-0.4653513729572296,2.6031644344329834,2.137813091278076,gold_only,46,single_rater_weak
2025_09_15_Re4StRes_T1_DSV/IMG_2769.JPG,plot_60df965b48b303ba5397,dsv_asendorf_t1_bbch11,/home/nfs/data/nvme_datasets/Pictures_CFSB_leaf_damage/2025_09_15_Re4StRes_T1_DSV/IMG_2769.JPG,2.0,1.660280704498291,1.4044629335403442,-0.25581780076026917,0.5955370664596558,0.339719295501709,gold_only,46,single_rater_weak
2025_09_15_Re4StRes_T1_DSV/IMG_2770.JPG,plot_60df965b48b303ba5397,dsv_asendorf_t1_bbch11,/home/nfs/data/nvme_datasets/Pictures_CFSB_leaf_damage/2025_09_15_Re4StRes_T1_DSV/IMG_2770.JPG,29.0,9.437885284423828,9.231733322143555,-0.20615220069885254,19.768266677856445,19.562114715576172,gold_only,46,single_rater_weak
2025_09_15_Re4StRes_T1_DSV/IMG_2771.JPG,plot_c2400fd336def266e957,dsv_asendorf_t1_bbch11,/home/nfs/data/nvme_datasets/Pictures_CFSB_leaf_damage/2025_09_15_Re4StRes_T1_DSV/IMG_2771.JPG,2.0,1.7156009674072266,1.3403931856155396,-0.375207781791687,0.6596068143844604,0.28439903259277344,gold_only,46,single_rater_weak
2025_09_15_Re4StRes_T1_DSV/IMG_2772.JPG,plot_c2400fd336def266e957,dsv_asendorf_t1_bbch11,/home/nfs/data/nvme_datasets/Pictures_CFSB_leaf_damage/2025_09_15_Re4StRes_T1_DSV/IMG_2772.JPG,3.0,1.2875428199768066,0.9152203798294067,-0.3723224699497223,2.084779739379883,1.7124571800231934,gold_only,46,single_rater_weak
2025_09_15_Re4StRes_T1_DSV/IMG_2773.JPG,plot_c2400fd336def266e957,dsv_asendorf_t1_bbch11,/home/nfs/data/nvme_datasets/Pictures_CFSB_leaf_damage/2025_09_15_Re4StRes_T1_DSV/IMG_2773.JPG,2.0,1.236088752746582,0.42360520362854004,-0.812483549118042,1.57639479637146,0.763911247253418,gold_only,46,single_rater_weak
2025_09_15_Re4StRes_T1_DSV/IMG_2774.JPG,plot_e4ebac91f2d79ec081b7,dsv_asendorf_t1_bbch11,/home/nfs/data/nvme_datasets/Pictures_CFSB_leaf_damage/2025_09_15_Re4StRes_T1_DSV/IMG_2774.JPG,7.0,2.506582260131836,3.0997259616851807,0.5931436419487,3.9002740383148193,4.493417739868164,gold_only,46,single_rater_weak
2025_09_15_Re4StRes_T1_DSV/IMG_2775.JPG,plot_e4ebac91f2d79ec081b7,dsv_asendorf_t1_bbch11,/home/nfs/data/nvme_datasets/Pictures_CFSB_leaf_damage/2025_09_15_Re4StRes_T1_DSV/IMG_2775.JPG,4.0,4.008482933044434,3.6323254108428955,-0.3761574625968933,0.3676745891571045,0.008482933044433594,gold_only,46,single_rater_weak
2025_09_15_Re4StRes_T1_DSV/IMG_2776.JPG,plot_e4ebac91f2d79ec081b7,dsv_asendorf_t1_bbch11,/home/nfs/data/nvme_datasets/Pictures_CFSB_leaf_damage/2025_09_15_Re4StRes_T1_DSV/IMG_2776.JPG,2.0,0.8656797409057617,0.6825735569000244,-0.1831061840057373,1.3174264430999756,1.1343202590942383,gold_only,46,single_rater_weak
2025_09_15_Re4StRes_T1_DSV/IMG_2777.JPG,plot_25163706ac28a6bb2213,dsv_asendorf_t1_bbch11,/home/nfs/data/nvme_datasets/Pictures_CFSB_leaf_damage/2025_09_15_Re4StRes_T1_DSV/IMG_2777.JPG,3.0,0.4748106002807617,-0.41469186544418335,-0.8895024657249451,3.414691925048828,2.5251893997192383,gold_only,46,single_rater_weak
2025_09_15_Re4StRes_T1_DSV/IMG_2778.JPG,plot_25163706ac28a6bb2213,dsv_asendorf_t1_bbch11,/home/nfs/data/nvme_datasets/Pictures_CFSB_leaf_damage/2025_09_15_Re4StRes_T1_DSV/IMG_2778.JPG,3.0,0.3224978446960449,-0.3703882694244385,-0.6928861141204834,3.3703882694244385,2.677502155303955,gold_only,46,single_rater_weak
2025_09_15_Re4StRes_T1_DSV/IMG_2779.JPG,plot_25163706ac28a6bb2213,dsv_asendorf_t1_bbch11,/home/nfs/data/nvme_datasets/Pictures_CFSB_leaf_damage/2025_09_15_Re4StRes_T1_DSV/IMG_2779.JPG,5.0,1.4368023872375488,0.8303353786468506,-0.6064670085906982,4.16966438293457,3.563197612762451,gold_only,46,single_rater_weak
2025_09_15_Re4StRes_T1_DSV/IMG_2780.JPG,plot_a62b3a77b6ca3ea20de0,dsv_asendorf_t1_bbch11,/home/nfs/data/nvme_datasets/Pictures_CFSB_leaf_damage/2025_09_15_Re4StRes_T1_DSV/IMG_2780.JPG,2.0,1.2118163108825684,0.9326792359352112,-0.2791370749473572,1.0673208236694336,0.7881836891174316,gold_only,46,single_rater_weak
2025_09_15_Re4StRes_T1_DSV/IMG_2781.JPG,plot_a62b3a77b6ca3ea20de0,dsv_asendorf_t1_bbch11,/home/nfs/data/nvme_datasets/Pictures_CFSB_leaf_damage/2025_09_15_Re4StRes_T1_DSV/IMG_2781.JPG,1.0,2.443584442138672,2.5623180866241455,0.11873363703489304,1.5623180866241455,1.4435844421386719,gold_only,46,single_rater_weak
2025_09_15_Re4StRes_T1_DSV/IMG_2782.JPG,plot_a62b3a77b6ca3ea20de0,dsv_asendorf_t1_bbch11,/home/nfs/data/nvme_datasets/Pictures_CFSB_leaf_damage/2025_09_15_Re4StRes_T1_DSV/IMG_2782.JPG,2.0,1.3517098426818848,1.2794132232666016,-0.07229658961296082,0.7205867767333984,0.6482901573181152,gold_only,46,single_rater_weak
2025_09_15_Re4StRes_T1_DSV/IMG_2783.JPG,plot_588a5e4f50bc05cd2744,dsv_asendorf_t1_bbch11,/home/nfs/data/nvme_datasets/Pictures_CFSB_leaf_damage/2025_09_15_Re4StRes_T1_DSV/IMG_2783.JPG,6.0,3.2359046936035156,2.8858511447906494,-0.3500535786151886,3.1141488552093506,2.7640953063964844,gold_only,46,single_rater_weak
2025_09_15_Re4StRes_T1_DSV/IMG_2784.JPG,plot_588a5e4f50bc05cd2744,dsv_asendorf_t1_bbch11,/home/nfs/data/nvme_datasets/Pictures_CFSB_leaf_damage/2025_09_15_Re4StRes_T1_DSV/IMG_2784.JPG,14.0,5.1931328773498535,5.020790100097656,-0.17234289646148682,8.979209899902344,8.806867599487305,gold_only,46,single_rater_weak
2025_09_15_Re4StRes_T1_DSV/IMG_2785.JPG,plot_588a5e4f50bc05cd2744,dsv_asendorf_t1_bbch11,/home/nfs/data/nvme_datasets/Pictures_CFSB_leaf_damage/2025_09_15_Re4StRes_T1_DSV/IMG_2785.JPG,11.0,3.751199960708618,3.1952149868011475,-0.5559849143028259,7.804784774780273,7.248800277709961,gold_only,46,single_rater_weak
2025_09_15_Re4StRes_T1_DSV/IMG_2786.JPG,plot_9c3c78a78c41b358f0d0,dsv_asendorf_t1_bbch11,/home/nfs/data/nvme_datasets/Pictures_CFSB_leaf_damage/2025_09_15_Re4StRes_T1_DSV/IMG_2786.JPG,6.0,1.076209545135498,0.870930552482605,-0.20527902245521545,5.1290693283081055,4.923790454864502,gold_only,46,single_rater_weak
2025_09_15_Re4StRes_T1_DSV/IMG_2787.JPG,plot_9c3c78a78c41b358f0d0,dsv_asendorf_t1_bbch11,/home/nfs/data/nvme_datasets/Pictures_CFSB_leaf_damage/2025_09_15_Re4StRes_T1_DSV/IMG_2787.JPG,5.0,1.8274316787719727,1.2192714214324951,-0.6081602573394775,3.780728578567505,3.1725683212280273,gold_only,46,single_rater_weak
2025_09_15_Re4StRes_T1_DSV/IMG_2788.JPG,plot_9c3c78a78c41b358f0d0,dsv_asendorf_t1_bbch11,/home/nfs/data/nvme_datasets/Pictures_CFSB_leaf_damage/2025_09_15_Re4StRes_T1_DSV/IMG_2788.JPG,3.0,3.747983694076538,3.1661081314086914,-0.5818756222724915,0.1661081314086914,0.7479836940765381,gold_only,46,single_rater_weak
2025_09_15_Re4StRes_T1_DSV/IMG_2789.JPG,plot_decf5592092ca2554caf,dsv_asendorf_t1_bbch11,/home/nfs/data/nvme_datasets/Pictures_CFSB_leaf_damage/2025_09_15_Re4StRes_T1_DSV/IMG_2789.JPG,4.0,0.8030872344970703,-0.14017051458358765,-0.943257749080658,4.140170574188232,3.1969127655029297,gold_only,46,single_rater_weak
2025_09_15_Re4StRes_T1_DSV/IMG_2790.JPG,plot_decf5592092ca2554caf,dsv_asendorf_t1_bbch11,/home/nfs/data/nvme_datasets/Pictures_CFSB_leaf_damage/2025_09_15_Re4StRes_T1_DSV/IMG_2790.JPG,1.0,0.5238432884216309,-0.34707319736480713,-0.870916485786438,1.3470731973648071,0.47615671157836914,gold_only,46,single_rater_weak
2025_09_15_Re4StRes_T1_DSV/IMG_2791.JPG,plot_decf5592092ca2554caf,dsv_asendorf_t1_bbch11,/home/nfs/data/nvme_datasets/Pictures_CFSB_leaf_damage/2025_09_15_Re4StRes_T1_DSV/IMG_2791.JPG,1.0,0.21439075469970703,-0.817162275314331,-1.031553030014038,1.817162275314331,0.785609245300293,gold_only,46,single_rater_weak
2025_09_15_Re4StRes_T1_DSV/IMG_2792.JPG,plot_1b56fde03127b3b712c6,dsv_asendorf_t1_bbch11,/home/nfs/data/nvme_datasets/Pictures_CFSB_leaf_damage/2025_09_15_Re4StRes_T1_DSV/IMG_2792.JPG,14.0,0.8573627471923828,0.5307155847549438,-0.32664716243743896,13.469284057617188,13.142637252807617,gold_only,46,single_rater_weak
2025_09_15_Re4StRes_T1_DSV/IMG_2793.JPG,plot_1b56fde03127b3b712c6,dsv_asendorf_t1_bbch11,/home/nfs/data/nvme_datasets/Pictures_CFSB_leaf_damage/2025_09_15_Re4StRes_T1_DSV/IMG_2793.JPG,2.0,0.978874683380127,0.4637249708175659,-0.515149712562561,1.536275029182434,1.021125316619873,gold_only,46,single_rater_weak
2025_09_15_Re4StRes_T1_DSV/IMG_2794.JPG,plot_1b56fde03127b3b712c6,dsv_asendorf_t1_bbch11,/home/nfs/data/nvme_datasets/Pictures_CFSB_leaf_damage/2025_09_15_Re4StRes_T1_DSV/IMG_2794.JPG,3.0,1.2117972373962402,0.7611284852027893,-0.4506687521934509,2.2388715744018555,1.7882027626037598,gold_only,46,single_rater_weak
2025_09_15_Re4StRes_T1_DSV/IMG_2795.JPG,plot_b4f665cae11a1867c3fa,dsv_asendorf_t1_bbch11,/home/nfs/data/nvme_datasets/Pictures_CFSB_leaf_damage/2025_09_15_Re4StRes_T1_DSV/IMG_2795.JPG,5.0,0.41879987716674805,-0.44758665561676025,-0.8663865327835083,5.447586536407471,4.581200122833252,gold_only,46,single_rater_weak
2025_09_15_Re4StRes_T1_DSV/IMG_2796.JPG,plot_b4f665cae11a1867c3fa,dsv_asendorf_t1_bbch11,/home/nfs/data/nvme_datasets/Pictures_CFSB_leaf_damage/2025_09_15_Re4StRes_T1_DSV/IMG_2796.JPG,1.0,0.16614484786987305,-0.4711689352989197,-0.6373137831687927,1.4711689949035645,0.833855152130127,gold_only,46,single_rater_weak
2025_09_15_Re4StRes_T1_DSV/IMG_2797.JPG,plot_b4f665cae11a1867c3fa,dsv_asendorf_t1_bbch11,/home/nfs/data/nvme_datasets/Pictures_CFSB_leaf_damage/2025_09_15_Re4StRes_T1_DSV/IMG_2797.JPG,3.0,0.6677193641662598,-0.05852144956588745,-0.7262408137321472,3.0585215091705322,2.3322806358337402,gold_only,46,single_rater_weak
2025_09_15_Re4StRes_T1_DSV/IMG_2798.JPG,plot_2ef2db7a8993d40b1071,dsv_asendorf_t1_bbch11,/home/nfs/data/nvme_datasets/Pictures_CFSB_leaf_damage/2025_09_15_Re4StRes_T1_DSV/IMG_2798.JPG,5.0,2.510976791381836,1.9707849025726318,-0.5401919484138489,3.029215097427368,2.489023208618164,gold_only,46,single_rater_weak
2025_09_15_Re4StRes_T1_DSV/IMG_2799.JPG,plot_2ef2db7a8993d40b1071,dsv_asendorf_t1_bbch11,/home/nfs/data/nvme_datasets/Pictures_CFSB_leaf_damage/2025_09_15_Re4StRes_T1_DSV/IMG_2799.JPG,13.0,2.9097471237182617,2.364363431930542,-0.545383632183075,10.635636329650879,10.090252876281738,gold_only,46,single_rater_weak
2025_09_15_Re4StRes_T1_DSV/IMG_2799_2.JPG,plot_2ef2db7a8993d40b1071,dsv_asendorf_t1_bbch11,/home/nfs/data/nvme_datasets/Pictures_CFSB_leaf_damage/2025_09_15_Re4StRes_T1_DSV/IMG_2799_2.JPG,30.0,7.116720199584961,6.648458003997803,-0.46826231479644775,23.35154151916504,22.88327980041504,gold_only,46,single_rater_weak
2025_09_15_Re4StRes_T1_DSV/IMG_2801.JPG,plot_eca8c3fb6680d53d6302,dsv_asendorf_t1_bbch11,/home/nfs/data/nvme_datasets/Pictures_CFSB_leaf_damage/2025_09_15_Re4StRes_T1_DSV/IMG_2801.JPG,11.0,1.4913759231567383,1.0632660388946533,-0.4281098246574402,9.936734199523926,9.508624076843262,gold_only,46,single_rater_weak
2025_09_15_Re4StRes_T1_DSV/IMG_2802.JPG,plot_eca8c3fb6680d53d6302,dsv_asendorf_t1_bbch11,/home/nfs/data/nvme_datasets/Pictures_CFSB_leaf_damage/2025_09_15_Re4StRes_T1_DSV/IMG_2802.JPG,5.0,3.53307843208313,3.0153887271881104,-0.5176897048950195,1.9846112728118896,1.4669215679168701,gold_only,46,single_rater_weak
2025_09_15_Re4StRes_T1_DSV/IMG_2803.JPG,plot_eca8c3fb6680d53d6302,dsv_asendorf_t1_bbch11,/home/nfs/data/nvme_datasets/Pictures_CFSB_leaf_damage/2025_09_15_Re4StRes_T1_DSV/IMG_2803.JPG,6.0,2.0774760246276855,1.554511547088623,-0.5229644775390625,4.445488452911377,3.9225239753723145,gold_only,46,single_rater_weak
2025_09_15_Re4StRes_T1_DSV/IMG_2805.JPG,plot_57ca9ea9ad1127350a7a,dsv_asendorf_t1_bbch11,/home/nfs/data/nvme_datasets/Pictures_CFSB_leaf_damage/2025_09_15_Re4StRes_T1_DSV/IMG_2805.JPG,3.0,0.9685511589050293,0.5593771934509277,-0.40917396545410156,2.4406228065490723,2.0314488410949707,gold_only,46,single_rater_weak
2025_09_15_Re4StRes_T1_DSV/IMG_2806.JPG,plot_57ca9ea9ad1127350a7a,dsv_asendorf_t1_bbch11,/home/nfs/data/nvme_datasets/Pictures_CFSB_leaf_damage/2025_09_15_Re4StRes_T1_DSV/IMG_2806.JPG,7.0,0.04125165939331055,-0.7165635824203491,-0.7578152418136597,7.716563701629639,6.9587483406066895,gold_only,46,single_rater_weak
2025_09_15_Re4StRes_T1_DSV/IMG_2807.JPG,plot_57ca9ea9ad1127350a7a,dsv_asendorf_t1_bbch11,/home/nfs/data/nvme_datasets/Pictures_CFSB_leaf_damage/2025_09_15_Re4StRes_T1_DSV/IMG_2807.JPG,2.0,0.9320464134216309,0.22560548782348633,-0.7064409255981445,1.7743945121765137,1.0679535865783691,gold_only,46,single_rater_weak
2025_09_15_Re4StRes_T1_DSV/IMG_2808.JPG,plot_686e3a43dd992b8a1840,dsv_asendorf_t1_bbch11,/home/nfs/data/nvme_datasets/Pictures_CFSB_leaf_damage/2025_09_15_Re4StRes_T1_DSV/IMG_2808.JPG,1.0,2.0064139366149902,1.8566253185272217,-0.14978855848312378,0.8566253185272217,1.0064139366149902,gold_only,46,single_rater_weak
2025_09_15_Re4StRes_T1_DSV/IMG_2809.JPG,plot_686e3a43dd992b8a1840,dsv_asendorf_t1_bbch11,/home/nfs/data/nvme_datasets/Pictures_CFSB_leaf_damage/2025_09_15_Re4StRes_T1_DSV/IMG_2809.JPG,2.0,2.2587475776672363,1.9794327020645142,-0.27931487560272217,0.02056729793548584,0.25874757766723633,gold_only,46,single_rater_weak
2025_09_15_Re4StRes_T1_DSV/IMG_2810.JPG,plot_686e3a43dd992b8a1840,dsv_asendorf_t1_bbch11,/home/nfs/data/nvme_datasets/Pictures_CFSB_leaf_damage/2025_09_15_Re4StRes_T1_DSV/IMG_2810.JPG,1.0,1.2192721366882324,0.7520531415939331,-0.4672189950942993,0.2479468584060669,0.21927213668823242,gold_only,46,single_rater_weak
2025_09_15_Re4StRes_T1_DSV/IMG_2811.JPG,plot_c63973f869024d2007d6,dsv_asendorf_t1_bbch11,/home/nfs/data/nvme_datasets/Pictures_CFSB_leaf_damage/2025_09_15_Re4StRes_T1_DSV/IMG_2811.JPG,1.0,1.7665562629699707,1.2376408576965332,-0.5289153456687927,0.2376408576965332,0.7665562629699707,gold_only,46,single_rater_weak
2025_09_15_Re4StRes_T1_DSV/IMG_2812.JPG,plot_c63973f869024d2007d6,dsv_asendorf_t1_bbch11,/home/nfs/data/nvme_datasets/Pictures_CFSB_leaf_damage/2025_09_15_Re4StRes_T1_DSV/IMG_2812.JPG,1.0,2.259695529937744,2.031348466873169,-0.22834710776805878,1.031348466873169,1.2596955299377441,gold_only,46,single_rater_weak
2025_09_15_Re4StRes_T1_DSV/IMG_2813.JPG,plot_c63973f869024d2007d6,dsv_asendorf_t1_bbch11,/home/nfs/data/nvme_datasets/Pictures_CFSB_leaf_damage/2025_09_15_Re4StRes_T1_DSV/IMG_2813.JPG,4.0,1.5478754043579102,1.1030352115631104,-0.44484013319015503,2.8969647884368896,2.45212459564209,gold_only,46,single_rater_weak
2025_09_15_Re4StRes_T1_DSV/IMG_2814.JPG,plot_bceb77a99363fcf3c1e2,dsv_asendorf_t1_bbch11,/home/nfs/data/nvme_datasets/Pictures_CFSB_leaf_damage/2025_09_15_Re4StRes_T1_DSV/IMG_2814.JPG,2.0,1.3228940963745117,0.8998483419418335,-0.42304572463035583,1.1001516580581665,0.6771059036254883,gold_only,46,single_rater_weak
2025_09_15_Re4StRes_T1_DSV/IMG_2815.JPG,plot_bceb77a99363fcf3c1e2,dsv_asendorf_t1_bbch11,/home/nfs/data/nvme_datasets/Pictures_CFSB_leaf_damage/2025_09_15_Re4StRes_T1_DSV/IMG_2815.JPG,2.0,0.7896218299865723,0.24427098035812378,-0.5453508496284485,1.7557289600372314,1.2103781700134277,gold_only,46,single_rater_weak
2025_09_15_Re4StRes_T1_DSV/IMG_2816.JPG,plot_bceb77a99363fcf3c1e2,dsv_asendorf_t1_bbch11,/home/nfs/data/nvme_datasets/Pictures_CFSB_leaf_damage/2025_09_15_Re4StRes_T1_DSV/IMG_2816.JPG,2.0,2.826756477355957,2.6765904426574707,-0.15016598999500275,0.6765904426574707,0.826756477355957,gold_only,46,single_rater_weak
2025_09_15_Re4StRes_T1_DSV/IMG_2817.JPG,plot_ff22be3ef1b30dc11796,dsv_asendorf_t1_bbch11,/home/nfs/data/nvme_datasets/Pictures_CFSB_leaf_damage/2025_09_15_Re4StRes_T1_DSV/IMG_2817.JPG,1.0,1.162245273590088,0.4309242367744446,-0.7313210368156433,0.5690757632255554,0.1622452735900879,gold_only,46,single_rater_weak
2025_09_15_Re4StRes_T1_DSV/IMG_2818.JPG,plot_ff22be3ef1b30dc11796,dsv_asendorf_t1_bbch11,/home/nfs/data/nvme_datasets/Pictures_CFSB_leaf_damage/2025_09_15_Re4StRes_T1_DSV/IMG_2818.JPG,5.0,1.317399501800537,1.1997742652893066,-0.11762519180774689,3.8002257347106934,3.682600498199463,gold_only,46,single_rater_weak
2025_09_15_Re4StRes_T1_DSV/IMG_2819.JPG,plot_ff22be3ef1b30dc11796,dsv_asendorf_t1_bbch11,/home/nfs/data/nvme_datasets/Pictures_CFSB_leaf_damage/2025_09_15_Re4StRes_T1_DSV/IMG_2819.JPG,5.0,1.2809066772460938,1.2220100164413452,-0.05889669060707092,3.7779898643493652,3.7190933227539062,gold_only,46,single_rater_weak
2025_09_15_Re4StRes_T1_DSV/IMG_2820.JPG,plot_0244c16f1b7da46365e8,dsv_asendorf_t1_bbch11,/home/nfs/data/nvme_datasets/Pictures_CFSB_leaf_damage/2025_09_15_Re4StRes_T1_DSV/IMG_2820.JPG,1.0,1.7639641761779785,1.3852720260620117,-0.3786921501159668,0.3852720260620117,0.7639641761779785,gold_only,46,single_rater_weak
2025_09_15_Re4StRes_T1_DSV/IMG_2821.JPG,plot_0244c16f1b7da46365e8,dsv_asendorf_t1_bbch11,/home/nfs/data/nvme_datasets/Pictures_CFSB_leaf_damage/2025_09_15_Re4StRes_T1_DSV/IMG_2821.JPG,2.0,2.92336368560791,2.212402582168579,-0.7109611630439758,0.2124025821685791,0.9233636856079102,gold_only,46,single_rater_weak
2025_09_15_Re4StRes_T1_DSV/IMG_2822.JPG,plot_0244c16f1b7da46365e8,dsv_asendorf_t1_bbch11,/home/nfs/data/nvme_datasets/Pictures_CFSB_leaf_damage/2025_09_15_Re4StRes_T1_DSV/IMG_2822.JPG,1.0,1.3565263748168945,0.5627608299255371,-0.7937655448913574,0.4372391700744629,0.35652637481689453,gold_only,46,single_rater_weak
2025_09_15_Re4StRes_T1_DSV/IMG_2823.JPG,plot_463fbe86ab5f5a3963dd,dsv_asendorf_t1_bbch11,/home/nfs/data/nvme_datasets/Pictures_CFSB_leaf_damage/2025_09_15_Re4StRes_T1_DSV/IMG_2823.JPG,3.0,1.3737034797668457,0.878739595413208,-0.4949638545513153,2.121260404586792,1.6262965202331543,gold_only,46,single_rater_weak
2025_09_15_Re4StRes_T1_DSV/IMG_2824.JPG,plot_463fbe86ab5f5a3963dd,dsv_asendorf_t1_bbch11,/home/nfs/data/nvme_datasets/Pictures_CFSB_leaf_damage/2025_09_15_Re4StRes_T1_DSV/IMG_2824.JPG,33.0,3.22513484954834,3.005077362060547,-0.2200573831796646,29.994922637939453,29.774864196777344,gold_only,46,single_rater_weak
2025_09_15_Re4StRes_T1_DSV/IMG_2825.JPG,plot_463fbe86ab5f5a3963dd,dsv_asendorf_t1_bbch11,/home/nfs/data/nvme_datasets/Pictures_CFSB_leaf_damage/2025_09_15_Re4StRes_T1_DSV/IMG_2825.JPG,2.0,1.4151215553283691,0.9542889595031738,-0.4608325660228729,1.0457110404968262,0.5848784446716309,gold_only,46,single_rater_weak
2025_09_15_Re4StRes_T1_DSV/IMG_2826.JPG,plot_cdc03d060fabf9cda7b5,dsv_asendorf_t1_bbch11,/home/nfs/data/nvme_datasets/Pictures_CFSB_leaf_damage/2025_09_15_Re4StRes_T1_DSV/IMG_2826.JPG,12.0,1.6970515251159668,0.9341087937355042,-0.7629427313804626,11.06589126586914,10.302947998046875,gold_only,46,single_rater_weak
2025_09_15_Re4StRes_T1_DSV/IMG_2827.JPG,plot_cdc03d060fabf9cda7b5,dsv_asendorf_t1_bbch11,/home/nfs/data/nvme_datasets/Pictures_CFSB_leaf_damage/2025_09_15_Re4StRes_T1_DSV/IMG_2827.JPG,1.0,1.5529112815856934,0.8445970416069031,-0.7083142399787903,0.15540295839309692,0.5529112815856934,gold_only,46,single_rater_weak
2025_09_15_Re4StRes_T1_DSV/IMG_2828.JPG,plot_cdc03d060fabf9cda7b5,dsv_asendorf_t1_bbch11,/home/nfs/data/nvme_datasets/Pictures_CFSB_leaf_damage/2025_09_15_Re4StRes_T1_DSV/IMG_2828.JPG,1.0,1.2712516784667969,0.11552882194519043,-1.1557228565216064,0.8844711780548096,0.2712516784667969,gold_only,46,single_rater_weak
2025_09_15_Re4StRes_T1_DSV/IMG_2829.JPG,plot_5be37850e3ff940ad957,dsv_asendorf_t1_bbch11,/home/nfs/data/nvme_datasets/Pictures_CFSB_leaf_damage/2025_09_15_Re4StRes_T1_DSV/IMG_2829.JPG,7.0,1.6168794631958008,0.8435479402542114,-0.7733315229415894,6.156452178955078,5.383120536804199,gold_only,46,single_rater_weak
2025_09_15_Re4StRes_T1_DSV/IMG_2830.JPG,plot_5be37850e3ff940ad957,dsv_asendorf_t1_bbch11,/home/nfs/data/nvme_datasets/Pictures_CFSB_leaf_damage/2025_09_15_Re4StRes_T1_DSV/IMG_2830.JPG,3.0,2.5009288787841797,1.8804583549499512,-0.6204705834388733,1.1195416450500488,0.4990711212158203,gold_only,46,single_rater_weak
2025_09_15_Re4StRes_T1_DSV/IMG_2831.JPG,plot_5be37850e3ff940ad957,dsv_asendorf_t1_bbch11,/home/nfs/data/nvme_datasets/Pictures_CFSB_leaf_damage/2025_09_15_Re4StRes_T1_DSV/IMG_2831.JPG,1.0,1.7400436401367188,0.9234365224838257,-0.8166071176528931,0.07656347751617432,0.7400436401367188,gold_only,46,single_rater_weak
2025_09_15_Re4StRes_T1_DSV/IMG_2832.JPG,plot_043f66e99d1614656004,dsv_asendorf_t1_bbch11,/home/nfs/data/nvme_datasets/Pictures_CFSB_leaf_damage/2025_09_15_Re4StRes_T1_DSV/IMG_2832.JPG,18.0,1.3615102767944336,0.9539618492126465,-0.4075483977794647,17.046037673950195,16.63848876953125,gold_only,46,single_rater_weak
2025_09_15_Re4StRes_T1_DSV/IMG_2833.JPG,plot_043f66e99d1614656004,dsv_asendorf_t1_bbch11,/home/nfs/data/nvme_datasets/Pictures_CFSB_leaf_damage/2025_09_15_Re4StRes_T1_DSV/IMG_2833.JPG,2.0,3.2807130813598633,2.9103751182556152,-0.3703378438949585,0.9103751182556152,1.2807130813598633,gold_only,46,single_rater_weak
2025_09_15_Re4StRes_T1_DSV/IMG_2834.JPG,plot_043f66e99d1614656004,dsv_asendorf_t1_bbch11,/home/nfs/data/nvme_datasets/Pictures_CFSB_leaf_damage/2025_09_15_Re4StRes_T1_DSV/IMG_2834.JPG,3.0,1.4373526573181152,0.8259711861610413,-0.611381471157074,2.1740288734436035,1.5626473426818848,gold_only,46,single_rater_weak
2025_09_15_Re4StRes_T1_DSV/IMG_2835.JPG,plot_3d3d8b967e6547e92911,dsv_asendorf_t1_bbch11,/home/nfs/data/nvme_datasets/Pictures_CFSB_leaf_damage/2025_09_15_Re4StRes_T1_DSV/IMG_2835.JPG,4.0,0.7042913436889648,-0.10088986158370972,-0.8051812052726746,4.100889682769775,3.295708656311035,gold_only,46,single_rater_weak
2025_09_15_Re4StRes_T1_DSV/IMG_2836.JPG,plot_3d3d8b967e6547e92911,dsv_asendorf_t1_bbch11,/home/nfs/data/nvme_datasets/Pictures_CFSB_leaf_damage/2025_09_15_Re4StRes_T1_DSV/IMG_2836.JPG,5.0,2.158092498779297,1.4032700061798096,-0.7548224925994873,3.5967299938201904,2.841907501220703,gold_only,46,single_rater_weak
2025_09_15_Re4StRes_T1_DSV/IMG_2837.JPG,plot_3d3d8b967e6547e92911,dsv_asendorf_t1_bbch11,/home/nfs/data/nvme_datasets/Pictures_CFSB_leaf_damage/2025_09_15_Re4StRes_T1_DSV/IMG_2837.JPG,2.0,0.7450342178344727,0.013449311256408691,-0.731584906578064,1.9865506887435913,1.2549657821655273,gold_only,46,single_rater_weak
2025_09_15_Re4StRes_T1_DSV/IMG_2838.JPG,plot_76f157dea3d143b587c1,dsv_asendorf_t1_bbch11,/home/nfs/data/nvme_datasets/Pictures_CFSB_leaf_damage/2025_09_15_Re4StRes_T1_DSV/IMG_2838.JPG,1.0,0.6677660942077637,0.015863478183746338,-0.6519026160240173,0.9841365218162537,0.33223390579223633,gold_only,46,single_rater_weak
2025_09_15_Re4StRes_T1_DSV/IMG_2839.JPG,plot_76f157dea3d143b587c1,dsv_asendorf_t1_bbch11,/home/nfs/data/nvme_datasets/Pictures_CFSB_leaf_damage/2025_09_15_Re4StRes_T1_DSV/IMG_2839.JPG,8.0,1.491511344909668,0.6111341118812561,-0.8803772330284119,7.388865947723389,6.508488655090332,gold_only,46,single_rater_weak
2025_09_15_Re4StRes_T1_DSV/IMG_2840.JPG,plot_76f157dea3d143b587c1,dsv_asendorf_t1_bbch11,/home/nfs/data/nvme_datasets/Pictures_CFSB_leaf_damage/2025_09_15_Re4StRes_T1_DSV/IMG_2840.JPG,2.0,1.2072715759277344,0.4915241003036499,-0.7157474756240845,1.50847589969635,0.7927284240722656,gold_only,46,single_rater_weak
2025_09_15_Re4StRes_T1_DSV/IMG_2841.JPG,plot_74ee91a70def5e1240d4,dsv_asendorf_t1_bbch11,/home/nfs/data/nvme_datasets/Pictures_CFSB_leaf_damage/2025_09_15_Re4StRes_T1_DSV/IMG_2841.JPG,2.0,0.5021586418151855,-0.30454760789871216,-0.8067062497138977,2.3045475482940674,1.4978413581848145,gold_only,46,single_rater_weak
2025_09_15_Re4StRes_T1_DSV/IMG_2842.JPG,plot_74ee91a70def5e1240d4,dsv_asendorf_t1_bbch11,/home/nfs/data/nvme_datasets/Pictures_CFSB_leaf_damage/2025_09_15_Re4StRes_T1_DSV/IMG_2842.JPG,1.0,0.6967215538024902,-0.007970571517944336,-0.7046921253204346,1.0079705715179443,0.30327844619750977,gold_only,46,single_rater_weak
2025_09_15_Re4StRes_T1_DSV/IMG_2843.JPG,plot_74ee91a70def5e1240d4,dsv_asendorf_t1_bbch11,/home/nfs/data/nvme_datasets/Pictures_CFSB_leaf_damage/2025_09_15_Re4StRes_T1_DSV/IMG_2843.JPG,1.0,1.059180736541748,0.2387697696685791,-0.820410966873169,0.7612302303314209,0.05918073654174805,gold_only,46,single_rater_weak
2025_09_15_Re4StRes_T1_DSV/IMG_2844.JPG,plot_f0879f07e7b82b6cbf3c,dsv_asendorf_t1_bbch11,/home/nfs/data/nvme_datasets/Pictures_CFSB_leaf_damage/2025_09_15_Re4StRes_T1_DSV/IMG_2844.JPG,1.0,1.4029507637023926,0.9752622246742249,-0.4276885390281677,0.024737775325775146,0.4029507637023926,gold_only,46,single_rater_weak
2025_09_15_Re4StRes_T1_DSV/IMG_2845.JPG,plot_f0879f07e7b82b6cbf3c,dsv_asendorf_t1_bbch11,/home/nfs/data/nvme_datasets/Pictures_CFSB_leaf_damage/2025_09_15_Re4StRes_T1_DSV/IMG_2845.JPG,2.0,0.20724773406982422,-0.17222446203231812,-0.37947219610214233,2.172224521636963,1.7927522659301758,gold_only,46,single_rater_weak
2025_09_15_Re4StRes_T1_DSV/IMG_2846.JPG,plot_f0879f07e7b82b6cbf3c,dsv_asendorf_t1_bbch11,/home/nfs/data/nvme_datasets/Pictures_CFSB_leaf_damage/2025_09_15_Re4StRes_T1_DSV/IMG_2846.JPG,3.0,3.0043249130249023,2.141174077987671,-0.8631508350372314,0.8588259220123291,0.004324913024902344,gold_only,46,single_rater_weak
2025_09_15_Re4StRes_T1_DSV/IMG_2847.JPG,plot_fcd7e8b035def23fede6,dsv_asendorf_t1_bbch11,/home/nfs/data/nvme_datasets/Pictures_CFSB_leaf_damage/2025_09_15_Re4StRes_T1_DSV/IMG_2847.JPG,1.0,1.3943686485290527,0.480064332485199,-0.9143043160438538,0.519935667514801,0.39436864852905273,gold_only,46,single_rater_weak
2025_09_15_Re4StRes_T1_DSV/IMG_2848.JPG,plot_fcd7e8b035def23fede6,dsv_asendorf_t1_bbch11,/home/nfs/data/nvme_datasets/Pictures_CFSB_leaf_damage/2025_09_15_Re4StRes_T1_DSV/IMG_2848.JPG,1.0,1.5537614822387695,0.5589743852615356,-0.9947870969772339,0.44102561473846436,0.5537614822387695,gold_only,46,single_rater_weak
2025_09_15_Re4StRes_T1_DSV/IMG_2849.JPG,plot_fcd7e8b035def23fede6,dsv_asendorf_t1_bbch11,/home/nfs/data/nvme_datasets/Pictures_CFSB_leaf_damage/2025_09_15_Re4StRes_T1_DSV/IMG_2849.JPG,1.0,1.3571181297302246,0.37372422218322754,-0.9833939075469971,0.6262757778167725,0.3571181297302246,gold_only,46,single_rater_weak
2025_09_15_Re4StRes_T1_DSV/IMG_2850.JPG,plot_d9718fbb395864c7b86c,dsv_asendorf_t1_bbch11,/home/nfs/data/nvme_datasets/Pictures_CFSB_leaf_damage/2025_09_15_Re4StRes_T1_DSV/IMG_2850.JPG,1.0,0.7659568786621094,0.09133672714233398,-0.6746201515197754,0.908663272857666,0.23404312133789062,gold_only,46,single_rater_weak
2025_09_15_Re4StRes_T1_DSV/IMG_2851.JPG,plot_d9718fbb395864c7b86c,dsv_asendorf_t1_bbch11,/home/nfs/data/nvme_datasets/Pictures_CFSB_leaf_damage/2025_09_15_Re4StRes_T1_DSV/IMG_2851.JPG,2.0,1.5961604118347168,1.0159868001937866,-0.5801736116409302,0.9840131998062134,0.4038395881652832,gold_only,46,single_rater_weak
2025_09_15_Re4StRes_T1_DSV/IMG_2852.JPG,plot_d9718fbb395864c7b86c,dsv_asendorf_t1_bbch11,/home/nfs/data/nvme_datasets/Pictures_CFSB_leaf_damage/2025_09_15_Re4StRes_T1_DSV/IMG_2852.JPG,5.0,1.3736763000488281,0.8967665433883667,-0.4769097566604614,4.103233337402344,3.626323699951172,gold_only,46,single_rater_weak
2025_09_15_Re4StRes_T1_DSV/IMG_2853.JPG,plot_a8844705497a4f5f1781,dsv_asendorf_t1_bbch11,/home/nfs/data/nvme_datasets/Pictures_CFSB_leaf_damage/2025_09_15_Re4StRes_T1_DSV/IMG_2853.JPG,1.0,0.7934703826904297,0.06126219034194946,-0.7322081923484802,0.9387378096580505,0.2065296173095703,gold_only,46,single_rater_weak
2025_09_15_Re4StRes_T1_DSV/IMG_2854.JPG,plot_a8844705497a4f5f1781,dsv_asendorf_t1_bbch11,/home/nfs/data/nvme_datasets/Pictures_CFSB_leaf_damage/2025_09_15_Re4StRes_T1_DSV/IMG_2854.JPG,1.0,1.3056983947753906,0.7862818241119385,-0.5194165706634521,0.21371817588806152,0.3056983947753906,gold_only,46,single_rater_weak
2025_09_15_Re4StRes_T1_DSV/IMG_2855.JPG,plot_a8844705497a4f5f1781,dsv_asendorf_t1_bbch11,/home/nfs/data/nvme_datasets/Pictures_CFSB_leaf_damage/2025_09_15_Re4StRes_T1_DSV/IMG_2855.JPG,1.0,1.9042563438415527,1.2106629610061646,-0.6935933828353882,0.21066296100616455,0.9042563438415527,gold_only,46,single_rater_weak
2025_09_15_Re4StRes_T1_DSV/IMG_2856.JPG,plot_49332c73775f577459b5,dsv_asendorf_t1_bbch11,/home/nfs/data/nvme_datasets/Pictures_CFSB_leaf_damage/2025_09_15_Re4StRes_T1_DSV/IMG_2856.JPG,2.0,0.6057720184326172,0.22944793105125427,-0.3763240873813629,1.7705520391464233,1.3942279815673828,gold_only,46,single_rater_weak
2025_09_15_Re4StRes_T1_DSV/IMG_2857.JPG,plot_49332c73775f577459b5,dsv_asendorf_t1_bbch11,/home/nfs/data/nvme_datasets/Pictures_CFSB_leaf_damage/2025_09_15_Re4StRes_T1_DSV/IMG_2857.JPG,1.0,0.6995072364807129,-0.08852791786193848,-0.7880351543426514,1.0885279178619385,0.3004927635192871,gold_only,46,single_rater_weak
2025_09_15_Re4StRes_T1_DSV/IMG_2858.JPG,plot_49332c73775f577459b5,dsv_asendorf_t1_bbch11,/home/nfs/data/nvme_datasets/Pictures_CFSB_leaf_damage/2025_09_15_Re4StRes_T1_DSV/IMG_2858.JPG,2.0,2.4377708435058594,1.4910147190093994,-0.9467560648918152,0.5089852809906006,0.4377708435058594,gold_only,46,single_rater_weak
2025_09_15_Re4StRes_T1_DSV/IMG_2859.JPG,plot_ebd4356cb69020d146d3,dsv_asendorf_t1_bbch11,/home/nfs/data/nvme_datasets/Pictures_CFSB_leaf_damage/2025_09_15_Re4StRes_T1_DSV/IMG_2859.JPG,9.0,0.8230524063110352,-0.19779980182647705,-1.0208522081375122,9.197799682617188,8.176947593688965,gold_only,46,single_rater_weak
2025_09_15_Re4StRes_T1_DSV/IMG_2860.JPG,plot_ebd4356cb69020d146d3,dsv_asendorf_t1_bbch11,/home/nfs/data/nvme_datasets/Pictures_CFSB_leaf_damage/2025_09_15_Re4StRes_T1_DSV/IMG_2860.JPG,1.0,0.5891284942626953,-0.43527162075042725,-1.0244001150131226,1.4352716207504272,0.4108715057373047,gold_only,46,single_rater_weak
2025_09_15_Re4StRes_T1_DSV/IMG_2861.JPG,plot_ebd4356cb69020d146d3,dsv_asendorf_t1_bbch11,/home/nfs/data/nvme_datasets/Pictures_CFSB_leaf_damage/2025_09_15_Re4StRes_T1_DSV/IMG_2861.JPG,5.0,0.2361435890197754,-0.25589489936828613,-0.4920384883880615,5.255894660949707,4.763856410980225,gold_only,46,single_rater_weak
2025_09_15_Re4StRes_T1_DSV/IMG_2862.JPG,plot_f0c559e92e25adfd20fd,dsv_asendorf_t1_bbch11,/home/nfs/data/nvme_datasets/Pictures_CFSB_leaf_damage/2025_09_15_Re4StRes_T1_DSV/IMG_2862.JPG,2.0,1.1134557723999023,0.27939897775650024,-0.8340567946434021,1.7206010818481445,0.8865442276000977,gold_only,46,single_rater_weak
2025_09_15_Re4StRes_T1_DSV/IMG_2863.JPG,plot_f0c559e92e25adfd20fd,dsv_asendorf_t1_bbch11,/home/nfs/data/nvme_datasets/Pictures_CFSB_leaf_damage/2025_09_15_Re4StRes_T1_DSV/IMG_2863.JPG,1.0,0.2880129814147949,-0.1768004298210144,-0.4648134112358093,1.1768004894256592,0.7119870185852051,gold_only,46,single_rater_weak
2025_09_15_Re4StRes_T1_DSV/IMG_2864.JPG,plot_f0c559e92e25adfd20fd,dsv_asendorf_t1_bbch11,/home/nfs/data/nvme_datasets/Pictures_CFSB_leaf_damage/2025_09_15_Re4StRes_T1_DSV/IMG_2864.JPG,1.0,0.01400613784790039,-0.6531984210014343,-0.6672045588493347,1.653198480606079,0.9859938621520996,gold_only,46,single_rater_weak
2025_09_15_Re4StRes_T1_DSV/IMG_2865.JPG,plot_d7b8935e967a38afc8af,dsv_asendorf_t1_bbch11,/home/nfs/data/nvme_datasets/Pictures_CFSB_leaf_damage/2025_09_15_Re4StRes_T1_DSV/IMG_2865.JPG,5.0,2.178295135498047,1.7634551525115967,-0.4148399531841278,3.2365448474884033,2.821704864501953,gold_only,46,single_rater_weak
2025_09_15_Re4StRes_T1_DSV/IMG_2866.JPG,plot_d7b8935e967a38afc8af,dsv_asendorf_t1_bbch11,/home/nfs/data/nvme_datasets/Pictures_CFSB_leaf_damage/2025_09_15_Re4StRes_T1_DSV/IMG_2866.JPG,1.0,1.8151192665100098,1.8811798095703125,0.06606059521436691,0.8811798095703125,0.8151192665100098,gold_only,46,single_rater_weak
2025_09_15_Re4StRes_T1_DSV/IMG_2867.JPG,plot_d7b8935e967a38afc8af,dsv_asendorf_t1_bbch11,/home/nfs/data/nvme_datasets/Pictures_CFSB_leaf_damage/2025_09_15_Re4StRes_T1_DSV/IMG_2867.JPG,1.0,1.1350693702697754,0.45283257961273193,-0.6822367906570435,0.5471674203872681,0.1350693702697754,gold_only,46,single_rater_weak
2025_09_15_Re4StRes_T1_DSV/IMG_2868.JPG,plot_df9b1e761cc41b9141d8,dsv_asendorf_t1_bbch11,/home/nfs/data/nvme_datasets/Pictures_CFSB_leaf_damage/2025_09_15_Re4StRes_T1_DSV/IMG_2868.JPG,2.0,1.3889713287353516,1.1141207218170166,-0.27485060691833496,0.8858792781829834,0.6110286712646484,gold_only,46,single_rater_weak
2025_09_15_Re4StRes_T1_DSV/IMG_2869.JPG,plot_df9b1e761cc41b9141d8,dsv_asendorf_t1_bbch11,/home/nfs/data/nvme_datasets/Pictures_CFSB_leaf_damage/2025_09_15_Re4StRes_T1_DSV/IMG_2869.JPG,1.0,1.5871367454528809,1.0882534980773926,-0.49888327717781067,0.08825349807739258,0.5871367454528809,gold_only,46,single_rater_weak
2025_09_15_Re4StRes_T1_DSV/IMG_2870.JPG,plot_df9b1e761cc41b9141d8,dsv_asendorf_t1_bbch11,/home/nfs/data/nvme_datasets/Pictures_CFSB_leaf_damage/2025_09_15_Re4StRes_T1_DSV/IMG_2870.JPG,2.0,1.0503425598144531,0.4343321919441223,-0.6160103678703308,1.5656678676605225,0.9496574401855469,gold_only,46,single_rater_weak
2025_09_15_Re4StRes_T1_DSV/IMG_2871.JPG,plot_a967d2993a2c6d109d24,dsv_asendorf_t1_bbch11,/home/nfs/data/nvme_datasets/Pictures_CFSB_leaf_damage/2025_09_15_Re4StRes_T1_DSV/IMG_2871.JPG,2.0,1.211137294769287,1.0224775075912476,-0.18865974247455597,0.9775224924087524,0.7888627052307129,gold_only,46,single_rater_weak
2025_09_15_Re4StRes_T1_DSV/IMG_2872.JPG,plot_a967d2993a2c6d109d24,dsv_asendorf_t1_bbch11,/home/nfs/data/nvme_datasets/Pictures_CFSB_leaf_damage/2025_09_15_Re4StRes_T1_DSV/IMG_2872.JPG,1.0,0.7037897109985352,-0.14026498794555664,-0.8440546989440918,1.1402649879455566,0.29621028900146484,gold_only,46,single_rater_weak
2025_09_15_Re4StRes_T1_DSV/IMG_2873.JPG,plot_a967d2993a2c6d109d24,dsv_asendorf_t1_bbch11,/home/nfs/data/nvme_datasets/Pictures_CFSB_leaf_damage/2025_09_15_Re4StRes_T1_DSV/IMG_2873.JPG,1.0,0.09009027481079102,-0.6385458111763,-0.7286360859870911,1.6385457515716553,0.909909725189209,gold_only,46,single_rater_weak
2025_09_15_Re4StRes_T1_DSV/IMG_2874.JPG,plot_d2d9c664f2153b1e0828,dsv_asendorf_t1_bbch11,/home/nfs/data/nvme_datasets/Pictures_CFSB_leaf_damage/2025_09_15_Re4StRes_T1_DSV/IMG_2874.JPG,1.0,0.5149836540222168,-0.1497226357460022,-0.664706289768219,1.1497225761413574,0.4850163459777832,gold_only,46,single_rater_weak
2025_09_15_Re4StRes_T1_DSV/IMG_2875.JPG,plot_d2d9c664f2153b1e0828,dsv_asendorf_t1_bbch11,/home/nfs/data/nvme_datasets/Pictures_CFSB_leaf_damage/2025_09_15_Re4StRes_T1_DSV/IMG_2875.JPG,1.0,1.2031745910644531,0.7950562238693237,-0.4081183969974518,0.20494377613067627,0.20317459106445312,gold_only,46,single_rater_weak
2025_09_15_Re4StRes_T1_DSV/IMG_2876.JPG,plot_d2d9c664f2153b1e0828,dsv_asendorf_t1_bbch11,/home/nfs/data/nvme_datasets/Pictures_CFSB_leaf_damage/2025_09_15_Re4StRes_T1_DSV/IMG_2876.JPG,6.0,1.8810162544250488,1.4570221900939941,-0.42399412393569946,4.542977809906006,4.118983745574951,gold_only,46,single_rater_weak
2025_09_15_Re4StRes_T1_DSV/IMG_2877.JPG,plot_06077aa9b2739738e87e,dsv_asendorf_t1_bbch11,/home/nfs/data/nvme_datasets/Pictures_CFSB_leaf_damage/2025_09_15_Re4StRes_T1_DSV/IMG_2877.JPG,1.0,0.32219839096069336,-0.3405660390853882,-0.6627644300460815,1.3405660390853882,0.6778016090393066,gold_only,46,single_rater_weak
2025_09_15_Re4StRes_T1_DSV/IMG_2878.JPG,plot_06077aa9b2739738e87e,dsv_asendorf_t1_bbch11,/home/nfs/data/nvme_datasets/Pictures_CFSB_leaf_damage/2025_09_15_Re4StRes_T1_DSV/IMG_2878.JPG,4.0,0.5079765319824219,-0.2176920771598816,-0.7256686091423035,4.217691898345947,3.492023468017578,gold_only,46,single_rater_weak
2025_09_15_Re4StRes_T1_DSV/IMG_2879.JPG,plot_06077aa9b2739738e87e,dsv_asendorf_t1_bbch11,/home/nfs/data/nvme_datasets/Pictures_CFSB_leaf_damage/2025_09_15_Re4StRes_T1_DSV/IMG_2879.JPG,1.0,0.8748979568481445,-0.16549551486968994,-1.0403934717178345,1.16549551486969,0.12510204315185547,gold_only,46,single_rater_weak
2025_09_15_Re4StRes_T1_DSV/IMG_2880.JPG,plot_d89a8bcf8d0d7729813c,dsv_asendorf_t1_bbch11,/home/nfs/data/nvme_datasets/Pictures_CFSB_leaf_damage/2025_09_15_Re4StRes_T1_DSV/IMG_2880.JPG,2.0,0.08350086212158203,-0.7262568473815918,-0.8097577095031738,2.726256847381592,1.916499137878418,gold_only,46,single_rater_weak
2025_09_15_Re4StRes_T1_DSV/IMG_2881.JPG,plot_d89a8bcf8d0d7729813c,dsv_asendorf_t1_bbch11,/home/nfs/data/nvme_datasets/Pictures_CFSB_leaf_damage/2025_09_15_Re4StRes_T1_DSV/IMG_2881.JPG,1.0,1.5334033966064453,1.4637211561203003,-0.06968224048614502,0.4637211561203003,0.5334033966064453,gold_only,46,single_rater_weak
2025_09_15_Re4StRes_T1_DSV/IMG_2882.JPG,plot_d89a8bcf8d0d7729813c,dsv_asendorf_t1_bbch11,/home/nfs/data/nvme_datasets/Pictures_CFSB_leaf_damage/2025_09_15_Re4StRes_T1_DSV/IMG_2882.JPG,1.0,0.3118104934692383,-0.43891745805740356,-0.7507279515266418,1.4389173984527588,0.6881895065307617,gold_only,46,single_rater_weak
2025_09_15_Re4StRes_T1_DSV/IMG_2883.JPG,plot_9d01cfe64d34d5079290,dsv_asendorf_t1_bbch11,/home/nfs/data/nvme_datasets/Pictures_CFSB_leaf_damage/2025_09_15_Re4StRes_T1_DSV/IMG_2883.JPG,1.0,0.8802976608276367,0.5656169652938843,-0.31468069553375244,0.4343830347061157,0.11970233917236328,gold_only,46,single_rater_weak
2025_09_15_Re4StRes_T1_DSV/IMG_2884.JPG,plot_9d01cfe64d34d5079290,dsv_asendorf_t1_bbch11,/home/nfs/data/nvme_datasets/Pictures_CFSB_leaf_damage/2025_09_15_Re4StRes_T1_DSV/IMG_2884.JPG,9.0,0.6708583831787109,0.20782184600830078,-0.46303653717041016,8.7921781539917,8.329141616821289,gold_only,46,single_rater_weak
2025_09_15_Re4StRes_T1_DSV/IMG_2885.JPG,plot_9d01cfe64d34d5079290,dsv_asendorf_t1_bbch11,/home/nfs/data/nvme_datasets/Pictures_CFSB_leaf_damage/2025_09_15_Re4StRes_T1_DSV/IMG_2885.JPG,5.0,0.04093360900878906,-0.5242840051651001,-0.5652176141738892,5.5242838859558105,4.959066390991211,gold_only,46,single_rater_weak
2025_09_15_Re4StRes_T1_DSV/IMG_2886.JPG,plot_d60fc64330d7114e5f4c,dsv_asendorf_t1_bbch11,/home/nfs/data/nvme_datasets/Pictures_CFSB_leaf_damage/2025_09_15_Re4StRes_T1_DSV/IMG_2886.JPG,8.0,2.595609188079834,2.08268666267395,-0.5129225254058838,5.917313575744629,5.404390811920166,gold_only,46,single_rater_weak
2025_09_15_Re4StRes_T1_DSV/IMG_2887.JPG,plot_d60fc64330d7114e5f4c,dsv_asendorf_t1_bbch11,/home/nfs/data/nvme_datasets/Pictures_CFSB_leaf_damage/2025_09_15_Re4StRes_T1_DSV/IMG_2887.JPG,1.0,-0.12610626220703125,-0.5218020677566528,-0.39569583535194397,1.5218020677566528,1.1261062622070312,gold_only,46,single_rater_weak
2025_09_15_Re4StRes_T1_DSV/IMG_2888.JPG,plot_d60fc64330d7114e5f4c,dsv_asendorf_t1_bbch11,/home/nfs/data/nvme_datasets/Pictures_CFSB_leaf_damage/2025_09_15_Re4StRes_T1_DSV/IMG_2888.JPG,1.0,0.26618194580078125,0.4174741506576538,0.15129221975803375,0.5825258493423462,0.7338180541992188,gold_only,46,single_rater_weak
2025_09_15_Re4StRes_T1_DSV/IMG_2889.JPG,plot_c6c3a3cc275334f1f08b,dsv_asendorf_t1_bbch11,/home/nfs/data/nvme_datasets/Pictures_CFSB_leaf_damage/2025_09_15_Re4StRes_T1_DSV/IMG_2889.JPG,1.0,0.09987545013427734,-0.18783777952194214,-0.2877132296562195,1.187837839126587,0.9001245498657227,gold_only,46,single_rater_weak
2025_09_15_Re4StRes_T1_DSV/IMG_2890.JPG,plot_c6c3a3cc275334f1f08b,dsv_asendorf_t1_bbch11,/home/nfs/data/nvme_datasets/Pictures_CFSB_leaf_damage/2025_09_15_Re4StRes_T1_DSV/IMG_2890.JPG,2.0,0.5963473320007324,0.5743416547775269,-0.022005654871463776,1.4256583452224731,1.4036526679992676,gold_only,46,single_rater_weak
2025_09_15_Re4StRes_T1_DSV/IMG_2891.JPG,plot_c6c3a3cc275334f1f08b,dsv_asendorf_t1_bbch11,/home/nfs/data/nvme_datasets/Pictures_CFSB_leaf_damage/2025_09_15_Re4StRes_T1_DSV/IMG_2891.JPG,2.0,0.2980642318725586,-0.17144042253494263,-0.4695046544075012,2.171440362930298,1.7019357681274414,gold_only,46,single_rater_weak
2025_09_15_Re4StRes_T1_DSV/IMG_2892.JPG,plot_173aba14c5464b12bb95,dsv_asendorf_t1_bbch11,/home/nfs/data/nvme_datasets/Pictures_CFSB_leaf_damage/2025_09_15_Re4StRes_T1_DSV/IMG_2892.JPG,2.0,2.1068196296691895,1.772942066192627,-0.3338775336742401,0.22705793380737305,0.10681962966918945,gold_only,46,single_rater_weak
2025_09_15_Re4StRes_T1_DSV/IMG_2893.JPG,plot_173aba14c5464b12bb95,dsv_asendorf_t1_bbch11,/home/nfs/data/nvme_datasets/Pictures_CFSB_leaf_damage/2025_09_15_Re4StRes_T1_DSV/IMG_2893.JPG,1.0,0.6350064277648926,-0.2337174415588379,-0.8687238693237305,1.233717441558838,0.3649935722351074,gold_only,46,single_rater_weak
2025_09_15_Re4StRes_T1_DSV/IMG_2894.JPG,plot_173aba14c5464b12bb95,dsv_asendorf_t1_bbch11,/home/nfs/data/nvme_datasets/Pictures_CFSB_leaf_damage/2025_09_15_Re4StRes_T1_DSV/IMG_2894.JPG,5.0,2.300139904022217,2.14497447013855,-0.15516546368598938,2.85502552986145,2.699860095977783,gold_only,46,single_rater_weak
2025_09_15_Re4StRes_T1_DSV/IMG_2895.JPG,plot_5b92a0664e4fb6d58534,dsv_asendorf_t1_bbch11,/home/nfs/data/nvme_datasets/Pictures_CFSB_leaf_damage/2025_09_15_Re4StRes_T1_DSV/IMG_2895.JPG,25.0,3.730823040008545,3.3853464126586914,-0.34547656774520874,21.614654541015625,21.269176483154297,gold_only,46,single_rater_weak
2025_09_15_Re4StRes_T1_DSV/IMG_2896.JPG,plot_5b92a0664e4fb6d58534,dsv_asendorf_t1_bbch11,/home/nfs/data/nvme_datasets/Pictures_CFSB_leaf_damage/2025_09_15_Re4StRes_T1_DSV/IMG_2896.JPG,18.0,4.096707344055176,4.226386547088623,0.1296791285276413,13.773612976074219,13.903292655944824,gold_only,46,single_rater_weak
2025_09_15_Re4StRes_T1_DSV/IMG_2897.JPG,plot_5b92a0664e4fb6d58534,dsv_asendorf_t1_bbch11,/home/nfs/data/nvme_datasets/Pictures_CFSB_leaf_damage/2025_09_15_Re4StRes_T1_DSV/IMG_2897.JPG,10.0,1.0621953010559082,0.46431058645248413,-0.5978847146034241,9.535689353942871,8.93780517578125,gold_only,46,single_rater_weak
2025_09_15_Re4StRes_T1_DSV/IMG_2898.JPG,plot_d667cdaecff8d0c52a9e,dsv_asendorf_t1_bbch11,/home/nfs/data/nvme_datasets/Pictures_CFSB_leaf_damage/2025_09_15_Re4StRes_T1_DSV/IMG_2898.JPG,10.0,2.7373881340026855,1.9667752981185913,-0.7706128358840942,8.033225059509277,7.2626118659973145,gold_only,46,single_rater_weak
2025_09_15_Re4StRes_T1_DSV/IMG_2900.JPG,plot_d667cdaecff8d0c52a9e,dsv_asendorf_t1_bbch11,/home/nfs/data/nvme_datasets/Pictures_CFSB_leaf_damage/2025_09_15_Re4StRes_T1_DSV/IMG_2900.JPG,15.0,2.5893335342407227,2.6132724285125732,0.023938890546560287,12.386727333068848,12.410666465759277,gold_only,46,single_rater_weak
2025_09_15_Re4StRes_T1_DSV/IMG_2901.JPG,plot_d667cdaecff8d0c52a9e,dsv_asendorf_t1_bbch11,/home/nfs/data/nvme_datasets/Pictures_CFSB_leaf_damage/2025_09_15_Re4StRes_T1_DSV/IMG_2901.JPG,7.0,3.5019848346710205,3.153625249862671,-0.3483596444129944,3.846374750137329,3.4980151653289795,gold_only,46,single_rater_weak
2025_09_15_Re4StRes_T1_DSV/IMG_2902.JPG,plot_94ea7c58860f7d8c77c9,dsv_asendorf_t1_bbch11,/home/nfs/data/nvme_datasets/Pictures_CFSB_leaf_damage/2025_09_15_Re4StRes_T1_DSV/IMG_2902.JPG,23.0,7.425163269042969,7.597535610198975,0.17237217724323273,15.402463912963867,15.574836730957031,gold_only,46,single_rater_weak
2025_09_15_Re4StRes_T1_DSV/IMG_2903.JPG,plot_94ea7c58860f7d8c77c9,dsv_asendorf_t1_bbch11,/home/nfs/data/nvme_datasets/Pictures_CFSB_leaf_damage/2025_09_15_Re4StRes_T1_DSV/IMG_2903.JPG,15.0,7.292356491088867,7.0673418045043945,-0.22501492500305176,7.9326581954956055,7.707643508911133,gold_only,46,single_rater_weak
2025_09_15_Re4StRes_T1_DSV/IMG_2904.JPG,plot_94ea7c58860f7d8c77c9,dsv_asendorf_t1_bbch11,/home/nfs/data/nvme_datasets/Pictures_CFSB_leaf_damage/2025_09_15_Re4StRes_T1_DSV/IMG_2904.JPG,3.0,1.687222957611084,1.3819435834884644,-0.305279403924942,1.6180564165115356,1.312777042388916,gold_only,46,single_rater_weak
2025_09_15_Re4StRes_T1_DSV/IMG_2905.JPG,plot_dbc6c631115af6239c6c,dsv_asendorf_t1_bbch11,/home/nfs/data/nvme_datasets/Pictures_CFSB_leaf_damage/2025_09_15_Re4StRes_T1_DSV/IMG_2905.JPG,3.0,0.8328380584716797,0.847374439239502,0.014536409638822079,2.152625560760498,2.1671619415283203,gold_only,46,single_rater_weak
2025_09_15_Re4StRes_T1_DSV/IMG_2906.JPG,plot_dbc6c631115af6239c6c,dsv_asendorf_t1_bbch11,/home/nfs/data/nvme_datasets/Pictures_CFSB_leaf_damage/2025_09_15_Re4StRes_T1_DSV/IMG_2906.JPG,2.0,2.3833727836608887,2.403778076171875,0.02040521427989006,0.403778076171875,0.38337278366088867,gold_only,46,single_rater_weak
2025_09_15_Re4StRes_T1_DSV/IMG_2907.JPG,plot_dbc6c631115af6239c6c,dsv_asendorf_t1_bbch11,/home/nfs/data/nvme_datasets/Pictures_CFSB_leaf_damage/2025_09_15_Re4StRes_T1_DSV/IMG_2907.JPG,8.0,0.6087455749511719,0.028068840503692627,-0.5806767344474792,7.971930980682373,7.391254425048828,gold_only,46,single_rater_weak
2025_09_15_Re4StRes_T1_DSV/IMG_2908.JPG,plot_94a13f7206c6a3c73cd6,dsv_asendorf_t1_bbch11,/home/nfs/data/nvme_datasets/Pictures_CFSB_leaf_damage/2025_09_15_Re4StRes_T1_DSV/IMG_2908.JPG,2.0,0.5547738075256348,0.19324302673339844,-0.36153078079223633,1.8067569732666016,1.4452261924743652,gold_only,46,single_rater_weak
2025_09_15_Re4StRes_T1_DSV/IMG_2909.JPG,plot_94a13f7206c6a3c73cd6,dsv_asendorf_t1_bbch11,/home/nfs/data/nvme_datasets/Pictures_CFSB_leaf_damage/2025_09_15_Re4StRes_T1_DSV/IMG_2909.JPG,14.0,2.342489242553711,2.468851089477539,0.12636177241802216,11.531148910522461,11.657510757446289,gold_only,46,single_rater_weak
2025_09_15_Re4StRes_T1_DSV/IMG_2911.JPG,plot_94a13f7206c6a3c73cd6,dsv_asendorf_t1_bbch11,/home/nfs/data/nvme_datasets/Pictures_CFSB_leaf_damage/2025_09_15_Re4StRes_T1_DSV/IMG_2911.JPG,11.0,2.315518379211426,2.169187545776367,-0.1463308334350586,8.830812454223633,8.684481620788574,gold_only,46,single_rater_weak
2025_09_15_Re4StRes_T1_DSV/IMG_2912.JPG,plot_401959473a7fdf98fa1b,dsv_asendorf_t1_bbch11,/home/nfs/data/nvme_datasets/Pictures_CFSB_leaf_damage/2025_09_15_Re4StRes_T1_DSV/IMG_2912.JPG,5.0,3.753545045852661,3.419405937194824,-0.3341391086578369,1.5805940628051758,1.2464549541473389,gold_only,46,single_rater_weak
2025_09_15_Re4StRes_T1_DSV/IMG_2913.JPG,plot_401959473a7fdf98fa1b,dsv_asendorf_t1_bbch11,/home/nfs/data/nvme_datasets/Pictures_CFSB_leaf_damage/2025_09_15_Re4StRes_T1_DSV/IMG_2913.JPG,11.0,3.036937713623047,2.411677360534668,-0.6252604126930237,8.588322639465332,7.963062286376953,gold_only,46,single_rater_weak
2025_09_15_Re4StRes_T1_DSV/IMG_2914.JPG,plot_401959473a7fdf98fa1b,dsv_asendorf_t1_bbch11,/home/nfs/data/nvme_datasets/Pictures_CFSB_leaf_damage/2025_09_15_Re4StRes_T1_DSV/IMG_2914.JPG,6.0,2.2323665618896484,1.9996058940887451,-0.23276063799858093,4.000393867492676,3.7676334381103516,gold_only,46,single_rater_weak
2025_09_15_Re4StRes_T1_DSV/IMG_2915.JPG,plot_acea1f718990cc6d06f9,dsv_asendorf_t1_bbch11,/home/nfs/data/nvme_datasets/Pictures_CFSB_leaf_damage/2025_09_15_Re4StRes_T1_DSV/IMG_2915.JPG,18.0,2.989988327026367,2.2521581649780273,-0.7378301024436951,15.747841835021973,15.010011672973633,gold_only,46,single_rater_weak
2025_09_15_Re4StRes_T1_DSV/IMG_2916.JPG,plot_acea1f718990cc6d06f9,dsv_asendorf_t1_bbch11,/home/nfs/data/nvme_datasets/Pictures_CFSB_leaf_damage/2025_09_15_Re4StRes_T1_DSV/IMG_2916.JPG,18.0,2.3386192321777344,1.8548905849456787,-0.4837285876274109,16.145109176635742,15.661380767822266,gold_only,46,single_rater_weak
2025_09_15_Re4StRes_T1_DSV/IMG_2917.JPG,plot_acea1f718990cc6d06f9,dsv_asendorf_t1_bbch11,/home/nfs/data/nvme_datasets/Pictures_CFSB_leaf_damage/2025_09_15_Re4StRes_T1_DSV/IMG_2917.JPG,3.0,0.5673747062683105,0.060584306716918945,-0.5067903995513916,2.939415693283081,2.4326252937316895,gold_only,46,single_rater_weak
2025_09_15_Re4StRes_T1_DSV/IMG_2918.JPG,plot_2a793365ce625b6d0933,dsv_asendorf_t1_bbch11,/home/nfs/data/nvme_datasets/Pictures_CFSB_leaf_damage/2025_09_15_Re4StRes_T1_DSV/IMG_2918.JPG,6.0,2.0866189002990723,1.8661038875579834,-0.22051498293876648,4.1338958740234375,3.9133810997009277,gold_only,46,single_rater_weak
2025_09_15_Re4StRes_T1_DSV/IMG_2919.JPG,plot_2a793365ce625b6d0933,dsv_asendorf_t1_bbch11,/home/nfs/data/nvme_datasets/Pictures_CFSB_leaf_damage/2025_09_15_Re4StRes_T1_DSV/IMG_2919.JPG,2.0,1.5406699180603027,0.8337895274162292,-0.7068803906440735,1.166210412979126,0.45933008193969727,gold_only,46,single_rater_weak
2025_09_15_Re4StRes_T1_DSV/IMG_2920.JPG,plot_2a793365ce625b6d0933,dsv_asendorf_t1_bbch11,/home/nfs/data/nvme_datasets/Pictures_CFSB_leaf_damage/2025_09_15_Re4StRes_T1_DSV/IMG_2920.JPG,2.0,1.4532928466796875,1.5521639585494995,0.09887110441923141,0.4478360414505005,0.5467071533203125,gold_only,46,single_rater_weak
2025_09_15_Re4StRes_T1_DSV/IMG_2922.JPG,plot_728875283c2174c74a38,dsv_asendorf_t1_bbch11,/home/nfs/data/nvme_datasets/Pictures_CFSB_leaf_damage/2025_09_15_Re4StRes_T1_DSV/IMG_2922.JPG,14.0,2.858076572418213,2.5199193954467773,-0.3381572961807251,11.480080604553223,11.141923904418945,gold_only,46,single_rater_weak
2025_09_15_Re4StRes_T1_DSV/IMG_2923.JPG,plot_728875283c2174c74a38,dsv_asendorf_t1_bbch11,/home/nfs/data/nvme_datasets/Pictures_CFSB_leaf_damage/2025_09_15_Re4StRes_T1_DSV/IMG_2923.JPG,2.0,1.2124881744384766,0.550324559211731,-0.6621636152267456,1.449675440788269,0.7875118255615234,gold_only,46,single_rater_weak
2025_09_15_Re4StRes_T1_DSV/IMG_2924.JPG,plot_728875283c2174c74a38,dsv_asendorf_t1_bbch11,/home/nfs/data/nvme_datasets/Pictures_CFSB_leaf_damage/2025_09_15_Re4StRes_T1_DSV/IMG_2924.JPG,4.0,0.17945575714111328,-0.2135182023048401,-0.39297395944595337,4.213518142700195,3.8205442428588867,gold_only,46,single_rater_weak
2025_09_15_Re4StRes_T1_DSV/IMG_2925.JPG,plot_08c76eef14bf2854a036,dsv_asendorf_t1_bbch11,/home/nfs/data/nvme_datasets/Pictures_CFSB_leaf_damage/2025_09_15_Re4StRes_T1_DSV/IMG_2925.JPG,2.0,0.47456979751586914,-0.3016403317451477,-0.7762101292610168,2.301640272140503,1.5254302024841309,gold_only,46,single_rater_weak
2025_09_15_Re4StRes_T1_DSV/IMG_2926.JPG,plot_08c76eef14bf2854a036,dsv_asendorf_t1_bbch11,/home/nfs/data/nvme_datasets/Pictures_CFSB_leaf_damage/2025_09_15_Re4StRes_T1_DSV/IMG_2926.JPG,1.0,1.9333109855651855,1.8061877489089966,-0.12712323665618896,0.8061877489089966,0.9333109855651855,gold_only,46,single_rater_weak
2025_09_15_Re4StRes_T1_DSV/IMG_2927.JPG,plot_08c76eef14bf2854a036,dsv_asendorf_t1_bbch11,/home/nfs/data/nvme_datasets/Pictures_CFSB_leaf_damage/2025_09_15_Re4StRes_T1_DSV/IMG_2927.JPG,16.0,0.9964523315429688,1.0196747779846191,0.023222487419843674,14.980325698852539,15.003547668457031,gold_only,46,single_rater_weak
2025_09_15_Re4StRes_T1_DSV/IMG_2928.JPG,plot_3a39c4e211148b28458d,dsv_asendorf_t1_bbch11,/home/nfs/data/nvme_datasets/Pictures_CFSB_leaf_damage/2025_09_15_Re4StRes_T1_DSV/IMG_2928.JPG,10.0,0.0067272186279296875,-0.7272796034812927,-0.7340068221092224,10.727279663085938,9.99327278137207,gold_only,46,single_rater_weak
2025_09_15_Re4StRes_T1_DSV/IMG_2929.JPG,plot_3a39c4e211148b28458d,dsv_asendorf_t1_bbch11,/home/nfs/data/nvme_datasets/Pictures_CFSB_leaf_damage/2025_09_15_Re4StRes_T1_DSV/IMG_2929.JPG,19.0,2.0884804725646973,1.766324520111084,-0.32215601205825806,17.233675003051758,16.91152000427246,gold_only,46,single_rater_weak
2025_09_15_Re4StRes_T1_DSV/IMG_2930.JPG,plot_3a39c4e211148b28458d,dsv_asendorf_t1_bbch11,/home/nfs/data/nvme_datasets/Pictures_CFSB_leaf_damage/2025_09_15_Re4StRes_T1_DSV/IMG_2930.JPG,1.0,1.1021194458007812,0.6195899248123169,-0.48252955079078674,0.3804100751876831,0.10211944580078125,gold_only,46,single_rater_weak
2025_09_15_Re4StRes_T1_DSV/IMG_2931.JPG,plot_49ce69d3cc874d1b62c8,dsv_asendorf_t1_bbch11,/home/nfs/data/nvme_datasets/Pictures_CFSB_leaf_damage/2025_09_15_Re4StRes_T1_DSV/IMG_2931.JPG,12.0,2.6687417030334473,2.3671715259552,-0.30157026648521423,9.632828712463379,9.331258773803711,gold_only,46,single_rater_weak
2025_09_15_Re4StRes_T1_DSV/IMG_2932.JPG,plot_49ce69d3cc874d1b62c8,dsv_asendorf_t1_bbch11,/home/nfs/data/nvme_datasets/Pictures_CFSB_leaf_damage/2025_09_15_Re4StRes_T1_DSV/IMG_2932.JPG,22.0,3.2607216835021973,3.388946056365967,0.12822437286376953,18.611053466796875,18.73927879333496,gold_only,46,single_rater_weak
2025_09_15_Re4StRes_T1_DSV/IMG_2933.JPG,plot_49ce69d3cc874d1b62c8,dsv_asendorf_t1_bbch11,/home/nfs/data/nvme_datasets/Pictures_CFSB_leaf_damage/2025_09_15_Re4StRes_T1_DSV/IMG_2933.JPG,2.0,4.935155391693115,4.913012504577637,-0.022142650559544563,2.9130125045776367,2.9351553916931152,gold_only,46,single_rater_weak
2025_09_15_Re4StRes_T1_DSV/IMG_2934.JPG,plot_f672e06e78f4310a2300,dsv_asendorf_t1_bbch11,/home/nfs/data/nvme_datasets/Pictures_CFSB_leaf_damage/2025_09_15_Re4StRes_T1_DSV/IMG_2934.JPG,2.0,0.4916090965270996,0.010367423295974731,-0.4812416732311249,1.9896326065063477,1.5083909034729004,gold_only,46,single_rater_weak
2025_09_15_Re4StRes_T1_DSV/IMG_2935.JPG,plot_f672e06e78f4310a2300,dsv_asendorf_t1_bbch11,/home/nfs/data/nvme_datasets/Pictures_CFSB_leaf_damage/2025_09_15_Re4StRes_T1_DSV/IMG_2935.JPG,4.0,3.4211411476135254,3.24798321723938,-0.17315791547298431,0.7520167827606201,0.5788588523864746,gold_only,46,single_rater_weak
2025_09_15_Re4StRes_T1_DSV/IMG_2936.JPG,plot_f672e06e78f4310a2300,dsv_asendorf_t1_bbch11,/home/nfs/data/nvme_datasets/Pictures_CFSB_leaf_damage/2025_09_15_Re4StRes_T1_DSV/IMG_2936.JPG,9.0,1.116525650024414,0.8285906910896301,-0.28793495893478394,8.171409606933594,7.883474349975586,gold_only,46,single_rater_weak
2025_09_15_Re4StRes_T1_DSV/IMG_2937.JPG,plot_3b699ca9c300cc1cce74,dsv_asendorf_t1_bbch11,/home/nfs/data/nvme_datasets/Pictures_CFSB_leaf_damage/2025_09_15_Re4StRes_T1_DSV/IMG_2937.JPG,11.0,1.9621729850769043,1.8590673208236694,-0.10310561954975128,9.1409330368042,9.037826538085938,gold_only,46,single_rater_weak
2025_09_15_Re4StRes_T1_DSV/IMG_2938.JPG,plot_3b699ca9c300cc1cce74,dsv_asendorf_t1_bbch11,/home/nfs/data/nvme_datasets/Pictures_CFSB_leaf_damage/2025_09_15_Re4StRes_T1_DSV/IMG_2938.JPG,23.0,2.7952518463134766,2.9468510150909424,0.15159906446933746,20.05314826965332,20.204748153686523,gold_only,46,single_rater_weak
2025_09_15_Re4StRes_T1_DSV/IMG_2939.JPG,plot_3b699ca9c300cc1cce74,dsv_asendorf_t1_bbch11,/home/nfs/data/nvme_datasets/Pictures_CFSB_leaf_damage/2025_09_15_Re4StRes_T1_DSV/IMG_2939.JPG,4.0,1.8251609802246094,1.1401968002319336,-0.684964120388031,2.8598031997680664,2.1748390197753906,gold_only,46,single_rater_weak
2025_09_15_Re4StRes_T1_DSV/IMG_2940.JPG,plot_e329dfdd5eef80a5d030,dsv_asendorf_t1_bbch11,/home/nfs/data/nvme_datasets/Pictures_CFSB_leaf_damage/2025_09_15_Re4StRes_T1_DSV/IMG_2940.JPG,1.0,0.8815112113952637,0.8817317485809326,0.00022055115550756454,0.11826825141906738,0.11848878860473633,gold_only,46,single_rater_weak
2025_09_15_Re4StRes_T1_DSV/IMG_2941.JPG,plot_e329dfdd5eef80a5d030,dsv_asendorf_t1_bbch11,/home/nfs/data/nvme_datasets/Pictures_CFSB_leaf_damage/2025_09_15_Re4StRes_T1_DSV/IMG_2941.JPG,4.0,3.947845935821533,3.907442092895508,-0.040403809398412704,0.09255790710449219,0.0521540641784668,gold_only,46,single_rater_weak
2025_09_15_Re4StRes_T1_DSV/IMG_2942.JPG,plot_e329dfdd5eef80a5d030,dsv_asendorf_t1_bbch11,/home/nfs/data/nvme_datasets/Pictures_CFSB_leaf_damage/2025_09_15_Re4StRes_T1_DSV/IMG_2942.JPG,16.0,1.1769089698791504,1.2920053005218506,0.11509627103805542,14.70799446105957,14.823091506958008,gold_only,46,single_rater_weak
2025_09_15_Re4StRes_T1_DSV/IMG_2943.JPG,plot_18a2195a85762dad8df2,dsv_asendorf_t1_bbch11,/home/nfs/data/nvme_datasets/Pictures_CFSB_leaf_damage/2025_09_15_Re4StRes_T1_DSV/IMG_2943.JPG,4.0,1.099764347076416,1.0887781381607056,-0.010986259207129478,2.911221981048584,2.900235652923584,gold_only,46,single_rater_weak
2025_09_15_Re4StRes_T1_DSV/IMG_2944.JPG,plot_18a2195a85762dad8df2,dsv_asendorf_t1_bbch11,/home/nfs/data/nvme_datasets/Pictures_CFSB_leaf_damage/2025_09_15_Re4StRes_T1_DSV/IMG_2944.JPG,18.0,1.061145305633545,0.8458285927772522,-0.21531671285629272,17.154170989990234,16.938854217529297,gold_only,46,single_rater_weak
2025_09_15_Re4StRes_T1_DSV/IMG_2945.JPG,plot_18a2195a85762dad8df2,dsv_asendorf_t1_bbch11,/home/nfs/data/nvme_datasets/Pictures_CFSB_leaf_damage/2025_09_15_Re4StRes_T1_DSV/IMG_2945.JPG,20.0,1.2880244255065918,1.2871484756469727,-0.0008759135380387306,18.712852478027344,18.71197509765625,gold_only,46,single_rater_weak
2025_09_15_Re4StRes_T1_DSV/IMG_2946.JPG,plot_63b18ea658eedaada1c0,dsv_asendorf_t1_bbch11,/home/nfs/data/nvme_datasets/Pictures_CFSB_leaf_damage/2025_09_15_Re4StRes_T1_DSV/IMG_2946.JPG,2.0,0.6641602516174316,0.7698177099227905,0.1056574359536171,1.2301822900772095,1.3358397483825684,gold_only,46,single_rater_weak
2025_09_15_Re4StRes_T1_DSV/IMG_2947.JPG,plot_63b18ea658eedaada1c0,dsv_asendorf_t1_bbch11,/home/nfs/data/nvme_datasets/Pictures_CFSB_leaf_damage/2025_09_15_Re4StRes_T1_DSV/IMG_2947.JPG,35.0,5.169910907745361,5.16642951965332,-0.0034815394319593906,29.83357048034668,29.830089569091797,gold_only,46,single_rater_weak
2025_09_15_Re4StRes_T1_DSV/IMG_2948.JPG,plot_63b18ea658eedaada1c0,dsv_asendorf_t1_bbch11,/home/nfs/data/nvme_datasets/Pictures_CFSB_leaf_damage/2025_09_15_Re4StRes_T1_DSV/IMG_2948.JPG,23.0,1.0963821411132812,1.0045340061187744,-0.09184811264276505,21.995466232299805,21.90361785888672,gold_only,46,single_rater_weak
2025_09_15_Re4StRes_T1_DSV/IMG_2949.JPG,plot_724abc754b17665c24b5,dsv_asendorf_t1_bbch11,/home/nfs/data/nvme_datasets/Pictures_CFSB_leaf_damage/2025_09_15_Re4StRes_T1_DSV/IMG_2949.JPG,7.0,1.0961413383483887,0.6518155336380005,-0.4443257749080658,6.348184585571289,5.903858661651611,gold_only,46,single_rater_weak
2025_09_15_Re4StRes_T1_DSV/IMG_2950.JPG,plot_724abc754b17665c24b5,dsv_asendorf_t1_bbch11,/home/nfs/data/nvme_datasets/Pictures_CFSB_leaf_damage/2025_09_15_Re4StRes_T1_DSV/IMG_2950.JPG,9.0,2.0386290550231934,1.6175024509429932,-0.42112666368484497,7.382497787475586,6.961370944976807,gold_only,46,single_rater_weak
2025_09_15_Re4StRes_T1_DSV/IMG_2951.JPG,plot_724abc754b17665c24b5,dsv_asendorf_t1_bbch11,/home/nfs/data/nvme_datasets/Pictures_CFSB_leaf_damage/2025_09_15_Re4StRes_T1_DSV/IMG_2951.JPG,4.0,1.267348289489746,1.2703180313110352,0.002969796536490321,2.729681968688965,2.732651710510254,gold_only,46,single_rater_weak
2025_09_15_Re4StRes_T1_DSV/IMG_2952.JPG,plot_adc4faadd2469476e975,dsv_asendorf_t1_bbch11,/home/nfs/data/nvme_datasets/Pictures_CFSB_leaf_damage/2025_09_15_Re4StRes_T1_DSV/IMG_2952.JPG,7.0,7.432642459869385,7.265463829040527,-0.167178675532341,0.26546382904052734,0.43264245986938477,gold_only,46,single_rater_weak
2025_09_15_Re4StRes_T1_DSV/IMG_2953.JPG,plot_adc4faadd2469476e975,dsv_asendorf_t1_bbch11,/home/nfs/data/nvme_datasets/Pictures_CFSB_leaf_damage/2025_09_15_Re4StRes_T1_DSV/IMG_2953.JPG,14.0,4.099679946899414,3.772061824798584,-0.32761824131011963,10.227937698364258,9.900320053100586,gold_only,46,single_rater_weak
2025_09_15_Re4StRes_T1_DSV/IMG_2954.JPG,plot_adc4faadd2469476e975,dsv_asendorf_t1_bbch11,/home/nfs/data/nvme_datasets/Pictures_CFSB_leaf_damage/2025_09_15_Re4StRes_T1_DSV/IMG_2954.JPG,8.0,1.5942745208740234,1.270140290260315,-0.3241342306137085,6.729859828948975,6.405725479125977,gold_only,46,single_rater_weak
2025_09_15_Re4StRes_T1_DSV/IMG_2955.JPG,plot_ea983699b2703524116f,dsv_asendorf_t1_bbch11,/home/nfs/data/nvme_datasets/Pictures_CFSB_leaf_damage/2025_09_15_Re4StRes_T1_DSV/IMG_2955.JPG,2.0,1.3135795593261719,1.0253009796142578,-0.2882785201072693,0.9746990203857422,0.6864204406738281,gold_only,46,single_rater_weak
2025_09_15_Re4StRes_T1_DSV/IMG_2956.JPG,plot_ea983699b2703524116f,dsv_asendorf_t1_bbch11,/home/nfs/data/nvme_datasets/Pictures_CFSB_leaf_damage/2025_09_15_Re4StRes_T1_DSV/IMG_2956.JPG,13.0,3.9204211235046387,3.7562527656555176,-0.16416838765144348,9.24374771118164,9.079578399658203,gold_only,46,single_rater_weak
2025_09_15_Re4StRes_T1_DSV/IMG_2957.JPG,plot_ea983699b2703524116f,dsv_asendorf_t1_bbch11,/home/nfs/data/nvme_datasets/Pictures_CFSB_leaf_damage/2025_09_15_Re4StRes_T1_DSV/IMG_2957.JPG,6.0,0.9767541885375977,0.6107981204986572,-0.36595606803894043,5.389202117919922,5.023245811462402,gold_only,46,single_rater_weak
2025_09_15_Re4StRes_T1_DSV/IMG_2958.JPG,plot_08de49746d4125eddd77,dsv_asendorf_t1_bbch11,/home/nfs/data/nvme_datasets/Pictures_CFSB_leaf_damage/2025_09_15_Re4StRes_T1_DSV/IMG_2958.JPG,11.0,2.0839381217956543,2.1954872608184814,0.11154903471469879,8.804512977600098,8.916061401367188,gold_only,46,single_rater_weak
2025_09_15_Re4StRes_T1_DSV/IMG_2959.JPG,plot_08de49746d4125eddd77,dsv_asendorf_t1_bbch11,/home/nfs/data/nvme_datasets/Pictures_CFSB_leaf_damage/2025_09_15_Re4StRes_T1_DSV/IMG_2959.JPG,16.0,6.219453811645508,6.43695068359375,0.21749673783779144,9.56304931640625,9.780546188354492,gold_only,46,single_rater_weak
2025_09_15_Re4StRes_T1_DSV/IMG_2960.JPG,plot_08de49746d4125eddd77,dsv_asendorf_t1_bbch11,/home/nfs/data/nvme_datasets/Pictures_CFSB_leaf_damage/2025_09_15_Re4StRes_T1_DSV/IMG_2960.JPG,8.0,2.554636001586914,2.1008429527282715,-0.4537929594516754,5.8991570472717285,5.445363998413086,gold_only,46,single_rater_weak
2025_09_15_Re4StRes_T1_DSV/IMG_2961.JPG,plot_2751d4a40273ff4d4fe0,dsv_asendorf_t1_bbch11,/home/nfs/data/nvme_datasets/Pictures_CFSB_leaf_damage/2025_09_15_Re4StRes_T1_DSV/IMG_2961.JPG,6.0,3.5120272636413574,3.1531896591186523,-0.35883766412734985,2.8468103408813477,2.4879727363586426,gold_only,46,single_rater_weak
2025_09_15_Re4StRes_T1_DSV/IMG_2962.JPG,plot_2751d4a40273ff4d4fe0,dsv_asendorf_t1_bbch11,/home/nfs/data/nvme_datasets/Pictures_CFSB_leaf_damage/2025_09_15_Re4StRes_T1_DSV/IMG_2962.JPG,3.0,3.242724895477295,2.9567606449127197,-0.2859642207622528,0.04323935508728027,0.24272489547729492,gold_only,46,single_rater_weak
2025_09_15_Re4StRes_T1_DSV/IMG_2963.JPG,plot_2751d4a40273ff4d4fe0,dsv_asendorf_t1_bbch11,/home/nfs/data/nvme_datasets/Pictures_CFSB_leaf_damage/2025_09_15_Re4StRes_T1_DSV/IMG_2963.JPG,7.0,2.16727876663208,1.6598995923995972,-0.5073791742324829,5.340100288391113,4.83272123336792,gold_only,46,single_rater_weak
2025_09_15_Re4StRes_T1_DSV/IMG_2964.JPG,plot_0de0877cf374ef8b5b55,dsv_asendorf_t1_bbch11,/home/nfs/data/nvme_datasets/Pictures_CFSB_leaf_damage/2025_09_15_Re4StRes_T1_DSV/IMG_2964.JPG,18.0,3.01253604888916,2.9120166301727295,-0.10051947087049484,15.087983131408691,14.98746395111084,gold_only,46,single_rater_weak
2025_09_15_Re4StRes_T1_DSV/IMG_2965.JPG,plot_0de0877cf374ef8b5b55,dsv_asendorf_t1_bbch11,/home/nfs/data/nvme_datasets/Pictures_CFSB_leaf_damage/2025_09_15_Re4StRes_T1_DSV/IMG_2965.JPG,16.0,1.9836454391479492,1.3016161918640137,-0.6820292472839355,14.698383331298828,14.01635456085205,gold_only,46,single_rater_weak
2025_09_15_Re4StRes_T1_DSV/IMG_2966.JPG,plot_0de0877cf374ef8b5b55,dsv_asendorf_t1_bbch11,/home/nfs/data/nvme_datasets/Pictures_CFSB_leaf_damage/2025_09_15_Re4StRes_T1_DSV/IMG_2966.JPG,2.0,1.0396599769592285,0.06523221731185913,-0.9744277596473694,1.934767723083496,0.9603400230407715,gold_only,46,single_rater_weak
2025_09_15_Re4StRes_T1_DSV/IMG_2967.JPG,plot_a66b30f609330a40334a,dsv_asendorf_t1_bbch11,/home/nfs/data/nvme_datasets/Pictures_CFSB_leaf_damage/2025_09_15_Re4StRes_T1_DSV/IMG_2967.JPG,3.0,-0.3145637512207031,-0.6539762020111084,-0.3394124507904053,3.6539762020111084,3.314563751220703,gold_only,46,single_rater_weak
2025_09_15_Re4StRes_T1_DSV/IMG_2968.JPG,plot_a66b30f609330a40334a,dsv_asendorf_t1_bbch11,/home/nfs/data/nvme_datasets/Pictures_CFSB_leaf_damage/2025_09_15_Re4StRes_T1_DSV/IMG_2968.JPG,12.0,2.9917731285095215,2.4168663024902344,-0.5749067068099976,9.583133697509766,9.00822639465332,gold_only,46,single_rater_weak
2025_09_15_Re4StRes_T1_DSV/IMG_2969.JPG,plot_a66b30f609330a40334a,dsv_asendorf_t1_bbch11,/home/nfs/data/nvme_datasets/Pictures_CFSB_leaf_damage/2025_09_15_Re4StRes_T1_DSV/IMG_2969.JPG,2.0,1.5164680480957031,0.6553228497505188,-0.8611451983451843,1.344677209854126,0.4835319519042969,gold_only,46,single_rater_weak
2025_09_15_Re4StRes_T1_DSV/IMG_2970.JPG,plot_c1f0c6e2f35f65ae31ef,dsv_asendorf_t1_bbch11,/home/nfs/data/nvme_datasets/Pictures_CFSB_leaf_damage/2025_09_15_Re4StRes_T1_DSV/IMG_2970.JPG,2.0,1.1921305656433105,0.775787353515625,-0.41634321212768555,1.224212646484375,0.8078694343566895,gold_only,46,single_rater_weak
2025_09_15_Re4StRes_T1_DSV/IMG_2971.JPG,plot_c1f0c6e2f35f65ae31ef,dsv_asendorf_t1_bbch11,/home/nfs/data/nvme_datasets/Pictures_CFSB_leaf_damage/2025_09_15_Re4StRes_T1_DSV/IMG_2971.JPG,1.0,-0.2030940055847168,-0.8859165906906128,-0.682822585105896,1.8859165906906128,1.2030940055847168,gold_only,46,single_rater_weak
2025_09_15_Re4StRes_T1_DSV/IMG_2972.JPG,plot_c1f0c6e2f35f65ae31ef,dsv_asendorf_t1_bbch11,/home/nfs/data/nvme_datasets/Pictures_CFSB_leaf_damage/2025_09_15_Re4StRes_T1_DSV/IMG_2972.JPG,32.0,3.3095202445983887,3.201531410217285,-0.10798883438110352,28.79846954345703,28.690479278564453,gold_only,46,single_rater_weak
2025_09_15_Re4StRes_T1_DSV/IMG_2973.JPG,plot_80e741bf3b567627e2ee,dsv_asendorf_t1_bbch11,/home/nfs/data/nvme_datasets/Pictures_CFSB_leaf_damage/2025_09_15_Re4StRes_T1_DSV/IMG_2973.JPG,10.0,0.7615575790405273,0.2778688669204712,-0.48368871212005615,9.72213077545166,9.238442420959473,gold_only,46,single_rater_weak
2025_09_15_Re4StRes_T1_DSV/IMG_2974.JPG,plot_80e741bf3b567627e2ee,dsv_asendorf_t1_bbch11,/home/nfs/data/nvme_datasets/Pictures_CFSB_leaf_damage/2025_09_15_Re4StRes_T1_DSV/IMG_2974.JPG,2.0,0.8760685920715332,-0.053842246532440186,-0.9299108386039734,2.053842306137085,1.1239314079284668,gold_only,46,single_rater_weak
2025_09_15_Re4StRes_T1_DSV/IMG_2975.JPG,plot_80e741bf3b567627e2ee,dsv_asendorf_t1_bbch11,/home/nfs/data/nvme_datasets/Pictures_CFSB_leaf_damage/2025_09_15_Re4StRes_T1_DSV/IMG_2975.JPG,3.0,2.2534313201904297,2.367610454559326,0.11417919397354126,0.6323895454406738,0.7465686798095703,gold_only,46,single_rater_weak
2025_09_15_Re4StRes_T1_DSV/IMG_2976.JPG,plot_1278629ae0c47e163452,dsv_asendorf_t1_bbch11,/home/nfs/data/nvme_datasets/Pictures_CFSB_leaf_damage/2025_09_15_Re4StRes_T1_DSV/IMG_2976.JPG,11.0,2.9560484886169434,2.624300956726074,-0.3317474126815796,8.375699043273926,8.043951034545898,gold_only,46,single_rater_weak
2025_09_15_Re4StRes_T1_DSV/IMG_2976_2.JPG,plot_1278629ae0c47e163452,dsv_asendorf_t1_bbch11,/home/nfs/data/nvme_datasets/Pictures_CFSB_leaf_damage/2025_09_15_Re4StRes_T1_DSV/IMG_2976_2.JPG,11.0,1.7302236557006836,0.934235692024231,-0.7959879636764526,10.065764427185059,9.269776344299316,gold_only,46,single_rater_weak
2025_09_15_Re4StRes_T1_DSV/IMG_2976_3.JPG,plot_1278629ae0c47e163452,dsv_asendorf_t1_bbch11,/home/nfs/data/nvme_datasets/Pictures_CFSB_leaf_damage/2025_09_15_Re4StRes_T1_DSV/IMG_2976_3.JPG,23.0,2.829380512237549,2.4623875617980957,-0.3669930100440979,20.537612915039062,20.17061996459961,gold_only,46,single_rater_weak
2025_09_15_Re4StRes_T1_DSV/IMG_2980.JPG,plot_c7fbabf6a2b26f24808f,dsv_asendorf_t1_bbch11,/home/nfs/data/nvme_datasets/Pictures_CFSB_leaf_damage/2025_09_15_Re4StRes_T1_DSV/IMG_2980.JPG,16.0,1.7387185096740723,1.694159984588623,-0.04455855116248131,14.305839538574219,14.261281967163086,gold_only,46,single_rater_weak
2025_09_15_Re4StRes_T1_DSV/IMG_2982.JPG,plot_c7fbabf6a2b26f24808f,dsv_asendorf_t1_bbch11,/home/nfs/data/nvme_datasets/Pictures_CFSB_leaf_damage/2025_09_15_Re4StRes_T1_DSV/IMG_2982.JPG,3.0,2.4038143157958984,2.1582868099212646,-0.2455274611711502,0.8417131900787354,0.5961856842041016,gold_only,46,single_rater_weak
2025_09_15_Re4StRes_T1_DSV/IMG_2983.JPG,plot_c7fbabf6a2b26f24808f,dsv_asendorf_t1_bbch11,/home/nfs/data/nvme_datasets/Pictures_CFSB_leaf_damage/2025_09_15_Re4StRes_T1_DSV/IMG_2983.JPG,14.0,2.2192578315734863,2.405381441116333,0.18612368404865265,11.594618797302246,11.780742645263672,gold_only,46,single_rater_weak
2025_09_15_Re4StRes_T1_DSV/IMG_2984.JPG,plot_0aa20eee4008b12c7827,dsv_asendorf_t1_bbch11,/home/nfs/data/nvme_datasets/Pictures_CFSB_leaf_damage/2025_09_15_Re4StRes_T1_DSV/IMG_2984.JPG,2.0,1.758371353149414,2.077054738998413,0.31868332624435425,0.07705473899841309,0.24162864685058594,gold_only,46,single_rater_weak
2025_09_15_Re4StRes_T1_DSV/IMG_2985.JPG,plot_0aa20eee4008b12c7827,dsv_asendorf_t1_bbch11,/home/nfs/data/nvme_datasets/Pictures_CFSB_leaf_damage/2025_09_15_Re4StRes_T1_DSV/IMG_2985.JPG,10.0,3.798095703125,3.8812358379364014,0.08314020186662674,6.1187639236450195,6.201904296875,gold_only,46,single_rater_weak
2025_09_15_Re4StRes_T1_DSV/IMG_2986.JPG,plot_0aa20eee4008b12c7827,dsv_asendorf_t1_bbch11,/home/nfs/data/nvme_datasets/Pictures_CFSB_leaf_damage/2025_09_15_Re4StRes_T1_DSV/IMG_2986.JPG,11.0,1.3612151145935059,1.3347673416137695,-0.02644774504005909,9.66523265838623,9.638784408569336,gold_only,46,single_rater_weak
2025_09_15_Re4StRes_T1_DSV/IMG_2987.JPG,plot_63616db7b2f3b692a2db,dsv_asendorf_t1_bbch11,/home/nfs/data/nvme_datasets/Pictures_CFSB_leaf_damage/2025_09_15_Re4StRes_T1_DSV/IMG_2987.JPG,3.0,2.5035133361816406,2.1674437522888184,-0.33606964349746704,0.8325562477111816,0.4964866638183594,gold_only,46,single_rater_weak
2025_09_15_Re4StRes_T1_DSV/IMG_2988.JPG,plot_63616db7b2f3b692a2db,dsv_asendorf_t1_bbch11,/home/nfs/data/nvme_datasets/Pictures_CFSB_leaf_damage/2025_09_15_Re4StRes_T1_DSV/IMG_2988.JPG,3.0,2.9105610847473145,2.3495755195617676,-0.5609856247901917,0.6504244804382324,0.08943891525268555,gold_only,46,single_rater_weak
2025_09_15_Re4StRes_T1_DSV/IMG_2989.JPG,plot_63616db7b2f3b692a2db,dsv_asendorf_t1_bbch11,/home/nfs/data/nvme_datasets/Pictures_CFSB_leaf_damage/2025_09_15_Re4StRes_T1_DSV/IMG_2989.JPG,3.0,1.5873918533325195,1.0930819511413574,-0.4943099617958069,1.9069180488586426,1.4126081466674805,gold_only,46,single_rater_weak
2025_09_15_Re4StRes_T1_DSV/IMG_2991.JPG,plot_8a89bf60b740c0cda37c,dsv_asendorf_t1_bbch11,/home/nfs/data/nvme_datasets/Pictures_CFSB_leaf_damage/2025_09_15_Re4StRes_T1_DSV/IMG_2991.JPG,1.0,0.45303869247436523,0.2886594831943512,-0.16437920928001404,0.7113405466079712,0.5469613075256348,gold_only,46,single_rater_weak
2025_09_15_Re4StRes_T1_DSV/IMG_2992.JPG,plot_8a89bf60b740c0cda37c,dsv_asendorf_t1_bbch11,/home/nfs/data/nvme_datasets/Pictures_CFSB_leaf_damage/2025_09_15_Re4StRes_T1_DSV/IMG_2992.JPG,1.0,1.129075050354004,1.1584595441818237,0.029384449124336243,0.15845954418182373,0.1290750503540039,gold_only,46,single_rater_weak
2025_09_15_Re4StRes_T1_DSV/IMG_2993.JPG,plot_8a89bf60b740c0cda37c,dsv_asendorf_t1_bbch11,/home/nfs/data/nvme_datasets/Pictures_CFSB_leaf_damage/2025_09_15_Re4StRes_T1_DSV/IMG_2993.JPG,5.0,0.6988029479980469,0.2749779224395752,-0.4238250255584717,4.725022315979004,4.301197052001953,gold_only,46,single_rater_weak
2025_09_15_Re4StRes_T1_DSV/IMG_2994.JPG,plot_bc4295919e8dde16e25b,dsv_asendorf_t1_bbch11,/home/nfs/data/nvme_datasets/Pictures_CFSB_leaf_damage/2025_09_15_Re4StRes_T1_DSV/IMG_2994.JPG,3.0,0.7874131202697754,0.1399327516555786,-0.6474803686141968,2.860067367553711,2.2125868797302246,gold_only,46,single_rater_weak
2025_09_15_Re4StRes_T1_DSV/IMG_2995.JPG,plot_bc4295919e8dde16e25b,dsv_asendorf_t1_bbch11,/home/nfs/data/nvme_datasets/Pictures_CFSB_leaf_damage/2025_09_15_Re4StRes_T1_DSV/IMG_2995.JPG,6.0,1.2194108963012695,0.8454555869102478,-0.37395530939102173,5.154544353485107,4.7805891036987305,gold_only,46,single_rater_weak
2025_09_15_Re4StRes_T1_DSV/IMG_2996.JPG,plot_bc4295919e8dde16e25b,dsv_asendorf_t1_bbch11,/home/nfs/data/nvme_datasets/Pictures_CFSB_leaf_damage/2025_09_15_Re4StRes_T1_DSV/IMG_2996.JPG,4.0,0.8217215538024902,0.20842432975769043,-0.6132972240447998,3.7915756702423096,3.1782784461975098,gold_only,46,single_rater_weak
2025_09_15_Re4StRes_T1_DSV/IMG_2997.JPG,plot_97c5080017cabf6ae37d,dsv_asendorf_t1_bbch11,/home/nfs/data/nvme_datasets/Pictures_CFSB_leaf_damage/2025_09_15_Re4StRes_T1_DSV/IMG_2997.JPG,2.0,1.1566181182861328,0.9212639331817627,-0.23535415530204773,1.0787360668182373,0.8433818817138672,gold_only,46,single_rater_weak
2025_09_15_Re4StRes_T1_DSV/IMG_2998.JPG,plot_97c5080017cabf6ae37d,dsv_asendorf_t1_bbch11,/home/nfs/data/nvme_datasets/Pictures_CFSB_leaf_damage/2025_09_15_Re4StRes_T1_DSV/IMG_2998.JPG,2.0,0.6791396141052246,0.44667136669158936,-0.23246823251247406,1.5533286333084106,1.3208603858947754,gold_only,46,single_rater_weak
2025_09_15_Re4StRes_T1_DSV/IMG_2999.JPG,plot_97c5080017cabf6ae37d,dsv_asendorf_t1_bbch11,/home/nfs/data/nvme_datasets/Pictures_CFSB_leaf_damage/2025_09_15_Re4StRes_T1_DSV/IMG_2999.JPG,8.0,2.0771985054016113,1.9535354375839233,-0.1236630380153656,6.046464443206787,5.922801494598389,gold_only,46,single_rater_weak
2025_09_15_Re4StRes_T1_DSV/IMG_3000.JPG,plot_14a8fb424e96fe0a56d0,dsv_asendorf_t1_bbch11,/home/nfs/data/nvme_datasets/Pictures_CFSB_leaf_damage/2025_09_15_Re4StRes_T1_DSV/IMG_3000.JPG,5.0,7.569680213928223,7.328001976013184,-0.24167805910110474,2.3280019760131836,2.5696802139282227,gold_only,46,single_rater_weak
2025_09_15_Re4StRes_T1_DSV/IMG_3001.JPG,plot_14a8fb424e96fe0a56d0,dsv_asendorf_t1_bbch11,/home/nfs/data/nvme_datasets/Pictures_CFSB_leaf_damage/2025_09_15_Re4StRes_T1_DSV/IMG_3001.JPG,3.0,1.6058478355407715,1.1459892988204956,-0.4598585367202759,1.8540107011795044,1.3941521644592285,gold_only,46,single_rater_weak
2025_09_15_Re4StRes_T1_DSV/IMG_3002.JPG,plot_14a8fb424e96fe0a56d0,dsv_asendorf_t1_bbch11,/home/nfs/data/nvme_datasets/Pictures_CFSB_leaf_damage/2025_09_15_Re4StRes_T1_DSV/IMG_3002.JPG,2.0,1.3744845390319824,0.9613400101661682,-0.4131445288658142,1.0386600494384766,0.6255154609680176,gold_only,46,single_rater_weak
2025_09_15_Re4StRes_T1_DSV/IMG_3003.JPG,plot_aa97836ee689a5b0b216,dsv_asendorf_t1_bbch11,/home/nfs/data/nvme_datasets/Pictures_CFSB_leaf_damage/2025_09_15_Re4StRes_T1_DSV/IMG_3003.JPG,1.0,1.047658920288086,0.2755432724952698,-0.7721156477928162,0.7244567275047302,0.04765892028808594,gold_only,46,single_rater_weak
2025_09_15_Re4StRes_T1_DSV/IMG_3004.JPG,plot_aa97836ee689a5b0b216,dsv_asendorf_t1_bbch11,/home/nfs/data/nvme_datasets/Pictures_CFSB_leaf_damage/2025_09_15_Re4StRes_T1_DSV/IMG_3004.JPG,1.0,1.2519283294677734,1.4769256114959717,0.22499723732471466,0.4769256114959717,0.25192832946777344,gold_only,46,single_rater_weak
2025_09_15_Re4StRes_T1_DSV/IMG_3005.JPG,plot_aa97836ee689a5b0b216,dsv_asendorf_t1_bbch11,/home/nfs/data/nvme_datasets/Pictures_CFSB_leaf_damage/2025_09_15_Re4StRes_T1_DSV/IMG_3005.JPG,1.0,1.3862013816833496,0.882108747959137,-0.5040926337242126,0.11789125204086304,0.3862013816833496,gold_only,46,single_rater_weak
2025_09_15_Re4StRes_T1_DSV/IMG_3006.JPG,plot_a1e8146ba955f839ae4f,dsv_asendorf_t1_bbch11,/home/nfs/data/nvme_datasets/Pictures_CFSB_leaf_damage/2025_09_15_Re4StRes_T1_DSV/IMG_3006.JPG,2.0,2.5587449073791504,2.4857215881347656,-0.07302328199148178,0.4857215881347656,0.5587449073791504,gold_only,46,single_rater_weak
2025_09_15_Re4StRes_T1_DSV/IMG_3007.JPG,plot_a1e8146ba955f839ae4f,dsv_asendorf_t1_bbch11,/home/nfs/data/nvme_datasets/Pictures_CFSB_leaf_damage/2025_09_15_Re4StRes_T1_DSV/IMG_3007.JPG,1.0,1.3458471298217773,0.8912885785102844,-0.4545585513114929,0.10871142148971558,0.34584712982177734,gold_only,46,single_rater_weak
2025_09_15_Re4StRes_T1_DSV/IMG_3008.JPG,plot_a1e8146ba955f839ae4f,dsv_asendorf_t1_bbch11,/home/nfs/data/nvme_datasets/Pictures_CFSB_leaf_damage/2025_09_15_Re4StRes_T1_DSV/IMG_3008.JPG,2.0,4.336676597595215,3.944580316543579,-0.39209622144699097,1.944580316543579,2.336676597595215,gold_only,46,single_rater_weak
2025_09_15_Re4StRes_T1_DSV/IMG_3009.JPG,plot_9f0cb6f1d4a457848dbb,dsv_asendorf_t1_bbch11,/home/nfs/data/nvme_datasets/Pictures_CFSB_leaf_damage/2025_09_15_Re4StRes_T1_DSV/IMG_3009.JPG,1.0,2.825843334197998,2.9711685180664062,0.14532513916492462,1.9711685180664062,1.825843334197998,gold_only,46,single_rater_weak
2025_09_15_Re4StRes_T1_DSV/IMG_3010.JPG,plot_9f0cb6f1d4a457848dbb,dsv_asendorf_t1_bbch11,/home/nfs/data/nvme_datasets/Pictures_CFSB_leaf_damage/2025_09_15_Re4StRes_T1_DSV/IMG_3010.JPG,2.0,1.4765691757202148,1.0825622081756592,-0.3940069377422333,0.9174377918243408,0.5234308242797852,gold_only,46,single_rater_weak
2025_09_15_Re4StRes_T1_DSV/IMG_3011.JPG,plot_9f0cb6f1d4a457848dbb,dsv_asendorf_t1_bbch11,/home/nfs/data/nvme_datasets/Pictures_CFSB_leaf_damage/2025_09_15_Re4StRes_T1_DSV/IMG_3011.JPG,3.0,0.8321342468261719,0.9190375804901123,0.08690331131219864,2.0809624195098877,2.167865753173828,gold_only,46,single_rater_weak
2025_09_15_Re4StRes_T1_DSV/IMG_3012.JPG,plot_d3562811b7b7b9141ae0,dsv_asendorf_t1_bbch11,/home/nfs/data/nvme_datasets/Pictures_CFSB_leaf_damage/2025_09_15_Re4StRes_T1_DSV/IMG_3012.JPG,2.0,0.4133114814758301,0.00911647081375122,-0.40419501066207886,1.9908835887908936,1.58668851852417,gold_only,46,single_rater_weak
2025_09_15_Re4StRes_T1_DSV/IMG_3013.JPG,plot_d3562811b7b7b9141ae0,dsv_asendorf_t1_bbch11,/home/nfs/data/nvme_datasets/Pictures_CFSB_leaf_damage/2025_09_15_Re4StRes_T1_DSV/IMG_3013.JPG,2.0,2.6845803260803223,2.6804778575897217,-0.004102516919374466,0.6804778575897217,0.6845803260803223,gold_only,46,single_rater_weak
2025_09_15_Re4StRes_T1_DSV/IMG_3014.JPG,plot_d3562811b7b7b9141ae0,dsv_asendorf_t1_bbch11,/home/nfs/data/nvme_datasets/Pictures_CFSB_leaf_damage/2025_09_15_Re4StRes_T1_DSV/IMG_3014.JPG,1.0,1.7185001373291016,1.6613905429840088,-0.057109586894512177,0.6613905429840088,0.7185001373291016,gold_only,46,single_rater_weak
2025_09_15_Re4StRes_T1_DSV/IMG_3016.JPG,plot_71afd76761b661030718,dsv_asendorf_t1_bbch11,/home/nfs/data/nvme_datasets/Pictures_CFSB_leaf_damage/2025_09_15_Re4StRes_T1_DSV/IMG_3016.JPG,5.0,1.744734764099121,1.6713100671768188,-0.07342466711997986,3.3286900520324707,3.255265235900879,gold_only,46,single_rater_weak
2025_09_15_Re4StRes_T1_DSV/IMG_3017.JPG,plot_71afd76761b661030718,dsv_asendorf_t1_bbch11,/home/nfs/data/nvme_datasets/Pictures_CFSB_leaf_damage/2025_09_15_Re4StRes_T1_DSV/IMG_3017.JPG,1.0,0.2534751892089844,-0.3832688331604004,-0.6367440223693848,1.3832688331604004,0.7465248107910156,gold_only,46,single_rater_weak
2025_09_15_Re4StRes_T1_DSV/IMG_3018.JPG,plot_71afd76761b661030718,dsv_asendorf_t1_bbch11,/home/nfs/data/nvme_datasets/Pictures_CFSB_leaf_damage/2025_09_15_Re4StRes_T1_DSV/IMG_3018.JPG,1.0,0.033873558044433594,-0.17695991694927216,-0.21083347499370575,1.1769598722457886,0.9661264419555664,gold_only,46,single_rater_weak
2025_09_15_Re4StRes_T1_DSV/IMG_3019.JPG,plot_d104a1c2316299fcc3e9,dsv_asendorf_t1_bbch11,/home/nfs/data/nvme_datasets/Pictures_CFSB_leaf_damage/2025_09_15_Re4StRes_T1_DSV/IMG_3019.JPG,7.0,2.3736519813537598,2.039166212081909,-0.334485799074173,4.960833549499512,4.62634801864624,gold_only,46,single_rater_weak
2025_09_15_Re4StRes_T1_DSV/IMG_3020.JPG,plot_d104a1c2316299fcc3e9,dsv_asendorf_t1_bbch11,/home/nfs/data/nvme_datasets/Pictures_CFSB_leaf_damage/2025_09_15_Re4StRes_T1_DSV/IMG_3020.JPG,12.0,3.314687728881836,2.6899189949035645,-0.6247686147689819,9.310081481933594,8.685312271118164,gold_only,46,single_rater_weak
2025_09_15_Re4StRes_T1_DSV/IMG_3021.JPG,plot_d104a1c2316299fcc3e9,dsv_asendorf_t1_bbch11,/home/nfs/data/nvme_datasets/Pictures_CFSB_leaf_damage/2025_09_15_Re4StRes_T1_DSV/IMG_3021.JPG,9.0,2.1058287620544434,1.54116690158844,-0.5646618604660034,7.45883321762085,6.894171237945557,gold_only,46,single_rater_weak
2025_09_15_Re4StRes_T1_DSV/IMG_3022.JPG,plot_fcd78b9cf75eff63f9b3,dsv_asendorf_t1_bbch11,/home/nfs/data/nvme_datasets/Pictures_CFSB_leaf_damage/2025_09_15_Re4StRes_T1_DSV/IMG_3022.JPG,4.0,1.7818589210510254,1.0998598337173462,-0.6819990873336792,2.9001402854919434,2.2181410789489746,gold_only,46,single_rater_weak
2025_09_15_Re4StRes_T1_DSV/IMG_3023.JPG,plot_fcd78b9cf75eff63f9b3,dsv_asendorf_t1_bbch11,/home/nfs/data/nvme_datasets/Pictures_CFSB_leaf_damage/2025_09_15_Re4StRes_T1_DSV/IMG_3023.JPG,5.0,0.3160514831542969,-0.38689523935317993,-0.7029467225074768,5.386895179748535,4.683948516845703,gold_only,46,single_rater_weak
2025_09_15_Re4StRes_T1_DSV/IMG_3024.JPG,plot_fcd78b9cf75eff63f9b3,dsv_asendorf_t1_bbch11,/home/nfs/data/nvme_datasets/Pictures_CFSB_leaf_damage/2025_09_15_Re4StRes_T1_DSV/IMG_3024.JPG,3.0,-0.37993431091308594,-0.9801148772239685,-0.6001805663108826,3.9801149368286133,3.379934310913086,gold_only,46,single_rater_weak
2025_09_15_Re4StRes_T1_DSV/IMG_3025.JPG,plot_5ea37da6e73f21c4a6e1,dsv_asendorf_t1_bbch11,/home/nfs/data/nvme_datasets/Pictures_CFSB_leaf_damage/2025_09_15_Re4StRes_T1_DSV/IMG_3025.JPG,2.0,0.8951554298400879,0.3406442403793335,-0.5545111894607544,1.6593557596206665,1.104844570159912,gold_only,46,single_rater_weak
2025_09_15_Re4StRes_T1_DSV/IMG_3026.JPG,plot_5ea37da6e73f21c4a6e1,dsv_asendorf_t1_bbch11,/home/nfs/data/nvme_datasets/Pictures_CFSB_leaf_damage/2025_09_15_Re4StRes_T1_DSV/IMG_3026.JPG,3.0,0.1971454620361328,-0.14989489316940308,-0.3470403552055359,3.149894952774048,2.802854537963867,gold_only,46,single_rater_weak
2025_09_15_Re4StRes_T1_DSV/IMG_3029.JPG,plot_5ea37da6e73f21c4a6e1,dsv_asendorf_t1_bbch11,/home/nfs/data/nvme_datasets/Pictures_CFSB_leaf_damage/2025_09_15_Re4StRes_T1_DSV/IMG_3029.JPG,2.0,0.6689701080322266,-0.3625258207321167,-1.0314959287643433,2.3625259399414062,1.3310298919677734,gold_only,46,single_rater_weak
2025_09_15_Re4StRes_T1_DSV/IMG_3030.JPG,plot_0ce175aa7ca7721d50e7,dsv_asendorf_t1_bbch11,/home/nfs/data/nvme_datasets/Pictures_CFSB_leaf_damage/2025_09_15_Re4StRes_T1_DSV/IMG_3030.JPG,4.0,2.3100967407226562,1.6791025400161743,-0.6309942007064819,2.3208975791931152,1.6899032592773438,gold_only,46,single_rater_weak
2025_09_15_Re4StRes_T1_DSV/IMG_3031.JPG,plot_0ce175aa7ca7721d50e7,dsv_asendorf_t1_bbch11,/home/nfs/data/nvme_datasets/Pictures_CFSB_leaf_damage/2025_09_15_Re4StRes_T1_DSV/IMG_3031.JPG,7.0,2.4199156761169434,1.882291316986084,-0.5376244187355042,5.117708683013916,4.580084323883057,gold_only,46,single_rater_weak
2025_09_15_Re4StRes_T1_DSV/IMG_3032.JPG,plot_0ce175aa7ca7721d50e7,dsv_asendorf_t1_bbch11,/home/nfs/data/nvme_datasets/Pictures_CFSB_leaf_damage/2025_09_15_Re4StRes_T1_DSV/IMG_3032.JPG,2.0,0.9584217071533203,0.3224165439605713,-0.636005163192749,1.6775834560394287,1.0415782928466797,gold_only,46,single_rater_weak
2025_09_15_Re4StRes_T1_DSV/IMG_3033.JPG,plot_a3eb976f1f47c49facd3,dsv_asendorf_t1_bbch11,/home/nfs/data/nvme_datasets/Pictures_CFSB_leaf_damage/2025_09_15_Re4StRes_T1_DSV/IMG_3033.JPG,8.0,2.392977714538574,1.9332152605056763,-0.45976245403289795,6.066784858703613,5.607022285461426,gold_only,46,single_rater_weak
2025_09_15_Re4StRes_T1_DSV/IMG_3034.JPG,plot_a3eb976f1f47c49facd3,dsv_asendorf_t1_bbch11,/home/nfs/data/nvme_datasets/Pictures_CFSB_leaf_damage/2025_09_15_Re4StRes_T1_DSV/IMG_3034.JPG,14.0,2.1985158920288086,1.539999008178711,-0.6585168838500977,12.460000991821289,11.801484107971191,gold_only,46,single_rater_weak
2025_09_15_Re4StRes_T1_DSV/IMG_3035.JPG,plot_a3eb976f1f47c49facd3,dsv_asendorf_t1_bbch11,/home/nfs/data/nvme_datasets/Pictures_CFSB_leaf_damage/2025_09_15_Re4StRes_T1_DSV/IMG_3035.JPG,5.0,3.513529062271118,2.6495776176452637,-0.8639514446258545,2.3504223823547363,1.4864709377288818,gold_only,46,single_rater_weak
2025_09_15_Re4StRes_T1_DSV/IMG_3038.JPG,plot_77d5b5f84041b233d0f3,dsv_asendorf_t1_bbch11,/home/nfs/data/nvme_datasets/Pictures_CFSB_leaf_damage/2025_09_15_Re4StRes_T1_DSV/IMG_3038.JPG,10.0,1.4808297157287598,1.2371628284454346,-0.24366682767868042,8.762837409973145,8.519170761108398,gold_only,46,single_rater_weak
2025_09_15_Re4StRes_T1_DSV/IMG_3039.JPG,plot_77d5b5f84041b233d0f3,dsv_asendorf_t1_bbch11,/home/nfs/data/nvme_datasets/Pictures_CFSB_leaf_damage/2025_09_15_Re4StRes_T1_DSV/IMG_3039.JPG,14.0,1.2762045860290527,0.3545129895210266,-0.9216915965080261,13.645486831665039,12.723794937133789,gold_only,46,single_rater_weak
2025_09_15_Re4StRes_T1_DSV/IMG_3040.JPG,plot_77d5b5f84041b233d0f3,dsv_asendorf_t1_bbch11,/home/nfs/data/nvme_datasets/Pictures_CFSB_leaf_damage/2025_09_15_Re4StRes_T1_DSV/IMG_3040.JPG,12.0,1.0310354232788086,0.28703415393829346,-0.7440012693405151,11.712965965270996,10.968964576721191,gold_only,46,single_rater_weak
2025_09_15_Re4StRes_T1_DSV/IMG_3041.JPG,plot_41e2d36a0697e4fdd1d3,dsv_asendorf_t1_bbch11,/home/nfs/data/nvme_datasets/Pictures_CFSB_leaf_damage/2025_09_15_Re4StRes_T1_DSV/IMG_3041.JPG,1.0,-0.5602178573608398,-0.4042389988899231,0.15597885847091675,1.4042389392852783,1.5602178573608398,gold_only,46,single_rater_weak
2025_09_15_Re4StRes_T1_DSV/IMG_3042.JPG,plot_41e2d36a0697e4fdd1d3,dsv_asendorf_t1_bbch11,/home/nfs/data/nvme_datasets/Pictures_CFSB_leaf_damage/2025_09_15_Re4StRes_T1_DSV/IMG_3042.JPG,4.0,0.4389195442199707,0.4344698190689087,-0.004449713975191116,3.565530300140381,3.5610804557800293,gold_only,46,single_rater_weak
2025_09_15_Re4StRes_T1_DSV/IMG_3043.JPG,plot_41e2d36a0697e4fdd1d3,dsv_asendorf_t1_bbch11,/home/nfs/data/nvme_datasets/Pictures_CFSB_leaf_damage/2025_09_15_Re4StRes_T1_DSV/IMG_3043.JPG,2.0,0.42969751358032227,0.6513488292694092,0.2216513305902481,1.3486511707305908,1.5703024864196777,gold_only,46,single_rater_weak
2025_09_15_Re4StRes_T1_DSV/IMG_3044.JPG,plot_82a33bdf683d81af54ca,dsv_asendorf_t1_bbch11,/home/nfs/data/nvme_datasets/Pictures_CFSB_leaf_damage/2025_09_15_Re4StRes_T1_DSV/IMG_3044.JPG,2.0,0.9982171058654785,0.5970412492752075,-0.4011758863925934,1.4029587507247925,1.0017828941345215,gold_only,46,single_rater_weak
2025_09_15_Re4StRes_T1_DSV/IMG_3045.JPG,plot_82a33bdf683d81af54ca,dsv_asendorf_t1_bbch11,/home/nfs/data/nvme_datasets/Pictures_CFSB_leaf_damage/2025_09_15_Re4StRes_T1_DSV/IMG_3045.JPG,2.0,0.4906034469604492,-0.24523961544036865,-0.7358430624008179,2.245239734649658,1.5093965530395508,gold_only,46,single_rater_weak
2025_09_15_Re4StRes_T1_DSV/IMG_3046.JPG,plot_82a33bdf683d81af54ca,dsv_asendorf_t1_bbch11,/home/nfs/data/nvme_datasets/Pictures_CFSB_leaf_damage/2025_09_15_Re4StRes_T1_DSV/IMG_3046.JPG,3.0,1.848196029663086,1.1511318683624268,-0.6970641016960144,1.8488681316375732,1.151803970336914,gold_only,46,single_rater_weak
2025_09_15_Re4StRes_T1_DSV/IMG_3047.JPG,plot_beabe437af1837675d26,dsv_asendorf_t1_bbch11,/home/nfs/data/nvme_datasets/Pictures_CFSB_leaf_damage/2025_09_15_Re4StRes_T1_DSV/IMG_3047.JPG,12.0,3.0942749977111816,2.562138080596924,-0.5321370363235474,9.437862396240234,8.905725479125977,gold_only,46,single_rater_weak
2025_09_15_Re4StRes_T1_DSV/IMG_3048.JPG,plot_beabe437af1837675d26,dsv_asendorf_t1_bbch11,/home/nfs/data/nvme_datasets/Pictures_CFSB_leaf_damage/2025_09_15_Re4StRes_T1_DSV/IMG_3048.JPG,1.0,0.06614351272583008,-0.0679878294467926,-0.13413134217262268,1.0679877996444702,0.9338564872741699,gold_only,46,single_rater_weak
2025_09_15_Re4StRes_T1_DSV/IMG_3049.JPG,plot_beabe437af1837675d26,dsv_asendorf_t1_bbch11,/home/nfs/data/nvme_datasets/Pictures_CFSB_leaf_damage/2025_09_15_Re4StRes_T1_DSV/IMG_3049.JPG,15.0,0.6644692420959473,0.15900927782058716,-0.5054599642753601,14.840991020202637,14.335531234741211,gold_only,46,single_rater_weak
2025_09_15_Re4StRes_T1_DSV/IMG_3051.JPG,plot_a2ed1cc6b8bdcc6149bd,dsv_asendorf_t1_bbch11,/home/nfs/data/nvme_datasets/Pictures_CFSB_leaf_damage/2025_09_15_Re4StRes_T1_DSV/IMG_3051.JPG,20.0,3.4707210063934326,3.458089828491211,-0.012631207704544067,16.54191017150879,16.529279708862305,gold_only,46,single_rater_weak
2025_09_15_Re4StRes_T1_DSV/IMG_3052.JPG,plot_a2ed1cc6b8bdcc6149bd,dsv_asendorf_t1_bbch11,/home/nfs/data/nvme_datasets/Pictures_CFSB_leaf_damage/2025_09_15_Re4StRes_T1_DSV/IMG_3052.JPG,1.0,0.2760128974914551,-0.13967221975326538,-0.41568511724472046,1.1396722793579102,0.7239871025085449,gold_only,46,single_rater_weak
2025_09_15_Re4StRes_T1_DSV/IMG_3053.JPG,plot_a2ed1cc6b8bdcc6149bd,dsv_asendorf_t1_bbch11,/home/nfs/data/nvme_datasets/Pictures_CFSB_leaf_damage/2025_09_15_Re4StRes_T1_DSV/IMG_3053.JPG,6.0,1.2175383567810059,0.287445068359375,-0.9300932884216309,5.712554931640625,4.782461643218994,gold_only,46,single_rater_weak
2025_09_15_Re4StRes_T1_DSV/IMG_3054.JPG,plot_b4a8a8105ed2dbe9ebe8,dsv_asendorf_t1_bbch11,/home/nfs/data/nvme_datasets/Pictures_CFSB_leaf_damage/2025_09_15_Re4StRes_T1_DSV/IMG_3054.JPG,2.0,2.6400294303894043,2.1591081619262695,-0.4809212386608124,0.15910816192626953,0.6400294303894043,gold_only,46,single_rater_weak
2025_09_15_Re4StRes_T1_DSV/IMG_3055.JPG,plot_b4a8a8105ed2dbe9ebe8,dsv_asendorf_t1_bbch11,/home/nfs/data/nvme_datasets/Pictures_CFSB_leaf_damage/2025_09_15_Re4StRes_T1_DSV/IMG_3055.JPG,14.0,1.2995834350585938,0.7507853507995605,-0.5487980842590332,13.249214172363281,12.700416564941406,gold_only,46,single_rater_weak
2025_09_15_Re4StRes_T1_DSV/IMG_3056.JPG,plot_b4a8a8105ed2dbe9ebe8,dsv_asendorf_t1_bbch11,/home/nfs/data/nvme_datasets/Pictures_CFSB_leaf_damage/2025_09_15_Re4StRes_T1_DSV/IMG_3056.JPG,19.0,3.325007915496826,2.9225356578826904,-0.4024723470211029,16.077465057373047,15.674991607666016,gold_only,46,single_rater_weak
2025_09_15_Re4StRes_T1_DSV/IMG_3057.JPG,plot_3e540258e11d136b5e0a,dsv_asendorf_t1_bbch11,/home/nfs/data/nvme_datasets/Pictures_CFSB_leaf_damage/2025_09_15_Re4StRes_T1_DSV/IMG_3057.JPG,2.0,0.6487579345703125,-0.3176686763763428,-0.9664266109466553,2.3176686763763428,1.3512420654296875,gold_only,46,single_rater_weak
2025_09_15_Re4StRes_T1_DSV/IMG_3058.JPG,plot_3e540258e11d136b5e0a,dsv_asendorf_t1_bbch11,/home/nfs/data/nvme_datasets/Pictures_CFSB_leaf_damage/2025_09_15_Re4StRes_T1_DSV/IMG_3058.JPG,2.0,1.025611400604248,0.15079951286315918,-0.8748118877410889,1.8492004871368408,0.974388599395752,gold_only,46,single_rater_weak
2025_09_15_Re4StRes_T1_DSV/IMG_3059.JPG,plot_3e540258e11d136b5e0a,dsv_asendorf_t1_bbch11,/home/nfs/data/nvme_datasets/Pictures_CFSB_leaf_damage/2025_09_15_Re4StRes_T1_DSV/IMG_3059.JPG,22.0,2.257467746734619,1.6274323463439941,-0.630035400390625,20.372568130493164,19.74253273010254,gold_only,46,single_rater_weak
2025_09_15_Re4StRes_T1_DSV/IMG_3060.JPG,plot_36946134443f48a42c1a,dsv_asendorf_t1_bbch11,/home/nfs/data/nvme_datasets/Pictures_CFSB_leaf_damage/2025_09_15_Re4StRes_T1_DSV/IMG_3060.JPG,4.0,1.299349308013916,0.9970604777336121,-0.30228883028030396,3.002939462661743,2.700650691986084,gold_only,46,single_rater_weak
2025_09_15_Re4StRes_T1_DSV/IMG_3061.JPG,plot_36946134443f48a42c1a,dsv_asendorf_t1_bbch11,/home/nfs/data/nvme_datasets/Pictures_CFSB_leaf_damage/2025_09_15_Re4StRes_T1_DSV/IMG_3061.JPG,22.0,3.3880677223205566,3.0301318168640137,-0.35793599486351013,18.969867706298828,18.6119327545166,gold_only,46,single_rater_weak
2025_09_15_Re4StRes_T1_DSV/IMG_3062.JPG,plot_36946134443f48a42c1a,dsv_asendorf_t1_bbch11,/home/nfs/data/nvme_datasets/Pictures_CFSB_leaf_damage/2025_09_15_Re4StRes_T1_DSV/IMG_3062.JPG,1.0,0.7341017723083496,-0.07599067687988281,-0.8100924491882324,1.0759906768798828,0.2658982276916504,gold_only,46,single_rater_weak
2025_09_15_Re4StRes_T1_DSV/IMG_3063.JPG,plot_c6d52590997c1a6a7b06,dsv_asendorf_t1_bbch11,/home/nfs/data/nvme_datasets/Pictures_CFSB_leaf_damage/2025_09_15_Re4StRes_T1_DSV/IMG_3063.JPG,4.0,1.6631250381469727,0.5923134088516235,-1.0708116292953491,3.407686710357666,2.3368749618530273,gold_only,46,single_rater_weak
2025_09_15_Re4StRes_T1_DSV/IMG_3064.JPG,plot_c6d52590997c1a6a7b06,dsv_asendorf_t1_bbch11,/home/nfs/data/nvme_datasets/Pictures_CFSB_leaf_damage/2025_09_15_Re4StRes_T1_DSV/IMG_3064.JPG,4.0,2.9771180152893066,3.198580265045166,0.22146226465702057,0.801419734954834,1.0228819847106934,gold_only,46,single_rater_weak
2025_09_15_Re4StRes_T1_DSV/IMG_3065.JPG,plot_c6d52590997c1a6a7b06,dsv_asendorf_t1_bbch11,/home/nfs/data/nvme_datasets/Pictures_CFSB_leaf_damage/2025_09_15_Re4StRes_T1_DSV/IMG_3065.JPG,10.0,3.2421154975891113,2.9562923908233643,-0.28582316637039185,7.043707847595215,6.757884502410889,gold_only,46,single_rater_weak
2025_09_15_Re4StRes_T1_DSV/IMG_3066.JPG,plot_5b5cb2833023b786f6d1,dsv_asendorf_t1_bbch11,/home/nfs/data/nvme_datasets/Pictures_CFSB_leaf_damage/2025_09_15_Re4StRes_T1_DSV/IMG_3066.JPG,2.0,0.5046696662902832,0.11453485488891602,-0.3901348114013672,1.885465145111084,1.4953303337097168,gold_only,46,single_rater_weak
2025_09_15_Re4StRes_T1_DSV/IMG_3067.JPG,plot_5b5cb2833023b786f6d1,dsv_asendorf_t1_bbch11,/home/nfs/data/nvme_datasets/Pictures_CFSB_leaf_damage/2025_09_15_Re4StRes_T1_DSV/IMG_3067.JPG,3.0,0.440310001373291,-0.22056132555007935,-0.6608713269233704,3.2205612659454346,2.559689998626709,gold_only,46,single_rater_weak
2025_09_15_Re4StRes_T1_DSV/IMG_3068.JPG,plot_5b5cb2833023b786f6d1,dsv_asendorf_t1_bbch11,/home/nfs/data/nvme_datasets/Pictures_CFSB_leaf_damage/2025_09_15_Re4StRes_T1_DSV/IMG_3068.JPG,15.0,1.2661442756652832,0.7497469782829285,-0.5163972973823547,14.250252723693848,13.733856201171875,gold_only,46,single_rater_weak
2025_09_15_Re4StRes_T1_DSV/IMG_3069.JPG,plot_a4f0c368013c826ed72e,dsv_asendorf_t1_bbch11,/home/nfs/data/nvme_datasets/Pictures_CFSB_leaf_damage/2025_09_15_Re4StRes_T1_DSV/IMG_3069.JPG,8.0,0.9964022636413574,0.5882141590118408,-0.4081881046295166,7.411786079406738,7.003597736358643,gold_only,46,single_rater_weak
2025_09_15_Re4StRes_T1_DSV/IMG_3070.JPG,plot_a4f0c368013c826ed72e,dsv_asendorf_t1_bbch11,/home/nfs/data/nvme_datasets/Pictures_CFSB_leaf_damage/2025_09_15_Re4StRes_T1_DSV/IMG_3070.JPG,2.0,0.3432140350341797,0.565831184387207,0.22261711955070496,1.434168815612793,1.6567859649658203,gold_only,46,single_rater_weak
2025_09_15_Re4StRes_T1_DSV/IMG_3071.JPG,plot_a4f0c368013c826ed72e,dsv_asendorf_t1_bbch11,/home/nfs/data/nvme_datasets/Pictures_CFSB_leaf_damage/2025_09_15_Re4StRes_T1_DSV/IMG_3071.JPG,8.0,1.5473108291625977,1.8121085166931152,0.26479774713516235,6.187891483306885,6.452689170837402,gold_only,46,single_rater_weak
2025_09_15_Re4StRes_T1_DSV/IMG_3072.JPG,plot_079cfae1722c234c4cbf,dsv_asendorf_t1_bbch11,/home/nfs/data/nvme_datasets/Pictures_CFSB_leaf_damage/2025_09_15_Re4StRes_T1_DSV/IMG_3072.JPG,6.0,0.7883696556091309,0.30339542031288147,-0.4849742352962494,5.6966047286987305,5.211630344390869,gold_only,46,single_rater_weak
2025_09_15_Re4StRes_T1_DSV/IMG_3073.JPG,plot_079cfae1722c234c4cbf,dsv_asendorf_t1_bbch11,/home/nfs/data/nvme_datasets/Pictures_CFSB_leaf_damage/2025_09_15_Re4StRes_T1_DSV/IMG_3073.JPG,5.0,0.6857118606567383,1.0131256580352783,0.3274138569831848,3.9868743419647217,4.314288139343262,gold_only,46,single_rater_weak
2025_09_15_Re4StRes_T1_DSV/IMG_3074.JPG,plot_079cfae1722c234c4cbf,dsv_asendorf_t1_bbch11,/home/nfs/data/nvme_datasets/Pictures_CFSB_leaf_damage/2025_09_15_Re4StRes_T1_DSV/IMG_3074.JPG,16.0,2.4581894874572754,2.69624924659729,0.2380598485469818,13.303750991821289,13.541810989379883,gold_only,46,single_rater_weak
2025_09_15_Re4StRes_T1_DSV/IMG_3075.JPG,plot_dfca0e4d30041b1626c7,dsv_asendorf_t1_bbch11,/home/nfs/data/nvme_datasets/Pictures_CFSB_leaf_damage/2025_09_15_Re4StRes_T1_DSV/IMG_3075.JPG,21.0,1.83314847946167,1.9310263395309448,0.09787782281637192,19.068973541259766,19.166851043701172,gold_only,46,single_rater_weak
2025_09_15_Re4StRes_T1_DSV/IMG_3076.JPG,plot_dfca0e4d30041b1626c7,dsv_asendorf_t1_bbch11,/home/nfs/data/nvme_datasets/Pictures_CFSB_leaf_damage/2025_09_15_Re4StRes_T1_DSV/IMG_3076.JPG,10.0,0.3918018341064453,0.2681199908256531,-0.12368185818195343,9.731880187988281,9.608198165893555,gold_only,46,single_rater_weak
2025_09_15_Re4StRes_T1_DSV/IMG_3077.JPG,plot_dfca0e4d30041b1626c7,dsv_asendorf_t1_bbch11,/home/nfs/data/nvme_datasets/Pictures_CFSB_leaf_damage/2025_09_15_Re4StRes_T1_DSV/IMG_3077.JPG,16.0,1.4392070770263672,1.7894328832626343,0.3502258062362671,14.210567474365234,14.560792922973633,gold_only,46,single_rater_weak
2025_09_15_Re4StRes_T1_DSV/IMG_3078.JPG,plot_872a472d88c05d21c13c,dsv_asendorf_t1_bbch11,/home/nfs/data/nvme_datasets/Pictures_CFSB_leaf_damage/2025_09_15_Re4StRes_T1_DSV/IMG_3078.JPG,4.0,0.10432577133178711,-0.5721061825752258,-0.6764319539070129,4.57210636138916,3.895674228668213,gold_only,46,single_rater_weak
2025_09_15_Re4StRes_T1_DSV/IMG_3079.JPG,plot_872a472d88c05d21c13c,dsv_asendorf_t1_bbch11,/home/nfs/data/nvme_datasets/Pictures_CFSB_leaf_damage/2025_09_15_Re4StRes_T1_DSV/IMG_3079.JPG,5.0,-0.43995237350463867,-1.022058129310608,-0.5821057558059692,6.022058010101318,5.439952373504639,gold_only,46,single_rater_weak
2025_09_15_Re4StRes_T1_DSV/IMG_3080.JPG,plot_872a472d88c05d21c13c,dsv_asendorf_t1_bbch11,/home/nfs/data/nvme_datasets/Pictures_CFSB_leaf_damage/2025_09_15_Re4StRes_T1_DSV/IMG_3080.JPG,14.0,-0.24537420272827148,-0.8088041543960571,-0.5634299516677856,14.808804512023926,14.24537467956543,gold_only,46,single_rater_weak
2025_09_15_Re4StRes_T1_DSV/IMG_3081.JPG,plot_b87d088d07adcfff1ebd,dsv_asendorf_t1_bbch11,/home/nfs/data/nvme_datasets/Pictures_CFSB_leaf_damage/2025_09_15_Re4StRes_T1_DSV/IMG_3081.JPG,3.0,1.2138023376464844,0.3965452313423157,-0.8172571063041687,2.603454828262329,1.7861976623535156,gold_only,46,single_rater_weak
2025_09_15_Re4StRes_T1_DSV/IMG_3082.JPG,plot_b87d088d07adcfff1ebd,dsv_asendorf_t1_bbch11,/home/nfs/data/nvme_datasets/Pictures_CFSB_leaf_damage/2025_09_15_Re4StRes_T1_DSV/IMG_3082.JPG,18.0,1.202061653137207,0.7717715501785278,-0.4302901029586792,17.228227615356445,16.79793930053711,gold_only,46,single_rater_weak
2025_09_15_Re4StRes_T1_DSV/IMG_3083.JPG,plot_b87d088d07adcfff1ebd,dsv_asendorf_t1_bbch11,/home/nfs/data/nvme_datasets/Pictures_CFSB_leaf_damage/2025_09_15_Re4StRes_T1_DSV/IMG_3083.JPG,6.0,0.33817529678344727,-0.2631269693374634,-0.6013022661209106,6.263126850128174,5.661824703216553,gold_only,46,single_rater_weak
2025_09_15_Re4StRes_T1_DSV/IMG_3084.JPG,plot_b4abae7476e8e480b37d,dsv_asendorf_t1_bbch11,/home/nfs/data/nvme_datasets/Pictures_CFSB_leaf_damage/2025_09_15_Re4StRes_T1_DSV/IMG_3084.JPG,34.0,4.425973415374756,4.99370002746582,0.5677264332771301,29.00629997253418,29.574026107788086,gold_only,46,single_rater_weak
2025_09_15_Re4StRes_T1_DSV/IMG_3085.JPG,plot_b4abae7476e8e480b37d,dsv_asendorf_t1_bbch11,/home/nfs/data/nvme_datasets/Pictures_CFSB_leaf_damage/2025_09_15_Re4StRes_T1_DSV/IMG_3085.JPG,10.0,2.148224353790283,1.458888053894043,-0.689336359500885,8.541111946105957,7.851775646209717,gold_only,46,single_rater_weak
2025_09_15_Re4StRes_T1_DSV/IMG_3086.JPG,plot_b4abae7476e8e480b37d,dsv_asendorf_t1_bbch11,/home/nfs/data/nvme_datasets/Pictures_CFSB_leaf_damage/2025_09_15_Re4StRes_T1_DSV/IMG_3086.JPG,5.0,2.717020034790039,2.3550946712493896,-0.36192530393600464,2.6449053287506104,2.282979965209961,gold_only,46,single_rater_weak
2025_09_15_Re4StRes_T1_DSV/IMG_3088.JPG,plot_b3f1539c2f57598a4432,dsv_asendorf_t1_bbch11,/home/nfs/data/nvme_datasets/Pictures_CFSB_leaf_damage/2025_09_15_Re4StRes_T1_DSV/IMG_3088.JPG,18.0,3.7695696353912354,3.297013759613037,-0.4725557863712311,14.702985763549805,14.230430603027344,gold_only,46,single_rater_weak
2025_09_15_Re4StRes_T1_DSV/IMG_3089.JPG,plot_b3f1539c2f57598a4432,dsv_asendorf_t1_bbch11,/home/nfs/data/nvme_datasets/Pictures_CFSB_leaf_damage/2025_09_15_Re4StRes_T1_DSV/IMG_3089.JPG,4.0,1.5833568572998047,0.7785812616348267,-0.804775595664978,3.221418857574463,2.4166431427001953,gold_only,46,single_rater_weak
2025_09_15_Re4StRes_T1_DSV/IMG_3090.JPG,plot_b3f1539c2f57598a4432,dsv_asendorf_t1_bbch11,/home/nfs/data/nvme_datasets/Pictures_CFSB_leaf_damage/2025_09_15_Re4StRes_T1_DSV/IMG_3090.JPG,9.0,3.2248992919921875,2.8717916011810303,-0.35310763120651245,6.128208160400391,5.7751007080078125,gold_only,46,single_rater_weak
2025_09_15_Re4StRes_T1_DSV/IMG_3091.JPG,plot_6011f9d40ff6fb4ce860,dsv_asendorf_t1_bbch11,/home/nfs/data/nvme_datasets/Pictures_CFSB_leaf_damage/2025_09_15_Re4StRes_T1_DSV/IMG_3091.JPG,17.0,4.396340370178223,4.115041732788086,-0.2812984585762024,12.884958267211914,12.603659629821777,gold_only,46,single_rater_weak
2025_09_15_Re4StRes_T1_DSV/IMG_3092.JPG,plot_6011f9d40ff6fb4ce860,dsv_asendorf_t1_bbch11,/home/nfs/data/nvme_datasets/Pictures_CFSB_leaf_damage/2025_09_15_Re4StRes_T1_DSV/IMG_3092.JPG,17.0,2.2418289184570312,1.9357109069824219,-0.3061180114746094,15.064289093017578,14.758171081542969,gold_only,46,single_rater_weak
2025_09_15_Re4StRes_T1_DSV/IMG_3093.JPG,plot_6011f9d40ff6fb4ce860,dsv_asendorf_t1_bbch11,/home/nfs/data/nvme_datasets/Pictures_CFSB_leaf_damage/2025_09_15_Re4StRes_T1_DSV/IMG_3093.JPG,14.0,3.3833091259002686,3.395634651184082,0.012325438670814037,10.604365348815918,10.616690635681152,gold_only,46,single_rater_weak
2025_09_15_Re4StRes_T1_DSV/IMG_3094.JPG,plot_5100e524f84c956c18b7,dsv_asendorf_t1_bbch11,/home/nfs/data/nvme_datasets/Pictures_CFSB_leaf_damage/2025_09_15_Re4StRes_T1_DSV/IMG_3094.JPG,18.0,1.9026708602905273,1.8413273096084595,-0.061343591660261154,16.158672332763672,16.097328186035156,gold_only,46,single_rater_weak
2025_09_15_Re4StRes_T1_DSV/IMG_3095.JPG,plot_5100e524f84c956c18b7,dsv_asendorf_t1_bbch11,/home/nfs/data/nvme_datasets/Pictures_CFSB_leaf_damage/2025_09_15_Re4StRes_T1_DSV/IMG_3095.JPG,4.0,0.6349067687988281,0.006226837635040283,-0.6286799311637878,3.9937732219696045,3.365093231201172,gold_only,46,single_rater_weak
2025_09_15_Re4StRes_T1_DSV/IMG_3096.JPG,plot_5100e524f84c956c18b7,dsv_asendorf_t1_bbch11,/home/nfs/data/nvme_datasets/Pictures_CFSB_leaf_damage/2025_09_15_Re4StRes_T1_DSV/IMG_3096.JPG,15.0,2.2383651733398438,1.7013897895812988,-0.5369753837585449,13.29861068725586,12.761634826660156,gold_only,46,single_rater_weak
2025_09_15_Re4StRes_T1_DSV/IMG_3097.JPG,plot_c3c09c194700bb617aa1,dsv_asendorf_t1_bbch11,/home/nfs/data/nvme_datasets/Pictures_CFSB_leaf_damage/2025_09_15_Re4StRes_T1_DSV/IMG_3097.JPG,14.0,2.25296688079834,1.9177712202072144,-0.3351956903934479,12.082228660583496,11.74703311920166,gold_only,46,single_rater_weak
2025_09_15_Re4StRes_T1_DSV/IMG_3098.JPG,plot_c3c09c194700bb617aa1,dsv_asendorf_t1_bbch11,/home/nfs/data/nvme_datasets/Pictures_CFSB_leaf_damage/2025_09_15_Re4StRes_T1_DSV/IMG_3098.JPG,17.0,4.236663341522217,4.100700378417969,-0.1359630525112152,12.899299621582031,12.763336181640625,gold_only,46,single_rater_weak
2025_09_15_Re4StRes_T1_DSV/IMG_3099.JPG,plot_c3c09c194700bb617aa1,dsv_asendorf_t1_bbch11,/home/nfs/data/nvme_datasets/Pictures_CFSB_leaf_damage/2025_09_15_Re4StRes_T1_DSV/IMG_3099.JPG,3.0,1.214141845703125,0.21571624279022217,-0.9984256029129028,2.7842836380004883,1.785858154296875,gold_only,46,single_rater_weak
2025_09_15_Re4StRes_T1_DSV/IMG_3099_2.JPG,plot_94e5641632f0dce0a05a,dsv_asendorf_t1_bbch11,/home/nfs/data/nvme_datasets/Pictures_CFSB_leaf_damage/2025_09_15_Re4StRes_T1_DSV/IMG_3099_2.JPG,12.0,3.297511577606201,2.771876335144043,-0.5256352424621582,9.228123664855957,8.70248794555664,gold_only,46,single_rater_weak
2025_09_15_Re4StRes_T1_DSV/IMG_3101.JPG,plot_94e5641632f0dce0a05a,dsv_asendorf_t1_bbch11,/home/nfs/data/nvme_datasets/Pictures_CFSB_leaf_damage/2025_09_15_Re4StRes_T1_DSV/IMG_3101.JPG,5.0,1.6814327239990234,1.0967886447906494,-0.5846441388130188,3.9032113552093506,3.3185672760009766,gold_only,46,single_rater_weak
2025_09_15_Re4StRes_T1_DSV/IMG_3102.JPG,plot_94e5641632f0dce0a05a,dsv_asendorf_t1_bbch11,/home/nfs/data/nvme_datasets/Pictures_CFSB_leaf_damage/2025_09_15_Re4StRes_T1_DSV/IMG_3102.JPG,9.0,2.55192232131958,1.7390639781951904,-0.8128584027290344,7.2609357833862305,6.44807767868042,gold_only,46,single_rater_weak
2025_09_15_Re4StRes_T1_DSV/IMG_3103.JPG,plot_25a7d10c39cb9d0d2f47,dsv_asendorf_t1_bbch11,/home/nfs/data/nvme_datasets/Pictures_CFSB_leaf_damage/2025_09_15_Re4StRes_T1_DSV/IMG_3103.JPG,3.0,0.3089618682861328,-0.2488442063331604,-0.5578060746192932,3.2488441467285156,2.691038131713867,gold_only,46,single_rater_weak
2025_09_15_Re4StRes_T1_DSV/IMG_3104.JPG,plot_25a7d10c39cb9d0d2f47,dsv_asendorf_t1_bbch11,/home/nfs/data/nvme_datasets/Pictures_CFSB_leaf_damage/2025_09_15_Re4StRes_T1_DSV/IMG_3104.JPG,3.0,4.065129280090332,3.9905295372009277,-0.07459964603185654,0.9905295372009277,1.065129280090332,gold_only,46,single_rater_weak
2025_09_15_Re4StRes_T1_DSV/IMG_3104_2.JPG,plot_25a7d10c39cb9d0d2f47,dsv_asendorf_t1_bbch11,/home/nfs/data/nvme_datasets/Pictures_CFSB_leaf_damage/2025_09_15_Re4StRes_T1_DSV/IMG_3104_2.JPG,15.0,3.8527796268463135,3.6192288398742676,-0.23355072736740112,11.38077163696289,11.147220611572266,gold_only,46,single_rater_weak
2025_09_15_Re4StRes_T1_DSV/IMG_3106.JPG,plot_2e1a2f00c33795668ec5,dsv_asendorf_t1_bbch11,/home/nfs/data/nvme_datasets/Pictures_CFSB_leaf_damage/2025_09_15_Re4StRes_T1_DSV/IMG_3106.JPG,18.0,16.6096134185791,16.395212173461914,-0.21440178155899048,1.604787826538086,1.3903865814208984,gold_only,46,single_rater_weak
2025_09_15_Re4StRes_T1_DSV/IMG_3107.JPG,plot_2e1a2f00c33795668ec5,dsv_asendorf_t1_bbch11,/home/nfs/data/nvme_datasets/Pictures_CFSB_leaf_damage/2025_09_15_Re4StRes_T1_DSV/IMG_3107.JPG,6.0,6.89410924911499,7.137308120727539,0.24319911003112793,1.137308120727539,0.8941092491149902,gold_only,46,single_rater_weak
2025_09_15_Re4StRes_T1_DSV/IMG_3109.JPG,plot_2e1a2f00c33795668ec5,dsv_asendorf_t1_bbch11,/home/nfs/data/nvme_datasets/Pictures_CFSB_leaf_damage/2025_09_15_Re4StRes_T1_DSV/IMG_3109.JPG,3.0,6.086594581604004,6.172459602355957,0.08586499840021133,3.172459602355957,3.086594581604004,gold_only,46,single_rater_weak
2025_09_15_Re4StRes_T1_DSV/IMG_3110.JPG,plot_8f97ab14ca366f893551,dsv_asendorf_t1_bbch11,/home/nfs/data/nvme_datasets/Pictures_CFSB_leaf_damage/2025_09_15_Re4StRes_T1_DSV/IMG_3110.JPG,2.0,6.009902000427246,5.829586505889893,-0.1803155541419983,3.8295865058898926,4.009902000427246,gold_only,46,single_rater_weak
2025_09_15_Re4StRes_T1_DSV/IMG_3111.JPG,plot_8f97ab14ca366f893551,dsv_asendorf_t1_bbch11,/home/nfs/data/nvme_datasets/Pictures_CFSB_leaf_damage/2025_09_15_Re4StRes_T1_DSV/IMG_3111.JPG,3.0,3.907872438430786,4.109574317932129,0.2017020881175995,1.109574317932129,0.9078724384307861,gold_only,46,single_rater_weak
2025_09_15_Re4StRes_T1_DSV/IMG_3112.JPG,plot_8f97ab14ca366f893551,dsv_asendorf_t1_bbch11,/home/nfs/data/nvme_datasets/Pictures_CFSB_leaf_damage/2025_09_15_Re4StRes_T1_DSV/IMG_3112.JPG,2.0,3.7889010906219482,3.6854915618896484,-0.10340958833694458,1.6854915618896484,1.7889010906219482,gold_only,46,single_rater_weak
2025_09_15_Re4StRes_T1_DSV/IMG_3113.JPG,plot_45e5d47a775c5c22c387,dsv_asendorf_t1_bbch11,/home/nfs/data/nvme_datasets/Pictures_CFSB_leaf_damage/2025_09_15_Re4StRes_T1_DSV/IMG_3113.JPG,3.0,3.1972150802612305,3.259658098220825,0.06244306266307831,0.2596580982208252,0.19721508026123047,gold_only,46,single_rater_weak
2025_09_15_Re4StRes_T1_DSV/IMG_3114.JPG,plot_45e5d47a775c5c22c387,dsv_asendorf_t1_bbch11,/home/nfs/data/nvme_datasets/Pictures_CFSB_leaf_damage/2025_09_15_Re4StRes_T1_DSV/IMG_3114.JPG,48.0,13.302993774414062,13.265392303466797,-0.037601519376039505,34.7346076965332,34.69700622558594,gold_only,46,single_rater_weak
2025_09_15_Re4StRes_T1_DSV/IMG_3115.JPG,plot_45e5d47a775c5c22c387,dsv_asendorf_t1_bbch11,/home/nfs/data/nvme_datasets/Pictures_CFSB_leaf_damage/2025_09_15_Re4StRes_T1_DSV/IMG_3115.JPG,4.0,3.1438255310058594,3.2874393463134766,0.1436137557029724,0.7125606536865234,0.8561744689941406,gold_only,46,single_rater_weak
2025_09_15_Re4StRes_T1_DSV/IMG_3116.JPG,plot_c045065644851d981f21,dsv_asendorf_t1_bbch11,/home/nfs/data/nvme_datasets/Pictures_CFSB_leaf_damage/2025_09_15_Re4StRes_T1_DSV/IMG_3116.JPG,25.0,3.9443469047546387,3.9704627990722656,0.026115868240594864,21.029537200927734,21.055652618408203,gold_only,46,single_rater_weak
2025_09_15_Re4StRes_T1_DSV/IMG_3117.JPG,plot_c045065644851d981f21,dsv_asendorf_t1_bbch11,/home/nfs/data/nvme_datasets/Pictures_CFSB_leaf_damage/2025_09_15_Re4StRes_T1_DSV/IMG_3117.JPG,16.0,8.977635383605957,9.292328834533691,0.31469303369522095,6.707671165466309,7.022364616394043,gold_only,46,single_rater_weak
2025_09_15_Re4StRes_T1_DSV/IMG_3118.JPG,plot_c045065644851d981f21,dsv_asendorf_t1_bbch11,/home/nfs/data/nvme_datasets/Pictures_CFSB_leaf_damage/2025_09_15_Re4StRes_T1_DSV/IMG_3118.JPG,14.0,2.99575138092041,3.292677402496338,0.29692602157592773,10.70732307434082,11.00424861907959,gold_only,46,single_rater_weak
2025_09_15_Re4StRes_T1_DSV/IMG_3119.JPG,plot_e468f5dd8b1b730b76d1,dsv_asendorf_t1_bbch11,/home/nfs/data/nvme_datasets/Pictures_CFSB_leaf_damage/2025_09_15_Re4StRes_T1_DSV/IMG_3119.JPG,3.0,1.1895503997802734,0.849121630191803,-0.34042876958847046,2.150878429412842,1.8104496002197266,gold_only,46,single_rater_weak
2025_09_15_Re4StRes_T1_DSV/IMG_3120.JPG,plot_e468f5dd8b1b730b76d1,dsv_asendorf_t1_bbch11,/home/nfs/data/nvme_datasets/Pictures_CFSB_leaf_damage/2025_09_15_Re4StRes_T1_DSV/IMG_3120.JPG,45.0,3.2047576904296875,3.474816083908081,0.2700584828853607,41.525184631347656,41.79524230957031,gold_only,46,single_rater_weak
2025_09_15_Re4StRes_T1_DSV/IMG_3121.JPG,plot_e468f5dd8b1b730b76d1,dsv_asendorf_t1_bbch11,/home/nfs/data/nvme_datasets/Pictures_CFSB_leaf_damage/2025_09_15_Re4StRes_T1_DSV/IMG_3121.JPG,2.0,1.9378910064697266,2.083488941192627,0.14559799432754517,0.08348894119262695,0.06210899353027344,gold_only,46,single_rater_weak
2025_09_15_Re4StRes_T1_DSV/IMG_3122.JPG,plot_6cb9d13e71aef46deb58,dsv_asendorf_t1_bbch11,/home/nfs/data/nvme_datasets/Pictures_CFSB_leaf_damage/2025_09_15_Re4StRes_T1_DSV/IMG_3122.JPG,3.0,3.5128231048583984,3.6280715465545654,0.11524854600429535,0.6280715465545654,0.5128231048583984,gold_only,46,single_rater_weak
2025_09_15_Re4StRes_T1_DSV/IMG_3123.JPG,plot_6cb9d13e71aef46deb58,dsv_asendorf_t1_bbch11,/home/nfs/data/nvme_datasets/Pictures_CFSB_leaf_damage/2025_09_15_Re4StRes_T1_DSV/IMG_3123.JPG,3.0,3.5465712547302246,3.3424692153930664,-0.204102024435997,0.3424692153930664,0.5465712547302246,gold_only,46,single_rater_weak
2025_09_15_Re4StRes_T1_DSV/IMG_3124.JPG,plot_6cb9d13e71aef46deb58,dsv_asendorf_t1_bbch11,/home/nfs/data/nvme_datasets/Pictures_CFSB_leaf_damage/2025_09_15_Re4StRes_T1_DSV/IMG_3124.JPG,2.0,2.514031410217285,2.4329676628112793,-0.0810636505484581,0.4329676628112793,0.5140314102172852,gold_only,46,single_rater_weak
2025_09_15_Re4StRes_T1_DSV/IMG_3126.JPG,plot_1e2dcb74caaf75a16ad2,dsv_asendorf_t1_bbch11,/home/nfs/data/nvme_datasets/Pictures_CFSB_leaf_damage/2025_09_15_Re4StRes_T1_DSV/IMG_3126.JPG,3.0,12.266050338745117,12.034791946411133,-0.23125803470611572,9.034791946411133,9.266050338745117,gold_only,46,single_rater_weak
2025_09_15_Re4StRes_T1_DSV/IMG_3127.JPG,plot_1e2dcb74caaf75a16ad2,dsv_asendorf_t1_bbch11,/home/nfs/data/nvme_datasets/Pictures_CFSB_leaf_damage/2025_09_15_Re4StRes_T1_DSV/IMG_3127.JPG,4.0,12.286869049072266,12.359647750854492,0.07277830690145493,8.359647750854492,8.286869049072266,gold_only,46,single_rater_weak
2025_09_15_Re4StRes_T1_DSV/IMG_3128.JPG,plot_1e2dcb74caaf75a16ad2,dsv_asendorf_t1_bbch11,/home/nfs/data/nvme_datasets/Pictures_CFSB_leaf_damage/2025_09_15_Re4StRes_T1_DSV/IMG_3128.JPG,5.0,4.679406642913818,4.641946792602539,-0.03745989128947258,0.35805320739746094,0.32059335708618164,gold_only,46,single_rater_weak
2025_09_15_Re4StRes_T1_DSV/IMG_3129.JPG,plot_ea34f182d30f6a058201,dsv_asendorf_t1_bbch11,/home/nfs/data/nvme_datasets/Pictures_CFSB_leaf_damage/2025_09_15_Re4StRes_T1_DSV/IMG_3129.JPG,2.0,4.2683844566345215,4.347642421722412,0.07925786823034286,2.347642421722412,2.2683844566345215,gold_only,46,single_rater_weak
2025_09_15_Re4StRes_T1_DSV/IMG_3130.JPG,plot_ea34f182d30f6a058201,dsv_asendorf_t1_bbch11,/home/nfs/data/nvme_datasets/Pictures_CFSB_leaf_damage/2025_09_15_Re4StRes_T1_DSV/IMG_3130.JPG,3.0,3.0013890266418457,2.5489237308502197,-0.45246535539627075,0.4510762691497803,0.0013890266418457031,gold_only,46,single_rater_weak
2025_09_15_Re4StRes_T1_DSV/IMG_3131.JPG,plot_ea34f182d30f6a058201,dsv_asendorf_t1_bbch11,/home/nfs/data/nvme_datasets/Pictures_CFSB_leaf_damage/2025_09_15_Re4StRes_T1_DSV/IMG_3131.JPG,2.0,1.9552764892578125,1.8727760314941406,-0.08250051736831665,0.12722396850585938,0.0447235107421875,gold_only,46,single_rater_weak
2025_09_15_Re4StRes_T1_DSV/IMG_3132.JPG,plot_a90588857c6940d985e9,dsv_asendorf_t1_bbch11,/home/nfs/data/nvme_datasets/Pictures_CFSB_leaf_damage/2025_09_15_Re4StRes_T1_DSV/IMG_3132.JPG,3.0,1.7396979331970215,1.3362442255020142,-0.4034537374973297,1.6637557744979858,1.2603020668029785,gold_only,46,single_rater_weak
2025_09_15_Re4StRes_T1_DSV/IMG_3133.JPG,plot_a90588857c6940d985e9,dsv_asendorf_t1_bbch11,/home/nfs/data/nvme_datasets/Pictures_CFSB_leaf_damage/2025_09_15_Re4StRes_T1_DSV/IMG_3133.JPG,2.0,0.49309730529785156,0.6509833335876465,0.15788602828979492,1.3490166664123535,1.5069026947021484,gold_only,46,single_rater_weak
2025_09_15_Re4StRes_T1_DSV/IMG_3134.JPG,plot_a90588857c6940d985e9,dsv_asendorf_t1_bbch11,/home/nfs/data/nvme_datasets/Pictures_CFSB_leaf_damage/2025_09_15_Re4StRes_T1_DSV/IMG_3134.JPG,3.0,2.0919089317321777,1.7983005046844482,-0.2936084270477295,1.2016994953155518,0.9080910682678223,gold_only,46,single_rater_weak
2025_09_15_Re4StRes_T1_DSV/IMG_3135.JPG,plot_119a975033e716bf35c7,dsv_asendorf_t1_bbch11,/home/nfs/data/nvme_datasets/Pictures_CFSB_leaf_damage/2025_09_15_Re4StRes_T1_DSV/IMG_3135.JPG,4.0,2.6203413009643555,2.5708272457122803,-0.04951395466923714,1.4291727542877197,1.3796586990356445,gold_only,46,single_rater_weak
2025_09_15_Re4StRes_T1_DSV/IMG_3136.JPG,plot_119a975033e716bf35c7,dsv_asendorf_t1_bbch11,/home/nfs/data/nvme_datasets/Pictures_CFSB_leaf_damage/2025_09_15_Re4StRes_T1_DSV/IMG_3136.JPG,2.0,3.7810277938842773,4.030564308166504,0.24953646957874298,2.030564308166504,1.7810277938842773,gold_only,46,single_rater_weak
2025_09_15_Re4StRes_T1_DSV/IMG_3137.JPG,plot_119a975033e716bf35c7,dsv_asendorf_t1_bbch11,/home/nfs/data/nvme_datasets/Pictures_CFSB_leaf_damage/2025_09_15_Re4StRes_T1_DSV/IMG_3137.JPG,2.0,3.2859034538269043,3.7228524684906006,0.4369490146636963,1.7228524684906006,1.2859034538269043,gold_only,46,single_rater_weak
2025_09_15_Re4StRes_T1_DSV/IMG_3138.JPG,plot_8b3c956191aca614ae52,dsv_asendorf_t1_bbch11,/home/nfs/data/nvme_datasets/Pictures_CFSB_leaf_damage/2025_09_15_Re4StRes_T1_DSV/IMG_3138.JPG,5.0,9.367469787597656,9.408827781677246,0.04135816544294357,4.408827781677246,4.367469787597656,gold_only,46,single_rater_weak
2025_09_15_Re4StRes_T1_DSV/IMG_3139.JPG,plot_8b3c956191aca614ae52,dsv_asendorf_t1_bbch11,/home/nfs/data/nvme_datasets/Pictures_CFSB_leaf_damage/2025_09_15_Re4StRes_T1_DSV/IMG_3139.JPG,3.0,4.244006633758545,4.379655838012695,0.1356494128704071,1.3796558380126953,1.244006633758545,gold_only,46,single_rater_weak
2025_09_15_Re4StRes_T1_DSV/IMG_3140.JPG,plot_8b3c956191aca614ae52,dsv_asendorf_t1_bbch11,/home/nfs/data/nvme_datasets/Pictures_CFSB_leaf_damage/2025_09_15_Re4StRes_T1_DSV/IMG_3140.JPG,3.0,5.4611496925354,5.479862689971924,0.018713029101490974,2.479862689971924,2.4611496925354004,gold_only,46,single_rater_weak
2025_09_15_Re4StRes_T1_DSV/IMG_3141.JPG,plot_211c30fcd4fa6d8b7d89,dsv_asendorf_t1_bbch11,/home/nfs/data/nvme_datasets/Pictures_CFSB_leaf_damage/2025_09_15_Re4StRes_T1_DSV/IMG_3141.JPG,4.0,5.192996025085449,5.516456604003906,0.3234606385231018,1.5164566040039062,1.1929960250854492,gold_only,46,single_rater_weak
2025_09_15_Re4StRes_T1_DSV/IMG_3142.JPG,plot_211c30fcd4fa6d8b7d89,dsv_asendorf_t1_bbch11,/home/nfs/data/nvme_datasets/Pictures_CFSB_leaf_damage/2025_09_15_Re4StRes_T1_DSV/IMG_3142.JPG,3.0,5.6278300285339355,5.855292797088623,0.22746258974075317,2.855292797088623,2.6278300285339355,gold_only,46,single_rater_weak
2025_09_15_Re4StRes_T1_DSV/IMG_3143.JPG,plot_211c30fcd4fa6d8b7d89,dsv_asendorf_t1_bbch11,/home/nfs/data/nvme_datasets/Pictures_CFSB_leaf_damage/2025_09_15_Re4StRes_T1_DSV/IMG_3143.JPG,3.0,8.013126373291016,8.547457695007324,0.5343310832977295,5.547457695007324,5.013126373291016,gold_only,46,single_rater_weak
2025_09_15_Re4StRes_T1_DSV/IMG_3144.JPG,plot_b110edf915a30daabf56,dsv_asendorf_t1_bbch11,/home/nfs/data/nvme_datasets/Pictures_CFSB_leaf_damage/2025_09_15_Re4StRes_T1_DSV/IMG_3144.JPG,2.0,5.1649580001831055,5.372552871704102,0.2075951099395752,3.3725528717041016,3.1649580001831055,gold_only,46,single_rater_weak
2025_09_15_Re4StRes_T1_DSV/IMG_3145.JPG,plot_b110edf915a30daabf56,dsv_asendorf_t1_bbch11,/home/nfs/data/nvme_datasets/Pictures_CFSB_leaf_damage/2025_09_15_Re4StRes_T1_DSV/IMG_3145.JPG,2.0,3.5878376960754395,3.5299580097198486,-0.05787975341081619,1.5299580097198486,1.5878376960754395,gold_only,46,single_rater_weak
2025_09_15_Re4StRes_T1_DSV/IMG_3146.JPG,plot_b110edf915a30daabf56,dsv_asendorf_t1_bbch11,/home/nfs/data/nvme_datasets/Pictures_CFSB_leaf_damage/2025_09_15_Re4StRes_T1_DSV/IMG_3146.JPG,2.0,4.07967472076416,4.339579105377197,0.25990432500839233,2.3395791053771973,2.07967472076416,gold_only,46,single_rater_weak
2025_09_15_Re4StRes_T1_DSV/IMG_3146_2.JPG,plot_097a5780d7d7a5ec62e5,dsv_asendorf_t1_bbch11,/home/nfs/data/nvme_datasets/Pictures_CFSB_leaf_damage/2025_09_15_Re4StRes_T1_DSV/IMG_3146_2.JPG,4.0,1.5379114151000977,1.238864779472351,-0.29904666543006897,2.7611351013183594,2.4620885848999023,gold_only,46,single_rater_weak
2025_09_15_Re4StRes_T1_DSV/IMG_3148.JPG,plot_097a5780d7d7a5ec62e5,dsv_asendorf_t1_bbch11,/home/nfs/data/nvme_datasets/Pictures_CFSB_leaf_damage/2025_09_15_Re4StRes_T1_DSV/IMG_3148.JPG,2.0,4.7881622314453125,5.10740852355957,0.3192465305328369,3.1074085235595703,2.7881622314453125,gold_only,46,single_rater_weak
2025_09_15_Re4StRes_T1_DSV/IMG_3150.JPG,plot_097a5780d7d7a5ec62e5,dsv_asendorf_t1_bbch11,/home/nfs/data/nvme_datasets/Pictures_CFSB_leaf_damage/2025_09_15_Re4StRes_T1_DSV/IMG_3150.JPG,2.0,3.3172531127929688,3.345904588699341,0.028651578351855278,1.3459045886993408,1.3172531127929688,gold_only,46,single_rater_weak
2025_09_15_Re4StRes_T1_DSV/IMG_3151.JPG,plot_40a61238035691d9bbef,dsv_asendorf_t1_bbch11,/home/nfs/data/nvme_datasets/Pictures_CFSB_leaf_damage/2025_09_15_Re4StRes_T1_DSV/IMG_3151.JPG,3.0,4.088446617126465,4.013293743133545,-0.07515279203653336,1.013293743133545,1.0884466171264648,gold_only,46,single_rater_weak
2025_09_15_Re4StRes_T1_DSV/IMG_3152.JPG,plot_40a61238035691d9bbef,dsv_asendorf_t1_bbch11,/home/nfs/data/nvme_datasets/Pictures_CFSB_leaf_damage/2025_09_15_Re4StRes_T1_DSV/IMG_3152.JPG,10.0,3.2407398223876953,3.348862409591675,0.10812254250049591,6.651137351989746,6.759260177612305,gold_only,46,single_rater_weak
2025_09_15_Re4StRes_T1_DSV/IMG_3153.JPG,plot_40a61238035691d9bbef,dsv_asendorf_t1_bbch11,/home/nfs/data/nvme_datasets/Pictures_CFSB_leaf_damage/2025_09_15_Re4StRes_T1_DSV/IMG_3153.JPG,3.0,2.7958483695983887,2.634596347808838,-0.161251962184906,0.3654036521911621,0.20415163040161133,gold_only,46,single_rater_weak
2025_09_15_Re4StRes_T1_DSV/IMG_3154.JPG,plot_5df77eb15df5145ba912,dsv_asendorf_t1_bbch11,/home/nfs/data/nvme_datasets/Pictures_CFSB_leaf_damage/2025_09_15_Re4StRes_T1_DSV/IMG_3154.JPG,2.0,3.6422903537750244,4.085227966308594,0.44293761253356934,2.0852279663085938,1.6422903537750244,gold_only,46,single_rater_weak
2025_09_15_Re4StRes_T1_DSV/IMG_3155.JPG,plot_5df77eb15df5145ba912,dsv_asendorf_t1_bbch11,/home/nfs/data/nvme_datasets/Pictures_CFSB_leaf_damage/2025_09_15_Re4StRes_T1_DSV/IMG_3155.JPG,2.0,4.602785110473633,4.739546775817871,0.1367616355419159,2.739546775817871,2.602785110473633,gold_only,46,single_rater_weak
2025_09_15_Re4StRes_T1_DSV/IMG_3156.JPG,plot_5df77eb15df5145ba912,dsv_asendorf_t1_bbch11,/home/nfs/data/nvme_datasets/Pictures_CFSB_leaf_damage/2025_09_15_Re4StRes_T1_DSV/IMG_3156.JPG,4.0,6.302677154541016,6.451767444610596,0.14909042418003082,2.4517674446105957,2.3026771545410156,gold_only,46,single_rater_weak
2025_09_15_Re4StRes_T1_DSV/IMG_3157.JPG,plot_ca56a0a042e3c9becb07,dsv_asendorf_t1_bbch11,/home/nfs/data/nvme_datasets/Pictures_CFSB_leaf_damage/2025_09_15_Re4StRes_T1_DSV/IMG_3157.JPG,3.0,3.1058430671691895,2.802499532699585,-0.3033434748649597,0.19750046730041504,0.10584306716918945,gold_only,46,single_rater_weak
2025_09_15_Re4StRes_T1_DSV/IMG_3158.JPG,plot_ca56a0a042e3c9becb07,dsv_asendorf_t1_bbch11,/home/nfs/data/nvme_datasets/Pictures_CFSB_leaf_damage/2025_09_15_Re4StRes_T1_DSV/IMG_3158.JPG,2.0,3.285609722137451,3.5607316493988037,0.2751219570636749,1.5607316493988037,1.2856097221374512,gold_only,46,single_rater_weak
2025_09_15_Re4StRes_T1_DSV/IMG_3159.JPG,plot_ca56a0a042e3c9becb07,dsv_asendorf_t1_bbch11,/home/nfs/data/nvme_datasets/Pictures_CFSB_leaf_damage/2025_09_15_Re4StRes_T1_DSV/IMG_3159.JPG,21.0,3.5889828205108643,3.7831413745880127,0.1941586285829544,17.21685791015625,17.4110164642334,gold_only,46,single_rater_weak
2025_09_15_Re4StRes_T1_DSV/IMG_3160.JPG,plot_b98e4d9359ffdf235e1f,dsv_asendorf_t1_bbch11,/home/nfs/data/nvme_datasets/Pictures_CFSB_leaf_damage/2025_09_15_Re4StRes_T1_DSV/IMG_3160.JPG,8.0,1.576568603515625,1.1831190586090088,-0.3934495151042938,6.81688117980957,6.423431396484375,gold_only,46,single_rater_weak
2025_09_15_Re4StRes_T1_DSV/IMG_3161.JPG,plot_b98e4d9359ffdf235e1f,dsv_asendorf_t1_bbch11,/home/nfs/data/nvme_datasets/Pictures_CFSB_leaf_damage/2025_09_15_Re4StRes_T1_DSV/IMG_3161.JPG,6.0,2.1697912216186523,2.1629183292388916,-0.006872825790196657,3.8370816707611084,3.8302087783813477,gold_only,46,single_rater_weak
2025_09_15_Re4StRes_T1_DSV/IMG_3162.JPG,plot_b98e4d9359ffdf235e1f,dsv_asendorf_t1_bbch11,/home/nfs/data/nvme_datasets/Pictures_CFSB_leaf_damage/2025_09_15_Re4StRes_T1_DSV/IMG_3162.JPG,3.0,3.8823306560516357,3.8871750831604004,0.004844324197620153,0.8871750831604004,0.8823306560516357,gold_only,46,single_rater_weak
2025_09_15_Re4StRes_T1_DSV/IMG_3163.JPG,plot_73f361754eddb6b5326a,dsv_asendorf_t1_bbch11,/home/nfs/data/nvme_datasets/Pictures_CFSB_leaf_damage/2025_09_15_Re4StRes_T1_DSV/IMG_3163.JPG,2.0,6.92376184463501,7.173828125,0.2500661015510559,5.173828125,4.92376184463501,gold_only,46,single_rater_weak
2025_09_15_Re4StRes_T1_DSV/IMG_3164.JPG,plot_73f361754eddb6b5326a,dsv_asendorf_t1_bbch11,/home/nfs/data/nvme_datasets/Pictures_CFSB_leaf_damage/2025_09_15_Re4StRes_T1_DSV/IMG_3164.JPG,3.0,13.020712852478027,12.719024658203125,-0.3016882538795471,9.719024658203125,10.020712852478027,gold_only,46,single_rater_weak
2025_09_15_Re4StRes_T1_DSV/IMG_3165.JPG,plot_73f361754eddb6b5326a,dsv_asendorf_t1_bbch11,/home/nfs/data/nvme_datasets/Pictures_CFSB_leaf_damage/2025_09_15_Re4StRes_T1_DSV/IMG_3165.JPG,2.0,3.6106371879577637,4.069815635681152,0.45917826890945435,2.0698156356811523,1.6106371879577637,gold_only,46,single_rater_weak
2025_09_15_Re4StRes_T1_DSV/IMG_3169.JPG,plot_945d05724acc18ae7225,dsv_asendorf_t1_bbch11,/home/nfs/data/nvme_datasets/Pictures_CFSB_leaf_damage/2025_09_15_Re4StRes_T1_DSV/IMG_3169.JPG,2.0,9.566378593444824,9.701520919799805,0.135142520070076,7.701520919799805,7.566378593444824,gold_only,46,single_rater_weak
2025_09_15_Re4StRes_T1_DSV/IMG_3170.JPG,plot_945d05724acc18ae7225,dsv_asendorf_t1_bbch11,/home/nfs/data/nvme_datasets/Pictures_CFSB_leaf_damage/2025_09_15_Re4StRes_T1_DSV/IMG_3170.JPG,3.0,9.100582122802734,8.631712913513184,-0.4688689410686493,5.631712913513184,6.100582122802734,gold_only,46,single_rater_weak
2025_09_15_Re4StRes_T1_DSV/IMG_3171.JPG,plot_945d05724acc18ae7225,dsv_asendorf_t1_bbch11,/home/nfs/data/nvme_datasets/Pictures_CFSB_leaf_damage/2025_09_15_Re4StRes_T1_DSV/IMG_3171.JPG,26.0,12.452152252197266,12.822630882263184,0.37047889828681946,13.177369117736816,13.547847747802734,gold_only,46,single_rater_weak
2025_09_15_Re4StRes_T1_DSV/IMG_3172.JPG,plot_aaf5cb0e7c43e9e13fc7,dsv_asendorf_t1_bbch11,/home/nfs/data/nvme_datasets/Pictures_CFSB_leaf_damage/2025_09_15_Re4StRes_T1_DSV/IMG_3172.JPG,3.0,6.300771713256836,6.0684356689453125,-0.2323359102010727,3.0684356689453125,3.300771713256836,gold_only,46,single_rater_weak
2025_09_15_Re4StRes_T1_DSV/IMG_3173.JPG,plot_aaf5cb0e7c43e9e13fc7,dsv_asendorf_t1_bbch11,/home/nfs/data/nvme_datasets/Pictures_CFSB_leaf_damage/2025_09_15_Re4StRes_T1_DSV/IMG_3173.JPG,2.0,4.669383525848389,4.658895015716553,-0.010488609783351421,2.6588950157165527,2.6693835258483887,gold_only,46,single_rater_weak
2025_09_15_Re4StRes_T1_DSV/IMG_3174.JPG,plot_aaf5cb0e7c43e9e13fc7,dsv_asendorf_t1_bbch11,/home/nfs/data/nvme_datasets/Pictures_CFSB_leaf_damage/2025_09_15_Re4StRes_T1_DSV/IMG_3174.JPG,5.0,14.925565719604492,14.224517822265625,-0.7010477781295776,9.224517822265625,9.925565719604492,gold_only,46,single_rater_weak
2025_09_15_Re4StRes_T1_DSV/IMG_3175.JPG,plot_b80269ea15d9e812ebb1,dsv_asendorf_t1_bbch11,/home/nfs/data/nvme_datasets/Pictures_CFSB_leaf_damage/2025_09_15_Re4StRes_T1_DSV/IMG_3175.JPG,4.0,10.527118682861328,10.363897323608398,-0.16322138905525208,6.363897323608398,6.527118682861328,gold_only,46,single_rater_weak
2025_09_15_Re4StRes_T1_DSV/IMG_3176.JPG,plot_b80269ea15d9e812ebb1,dsv_asendorf_t1_bbch11,/home/nfs/data/nvme_datasets/Pictures_CFSB_leaf_damage/2025_09_15_Re4StRes_T1_DSV/IMG_3176.JPG,3.0,6.65133810043335,6.721902370452881,0.07056435197591782,3.721902370452881,3.6513381004333496,gold_only,46,single_rater_weak
2025_09_15_Re4StRes_T1_DSV/IMG_3177.JPG,plot_b80269ea15d9e812ebb1,dsv_asendorf_t1_bbch11,/home/nfs/data/nvme_datasets/Pictures_CFSB_leaf_damage/2025_09_15_Re4StRes_T1_DSV/IMG_3177.JPG,2.0,7.010120391845703,7.2087931632995605,0.19867269694805145,5.2087931632995605,5.010120391845703,gold_only,46,single_rater_weak
2025_09_15_Re4StRes_T1_DSV/IMG_3178.JPG,plot_25f666fca951a0f5e945,dsv_asendorf_t1_bbch11,/home/nfs/data/nvme_datasets/Pictures_CFSB_leaf_damage/2025_09_15_Re4StRes_T1_DSV/IMG_3178.JPG,4.0,5.080422878265381,5.059118270874023,-0.02130451798439026,1.0591182708740234,1.0804228782653809,gold_only,46,single_rater_weak
2025_09_15_Re4StRes_T1_DSV/IMG_3179.JPG,plot_25f666fca951a0f5e945,dsv_asendorf_t1_bbch11,/home/nfs/data/nvme_datasets/Pictures_CFSB_leaf_damage/2025_09_15_Re4StRes_T1_DSV/IMG_3179.JPG,3.0,7.483114242553711,7.365920066833496,-0.11719423532485962,4.365920066833496,4.483114242553711,gold_only,46,single_rater_weak
2025_09_15_Re4StRes_T1_DSV/IMG_3180.JPG,plot_25f666fca951a0f5e945,dsv_asendorf_t1_bbch11,/home/nfs/data/nvme_datasets/Pictures_CFSB_leaf_damage/2025_09_15_Re4StRes_T1_DSV/IMG_3180.JPG,5.0,8.081583976745605,7.879668712615967,-0.20191527903079987,2.879668712615967,3.0815839767456055,gold_only,46,single_rater_weak
2025_09_15_Re4StRes_T1_DSV/IMG_3181.JPG,plot_a35f549b6adb23ddedb3,dsv_asendorf_t1_bbch11,/home/nfs/data/nvme_datasets/Pictures_CFSB_leaf_damage/2025_09_15_Re4StRes_T1_DSV/IMG_3181.JPG,2.0,10.158775329589844,9.899913787841797,-0.2588618993759155,7.899913787841797,8.158775329589844,gold_only,46,single_rater_weak
2025_09_15_Re4StRes_T1_DSV/IMG_3182.JPG,plot_a35f549b6adb23ddedb3,dsv_asendorf_t1_bbch11,/home/nfs/data/nvme_datasets/Pictures_CFSB_leaf_damage/2025_09_15_Re4StRes_T1_DSV/IMG_3182.JPG,3.0,7.699751853942871,7.5825300216674805,-0.11722204089164734,4.5825300216674805,4.699751853942871,gold_only,46,single_rater_weak
2025_09_15_Re4StRes_T1_DSV/IMG_3183.JPG,plot_a35f549b6adb23ddedb3,dsv_asendorf_t1_bbch11,/home/nfs/data/nvme_datasets/Pictures_CFSB_leaf_damage/2025_09_15_Re4StRes_T1_DSV/IMG_3183.JPG,4.0,14.700122833251953,14.351353645324707,-0.34876886010169983,10.351353645324707,10.700122833251953,gold_only,46,single_rater_weak
2025_09_15_Re4StRes_T1_DSV/IMG_3184.JPG,plot_cfe78efc9fbf34b7f4b9,dsv_asendorf_t1_bbch11,/home/nfs/data/nvme_datasets/Pictures_CFSB_leaf_damage/2025_09_15_Re4StRes_T1_DSV/IMG_3184.JPG,3.0,6.486600875854492,6.597787380218506,0.11118661612272263,3.597787380218506,3.486600875854492,gold_only,46,single_rater_weak
2025_09_15_Re4StRes_T1_DSV/IMG_3185.JPG,plot_cfe78efc9fbf34b7f4b9,dsv_asendorf_t1_bbch11,/home/nfs/data/nvme_datasets/Pictures_CFSB_leaf_damage/2025_09_15_Re4StRes_T1_DSV/IMG_3185.JPG,5.0,12.92922592163086,13.204768180847168,0.27554211020469666,8.204768180847168,7.929225921630859,gold_only,46,single_rater_weak
2025_09_15_Re4StRes_T1_DSV/IMG_3186.JPG,plot_cfe78efc9fbf34b7f4b9,dsv_asendorf_t1_bbch11,/home/nfs/data/nvme_datasets/Pictures_CFSB_leaf_damage/2025_09_15_Re4StRes_T1_DSV/IMG_3186.JPG,4.0,12.246541976928711,11.931175231933594,-0.31536704301834106,7.931175231933594,8.246541976928711,gold_only,46,single_rater_weak
2025_09_15_Re4StRes_T1_DSV/IMG_3187.JPG,plot_a75bd7b0d3ff79351265,dsv_asendorf_t1_bbch11,/home/nfs/data/nvme_datasets/Pictures_CFSB_leaf_damage/2025_09_15_Re4StRes_T1_DSV/IMG_3187.JPG,3.0,4.639463901519775,4.9985809326171875,0.35911720991134644,1.9985809326171875,1.6394639015197754,gold_only,46,single_rater_weak
2025_09_15_Re4StRes_T1_DSV/IMG_3188.JPG,plot_a75bd7b0d3ff79351265,dsv_asendorf_t1_bbch11,/home/nfs/data/nvme_datasets/Pictures_CFSB_leaf_damage/2025_09_15_Re4StRes_T1_DSV/IMG_3188.JPG,2.0,5.510610580444336,6.166279315948486,0.6556686162948608,4.166279315948486,3.510610580444336,gold_only,46,single_rater_weak
2025_09_15_Re4StRes_T1_DSV/IMG_3189.JPG,plot_a75bd7b0d3ff79351265,dsv_asendorf_t1_bbch11,/home/nfs/data/nvme_datasets/Pictures_CFSB_leaf_damage/2025_09_15_Re4StRes_T1_DSV/IMG_3189.JPG,1.0,3.3455772399902344,3.8965108394622803,0.5509335994720459,2.8965108394622803,2.3455772399902344,gold_only,46,single_rater_weak
2025_09_15_Re4StRes_T1_DSV/IMG_3190.JPG,plot_336d70e197749a85305d,dsv_asendorf_t1_bbch11,/home/nfs/data/nvme_datasets/Pictures_CFSB_leaf_damage/2025_09_15_Re4StRes_T1_DSV/IMG_3190.JPG,2.0,7.1462297439575195,7.559200286865234,0.41297078132629395,5.559200286865234,5.1462297439575195,gold_only,46,single_rater_weak
2025_09_15_Re4StRes_T1_DSV/IMG_3191.JPG,plot_336d70e197749a85305d,dsv_asendorf_t1_bbch11,/home/nfs/data/nvme_datasets/Pictures_CFSB_leaf_damage/2025_09_15_Re4StRes_T1_DSV/IMG_3191.JPG,2.0,4.8879547119140625,5.310086727142334,0.4221319854259491,3.310086727142334,2.8879547119140625,gold_only,46,single_rater_weak
2025_09_15_Re4StRes_T1_DSV/IMG_3192.JPG,plot_336d70e197749a85305d,dsv_asendorf_t1_bbch11,/home/nfs/data/nvme_datasets/Pictures_CFSB_leaf_damage/2025_09_15_Re4StRes_T1_DSV/IMG_3192.JPG,3.0,8.490324020385742,8.830419540405273,0.3400951325893402,5.830419540405273,5.490324020385742,gold_only,46,single_rater_weak
2025_09_15_Re4StRes_T1_DSV/IMG_3193.JPG,plot_72b1d0fc83e440054c83,dsv_asendorf_t1_bbch11,/home/nfs/data/nvme_datasets/Pictures_CFSB_leaf_damage/2025_09_15_Re4StRes_T1_DSV/IMG_3193.JPG,1.0,6.585760116577148,6.888251304626465,0.30249136686325073,5.888251304626465,5.585760116577148,gold_only,46,single_rater_weak
2025_09_15_Re4StRes_T1_DSV/IMG_3194.JPG,plot_72b1d0fc83e440054c83,dsv_asendorf_t1_bbch11,/home/nfs/data/nvme_datasets/Pictures_CFSB_leaf_damage/2025_09_15_Re4StRes_T1_DSV/IMG_3194.JPG,1.0,9.205995559692383,9.468199729919434,0.2622043490409851,8.468199729919434,8.205995559692383,gold_only,46,single_rater_weak
2025_09_15_Re4StRes_T1_DSV/IMG_3195.JPG,plot_72b1d0fc83e440054c83,dsv_asendorf_t1_bbch11,/home/nfs/data/nvme_datasets/Pictures_CFSB_leaf_damage/2025_09_15_Re4StRes_T1_DSV/IMG_3195.JPG,1.0,2.5957908630371094,2.8714234828948975,0.2756325900554657,1.8714234828948975,1.5957908630371094,gold_only,46,single_rater_weak
2025_09_15_Re4StRes_T1_DSV/IMG_3196.JPG,plot_a1803f305fedaf6b8aa4,dsv_asendorf_t1_bbch11,/home/nfs/data/nvme_datasets/Pictures_CFSB_leaf_damage/2025_09_15_Re4StRes_T1_DSV/IMG_3196.JPG,2.0,5.769084930419922,5.777503967285156,0.008419031277298927,3.7775039672851562,3.769084930419922,gold_only,46,single_rater_weak
2025_09_15_Re4StRes_T1_DSV/IMG_3197.JPG,plot_a1803f305fedaf6b8aa4,dsv_asendorf_t1_bbch11,/home/nfs/data/nvme_datasets/Pictures_CFSB_leaf_damage/2025_09_15_Re4StRes_T1_DSV/IMG_3197.JPG,2.0,12.454526901245117,12.57602310180664,0.12149608135223389,10.57602310180664,10.454526901245117,gold_only,46,single_rater_weak
2025_09_15_Re4StRes_T1_DSV/IMG_3198.JPG,plot_a1803f305fedaf6b8aa4,dsv_asendorf_t1_bbch11,/home/nfs/data/nvme_datasets/Pictures_CFSB_leaf_damage/2025_09_15_Re4StRes_T1_DSV/IMG_3198.JPG,1.0,6.992740154266357,6.710357189178467,-0.2823830246925354,5.710357189178467,5.992740154266357,gold_only,46,single_rater_weak
2025_09_15_Re4StRes_T1_DSV/IMG_3199.JPG,plot_a9ab88f04c34dafa250a,dsv_asendorf_t1_bbch11,/home/nfs/data/nvme_datasets/Pictures_CFSB_leaf_damage/2025_09_15_Re4StRes_T1_DSV/IMG_3199.JPG,2.0,4.7880120277404785,5.08608865737915,0.2980767488479614,3.0860886573791504,2.7880120277404785,gold_only,46,single_rater_weak
2025_09_15_Re4StRes_T1_DSV/IMG_3200.JPG,plot_a9ab88f04c34dafa250a,dsv_asendorf_t1_bbch11,/home/nfs/data/nvme_datasets/Pictures_CFSB_leaf_damage/2025_09_15_Re4StRes_T1_DSV/IMG_3200.JPG,2.0,9.296844482421875,9.383566856384277,0.08672243356704712,7.383566856384277,7.296844482421875,gold_only,46,single_rater_weak
2025_09_15_Re4StRes_T1_DSV/IMG_3201.JPG,plot_a9ab88f04c34dafa250a,dsv_asendorf_t1_bbch11,/home/nfs/data/nvme_datasets/Pictures_CFSB_leaf_damage/2025_09_15_Re4StRes_T1_DSV/IMG_3201.JPG,2.0,9.855751037597656,10.019107818603516,0.16335690021514893,8.019107818603516,7.855751037597656,gold_only,46,single_rater_weak
2025_09_15_Re4StRes_T1_DSV/IMG_3202.JPG,plot_60400e702bee57585895,dsv_asendorf_t1_bbch11,/home/nfs/data/nvme_datasets/Pictures_CFSB_leaf_damage/2025_09_15_Re4StRes_T1_DSV/IMG_3202.JPG,6.0,6.036959171295166,6.383700370788574,0.34674108028411865,0.3837003707885742,0.036959171295166016,gold_only,46,single_rater_weak
2025_09_15_Re4StRes_T1_DSV/IMG_3203.JPG,plot_60400e702bee57585895,dsv_asendorf_t1_bbch11,/home/nfs/data/nvme_datasets/Pictures_CFSB_leaf_damage/2025_09_15_Re4StRes_T1_DSV/IMG_3203.JPG,4.0,8.547225952148438,8.64093017578125,0.09370464831590652,4.64093017578125,4.5472259521484375,gold_only,46,single_rater_weak
2025_09_15_Re4StRes_T1_DSV/IMG_3204.JPG,plot_60400e702bee57585895,dsv_asendorf_t1_bbch11,/home/nfs/data/nvme_datasets/Pictures_CFSB_leaf_damage/2025_09_15_Re4StRes_T1_DSV/IMG_3204.JPG,1.0,2.980808734893799,3.1402692794799805,0.15946044027805328,2.1402692794799805,1.9808087348937988,gold_only,46,single_rater_weak
2025_09_15_Re4StRes_T1_DSV/IMG_3205.JPG,plot_2bbedc53a1730a8c1c06,dsv_asendorf_t1_bbch11,/home/nfs/data/nvme_datasets/Pictures_CFSB_leaf_damage/2025_09_15_Re4StRes_T1_DSV/IMG_3205.JPG,1.0,7.122015953063965,7.46070671081543,0.33869093656539917,6.46070671081543,6.122015953063965,gold_only,46,single_rater_weak
2025_09_15_Re4StRes_T1_DSV/IMG_3206.JPG,plot_2bbedc53a1730a8c1c06,dsv_asendorf_t1_bbch11,/home/nfs/data/nvme_datasets/Pictures_CFSB_leaf_damage/2025_09_15_Re4StRes_T1_DSV/IMG_3206.JPG,3.0,8.254079818725586,8.62342357635498,0.36934399604797363,5.6234235763549805,5.254079818725586,gold_only,46,single_rater_weak
2025_09_15_Re4StRes_T1_DSV/IMG_3207.JPG,plot_2bbedc53a1730a8c1c06,dsv_asendorf_t1_bbch11,/home/nfs/data/nvme_datasets/Pictures_CFSB_leaf_damage/2025_09_15_Re4StRes_T1_DSV/IMG_3207.JPG,4.0,9.578096389770508,9.85139274597168,0.27329668402671814,5.85139274597168,5.578096389770508,gold_only,46,single_rater_weak
2025_09_15_Re4StRes_T1_DSV/IMG_3208.JPG,plot_b1894e39332675c8b77d,dsv_asendorf_t1_bbch11,/home/nfs/data/nvme_datasets/Pictures_CFSB_leaf_damage/2025_09_15_Re4StRes_T1_DSV/IMG_3208.JPG,1.0,7.803131580352783,7.7948079109191895,-0.008323571644723415,6.7948079109191895,6.803131580352783,gold_only,46,single_rater_weak
2025_09_15_Re4StRes_T1_DSV/IMG_3209.JPG,plot_b1894e39332675c8b77d,dsv_asendorf_t1_bbch11,/home/nfs/data/nvme_datasets/Pictures_CFSB_leaf_damage/2025_09_15_Re4StRes_T1_DSV/IMG_3209.JPG,1.0,7.797965049743652,7.860886096954346,0.06292124092578888,6.860886096954346,6.797965049743652,gold_only,46,single_rater_weak
2025_09_15_Re4StRes_T1_DSV/IMG_3210.JPG,plot_b1894e39332675c8b77d,dsv_asendorf_t1_bbch11,/home/nfs/data/nvme_datasets/Pictures_CFSB_leaf_damage/2025_09_15_Re4StRes_T1_DSV/IMG_3210.JPG,1.0,2.2068862915039062,2.574568033218384,0.3676818311214447,1.5745680332183838,1.2068862915039062,gold_only,46,single_rater_weak
2025_09_15_Re4StRes_T1_DSV/IMG_3211.JPG,plot_3539600a59aabc9b75de,dsv_asendorf_t1_bbch11,/home/nfs/data/nvme_datasets/Pictures_CFSB_leaf_damage/2025_09_15_Re4StRes_T1_DSV/IMG_3211.JPG,2.0,6.53978157043457,6.928893566131592,0.38911181688308716,4.928893566131592,4.53978157043457,gold_only,46,single_rater_weak
2025_09_15_Re4StRes_T1_DSV/IMG_3212.JPG,plot_3539600a59aabc9b75de,dsv_asendorf_t1_bbch11,/home/nfs/data/nvme_datasets/Pictures_CFSB_leaf_damage/2025_09_15_Re4StRes_T1_DSV/IMG_3212.JPG,1.0,8.17827320098877,8.624133110046387,0.4458603262901306,7.624133110046387,7.1782732009887695,gold_only,46,single_rater_weak
2025_09_15_Re4StRes_T1_DSV/IMG_3214.JPG,plot_3539600a59aabc9b75de,dsv_asendorf_t1_bbch11,/home/nfs/data/nvme_datasets/Pictures_CFSB_leaf_damage/2025_09_15_Re4StRes_T1_DSV/IMG_3214.JPG,1.0,3.7532150745391846,4.271637439727783,0.5184224843978882,3.271637439727783,2.7532150745391846,gold_only,46,single_rater_weak
2025_09_15_Re4StRes_T1_DSV/IMG_3215.JPG,plot_eb3702ae538f36e12fdc,dsv_asendorf_t1_bbch11,/home/nfs/data/nvme_datasets/Pictures_CFSB_leaf_damage/2025_09_15_Re4StRes_T1_DSV/IMG_3215.JPG,15.0,11.096017837524414,11.117049217224121,0.021031446754932404,3.882950782775879,3.903982162475586,gold_only,46,single_rater_weak
2025_09_15_Re4StRes_T1_DSV/IMG_3216.JPG,plot_eb3702ae538f36e12fdc,dsv_asendorf_t1_bbch11,/home/nfs/data/nvme_datasets/Pictures_CFSB_leaf_damage/2025_09_15_Re4StRes_T1_DSV/IMG_3216.JPG,1.0,5.999086856842041,5.646135330200195,-0.3529515862464905,4.646135330200195,4.999086856842041,gold_only,46,single_rater_weak
2025_09_15_Re4StRes_T1_DSV/IMG_3217.JPG,plot_eb3702ae538f36e12fdc,dsv_asendorf_t1_bbch11,/home/nfs/data/nvme_datasets/Pictures_CFSB_leaf_damage/2025_09_15_Re4StRes_T1_DSV/IMG_3217.JPG,1.0,4.044604301452637,3.854320764541626,-0.19028350710868835,2.854320764541626,3.0446043014526367,gold_only,46,single_rater_weak
2025_09_15_Re4StRes_T1_DSV/IMG_3218.JPG,plot_bf214bfe62ce3ba5d1f9,dsv_asendorf_t1_bbch11,/home/nfs/data/nvme_datasets/Pictures_CFSB_leaf_damage/2025_09_15_Re4StRes_T1_DSV/IMG_3218.JPG,1.0,7.085705280303955,6.951217174530029,-0.1344880610704422,5.951217174530029,6.085705280303955,gold_only,46,single_rater_weak
2025_09_15_Re4StRes_T1_DSV/IMG_3219.JPG,plot_bf214bfe62ce3ba5d1f9,dsv_asendorf_t1_bbch11,/home/nfs/data/nvme_datasets/Pictures_CFSB_leaf_damage/2025_09_15_Re4StRes_T1_DSV/IMG_3219.JPG,1.0,9.832852363586426,9.693950653076172,-0.13890182971954346,8.693950653076172,8.832852363586426,gold_only,46,single_rater_weak
2025_09_15_Re4StRes_T1_DSV/IMG_3220.JPG,plot_bf214bfe62ce3ba5d1f9,dsv_asendorf_t1_bbch11,/home/nfs/data/nvme_datasets/Pictures_CFSB_leaf_damage/2025_09_15_Re4StRes_T1_DSV/IMG_3220.JPG,1.0,7.085134506225586,7.5233330726623535,0.43819868564605713,6.5233330726623535,6.085134506225586,gold_only,46,single_rater_weak
2025_09_15_Re4StRes_T1_DSV/IMG_3221.JPG,plot_34d14aebbb15b88da30e,dsv_asendorf_t1_bbch11,/home/nfs/data/nvme_datasets/Pictures_CFSB_leaf_damage/2025_09_15_Re4StRes_T1_DSV/IMG_3221.JPG,1.0,6.855101585388184,7.3878021240234375,0.5327004790306091,6.3878021240234375,5.855101585388184,gold_only,46,single_rater_weak
2025_09_15_Re4StRes_T1_DSV/IMG_3222.JPG,plot_34d14aebbb15b88da30e,dsv_asendorf_t1_bbch11,/home/nfs/data/nvme_datasets/Pictures_CFSB_leaf_damage/2025_09_15_Re4StRes_T1_DSV/IMG_3222.JPG,1.0,7.161209583282471,6.998902797698975,-0.16230669617652893,5.998902797698975,6.161209583282471,gold_only,46,single_rater_weak
2025_09_15_Re4StRes_T1_DSV/IMG_3223.JPG,plot_34d14aebbb15b88da30e,dsv_asendorf_t1_bbch11,/home/nfs/data/nvme_datasets/Pictures_CFSB_leaf_damage/2025_09_15_Re4StRes_T1_DSV/IMG_3223.JPG,2.0,4.494197845458984,4.7131876945495605,0.21898971498012543,2.7131876945495605,2.4941978454589844,gold_only,46,single_rater_weak
2025_09_15_Re4StRes_T1_DSV/IMG_3224.JPG,plot_6731bbcab62df30b34c1,dsv_asendorf_t1_bbch11,/home/nfs/data/nvme_datasets/Pictures_CFSB_leaf_damage/2025_09_15_Re4StRes_T1_DSV/IMG_3224.JPG,5.0,8.28774642944336,8.649330139160156,0.3615841269493103,3.6493301391601562,3.2877464294433594,gold_only,46,single_rater_weak
2025_09_15_Re4StRes_T1_DSV/IMG_3225.JPG,plot_6731bbcab62df30b34c1,dsv_asendorf_t1_bbch11,/home/nfs/data/nvme_datasets/Pictures_CFSB_leaf_damage/2025_09_15_Re4StRes_T1_DSV/IMG_3225.JPG,30.0,8.864034652709961,9.117632865905762,0.25359776616096497,20.882366180419922,21.13596534729004,gold_only,46,single_rater_weak
2025_09_15_Re4StRes_T1_DSV/IMG_3226.JPG,plot_6731bbcab62df30b34c1,dsv_asendorf_t1_bbch11,/home/nfs/data/nvme_datasets/Pictures_CFSB_leaf_damage/2025_09_15_Re4StRes_T1_DSV/IMG_3226.JPG,3.0,6.539009094238281,6.939598560333252,0.40058934688568115,3.939598560333252,3.5390090942382812,gold_only,46,single_rater_weak
2025_09_15_Re4StRes_T1_DSV/IMG_3227.JPG,plot_9beea524c46e83073ca7,dsv_asendorf_t1_bbch11,/home/nfs/data/nvme_datasets/Pictures_CFSB_leaf_damage/2025_09_15_Re4StRes_T1_DSV/IMG_3227.JPG,2.0,5.301202297210693,5.5585737228393555,0.2573713958263397,3.5585737228393555,3.3012022972106934,gold_only,46,single_rater_weak
2025_09_15_Re4StRes_T1_DSV/IMG_3228.JPG,plot_9beea524c46e83073ca7,dsv_asendorf_t1_bbch11,/home/nfs/data/nvme_datasets/Pictures_CFSB_leaf_damage/2025_09_15_Re4StRes_T1_DSV/IMG_3228.JPG,1.0,6.114943504333496,6.105842590332031,-0.009100822731852531,5.105842590332031,5.114943504333496,gold_only,46,single_rater_weak
2025_09_15_Re4StRes_T1_DSV/IMG_3229.JPG,plot_9beea524c46e83073ca7,dsv_asendorf_t1_bbch11,/home/nfs/data/nvme_datasets/Pictures_CFSB_leaf_damage/2025_09_15_Re4StRes_T1_DSV/IMG_3229.JPG,1.0,7.083940029144287,7.073963642120361,-0.009976458735764027,6.073963642120361,6.083940029144287,gold_only,46,single_rater_weak
2025_09_15_Re4StRes_T1_DSV/IMG_3230.JPG,plot_3a1e6f5f9680120c73d7,dsv_asendorf_t1_bbch11,/home/nfs/data/nvme_datasets/Pictures_CFSB_leaf_damage/2025_09_15_Re4StRes_T1_DSV/IMG_3230.JPG,6.0,5.313708305358887,5.525773048400879,0.21206465363502502,0.4742269515991211,0.6862916946411133,gold_only,46,single_rater_weak
2025_09_15_Re4StRes_T1_DSV/IMG_3231.JPG,plot_3a1e6f5f9680120c73d7,dsv_asendorf_t1_bbch11,/home/nfs/data/nvme_datasets/Pictures_CFSB_leaf_damage/2025_09_15_Re4StRes_T1_DSV/IMG_3231.JPG,1.0,3.1524953842163086,3.445636749267578,0.2931414544582367,2.445636749267578,2.1524953842163086,gold_only,46,single_rater_weak
2025_09_15_Re4StRes_T1_DSV/IMG_3232.JPG,plot_3a1e6f5f9680120c73d7,dsv_asendorf_t1_bbch11,/home/nfs/data/nvme_datasets/Pictures_CFSB_leaf_damage/2025_09_15_Re4StRes_T1_DSV/IMG_3232.JPG,1.0,7.113359451293945,7.1654534339904785,0.05209411680698395,6.1654534339904785,6.113359451293945,gold_only,46,single_rater_weak
2025_09_15_Re4StRes_T1_DSV/IMG_3233.JPG,plot_fd43d9c52c96a3e24697,dsv_asendorf_t1_bbch11,/home/nfs/data/nvme_datasets/Pictures_CFSB_leaf_damage/2025_09_15_Re4StRes_T1_DSV/IMG_3233.JPG,21.0,9.909082412719727,10.372845649719238,0.463763028383255,10.627154350280762,11.090917587280273,gold_only,46,single_rater_weak
2025_09_15_Re4StRes_T1_DSV/IMG_3234.JPG,plot_fd43d9c52c96a3e24697,dsv_asendorf_t1_bbch11,/home/nfs/data/nvme_datasets/Pictures_CFSB_leaf_damage/2025_09_15_Re4StRes_T1_DSV/IMG_3234.JPG,12.0,5.833051681518555,5.909451961517334,0.07640042901039124,6.090548038482666,6.166948318481445,gold_only,46,single_rater_weak
2025_09_15_Re4StRes_T1_DSV/IMG_3235.JPG,plot_fd43d9c52c96a3e24697,dsv_asendorf_t1_bbch11,/home/nfs/data/nvme_datasets/Pictures_CFSB_leaf_damage/2025_09_15_Re4StRes_T1_DSV/IMG_3235.JPG,5.0,13.621265411376953,12.88569450378418,-0.7355708479881287,7.88569450378418,8.621265411376953,gold_only,46,single_rater_weak
2025_09_15_Re4StRes_T1_DSV/IMG_3236.JPG,plot_41a6db88739c2508f149,dsv_asendorf_t1_bbch11,/home/nfs/data/nvme_datasets/Pictures_CFSB_leaf_damage/2025_09_15_Re4StRes_T1_DSV/IMG_3236.JPG,1.0,6.586790084838867,6.796191215515137,0.20940133929252625,5.796191215515137,5.586790084838867,gold_only,46,single_rater_weak
2025_09_15_Re4StRes_T1_DSV/IMG_3237.JPG,plot_41a6db88739c2508f149,dsv_asendorf_t1_bbch11,/home/nfs/data/nvme_datasets/Pictures_CFSB_leaf_damage/2025_09_15_Re4StRes_T1_DSV/IMG_3237.JPG,3.0,5.6842756271362305,5.88815975189209,0.2038843184709549,2.88815975189209,2.6842756271362305,gold_only,46,single_rater_weak
2025_09_15_Re4StRes_T1_DSV/IMG_3238.JPG,plot_41a6db88739c2508f149,dsv_asendorf_t1_bbch11,/home/nfs/data/nvme_datasets/Pictures_CFSB_leaf_damage/2025_09_15_Re4StRes_T1_DSV/IMG_3238.JPG,11.0,9.932931900024414,10.617289543151855,0.6843575835227966,0.38271045684814453,1.067068099975586,gold_only,46,single_rater_weak
2025_09_15_Re4StRes_T1_DSV/IMG_3239.JPG,plot_edb991aad2fb45d1b632,dsv_asendorf_t1_bbch11,/home/nfs/data/nvme_datasets/Pictures_CFSB_leaf_damage/2025_09_15_Re4StRes_T1_DSV/IMG_3239.JPG,1.0,6.966110706329346,7.298393249511719,0.33228254318237305,6.298393249511719,5.966110706329346,gold_only,46,single_rater_weak
2025_09_15_Re4StRes_T1_DSV/IMG_3240.JPG,plot_edb991aad2fb45d1b632,dsv_asendorf_t1_bbch11,/home/nfs/data/nvme_datasets/Pictures_CFSB_leaf_damage/2025_09_15_Re4StRes_T1_DSV/IMG_3240.JPG,2.0,6.247437477111816,6.578019618988037,0.330581933259964,4.578019618988037,4.247437477111816,gold_only,46,single_rater_weak
2025_09_15_Re4StRes_T1_DSV/IMG_3241.JPG,plot_edb991aad2fb45d1b632,dsv_asendorf_t1_bbch11,/home/nfs/data/nvme_datasets/Pictures_CFSB_leaf_damage/2025_09_15_Re4StRes_T1_DSV/IMG_3241.JPG,2.0,8.644009590148926,8.608039855957031,-0.03596968576312065,6.608039855957031,6.644009590148926,gold_only,46,single_rater_weak
2025_09_15_Re4StRes_T1_DSV/IMG_3242.JPG,plot_e2e387746e45a02831d7,dsv_asendorf_t1_bbch11,/home/nfs/data/nvme_datasets/Pictures_CFSB_leaf_damage/2025_09_15_Re4StRes_T1_DSV/IMG_3242.JPG,1.0,7.370645999908447,7.25001335144043,-0.12063243985176086,6.25001335144043,6.370645999908447,gold_only,46,single_rater_weak
2025_09_15_Re4StRes_T1_DSV/IMG_3243.JPG,plot_e2e387746e45a02831d7,dsv_asendorf_t1_bbch11,/home/nfs/data/nvme_datasets/Pictures_CFSB_leaf_damage/2025_09_15_Re4StRes_T1_DSV/IMG_3243.JPG,6.0,4.99554443359375,5.131723880767822,0.1361796110868454,0.8682761192321777,1.00445556640625,gold_only,46,single_rater_weak
2025_09_15_Re4StRes_T1_DSV/IMG_3244.JPG,plot_e2e387746e45a02831d7,dsv_asendorf_t1_bbch11,/home/nfs/data/nvme_datasets/Pictures_CFSB_leaf_damage/2025_09_15_Re4StRes_T1_DSV/IMG_3244.JPG,9.0,9.144104957580566,9.70736312866211,0.5632583498954773,0.7073631286621094,0.1441049575805664,gold_only,46,single_rater_weak
2025_09_15_Re4StRes_T1_DSV/IMG_3245.JPG,plot_3f47d5961542eef7d91c,dsv_asendorf_t1_bbch11,/home/nfs/data/nvme_datasets/Pictures_CFSB_leaf_damage/2025_09_15_Re4StRes_T1_DSV/IMG_3245.JPG,6.0,6.820703983306885,6.974743366241455,0.1540394425392151,0.9747433662414551,0.8207039833068848,gold_only,46,single_rater_weak
2025_09_15_Re4StRes_T1_DSV/IMG_3246.JPG,plot_3f47d5961542eef7d91c,dsv_asendorf_t1_bbch11,/home/nfs/data/nvme_datasets/Pictures_CFSB_leaf_damage/2025_09_15_Re4StRes_T1_DSV/IMG_3246.JPG,26.0,8.723492622375488,8.807616233825684,0.08412405848503113,17.1923828125,17.276508331298828,gold_only,46,single_rater_weak
2025_09_15_Re4StRes_T1_DSV/IMG_3248.JPG,plot_3f47d5961542eef7d91c,dsv_asendorf_t1_bbch11,/home/nfs/data/nvme_datasets/Pictures_CFSB_leaf_damage/2025_09_15_Re4StRes_T1_DSV/IMG_3248.JPG,2.0,5.603714466094971,5.737829208374023,0.1341145783662796,3.7378292083740234,3.6037144660949707,gold_only,46,single_rater_weak
2025_09_15_Re4StRes_T1_DSV/IMG_3249.JPG,plot_9d45423b126c61c30b77,dsv_asendorf_t1_bbch11,/home/nfs/data/nvme_datasets/Pictures_CFSB_leaf_damage/2025_09_15_Re4StRes_T1_DSV/IMG_3249.JPG,12.0,10.851515769958496,11.449119567871094,0.5976040363311768,0.5508804321289062,1.148484230041504,gold_only,46,single_rater_weak
2025_09_15_Re4StRes_T1_DSV/IMG_3250.JPG,plot_9d45423b126c61c30b77,dsv_asendorf_t1_bbch11,/home/nfs/data/nvme_datasets/Pictures_CFSB_leaf_damage/2025_09_15_Re4StRes_T1_DSV/IMG_3250.JPG,9.0,9.592536926269531,9.945964813232422,0.35342809557914734,0.9459648132324219,0.5925369262695312,gold_only,46,single_rater_weak
2025_09_15_Re4StRes_T1_DSV/IMG_3251.JPG,plot_9d45423b126c61c30b77,dsv_asendorf_t1_bbch11,/home/nfs/data/nvme_datasets/Pictures_CFSB_leaf_damage/2025_09_15_Re4StRes_T1_DSV/IMG_3251.JPG,1.0,4.7528815269470215,5.1284613609313965,0.3755798637866974,4.1284613609313965,3.7528815269470215,gold_only,46,single_rater_weak
2025_09_15_Re4StRes_T1_DSV/IMG_3252.JPG,plot_129f30939368c8935b7c,dsv_asendorf_t1_bbch11,/home/nfs/data/nvme_datasets/Pictures_CFSB_leaf_damage/2025_09_15_Re4StRes_T1_DSV/IMG_3252.JPG,3.0,6.562870979309082,6.848269939422607,0.285398930311203,3.8482699394226074,3.562870979309082,gold_only,46,single_rater_weak
2025_09_15_Re4StRes_T1_DSV/IMG_3253.JPG,plot_129f30939368c8935b7c,dsv_asendorf_t1_bbch11,/home/nfs/data/nvme_datasets/Pictures_CFSB_leaf_damage/2025_09_15_Re4StRes_T1_DSV/IMG_3253.JPG,1.0,8.059892654418945,8.462797164916992,0.4029049873352051,7.462797164916992,7.059892654418945,gold_only,46,single_rater_weak
2025_09_15_Re4StRes_T1_DSV/IMG_3254.JPG,plot_129f30939368c8935b7c,dsv_asendorf_t1_bbch11,/home/nfs/data/nvme_datasets/Pictures_CFSB_leaf_damage/2025_09_15_Re4StRes_T1_DSV/IMG_3254.JPG,7.0,9.021354675292969,9.327470779418945,0.3061164617538452,2.3274707794189453,2.0213546752929688,gold_only,46,single_rater_weak
2025_09_15_Re4StRes_T1_DSV/IMG_3255.JPG,plot_f9626d0c917f313e8a19,dsv_asendorf_t1_bbch11,/home/nfs/data/nvme_datasets/Pictures_CFSB_leaf_damage/2025_09_15_Re4StRes_T1_DSV/IMG_3255.JPG,2.0,7.7274489402771,7.754087448120117,0.026638299226760864,5.754087448120117,5.7274489402771,gold_only,46,single_rater_weak
2025_09_15_Re4StRes_T1_DSV/IMG_3256.JPG,plot_f9626d0c917f313e8a19,dsv_asendorf_t1_bbch11,/home/nfs/data/nvme_datasets/Pictures_CFSB_leaf_damage/2025_09_15_Re4StRes_T1_DSV/IMG_3256.JPG,1.0,7.871983528137207,7.885577201843262,0.013593862764537334,6.885577201843262,6.871983528137207,gold_only,46,single_rater_weak
2025_09_15_Re4StRes_T1_DSV/IMG_3257.JPG,plot_f9626d0c917f313e8a19,dsv_asendorf_t1_bbch11,/home/nfs/data/nvme_datasets/Pictures_CFSB_leaf_damage/2025_09_15_Re4StRes_T1_DSV/IMG_3257.JPG,40.0,5.259878158569336,5.903559684753418,0.6436815857887268,34.096439361572266,34.74011993408203,gold_only,46,single_rater_weak
2025_09_15_Re4StRes_T1_DSV/IMG_3257_2.JPG,plot_6a051a6bb4230ee9520b,dsv_asendorf_t1_bbch11,/home/nfs/data/nvme_datasets/Pictures_CFSB_leaf_damage/2025_09_15_Re4StRes_T1_DSV/IMG_3257_2.JPG,7.0,2.752387046813965,2.6995904445648193,-0.05279660224914551,4.300409317016602,4.247612953186035,gold_only,46,single_rater_weak
2025_09_15_Re4StRes_T1_DSV/IMG_3259.JPG,plot_6a051a6bb4230ee9520b,dsv_asendorf_t1_bbch11,/home/nfs/data/nvme_datasets/Pictures_CFSB_leaf_damage/2025_09_15_Re4StRes_T1_DSV/IMG_3259.JPG,34.0,8.845437049865723,9.51710033416748,0.6716633439064026,24.482898712158203,25.154563903808594,gold_only,46,single_rater_weak
2025_09_15_Re4StRes_T1_DSV/IMG_3260.JPG,plot_6a051a6bb4230ee9520b,dsv_asendorf_t1_bbch11,/home/nfs/data/nvme_datasets/Pictures_CFSB_leaf_damage/2025_09_15_Re4StRes_T1_DSV/IMG_3260.JPG,16.0,10.558832168579102,10.802840232849121,0.2440081685781479,5.197159767150879,5.441167831420898,gold_only,46,single_rater_weak
2025_09_15_Re4StRes_T1_DSV/IMG_3261.JPG,plot_1216c7d6681be8f3d99c,dsv_asendorf_t1_bbch11,/home/nfs/data/nvme_datasets/Pictures_CFSB_leaf_damage/2025_09_15_Re4StRes_T1_DSV/IMG_3261.JPG,7.0,5.822601795196533,5.888184070587158,0.06558214873075485,1.1118159294128418,1.1773982048034668,gold_only,46,single_rater_weak
2025_09_15_Re4StRes_T1_DSV/IMG_3262.JPG,plot_1216c7d6681be8f3d99c,dsv_asendorf_t1_bbch11,/home/nfs/data/nvme_datasets/Pictures_CFSB_leaf_damage/2025_09_15_Re4StRes_T1_DSV/IMG_3262.JPG,2.0,5.949078559875488,6.290143966674805,0.34106525778770447,4.290143966674805,3.9490785598754883,gold_only,46,single_rater_weak
2025_09_15_Re4StRes_T1_DSV/IMG_3263.JPG,plot_1216c7d6681be8f3d99c,dsv_asendorf_t1_bbch11,/home/nfs/data/nvme_datasets/Pictures_CFSB_leaf_damage/2025_09_15_Re4StRes_T1_DSV/IMG_3263.JPG,10.0,4.377449035644531,4.446938514709473,0.06948933750391006,5.553061485290527,5.622550964355469,gold_only,46,single_rater_weak
2025_09_15_Re4StRes_T1_DSV/IMG_3264.JPG,plot_ca3beff6a94eea1ef628,dsv_asendorf_t1_bbch11,/home/nfs/data/nvme_datasets/Pictures_CFSB_leaf_damage/2025_09_15_Re4StRes_T1_DSV/IMG_3264.JPG,2.0,5.291474342346191,5.48599100112915,0.19451676309108734,3.4859910011291504,3.2914743423461914,gold_only,46,single_rater_weak
2025_09_15_Re4StRes_T1_DSV/IMG_3265.JPG,plot_ca3beff6a94eea1ef628,dsv_asendorf_t1_bbch11,/home/nfs/data/nvme_datasets/Pictures_CFSB_leaf_damage/2025_09_15_Re4StRes_T1_DSV/IMG_3265.JPG,1.0,7.550016403198242,7.889149188995361,0.339132696390152,6.889149188995361,6.550016403198242,gold_only,46,single_rater_weak
2025_09_15_Re4StRes_T1_DSV/IMG_3266.JPG,plot_ca3beff6a94eea1ef628,dsv_asendorf_t1_bbch11,/home/nfs/data/nvme_datasets/Pictures_CFSB_leaf_damage/2025_09_15_Re4StRes_T1_DSV/IMG_3266.JPG,6.0,8.306214332580566,8.919593811035156,0.6133792996406555,2.9195938110351562,2.3062143325805664,gold_only,46,single_rater_weak
2025_09_15_Re4StRes_T1_DSV/IMG_3267.JPG,plot_d5a1df628e189c0794a5,dsv_asendorf_t1_bbch11,/home/nfs/data/nvme_datasets/Pictures_CFSB_leaf_damage/2025_09_15_Re4StRes_T1_DSV/IMG_3267.JPG,3.0,7.333776950836182,7.367371559143066,0.033594466745853424,4.367371559143066,4.333776950836182,gold_only,46,single_rater_weak
2025_09_15_Re4StRes_T1_DSV/IMG_3268.JPG,plot_d5a1df628e189c0794a5,dsv_asendorf_t1_bbch11,/home/nfs/data/nvme_datasets/Pictures_CFSB_leaf_damage/2025_09_15_Re4StRes_T1_DSV/IMG_3268.JPG,2.0,5.817133903503418,6.262494087219238,0.4453604221343994,4.262494087219238,3.817133903503418,gold_only,46,single_rater_weak
2025_09_15_Re4StRes_T1_DSV/IMG_3269.JPG,plot_d5a1df628e189c0794a5,dsv_asendorf_t1_bbch11,/home/nfs/data/nvme_datasets/Pictures_CFSB_leaf_damage/2025_09_15_Re4StRes_T1_DSV/IMG_3269.JPG,3.0,4.249739646911621,4.42378568649292,0.1740458905696869,1.42378568649292,1.249739646911621,gold_only,46,single_rater_weak
2025_09_15_Re4StRes_T1_DSV/IMG_3270.JPG,plot_dbcfc7149ccf66bb6b4b,dsv_asendorf_t1_bbch11,/home/nfs/data/nvme_datasets/Pictures_CFSB_leaf_damage/2025_09_15_Re4StRes_T1_DSV/IMG_3270.JPG,2.0,1.8398175239562988,2.1378896236419678,0.2980721592903137,0.13788962364196777,0.16018247604370117,gold_only,46,single_rater_weak
2025_09_15_Re4StRes_T1_DSV/IMG_3271.JPG,plot_dbcfc7149ccf66bb6b4b,dsv_asendorf_t1_bbch11,/home/nfs/data/nvme_datasets/Pictures_CFSB_leaf_damage/2025_09_15_Re4StRes_T1_DSV/IMG_3271.JPG,3.0,2.819943428039551,2.7668228149414062,-0.053120508790016174,0.23317718505859375,0.18005657196044922,gold_only,46,single_rater_weak
2025_09_15_Re4StRes_T1_DSV/IMG_3272.JPG,plot_dbcfc7149ccf66bb6b4b,dsv_asendorf_t1_bbch11,/home/nfs/data/nvme_datasets/Pictures_CFSB_leaf_damage/2025_09_15_Re4StRes_T1_DSV/IMG_3272.JPG,5.0,3.8232598304748535,4.043631553649902,0.2203715741634369,0.9563684463500977,1.1767401695251465,gold_only,46,single_rater_weak
2025_09_15_Re4StRes_T1_DSV/IMG_3273.JPG,plot_b9a431186e2b1507c308,dsv_asendorf_t1_bbch11,/home/nfs/data/nvme_datasets/Pictures_CFSB_leaf_damage/2025_09_15_Re4StRes_T1_DSV/IMG_3273.JPG,5.0,7.831160545349121,7.897556781768799,0.06639642268419266,2.897556781768799,2.831160545349121,gold_only,46,single_rater_weak
2025_09_15_Re4StRes_T1_DSV/IMG_3274.JPG,plot_b9a431186e2b1507c308,dsv_asendorf_t1_bbch11,/home/nfs/data/nvme_datasets/Pictures_CFSB_leaf_damage/2025_09_15_Re4StRes_T1_DSV/IMG_3274.JPG,5.0,6.8565754890441895,7.03599739074707,0.17942187190055847,2.0359973907470703,1.8565754890441895,gold_only,46,single_rater_weak
2025_09_15_Re4StRes_T1_DSV/IMG_3275.JPG,plot_b9a431186e2b1507c308,dsv_asendorf_t1_bbch11,/home/nfs/data/nvme_datasets/Pictures_CFSB_leaf_damage/2025_09_15_Re4StRes_T1_DSV/IMG_3275.JPG,2.0,4.64591121673584,4.9394402503967285,0.29352903366088867,2.9394402503967285,2.64591121673584,gold_only,46,single_rater_weak
2025_09_15_Re4StRes_T1_DSV/IMG_3276.JPG,plot_7486149307b454bb4f4a,dsv_asendorf_t1_bbch11,/home/nfs/data/nvme_datasets/Pictures_CFSB_leaf_damage/2025_09_15_Re4StRes_T1_DSV/IMG_3276.JPG,2.0,2.646395206451416,2.6557791233062744,0.009383822791278362,0.6557791233062744,0.646395206451416,gold_only,46,single_rater_weak
2025_09_15_Re4StRes_T1_DSV/IMG_3277.JPG,plot_7486149307b454bb4f4a,dsv_asendorf_t1_bbch11,/home/nfs/data/nvme_datasets/Pictures_CFSB_leaf_damage/2025_09_15_Re4StRes_T1_DSV/IMG_3277.JPG,2.0,6.239706993103027,6.3728179931640625,0.13311080634593964,4.3728179931640625,4.239706993103027,gold_only,46,single_rater_weak
2025_09_15_Re4StRes_T1_DSV/IMG_3278.JPG,plot_7486149307b454bb4f4a,dsv_asendorf_t1_bbch11,/home/nfs/data/nvme_datasets/Pictures_CFSB_leaf_damage/2025_09_15_Re4StRes_T1_DSV/IMG_3278.JPG,1.0,3.572471857070923,3.478766918182373,-0.09370496869087219,2.478766918182373,2.572471857070923,gold_only,46,single_rater_weak
2025_09_15_Re4StRes_T1_DSV/IMG_3280.JPG,plot_3789b4cb6a6fe6da8348,dsv_asendorf_t1_bbch11,/home/nfs/data/nvme_datasets/Pictures_CFSB_leaf_damage/2025_09_15_Re4StRes_T1_DSV/IMG_3280.JPG,4.0,7.120625972747803,7.376849174499512,0.2562231719493866,3.3768491744995117,3.1206259727478027,gold_only,46,single_rater_weak
2025_09_15_Re4StRes_T1_DSV/IMG_3281.JPG,plot_3789b4cb6a6fe6da8348,dsv_asendorf_t1_bbch11,/home/nfs/data/nvme_datasets/Pictures_CFSB_leaf_damage/2025_09_15_Re4StRes_T1_DSV/IMG_3281.JPG,4.0,5.916557788848877,5.970734596252441,0.05417700856924057,1.9707345962524414,1.916557788848877,gold_only,46,single_rater_weak
2025_09_15_Re4StRes_T1_DSV/IMG_3282.JPG,plot_3789b4cb6a6fe6da8348,dsv_asendorf_t1_bbch11,/home/nfs/data/nvme_datasets/Pictures_CFSB_leaf_damage/2025_09_15_Re4StRes_T1_DSV/IMG_3282.JPG,3.0,5.068778991699219,5.328153610229492,0.2593747079372406,2.328153610229492,2.0687789916992188,gold_only,46,single_rater_weak
2025_09_15_Re4StRes_T1_DSV/IMG_3283.JPG,plot_e617326cca4ff14f62d2,dsv_asendorf_t1_bbch11,/home/nfs/data/nvme_datasets/Pictures_CFSB_leaf_damage/2025_09_15_Re4StRes_T1_DSV/IMG_3283.JPG,2.0,13.419233322143555,13.475619316101074,0.05638572946190834,11.475619316101074,11.419233322143555,gold_only,46,single_rater_weak
2025_09_15_Re4StRes_T1_DSV/IMG_3284.JPG,plot_e617326cca4ff14f62d2,dsv_asendorf_t1_bbch11,/home/nfs/data/nvme_datasets/Pictures_CFSB_leaf_damage/2025_09_15_Re4StRes_T1_DSV/IMG_3284.JPG,6.0,10.269521713256836,10.55331039428711,0.2837887704372406,4.553310394287109,4.269521713256836,gold_only,46,single_rater_weak
2025_09_15_Re4StRes_T1_DSV/IMG_3285.JPG,plot_e617326cca4ff14f62d2,dsv_asendorf_t1_bbch11,/home/nfs/data/nvme_datasets/Pictures_CFSB_leaf_damage/2025_09_15_Re4StRes_T1_DSV/IMG_3285.JPG,2.0,8.717026710510254,8.949698448181152,0.2326720654964447,6.949698448181152,6.717026710510254,gold_only,46,single_rater_weak
2025_09_15_Re4StRes_T1_DSV/IMG_3286.JPG,plot_0ae6f966a908651f5cab,dsv_asendorf_t1_bbch11,/home/nfs/data/nvme_datasets/Pictures_CFSB_leaf_damage/2025_09_15_Re4StRes_T1_DSV/IMG_3286.JPG,3.0,5.541299819946289,5.792574882507324,0.251274973154068,2.792574882507324,2.541299819946289,gold_only,46,single_rater_weak
2025_09_15_Re4StRes_T1_DSV/IMG_3287.JPG,plot_0ae6f966a908651f5cab,dsv_asendorf_t1_bbch11,/home/nfs/data/nvme_datasets/Pictures_CFSB_leaf_damage/2025_09_15_Re4StRes_T1_DSV/IMG_3287.JPG,5.0,8.702006340026855,8.930909156799316,0.22890260815620422,3.9309091567993164,3.7020063400268555,gold_only,46,single_rater_weak
2025_09_15_Re4StRes_T1_DSV/IMG_3288.JPG,plot_0ae6f966a908651f5cab,dsv_asendorf_t1_bbch11,/home/nfs/data/nvme_datasets/Pictures_CFSB_leaf_damage/2025_09_15_Re4StRes_T1_DSV/IMG_3288.JPG,2.0,8.901330947875977,9.240913391113281,0.3395824432373047,7.240913391113281,6.901330947875977,gold_only,46,single_rater_weak
2025_09_15_Re4StRes_T1_DSV/IMG_3289.JPG,plot_8097028aac14b09b554b,dsv_asendorf_t1_bbch11,/home/nfs/data/nvme_datasets/Pictures_CFSB_leaf_damage/2025_09_15_Re4StRes_T1_DSV/IMG_3289.JPG,2.0,6.312001705169678,6.455832481384277,0.14383089542388916,4.455832481384277,4.312001705169678,gold_only,46,single_rater_weak
2025_09_15_Re4StRes_T1_DSV/IMG_3290.JPG,plot_8097028aac14b09b554b,dsv_asendorf_t1_bbch11,/home/nfs/data/nvme_datasets/Pictures_CFSB_leaf_damage/2025_09_15_Re4StRes_T1_DSV/IMG_3290.JPG,1.0,4.47889518737793,4.443731307983398,-0.035163987427949905,3.4437313079833984,3.4788951873779297,gold_only,46,single_rater_weak
2025_09_15_Re4StRes_T1_DSV/IMG_3291.JPG,plot_8097028aac14b09b554b,dsv_asendorf_t1_bbch11,/home/nfs/data/nvme_datasets/Pictures_CFSB_leaf_damage/2025_09_15_Re4StRes_T1_DSV/IMG_3291.JPG,4.0,10.498762130737305,10.333996772766113,-0.16476556658744812,6.333996772766113,6.498762130737305,gold_only,46,single_rater_weak
2025_09_15_Re4StRes_T1_DSV/IMG_3292.JPG,plot_97272306323ab99ec6e4,dsv_asendorf_t1_bbch11,/home/nfs/data/nvme_datasets/Pictures_CFSB_leaf_damage/2025_09_15_Re4StRes_T1_DSV/IMG_3292.JPG,1.0,5.5170698165893555,5.583703517913818,0.06663378328084946,4.583703517913818,4.5170698165893555,gold_only,46,single_rater_weak
2025_09_15_Re4StRes_T1_DSV/IMG_3293.JPG,plot_97272306323ab99ec6e4,dsv_asendorf_t1_bbch11,/home/nfs/data/nvme_datasets/Pictures_CFSB_leaf_damage/2025_09_15_Re4StRes_T1_DSV/IMG_3293.JPG,2.0,5.500261306762695,5.528367519378662,0.02810600958764553,3.528367519378662,3.5002613067626953,gold_only,46,single_rater_weak
2025_09_15_Re4StRes_T1_DSV/IMG_3294.JPG,plot_97272306323ab99ec6e4,dsv_asendorf_t1_bbch11,/home/nfs/data/nvme_datasets/Pictures_CFSB_leaf_damage/2025_09_15_Re4StRes_T1_DSV/IMG_3294.JPG,4.0,3.971569776535034,3.781738758087158,-0.18983107805252075,0.2182612419128418,0.02843022346496582,gold_only,46,single_rater_weak
2025_09_15_Re4StRes_T1_DSV/IMG_3295.JPG,plot_c62ed8a803b2f7fb0c8e,dsv_asendorf_t1_bbch11,/home/nfs/data/nvme_datasets/Pictures_CFSB_leaf_damage/2025_09_15_Re4StRes_T1_DSV/IMG_3295.JPG,2.0,3.109602451324463,3.234358072280884,0.12475553154945374,1.2343580722808838,1.109602451324463,gold_only,46,single_rater_weak
2025_09_15_Re4StRes_T1_DSV/IMG_3296.JPG,plot_c62ed8a803b2f7fb0c8e,dsv_asendorf_t1_bbch11,/home/nfs/data/nvme_datasets/Pictures_CFSB_leaf_damage/2025_09_15_Re4StRes_T1_DSV/IMG_3296.JPG,3.0,2.706404685974121,2.6737208366394043,-0.032683856785297394,0.3262791633605957,0.2935953140258789,gold_only,46,single_rater_weak
2025_09_15_Re4StRes_T1_DSV/IMG_3297.JPG,plot_c62ed8a803b2f7fb0c8e,dsv_asendorf_t1_bbch11,/home/nfs/data/nvme_datasets/Pictures_CFSB_leaf_damage/2025_09_15_Re4StRes_T1_DSV/IMG_3297.JPG,3.0,2.7647156715393066,2.6989834308624268,-0.06573216617107391,0.30101656913757324,0.23528432846069336,gold_only,46,single_rater_weak
2025_09_15_Re4StRes_T1_DSV/IMG_3298.JPG,plot_2d2c766ece40a4a2ce28,dsv_asendorf_t1_bbch11,/home/nfs/data/nvme_datasets/Pictures_CFSB_leaf_damage/2025_09_15_Re4StRes_T1_DSV/IMG_3298.JPG,1.0,5.800792694091797,5.665103435516357,-0.13568943738937378,4.665103435516357,4.800792694091797,gold_only,46,single_rater_weak
2025_09_15_Re4StRes_T1_DSV/IMG_3299.JPG,plot_2d2c766ece40a4a2ce28,dsv_asendorf_t1_bbch11,/home/nfs/data/nvme_datasets/Pictures_CFSB_leaf_damage/2025_09_15_Re4StRes_T1_DSV/IMG_3299.JPG,3.0,7.7008466720581055,7.804340362548828,0.10349363833665848,4.804340362548828,4.7008466720581055,gold_only,46,single_rater_weak
2025_09_15_Re4StRes_T1_DSV/IMG_3300.JPG,plot_2d2c766ece40a4a2ce28,dsv_asendorf_t1_bbch11,/home/nfs/data/nvme_datasets/Pictures_CFSB_leaf_damage/2025_09_15_Re4StRes_T1_DSV/IMG_3300.JPG,23.0,7.584792137145996,7.444249153137207,-0.1405429244041443,15.555750846862793,15.415207862854004,gold_only,46,single_rater_weak
2025_09_15_Re4StRes_T1_DSV/IMG_3301.JPG,plot_7cacbc714931b970206b,dsv_asendorf_t1_bbch11,/home/nfs/data/nvme_datasets/Pictures_CFSB_leaf_damage/2025_09_15_Re4StRes_T1_DSV/IMG_3301.JPG,5.0,9.313529968261719,9.5117826461792,0.1982528269290924,4.511782646179199,4.313529968261719,gold_only,46,single_rater_weak
2025_09_15_Re4StRes_T1_DSV/IMG_3302.JPG,plot_7cacbc714931b970206b,dsv_asendorf_t1_bbch11,/home/nfs/data/nvme_datasets/Pictures_CFSB_leaf_damage/2025_09_15_Re4StRes_T1_DSV/IMG_3302.JPG,5.0,11.17260456085205,10.89113712310791,-0.2814677059650421,5.89113712310791,6.172604560852051,gold_only,46,single_rater_weak
2025_09_15_Re4StRes_T1_DSV/IMG_3303.JPG,plot_7cacbc714931b970206b,dsv_asendorf_t1_bbch11,/home/nfs/data/nvme_datasets/Pictures_CFSB_leaf_damage/2025_09_15_Re4StRes_T1_DSV/IMG_3303.JPG,2.0,5.8891801834106445,5.892632961273193,0.003452919889241457,3.8926329612731934,3.8891801834106445,gold_only,46,single_rater_weak
2025_09_15_Re4StRes_T1_DSV/IMG_3304.JPG,plot_3f88067c4a7d39bd1cb7,dsv_asendorf_t1_bbch11,/home/nfs/data/nvme_datasets/Pictures_CFSB_leaf_damage/2025_09_15_Re4StRes_T1_DSV/IMG_3304.JPG,3.0,3.7680718898773193,3.8302717208862305,0.06219978630542755,0.8302717208862305,0.7680718898773193,gold_only,46,single_rater_weak
2025_09_15_Re4StRes_T1_DSV/IMG_3305.JPG,plot_3f88067c4a7d39bd1cb7,dsv_asendorf_t1_bbch11,/home/nfs/data/nvme_datasets/Pictures_CFSB_leaf_damage/2025_09_15_Re4StRes_T1_DSV/IMG_3305.JPG,15.0,10.08148193359375,10.37713623046875,0.2956545650959015,4.62286376953125,4.91851806640625,gold_only,46,single_rater_weak
2025_09_15_Re4StRes_T1_DSV/IMG_3306.JPG,plot_3f88067c4a7d39bd1cb7,dsv_asendorf_t1_bbch11,/home/nfs/data/nvme_datasets/Pictures_CFSB_leaf_damage/2025_09_15_Re4StRes_T1_DSV/IMG_3306.JPG,5.0,3.902663230895996,4.094048500061035,0.19138546288013458,0.9059514999389648,1.097336769104004,gold_only,46,single_rater_weak
2025_09_15_Re4StRes_T1_DSV/IMG_3307.JPG,plot_2bd349d21470dba8ebb9,dsv_asendorf_t1_bbch11,/home/nfs/data/nvme_datasets/Pictures_CFSB_leaf_damage/2025_09_15_Re4StRes_T1_DSV/IMG_3307.JPG,1.0,3.994246006011963,4.090429306030273,0.09618313610553741,3.0904293060302734,2.994246006011963,gold_only,46,single_rater_weak
2025_09_15_Re4StRes_T1_DSV/IMG_3308.JPG,plot_2bd349d21470dba8ebb9,dsv_asendorf_t1_bbch11,/home/nfs/data/nvme_datasets/Pictures_CFSB_leaf_damage/2025_09_15_Re4StRes_T1_DSV/IMG_3308.JPG,12.0,7.846336841583252,8.131575584411621,0.2852383852005005,3.868424415588379,4.153663158416748,gold_only,46,single_rater_weak
2025_09_15_Re4StRes_T1_DSV/IMG_3309.JPG,plot_2bd349d21470dba8ebb9,dsv_asendorf_t1_bbch11,/home/nfs/data/nvme_datasets/Pictures_CFSB_leaf_damage/2025_09_15_Re4StRes_T1_DSV/IMG_3309.JPG,8.0,7.127667427062988,7.451666831970215,0.3239994943141937,0.5483331680297852,0.8723325729370117,gold_only,46,single_rater_weak
2025_09_15_Re4StRes_T1_DSV/IMG_3310.JPG,plot_7cea4932b02b7abad1a0,dsv_asendorf_t1_bbch11,/home/nfs/data/nvme_datasets/Pictures_CFSB_leaf_damage/2025_09_15_Re4StRes_T1_DSV/IMG_3310.JPG,3.0,5.499111175537109,5.584060192108154,0.08494898676872253,2.5840601921081543,2.4991111755371094,gold_only,46,single_rater_weak
2025_09_15_Re4StRes_T1_DSV/IMG_3311.JPG,plot_7cea4932b02b7abad1a0,dsv_asendorf_t1_bbch11,/home/nfs/data/nvme_datasets/Pictures_CFSB_leaf_damage/2025_09_15_Re4StRes_T1_DSV/IMG_3311.JPG,0.0,4.663445949554443,5.095411777496338,0.431965708732605,5.095411777496338,4.663445949554443,gold_only,46,single_rater_weak
2025_09_15_Re4StRes_T1_DSV/IMG_3312.JPG,plot_7cea4932b02b7abad1a0,dsv_asendorf_t1_bbch11,/home/nfs/data/nvme_datasets/Pictures_CFSB_leaf_damage/2025_09_15_Re4StRes_T1_DSV/IMG_3312.JPG,2.0,4.453484058380127,4.7313151359558105,0.27783089876174927,2.7313151359558105,2.453484058380127,gold_only,46,single_rater_weak
2025_09_15_Re4StRes_T1_DSV/IMG_3313.JPG,plot_aade77a958856ea66bcc,dsv_asendorf_t1_bbch11,/home/nfs/data/nvme_datasets/Pictures_CFSB_leaf_damage/2025_09_15_Re4StRes_T1_DSV/IMG_3313.JPG,13.0,10.1251220703125,10.448862075805664,0.3237403631210327,2.551137924194336,2.8748779296875,gold_only,46,single_rater_weak
2025_09_15_Re4StRes_T1_DSV/IMG_3314.JPG,plot_aade77a958856ea66bcc,dsv_asendorf_t1_bbch11,/home/nfs/data/nvme_datasets/Pictures_CFSB_leaf_damage/2025_09_15_Re4StRes_T1_DSV/IMG_3314.JPG,6.0,8.015485763549805,8.065118789672852,0.049632616341114044,2.0651187896728516,2.0154857635498047,gold_only,46,single_rater_weak
2025_09_15_Re4StRes_T1_DSV/IMG_3315.JPG,plot_aade77a958856ea66bcc,dsv_asendorf_t1_bbch11,/home/nfs/data/nvme_datasets/Pictures_CFSB_leaf_damage/2025_09_15_Re4StRes_T1_DSV/IMG_3315.JPG,22.0,9.758557319641113,10.058158874511719,0.29960185289382935,11.941841125488281,12.241442680358887,gold_only,46,single_rater_weak
2025_09_15_Re4StRes_T1_DSV/IMG_3316.JPG,plot_78c7672b97ddc73895d7,dsv_asendorf_t1_bbch11,/home/nfs/data/nvme_datasets/Pictures_CFSB_leaf_damage/2025_09_15_Re4StRes_T1_DSV/IMG_3316.JPG,3.0,4.588035583496094,4.779330730438232,0.19129493832588196,1.7793307304382324,1.5880355834960938,gold_only,46,single_rater_weak
2025_09_15_Re4StRes_T1_DSV/IMG_3317.JPG,plot_78c7672b97ddc73895d7,dsv_asendorf_t1_bbch11,/home/nfs/data/nvme_datasets/Pictures_CFSB_leaf_damage/2025_09_15_Re4StRes_T1_DSV/IMG_3317.JPG,2.0,4.957961559295654,5.110641002655029,0.1526792198419571,3.1106410026550293,2.9579615592956543,gold_only,46,single_rater_weak
2025_09_15_Re4StRes_T1_DSV/IMG_3318.JPG,plot_78c7672b97ddc73895d7,dsv_asendorf_t1_bbch11,/home/nfs/data/nvme_datasets/Pictures_CFSB_leaf_damage/2025_09_15_Re4StRes_T1_DSV/IMG_3318.JPG,18.0,5.7913665771484375,5.9798736572265625,0.18850727379322052,12.020126342773438,12.208633422851562,gold_only,46,single_rater_weak
2025_09_15_Re4StRes_T1_DSV/IMG_3319.JPG,plot_95b7c810444a00ae4705,dsv_asendorf_t1_bbch11,/home/nfs/data/nvme_datasets/Pictures_CFSB_leaf_damage/2025_09_15_Re4StRes_T1_DSV/IMG_3319.JPG,21.0,4.809358596801758,5.070573806762695,0.26121506094932556,15.929426193237305,16.190641403198242,gold_only,46,single_rater_weak
2025_09_15_Re4StRes_T1_DSV/IMG_3320.JPG,plot_95b7c810444a00ae4705,dsv_asendorf_t1_bbch11,/home/nfs/data/nvme_datasets/Pictures_CFSB_leaf_damage/2025_09_15_Re4StRes_T1_DSV/IMG_3320.JPG,1.0,5.331779479980469,5.297335624694824,-0.034443847835063934,4.297335624694824,4.331779479980469,gold_only,46,single_rater_weak
2025_09_15_Re4StRes_T1_DSV/IMG_3321.JPG,plot_95b7c810444a00ae4705,dsv_asendorf_t1_bbch11,/home/nfs/data/nvme_datasets/Pictures_CFSB_leaf_damage/2025_09_15_Re4StRes_T1_DSV/IMG_3321.JPG,2.0,5.614443302154541,5.5302019119262695,-0.08424119651317596,3.5302019119262695,3.614443302154541,gold_only,46,single_rater_weak
2025_09_15_Re4StRes_T1_DSV/IMG_3322.JPG,plot_65931f89e793cfd8ed57,dsv_asendorf_t1_bbch11,/home/nfs/data/nvme_datasets/Pictures_CFSB_leaf_damage/2025_09_15_Re4StRes_T1_DSV/IMG_3322.JPG,22.0,5.813101291656494,6.1479172706604,0.3348160982131958,15.852083206176758,16.186899185180664,gold_only,46,single_rater_weak
2025_09_15_Re4StRes_T1_DSV/IMG_3323.JPG,plot_65931f89e793cfd8ed57,dsv_asendorf_t1_bbch11,/home/nfs/data/nvme_datasets/Pictures_CFSB_leaf_damage/2025_09_15_Re4StRes_T1_DSV/IMG_3323.JPG,5.0,5.640074253082275,5.406463146209717,-0.23361098766326904,0.4064631462097168,0.6400742530822754,gold_only,46,single_rater_weak
2025_09_15_Re4StRes_T1_DSV/IMG_3324.JPG,plot_65931f89e793cfd8ed57,dsv_asendorf_t1_bbch11,/home/nfs/data/nvme_datasets/Pictures_CFSB_leaf_damage/2025_09_15_Re4StRes_T1_DSV/IMG_3324.JPG,23.0,13.643416404724121,13.582733154296875,-0.06068336218595505,9.417266845703125,9.356583595275879,gold_only,46,single_rater_weak
2025_09_15_Re4StRes_T1_DSV/IMG_3325.JPG,plot_b23eede93d0769614492,dsv_asendorf_t1_bbch11,/home/nfs/data/nvme_datasets/Pictures_CFSB_leaf_damage/2025_09_15_Re4StRes_T1_DSV/IMG_3325.JPG,12.0,5.818829536437988,6.179032325744629,0.36020272970199585,5.820967674255371,6.181170463562012,gold_only,46,single_rater_weak
2025_09_15_Re4StRes_T1_DSV/IMG_3326.JPG,plot_b23eede93d0769614492,dsv_asendorf_t1_bbch11,/home/nfs/data/nvme_datasets/Pictures_CFSB_leaf_damage/2025_09_15_Re4StRes_T1_DSV/IMG_3326.JPG,3.0,8.174452781677246,8.576409339904785,0.4019567370414734,5.576409339904785,5.174452781677246,gold_only,46,single_rater_weak
2025_09_15_Re4StRes_T1_DSV/IMG_3327.JPG,plot_b23eede93d0769614492,dsv_asendorf_t1_bbch11,/home/nfs/data/nvme_datasets/Pictures_CFSB_leaf_damage/2025_09_15_Re4StRes_T1_DSV/IMG_3327.JPG,28.0,5.776567459106445,5.949499607086182,0.17293217778205872,22.050500869750977,22.223432540893555,gold_only,46,single_rater_weak
2025_09_15_Re4StRes_T1_DSV/IMG_3328.JPG,plot_adeaac1f14a1a4d9559e,dsv_asendorf_t1_bbch11,/home/nfs/data/nvme_datasets/Pictures_CFSB_leaf_damage/2025_09_15_Re4StRes_T1_DSV/IMG_3328.JPG,4.0,2.8060736656188965,3.2152860164642334,0.4092124104499817,0.7847139835357666,1.1939263343811035,gold_only,46,single_rater_weak
2025_09_15_Re4StRes_T1_DSV/IMG_3329.JPG,plot_adeaac1f14a1a4d9559e,dsv_asendorf_t1_bbch11,/home/nfs/data/nvme_datasets/Pictures_CFSB_leaf_damage/2025_09_15_Re4StRes_T1_DSV/IMG_3329.JPG,29.0,7.151340007781982,7.567565441131592,0.41622525453567505,21.43243408203125,21.84865951538086,gold_only,46,single_rater_weak
2025_09_15_Re4StRes_T1_DSV/IMG_3330.JPG,plot_adeaac1f14a1a4d9559e,dsv_asendorf_t1_bbch11,/home/nfs/data/nvme_datasets/Pictures_CFSB_leaf_damage/2025_09_15_Re4StRes_T1_DSV/IMG_3330.JPG,4.0,3.087899684906006,2.9673285484313965,-0.1205710917711258,1.0326714515686035,0.9121003150939941,gold_only,46,single_rater_weak
2025_09_15_Re4StRes_T1_DSV/IMG_3331.JPG,plot_43d5937dd6531addbc2e,dsv_asendorf_t1_bbch11,/home/nfs/data/nvme_datasets/Pictures_CFSB_leaf_damage/2025_09_15_Re4StRes_T1_DSV/IMG_3331.JPG,3.0,7.791904449462891,8.0646390914917,0.27273449301719666,5.064639091491699,4.791904449462891,gold_only,46,single_rater_weak
2025_09_15_Re4StRes_T1_DSV/IMG_3332.JPG,plot_43d5937dd6531addbc2e,dsv_asendorf_t1_bbch11,/home/nfs/data/nvme_datasets/Pictures_CFSB_leaf_damage/2025_09_15_Re4StRes_T1_DSV/IMG_3332.JPG,3.0,4.593134880065918,4.544613361358643,-0.04852135479450226,1.5446133613586426,1.593134880065918,gold_only,46,single_rater_weak
2025_09_15_Re4StRes_T1_DSV/IMG_3333.JPG,plot_43d5937dd6531addbc2e,dsv_asendorf_t1_bbch11,/home/nfs/data/nvme_datasets/Pictures_CFSB_leaf_damage/2025_09_15_Re4StRes_T1_DSV/IMG_3333.JPG,2.0,3.8371715545654297,4.086538791656494,0.2493673712015152,2.086538791656494,1.8371715545654297,gold_only,46,single_rater_weak
2025_09_15_Re4StRes_T1_DSV/IMG_3334.JPG,plot_0a81b4c942a2db474f37,dsv_asendorf_t1_bbch11,/home/nfs/data/nvme_datasets/Pictures_CFSB_leaf_damage/2025_09_15_Re4StRes_T1_DSV/IMG_3334.JPG,6.0,4.101334571838379,3.8183534145355225,-0.28298115730285645,2.1816465854644775,1.898665428161621,gold_only,46,single_rater_weak
2025_09_15_Re4StRes_T1_DSV/IMG_3334_2.JPG,plot_0a81b4c942a2db474f37,dsv_asendorf_t1_bbch11,/home/nfs/data/nvme_datasets/Pictures_CFSB_leaf_damage/2025_09_15_Re4StRes_T1_DSV/IMG_3334_2.JPG,3.0,2.9987711906433105,2.340707302093506,-0.6580638885498047,0.6592926979064941,0.0012288093566894531,gold_only,46,single_rater_weak
2025_09_15_Re4StRes_T1_DSV/IMG_3336.JPG,plot_0a81b4c942a2db474f37,dsv_asendorf_t1_bbch11,/home/nfs/data/nvme_datasets/Pictures_CFSB_leaf_damage/2025_09_15_Re4StRes_T1_DSV/IMG_3336.JPG,2.0,7.065014839172363,6.8490471839904785,-0.21596775949001312,4.8490471839904785,5.065014839172363,gold_only,46,single_rater_weak
2025_09_15_Re4StRes_T1_DSV/IMG_3337.JPG,plot_893ea76139db7e8e9beb,dsv_asendorf_t1_bbch11,/home/nfs/data/nvme_datasets/Pictures_CFSB_leaf_damage/2025_09_15_Re4StRes_T1_DSV/IMG_3337.JPG,8.0,4.33909273147583,4.6361165046691895,0.29702380299568176,3.3638834953308105,3.66090726852417,gold_only,46,single_rater_weak
2025_09_15_Re4StRes_T1_DSV/IMG_3338.JPG,plot_893ea76139db7e8e9beb,dsv_asendorf_t1_bbch11,/home/nfs/data/nvme_datasets/Pictures_CFSB_leaf_damage/2025_09_15_Re4StRes_T1_DSV/IMG_3338.JPG,3.0,4.614325523376465,4.851291656494141,0.23696589469909668,1.8512916564941406,1.6143255233764648,gold_only,46,single_rater_weak
2025_09_15_Re4StRes_T1_DSV/IMG_3339.JPG,plot_893ea76139db7e8e9beb,dsv_asendorf_t1_bbch11,/home/nfs/data/nvme_datasets/Pictures_CFSB_leaf_damage/2025_09_15_Re4StRes_T1_DSV/IMG_3339.JPG,4.0,3.784986734390259,4.20772123336792,0.42273464798927307,0.20772123336791992,0.2150132656097412,gold_only,46,single_rater_weak
2025_09_15_Re4StRes_T1_DSV/IMG_3340.JPG,plot_444191e50a4fb24d1ec2,dsv_asendorf_t1_bbch11,/home/nfs/data/nvme_datasets/Pictures_CFSB_leaf_damage/2025_09_15_Re4StRes_T1_DSV/IMG_3340.JPG,2.0,4.590782165527344,4.781150817871094,0.1903684288263321,2.7811508178710938,2.5907821655273438,gold_only,46,single_rater_weak
2025_09_15_Re4StRes_T1_DSV/IMG_3341.JPG,plot_444191e50a4fb24d1ec2,dsv_asendorf_t1_bbch11,/home/nfs/data/nvme_datasets/Pictures_CFSB_leaf_damage/2025_09_15_Re4StRes_T1_DSV/IMG_3341.JPG,2.0,8.303425788879395,8.03458023071289,-0.26884564757347107,6.034580230712891,6.3034257888793945,gold_only,46,single_rater_weak
2025_09_15_Re4StRes_T1_DSV/IMG_3342.JPG,plot_444191e50a4fb24d1ec2,dsv_asendorf_t1_bbch11,/home/nfs/data/nvme_datasets/Pictures_CFSB_leaf_damage/2025_09_15_Re4StRes_T1_DSV/IMG_3342.JPG,4.0,8.210273742675781,8.406274795532227,0.1960008442401886,4.406274795532227,4.210273742675781,gold_only,46,single_rater_weak
2025_09_15_Re4StRes_T1_DSV/IMG_3343.JPG,plot_cc4976c5ce94cf8ec18d,dsv_asendorf_t1_bbch11,/home/nfs/data/nvme_datasets/Pictures_CFSB_leaf_damage/2025_09_15_Re4StRes_T1_DSV/IMG_3343.JPG,2.0,3.6904187202453613,3.562372922897339,-0.1280456930398941,1.5623729228973389,1.6904187202453613,gold_only,46,single_rater_weak
2025_09_15_Re4StRes_T1_DSV/IMG_3343_2.JPG,plot_cc4976c5ce94cf8ec18d,dsv_asendorf_t1_bbch11,/home/nfs/data/nvme_datasets/Pictures_CFSB_leaf_damage/2025_09_15_Re4StRes_T1_DSV/IMG_3343_2.JPG,3.0,2.0810742378234863,1.672836184501648,-0.4082380533218384,1.327163815498352,0.9189257621765137,gold_only,46,single_rater_weak
2025_09_15_Re4StRes_T1_DSV/IMG_3347.JPG,plot_cc4976c5ce94cf8ec18d,dsv_asendorf_t1_bbch11,/home/nfs/data/nvme_datasets/Pictures_CFSB_leaf_damage/2025_09_15_Re4StRes_T1_DSV/IMG_3347.JPG,3.0,3.203136920928955,3.4311673641204834,0.22803045809268951,0.4311673641204834,0.20313692092895508,gold_only,46,single_rater_weak
2025_09_15_Re4StRes_T1_DSV/IMG_3348.JPG,plot_e05bdf194d70de829545,dsv_asendorf_t1_bbch11,/home/nfs/data/nvme_datasets/Pictures_CFSB_leaf_damage/2025_09_15_Re4StRes_T1_DSV/IMG_3348.JPG,2.0,6.681058406829834,6.738654613494873,0.057596415281295776,4.738654613494873,4.681058406829834,gold_only,46,single_rater_weak
2025_09_15_Re4StRes_T1_DSV/IMG_3349.JPG,plot_e05bdf194d70de829545,dsv_asendorf_t1_bbch11,/home/nfs/data/nvme_datasets/Pictures_CFSB_leaf_damage/2025_09_15_Re4StRes_T1_DSV/IMG_3349.JPG,2.0,4.691664695739746,4.609075546264648,-0.08258919417858124,2.6090755462646484,2.691664695739746,gold_only,46,single_rater_weak
2025_09_15_Re4StRes_T1_DSV/IMG_3350.JPG,plot_e05bdf194d70de829545,dsv_asendorf_t1_bbch11,/home/nfs/data/nvme_datasets/Pictures_CFSB_leaf_damage/2025_09_15_Re4StRes_T1_DSV/IMG_3350.JPG,8.0,3.5047767162323,3.7044246196746826,0.19964784383773804,4.295575141906738,4.495223045349121,gold_only,46,single_rater_weak
2025_09_15_Re4StRes_T1_DSV/IMG_3351.JPG,plot_3d536e5af09fac1c9a11,dsv_asendorf_t1_bbch11,/home/nfs/data/nvme_datasets/Pictures_CFSB_leaf_damage/2025_09_15_Re4StRes_T1_DSV/IMG_3351.JPG,8.0,7.64668083190918,8.003902435302734,0.3572211265563965,0.003902435302734375,0.3533191680908203,gold_only,46,single_rater_weak
2025_09_15_Re4StRes_T1_DSV/IMG_3352.JPG,plot_3d536e5af09fac1c9a11,dsv_asendorf_t1_bbch11,/home/nfs/data/nvme_datasets/Pictures_CFSB_leaf_damage/2025_09_15_Re4StRes_T1_DSV/IMG_3352.JPG,8.0,7.244872570037842,7.172762393951416,-0.07211023569107056,0.827237606048584,0.7551274299621582,gold_only,46,single_rater_weak
2025_09_15_Re4StRes_T1_DSV/IMG_3353.JPG,plot_3d536e5af09fac1c9a11,dsv_asendorf_t1_bbch11,/home/nfs/data/nvme_datasets/Pictures_CFSB_leaf_damage/2025_09_15_Re4StRes_T1_DSV/IMG_3353.JPG,2.0,6.673094749450684,6.7959675788879395,0.12287299335002899,4.7959675788879395,4.673094749450684,gold_only,46,single_rater_weak
2025_09_15_Re4StRes_T1_DSV/IMG_3354.JPG,plot_6c3a5e4270d0e8a36c26,dsv_asendorf_t1_bbch11,/home/nfs/data/nvme_datasets/Pictures_CFSB_leaf_damage/2025_09_15_Re4StRes_T1_DSV/IMG_3354.JPG,3.0,12.333226203918457,12.274782180786133,-0.05844392254948616,9.274782180786133,9.333226203918457,gold_only,46,single_rater_weak
2025_09_15_Re4StRes_T1_DSV/IMG_3355.JPG,plot_6c3a5e4270d0e8a36c26,dsv_asendorf_t1_bbch11,/home/nfs/data/nvme_datasets/Pictures_CFSB_leaf_damage/2025_09_15_Re4StRes_T1_DSV/IMG_3355.JPG,2.0,3.1215267181396484,2.6213953495025635,-0.500131368637085,0.6213953495025635,1.1215267181396484,gold_only,46,single_rater_weak
2025_09_15_Re4StRes_T1_DSV/IMG_3357.JPG,plot_6c3a5e4270d0e8a36c26,dsv_asendorf_t1_bbch11,/home/nfs/data/nvme_datasets/Pictures_CFSB_leaf_damage/2025_09_15_Re4StRes_T1_DSV/IMG_3357.JPG,2.0,5.621125221252441,5.646180152893066,0.02505507320165634,3.6461801528930664,3.6211252212524414,gold_only,46,single_rater_weak
2025_09_15_Re4StRes_T1_DSV/IMG_3358.JPG,plot_19702f4fd7356a8a0516,dsv_asendorf_t1_bbch11,/home/nfs/data/nvme_datasets/Pictures_CFSB_leaf_damage/2025_09_15_Re4StRes_T1_DSV/IMG_3358.JPG,7.0,7.720637321472168,7.413588047027588,-0.3070491850376129,0.4135880470275879,0.720637321472168,gold_only,46,single_rater_weak
2025_09_15_Re4StRes_T1_DSV/IMG_3359.JPG,plot_19702f4fd7356a8a0516,dsv_asendorf_t1_bbch11,/home/nfs/data/nvme_datasets/Pictures_CFSB_leaf_damage/2025_09_15_Re4StRes_T1_DSV/IMG_3359.JPG,6.0,2.187650680541992,2.3547654151916504,0.16711461544036865,3.6452345848083496,3.812349319458008,gold_only,46,single_rater_weak
2025_09_15_Re4StRes_T1_DSV/IMG_3360.JPG,plot_19702f4fd7356a8a0516,dsv_asendorf_t1_bbch11,/home/nfs/data/nvme_datasets/Pictures_CFSB_leaf_damage/2025_09_15_Re4StRes_T1_DSV/IMG_3360.JPG,6.0,2.6298937797546387,2.481874704360962,-0.14801917970180511,3.518125295639038,3.3701062202453613,gold_only,46,single_rater_weak
2025_09_15_Re4StRes_T1_DSV/IMG_3361.JPG,plot_e8dd7f47d2a9924443f9,dsv_asendorf_t1_bbch11,/home/nfs/data/nvme_datasets/Pictures_CFSB_leaf_damage/2025_09_15_Re4StRes_T1_DSV/IMG_3361.JPG,2.0,2.6921796798706055,2.546219825744629,-0.14595983922481537,0.5462198257446289,0.6921796798706055,gold_only,46,single_rater_weak
2025_09_15_Re4StRes_T1_DSV/IMG_3362.JPG,plot_e8dd7f47d2a9924443f9,dsv_asendorf_t1_bbch11,/home/nfs/data/nvme_datasets/Pictures_CFSB_leaf_damage/2025_09_15_Re4StRes_T1_DSV/IMG_3362.JPG,4.0,2.1812500953674316,1.9517675638198853,-0.229482501745224,2.0482325553894043,1.8187499046325684,gold_only,46,single_rater_weak
2025_09_15_Re4StRes_T1_DSV/IMG_3363.JPG,plot_e8dd7f47d2a9924443f9,dsv_asendorf_t1_bbch11,/home/nfs/data/nvme_datasets/Pictures_CFSB_leaf_damage/2025_09_15_Re4StRes_T1_DSV/IMG_3363.JPG,3.0,2.6036882400512695,2.729362726211548,0.12567442655563354,0.27063727378845215,0.39631175994873047,gold_only,46,single_rater_weak
2025_09_15_Re4StRes_T1_DSV/IMG_3364.JPG,plot_1479ec7e7b20027ed6b9,dsv_asendorf_t1_bbch11,/home/nfs/data/nvme_datasets/Pictures_CFSB_leaf_damage/2025_09_15_Re4StRes_T1_DSV/IMG_3364.JPG,2.0,2.6269054412841797,2.4360127449035645,-0.1908927857875824,0.43601274490356445,0.6269054412841797,gold_only,46,single_rater_weak
2025_09_15_Re4StRes_T1_DSV/IMG_3365.JPG,plot_1479ec7e7b20027ed6b9,dsv_asendorf_t1_bbch11,/home/nfs/data/nvme_datasets/Pictures_CFSB_leaf_damage/2025_09_15_Re4StRes_T1_DSV/IMG_3365.JPG,3.0,1.2507147789001465,0.7990468740463257,-0.4516679346561432,2.2009530067443848,1.7492852210998535,gold_only,46,single_rater_weak
2025_09_15_Re4StRes_T1_DSV/IMG_3366.JPG,plot_1479ec7e7b20027ed6b9,dsv_asendorf_t1_bbch11,/home/nfs/data/nvme_datasets/Pictures_CFSB_leaf_damage/2025_09_15_Re4StRes_T1_DSV/IMG_3366.JPG,5.0,2.4891862869262695,2.3006510734558105,-0.18853528797626495,2.6993489265441895,2.5108137130737305,gold_only,46,single_rater_weak
2025_09_15_Re4StRes_T1_DSV/IMG_3367.JPG,plot_95aaa5709244ec873418,dsv_asendorf_t1_bbch11,/home/nfs/data/nvme_datasets/Pictures_CFSB_leaf_damage/2025_09_15_Re4StRes_T1_DSV/IMG_3367.JPG,2.0,2.4260830879211426,1.8844172954559326,-0.54166579246521,0.11558270454406738,0.4260830879211426,gold_only,46,single_rater_weak
2025_09_15_Re4StRes_T1_DSV/IMG_3368.JPG,plot_95aaa5709244ec873418,dsv_asendorf_t1_bbch11,/home/nfs/data/nvme_datasets/Pictures_CFSB_leaf_damage/2025_09_15_Re4StRes_T1_DSV/IMG_3368.JPG,4.0,11.002265930175781,10.800315856933594,-0.2019503116607666,6.800315856933594,7.002265930175781,gold_only,46,single_rater_weak
2025_09_15_Re4StRes_T1_DSV/IMG_3369.JPG,plot_95aaa5709244ec873418,dsv_asendorf_t1_bbch11,/home/nfs/data/nvme_datasets/Pictures_CFSB_leaf_damage/2025_09_15_Re4StRes_T1_DSV/IMG_3369.JPG,3.0,2.8236379623413086,2.961515188217163,0.1378772258758545,0.038484811782836914,0.1763620376586914,gold_only,46,single_rater_weak
2025_09_15_Re4StRes_T1_DSV/IMG_3370.JPG,plot_01f060fea973c05839f8,dsv_asendorf_t1_bbch11,/home/nfs/data/nvme_datasets/Pictures_CFSB_leaf_damage/2025_09_15_Re4StRes_T1_DSV/IMG_3370.JPG,7.0,2.076727867126465,2.0966286659240723,0.019900893792510033,4.903371334075928,4.923272132873535,gold_only,46,single_rater_weak
2025_09_15_Re4StRes_T1_DSV/IMG_3371.JPG,plot_01f060fea973c05839f8,dsv_asendorf_t1_bbch11,/home/nfs/data/nvme_datasets/Pictures_CFSB_leaf_damage/2025_09_15_Re4StRes_T1_DSV/IMG_3371.JPG,2.0,1.320930004119873,1.2164596319198608,-0.10447032004594803,0.7835403680801392,0.679069995880127,gold_only,46,single_rater_weak
2025_09_15_Re4StRes_T1_DSV/IMG_3372.JPG,plot_01f060fea973c05839f8,dsv_asendorf_t1_bbch11,/home/nfs/data/nvme_datasets/Pictures_CFSB_leaf_damage/2025_09_15_Re4StRes_T1_DSV/IMG_3372.JPG,5.0,2.584810256958008,2.728085994720459,0.14327584207057953,2.271914005279541,2.415189743041992,gold_only,46,single_rater_weak
2025_09_15_Re4StRes_T1_DSV/IMG_3373.JPG,plot_67bd59113d9f98c1efe4,dsv_asendorf_t1_bbch11,/home/nfs/data/nvme_datasets/Pictures_CFSB_leaf_damage/2025_09_15_Re4StRes_T1_DSV/IMG_3373.JPG,3.0,5.537160873413086,5.6174445152282715,0.08028366416692734,2.6174445152282715,2.537160873413086,gold_only,46,single_rater_weak
2025_09_15_Re4StRes_T1_DSV/IMG_3374.JPG,plot_67bd59113d9f98c1efe4,dsv_asendorf_t1_bbch11,/home/nfs/data/nvme_datasets/Pictures_CFSB_leaf_damage/2025_09_15_Re4StRes_T1_DSV/IMG_3374.JPG,3.0,3.758373498916626,4.187992572784424,0.42961907386779785,1.1879925727844238,0.758373498916626,gold_only,46,single_rater_weak
2025_09_15_Re4StRes_T1_DSV/IMG_3375.JPG,plot_67bd59113d9f98c1efe4,dsv_asendorf_t1_bbch11,/home/nfs/data/nvme_datasets/Pictures_CFSB_leaf_damage/2025_09_15_Re4StRes_T1_DSV/IMG_3375.JPG,5.0,1.8335065841674805,1.6912025213241577,-0.14230409264564514,3.3087973594665527,3.1664934158325195,gold_only,46,single_rater_weak
2025_09_15_Re4StRes_T1_DSV/IMG_3376.JPG,plot_86355422f68667a79eb7,dsv_asendorf_t1_bbch11,/home/nfs/data/nvme_datasets/Pictures_CFSB_leaf_damage/2025_09_15_Re4StRes_T1_DSV/IMG_3376.JPG,3.0,4.651296615600586,4.623569965362549,-0.027726441621780396,1.6235699653625488,1.651296615600586,gold_only,46,single_rater_weak
2025_09_15_Re4StRes_T1_DSV/IMG_3377.JPG,plot_86355422f68667a79eb7,dsv_asendorf_t1_bbch11,/home/nfs/data/nvme_datasets/Pictures_CFSB_leaf_damage/2025_09_15_Re4StRes_T1_DSV/IMG_3377.JPG,4.0,7.265337944030762,7.493587017059326,0.22824914753437042,3.493587017059326,3.2653379440307617,gold_only,46,single_rater_weak
2025_09_15_Re4StRes_T1_DSV/IMG_3378.JPG,plot_86355422f68667a79eb7,dsv_asendorf_t1_bbch11,/home/nfs/data/nvme_datasets/Pictures_CFSB_leaf_damage/2025_09_15_Re4StRes_T1_DSV/IMG_3378.JPG,2.0,1.9010682106018066,1.849024772644043,-0.05204344540834427,0.15097522735595703,0.09893178939819336,gold_only,46,single_rater_weak
2025_09_15_Re4StRes_T1_DSV/IMG_3379.JPG,plot_b009f64014ddc2c9c1b4,dsv_asendorf_t1_bbch11,/home/nfs/data/nvme_datasets/Pictures_CFSB_leaf_damage/2025_09_15_Re4StRes_T1_DSV/IMG_3379.JPG,2.0,2.0613536834716797,2.019390821456909,-0.0419628843665123,0.01939082145690918,0.06135368347167969,gold_only,46,single_rater_weak
2025_09_15_Re4StRes_T1_DSV/IMG_3380.JPG,plot_b009f64014ddc2c9c1b4,dsv_asendorf_t1_bbch11,/home/nfs/data/nvme_datasets/Pictures_CFSB_leaf_damage/2025_09_15_Re4StRes_T1_DSV/IMG_3380.JPG,8.0,10.123323440551758,10.171650886535645,0.04832758754491806,2.1716508865356445,2.123323440551758,gold_only,46,single_rater_weak
2025_09_15_Re4StRes_T1_DSV/IMG_3381.JPG,plot_b009f64014ddc2c9c1b4,dsv_asendorf_t1_bbch11,/home/nfs/data/nvme_datasets/Pictures_CFSB_leaf_damage/2025_09_15_Re4StRes_T1_DSV/IMG_3381.JPG,16.0,7.444121360778809,7.689300060272217,0.2451789230108261,8.310699462890625,8.555878639221191,gold_only,46,single_rater_weak
2025_09_15_Re4StRes_T1_DSV/IMG_3382.JPG,plot_279dc3489f82ba55175e,dsv_asendorf_t1_bbch11,/home/nfs/data/nvme_datasets/Pictures_CFSB_leaf_damage/2025_09_15_Re4StRes_T1_DSV/IMG_3382.JPG,9.0,7.750909805297852,7.981900691986084,0.23099102079868317,1.018099308013916,1.2490901947021484,gold_only,46,single_rater_weak
2025_09_15_Re4StRes_T1_DSV/IMG_3383.JPG,plot_279dc3489f82ba55175e,dsv_asendorf_t1_bbch11,/home/nfs/data/nvme_datasets/Pictures_CFSB_leaf_damage/2025_09_15_Re4StRes_T1_DSV/IMG_3383.JPG,3.0,4.522320747375488,4.405495643615723,-0.11682520806789398,1.4054956436157227,1.5223207473754883,gold_only,46,single_rater_weak
2025_09_15_Re4StRes_T1_DSV/IMG_3384.JPG,plot_279dc3489f82ba55175e,dsv_asendorf_t1_bbch11,/home/nfs/data/nvme_datasets/Pictures_CFSB_leaf_damage/2025_09_15_Re4StRes_T1_DSV/IMG_3384.JPG,6.0,1.9078645706176758,1.698160171508789,-0.20970435440540314,4.301839828491211,4.092135429382324,gold_only,46,single_rater_weak
2025_09_15_Re4StRes_T1_DSV/IMG_3385.JPG,plot_2b26b904941899e2c243,dsv_asendorf_t1_bbch11,/home/nfs/data/nvme_datasets/Pictures_CFSB_leaf_damage/2025_09_15_Re4StRes_T1_DSV/IMG_3385.JPG,4.0,4.315256118774414,4.803119659423828,0.4878634810447693,0.8031196594238281,0.31525611877441406,gold_only,46,single_rater_weak
2025_09_15_Re4StRes_T1_DSV/IMG_3386.JPG,plot_2b26b904941899e2c243,dsv_asendorf_t1_bbch11,/home/nfs/data/nvme_datasets/Pictures_CFSB_leaf_damage/2025_09_15_Re4StRes_T1_DSV/IMG_3386.JPG,2.0,6.370690822601318,6.309020042419434,-0.06167076900601387,4.309020042419434,4.370690822601318,gold_only,46,single_rater_weak
2025_09_15_Re4StRes_T1_DSV/IMG_3387.JPG,plot_2b26b904941899e2c243,dsv_asendorf_t1_bbch11,/home/nfs/data/nvme_datasets/Pictures_CFSB_leaf_damage/2025_09_15_Re4StRes_T1_DSV/IMG_3387.JPG,5.0,5.703219413757324,5.581617832183838,-0.12160136550664902,0.5816178321838379,0.7032194137573242,gold_only,46,single_rater_weak
2025_09_15_Re4StRes_T1_DSV/IMG_3388.JPG,plot_8f5dc92512cf0eb95f7a,dsv_asendorf_t1_bbch11,/home/nfs/data/nvme_datasets/Pictures_CFSB_leaf_damage/2025_09_15_Re4StRes_T1_DSV/IMG_3388.JPG,4.0,6.377146244049072,5.970449447631836,-0.4066968560218811,1.970449447631836,2.3771462440490723,gold_only,46,single_rater_weak
2025_09_15_Re4StRes_T1_DSV/IMG_3389.JPG,plot_8f5dc92512cf0eb95f7a,dsv_asendorf_t1_bbch11,/home/nfs/data/nvme_datasets/Pictures_CFSB_leaf_damage/2025_09_15_Re4StRes_T1_DSV/IMG_3389.JPG,9.0,7.853210926055908,7.449611663818359,-0.4035990834236145,1.5503883361816406,1.1467890739440918,gold_only,46,single_rater_weak
2025_09_15_Re4StRes_T1_DSV/IMG_3390.JPG,plot_8f5dc92512cf0eb95f7a,dsv_asendorf_t1_bbch11,/home/nfs/data/nvme_datasets/Pictures_CFSB_leaf_damage/2025_09_15_Re4StRes_T1_DSV/IMG_3390.JPG,3.0,5.425729274749756,5.350481986999512,-0.07524719834327698,2.3504819869995117,2.425729274749756,gold_only,46,single_rater_weak
2025_09_15_Re4StRes_T1_DSV/IMG_3391.JPG,plot_11fb60acd8f186a903c5,dsv_asendorf_t1_bbch11,/home/nfs/data/nvme_datasets/Pictures_CFSB_leaf_damage/2025_09_15_Re4StRes_T1_DSV/IMG_3391.JPG,5.0,3.3620665073394775,3.196845054626465,-0.16522137820720673,1.8031549453735352,1.6379334926605225,gold_only,46,single_rater_weak
2025_09_15_Re4StRes_T1_DSV/IMG_3392.JPG,plot_11fb60acd8f186a903c5,dsv_asendorf_t1_bbch11,/home/nfs/data/nvme_datasets/Pictures_CFSB_leaf_damage/2025_09_15_Re4StRes_T1_DSV/IMG_3392.JPG,2.0,1.3681716918945312,1.335552453994751,-0.032619208097457886,0.664447546005249,0.6318283081054688,gold_only,46,single_rater_weak
2025_09_15_Re4StRes_T1_DSV/IMG_3393.JPG,plot_11fb60acd8f186a903c5,dsv_asendorf_t1_bbch11,/home/nfs/data/nvme_datasets/Pictures_CFSB_leaf_damage/2025_09_15_Re4StRes_T1_DSV/IMG_3393.JPG,2.0,4.379054069519043,4.020185947418213,-0.35886821150779724,2.020185947418213,2.379054069519043,gold_only,46,single_rater_weak
2025_09_15_Re4StRes_T1_DSV/IMG_3394.JPG,plot_da39b0333859bfc5f57c,dsv_asendorf_t1_bbch11,/home/nfs/data/nvme_datasets/Pictures_CFSB_leaf_damage/2025_09_15_Re4StRes_T1_DSV/IMG_3394.JPG,2.0,2.187556743621826,1.4547145366668701,-0.732842206954956,0.5452854633331299,0.18755674362182617,gold_only,46,single_rater_weak
2025_09_15_Re4StRes_T1_DSV/IMG_3395.JPG,plot_da39b0333859bfc5f57c,dsv_asendorf_t1_bbch11,/home/nfs/data/nvme_datasets/Pictures_CFSB_leaf_damage/2025_09_15_Re4StRes_T1_DSV/IMG_3395.JPG,2.0,2.5866527557373047,2.1494269371032715,-0.4372258484363556,0.14942693710327148,0.5866527557373047,gold_only,46,single_rater_weak
2025_09_15_Re4StRes_T1_DSV/IMG_3396.JPG,plot_da39b0333859bfc5f57c,dsv_asendorf_t1_bbch11,/home/nfs/data/nvme_datasets/Pictures_CFSB_leaf_damage/2025_09_15_Re4StRes_T1_DSV/IMG_3396.JPG,3.0,0.6142988204956055,0.2909141182899475,-0.32338470220565796,2.7090859413146973,2.3857011795043945,gold_only,46,single_rater_weak
2025_09_15_Re4StRes_T1_DSV/IMG_3398.JPG,plot_943a936db43f424a9be4,dsv_asendorf_t1_bbch11,/home/nfs/data/nvme_datasets/Pictures_CFSB_leaf_damage/2025_09_15_Re4StRes_T1_DSV/IMG_3398.JPG,6.0,3.0443944931030273,2.831347703933716,-0.21304668486118317,3.168652296066284,2.9556055068969727,gold_only,46,single_rater_weak
2025_09_15_Re4StRes_T1_DSV/IMG_3399.JPG,plot_943a936db43f424a9be4,dsv_asendorf_t1_bbch11,/home/nfs/data/nvme_datasets/Pictures_CFSB_leaf_damage/2025_09_15_Re4StRes_T1_DSV/IMG_3399.JPG,3.0,2.730679512023926,2.2387049198150635,-0.49197450280189514,0.7612950801849365,0.2693204879760742,gold_only,46,single_rater_weak
2025_09_15_Re4StRes_T1_DSV/IMG_3400.JPG,plot_943a936db43f424a9be4,dsv_asendorf_t1_bbch11,/home/nfs/data/nvme_datasets/Pictures_CFSB_leaf_damage/2025_09_15_Re4StRes_T1_DSV/IMG_3400.JPG,2.0,2.622373104095459,2.409928321838379,-0.21244487166404724,0.4099283218383789,0.622373104095459,gold_only,46,single_rater_weak
2025_09_15_Re4StRes_T1_DSV/IMG_3401.JPG,plot_dcd59592fcea5eca7a8e,dsv_asendorf_t1_bbch11,/home/nfs/data/nvme_datasets/Pictures_CFSB_leaf_damage/2025_09_15_Re4StRes_T1_DSV/IMG_3401.JPG,7.0,1.4051480293273926,1.2330341339111328,-0.17211392521858215,5.766965866088867,5.594851970672607,gold_only,46,single_rater_weak
2025_09_15_Re4StRes_T1_DSV/IMG_3402.JPG,plot_dcd59592fcea5eca7a8e,dsv_asendorf_t1_bbch11,/home/nfs/data/nvme_datasets/Pictures_CFSB_leaf_damage/2025_09_15_Re4StRes_T1_DSV/IMG_3402.JPG,8.0,6.785821437835693,6.655546188354492,-0.13027510046958923,1.3444538116455078,1.2141785621643066,gold_only,46,single_rater_weak
2025_09_15_Re4StRes_T1_DSV/IMG_3403.JPG,plot_dcd59592fcea5eca7a8e,dsv_asendorf_t1_bbch11,/home/nfs/data/nvme_datasets/Pictures_CFSB_leaf_damage/2025_09_15_Re4StRes_T1_DSV/IMG_3403.JPG,5.0,3.4613468647003174,3.105330467224121,-0.3560164272785187,1.894669532775879,1.5386531352996826,gold_only,46,single_rater_weak
2025_09_15_Re4StRes_T1_DSV/IMG_3404.JPG,plot_b9325e65ceef18b62385,dsv_asendorf_t1_bbch11,/home/nfs/data/nvme_datasets/Pictures_CFSB_leaf_damage/2025_09_15_Re4StRes_T1_DSV/IMG_3404.JPG,2.0,2.149081230163574,1.805241584777832,-0.3438396751880646,0.19475841522216797,0.14908123016357422,gold_only,46,single_rater_weak
2025_09_15_Re4StRes_T1_DSV/IMG_3405.JPG,plot_b9325e65ceef18b62385,dsv_asendorf_t1_bbch11,/home/nfs/data/nvme_datasets/Pictures_CFSB_leaf_damage/2025_09_15_Re4StRes_T1_DSV/IMG_3405.JPG,3.0,1.974565029144287,1.5535975694656372,-0.4209674596786499,1.4464024305343628,1.025434970855713,gold_only,46,single_rater_weak
2025_09_15_Re4StRes_T1_DSV/IMG_3406.JPG,plot_b9325e65ceef18b62385,dsv_asendorf_t1_bbch11,/home/nfs/data/nvme_datasets/Pictures_CFSB_leaf_damage/2025_09_15_Re4StRes_T1_DSV/IMG_3406.JPG,2.0,2.358853816986084,2.044822931289673,-0.31403088569641113,0.04482293128967285,0.358853816986084,gold_only,46,single_rater_weak
2025_09_15_Re4StRes_T1_DSV/IMG_3407.JPG,plot_e9b852a0cf347e4eb711,dsv_asendorf_t1_bbch11,/home/nfs/data/nvme_datasets/Pictures_CFSB_leaf_damage/2025_09_15_Re4StRes_T1_DSV/IMG_3407.JPG,3.0,2.352111339569092,1.896372675895691,-0.4557386636734009,1.103627324104309,0.6478886604309082,gold_only,46,single_rater_weak
2025_09_15_Re4StRes_T1_DSV/IMG_3408.JPG,plot_e9b852a0cf347e4eb711,dsv_asendorf_t1_bbch11,/home/nfs/data/nvme_datasets/Pictures_CFSB_leaf_damage/2025_09_15_Re4StRes_T1_DSV/IMG_3408.JPG,3.0,1.6288199424743652,1.3849705457687378,-0.24384939670562744,1.6150294542312622,1.3711800575256348,gold_only,46,single_rater_weak
2025_09_15_Re4StRes_T1_DSV/IMG_3409.JPG,plot_e9b852a0cf347e4eb711,dsv_asendorf_t1_bbch11,/home/nfs/data/nvme_datasets/Pictures_CFSB_leaf_damage/2025_09_15_Re4StRes_T1_DSV/IMG_3409.JPG,4.0,1.61350679397583,0.9278197288513184,-0.6856870651245117,3.0721802711486816,2.38649320602417,gold_only,46,single_rater_weak
2025_09_15_Re4StRes_T1_DSV/IMG_3410.JPG,plot_31d7aa1692e13f9b708b,dsv_asendorf_t1_bbch11,/home/nfs/data/nvme_datasets/Pictures_CFSB_leaf_damage/2025_09_15_Re4StRes_T1_DSV/IMG_3410.JPG,4.0,1.9136834144592285,1.5888375043869019,-0.3248458802700043,2.4111623764038086,2.0863165855407715,gold_only,46,single_rater_weak
2025_09_15_Re4StRes_T1_DSV/IMG_3411.JPG,plot_31d7aa1692e13f9b708b,dsv_asendorf_t1_bbch11,/home/nfs/data/nvme_datasets/Pictures_CFSB_leaf_damage/2025_09_15_Re4StRes_T1_DSV/IMG_3411.JPG,9.0,1.9595694541931152,1.9667211771011353,0.0071517471224069595,7.033278942108154,7.040430545806885,gold_only,46,single_rater_weak
2025_09_15_Re4StRes_T1_DSV/IMG_3412.JPG,plot_31d7aa1692e13f9b708b,dsv_asendorf_t1_bbch11,/home/nfs/data/nvme_datasets/Pictures_CFSB_leaf_damage/2025_09_15_Re4StRes_T1_DSV/IMG_3412.JPG,4.0,1.9020442962646484,1.977434515953064,0.07539017498493195,2.0225653648376465,2.0979557037353516,gold_only,46,single_rater_weak
2025_09_15_Re4StRes_T1_DSV/IMG_3413.JPG,plot_7282ae44ee098094299d,dsv_asendorf_t1_bbch11,/home/nfs/data/nvme_datasets/Pictures_CFSB_leaf_damage/2025_09_15_Re4StRes_T1_DSV/IMG_3413.JPG,9.0,0.8649215698242188,0.44629985094070435,-0.4186217188835144,8.55370044708252,8.135078430175781,gold_only,46,single_rater_weak
2025_09_15_Re4StRes_T1_DSV/IMG_3414.JPG,plot_7282ae44ee098094299d,dsv_asendorf_t1_bbch11,/home/nfs/data/nvme_datasets/Pictures_CFSB_leaf_damage/2025_09_15_Re4StRes_T1_DSV/IMG_3414.JPG,4.0,1.7446765899658203,1.3868345022201538,-0.3578420877456665,2.6131653785705566,2.2553234100341797,gold_only,46,single_rater_weak
2025_09_15_Re4StRes_T1_DSV/IMG_3415.JPG,plot_7282ae44ee098094299d,dsv_asendorf_t1_bbch11,/home/nfs/data/nvme_datasets/Pictures_CFSB_leaf_damage/2025_09_15_Re4StRes_T1_DSV/IMG_3415.JPG,3.0,4.654205322265625,4.506175994873047,-0.14802934229373932,1.5061759948730469,1.654205322265625,gold_only,46,single_rater_weak
2025_09_15_Re4StRes_T1_DSV/IMG_3416.JPG,plot_c8f9459b4263e9523ccc,dsv_asendorf_t1_bbch11,/home/nfs/data/nvme_datasets/Pictures_CFSB_leaf_damage/2025_09_15_Re4StRes_T1_DSV/IMG_3416.JPG,3.0,1.6381072998046875,1.156783103942871,-0.481324166059494,1.843216896057129,1.3618927001953125,gold_only,46,single_rater_weak
2025_09_15_Re4StRes_T1_DSV/IMG_3417.JPG,plot_c8f9459b4263e9523ccc,dsv_asendorf_t1_bbch11,/home/nfs/data/nvme_datasets/Pictures_CFSB_leaf_damage/2025_09_15_Re4StRes_T1_DSV/IMG_3417.JPG,2.0,2.790346145629883,2.2538321018218994,-0.5365141034126282,0.2538321018218994,0.7903461456298828,gold_only,46,single_rater_weak
2025_09_15_Re4StRes_T1_DSV/IMG_3418.JPG,plot_c8f9459b4263e9523ccc,dsv_asendorf_t1_bbch11,/home/nfs/data/nvme_datasets/Pictures_CFSB_leaf_damage/2025_09_15_Re4StRes_T1_DSV/IMG_3418.JPG,3.0,2.098210334777832,1.5209112167358398,-0.5772990584373474,1.4790887832641602,0.901789665222168,gold_only,46,single_rater_weak
2025_09_15_Re4StRes_T1_DSV/IMG_3419.JPG,plot_cb5e43daf6b8fbb2933c,dsv_asendorf_t1_bbch11,/home/nfs/data/nvme_datasets/Pictures_CFSB_leaf_damage/2025_09_15_Re4StRes_T1_DSV/IMG_3419.JPG,6.0,3.8378007411956787,3.5312256813049316,-0.3065749406814575,2.4687743186950684,2.1621992588043213,gold_only,46,single_rater_weak
2025_09_15_Re4StRes_T1_DSV/IMG_3420.JPG,plot_cb5e43daf6b8fbb2933c,dsv_asendorf_t1_bbch11,/home/nfs/data/nvme_datasets/Pictures_CFSB_leaf_damage/2025_09_15_Re4StRes_T1_DSV/IMG_3420.JPG,2.0,0.6802058219909668,0.4159778654575348,-0.264227956533432,1.5840221643447876,1.3197941780090332,gold_only,46,single_rater_weak
2025_09_15_Re4StRes_T1_DSV/IMG_3421.JPG,plot_cb5e43daf6b8fbb2933c,dsv_asendorf_t1_bbch11,/home/nfs/data/nvme_datasets/Pictures_CFSB_leaf_damage/2025_09_15_Re4StRes_T1_DSV/IMG_3421.JPG,2.0,2.2069172859191895,1.8883851766586304,-0.3185321092605591,0.11161482334136963,0.20691728591918945,gold_only,46,single_rater_weak
2025_09_15_Re4StRes_T1_DSV/IMG_3423.JPG,plot_a9c9691c0e46d0afbf99,dsv_asendorf_t1_bbch11,/home/nfs/data/nvme_datasets/Pictures_CFSB_leaf_damage/2025_09_15_Re4StRes_T1_DSV/IMG_3423.JPG,4.0,10.30391788482666,10.479957580566406,0.17603927850723267,6.479957580566406,6.30391788482666,gold_only,46,single_rater_weak
2025_09_15_Re4StRes_T1_DSV/IMG_3424.JPG,plot_a9c9691c0e46d0afbf99,dsv_asendorf_t1_bbch11,/home/nfs/data/nvme_datasets/Pictures_CFSB_leaf_damage/2025_09_15_Re4StRes_T1_DSV/IMG_3424.JPG,3.0,3.462289333343506,3.443551540374756,-0.018737830221652985,0.44355154037475586,0.46228933334350586,gold_only,46,single_rater_weak
2025_09_15_Re4StRes_T1_DSV/IMG_3425.JPG,plot_a9c9691c0e46d0afbf99,dsv_asendorf_t1_bbch11,/home/nfs/data/nvme_datasets/Pictures_CFSB_leaf_damage/2025_09_15_Re4StRes_T1_DSV/IMG_3425.JPG,3.0,4.880382537841797,4.587407112121582,-0.2929753065109253,1.587407112121582,1.8803825378417969,gold_only,46,single_rater_weak
2025_09_15_Re4StRes_T1_DSV/IMG_3426.JPG,plot_69209fd4a197caaab33b,dsv_asendorf_t1_bbch11,/home/nfs/data/nvme_datasets/Pictures_CFSB_leaf_damage/2025_09_15_Re4StRes_T1_DSV/IMG_3426.JPG,2.0,2.206768035888672,1.7208290100097656,-0.48593905568122864,0.2791709899902344,0.20676803588867188,gold_only,46,single_rater_weak
2025_09_15_Re4StRes_T1_DSV/IMG_3427.JPG,plot_69209fd4a197caaab33b,dsv_asendorf_t1_bbch11,/home/nfs/data/nvme_datasets/Pictures_CFSB_leaf_damage/2025_09_15_Re4StRes_T1_DSV/IMG_3427.JPG,4.0,7.114322185516357,6.853988170623779,-0.2603338360786438,2.8539881706237793,3.1143221855163574,gold_only,46,single_rater_weak
2025_09_15_Re4StRes_T1_DSV/IMG_3428.JPG,plot_69209fd4a197caaab33b,dsv_asendorf_t1_bbch11,/home/nfs/data/nvme_datasets/Pictures_CFSB_leaf_damage/2025_09_15_Re4StRes_T1_DSV/IMG_3428.JPG,2.0,2.6780824661254883,2.133277416229248,-0.5448050498962402,0.13327741622924805,0.6780824661254883,gold_only,46,single_rater_weak
2025_09_15_Re4StRes_T1_DSV/IMG_3429.JPG,plot_18d279bc106253cd1c9d,dsv_asendorf_t1_bbch11,/home/nfs/data/nvme_datasets/Pictures_CFSB_leaf_damage/2025_09_15_Re4StRes_T1_DSV/IMG_3429.JPG,3.0,2.483220100402832,2.1757633686065674,-0.3074567914009094,0.8242366313934326,0.516779899597168,gold_only,46,single_rater_weak
2025_09_15_Re4StRes_T1_DSV/IMG_3430.JPG,plot_18d279bc106253cd1c9d,dsv_asendorf_t1_bbch11,/home/nfs/data/nvme_datasets/Pictures_CFSB_leaf_damage/2025_09_15_Re4StRes_T1_DSV/IMG_3430.JPG,2.0,1.6762213706970215,1.2751208543777466,-0.4011005163192749,0.7248791456222534,0.3237786293029785,gold_only,46,single_rater_weak
2025_09_15_Re4StRes_T1_DSV/IMG_3431.JPG,plot_18d279bc106253cd1c9d,dsv_asendorf_t1_bbch11,/home/nfs/data/nvme_datasets/Pictures_CFSB_leaf_damage/2025_09_15_Re4StRes_T1_DSV/IMG_3431.JPG,2.0,1.6471920013427734,1.5202505588531494,-0.12694144248962402,0.4797494411468506,0.35280799865722656,gold_only,46,single_rater_weak
2025_09_15_Re4StRes_T1_DSV/IMG_3432.JPG,plot_ccacdc4234f806957f66,dsv_asendorf_t1_bbch11,/home/nfs/data/nvme_datasets/Pictures_CFSB_leaf_damage/2025_09_15_Re4StRes_T1_DSV/IMG_3432.JPG,4.0,2.0693888664245605,1.749961018562317,-0.31942781805992126,2.2500391006469727,1.9306111335754395,gold_only,46,single_rater_weak
2025_09_15_Re4StRes_T1_DSV/IMG_3433.JPG,plot_ccacdc4234f806957f66,dsv_asendorf_t1_bbch11,/home/nfs/data/nvme_datasets/Pictures_CFSB_leaf_damage/2025_09_15_Re4StRes_T1_DSV/IMG_3433.JPG,3.0,3.559316396713257,2.9604196548461914,-0.5988967418670654,0.039580345153808594,0.5593163967132568,gold_only,46,single_rater_weak
2025_09_15_Re4StRes_T1_DSV/IMG_3434.JPG,plot_ccacdc4234f806957f66,dsv_asendorf_t1_bbch11,/home/nfs/data/nvme_datasets/Pictures_CFSB_leaf_damage/2025_09_15_Re4StRes_T1_DSV/IMG_3434.JPG,6.0,3.477123260498047,3.5447323322296143,0.06760898232460022,2.4552676677703857,2.522876739501953,gold_only,46,single_rater_weak
2025_09_15_Re4StRes_T1_DSV/IMG_3435.JPG,plot_4af0822cb67388a1aa56,dsv_asendorf_t1_bbch11,/home/nfs/data/nvme_datasets/Pictures_CFSB_leaf_damage/2025_09_15_Re4StRes_T1_DSV/IMG_3435.JPG,6.0,1.9636359214782715,1.4818223714828491,-0.4818135201931,4.518177509307861,4.0363640785217285,gold_only,46,single_rater_weak
2025_09_15_Re4StRes_T1_DSV/IMG_3436.JPG,plot_4af0822cb67388a1aa56,dsv_asendorf_t1_bbch11,/home/nfs/data/nvme_datasets/Pictures_CFSB_leaf_damage/2025_09_15_Re4StRes_T1_DSV/IMG_3436.JPG,4.0,2.0665783882141113,1.5008964538574219,-0.5656819343566895,2.499103546142578,1.9334216117858887,gold_only,46,single_rater_weak
2025_09_15_Re4StRes_T1_DSV/IMG_3437.JPG,plot_4af0822cb67388a1aa56,dsv_asendorf_t1_bbch11,/home/nfs/data/nvme_datasets/Pictures_CFSB_leaf_damage/2025_09_15_Re4StRes_T1_DSV/IMG_3437.JPG,2.0,1.5529451370239258,0.9074296951293945,-0.6455154418945312,1.0925703048706055,0.4470548629760742,gold_only,46,single_rater_weak
2025_09_15_Re4StRes_T1_DSV/IMG_3438.JPG,plot_0683f47dd1c11c0ce769,dsv_asendorf_t1_bbch11,/home/nfs/data/nvme_datasets/Pictures_CFSB_leaf_damage/2025_09_15_Re4StRes_T1_DSV/IMG_3438.JPG,12.0,3.5578291416168213,3.4871037006378174,-0.07072551548480988,8.512896537780762,8.442171096801758,gold_only,46,single_rater_weak
2025_09_15_Re4StRes_T1_DSV/IMG_3439.JPG,plot_0683f47dd1c11c0ce769,dsv_asendorf_t1_bbch11,/home/nfs/data/nvme_datasets/Pictures_CFSB_leaf_damage/2025_09_15_Re4StRes_T1_DSV/IMG_3439.JPG,3.0,2.1883296966552734,1.9119614362716675,-0.27636823058128357,1.0880385637283325,0.8116703033447266,gold_only,46,single_rater_weak
2025_09_15_Re4StRes_T1_DSV/IMG_3440.JPG,plot_0683f47dd1c11c0ce769,dsv_asendorf_t1_bbch11,/home/nfs/data/nvme_datasets/Pictures_CFSB_leaf_damage/2025_09_15_Re4StRes_T1_DSV/IMG_3440.JPG,3.0,2.4092164039611816,2.3074581623077393,-0.1017581969499588,0.6925418376922607,0.5907835960388184,gold_only,46,single_rater_weak
2025_09_15_Re4StRes_T1_DSV/IMG_3441.JPG,plot_00a1f727b2710f3f49a2,dsv_asendorf_t1_bbch11,/home/nfs/data/nvme_datasets/Pictures_CFSB_leaf_damage/2025_09_15_Re4StRes_T1_DSV/IMG_3441.JPG,2.0,2.3213443756103516,2.132524251937866,-0.1888202279806137,0.1325242519378662,0.32134437561035156,gold_only,46,single_rater_weak
2025_09_15_Re4StRes_T1_DSV/IMG_3442.JPG,plot_00a1f727b2710f3f49a2,dsv_asendorf_t1_bbch11,/home/nfs/data/nvme_datasets/Pictures_CFSB_leaf_damage/2025_09_15_Re4StRes_T1_DSV/IMG_3442.JPG,6.0,2.084308624267578,1.9179954528808594,-0.16631323099136353,4.082004547119141,3.915691375732422,gold_only,46,single_rater_weak
2025_09_15_Re4StRes_T1_DSV/IMG_3443.JPG,plot_00a1f727b2710f3f49a2,dsv_asendorf_t1_bbch11,/home/nfs/data/nvme_datasets/Pictures_CFSB_leaf_damage/2025_09_15_Re4StRes_T1_DSV/IMG_3443.JPG,2.0,1.488431453704834,0.9340803027153015,-0.5543511509895325,1.0659196376800537,0.511568546295166,gold_only,46,single_rater_weak
2025_09_15_Re4StRes_T1_DSV/IMG_3444.JPG,plot_880523c6ba0634076207,dsv_asendorf_t1_bbch11,/home/nfs/data/nvme_datasets/Pictures_CFSB_leaf_damage/2025_09_15_Re4StRes_T1_DSV/IMG_3444.JPG,6.0,6.257329940795898,6.133158206939697,-0.12417158484458923,0.13315820693969727,0.25732994079589844,gold_only,46,single_rater_weak
2025_09_15_Re4StRes_T1_DSV/IMG_3445.JPG,plot_880523c6ba0634076207,dsv_asendorf_t1_bbch11,/home/nfs/data/nvme_datasets/Pictures_CFSB_leaf_damage/2025_09_15_Re4StRes_T1_DSV/IMG_3445.JPG,2.0,3.89266037940979,4.037659168243408,0.14499878883361816,2.037659168243408,1.89266037940979,gold_only,46,single_rater_weak
2025_09_15_Re4StRes_T1_DSV/IMG_3447.JPG,plot_880523c6ba0634076207,dsv_asendorf_t1_bbch11,/home/nfs/data/nvme_datasets/Pictures_CFSB_leaf_damage/2025_09_15_Re4StRes_T1_DSV/IMG_3447.JPG,3.0,7.997313976287842,7.89990234375,-0.0974118709564209,4.89990234375,4.997313976287842,gold_only,46,single_rater_weak
2025_09_15_Re4StRes_T1_DSV/IMG_3448.JPG,plot_a4ef3fe093cfc9f1b569,dsv_asendorf_t1_bbch11,/home/nfs/data/nvme_datasets/Pictures_CFSB_leaf_damage/2025_09_15_Re4StRes_T1_DSV/IMG_3448.JPG,7.0,2.43214750289917,2.1284947395324707,-0.30365264415740967,4.871505260467529,4.56785249710083,gold_only,46,single_rater_weak
2025_09_15_Re4StRes_T1_DSV/IMG_3449.JPG,plot_a4ef3fe093cfc9f1b569,dsv_asendorf_t1_bbch11,/home/nfs/data/nvme_datasets/Pictures_CFSB_leaf_damage/2025_09_15_Re4StRes_T1_DSV/IMG_3449.JPG,11.0,3.7094297409057617,3.319993257522583,-0.3894364833831787,7.680006980895996,7.290570259094238,gold_only,46,single_rater_weak
2025_09_15_Re4StRes_T1_DSV/IMG_3450.JPG,plot_a4ef3fe093cfc9f1b569,dsv_asendorf_t1_bbch11,/home/nfs/data/nvme_datasets/Pictures_CFSB_leaf_damage/2025_09_15_Re4StRes_T1_DSV/IMG_3450.JPG,3.0,9.346039772033691,9.199357986450195,-0.14668196439743042,6.199357986450195,6.346039772033691,gold_only,46,single_rater_weak
2025_09_15_Re4StRes_T1_DSV/IMG_3451.JPG,plot_0eea5d50cd3b95d1da1e,dsv_asendorf_t1_bbch11,/home/nfs/data/nvme_datasets/Pictures_CFSB_leaf_damage/2025_09_15_Re4StRes_T1_DSV/IMG_3451.JPG,4.0,3.814026117324829,3.387129068374634,-0.4268970787525177,0.6128709316253662,0.1859738826751709,gold_only,46,single_rater_weak
2025_09_15_Re4StRes_T1_DSV/IMG_3452.JPG,plot_0eea5d50cd3b95d1da1e,dsv_asendorf_t1_bbch11,/home/nfs/data/nvme_datasets/Pictures_CFSB_leaf_damage/2025_09_15_Re4StRes_T1_DSV/IMG_3452.JPG,1.0,3.0575222969055176,2.3654613494873047,-0.6920609474182129,1.3654613494873047,2.0575222969055176,gold_only,46,single_rater_weak
2025_09_15_Re4StRes_T1_DSV/IMG_3453.JPG,plot_0eea5d50cd3b95d1da1e,dsv_asendorf_t1_bbch11,/home/nfs/data/nvme_datasets/Pictures_CFSB_leaf_damage/2025_09_15_Re4StRes_T1_DSV/IMG_3453.JPG,4.0,1.3354287147521973,0.8026485443115234,-0.5327801704406738,3.1973514556884766,2.6645712852478027,gold_only,46,single_rater_weak
2025_09_15_Re4StRes_T1_DSV/IMG_3454.JPG,plot_26207204d59e6b292692,dsv_asendorf_t1_bbch11,/home/nfs/data/nvme_datasets/Pictures_CFSB_leaf_damage/2025_09_15_Re4StRes_T1_DSV/IMG_3454.JPG,1.0,2.3467960357666016,2.1424002647399902,-0.20439571142196655,1.1424002647399902,1.3467960357666016,gold_only,46,single_rater_weak
2025_09_15_Re4StRes_T1_DSV/IMG_3455.JPG,plot_26207204d59e6b292692,dsv_asendorf_t1_bbch11,/home/nfs/data/nvme_datasets/Pictures_CFSB_leaf_damage/2025_09_15_Re4StRes_T1_DSV/IMG_3455.JPG,3.0,2.6755170822143555,2.007471799850464,-0.6680452823638916,0.9925282001495361,0.32448291778564453,gold_only,46,single_rater_weak
2025_09_15_Re4StRes_T1_DSV/IMG_3456.JPG,plot_26207204d59e6b292692,dsv_asendorf_t1_bbch11,/home/nfs/data/nvme_datasets/Pictures_CFSB_leaf_damage/2025_09_15_Re4StRes_T1_DSV/IMG_3456.JPG,2.0,1.0022993087768555,0.5493610501289368,-0.4529382586479187,1.450639009475708,0.9977006912231445,gold_only,46,single_rater_weak
