filename,plot_group_id,cohort_id,source_path,target,base_prediction,prediction,residual,absolute_error,base_absolute_error,arm,seed,label_quality
2025_10_07_RSFB-Phenotyping_WG1_JLU/2025_10_07_RSFB-Phenotyping_WG1_JLU/20251007_122629.jpg,plot_f40cb1f676f8e783138c,wg_insects_t1_bbch10,/home/nfs/data/nvme_datasets/Pictures_CFSB_leaf_damage/2025_10_07_RSFB-Phenotyping_WG1_JLU/2025_10_07_RSFB-Phenotyping_WG1_JLU/20251007_122629.jpg,2.0,9.463201522827148,10.466368675231934,1.0031675100326538,8.466368675231934,7.463201522827148,gold_only,43,single_rater_weak
2025_10_07_RSFB-Phenotyping_WG1_JLU/2025_10_07_RSFB-Phenotyping_WG1_JLU/20251007_122640.jpg,plot_f40cb1f676f8e783138c,wg_insects_t1_bbch10,/home/nfs/data/nvme_datasets/Pictures_CFSB_leaf_damage/2025_10_07_RSFB-Phenotyping_WG1_JLU/2025_10_07_RSFB-Phenotyping_WG1_JLU/20251007_122640.jpg,1.0,8.582976341247559,9.041669845581055,0.4586936831474304,8.041669845581055,7.582976341247559,gold_only,43,single_rater_weak
2025_10_07_RSFB-Phenotyping_WG1_JLU/2025_10_07_RSFB-Phenotyping_WG1_JLU/20251007_122700.jpg,plot_f40cb1f676f8e783138c,wg_insects_t1_bbch10,/home/nfs/data/nvme_datasets/Pictures_CFSB_leaf_damage/2025_10_07_RSFB-Phenotyping_WG1_JLU/2025_10_07_RSFB-Phenotyping_WG1_JLU/20251007_122700.jpg,1.0,7.462533950805664,7.748388290405273,0.2858544588088989,6.748388290405273,6.462533950805664,gold_only,43,single_rater_weak
2025_10_07_RSFB-Phenotyping_WG1_JLU/2025_10_07_RSFB-Phenotyping_WG1_JLU/20251007_122749.jpg,plot_40ad64adc4707d38372d,wg_insects_t1_bbch10,/home/nfs/data/nvme_datasets/Pictures_CFSB_leaf_damage/2025_10_07_RSFB-Phenotyping_WG1_JLU/2025_10_07_RSFB-Phenotyping_WG1_JLU/20251007_122749.jpg,1.0,3.9573452472686768,3.9476571083068848,-0.009688159450888634,2.9476571083068848,2.9573452472686768,gold_only,43,single_rater_weak
2025_10_07_RSFB-Phenotyping_WG1_JLU/2025_10_07_RSFB-Phenotyping_WG1_JLU/20251007_122806.jpg,plot_40ad64adc4707d38372d,wg_insects_t1_bbch10,/home/nfs/data/nvme_datasets/Pictures_CFSB_leaf_damage/2025_10_07_RSFB-Phenotyping_WG1_JLU/2025_10_07_RSFB-Phenotyping_WG1_JLU/20251007_122806.jpg,1.0,4.941876411437988,4.8005051612854,-0.1413714587688446,3.8005051612854004,3.9418764114379883,gold_only,43,single_rater_weak
2025_10_07_RSFB-Phenotyping_WG1_JLU/2025_10_07_RSFB-Phenotyping_WG1_JLU/20251007_122816.jpg,plot_40ad64adc4707d38372d,wg_insects_t1_bbch10,/home/nfs/data/nvme_datasets/Pictures_CFSB_leaf_damage/2025_10_07_RSFB-Phenotyping_WG1_JLU/2025_10_07_RSFB-Phenotyping_WG1_JLU/20251007_122816.jpg,1.0,4.886032581329346,4.950673580169678,0.06464102864265442,3.9506735801696777,3.8860325813293457,gold_only,43,single_rater_weak
2025_10_07_RSFB-Phenotyping_WG1_JLU/2025_10_07_RSFB-Phenotyping_WG1_JLU/20251007_122850.jpg,plot_5d8c28537e9ed8edc276,wg_insects_t1_bbch10,/home/nfs/data/nvme_datasets/Pictures_CFSB_leaf_damage/2025_10_07_RSFB-Phenotyping_WG1_JLU/2025_10_07_RSFB-Phenotyping_WG1_JLU/20251007_122850.jpg,1.0,9.546195983886719,10.471549034118652,0.9253532290458679,9.471549034118652,8.546195983886719,gold_only,43,single_rater_weak
2025_10_07_RSFB-Phenotyping_WG1_JLU/2025_10_07_RSFB-Phenotyping_WG1_JLU/20251007_122901.jpg,plot_5d8c28537e9ed8edc276,wg_insects_t1_bbch10,/home/nfs/data/nvme_datasets/Pictures_CFSB_leaf_damage/2025_10_07_RSFB-Phenotyping_WG1_JLU/2025_10_07_RSFB-Phenotyping_WG1_JLU/20251007_122901.jpg,1.0,4.711386680603027,5.38106107711792,0.6696742177009583,4.38106107711792,3.7113866806030273,gold_only,43,single_rater_weak
2025_10_07_RSFB-Phenotyping_WG1_JLU/2025_10_07_RSFB-Phenotyping_WG1_JLU/20251007_122909.jpg,plot_5d8c28537e9ed8edc276,wg_insects_t1_bbch10,/home/nfs/data/nvme_datasets/Pictures_CFSB_leaf_damage/2025_10_07_RSFB-Phenotyping_WG1_JLU/2025_10_07_RSFB-Phenotyping_WG1_JLU/20251007_122909.jpg,1.0,3.7766835689544678,3.9934794902801514,0.21679583191871643,2.9934794902801514,2.7766835689544678,gold_only,43,single_rater_weak
2025_10_07_RSFB-Phenotyping_WG1_JLU/2025_10_07_RSFB-Phenotyping_WG1_JLU/20251007_122945.jpg,plot_bd0a7566e5e86586893c,wg_insects_t1_bbch10,/home/nfs/data/nvme_datasets/Pictures_CFSB_leaf_damage/2025_10_07_RSFB-Phenotyping_WG1_JLU/2025_10_07_RSFB-Phenotyping_WG1_JLU/20251007_122945.jpg,3.0,8.110058784484863,8.398648262023926,0.2885892391204834,5.398648262023926,5.110058784484863,gold_only,43,single_rater_weak
2025_10_07_RSFB-Phenotyping_WG1_JLU/2025_10_07_RSFB-Phenotyping_WG1_JLU/20251007_122956.jpg,plot_bd0a7566e5e86586893c,wg_insects_t1_bbch10,/home/nfs/data/nvme_datasets/Pictures_CFSB_leaf_damage/2025_10_07_RSFB-Phenotyping_WG1_JLU/2025_10_07_RSFB-Phenotyping_WG1_JLU/20251007_122956.jpg,2.0,5.406789779663086,5.723448276519775,0.3166583180427551,3.7234482765197754,3.406789779663086,gold_only,43,single_rater_weak
2025_10_07_RSFB-Phenotyping_WG1_JLU/2025_10_07_RSFB-Phenotyping_WG1_JLU/20251007_123006.jpg,plot_bd0a7566e5e86586893c,wg_insects_t1_bbch10,/home/nfs/data/nvme_datasets/Pictures_CFSB_leaf_damage/2025_10_07_RSFB-Phenotyping_WG1_JLU/2025_10_07_RSFB-Phenotyping_WG1_JLU/20251007_123006.jpg,2.0,3.756744623184204,3.7872743606567383,0.03052973933517933,1.7872743606567383,1.756744623184204,gold_only,43,single_rater_weak
2025_10_07_RSFB-Phenotyping_WG1_JLU/2025_10_07_RSFB-Phenotyping_WG1_JLU/20251007_123042.jpg,plot_826c6bb776afe3a3aa1a,wg_insects_t1_bbch10,/home/nfs/data/nvme_datasets/Pictures_CFSB_leaf_damage/2025_10_07_RSFB-Phenotyping_WG1_JLU/2025_10_07_RSFB-Phenotyping_WG1_JLU/20251007_123042.jpg,12.0,4.047458648681641,4.809050559997559,0.761591911315918,7.190949440002441,7.952541351318359,gold_only,43,single_rater_weak
2025_10_07_RSFB-Phenotyping_WG1_JLU/2025_10_07_RSFB-Phenotyping_WG1_JLU/20251007_123053.jpg,plot_826c6bb776afe3a3aa1a,wg_insects_t1_bbch10,/home/nfs/data/nvme_datasets/Pictures_CFSB_leaf_damage/2025_10_07_RSFB-Phenotyping_WG1_JLU/2025_10_07_RSFB-Phenotyping_WG1_JLU/20251007_123053.jpg,3.0,5.040009498596191,6.137186050415039,1.0971763134002686,3.137186050415039,2.0400094985961914,gold_only,43,single_rater_weak
2025_10_07_RSFB-Phenotyping_WG1_JLU/2025_10_07_RSFB-Phenotyping_WG1_JLU/20251007_123103.jpg,plot_826c6bb776afe3a3aa1a,wg_insects_t1_bbch10,/home/nfs/data/nvme_datasets/Pictures_CFSB_leaf_damage/2025_10_07_RSFB-Phenotyping_WG1_JLU/2025_10_07_RSFB-Phenotyping_WG1_JLU/20251007_123103.jpg,2.0,3.7741336822509766,4.962522029876709,1.1883882284164429,2.962522029876709,1.7741336822509766,gold_only,43,single_rater_weak
2025_10_07_RSFB-Phenotyping_WG1_JLU/2025_10_07_RSFB-Phenotyping_WG1_JLU/20251007_123132.jpg,plot_8f57ef6ca5343df62792,wg_insects_t1_bbch10,/home/nfs/data/nvme_datasets/Pictures_CFSB_leaf_damage/2025_10_07_RSFB-Phenotyping_WG1_JLU/2025_10_07_RSFB-Phenotyping_WG1_JLU/20251007_123132.jpg,3.0,3.4400110244750977,3.8491034507751465,0.4090923070907593,0.8491034507751465,0.44001102447509766,gold_only,43,single_rater_weak
2025_10_07_RSFB-Phenotyping_WG1_JLU/2025_10_07_RSFB-Phenotyping_WG1_JLU/20251007_123140.jpg,plot_8f57ef6ca5343df62792,wg_insects_t1_bbch10,/home/nfs/data/nvme_datasets/Pictures_CFSB_leaf_damage/2025_10_07_RSFB-Phenotyping_WG1_JLU/2025_10_07_RSFB-Phenotyping_WG1_JLU/20251007_123140.jpg,3.0,3.3102731704711914,3.442551851272583,0.13227860629558563,0.442551851272583,0.3102731704711914,gold_only,43,single_rater_weak
2025_10_07_RSFB-Phenotyping_WG1_JLU/2025_10_07_RSFB-Phenotyping_WG1_JLU/20251007_123150.jpg,plot_8f57ef6ca5343df62792,wg_insects_t1_bbch10,/home/nfs/data/nvme_datasets/Pictures_CFSB_leaf_damage/2025_10_07_RSFB-Phenotyping_WG1_JLU/2025_10_07_RSFB-Phenotyping_WG1_JLU/20251007_123150.jpg,2.0,2.7717647552490234,3.2759475708007812,0.5041829347610474,1.2759475708007812,0.7717647552490234,gold_only,43,single_rater_weak
2025_10_07_RSFB-Phenotyping_WG1_JLU/2025_10_07_RSFB-Phenotyping_WG1_JLU/20251007_123236.jpg,plot_cc93e237486bf58ced80,wg_insects_t1_bbch10,/home/nfs/data/nvme_datasets/Pictures_CFSB_leaf_damage/2025_10_07_RSFB-Phenotyping_WG1_JLU/2025_10_07_RSFB-Phenotyping_WG1_JLU/20251007_123236.jpg,10.0,5.070975303649902,5.407336235046387,0.3363610506057739,4.592663764953613,4.929024696350098,gold_only,43,single_rater_weak
2025_10_07_RSFB-Phenotyping_WG1_JLU/2025_10_07_RSFB-Phenotyping_WG1_JLU/20251007_123243.jpg,plot_cc93e237486bf58ced80,wg_insects_t1_bbch10,/home/nfs/data/nvme_datasets/Pictures_CFSB_leaf_damage/2025_10_07_RSFB-Phenotyping_WG1_JLU/2025_10_07_RSFB-Phenotyping_WG1_JLU/20251007_123243.jpg,25.0,3.971484899520874,4.519670009613037,0.5481852889060974,20.480329513549805,21.028514862060547,gold_only,43,single_rater_weak
2025_10_07_RSFB-Phenotyping_WG1_JLU/2025_10_07_RSFB-Phenotyping_WG1_JLU/20251007_123255.jpg,plot_cc93e237486bf58ced80,wg_insects_t1_bbch10,/home/nfs/data/nvme_datasets/Pictures_CFSB_leaf_damage/2025_10_07_RSFB-Phenotyping_WG1_JLU/2025_10_07_RSFB-Phenotyping_WG1_JLU/20251007_123255.jpg,20.0,3.5570333003997803,4.033285617828369,0.4762522876262665,15.966714859008789,16.44296646118164,gold_only,43,single_rater_weak
2025_10_07_RSFB-Phenotyping_WG1_JLU/2025_10_07_RSFB-Phenotyping_WG1_JLU/20251007_123335.jpg,plot_32e70d34f4a0e0fb8137,wg_insects_t1_bbch10,/home/nfs/data/nvme_datasets/Pictures_CFSB_leaf_damage/2025_10_07_RSFB-Phenotyping_WG1_JLU/2025_10_07_RSFB-Phenotyping_WG1_JLU/20251007_123335.jpg,15.0,4.536552429199219,5.272496700286865,0.7359444499015808,9.727502822875977,10.463447570800781,gold_only,43,single_rater_weak
2025_10_07_RSFB-Phenotyping_WG1_JLU/2025_10_07_RSFB-Phenotyping_WG1_JLU/20251007_123345.jpg,plot_32e70d34f4a0e0fb8137,wg_insects_t1_bbch10,/home/nfs/data/nvme_datasets/Pictures_CFSB_leaf_damage/2025_10_07_RSFB-Phenotyping_WG1_JLU/2025_10_07_RSFB-Phenotyping_WG1_JLU/20251007_123345.jpg,12.0,3.1982264518737793,3.353677272796631,0.15545082092285156,8.646322250366211,8.801773071289062,gold_only,43,single_rater_weak
2025_10_07_RSFB-Phenotyping_WG1_JLU/2025_10_07_RSFB-Phenotyping_WG1_JLU/20251007_123354.jpg,plot_32e70d34f4a0e0fb8137,wg_insects_t1_bbch10,/home/nfs/data/nvme_datasets/Pictures_CFSB_leaf_damage/2025_10_07_RSFB-Phenotyping_WG1_JLU/2025_10_07_RSFB-Phenotyping_WG1_JLU/20251007_123354.jpg,3.0,6.068032264709473,6.939820289611816,0.8717882633209229,3.9398202896118164,3.0680322647094727,gold_only,43,single_rater_weak
2025_10_07_RSFB-Phenotyping_WG1_JLU/2025_10_07_RSFB-Phenotyping_WG1_JLU/20251007_123430.jpg,plot_5376d6ca9264ae701f00,wg_insects_t1_bbch10,/home/nfs/data/nvme_datasets/Pictures_CFSB_leaf_damage/2025_10_07_RSFB-Phenotyping_WG1_JLU/2025_10_07_RSFB-Phenotyping_WG1_JLU/20251007_123430.jpg,5.0,3.534472703933716,3.7621026039123535,0.22762982547283173,1.2378973960876465,1.4655272960662842,gold_only,43,single_rater_weak
2025_10_07_RSFB-Phenotyping_WG1_JLU/2025_10_07_RSFB-Phenotyping_WG1_JLU/20251007_123439.jpg,plot_5376d6ca9264ae701f00,wg_insects_t1_bbch10,/home/nfs/data/nvme_datasets/Pictures_CFSB_leaf_damage/2025_10_07_RSFB-Phenotyping_WG1_JLU/2025_10_07_RSFB-Phenotyping_WG1_JLU/20251007_123439.jpg,25.0,5.025618553161621,6.025023460388184,0.999404788017273,18.9749755859375,19.974380493164062,gold_only,43,single_rater_weak
2025_10_07_RSFB-Phenotyping_WG1_JLU/2025_10_07_RSFB-Phenotyping_WG1_JLU/20251007_123447.jpg,plot_5376d6ca9264ae701f00,wg_insects_t1_bbch10,/home/nfs/data/nvme_datasets/Pictures_CFSB_leaf_damage/2025_10_07_RSFB-Phenotyping_WG1_JLU/2025_10_07_RSFB-Phenotyping_WG1_JLU/20251007_123447.jpg,13.0,3.3851888179779053,4.112887382507324,0.727698802947998,8.887112617492676,9.614810943603516,gold_only,43,single_rater_weak
2025_10_07_RSFB-Phenotyping_WG1_JLU/2025_10_07_RSFB-Phenotyping_WG1_JLU/20251007_123532.jpg,plot_d5f098880d5fe99c5c45,wg_insects_t1_bbch10,/home/nfs/data/nvme_datasets/Pictures_CFSB_leaf_damage/2025_10_07_RSFB-Phenotyping_WG1_JLU/2025_10_07_RSFB-Phenotyping_WG1_JLU/20251007_123532.jpg,20.0,3.4544196128845215,4.618908405303955,1.1644887924194336,15.381092071533203,16.54557991027832,gold_only,43,single_rater_weak
2025_10_07_RSFB-Phenotyping_WG1_JLU/2025_10_07_RSFB-Phenotyping_WG1_JLU/20251007_123539.jpg,plot_d5f098880d5fe99c5c45,wg_insects_t1_bbch10,/home/nfs/data/nvme_datasets/Pictures_CFSB_leaf_damage/2025_10_07_RSFB-Phenotyping_WG1_JLU/2025_10_07_RSFB-Phenotyping_WG1_JLU/20251007_123539.jpg,12.0,2.321375846862793,3.3141961097717285,0.992820143699646,8.68580436706543,9.678624153137207,gold_only,43,single_rater_weak
2025_10_07_RSFB-Phenotyping_WG1_JLU/2025_10_07_RSFB-Phenotyping_WG1_JLU/20251007_123547.jpg,plot_d5f098880d5fe99c5c45,wg_insects_t1_bbch10,/home/nfs/data/nvme_datasets/Pictures_CFSB_leaf_damage/2025_10_07_RSFB-Phenotyping_WG1_JLU/2025_10_07_RSFB-Phenotyping_WG1_JLU/20251007_123547.jpg,13.0,3.311077117919922,3.573958396911621,0.2628813683986664,9.426041603088379,9.688922882080078,gold_only,43,single_rater_weak
2025_10_07_RSFB-Phenotyping_WG1_JLU/2025_10_07_RSFB-Phenotyping_WG1_JLU/20251007_123909.jpg,plot_ce610e311fd3804fd70f,wg_insects_t1_bbch10,/home/nfs/data/nvme_datasets/Pictures_CFSB_leaf_damage/2025_10_07_RSFB-Phenotyping_WG1_JLU/2025_10_07_RSFB-Phenotyping_WG1_JLU/20251007_123909.jpg,11.0,4.964158058166504,6.107992649078369,1.1438344717025757,4.892007350921631,6.035841941833496,gold_only,43,single_rater_weak
2025_10_07_RSFB-Phenotyping_WG1_JLU/2025_10_07_RSFB-Phenotyping_WG1_JLU/20251007_123914.jpg,plot_ce610e311fd3804fd70f,wg_insects_t1_bbch10,/home/nfs/data/nvme_datasets/Pictures_CFSB_leaf_damage/2025_10_07_RSFB-Phenotyping_WG1_JLU/2025_10_07_RSFB-Phenotyping_WG1_JLU/20251007_123914.jpg,20.0,9.381425857543945,10.27586555480957,0.8944401741027832,9.72413444519043,10.618574142456055,gold_only,43,single_rater_weak
2025_10_07_RSFB-Phenotyping_WG1_JLU/2025_10_07_RSFB-Phenotyping_WG1_JLU/20251007_123921.jpg,plot_ce610e311fd3804fd70f,wg_insects_t1_bbch10,/home/nfs/data/nvme_datasets/Pictures_CFSB_leaf_damage/2025_10_07_RSFB-Phenotyping_WG1_JLU/2025_10_07_RSFB-Phenotyping_WG1_JLU/20251007_123921.jpg,30.0,4.31261682510376,5.134965896606445,0.8223490715026855,24.865034103393555,25.6873836517334,gold_only,43,single_rater_weak
2025_10_07_RSFB-Phenotyping_WG1_JLU/2025_10_07_RSFB-Phenotyping_WG1_JLU/20251007_124014.jpg,plot_36dd18c100e387b80070,wg_insects_t1_bbch10,/home/nfs/data/nvme_datasets/Pictures_CFSB_leaf_damage/2025_10_07_RSFB-Phenotyping_WG1_JLU/2025_10_07_RSFB-Phenotyping_WG1_JLU/20251007_124014.jpg,15.0,3.4827702045440674,3.454408884048462,-0.028361238539218903,11.545591354370117,11.517230033874512,gold_only,43,single_rater_weak
2025_10_07_RSFB-Phenotyping_WG1_JLU/2025_10_07_RSFB-Phenotyping_WG1_JLU/20251007_124022.jpg,plot_36dd18c100e387b80070,wg_insects_t1_bbch10,/home/nfs/data/nvme_datasets/Pictures_CFSB_leaf_damage/2025_10_07_RSFB-Phenotyping_WG1_JLU/2025_10_07_RSFB-Phenotyping_WG1_JLU/20251007_124022.jpg,8.0,2.8534040451049805,2.611525058746338,-0.24187904596328735,5.388474941253662,5.1465959548950195,gold_only,43,single_rater_weak
2025_10_07_RSFB-Phenotyping_WG1_JLU/2025_10_07_RSFB-Phenotyping_WG1_JLU/20251007_124030.jpg,plot_36dd18c100e387b80070,wg_insects_t1_bbch10,/home/nfs/data/nvme_datasets/Pictures_CFSB_leaf_damage/2025_10_07_RSFB-Phenotyping_WG1_JLU/2025_10_07_RSFB-Phenotyping_WG1_JLU/20251007_124030.jpg,16.0,2.6281394958496094,2.3132529258728027,-0.31488651037216187,13.686746597290039,13.37186050415039,gold_only,43,single_rater_weak
2025_10_07_RSFB-Phenotyping_WG1_JLU/2025_10_07_RSFB-Phenotyping_WG1_JLU/20251007_124053.jpg,plot_889f7fb2862c28cdffc0,wg_insects_t1_bbch10,/home/nfs/data/nvme_datasets/Pictures_CFSB_leaf_damage/2025_10_07_RSFB-Phenotyping_WG1_JLU/2025_10_07_RSFB-Phenotyping_WG1_JLU/20251007_124053.jpg,23.0,5.3067169189453125,5.498404026031494,0.19168703258037567,17.501596450805664,17.693283081054688,gold_only,43,single_rater_weak
2025_10_07_RSFB-Phenotyping_WG1_JLU/2025_10_07_RSFB-Phenotyping_WG1_JLU/20251007_124059.jpg,plot_889f7fb2862c28cdffc0,wg_insects_t1_bbch10,/home/nfs/data/nvme_datasets/Pictures_CFSB_leaf_damage/2025_10_07_RSFB-Phenotyping_WG1_JLU/2025_10_07_RSFB-Phenotyping_WG1_JLU/20251007_124059.jpg,18.0,3.7989397048950195,3.709671974182129,-0.089267797768116,14.290328025817871,14.20106029510498,gold_only,43,single_rater_weak
2025_10_07_RSFB-Phenotyping_WG1_JLU/2025_10_07_RSFB-Phenotyping_WG1_JLU/20251007_124105.jpg,plot_889f7fb2862c28cdffc0,wg_insects_t1_bbch10,/home/nfs/data/nvme_datasets/Pictures_CFSB_leaf_damage/2025_10_07_RSFB-Phenotyping_WG1_JLU/2025_10_07_RSFB-Phenotyping_WG1_JLU/20251007_124105.jpg,16.0,2.2455992698669434,3.566303014755249,1.3207037448883057,12.433696746826172,13.754400253295898,gold_only,43,single_rater_weak
2025_10_07_RSFB-Phenotyping_WG1_JLU/2025_10_07_RSFB-Phenotyping_WG1_JLU/20251007_124124.jpg,plot_23b2c1fc8e3b2e0f4a47,wg_insects_t1_bbch10,/home/nfs/data/nvme_datasets/Pictures_CFSB_leaf_damage/2025_10_07_RSFB-Phenotyping_WG1_JLU/2025_10_07_RSFB-Phenotyping_WG1_JLU/20251007_124124.jpg,12.0,6.795008659362793,7.90855598449707,1.1135472059249878,4.09144401550293,5.204991340637207,gold_only,43,single_rater_weak
2025_10_07_RSFB-Phenotyping_WG1_JLU/2025_10_07_RSFB-Phenotyping_WG1_JLU/20251007_124129.jpg,plot_23b2c1fc8e3b2e0f4a47,wg_insects_t1_bbch10,/home/nfs/data/nvme_datasets/Pictures_CFSB_leaf_damage/2025_10_07_RSFB-Phenotyping_WG1_JLU/2025_10_07_RSFB-Phenotyping_WG1_JLU/20251007_124129.jpg,14.0,3.328845500946045,3.527139663696289,0.1982942819595337,10.472860336303711,10.671154022216797,gold_only,43,single_rater_weak
2025_10_07_RSFB-Phenotyping_WG1_JLU/2025_10_07_RSFB-Phenotyping_WG1_JLU/20251007_124137.jpg,plot_23b2c1fc8e3b2e0f4a47,wg_insects_t1_bbch10,/home/nfs/data/nvme_datasets/Pictures_CFSB_leaf_damage/2025_10_07_RSFB-Phenotyping_WG1_JLU/2025_10_07_RSFB-Phenotyping_WG1_JLU/20251007_124137.jpg,10.0,2.8852286338806152,3.2395896911621094,0.3543609380722046,6.760410308837891,7.114771366119385,gold_only,43,single_rater_weak
2025_10_07_RSFB-Phenotyping_WG1_JLU/2025_10_07_RSFB-Phenotyping_WG1_JLU/20251007_124155.jpg,plot_ffa55cfddd27e01d2d64,wg_insects_t1_bbch10,/home/nfs/data/nvme_datasets/Pictures_CFSB_leaf_damage/2025_10_07_RSFB-Phenotyping_WG1_JLU/2025_10_07_RSFB-Phenotyping_WG1_JLU/20251007_124155.jpg,13.0,2.1790571212768555,2.9106874465942383,0.7316304445266724,10.089312553405762,10.820942878723145,gold_only,43,single_rater_weak
2025_10_07_RSFB-Phenotyping_WG1_JLU/2025_10_07_RSFB-Phenotyping_WG1_JLU/20251007_124201.jpg,plot_ffa55cfddd27e01d2d64,wg_insects_t1_bbch10,/home/nfs/data/nvme_datasets/Pictures_CFSB_leaf_damage/2025_10_07_RSFB-Phenotyping_WG1_JLU/2025_10_07_RSFB-Phenotyping_WG1_JLU/20251007_124201.jpg,12.0,3.7245934009552,3.8839528560638428,0.15935955941677094,8.116046905517578,8.275406837463379,gold_only,43,single_rater_weak
2025_10_07_RSFB-Phenotyping_WG1_JLU/2025_10_07_RSFB-Phenotyping_WG1_JLU/20251007_124209.jpg,plot_ffa55cfddd27e01d2d64,wg_insects_t1_bbch10,/home/nfs/data/nvme_datasets/Pictures_CFSB_leaf_damage/2025_10_07_RSFB-Phenotyping_WG1_JLU/2025_10_07_RSFB-Phenotyping_WG1_JLU/20251007_124209.jpg,10.0,3.0835304260253906,3.1652190685272217,0.08168856799602509,6.834780693054199,6.916469573974609,gold_only,43,single_rater_weak
2025_10_07_RSFB-Phenotyping_WG1_JLU/2025_10_07_RSFB-Phenotyping_WG1_JLU/20251007_124230.jpg,plot_aa5da56c4ff5909660ca,wg_insects_t1_bbch10,/home/nfs/data/nvme_datasets/Pictures_CFSB_leaf_damage/2025_10_07_RSFB-Phenotyping_WG1_JLU/2025_10_07_RSFB-Phenotyping_WG1_JLU/20251007_124230.jpg,28.0,3.2433133125305176,3.7609469890594482,0.5176336765289307,24.23905372619629,24.75668716430664,gold_only,43,single_rater_weak
2025_10_07_RSFB-Phenotyping_WG1_JLU/2025_10_07_RSFB-Phenotyping_WG1_JLU/20251007_124238.jpg,plot_aa5da56c4ff5909660ca,wg_insects_t1_bbch10,/home/nfs/data/nvme_datasets/Pictures_CFSB_leaf_damage/2025_10_07_RSFB-Phenotyping_WG1_JLU/2025_10_07_RSFB-Phenotyping_WG1_JLU/20251007_124238.jpg,16.0,2.591799259185791,3.419818878173828,0.8280196189880371,12.580181121826172,13.408201217651367,gold_only,43,single_rater_weak
2025_10_07_RSFB-Phenotyping_WG1_JLU/2025_10_07_RSFB-Phenotyping_WG1_JLU/20251007_124243.jpg,plot_aa5da56c4ff5909660ca,wg_insects_t1_bbch10,/home/nfs/data/nvme_datasets/Pictures_CFSB_leaf_damage/2025_10_07_RSFB-Phenotyping_WG1_JLU/2025_10_07_RSFB-Phenotyping_WG1_JLU/20251007_124243.jpg,12.0,2.447098731994629,2.934126377105713,0.48702773451805115,9.065874099731445,9.552901268005371,gold_only,43,single_rater_weak
2025_10_07_RSFB-Phenotyping_WG1_JLU/2025_10_07_RSFB-Phenotyping_WG1_JLU/20251007_124300.jpg,plot_35efb5a57785c98bb5f9,wg_insects_t1_bbch10,/home/nfs/data/nvme_datasets/Pictures_CFSB_leaf_damage/2025_10_07_RSFB-Phenotyping_WG1_JLU/2025_10_07_RSFB-Phenotyping_WG1_JLU/20251007_124300.jpg,12.0,3.4735465049743652,4.552124977111816,1.078578233718872,7.447875022888184,8.526453018188477,gold_only,43,single_rater_weak
2025_10_07_RSFB-Phenotyping_WG1_JLU/2025_10_07_RSFB-Phenotyping_WG1_JLU/20251007_124307.jpg,plot_35efb5a57785c98bb5f9,wg_insects_t1_bbch10,/home/nfs/data/nvme_datasets/Pictures_CFSB_leaf_damage/2025_10_07_RSFB-Phenotyping_WG1_JLU/2025_10_07_RSFB-Phenotyping_WG1_JLU/20251007_124307.jpg,18.0,3.440424919128418,4.004790306091309,0.5643656253814697,13.995209693908691,14.559575080871582,gold_only,43,single_rater_weak
2025_10_07_RSFB-Phenotyping_WG1_JLU/2025_10_07_RSFB-Phenotyping_WG1_JLU/20251007_124313.jpg,plot_35efb5a57785c98bb5f9,wg_insects_t1_bbch10,/home/nfs/data/nvme_datasets/Pictures_CFSB_leaf_damage/2025_10_07_RSFB-Phenotyping_WG1_JLU/2025_10_07_RSFB-Phenotyping_WG1_JLU/20251007_124313.jpg,8.0,2.8413777351379395,2.739133834838867,-0.10224395245313644,5.260866165161133,5.1586222648620605,gold_only,43,single_rater_weak
2025_10_07_RSFB-Phenotyping_WG1_JLU/2025_10_07_RSFB-Phenotyping_WG1_JLU/20251007_124330.jpg,plot_4a2b6d595624fca09293,wg_insects_t1_bbch10,/home/nfs/data/nvme_datasets/Pictures_CFSB_leaf_damage/2025_10_07_RSFB-Phenotyping_WG1_JLU/2025_10_07_RSFB-Phenotyping_WG1_JLU/20251007_124330.jpg,10.0,2.5948476791381836,3.126441478729248,0.531593918800354,6.873558521270752,7.405152320861816,gold_only,43,single_rater_weak
2025_10_07_RSFB-Phenotyping_WG1_JLU/2025_10_07_RSFB-Phenotyping_WG1_JLU/20251007_124338.jpg,plot_4a2b6d595624fca09293,wg_insects_t1_bbch10,/home/nfs/data/nvme_datasets/Pictures_CFSB_leaf_damage/2025_10_07_RSFB-Phenotyping_WG1_JLU/2025_10_07_RSFB-Phenotyping_WG1_JLU/20251007_124338.jpg,4.0,3.518507480621338,3.402035713195801,-0.11647167801856995,0.5979642868041992,0.4814925193786621,gold_only,43,single_rater_weak
2025_10_07_RSFB-Phenotyping_WG1_JLU/2025_10_07_RSFB-Phenotyping_WG1_JLU/20251007_124344.jpg,plot_4a2b6d595624fca09293,wg_insects_t1_bbch10,/home/nfs/data/nvme_datasets/Pictures_CFSB_leaf_damage/2025_10_07_RSFB-Phenotyping_WG1_JLU/2025_10_07_RSFB-Phenotyping_WG1_JLU/20251007_124344.jpg,11.0,3.096172332763672,3.750641345977783,0.6544688940048218,7.249358654022217,7.903827667236328,gold_only,43,single_rater_weak
2025_10_07_RSFB-Phenotyping_WG1_JLU/2025_10_07_RSFB-Phenotyping_WG1_JLU/20251007_124402.jpg,plot_ad7477c4df0f7a524ad1,wg_insects_t1_bbch10,/home/nfs/data/nvme_datasets/Pictures_CFSB_leaf_damage/2025_10_07_RSFB-Phenotyping_WG1_JLU/2025_10_07_RSFB-Phenotyping_WG1_JLU/20251007_124402.jpg,12.0,2.711087703704834,3.2785520553588867,0.567464292049408,8.721447944641113,9.288911819458008,gold_only,43,single_rater_weak
2025_10_07_RSFB-Phenotyping_WG1_JLU/2025_10_07_RSFB-Phenotyping_WG1_JLU/20251007_124409.jpg,plot_ad7477c4df0f7a524ad1,wg_insects_t1_bbch10,/home/nfs/data/nvme_datasets/Pictures_CFSB_leaf_damage/2025_10_07_RSFB-Phenotyping_WG1_JLU/2025_10_07_RSFB-Phenotyping_WG1_JLU/20251007_124409.jpg,10.0,3.159029483795166,3.2415969371795654,0.08256734907627106,6.7584028244018555,6.840970516204834,gold_only,43,single_rater_weak
2025_10_07_RSFB-Phenotyping_WG1_JLU/2025_10_07_RSFB-Phenotyping_WG1_JLU/20251007_124415.jpg,plot_ad7477c4df0f7a524ad1,wg_insects_t1_bbch10,/home/nfs/data/nvme_datasets/Pictures_CFSB_leaf_damage/2025_10_07_RSFB-Phenotyping_WG1_JLU/2025_10_07_RSFB-Phenotyping_WG1_JLU/20251007_124415.jpg,8.0,3.725750684738159,3.9155611991882324,0.18981041014194489,4.084438800811768,4.274249076843262,gold_only,43,single_rater_weak
2025_10_07_RSFB-Phenotyping_WG1_JLU/2025_10_07_RSFB-Phenotyping_WG1_JLU/20251007_124434.jpg,plot_f84b4c2802871c1b5e0f,wg_insects_t1_bbch10,/home/nfs/data/nvme_datasets/Pictures_CFSB_leaf_damage/2025_10_07_RSFB-Phenotyping_WG1_JLU/2025_10_07_RSFB-Phenotyping_WG1_JLU/20251007_124434.jpg,12.0,2.850200653076172,3.464672803878784,0.6144721508026123,8.535326957702637,9.149799346923828,gold_only,43,single_rater_weak
2025_10_07_RSFB-Phenotyping_WG1_JLU/2025_10_07_RSFB-Phenotyping_WG1_JLU/20251007_124441.jpg,plot_f84b4c2802871c1b5e0f,wg_insects_t1_bbch10,/home/nfs/data/nvme_datasets/Pictures_CFSB_leaf_damage/2025_10_07_RSFB-Phenotyping_WG1_JLU/2025_10_07_RSFB-Phenotyping_WG1_JLU/20251007_124441.jpg,18.0,4.904670715332031,5.338304042816162,0.4336334764957428,12.66169548034668,13.095329284667969,gold_only,43,single_rater_weak
2025_10_07_RSFB-Phenotyping_WG1_JLU/2025_10_07_RSFB-Phenotyping_WG1_JLU/20251007_124451.jpg,plot_f84b4c2802871c1b5e0f,wg_insects_t1_bbch10,/home/nfs/data/nvme_datasets/Pictures_CFSB_leaf_damage/2025_10_07_RSFB-Phenotyping_WG1_JLU/2025_10_07_RSFB-Phenotyping_WG1_JLU/20251007_124451.jpg,8.0,3.306394577026367,2.9102652072906494,-0.3961293697357178,5.08973503112793,4.693605422973633,gold_only,43,single_rater_weak
2025_10_07_RSFB-Phenotyping_WG1_JLU/2025_10_07_RSFB-Phenotyping_WG1_JLU/20251007_124508.jpg,plot_a4b50325dbf9a5ebc276,wg_insects_t1_bbch10,/home/nfs/data/nvme_datasets/Pictures_CFSB_leaf_damage/2025_10_07_RSFB-Phenotyping_WG1_JLU/2025_10_07_RSFB-Phenotyping_WG1_JLU/20251007_124508.jpg,2.0,4.245302200317383,4.7690229415893555,0.5237206816673279,2.7690229415893555,2.245302200317383,gold_only,43,single_rater_weak
2025_10_07_RSFB-Phenotyping_WG1_JLU/2025_10_07_RSFB-Phenotyping_WG1_JLU/20251007_124515.jpg,plot_a4b50325dbf9a5ebc276,wg_insects_t1_bbch10,/home/nfs/data/nvme_datasets/Pictures_CFSB_leaf_damage/2025_10_07_RSFB-Phenotyping_WG1_JLU/2025_10_07_RSFB-Phenotyping_WG1_JLU/20251007_124515.jpg,30.0,3.905153512954712,4.53316068649292,0.6280073523521423,25.466838836669922,26.094846725463867,gold_only,43,single_rater_weak
2025_10_07_RSFB-Phenotyping_WG1_JLU/2025_10_07_RSFB-Phenotyping_WG1_JLU/20251007_124522.jpg,plot_a4b50325dbf9a5ebc276,wg_insects_t1_bbch10,/home/nfs/data/nvme_datasets/Pictures_CFSB_leaf_damage/2025_10_07_RSFB-Phenotyping_WG1_JLU/2025_10_07_RSFB-Phenotyping_WG1_JLU/20251007_124522.jpg,5.0,3.4093945026397705,3.1104767322540283,-0.2989177405834198,1.8895232677459717,1.5906054973602295,gold_only,43,single_rater_weak
2025_10_07_RSFB-Phenotyping_WG1_JLU/2025_10_07_RSFB-Phenotyping_WG1_JLU/20251007_124541.jpg,plot_9f72b83c4f2e8431403c,wg_insects_t1_bbch10,/home/nfs/data/nvme_datasets/Pictures_CFSB_leaf_damage/2025_10_07_RSFB-Phenotyping_WG1_JLU/2025_10_07_RSFB-Phenotyping_WG1_JLU/20251007_124541.jpg,20.0,4.667478084564209,5.641696929931641,0.9742189645767212,14.35830307006836,15.332521438598633,gold_only,43,single_rater_weak
2025_10_07_RSFB-Phenotyping_WG1_JLU/2025_10_07_RSFB-Phenotyping_WG1_JLU/20251007_124548.jpg,plot_9f72b83c4f2e8431403c,wg_insects_t1_bbch10,/home/nfs/data/nvme_datasets/Pictures_CFSB_leaf_damage/2025_10_07_RSFB-Phenotyping_WG1_JLU/2025_10_07_RSFB-Phenotyping_WG1_JLU/20251007_124548.jpg,12.0,2.6590452194213867,4.046553611755371,1.3875086307525635,7.953446388244629,9.340954780578613,gold_only,43,single_rater_weak
2025_10_07_RSFB-Phenotyping_WG1_JLU/2025_10_07_RSFB-Phenotyping_WG1_JLU/20251007_124555.jpg,plot_9f72b83c4f2e8431403c,wg_insects_t1_bbch10,/home/nfs/data/nvme_datasets/Pictures_CFSB_leaf_damage/2025_10_07_RSFB-Phenotyping_WG1_JLU/2025_10_07_RSFB-Phenotyping_WG1_JLU/20251007_124555.jpg,9.0,5.466080665588379,7.137357711791992,1.6712770462036133,1.8626422882080078,3.533919334411621,gold_only,43,single_rater_weak
2025_10_07_RSFB-Phenotyping_WG1_JLU/2025_10_07_RSFB-Phenotyping_WG1_JLU/20251007_124614.jpg,plot_f847dbaff653f4b20c89,wg_insects_t1_bbch10,/home/nfs/data/nvme_datasets/Pictures_CFSB_leaf_damage/2025_10_07_RSFB-Phenotyping_WG1_JLU/2025_10_07_RSFB-Phenotyping_WG1_JLU/20251007_124614.jpg,8.0,2.7289767265319824,3.2577638626098633,0.5287871360778809,4.742236137390137,5.271023273468018,gold_only,43,single_rater_weak
2025_10_07_RSFB-Phenotyping_WG1_JLU/2025_10_07_RSFB-Phenotyping_WG1_JLU/20251007_124621.jpg,plot_f847dbaff653f4b20c89,wg_insects_t1_bbch10,/home/nfs/data/nvme_datasets/Pictures_CFSB_leaf_damage/2025_10_07_RSFB-Phenotyping_WG1_JLU/2025_10_07_RSFB-Phenotyping_WG1_JLU/20251007_124621.jpg,12.0,4.877145767211914,4.841704368591309,-0.03544153273105621,7.158295631408691,7.122854232788086,gold_only,43,single_rater_weak
2025_10_07_RSFB-Phenotyping_WG1_JLU/2025_10_07_RSFB-Phenotyping_WG1_JLU/20251007_124628.jpg,plot_f847dbaff653f4b20c89,wg_insects_t1_bbch10,/home/nfs/data/nvme_datasets/Pictures_CFSB_leaf_damage/2025_10_07_RSFB-Phenotyping_WG1_JLU/2025_10_07_RSFB-Phenotyping_WG1_JLU/20251007_124628.jpg,8.0,5.704566955566406,6.228427886962891,0.5238606929779053,1.7715721130371094,2.2954330444335938,gold_only,43,single_rater_weak
2025_10_07_RSFB-Phenotyping_WG1_JLU/2025_10_07_RSFB-Phenotyping_WG1_JLU/20251007_124649.jpg,plot_e594a79ebb12e0ace7b1,wg_insects_t1_bbch10,/home/nfs/data/nvme_datasets/Pictures_CFSB_leaf_damage/2025_10_07_RSFB-Phenotyping_WG1_JLU/2025_10_07_RSFB-Phenotyping_WG1_JLU/20251007_124649.jpg,3.0,3.312309741973877,3.825468063354492,0.5131583213806152,0.8254680633544922,0.31230974197387695,gold_only,43,single_rater_weak
2025_10_07_RSFB-Phenotyping_WG1_JLU/2025_10_07_RSFB-Phenotyping_WG1_JLU/20251007_124656.jpg,plot_e594a79ebb12e0ace7b1,wg_insects_t1_bbch10,/home/nfs/data/nvme_datasets/Pictures_CFSB_leaf_damage/2025_10_07_RSFB-Phenotyping_WG1_JLU/2025_10_07_RSFB-Phenotyping_WG1_JLU/20251007_124656.jpg,20.0,7.9487810134887695,7.910184860229492,-0.03859638422727585,12.089815139770508,12.05121898651123,gold_only,43,single_rater_weak
2025_10_07_RSFB-Phenotyping_WG1_JLU/2025_10_07_RSFB-Phenotyping_WG1_JLU/20251007_124703.jpg,plot_e594a79ebb12e0ace7b1,wg_insects_t1_bbch10,/home/nfs/data/nvme_datasets/Pictures_CFSB_leaf_damage/2025_10_07_RSFB-Phenotyping_WG1_JLU/2025_10_07_RSFB-Phenotyping_WG1_JLU/20251007_124703.jpg,25.0,5.641627788543701,6.437757968902588,0.7961301803588867,18.56224250793457,19.35837173461914,gold_only,43,single_rater_weak
2025_10_07_RSFB-Phenotyping_WG1_JLU/2025_10_07_RSFB-Phenotyping_WG1_JLU/20251007_124721.jpg,plot_b6e7174d690b75e292ff,wg_insects_t1_bbch10,/home/nfs/data/nvme_datasets/Pictures_CFSB_leaf_damage/2025_10_07_RSFB-Phenotyping_WG1_JLU/2025_10_07_RSFB-Phenotyping_WG1_JLU/20251007_124721.jpg,12.0,2.765319347381592,3.73892879486084,0.973609447479248,8.26107120513916,9.23468017578125,gold_only,43,single_rater_weak
2025_10_07_RSFB-Phenotyping_WG1_JLU/2025_10_07_RSFB-Phenotyping_WG1_JLU/20251007_124729.jpg,plot_b6e7174d690b75e292ff,wg_insects_t1_bbch10,/home/nfs/data/nvme_datasets/Pictures_CFSB_leaf_damage/2025_10_07_RSFB-Phenotyping_WG1_JLU/2025_10_07_RSFB-Phenotyping_WG1_JLU/20251007_124729.jpg,4.0,4.355000972747803,4.089446544647217,-0.2655545175075531,0.0894465446472168,0.35500097274780273,gold_only,43,single_rater_weak
2025_10_07_RSFB-Phenotyping_WG1_JLU/2025_10_07_RSFB-Phenotyping_WG1_JLU/20251007_124735.jpg,plot_b6e7174d690b75e292ff,wg_insects_t1_bbch10,/home/nfs/data/nvme_datasets/Pictures_CFSB_leaf_damage/2025_10_07_RSFB-Phenotyping_WG1_JLU/2025_10_07_RSFB-Phenotyping_WG1_JLU/20251007_124735.jpg,4.0,3.692852735519409,3.3314244747161865,-0.36142829060554504,0.6685755252838135,0.3071472644805908,gold_only,43,single_rater_weak
2025_10_07_RSFB-Phenotyping_WG1_JLU/2025_10_07_RSFB-Phenotyping_WG1_JLU/20251007_124753.jpg,plot_2e3302092fee0c5ce1fa,wg_insects_t1_bbch10,/home/nfs/data/nvme_datasets/Pictures_CFSB_leaf_damage/2025_10_07_RSFB-Phenotyping_WG1_JLU/2025_10_07_RSFB-Phenotyping_WG1_JLU/20251007_124753.jpg,4.0,1.9722185134887695,2.3250932693481445,0.35287463665008545,1.6749067306518555,2.0277814865112305,gold_only,43,single_rater_weak
2025_10_07_RSFB-Phenotyping_WG1_JLU/2025_10_07_RSFB-Phenotyping_WG1_JLU/20251007_124800.jpg,plot_2e3302092fee0c5ce1fa,wg_insects_t1_bbch10,/home/nfs/data/nvme_datasets/Pictures_CFSB_leaf_damage/2025_10_07_RSFB-Phenotyping_WG1_JLU/2025_10_07_RSFB-Phenotyping_WG1_JLU/20251007_124800.jpg,4.0,2.916233539581299,2.501861572265625,-0.414372056722641,1.498138427734375,1.0837664604187012,gold_only,43,single_rater_weak
2025_10_07_RSFB-Phenotyping_WG1_JLU/2025_10_07_RSFB-Phenotyping_WG1_JLU/20251007_124805.jpg,plot_2e3302092fee0c5ce1fa,wg_insects_t1_bbch10,/home/nfs/data/nvme_datasets/Pictures_CFSB_leaf_damage/2025_10_07_RSFB-Phenotyping_WG1_JLU/2025_10_07_RSFB-Phenotyping_WG1_JLU/20251007_124805.jpg,5.0,2.17692232131958,1.8875139951705933,-0.28940829634666443,3.112485885620117,2.82307767868042,gold_only,43,single_rater_weak
2025_10_07_RSFB-Phenotyping_WG1_JLU/2025_10_07_RSFB-Phenotyping_WG1_JLU/20251007_124823.jpg,plot_4398ed881510f755e158,wg_insects_t1_bbch10,/home/nfs/data/nvme_datasets/Pictures_CFSB_leaf_damage/2025_10_07_RSFB-Phenotyping_WG1_JLU/2025_10_07_RSFB-Phenotyping_WG1_JLU/20251007_124823.jpg,3.0,2.7188291549682617,3.3295226097106934,0.6106933355331421,0.32952260971069336,0.2811708450317383,gold_only,43,single_rater_weak
2025_10_07_RSFB-Phenotyping_WG1_JLU/2025_10_07_RSFB-Phenotyping_WG1_JLU/20251007_124830.jpg,plot_4398ed881510f755e158,wg_insects_t1_bbch10,/home/nfs/data/nvme_datasets/Pictures_CFSB_leaf_damage/2025_10_07_RSFB-Phenotyping_WG1_JLU/2025_10_07_RSFB-Phenotyping_WG1_JLU/20251007_124830.jpg,8.0,2.671842575073242,3.018807888031006,0.3469652235507965,4.981192111968994,5.328157424926758,gold_only,43,single_rater_weak
2025_10_07_RSFB-Phenotyping_WG1_JLU/2025_10_07_RSFB-Phenotyping_WG1_JLU/20251007_124837.jpg,plot_4398ed881510f755e158,wg_insects_t1_bbch10,/home/nfs/data/nvme_datasets/Pictures_CFSB_leaf_damage/2025_10_07_RSFB-Phenotyping_WG1_JLU/2025_10_07_RSFB-Phenotyping_WG1_JLU/20251007_124837.jpg,4.0,3.6518731117248535,3.4478087425231934,-0.2040644884109497,0.5521912574768066,0.3481268882751465,gold_only,43,single_rater_weak
2025_10_07_RSFB-Phenotyping_WG1_JLU/2025_10_07_RSFB-Phenotyping_WG1_JLU/20251007_124855.jpg,plot_d1b3af3b3e502faffee0,wg_insects_t1_bbch10,/home/nfs/data/nvme_datasets/Pictures_CFSB_leaf_damage/2025_10_07_RSFB-Phenotyping_WG1_JLU/2025_10_07_RSFB-Phenotyping_WG1_JLU/20251007_124855.jpg,15.0,2.9822254180908203,3.1889264583587646,0.20670098066329956,11.811073303222656,12.01777458190918,gold_only,43,single_rater_weak
2025_10_07_RSFB-Phenotyping_WG1_JLU/2025_10_07_RSFB-Phenotyping_WG1_JLU/20251007_124903.jpg,plot_d1b3af3b3e502faffee0,wg_insects_t1_bbch10,/home/nfs/data/nvme_datasets/Pictures_CFSB_leaf_damage/2025_10_07_RSFB-Phenotyping_WG1_JLU/2025_10_07_RSFB-Phenotyping_WG1_JLU/20251007_124903.jpg,6.0,3.86490535736084,3.71732234954834,-0.1475830376148224,2.28267765045166,2.13509464263916,gold_only,43,single_rater_weak
2025_10_07_RSFB-Phenotyping_WG1_JLU/2025_10_07_RSFB-Phenotyping_WG1_JLU/20251007_124910.jpg,plot_d1b3af3b3e502faffee0,wg_insects_t1_bbch10,/home/nfs/data/nvme_datasets/Pictures_CFSB_leaf_damage/2025_10_07_RSFB-Phenotyping_WG1_JLU/2025_10_07_RSFB-Phenotyping_WG1_JLU/20251007_124910.jpg,4.0,2.5981149673461914,2.8663673400878906,0.2682523727416992,1.1336326599121094,1.4018850326538086,gold_only,43,single_rater_weak
2025_10_07_RSFB-Phenotyping_WG1_JLU/2025_10_07_RSFB-Phenotyping_WG1_JLU/20251007_124927.jpg,plot_28f8f26420203e55d179,wg_insects_t1_bbch10,/home/nfs/data/nvme_datasets/Pictures_CFSB_leaf_damage/2025_10_07_RSFB-Phenotyping_WG1_JLU/2025_10_07_RSFB-Phenotyping_WG1_JLU/20251007_124927.jpg,8.0,3.0702357292175293,3.257359266281128,0.18712355196475983,4.742640495300293,4.929764270782471,gold_only,43,single_rater_weak
2025_10_07_RSFB-Phenotyping_WG1_JLU/2025_10_07_RSFB-Phenotyping_WG1_JLU/20251007_124934.jpg,plot_28f8f26420203e55d179,wg_insects_t1_bbch10,/home/nfs/data/nvme_datasets/Pictures_CFSB_leaf_damage/2025_10_07_RSFB-Phenotyping_WG1_JLU/2025_10_07_RSFB-Phenotyping_WG1_JLU/20251007_124934.jpg,4.0,3.246939182281494,4.021069049835205,0.7741296887397766,0.021069049835205078,0.7530608177185059,gold_only,43,single_rater_weak
2025_10_07_RSFB-Phenotyping_WG1_JLU/2025_10_07_RSFB-Phenotyping_WG1_JLU/20251007_124942.jpg,plot_28f8f26420203e55d179,wg_insects_t1_bbch10,/home/nfs/data/nvme_datasets/Pictures_CFSB_leaf_damage/2025_10_07_RSFB-Phenotyping_WG1_JLU/2025_10_07_RSFB-Phenotyping_WG1_JLU/20251007_124942.jpg,8.0,3.001779079437256,3.205918312072754,0.2041391283273697,4.794081687927246,4.998220920562744,gold_only,43,single_rater_weak
2025_10_07_RSFB-Phenotyping_WG1_JLU/2025_10_07_RSFB-Phenotyping_WG1_JLU/20251007_125005.jpg,plot_148d445959f73cc35e04,wg_insects_t1_bbch10,/home/nfs/data/nvme_datasets/Pictures_CFSB_leaf_damage/2025_10_07_RSFB-Phenotyping_WG1_JLU/2025_10_07_RSFB-Phenotyping_WG1_JLU/20251007_125005.jpg,4.0,3.5455102920532227,4.449851989746094,0.9043418169021606,0.44985198974609375,0.45448970794677734,gold_only,43,single_rater_weak
2025_10_07_RSFB-Phenotyping_WG1_JLU/2025_10_07_RSFB-Phenotyping_WG1_JLU/20251007_125013.jpg,plot_148d445959f73cc35e04,wg_insects_t1_bbch10,/home/nfs/data/nvme_datasets/Pictures_CFSB_leaf_damage/2025_10_07_RSFB-Phenotyping_WG1_JLU/2025_10_07_RSFB-Phenotyping_WG1_JLU/20251007_125013.jpg,3.0,2.306025505065918,2.953433036804199,0.6474075317382812,0.04656696319580078,0.693974494934082,gold_only,43,single_rater_weak
2025_10_07_RSFB-Phenotyping_WG1_JLU/2025_10_07_RSFB-Phenotyping_WG1_JLU/20251007_125021.jpg,plot_148d445959f73cc35e04,wg_insects_t1_bbch10,/home/nfs/data/nvme_datasets/Pictures_CFSB_leaf_damage/2025_10_07_RSFB-Phenotyping_WG1_JLU/2025_10_07_RSFB-Phenotyping_WG1_JLU/20251007_125021.jpg,3.0,3.7161741256713867,3.827986001968384,0.11181184649467468,0.8279860019683838,0.7161741256713867,gold_only,43,single_rater_weak
2025_10_07_RSFB-Phenotyping_WG1_JLU/2025_10_07_RSFB-Phenotyping_WG1_JLU/20251007_125037.jpg,plot_9a559fa430e32ed63f90,wg_insects_t1_bbch10,/home/nfs/data/nvme_datasets/Pictures_CFSB_leaf_damage/2025_10_07_RSFB-Phenotyping_WG1_JLU/2025_10_07_RSFB-Phenotyping_WG1_JLU/20251007_125037.jpg,2.0,2.808891773223877,3.020143508911133,0.2112518548965454,1.0201435089111328,0.808891773223877,gold_only,43,single_rater_weak
2025_10_07_RSFB-Phenotyping_WG1_JLU/2025_10_07_RSFB-Phenotyping_WG1_JLU/20251007_125045.jpg,plot_9a559fa430e32ed63f90,wg_insects_t1_bbch10,/home/nfs/data/nvme_datasets/Pictures_CFSB_leaf_damage/2025_10_07_RSFB-Phenotyping_WG1_JLU/2025_10_07_RSFB-Phenotyping_WG1_JLU/20251007_125045.jpg,12.0,2.4906039237976074,3.012629747390747,0.5220257639884949,8.987370491027832,9.509395599365234,gold_only,43,single_rater_weak
2025_10_07_RSFB-Phenotyping_WG1_JLU/2025_10_07_RSFB-Phenotyping_WG1_JLU/20251007_125051.jpg,plot_9a559fa430e32ed63f90,wg_insects_t1_bbch10,/home/nfs/data/nvme_datasets/Pictures_CFSB_leaf_damage/2025_10_07_RSFB-Phenotyping_WG1_JLU/2025_10_07_RSFB-Phenotyping_WG1_JLU/20251007_125051.jpg,5.0,3.5044467449188232,3.8525772094726562,0.3481305241584778,1.1474227905273438,1.4955532550811768,gold_only,43,single_rater_weak
2025_10_07_RSFB-Phenotyping_WG1_JLU/2025_10_07_RSFB-Phenotyping_WG1_JLU/20251007_125111.jpg,plot_4cd62499bd1348049910,wg_insects_t1_bbch10,/home/nfs/data/nvme_datasets/Pictures_CFSB_leaf_damage/2025_10_07_RSFB-Phenotyping_WG1_JLU/2025_10_07_RSFB-Phenotyping_WG1_JLU/20251007_125111.jpg,6.0,2.799375534057617,3.7380383014678955,0.9386628270149231,2.2619616985321045,3.200624465942383,gold_only,43,single_rater_weak
2025_10_07_RSFB-Phenotyping_WG1_JLU/2025_10_07_RSFB-Phenotyping_WG1_JLU/20251007_125118.jpg,plot_4cd62499bd1348049910,wg_insects_t1_bbch10,/home/nfs/data/nvme_datasets/Pictures_CFSB_leaf_damage/2025_10_07_RSFB-Phenotyping_WG1_JLU/2025_10_07_RSFB-Phenotyping_WG1_JLU/20251007_125118.jpg,8.0,3.3026247024536133,4.1563286781311035,0.8537041544914246,3.8436713218688965,4.697375297546387,gold_only,43,single_rater_weak
2025_10_07_RSFB-Phenotyping_WG1_JLU/2025_10_07_RSFB-Phenotyping_WG1_JLU/20251007_125125.jpg,plot_4cd62499bd1348049910,wg_insects_t1_bbch10,/home/nfs/data/nvme_datasets/Pictures_CFSB_leaf_damage/2025_10_07_RSFB-Phenotyping_WG1_JLU/2025_10_07_RSFB-Phenotyping_WG1_JLU/20251007_125125.jpg,1.0,1.1721677780151367,2.3665249347686768,1.19435715675354,1.3665249347686768,0.17216777801513672,gold_only,43,single_rater_weak
2025_10_07_RSFB-Phenotyping_WG1_JLU/2025_10_07_RSFB-Phenotyping_WG1_JLU/20251007_125152.jpg,plot_cfe5a3ab0645d46e2f47,wg_insects_t1_bbch10,/home/nfs/data/nvme_datasets/Pictures_CFSB_leaf_damage/2025_10_07_RSFB-Phenotyping_WG1_JLU/2025_10_07_RSFB-Phenotyping_WG1_JLU/20251007_125152.jpg,18.0,2.846146583557129,2.9185307025909424,0.07238411903381348,15.081469535827637,15.153853416442871,gold_only,43,single_rater_weak
2025_10_07_RSFB-Phenotyping_WG1_JLU/2025_10_07_RSFB-Phenotyping_WG1_JLU/20251007_125200.jpg,plot_cfe5a3ab0645d46e2f47,wg_insects_t1_bbch10,/home/nfs/data/nvme_datasets/Pictures_CFSB_leaf_damage/2025_10_07_RSFB-Phenotyping_WG1_JLU/2025_10_07_RSFB-Phenotyping_WG1_JLU/20251007_125200.jpg,2.0,2.7095584869384766,2.8408329486846924,0.13127440214157104,0.8408329486846924,0.7095584869384766,gold_only,43,single_rater_weak
2025_10_07_RSFB-Phenotyping_WG1_JLU/2025_10_07_RSFB-Phenotyping_WG1_JLU/20251007_125207.jpg,plot_cfe5a3ab0645d46e2f47,wg_insects_t1_bbch10,/home/nfs/data/nvme_datasets/Pictures_CFSB_leaf_damage/2025_10_07_RSFB-Phenotyping_WG1_JLU/2025_10_07_RSFB-Phenotyping_WG1_JLU/20251007_125207.jpg,7.0,3.615938901901245,4.0158185958862305,0.3998797833919525,2.9841814041137695,3.384061098098755,gold_only,43,single_rater_weak
2025_10_07_RSFB-Phenotyping_WG1_JLU/2025_10_07_RSFB-Phenotyping_WG1_JLU/20251007_125227.jpg,plot_0b74c085b1e71e64f05d,wg_insects_t1_bbch10,/home/nfs/data/nvme_datasets/Pictures_CFSB_leaf_damage/2025_10_07_RSFB-Phenotyping_WG1_JLU/2025_10_07_RSFB-Phenotyping_WG1_JLU/20251007_125227.jpg,16.0,4.156778335571289,4.292229652404785,0.13545146584510803,11.707770347595215,11.843221664428711,gold_only,43,single_rater_weak
2025_10_07_RSFB-Phenotyping_WG1_JLU/2025_10_07_RSFB-Phenotyping_WG1_JLU/20251007_125234.jpg,plot_0b74c085b1e71e64f05d,wg_insects_t1_bbch10,/home/nfs/data/nvme_datasets/Pictures_CFSB_leaf_damage/2025_10_07_RSFB-Phenotyping_WG1_JLU/2025_10_07_RSFB-Phenotyping_WG1_JLU/20251007_125234.jpg,4.0,5.779936790466309,6.699633598327637,0.9196966886520386,2.6996335983276367,1.7799367904663086,gold_only,43,single_rater_weak
2025_10_07_RSFB-Phenotyping_WG1_JLU/2025_10_07_RSFB-Phenotyping_WG1_JLU/20251007_125242.jpg,plot_0b74c085b1e71e64f05d,wg_insects_t1_bbch10,/home/nfs/data/nvme_datasets/Pictures_CFSB_leaf_damage/2025_10_07_RSFB-Phenotyping_WG1_JLU/2025_10_07_RSFB-Phenotyping_WG1_JLU/20251007_125242.jpg,8.0,2.467771530151367,3.1630983352661133,0.6953268051147461,4.836901664733887,5.532228469848633,gold_only,43,single_rater_weak
2025_10_07_RSFB-Phenotyping_WG1_JLU/2025_10_07_RSFB-Phenotyping_WG1_JLU/20251007_125300.jpg,plot_20af516f8934d967910b,wg_insects_t1_bbch10,/home/nfs/data/nvme_datasets/Pictures_CFSB_leaf_damage/2025_10_07_RSFB-Phenotyping_WG1_JLU/2025_10_07_RSFB-Phenotyping_WG1_JLU/20251007_125300.jpg,12.0,3.9382786750793457,4.003439903259277,0.06516101211309433,7.996560096740723,8.061721801757812,gold_only,43,single_rater_weak
2025_10_07_RSFB-Phenotyping_WG1_JLU/2025_10_07_RSFB-Phenotyping_WG1_JLU/20251007_125308.jpg,plot_20af516f8934d967910b,wg_insects_t1_bbch10,/home/nfs/data/nvme_datasets/Pictures_CFSB_leaf_damage/2025_10_07_RSFB-Phenotyping_WG1_JLU/2025_10_07_RSFB-Phenotyping_WG1_JLU/20251007_125308.jpg,4.0,4.44669246673584,4.9891886711120605,0.5424961447715759,0.9891886711120605,0.44669246673583984,gold_only,43,single_rater_weak
2025_10_07_RSFB-Phenotyping_WG1_JLU/2025_10_07_RSFB-Phenotyping_WG1_JLU/20251007_125315.jpg,plot_20af516f8934d967910b,wg_insects_t1_bbch10,/home/nfs/data/nvme_datasets/Pictures_CFSB_leaf_damage/2025_10_07_RSFB-Phenotyping_WG1_JLU/2025_10_07_RSFB-Phenotyping_WG1_JLU/20251007_125315.jpg,4.0,3.8064887523651123,5.264434814453125,1.4579463005065918,1.264434814453125,0.1935112476348877,gold_only,43,single_rater_weak
2025_10_07_RSFB-Phenotyping_WG1_JLU/2025_10_07_RSFB-Phenotyping_WG1_JLU/20251007_125336.jpg,plot_41f4bffea5cab47ba0c1,wg_insects_t1_bbch10,/home/nfs/data/nvme_datasets/Pictures_CFSB_leaf_damage/2025_10_07_RSFB-Phenotyping_WG1_JLU/2025_10_07_RSFB-Phenotyping_WG1_JLU/20251007_125336.jpg,15.0,4.180844783782959,4.460598945617676,0.27975398302078247,10.539401054382324,10.819154739379883,gold_only,43,single_rater_weak
2025_10_07_RSFB-Phenotyping_WG1_JLU/2025_10_07_RSFB-Phenotyping_WG1_JLU/20251007_125344.jpg,plot_41f4bffea5cab47ba0c1,wg_insects_t1_bbch10,/home/nfs/data/nvme_datasets/Pictures_CFSB_leaf_damage/2025_10_07_RSFB-Phenotyping_WG1_JLU/2025_10_07_RSFB-Phenotyping_WG1_JLU/20251007_125344.jpg,5.0,3.125753402709961,2.358511447906494,-0.7672420740127563,2.641488552093506,1.874246597290039,gold_only,43,single_rater_weak
2025_10_07_RSFB-Phenotyping_WG1_JLU/2025_10_07_RSFB-Phenotyping_WG1_JLU/20251007_125352.jpg,plot_41f4bffea5cab47ba0c1,wg_insects_t1_bbch10,/home/nfs/data/nvme_datasets/Pictures_CFSB_leaf_damage/2025_10_07_RSFB-Phenotyping_WG1_JLU/2025_10_07_RSFB-Phenotyping_WG1_JLU/20251007_125352.jpg,4.0,2.912992477416992,2.665924072265625,-0.24706847965717316,1.334075927734375,1.0870075225830078,gold_only,43,single_rater_weak
2025_10_07_RSFB-Phenotyping_WG1_JLU/2025_10_07_RSFB-Phenotyping_WG1_JLU/20251007_125410.jpg,plot_781f98589b11cd6b6181,wg_insects_t1_bbch10,/home/nfs/data/nvme_datasets/Pictures_CFSB_leaf_damage/2025_10_07_RSFB-Phenotyping_WG1_JLU/2025_10_07_RSFB-Phenotyping_WG1_JLU/20251007_125410.jpg,15.0,3.8436756134033203,4.397248268127441,0.553572416305542,10.602751731872559,11.15632438659668,gold_only,43,single_rater_weak
2025_10_07_RSFB-Phenotyping_WG1_JLU/2025_10_07_RSFB-Phenotyping_WG1_JLU/20251007_125419.jpg,plot_781f98589b11cd6b6181,wg_insects_t1_bbch10,/home/nfs/data/nvme_datasets/Pictures_CFSB_leaf_damage/2025_10_07_RSFB-Phenotyping_WG1_JLU/2025_10_07_RSFB-Phenotyping_WG1_JLU/20251007_125419.jpg,8.0,3.5405325889587402,3.899261474609375,0.35872888565063477,4.100738525390625,4.45946741104126,gold_only,43,single_rater_weak
2025_10_07_RSFB-Phenotyping_WG1_JLU/2025_10_07_RSFB-Phenotyping_WG1_JLU/20251007_125428.jpg,plot_781f98589b11cd6b6181,wg_insects_t1_bbch10,/home/nfs/data/nvme_datasets/Pictures_CFSB_leaf_damage/2025_10_07_RSFB-Phenotyping_WG1_JLU/2025_10_07_RSFB-Phenotyping_WG1_JLU/20251007_125428.jpg,15.0,3.958411693572998,4.995639801025391,1.037227988243103,10.00436019897461,11.041587829589844,gold_only,43,single_rater_weak
2025_10_07_RSFB-Phenotyping_WG1_JLU/2025_10_07_RSFB-Phenotyping_WG1_JLU/20251007_125446.jpg,plot_c5977069cd433cb0a85e,wg_insects_t1_bbch10,/home/nfs/data/nvme_datasets/Pictures_CFSB_leaf_damage/2025_10_07_RSFB-Phenotyping_WG1_JLU/2025_10_07_RSFB-Phenotyping_WG1_JLU/20251007_125446.jpg,4.0,3.6509103775024414,3.4831902980804443,-0.16772010922431946,0.5168097019195557,0.3490896224975586,gold_only,43,single_rater_weak
2025_10_07_RSFB-Phenotyping_WG1_JLU/2025_10_07_RSFB-Phenotyping_WG1_JLU/20251007_125454.jpg,plot_c5977069cd433cb0a85e,wg_insects_t1_bbch10,/home/nfs/data/nvme_datasets/Pictures_CFSB_leaf_damage/2025_10_07_RSFB-Phenotyping_WG1_JLU/2025_10_07_RSFB-Phenotyping_WG1_JLU/20251007_125454.jpg,3.0,4.79003381729126,4.537242412567139,-0.2527914345264435,1.5372424125671387,1.7900338172912598,gold_only,43,single_rater_weak
2025_10_07_RSFB-Phenotyping_WG1_JLU/2025_10_07_RSFB-Phenotyping_WG1_JLU/20251007_125500.jpg,plot_c5977069cd433cb0a85e,wg_insects_t1_bbch10,/home/nfs/data/nvme_datasets/Pictures_CFSB_leaf_damage/2025_10_07_RSFB-Phenotyping_WG1_JLU/2025_10_07_RSFB-Phenotyping_WG1_JLU/20251007_125500.jpg,16.0,3.8144001960754395,3.4446098804473877,-0.3697902262210846,12.555390357971191,12.185600280761719,gold_only,43,single_rater_weak
2025_10_07_RSFB-Phenotyping_WG1_JLU/2025_10_07_RSFB-Phenotyping_WG1_JLU/20251007_125520.jpg,plot_2080446bf49c603d321e,wg_insects_t1_bbch10,/home/nfs/data/nvme_datasets/Pictures_CFSB_leaf_damage/2025_10_07_RSFB-Phenotyping_WG1_JLU/2025_10_07_RSFB-Phenotyping_WG1_JLU/20251007_125520.jpg,18.0,3.3529577255249023,3.0725722312927246,-0.2803853750228882,14.927427291870117,14.647042274475098,gold_only,43,single_rater_weak
2025_10_07_RSFB-Phenotyping_WG1_JLU/2025_10_07_RSFB-Phenotyping_WG1_JLU/20251007_125527.jpg,plot_2080446bf49c603d321e,wg_insects_t1_bbch10,/home/nfs/data/nvme_datasets/Pictures_CFSB_leaf_damage/2025_10_07_RSFB-Phenotyping_WG1_JLU/2025_10_07_RSFB-Phenotyping_WG1_JLU/20251007_125527.jpg,15.0,2.641848564147949,2.426494836807251,-0.21535369753837585,12.573505401611328,12.35815143585205,gold_only,43,single_rater_weak
2025_10_07_RSFB-Phenotyping_WG1_JLU/2025_10_07_RSFB-Phenotyping_WG1_JLU/20251007_125535.jpg,plot_2080446bf49c603d321e,wg_insects_t1_bbch10,/home/nfs/data/nvme_datasets/Pictures_CFSB_leaf_damage/2025_10_07_RSFB-Phenotyping_WG1_JLU/2025_10_07_RSFB-Phenotyping_WG1_JLU/20251007_125535.jpg,18.0,3.3519463539123535,3.115990161895752,-0.23595625162124634,14.884010314941406,14.648054122924805,gold_only,43,single_rater_weak
2025_10_07_RSFB-Phenotyping_WG1_JLU/2025_10_07_RSFB-Phenotyping_WG1_JLU/20251007_125552.jpg,plot_f6076588cf1679b16da6,wg_insects_t1_bbch10,/home/nfs/data/nvme_datasets/Pictures_CFSB_leaf_damage/2025_10_07_RSFB-Phenotyping_WG1_JLU/2025_10_07_RSFB-Phenotyping_WG1_JLU/20251007_125552.jpg,12.0,3.312211513519287,2.946035623550415,-0.36617588996887207,9.053964614868164,8.687788009643555,gold_only,43,single_rater_weak
2025_10_07_RSFB-Phenotyping_WG1_JLU/2025_10_07_RSFB-Phenotyping_WG1_JLU/20251007_125603.jpg,plot_f6076588cf1679b16da6,wg_insects_t1_bbch10,/home/nfs/data/nvme_datasets/Pictures_CFSB_leaf_damage/2025_10_07_RSFB-Phenotyping_WG1_JLU/2025_10_07_RSFB-Phenotyping_WG1_JLU/20251007_125603.jpg,3.0,5.709930419921875,6.11486291885376,0.4049326181411743,3.1148629188537598,2.709930419921875,gold_only,43,single_rater_weak
2025_10_07_RSFB-Phenotyping_WG1_JLU/2025_10_07_RSFB-Phenotyping_WG1_JLU/20251007_125612.jpg,plot_f6076588cf1679b16da6,wg_insects_t1_bbch10,/home/nfs/data/nvme_datasets/Pictures_CFSB_leaf_damage/2025_10_07_RSFB-Phenotyping_WG1_JLU/2025_10_07_RSFB-Phenotyping_WG1_JLU/20251007_125612.jpg,3.0,3.3038320541381836,3.0661697387695312,-0.2376624196767807,0.06616973876953125,0.3038320541381836,gold_only,43,single_rater_weak
2025_10_07_RSFB-Phenotyping_WG1_JLU/2025_10_07_RSFB-Phenotyping_WG1_JLU/20251007_125630.jpg,plot_9f6bf19ef64a741a9b0e,wg_insects_t1_bbch10,/home/nfs/data/nvme_datasets/Pictures_CFSB_leaf_damage/2025_10_07_RSFB-Phenotyping_WG1_JLU/2025_10_07_RSFB-Phenotyping_WG1_JLU/20251007_125630.jpg,4.0,2.834319591522217,3.296924114227295,0.46260446310043335,0.7030758857727051,1.1656804084777832,gold_only,43,single_rater_weak
2025_10_07_RSFB-Phenotyping_WG1_JLU/2025_10_07_RSFB-Phenotyping_WG1_JLU/20251007_125639.jpg,plot_9f6bf19ef64a741a9b0e,wg_insects_t1_bbch10,/home/nfs/data/nvme_datasets/Pictures_CFSB_leaf_damage/2025_10_07_RSFB-Phenotyping_WG1_JLU/2025_10_07_RSFB-Phenotyping_WG1_JLU/20251007_125639.jpg,1.0,3.03969669342041,2.530864953994751,-0.508831799030304,1.530864953994751,2.03969669342041,gold_only,43,single_rater_weak
2025_10_07_RSFB-Phenotyping_WG1_JLU/2025_10_07_RSFB-Phenotyping_WG1_JLU/20251007_125647.jpg,plot_9f6bf19ef64a741a9b0e,wg_insects_t1_bbch10,/home/nfs/data/nvme_datasets/Pictures_CFSB_leaf_damage/2025_10_07_RSFB-Phenotyping_WG1_JLU/2025_10_07_RSFB-Phenotyping_WG1_JLU/20251007_125647.jpg,2.0,3.0980992317199707,4.050588607788086,0.95248943567276,2.050588607788086,1.0980992317199707,gold_only,43,single_rater_weak
2025_10_07_RSFB-Phenotyping_WG1_JLU/2025_10_07_RSFB-Phenotyping_WG1_JLU/20251007_125709.jpg,plot_af5218b2d31690d5b33f,wg_insects_t1_bbch10,/home/nfs/data/nvme_datasets/Pictures_CFSB_leaf_damage/2025_10_07_RSFB-Phenotyping_WG1_JLU/2025_10_07_RSFB-Phenotyping_WG1_JLU/20251007_125709.jpg,3.0,1.0697226524353027,2.15602445602417,1.0863016843795776,0.8439755439758301,1.9302773475646973,gold_only,43,single_rater_weak
2025_10_07_RSFB-Phenotyping_WG1_JLU/2025_10_07_RSFB-Phenotyping_WG1_JLU/20251007_125718.jpg,plot_af5218b2d31690d5b33f,wg_insects_t1_bbch10,/home/nfs/data/nvme_datasets/Pictures_CFSB_leaf_damage/2025_10_07_RSFB-Phenotyping_WG1_JLU/2025_10_07_RSFB-Phenotyping_WG1_JLU/20251007_125718.jpg,3.0,3.2734527587890625,4.117435455322266,0.8439825773239136,1.1174354553222656,0.2734527587890625,gold_only,43,single_rater_weak
2025_10_07_RSFB-Phenotyping_WG1_JLU/2025_10_07_RSFB-Phenotyping_WG1_JLU/20251007_125726.jpg,plot_af5218b2d31690d5b33f,wg_insects_t1_bbch10,/home/nfs/data/nvme_datasets/Pictures_CFSB_leaf_damage/2025_10_07_RSFB-Phenotyping_WG1_JLU/2025_10_07_RSFB-Phenotyping_WG1_JLU/20251007_125726.jpg,15.0,5.394677639007568,5.676074504852295,0.2813969850540161,9.323925018310547,9.605321884155273,gold_only,43,single_rater_weak
2025_10_07_RSFB-Phenotyping_WG1_JLU/2025_10_07_RSFB-Phenotyping_WG1_JLU/20251007_125758.jpg,plot_748730d3bcce86bb8a6d,wg_insects_t1_bbch10,/home/nfs/data/nvme_datasets/Pictures_CFSB_leaf_damage/2025_10_07_RSFB-Phenotyping_WG1_JLU/2025_10_07_RSFB-Phenotyping_WG1_JLU/20251007_125758.jpg,12.0,3.073866844177246,4.0039825439453125,0.9301155805587769,7.9960174560546875,8.926133155822754,gold_only,43,single_rater_weak
2025_10_07_RSFB-Phenotyping_WG1_JLU/2025_10_07_RSFB-Phenotyping_WG1_JLU/20251007_125807.jpg,plot_748730d3bcce86bb8a6d,wg_insects_t1_bbch10,/home/nfs/data/nvme_datasets/Pictures_CFSB_leaf_damage/2025_10_07_RSFB-Phenotyping_WG1_JLU/2025_10_07_RSFB-Phenotyping_WG1_JLU/20251007_125807.jpg,13.0,3.618360996246338,3.359787702560425,-0.25857338309288025,9.640212059020996,9.38163948059082,gold_only,43,single_rater_weak
2025_10_07_RSFB-Phenotyping_WG1_JLU/2025_10_07_RSFB-Phenotyping_WG1_JLU/20251007_125817.jpg,plot_748730d3bcce86bb8a6d,wg_insects_t1_bbch10,/home/nfs/data/nvme_datasets/Pictures_CFSB_leaf_damage/2025_10_07_RSFB-Phenotyping_WG1_JLU/2025_10_07_RSFB-Phenotyping_WG1_JLU/20251007_125817.jpg,4.0,3.166964054107666,3.9024465084075928,0.7354825139045715,0.09755349159240723,0.833035945892334,gold_only,43,single_rater_weak
2025_10_07_RSFB-Phenotyping_WG1_JLU/2025_10_07_RSFB-Phenotyping_WG1_JLU/20251007_125835.jpg,plot_3872ce02f02f4d97cda0,wg_insects_t1_bbch10,/home/nfs/data/nvme_datasets/Pictures_CFSB_leaf_damage/2025_10_07_RSFB-Phenotyping_WG1_JLU/2025_10_07_RSFB-Phenotyping_WG1_JLU/20251007_125835.jpg,18.0,5.750619888305664,6.736186981201172,0.9855673313140869,11.263813018798828,12.249380111694336,gold_only,43,single_rater_weak
2025_10_07_RSFB-Phenotyping_WG1_JLU/2025_10_07_RSFB-Phenotyping_WG1_JLU/20251007_125845.jpg,plot_3872ce02f02f4d97cda0,wg_insects_t1_bbch10,/home/nfs/data/nvme_datasets/Pictures_CFSB_leaf_damage/2025_10_07_RSFB-Phenotyping_WG1_JLU/2025_10_07_RSFB-Phenotyping_WG1_JLU/20251007_125845.jpg,15.0,5.606566429138184,6.642898082733154,1.0363315343856812,8.357101440429688,9.393433570861816,gold_only,43,single_rater_weak
2025_10_07_RSFB-Phenotyping_WG1_JLU/2025_10_07_RSFB-Phenotyping_WG1_JLU/20251007_125853.jpg,plot_3872ce02f02f4d97cda0,wg_insects_t1_bbch10,/home/nfs/data/nvme_datasets/Pictures_CFSB_leaf_damage/2025_10_07_RSFB-Phenotyping_WG1_JLU/2025_10_07_RSFB-Phenotyping_WG1_JLU/20251007_125853.jpg,16.0,3.983607292175293,4.633614540100098,0.6500072479248047,11.366385459899902,12.016392707824707,gold_only,43,single_rater_weak
2025_10_07_RSFB-Phenotyping_WG1_JLU/2025_10_07_RSFB-Phenotyping_WG1_JLU/20251007_125911.jpg,plot_65eea01ba2506c15ed81,wg_insects_t1_bbch10,/home/nfs/data/nvme_datasets/Pictures_CFSB_leaf_damage/2025_10_07_RSFB-Phenotyping_WG1_JLU/2025_10_07_RSFB-Phenotyping_WG1_JLU/20251007_125911.jpg,5.0,2.4651031494140625,2.495924711227417,0.030821658670902252,2.504075288772583,2.5348968505859375,gold_only,43,single_rater_weak
2025_10_07_RSFB-Phenotyping_WG1_JLU/2025_10_07_RSFB-Phenotyping_WG1_JLU/20251007_125918.jpg,plot_65eea01ba2506c15ed81,wg_insects_t1_bbch10,/home/nfs/data/nvme_datasets/Pictures_CFSB_leaf_damage/2025_10_07_RSFB-Phenotyping_WG1_JLU/2025_10_07_RSFB-Phenotyping_WG1_JLU/20251007_125918.jpg,5.0,1.9319634437561035,2.5906007289886475,0.6586373448371887,2.4093992710113525,3.0680365562438965,gold_only,43,single_rater_weak
2025_10_07_RSFB-Phenotyping_WG1_JLU/2025_10_07_RSFB-Phenotyping_WG1_JLU/20251007_125926.jpg,plot_65eea01ba2506c15ed81,wg_insects_t1_bbch10,/home/nfs/data/nvme_datasets/Pictures_CFSB_leaf_damage/2025_10_07_RSFB-Phenotyping_WG1_JLU/2025_10_07_RSFB-Phenotyping_WG1_JLU/20251007_125926.jpg,6.0,3.6344501972198486,3.5842702388763428,-0.05018007382750511,2.4157297611236572,2.3655498027801514,gold_only,43,single_rater_weak
2025_10_07_RSFB-Phenotyping_WG1_JLU/2025_10_07_RSFB-Phenotyping_WG1_JLU/20251007_125944.jpg,plot_4e65efbdcb5cafd1ab18,wg_insects_t1_bbch10,/home/nfs/data/nvme_datasets/Pictures_CFSB_leaf_damage/2025_10_07_RSFB-Phenotyping_WG1_JLU/2025_10_07_RSFB-Phenotyping_WG1_JLU/20251007_125944.jpg,13.0,2.785506248474121,3.0842807292938232,0.2987744212150574,9.915719032287598,10.214493751525879,gold_only,43,single_rater_weak
2025_10_07_RSFB-Phenotyping_WG1_JLU/2025_10_07_RSFB-Phenotyping_WG1_JLU/20251007_125951.jpg,plot_4e65efbdcb5cafd1ab18,wg_insects_t1_bbch10,/home/nfs/data/nvme_datasets/Pictures_CFSB_leaf_damage/2025_10_07_RSFB-Phenotyping_WG1_JLU/2025_10_07_RSFB-Phenotyping_WG1_JLU/20251007_125951.jpg,10.0,2.581920623779297,2.4016501903533936,-0.18027043342590332,7.598349571228027,7.418079376220703,gold_only,43,single_rater_weak
2025_10_07_RSFB-Phenotyping_WG1_JLU/2025_10_07_RSFB-Phenotyping_WG1_JLU/20251007_125959.jpg,plot_4e65efbdcb5cafd1ab18,wg_insects_t1_bbch10,/home/nfs/data/nvme_datasets/Pictures_CFSB_leaf_damage/2025_10_07_RSFB-Phenotyping_WG1_JLU/2025_10_07_RSFB-Phenotyping_WG1_JLU/20251007_125959.jpg,15.0,4.176183700561523,4.213357448577881,0.037173882126808167,10.786642074584961,10.823816299438477,gold_only,43,single_rater_weak
2025_10_07_RSFB-Phenotyping_WG1_JLU/2025_10_07_RSFB-Phenotyping_WG1_JLU/20251007_130018.jpg,plot_ddcfcb8c282959206cbe,wg_insects_t1_bbch10,/home/nfs/data/nvme_datasets/Pictures_CFSB_leaf_damage/2025_10_07_RSFB-Phenotyping_WG1_JLU/2025_10_07_RSFB-Phenotyping_WG1_JLU/20251007_130018.jpg,4.0,4.192089080810547,5.232936382293701,1.0408474206924438,1.2329363822937012,0.19208908081054688,gold_only,43,single_rater_weak
2025_10_07_RSFB-Phenotyping_WG1_JLU/2025_10_07_RSFB-Phenotyping_WG1_JLU/20251007_130026.jpg,plot_ddcfcb8c282959206cbe,wg_insects_t1_bbch10,/home/nfs/data/nvme_datasets/Pictures_CFSB_leaf_damage/2025_10_07_RSFB-Phenotyping_WG1_JLU/2025_10_07_RSFB-Phenotyping_WG1_JLU/20251007_130026.jpg,8.0,4.049808979034424,4.339571475982666,0.2897624671459198,3.660428524017334,3.950191020965576,gold_only,43,single_rater_weak
2025_10_07_RSFB-Phenotyping_WG1_JLU/2025_10_07_RSFB-Phenotyping_WG1_JLU/20251007_130033.jpg,plot_ddcfcb8c282959206cbe,wg_insects_t1_bbch10,/home/nfs/data/nvme_datasets/Pictures_CFSB_leaf_damage/2025_10_07_RSFB-Phenotyping_WG1_JLU/2025_10_07_RSFB-Phenotyping_WG1_JLU/20251007_130033.jpg,3.0,4.5350847244262695,4.88752555847168,0.3524407744407654,1.8875255584716797,1.5350847244262695,gold_only,43,single_rater_weak
2025_10_07_RSFB-Phenotyping_WG1_JLU/2025_10_07_RSFB-Phenotyping_WG1_JLU/20251007_130102.jpg,plot_1ebe9957308b8d3d6f7c,wg_insects_t1_bbch10,/home/nfs/data/nvme_datasets/Pictures_CFSB_leaf_damage/2025_10_07_RSFB-Phenotyping_WG1_JLU/2025_10_07_RSFB-Phenotyping_WG1_JLU/20251007_130102.jpg,2.0,3.0150537490844727,2.7955169677734375,-0.21953672170639038,0.7955169677734375,1.0150537490844727,gold_only,43,single_rater_weak
2025_10_07_RSFB-Phenotyping_WG1_JLU/2025_10_07_RSFB-Phenotyping_WG1_JLU/20251007_130110.jpg,plot_1ebe9957308b8d3d6f7c,wg_insects_t1_bbch10,/home/nfs/data/nvme_datasets/Pictures_CFSB_leaf_damage/2025_10_07_RSFB-Phenotyping_WG1_JLU/2025_10_07_RSFB-Phenotyping_WG1_JLU/20251007_130110.jpg,17.0,3.353799343109131,3.846285581588745,0.49248620867729187,13.153714179992676,13.646200180053711,gold_only,43,single_rater_weak
2025_10_07_RSFB-Phenotyping_WG1_JLU/2025_10_07_RSFB-Phenotyping_WG1_JLU/20251007_130118.jpg,plot_1ebe9957308b8d3d6f7c,wg_insects_t1_bbch10,/home/nfs/data/nvme_datasets/Pictures_CFSB_leaf_damage/2025_10_07_RSFB-Phenotyping_WG1_JLU/2025_10_07_RSFB-Phenotyping_WG1_JLU/20251007_130118.jpg,3.0,3.067507743835449,3.1615054607391357,0.0939977616071701,0.16150546073913574,0.06750774383544922,gold_only,43,single_rater_weak
2025_10_07_RSFB-Phenotyping_WG1_JLU/2025_10_07_RSFB-Phenotyping_WG1_JLU/20251007_130138.jpg,plot_2bd45c6deaec7c317449,wg_insects_t1_bbch10,/home/nfs/data/nvme_datasets/Pictures_CFSB_leaf_damage/2025_10_07_RSFB-Phenotyping_WG1_JLU/2025_10_07_RSFB-Phenotyping_WG1_JLU/20251007_130138.jpg,3.0,3.175227165222168,3.8675010204315186,0.6922739148139954,0.8675010204315186,0.17522716522216797,gold_only,43,single_rater_weak
2025_10_07_RSFB-Phenotyping_WG1_JLU/2025_10_07_RSFB-Phenotyping_WG1_JLU/20251007_130145.jpg,plot_2bd45c6deaec7c317449,wg_insects_t1_bbch10,/home/nfs/data/nvme_datasets/Pictures_CFSB_leaf_damage/2025_10_07_RSFB-Phenotyping_WG1_JLU/2025_10_07_RSFB-Phenotyping_WG1_JLU/20251007_130145.jpg,1.0,2.7936363220214844,3.454209804534912,0.6605735421180725,2.454209804534912,1.7936363220214844,gold_only,43,single_rater_weak
2025_10_07_RSFB-Phenotyping_WG1_JLU/2025_10_07_RSFB-Phenotyping_WG1_JLU/20251007_130154.jpg,plot_2bd45c6deaec7c317449,wg_insects_t1_bbch10,/home/nfs/data/nvme_datasets/Pictures_CFSB_leaf_damage/2025_10_07_RSFB-Phenotyping_WG1_JLU/2025_10_07_RSFB-Phenotyping_WG1_JLU/20251007_130154.jpg,2.0,2.062856674194336,2.557798385620117,0.4949416518211365,0.5577983856201172,0.06285667419433594,gold_only,43,single_rater_weak
2025_10_07_RSFB-Phenotyping_WG1_JLU/2025_10_07_RSFB-Phenotyping_WG1_JLU/20251007_130215.jpg,plot_daabce6fa0c139346130,wg_insects_t1_bbch10,/home/nfs/data/nvme_datasets/Pictures_CFSB_leaf_damage/2025_10_07_RSFB-Phenotyping_WG1_JLU/2025_10_07_RSFB-Phenotyping_WG1_JLU/20251007_130215.jpg,2.0,3.9486987590789795,3.888153314590454,-0.06054536998271942,1.888153314590454,1.9486987590789795,gold_only,43,single_rater_weak
2025_10_07_RSFB-Phenotyping_WG1_JLU/2025_10_07_RSFB-Phenotyping_WG1_JLU/20251007_130224.jpg,plot_daabce6fa0c139346130,wg_insects_t1_bbch10,/home/nfs/data/nvme_datasets/Pictures_CFSB_leaf_damage/2025_10_07_RSFB-Phenotyping_WG1_JLU/2025_10_07_RSFB-Phenotyping_WG1_JLU/20251007_130224.jpg,3.0,2.9114584922790527,2.516765594482422,-0.39469295740127563,0.4832344055175781,0.08854150772094727,gold_only,43,single_rater_weak
2025_10_07_RSFB-Phenotyping_WG1_JLU/2025_10_07_RSFB-Phenotyping_WG1_JLU/20251007_130234.jpg,plot_daabce6fa0c139346130,wg_insects_t1_bbch10,/home/nfs/data/nvme_datasets/Pictures_CFSB_leaf_damage/2025_10_07_RSFB-Phenotyping_WG1_JLU/2025_10_07_RSFB-Phenotyping_WG1_JLU/20251007_130234.jpg,3.0,4.260454177856445,4.132688999176025,-0.12776540219783783,1.1326889991760254,1.2604541778564453,gold_only,43,single_rater_weak
2025_10_07_RSFB-Phenotyping_WG1_JLU/2025_10_07_RSFB-Phenotyping_WG1_JLU/20251007_130253.jpg,plot_4206598cc044b47acb7d,wg_insects_t1_bbch10,/home/nfs/data/nvme_datasets/Pictures_CFSB_leaf_damage/2025_10_07_RSFB-Phenotyping_WG1_JLU/2025_10_07_RSFB-Phenotyping_WG1_JLU/20251007_130253.jpg,8.0,5.105946063995361,5.476985454559326,0.3710395395755768,2.523014545440674,2.8940539360046387,gold_only,43,single_rater_weak
2025_10_07_RSFB-Phenotyping_WG1_JLU/2025_10_07_RSFB-Phenotyping_WG1_JLU/20251007_130304.jpg,plot_4206598cc044b47acb7d,wg_insects_t1_bbch10,/home/nfs/data/nvme_datasets/Pictures_CFSB_leaf_damage/2025_10_07_RSFB-Phenotyping_WG1_JLU/2025_10_07_RSFB-Phenotyping_WG1_JLU/20251007_130304.jpg,4.0,2.8258090019226074,2.936554431915283,0.1107453852891922,1.0634455680847168,1.1741909980773926,gold_only,43,single_rater_weak
2025_10_07_RSFB-Phenotyping_WG1_JLU/2025_10_07_RSFB-Phenotyping_WG1_JLU/20251007_130312.jpg,plot_4206598cc044b47acb7d,wg_insects_t1_bbch10,/home/nfs/data/nvme_datasets/Pictures_CFSB_leaf_damage/2025_10_07_RSFB-Phenotyping_WG1_JLU/2025_10_07_RSFB-Phenotyping_WG1_JLU/20251007_130312.jpg,1.0,2.4621591567993164,2.620286226272583,0.15812698006629944,1.620286226272583,1.4621591567993164,gold_only,43,single_rater_weak
2025_10_07_RSFB-Phenotyping_WG1_JLU/2025_10_07_RSFB-Phenotyping_WG1_JLU/20251007_130332.jpg,plot_e1385eb9c590436bd736,wg_insects_t1_bbch10,/home/nfs/data/nvme_datasets/Pictures_CFSB_leaf_damage/2025_10_07_RSFB-Phenotyping_WG1_JLU/2025_10_07_RSFB-Phenotyping_WG1_JLU/20251007_130332.jpg,2.0,2.9672985076904297,2.4374682903289795,-0.5298301577568054,0.4374682903289795,0.9672985076904297,gold_only,43,single_rater_weak
2025_10_07_RSFB-Phenotyping_WG1_JLU/2025_10_07_RSFB-Phenotyping_WG1_JLU/20251007_130342.jpg,plot_e1385eb9c590436bd736,wg_insects_t1_bbch10,/home/nfs/data/nvme_datasets/Pictures_CFSB_leaf_damage/2025_10_07_RSFB-Phenotyping_WG1_JLU/2025_10_07_RSFB-Phenotyping_WG1_JLU/20251007_130342.jpg,3.0,2.7605433464050293,2.794839859008789,0.034296464174985886,0.20516014099121094,0.2394566535949707,gold_only,43,single_rater_weak
2025_10_07_RSFB-Phenotyping_WG1_JLU/2025_10_07_RSFB-Phenotyping_WG1_JLU/20251007_130349.jpg,plot_e1385eb9c590436bd736,wg_insects_t1_bbch10,/home/nfs/data/nvme_datasets/Pictures_CFSB_leaf_damage/2025_10_07_RSFB-Phenotyping_WG1_JLU/2025_10_07_RSFB-Phenotyping_WG1_JLU/20251007_130349.jpg,2.0,4.223881244659424,4.132587432861328,-0.09129399061203003,2.132587432861328,2.223881244659424,gold_only,43,single_rater_weak
2025_10_07_RSFB-Phenotyping_WG1_JLU/2025_10_07_RSFB-Phenotyping_WG1_JLU/20251007_130409.jpg,plot_a2d22d7d1cf2377876ce,wg_insects_t1_bbch10,/home/nfs/data/nvme_datasets/Pictures_CFSB_leaf_damage/2025_10_07_RSFB-Phenotyping_WG1_JLU/2025_10_07_RSFB-Phenotyping_WG1_JLU/20251007_130409.jpg,10.0,4.631988048553467,4.635692119598389,0.003704116214066744,5.364307880401611,5.368011951446533,gold_only,43,single_rater_weak
2025_10_07_RSFB-Phenotyping_WG1_JLU/2025_10_07_RSFB-Phenotyping_WG1_JLU/20251007_130417.jpg,plot_a2d22d7d1cf2377876ce,wg_insects_t1_bbch10,/home/nfs/data/nvme_datasets/Pictures_CFSB_leaf_damage/2025_10_07_RSFB-Phenotyping_WG1_JLU/2025_10_07_RSFB-Phenotyping_WG1_JLU/20251007_130417.jpg,8.0,4.2797956466674805,3.773273468017578,-0.5065221190452576,4.226726531982422,3.7202043533325195,gold_only,43,single_rater_weak
2025_10_07_RSFB-Phenotyping_WG1_JLU/2025_10_07_RSFB-Phenotyping_WG1_JLU/20251007_130424.jpg,plot_a2d22d7d1cf2377876ce,wg_insects_t1_bbch10,/home/nfs/data/nvme_datasets/Pictures_CFSB_leaf_damage/2025_10_07_RSFB-Phenotyping_WG1_JLU/2025_10_07_RSFB-Phenotyping_WG1_JLU/20251007_130424.jpg,23.0,3.5872981548309326,3.99545955657959,0.408161461353302,19.004539489746094,19.412702560424805,gold_only,43,single_rater_weak
2025_10_07_RSFB-Phenotyping_WG1_JLU/2025_10_07_RSFB-Phenotyping_WG1_JLU/20251007_130444.jpg,plot_6f29d2d8e263d28a77d4,wg_insects_t1_bbch10,/home/nfs/data/nvme_datasets/Pictures_CFSB_leaf_damage/2025_10_07_RSFB-Phenotyping_WG1_JLU/2025_10_07_RSFB-Phenotyping_WG1_JLU/20251007_130444.jpg,12.0,2.796492576599121,3.045008897781372,0.24851638078689575,8.954991340637207,9.203507423400879,gold_only,43,single_rater_weak
2025_10_07_RSFB-Phenotyping_WG1_JLU/2025_10_07_RSFB-Phenotyping_WG1_JLU/20251007_130454.jpg,plot_6f29d2d8e263d28a77d4,wg_insects_t1_bbch10,/home/nfs/data/nvme_datasets/Pictures_CFSB_leaf_damage/2025_10_07_RSFB-Phenotyping_WG1_JLU/2025_10_07_RSFB-Phenotyping_WG1_JLU/20251007_130454.jpg,3.0,3.5932345390319824,3.4450178146362305,-0.14821681380271912,0.44501781463623047,0.5932345390319824,gold_only,43,single_rater_weak
2025_10_07_RSFB-Phenotyping_WG1_JLU/2025_10_07_RSFB-Phenotyping_WG1_JLU/20251007_130504.jpg,plot_6f29d2d8e263d28a77d4,wg_insects_t1_bbch10,/home/nfs/data/nvme_datasets/Pictures_CFSB_leaf_damage/2025_10_07_RSFB-Phenotyping_WG1_JLU/2025_10_07_RSFB-Phenotyping_WG1_JLU/20251007_130504.jpg,4.0,4.115331649780273,4.404720783233643,0.28938910365104675,0.4047207832336426,0.11533164978027344,gold_only,43,single_rater_weak
2025_10_07_RSFB-Phenotyping_WG1_JLU/2025_10_07_RSFB-Phenotyping_WG1_JLU/20251007_130526.jpg,plot_3185dcaf01720036eb25,wg_insects_t1_bbch10,/home/nfs/data/nvme_datasets/Pictures_CFSB_leaf_damage/2025_10_07_RSFB-Phenotyping_WG1_JLU/2025_10_07_RSFB-Phenotyping_WG1_JLU/20251007_130526.jpg,4.0,2.914649486541748,3.3516292572021484,0.43697988986968994,0.6483707427978516,1.085350513458252,gold_only,43,single_rater_weak
2025_10_07_RSFB-Phenotyping_WG1_JLU/2025_10_07_RSFB-Phenotyping_WG1_JLU/20251007_130534.jpg,plot_3185dcaf01720036eb25,wg_insects_t1_bbch10,/home/nfs/data/nvme_datasets/Pictures_CFSB_leaf_damage/2025_10_07_RSFB-Phenotyping_WG1_JLU/2025_10_07_RSFB-Phenotyping_WG1_JLU/20251007_130534.jpg,13.0,3.3476810455322266,3.9437379837036133,0.5960568189620972,9.056262016296387,9.652318954467773,gold_only,43,single_rater_weak
2025_10_07_RSFB-Phenotyping_WG1_JLU/2025_10_07_RSFB-Phenotyping_WG1_JLU/20251007_130543.jpg,plot_3185dcaf01720036eb25,wg_insects_t1_bbch10,/home/nfs/data/nvme_datasets/Pictures_CFSB_leaf_damage/2025_10_07_RSFB-Phenotyping_WG1_JLU/2025_10_07_RSFB-Phenotyping_WG1_JLU/20251007_130543.jpg,5.0,2.2540030479431152,2.331772565841675,0.07776942849159241,2.668227434158325,2.7459969520568848,gold_only,43,single_rater_weak
2025_10_07_RSFB-Phenotyping_WG1_JLU/2025_10_07_RSFB-Phenotyping_WG1_JLU/20251007_130612.jpg,plot_504180001e19348e8218,wg_insects_t1_bbch10,/home/nfs/data/nvme_datasets/Pictures_CFSB_leaf_damage/2025_10_07_RSFB-Phenotyping_WG1_JLU/2025_10_07_RSFB-Phenotyping_WG1_JLU/20251007_130612.jpg,2.0,2.6794228553771973,3.089397430419922,0.40997451543807983,1.0893974304199219,0.6794228553771973,gold_only,43,single_rater_weak
2025_10_07_RSFB-Phenotyping_WG1_JLU/2025_10_07_RSFB-Phenotyping_WG1_JLU/20251007_130619.jpg,plot_504180001e19348e8218,wg_insects_t1_bbch10,/home/nfs/data/nvme_datasets/Pictures_CFSB_leaf_damage/2025_10_07_RSFB-Phenotyping_WG1_JLU/2025_10_07_RSFB-Phenotyping_WG1_JLU/20251007_130619.jpg,2.0,4.940624237060547,5.989097595214844,1.048473596572876,3.9890975952148438,2.940624237060547,gold_only,43,single_rater_weak
2025_10_07_RSFB-Phenotyping_WG1_JLU/2025_10_07_RSFB-Phenotyping_WG1_JLU/20251007_130627.jpg,plot_504180001e19348e8218,wg_insects_t1_bbch10,/home/nfs/data/nvme_datasets/Pictures_CFSB_leaf_damage/2025_10_07_RSFB-Phenotyping_WG1_JLU/2025_10_07_RSFB-Phenotyping_WG1_JLU/20251007_130627.jpg,1.0,2.1256980895996094,2.4053404331207275,0.2796424329280853,1.4053404331207275,1.1256980895996094,gold_only,43,single_rater_weak
2025_10_07_RSFB-Phenotyping_WG1_JLU/2025_10_07_RSFB-Phenotyping_WG1_JLU/20251007_130648.jpg,plot_f179b08f0fba3c9f4d06,wg_insects_t1_bbch10,/home/nfs/data/nvme_datasets/Pictures_CFSB_leaf_damage/2025_10_07_RSFB-Phenotyping_WG1_JLU/2025_10_07_RSFB-Phenotyping_WG1_JLU/20251007_130648.jpg,4.0,3.1810555458068848,3.325913906097412,0.14485836029052734,0.6740860939025879,0.8189444541931152,gold_only,43,single_rater_weak
2025_10_07_RSFB-Phenotyping_WG1_JLU/2025_10_07_RSFB-Phenotyping_WG1_JLU/20251007_130656.jpg,plot_f179b08f0fba3c9f4d06,wg_insects_t1_bbch10,/home/nfs/data/nvme_datasets/Pictures_CFSB_leaf_damage/2025_10_07_RSFB-Phenotyping_WG1_JLU/2025_10_07_RSFB-Phenotyping_WG1_JLU/20251007_130656.jpg,2.0,3.549347162246704,3.6995139122009277,0.15016676485538483,1.6995139122009277,1.549347162246704,gold_only,43,single_rater_weak
2025_10_07_RSFB-Phenotyping_WG1_JLU/2025_10_07_RSFB-Phenotyping_WG1_JLU/20251007_130705.jpg,plot_f179b08f0fba3c9f4d06,wg_insects_t1_bbch10,/home/nfs/data/nvme_datasets/Pictures_CFSB_leaf_damage/2025_10_07_RSFB-Phenotyping_WG1_JLU/2025_10_07_RSFB-Phenotyping_WG1_JLU/20251007_130705.jpg,18.0,6.398591041564941,6.894040107727051,0.4954489469528198,11.10595989227295,11.601408958435059,gold_only,43,single_rater_weak
2025_10_07_RSFB-Phenotyping_WG1_JLU/2025_10_07_RSFB-Phenotyping_WG1_JLU/20251007_130726.jpg,plot_78287cf2b6571cf498a7,wg_insects_t1_bbch10,/home/nfs/data/nvme_datasets/Pictures_CFSB_leaf_damage/2025_10_07_RSFB-Phenotyping_WG1_JLU/2025_10_07_RSFB-Phenotyping_WG1_JLU/20251007_130726.jpg,14.0,6.005797386169434,7.178589344024658,1.172791838645935,6.821410655975342,7.994202613830566,gold_only,43,single_rater_weak
2025_10_07_RSFB-Phenotyping_WG1_JLU/2025_10_07_RSFB-Phenotyping_WG1_JLU/20251007_130733.jpg,plot_78287cf2b6571cf498a7,wg_insects_t1_bbch10,/home/nfs/data/nvme_datasets/Pictures_CFSB_leaf_damage/2025_10_07_RSFB-Phenotyping_WG1_JLU/2025_10_07_RSFB-Phenotyping_WG1_JLU/20251007_130733.jpg,4.0,3.147400379180908,3.3401100635528564,0.1927097737789154,0.6598899364471436,0.8525996208190918,gold_only,43,single_rater_weak
2025_10_07_RSFB-Phenotyping_WG1_JLU/2025_10_07_RSFB-Phenotyping_WG1_JLU/20251007_130740.jpg,plot_78287cf2b6571cf498a7,wg_insects_t1_bbch10,/home/nfs/data/nvme_datasets/Pictures_CFSB_leaf_damage/2025_10_07_RSFB-Phenotyping_WG1_JLU/2025_10_07_RSFB-Phenotyping_WG1_JLU/20251007_130740.jpg,2.0,3.4471664428710938,3.988945960998535,0.541779637336731,1.9889459609985352,1.4471664428710938,gold_only,43,single_rater_weak
2025_10_07_RSFB-Phenotyping_WG1_JLU/2025_10_07_RSFB-Phenotyping_WG1_JLU/20251007_130758.jpg,plot_aa30bb17fa7e5df833e2,wg_insects_t1_bbch10,/home/nfs/data/nvme_datasets/Pictures_CFSB_leaf_damage/2025_10_07_RSFB-Phenotyping_WG1_JLU/2025_10_07_RSFB-Phenotyping_WG1_JLU/20251007_130758.jpg,13.0,2.5602622032165527,2.97259521484375,0.41233304142951965,10.02740478515625,10.439737319946289,gold_only,43,single_rater_weak
2025_10_07_RSFB-Phenotyping_WG1_JLU/2025_10_07_RSFB-Phenotyping_WG1_JLU/20251007_130804.jpg,plot_aa30bb17fa7e5df833e2,wg_insects_t1_bbch10,/home/nfs/data/nvme_datasets/Pictures_CFSB_leaf_damage/2025_10_07_RSFB-Phenotyping_WG1_JLU/2025_10_07_RSFB-Phenotyping_WG1_JLU/20251007_130804.jpg,8.0,2.0528788566589355,2.125016689300537,0.07213794440031052,5.874983310699463,5.9471211433410645,gold_only,43,single_rater_weak
2025_10_07_RSFB-Phenotyping_WG1_JLU/2025_10_07_RSFB-Phenotyping_WG1_JLU/20251007_130811.jpg,plot_aa30bb17fa7e5df833e2,wg_insects_t1_bbch10,/home/nfs/data/nvme_datasets/Pictures_CFSB_leaf_damage/2025_10_07_RSFB-Phenotyping_WG1_JLU/2025_10_07_RSFB-Phenotyping_WG1_JLU/20251007_130811.jpg,3.0,3.753615140914917,4.251895904541016,0.4982808232307434,1.2518959045410156,0.753615140914917,gold_only,43,single_rater_weak
2025_10_07_RSFB-Phenotyping_WG1_JLU/2025_10_07_RSFB-Phenotyping_WG1_JLU/20251007_130830.jpg,plot_9131f3f6bd76778beb76,wg_insects_t1_bbch10,/home/nfs/data/nvme_datasets/Pictures_CFSB_leaf_damage/2025_10_07_RSFB-Phenotyping_WG1_JLU/2025_10_07_RSFB-Phenotyping_WG1_JLU/20251007_130830.jpg,8.0,3.342439651489258,3.9572441577911377,0.6148045659065247,4.042756080627441,4.657560348510742,gold_only,43,single_rater_weak
2025_10_07_RSFB-Phenotyping_WG1_JLU/2025_10_07_RSFB-Phenotyping_WG1_JLU/20251007_130838.jpg,plot_9131f3f6bd76778beb76,wg_insects_t1_bbch10,/home/nfs/data/nvme_datasets/Pictures_CFSB_leaf_damage/2025_10_07_RSFB-Phenotyping_WG1_JLU/2025_10_07_RSFB-Phenotyping_WG1_JLU/20251007_130838.jpg,2.0,2.8782591819763184,2.766364097595215,-0.11189505457878113,0.7663640975952148,0.8782591819763184,gold_only,43,single_rater_weak
2025_10_07_RSFB-Phenotyping_WG1_JLU/2025_10_07_RSFB-Phenotyping_WG1_JLU/20251007_130845.jpg,plot_9131f3f6bd76778beb76,wg_insects_t1_bbch10,/home/nfs/data/nvme_datasets/Pictures_CFSB_leaf_damage/2025_10_07_RSFB-Phenotyping_WG1_JLU/2025_10_07_RSFB-Phenotyping_WG1_JLU/20251007_130845.jpg,8.0,3.5983474254608154,4.2490763664245605,0.6507290005683899,3.7509236335754395,4.4016523361206055,gold_only,43,single_rater_weak
2025_10_07_RSFB-Phenotyping_WG1_JLU/2025_10_07_RSFB-Phenotyping_WG1_JLU/20251007_130925.jpg,plot_8ced70c78fc97cac2d07,wg_insects_t1_bbch10,/home/nfs/data/nvme_datasets/Pictures_CFSB_leaf_damage/2025_10_07_RSFB-Phenotyping_WG1_JLU/2025_10_07_RSFB-Phenotyping_WG1_JLU/20251007_130925.jpg,3.0,6.8267645835876465,7.872589588165283,1.0458251237869263,4.872589588165283,3.8267645835876465,gold_only,43,single_rater_weak
2025_10_07_RSFB-Phenotyping_WG1_JLU/2025_10_07_RSFB-Phenotyping_WG1_JLU/20251007_130934.jpg,plot_8ced70c78fc97cac2d07,wg_insects_t1_bbch10,/home/nfs/data/nvme_datasets/Pictures_CFSB_leaf_damage/2025_10_07_RSFB-Phenotyping_WG1_JLU/2025_10_07_RSFB-Phenotyping_WG1_JLU/20251007_130934.jpg,1.0,6.824329376220703,7.032717227935791,0.20838776230812073,6.032717227935791,5.824329376220703,gold_only,43,single_rater_weak
2025_10_07_RSFB-Phenotyping_WG1_JLU/2025_10_07_RSFB-Phenotyping_WG1_JLU/20251007_130943.jpg,plot_8ced70c78fc97cac2d07,wg_insects_t1_bbch10,/home/nfs/data/nvme_datasets/Pictures_CFSB_leaf_damage/2025_10_07_RSFB-Phenotyping_WG1_JLU/2025_10_07_RSFB-Phenotyping_WG1_JLU/20251007_130943.jpg,2.0,3.3637478351593018,3.1967506408691406,-0.16699731349945068,1.1967506408691406,1.3637478351593018,gold_only,43,single_rater_weak
2025_10_07_RSFB-Phenotyping_WG1_JLU/2025_10_07_RSFB-Phenotyping_WG1_JLU/20251007_131006.jpg,plot_f9a0a2ea5a8ea7c906d7,wg_insects_t1_bbch10,/home/nfs/data/nvme_datasets/Pictures_CFSB_leaf_damage/2025_10_07_RSFB-Phenotyping_WG1_JLU/2025_10_07_RSFB-Phenotyping_WG1_JLU/20251007_131006.jpg,4.0,8.292194366455078,9.540422439575195,1.2482280731201172,5.540422439575195,4.292194366455078,gold_only,43,single_rater_weak
2025_10_07_RSFB-Phenotyping_WG1_JLU/2025_10_07_RSFB-Phenotyping_WG1_JLU/20251007_131014.jpg,plot_f9a0a2ea5a8ea7c906d7,wg_insects_t1_bbch10,/home/nfs/data/nvme_datasets/Pictures_CFSB_leaf_damage/2025_10_07_RSFB-Phenotyping_WG1_JLU/2025_10_07_RSFB-Phenotyping_WG1_JLU/20251007_131014.jpg,19.0,9.382454872131348,9.252005577087402,-0.13044922053813934,9.747994422912598,9.617545127868652,gold_only,43,single_rater_weak
2025_10_07_RSFB-Phenotyping_WG1_JLU/2025_10_07_RSFB-Phenotyping_WG1_JLU/20251007_131021.jpg,plot_f9a0a2ea5a8ea7c906d7,wg_insects_t1_bbch10,/home/nfs/data/nvme_datasets/Pictures_CFSB_leaf_damage/2025_10_07_RSFB-Phenotyping_WG1_JLU/2025_10_07_RSFB-Phenotyping_WG1_JLU/20251007_131021.jpg,2.0,7.7009806632995605,8.454793930053711,0.7538133263587952,6.454793930053711,5.7009806632995605,gold_only,43,single_rater_weak
2025_10_07_RSFB-Phenotyping_WG1_JLU/2025_10_07_RSFB-Phenotyping_WG1_JLU/20251007_131039.jpg,plot_78e7e0789c84452c5544,wg_insects_t1_bbch10,/home/nfs/data/nvme_datasets/Pictures_CFSB_leaf_damage/2025_10_07_RSFB-Phenotyping_WG1_JLU/2025_10_07_RSFB-Phenotyping_WG1_JLU/20251007_131039.jpg,2.0,3.293886661529541,3.957555055618286,0.6636684536933899,1.9575550556182861,1.293886661529541,gold_only,43,single_rater_weak
2025_10_07_RSFB-Phenotyping_WG1_JLU/2025_10_07_RSFB-Phenotyping_WG1_JLU/20251007_131046.jpg,plot_78e7e0789c84452c5544,wg_insects_t1_bbch10,/home/nfs/data/nvme_datasets/Pictures_CFSB_leaf_damage/2025_10_07_RSFB-Phenotyping_WG1_JLU/2025_10_07_RSFB-Phenotyping_WG1_JLU/20251007_131046.jpg,3.0,7.151191711425781,8.329390525817871,1.1781989336013794,5.329390525817871,4.151191711425781,gold_only,43,single_rater_weak
2025_10_07_RSFB-Phenotyping_WG1_JLU/2025_10_07_RSFB-Phenotyping_WG1_JLU/20251007_131053.jpg,plot_78e7e0789c84452c5544,wg_insects_t1_bbch10,/home/nfs/data/nvme_datasets/Pictures_CFSB_leaf_damage/2025_10_07_RSFB-Phenotyping_WG1_JLU/2025_10_07_RSFB-Phenotyping_WG1_JLU/20251007_131053.jpg,1.0,1.3344507217407227,2.792858839035034,1.4584081172943115,1.7928588390350342,0.33445072174072266,gold_only,43,single_rater_weak
2025_10_07_RSFB-Phenotyping_WG1_JLU/2025_10_07_RSFB-Phenotyping_WG1_JLU/20251007_131116.jpg,plot_87206044d7c8f4ed7e4f,wg_insects_t1_bbch10,/home/nfs/data/nvme_datasets/Pictures_CFSB_leaf_damage/2025_10_07_RSFB-Phenotyping_WG1_JLU/2025_10_07_RSFB-Phenotyping_WG1_JLU/20251007_131116.jpg,1.0,3.785796880722046,3.377094030380249,-0.40870293974876404,2.377094030380249,2.785796880722046,gold_only,43,single_rater_weak
2025_10_07_RSFB-Phenotyping_WG1_JLU/2025_10_07_RSFB-Phenotyping_WG1_JLU/20251007_131123.jpg,plot_87206044d7c8f4ed7e4f,wg_insects_t1_bbch10,/home/nfs/data/nvme_datasets/Pictures_CFSB_leaf_damage/2025_10_07_RSFB-Phenotyping_WG1_JLU/2025_10_07_RSFB-Phenotyping_WG1_JLU/20251007_131123.jpg,1.0,3.362509250640869,3.6601943969726562,0.2976852357387543,2.6601943969726562,2.362509250640869,gold_only,43,single_rater_weak
2025_10_07_RSFB-Phenotyping_WG1_JLU/2025_10_07_RSFB-Phenotyping_WG1_JLU/20251007_131133.jpg,plot_87206044d7c8f4ed7e4f,wg_insects_t1_bbch10,/home/nfs/data/nvme_datasets/Pictures_CFSB_leaf_damage/2025_10_07_RSFB-Phenotyping_WG1_JLU/2025_10_07_RSFB-Phenotyping_WG1_JLU/20251007_131133.jpg,2.0,3.5002529621124268,3.2342758178710938,-0.2659772038459778,1.2342758178710938,1.5002529621124268,gold_only,43,single_rater_weak
2025_10_07_RSFB-Phenotyping_WG1_JLU/2025_10_07_RSFB-Phenotyping_WG1_JLU/20251007_131150.jpg,plot_1917cffb7f35fb1f0351,wg_insects_t1_bbch10,/home/nfs/data/nvme_datasets/Pictures_CFSB_leaf_damage/2025_10_07_RSFB-Phenotyping_WG1_JLU/2025_10_07_RSFB-Phenotyping_WG1_JLU/20251007_131150.jpg,1.0,1.7957983016967773,2.3009138107299805,0.5051156282424927,1.3009138107299805,0.7957983016967773,gold_only,43,single_rater_weak
2025_10_07_RSFB-Phenotyping_WG1_JLU/2025_10_07_RSFB-Phenotyping_WG1_JLU/20251007_131200.jpg,plot_1917cffb7f35fb1f0351,wg_insects_t1_bbch10,/home/nfs/data/nvme_datasets/Pictures_CFSB_leaf_damage/2025_10_07_RSFB-Phenotyping_WG1_JLU/2025_10_07_RSFB-Phenotyping_WG1_JLU/20251007_131200.jpg,4.0,3.9641873836517334,5.415745735168457,1.4515585899353027,1.415745735168457,0.0358126163482666,gold_only,43,single_rater_weak
2025_10_07_RSFB-Phenotyping_WG1_JLU/2025_10_07_RSFB-Phenotyping_WG1_JLU/20251007_131207.jpg,plot_1917cffb7f35fb1f0351,wg_insects_t1_bbch10,/home/nfs/data/nvme_datasets/Pictures_CFSB_leaf_damage/2025_10_07_RSFB-Phenotyping_WG1_JLU/2025_10_07_RSFB-Phenotyping_WG1_JLU/20251007_131207.jpg,3.0,2.6149215698242188,2.455026626586914,-0.15989485383033752,0.5449733734130859,0.38507843017578125,gold_only,43,single_rater_weak
2025_10_07_RSFB-Phenotyping_WG1_JLU/2025_10_07_RSFB-Phenotyping_WG1_JLU/20251007_131225.jpg,plot_a0936eab9317839eecb3,wg_insects_t1_bbch10,/home/nfs/data/nvme_datasets/Pictures_CFSB_leaf_damage/2025_10_07_RSFB-Phenotyping_WG1_JLU/2025_10_07_RSFB-Phenotyping_WG1_JLU/20251007_131225.jpg,10.0,3.7630856037139893,4.719643592834473,0.9565579891204834,5.280356407165527,6.23691463470459,gold_only,43,single_rater_weak
2025_10_07_RSFB-Phenotyping_WG1_JLU/2025_10_07_RSFB-Phenotyping_WG1_JLU/20251007_131232.jpg,plot_a0936eab9317839eecb3,wg_insects_t1_bbch10,/home/nfs/data/nvme_datasets/Pictures_CFSB_leaf_damage/2025_10_07_RSFB-Phenotyping_WG1_JLU/2025_10_07_RSFB-Phenotyping_WG1_JLU/20251007_131232.jpg,16.0,2.9955873489379883,3.091078281402588,0.09549093246459961,12.90892219543457,13.004412651062012,gold_only,43,single_rater_weak
2025_10_07_RSFB-Phenotyping_WG1_JLU/2025_10_07_RSFB-Phenotyping_WG1_JLU/20251007_131240.jpg,plot_a0936eab9317839eecb3,wg_insects_t1_bbch10,/home/nfs/data/nvme_datasets/Pictures_CFSB_leaf_damage/2025_10_07_RSFB-Phenotyping_WG1_JLU/2025_10_07_RSFB-Phenotyping_WG1_JLU/20251007_131240.jpg,3.0,3.358304262161255,3.4480109214782715,0.08970664441585541,0.4480109214782715,0.3583042621612549,gold_only,43,single_rater_weak
2025_10_07_RSFB-Phenotyping_WG1_JLU/2025_10_07_RSFB-Phenotyping_WG1_JLU/20251007_131259.jpg,plot_42c804b6709b845c09a3,wg_insects_t1_bbch10,/home/nfs/data/nvme_datasets/Pictures_CFSB_leaf_damage/2025_10_07_RSFB-Phenotyping_WG1_JLU/2025_10_07_RSFB-Phenotyping_WG1_JLU/20251007_131259.jpg,8.0,3.8480801582336426,5.141593933105469,1.2935138940811157,2.8584060668945312,4.151919841766357,gold_only,43,single_rater_weak
2025_10_07_RSFB-Phenotyping_WG1_JLU/2025_10_07_RSFB-Phenotyping_WG1_JLU/20251007_131305.jpg,plot_42c804b6709b845c09a3,wg_insects_t1_bbch10,/home/nfs/data/nvme_datasets/Pictures_CFSB_leaf_damage/2025_10_07_RSFB-Phenotyping_WG1_JLU/2025_10_07_RSFB-Phenotyping_WG1_JLU/20251007_131305.jpg,3.0,3.5329809188842773,4.060401916503906,0.5274208784103394,1.0604019165039062,0.5329809188842773,gold_only,43,single_rater_weak
2025_10_07_RSFB-Phenotyping_WG1_JLU/2025_10_07_RSFB-Phenotyping_WG1_JLU/20251007_131312.jpg,plot_42c804b6709b845c09a3,wg_insects_t1_bbch10,/home/nfs/data/nvme_datasets/Pictures_CFSB_leaf_damage/2025_10_07_RSFB-Phenotyping_WG1_JLU/2025_10_07_RSFB-Phenotyping_WG1_JLU/20251007_131312.jpg,3.0,4.058403968811035,5.344106197357178,1.2857022285461426,2.3441061973571777,1.0584039688110352,gold_only,43,single_rater_weak
2025_10_07_RSFB-Phenotyping_WG1_JLU/2025_10_07_RSFB-Phenotyping_WG1_JLU/20251007_131332.jpg,plot_f8bd3526d9c55598df8e,wg_insects_t1_bbch10,/home/nfs/data/nvme_datasets/Pictures_CFSB_leaf_damage/2025_10_07_RSFB-Phenotyping_WG1_JLU/2025_10_07_RSFB-Phenotyping_WG1_JLU/20251007_131332.jpg,12.0,3.795905828475952,4.175130367279053,0.3792246878147125,7.824869632720947,8.204093933105469,gold_only,43,single_rater_weak
2025_10_07_RSFB-Phenotyping_WG1_JLU/2025_10_07_RSFB-Phenotyping_WG1_JLU/20251007_131339.jpg,plot_f8bd3526d9c55598df8e,wg_insects_t1_bbch10,/home/nfs/data/nvme_datasets/Pictures_CFSB_leaf_damage/2025_10_07_RSFB-Phenotyping_WG1_JLU/2025_10_07_RSFB-Phenotyping_WG1_JLU/20251007_131339.jpg,4.0,4.063373565673828,3.9482078552246094,-0.11516568064689636,0.051792144775390625,0.06337356567382812,gold_only,43,single_rater_weak
2025_10_07_RSFB-Phenotyping_WG1_JLU/2025_10_07_RSFB-Phenotyping_WG1_JLU/20251007_131348.jpg,plot_f8bd3526d9c55598df8e,wg_insects_t1_bbch10,/home/nfs/data/nvme_datasets/Pictures_CFSB_leaf_damage/2025_10_07_RSFB-Phenotyping_WG1_JLU/2025_10_07_RSFB-Phenotyping_WG1_JLU/20251007_131348.jpg,5.0,1.494530200958252,2.2939720153808594,0.7994416952133179,2.7060279846191406,3.505469799041748,gold_only,43,single_rater_weak
2025_10_07_RSFB-Phenotyping_WG1_JLU/2025_10_07_RSFB-Phenotyping_WG1_JLU/20251007_131407.jpg,plot_6c38620dbfde231ed816,wg_insects_t1_bbch10,/home/nfs/data/nvme_datasets/Pictures_CFSB_leaf_damage/2025_10_07_RSFB-Phenotyping_WG1_JLU/2025_10_07_RSFB-Phenotyping_WG1_JLU/20251007_131407.jpg,2.0,2.8147268295288086,2.5674846172332764,-0.247242271900177,0.5674846172332764,0.8147268295288086,gold_only,43,single_rater_weak
2025_10_07_RSFB-Phenotyping_WG1_JLU/2025_10_07_RSFB-Phenotyping_WG1_JLU/20251007_131414.jpg,plot_6c38620dbfde231ed816,wg_insects_t1_bbch10,/home/nfs/data/nvme_datasets/Pictures_CFSB_leaf_damage/2025_10_07_RSFB-Phenotyping_WG1_JLU/2025_10_07_RSFB-Phenotyping_WG1_JLU/20251007_131414.jpg,3.0,3.0403356552124023,3.8316779136657715,0.7913421988487244,0.8316779136657715,0.040335655212402344,gold_only,43,single_rater_weak
2025_10_07_RSFB-Phenotyping_WG1_JLU/2025_10_07_RSFB-Phenotyping_WG1_JLU/20251007_131420.jpg,plot_6c38620dbfde231ed816,wg_insects_t1_bbch10,/home/nfs/data/nvme_datasets/Pictures_CFSB_leaf_damage/2025_10_07_RSFB-Phenotyping_WG1_JLU/2025_10_07_RSFB-Phenotyping_WG1_JLU/20251007_131420.jpg,4.0,3.8312630653381348,3.8809618949890137,0.04969891533255577,0.11903810501098633,0.16873693466186523,gold_only,43,single_rater_weak
2025_10_07_RSFB-Phenotyping_WG1_JLU/2025_10_07_RSFB-Phenotyping_WG1_JLU/20251007_131438.jpg,plot_95a120ddcb4142f71cc8,wg_insects_t1_bbch10,/home/nfs/data/nvme_datasets/Pictures_CFSB_leaf_damage/2025_10_07_RSFB-Phenotyping_WG1_JLU/2025_10_07_RSFB-Phenotyping_WG1_JLU/20251007_131438.jpg,3.0,3.2210235595703125,3.0432329177856445,-0.1777905374765396,0.04323291778564453,0.2210235595703125,gold_only,43,single_rater_weak
2025_10_07_RSFB-Phenotyping_WG1_JLU/2025_10_07_RSFB-Phenotyping_WG1_JLU/20251007_131445.jpg,plot_95a120ddcb4142f71cc8,wg_insects_t1_bbch10,/home/nfs/data/nvme_datasets/Pictures_CFSB_leaf_damage/2025_10_07_RSFB-Phenotyping_WG1_JLU/2025_10_07_RSFB-Phenotyping_WG1_JLU/20251007_131445.jpg,2.0,2.8113222122192383,3.23832106590271,0.4269987642765045,1.23832106590271,0.8113222122192383,gold_only,43,single_rater_weak
2025_10_07_RSFB-Phenotyping_WG1_JLU/2025_10_07_RSFB-Phenotyping_WG1_JLU/20251007_131452.jpg,plot_95a120ddcb4142f71cc8,wg_insects_t1_bbch10,/home/nfs/data/nvme_datasets/Pictures_CFSB_leaf_damage/2025_10_07_RSFB-Phenotyping_WG1_JLU/2025_10_07_RSFB-Phenotyping_WG1_JLU/20251007_131452.jpg,2.0,3.523940086364746,4.227418899536133,0.7034789323806763,2.227418899536133,1.523940086364746,gold_only,43,single_rater_weak
2025_10_07_RSFB-Phenotyping_WG1_JLU/2025_10_07_RSFB-Phenotyping_WG1_JLU/20251007_131511.jpg,plot_070393c4afb318f09bba,wg_insects_t1_bbch10,/home/nfs/data/nvme_datasets/Pictures_CFSB_leaf_damage/2025_10_07_RSFB-Phenotyping_WG1_JLU/2025_10_07_RSFB-Phenotyping_WG1_JLU/20251007_131511.jpg,3.0,7.691803455352783,8.60743236541748,0.9156286120414734,5.6074323654174805,4.691803455352783,gold_only,43,single_rater_weak
2025_10_07_RSFB-Phenotyping_WG1_JLU/2025_10_07_RSFB-Phenotyping_WG1_JLU/20251007_131518.jpg,plot_070393c4afb318f09bba,wg_insects_t1_bbch10,/home/nfs/data/nvme_datasets/Pictures_CFSB_leaf_damage/2025_10_07_RSFB-Phenotyping_WG1_JLU/2025_10_07_RSFB-Phenotyping_WG1_JLU/20251007_131518.jpg,2.0,2.6854467391967773,2.553637981414795,-0.13180866837501526,0.5536379814147949,0.6854467391967773,gold_only,43,single_rater_weak
2025_10_07_RSFB-Phenotyping_WG1_JLU/2025_10_07_RSFB-Phenotyping_WG1_JLU/20251007_131525.jpg,plot_070393c4afb318f09bba,wg_insects_t1_bbch10,/home/nfs/data/nvme_datasets/Pictures_CFSB_leaf_damage/2025_10_07_RSFB-Phenotyping_WG1_JLU/2025_10_07_RSFB-Phenotyping_WG1_JLU/20251007_131525.jpg,2.0,2.526623249053955,3.29414701461792,0.7675236463546753,1.29414701461792,0.5266232490539551,gold_only,43,single_rater_weak
2025_10_07_RSFB-Phenotyping_WG1_JLU/2025_10_07_RSFB-Phenotyping_WG1_JLU/20251007_131545.jpg,plot_e9e70368065f615a5caf,wg_insects_t1_bbch10,/home/nfs/data/nvme_datasets/Pictures_CFSB_leaf_damage/2025_10_07_RSFB-Phenotyping_WG1_JLU/2025_10_07_RSFB-Phenotyping_WG1_JLU/20251007_131545.jpg,4.0,5.458853721618652,6.699452877044678,1.2405990362167358,2.6994528770446777,1.4588537216186523,gold_only,43,single_rater_weak
2025_10_07_RSFB-Phenotyping_WG1_JLU/2025_10_07_RSFB-Phenotyping_WG1_JLU/20251007_131553.jpg,plot_e9e70368065f615a5caf,wg_insects_t1_bbch10,/home/nfs/data/nvme_datasets/Pictures_CFSB_leaf_damage/2025_10_07_RSFB-Phenotyping_WG1_JLU/2025_10_07_RSFB-Phenotyping_WG1_JLU/20251007_131553.jpg,2.0,3.562363624572754,3.349898099899292,-0.2124655544757843,1.349898099899292,1.562363624572754,gold_only,43,single_rater_weak
2025_10_07_RSFB-Phenotyping_WG1_JLU/2025_10_07_RSFB-Phenotyping_WG1_JLU/20251007_131559.jpg,plot_e9e70368065f615a5caf,wg_insects_t1_bbch10,/home/nfs/data/nvme_datasets/Pictures_CFSB_leaf_damage/2025_10_07_RSFB-Phenotyping_WG1_JLU/2025_10_07_RSFB-Phenotyping_WG1_JLU/20251007_131559.jpg,1.0,1.8971195220947266,3.2202885150909424,1.3231689929962158,2.2202885150909424,0.8971195220947266,gold_only,43,single_rater_weak
2025_10_07_RSFB-Phenotyping_WG1_JLU/2025_10_07_RSFB-Phenotyping_WG1_JLU/20251007_131619.jpg,plot_61e03f3c2084a75c02a0,wg_insects_t1_bbch10,/home/nfs/data/nvme_datasets/Pictures_CFSB_leaf_damage/2025_10_07_RSFB-Phenotyping_WG1_JLU/2025_10_07_RSFB-Phenotyping_WG1_JLU/20251007_131619.jpg,1.0,2.027383804321289,2.3676905632019043,0.3403067886829376,1.3676905632019043,1.027383804321289,gold_only,43,single_rater_weak
2025_10_07_RSFB-Phenotyping_WG1_JLU/2025_10_07_RSFB-Phenotyping_WG1_JLU/20251007_131626.jpg,plot_61e03f3c2084a75c02a0,wg_insects_t1_bbch10,/home/nfs/data/nvme_datasets/Pictures_CFSB_leaf_damage/2025_10_07_RSFB-Phenotyping_WG1_JLU/2025_10_07_RSFB-Phenotyping_WG1_JLU/20251007_131626.jpg,3.0,2.6172752380371094,3.1478142738342285,0.5305390357971191,0.14781427383422852,0.3827247619628906,gold_only,43,single_rater_weak
2025_10_07_RSFB-Phenotyping_WG1_JLU/2025_10_07_RSFB-Phenotyping_WG1_JLU/20251007_131632.jpg,plot_61e03f3c2084a75c02a0,wg_insects_t1_bbch10,/home/nfs/data/nvme_datasets/Pictures_CFSB_leaf_damage/2025_10_07_RSFB-Phenotyping_WG1_JLU/2025_10_07_RSFB-Phenotyping_WG1_JLU/20251007_131632.jpg,1.0,4.650906562805176,5.210506439208984,0.5595996975898743,4.210506439208984,3.650906562805176,gold_only,43,single_rater_weak
2025_10_07_RSFB-Phenotyping_WG1_JLU/2025_10_07_RSFB-Phenotyping_WG1_JLU/20251007_131654.jpg,plot_be5b81b9bfb5153b2e4f,wg_insects_t1_bbch10,/home/nfs/data/nvme_datasets/Pictures_CFSB_leaf_damage/2025_10_07_RSFB-Phenotyping_WG1_JLU/2025_10_07_RSFB-Phenotyping_WG1_JLU/20251007_131654.jpg,1.0,2.087686061859131,3.1912829875946045,1.1035969257354736,2.1912829875946045,1.0876860618591309,gold_only,43,single_rater_weak
2025_10_07_RSFB-Phenotyping_WG1_JLU/2025_10_07_RSFB-Phenotyping_WG1_JLU/20251007_131702.jpg,plot_be5b81b9bfb5153b2e4f,wg_insects_t1_bbch10,/home/nfs/data/nvme_datasets/Pictures_CFSB_leaf_damage/2025_10_07_RSFB-Phenotyping_WG1_JLU/2025_10_07_RSFB-Phenotyping_WG1_JLU/20251007_131702.jpg,3.0,5.3040642738342285,5.752945423126221,0.4488811492919922,2.7529454231262207,2.3040642738342285,gold_only,43,single_rater_weak
2025_10_07_RSFB-Phenotyping_WG1_JLU/2025_10_07_RSFB-Phenotyping_WG1_JLU/20251007_131709.jpg,plot_be5b81b9bfb5153b2e4f,wg_insects_t1_bbch10,/home/nfs/data/nvme_datasets/Pictures_CFSB_leaf_damage/2025_10_07_RSFB-Phenotyping_WG1_JLU/2025_10_07_RSFB-Phenotyping_WG1_JLU/20251007_131709.jpg,2.0,3.356159210205078,3.767174243927002,0.4110150933265686,1.767174243927002,1.3561592102050781,gold_only,43,single_rater_weak
2025_10_07_RSFB-Phenotyping_WG1_JLU/2025_10_07_RSFB-Phenotyping_WG1_JLU/20251007_131724.jpg,plot_b7d7b9c1783bb935aca4,wg_insects_t1_bbch10,/home/nfs/data/nvme_datasets/Pictures_CFSB_leaf_damage/2025_10_07_RSFB-Phenotyping_WG1_JLU/2025_10_07_RSFB-Phenotyping_WG1_JLU/20251007_131724.jpg,1.0,2.8046798706054688,2.532343864440918,-0.27233612537384033,1.532343864440918,1.8046798706054688,gold_only,43,single_rater_weak
2025_10_07_RSFB-Phenotyping_WG1_JLU/2025_10_07_RSFB-Phenotyping_WG1_JLU/20251007_131732.jpg,plot_b7d7b9c1783bb935aca4,wg_insects_t1_bbch10,/home/nfs/data/nvme_datasets/Pictures_CFSB_leaf_damage/2025_10_07_RSFB-Phenotyping_WG1_JLU/2025_10_07_RSFB-Phenotyping_WG1_JLU/20251007_131732.jpg,2.0,4.004331111907959,4.541877746582031,0.5375466346740723,2.5418777465820312,2.004331111907959,gold_only,43,single_rater_weak
2025_10_07_RSFB-Phenotyping_WG1_JLU/2025_10_07_RSFB-Phenotyping_WG1_JLU/20251007_131738.jpg,plot_b7d7b9c1783bb935aca4,wg_insects_t1_bbch10,/home/nfs/data/nvme_datasets/Pictures_CFSB_leaf_damage/2025_10_07_RSFB-Phenotyping_WG1_JLU/2025_10_07_RSFB-Phenotyping_WG1_JLU/20251007_131738.jpg,4.0,4.001694679260254,4.937674522399902,0.9359800815582275,0.9376745223999023,0.0016946792602539062,gold_only,43,single_rater_weak
2025_10_07_RSFB-Phenotyping_WG1_JLU/2025_10_07_RSFB-Phenotyping_WG1_JLU/20251007_131800.jpg,plot_3d3a3d2699c09c09f151,wg_insects_t1_bbch10,/home/nfs/data/nvme_datasets/Pictures_CFSB_leaf_damage/2025_10_07_RSFB-Phenotyping_WG1_JLU/2025_10_07_RSFB-Phenotyping_WG1_JLU/20251007_131800.jpg,2.0,2.602597713470459,3.2178473472595215,0.6152495741844177,1.2178473472595215,0.602597713470459,gold_only,43,single_rater_weak
2025_10_07_RSFB-Phenotyping_WG1_JLU/2025_10_07_RSFB-Phenotyping_WG1_JLU/20251007_131807.jpg,plot_3d3a3d2699c09c09f151,wg_insects_t1_bbch10,/home/nfs/data/nvme_datasets/Pictures_CFSB_leaf_damage/2025_10_07_RSFB-Phenotyping_WG1_JLU/2025_10_07_RSFB-Phenotyping_WG1_JLU/20251007_131807.jpg,6.0,5.955233097076416,6.636285781860352,0.6810528635978699,0.6362857818603516,0.044766902923583984,gold_only,43,single_rater_weak
2025_10_07_RSFB-Phenotyping_WG1_JLU/2025_10_07_RSFB-Phenotyping_WG1_JLU/20251007_131814.jpg,plot_3d3a3d2699c09c09f151,wg_insects_t1_bbch10,/home/nfs/data/nvme_datasets/Pictures_CFSB_leaf_damage/2025_10_07_RSFB-Phenotyping_WG1_JLU/2025_10_07_RSFB-Phenotyping_WG1_JLU/20251007_131814.jpg,4.0,5.9525651931762695,6.382259845733643,0.4296945035457611,2.3822598457336426,1.9525651931762695,gold_only,43,single_rater_weak
2025_10_07_RSFB-Phenotyping_WG1_JLU/2025_10_07_RSFB-Phenotyping_WG1_JLU/20251007_131834.jpg,plot_56909c56fd28cbe7199d,wg_insects_t1_bbch10,/home/nfs/data/nvme_datasets/Pictures_CFSB_leaf_damage/2025_10_07_RSFB-Phenotyping_WG1_JLU/2025_10_07_RSFB-Phenotyping_WG1_JLU/20251007_131834.jpg,2.0,2.715278148651123,3.2543327808380127,0.5390545725822449,1.2543327808380127,0.715278148651123,gold_only,43,single_rater_weak
2025_10_07_RSFB-Phenotyping_WG1_JLU/2025_10_07_RSFB-Phenotyping_WG1_JLU/20251007_131841.jpg,plot_56909c56fd28cbe7199d,wg_insects_t1_bbch10,/home/nfs/data/nvme_datasets/Pictures_CFSB_leaf_damage/2025_10_07_RSFB-Phenotyping_WG1_JLU/2025_10_07_RSFB-Phenotyping_WG1_JLU/20251007_131841.jpg,12.0,6.582221984863281,6.8730788230896,0.2908570170402527,5.1269211769104,5.417778015136719,gold_only,43,single_rater_weak
2025_10_07_RSFB-Phenotyping_WG1_JLU/2025_10_07_RSFB-Phenotyping_WG1_JLU/20251007_131849.jpg,plot_56909c56fd28cbe7199d,wg_insects_t1_bbch10,/home/nfs/data/nvme_datasets/Pictures_CFSB_leaf_damage/2025_10_07_RSFB-Phenotyping_WG1_JLU/2025_10_07_RSFB-Phenotyping_WG1_JLU/20251007_131849.jpg,9.0,2.7284979820251465,3.509640693664551,0.7811426520347595,5.490359306335449,6.2715020179748535,gold_only,43,single_rater_weak
2025_10_07_RSFB-Phenotyping_WG1_JLU/2025_10_07_RSFB-Phenotyping_WG1_JLU/20251007_131911.jpg,plot_e5f6779bfab99ed66eaf,wg_insects_t1_bbch10,/home/nfs/data/nvme_datasets/Pictures_CFSB_leaf_damage/2025_10_07_RSFB-Phenotyping_WG1_JLU/2025_10_07_RSFB-Phenotyping_WG1_JLU/20251007_131911.jpg,10.0,4.665576934814453,5.160069465637207,0.49449241161346436,4.839930534362793,5.334423065185547,gold_only,43,single_rater_weak
2025_10_07_RSFB-Phenotyping_WG1_JLU/2025_10_07_RSFB-Phenotyping_WG1_JLU/20251007_131918.jpg,plot_e5f6779bfab99ed66eaf,wg_insects_t1_bbch10,/home/nfs/data/nvme_datasets/Pictures_CFSB_leaf_damage/2025_10_07_RSFB-Phenotyping_WG1_JLU/2025_10_07_RSFB-Phenotyping_WG1_JLU/20251007_131918.jpg,4.0,3.340095043182373,3.1223955154418945,-0.21769963204860687,0.8776044845581055,0.659904956817627,gold_only,43,single_rater_weak
2025_10_07_RSFB-Phenotyping_WG1_JLU/2025_10_07_RSFB-Phenotyping_WG1_JLU/20251007_131928.jpg,plot_e5f6779bfab99ed66eaf,wg_insects_t1_bbch10,/home/nfs/data/nvme_datasets/Pictures_CFSB_leaf_damage/2025_10_07_RSFB-Phenotyping_WG1_JLU/2025_10_07_RSFB-Phenotyping_WG1_JLU/20251007_131928.jpg,6.0,3.5837655067443848,4.273073196411133,0.6893075704574585,1.7269268035888672,2.4162344932556152,gold_only,43,single_rater_weak
2025_10_07_RSFB-Phenotyping_WG1_JLU/2025_10_07_RSFB-Phenotyping_WG1_JLU/20251007_131945.jpg,plot_3684ad79a5010f97ee8a,wg_insects_t1_bbch10,/home/nfs/data/nvme_datasets/Pictures_CFSB_leaf_damage/2025_10_07_RSFB-Phenotyping_WG1_JLU/2025_10_07_RSFB-Phenotyping_WG1_JLU/20251007_131945.jpg,4.0,2.874159812927246,3.725492477416992,0.8513326644897461,0.2745075225830078,1.125840187072754,gold_only,43,single_rater_weak
2025_10_07_RSFB-Phenotyping_WG1_JLU/2025_10_07_RSFB-Phenotyping_WG1_JLU/20251007_131953.jpg,plot_3684ad79a5010f97ee8a,wg_insects_t1_bbch10,/home/nfs/data/nvme_datasets/Pictures_CFSB_leaf_damage/2025_10_07_RSFB-Phenotyping_WG1_JLU/2025_10_07_RSFB-Phenotyping_WG1_JLU/20251007_131953.jpg,4.0,3.541018009185791,4.481151103973389,0.940133273601532,0.48115110397338867,0.458981990814209,gold_only,43,single_rater_weak
2025_10_07_RSFB-Phenotyping_WG1_JLU/2025_10_07_RSFB-Phenotyping_WG1_JLU/20251007_131959.jpg,plot_3684ad79a5010f97ee8a,wg_insects_t1_bbch10,/home/nfs/data/nvme_datasets/Pictures_CFSB_leaf_damage/2025_10_07_RSFB-Phenotyping_WG1_JLU/2025_10_07_RSFB-Phenotyping_WG1_JLU/20251007_131959.jpg,10.0,2.8366918563842773,3.5379996299743652,0.7013077735900879,6.462000370025635,7.163308143615723,gold_only,43,single_rater_weak
2025_10_07_RSFB-Phenotyping_WG1_JLU/2025_10_07_RSFB-Phenotyping_WG1_JLU/20251007_132016.jpg,plot_e48ed30deb5a919fda2e,wg_insects_t1_bbch10,/home/nfs/data/nvme_datasets/Pictures_CFSB_leaf_damage/2025_10_07_RSFB-Phenotyping_WG1_JLU/2025_10_07_RSFB-Phenotyping_WG1_JLU/20251007_132016.jpg,3.0,2.8961896896362305,3.00140380859375,0.1052141785621643,0.00140380859375,0.10381031036376953,gold_only,43,single_rater_weak
2025_10_07_RSFB-Phenotyping_WG1_JLU/2025_10_07_RSFB-Phenotyping_WG1_JLU/20251007_132023.jpg,plot_e48ed30deb5a919fda2e,wg_insects_t1_bbch10,/home/nfs/data/nvme_datasets/Pictures_CFSB_leaf_damage/2025_10_07_RSFB-Phenotyping_WG1_JLU/2025_10_07_RSFB-Phenotyping_WG1_JLU/20251007_132023.jpg,4.0,6.264960765838623,7.566616058349609,1.3016552925109863,3.5666160583496094,2.264960765838623,gold_only,43,single_rater_weak
2025_10_07_RSFB-Phenotyping_WG1_JLU/2025_10_07_RSFB-Phenotyping_WG1_JLU/20251007_132031.jpg,plot_e48ed30deb5a919fda2e,wg_insects_t1_bbch10,/home/nfs/data/nvme_datasets/Pictures_CFSB_leaf_damage/2025_10_07_RSFB-Phenotyping_WG1_JLU/2025_10_07_RSFB-Phenotyping_WG1_JLU/20251007_132031.jpg,3.0,2.832681179046631,3.8980777263641357,1.0653965473175049,0.8980777263641357,0.16731882095336914,gold_only,43,single_rater_weak
2025_10_07_RSFB-Phenotyping_WG1_JLU/2025_10_07_RSFB-Phenotyping_WG1_JLU/20251007_132051.jpg,plot_c45d55c4f3fced2170e8,wg_insects_t1_bbch10,/home/nfs/data/nvme_datasets/Pictures_CFSB_leaf_damage/2025_10_07_RSFB-Phenotyping_WG1_JLU/2025_10_07_RSFB-Phenotyping_WG1_JLU/20251007_132051.jpg,8.0,3.5036380290985107,3.8062424659729004,0.3026043176651001,4.1937575340271,4.49636173248291,gold_only,43,single_rater_weak
2025_10_07_RSFB-Phenotyping_WG1_JLU/2025_10_07_RSFB-Phenotyping_WG1_JLU/20251007_132058.jpg,plot_c45d55c4f3fced2170e8,wg_insects_t1_bbch10,/home/nfs/data/nvme_datasets/Pictures_CFSB_leaf_damage/2025_10_07_RSFB-Phenotyping_WG1_JLU/2025_10_07_RSFB-Phenotyping_WG1_JLU/20251007_132058.jpg,7.0,4.5801496505737305,5.2440643310546875,0.6639149188995361,1.7559356689453125,2.4198503494262695,gold_only,43,single_rater_weak
2025_10_07_RSFB-Phenotyping_WG1_JLU/2025_10_07_RSFB-Phenotyping_WG1_JLU/20251007_132107.jpg,plot_c45d55c4f3fced2170e8,wg_insects_t1_bbch10,/home/nfs/data/nvme_datasets/Pictures_CFSB_leaf_damage/2025_10_07_RSFB-Phenotyping_WG1_JLU/2025_10_07_RSFB-Phenotyping_WG1_JLU/20251007_132107.jpg,7.0,3.180026054382324,3.4388339519500732,0.25880780816078186,3.5611660480499268,3.819973945617676,gold_only,43,single_rater_weak
2025_10_07_RSFB-Phenotyping_WG1_JLU/2025_10_07_RSFB-Phenotyping_WG1_JLU/20251007_132124.jpg,plot_9d9054fb92bbdfc2048b,wg_insects_t1_bbch10,/home/nfs/data/nvme_datasets/Pictures_CFSB_leaf_damage/2025_10_07_RSFB-Phenotyping_WG1_JLU/2025_10_07_RSFB-Phenotyping_WG1_JLU/20251007_132124.jpg,6.0,3.9181761741638184,3.863381862640381,-0.05479427054524422,2.136618137359619,2.0818238258361816,gold_only,43,single_rater_weak
2025_10_07_RSFB-Phenotyping_WG1_JLU/2025_10_07_RSFB-Phenotyping_WG1_JLU/20251007_132132.jpg,plot_9d9054fb92bbdfc2048b,wg_insects_t1_bbch10,/home/nfs/data/nvme_datasets/Pictures_CFSB_leaf_damage/2025_10_07_RSFB-Phenotyping_WG1_JLU/2025_10_07_RSFB-Phenotyping_WG1_JLU/20251007_132132.jpg,2.0,3.48746395111084,2.9126884937286377,-0.5747753977775574,0.9126884937286377,1.4874639511108398,gold_only,43,single_rater_weak
2025_10_07_RSFB-Phenotyping_WG1_JLU/2025_10_07_RSFB-Phenotyping_WG1_JLU/20251007_132138.jpg,plot_9d9054fb92bbdfc2048b,wg_insects_t1_bbch10,/home/nfs/data/nvme_datasets/Pictures_CFSB_leaf_damage/2025_10_07_RSFB-Phenotyping_WG1_JLU/2025_10_07_RSFB-Phenotyping_WG1_JLU/20251007_132138.jpg,5.0,2.8840279579162598,3.427333354949951,0.5433053374290466,1.5726666450500488,2.1159720420837402,gold_only,43,single_rater_weak
2025_10_07_RSFB-Phenotyping_WG1_JLU/2025_10_07_RSFB-Phenotyping_WG1_JLU/20251007_132205.jpg,plot_16f14a3716d6da06ca53,wg_insects_t1_bbch10,/home/nfs/data/nvme_datasets/Pictures_CFSB_leaf_damage/2025_10_07_RSFB-Phenotyping_WG1_JLU/2025_10_07_RSFB-Phenotyping_WG1_JLU/20251007_132205.jpg,4.0,3.6926629543304443,3.3467934131622314,-0.3458695411682129,0.6532065868377686,0.30733704566955566,gold_only,43,single_rater_weak
2025_10_07_RSFB-Phenotyping_WG1_JLU/2025_10_07_RSFB-Phenotyping_WG1_JLU/20251007_132215.jpg,plot_16f14a3716d6da06ca53,wg_insects_t1_bbch10,/home/nfs/data/nvme_datasets/Pictures_CFSB_leaf_damage/2025_10_07_RSFB-Phenotyping_WG1_JLU/2025_10_07_RSFB-Phenotyping_WG1_JLU/20251007_132215.jpg,2.0,4.63640832901001,4.803771018981934,0.16736255586147308,2.8037710189819336,2.6364083290100098,gold_only,43,single_rater_weak
2025_10_07_RSFB-Phenotyping_WG1_JLU/2025_10_07_RSFB-Phenotyping_WG1_JLU/20251007_132222.jpg,plot_16f14a3716d6da06ca53,wg_insects_t1_bbch10,/home/nfs/data/nvme_datasets/Pictures_CFSB_leaf_damage/2025_10_07_RSFB-Phenotyping_WG1_JLU/2025_10_07_RSFB-Phenotyping_WG1_JLU/20251007_132222.jpg,15.0,4.529329776763916,5.6539716720581055,1.1246416568756104,9.346028327941895,10.470670700073242,gold_only,43,single_rater_weak
2025_10_07_RSFB-Phenotyping_WG1_JLU/2025_10_07_RSFB-Phenotyping_WG1_JLU/20251007_132241.jpg,plot_4c1357bb43c9d844f034,wg_insects_t1_bbch10,/home/nfs/data/nvme_datasets/Pictures_CFSB_leaf_damage/2025_10_07_RSFB-Phenotyping_WG1_JLU/2025_10_07_RSFB-Phenotyping_WG1_JLU/20251007_132241.jpg,12.0,3.6080570220947266,3.370591640472412,-0.23746536672115326,8.62940788269043,8.391942977905273,gold_only,43,single_rater_weak
2025_10_07_RSFB-Phenotyping_WG1_JLU/2025_10_07_RSFB-Phenotyping_WG1_JLU/20251007_132249.jpg,plot_4c1357bb43c9d844f034,wg_insects_t1_bbch10,/home/nfs/data/nvme_datasets/Pictures_CFSB_leaf_damage/2025_10_07_RSFB-Phenotyping_WG1_JLU/2025_10_07_RSFB-Phenotyping_WG1_JLU/20251007_132249.jpg,8.0,4.264833927154541,4.283246994018555,0.018412979319691658,3.7167530059814453,3.735166072845459,gold_only,43,single_rater_weak
2025_10_07_RSFB-Phenotyping_WG1_JLU/2025_10_07_RSFB-Phenotyping_WG1_JLU/20251007_132255.jpg,plot_4c1357bb43c9d844f034,wg_insects_t1_bbch10,/home/nfs/data/nvme_datasets/Pictures_CFSB_leaf_damage/2025_10_07_RSFB-Phenotyping_WG1_JLU/2025_10_07_RSFB-Phenotyping_WG1_JLU/20251007_132255.jpg,2.0,3.0930228233337402,3.5121853351593018,0.41916245222091675,1.5121853351593018,1.0930228233337402,gold_only,43,single_rater_weak
2025_10_07_RSFB-Phenotyping_WG1_JLU/2025_10_07_RSFB-Phenotyping_WG1_JLU/20251007_132326.jpg,plot_0a9a0de80bc9bfd2642a,wg_insects_t1_bbch10,/home/nfs/data/nvme_datasets/Pictures_CFSB_leaf_damage/2025_10_07_RSFB-Phenotyping_WG1_JLU/2025_10_07_RSFB-Phenotyping_WG1_JLU/20251007_132326.jpg,2.0,3.0270209312438965,2.972813844680786,-0.054207123816013336,0.9728138446807861,1.0270209312438965,gold_only,43,single_rater_weak
2025_10_07_RSFB-Phenotyping_WG1_JLU/2025_10_07_RSFB-Phenotyping_WG1_JLU/20251007_132334.jpg,plot_0a9a0de80bc9bfd2642a,wg_insects_t1_bbch10,/home/nfs/data/nvme_datasets/Pictures_CFSB_leaf_damage/2025_10_07_RSFB-Phenotyping_WG1_JLU/2025_10_07_RSFB-Phenotyping_WG1_JLU/20251007_132334.jpg,1.0,3.4227359294891357,3.4997355937957764,0.07699955999851227,2.4997355937957764,2.4227359294891357,gold_only,43,single_rater_weak
2025_10_07_RSFB-Phenotyping_WG1_JLU/2025_10_07_RSFB-Phenotyping_WG1_JLU/20251007_132341.jpg,plot_0a9a0de80bc9bfd2642a,wg_insects_t1_bbch10,/home/nfs/data/nvme_datasets/Pictures_CFSB_leaf_damage/2025_10_07_RSFB-Phenotyping_WG1_JLU/2025_10_07_RSFB-Phenotyping_WG1_JLU/20251007_132341.jpg,3.0,3.2717385292053223,3.4176840782165527,0.14594557881355286,0.41768407821655273,0.27173852920532227,gold_only,43,single_rater_weak
2025_10_07_RSFB-Phenotyping_WG1_JLU/2025_10_07_RSFB-Phenotyping_WG1_JLU/20251007_132401.jpg,plot_b850d6270044e70b0206,wg_insects_t1_bbch10,/home/nfs/data/nvme_datasets/Pictures_CFSB_leaf_damage/2025_10_07_RSFB-Phenotyping_WG1_JLU/2025_10_07_RSFB-Phenotyping_WG1_JLU/20251007_132401.jpg,9.0,2.071847915649414,3.4669747352600098,1.3951267004013062,5.53302526473999,6.928152084350586,gold_only,43,single_rater_weak
2025_10_07_RSFB-Phenotyping_WG1_JLU/2025_10_07_RSFB-Phenotyping_WG1_JLU/20251007_132411.jpg,plot_b850d6270044e70b0206,wg_insects_t1_bbch10,/home/nfs/data/nvme_datasets/Pictures_CFSB_leaf_damage/2025_10_07_RSFB-Phenotyping_WG1_JLU/2025_10_07_RSFB-Phenotyping_WG1_JLU/20251007_132411.jpg,7.0,2.3898911476135254,2.852903366088867,0.463012158870697,4.147096633911133,4.610108852386475,gold_only,43,single_rater_weak
2025_10_07_RSFB-Phenotyping_WG1_JLU/2025_10_07_RSFB-Phenotyping_WG1_JLU/20251007_132423.jpg,plot_b850d6270044e70b0206,wg_insects_t1_bbch10,/home/nfs/data/nvme_datasets/Pictures_CFSB_leaf_damage/2025_10_07_RSFB-Phenotyping_WG1_JLU/2025_10_07_RSFB-Phenotyping_WG1_JLU/20251007_132423.jpg,8.0,2.5048670768737793,2.635220766067505,0.1303536295890808,5.364779472351074,5.495132923126221,gold_only,43,single_rater_weak
2025_10_07_RSFB-Phenotyping_WG1_JLU/2025_10_07_RSFB-Phenotyping_WG1_JLU/20251007_132441.jpg,plot_8e9494fa8d05ffe641da,wg_insects_t1_bbch10,/home/nfs/data/nvme_datasets/Pictures_CFSB_leaf_damage/2025_10_07_RSFB-Phenotyping_WG1_JLU/2025_10_07_RSFB-Phenotyping_WG1_JLU/20251007_132441.jpg,12.0,3.0770344734191895,3.486919403076172,0.4098849296569824,8.513080596923828,8.922966003417969,gold_only,43,single_rater_weak
2025_10_07_RSFB-Phenotyping_WG1_JLU/2025_10_07_RSFB-Phenotyping_WG1_JLU/20251007_132447.jpg,plot_8e9494fa8d05ffe641da,wg_insects_t1_bbch10,/home/nfs/data/nvme_datasets/Pictures_CFSB_leaf_damage/2025_10_07_RSFB-Phenotyping_WG1_JLU/2025_10_07_RSFB-Phenotyping_WG1_JLU/20251007_132447.jpg,2.0,3.927997350692749,3.652651071548462,-0.27534621953964233,1.652651071548462,1.927997350692749,gold_only,43,single_rater_weak
2025_10_07_RSFB-Phenotyping_WG1_JLU/2025_10_07_RSFB-Phenotyping_WG1_JLU/20251007_132453.jpg,plot_8e9494fa8d05ffe641da,wg_insects_t1_bbch10,/home/nfs/data/nvme_datasets/Pictures_CFSB_leaf_damage/2025_10_07_RSFB-Phenotyping_WG1_JLU/2025_10_07_RSFB-Phenotyping_WG1_JLU/20251007_132453.jpg,3.0,3.168153762817383,3.7834134101867676,0.6152596473693848,0.7834134101867676,0.1681537628173828,gold_only,43,single_rater_weak
2025_10_07_RSFB-Phenotyping_WG1_JLU/2025_10_07_RSFB-Phenotyping_WG1_JLU/20251007_132516.jpg,plot_e94dea523994148f1710,wg_insects_t1_bbch10,/home/nfs/data/nvme_datasets/Pictures_CFSB_leaf_damage/2025_10_07_RSFB-Phenotyping_WG1_JLU/2025_10_07_RSFB-Phenotyping_WG1_JLU/20251007_132516.jpg,1.0,2.2121500968933105,2.4164974689483643,0.2043473869562149,1.4164974689483643,1.2121500968933105,gold_only,43,single_rater_weak
2025_10_07_RSFB-Phenotyping_WG1_JLU/2025_10_07_RSFB-Phenotyping_WG1_JLU/20251007_132524.jpg,plot_e94dea523994148f1710,wg_insects_t1_bbch10,/home/nfs/data/nvme_datasets/Pictures_CFSB_leaf_damage/2025_10_07_RSFB-Phenotyping_WG1_JLU/2025_10_07_RSFB-Phenotyping_WG1_JLU/20251007_132524.jpg,5.0,3.6139731407165527,3.2577638626098633,-0.35620927810668945,1.7422361373901367,1.3860268592834473,gold_only,43,single_rater_weak
2025_10_07_RSFB-Phenotyping_WG1_JLU/2025_10_07_RSFB-Phenotyping_WG1_JLU/20251007_132532.jpg,plot_e94dea523994148f1710,wg_insects_t1_bbch10,/home/nfs/data/nvme_datasets/Pictures_CFSB_leaf_damage/2025_10_07_RSFB-Phenotyping_WG1_JLU/2025_10_07_RSFB-Phenotyping_WG1_JLU/20251007_132532.jpg,5.0,4.006493091583252,5.451326847076416,1.4448338747024536,0.451326847076416,0.993506908416748,gold_only,43,single_rater_weak
2025_10_07_RSFB-Phenotyping_WG1_JLU/2025_10_07_RSFB-Phenotyping_WG1_JLU/20251007_132552.jpg,plot_7c424b18e7cee068fcaf,wg_insects_t1_bbch10,/home/nfs/data/nvme_datasets/Pictures_CFSB_leaf_damage/2025_10_07_RSFB-Phenotyping_WG1_JLU/2025_10_07_RSFB-Phenotyping_WG1_JLU/20251007_132552.jpg,3.0,3.790635585784912,4.443805694580078,0.653170108795166,1.4438056945800781,0.7906355857849121,gold_only,43,single_rater_weak
2025_10_07_RSFB-Phenotyping_WG1_JLU/2025_10_07_RSFB-Phenotyping_WG1_JLU/20251007_132600.jpg,plot_7c424b18e7cee068fcaf,wg_insects_t1_bbch10,/home/nfs/data/nvme_datasets/Pictures_CFSB_leaf_damage/2025_10_07_RSFB-Phenotyping_WG1_JLU/2025_10_07_RSFB-Phenotyping_WG1_JLU/20251007_132600.jpg,4.0,4.177119255065918,4.55941104888916,0.38229191303253174,0.5594110488891602,0.17711925506591797,gold_only,43,single_rater_weak
2025_10_07_RSFB-Phenotyping_WG1_JLU/2025_10_07_RSFB-Phenotyping_WG1_JLU/20251007_132608.jpg,plot_7c424b18e7cee068fcaf,wg_insects_t1_bbch10,/home/nfs/data/nvme_datasets/Pictures_CFSB_leaf_damage/2025_10_07_RSFB-Phenotyping_WG1_JLU/2025_10_07_RSFB-Phenotyping_WG1_JLU/20251007_132608.jpg,3.0,4.115603923797607,4.382568836212158,0.26696500182151794,1.3825688362121582,1.1156039237976074,gold_only,43,single_rater_weak
2025_10_07_RSFB-Phenotyping_WG1_JLU/2025_10_07_RSFB-Phenotyping_WG1_JLU/20251007_132629.jpg,plot_1393a9a80e4f70bbc7d2,wg_insects_t1_bbch10,/home/nfs/data/nvme_datasets/Pictures_CFSB_leaf_damage/2025_10_07_RSFB-Phenotyping_WG1_JLU/2025_10_07_RSFB-Phenotyping_WG1_JLU/20251007_132629.jpg,4.0,4.665966987609863,5.81673526763916,1.1507682800292969,1.8167352676391602,0.6659669876098633,gold_only,43,single_rater_weak
2025_10_07_RSFB-Phenotyping_WG1_JLU/2025_10_07_RSFB-Phenotyping_WG1_JLU/20251007_132635.jpg,plot_1393a9a80e4f70bbc7d2,wg_insects_t1_bbch10,/home/nfs/data/nvme_datasets/Pictures_CFSB_leaf_damage/2025_10_07_RSFB-Phenotyping_WG1_JLU/2025_10_07_RSFB-Phenotyping_WG1_JLU/20251007_132635.jpg,9.0,3.1863303184509277,2.986513137817383,-0.19981709122657776,6.013486862182617,5.813669681549072,gold_only,43,single_rater_weak
2025_10_07_RSFB-Phenotyping_WG1_JLU/2025_10_07_RSFB-Phenotyping_WG1_JLU/20251007_132644.jpg,plot_1393a9a80e4f70bbc7d2,wg_insects_t1_bbch10,/home/nfs/data/nvme_datasets/Pictures_CFSB_leaf_damage/2025_10_07_RSFB-Phenotyping_WG1_JLU/2025_10_07_RSFB-Phenotyping_WG1_JLU/20251007_132644.jpg,8.0,3.3062667846679688,3.685746431350708,0.37947970628738403,4.314253807067871,4.693733215332031,gold_only,43,single_rater_weak
2025_10_07_RSFB-Phenotyping_WG1_JLU/2025_10_07_RSFB-Phenotyping_WG1_JLU/20251007_132705.jpg,plot_dd3926a6a770dc90b025,wg_insects_t1_bbch10,/home/nfs/data/nvme_datasets/Pictures_CFSB_leaf_damage/2025_10_07_RSFB-Phenotyping_WG1_JLU/2025_10_07_RSFB-Phenotyping_WG1_JLU/20251007_132705.jpg,2.0,2.186295509338379,2.9902536869049072,0.8039582371711731,0.9902536869049072,0.1862955093383789,gold_only,43,single_rater_weak
2025_10_07_RSFB-Phenotyping_WG1_JLU/2025_10_07_RSFB-Phenotyping_WG1_JLU/20251007_132715.jpg,plot_dd3926a6a770dc90b025,wg_insects_t1_bbch10,/home/nfs/data/nvme_datasets/Pictures_CFSB_leaf_damage/2025_10_07_RSFB-Phenotyping_WG1_JLU/2025_10_07_RSFB-Phenotyping_WG1_JLU/20251007_132715.jpg,6.0,3.267233371734619,3.1700615882873535,-0.09717175364494324,2.8299384117126465,2.732766628265381,gold_only,43,single_rater_weak
2025_10_07_RSFB-Phenotyping_WG1_JLU/2025_10_07_RSFB-Phenotyping_WG1_JLU/20251007_132725.jpg,plot_dd3926a6a770dc90b025,wg_insects_t1_bbch10,/home/nfs/data/nvme_datasets/Pictures_CFSB_leaf_damage/2025_10_07_RSFB-Phenotyping_WG1_JLU/2025_10_07_RSFB-Phenotyping_WG1_JLU/20251007_132725.jpg,2.0,3.240088939666748,3.0745744705200195,-0.16551434993743896,1.0745744705200195,1.240088939666748,gold_only,43,single_rater_weak
2025_10_07_RSFB-Phenotyping_WG1_JLU/2025_10_07_RSFB-Phenotyping_WG1_JLU/20251007_132745.jpg,plot_5e5dfa0f8c12a4a2cf7f,wg_insects_t1_bbch10,/home/nfs/data/nvme_datasets/Pictures_CFSB_leaf_damage/2025_10_07_RSFB-Phenotyping_WG1_JLU/2025_10_07_RSFB-Phenotyping_WG1_JLU/20251007_132745.jpg,2.0,3.2069625854492188,4.2184247970581055,1.0114619731903076,2.2184247970581055,1.2069625854492188,gold_only,43,single_rater_weak
2025_10_07_RSFB-Phenotyping_WG1_JLU/2025_10_07_RSFB-Phenotyping_WG1_JLU/20251007_132750.jpg,plot_5e5dfa0f8c12a4a2cf7f,wg_insects_t1_bbch10,/home/nfs/data/nvme_datasets/Pictures_CFSB_leaf_damage/2025_10_07_RSFB-Phenotyping_WG1_JLU/2025_10_07_RSFB-Phenotyping_WG1_JLU/20251007_132750.jpg,6.0,3.5714356899261475,3.814887046813965,0.2434512972831726,2.185112953186035,2.4285643100738525,gold_only,43,single_rater_weak
2025_10_07_RSFB-Phenotyping_WG1_JLU/2025_10_07_RSFB-Phenotyping_WG1_JLU/20251007_132756.jpg,plot_5e5dfa0f8c12a4a2cf7f,wg_insects_t1_bbch10,/home/nfs/data/nvme_datasets/Pictures_CFSB_leaf_damage/2025_10_07_RSFB-Phenotyping_WG1_JLU/2025_10_07_RSFB-Phenotyping_WG1_JLU/20251007_132756.jpg,5.0,2.4213366508483887,2.988355875015259,0.5670192837715149,2.011644124984741,2.5786633491516113,gold_only,43,single_rater_weak
2025_10_07_RSFB-Phenotyping_WG1_JLU/2025_10_07_RSFB-Phenotyping_WG1_JLU/20251007_132816.jpg,plot_6e0d4fc094d51da7ec4a,wg_insects_t1_bbch10,/home/nfs/data/nvme_datasets/Pictures_CFSB_leaf_damage/2025_10_07_RSFB-Phenotyping_WG1_JLU/2025_10_07_RSFB-Phenotyping_WG1_JLU/20251007_132816.jpg,9.0,4.175959587097168,4.589030742645264,0.41307127475738525,4.410969257354736,4.824040412902832,gold_only,43,single_rater_weak
2025_10_07_RSFB-Phenotyping_WG1_JLU/2025_10_07_RSFB-Phenotyping_WG1_JLU/20251007_132823.jpg,plot_6e0d4fc094d51da7ec4a,wg_insects_t1_bbch10,/home/nfs/data/nvme_datasets/Pictures_CFSB_leaf_damage/2025_10_07_RSFB-Phenotyping_WG1_JLU/2025_10_07_RSFB-Phenotyping_WG1_JLU/20251007_132823.jpg,6.0,6.3205976486206055,7.844269275665283,1.5236717462539673,1.8442692756652832,0.32059764862060547,gold_only,43,single_rater_weak
2025_10_07_RSFB-Phenotyping_WG1_JLU/2025_10_07_RSFB-Phenotyping_WG1_JLU/20251007_132832.jpg,plot_6e0d4fc094d51da7ec4a,wg_insects_t1_bbch10,/home/nfs/data/nvme_datasets/Pictures_CFSB_leaf_damage/2025_10_07_RSFB-Phenotyping_WG1_JLU/2025_10_07_RSFB-Phenotyping_WG1_JLU/20251007_132832.jpg,7.0,2.9315648078918457,2.568014144897461,-0.3635507822036743,4.431985855102539,4.068435192108154,gold_only,43,single_rater_weak
2025_10_07_RSFB-Phenotyping_WG1_JLU/2025_10_07_RSFB-Phenotyping_WG1_JLU/20251007_132852.jpg,plot_904d61fe6e15f552a370,wg_insects_t1_bbch10,/home/nfs/data/nvme_datasets/Pictures_CFSB_leaf_damage/2025_10_07_RSFB-Phenotyping_WG1_JLU/2025_10_07_RSFB-Phenotyping_WG1_JLU/20251007_132852.jpg,10.0,3.281904697418213,3.4671578407287598,0.18525318801403046,6.53284215927124,6.718095302581787,gold_only,43,single_rater_weak
2025_10_07_RSFB-Phenotyping_WG1_JLU/2025_10_07_RSFB-Phenotyping_WG1_JLU/20251007_132858.jpg,plot_904d61fe6e15f552a370,wg_insects_t1_bbch10,/home/nfs/data/nvme_datasets/Pictures_CFSB_leaf_damage/2025_10_07_RSFB-Phenotyping_WG1_JLU/2025_10_07_RSFB-Phenotyping_WG1_JLU/20251007_132858.jpg,8.0,2.962672710418701,3.40326189994812,0.4405892491340637,4.596737861633301,5.037327289581299,gold_only,43,single_rater_weak
2025_10_07_RSFB-Phenotyping_WG1_JLU/2025_10_07_RSFB-Phenotyping_WG1_JLU/20251007_132905.jpg,plot_904d61fe6e15f552a370,wg_insects_t1_bbch10,/home/nfs/data/nvme_datasets/Pictures_CFSB_leaf_damage/2025_10_07_RSFB-Phenotyping_WG1_JLU/2025_10_07_RSFB-Phenotyping_WG1_JLU/20251007_132905.jpg,5.0,3.1332406997680664,3.2695250511169434,0.13628444075584412,1.7304749488830566,1.8667593002319336,gold_only,43,single_rater_weak
2025_10_07_RSFB-Phenotyping_WG1_JLU/2025_10_07_RSFB-Phenotyping_WG1_JLU/20251007_132926.jpg,plot_bb99a629018ad614800a,wg_insects_t1_bbch10,/home/nfs/data/nvme_datasets/Pictures_CFSB_leaf_damage/2025_10_07_RSFB-Phenotyping_WG1_JLU/2025_10_07_RSFB-Phenotyping_WG1_JLU/20251007_132926.jpg,4.0,3.4265031814575195,3.8582875728607178,0.43178439140319824,0.14171242713928223,0.5734968185424805,gold_only,43,single_rater_weak
2025_10_07_RSFB-Phenotyping_WG1_JLU/2025_10_07_RSFB-Phenotyping_WG1_JLU/20251007_132931.jpg,plot_bb99a629018ad614800a,wg_insects_t1_bbch10,/home/nfs/data/nvme_datasets/Pictures_CFSB_leaf_damage/2025_10_07_RSFB-Phenotyping_WG1_JLU/2025_10_07_RSFB-Phenotyping_WG1_JLU/20251007_132931.jpg,4.0,3.793041229248047,4.4726386070251465,0.6795974969863892,0.4726386070251465,0.20695877075195312,gold_only,43,single_rater_weak
2025_10_07_RSFB-Phenotyping_WG1_JLU/2025_10_07_RSFB-Phenotyping_WG1_JLU/20251007_132938.jpg,plot_bb99a629018ad614800a,wg_insects_t1_bbch10,/home/nfs/data/nvme_datasets/Pictures_CFSB_leaf_damage/2025_10_07_RSFB-Phenotyping_WG1_JLU/2025_10_07_RSFB-Phenotyping_WG1_JLU/20251007_132938.jpg,3.0,2.8672680854797363,2.5464022159576416,-0.3208659589290619,0.4535977840423584,0.13273191452026367,gold_only,43,single_rater_weak
2025_10_07_RSFB-Phenotyping_WG1_JLU/2025_10_07_RSFB-Phenotyping_WG1_JLU/20251007_133000.jpg,plot_fbda5b526bf6e3b1c649,wg_insects_t1_bbch10,/home/nfs/data/nvme_datasets/Pictures_CFSB_leaf_damage/2025_10_07_RSFB-Phenotyping_WG1_JLU/2025_10_07_RSFB-Phenotyping_WG1_JLU/20251007_133000.jpg,9.0,3.114248275756836,3.0238120555877686,-0.09043614566326141,5.976187705993652,5.885751724243164,gold_only,43,single_rater_weak
2025_10_07_RSFB-Phenotyping_WG1_JLU/2025_10_07_RSFB-Phenotyping_WG1_JLU/20251007_133007.jpg,plot_fbda5b526bf6e3b1c649,wg_insects_t1_bbch10,/home/nfs/data/nvme_datasets/Pictures_CFSB_leaf_damage/2025_10_07_RSFB-Phenotyping_WG1_JLU/2025_10_07_RSFB-Phenotyping_WG1_JLU/20251007_133007.jpg,7.0,6.293693542480469,6.857974052429199,0.5642805099487305,0.14202594757080078,0.7063064575195312,gold_only,43,single_rater_weak
2025_10_07_RSFB-Phenotyping_WG1_JLU/2025_10_07_RSFB-Phenotyping_WG1_JLU/20251007_133014.jpg,plot_fbda5b526bf6e3b1c649,wg_insects_t1_bbch10,/home/nfs/data/nvme_datasets/Pictures_CFSB_leaf_damage/2025_10_07_RSFB-Phenotyping_WG1_JLU/2025_10_07_RSFB-Phenotyping_WG1_JLU/20251007_133014.jpg,9.0,4.263238906860352,4.983097076416016,0.719857931137085,4.016902923583984,4.736761093139648,gold_only,43,single_rater_weak
2025_10_07_RSFB-Phenotyping_WG1_JLU/2025_10_07_RSFB-Phenotyping_WG1_JLU/20251007_133035.jpg,plot_9cf29c2af25b47e6e88b,wg_insects_t1_bbch10,/home/nfs/data/nvme_datasets/Pictures_CFSB_leaf_damage/2025_10_07_RSFB-Phenotyping_WG1_JLU/2025_10_07_RSFB-Phenotyping_WG1_JLU/20251007_133035.jpg,4.0,2.9763283729553223,3.0012354850769043,0.02490699663758278,0.9987645149230957,1.0236716270446777,gold_only,43,single_rater_weak
2025_10_07_RSFB-Phenotyping_WG1_JLU/2025_10_07_RSFB-Phenotyping_WG1_JLU/20251007_133042.jpg,plot_9cf29c2af25b47e6e88b,wg_insects_t1_bbch10,/home/nfs/data/nvme_datasets/Pictures_CFSB_leaf_damage/2025_10_07_RSFB-Phenotyping_WG1_JLU/2025_10_07_RSFB-Phenotyping_WG1_JLU/20251007_133042.jpg,2.0,2.597440242767334,4.657320499420166,2.059880256652832,2.657320499420166,0.597440242767334,gold_only,43,single_rater_weak
2025_10_07_RSFB-Phenotyping_WG1_JLU/2025_10_07_RSFB-Phenotyping_WG1_JLU/20251007_133049.jpg,plot_9cf29c2af25b47e6e88b,wg_insects_t1_bbch10,/home/nfs/data/nvme_datasets/Pictures_CFSB_leaf_damage/2025_10_07_RSFB-Phenotyping_WG1_JLU/2025_10_07_RSFB-Phenotyping_WG1_JLU/20251007_133049.jpg,9.0,3.406820297241211,4.30042839050293,0.8936079740524292,4.69957160949707,5.593179702758789,gold_only,43,single_rater_weak
2025_10_07_RSFB-Phenotyping_WG1_JLU/2025_10_07_RSFB-Phenotyping_WG1_JLU/20251007_133113.jpg,plot_7d23a67bc562362ae25a,wg_insects_t1_bbch10,/home/nfs/data/nvme_datasets/Pictures_CFSB_leaf_damage/2025_10_07_RSFB-Phenotyping_WG1_JLU/2025_10_07_RSFB-Phenotyping_WG1_JLU/20251007_133113.jpg,5.0,2.3700294494628906,3.0889663696289062,0.7189368605613708,1.9110336303710938,2.6299705505371094,gold_only,43,single_rater_weak
2025_10_07_RSFB-Phenotyping_WG1_JLU/2025_10_07_RSFB-Phenotyping_WG1_JLU/20251007_133120.jpg,plot_7d23a67bc562362ae25a,wg_insects_t1_bbch10,/home/nfs/data/nvme_datasets/Pictures_CFSB_leaf_damage/2025_10_07_RSFB-Phenotyping_WG1_JLU/2025_10_07_RSFB-Phenotyping_WG1_JLU/20251007_133120.jpg,8.0,4.5379438400268555,5.300249099731445,0.7623053193092346,2.6997509002685547,3.4620561599731445,gold_only,43,single_rater_weak
2025_10_07_RSFB-Phenotyping_WG1_JLU/2025_10_07_RSFB-Phenotyping_WG1_JLU/20251007_133127.jpg,plot_7d23a67bc562362ae25a,wg_insects_t1_bbch10,/home/nfs/data/nvme_datasets/Pictures_CFSB_leaf_damage/2025_10_07_RSFB-Phenotyping_WG1_JLU/2025_10_07_RSFB-Phenotyping_WG1_JLU/20251007_133127.jpg,8.0,5.498597145080566,5.352378845214844,-0.14621829986572266,2.6476211547851562,2.5014028549194336,gold_only,43,single_rater_weak
2025_10_07_RSFB-Phenotyping_WG1_JLU/2025_10_07_RSFB-Phenotyping_WG1_JLU/20251007_133147.jpg,plot_a3b512b929e5e15f8ccb,wg_insects_t1_bbch10,/home/nfs/data/nvme_datasets/Pictures_CFSB_leaf_damage/2025_10_07_RSFB-Phenotyping_WG1_JLU/2025_10_07_RSFB-Phenotyping_WG1_JLU/20251007_133147.jpg,7.0,2.6469717025756836,2.7225096225738525,0.07553783804178238,4.277490615844727,4.353028297424316,gold_only,43,single_rater_weak
2025_10_07_RSFB-Phenotyping_WG1_JLU/2025_10_07_RSFB-Phenotyping_WG1_JLU/20251007_133155.jpg,plot_a3b512b929e5e15f8ccb,wg_insects_t1_bbch10,/home/nfs/data/nvme_datasets/Pictures_CFSB_leaf_damage/2025_10_07_RSFB-Phenotyping_WG1_JLU/2025_10_07_RSFB-Phenotyping_WG1_JLU/20251007_133155.jpg,7.0,2.9819178581237793,3.2156662940979004,0.23374837636947632,3.7843337059020996,4.018082141876221,gold_only,43,single_rater_weak
2025_10_07_RSFB-Phenotyping_WG1_JLU/2025_10_07_RSFB-Phenotyping_WG1_JLU/20251007_133203.jpg,plot_a3b512b929e5e15f8ccb,wg_insects_t1_bbch10,/home/nfs/data/nvme_datasets/Pictures_CFSB_leaf_damage/2025_10_07_RSFB-Phenotyping_WG1_JLU/2025_10_07_RSFB-Phenotyping_WG1_JLU/20251007_133203.jpg,8.0,3.0593795776367188,2.899066686630249,-0.1603129506111145,5.100933074951172,4.940620422363281,gold_only,43,single_rater_weak
2025_10_07_RSFB-Phenotyping_WG1_JLU/2025_10_07_RSFB-Phenotyping_WG1_JLU/20251007_133225.jpg,plot_b25a72413177e5170eb5,wg_insects_t1_bbch10,/home/nfs/data/nvme_datasets/Pictures_CFSB_leaf_damage/2025_10_07_RSFB-Phenotyping_WG1_JLU/2025_10_07_RSFB-Phenotyping_WG1_JLU/20251007_133225.jpg,6.0,4.098742485046387,4.598793029785156,0.5000503063201904,1.4012069702148438,1.9012575149536133,gold_only,43,single_rater_weak
2025_10_07_RSFB-Phenotyping_WG1_JLU/2025_10_07_RSFB-Phenotyping_WG1_JLU/20251007_133232.jpg,plot_b25a72413177e5170eb5,wg_insects_t1_bbch10,/home/nfs/data/nvme_datasets/Pictures_CFSB_leaf_damage/2025_10_07_RSFB-Phenotyping_WG1_JLU/2025_10_07_RSFB-Phenotyping_WG1_JLU/20251007_133232.jpg,3.0,4.386030673980713,4.265480995178223,-0.1205497682094574,1.2654809951782227,1.386030673980713,gold_only,43,single_rater_weak
2025_10_07_RSFB-Phenotyping_WG1_JLU/2025_10_07_RSFB-Phenotyping_WG1_JLU/20251007_133238.jpg,plot_b25a72413177e5170eb5,wg_insects_t1_bbch10,/home/nfs/data/nvme_datasets/Pictures_CFSB_leaf_damage/2025_10_07_RSFB-Phenotyping_WG1_JLU/2025_10_07_RSFB-Phenotyping_WG1_JLU/20251007_133238.jpg,13.0,4.544094085693359,5.093436241149902,0.5493419766426086,7.906563758850098,8.45590591430664,gold_only,43,single_rater_weak
2025_10_07_RSFB-Phenotyping_WG1_JLU/2025_10_07_RSFB-Phenotyping_WG1_JLU/20251007_133258.jpg,plot_b1e75ad809ff8707c3b2,wg_insects_t1_bbch10,/home/nfs/data/nvme_datasets/Pictures_CFSB_leaf_damage/2025_10_07_RSFB-Phenotyping_WG1_JLU/2025_10_07_RSFB-Phenotyping_WG1_JLU/20251007_133258.jpg,35.0,4.735503196716309,5.404195308685303,0.6686919331550598,29.59580421447754,30.264495849609375,gold_only,43,single_rater_weak
2025_10_07_RSFB-Phenotyping_WG1_JLU/2025_10_07_RSFB-Phenotyping_WG1_JLU/20251007_133307.jpg,plot_b1e75ad809ff8707c3b2,wg_insects_t1_bbch10,/home/nfs/data/nvme_datasets/Pictures_CFSB_leaf_damage/2025_10_07_RSFB-Phenotyping_WG1_JLU/2025_10_07_RSFB-Phenotyping_WG1_JLU/20251007_133307.jpg,4.0,4.213135719299316,5.301172256469727,1.0880367755889893,1.3011722564697266,0.2131357192993164,gold_only,43,single_rater_weak
2025_10_07_RSFB-Phenotyping_WG1_JLU/2025_10_07_RSFB-Phenotyping_WG1_JLU/20251007_133314.jpg,plot_b1e75ad809ff8707c3b2,wg_insects_t1_bbch10,/home/nfs/data/nvme_datasets/Pictures_CFSB_leaf_damage/2025_10_07_RSFB-Phenotyping_WG1_JLU/2025_10_07_RSFB-Phenotyping_WG1_JLU/20251007_133314.jpg,3.0,3.6099913120269775,4.126221179962158,0.5162299275398254,1.1262211799621582,0.6099913120269775,gold_only,43,single_rater_weak
2025_10_07_RSFB-Phenotyping_WG1_JLU/2025_10_07_RSFB-Phenotyping_WG1_JLU/20251007_133337.jpg,plot_de50947285e53cf7dda0,wg_insects_t1_bbch10,/home/nfs/data/nvme_datasets/Pictures_CFSB_leaf_damage/2025_10_07_RSFB-Phenotyping_WG1_JLU/2025_10_07_RSFB-Phenotyping_WG1_JLU/20251007_133337.jpg,5.0,2.4759902954101562,3.611583709716797,1.1355934143066406,1.3884162902832031,2.5240097045898438,gold_only,43,single_rater_weak
2025_10_07_RSFB-Phenotyping_WG1_JLU/2025_10_07_RSFB-Phenotyping_WG1_JLU/20251007_133345.jpg,plot_de50947285e53cf7dda0,wg_insects_t1_bbch10,/home/nfs/data/nvme_datasets/Pictures_CFSB_leaf_damage/2025_10_07_RSFB-Phenotyping_WG1_JLU/2025_10_07_RSFB-Phenotyping_WG1_JLU/20251007_133345.jpg,4.0,2.5883359909057617,2.275151491165161,-0.31318455934524536,1.7248485088348389,1.4116640090942383,gold_only,43,single_rater_weak
2025_10_07_RSFB-Phenotyping_WG1_JLU/2025_10_07_RSFB-Phenotyping_WG1_JLU/20251007_133352.jpg,plot_de50947285e53cf7dda0,wg_insects_t1_bbch10,/home/nfs/data/nvme_datasets/Pictures_CFSB_leaf_damage/2025_10_07_RSFB-Phenotyping_WG1_JLU/2025_10_07_RSFB-Phenotyping_WG1_JLU/20251007_133352.jpg,5.0,2.6244301795959473,2.328673839569092,-0.2957562208175659,2.671326160430908,2.3755698204040527,gold_only,43,single_rater_weak
2025_10_07_RSFB-Phenotyping_WG1_JLU/2025_10_07_RSFB-Phenotyping_WG1_JLU/20251007_133430.jpg,plot_761a79e351c799d38270,wg_insects_t1_bbch10,/home/nfs/data/nvme_datasets/Pictures_CFSB_leaf_damage/2025_10_07_RSFB-Phenotyping_WG1_JLU/2025_10_07_RSFB-Phenotyping_WG1_JLU/20251007_133430.jpg,5.0,3.4077985286712646,3.2589967250823975,-0.14880190789699554,1.7410032749176025,1.5922014713287354,gold_only,43,single_rater_weak
2025_10_07_RSFB-Phenotyping_WG1_JLU/2025_10_07_RSFB-Phenotyping_WG1_JLU/20251007_133437.jpg,plot_761a79e351c799d38270,wg_insects_t1_bbch10,/home/nfs/data/nvme_datasets/Pictures_CFSB_leaf_damage/2025_10_07_RSFB-Phenotyping_WG1_JLU/2025_10_07_RSFB-Phenotyping_WG1_JLU/20251007_133437.jpg,12.0,5.321219444274902,5.914287090301514,0.5930676460266113,6.085712909698486,6.678780555725098,gold_only,43,single_rater_weak
2025_10_07_RSFB-Phenotyping_WG1_JLU/2025_10_07_RSFB-Phenotyping_WG1_JLU/20251007_133444.jpg,plot_761a79e351c799d38270,wg_insects_t1_bbch10,/home/nfs/data/nvme_datasets/Pictures_CFSB_leaf_damage/2025_10_07_RSFB-Phenotyping_WG1_JLU/2025_10_07_RSFB-Phenotyping_WG1_JLU/20251007_133444.jpg,15.0,3.427847146987915,4.002847671508789,0.575000524520874,10.997152328491211,11.572153091430664,gold_only,43,single_rater_weak
2025_10_07_RSFB-Phenotyping_WG1_JLU/2025_10_07_RSFB-Phenotyping_WG1_JLU/20251007_133505.jpg,plot_ed3a507bea1287033964,wg_insects_t1_bbch10,/home/nfs/data/nvme_datasets/Pictures_CFSB_leaf_damage/2025_10_07_RSFB-Phenotyping_WG1_JLU/2025_10_07_RSFB-Phenotyping_WG1_JLU/20251007_133505.jpg,4.0,3.4403910636901855,3.9083244800567627,0.46793344616889954,0.0916755199432373,0.5596089363098145,gold_only,43,single_rater_weak
2025_10_07_RSFB-Phenotyping_WG1_JLU/2025_10_07_RSFB-Phenotyping_WG1_JLU/20251007_133513.jpg,plot_ed3a507bea1287033964,wg_insects_t1_bbch10,/home/nfs/data/nvme_datasets/Pictures_CFSB_leaf_damage/2025_10_07_RSFB-Phenotyping_WG1_JLU/2025_10_07_RSFB-Phenotyping_WG1_JLU/20251007_133513.jpg,9.0,3.2151618003845215,3.4239258766174316,0.20876415073871613,5.576074123382568,5.7848381996154785,gold_only,43,single_rater_weak
2025_10_07_RSFB-Phenotyping_WG1_JLU/2025_10_07_RSFB-Phenotyping_WG1_JLU/20251007_133520.jpg,plot_ed3a507bea1287033964,wg_insects_t1_bbch10,/home/nfs/data/nvme_datasets/Pictures_CFSB_leaf_damage/2025_10_07_RSFB-Phenotyping_WG1_JLU/2025_10_07_RSFB-Phenotyping_WG1_JLU/20251007_133520.jpg,10.0,3.5867490768432617,4.136307239532471,0.5495582818984985,5.863692760467529,6.413250923156738,gold_only,43,single_rater_weak
2025_10_07_RSFB-Phenotyping_WG1_JLU/2025_10_07_RSFB-Phenotyping_WG1_JLU/20251007_133541.jpg,plot_4cb2c1be99f545063821,wg_insects_t1_bbch10,/home/nfs/data/nvme_datasets/Pictures_CFSB_leaf_damage/2025_10_07_RSFB-Phenotyping_WG1_JLU/2025_10_07_RSFB-Phenotyping_WG1_JLU/20251007_133541.jpg,14.0,2.5620718002319336,1.9945075511932373,-0.5675641894340515,12.005492210388184,11.437928199768066,gold_only,43,single_rater_weak
2025_10_07_RSFB-Phenotyping_WG1_JLU/2025_10_07_RSFB-Phenotyping_WG1_JLU/20251007_133549.jpg,plot_4cb2c1be99f545063821,wg_insects_t1_bbch10,/home/nfs/data/nvme_datasets/Pictures_CFSB_leaf_damage/2025_10_07_RSFB-Phenotyping_WG1_JLU/2025_10_07_RSFB-Phenotyping_WG1_JLU/20251007_133549.jpg,8.0,2.362720489501953,1.8027567863464355,-0.5599636435508728,6.1972432136535645,5.637279510498047,gold_only,43,single_rater_weak
2025_10_07_RSFB-Phenotyping_WG1_JLU/2025_10_07_RSFB-Phenotyping_WG1_JLU/20251007_133558.jpg,plot_4cb2c1be99f545063821,wg_insects_t1_bbch10,/home/nfs/data/nvme_datasets/Pictures_CFSB_leaf_damage/2025_10_07_RSFB-Phenotyping_WG1_JLU/2025_10_07_RSFB-Phenotyping_WG1_JLU/20251007_133558.jpg,3.0,5.222519397735596,5.360733985900879,0.13821440935134888,2.360733985900879,2.2225193977355957,gold_only,43,single_rater_weak
2025_10_07_RSFB-Phenotyping_WG1_JLU/2025_10_07_RSFB-Phenotyping_WG1_JLU/20251007_133619.jpg,plot_1d77890fac8e7fa98fc9,wg_insects_t1_bbch10,/home/nfs/data/nvme_datasets/Pictures_CFSB_leaf_damage/2025_10_07_RSFB-Phenotyping_WG1_JLU/2025_10_07_RSFB-Phenotyping_WG1_JLU/20251007_133619.jpg,4.0,2.997920036315918,2.919379949569702,-0.07854016125202179,1.0806200504302979,1.002079963684082,gold_only,43,single_rater_weak
2025_10_07_RSFB-Phenotyping_WG1_JLU/2025_10_07_RSFB-Phenotyping_WG1_JLU/20251007_133627.jpg,plot_1d77890fac8e7fa98fc9,wg_insects_t1_bbch10,/home/nfs/data/nvme_datasets/Pictures_CFSB_leaf_damage/2025_10_07_RSFB-Phenotyping_WG1_JLU/2025_10_07_RSFB-Phenotyping_WG1_JLU/20251007_133627.jpg,17.0,3.3593692779541016,3.88981294631958,0.5304437875747681,13.110187530517578,13.640630722045898,gold_only,43,single_rater_weak
2025_10_07_RSFB-Phenotyping_WG1_JLU/2025_10_07_RSFB-Phenotyping_WG1_JLU/20251007_133635.jpg,plot_1d77890fac8e7fa98fc9,wg_insects_t1_bbch10,/home/nfs/data/nvme_datasets/Pictures_CFSB_leaf_damage/2025_10_07_RSFB-Phenotyping_WG1_JLU/2025_10_07_RSFB-Phenotyping_WG1_JLU/20251007_133635.jpg,19.0,4.179770469665527,4.823611259460449,0.6438407301902771,14.17638874053955,14.820229530334473,gold_only,43,single_rater_weak
2025_10_07_RSFB-Phenotyping_WG1_JLU/2025_10_07_RSFB-Phenotyping_WG1_JLU/20251007_133700.jpg,plot_0ccd244f54fcda9028fb,wg_insects_t1_bbch10,/home/nfs/data/nvme_datasets/Pictures_CFSB_leaf_damage/2025_10_07_RSFB-Phenotyping_WG1_JLU/2025_10_07_RSFB-Phenotyping_WG1_JLU/20251007_133700.jpg,9.0,2.5800886154174805,2.2829396724700928,-0.2971489429473877,6.717060089111328,6.4199113845825195,gold_only,43,single_rater_weak
2025_10_07_RSFB-Phenotyping_WG1_JLU/2025_10_07_RSFB-Phenotyping_WG1_JLU/20251007_133707.jpg,plot_0ccd244f54fcda9028fb,wg_insects_t1_bbch10,/home/nfs/data/nvme_datasets/Pictures_CFSB_leaf_damage/2025_10_07_RSFB-Phenotyping_WG1_JLU/2025_10_07_RSFB-Phenotyping_WG1_JLU/20251007_133707.jpg,8.0,3.2950148582458496,3.364189624786377,0.0691748857498169,4.635810375213623,4.70498514175415,gold_only,43,single_rater_weak
2025_10_07_RSFB-Phenotyping_WG1_JLU/2025_10_07_RSFB-Phenotyping_WG1_JLU/20251007_133716.jpg,plot_0ccd244f54fcda9028fb,wg_insects_t1_bbch10,/home/nfs/data/nvme_datasets/Pictures_CFSB_leaf_damage/2025_10_07_RSFB-Phenotyping_WG1_JLU/2025_10_07_RSFB-Phenotyping_WG1_JLU/20251007_133716.jpg,4.0,2.6311120986938477,2.3408992290496826,-0.2902129292488098,1.6591007709503174,1.3688879013061523,gold_only,43,single_rater_weak
2025_10_07_RSFB-Phenotyping_WG1_JLU/2025_10_07_RSFB-Phenotyping_WG1_JLU/20251007_133736.jpg,plot_554b38106eaa08e3d345,wg_insects_t1_bbch10,/home/nfs/data/nvme_datasets/Pictures_CFSB_leaf_damage/2025_10_07_RSFB-Phenotyping_WG1_JLU/2025_10_07_RSFB-Phenotyping_WG1_JLU/20251007_133736.jpg,10.0,2.075117588043213,2.0397231578826904,-0.035394541919231415,7.9602766036987305,7.924882411956787,gold_only,43,single_rater_weak
2025_10_07_RSFB-Phenotyping_WG1_JLU/2025_10_07_RSFB-Phenotyping_WG1_JLU/20251007_133742.jpg,plot_554b38106eaa08e3d345,wg_insects_t1_bbch10,/home/nfs/data/nvme_datasets/Pictures_CFSB_leaf_damage/2025_10_07_RSFB-Phenotyping_WG1_JLU/2025_10_07_RSFB-Phenotyping_WG1_JLU/20251007_133742.jpg,12.0,7.258735179901123,7.892383098602295,0.6336480379104614,4.107616901397705,4.741264820098877,gold_only,43,single_rater_weak
2025_10_07_RSFB-Phenotyping_WG1_JLU/2025_10_07_RSFB-Phenotyping_WG1_JLU/20251007_133748.jpg,plot_554b38106eaa08e3d345,wg_insects_t1_bbch10,/home/nfs/data/nvme_datasets/Pictures_CFSB_leaf_damage/2025_10_07_RSFB-Phenotyping_WG1_JLU/2025_10_07_RSFB-Phenotyping_WG1_JLU/20251007_133748.jpg,5.0,3.554457902908325,3.508418083190918,-0.046039801090955734,1.491581916809082,1.4455420970916748,gold_only,43,single_rater_weak
2025_10_07_RSFB-Phenotyping_WG1_JLU/2025_10_07_RSFB-Phenotyping_WG1_JLU/20251007_133826.jpg,plot_3c5aba0567108bfa4110,wg_insects_t1_bbch10,/home/nfs/data/nvme_datasets/Pictures_CFSB_leaf_damage/2025_10_07_RSFB-Phenotyping_WG1_JLU/2025_10_07_RSFB-Phenotyping_WG1_JLU/20251007_133826.jpg,50.0,3.6139109134674072,5.798587322235107,2.1846764087677,44.201412200927734,46.38608932495117,gold_only,43,single_rater_weak
2025_10_07_RSFB-Phenotyping_WG1_JLU/2025_10_07_RSFB-Phenotyping_WG1_JLU/20251007_133833.jpg,plot_3c5aba0567108bfa4110,wg_insects_t1_bbch10,/home/nfs/data/nvme_datasets/Pictures_CFSB_leaf_damage/2025_10_07_RSFB-Phenotyping_WG1_JLU/2025_10_07_RSFB-Phenotyping_WG1_JLU/20251007_133833.jpg,1.0,1.185020923614502,2.972597599029541,1.787576675415039,1.972597599029541,0.18502092361450195,gold_only,43,single_rater_weak
2025_10_07_RSFB-Phenotyping_WG1_JLU/2025_10_07_RSFB-Phenotyping_WG1_JLU/20251007_133857.jpg,plot_91ac4a9cd21f932a6384,wg_insects_t1_bbch10,/home/nfs/data/nvme_datasets/Pictures_CFSB_leaf_damage/2025_10_07_RSFB-Phenotyping_WG1_JLU/2025_10_07_RSFB-Phenotyping_WG1_JLU/20251007_133857.jpg,8.0,3.6756033897399902,3.363640546798706,-0.3119628429412842,4.636359214782715,4.32439661026001,gold_only,43,single_rater_weak
2025_10_07_RSFB-Phenotyping_WG1_JLU/2025_10_07_RSFB-Phenotyping_WG1_JLU/20251007_133904.jpg,plot_91ac4a9cd21f932a6384,wg_insects_t1_bbch10,/home/nfs/data/nvme_datasets/Pictures_CFSB_leaf_damage/2025_10_07_RSFB-Phenotyping_WG1_JLU/2025_10_07_RSFB-Phenotyping_WG1_JLU/20251007_133904.jpg,4.0,2.7628140449523926,2.433387041091919,-0.32942700386047363,1.566612958908081,1.2371859550476074,gold_only,43,single_rater_weak
2025_10_07_RSFB-Phenotyping_WG1_JLU/2025_10_07_RSFB-Phenotyping_WG1_JLU/20251007_133911.jpg,plot_91ac4a9cd21f932a6384,wg_insects_t1_bbch10,/home/nfs/data/nvme_datasets/Pictures_CFSB_leaf_damage/2025_10_07_RSFB-Phenotyping_WG1_JLU/2025_10_07_RSFB-Phenotyping_WG1_JLU/20251007_133911.jpg,18.0,3.7922744750976562,3.7007668018341064,-0.09150765091180801,14.299233436584473,14.207725524902344,gold_only,43,single_rater_weak
2025_10_07_RSFB-Phenotyping_WG1_JLU/2025_10_07_RSFB-Phenotyping_WG1_JLU/20251007_133938.jpg,plot_aae9cf8456bd7d3487d0,wg_insects_t1_bbch10,/home/nfs/data/nvme_datasets/Pictures_CFSB_leaf_damage/2025_10_07_RSFB-Phenotyping_WG1_JLU/2025_10_07_RSFB-Phenotyping_WG1_JLU/20251007_133938.jpg,4.0,3.1318717002868652,3.6592955589294434,0.5274237394332886,0.34070444107055664,0.8681282997131348,gold_only,43,single_rater_weak
2025_10_07_RSFB-Phenotyping_WG1_JLU/2025_10_07_RSFB-Phenotyping_WG1_JLU/20251007_133946.jpg,plot_aae9cf8456bd7d3487d0,wg_insects_t1_bbch10,/home/nfs/data/nvme_datasets/Pictures_CFSB_leaf_damage/2025_10_07_RSFB-Phenotyping_WG1_JLU/2025_10_07_RSFB-Phenotyping_WG1_JLU/20251007_133946.jpg,3.0,3.1487202644348145,4.403881072998047,1.2551606893539429,1.4038810729980469,0.14872026443481445,gold_only,43,single_rater_weak
2025_10_07_RSFB-Phenotyping_WG1_JLU/2025_10_07_RSFB-Phenotyping_WG1_JLU/20251007_133957.jpg,plot_aae9cf8456bd7d3487d0,wg_insects_t1_bbch10,/home/nfs/data/nvme_datasets/Pictures_CFSB_leaf_damage/2025_10_07_RSFB-Phenotyping_WG1_JLU/2025_10_07_RSFB-Phenotyping_WG1_JLU/20251007_133957.jpg,11.0,3.0534348487854004,3.532679796218872,0.4792448878288269,7.467320442199707,7.9465651512146,gold_only,43,single_rater_weak
2025_10_07_RSFB-Phenotyping_WG1_JLU/2025_10_07_RSFB-Phenotyping_WG1_JLU/20251007_134016.jpg,plot_beaf2427488cd0e1fa81,wg_insects_t1_bbch10,/home/nfs/data/nvme_datasets/Pictures_CFSB_leaf_damage/2025_10_07_RSFB-Phenotyping_WG1_JLU/2025_10_07_RSFB-Phenotyping_WG1_JLU/20251007_134016.jpg,5.0,6.381311416625977,7.298723220825195,0.9174115657806396,2.2987232208251953,1.3813114166259766,gold_only,43,single_rater_weak
2025_10_07_RSFB-Phenotyping_WG1_JLU/2025_10_07_RSFB-Phenotyping_WG1_JLU/20251007_134023.jpg,plot_beaf2427488cd0e1fa81,wg_insects_t1_bbch10,/home/nfs/data/nvme_datasets/Pictures_CFSB_leaf_damage/2025_10_07_RSFB-Phenotyping_WG1_JLU/2025_10_07_RSFB-Phenotyping_WG1_JLU/20251007_134023.jpg,3.0,3.3935813903808594,3.2176096439361572,-0.1759718507528305,0.21760964393615723,0.3935813903808594,gold_only,43,single_rater_weak
2025_10_07_RSFB-Phenotyping_WG1_JLU/2025_10_07_RSFB-Phenotyping_WG1_JLU/20251007_134030.jpg,plot_beaf2427488cd0e1fa81,wg_insects_t1_bbch10,/home/nfs/data/nvme_datasets/Pictures_CFSB_leaf_damage/2025_10_07_RSFB-Phenotyping_WG1_JLU/2025_10_07_RSFB-Phenotyping_WG1_JLU/20251007_134030.jpg,4.0,3.509305477142334,4.181524753570557,0.6722193956375122,0.18152475357055664,0.490694522857666,gold_only,43,single_rater_weak
2025_10_07_RSFB-Phenotyping_WG1_JLU/2025_10_07_RSFB-Phenotyping_WG1_JLU/20251007_134049.jpg,plot_73cc40b0300eb96ccdb1,wg_insects_t1_bbch10,/home/nfs/data/nvme_datasets/Pictures_CFSB_leaf_damage/2025_10_07_RSFB-Phenotyping_WG1_JLU/2025_10_07_RSFB-Phenotyping_WG1_JLU/20251007_134049.jpg,2.0,2.6778249740600586,2.4598827362060547,-0.2179422378540039,0.4598827362060547,0.6778249740600586,gold_only,43,single_rater_weak
2025_10_07_RSFB-Phenotyping_WG1_JLU/2025_10_07_RSFB-Phenotyping_WG1_JLU/20251007_134055.jpg,plot_73cc40b0300eb96ccdb1,wg_insects_t1_bbch10,/home/nfs/data/nvme_datasets/Pictures_CFSB_leaf_damage/2025_10_07_RSFB-Phenotyping_WG1_JLU/2025_10_07_RSFB-Phenotyping_WG1_JLU/20251007_134055.jpg,3.0,3.726858615875244,3.739553451538086,0.012694761157035828,0.7395534515380859,0.7268586158752441,gold_only,43,single_rater_weak
2025_10_07_RSFB-Phenotyping_WG1_JLU/2025_10_07_RSFB-Phenotyping_WG1_JLU/20251007_134104.jpg,plot_73cc40b0300eb96ccdb1,wg_insects_t1_bbch10,/home/nfs/data/nvme_datasets/Pictures_CFSB_leaf_damage/2025_10_07_RSFB-Phenotyping_WG1_JLU/2025_10_07_RSFB-Phenotyping_WG1_JLU/20251007_134104.jpg,8.0,3.2520928382873535,2.805233955383301,-0.4468589723110199,5.194766044616699,4.7479071617126465,gold_only,43,single_rater_weak
2025_10_07_RSFB-Phenotyping_WG1_JLU/2025_10_07_RSFB-Phenotyping_WG1_JLU/20251007_134123.jpg,plot_0dc14c5babac0bfbd23b,wg_insects_t1_bbch10,/home/nfs/data/nvme_datasets/Pictures_CFSB_leaf_damage/2025_10_07_RSFB-Phenotyping_WG1_JLU/2025_10_07_RSFB-Phenotyping_WG1_JLU/20251007_134123.jpg,30.0,3.948458433151245,3.727858781814575,-0.2205996811389923,26.272140502929688,26.051542282104492,gold_only,43,single_rater_weak
2025_10_07_RSFB-Phenotyping_WG1_JLU/2025_10_07_RSFB-Phenotyping_WG1_JLU/20251007_134130.jpg,plot_0dc14c5babac0bfbd23b,wg_insects_t1_bbch10,/home/nfs/data/nvme_datasets/Pictures_CFSB_leaf_damage/2025_10_07_RSFB-Phenotyping_WG1_JLU/2025_10_07_RSFB-Phenotyping_WG1_JLU/20251007_134130.jpg,20.0,3.5961263179779053,4.605292797088623,1.0091664791107178,15.394706726074219,16.403873443603516,gold_only,43,single_rater_weak
2025_10_07_RSFB-Phenotyping_WG1_JLU/2025_10_07_RSFB-Phenotyping_WG1_JLU/20251007_134136.jpg,plot_0dc14c5babac0bfbd23b,wg_insects_t1_bbch10,/home/nfs/data/nvme_datasets/Pictures_CFSB_leaf_damage/2025_10_07_RSFB-Phenotyping_WG1_JLU/2025_10_07_RSFB-Phenotyping_WG1_JLU/20251007_134136.jpg,15.0,3.382525682449341,4.737717151641846,1.3551913499832153,10.262283325195312,11.617474555969238,gold_only,43,single_rater_weak
2025_10_07_RSFB-Phenotyping_WG1_JLU/2025_10_07_RSFB-Phenotyping_WG1_JLU/20251007_134155.jpg,plot_8703b46712cb1c9c6aa8,wg_insects_t1_bbch10,/home/nfs/data/nvme_datasets/Pictures_CFSB_leaf_damage/2025_10_07_RSFB-Phenotyping_WG1_JLU/2025_10_07_RSFB-Phenotyping_WG1_JLU/20251007_134155.jpg,3.0,2.802938461303711,3.6101725101470947,0.8072340488433838,0.6101725101470947,0.19706153869628906,gold_only,43,single_rater_weak
2025_10_07_RSFB-Phenotyping_WG1_JLU/2025_10_07_RSFB-Phenotyping_WG1_JLU/20251007_134202.jpg,plot_8703b46712cb1c9c6aa8,wg_insects_t1_bbch10,/home/nfs/data/nvme_datasets/Pictures_CFSB_leaf_damage/2025_10_07_RSFB-Phenotyping_WG1_JLU/2025_10_07_RSFB-Phenotyping_WG1_JLU/20251007_134202.jpg,2.0,2.4758996963500977,2.490245819091797,0.014346206560730934,0.4902458190917969,0.47589969635009766,gold_only,43,single_rater_weak
2025_10_07_RSFB-Phenotyping_WG1_JLU/2025_10_07_RSFB-Phenotyping_WG1_JLU/20251007_134209.jpg,plot_8703b46712cb1c9c6aa8,wg_insects_t1_bbch10,/home/nfs/data/nvme_datasets/Pictures_CFSB_leaf_damage/2025_10_07_RSFB-Phenotyping_WG1_JLU/2025_10_07_RSFB-Phenotyping_WG1_JLU/20251007_134209.jpg,33.0,3.1532020568847656,3.3281197547912598,0.1749178171157837,29.6718807220459,29.846797943115234,gold_only,43,single_rater_weak
2025_10_07_RSFB-Phenotyping_WG1_JLU/2025_10_07_RSFB-Phenotyping_WG1_JLU/20251007_134231.jpg,plot_c269bf51510f5908bdde,wg_insects_t1_bbch10,/home/nfs/data/nvme_datasets/Pictures_CFSB_leaf_damage/2025_10_07_RSFB-Phenotyping_WG1_JLU/2025_10_07_RSFB-Phenotyping_WG1_JLU/20251007_134231.jpg,4.0,0.5693292617797852,2.457366943359375,1.8880376815795898,1.542633056640625,3.430670738220215,gold_only,43,single_rater_weak
2025_10_07_RSFB-Phenotyping_WG1_JLU/2025_10_07_RSFB-Phenotyping_WG1_JLU/20251007_134236.jpg,plot_c269bf51510f5908bdde,wg_insects_t1_bbch10,/home/nfs/data/nvme_datasets/Pictures_CFSB_leaf_damage/2025_10_07_RSFB-Phenotyping_WG1_JLU/2025_10_07_RSFB-Phenotyping_WG1_JLU/20251007_134236.jpg,2.0,0.941279411315918,2.896331787109375,1.9550524950027466,0.896331787109375,1.058720588684082,gold_only,43,single_rater_weak
2025_10_07_RSFB-Phenotyping_WG1_JLU/2025_10_07_RSFB-Phenotyping_WG1_JLU/20251007_134244.jpg,plot_c269bf51510f5908bdde,wg_insects_t1_bbch10,/home/nfs/data/nvme_datasets/Pictures_CFSB_leaf_damage/2025_10_07_RSFB-Phenotyping_WG1_JLU/2025_10_07_RSFB-Phenotyping_WG1_JLU/20251007_134244.jpg,5.0,0.7072396278381348,2.6175968647003174,1.9103572368621826,2.3824031352996826,4.292760372161865,gold_only,43,single_rater_weak
2025_10_07_RSFB-Phenotyping_WG1_JLU/2025_10_07_RSFB-Phenotyping_WG1_JLU/20251007_134311.jpg,plot_91629e9b3a2abf1aae0c,wg_insects_t1_bbch10,/home/nfs/data/nvme_datasets/Pictures_CFSB_leaf_damage/2025_10_07_RSFB-Phenotyping_WG1_JLU/2025_10_07_RSFB-Phenotyping_WG1_JLU/20251007_134311.jpg,22.0,2.9258627891540527,3.673818588256836,0.7479556798934937,18.326181411743164,19.07413673400879,gold_only,43,single_rater_weak
2025_10_07_RSFB-Phenotyping_WG1_JLU/2025_10_07_RSFB-Phenotyping_WG1_JLU/20251007_134319.jpg,plot_91629e9b3a2abf1aae0c,wg_insects_t1_bbch10,/home/nfs/data/nvme_datasets/Pictures_CFSB_leaf_damage/2025_10_07_RSFB-Phenotyping_WG1_JLU/2025_10_07_RSFB-Phenotyping_WG1_JLU/20251007_134319.jpg,7.0,3.466517210006714,3.5830512046813965,0.11653387546539307,3.4169487953186035,3.533482789993286,gold_only,43,single_rater_weak
2025_10_07_RSFB-Phenotyping_WG1_JLU/2025_10_07_RSFB-Phenotyping_WG1_JLU/20251007_134325.jpg,plot_91629e9b3a2abf1aae0c,wg_insects_t1_bbch10,/home/nfs/data/nvme_datasets/Pictures_CFSB_leaf_damage/2025_10_07_RSFB-Phenotyping_WG1_JLU/2025_10_07_RSFB-Phenotyping_WG1_JLU/20251007_134325.jpg,12.0,3.0642566680908203,3.2644405364990234,0.20018397271633148,8.735559463500977,8.93574333190918,gold_only,43,single_rater_weak
2025_10_07_RSFB-Phenotyping_WG1_JLU/2025_10_07_RSFB-Phenotyping_WG1_JLU/20251007_134345.jpg,plot_c8ab7ee89b7142cd52eb,wg_insects_t1_bbch10,/home/nfs/data/nvme_datasets/Pictures_CFSB_leaf_damage/2025_10_07_RSFB-Phenotyping_WG1_JLU/2025_10_07_RSFB-Phenotyping_WG1_JLU/20251007_134345.jpg,4.0,3.4875900745391846,3.822601556777954,0.3350115120410919,0.1773984432220459,0.5124099254608154,gold_only,43,single_rater_weak
2025_10_07_RSFB-Phenotyping_WG1_JLU/2025_10_07_RSFB-Phenotyping_WG1_JLU/20251007_134354.jpg,plot_c8ab7ee89b7142cd52eb,wg_insects_t1_bbch10,/home/nfs/data/nvme_datasets/Pictures_CFSB_leaf_damage/2025_10_07_RSFB-Phenotyping_WG1_JLU/2025_10_07_RSFB-Phenotyping_WG1_JLU/20251007_134354.jpg,26.0,5.022382736206055,5.574932098388672,0.5525494813919067,20.425067901611328,20.977617263793945,gold_only,43,single_rater_weak
2025_10_07_RSFB-Phenotyping_WG1_JLU/2025_10_07_RSFB-Phenotyping_WG1_JLU/20251007_134402.jpg,plot_c8ab7ee89b7142cd52eb,wg_insects_t1_bbch10,/home/nfs/data/nvme_datasets/Pictures_CFSB_leaf_damage/2025_10_07_RSFB-Phenotyping_WG1_JLU/2025_10_07_RSFB-Phenotyping_WG1_JLU/20251007_134402.jpg,3.0,2.3210620880126953,2.765397071838379,0.4443349838256836,0.2346029281616211,0.6789379119873047,gold_only,43,single_rater_weak
2025_10_07_RSFB-Phenotyping_WG1_JLU/2025_10_07_RSFB-Phenotyping_WG1_JLU/20251007_134425.jpg,plot_3efb2941f93198730d19,wg_insects_t1_bbch10,/home/nfs/data/nvme_datasets/Pictures_CFSB_leaf_damage/2025_10_07_RSFB-Phenotyping_WG1_JLU/2025_10_07_RSFB-Phenotyping_WG1_JLU/20251007_134425.jpg,10.0,9.024895668029785,8.940996170043945,-0.08389942348003387,1.0590038299560547,0.9751043319702148,gold_only,43,single_rater_weak
2025_10_07_RSFB-Phenotyping_WG1_JLU/2025_10_07_RSFB-Phenotyping_WG1_JLU/20251007_134433.jpg,plot_3efb2941f93198730d19,wg_insects_t1_bbch10,/home/nfs/data/nvme_datasets/Pictures_CFSB_leaf_damage/2025_10_07_RSFB-Phenotyping_WG1_JLU/2025_10_07_RSFB-Phenotyping_WG1_JLU/20251007_134433.jpg,7.0,4.261630058288574,3.9204838275909424,-0.3411462903022766,3.0795161724090576,2.738369941711426,gold_only,43,single_rater_weak
2025_10_07_RSFB-Phenotyping_WG1_JLU/2025_10_07_RSFB-Phenotyping_WG1_JLU/20251007_134442.jpg,plot_3efb2941f93198730d19,wg_insects_t1_bbch10,/home/nfs/data/nvme_datasets/Pictures_CFSB_leaf_damage/2025_10_07_RSFB-Phenotyping_WG1_JLU/2025_10_07_RSFB-Phenotyping_WG1_JLU/20251007_134442.jpg,21.0,3.6792728900909424,4.340976715087891,0.6617037057876587,16.65902328491211,17.32072639465332,gold_only,43,single_rater_weak
2025_10_07_RSFB-Phenotyping_WG1_JLU/2025_10_07_RSFB-Phenotyping_WG1_JLU/20251007_134503.jpg,plot_32302a98de0ae97df1fc,wg_insects_t1_bbch10,/home/nfs/data/nvme_datasets/Pictures_CFSB_leaf_damage/2025_10_07_RSFB-Phenotyping_WG1_JLU/2025_10_07_RSFB-Phenotyping_WG1_JLU/20251007_134503.jpg,6.0,3.185044765472412,3.2487711906433105,0.06372638046741486,2.7512288093566895,2.814955234527588,gold_only,43,single_rater_weak
2025_10_07_RSFB-Phenotyping_WG1_JLU/2025_10_07_RSFB-Phenotyping_WG1_JLU/20251007_134510.jpg,plot_32302a98de0ae97df1fc,wg_insects_t1_bbch10,/home/nfs/data/nvme_datasets/Pictures_CFSB_leaf_damage/2025_10_07_RSFB-Phenotyping_WG1_JLU/2025_10_07_RSFB-Phenotyping_WG1_JLU/20251007_134510.jpg,20.0,3.313394546508789,3.802420139312744,0.4890254735946655,16.197580337524414,16.68660545349121,gold_only,43,single_rater_weak
2025_10_07_RSFB-Phenotyping_WG1_JLU/2025_10_07_RSFB-Phenotyping_WG1_JLU/20251007_134517.jpg,plot_32302a98de0ae97df1fc,wg_insects_t1_bbch10,/home/nfs/data/nvme_datasets/Pictures_CFSB_leaf_damage/2025_10_07_RSFB-Phenotyping_WG1_JLU/2025_10_07_RSFB-Phenotyping_WG1_JLU/20251007_134517.jpg,15.0,4.757681846618652,5.751297473907471,0.993615448474884,9.248703002929688,10.242318153381348,gold_only,43,single_rater_weak
2025_10_07_RSFB-Phenotyping_WG1_JLU/2025_10_07_RSFB-Phenotyping_WG1_JLU/20251007_134607.jpg,plot_553caedde4489480dbef,wg_insects_t1_bbch10,/home/nfs/data/nvme_datasets/Pictures_CFSB_leaf_damage/2025_10_07_RSFB-Phenotyping_WG1_JLU/2025_10_07_RSFB-Phenotyping_WG1_JLU/20251007_134607.jpg,7.0,3.148690700531006,3.0607223510742188,-0.08796828985214233,3.9392776489257812,3.851309299468994,gold_only,43,single_rater_weak
2025_10_07_RSFB-Phenotyping_WG1_JLU/2025_10_07_RSFB-Phenotyping_WG1_JLU/20251007_134615.jpg,plot_553caedde4489480dbef,wg_insects_t1_bbch10,/home/nfs/data/nvme_datasets/Pictures_CFSB_leaf_damage/2025_10_07_RSFB-Phenotyping_WG1_JLU/2025_10_07_RSFB-Phenotyping_WG1_JLU/20251007_134615.jpg,6.0,3.485612154006958,3.8650686740875244,0.3794565200805664,2.1349313259124756,2.514387845993042,gold_only,43,single_rater_weak
2025_10_07_RSFB-Phenotyping_WG1_JLU/2025_10_07_RSFB-Phenotyping_WG1_JLU/20251007_134622.jpg,plot_553caedde4489480dbef,wg_insects_t1_bbch10,/home/nfs/data/nvme_datasets/Pictures_CFSB_leaf_damage/2025_10_07_RSFB-Phenotyping_WG1_JLU/2025_10_07_RSFB-Phenotyping_WG1_JLU/20251007_134622.jpg,4.0,3.519313097000122,4.550524711608887,1.0312113761901855,0.5505247116088867,0.48068690299987793,gold_only,43,single_rater_weak
2025_10_07_RSFB-Phenotyping_WG1_JLU/2025_10_07_RSFB-Phenotyping_WG1_JLU/20251007_134640.jpg,plot_0ee2401049b303496bc5,wg_insects_t1_bbch10,/home/nfs/data/nvme_datasets/Pictures_CFSB_leaf_damage/2025_10_07_RSFB-Phenotyping_WG1_JLU/2025_10_07_RSFB-Phenotyping_WG1_JLU/20251007_134640.jpg,3.0,4.264863967895508,5.248229026794434,0.9833652973175049,2.2482290267944336,1.2648639678955078,gold_only,43,single_rater_weak
2025_10_07_RSFB-Phenotyping_WG1_JLU/2025_10_07_RSFB-Phenotyping_WG1_JLU/20251007_134648.jpg,plot_0ee2401049b303496bc5,wg_insects_t1_bbch10,/home/nfs/data/nvme_datasets/Pictures_CFSB_leaf_damage/2025_10_07_RSFB-Phenotyping_WG1_JLU/2025_10_07_RSFB-Phenotyping_WG1_JLU/20251007_134648.jpg,4.0,3.2938733100891113,4.19829797744751,0.9044248461723328,0.19829797744750977,0.7061266899108887,gold_only,43,single_rater_weak
2025_10_07_RSFB-Phenotyping_WG1_JLU/2025_10_07_RSFB-Phenotyping_WG1_JLU/20251007_134654.jpg,plot_0ee2401049b303496bc5,wg_insects_t1_bbch10,/home/nfs/data/nvme_datasets/Pictures_CFSB_leaf_damage/2025_10_07_RSFB-Phenotyping_WG1_JLU/2025_10_07_RSFB-Phenotyping_WG1_JLU/20251007_134654.jpg,5.0,5.373900413513184,5.755507469177246,0.3816068172454834,0.7555074691772461,0.3739004135131836,gold_only,43,single_rater_weak
2025_10_07_RSFB-Phenotyping_WG1_JLU/2025_10_07_RSFB-Phenotyping_WG1_JLU/20251007_134713.jpg,plot_b5ff78134da2cbee9da9,wg_insects_t1_bbch10,/home/nfs/data/nvme_datasets/Pictures_CFSB_leaf_damage/2025_10_07_RSFB-Phenotyping_WG1_JLU/2025_10_07_RSFB-Phenotyping_WG1_JLU/20251007_134713.jpg,2.0,2.9910879135131836,4.16921329498291,1.1781255006790161,2.16921329498291,0.9910879135131836,gold_only,43,single_rater_weak
2025_10_07_RSFB-Phenotyping_WG1_JLU/2025_10_07_RSFB-Phenotyping_WG1_JLU/20251007_134721.jpg,plot_b5ff78134da2cbee9da9,wg_insects_t1_bbch10,/home/nfs/data/nvme_datasets/Pictures_CFSB_leaf_damage/2025_10_07_RSFB-Phenotyping_WG1_JLU/2025_10_07_RSFB-Phenotyping_WG1_JLU/20251007_134721.jpg,5.0,4.208320140838623,5.500164031982422,1.291844129562378,0.5001640319824219,0.791679859161377,gold_only,43,single_rater_weak
2025_10_07_RSFB-Phenotyping_WG1_JLU/2025_10_07_RSFB-Phenotyping_WG1_JLU/20251007_134728.jpg,plot_b5ff78134da2cbee9da9,wg_insects_t1_bbch10,/home/nfs/data/nvme_datasets/Pictures_CFSB_leaf_damage/2025_10_07_RSFB-Phenotyping_WG1_JLU/2025_10_07_RSFB-Phenotyping_WG1_JLU/20251007_134728.jpg,7.0,4.099761962890625,4.513402938842773,0.4136410057544708,2.4865970611572266,2.900238037109375,gold_only,43,single_rater_weak
2025_10_07_RSFB-Phenotyping_WG1_JLU/2025_10_07_RSFB-Phenotyping_WG1_JLU/20251007_134747.jpg,plot_e756a03d19d7a2d30203,wg_insects_t1_bbch10,/home/nfs/data/nvme_datasets/Pictures_CFSB_leaf_damage/2025_10_07_RSFB-Phenotyping_WG1_JLU/2025_10_07_RSFB-Phenotyping_WG1_JLU/20251007_134747.jpg,12.0,3.049128532409668,3.2126169204711914,0.16348835825920105,8.787383079528809,8.950871467590332,gold_only,43,single_rater_weak
2025_10_07_RSFB-Phenotyping_WG1_JLU/2025_10_07_RSFB-Phenotyping_WG1_JLU/20251007_134753.jpg,plot_e756a03d19d7a2d30203,wg_insects_t1_bbch10,/home/nfs/data/nvme_datasets/Pictures_CFSB_leaf_damage/2025_10_07_RSFB-Phenotyping_WG1_JLU/2025_10_07_RSFB-Phenotyping_WG1_JLU/20251007_134753.jpg,8.0,5.901533126831055,6.754166603088379,0.8526332378387451,1.245833396911621,2.0984668731689453,gold_only,43,single_rater_weak
2025_10_07_RSFB-Phenotyping_WG1_JLU/2025_10_07_RSFB-Phenotyping_WG1_JLU/20251007_134803.jpg,plot_e756a03d19d7a2d30203,wg_insects_t1_bbch10,/home/nfs/data/nvme_datasets/Pictures_CFSB_leaf_damage/2025_10_07_RSFB-Phenotyping_WG1_JLU/2025_10_07_RSFB-Phenotyping_WG1_JLU/20251007_134803.jpg,4.0,3.2278318405151367,3.1895651817321777,-0.038266621530056,0.8104348182678223,0.7721681594848633,gold_only,43,single_rater_weak
2025_10_07_RSFB-Phenotyping_WG1_JLU/2025_10_07_RSFB-Phenotyping_WG1_JLU/20251007_134820.jpg,plot_c6b6d66c129d9fca2b7b,wg_insects_t1_bbch10,/home/nfs/data/nvme_datasets/Pictures_CFSB_leaf_damage/2025_10_07_RSFB-Phenotyping_WG1_JLU/2025_10_07_RSFB-Phenotyping_WG1_JLU/20251007_134820.jpg,5.0,4.732010841369629,5.642995834350586,0.9109849333763123,0.6429958343505859,0.2679891586303711,gold_only,43,single_rater_weak
2025_10_07_RSFB-Phenotyping_WG1_JLU/2025_10_07_RSFB-Phenotyping_WG1_JLU/20251007_134828.jpg,plot_c6b6d66c129d9fca2b7b,wg_insects_t1_bbch10,/home/nfs/data/nvme_datasets/Pictures_CFSB_leaf_damage/2025_10_07_RSFB-Phenotyping_WG1_JLU/2025_10_07_RSFB-Phenotyping_WG1_JLU/20251007_134828.jpg,7.0,4.453807830810547,5.02751350402832,0.5737054944038391,1.9724864959716797,2.546192169189453,gold_only,43,single_rater_weak
2025_10_07_RSFB-Phenotyping_WG1_JLU/2025_10_07_RSFB-Phenotyping_WG1_JLU/20251007_134834.jpg,plot_c6b6d66c129d9fca2b7b,wg_insects_t1_bbch10,/home/nfs/data/nvme_datasets/Pictures_CFSB_leaf_damage/2025_10_07_RSFB-Phenotyping_WG1_JLU/2025_10_07_RSFB-Phenotyping_WG1_JLU/20251007_134834.jpg,5.0,2.967437267303467,4.213799476623535,1.2463620901107788,0.7862005233764648,2.032562732696533,gold_only,43,single_rater_weak
2025_10_07_RSFB-Phenotyping_WG1_JLU/2025_10_07_RSFB-Phenotyping_WG1_JLU/20251007_134852.jpg,plot_8340f1a8e5939e69142f,wg_insects_t1_bbch10,/home/nfs/data/nvme_datasets/Pictures_CFSB_leaf_damage/2025_10_07_RSFB-Phenotyping_WG1_JLU/2025_10_07_RSFB-Phenotyping_WG1_JLU/20251007_134852.jpg,3.0,2.531548500061035,2.7412853240966797,0.20973683893680573,0.2587146759033203,0.46845149993896484,gold_only,43,single_rater_weak
2025_10_07_RSFB-Phenotyping_WG1_JLU/2025_10_07_RSFB-Phenotyping_WG1_JLU/20251007_134900.jpg,plot_8340f1a8e5939e69142f,wg_insects_t1_bbch10,/home/nfs/data/nvme_datasets/Pictures_CFSB_leaf_damage/2025_10_07_RSFB-Phenotyping_WG1_JLU/2025_10_07_RSFB-Phenotyping_WG1_JLU/20251007_134900.jpg,3.0,1.9881629943847656,3.073878288269043,1.0857151746749878,0.07387828826904297,1.0118370056152344,gold_only,43,single_rater_weak
2025_10_07_RSFB-Phenotyping_WG1_JLU/2025_10_07_RSFB-Phenotyping_WG1_JLU/20251007_134912.jpg,plot_8340f1a8e5939e69142f,wg_insects_t1_bbch10,/home/nfs/data/nvme_datasets/Pictures_CFSB_leaf_damage/2025_10_07_RSFB-Phenotyping_WG1_JLU/2025_10_07_RSFB-Phenotyping_WG1_JLU/20251007_134912.jpg,4.0,3.371112585067749,3.5395631790161133,0.16845068335533142,0.4604368209838867,0.628887414932251,gold_only,43,single_rater_weak
2025_10_07_RSFB-Phenotyping_WG1_JLU/2025_10_07_RSFB-Phenotyping_WG1_JLU/20251007_134928_001.jpg,plot_b37ece4be73f21235396,wg_insects_t1_bbch10,/home/nfs/data/nvme_datasets/Pictures_CFSB_leaf_damage/2025_10_07_RSFB-Phenotyping_WG1_JLU/2025_10_07_RSFB-Phenotyping_WG1_JLU/20251007_134928_001.jpg,1.0,3.647066831588745,4.319136619567871,0.6720695495605469,3.319136619567871,2.647066831588745,gold_only,43,single_rater_weak
2025_10_07_RSFB-Phenotyping_WG1_JLU/2025_10_07_RSFB-Phenotyping_WG1_JLU/20251007_134928_002.jpg,plot_b37ece4be73f21235396,wg_insects_t1_bbch10,/home/nfs/data/nvme_datasets/Pictures_CFSB_leaf_damage/2025_10_07_RSFB-Phenotyping_WG1_JLU/2025_10_07_RSFB-Phenotyping_WG1_JLU/20251007_134928_002.jpg,1.0,3.3825552463531494,4.108852863311768,0.7262974381446838,3.1088528633117676,2.3825552463531494,gold_only,43,single_rater_weak
2025_10_07_RSFB-Phenotyping_WG1_JLU/2025_10_07_RSFB-Phenotyping_WG1_JLU/20251007_134929.jpg,plot_b37ece4be73f21235396,wg_insects_t1_bbch10,/home/nfs/data/nvme_datasets/Pictures_CFSB_leaf_damage/2025_10_07_RSFB-Phenotyping_WG1_JLU/2025_10_07_RSFB-Phenotyping_WG1_JLU/20251007_134929.jpg,1.0,3.6469712257385254,4.1335859298706055,0.48661476373672485,3.1335859298706055,2.6469712257385254,gold_only,43,single_rater_weak
2025_10_07_RSFB-Phenotyping_WG1_JLU/2025_10_07_RSFB-Phenotyping_WG1_JLU/20251007_134931.jpg,plot_b37ece4be73f21235396,wg_insects_t1_bbch10,/home/nfs/data/nvme_datasets/Pictures_CFSB_leaf_damage/2025_10_07_RSFB-Phenotyping_WG1_JLU/2025_10_07_RSFB-Phenotyping_WG1_JLU/20251007_134931.jpg,1.0,3.4711785316467285,4.003085613250732,0.5319070219993591,3.0030856132507324,2.4711785316467285,gold_only,43,single_rater_weak
2025_10_07_RSFB-Phenotyping_WG1_JLU/2025_10_07_RSFB-Phenotyping_WG1_JLU/20251007_134942.jpg,plot_b37ece4be73f21235396,wg_insects_t1_bbch10,/home/nfs/data/nvme_datasets/Pictures_CFSB_leaf_damage/2025_10_07_RSFB-Phenotyping_WG1_JLU/2025_10_07_RSFB-Phenotyping_WG1_JLU/20251007_134942.jpg,1.0,4.029778480529785,4.975852012634277,0.9460734724998474,3.9758520126342773,3.029778480529785,gold_only,43,single_rater_weak
2025_10_07_RSFB-Phenotyping_WG1_JLU/2025_10_07_RSFB-Phenotyping_WG1_JLU/20251007_135028.jpg,plot_b37ece4be73f21235396,wg_insects_t1_bbch10,/home/nfs/data/nvme_datasets/Pictures_CFSB_leaf_damage/2025_10_07_RSFB-Phenotyping_WG1_JLU/2025_10_07_RSFB-Phenotyping_WG1_JLU/20251007_135028.jpg,1.0,3.43731427192688,3.4287400245666504,-0.008574133738875389,2.4287400245666504,2.43731427192688,gold_only,43,single_rater_weak
2025_10_07_RSFB-Phenotyping_WG1_JLU/2025_10_07_RSFB-Phenotyping_WG1_JLU/20251007_135035.jpg,plot_b37ece4be73f21235396,wg_insects_t1_bbch10,/home/nfs/data/nvme_datasets/Pictures_CFSB_leaf_damage/2025_10_07_RSFB-Phenotyping_WG1_JLU/2025_10_07_RSFB-Phenotyping_WG1_JLU/20251007_135035.jpg,3.0,2.4567861557006836,3.6323916912078857,1.1756055355072021,0.6323916912078857,0.5432138442993164,gold_only,43,single_rater_weak
2025_10_07_RSFB-Phenotyping_WG1_JLU/2025_10_07_RSFB-Phenotyping_WG1_JLU/20251007_135041.jpg,plot_b37ece4be73f21235396,wg_insects_t1_bbch10,/home/nfs/data/nvme_datasets/Pictures_CFSB_leaf_damage/2025_10_07_RSFB-Phenotyping_WG1_JLU/2025_10_07_RSFB-Phenotyping_WG1_JLU/20251007_135041.jpg,2.0,2.6037678718566895,3.4065616130828857,0.8027938008308411,1.4065616130828857,0.6037678718566895,gold_only,43,single_rater_weak
2025_10_07_RSFB-Phenotyping_WG1_JLU/2025_10_07_RSFB-Phenotyping_WG1_JLU/20251007_135048.jpg,plot_b37ece4be73f21235396,wg_insects_t1_bbch10,/home/nfs/data/nvme_datasets/Pictures_CFSB_leaf_damage/2025_10_07_RSFB-Phenotyping_WG1_JLU/2025_10_07_RSFB-Phenotyping_WG1_JLU/20251007_135048.jpg,1.0,3.2575016021728516,3.3247087001800537,0.06720712780952454,2.3247087001800537,2.2575016021728516,gold_only,43,single_rater_weak
2025_10_07_RSFB-Phenotyping_WG1_JLU/2025_10_07_RSFB-Phenotyping_WG1_JLU/20251007_135105.jpg,plot_703c6d37517647dcb629,wg_insects_t1_bbch10,/home/nfs/data/nvme_datasets/Pictures_CFSB_leaf_damage/2025_10_07_RSFB-Phenotyping_WG1_JLU/2025_10_07_RSFB-Phenotyping_WG1_JLU/20251007_135105.jpg,5.0,3.026111602783203,3.3131232261657715,0.28701168298721313,1.6868767738342285,1.9738883972167969,gold_only,43,single_rater_weak
2025_10_07_RSFB-Phenotyping_WG1_JLU/2025_10_07_RSFB-Phenotyping_WG1_JLU/20251007_135113.jpg,plot_703c6d37517647dcb629,wg_insects_t1_bbch10,/home/nfs/data/nvme_datasets/Pictures_CFSB_leaf_damage/2025_10_07_RSFB-Phenotyping_WG1_JLU/2025_10_07_RSFB-Phenotyping_WG1_JLU/20251007_135113.jpg,10.0,3.181446075439453,3.134934425354004,-0.046511586755514145,6.865065574645996,6.818553924560547,gold_only,43,single_rater_weak
2025_10_07_RSFB-Phenotyping_WG1_JLU/2025_10_07_RSFB-Phenotyping_WG1_JLU/20251007_135120.jpg,plot_703c6d37517647dcb629,wg_insects_t1_bbch10,/home/nfs/data/nvme_datasets/Pictures_CFSB_leaf_damage/2025_10_07_RSFB-Phenotyping_WG1_JLU/2025_10_07_RSFB-Phenotyping_WG1_JLU/20251007_135120.jpg,2.0,3.0398154258728027,4.303333759307861,1.2635183334350586,2.3033337593078613,1.0398154258728027,gold_only,43,single_rater_weak
2025_10_07_RSFB-Phenotyping_WG1_JLU/2025_10_07_RSFB-Phenotyping_WG1_JLU/20251007_135136.jpg,plot_39a5d9a096c24f894a86,wg_insects_t1_bbch10,/home/nfs/data/nvme_datasets/Pictures_CFSB_leaf_damage/2025_10_07_RSFB-Phenotyping_WG1_JLU/2025_10_07_RSFB-Phenotyping_WG1_JLU/20251007_135136.jpg,2.0,2.55344820022583,3.780292510986328,1.2268444299697876,1.7802925109863281,0.5534482002258301,gold_only,43,single_rater_weak
2025_10_07_RSFB-Phenotyping_WG1_JLU/2025_10_07_RSFB-Phenotyping_WG1_JLU/20251007_135142.jpg,plot_39a5d9a096c24f894a86,wg_insects_t1_bbch10,/home/nfs/data/nvme_datasets/Pictures_CFSB_leaf_damage/2025_10_07_RSFB-Phenotyping_WG1_JLU/2025_10_07_RSFB-Phenotyping_WG1_JLU/20251007_135142.jpg,4.0,3.0852856636047363,3.7591423988342285,0.673856794834137,0.24085760116577148,0.9147143363952637,gold_only,43,single_rater_weak
2025_10_07_RSFB-Phenotyping_WG1_JLU/2025_10_07_RSFB-Phenotyping_WG1_JLU/20251007_135149.jpg,plot_39a5d9a096c24f894a86,wg_insects_t1_bbch10,/home/nfs/data/nvme_datasets/Pictures_CFSB_leaf_damage/2025_10_07_RSFB-Phenotyping_WG1_JLU/2025_10_07_RSFB-Phenotyping_WG1_JLU/20251007_135149.jpg,8.0,4.651336193084717,5.190940856933594,0.539604663848877,2.8090591430664062,3.348663806915283,gold_only,43,single_rater_weak
2025_10_07_RSFB-Phenotyping_WG1_JLU/2025_10_07_RSFB-Phenotyping_WG1_JLU/20251007_135206.jpg,plot_123fb6227016b71de6ed,wg_insects_t1_bbch10,/home/nfs/data/nvme_datasets/Pictures_CFSB_leaf_damage/2025_10_07_RSFB-Phenotyping_WG1_JLU/2025_10_07_RSFB-Phenotyping_WG1_JLU/20251007_135206.jpg,15.0,2.9186573028564453,2.6089141368865967,-0.30974310636520386,12.391085624694824,12.081342697143555,gold_only,43,single_rater_weak
2025_10_07_RSFB-Phenotyping_WG1_JLU/2025_10_07_RSFB-Phenotyping_WG1_JLU/20251007_135213.jpg,plot_123fb6227016b71de6ed,wg_insects_t1_bbch10,/home/nfs/data/nvme_datasets/Pictures_CFSB_leaf_damage/2025_10_07_RSFB-Phenotyping_WG1_JLU/2025_10_07_RSFB-Phenotyping_WG1_JLU/20251007_135213.jpg,5.0,2.2900662422180176,3.4547488689422607,1.1646826267242432,1.5452511310577393,2.7099337577819824,gold_only,43,single_rater_weak
2025_10_07_RSFB-Phenotyping_WG1_JLU/2025_10_07_RSFB-Phenotyping_WG1_JLU/20251007_135220.jpg,plot_123fb6227016b71de6ed,wg_insects_t1_bbch10,/home/nfs/data/nvme_datasets/Pictures_CFSB_leaf_damage/2025_10_07_RSFB-Phenotyping_WG1_JLU/2025_10_07_RSFB-Phenotyping_WG1_JLU/20251007_135220.jpg,4.0,5.906536102294922,6.457563877105713,0.5510277152061462,2.457563877105713,1.9065361022949219,gold_only,43,single_rater_weak
2025_10_07_RSFB-Phenotyping_WG1_JLU/2025_10_07_RSFB-Phenotyping_WG1_JLU/20251007_135237.jpg,plot_b20da2cb3f64c4a00599,wg_insects_t1_bbch10,/home/nfs/data/nvme_datasets/Pictures_CFSB_leaf_damage/2025_10_07_RSFB-Phenotyping_WG1_JLU/2025_10_07_RSFB-Phenotyping_WG1_JLU/20251007_135237.jpg,12.0,5.314820289611816,5.958370208740234,0.6435500979423523,6.041629791259766,6.685179710388184,gold_only,43,single_rater_weak
2025_10_07_RSFB-Phenotyping_WG1_JLU/2025_10_07_RSFB-Phenotyping_WG1_JLU/20251007_135242.jpg,plot_b20da2cb3f64c4a00599,wg_insects_t1_bbch10,/home/nfs/data/nvme_datasets/Pictures_CFSB_leaf_damage/2025_10_07_RSFB-Phenotyping_WG1_JLU/2025_10_07_RSFB-Phenotyping_WG1_JLU/20251007_135242.jpg,5.0,2.8010501861572266,2.6189701557159424,-0.18208003044128418,2.3810298442840576,2.1989498138427734,gold_only,43,single_rater_weak
2025_10_07_RSFB-Phenotyping_WG1_JLU/2025_10_07_RSFB-Phenotyping_WG1_JLU/20251007_135306.jpg,plot_63e5acc853f9da264c66,wg_insects_t1_bbch10,/home/nfs/data/nvme_datasets/Pictures_CFSB_leaf_damage/2025_10_07_RSFB-Phenotyping_WG1_JLU/2025_10_07_RSFB-Phenotyping_WG1_JLU/20251007_135306.jpg,1.0,1.8160896301269531,2.6496763229370117,0.8335867524147034,1.6496763229370117,0.8160896301269531,gold_only,43,single_rater_weak
2025_10_07_RSFB-Phenotyping_WG1_JLU/2025_10_07_RSFB-Phenotyping_WG1_JLU/20251007_135316.jpg,plot_63e5acc853f9da264c66,wg_insects_t1_bbch10,/home/nfs/data/nvme_datasets/Pictures_CFSB_leaf_damage/2025_10_07_RSFB-Phenotyping_WG1_JLU/2025_10_07_RSFB-Phenotyping_WG1_JLU/20251007_135316.jpg,2.0,2.0959925651550293,2.43516206741333,0.33916953206062317,0.4351620674133301,0.0959925651550293,gold_only,43,single_rater_weak
2025_10_07_RSFB-Phenotyping_WG1_JLU/2025_10_07_RSFB-Phenotyping_WG1_JLU/20251007_135322.jpg,plot_63e5acc853f9da264c66,wg_insects_t1_bbch10,/home/nfs/data/nvme_datasets/Pictures_CFSB_leaf_damage/2025_10_07_RSFB-Phenotyping_WG1_JLU/2025_10_07_RSFB-Phenotyping_WG1_JLU/20251007_135322.jpg,1.0,2.9861326217651367,3.279492139816284,0.2933594286441803,2.279492139816284,1.9861326217651367,gold_only,43,single_rater_weak
2025_10_07_RSFB-Phenotyping_WG1_JLU/2025_10_07_RSFB-Phenotyping_WG1_JLU/20251007_135337.jpg,plot_8751b5e06eb6ffeec689,wg_insects_t1_bbch10,/home/nfs/data/nvme_datasets/Pictures_CFSB_leaf_damage/2025_10_07_RSFB-Phenotyping_WG1_JLU/2025_10_07_RSFB-Phenotyping_WG1_JLU/20251007_135337.jpg,2.0,2.725402355194092,2.3614447116851807,-0.3639577329158783,0.36144471168518066,0.7254023551940918,gold_only,43,single_rater_weak
2025_10_07_RSFB-Phenotyping_WG1_JLU/2025_10_07_RSFB-Phenotyping_WG1_JLU/20251007_135343.jpg,plot_8751b5e06eb6ffeec689,wg_insects_t1_bbch10,/home/nfs/data/nvme_datasets/Pictures_CFSB_leaf_damage/2025_10_07_RSFB-Phenotyping_WG1_JLU/2025_10_07_RSFB-Phenotyping_WG1_JLU/20251007_135343.jpg,4.0,3.983921766281128,4.933535575866699,0.9496135711669922,0.9335355758666992,0.01607823371887207,gold_only,43,single_rater_weak
2025_10_07_RSFB-Phenotyping_WG1_JLU/2025_10_07_RSFB-Phenotyping_WG1_JLU/20251007_135349.jpg,plot_8751b5e06eb6ffeec689,wg_insects_t1_bbch10,/home/nfs/data/nvme_datasets/Pictures_CFSB_leaf_damage/2025_10_07_RSFB-Phenotyping_WG1_JLU/2025_10_07_RSFB-Phenotyping_WG1_JLU/20251007_135349.jpg,2.0,2.85048770904541,2.566102981567383,-0.28438475728034973,0.5661029815673828,0.8504877090454102,gold_only,43,single_rater_weak
2025_10_07_RSFB-Phenotyping_WG1_JLU/2025_10_07_RSFB-Phenotyping_WG1_JLU/20251007_135406.jpg,plot_279d83b6c8945c8a6c37,wg_insects_t1_bbch10,/home/nfs/data/nvme_datasets/Pictures_CFSB_leaf_damage/2025_10_07_RSFB-Phenotyping_WG1_JLU/2025_10_07_RSFB-Phenotyping_WG1_JLU/20251007_135406.jpg,2.0,4.14279842376709,4.583435535430908,0.4406373202800751,2.583435535430908,2.14279842376709,gold_only,43,single_rater_weak
2025_10_07_RSFB-Phenotyping_WG1_JLU/2025_10_07_RSFB-Phenotyping_WG1_JLU/20251007_135414.jpg,plot_279d83b6c8945c8a6c37,wg_insects_t1_bbch10,/home/nfs/data/nvme_datasets/Pictures_CFSB_leaf_damage/2025_10_07_RSFB-Phenotyping_WG1_JLU/2025_10_07_RSFB-Phenotyping_WG1_JLU/20251007_135414.jpg,3.0,2.7725930213928223,3.3749585151672363,0.6023653745651245,0.37495851516723633,0.22740697860717773,gold_only,43,single_rater_weak
2025_10_07_RSFB-Phenotyping_WG1_JLU/2025_10_07_RSFB-Phenotyping_WG1_JLU/20251007_135420.jpg,plot_279d83b6c8945c8a6c37,wg_insects_t1_bbch10,/home/nfs/data/nvme_datasets/Pictures_CFSB_leaf_damage/2025_10_07_RSFB-Phenotyping_WG1_JLU/2025_10_07_RSFB-Phenotyping_WG1_JLU/20251007_135420.jpg,2.0,3.3076767921447754,3.3783047199249268,0.07062792778015137,1.3783047199249268,1.3076767921447754,gold_only,43,single_rater_weak
2025_10_07_RSFB-Phenotyping_WG1_JLU/2025_10_07_RSFB-Phenotyping_WG1_JLU/20251007_135436.jpg,plot_75d8d7a2141a2b398071,wg_insects_t1_bbch10,/home/nfs/data/nvme_datasets/Pictures_CFSB_leaf_damage/2025_10_07_RSFB-Phenotyping_WG1_JLU/2025_10_07_RSFB-Phenotyping_WG1_JLU/20251007_135436.jpg,3.0,2.0934648513793945,3.450526714324951,1.357061743736267,0.45052671432495117,0.9065351486206055,gold_only,43,single_rater_weak
2025_10_07_RSFB-Phenotyping_WG1_JLU/2025_10_07_RSFB-Phenotyping_WG1_JLU/20251007_135442.jpg,plot_75d8d7a2141a2b398071,wg_insects_t1_bbch10,/home/nfs/data/nvme_datasets/Pictures_CFSB_leaf_damage/2025_10_07_RSFB-Phenotyping_WG1_JLU/2025_10_07_RSFB-Phenotyping_WG1_JLU/20251007_135442.jpg,5.0,2.8169188499450684,3.184701442718506,0.36778247356414795,1.8152985572814941,2.1830811500549316,gold_only,43,single_rater_weak
2025_10_07_RSFB-Phenotyping_WG1_JLU/2025_10_07_RSFB-Phenotyping_WG1_JLU/20251007_135447.jpg,plot_75d8d7a2141a2b398071,wg_insects_t1_bbch10,/home/nfs/data/nvme_datasets/Pictures_CFSB_leaf_damage/2025_10_07_RSFB-Phenotyping_WG1_JLU/2025_10_07_RSFB-Phenotyping_WG1_JLU/20251007_135447.jpg,2.0,2.957270622253418,3.0608694553375244,0.10359883308410645,1.0608694553375244,0.957270622253418,gold_only,43,single_rater_weak
2025_10_07_RSFB-Phenotyping_WG1_JLU/2025_10_07_RSFB-Phenotyping_WG1_JLU/20251007_135506.jpg,plot_391b7b2cd084a1a57456,wg_insects_t1_bbch10,/home/nfs/data/nvme_datasets/Pictures_CFSB_leaf_damage/2025_10_07_RSFB-Phenotyping_WG1_JLU/2025_10_07_RSFB-Phenotyping_WG1_JLU/20251007_135506.jpg,1.0,2.3380179405212402,3.2192955017089844,0.8812775611877441,2.2192955017089844,1.3380179405212402,gold_only,43,single_rater_weak
2025_10_07_RSFB-Phenotyping_WG1_JLU/2025_10_07_RSFB-Phenotyping_WG1_JLU/20251007_135512.jpg,plot_391b7b2cd084a1a57456,wg_insects_t1_bbch10,/home/nfs/data/nvme_datasets/Pictures_CFSB_leaf_damage/2025_10_07_RSFB-Phenotyping_WG1_JLU/2025_10_07_RSFB-Phenotyping_WG1_JLU/20251007_135512.jpg,1.0,3.1576194763183594,3.99574613571167,0.8381265997886658,2.99574613571167,2.1576194763183594,gold_only,43,single_rater_weak
2025_10_07_RSFB-Phenotyping_WG1_JLU/2025_10_07_RSFB-Phenotyping_WG1_JLU/20251007_135518.jpg,plot_391b7b2cd084a1a57456,wg_insects_t1_bbch10,/home/nfs/data/nvme_datasets/Pictures_CFSB_leaf_damage/2025_10_07_RSFB-Phenotyping_WG1_JLU/2025_10_07_RSFB-Phenotyping_WG1_JLU/20251007_135518.jpg,2.0,2.8990097045898438,4.239652156829834,1.3406424522399902,2.239652156829834,0.8990097045898438,gold_only,43,single_rater_weak
2025_10_07_RSFB-Phenotyping_WG1_JLU/2025_10_07_RSFB-Phenotyping_WG1_JLU/20251007_135535.jpg,plot_784047cfbf20092543c1,wg_insects_t1_bbch10,/home/nfs/data/nvme_datasets/Pictures_CFSB_leaf_damage/2025_10_07_RSFB-Phenotyping_WG1_JLU/2025_10_07_RSFB-Phenotyping_WG1_JLU/20251007_135535.jpg,2.0,2.730782985687256,3.6445751190185547,0.9137920141220093,1.6445751190185547,0.7307829856872559,gold_only,43,single_rater_weak
2025_10_07_RSFB-Phenotyping_WG1_JLU/2025_10_07_RSFB-Phenotyping_WG1_JLU/20251007_135543.jpg,plot_784047cfbf20092543c1,wg_insects_t1_bbch10,/home/nfs/data/nvme_datasets/Pictures_CFSB_leaf_damage/2025_10_07_RSFB-Phenotyping_WG1_JLU/2025_10_07_RSFB-Phenotyping_WG1_JLU/20251007_135543.jpg,8.0,6.871976375579834,7.937469482421875,1.065492868423462,0.062530517578125,1.128023624420166,gold_only,43,single_rater_weak
2025_10_07_RSFB-Phenotyping_WG1_JLU/2025_10_07_RSFB-Phenotyping_WG1_JLU/20251007_135550.jpg,plot_784047cfbf20092543c1,wg_insects_t1_bbch10,/home/nfs/data/nvme_datasets/Pictures_CFSB_leaf_damage/2025_10_07_RSFB-Phenotyping_WG1_JLU/2025_10_07_RSFB-Phenotyping_WG1_JLU/20251007_135550.jpg,3.0,4.9374589920043945,6.152278900146484,1.2148199081420898,3.1522789001464844,1.9374589920043945,gold_only,43,single_rater_weak
2025_10_07_RSFB-Phenotyping_WG1_JLU/2025_10_07_RSFB-Phenotyping_WG1_JLU/20251007_135610.jpg,plot_d5cfc93370f06cfcb0c7,wg_insects_t1_bbch10,/home/nfs/data/nvme_datasets/Pictures_CFSB_leaf_damage/2025_10_07_RSFB-Phenotyping_WG1_JLU/2025_10_07_RSFB-Phenotyping_WG1_JLU/20251007_135610.jpg,3.0,2.7141523361206055,2.587122917175293,-0.1270294338464737,0.41287708282470703,0.28584766387939453,gold_only,43,single_rater_weak
2025_10_07_RSFB-Phenotyping_WG1_JLU/2025_10_07_RSFB-Phenotyping_WG1_JLU/20251007_135616.jpg,plot_d5cfc93370f06cfcb0c7,wg_insects_t1_bbch10,/home/nfs/data/nvme_datasets/Pictures_CFSB_leaf_damage/2025_10_07_RSFB-Phenotyping_WG1_JLU/2025_10_07_RSFB-Phenotyping_WG1_JLU/20251007_135616.jpg,2.0,3.1280078887939453,2.7633140087127686,-0.36469388008117676,0.7633140087127686,1.1280078887939453,gold_only,43,single_rater_weak
2025_10_07_RSFB-Phenotyping_WG1_JLU/2025_10_07_RSFB-Phenotyping_WG1_JLU/20251007_135622.jpg,plot_d5cfc93370f06cfcb0c7,wg_insects_t1_bbch10,/home/nfs/data/nvme_datasets/Pictures_CFSB_leaf_damage/2025_10_07_RSFB-Phenotyping_WG1_JLU/2025_10_07_RSFB-Phenotyping_WG1_JLU/20251007_135622.jpg,32.0,14.899188995361328,14.84465217590332,-0.05453714728355408,17.15534782409668,17.100811004638672,gold_only,43,single_rater_weak
2025_10_07_RSFB-Phenotyping_WG1_JLU/2025_10_07_RSFB-Phenotyping_WG1_JLU/20251007_135638.jpg,plot_c0cf3bf80f64b46d97d5,wg_insects_t1_bbch10,/home/nfs/data/nvme_datasets/Pictures_CFSB_leaf_damage/2025_10_07_RSFB-Phenotyping_WG1_JLU/2025_10_07_RSFB-Phenotyping_WG1_JLU/20251007_135638.jpg,2.0,5.555531024932861,6.737673282623291,1.1821421384811401,4.737673282623291,3.5555310249328613,gold_only,43,single_rater_weak
2025_10_07_RSFB-Phenotyping_WG1_JLU/2025_10_07_RSFB-Phenotyping_WG1_JLU/20251007_135644.jpg,plot_c0cf3bf80f64b46d97d5,wg_insects_t1_bbch10,/home/nfs/data/nvme_datasets/Pictures_CFSB_leaf_damage/2025_10_07_RSFB-Phenotyping_WG1_JLU/2025_10_07_RSFB-Phenotyping_WG1_JLU/20251007_135644.jpg,4.0,3.586724281311035,4.0308380126953125,0.444113552570343,0.0308380126953125,0.41327571868896484,gold_only,43,single_rater_weak
2025_10_07_RSFB-Phenotyping_WG1_JLU/2025_10_07_RSFB-Phenotyping_WG1_JLU/20251007_135649.jpg,plot_c0cf3bf80f64b46d97d5,wg_insects_t1_bbch10,/home/nfs/data/nvme_datasets/Pictures_CFSB_leaf_damage/2025_10_07_RSFB-Phenotyping_WG1_JLU/2025_10_07_RSFB-Phenotyping_WG1_JLU/20251007_135649.jpg,1.0,6.399509906768799,7.157532691955566,0.7580230236053467,6.157532691955566,5.399509906768799,gold_only,43,single_rater_weak
2025_10_07_RSFB-Phenotyping_WG1_JLU/2025_10_07_RSFB-Phenotyping_WG1_JLU/20251007_135707.jpg,plot_7994b465855ba89ef3f7,wg_insects_t1_bbch10,/home/nfs/data/nvme_datasets/Pictures_CFSB_leaf_damage/2025_10_07_RSFB-Phenotyping_WG1_JLU/2025_10_07_RSFB-Phenotyping_WG1_JLU/20251007_135707.jpg,6.0,5.907803535461426,7.1869797706604,1.2791763544082642,1.1869797706604004,0.09219646453857422,gold_only,43,single_rater_weak
2025_10_07_RSFB-Phenotyping_WG1_JLU/2025_10_07_RSFB-Phenotyping_WG1_JLU/20251007_135713.jpg,plot_7994b465855ba89ef3f7,wg_insects_t1_bbch10,/home/nfs/data/nvme_datasets/Pictures_CFSB_leaf_damage/2025_10_07_RSFB-Phenotyping_WG1_JLU/2025_10_07_RSFB-Phenotyping_WG1_JLU/20251007_135713.jpg,3.0,3.886780261993408,5.162569046020508,1.2757885456085205,2.162569046020508,0.8867802619934082,gold_only,43,single_rater_weak
2025_10_07_RSFB-Phenotyping_WG1_JLU/2025_10_07_RSFB-Phenotyping_WG1_JLU/20251007_135720.jpg,plot_7994b465855ba89ef3f7,wg_insects_t1_bbch10,/home/nfs/data/nvme_datasets/Pictures_CFSB_leaf_damage/2025_10_07_RSFB-Phenotyping_WG1_JLU/2025_10_07_RSFB-Phenotyping_WG1_JLU/20251007_135720.jpg,7.0,5.510242938995361,6.2053751945495605,0.695132315158844,0.7946248054504395,1.4897570610046387,gold_only,43,single_rater_weak
2025_10_07_RSFB-Phenotyping_WG1_JLU/2025_10_07_RSFB-Phenotyping_WG1_JLU/20251007_135735.jpg,plot_f7ae4a70541e93d0656c,wg_insects_t1_bbch10,/home/nfs/data/nvme_datasets/Pictures_CFSB_leaf_damage/2025_10_07_RSFB-Phenotyping_WG1_JLU/2025_10_07_RSFB-Phenotyping_WG1_JLU/20251007_135735.jpg,2.0,4.301476001739502,5.587281227111816,1.2858049869537354,3.5872812271118164,2.301476001739502,gold_only,43,single_rater_weak
2025_10_07_RSFB-Phenotyping_WG1_JLU/2025_10_07_RSFB-Phenotyping_WG1_JLU/20251007_135741.jpg,plot_f7ae4a70541e93d0656c,wg_insects_t1_bbch10,/home/nfs/data/nvme_datasets/Pictures_CFSB_leaf_damage/2025_10_07_RSFB-Phenotyping_WG1_JLU/2025_10_07_RSFB-Phenotyping_WG1_JLU/20251007_135741.jpg,4.0,5.322671890258789,6.158012390136719,0.8353402614593506,2.1580123901367188,1.322671890258789,gold_only,43,single_rater_weak
2025_10_07_RSFB-Phenotyping_WG1_JLU/2025_10_07_RSFB-Phenotyping_WG1_JLU/20251007_135746.jpg,plot_f7ae4a70541e93d0656c,wg_insects_t1_bbch10,/home/nfs/data/nvme_datasets/Pictures_CFSB_leaf_damage/2025_10_07_RSFB-Phenotyping_WG1_JLU/2025_10_07_RSFB-Phenotyping_WG1_JLU/20251007_135746.jpg,4.0,3.929838180541992,4.043095588684082,0.11325761675834656,0.04309558868408203,0.07016181945800781,gold_only,43,single_rater_weak
2025_10_07_RSFB-Phenotyping_WG1_JLU/2025_10_07_RSFB-Phenotyping_WG1_JLU/20251007_135805.jpg,plot_5f1d72a5413cc21a71ee,wg_insects_t1_bbch10,/home/nfs/data/nvme_datasets/Pictures_CFSB_leaf_damage/2025_10_07_RSFB-Phenotyping_WG1_JLU/2025_10_07_RSFB-Phenotyping_WG1_JLU/20251007_135805.jpg,2.0,3.5484790802001953,4.473572254180908,0.9250931739807129,2.473572254180908,1.5484790802001953,gold_only,43,single_rater_weak
2025_10_07_RSFB-Phenotyping_WG1_JLU/2025_10_07_RSFB-Phenotyping_WG1_JLU/20251007_135811.jpg,plot_5f1d72a5413cc21a71ee,wg_insects_t1_bbch10,/home/nfs/data/nvme_datasets/Pictures_CFSB_leaf_damage/2025_10_07_RSFB-Phenotyping_WG1_JLU/2025_10_07_RSFB-Phenotyping_WG1_JLU/20251007_135811.jpg,2.0,3.126955032348633,3.1186025142669678,-0.008352591656148434,1.1186025142669678,1.1269550323486328,gold_only,43,single_rater_weak
2025_10_07_RSFB-Phenotyping_WG1_JLU/2025_10_07_RSFB-Phenotyping_WG1_JLU/20251007_135817.jpg,plot_5f1d72a5413cc21a71ee,wg_insects_t1_bbch10,/home/nfs/data/nvme_datasets/Pictures_CFSB_leaf_damage/2025_10_07_RSFB-Phenotyping_WG1_JLU/2025_10_07_RSFB-Phenotyping_WG1_JLU/20251007_135817.jpg,3.0,3.157824993133545,3.5038199424743652,0.3459949493408203,0.5038199424743652,0.15782499313354492,gold_only,43,single_rater_weak
2025_10_07_RSFB-Phenotyping_WG1_JLU/2025_10_07_RSFB-Phenotyping_WG1_JLU/20251007_135834.jpg,plot_21695cfe70d5bb799d9f,wg_insects_t1_bbch10,/home/nfs/data/nvme_datasets/Pictures_CFSB_leaf_damage/2025_10_07_RSFB-Phenotyping_WG1_JLU/2025_10_07_RSFB-Phenotyping_WG1_JLU/20251007_135834.jpg,4.0,2.941511631011963,2.98474383354187,0.04323218762874603,1.0152561664581299,1.058488368988037,gold_only,43,single_rater_weak
2025_10_07_RSFB-Phenotyping_WG1_JLU/2025_10_07_RSFB-Phenotyping_WG1_JLU/20251007_135838.jpg,plot_21695cfe70d5bb799d9f,wg_insects_t1_bbch10,/home/nfs/data/nvme_datasets/Pictures_CFSB_leaf_damage/2025_10_07_RSFB-Phenotyping_WG1_JLU/2025_10_07_RSFB-Phenotyping_WG1_JLU/20251007_135838.jpg,3.0,3.2387614250183105,3.5377891063690186,0.2990277409553528,0.5377891063690186,0.23876142501831055,gold_only,43,single_rater_weak
2025_10_07_RSFB-Phenotyping_WG1_JLU/2025_10_07_RSFB-Phenotyping_WG1_JLU/20251007_135843.jpg,plot_21695cfe70d5bb799d9f,wg_insects_t1_bbch10,/home/nfs/data/nvme_datasets/Pictures_CFSB_leaf_damage/2025_10_07_RSFB-Phenotyping_WG1_JLU/2025_10_07_RSFB-Phenotyping_WG1_JLU/20251007_135843.jpg,5.0,4.2571611404418945,4.230749607086182,-0.026411740109324455,0.7692503929138184,0.7428388595581055,gold_only,43,single_rater_weak
2025_10_07_RSFB-Phenotyping_WG1_JLU/2025_10_07_RSFB-Phenotyping_WG1_JLU/20251007_135903.jpg,plot_b05a9a381ed5bb6bb939,wg_insects_t1_bbch10,/home/nfs/data/nvme_datasets/Pictures_CFSB_leaf_damage/2025_10_07_RSFB-Phenotyping_WG1_JLU/2025_10_07_RSFB-Phenotyping_WG1_JLU/20251007_135903.jpg,3.0,2.424936294555664,2.818420648574829,0.39348429441452026,0.1815793514251709,0.5750637054443359,gold_only,43,single_rater_weak
2025_10_07_RSFB-Phenotyping_WG1_JLU/2025_10_07_RSFB-Phenotyping_WG1_JLU/20251007_135907.jpg,plot_b05a9a381ed5bb6bb939,wg_insects_t1_bbch10,/home/nfs/data/nvme_datasets/Pictures_CFSB_leaf_damage/2025_10_07_RSFB-Phenotyping_WG1_JLU/2025_10_07_RSFB-Phenotyping_WG1_JLU/20251007_135907.jpg,7.0,3.020690441131592,3.304858922958374,0.284168541431427,3.695141077041626,3.979309558868408,gold_only,43,single_rater_weak
2025_10_07_RSFB-Phenotyping_WG1_JLU/2025_10_07_RSFB-Phenotyping_WG1_JLU/20251007_135913.jpg,plot_b05a9a381ed5bb6bb939,wg_insects_t1_bbch10,/home/nfs/data/nvme_datasets/Pictures_CFSB_leaf_damage/2025_10_07_RSFB-Phenotyping_WG1_JLU/2025_10_07_RSFB-Phenotyping_WG1_JLU/20251007_135913.jpg,6.0,3.1765499114990234,3.2990336418151855,0.12248373031616211,2.7009663581848145,2.8234500885009766,gold_only,43,single_rater_weak
2025_10_07_RSFB-Phenotyping_WG1_JLU/2025_10_07_RSFB-Phenotyping_WG1_JLU/20251007_135930.jpg,plot_c04069eb316edaeedad5,wg_insects_t1_bbch10,/home/nfs/data/nvme_datasets/Pictures_CFSB_leaf_damage/2025_10_07_RSFB-Phenotyping_WG1_JLU/2025_10_07_RSFB-Phenotyping_WG1_JLU/20251007_135930.jpg,4.0,2.776381492614746,2.8065924644470215,0.03021092154085636,1.1934075355529785,1.223618507385254,gold_only,43,single_rater_weak
2025_10_07_RSFB-Phenotyping_WG1_JLU/2025_10_07_RSFB-Phenotyping_WG1_JLU/20251007_135935.jpg,plot_c04069eb316edaeedad5,wg_insects_t1_bbch10,/home/nfs/data/nvme_datasets/Pictures_CFSB_leaf_damage/2025_10_07_RSFB-Phenotyping_WG1_JLU/2025_10_07_RSFB-Phenotyping_WG1_JLU/20251007_135935.jpg,2.0,2.2316102981567383,1.7227685451507568,-0.5088417530059814,0.27723145484924316,0.23161029815673828,gold_only,43,single_rater_weak
2025_10_07_RSFB-Phenotyping_WG1_JLU/2025_10_07_RSFB-Phenotyping_WG1_JLU/20251007_135941.jpg,plot_c04069eb316edaeedad5,wg_insects_t1_bbch10,/home/nfs/data/nvme_datasets/Pictures_CFSB_leaf_damage/2025_10_07_RSFB-Phenotyping_WG1_JLU/2025_10_07_RSFB-Phenotyping_WG1_JLU/20251007_135941.jpg,2.0,1.8147501945495605,2.090834379196167,0.2760842740535736,0.09083437919616699,0.18524980545043945,gold_only,43,single_rater_weak
2025_10_07_RSFB-Phenotyping_WG1_JLU/2025_10_07_RSFB-Phenotyping_WG1_JLU/20251007_140002.jpg,plot_be3c0739df7f361261c9,wg_insects_t1_bbch10,/home/nfs/data/nvme_datasets/Pictures_CFSB_leaf_damage/2025_10_07_RSFB-Phenotyping_WG1_JLU/2025_10_07_RSFB-Phenotyping_WG1_JLU/20251007_140002.jpg,3.0,4.88292121887207,6.0155487060546875,1.132627248764038,3.0155487060546875,1.8829212188720703,gold_only,43,single_rater_weak
2025_10_07_RSFB-Phenotyping_WG1_JLU/2025_10_07_RSFB-Phenotyping_WG1_JLU/20251007_140007.jpg,plot_be3c0739df7f361261c9,wg_insects_t1_bbch10,/home/nfs/data/nvme_datasets/Pictures_CFSB_leaf_damage/2025_10_07_RSFB-Phenotyping_WG1_JLU/2025_10_07_RSFB-Phenotyping_WG1_JLU/20251007_140007.jpg,1.0,3.038334369659424,2.784554958343506,-0.25377947092056274,1.7845549583435059,2.038334369659424,gold_only,43,single_rater_weak
2025_10_07_RSFB-Phenotyping_WG1_JLU/2025_10_07_RSFB-Phenotyping_WG1_JLU/20251007_140013.jpg,plot_be3c0739df7f361261c9,wg_insects_t1_bbch10,/home/nfs/data/nvme_datasets/Pictures_CFSB_leaf_damage/2025_10_07_RSFB-Phenotyping_WG1_JLU/2025_10_07_RSFB-Phenotyping_WG1_JLU/20251007_140013.jpg,5.0,2.317188262939453,2.2071533203125,-0.11003492772579193,2.7928466796875,2.682811737060547,gold_only,43,single_rater_weak
2025_10_07_RSFB-Phenotyping_WG1_JLU/2025_10_07_RSFB-Phenotyping_WG1_JLU/20251007_140028.jpg,plot_297f57dd119bda5f0a2b,wg_insects_t1_bbch10,/home/nfs/data/nvme_datasets/Pictures_CFSB_leaf_damage/2025_10_07_RSFB-Phenotyping_WG1_JLU/2025_10_07_RSFB-Phenotyping_WG1_JLU/20251007_140028.jpg,4.0,2.944924831390381,3.663972854614258,0.7190480828285217,0.3360271453857422,1.0550751686096191,gold_only,43,single_rater_weak
2025_10_07_RSFB-Phenotyping_WG1_JLU/2025_10_07_RSFB-Phenotyping_WG1_JLU/20251007_140034.jpg,plot_297f57dd119bda5f0a2b,wg_insects_t1_bbch10,/home/nfs/data/nvme_datasets/Pictures_CFSB_leaf_damage/2025_10_07_RSFB-Phenotyping_WG1_JLU/2025_10_07_RSFB-Phenotyping_WG1_JLU/20251007_140034.jpg,18.0,4.381537437438965,5.728204727172852,1.3466674089431763,12.271795272827148,13.618462562561035,gold_only,43,single_rater_weak
2025_10_07_RSFB-Phenotyping_WG1_JLU/2025_10_07_RSFB-Phenotyping_WG1_JLU/20251007_140039.jpg,plot_297f57dd119bda5f0a2b,wg_insects_t1_bbch10,/home/nfs/data/nvme_datasets/Pictures_CFSB_leaf_damage/2025_10_07_RSFB-Phenotyping_WG1_JLU/2025_10_07_RSFB-Phenotyping_WG1_JLU/20251007_140039.jpg,14.0,4.322799205780029,4.884517669677734,0.5617184638977051,9.115482330322266,9.677200317382812,gold_only,43,single_rater_weak
2025_10_07_RSFB-Phenotyping_WG1_JLU/2025_10_07_RSFB-Phenotyping_WG1_JLU/20251007_140055.jpg,plot_2f19274e2dd50563c731,wg_insects_t1_bbch10,/home/nfs/data/nvme_datasets/Pictures_CFSB_leaf_damage/2025_10_07_RSFB-Phenotyping_WG1_JLU/2025_10_07_RSFB-Phenotyping_WG1_JLU/20251007_140055.jpg,4.0,3.8334338665008545,4.291882514953613,0.4584486484527588,0.2918825149536133,0.1665661334991455,gold_only,43,single_rater_weak
2025_10_07_RSFB-Phenotyping_WG1_JLU/2025_10_07_RSFB-Phenotyping_WG1_JLU/20251007_140059(0).jpg,plot_2f19274e2dd50563c731,wg_insects_t1_bbch10,/home/nfs/data/nvme_datasets/Pictures_CFSB_leaf_damage/2025_10_07_RSFB-Phenotyping_WG1_JLU/2025_10_07_RSFB-Phenotyping_WG1_JLU/20251007_140059(0).jpg,3.0,4.489925861358643,5.059652328491211,0.5697264671325684,2.059652328491211,1.4899258613586426,gold_only,43,single_rater_weak
2025_10_07_RSFB-Phenotyping_WG1_JLU/2025_10_07_RSFB-Phenotyping_WG1_JLU/20251007_140059.jpg,plot_2f19274e2dd50563c731,wg_insects_t1_bbch10,/home/nfs/data/nvme_datasets/Pictures_CFSB_leaf_damage/2025_10_07_RSFB-Phenotyping_WG1_JLU/2025_10_07_RSFB-Phenotyping_WG1_JLU/20251007_140059.jpg,3.0,4.120746612548828,4.640468597412109,0.5197218060493469,1.6404685974121094,1.1207466125488281,gold_only,43,single_rater_weak
2025_10_07_RSFB-Phenotyping_WG1_JLU/2025_10_07_RSFB-Phenotyping_WG1_JLU/20251007_140106.jpg,plot_2f19274e2dd50563c731,wg_insects_t1_bbch10,/home/nfs/data/nvme_datasets/Pictures_CFSB_leaf_damage/2025_10_07_RSFB-Phenotyping_WG1_JLU/2025_10_07_RSFB-Phenotyping_WG1_JLU/20251007_140106.jpg,6.0,3.2119622230529785,3.469501256942749,0.2575390040874481,2.530498743057251,2.7880377769470215,gold_only,43,single_rater_weak
2025_10_07_RSFB-Phenotyping_WG1_JLU/2025_10_07_RSFB-Phenotyping_WG1_JLU/20251007_140125.jpg,plot_223bd36920a6f0acce98,wg_insects_t1_bbch10,/home/nfs/data/nvme_datasets/Pictures_CFSB_leaf_damage/2025_10_07_RSFB-Phenotyping_WG1_JLU/2025_10_07_RSFB-Phenotyping_WG1_JLU/20251007_140125.jpg,8.0,2.9077892303466797,3.285942554473877,0.37815335392951965,4.714057445526123,5.09221076965332,gold_only,43,single_rater_weak
2025_10_07_RSFB-Phenotyping_WG1_JLU/2025_10_07_RSFB-Phenotyping_WG1_JLU/20251007_140130.jpg,plot_223bd36920a6f0acce98,wg_insects_t1_bbch10,/home/nfs/data/nvme_datasets/Pictures_CFSB_leaf_damage/2025_10_07_RSFB-Phenotyping_WG1_JLU/2025_10_07_RSFB-Phenotyping_WG1_JLU/20251007_140130.jpg,28.0,11.806681632995605,12.749421119689941,0.9427393674850464,15.250578880310059,16.193317413330078,gold_only,43,single_rater_weak
2025_10_07_RSFB-Phenotyping_WG1_JLU/2025_10_07_RSFB-Phenotyping_WG1_JLU/20251007_140135.jpg,plot_223bd36920a6f0acce98,wg_insects_t1_bbch10,/home/nfs/data/nvme_datasets/Pictures_CFSB_leaf_damage/2025_10_07_RSFB-Phenotyping_WG1_JLU/2025_10_07_RSFB-Phenotyping_WG1_JLU/20251007_140135.jpg,3.0,2.1829233169555664,1.9778051376342773,-0.20511813461780548,1.0221948623657227,0.8170766830444336,gold_only,43,single_rater_weak
2025_10_07_RSFB-Phenotyping_WG1_JLU/2025_10_07_RSFB-Phenotyping_WG1_JLU/20251007_140152.jpg,plot_4e525a5594354b5813c5,wg_insects_t1_bbch10,/home/nfs/data/nvme_datasets/Pictures_CFSB_leaf_damage/2025_10_07_RSFB-Phenotyping_WG1_JLU/2025_10_07_RSFB-Phenotyping_WG1_JLU/20251007_140152.jpg,2.0,3.2807717323303223,3.115070104598999,-0.16570164263248444,1.115070104598999,1.2807717323303223,gold_only,43,single_rater_weak
2025_10_07_RSFB-Phenotyping_WG1_JLU/2025_10_07_RSFB-Phenotyping_WG1_JLU/20251007_140200.jpg,plot_4e525a5594354b5813c5,wg_insects_t1_bbch10,/home/nfs/data/nvme_datasets/Pictures_CFSB_leaf_damage/2025_10_07_RSFB-Phenotyping_WG1_JLU/2025_10_07_RSFB-Phenotyping_WG1_JLU/20251007_140200.jpg,3.0,3.7684314250946045,4.2308244705200195,0.46239322423934937,1.2308244705200195,0.7684314250946045,gold_only,43,single_rater_weak
2025_10_07_RSFB-Phenotyping_WG1_JLU/2025_10_07_RSFB-Phenotyping_WG1_JLU/20251007_140206.jpg,plot_4e525a5594354b5813c5,wg_insects_t1_bbch10,/home/nfs/data/nvme_datasets/Pictures_CFSB_leaf_damage/2025_10_07_RSFB-Phenotyping_WG1_JLU/2025_10_07_RSFB-Phenotyping_WG1_JLU/20251007_140206.jpg,4.0,2.4566640853881836,2.7075648307800293,0.2509007155895233,1.2924351692199707,1.5433359146118164,gold_only,43,single_rater_weak
2025_10_07_RSFB-Phenotyping_WG1_JLU/2025_10_07_RSFB-Phenotyping_WG1_JLU/20251007_140229.jpg,plot_84263b33a357d0cbb029,wg_insects_t1_bbch10,/home/nfs/data/nvme_datasets/Pictures_CFSB_leaf_damage/2025_10_07_RSFB-Phenotyping_WG1_JLU/2025_10_07_RSFB-Phenotyping_WG1_JLU/20251007_140229.jpg,2.0,1.9184050559997559,2.384998083114624,0.4665929675102234,0.384998083114624,0.08159494400024414,gold_only,43,single_rater_weak
2025_10_07_RSFB-Phenotyping_WG1_JLU/2025_10_07_RSFB-Phenotyping_WG1_JLU/20251007_140235.jpg,plot_84263b33a357d0cbb029,wg_insects_t1_bbch10,/home/nfs/data/nvme_datasets/Pictures_CFSB_leaf_damage/2025_10_07_RSFB-Phenotyping_WG1_JLU/2025_10_07_RSFB-Phenotyping_WG1_JLU/20251007_140235.jpg,7.0,3.077780246734619,3.5103816986083984,0.43260133266448975,3.4896183013916016,3.922219753265381,gold_only,43,single_rater_weak
2025_10_07_RSFB-Phenotyping_WG1_JLU/2025_10_07_RSFB-Phenotyping_WG1_JLU/20251007_140241.jpg,plot_84263b33a357d0cbb029,wg_insects_t1_bbch10,/home/nfs/data/nvme_datasets/Pictures_CFSB_leaf_damage/2025_10_07_RSFB-Phenotyping_WG1_JLU/2025_10_07_RSFB-Phenotyping_WG1_JLU/20251007_140241.jpg,3.0,4.822954177856445,5.657476902008057,0.8345227241516113,2.6574769020080566,1.8229541778564453,gold_only,43,single_rater_weak
2025_10_07_RSFB-Phenotyping_WG1_JLU/2025_10_07_RSFB-Phenotyping_WG1_JLU/20251007_140304.jpg,plot_1b506e2dd76da396d0a7,wg_insects_t1_bbch10,/home/nfs/data/nvme_datasets/Pictures_CFSB_leaf_damage/2025_10_07_RSFB-Phenotyping_WG1_JLU/2025_10_07_RSFB-Phenotyping_WG1_JLU/20251007_140304.jpg,6.0,3.413895845413208,3.7155232429504395,0.30162736773490906,2.2844767570495605,2.586104154586792,gold_only,43,single_rater_weak
2025_10_07_RSFB-Phenotyping_WG1_JLU/2025_10_07_RSFB-Phenotyping_WG1_JLU/20251007_140310.jpg,plot_1b506e2dd76da396d0a7,wg_insects_t1_bbch10,/home/nfs/data/nvme_datasets/Pictures_CFSB_leaf_damage/2025_10_07_RSFB-Phenotyping_WG1_JLU/2025_10_07_RSFB-Phenotyping_WG1_JLU/20251007_140310.jpg,3.0,3.2807531356811523,3.6216142177581787,0.3408610224723816,0.6216142177581787,0.28075313568115234,gold_only,43,single_rater_weak
2025_10_07_RSFB-Phenotyping_WG1_JLU/2025_10_07_RSFB-Phenotyping_WG1_JLU/20251007_140315.jpg,plot_1b506e2dd76da396d0a7,wg_insects_t1_bbch10,/home/nfs/data/nvme_datasets/Pictures_CFSB_leaf_damage/2025_10_07_RSFB-Phenotyping_WG1_JLU/2025_10_07_RSFB-Phenotyping_WG1_JLU/20251007_140315.jpg,5.0,5.629280090332031,6.376064777374268,0.7467845678329468,1.3760647773742676,0.6292800903320312,gold_only,43,single_rater_weak
2025_10_07_RSFB-Phenotyping_WG1_JLU/2025_10_07_RSFB-Phenotyping_WG1_JLU/20251007_140330.jpg,plot_c548a78911429153a5ab,wg_insects_t1_bbch10,/home/nfs/data/nvme_datasets/Pictures_CFSB_leaf_damage/2025_10_07_RSFB-Phenotyping_WG1_JLU/2025_10_07_RSFB-Phenotyping_WG1_JLU/20251007_140330.jpg,2.0,2.571476459503174,2.48742938041687,-0.08404703438282013,0.4874293804168701,0.5714764595031738,gold_only,43,single_rater_weak
2025_10_07_RSFB-Phenotyping_WG1_JLU/2025_10_07_RSFB-Phenotyping_WG1_JLU/20251007_140334.jpg,plot_c548a78911429153a5ab,wg_insects_t1_bbch10,/home/nfs/data/nvme_datasets/Pictures_CFSB_leaf_damage/2025_10_07_RSFB-Phenotyping_WG1_JLU/2025_10_07_RSFB-Phenotyping_WG1_JLU/20251007_140334.jpg,2.0,5.911376953125,7.078700065612793,1.167323350906372,5.078700065612793,3.911376953125,gold_only,43,single_rater_weak
2025_10_07_RSFB-Phenotyping_WG1_JLU/2025_10_07_RSFB-Phenotyping_WG1_JLU/20251007_140340.jpg,plot_c548a78911429153a5ab,wg_insects_t1_bbch10,/home/nfs/data/nvme_datasets/Pictures_CFSB_leaf_damage/2025_10_07_RSFB-Phenotyping_WG1_JLU/2025_10_07_RSFB-Phenotyping_WG1_JLU/20251007_140340.jpg,4.0,3.5412609577178955,3.6018717288970947,0.06061074882745743,0.3981282711029053,0.4587390422821045,gold_only,43,single_rater_weak
2025_10_07_RSFB-Phenotyping_WG1_JLU/2025_10_07_RSFB-Phenotyping_WG1_JLU/20251007_140356.jpg,plot_fd19b5391d548ef15d2b,wg_insects_t1_bbch10,/home/nfs/data/nvme_datasets/Pictures_CFSB_leaf_damage/2025_10_07_RSFB-Phenotyping_WG1_JLU/2025_10_07_RSFB-Phenotyping_WG1_JLU/20251007_140356.jpg,2.0,2.534121513366699,2.446885585784912,-0.0872359350323677,0.4468855857849121,0.5341215133666992,gold_only,43,single_rater_weak
2025_10_07_RSFB-Phenotyping_WG1_JLU/2025_10_07_RSFB-Phenotyping_WG1_JLU/20251007_140400.jpg,plot_fd19b5391d548ef15d2b,wg_insects_t1_bbch10,/home/nfs/data/nvme_datasets/Pictures_CFSB_leaf_damage/2025_10_07_RSFB-Phenotyping_WG1_JLU/2025_10_07_RSFB-Phenotyping_WG1_JLU/20251007_140400.jpg,2.0,4.89574670791626,5.69415807723999,0.7984113693237305,3.6941580772399902,2.8957467079162598,gold_only,43,single_rater_weak
2025_10_07_RSFB-Phenotyping_WG1_JLU/2025_10_07_RSFB-Phenotyping_WG1_JLU/20251007_140405.jpg,plot_fd19b5391d548ef15d2b,wg_insects_t1_bbch10,/home/nfs/data/nvme_datasets/Pictures_CFSB_leaf_damage/2025_10_07_RSFB-Phenotyping_WG1_JLU/2025_10_07_RSFB-Phenotyping_WG1_JLU/20251007_140405.jpg,3.0,3.05716609954834,3.54475474357605,0.48758867383003235,0.5447547435760498,0.057166099548339844,gold_only,43,single_rater_weak
2025_10_07_RSFB-Phenotyping_WG1_JLU/2025_10_07_RSFB-Phenotyping_WG1_JLU/20251007_140421.jpg,plot_cd90b898808d6e057f8e,wg_insects_t1_bbch10,/home/nfs/data/nvme_datasets/Pictures_CFSB_leaf_damage/2025_10_07_RSFB-Phenotyping_WG1_JLU/2025_10_07_RSFB-Phenotyping_WG1_JLU/20251007_140421.jpg,2.0,2.9908652305603027,3.4444589614868164,0.4535936117172241,1.4444589614868164,0.9908652305603027,gold_only,43,single_rater_weak
2025_10_07_RSFB-Phenotyping_WG1_JLU/2025_10_07_RSFB-Phenotyping_WG1_JLU/20251007_140432.jpg,plot_cd90b898808d6e057f8e,wg_insects_t1_bbch10,/home/nfs/data/nvme_datasets/Pictures_CFSB_leaf_damage/2025_10_07_RSFB-Phenotyping_WG1_JLU/2025_10_07_RSFB-Phenotyping_WG1_JLU/20251007_140432.jpg,9.0,3.0126423835754395,3.4874894618988037,0.47484707832336426,5.512510299682617,5.9873576164245605,gold_only,43,single_rater_weak
2025_10_07_RSFB-Phenotyping_WG1_JLU/2025_10_07_RSFB-Phenotyping_WG1_JLU/20251007_140458.jpg,plot_6edc5cb5ceffbd230c38,wg_insects_t1_bbch10,/home/nfs/data/nvme_datasets/Pictures_CFSB_leaf_damage/2025_10_07_RSFB-Phenotyping_WG1_JLU/2025_10_07_RSFB-Phenotyping_WG1_JLU/20251007_140458.jpg,3.0,2.3234286308288574,3.2701244354248047,0.9466957449913025,0.2701244354248047,0.6765713691711426,gold_only,43,single_rater_weak
2025_10_07_RSFB-Phenotyping_WG1_JLU/2025_10_07_RSFB-Phenotyping_WG1_JLU/20251007_140502.jpg,plot_6edc5cb5ceffbd230c38,wg_insects_t1_bbch10,/home/nfs/data/nvme_datasets/Pictures_CFSB_leaf_damage/2025_10_07_RSFB-Phenotyping_WG1_JLU/2025_10_07_RSFB-Phenotyping_WG1_JLU/20251007_140502.jpg,2.0,3.435635566711426,3.3216512203216553,-0.11398433893918991,1.3216512203216553,1.4356355667114258,gold_only,43,single_rater_weak
2025_10_07_RSFB-Phenotyping_WG1_JLU/2025_10_07_RSFB-Phenotyping_WG1_JLU/20251007_140507.jpg,plot_6edc5cb5ceffbd230c38,wg_insects_t1_bbch10,/home/nfs/data/nvme_datasets/Pictures_CFSB_leaf_damage/2025_10_07_RSFB-Phenotyping_WG1_JLU/2025_10_07_RSFB-Phenotyping_WG1_JLU/20251007_140507.jpg,3.0,3.3389201164245605,4.05723237991333,0.7183123230934143,1.05723237991333,0.33892011642456055,gold_only,43,single_rater_weak
2025_10_07_RSFB-Phenotyping_WG1_JLU/2025_10_07_RSFB-Phenotyping_WG1_JLU/20251007_140522.jpg,plot_b6088519bdd4f0ed709c,wg_insects_t1_bbch10,/home/nfs/data/nvme_datasets/Pictures_CFSB_leaf_damage/2025_10_07_RSFB-Phenotyping_WG1_JLU/2025_10_07_RSFB-Phenotyping_WG1_JLU/20251007_140522.jpg,1.0,3.6010048389434814,3.9794459342956543,0.37844109535217285,2.9794459342956543,2.6010048389434814,gold_only,43,single_rater_weak
2025_10_07_RSFB-Phenotyping_WG1_JLU/2025_10_07_RSFB-Phenotyping_WG1_JLU/20251007_140527.jpg,plot_b6088519bdd4f0ed709c,wg_insects_t1_bbch10,/home/nfs/data/nvme_datasets/Pictures_CFSB_leaf_damage/2025_10_07_RSFB-Phenotyping_WG1_JLU/2025_10_07_RSFB-Phenotyping_WG1_JLU/20251007_140527.jpg,4.0,3.861426591873169,3.7847094535827637,-0.07671705633401871,0.21529054641723633,0.13857340812683105,gold_only,43,single_rater_weak
2025_10_07_RSFB-Phenotyping_WG1_JLU/2025_10_07_RSFB-Phenotyping_WG1_JLU/20251007_140533.jpg,plot_b6088519bdd4f0ed709c,wg_insects_t1_bbch10,/home/nfs/data/nvme_datasets/Pictures_CFSB_leaf_damage/2025_10_07_RSFB-Phenotyping_WG1_JLU/2025_10_07_RSFB-Phenotyping_WG1_JLU/20251007_140533.jpg,3.0,3.6275129318237305,3.4610276222229004,-0.16648538410663605,0.4610276222229004,0.6275129318237305,gold_only,43,single_rater_weak
2025_10_07_RSFB-Phenotyping_WG1_JLU/2025_10_07_RSFB-Phenotyping_WG1_JLU/20251007_140550.jpg,plot_1f349c6b264b009496d5,wg_insects_t1_bbch10,/home/nfs/data/nvme_datasets/Pictures_CFSB_leaf_damage/2025_10_07_RSFB-Phenotyping_WG1_JLU/2025_10_07_RSFB-Phenotyping_WG1_JLU/20251007_140550.jpg,2.0,2.2569894790649414,2.4337050914764404,0.17671562731266022,0.43370509147644043,0.2569894790649414,gold_only,43,single_rater_weak
2025_10_07_RSFB-Phenotyping_WG1_JLU/2025_10_07_RSFB-Phenotyping_WG1_JLU/20251007_140555.jpg,plot_1f349c6b264b009496d5,wg_insects_t1_bbch10,/home/nfs/data/nvme_datasets/Pictures_CFSB_leaf_damage/2025_10_07_RSFB-Phenotyping_WG1_JLU/2025_10_07_RSFB-Phenotyping_WG1_JLU/20251007_140555.jpg,3.0,3.9386403560638428,4.551629066467285,0.6129888296127319,1.5516290664672852,0.9386403560638428,gold_only,43,single_rater_weak
2025_10_07_RSFB-Phenotyping_WG1_JLU/2025_10_07_RSFB-Phenotyping_WG1_JLU/20251007_140601.jpg,plot_1f349c6b264b009496d5,wg_insects_t1_bbch10,/home/nfs/data/nvme_datasets/Pictures_CFSB_leaf_damage/2025_10_07_RSFB-Phenotyping_WG1_JLU/2025_10_07_RSFB-Phenotyping_WG1_JLU/20251007_140601.jpg,4.0,3.6887900829315186,3.712064504623413,0.023274481296539307,0.2879354953765869,0.31120991706848145,gold_only,43,single_rater_weak
2025_10_07_RSFB-Phenotyping_WG1_JLU/2025_10_07_RSFB-Phenotyping_WG1_JLU/20251007_140616.jpg,plot_4437d181265b5befe118,wg_insects_t1_bbch10,/home/nfs/data/nvme_datasets/Pictures_CFSB_leaf_damage/2025_10_07_RSFB-Phenotyping_WG1_JLU/2025_10_07_RSFB-Phenotyping_WG1_JLU/20251007_140616.jpg,3.0,3.0422844886779785,2.6884026527404785,-0.3538818657398224,0.3115973472595215,0.042284488677978516,gold_only,43,single_rater_weak
2025_10_07_RSFB-Phenotyping_WG1_JLU/2025_10_07_RSFB-Phenotyping_WG1_JLU/20251007_140620.jpg,plot_4437d181265b5befe118,wg_insects_t1_bbch10,/home/nfs/data/nvme_datasets/Pictures_CFSB_leaf_damage/2025_10_07_RSFB-Phenotyping_WG1_JLU/2025_10_07_RSFB-Phenotyping_WG1_JLU/20251007_140620.jpg,1.0,3.473564386367798,3.574740171432495,0.1011756882071495,2.574740171432495,2.473564386367798,gold_only,43,single_rater_weak
2025_10_07_RSFB-Phenotyping_WG1_JLU/2025_10_07_RSFB-Phenotyping_WG1_JLU/20251007_140626.jpg,plot_4437d181265b5befe118,wg_insects_t1_bbch10,/home/nfs/data/nvme_datasets/Pictures_CFSB_leaf_damage/2025_10_07_RSFB-Phenotyping_WG1_JLU/2025_10_07_RSFB-Phenotyping_WG1_JLU/20251007_140626.jpg,7.0,4.480566024780273,5.465360164642334,0.984794020652771,1.534639835357666,2.5194339752197266,gold_only,43,single_rater_weak
2025_10_07_RSFB-Phenotyping_WG1_JLU/2025_10_07_RSFB-Phenotyping_WG1_JLU/20251007_140645.jpg,plot_dd06c1212800a9c9b658,wg_insects_t1_bbch10,/home/nfs/data/nvme_datasets/Pictures_CFSB_leaf_damage/2025_10_07_RSFB-Phenotyping_WG1_JLU/2025_10_07_RSFB-Phenotyping_WG1_JLU/20251007_140645.jpg,2.0,2.2884044647216797,3.3979246616363525,1.1095201969146729,1.3979246616363525,0.2884044647216797,gold_only,43,single_rater_weak
2025_10_07_RSFB-Phenotyping_WG1_JLU/2025_10_07_RSFB-Phenotyping_WG1_JLU/20251007_140652.jpg,plot_dd06c1212800a9c9b658,wg_insects_t1_bbch10,/home/nfs/data/nvme_datasets/Pictures_CFSB_leaf_damage/2025_10_07_RSFB-Phenotyping_WG1_JLU/2025_10_07_RSFB-Phenotyping_WG1_JLU/20251007_140652.jpg,4.0,5.965023040771484,6.240566253662109,0.275543212890625,2.2405662536621094,1.9650230407714844,gold_only,43,single_rater_weak
2025_10_07_RSFB-Phenotyping_WG1_JLU/2025_10_07_RSFB-Phenotyping_WG1_JLU/20251007_140657.jpg,plot_dd06c1212800a9c9b658,wg_insects_t1_bbch10,/home/nfs/data/nvme_datasets/Pictures_CFSB_leaf_damage/2025_10_07_RSFB-Phenotyping_WG1_JLU/2025_10_07_RSFB-Phenotyping_WG1_JLU/20251007_140657.jpg,8.0,3.4033801555633545,4.1883368492126465,0.7849565148353577,3.8116631507873535,4.596619606018066,gold_only,43,single_rater_weak
2025_10_07_RSFB-Phenotyping_WG1_JLU/2025_10_07_RSFB-Phenotyping_WG1_JLU/20251007_140713.jpg,plot_ee664ca1ea90391f016d,wg_insects_t1_bbch10,/home/nfs/data/nvme_datasets/Pictures_CFSB_leaf_damage/2025_10_07_RSFB-Phenotyping_WG1_JLU/2025_10_07_RSFB-Phenotyping_WG1_JLU/20251007_140713.jpg,7.0,4.224553108215332,4.378295421600342,0.15374214947223663,2.621704578399658,2.775446891784668,gold_only,43,single_rater_weak
2025_10_07_RSFB-Phenotyping_WG1_JLU/2025_10_07_RSFB-Phenotyping_WG1_JLU/20251007_140719.jpg,plot_ee664ca1ea90391f016d,wg_insects_t1_bbch10,/home/nfs/data/nvme_datasets/Pictures_CFSB_leaf_damage/2025_10_07_RSFB-Phenotyping_WG1_JLU/2025_10_07_RSFB-Phenotyping_WG1_JLU/20251007_140719.jpg,12.0,6.97532320022583,7.289501667022705,0.31417861580848694,4.710498332977295,5.02467679977417,gold_only,43,single_rater_weak
2025_10_07_RSFB-Phenotyping_WG1_JLU/2025_10_07_RSFB-Phenotyping_WG1_JLU/20251007_140724.jpg,plot_ee664ca1ea90391f016d,wg_insects_t1_bbch10,/home/nfs/data/nvme_datasets/Pictures_CFSB_leaf_damage/2025_10_07_RSFB-Phenotyping_WG1_JLU/2025_10_07_RSFB-Phenotyping_WG1_JLU/20251007_140724.jpg,14.0,8.04421615600586,8.042536735534668,-0.001679123379290104,5.957463264465332,5.955783843994141,gold_only,43,single_rater_weak
2025_10_07_RSFB-Phenotyping_WG1_JLU/2025_10_07_RSFB-Phenotyping_WG1_JLU/20251007_140747.jpg,plot_23cd12f62caab1b06338,wg_insects_t1_bbch10,/home/nfs/data/nvme_datasets/Pictures_CFSB_leaf_damage/2025_10_07_RSFB-Phenotyping_WG1_JLU/2025_10_07_RSFB-Phenotyping_WG1_JLU/20251007_140747.jpg,3.0,3.2935032844543457,3.4615895748138428,0.16808626055717468,0.4615895748138428,0.2935032844543457,gold_only,43,single_rater_weak
2025_10_07_RSFB-Phenotyping_WG1_JLU/2025_10_07_RSFB-Phenotyping_WG1_JLU/20251007_140755.jpg,plot_23cd12f62caab1b06338,wg_insects_t1_bbch10,/home/nfs/data/nvme_datasets/Pictures_CFSB_leaf_damage/2025_10_07_RSFB-Phenotyping_WG1_JLU/2025_10_07_RSFB-Phenotyping_WG1_JLU/20251007_140755.jpg,8.0,2.841099739074707,4.411230087280273,1.5701305866241455,3.5887699127197266,5.158900260925293,gold_only,43,single_rater_weak
2025_10_07_RSFB-Phenotyping_WG1_JLU/2025_10_07_RSFB-Phenotyping_WG1_JLU/20251007_140812.jpg,plot_b5c94fdf5ff63fcf800b,wg_insects_t1_bbch10,/home/nfs/data/nvme_datasets/Pictures_CFSB_leaf_damage/2025_10_07_RSFB-Phenotyping_WG1_JLU/2025_10_07_RSFB-Phenotyping_WG1_JLU/20251007_140812.jpg,2.0,2.7349724769592285,3.0493268966674805,0.31435441970825195,1.0493268966674805,0.7349724769592285,gold_only,43,single_rater_weak
2025_10_07_RSFB-Phenotyping_WG1_JLU/2025_10_07_RSFB-Phenotyping_WG1_JLU/20251007_140818.jpg,plot_b5c94fdf5ff63fcf800b,wg_insects_t1_bbch10,/home/nfs/data/nvme_datasets/Pictures_CFSB_leaf_damage/2025_10_07_RSFB-Phenotyping_WG1_JLU/2025_10_07_RSFB-Phenotyping_WG1_JLU/20251007_140818.jpg,2.0,3.2980995178222656,3.4307913780212402,0.13269193470478058,1.4307913780212402,1.2980995178222656,gold_only,43,single_rater_weak
2025_10_07_RSFB-Phenotyping_WG1_JLU/2025_10_07_RSFB-Phenotyping_WG1_JLU/20251007_140823.jpg,plot_b5c94fdf5ff63fcf800b,wg_insects_t1_bbch10,/home/nfs/data/nvme_datasets/Pictures_CFSB_leaf_damage/2025_10_07_RSFB-Phenotyping_WG1_JLU/2025_10_07_RSFB-Phenotyping_WG1_JLU/20251007_140823.jpg,3.0,3.1064391136169434,3.216214179992676,0.10977495461702347,0.21621417999267578,0.10643911361694336,gold_only,43,single_rater_weak
2025_10_07_RSFB-Phenotyping_WG1_JLU/2025_10_07_RSFB-Phenotyping_WG1_JLU/20251007_140839.jpg,plot_5e0ddc981b39a33d33be,wg_insects_t1_bbch10,/home/nfs/data/nvme_datasets/Pictures_CFSB_leaf_damage/2025_10_07_RSFB-Phenotyping_WG1_JLU/2025_10_07_RSFB-Phenotyping_WG1_JLU/20251007_140839.jpg,3.0,3.696244478225708,3.9186904430389404,0.22244596481323242,0.9186904430389404,0.696244478225708,gold_only,43,single_rater_weak
2025_10_07_RSFB-Phenotyping_WG1_JLU/2025_10_07_RSFB-Phenotyping_WG1_JLU/20251007_140845.jpg,plot_5e0ddc981b39a33d33be,wg_insects_t1_bbch10,/home/nfs/data/nvme_datasets/Pictures_CFSB_leaf_damage/2025_10_07_RSFB-Phenotyping_WG1_JLU/2025_10_07_RSFB-Phenotyping_WG1_JLU/20251007_140845.jpg,9.0,4.351551055908203,4.4845147132873535,0.13296359777450562,4.5154852867126465,4.648448944091797,gold_only,43,single_rater_weak
2025_10_07_RSFB-Phenotyping_WG1_JLU/2025_10_07_RSFB-Phenotyping_WG1_JLU/20251007_140851.jpg,plot_5e0ddc981b39a33d33be,wg_insects_t1_bbch10,/home/nfs/data/nvme_datasets/Pictures_CFSB_leaf_damage/2025_10_07_RSFB-Phenotyping_WG1_JLU/2025_10_07_RSFB-Phenotyping_WG1_JLU/20251007_140851.jpg,9.0,7.607351779937744,7.980250835418701,0.37289920449256897,1.0197491645812988,1.3926482200622559,gold_only,43,single_rater_weak
2025_10_07_RSFB-Phenotyping_WG1_JLU/2025_10_07_RSFB-Phenotyping_WG1_JLU/20251007_140908.jpg,plot_b1695890dca6afbc601e,wg_insects_t1_bbch10,/home/nfs/data/nvme_datasets/Pictures_CFSB_leaf_damage/2025_10_07_RSFB-Phenotyping_WG1_JLU/2025_10_07_RSFB-Phenotyping_WG1_JLU/20251007_140908.jpg,4.0,2.8632564544677734,3.3938207626342773,0.5305643677711487,0.6061792373657227,1.1367435455322266,gold_only,43,single_rater_weak
2025_10_07_RSFB-Phenotyping_WG1_JLU/2025_10_07_RSFB-Phenotyping_WG1_JLU/20251007_140913.jpg,plot_b1695890dca6afbc601e,wg_insects_t1_bbch10,/home/nfs/data/nvme_datasets/Pictures_CFSB_leaf_damage/2025_10_07_RSFB-Phenotyping_WG1_JLU/2025_10_07_RSFB-Phenotyping_WG1_JLU/20251007_140913.jpg,9.0,5.2784318923950195,5.332147598266602,0.05371585115790367,3.6678524017333984,3.7215681076049805,gold_only,43,single_rater_weak
2025_10_07_RSFB-Phenotyping_WG1_JLU/2025_10_07_RSFB-Phenotyping_WG1_JLU/20251007_140919.jpg,plot_b1695890dca6afbc601e,wg_insects_t1_bbch10,/home/nfs/data/nvme_datasets/Pictures_CFSB_leaf_damage/2025_10_07_RSFB-Phenotyping_WG1_JLU/2025_10_07_RSFB-Phenotyping_WG1_JLU/20251007_140919.jpg,9.0,5.476168155670166,5.748667240142822,0.27249908447265625,3.2513327598571777,3.523831844329834,gold_only,43,single_rater_weak
2025_10_07_RSFB-Phenotyping_WG1_JLU/2025_10_07_RSFB-Phenotyping_WG1_JLU/20251007_140935.jpg,plot_0f10ff3ea078098fa0a2,wg_insects_t1_bbch10,/home/nfs/data/nvme_datasets/Pictures_CFSB_leaf_damage/2025_10_07_RSFB-Phenotyping_WG1_JLU/2025_10_07_RSFB-Phenotyping_WG1_JLU/20251007_140935.jpg,3.0,5.784615993499756,7.01203727722168,1.2274210453033447,4.01203727722168,2.784615993499756,gold_only,43,single_rater_weak
2025_10_07_RSFB-Phenotyping_WG1_JLU/2025_10_07_RSFB-Phenotyping_WG1_JLU/20251007_140939.jpg,plot_0f10ff3ea078098fa0a2,wg_insects_t1_bbch10,/home/nfs/data/nvme_datasets/Pictures_CFSB_leaf_damage/2025_10_07_RSFB-Phenotyping_WG1_JLU/2025_10_07_RSFB-Phenotyping_WG1_JLU/20251007_140939.jpg,10.0,4.60953426361084,4.997879981994629,0.38834547996520996,5.002120018005371,5.39046573638916,gold_only,43,single_rater_weak
2025_10_07_RSFB-Phenotyping_WG1_JLU/2025_10_07_RSFB-Phenotyping_WG1_JLU/20251007_140945.jpg,plot_0f10ff3ea078098fa0a2,wg_insects_t1_bbch10,/home/nfs/data/nvme_datasets/Pictures_CFSB_leaf_damage/2025_10_07_RSFB-Phenotyping_WG1_JLU/2025_10_07_RSFB-Phenotyping_WG1_JLU/20251007_140945.jpg,6.0,5.387799263000488,6.051025390625,0.6632261872291565,0.051025390625,0.6122007369995117,gold_only,43,single_rater_weak
2025_10_07_RSFB-Phenotyping_WG1_JLU/2025_10_07_RSFB-Phenotyping_WG1_JLU/20251007_141001.jpg,plot_0f4f514127c596841410,wg_insects_t1_bbch10,/home/nfs/data/nvme_datasets/Pictures_CFSB_leaf_damage/2025_10_07_RSFB-Phenotyping_WG1_JLU/2025_10_07_RSFB-Phenotyping_WG1_JLU/20251007_141001.jpg,1.0,4.632386207580566,5.591949939727783,0.9595635533332825,4.591949939727783,3.6323862075805664,gold_only,43,single_rater_weak
2025_10_07_RSFB-Phenotyping_WG1_JLU/2025_10_07_RSFB-Phenotyping_WG1_JLU/20251007_141005.jpg,plot_0f4f514127c596841410,wg_insects_t1_bbch10,/home/nfs/data/nvme_datasets/Pictures_CFSB_leaf_damage/2025_10_07_RSFB-Phenotyping_WG1_JLU/2025_10_07_RSFB-Phenotyping_WG1_JLU/20251007_141005.jpg,18.0,6.885249137878418,6.7915496826171875,-0.09369933605194092,11.208450317382812,11.114750862121582,gold_only,43,single_rater_weak
2025_10_07_RSFB-Phenotyping_WG1_JLU/2025_10_07_RSFB-Phenotyping_WG1_JLU/20251007_141012.jpg,plot_0f4f514127c596841410,wg_insects_t1_bbch10,/home/nfs/data/nvme_datasets/Pictures_CFSB_leaf_damage/2025_10_07_RSFB-Phenotyping_WG1_JLU/2025_10_07_RSFB-Phenotyping_WG1_JLU/20251007_141012.jpg,20.0,3.365586519241333,3.9498355388641357,0.5842490196228027,16.0501651763916,16.63441276550293,gold_only,43,single_rater_weak
2025_10_07_RSFB-Phenotyping_WG1_JLU/2025_10_07_RSFB-Phenotyping_WG1_JLU/20251007_141028.jpg,plot_11db3b011021c649d70f,wg_insects_t1_bbch10,/home/nfs/data/nvme_datasets/Pictures_CFSB_leaf_damage/2025_10_07_RSFB-Phenotyping_WG1_JLU/2025_10_07_RSFB-Phenotyping_WG1_JLU/20251007_141028.jpg,6.0,3.4166574478149414,3.516683340072632,0.10002589970827103,2.483316659927368,2.5833425521850586,gold_only,43,single_rater_weak
2025_10_07_RSFB-Phenotyping_WG1_JLU/2025_10_07_RSFB-Phenotyping_WG1_JLU/20251007_141033.jpg,plot_11db3b011021c649d70f,wg_insects_t1_bbch10,/home/nfs/data/nvme_datasets/Pictures_CFSB_leaf_damage/2025_10_07_RSFB-Phenotyping_WG1_JLU/2025_10_07_RSFB-Phenotyping_WG1_JLU/20251007_141033.jpg,7.0,3.668281316757202,3.5148091316223145,-0.1534721851348877,3.4851908683776855,3.331718683242798,gold_only,43,single_rater_weak
2025_10_07_RSFB-Phenotyping_WG1_JLU/2025_10_07_RSFB-Phenotyping_WG1_JLU/20251007_141039.jpg,plot_11db3b011021c649d70f,wg_insects_t1_bbch10,/home/nfs/data/nvme_datasets/Pictures_CFSB_leaf_damage/2025_10_07_RSFB-Phenotyping_WG1_JLU/2025_10_07_RSFB-Phenotyping_WG1_JLU/20251007_141039.jpg,4.0,5.3494720458984375,5.693462371826172,0.3439902067184448,1.6934623718261719,1.3494720458984375,gold_only,43,single_rater_weak
2025_10_07_RSFB-Phenotyping_WG1_JLU/2025_10_07_RSFB-Phenotyping_WG1_JLU/20251007_141056.jpg,plot_3f194f85b6fc463cf70a,wg_insects_t1_bbch10,/home/nfs/data/nvme_datasets/Pictures_CFSB_leaf_damage/2025_10_07_RSFB-Phenotyping_WG1_JLU/2025_10_07_RSFB-Phenotyping_WG1_JLU/20251007_141056.jpg,8.0,3.1206088066101074,3.1396708488464355,0.01906214840710163,4.8603291511535645,4.879391193389893,gold_only,43,single_rater_weak
2025_10_07_RSFB-Phenotyping_WG1_JLU/2025_10_07_RSFB-Phenotyping_WG1_JLU/20251007_141103.jpg,plot_3f194f85b6fc463cf70a,wg_insects_t1_bbch10,/home/nfs/data/nvme_datasets/Pictures_CFSB_leaf_damage/2025_10_07_RSFB-Phenotyping_WG1_JLU/2025_10_07_RSFB-Phenotyping_WG1_JLU/20251007_141103.jpg,7.0,4.1312761306762695,4.606263637542725,0.4749873876571655,2.3937363624572754,2.8687238693237305,gold_only,43,single_rater_weak
2025_10_07_RSFB-Phenotyping_WG1_JLU/2025_10_07_RSFB-Phenotyping_WG1_JLU/20251007_141108.jpg,plot_3f194f85b6fc463cf70a,wg_insects_t1_bbch10,/home/nfs/data/nvme_datasets/Pictures_CFSB_leaf_damage/2025_10_07_RSFB-Phenotyping_WG1_JLU/2025_10_07_RSFB-Phenotyping_WG1_JLU/20251007_141108.jpg,19.0,8.692691802978516,9.929222106933594,1.23652982711792,9.070777893066406,10.307308197021484,gold_only,43,single_rater_weak
2025_10_07_RSFB-Phenotyping_WG1_JLU/2025_10_07_RSFB-Phenotyping_WG1_JLU/20251007_141126.jpg,plot_1effba29e1b5bad755d3,wg_insects_t1_bbch10,/home/nfs/data/nvme_datasets/Pictures_CFSB_leaf_damage/2025_10_07_RSFB-Phenotyping_WG1_JLU/2025_10_07_RSFB-Phenotyping_WG1_JLU/20251007_141126.jpg,11.0,3.58339262008667,4.4440131187438965,0.860620379447937,6.5559868812561035,7.41660737991333,gold_only,43,single_rater_weak
2025_10_07_RSFB-Phenotyping_WG1_JLU/2025_10_07_RSFB-Phenotyping_WG1_JLU/20251007_141134.jpg,plot_1effba29e1b5bad755d3,wg_insects_t1_bbch10,/home/nfs/data/nvme_datasets/Pictures_CFSB_leaf_damage/2025_10_07_RSFB-Phenotyping_WG1_JLU/2025_10_07_RSFB-Phenotyping_WG1_JLU/20251007_141134.jpg,6.0,3.9492599964141846,4.85136604309082,0.9021058678627014,1.1486339569091797,2.0507400035858154,gold_only,43,single_rater_weak
2025_10_07_RSFB-Phenotyping_WG1_JLU/2025_10_07_RSFB-Phenotyping_WG1_JLU/20251007_141139.jpg,plot_1effba29e1b5bad755d3,wg_insects_t1_bbch10,/home/nfs/data/nvme_datasets/Pictures_CFSB_leaf_damage/2025_10_07_RSFB-Phenotyping_WG1_JLU/2025_10_07_RSFB-Phenotyping_WG1_JLU/20251007_141139.jpg,4.0,3.341266632080078,3.421092987060547,0.07982635498046875,0.5789070129394531,0.6587333679199219,gold_only,43,single_rater_weak
2025_10_07_RSFB-Phenotyping_WG1_JLU/2025_10_07_RSFB-Phenotyping_WG1_JLU/20251007_141154.jpg,plot_ac13eb76ee6f99f24af8,wg_insects_t1_bbch10,/home/nfs/data/nvme_datasets/Pictures_CFSB_leaf_damage/2025_10_07_RSFB-Phenotyping_WG1_JLU/2025_10_07_RSFB-Phenotyping_WG1_JLU/20251007_141154.jpg,4.0,2.7485623359680176,3.2127532958984375,0.4641909599304199,0.7872467041015625,1.2514376640319824,gold_only,43,single_rater_weak
2025_10_07_RSFB-Phenotyping_WG1_JLU/2025_10_07_RSFB-Phenotyping_WG1_JLU/20251007_141159.jpg,plot_ac13eb76ee6f99f24af8,wg_insects_t1_bbch10,/home/nfs/data/nvme_datasets/Pictures_CFSB_leaf_damage/2025_10_07_RSFB-Phenotyping_WG1_JLU/2025_10_07_RSFB-Phenotyping_WG1_JLU/20251007_141159.jpg,2.0,3.6671030521392822,4.427955150604248,0.7608519792556763,2.427955150604248,1.6671030521392822,gold_only,43,single_rater_weak
2025_10_07_RSFB-Phenotyping_WG1_JLU/2025_10_07_RSFB-Phenotyping_WG1_JLU/20251007_141204.jpg,plot_ac13eb76ee6f99f24af8,wg_insects_t1_bbch10,/home/nfs/data/nvme_datasets/Pictures_CFSB_leaf_damage/2025_10_07_RSFB-Phenotyping_WG1_JLU/2025_10_07_RSFB-Phenotyping_WG1_JLU/20251007_141204.jpg,4.0,4.409335613250732,4.184489727020264,-0.22484584152698517,0.18448972702026367,0.4093356132507324,gold_only,43,single_rater_weak
2025_10_07_RSFB-Phenotyping_WG1_JLU/2025_10_07_RSFB-Phenotyping_WG1_JLU/20251007_141221.jpg,plot_411203e7c1d96bc4d5cf,wg_insects_t1_bbch10,/home/nfs/data/nvme_datasets/Pictures_CFSB_leaf_damage/2025_10_07_RSFB-Phenotyping_WG1_JLU/2025_10_07_RSFB-Phenotyping_WG1_JLU/20251007_141221.jpg,3.0,3.723660945892334,3.890947103500366,0.16728608310222626,0.8909471035003662,0.723660945892334,gold_only,43,single_rater_weak
2025_10_07_RSFB-Phenotyping_WG1_JLU/2025_10_07_RSFB-Phenotyping_WG1_JLU/20251007_141226.jpg,plot_411203e7c1d96bc4d5cf,wg_insects_t1_bbch10,/home/nfs/data/nvme_datasets/Pictures_CFSB_leaf_damage/2025_10_07_RSFB-Phenotyping_WG1_JLU/2025_10_07_RSFB-Phenotyping_WG1_JLU/20251007_141226.jpg,3.0,3.425373077392578,2.9186859130859375,-0.5066872239112854,0.0813140869140625,0.4253730773925781,gold_only,43,single_rater_weak
2025_10_07_RSFB-Phenotyping_WG1_JLU/2025_10_07_RSFB-Phenotyping_WG1_JLU/20251007_141232.jpg,plot_411203e7c1d96bc4d5cf,wg_insects_t1_bbch10,/home/nfs/data/nvme_datasets/Pictures_CFSB_leaf_damage/2025_10_07_RSFB-Phenotyping_WG1_JLU/2025_10_07_RSFB-Phenotyping_WG1_JLU/20251007_141232.jpg,2.0,3.969975471496582,4.025434494018555,0.05545884743332863,2.0254344940185547,1.969975471496582,gold_only,43,single_rater_weak
2025_10_07_RSFB-Phenotyping_WG1_JLU/2025_10_07_RSFB-Phenotyping_WG1_JLU/20251007_141249.jpg,plot_c1e107950db22229fd34,wg_insects_t1_bbch10,/home/nfs/data/nvme_datasets/Pictures_CFSB_leaf_damage/2025_10_07_RSFB-Phenotyping_WG1_JLU/2025_10_07_RSFB-Phenotyping_WG1_JLU/20251007_141249.jpg,2.0,3.7255446910858154,4.019681930541992,0.29413744807243347,2.019681930541992,1.7255446910858154,gold_only,43,single_rater_weak
2025_10_07_RSFB-Phenotyping_WG1_JLU/2025_10_07_RSFB-Phenotyping_WG1_JLU/20251007_141254.jpg,plot_c1e107950db22229fd34,wg_insects_t1_bbch10,/home/nfs/data/nvme_datasets/Pictures_CFSB_leaf_damage/2025_10_07_RSFB-Phenotyping_WG1_JLU/2025_10_07_RSFB-Phenotyping_WG1_JLU/20251007_141254.jpg,3.0,3.278561592102051,3.5209693908691406,0.24240773916244507,0.5209693908691406,0.2785615921020508,gold_only,43,single_rater_weak
2025_10_07_RSFB-Phenotyping_WG1_JLU/2025_10_07_RSFB-Phenotyping_WG1_JLU/20251007_141259.jpg,plot_c1e107950db22229fd34,wg_insects_t1_bbch10,/home/nfs/data/nvme_datasets/Pictures_CFSB_leaf_damage/2025_10_07_RSFB-Phenotyping_WG1_JLU/2025_10_07_RSFB-Phenotyping_WG1_JLU/20251007_141259.jpg,4.0,4.398381233215332,5.18303108215332,0.7846497893333435,1.1830310821533203,0.39838123321533203,gold_only,43,single_rater_weak
2025_10_07_RSFB-Phenotyping_WG1_JLU/2025_10_07_RSFB-Phenotyping_WG1_JLU/20251007_141316.jpg,plot_af38589abb8004c8fccb,wg_insects_t1_bbch10,/home/nfs/data/nvme_datasets/Pictures_CFSB_leaf_damage/2025_10_07_RSFB-Phenotyping_WG1_JLU/2025_10_07_RSFB-Phenotyping_WG1_JLU/20251007_141316.jpg,10.0,4.559879302978516,5.233559608459473,0.6736804246902466,4.766440391540527,5.440120697021484,gold_only,43,single_rater_weak
2025_10_07_RSFB-Phenotyping_WG1_JLU/2025_10_07_RSFB-Phenotyping_WG1_JLU/20251007_141322.jpg,plot_af38589abb8004c8fccb,wg_insects_t1_bbch10,/home/nfs/data/nvme_datasets/Pictures_CFSB_leaf_damage/2025_10_07_RSFB-Phenotyping_WG1_JLU/2025_10_07_RSFB-Phenotyping_WG1_JLU/20251007_141322.jpg,4.0,3.4926910400390625,3.521160125732422,0.02846907451748848,0.4788398742675781,0.5073089599609375,gold_only,43,single_rater_weak
2025_10_07_RSFB-Phenotyping_WG1_JLU/2025_10_07_RSFB-Phenotyping_WG1_JLU/20251007_141328.jpg,plot_af38589abb8004c8fccb,wg_insects_t1_bbch10,/home/nfs/data/nvme_datasets/Pictures_CFSB_leaf_damage/2025_10_07_RSFB-Phenotyping_WG1_JLU/2025_10_07_RSFB-Phenotyping_WG1_JLU/20251007_141328.jpg,21.0,9.053622245788574,10.207940101623535,1.1543182134628296,10.792059898376465,11.946377754211426,gold_only,43,single_rater_weak
2025_10_07_RSFB-Phenotyping_WG1_JLU/2025_10_07_RSFB-Phenotyping_WG1_JLU/20251007_141344.jpg,plot_f446c2275604a6a48853,wg_insects_t1_bbch10,/home/nfs/data/nvme_datasets/Pictures_CFSB_leaf_damage/2025_10_07_RSFB-Phenotyping_WG1_JLU/2025_10_07_RSFB-Phenotyping_WG1_JLU/20251007_141344.jpg,6.0,3.22268009185791,3.6957926750183105,0.47311264276504517,2.3042073249816895,2.77731990814209,gold_only,43,single_rater_weak
2025_10_07_RSFB-Phenotyping_WG1_JLU/2025_10_07_RSFB-Phenotyping_WG1_JLU/20251007_141349.jpg,plot_f446c2275604a6a48853,wg_insects_t1_bbch10,/home/nfs/data/nvme_datasets/Pictures_CFSB_leaf_damage/2025_10_07_RSFB-Phenotyping_WG1_JLU/2025_10_07_RSFB-Phenotyping_WG1_JLU/20251007_141349.jpg,12.0,3.40598726272583,3.1806869506835938,-0.2253004014492035,8.819313049316406,8.594013214111328,gold_only,43,single_rater_weak
2025_10_07_RSFB-Phenotyping_WG1_JLU/2025_10_07_RSFB-Phenotyping_WG1_JLU/20251007_141355.jpg,plot_f446c2275604a6a48853,wg_insects_t1_bbch10,/home/nfs/data/nvme_datasets/Pictures_CFSB_leaf_damage/2025_10_07_RSFB-Phenotyping_WG1_JLU/2025_10_07_RSFB-Phenotyping_WG1_JLU/20251007_141355.jpg,9.0,3.2638039588928223,3.136838674545288,-0.1269652247428894,5.863161087036133,5.736196041107178,gold_only,43,single_rater_weak
2025_10_07_RSFB-Phenotyping_WG1_JLU/2025_10_07_RSFB-Phenotyping_WG1_JLU/20251007_141414.jpg,plot_adb8beeebca560f05148,wg_insects_t1_bbch10,/home/nfs/data/nvme_datasets/Pictures_CFSB_leaf_damage/2025_10_07_RSFB-Phenotyping_WG1_JLU/2025_10_07_RSFB-Phenotyping_WG1_JLU/20251007_141414.jpg,3.0,6.670196056365967,7.201730728149414,0.5315348505973816,4.201730728149414,3.670196056365967,gold_only,43,single_rater_weak
2025_10_07_RSFB-Phenotyping_WG1_JLU/2025_10_07_RSFB-Phenotyping_WG1_JLU/20251007_141419.jpg,plot_adb8beeebca560f05148,wg_insects_t1_bbch10,/home/nfs/data/nvme_datasets/Pictures_CFSB_leaf_damage/2025_10_07_RSFB-Phenotyping_WG1_JLU/2025_10_07_RSFB-Phenotyping_WG1_JLU/20251007_141419.jpg,8.0,10.89195728302002,11.777804374694824,0.885847270488739,3.777804374694824,2.8919572830200195,gold_only,43,single_rater_weak
2025_10_07_RSFB-Phenotyping_WG1_JLU/2025_10_07_RSFB-Phenotyping_WG1_JLU/20251007_141427.jpg,plot_adb8beeebca560f05148,wg_insects_t1_bbch10,/home/nfs/data/nvme_datasets/Pictures_CFSB_leaf_damage/2025_10_07_RSFB-Phenotyping_WG1_JLU/2025_10_07_RSFB-Phenotyping_WG1_JLU/20251007_141427.jpg,4.0,2.9518470764160156,3.1378414630889893,0.18599438667297363,0.8621585369110107,1.0481529235839844,gold_only,43,single_rater_weak
2025_10_07_RSFB-Phenotyping_WG1_JLU/2025_10_07_RSFB-Phenotyping_WG1_JLU/20251007_141443.jpg,plot_6bf6bf651a4d36a8ce81,wg_insects_t1_bbch10,/home/nfs/data/nvme_datasets/Pictures_CFSB_leaf_damage/2025_10_07_RSFB-Phenotyping_WG1_JLU/2025_10_07_RSFB-Phenotyping_WG1_JLU/20251007_141443.jpg,3.0,2.7938098907470703,2.828282117843628,0.034472230821847916,0.17171788215637207,0.2061901092529297,gold_only,43,single_rater_weak
2025_10_07_RSFB-Phenotyping_WG1_JLU/2025_10_07_RSFB-Phenotyping_WG1_JLU/20251007_141449.jpg,plot_6bf6bf651a4d36a8ce81,wg_insects_t1_bbch10,/home/nfs/data/nvme_datasets/Pictures_CFSB_leaf_damage/2025_10_07_RSFB-Phenotyping_WG1_JLU/2025_10_07_RSFB-Phenotyping_WG1_JLU/20251007_141449.jpg,3.0,2.58978271484375,2.4380946159362793,-0.1516881287097931,0.5619053840637207,0.41021728515625,gold_only,43,single_rater_weak
2025_10_07_RSFB-Phenotyping_WG1_JLU/2025_10_07_RSFB-Phenotyping_WG1_JLU/20251007_141453.jpg,plot_6bf6bf651a4d36a8ce81,wg_insects_t1_bbch10,/home/nfs/data/nvme_datasets/Pictures_CFSB_leaf_damage/2025_10_07_RSFB-Phenotyping_WG1_JLU/2025_10_07_RSFB-Phenotyping_WG1_JLU/20251007_141453.jpg,4.0,2.5177969932556152,1.995793342590332,-0.522003710269928,2.004206657409668,1.4822030067443848,gold_only,43,single_rater_weak
2025_10_07_RSFB-Phenotyping_WG1_JLU/2025_10_07_RSFB-Phenotyping_WG1_JLU/20251007_141512.jpg,plot_99a25b806dca170825f2,wg_insects_t1_bbch10,/home/nfs/data/nvme_datasets/Pictures_CFSB_leaf_damage/2025_10_07_RSFB-Phenotyping_WG1_JLU/2025_10_07_RSFB-Phenotyping_WG1_JLU/20251007_141512.jpg,14.0,2.268087387084961,2.694061517715454,0.4259740710258484,11.305938720703125,11.731912612915039,gold_only,43,single_rater_weak
2025_10_07_RSFB-Phenotyping_WG1_JLU/2025_10_07_RSFB-Phenotyping_WG1_JLU/20251007_141519.jpg,plot_99a25b806dca170825f2,wg_insects_t1_bbch10,/home/nfs/data/nvme_datasets/Pictures_CFSB_leaf_damage/2025_10_07_RSFB-Phenotyping_WG1_JLU/2025_10_07_RSFB-Phenotyping_WG1_JLU/20251007_141519.jpg,11.0,2.885590076446533,3.682523012161255,0.7969329357147217,7.317477226257324,8.114410400390625,gold_only,43,single_rater_weak
2025_10_07_RSFB-Phenotyping_WG1_JLU/2025_10_07_RSFB-Phenotyping_WG1_JLU/20251007_141526.jpg,plot_99a25b806dca170825f2,wg_insects_t1_bbch10,/home/nfs/data/nvme_datasets/Pictures_CFSB_leaf_damage/2025_10_07_RSFB-Phenotyping_WG1_JLU/2025_10_07_RSFB-Phenotyping_WG1_JLU/20251007_141526.jpg,3.0,4.26365852355957,5.145269870758057,0.8816112279891968,2.1452698707580566,1.2636585235595703,gold_only,43,single_rater_weak
2025_10_07_RSFB-Phenotyping_WG1_JLU/2025_10_07_RSFB-Phenotyping_WG1_JLU/20251007_141542.jpg,plot_3b73ffaad10c9fd11dbc,wg_insects_t1_bbch10,/home/nfs/data/nvme_datasets/Pictures_CFSB_leaf_damage/2025_10_07_RSFB-Phenotyping_WG1_JLU/2025_10_07_RSFB-Phenotyping_WG1_JLU/20251007_141542.jpg,8.0,3.7661445140838623,4.459199905395508,0.6930553317070007,3.540800094604492,4.233855247497559,gold_only,43,single_rater_weak
2025_10_07_RSFB-Phenotyping_WG1_JLU/2025_10_07_RSFB-Phenotyping_WG1_JLU/20251007_141547.jpg,plot_3b73ffaad10c9fd11dbc,wg_insects_t1_bbch10,/home/nfs/data/nvme_datasets/Pictures_CFSB_leaf_damage/2025_10_07_RSFB-Phenotyping_WG1_JLU/2025_10_07_RSFB-Phenotyping_WG1_JLU/20251007_141547.jpg,10.0,3.9159317016601562,4.1690850257873535,0.2531532347202301,5.8309149742126465,6.084068298339844,gold_only,43,single_rater_weak
2025_10_07_RSFB-Phenotyping_WG1_JLU/2025_10_07_RSFB-Phenotyping_WG1_JLU/20251007_141556.jpg,plot_3b73ffaad10c9fd11dbc,wg_insects_t1_bbch10,/home/nfs/data/nvme_datasets/Pictures_CFSB_leaf_damage/2025_10_07_RSFB-Phenotyping_WG1_JLU/2025_10_07_RSFB-Phenotyping_WG1_JLU/20251007_141556.jpg,4.0,2.4295525550842285,2.8570241928100586,0.4274716377258301,1.1429758071899414,1.5704474449157715,gold_only,43,single_rater_weak
2025_10_07_RSFB-Phenotyping_WG1_JLU/2025_10_07_RSFB-Phenotyping_WG1_JLU/20251007_141613.jpg,plot_6e42ec20a5bb7da4eeda,wg_insects_t1_bbch10,/home/nfs/data/nvme_datasets/Pictures_CFSB_leaf_damage/2025_10_07_RSFB-Phenotyping_WG1_JLU/2025_10_07_RSFB-Phenotyping_WG1_JLU/20251007_141613.jpg,5.0,3.4979164600372314,3.8183162212371826,0.32039976119995117,1.1816837787628174,1.5020835399627686,gold_only,43,single_rater_weak
2025_10_07_RSFB-Phenotyping_WG1_JLU/2025_10_07_RSFB-Phenotyping_WG1_JLU/20251007_141618.jpg,plot_6e42ec20a5bb7da4eeda,wg_insects_t1_bbch10,/home/nfs/data/nvme_datasets/Pictures_CFSB_leaf_damage/2025_10_07_RSFB-Phenotyping_WG1_JLU/2025_10_07_RSFB-Phenotyping_WG1_JLU/20251007_141618.jpg,8.0,2.1154260635375977,2.571931838989258,0.45650583505630493,5.428068161010742,5.884573936462402,gold_only,43,single_rater_weak
2025_10_07_RSFB-Phenotyping_WG1_JLU/2025_10_07_RSFB-Phenotyping_WG1_JLU/20251007_141623.jpg,plot_6e42ec20a5bb7da4eeda,wg_insects_t1_bbch10,/home/nfs/data/nvme_datasets/Pictures_CFSB_leaf_damage/2025_10_07_RSFB-Phenotyping_WG1_JLU/2025_10_07_RSFB-Phenotyping_WG1_JLU/20251007_141623.jpg,9.0,8.319936752319336,9.138599395751953,0.8186622858047485,0.13859939575195312,0.6800632476806641,gold_only,43,single_rater_weak
2025_10_07_RSFB-Phenotyping_WG1_JLU/2025_10_07_RSFB-Phenotyping_WG1_JLU/20251007_141702.jpg,plot_db7d2b1c2bf3151b8c1e,wg_insects_t1_bbch10,/home/nfs/data/nvme_datasets/Pictures_CFSB_leaf_damage/2025_10_07_RSFB-Phenotyping_WG1_JLU/2025_10_07_RSFB-Phenotyping_WG1_JLU/20251007_141702.jpg,8.0,3.0596237182617188,3.877460479736328,0.8178368210792542,4.122539520263672,4.940376281738281,gold_only,43,single_rater_weak
2025_10_07_RSFB-Phenotyping_WG1_JLU/2025_10_07_RSFB-Phenotyping_WG1_JLU/20251007_141707.jpg,plot_db7d2b1c2bf3151b8c1e,wg_insects_t1_bbch10,/home/nfs/data/nvme_datasets/Pictures_CFSB_leaf_damage/2025_10_07_RSFB-Phenotyping_WG1_JLU/2025_10_07_RSFB-Phenotyping_WG1_JLU/20251007_141707.jpg,4.0,4.16043758392334,4.379454612731934,0.21901705861091614,0.3794546127319336,0.16043758392333984,gold_only,43,single_rater_weak
2025_10_07_RSFB-Phenotyping_WG1_JLU/2025_10_07_RSFB-Phenotyping_WG1_JLU/20251007_141712.jpg,plot_db7d2b1c2bf3151b8c1e,wg_insects_t1_bbch10,/home/nfs/data/nvme_datasets/Pictures_CFSB_leaf_damage/2025_10_07_RSFB-Phenotyping_WG1_JLU/2025_10_07_RSFB-Phenotyping_WG1_JLU/20251007_141712.jpg,5.0,2.7109646797180176,2.5396435260772705,-0.1713210642337799,2.4603564739227295,2.2890353202819824,gold_only,43,single_rater_weak
2025_10_07_RSFB-Phenotyping_WG1_JLU/2025_10_07_RSFB-Phenotyping_WG1_JLU/20251007_141723.jpg,plot_529819377143ee09a0ab,wg_insects_t1_bbch10,/home/nfs/data/nvme_datasets/Pictures_CFSB_leaf_damage/2025_10_07_RSFB-Phenotyping_WG1_JLU/2025_10_07_RSFB-Phenotyping_WG1_JLU/20251007_141723.jpg,9.0,3.5686521530151367,4.031736373901367,0.4630841314792633,4.968263626098633,5.431347846984863,gold_only,43,single_rater_weak
2025_10_07_RSFB-Phenotyping_WG1_JLU/2025_10_07_RSFB-Phenotyping_WG1_JLU/20251007_141729.jpg,plot_529819377143ee09a0ab,wg_insects_t1_bbch10,/home/nfs/data/nvme_datasets/Pictures_CFSB_leaf_damage/2025_10_07_RSFB-Phenotyping_WG1_JLU/2025_10_07_RSFB-Phenotyping_WG1_JLU/20251007_141729.jpg,4.0,2.8902502059936523,3.547729015350342,0.657478928565979,0.4522709846496582,1.1097497940063477,gold_only,43,single_rater_weak
2025_10_07_RSFB-Phenotyping_WG1_JLU/2025_10_07_RSFB-Phenotyping_WG1_JLU/20251007_141735.jpg,plot_529819377143ee09a0ab,wg_insects_t1_bbch10,/home/nfs/data/nvme_datasets/Pictures_CFSB_leaf_damage/2025_10_07_RSFB-Phenotyping_WG1_JLU/2025_10_07_RSFB-Phenotyping_WG1_JLU/20251007_141735.jpg,5.0,3.666607141494751,4.11032772064209,0.4437204897403717,0.8896722793579102,1.333392858505249,gold_only,43,single_rater_weak
2025_10_07_RSFB-Phenotyping_WG1_JLU/2025_10_07_RSFB-Phenotyping_WG1_JLU/20251007_141749.jpg,plot_a4b69901915632bc9a05,wg_insects_t1_bbch10,/home/nfs/data/nvme_datasets/Pictures_CFSB_leaf_damage/2025_10_07_RSFB-Phenotyping_WG1_JLU/2025_10_07_RSFB-Phenotyping_WG1_JLU/20251007_141749.jpg,7.0,2.5721492767333984,2.684199810028076,0.11205057799816132,4.315800189971924,4.427850723266602,gold_only,43,single_rater_weak
2025_10_07_RSFB-Phenotyping_WG1_JLU/2025_10_07_RSFB-Phenotyping_WG1_JLU/20251007_141756.jpg,plot_a4b69901915632bc9a05,wg_insects_t1_bbch10,/home/nfs/data/nvme_datasets/Pictures_CFSB_leaf_damage/2025_10_07_RSFB-Phenotyping_WG1_JLU/2025_10_07_RSFB-Phenotyping_WG1_JLU/20251007_141756.jpg,10.0,2.874446392059326,2.7749054431915283,-0.09954098612070084,7.225094795227051,7.125553607940674,gold_only,43,single_rater_weak
2025_10_07_RSFB-Phenotyping_WG1_JLU/2025_10_07_RSFB-Phenotyping_WG1_JLU/20251007_141801.jpg,plot_a4b69901915632bc9a05,wg_insects_t1_bbch10,/home/nfs/data/nvme_datasets/Pictures_CFSB_leaf_damage/2025_10_07_RSFB-Phenotyping_WG1_JLU/2025_10_07_RSFB-Phenotyping_WG1_JLU/20251007_141801.jpg,4.0,5.517180442810059,5.8032546043396,0.28607413172721863,1.8032546043395996,1.5171804428100586,gold_only,43,single_rater_weak
2025_10_07_RSFB-Phenotyping_WG1_JLU/2025_10_07_RSFB-Phenotyping_WG1_JLU/20251007_141817.jpg,plot_2ebd15070d13d8c6d7a6,wg_insects_t1_bbch10,/home/nfs/data/nvme_datasets/Pictures_CFSB_leaf_damage/2025_10_07_RSFB-Phenotyping_WG1_JLU/2025_10_07_RSFB-Phenotyping_WG1_JLU/20251007_141817.jpg,8.0,3.0636043548583984,3.843717098236084,0.7801127433776855,4.156282901763916,4.936395645141602,gold_only,43,single_rater_weak
2025_10_07_RSFB-Phenotyping_WG1_JLU/2025_10_07_RSFB-Phenotyping_WG1_JLU/20251007_141823.jpg,plot_2ebd15070d13d8c6d7a6,wg_insects_t1_bbch10,/home/nfs/data/nvme_datasets/Pictures_CFSB_leaf_damage/2025_10_07_RSFB-Phenotyping_WG1_JLU/2025_10_07_RSFB-Phenotyping_WG1_JLU/20251007_141823.jpg,3.0,3.2955732345581055,3.3265814781188965,0.031008252874016762,0.3265814781188965,0.29557323455810547,gold_only,43,single_rater_weak
2025_10_07_RSFB-Phenotyping_WG1_JLU/2025_10_07_RSFB-Phenotyping_WG1_JLU/20251007_141829.jpg,plot_2ebd15070d13d8c6d7a6,wg_insects_t1_bbch10,/home/nfs/data/nvme_datasets/Pictures_CFSB_leaf_damage/2025_10_07_RSFB-Phenotyping_WG1_JLU/2025_10_07_RSFB-Phenotyping_WG1_JLU/20251007_141829.jpg,14.0,4.658819198608398,5.163688659667969,0.5048695802688599,8.836311340332031,9.341180801391602,gold_only,43,single_rater_weak
2025_10_07_RSFB-Phenotyping_WG1_JLU/2025_10_07_RSFB-Phenotyping_WG1_JLU/20251007_141846.jpg,plot_5272a7fbade6b73ab0a8,wg_insects_t1_bbch10,/home/nfs/data/nvme_datasets/Pictures_CFSB_leaf_damage/2025_10_07_RSFB-Phenotyping_WG1_JLU/2025_10_07_RSFB-Phenotyping_WG1_JLU/20251007_141846.jpg,6.0,4.257055282592773,4.369889259338379,0.11283411830663681,1.630110740661621,1.7429447174072266,gold_only,43,single_rater_weak
2025_10_07_RSFB-Phenotyping_WG1_JLU/2025_10_07_RSFB-Phenotyping_WG1_JLU/20251007_141853.jpg,plot_5272a7fbade6b73ab0a8,wg_insects_t1_bbch10,/home/nfs/data/nvme_datasets/Pictures_CFSB_leaf_damage/2025_10_07_RSFB-Phenotyping_WG1_JLU/2025_10_07_RSFB-Phenotyping_WG1_JLU/20251007_141853.jpg,11.0,4.199770927429199,5.5248541831970215,1.3250832557678223,5.4751458168029785,6.800229072570801,gold_only,43,single_rater_weak
2025_10_07_RSFB-Phenotyping_WG1_JLU/2025_10_07_RSFB-Phenotyping_WG1_JLU/20251007_141858.jpg,plot_5272a7fbade6b73ab0a8,wg_insects_t1_bbch10,/home/nfs/data/nvme_datasets/Pictures_CFSB_leaf_damage/2025_10_07_RSFB-Phenotyping_WG1_JLU/2025_10_07_RSFB-Phenotyping_WG1_JLU/20251007_141858.jpg,12.0,4.6806488037109375,4.952242851257324,0.27159419655799866,7.047757148742676,7.3193511962890625,gold_only,43,single_rater_weak
2025_10_07_RSFB-Phenotyping_WG1_JLU/2025_10_07_RSFB-Phenotyping_WG1_JLU/20251007_141915.jpg,plot_d258ade8562d220dd689,wg_insects_t1_bbch10,/home/nfs/data/nvme_datasets/Pictures_CFSB_leaf_damage/2025_10_07_RSFB-Phenotyping_WG1_JLU/2025_10_07_RSFB-Phenotyping_WG1_JLU/20251007_141915.jpg,1.0,3.9923317432403564,4.843933582305908,0.8516018390655518,3.843933582305908,2.9923317432403564,gold_only,43,single_rater_weak
2025_10_07_RSFB-Phenotyping_WG1_JLU/2025_10_07_RSFB-Phenotyping_WG1_JLU/20251007_141919.jpg,plot_d258ade8562d220dd689,wg_insects_t1_bbch10,/home/nfs/data/nvme_datasets/Pictures_CFSB_leaf_damage/2025_10_07_RSFB-Phenotyping_WG1_JLU/2025_10_07_RSFB-Phenotyping_WG1_JLU/20251007_141919.jpg,4.0,6.090468883514404,6.0508880615234375,-0.0395808145403862,2.0508880615234375,2.0904688835144043,gold_only,43,single_rater_weak
2025_10_07_RSFB-Phenotyping_WG1_JLU/2025_10_07_RSFB-Phenotyping_WG1_JLU/20251007_141924.jpg,plot_d258ade8562d220dd689,wg_insects_t1_bbch10,/home/nfs/data/nvme_datasets/Pictures_CFSB_leaf_damage/2025_10_07_RSFB-Phenotyping_WG1_JLU/2025_10_07_RSFB-Phenotyping_WG1_JLU/20251007_141924.jpg,5.0,2.9981913566589355,3.1060450077056885,0.10785364359617233,1.8939549922943115,2.0018086433410645,gold_only,43,single_rater_weak
2025_10_07_RSFB-Phenotyping_WG1_JLU/2025_10_07_RSFB-Phenotyping_WG1_JLU/20251007_141943.jpg,plot_86b21db3ef9aacce2827,wg_insects_t1_bbch10,/home/nfs/data/nvme_datasets/Pictures_CFSB_leaf_damage/2025_10_07_RSFB-Phenotyping_WG1_JLU/2025_10_07_RSFB-Phenotyping_WG1_JLU/20251007_141943.jpg,3.0,2.796558380126953,2.7411868572235107,-0.0553714893758297,0.25881314277648926,0.20344161987304688,gold_only,43,single_rater_weak
2025_10_07_RSFB-Phenotyping_WG1_JLU/2025_10_07_RSFB-Phenotyping_WG1_JLU/20251007_141948.jpg,plot_86b21db3ef9aacce2827,wg_insects_t1_bbch10,/home/nfs/data/nvme_datasets/Pictures_CFSB_leaf_damage/2025_10_07_RSFB-Phenotyping_WG1_JLU/2025_10_07_RSFB-Phenotyping_WG1_JLU/20251007_141948.jpg,4.0,3.577955484390259,3.443249464035034,-0.13470599055290222,0.5567505359649658,0.4220445156097412,gold_only,43,single_rater_weak
2025_10_07_RSFB-Phenotyping_WG1_JLU/2025_10_07_RSFB-Phenotyping_WG1_JLU/20251007_141954.jpg,plot_86b21db3ef9aacce2827,wg_insects_t1_bbch10,/home/nfs/data/nvme_datasets/Pictures_CFSB_leaf_damage/2025_10_07_RSFB-Phenotyping_WG1_JLU/2025_10_07_RSFB-Phenotyping_WG1_JLU/20251007_141954.jpg,3.0,3.504842758178711,3.4288434982299805,-0.07599915564060211,0.42884349822998047,0.5048427581787109,gold_only,43,single_rater_weak
2025_10_07_RSFB-Phenotyping_WG1_JLU/2025_10_07_RSFB-Phenotyping_WG1_JLU/20251007_142011.jpg,plot_250cef0aa8a66524e7b3,wg_insects_t1_bbch10,/home/nfs/data/nvme_datasets/Pictures_CFSB_leaf_damage/2025_10_07_RSFB-Phenotyping_WG1_JLU/2025_10_07_RSFB-Phenotyping_WG1_JLU/20251007_142011.jpg,2.0,5.399341106414795,6.612691402435303,1.2133501768112183,4.612691402435303,3.399341106414795,gold_only,43,single_rater_weak
2025_10_07_RSFB-Phenotyping_WG1_JLU/2025_10_07_RSFB-Phenotyping_WG1_JLU/20251007_142016.jpg,plot_250cef0aa8a66524e7b3,wg_insects_t1_bbch10,/home/nfs/data/nvme_datasets/Pictures_CFSB_leaf_damage/2025_10_07_RSFB-Phenotyping_WG1_JLU/2025_10_07_RSFB-Phenotyping_WG1_JLU/20251007_142016.jpg,2.0,5.585482597351074,6.087247371673584,0.5017648935317993,4.087247371673584,3.585482597351074,gold_only,43,single_rater_weak
2025_10_07_RSFB-Phenotyping_WG1_JLU/2025_10_07_RSFB-Phenotyping_WG1_JLU/20251007_142022.jpg,plot_250cef0aa8a66524e7b3,wg_insects_t1_bbch10,/home/nfs/data/nvme_datasets/Pictures_CFSB_leaf_damage/2025_10_07_RSFB-Phenotyping_WG1_JLU/2025_10_07_RSFB-Phenotyping_WG1_JLU/20251007_142022.jpg,4.0,4.2825469970703125,5.504438877105713,1.2218918800354004,1.504438877105713,0.2825469970703125,gold_only,43,single_rater_weak
2025_10_07_RSFB-Phenotyping_WG1_JLU/2025_10_07_RSFB-Phenotyping_WG1_JLU/20251007_142036.jpg,plot_c259f15ad47dc731aa8f,wg_insects_t1_bbch10,/home/nfs/data/nvme_datasets/Pictures_CFSB_leaf_damage/2025_10_07_RSFB-Phenotyping_WG1_JLU/2025_10_07_RSFB-Phenotyping_WG1_JLU/20251007_142036.jpg,1.0,2.7287821769714355,2.3011932373046875,-0.4275888502597809,1.3011932373046875,1.7287821769714355,gold_only,43,single_rater_weak
2025_10_07_RSFB-Phenotyping_WG1_JLU/2025_10_07_RSFB-Phenotyping_WG1_JLU/20251007_142041.jpg,plot_c259f15ad47dc731aa8f,wg_insects_t1_bbch10,/home/nfs/data/nvme_datasets/Pictures_CFSB_leaf_damage/2025_10_07_RSFB-Phenotyping_WG1_JLU/2025_10_07_RSFB-Phenotyping_WG1_JLU/20251007_142041.jpg,2.0,2.5701355934143066,2.317110061645508,-0.2530255615711212,0.3171100616455078,0.5701355934143066,gold_only,43,single_rater_weak
2025_10_07_RSFB-Phenotyping_WG1_JLU/2025_10_07_RSFB-Phenotyping_WG1_JLU/20251007_142047.jpg,plot_c259f15ad47dc731aa8f,wg_insects_t1_bbch10,/home/nfs/data/nvme_datasets/Pictures_CFSB_leaf_damage/2025_10_07_RSFB-Phenotyping_WG1_JLU/2025_10_07_RSFB-Phenotyping_WG1_JLU/20251007_142047.jpg,10.0,5.133059501647949,4.81660795211792,-0.31645166873931885,5.18339204788208,4.866940498352051,gold_only,43,single_rater_weak
2025_10_07_RSFB-Phenotyping_WG1_JLU/2025_10_07_RSFB-Phenotyping_WG1_JLU/20251007_142103.jpg,plot_4690748ade6aa02179ec,wg_insects_t1_bbch10,/home/nfs/data/nvme_datasets/Pictures_CFSB_leaf_damage/2025_10_07_RSFB-Phenotyping_WG1_JLU/2025_10_07_RSFB-Phenotyping_WG1_JLU/20251007_142103.jpg,2.0,2.915184497833252,2.8011879920959473,-0.11399644613265991,0.8011879920959473,0.915184497833252,gold_only,43,single_rater_weak
2025_10_07_RSFB-Phenotyping_WG1_JLU/2025_10_07_RSFB-Phenotyping_WG1_JLU/20251007_142112.jpg,plot_4690748ade6aa02179ec,wg_insects_t1_bbch10,/home/nfs/data/nvme_datasets/Pictures_CFSB_leaf_damage/2025_10_07_RSFB-Phenotyping_WG1_JLU/2025_10_07_RSFB-Phenotyping_WG1_JLU/20251007_142112.jpg,8.0,4.882040500640869,5.170053005218506,0.28801262378692627,2.829946994781494,3.117959499359131,gold_only,43,single_rater_weak
2025_10_07_RSFB-Phenotyping_WG1_JLU/2025_10_07_RSFB-Phenotyping_WG1_JLU/20251007_142117.jpg,plot_4690748ade6aa02179ec,wg_insects_t1_bbch10,/home/nfs/data/nvme_datasets/Pictures_CFSB_leaf_damage/2025_10_07_RSFB-Phenotyping_WG1_JLU/2025_10_07_RSFB-Phenotyping_WG1_JLU/20251007_142117.jpg,20.0,4.676065444946289,5.807869911193848,1.1318042278289795,14.192130088806152,15.323934555053711,gold_only,43,single_rater_weak
2025_10_07_RSFB-Phenotyping_WG1_JLU/2025_10_07_RSFB-Phenotyping_WG1_JLU/20251007_142137.jpg,plot_78301f7caaae71a8f0bb,wg_insects_t1_bbch10,/home/nfs/data/nvme_datasets/Pictures_CFSB_leaf_damage/2025_10_07_RSFB-Phenotyping_WG1_JLU/2025_10_07_RSFB-Phenotyping_WG1_JLU/20251007_142137.jpg,5.0,5.539514541625977,5.587667465209961,0.048153143376111984,0.5876674652099609,0.5395145416259766,gold_only,43,single_rater_weak
2025_10_07_RSFB-Phenotyping_WG1_JLU/2025_10_07_RSFB-Phenotyping_WG1_JLU/20251007_142143.jpg,plot_78301f7caaae71a8f0bb,wg_insects_t1_bbch10,/home/nfs/data/nvme_datasets/Pictures_CFSB_leaf_damage/2025_10_07_RSFB-Phenotyping_WG1_JLU/2025_10_07_RSFB-Phenotyping_WG1_JLU/20251007_142143.jpg,2.0,2.512430191040039,1.804950475692749,-0.7074796557426453,0.19504952430725098,0.5124301910400391,gold_only,43,single_rater_weak
2025_10_07_RSFB-Phenotyping_WG1_JLU/2025_10_07_RSFB-Phenotyping_WG1_JLU/20251007_142149.jpg,plot_78301f7caaae71a8f0bb,wg_insects_t1_bbch10,/home/nfs/data/nvme_datasets/Pictures_CFSB_leaf_damage/2025_10_07_RSFB-Phenotyping_WG1_JLU/2025_10_07_RSFB-Phenotyping_WG1_JLU/20251007_142149.jpg,2.0,4.6345953941345215,4.7076096534729,0.0730142667889595,2.7076096534729004,2.6345953941345215,gold_only,43,single_rater_weak
2025_10_07_RSFB-Phenotyping_WG1_JLU/2025_10_07_RSFB-Phenotyping_WG1_JLU/20251007_142210.jpg,plot_73e0bbbac0208c51d206,wg_insects_t1_bbch10,/home/nfs/data/nvme_datasets/Pictures_CFSB_leaf_damage/2025_10_07_RSFB-Phenotyping_WG1_JLU/2025_10_07_RSFB-Phenotyping_WG1_JLU/20251007_142210.jpg,13.0,6.844034194946289,6.882328987121582,0.03829488530755043,6.117671012878418,6.155965805053711,gold_only,43,single_rater_weak
2025_10_07_RSFB-Phenotyping_WG1_JLU/2025_10_07_RSFB-Phenotyping_WG1_JLU/20251007_142217.jpg,plot_73e0bbbac0208c51d206,wg_insects_t1_bbch10,/home/nfs/data/nvme_datasets/Pictures_CFSB_leaf_damage/2025_10_07_RSFB-Phenotyping_WG1_JLU/2025_10_07_RSFB-Phenotyping_WG1_JLU/20251007_142217.jpg,3.0,4.410686492919922,4.181768894195557,-0.22891761362552643,1.1817688941955566,1.4106864929199219,gold_only,43,single_rater_weak
2025_10_07_RSFB-Phenotyping_WG1_JLU/2025_10_07_RSFB-Phenotyping_WG1_JLU/20251007_142222.jpg,plot_73e0bbbac0208c51d206,wg_insects_t1_bbch10,/home/nfs/data/nvme_datasets/Pictures_CFSB_leaf_damage/2025_10_07_RSFB-Phenotyping_WG1_JLU/2025_10_07_RSFB-Phenotyping_WG1_JLU/20251007_142222.jpg,5.0,3.1004109382629395,3.0054759979248047,-0.09493493288755417,1.9945240020751953,1.8995890617370605,gold_only,43,single_rater_weak
2025_10_07_RSFB-Phenotyping_WG1_JLU/2025_10_07_RSFB-Phenotyping_WG1_JLU/20251007_142240.jpg,plot_528b221ffdba83ae382b,wg_insects_t1_bbch10,/home/nfs/data/nvme_datasets/Pictures_CFSB_leaf_damage/2025_10_07_RSFB-Phenotyping_WG1_JLU/2025_10_07_RSFB-Phenotyping_WG1_JLU/20251007_142240.jpg,3.0,3.2483530044555664,3.0073323249816895,-0.2410205900669098,0.007332324981689453,0.2483530044555664,gold_only,43,single_rater_weak
2025_10_07_RSFB-Phenotyping_WG1_JLU/2025_10_07_RSFB-Phenotyping_WG1_JLU/20251007_142245.jpg,plot_528b221ffdba83ae382b,wg_insects_t1_bbch10,/home/nfs/data/nvme_datasets/Pictures_CFSB_leaf_damage/2025_10_07_RSFB-Phenotyping_WG1_JLU/2025_10_07_RSFB-Phenotyping_WG1_JLU/20251007_142245.jpg,3.0,3.680331230163574,3.425884962081909,-0.25444620847702026,0.4258849620819092,0.6803312301635742,gold_only,43,single_rater_weak
2025_10_07_RSFB-Phenotyping_WG1_JLU/2025_10_07_RSFB-Phenotyping_WG1_JLU/20251007_142252.jpg,plot_528b221ffdba83ae382b,wg_insects_t1_bbch10,/home/nfs/data/nvme_datasets/Pictures_CFSB_leaf_damage/2025_10_07_RSFB-Phenotyping_WG1_JLU/2025_10_07_RSFB-Phenotyping_WG1_JLU/20251007_142252.jpg,1.0,5.681360244750977,5.751860618591309,0.07050029188394547,4.751860618591309,4.681360244750977,gold_only,43,single_rater_weak
2025_10_07_RSFB-Phenotyping_WG1_JLU/2025_10_07_RSFB-Phenotyping_WG1_JLU/20251007_142306.jpg,plot_131be62dbf51989d4d38,wg_insects_t1_bbch10,/home/nfs/data/nvme_datasets/Pictures_CFSB_leaf_damage/2025_10_07_RSFB-Phenotyping_WG1_JLU/2025_10_07_RSFB-Phenotyping_WG1_JLU/20251007_142306.jpg,2.0,4.89621639251709,4.983368396759033,0.08715193718671799,2.983368396759033,2.89621639251709,gold_only,43,single_rater_weak
2025_10_07_RSFB-Phenotyping_WG1_JLU/2025_10_07_RSFB-Phenotyping_WG1_JLU/20251007_142313.jpg,plot_131be62dbf51989d4d38,wg_insects_t1_bbch10,/home/nfs/data/nvme_datasets/Pictures_CFSB_leaf_damage/2025_10_07_RSFB-Phenotyping_WG1_JLU/2025_10_07_RSFB-Phenotyping_WG1_JLU/20251007_142313.jpg,3.0,3.3714804649353027,3.0282723903656006,-0.3432081639766693,0.028272390365600586,0.37148046493530273,gold_only,43,single_rater_weak
2025_10_07_RSFB-Phenotyping_WG1_JLU/2025_10_07_RSFB-Phenotyping_WG1_JLU/20251007_142319.jpg,plot_131be62dbf51989d4d38,wg_insects_t1_bbch10,/home/nfs/data/nvme_datasets/Pictures_CFSB_leaf_damage/2025_10_07_RSFB-Phenotyping_WG1_JLU/2025_10_07_RSFB-Phenotyping_WG1_JLU/20251007_142319.jpg,4.0,4.079738616943359,4.697867393493652,0.6181288957595825,0.6978673934936523,0.07973861694335938,gold_only,43,single_rater_weak
2025_10_07_RSFB-Phenotyping_WG1_JLU/2025_10_07_RSFB-Phenotyping_WG1_JLU/20251007_142334.jpg,plot_d1274d1d6e986d360875,wg_insects_t1_bbch10,/home/nfs/data/nvme_datasets/Pictures_CFSB_leaf_damage/2025_10_07_RSFB-Phenotyping_WG1_JLU/2025_10_07_RSFB-Phenotyping_WG1_JLU/20251007_142334.jpg,2.0,1.9627084732055664,2.5838944911956787,0.6211859583854675,0.5838944911956787,0.037291526794433594,gold_only,43,single_rater_weak
2025_10_07_RSFB-Phenotyping_WG1_JLU/2025_10_07_RSFB-Phenotyping_WG1_JLU/20251007_142339.jpg,plot_d1274d1d6e986d360875,wg_insects_t1_bbch10,/home/nfs/data/nvme_datasets/Pictures_CFSB_leaf_damage/2025_10_07_RSFB-Phenotyping_WG1_JLU/2025_10_07_RSFB-Phenotyping_WG1_JLU/20251007_142339.jpg,2.0,3.0772595405578613,3.163206100463867,0.08594657480716705,1.1632061004638672,1.0772595405578613,gold_only,43,single_rater_weak
2025_10_07_RSFB-Phenotyping_WG1_JLU/2025_10_07_RSFB-Phenotyping_WG1_JLU/20251007_142347.jpg,plot_d1274d1d6e986d360875,wg_insects_t1_bbch10,/home/nfs/data/nvme_datasets/Pictures_CFSB_leaf_damage/2025_10_07_RSFB-Phenotyping_WG1_JLU/2025_10_07_RSFB-Phenotyping_WG1_JLU/20251007_142347.jpg,19.0,4.304086685180664,4.892744064331055,0.5886571407318115,14.107255935668945,14.695913314819336,gold_only,43,single_rater_weak
2025_10_07_RSFB-Phenotyping_WG1_JLU/2025_10_07_RSFB-Phenotyping_WG1_JLU/20251007_142403.jpg,plot_16c55d014e295e0ba022,wg_insects_t1_bbch10,/home/nfs/data/nvme_datasets/Pictures_CFSB_leaf_damage/2025_10_07_RSFB-Phenotyping_WG1_JLU/2025_10_07_RSFB-Phenotyping_WG1_JLU/20251007_142403.jpg,4.0,5.430481433868408,6.499454498291016,1.0689729452133179,2.4994544982910156,1.4304814338684082,gold_only,43,single_rater_weak
2025_10_07_RSFB-Phenotyping_WG1_JLU/2025_10_07_RSFB-Phenotyping_WG1_JLU/20251007_142410.jpg,plot_16c55d014e295e0ba022,wg_insects_t1_bbch10,/home/nfs/data/nvme_datasets/Pictures_CFSB_leaf_damage/2025_10_07_RSFB-Phenotyping_WG1_JLU/2025_10_07_RSFB-Phenotyping_WG1_JLU/20251007_142410.jpg,4.0,4.3226847648620605,3.706084966659546,-0.6165998578071594,0.2939150333404541,0.32268476486206055,gold_only,43,single_rater_weak
2025_10_07_RSFB-Phenotyping_WG1_JLU/2025_10_07_RSFB-Phenotyping_WG1_JLU/20251007_142415.jpg,plot_16c55d014e295e0ba022,wg_insects_t1_bbch10,/home/nfs/data/nvme_datasets/Pictures_CFSB_leaf_damage/2025_10_07_RSFB-Phenotyping_WG1_JLU/2025_10_07_RSFB-Phenotyping_WG1_JLU/20251007_142415.jpg,5.0,3.9532928466796875,4.076298713684082,0.12300565093755722,0.923701286315918,1.0467071533203125,gold_only,43,single_rater_weak
2025_10_07_RSFB-Phenotyping_WG1_JLU/2025_10_07_RSFB-Phenotyping_WG1_JLU/20251007_142430.jpg,plot_580f5e613cd9f022668b,wg_insects_t1_bbch10,/home/nfs/data/nvme_datasets/Pictures_CFSB_leaf_damage/2025_10_07_RSFB-Phenotyping_WG1_JLU/2025_10_07_RSFB-Phenotyping_WG1_JLU/20251007_142430.jpg,7.0,4.029665946960449,4.504122257232666,0.4744564890861511,2.495877742767334,2.970334053039551,gold_only,43,single_rater_weak
2025_10_07_RSFB-Phenotyping_WG1_JLU/2025_10_07_RSFB-Phenotyping_WG1_JLU/20251007_142435.jpg,plot_580f5e613cd9f022668b,wg_insects_t1_bbch10,/home/nfs/data/nvme_datasets/Pictures_CFSB_leaf_damage/2025_10_07_RSFB-Phenotyping_WG1_JLU/2025_10_07_RSFB-Phenotyping_WG1_JLU/20251007_142435.jpg,3.0,3.4826669692993164,3.1423771381378174,-0.340289831161499,0.14237713813781738,0.4826669692993164,gold_only,43,single_rater_weak
2025_10_07_RSFB-Phenotyping_WG1_JLU/2025_10_07_RSFB-Phenotyping_WG1_JLU/20251007_142441.jpg,plot_580f5e613cd9f022668b,wg_insects_t1_bbch10,/home/nfs/data/nvme_datasets/Pictures_CFSB_leaf_damage/2025_10_07_RSFB-Phenotyping_WG1_JLU/2025_10_07_RSFB-Phenotyping_WG1_JLU/20251007_142441.jpg,9.0,7.811573505401611,9.195513725280762,1.3839399814605713,0.19551372528076172,1.1884264945983887,gold_only,43,single_rater_weak
2025_10_07_RSFB-Phenotyping_WG1_JLU/2025_10_07_RSFB-Phenotyping_WG1_JLU/20251007_142455.jpg,plot_cf6c07e4fcae447ab338,wg_insects_t1_bbch10,/home/nfs/data/nvme_datasets/Pictures_CFSB_leaf_damage/2025_10_07_RSFB-Phenotyping_WG1_JLU/2025_10_07_RSFB-Phenotyping_WG1_JLU/20251007_142455.jpg,7.0,3.1859097480773926,4.386264801025391,1.2003551721572876,2.6137351989746094,3.8140902519226074,gold_only,43,single_rater_weak
2025_10_07_RSFB-Phenotyping_WG1_JLU/2025_10_07_RSFB-Phenotyping_WG1_JLU/20251007_142503.jpg,plot_cf6c07e4fcae447ab338,wg_insects_t1_bbch10,/home/nfs/data/nvme_datasets/Pictures_CFSB_leaf_damage/2025_10_07_RSFB-Phenotyping_WG1_JLU/2025_10_07_RSFB-Phenotyping_WG1_JLU/20251007_142503.jpg,4.0,3.3762245178222656,3.642869710922241,0.2666451334953308,0.3571302890777588,0.6237754821777344,gold_only,43,single_rater_weak
2025_10_07_RSFB-Phenotyping_WG1_JLU/2025_10_07_RSFB-Phenotyping_WG1_JLU/20251007_142508.jpg,plot_cf6c07e4fcae447ab338,wg_insects_t1_bbch10,/home/nfs/data/nvme_datasets/Pictures_CFSB_leaf_damage/2025_10_07_RSFB-Phenotyping_WG1_JLU/2025_10_07_RSFB-Phenotyping_WG1_JLU/20251007_142508.jpg,6.0,3.858659029006958,4.541572570800781,0.6829137206077576,1.4584274291992188,2.141340970993042,gold_only,43,single_rater_weak
2025_10_07_RSFB-Phenotyping_WG1_JLU/2025_10_07_RSFB-Phenotyping_WG1_JLU/20251007_142525.jpg,plot_d93e1d2812add952bc05,wg_insects_t1_bbch10,/home/nfs/data/nvme_datasets/Pictures_CFSB_leaf_damage/2025_10_07_RSFB-Phenotyping_WG1_JLU/2025_10_07_RSFB-Phenotyping_WG1_JLU/20251007_142525.jpg,2.0,5.350128173828125,5.56774377822876,0.2176155000925064,3.5677437782287598,3.350128173828125,gold_only,43,single_rater_weak
2025_10_07_RSFB-Phenotyping_WG1_JLU/2025_10_07_RSFB-Phenotyping_WG1_JLU/20251007_142530.jpg,plot_d93e1d2812add952bc05,wg_insects_t1_bbch10,/home/nfs/data/nvme_datasets/Pictures_CFSB_leaf_damage/2025_10_07_RSFB-Phenotyping_WG1_JLU/2025_10_07_RSFB-Phenotyping_WG1_JLU/20251007_142530.jpg,3.0,4.51650857925415,4.102718353271484,-0.41379037499427795,1.1027183532714844,1.5165085792541504,gold_only,43,single_rater_weak
2025_10_07_RSFB-Phenotyping_WG1_JLU/2025_10_07_RSFB-Phenotyping_WG1_JLU/20251007_142535.jpg,plot_d93e1d2812add952bc05,wg_insects_t1_bbch10,/home/nfs/data/nvme_datasets/Pictures_CFSB_leaf_damage/2025_10_07_RSFB-Phenotyping_WG1_JLU/2025_10_07_RSFB-Phenotyping_WG1_JLU/20251007_142535.jpg,2.0,5.048810005187988,5.0640177726745605,0.01520791556686163,3.0640177726745605,3.0488100051879883,gold_only,43,single_rater_weak
2025_10_07_RSFB-Phenotyping_WG1_JLU/2025_10_07_RSFB-Phenotyping_WG1_JLU/20251007_142550.jpg,plot_485952b0e10a79ec8185,wg_insects_t1_bbch10,/home/nfs/data/nvme_datasets/Pictures_CFSB_leaf_damage/2025_10_07_RSFB-Phenotyping_WG1_JLU/2025_10_07_RSFB-Phenotyping_WG1_JLU/20251007_142550.jpg,1.0,3.098994731903076,3.2412922382354736,0.14229750633239746,2.2412922382354736,2.098994731903076,gold_only,43,single_rater_weak
2025_10_07_RSFB-Phenotyping_WG1_JLU/2025_10_07_RSFB-Phenotyping_WG1_JLU/20251007_142558.jpg,plot_485952b0e10a79ec8185,wg_insects_t1_bbch10,/home/nfs/data/nvme_datasets/Pictures_CFSB_leaf_damage/2025_10_07_RSFB-Phenotyping_WG1_JLU/2025_10_07_RSFB-Phenotyping_WG1_JLU/20251007_142558.jpg,1.0,5.1779890060424805,5.482174873352051,0.30418598651885986,4.482174873352051,4.1779890060424805,gold_only,43,single_rater_weak
2025_10_07_RSFB-Phenotyping_WG1_JLU/2025_10_07_RSFB-Phenotyping_WG1_JLU/20251007_142608.jpg,plot_485952b0e10a79ec8185,wg_insects_t1_bbch10,/home/nfs/data/nvme_datasets/Pictures_CFSB_leaf_damage/2025_10_07_RSFB-Phenotyping_WG1_JLU/2025_10_07_RSFB-Phenotyping_WG1_JLU/20251007_142608.jpg,2.0,4.1000847816467285,3.9898793697357178,-0.11020544171333313,1.9898793697357178,2.1000847816467285,gold_only,43,single_rater_weak
2025_10_07_RSFB-Phenotyping_WG1_JLU/2025_10_07_RSFB-Phenotyping_WG1_JLU/20251007_142627.jpg,plot_744d52c29a1221ece015,wg_insects_t1_bbch10,/home/nfs/data/nvme_datasets/Pictures_CFSB_leaf_damage/2025_10_07_RSFB-Phenotyping_WG1_JLU/2025_10_07_RSFB-Phenotyping_WG1_JLU/20251007_142627.jpg,1.0,3.004025459289551,2.579181432723999,-0.42484402656555176,1.579181432723999,2.004025459289551,gold_only,43,single_rater_weak
2025_10_07_RSFB-Phenotyping_WG1_JLU/2025_10_07_RSFB-Phenotyping_WG1_JLU/20251007_142633.jpg,plot_744d52c29a1221ece015,wg_insects_t1_bbch10,/home/nfs/data/nvme_datasets/Pictures_CFSB_leaf_damage/2025_10_07_RSFB-Phenotyping_WG1_JLU/2025_10_07_RSFB-Phenotyping_WG1_JLU/20251007_142633.jpg,2.0,2.644526958465576,2.3558568954467773,-0.28867003321647644,0.35585689544677734,0.6445269584655762,gold_only,43,single_rater_weak
2025_10_07_RSFB-Phenotyping_WG1_JLU/2025_10_07_RSFB-Phenotyping_WG1_JLU/20251007_142639.jpg,plot_744d52c29a1221ece015,wg_insects_t1_bbch10,/home/nfs/data/nvme_datasets/Pictures_CFSB_leaf_damage/2025_10_07_RSFB-Phenotyping_WG1_JLU/2025_10_07_RSFB-Phenotyping_WG1_JLU/20251007_142639.jpg,3.0,3.635253667831421,4.396504878997803,0.7612512111663818,1.3965048789978027,0.6352536678314209,gold_only,43,single_rater_weak
2025_10_07_RSFB-Phenotyping_WG1_JLU/2025_10_07_RSFB-Phenotyping_WG1_JLU/20251007_142655.jpg,plot_18192f1b18eadc2b30db,wg_insects_t1_bbch10,/home/nfs/data/nvme_datasets/Pictures_CFSB_leaf_damage/2025_10_07_RSFB-Phenotyping_WG1_JLU/2025_10_07_RSFB-Phenotyping_WG1_JLU/20251007_142655.jpg,1.0,2.997239112854004,3.070930242538452,0.07369106262922287,2.070930242538452,1.997239112854004,gold_only,43,single_rater_weak
2025_10_07_RSFB-Phenotyping_WG1_JLU/2025_10_07_RSFB-Phenotyping_WG1_JLU/20251007_142702.jpg,plot_18192f1b18eadc2b30db,wg_insects_t1_bbch10,/home/nfs/data/nvme_datasets/Pictures_CFSB_leaf_damage/2025_10_07_RSFB-Phenotyping_WG1_JLU/2025_10_07_RSFB-Phenotyping_WG1_JLU/20251007_142702.jpg,1.0,3.8885915279388428,4.003292083740234,0.11470074951648712,3.0032920837402344,2.8885915279388428,gold_only,43,single_rater_weak
2025_10_07_RSFB-Phenotyping_WG1_JLU/2025_10_07_RSFB-Phenotyping_WG1_JLU/20251007_142708.jpg,plot_18192f1b18eadc2b30db,wg_insects_t1_bbch10,/home/nfs/data/nvme_datasets/Pictures_CFSB_leaf_damage/2025_10_07_RSFB-Phenotyping_WG1_JLU/2025_10_07_RSFB-Phenotyping_WG1_JLU/20251007_142708.jpg,4.0,4.275563716888428,4.538340091705322,0.26277631521224976,0.5383400917053223,0.27556371688842773,gold_only,43,single_rater_weak
2025_10_07_RSFB-Phenotyping_WG1_JLU/2025_10_07_RSFB-Phenotyping_WG1_JLU/20251007_142723.jpg,plot_1c39766e5574b9aecdad,wg_insects_t1_bbch10,/home/nfs/data/nvme_datasets/Pictures_CFSB_leaf_damage/2025_10_07_RSFB-Phenotyping_WG1_JLU/2025_10_07_RSFB-Phenotyping_WG1_JLU/20251007_142723.jpg,1.0,2.412351131439209,2.664783477783203,0.2524324059486389,1.6647834777832031,1.412351131439209,gold_only,43,single_rater_weak
2025_10_07_RSFB-Phenotyping_WG1_JLU/2025_10_07_RSFB-Phenotyping_WG1_JLU/20251007_142728.jpg,plot_1c39766e5574b9aecdad,wg_insects_t1_bbch10,/home/nfs/data/nvme_datasets/Pictures_CFSB_leaf_damage/2025_10_07_RSFB-Phenotyping_WG1_JLU/2025_10_07_RSFB-Phenotyping_WG1_JLU/20251007_142728.jpg,1.0,2.701551914215088,2.3746910095214844,-0.3268609046936035,1.3746910095214844,1.701551914215088,gold_only,43,single_rater_weak
2025_10_07_RSFB-Phenotyping_WG1_JLU/2025_10_07_RSFB-Phenotyping_WG1_JLU/20251007_142734.jpg,plot_1c39766e5574b9aecdad,wg_insects_t1_bbch10,/home/nfs/data/nvme_datasets/Pictures_CFSB_leaf_damage/2025_10_07_RSFB-Phenotyping_WG1_JLU/2025_10_07_RSFB-Phenotyping_WG1_JLU/20251007_142734.jpg,2.0,3.332770347595215,3.8519999980926514,0.5192297101020813,1.8519999980926514,1.3327703475952148,gold_only,43,single_rater_weak
2025_10_07_RSFB-Phenotyping_WG1_JLU/2025_10_07_RSFB-Phenotyping_WG1_JLU/20251007_142749.jpg,plot_207fcb76844931a4163b,wg_insects_t1_bbch10,/home/nfs/data/nvme_datasets/Pictures_CFSB_leaf_damage/2025_10_07_RSFB-Phenotyping_WG1_JLU/2025_10_07_RSFB-Phenotyping_WG1_JLU/20251007_142749.jpg,3.0,5.78317403793335,7.206254959106445,1.4230809211730957,4.206254959106445,2.7831740379333496,gold_only,43,single_rater_weak
2025_10_07_RSFB-Phenotyping_WG1_JLU/2025_10_07_RSFB-Phenotyping_WG1_JLU/20251007_142754.jpg,plot_207fcb76844931a4163b,wg_insects_t1_bbch10,/home/nfs/data/nvme_datasets/Pictures_CFSB_leaf_damage/2025_10_07_RSFB-Phenotyping_WG1_JLU/2025_10_07_RSFB-Phenotyping_WG1_JLU/20251007_142754.jpg,6.0,4.089529037475586,3.653275966644287,-0.4362531006336212,2.346724033355713,1.910470962524414,gold_only,43,single_rater_weak
2025_10_07_RSFB-Phenotyping_WG1_JLU/2025_10_07_RSFB-Phenotyping_WG1_JLU/20251007_142803.jpg,plot_207fcb76844931a4163b,wg_insects_t1_bbch10,/home/nfs/data/nvme_datasets/Pictures_CFSB_leaf_damage/2025_10_07_RSFB-Phenotyping_WG1_JLU/2025_10_07_RSFB-Phenotyping_WG1_JLU/20251007_142803.jpg,8.0,4.274497032165527,4.345104694366455,0.0706077441573143,3.654895305633545,3.7255029678344727,gold_only,43,single_rater_weak
2025_10_07_RSFB-Phenotyping_WG1_JLU/2025_10_07_RSFB-Phenotyping_WG1_JLU/20251007_142818.jpg,plot_f028b355ae3da1155aa1,wg_insects_t1_bbch10,/home/nfs/data/nvme_datasets/Pictures_CFSB_leaf_damage/2025_10_07_RSFB-Phenotyping_WG1_JLU/2025_10_07_RSFB-Phenotyping_WG1_JLU/20251007_142818.jpg,6.0,3.21589994430542,3.351940631866455,0.13604071736335754,2.648059368133545,2.78410005569458,gold_only,43,single_rater_weak
2025_10_07_RSFB-Phenotyping_WG1_JLU/2025_10_07_RSFB-Phenotyping_WG1_JLU/20251007_142824.jpg,plot_f028b355ae3da1155aa1,wg_insects_t1_bbch10,/home/nfs/data/nvme_datasets/Pictures_CFSB_leaf_damage/2025_10_07_RSFB-Phenotyping_WG1_JLU/2025_10_07_RSFB-Phenotyping_WG1_JLU/20251007_142824.jpg,4.0,2.950308322906494,2.901293992996216,-0.04901441931724548,1.0987060070037842,1.0496916770935059,gold_only,43,single_rater_weak
2025_10_07_RSFB-Phenotyping_WG1_JLU/2025_10_07_RSFB-Phenotyping_WG1_JLU/20251007_142831.jpg,plot_f028b355ae3da1155aa1,wg_insects_t1_bbch10,/home/nfs/data/nvme_datasets/Pictures_CFSB_leaf_damage/2025_10_07_RSFB-Phenotyping_WG1_JLU/2025_10_07_RSFB-Phenotyping_WG1_JLU/20251007_142831.jpg,5.0,5.093229293823242,5.913939952850342,0.8207106590270996,0.9139399528503418,0.09322929382324219,gold_only,43,single_rater_weak
2025_10_07_RSFB-Phenotyping_WG1_JLU/2025_10_07_RSFB-Phenotyping_WG1_JLU/20251007_142848.jpg,plot_896ef3565b8a2b3913bd,wg_insects_t1_bbch10,/home/nfs/data/nvme_datasets/Pictures_CFSB_leaf_damage/2025_10_07_RSFB-Phenotyping_WG1_JLU/2025_10_07_RSFB-Phenotyping_WG1_JLU/20251007_142848.jpg,3.0,3.3704426288604736,4.102405071258545,0.7319626212120056,1.102405071258545,0.37044262886047363,gold_only,43,single_rater_weak
2025_10_07_RSFB-Phenotyping_WG1_JLU/2025_10_07_RSFB-Phenotyping_WG1_JLU/20251007_142854.jpg,plot_896ef3565b8a2b3913bd,wg_insects_t1_bbch10,/home/nfs/data/nvme_datasets/Pictures_CFSB_leaf_damage/2025_10_07_RSFB-Phenotyping_WG1_JLU/2025_10_07_RSFB-Phenotyping_WG1_JLU/20251007_142854.jpg,2.0,2.633209228515625,3.430131435394287,0.7969223260879517,1.430131435394287,0.633209228515625,gold_only,43,single_rater_weak
2025_10_07_RSFB-Phenotyping_WG1_JLU/2025_10_07_RSFB-Phenotyping_WG1_JLU/20251007_142900.jpg,plot_896ef3565b8a2b3913bd,wg_insects_t1_bbch10,/home/nfs/data/nvme_datasets/Pictures_CFSB_leaf_damage/2025_10_07_RSFB-Phenotyping_WG1_JLU/2025_10_07_RSFB-Phenotyping_WG1_JLU/20251007_142900.jpg,14.0,4.113642692565918,4.155518531799316,0.041875891387462616,9.844481468200684,9.886357307434082,gold_only,43,single_rater_weak
2025_10_07_RSFB-Phenotyping_WG1_JLU/2025_10_07_RSFB-Phenotyping_WG1_JLU/20251007_142915.jpg,plot_4bd0766de071a823ace0,wg_insects_t1_bbch10,/home/nfs/data/nvme_datasets/Pictures_CFSB_leaf_damage/2025_10_07_RSFB-Phenotyping_WG1_JLU/2025_10_07_RSFB-Phenotyping_WG1_JLU/20251007_142915.jpg,7.0,2.8585848808288574,3.0957794189453125,0.2371944636106491,3.9042205810546875,4.141415119171143,gold_only,43,single_rater_weak
2025_10_07_RSFB-Phenotyping_WG1_JLU/2025_10_07_RSFB-Phenotyping_WG1_JLU/20251007_142921.jpg,plot_4bd0766de071a823ace0,wg_insects_t1_bbch10,/home/nfs/data/nvme_datasets/Pictures_CFSB_leaf_damage/2025_10_07_RSFB-Phenotyping_WG1_JLU/2025_10_07_RSFB-Phenotyping_WG1_JLU/20251007_142921.jpg,2.0,3.4484763145446777,3.0056934356689453,-0.44278278946876526,1.0056934356689453,1.4484763145446777,gold_only,43,single_rater_weak
2025_10_07_RSFB-Phenotyping_WG1_JLU/2025_10_07_RSFB-Phenotyping_WG1_JLU/20251007_142927.jpg,plot_4bd0766de071a823ace0,wg_insects_t1_bbch10,/home/nfs/data/nvme_datasets/Pictures_CFSB_leaf_damage/2025_10_07_RSFB-Phenotyping_WG1_JLU/2025_10_07_RSFB-Phenotyping_WG1_JLU/20251007_142927.jpg,17.0,6.672557830810547,7.930330276489258,1.25777268409729,9.069669723510742,10.327442169189453,gold_only,43,single_rater_weak
2025_10_07_RSFB-Phenotyping_WG1_JLU/2025_10_07_RSFB-Phenotyping_WG1_JLU/20251007_142941.jpg,plot_17a078cb9a1dd8f425ef,wg_insects_t1_bbch10,/home/nfs/data/nvme_datasets/Pictures_CFSB_leaf_damage/2025_10_07_RSFB-Phenotyping_WG1_JLU/2025_10_07_RSFB-Phenotyping_WG1_JLU/20251007_142941.jpg,3.0,4.516521453857422,4.169825077056885,-0.3466963768005371,1.1698250770568848,1.5165214538574219,gold_only,43,single_rater_weak
2025_10_07_RSFB-Phenotyping_WG1_JLU/2025_10_07_RSFB-Phenotyping_WG1_JLU/20251007_142947.jpg,plot_17a078cb9a1dd8f425ef,wg_insects_t1_bbch10,/home/nfs/data/nvme_datasets/Pictures_CFSB_leaf_damage/2025_10_07_RSFB-Phenotyping_WG1_JLU/2025_10_07_RSFB-Phenotyping_WG1_JLU/20251007_142947.jpg,3.0,5.339061737060547,5.434792995452881,0.09573109447956085,2.434792995452881,2.339061737060547,gold_only,43,single_rater_weak
2025_10_07_RSFB-Phenotyping_WG1_JLU/2025_10_07_RSFB-Phenotyping_WG1_JLU/20251007_142953.jpg,plot_17a078cb9a1dd8f425ef,wg_insects_t1_bbch10,/home/nfs/data/nvme_datasets/Pictures_CFSB_leaf_damage/2025_10_07_RSFB-Phenotyping_WG1_JLU/2025_10_07_RSFB-Phenotyping_WG1_JLU/20251007_142953.jpg,4.0,4.2982177734375,4.263946056365967,-0.03427175432443619,0.2639460563659668,0.2982177734375,gold_only,43,single_rater_weak
2025_10_07_RSFB-Phenotyping_WG1_JLU/2025_10_07_RSFB-Phenotyping_WG1_JLU/20251007_143009.jpg,plot_8dc64b36fafe00e7d90d,wg_insects_t1_bbch10,/home/nfs/data/nvme_datasets/Pictures_CFSB_leaf_damage/2025_10_07_RSFB-Phenotyping_WG1_JLU/2025_10_07_RSFB-Phenotyping_WG1_JLU/20251007_143009.jpg,3.0,5.631438255310059,5.978814125061035,0.3473758101463318,2.978814125061035,2.6314382553100586,gold_only,43,single_rater_weak
2025_10_07_RSFB-Phenotyping_WG1_JLU/2025_10_07_RSFB-Phenotyping_WG1_JLU/20251007_143015.jpg,plot_8dc64b36fafe00e7d90d,wg_insects_t1_bbch10,/home/nfs/data/nvme_datasets/Pictures_CFSB_leaf_damage/2025_10_07_RSFB-Phenotyping_WG1_JLU/2025_10_07_RSFB-Phenotyping_WG1_JLU/20251007_143015.jpg,2.0,3.5289556980133057,3.1881871223449707,-0.34076863527297974,1.1881871223449707,1.5289556980133057,gold_only,43,single_rater_weak
2025_10_07_RSFB-Phenotyping_WG1_JLU/2025_10_07_RSFB-Phenotyping_WG1_JLU/20251007_143021.jpg,plot_8dc64b36fafe00e7d90d,wg_insects_t1_bbch10,/home/nfs/data/nvme_datasets/Pictures_CFSB_leaf_damage/2025_10_07_RSFB-Phenotyping_WG1_JLU/2025_10_07_RSFB-Phenotyping_WG1_JLU/20251007_143021.jpg,1.0,3.163442611694336,4.164250373840332,1.000807523727417,3.164250373840332,2.163442611694336,gold_only,43,single_rater_weak
2025_10_07_RSFB-Phenotyping_WG1_JLU/2025_10_07_RSFB-Phenotyping_WG1_JLU/20251007_143041.jpg,plot_e440ad19e2645e40c203,wg_insects_t1_bbch10,/home/nfs/data/nvme_datasets/Pictures_CFSB_leaf_damage/2025_10_07_RSFB-Phenotyping_WG1_JLU/2025_10_07_RSFB-Phenotyping_WG1_JLU/20251007_143041.jpg,4.0,3.865999221801758,3.776400566101074,-0.08959859609603882,0.22359943389892578,0.1340007781982422,gold_only,43,single_rater_weak
2025_10_07_RSFB-Phenotyping_WG1_JLU/2025_10_07_RSFB-Phenotyping_WG1_JLU/20251007_143047.jpg,plot_e440ad19e2645e40c203,wg_insects_t1_bbch10,/home/nfs/data/nvme_datasets/Pictures_CFSB_leaf_damage/2025_10_07_RSFB-Phenotyping_WG1_JLU/2025_10_07_RSFB-Phenotyping_WG1_JLU/20251007_143047.jpg,3.0,3.7059340476989746,3.9390125274658203,0.23307842016220093,0.9390125274658203,0.7059340476989746,gold_only,43,single_rater_weak
2025_10_07_RSFB-Phenotyping_WG1_JLU/2025_10_07_RSFB-Phenotyping_WG1_JLU/20251007_143053.jpg,plot_e440ad19e2645e40c203,wg_insects_t1_bbch10,/home/nfs/data/nvme_datasets/Pictures_CFSB_leaf_damage/2025_10_07_RSFB-Phenotyping_WG1_JLU/2025_10_07_RSFB-Phenotyping_WG1_JLU/20251007_143053.jpg,3.0,9.756750106811523,9.67432975769043,-0.08242079615592957,6.67432975769043,6.756750106811523,gold_only,43,single_rater_weak
2025_10_07_RSFB-Phenotyping_WG1_JLU/2025_10_07_RSFB-Phenotyping_WG1_JLU/20251007_143117.jpg,plot_ec7204b67ec985b6e0fe,wg_insects_t1_bbch10,/home/nfs/data/nvme_datasets/Pictures_CFSB_leaf_damage/2025_10_07_RSFB-Phenotyping_WG1_JLU/2025_10_07_RSFB-Phenotyping_WG1_JLU/20251007_143117.jpg,2.0,2.8128199577331543,2.5300683975219727,-0.2827516198158264,0.5300683975219727,0.8128199577331543,gold_only,43,single_rater_weak
2025_10_07_RSFB-Phenotyping_WG1_JLU/2025_10_07_RSFB-Phenotyping_WG1_JLU/20251007_143122.jpg,plot_ec7204b67ec985b6e0fe,wg_insects_t1_bbch10,/home/nfs/data/nvme_datasets/Pictures_CFSB_leaf_damage/2025_10_07_RSFB-Phenotyping_WG1_JLU/2025_10_07_RSFB-Phenotyping_WG1_JLU/20251007_143122.jpg,8.0,5.163503646850586,5.844369411468506,0.6808659434318542,2.155630588531494,2.836496353149414,gold_only,43,single_rater_weak
2025_10_07_RSFB-Phenotyping_WG1_JLU/2025_10_07_RSFB-Phenotyping_WG1_JLU/20251007_143128.jpg,plot_ec7204b67ec985b6e0fe,wg_insects_t1_bbch10,/home/nfs/data/nvme_datasets/Pictures_CFSB_leaf_damage/2025_10_07_RSFB-Phenotyping_WG1_JLU/2025_10_07_RSFB-Phenotyping_WG1_JLU/20251007_143128.jpg,8.0,3.455866575241089,3.2722840309143066,-0.18358246982097626,4.727715969085693,4.544133186340332,gold_only,43,single_rater_weak
2025_10_07_RSFB-Phenotyping_WG1_JLU/2025_10_07_RSFB-Phenotyping_WG1_JLU/20251007_143145.jpg,plot_ff280b60a06f61174155,wg_insects_t1_bbch10,/home/nfs/data/nvme_datasets/Pictures_CFSB_leaf_damage/2025_10_07_RSFB-Phenotyping_WG1_JLU/2025_10_07_RSFB-Phenotyping_WG1_JLU/20251007_143145.jpg,2.0,2.6058096885681152,3.3401615619659424,0.7343518137931824,1.3401615619659424,0.6058096885681152,gold_only,43,single_rater_weak
2025_10_07_RSFB-Phenotyping_WG1_JLU/2025_10_07_RSFB-Phenotyping_WG1_JLU/20251007_143152.jpg,plot_ff280b60a06f61174155,wg_insects_t1_bbch10,/home/nfs/data/nvme_datasets/Pictures_CFSB_leaf_damage/2025_10_07_RSFB-Phenotyping_WG1_JLU/2025_10_07_RSFB-Phenotyping_WG1_JLU/20251007_143152.jpg,2.0,7.316402912139893,8.380759239196777,1.0643563270568848,6.380759239196777,5.316402912139893,gold_only,43,single_rater_weak
2025_10_07_RSFB-Phenotyping_WG1_JLU/2025_10_07_RSFB-Phenotyping_WG1_JLU/20251007_143213.jpg,plot_4489d1bc182a788bdae8,wg_insects_t1_bbch10,/home/nfs/data/nvme_datasets/Pictures_CFSB_leaf_damage/2025_10_07_RSFB-Phenotyping_WG1_JLU/2025_10_07_RSFB-Phenotyping_WG1_JLU/20251007_143213.jpg,2.0,2.6478004455566406,2.9918253421783447,0.3440248966217041,0.9918253421783447,0.6478004455566406,gold_only,43,single_rater_weak
2025_10_07_RSFB-Phenotyping_WG1_JLU/2025_10_07_RSFB-Phenotyping_WG1_JLU/20251007_143218.jpg,plot_4489d1bc182a788bdae8,wg_insects_t1_bbch10,/home/nfs/data/nvme_datasets/Pictures_CFSB_leaf_damage/2025_10_07_RSFB-Phenotyping_WG1_JLU/2025_10_07_RSFB-Phenotyping_WG1_JLU/20251007_143218.jpg,2.0,2.602107524871826,2.1521406173706055,-0.4499669075012207,0.15214061737060547,0.6021075248718262,gold_only,43,single_rater_weak
2025_10_07_RSFB-Phenotyping_WG1_JLU/2025_10_07_RSFB-Phenotyping_WG1_JLU/20251007_143224.jpg,plot_4489d1bc182a788bdae8,wg_insects_t1_bbch10,/home/nfs/data/nvme_datasets/Pictures_CFSB_leaf_damage/2025_10_07_RSFB-Phenotyping_WG1_JLU/2025_10_07_RSFB-Phenotyping_WG1_JLU/20251007_143224.jpg,2.0,2.747509002685547,2.5920228958129883,-0.15548604726791382,0.5920228958129883,0.7475090026855469,gold_only,43,single_rater_weak
2025_10_07_RSFB-Phenotyping_WG1_JLU/2025_10_07_RSFB-Phenotyping_WG1_JLU/20251007_143246.jpg,plot_92aa02bf0421f8fae990,wg_insects_t1_bbch10,/home/nfs/data/nvme_datasets/Pictures_CFSB_leaf_damage/2025_10_07_RSFB-Phenotyping_WG1_JLU/2025_10_07_RSFB-Phenotyping_WG1_JLU/20251007_143246.jpg,3.0,3.6768574714660645,4.7137627601623535,1.0369051694869995,1.7137627601623535,0.6768574714660645,gold_only,43,single_rater_weak
2025_10_07_RSFB-Phenotyping_WG1_JLU/2025_10_07_RSFB-Phenotyping_WG1_JLU/20251007_143252.jpg,plot_92aa02bf0421f8fae990,wg_insects_t1_bbch10,/home/nfs/data/nvme_datasets/Pictures_CFSB_leaf_damage/2025_10_07_RSFB-Phenotyping_WG1_JLU/2025_10_07_RSFB-Phenotyping_WG1_JLU/20251007_143252.jpg,3.0,3.1035118103027344,2.478259801864624,-0.6252520084381104,0.521740198135376,0.10351181030273438,gold_only,43,single_rater_weak
2025_10_07_RSFB-Phenotyping_WG1_JLU/2025_10_07_RSFB-Phenotyping_WG1_JLU/20251007_143258.jpg,plot_92aa02bf0421f8fae990,wg_insects_t1_bbch10,/home/nfs/data/nvme_datasets/Pictures_CFSB_leaf_damage/2025_10_07_RSFB-Phenotyping_WG1_JLU/2025_10_07_RSFB-Phenotyping_WG1_JLU/20251007_143258.jpg,4.0,3.5309510231018066,4.103452682495117,0.5725018978118896,0.10345268249511719,0.46904897689819336,gold_only,43,single_rater_weak
2025_10_07_RSFB-Phenotyping_WG1_JLU/2025_10_07_RSFB-Phenotyping_WG1_JLU/20251007_143313.jpg,plot_8c9a840a088e04850988,wg_insects_t1_bbch10,/home/nfs/data/nvme_datasets/Pictures_CFSB_leaf_damage/2025_10_07_RSFB-Phenotyping_WG1_JLU/2025_10_07_RSFB-Phenotyping_WG1_JLU/20251007_143313.jpg,2.0,2.2081522941589355,1.9257097244262695,-0.28244253993034363,0.07429027557373047,0.20815229415893555,gold_only,43,single_rater_weak
2025_10_07_RSFB-Phenotyping_WG1_JLU/2025_10_07_RSFB-Phenotyping_WG1_JLU/20251007_143318.jpg,plot_8c9a840a088e04850988,wg_insects_t1_bbch10,/home/nfs/data/nvme_datasets/Pictures_CFSB_leaf_damage/2025_10_07_RSFB-Phenotyping_WG1_JLU/2025_10_07_RSFB-Phenotyping_WG1_JLU/20251007_143318.jpg,3.0,3.386127471923828,3.341449737548828,-0.0446777418255806,0.3414497375488281,0.3861274719238281,gold_only,43,single_rater_weak
2025_10_07_RSFB-Phenotyping_WG1_JLU/2025_10_07_RSFB-Phenotyping_WG1_JLU/20251007_143324.jpg,plot_8c9a840a088e04850988,wg_insects_t1_bbch10,/home/nfs/data/nvme_datasets/Pictures_CFSB_leaf_damage/2025_10_07_RSFB-Phenotyping_WG1_JLU/2025_10_07_RSFB-Phenotyping_WG1_JLU/20251007_143324.jpg,3.0,3.7553038597106934,3.634751081466675,-0.12055271118879318,0.6347510814666748,0.7553038597106934,gold_only,43,single_rater_weak
2025_10_07_RSFB-Phenotyping_WG1_JLU/2025_10_07_RSFB-Phenotyping_WG1_JLU/20251007_143344.jpg,plot_d9c4eca6240ca33cec8a,wg_insects_t1_bbch10,/home/nfs/data/nvme_datasets/Pictures_CFSB_leaf_damage/2025_10_07_RSFB-Phenotyping_WG1_JLU/2025_10_07_RSFB-Phenotyping_WG1_JLU/20251007_143344.jpg,4.0,4.765888214111328,5.290704250335693,0.52481609582901,1.2907042503356934,0.7658882141113281,gold_only,43,single_rater_weak
2025_10_07_RSFB-Phenotyping_WG1_JLU/2025_10_07_RSFB-Phenotyping_WG1_JLU/20251007_143351.jpg,plot_d9c4eca6240ca33cec8a,wg_insects_t1_bbch10,/home/nfs/data/nvme_datasets/Pictures_CFSB_leaf_damage/2025_10_07_RSFB-Phenotyping_WG1_JLU/2025_10_07_RSFB-Phenotyping_WG1_JLU/20251007_143351.jpg,5.0,3.892948865890503,3.968886613845825,0.07593783736228943,1.0311133861541748,1.107051134109497,gold_only,43,single_rater_weak
2025_10_07_RSFB-Phenotyping_WG1_JLU/2025_10_07_RSFB-Phenotyping_WG1_JLU/20251007_143357.jpg,plot_d9c4eca6240ca33cec8a,wg_insects_t1_bbch10,/home/nfs/data/nvme_datasets/Pictures_CFSB_leaf_damage/2025_10_07_RSFB-Phenotyping_WG1_JLU/2025_10_07_RSFB-Phenotyping_WG1_JLU/20251007_143357.jpg,4.0,7.647010803222656,8.347941398620605,0.7009308338165283,4.3479413986206055,3.6470108032226562,gold_only,43,single_rater_weak
2025_10_07_RSFB-Phenotyping_WG1_JLU/2025_10_07_RSFB-Phenotyping_WG1_JLU/20251007_143413.jpg,plot_391adb2aa68668f865be,wg_insects_t1_bbch10,/home/nfs/data/nvme_datasets/Pictures_CFSB_leaf_damage/2025_10_07_RSFB-Phenotyping_WG1_JLU/2025_10_07_RSFB-Phenotyping_WG1_JLU/20251007_143413.jpg,2.0,2.940983772277832,2.857055425643921,-0.0839284360408783,0.8570554256439209,0.940983772277832,gold_only,43,single_rater_weak
2025_10_07_RSFB-Phenotyping_WG1_JLU/2025_10_07_RSFB-Phenotyping_WG1_JLU/20251007_143419.jpg,plot_391adb2aa68668f865be,wg_insects_t1_bbch10,/home/nfs/data/nvme_datasets/Pictures_CFSB_leaf_damage/2025_10_07_RSFB-Phenotyping_WG1_JLU/2025_10_07_RSFB-Phenotyping_WG1_JLU/20251007_143419.jpg,4.0,3.552058458328247,3.8854527473449707,0.3333943486213684,0.1145472526550293,0.44794154167175293,gold_only,43,single_rater_weak
2025_10_07_RSFB-Phenotyping_WG1_JLU/2025_10_07_RSFB-Phenotyping_WG1_JLU/20251007_143425.jpg,plot_391adb2aa68668f865be,wg_insects_t1_bbch10,/home/nfs/data/nvme_datasets/Pictures_CFSB_leaf_damage/2025_10_07_RSFB-Phenotyping_WG1_JLU/2025_10_07_RSFB-Phenotyping_WG1_JLU/20251007_143425.jpg,6.0,6.280543327331543,6.932974338531494,0.6524310111999512,0.9329743385314941,0.28054332733154297,gold_only,43,single_rater_weak
2025_10_07_RSFB-Phenotyping_WG1_JLU/2025_10_07_RSFB-Phenotyping_WG1_JLU/20251007_143444.jpg,plot_5bfbbcb9288a86fb3a45,wg_insects_t1_bbch10,/home/nfs/data/nvme_datasets/Pictures_CFSB_leaf_damage/2025_10_07_RSFB-Phenotyping_WG1_JLU/2025_10_07_RSFB-Phenotyping_WG1_JLU/20251007_143444.jpg,1.0,2.7218050956726074,2.5418002605438232,-0.18000483512878418,1.5418002605438232,1.7218050956726074,gold_only,43,single_rater_weak
2025_10_07_RSFB-Phenotyping_WG1_JLU/2025_10_07_RSFB-Phenotyping_WG1_JLU/20251007_143450.jpg,plot_5bfbbcb9288a86fb3a45,wg_insects_t1_bbch10,/home/nfs/data/nvme_datasets/Pictures_CFSB_leaf_damage/2025_10_07_RSFB-Phenotyping_WG1_JLU/2025_10_07_RSFB-Phenotyping_WG1_JLU/20251007_143450.jpg,1.0,7.242828369140625,8.255229949951172,1.0124013423919678,7.255229949951172,6.242828369140625,gold_only,43,single_rater_weak
2025_10_07_RSFB-Phenotyping_WG1_JLU/2025_10_07_RSFB-Phenotyping_WG1_JLU/20251007_143456.jpg,plot_5bfbbcb9288a86fb3a45,wg_insects_t1_bbch10,/home/nfs/data/nvme_datasets/Pictures_CFSB_leaf_damage/2025_10_07_RSFB-Phenotyping_WG1_JLU/2025_10_07_RSFB-Phenotyping_WG1_JLU/20251007_143456.jpg,4.0,3.205578327178955,3.0176641941070557,-0.18791404366493225,0.9823358058929443,0.7944216728210449,gold_only,43,single_rater_weak
2025_10_07_RSFB-Phenotyping_WG1_JLU/2025_10_07_RSFB-Phenotyping_WG1_JLU/20251007_143513.jpg,plot_60088a033e41430aba03,wg_insects_t1_bbch10,/home/nfs/data/nvme_datasets/Pictures_CFSB_leaf_damage/2025_10_07_RSFB-Phenotyping_WG1_JLU/2025_10_07_RSFB-Phenotyping_WG1_JLU/20251007_143513.jpg,3.0,5.388516426086426,5.82260799407959,0.434091717004776,2.82260799407959,2.388516426086426,gold_only,43,single_rater_weak
2025_10_07_RSFB-Phenotyping_WG1_JLU/2025_10_07_RSFB-Phenotyping_WG1_JLU/20251007_143518.jpg,plot_60088a033e41430aba03,wg_insects_t1_bbch10,/home/nfs/data/nvme_datasets/Pictures_CFSB_leaf_damage/2025_10_07_RSFB-Phenotyping_WG1_JLU/2025_10_07_RSFB-Phenotyping_WG1_JLU/20251007_143518.jpg,3.0,4.469491004943848,4.253108501434326,-0.21638236939907074,1.2531085014343262,1.4694910049438477,gold_only,43,single_rater_weak
2025_10_07_RSFB-Phenotyping_WG1_JLU/2025_10_07_RSFB-Phenotyping_WG1_JLU/20251007_143526.jpg,plot_60088a033e41430aba03,wg_insects_t1_bbch10,/home/nfs/data/nvme_datasets/Pictures_CFSB_leaf_damage/2025_10_07_RSFB-Phenotyping_WG1_JLU/2025_10_07_RSFB-Phenotyping_WG1_JLU/20251007_143526.jpg,8.0,4.746337890625,5.439632415771484,0.6932944655418396,2.5603675842285156,3.253662109375,gold_only,43,single_rater_weak
2025_10_07_RSFB-Phenotyping_WG1_JLU/2025_10_07_RSFB-Phenotyping_WG1_JLU/20251007_143544.jpg,plot_18802f8a07563d069054,wg_insects_t1_bbch10,/home/nfs/data/nvme_datasets/Pictures_CFSB_leaf_damage/2025_10_07_RSFB-Phenotyping_WG1_JLU/2025_10_07_RSFB-Phenotyping_WG1_JLU/20251007_143544.jpg,2.0,2.549532413482666,2.456507682800293,-0.09302470088005066,0.45650768280029297,0.549532413482666,gold_only,43,single_rater_weak
2025_10_07_RSFB-Phenotyping_WG1_JLU/2025_10_07_RSFB-Phenotyping_WG1_JLU/20251007_143550.jpg,plot_18802f8a07563d069054,wg_insects_t1_bbch10,/home/nfs/data/nvme_datasets/Pictures_CFSB_leaf_damage/2025_10_07_RSFB-Phenotyping_WG1_JLU/2025_10_07_RSFB-Phenotyping_WG1_JLU/20251007_143550.jpg,2.0,4.244100570678711,3.9069650173187256,-0.3371356129646301,1.9069650173187256,2.244100570678711,gold_only,43,single_rater_weak
2025_10_07_RSFB-Phenotyping_WG1_JLU/2025_10_07_RSFB-Phenotyping_WG1_JLU/20251007_143556.jpg,plot_18802f8a07563d069054,wg_insects_t1_bbch10,/home/nfs/data/nvme_datasets/Pictures_CFSB_leaf_damage/2025_10_07_RSFB-Phenotyping_WG1_JLU/2025_10_07_RSFB-Phenotyping_WG1_JLU/20251007_143556.jpg,18.0,2.6145691871643066,3.236438274383545,0.6218690276145935,14.763561248779297,15.385431289672852,gold_only,43,single_rater_weak
2025_10_07_RSFB-Phenotyping_WG1_JLU/2025_10_07_RSFB-Phenotyping_WG1_JLU/20251007_143613.jpg,plot_3e704ac9c25be86e5000,wg_insects_t1_bbch10,/home/nfs/data/nvme_datasets/Pictures_CFSB_leaf_damage/2025_10_07_RSFB-Phenotyping_WG1_JLU/2025_10_07_RSFB-Phenotyping_WG1_JLU/20251007_143613.jpg,7.0,4.4175615310668945,4.287286281585693,-0.13027538359165192,2.7127137184143066,2.5824384689331055,gold_only,43,single_rater_weak
2025_10_07_RSFB-Phenotyping_WG1_JLU/2025_10_07_RSFB-Phenotyping_WG1_JLU/20251007_143619.jpg,plot_3e704ac9c25be86e5000,wg_insects_t1_bbch10,/home/nfs/data/nvme_datasets/Pictures_CFSB_leaf_damage/2025_10_07_RSFB-Phenotyping_WG1_JLU/2025_10_07_RSFB-Phenotyping_WG1_JLU/20251007_143619.jpg,2.0,5.103899002075195,5.339799880981445,0.23590087890625,3.3397998809814453,3.1038990020751953,gold_only,43,single_rater_weak
2025_10_07_RSFB-Phenotyping_WG1_JLU/2025_10_07_RSFB-Phenotyping_WG1_JLU/20251007_143625.jpg,plot_3e704ac9c25be86e5000,wg_insects_t1_bbch10,/home/nfs/data/nvme_datasets/Pictures_CFSB_leaf_damage/2025_10_07_RSFB-Phenotyping_WG1_JLU/2025_10_07_RSFB-Phenotyping_WG1_JLU/20251007_143625.jpg,4.0,7.23110294342041,7.4659905433654785,0.2348875105381012,3.4659905433654785,3.23110294342041,gold_only,43,single_rater_weak
2025_10_07_RSFB-Phenotyping_WG1_JLU/2025_10_07_RSFB-Phenotyping_WG1_JLU/20251007_143642.jpg,plot_1f92e12b123c6375337d,wg_insects_t1_bbch10,/home/nfs/data/nvme_datasets/Pictures_CFSB_leaf_damage/2025_10_07_RSFB-Phenotyping_WG1_JLU/2025_10_07_RSFB-Phenotyping_WG1_JLU/20251007_143642.jpg,1.0,2.482973575592041,1.7472926378250122,-0.7356809377670288,0.7472926378250122,1.482973575592041,gold_only,43,single_rater_weak
2025_10_07_RSFB-Phenotyping_WG1_JLU/2025_10_07_RSFB-Phenotyping_WG1_JLU/20251007_143701.jpg,plot_88fd2236f7a1a108893e,wg_insects_t1_bbch10,/home/nfs/data/nvme_datasets/Pictures_CFSB_leaf_damage/2025_10_07_RSFB-Phenotyping_WG1_JLU/2025_10_07_RSFB-Phenotyping_WG1_JLU/20251007_143701.jpg,3.0,3.3394298553466797,3.3167481422424316,-0.022681791335344315,0.31674814224243164,0.3394298553466797,gold_only,43,single_rater_weak
2025_10_07_RSFB-Phenotyping_WG1_JLU/2025_10_07_RSFB-Phenotyping_WG1_JLU/20251007_143706.jpg,plot_88fd2236f7a1a108893e,wg_insects_t1_bbch10,/home/nfs/data/nvme_datasets/Pictures_CFSB_leaf_damage/2025_10_07_RSFB-Phenotyping_WG1_JLU/2025_10_07_RSFB-Phenotyping_WG1_JLU/20251007_143706.jpg,3.0,4.266393661499023,5.244088172912598,0.9776946306228638,2.2440881729125977,1.2663936614990234,gold_only,43,single_rater_weak
2025_10_07_RSFB-Phenotyping_WG1_JLU/2025_10_07_RSFB-Phenotyping_WG1_JLU/20251007_143738.jpg,plot_32b7cef74e0cccc27d9d,wg_insects_t1_bbch10,/home/nfs/data/nvme_datasets/Pictures_CFSB_leaf_damage/2025_10_07_RSFB-Phenotyping_WG1_JLU/2025_10_07_RSFB-Phenotyping_WG1_JLU/20251007_143738.jpg,1.0,2.6568899154663086,2.332535743713379,-0.3243541419506073,1.332535743713379,1.6568899154663086,gold_only,43,single_rater_weak
2025_10_07_RSFB-Phenotyping_WG1_JLU/2025_10_07_RSFB-Phenotyping_WG1_JLU/20251007_143744.jpg,plot_32b7cef74e0cccc27d9d,wg_insects_t1_bbch10,/home/nfs/data/nvme_datasets/Pictures_CFSB_leaf_damage/2025_10_07_RSFB-Phenotyping_WG1_JLU/2025_10_07_RSFB-Phenotyping_WG1_JLU/20251007_143744.jpg,1.0,2.6358819007873535,2.3829877376556396,-0.25289419293403625,1.3829877376556396,1.6358819007873535,gold_only,43,single_rater_weak
2025_10_07_RSFB-Phenotyping_WG1_JLU/2025_10_07_RSFB-Phenotyping_WG1_JLU/20251007_143750.jpg,plot_32b7cef74e0cccc27d9d,wg_insects_t1_bbch10,/home/nfs/data/nvme_datasets/Pictures_CFSB_leaf_damage/2025_10_07_RSFB-Phenotyping_WG1_JLU/2025_10_07_RSFB-Phenotyping_WG1_JLU/20251007_143750.jpg,4.0,2.466339588165283,2.462531805038452,-0.003807874396443367,1.5374681949615479,1.5336604118347168,gold_only,43,single_rater_weak
2025_10_07_RSFB-Phenotyping_WG1_JLU/2025_10_07_RSFB-Phenotyping_WG1_JLU/20251007_143809.jpg,plot_c7b49d2fec987ad9b86e,wg_insects_t1_bbch10,/home/nfs/data/nvme_datasets/Pictures_CFSB_leaf_damage/2025_10_07_RSFB-Phenotyping_WG1_JLU/2025_10_07_RSFB-Phenotyping_WG1_JLU/20251007_143809.jpg,3.0,5.822906494140625,6.30092191696167,0.4780155122280121,3.30092191696167,2.822906494140625,gold_only,43,single_rater_weak
2025_10_07_RSFB-Phenotyping_WG1_JLU/2025_10_07_RSFB-Phenotyping_WG1_JLU/20251007_143814.jpg,plot_c7b49d2fec987ad9b86e,wg_insects_t1_bbch10,/home/nfs/data/nvme_datasets/Pictures_CFSB_leaf_damage/2025_10_07_RSFB-Phenotyping_WG1_JLU/2025_10_07_RSFB-Phenotyping_WG1_JLU/20251007_143814.jpg,4.0,3.5883538722991943,3.3239872455596924,-0.2643665671348572,0.6760127544403076,0.41164612770080566,gold_only,43,single_rater_weak
2025_10_07_RSFB-Phenotyping_WG1_JLU/2025_10_07_RSFB-Phenotyping_WG1_JLU/20251007_143818.jpg,plot_c7b49d2fec987ad9b86e,wg_insects_t1_bbch10,/home/nfs/data/nvme_datasets/Pictures_CFSB_leaf_damage/2025_10_07_RSFB-Phenotyping_WG1_JLU/2025_10_07_RSFB-Phenotyping_WG1_JLU/20251007_143818.jpg,2.0,3.2667932510375977,3.84687876701355,0.5800855755805969,1.8468787670135498,1.2667932510375977,gold_only,43,single_rater_weak
2025_10_07_RSFB-Phenotyping_WG1_JLU/2025_10_07_RSFB-Phenotyping_WG1_JLU/20251007_143839.jpg,plot_fbb7081233c4126f0b4d,wg_insects_t1_bbch10,/home/nfs/data/nvme_datasets/Pictures_CFSB_leaf_damage/2025_10_07_RSFB-Phenotyping_WG1_JLU/2025_10_07_RSFB-Phenotyping_WG1_JLU/20251007_143839.jpg,4.0,2.4746899604797363,2.4079010486602783,-0.06678882241249084,1.5920989513397217,1.5253100395202637,gold_only,43,single_rater_weak
2025_10_07_RSFB-Phenotyping_WG1_JLU/2025_10_07_RSFB-Phenotyping_WG1_JLU/20251007_143846.jpg,plot_fbb7081233c4126f0b4d,wg_insects_t1_bbch10,/home/nfs/data/nvme_datasets/Pictures_CFSB_leaf_damage/2025_10_07_RSFB-Phenotyping_WG1_JLU/2025_10_07_RSFB-Phenotyping_WG1_JLU/20251007_143846.jpg,4.0,4.020847797393799,3.951695680618286,-0.06915217638015747,0.04830431938171387,0.020847797393798828,gold_only,43,single_rater_weak
2025_10_07_RSFB-Phenotyping_WG1_JLU/2025_10_07_RSFB-Phenotyping_WG1_JLU/20251007_143851.jpg,plot_fbb7081233c4126f0b4d,wg_insects_t1_bbch10,/home/nfs/data/nvme_datasets/Pictures_CFSB_leaf_damage/2025_10_07_RSFB-Phenotyping_WG1_JLU/2025_10_07_RSFB-Phenotyping_WG1_JLU/20251007_143851.jpg,3.0,3.2451295852661133,2.80367112159729,-0.44145840406417847,0.19632887840270996,0.24512958526611328,gold_only,43,single_rater_weak
2025_10_07_RSFB-Phenotyping_WG1_JLU/2025_10_07_RSFB-Phenotyping_WG1_JLU/20251007_143914.jpg,plot_3e96239c85645a495d42,wg_insects_t1_bbch10,/home/nfs/data/nvme_datasets/Pictures_CFSB_leaf_damage/2025_10_07_RSFB-Phenotyping_WG1_JLU/2025_10_07_RSFB-Phenotyping_WG1_JLU/20251007_143914.jpg,3.0,4.42199182510376,5.073563098907471,0.6515710949897766,2.0735630989074707,1.4219918251037598,gold_only,43,single_rater_weak
2025_10_07_RSFB-Phenotyping_WG1_JLU/2025_10_07_RSFB-Phenotyping_WG1_JLU/20251007_143919.jpg,plot_3e96239c85645a495d42,wg_insects_t1_bbch10,/home/nfs/data/nvme_datasets/Pictures_CFSB_leaf_damage/2025_10_07_RSFB-Phenotyping_WG1_JLU/2025_10_07_RSFB-Phenotyping_WG1_JLU/20251007_143919.jpg,2.0,3.301995277404785,3.0566842555999756,-0.24531112611293793,1.0566842555999756,1.3019952774047852,gold_only,43,single_rater_weak
2025_10_07_RSFB-Phenotyping_WG1_JLU/2025_10_07_RSFB-Phenotyping_WG1_JLU/20251007_143924.jpg,plot_3e96239c85645a495d42,wg_insects_t1_bbch10,/home/nfs/data/nvme_datasets/Pictures_CFSB_leaf_damage/2025_10_07_RSFB-Phenotyping_WG1_JLU/2025_10_07_RSFB-Phenotyping_WG1_JLU/20251007_143924.jpg,2.0,4.284678936004639,4.453487396240234,0.16880826652050018,2.4534873962402344,2.2846789360046387,gold_only,43,single_rater_weak
2025_10_07_RSFB-Phenotyping_WG1_JLU/2025_10_07_RSFB-Phenotyping_WG1_JLU/20251007_143941.jpg,plot_1ea7a92cf3f391fc084c,wg_insects_t1_bbch10,/home/nfs/data/nvme_datasets/Pictures_CFSB_leaf_damage/2025_10_07_RSFB-Phenotyping_WG1_JLU/2025_10_07_RSFB-Phenotyping_WG1_JLU/20251007_143941.jpg,2.0,2.373784065246582,2.8255882263183594,0.4518040716648102,0.8255882263183594,0.37378406524658203,gold_only,43,single_rater_weak
2025_10_07_RSFB-Phenotyping_WG1_JLU/2025_10_07_RSFB-Phenotyping_WG1_JLU/20251007_143947.jpg,plot_1ea7a92cf3f391fc084c,wg_insects_t1_bbch10,/home/nfs/data/nvme_datasets/Pictures_CFSB_leaf_damage/2025_10_07_RSFB-Phenotyping_WG1_JLU/2025_10_07_RSFB-Phenotyping_WG1_JLU/20251007_143947.jpg,6.0,3.808974266052246,3.6995575428009033,-0.10941663384437561,2.3004424571990967,2.191025733947754,gold_only,43,single_rater_weak
2025_10_07_RSFB-Phenotyping_WG1_JLU/2025_10_07_RSFB-Phenotyping_WG1_JLU/20251007_143954.jpg,plot_1ea7a92cf3f391fc084c,wg_insects_t1_bbch10,/home/nfs/data/nvme_datasets/Pictures_CFSB_leaf_damage/2025_10_07_RSFB-Phenotyping_WG1_JLU/2025_10_07_RSFB-Phenotyping_WG1_JLU/20251007_143954.jpg,4.0,3.379533529281616,3.1510324478149414,-0.22850097715854645,0.8489675521850586,0.6204664707183838,gold_only,43,single_rater_weak
2025_10_07_RSFB-Phenotyping_WG1_JLU/2025_10_07_RSFB-Phenotyping_WG1_JLU/20251007_144009.jpg,plot_35ccfc047f622070e5b1,wg_insects_t1_bbch10,/home/nfs/data/nvme_datasets/Pictures_CFSB_leaf_damage/2025_10_07_RSFB-Phenotyping_WG1_JLU/2025_10_07_RSFB-Phenotyping_WG1_JLU/20251007_144009.jpg,3.0,3.680940628051758,3.7907848358154297,0.10984422266483307,0.7907848358154297,0.6809406280517578,gold_only,43,single_rater_weak
2025_10_07_RSFB-Phenotyping_WG1_JLU/2025_10_07_RSFB-Phenotyping_WG1_JLU/20251007_144015.jpg,plot_35ccfc047f622070e5b1,wg_insects_t1_bbch10,/home/nfs/data/nvme_datasets/Pictures_CFSB_leaf_damage/2025_10_07_RSFB-Phenotyping_WG1_JLU/2025_10_07_RSFB-Phenotyping_WG1_JLU/20251007_144015.jpg,3.0,4.385697364807129,4.356627464294434,-0.02907002530992031,1.3566274642944336,1.385697364807129,gold_only,43,single_rater_weak
2025_10_07_RSFB-Phenotyping_WG1_JLU/2025_10_07_RSFB-Phenotyping_WG1_JLU/20251007_144020.jpg,plot_35ccfc047f622070e5b1,wg_insects_t1_bbch10,/home/nfs/data/nvme_datasets/Pictures_CFSB_leaf_damage/2025_10_07_RSFB-Phenotyping_WG1_JLU/2025_10_07_RSFB-Phenotyping_WG1_JLU/20251007_144020.jpg,4.0,3.6901652812957764,4.193817138671875,0.5036517381668091,0.193817138671875,0.30983471870422363,gold_only,43,single_rater_weak
2025_10_07_RSFB-Phenotyping_WG1_JLU/2025_10_07_RSFB-Phenotyping_WG1_JLU/20251007_144035.jpg,plot_be5e56e3541d2f83bd4d,wg_insects_t1_bbch10,/home/nfs/data/nvme_datasets/Pictures_CFSB_leaf_damage/2025_10_07_RSFB-Phenotyping_WG1_JLU/2025_10_07_RSFB-Phenotyping_WG1_JLU/20251007_144035.jpg,3.0,2.937424659729004,3.636348247528076,0.6989235877990723,0.6363482475280762,0.0625753402709961,gold_only,43,single_rater_weak
2025_10_07_RSFB-Phenotyping_WG1_JLU/2025_10_07_RSFB-Phenotyping_WG1_JLU/20251007_144040.jpg,plot_ef4270733417aaaa51b7,wg_insects_t1_bbch10,/home/nfs/data/nvme_datasets/Pictures_CFSB_leaf_damage/2025_10_07_RSFB-Phenotyping_WG1_JLU/2025_10_07_RSFB-Phenotyping_WG1_JLU/20251007_144040.jpg,4.0,3.2791848182678223,3.169485330581665,-0.10969957709312439,0.830514669418335,0.7208151817321777,gold_only,43,single_rater_weak
2025_10_07_RSFB-Phenotyping_WG1_JLU/2025_10_07_RSFB-Phenotyping_WG1_JLU/20251007_144045.jpg,plot_ef4270733417aaaa51b7,wg_insects_t1_bbch10,/home/nfs/data/nvme_datasets/Pictures_CFSB_leaf_damage/2025_10_07_RSFB-Phenotyping_WG1_JLU/2025_10_07_RSFB-Phenotyping_WG1_JLU/20251007_144045.jpg,4.0,2.5104732513427734,2.4143714904785156,-0.09610169380903244,1.5856285095214844,1.4895267486572266,gold_only,43,single_rater_weak
2025_10_07_RSFB-Phenotyping_WG1_JLU/2025_10_07_RSFB-Phenotyping_WG1_JLU/20251007_144102.jpg,plot_f41fa6fd5e51ae6e677c,wg_insects_t1_bbch10,/home/nfs/data/nvme_datasets/Pictures_CFSB_leaf_damage/2025_10_07_RSFB-Phenotyping_WG1_JLU/2025_10_07_RSFB-Phenotyping_WG1_JLU/20251007_144102.jpg,2.0,2.5030274391174316,2.7798657417297363,0.27683818340301514,0.7798657417297363,0.5030274391174316,gold_only,43,single_rater_weak
2025_10_07_RSFB-Phenotyping_WG1_JLU/2025_10_07_RSFB-Phenotyping_WG1_JLU/20251007_144108.jpg,plot_f41fa6fd5e51ae6e677c,wg_insects_t1_bbch10,/home/nfs/data/nvme_datasets/Pictures_CFSB_leaf_damage/2025_10_07_RSFB-Phenotyping_WG1_JLU/2025_10_07_RSFB-Phenotyping_WG1_JLU/20251007_144108.jpg,3.0,4.065561294555664,4.739499568939209,0.6739383935928345,1.739499568939209,1.065561294555664,gold_only,43,single_rater_weak
2025_10_07_RSFB-Phenotyping_WG1_JLU/2025_10_07_RSFB-Phenotyping_WG1_JLU/20251007_144114.jpg,plot_f41fa6fd5e51ae6e677c,wg_insects_t1_bbch10,/home/nfs/data/nvme_datasets/Pictures_CFSB_leaf_damage/2025_10_07_RSFB-Phenotyping_WG1_JLU/2025_10_07_RSFB-Phenotyping_WG1_JLU/20251007_144114.jpg,2.0,3.283130645751953,4.076925754547119,0.7937950491905212,2.076925754547119,1.2831306457519531,gold_only,43,single_rater_weak
2025_10_07_RSFB-Phenotyping_WG1_JLU/2025_10_07_RSFB-Phenotyping_WG1_JLU/20251007_144129.jpg,plot_5bc52303129c2b7f74af,wg_insects_t1_bbch10,/home/nfs/data/nvme_datasets/Pictures_CFSB_leaf_damage/2025_10_07_RSFB-Phenotyping_WG1_JLU/2025_10_07_RSFB-Phenotyping_WG1_JLU/20251007_144129.jpg,1.0,2.018709182739258,2.1622300148010254,0.14352071285247803,1.1622300148010254,1.0187091827392578,gold_only,43,single_rater_weak
2025_10_07_RSFB-Phenotyping_WG1_JLU/2025_10_07_RSFB-Phenotyping_WG1_JLU/20251007_144136.jpg,plot_5bc52303129c2b7f74af,wg_insects_t1_bbch10,/home/nfs/data/nvme_datasets/Pictures_CFSB_leaf_damage/2025_10_07_RSFB-Phenotyping_WG1_JLU/2025_10_07_RSFB-Phenotyping_WG1_JLU/20251007_144136.jpg,6.0,3.6740384101867676,3.44230580329895,-0.231732577085495,2.55769419670105,2.3259615898132324,gold_only,43,single_rater_weak
2025_10_07_RSFB-Phenotyping_WG1_JLU/2025_10_07_RSFB-Phenotyping_WG1_JLU/20251007_144140.jpg,plot_5bc52303129c2b7f74af,wg_insects_t1_bbch10,/home/nfs/data/nvme_datasets/Pictures_CFSB_leaf_damage/2025_10_07_RSFB-Phenotyping_WG1_JLU/2025_10_07_RSFB-Phenotyping_WG1_JLU/20251007_144140.jpg,2.0,2.3531298637390137,1.8708751201629639,-0.4822548031806946,0.12912487983703613,0.35312986373901367,gold_only,43,single_rater_weak
2025_10_07_RSFB-Phenotyping_WG1_JLU/2025_10_07_RSFB-Phenotyping_WG1_JLU/20251007_144203.jpg,plot_9a80778513194653de06,wg_insects_t1_bbch10,/home/nfs/data/nvme_datasets/Pictures_CFSB_leaf_damage/2025_10_07_RSFB-Phenotyping_WG1_JLU/2025_10_07_RSFB-Phenotyping_WG1_JLU/20251007_144203.jpg,2.0,3.8180315494537354,3.993518829345703,0.17548726499080658,1.9935188293457031,1.8180315494537354,gold_only,43,single_rater_weak
2025_10_07_RSFB-Phenotyping_WG1_JLU/2025_10_07_RSFB-Phenotyping_WG1_JLU/20251007_144208.jpg,plot_9a80778513194653de06,wg_insects_t1_bbch10,/home/nfs/data/nvme_datasets/Pictures_CFSB_leaf_damage/2025_10_07_RSFB-Phenotyping_WG1_JLU/2025_10_07_RSFB-Phenotyping_WG1_JLU/20251007_144208.jpg,3.0,4.712941646575928,5.141490936279297,0.42854905128479004,2.141490936279297,1.7129416465759277,gold_only,43,single_rater_weak
2025_10_07_RSFB-Phenotyping_WG1_JLU/2025_10_07_RSFB-Phenotyping_WG1_JLU/20251007_144213.jpg,plot_9a80778513194653de06,wg_insects_t1_bbch10,/home/nfs/data/nvme_datasets/Pictures_CFSB_leaf_damage/2025_10_07_RSFB-Phenotyping_WG1_JLU/2025_10_07_RSFB-Phenotyping_WG1_JLU/20251007_144213.jpg,2.0,3.73311448097229,4.089547634124756,0.35643336176872253,2.089547634124756,1.73311448097229,gold_only,43,single_rater_weak
2025_10_07_RSFB-Phenotyping_WG1_JLU/2025_10_07_RSFB-Phenotyping_WG1_JLU/20251007_144232.jpg,plot_98de263707cba984cc00,wg_insects_t1_bbch10,/home/nfs/data/nvme_datasets/Pictures_CFSB_leaf_damage/2025_10_07_RSFB-Phenotyping_WG1_JLU/2025_10_07_RSFB-Phenotyping_WG1_JLU/20251007_144232.jpg,4.0,3.864408016204834,3.9880611896514893,0.12365315109491348,0.011938810348510742,0.13559198379516602,gold_only,43,single_rater_weak
2025_10_07_RSFB-Phenotyping_WG1_JLU/2025_10_07_RSFB-Phenotyping_WG1_JLU/20251007_144238.jpg,plot_98de263707cba984cc00,wg_insects_t1_bbch10,/home/nfs/data/nvme_datasets/Pictures_CFSB_leaf_damage/2025_10_07_RSFB-Phenotyping_WG1_JLU/2025_10_07_RSFB-Phenotyping_WG1_JLU/20251007_144238.jpg,6.0,8.505911827087402,8.538320541381836,0.03240910917520523,2.538320541381836,2.5059118270874023,gold_only,43,single_rater_weak
2025_10_07_RSFB-Phenotyping_WG1_JLU/2025_10_07_RSFB-Phenotyping_WG1_JLU/20251007_144243.jpg,plot_98de263707cba984cc00,wg_insects_t1_bbch10,/home/nfs/data/nvme_datasets/Pictures_CFSB_leaf_damage/2025_10_07_RSFB-Phenotyping_WG1_JLU/2025_10_07_RSFB-Phenotyping_WG1_JLU/20251007_144243.jpg,2.0,3.610452175140381,3.685835361480713,0.07538317888975143,1.685835361480713,1.6104521751403809,gold_only,43,single_rater_weak
2025_10_07_RSFB-Phenotyping_WG1_JLU/2025_10_07_RSFB-Phenotyping_WG1_JLU/20251007_144310.jpg,plot_319432c7fd0185a0c43a,wg_insects_t1_bbch10,/home/nfs/data/nvme_datasets/Pictures_CFSB_leaf_damage/2025_10_07_RSFB-Phenotyping_WG1_JLU/2025_10_07_RSFB-Phenotyping_WG1_JLU/20251007_144310.jpg,3.0,3.412822723388672,4.369399070739746,0.9565765857696533,1.369399070739746,0.4128227233886719,gold_only,43,single_rater_weak
2025_10_07_RSFB-Phenotyping_WG1_JLU/2025_10_07_RSFB-Phenotyping_WG1_JLU/20251007_144318.jpg,plot_319432c7fd0185a0c43a,wg_insects_t1_bbch10,/home/nfs/data/nvme_datasets/Pictures_CFSB_leaf_damage/2025_10_07_RSFB-Phenotyping_WG1_JLU/2025_10_07_RSFB-Phenotyping_WG1_JLU/20251007_144318.jpg,4.0,3.421172618865967,4.013788223266602,0.5926158428192139,0.013788223266601562,0.5788273811340332,gold_only,43,single_rater_weak
2025_10_07_RSFB-Phenotyping_WG1_JLU/2025_10_07_RSFB-Phenotyping_WG1_JLU/20251007_144323.jpg,plot_319432c7fd0185a0c43a,wg_insects_t1_bbch10,/home/nfs/data/nvme_datasets/Pictures_CFSB_leaf_damage/2025_10_07_RSFB-Phenotyping_WG1_JLU/2025_10_07_RSFB-Phenotyping_WG1_JLU/20251007_144323.jpg,3.0,2.8891639709472656,3.8164775371551514,0.9273135662078857,0.8164775371551514,0.11083602905273438,gold_only,43,single_rater_weak
2025_10_07_RSFB-Phenotyping_WG1_JLU/2025_10_07_RSFB-Phenotyping_WG1_JLU/20251007_144339.jpg,plot_aa887eb46849a0600b10,wg_insects_t1_bbch10,/home/nfs/data/nvme_datasets/Pictures_CFSB_leaf_damage/2025_10_07_RSFB-Phenotyping_WG1_JLU/2025_10_07_RSFB-Phenotyping_WG1_JLU/20251007_144339.jpg,7.0,5.239424705505371,5.437848091125488,0.19842344522476196,1.5621519088745117,1.760575294494629,gold_only,43,single_rater_weak
2025_10_07_RSFB-Phenotyping_WG1_JLU/2025_10_07_RSFB-Phenotyping_WG1_JLU/20251007_144345.jpg,plot_aa887eb46849a0600b10,wg_insects_t1_bbch10,/home/nfs/data/nvme_datasets/Pictures_CFSB_leaf_damage/2025_10_07_RSFB-Phenotyping_WG1_JLU/2025_10_07_RSFB-Phenotyping_WG1_JLU/20251007_144345.jpg,4.0,3.8127779960632324,3.499603509902954,-0.3131745755672455,0.5003964900970459,0.18722200393676758,gold_only,43,single_rater_weak
2025_10_07_RSFB-Phenotyping_WG1_JLU/2025_10_07_RSFB-Phenotyping_WG1_JLU/20251007_144349.jpg,plot_aa887eb46849a0600b10,wg_insects_t1_bbch10,/home/nfs/data/nvme_datasets/Pictures_CFSB_leaf_damage/2025_10_07_RSFB-Phenotyping_WG1_JLU/2025_10_07_RSFB-Phenotyping_WG1_JLU/20251007_144349.jpg,13.0,3.781639814376831,3.6699047088623047,-0.11173512786626816,9.330095291137695,9.21835994720459,gold_only,43,single_rater_weak
2025_10_07_RSFB-Phenotyping_WG1_JLU/2025_10_07_RSFB-Phenotyping_WG1_JLU/20251007_152817.jpg,plot_fb8da9d0d63721abfc66,wg_insects_t1_bbch10,/home/nfs/data/nvme_datasets/Pictures_CFSB_leaf_damage/2025_10_07_RSFB-Phenotyping_WG1_JLU/2025_10_07_RSFB-Phenotyping_WG1_JLU/20251007_152817.jpg,15.0,3.9503750801086426,4.244412899017334,0.294037789106369,10.755586624145508,11.049625396728516,gold_only,43,single_rater_weak
2025_10_07_RSFB-Phenotyping_WG1_JLU/2025_10_07_RSFB-Phenotyping_WG1_JLU/20251007_152822.jpg,plot_fb8da9d0d63721abfc66,wg_insects_t1_bbch10,/home/nfs/data/nvme_datasets/Pictures_CFSB_leaf_damage/2025_10_07_RSFB-Phenotyping_WG1_JLU/2025_10_07_RSFB-Phenotyping_WG1_JLU/20251007_152822.jpg,13.0,3.042973041534424,2.696989059448242,-0.3459838628768921,10.303010940551758,9.957027435302734,gold_only,43,single_rater_weak
2025_10_07_RSFB-Phenotyping_WG1_JLU/2025_10_07_RSFB-Phenotyping_WG1_JLU/20251007_152829.jpg,plot_fb8da9d0d63721abfc66,wg_insects_t1_bbch10,/home/nfs/data/nvme_datasets/Pictures_CFSB_leaf_damage/2025_10_07_RSFB-Phenotyping_WG1_JLU/2025_10_07_RSFB-Phenotyping_WG1_JLU/20251007_152829.jpg,8.0,3.0607433319091797,3.795625686645508,0.7348824739456177,4.204374313354492,4.93925666809082,gold_only,43,single_rater_weak
2025_10_07_RSFB-Phenotyping_WG1_JLU/2025_10_07_RSFB-Phenotyping_WG1_JLU/20251007_152848.jpg,plot_31bf08ef46ae88fcb269,wg_insects_t1_bbch10,/home/nfs/data/nvme_datasets/Pictures_CFSB_leaf_damage/2025_10_07_RSFB-Phenotyping_WG1_JLU/2025_10_07_RSFB-Phenotyping_WG1_JLU/20251007_152848.jpg,12.0,4.387125492095947,4.225896835327148,-0.1612287014722824,7.774103164672852,7.612874507904053,gold_only,43,single_rater_weak
2025_10_07_RSFB-Phenotyping_WG1_JLU/2025_10_07_RSFB-Phenotyping_WG1_JLU/20251007_152855.jpg,plot_31bf08ef46ae88fcb269,wg_insects_t1_bbch10,/home/nfs/data/nvme_datasets/Pictures_CFSB_leaf_damage/2025_10_07_RSFB-Phenotyping_WG1_JLU/2025_10_07_RSFB-Phenotyping_WG1_JLU/20251007_152855.jpg,6.0,3.352342128753662,3.0482535362243652,-0.30408865213394165,2.9517464637756348,2.647657871246338,gold_only,43,single_rater_weak
2025_10_07_RSFB-Phenotyping_WG1_JLU/2025_10_07_RSFB-Phenotyping_WG1_JLU/20251007_152900.jpg,plot_31bf08ef46ae88fcb269,wg_insects_t1_bbch10,/home/nfs/data/nvme_datasets/Pictures_CFSB_leaf_damage/2025_10_07_RSFB-Phenotyping_WG1_JLU/2025_10_07_RSFB-Phenotyping_WG1_JLU/20251007_152900.jpg,18.0,6.008127212524414,6.469806671142578,0.4616796374320984,11.530193328857422,11.991872787475586,gold_only,43,single_rater_weak
2025_10_07_RSFB-Phenotyping_WG1_JLU/2025_10_07_RSFB-Phenotyping_WG1_JLU/20251007_152915.jpg,plot_023d6085c595be00fd36,wg_insects_t1_bbch10,/home/nfs/data/nvme_datasets/Pictures_CFSB_leaf_damage/2025_10_07_RSFB-Phenotyping_WG1_JLU/2025_10_07_RSFB-Phenotyping_WG1_JLU/20251007_152915.jpg,2.0,1.8276519775390625,2.6936569213867188,0.8660048842430115,0.6936569213867188,0.1723480224609375,gold_only,43,single_rater_weak
2025_10_07_RSFB-Phenotyping_WG1_JLU/2025_10_07_RSFB-Phenotyping_WG1_JLU/20251007_152920.jpg,plot_023d6085c595be00fd36,wg_insects_t1_bbch10,/home/nfs/data/nvme_datasets/Pictures_CFSB_leaf_damage/2025_10_07_RSFB-Phenotyping_WG1_JLU/2025_10_07_RSFB-Phenotyping_WG1_JLU/20251007_152920.jpg,5.0,2.7741007804870605,2.588233232498169,-0.18586763739585876,2.411766767501831,2.2258992195129395,gold_only,43,single_rater_weak
2025_10_07_RSFB-Phenotyping_WG1_JLU/2025_10_07_RSFB-Phenotyping_WG1_JLU/20251007_152927.jpg,plot_023d6085c595be00fd36,wg_insects_t1_bbch10,/home/nfs/data/nvme_datasets/Pictures_CFSB_leaf_damage/2025_10_07_RSFB-Phenotyping_WG1_JLU/2025_10_07_RSFB-Phenotyping_WG1_JLU/20251007_152927.jpg,3.0,3.3548178672790527,3.1730101108551025,-0.18180769681930542,0.17301011085510254,0.35481786727905273,gold_only,43,single_rater_weak
2025_10_07_RSFB-Phenotyping_WG1_JLU/2025_10_07_RSFB-Phenotyping_WG1_JLU/20251007_152943.jpg,plot_fcda3dcbba709e985c4c,wg_insects_t1_bbch10,/home/nfs/data/nvme_datasets/Pictures_CFSB_leaf_damage/2025_10_07_RSFB-Phenotyping_WG1_JLU/2025_10_07_RSFB-Phenotyping_WG1_JLU/20251007_152943.jpg,2.0,3.1848273277282715,3.0676259994506836,-0.11720128357410431,1.0676259994506836,1.1848273277282715,gold_only,43,single_rater_weak
2025_10_07_RSFB-Phenotyping_WG1_JLU/2025_10_07_RSFB-Phenotyping_WG1_JLU/20251007_152950.jpg,plot_fcda3dcbba709e985c4c,wg_insects_t1_bbch10,/home/nfs/data/nvme_datasets/Pictures_CFSB_leaf_damage/2025_10_07_RSFB-Phenotyping_WG1_JLU/2025_10_07_RSFB-Phenotyping_WG1_JLU/20251007_152950.jpg,2.0,2.9087095260620117,3.457866907119751,0.5491573214530945,1.457866907119751,0.9087095260620117,gold_only,43,single_rater_weak
2025_10_07_RSFB-Phenotyping_WG1_JLU/2025_10_07_RSFB-Phenotyping_WG1_JLU/20251007_152957.jpg,plot_fcda3dcbba709e985c4c,wg_insects_t1_bbch10,/home/nfs/data/nvme_datasets/Pictures_CFSB_leaf_damage/2025_10_07_RSFB-Phenotyping_WG1_JLU/2025_10_07_RSFB-Phenotyping_WG1_JLU/20251007_152957.jpg,4.0,3.43560528755188,3.7747113704681396,0.33910614252090454,0.22528862953186035,0.5643947124481201,gold_only,43,single_rater_weak
2025_10_07_RSFB-Phenotyping_WG1_JLU/2025_10_07_RSFB-Phenotyping_WG1_JLU/20251007_153023.jpg,plot_0e581537fa6e88cf3ab6,wg_insects_t1_bbch10,/home/nfs/data/nvme_datasets/Pictures_CFSB_leaf_damage/2025_10_07_RSFB-Phenotyping_WG1_JLU/2025_10_07_RSFB-Phenotyping_WG1_JLU/20251007_153023.jpg,5.0,4.314471244812012,5.002886772155762,0.6884152889251709,0.0028867721557617188,0.6855287551879883,gold_only,43,single_rater_weak
2025_10_07_RSFB-Phenotyping_WG1_JLU/2025_10_07_RSFB-Phenotyping_WG1_JLU/20251007_153029.jpg,plot_0e581537fa6e88cf3ab6,wg_insects_t1_bbch10,/home/nfs/data/nvme_datasets/Pictures_CFSB_leaf_damage/2025_10_07_RSFB-Phenotyping_WG1_JLU/2025_10_07_RSFB-Phenotyping_WG1_JLU/20251007_153029.jpg,5.0,4.221285820007324,4.1223626136779785,-0.09892338514328003,0.8776373863220215,0.7787141799926758,gold_only,43,single_rater_weak
2025_10_07_RSFB-Phenotyping_WG1_JLU/2025_10_07_RSFB-Phenotyping_WG1_JLU/20251007_153034.jpg,plot_0e581537fa6e88cf3ab6,wg_insects_t1_bbch10,/home/nfs/data/nvme_datasets/Pictures_CFSB_leaf_damage/2025_10_07_RSFB-Phenotyping_WG1_JLU/2025_10_07_RSFB-Phenotyping_WG1_JLU/20251007_153034.jpg,4.0,3.9809694290161133,4.138308048248291,0.15733855962753296,0.13830804824829102,0.01903057098388672,gold_only,43,single_rater_weak
2025_10_07_RSFB-Phenotyping_WG1_JLU/2025_10_07_RSFB-Phenotyping_WG1_JLU/20251007_153107.jpg,plot_6d174de4d118fe49cb3a,wg_insects_t1_bbch10,/home/nfs/data/nvme_datasets/Pictures_CFSB_leaf_damage/2025_10_07_RSFB-Phenotyping_WG1_JLU/2025_10_07_RSFB-Phenotyping_WG1_JLU/20251007_153107.jpg,13.0,3.5068955421447754,4.251174449920654,0.7442790865898132,8.748825073242188,9.493104934692383,gold_only,43,single_rater_weak
2025_10_07_RSFB-Phenotyping_WG1_JLU/2025_10_07_RSFB-Phenotyping_WG1_JLU/20251007_153113.jpg,plot_6d174de4d118fe49cb3a,wg_insects_t1_bbch10,/home/nfs/data/nvme_datasets/Pictures_CFSB_leaf_damage/2025_10_07_RSFB-Phenotyping_WG1_JLU/2025_10_07_RSFB-Phenotyping_WG1_JLU/20251007_153113.jpg,7.0,5.460137367248535,6.163203239440918,0.7030656933784485,0.836796760559082,1.5398626327514648,gold_only,43,single_rater_weak
2025_10_07_RSFB-Phenotyping_WG1_JLU/2025_10_07_RSFB-Phenotyping_WG1_JLU/20251007_153119.jpg,plot_6d174de4d118fe49cb3a,wg_insects_t1_bbch10,/home/nfs/data/nvme_datasets/Pictures_CFSB_leaf_damage/2025_10_07_RSFB-Phenotyping_WG1_JLU/2025_10_07_RSFB-Phenotyping_WG1_JLU/20251007_153119.jpg,8.0,6.27034854888916,7.89516019821167,1.6248116493225098,0.10483980178833008,1.7296514511108398,gold_only,43,single_rater_weak
2025_10_07_RSFB-Phenotyping_WG1_JLU/2025_10_07_RSFB-Phenotyping_WG1_JLU/20251007_153132.jpg,plot_697daa59a67a19cf0be3,wg_insects_t1_bbch10,/home/nfs/data/nvme_datasets/Pictures_CFSB_leaf_damage/2025_10_07_RSFB-Phenotyping_WG1_JLU/2025_10_07_RSFB-Phenotyping_WG1_JLU/20251007_153132.jpg,2.0,3.0047178268432617,2.7362465858459473,-0.26847124099731445,0.7362465858459473,1.0047178268432617,gold_only,43,single_rater_weak
2025_10_07_RSFB-Phenotyping_WG1_JLU/2025_10_07_RSFB-Phenotyping_WG1_JLU/20251007_153138.jpg,plot_697daa59a67a19cf0be3,wg_insects_t1_bbch10,/home/nfs/data/nvme_datasets/Pictures_CFSB_leaf_damage/2025_10_07_RSFB-Phenotyping_WG1_JLU/2025_10_07_RSFB-Phenotyping_WG1_JLU/20251007_153138.jpg,4.0,4.276381969451904,4.257436275482178,-0.018945464864373207,0.25743627548217773,0.2763819694519043,gold_only,43,single_rater_weak
2025_10_07_RSFB-Phenotyping_WG1_JLU/2025_10_07_RSFB-Phenotyping_WG1_JLU/20251007_153143.jpg,plot_697daa59a67a19cf0be3,wg_insects_t1_bbch10,/home/nfs/data/nvme_datasets/Pictures_CFSB_leaf_damage/2025_10_07_RSFB-Phenotyping_WG1_JLU/2025_10_07_RSFB-Phenotyping_WG1_JLU/20251007_153143.jpg,3.0,5.105151176452637,6.0891642570495605,0.9840131998062134,3.0891642570495605,2.1051511764526367,gold_only,43,single_rater_weak
2025_10_07_RSFB-Phenotyping_WG1_JLU/2025_10_07_RSFB-Phenotyping_WG1_JLU/20251007_153201.jpg,plot_90dc4db5d083d59f935d,wg_insects_t1_bbch10,/home/nfs/data/nvme_datasets/Pictures_CFSB_leaf_damage/2025_10_07_RSFB-Phenotyping_WG1_JLU/2025_10_07_RSFB-Phenotyping_WG1_JLU/20251007_153201.jpg,6.0,5.904333591461182,6.339272499084473,0.4349386692047119,0.33927249908447266,0.09566640853881836,gold_only,43,single_rater_weak
2025_10_07_RSFB-Phenotyping_WG1_JLU/2025_10_07_RSFB-Phenotyping_WG1_JLU/20251007_153206.jpg,plot_90dc4db5d083d59f935d,wg_insects_t1_bbch10,/home/nfs/data/nvme_datasets/Pictures_CFSB_leaf_damage/2025_10_07_RSFB-Phenotyping_WG1_JLU/2025_10_07_RSFB-Phenotyping_WG1_JLU/20251007_153206.jpg,6.0,3.125782012939453,3.7949790954589844,0.669197142124176,2.2050209045410156,2.874217987060547,gold_only,43,single_rater_weak
2025_10_07_RSFB-Phenotyping_WG1_JLU/2025_10_07_RSFB-Phenotyping_WG1_JLU/20251007_153211.jpg,plot_90dc4db5d083d59f935d,wg_insects_t1_bbch10,/home/nfs/data/nvme_datasets/Pictures_CFSB_leaf_damage/2025_10_07_RSFB-Phenotyping_WG1_JLU/2025_10_07_RSFB-Phenotyping_WG1_JLU/20251007_153211.jpg,15.0,5.703639984130859,6.3501152992248535,0.6464754939079285,8.649885177612305,9.29636001586914,gold_only,43,single_rater_weak
2025_10_07_RSFB-Phenotyping_WG1_JLU/2025_10_07_RSFB-Phenotyping_WG1_JLU/20251007_153228.jpg,plot_b36552db6b92d609e70b,wg_insects_t1_bbch10,/home/nfs/data/nvme_datasets/Pictures_CFSB_leaf_damage/2025_10_07_RSFB-Phenotyping_WG1_JLU/2025_10_07_RSFB-Phenotyping_WG1_JLU/20251007_153228.jpg,6.0,7.047576427459717,7.37416410446167,0.3265876770019531,1.37416410446167,1.0475764274597168,gold_only,43,single_rater_weak
2025_10_07_RSFB-Phenotyping_WG1_JLU/2025_10_07_RSFB-Phenotyping_WG1_JLU/20251007_153233.jpg,plot_b36552db6b92d609e70b,wg_insects_t1_bbch10,/home/nfs/data/nvme_datasets/Pictures_CFSB_leaf_damage/2025_10_07_RSFB-Phenotyping_WG1_JLU/2025_10_07_RSFB-Phenotyping_WG1_JLU/20251007_153233.jpg,7.0,4.523519515991211,4.554219722747803,0.03070005215704441,2.4457802772521973,2.476480484008789,gold_only,43,single_rater_weak
2025_10_07_RSFB-Phenotyping_WG1_JLU/2025_10_07_RSFB-Phenotyping_WG1_JLU/20251007_153238.jpg,plot_b36552db6b92d609e70b,wg_insects_t1_bbch10,/home/nfs/data/nvme_datasets/Pictures_CFSB_leaf_damage/2025_10_07_RSFB-Phenotyping_WG1_JLU/2025_10_07_RSFB-Phenotyping_WG1_JLU/20251007_153238.jpg,14.0,9.113356590270996,9.349618911743164,0.23626214265823364,4.650381088256836,4.886643409729004,gold_only,43,single_rater_weak
2025_10_07_RSFB-Phenotyping_WG1_JLU/2025_10_07_RSFB-Phenotyping_WG1_JLU/20251007_153254.jpg,plot_f590de6904e8d9e8ccc1,wg_insects_t1_bbch10,/home/nfs/data/nvme_datasets/Pictures_CFSB_leaf_damage/2025_10_07_RSFB-Phenotyping_WG1_JLU/2025_10_07_RSFB-Phenotyping_WG1_JLU/20251007_153254.jpg,3.0,2.102419853210449,2.6807022094726562,0.5782824158668518,0.31929779052734375,0.8975801467895508,gold_only,43,single_rater_weak
2025_10_07_RSFB-Phenotyping_WG1_JLU/2025_10_07_RSFB-Phenotyping_WG1_JLU/20251007_153258.jpg,plot_f590de6904e8d9e8ccc1,wg_insects_t1_bbch10,/home/nfs/data/nvme_datasets/Pictures_CFSB_leaf_damage/2025_10_07_RSFB-Phenotyping_WG1_JLU/2025_10_07_RSFB-Phenotyping_WG1_JLU/20251007_153258.jpg,9.0,3.3655762672424316,3.5669939517974854,0.2014177441596985,5.433006286621094,5.634423732757568,gold_only,43,single_rater_weak
2025_10_07_RSFB-Phenotyping_WG1_JLU/2025_10_07_RSFB-Phenotyping_WG1_JLU/20251007_153303.jpg,plot_f590de6904e8d9e8ccc1,wg_insects_t1_bbch10,/home/nfs/data/nvme_datasets/Pictures_CFSB_leaf_damage/2025_10_07_RSFB-Phenotyping_WG1_JLU/2025_10_07_RSFB-Phenotyping_WG1_JLU/20251007_153303.jpg,3.0,2.1464686393737793,2.71529483795166,0.5688261985778809,0.28470516204833984,0.8535313606262207,gold_only,43,single_rater_weak
2025_10_07_RSFB-Phenotyping_WG1_JLU/2025_10_07_RSFB-Phenotyping_WG1_JLU/20251007_153319.jpg,plot_e61302bdc45d11dd82af,wg_insects_t1_bbch10,/home/nfs/data/nvme_datasets/Pictures_CFSB_leaf_damage/2025_10_07_RSFB-Phenotyping_WG1_JLU/2025_10_07_RSFB-Phenotyping_WG1_JLU/20251007_153319.jpg,8.0,4.719298362731934,5.40213680267334,0.6828385591506958,2.59786319732666,3.2807016372680664,gold_only,43,single_rater_weak
2025_10_07_RSFB-Phenotyping_WG1_JLU/2025_10_07_RSFB-Phenotyping_WG1_JLU/20251007_153324.jpg,plot_e61302bdc45d11dd82af,wg_insects_t1_bbch10,/home/nfs/data/nvme_datasets/Pictures_CFSB_leaf_damage/2025_10_07_RSFB-Phenotyping_WG1_JLU/2025_10_07_RSFB-Phenotyping_WG1_JLU/20251007_153324.jpg,8.0,3.9764211177825928,4.690291404724121,0.7138702869415283,3.309708595275879,4.023578643798828,gold_only,43,single_rater_weak
2025_10_07_RSFB-Phenotyping_WG1_JLU/2025_10_07_RSFB-Phenotyping_WG1_JLU/20251007_153328.jpg,plot_e61302bdc45d11dd82af,wg_insects_t1_bbch10,/home/nfs/data/nvme_datasets/Pictures_CFSB_leaf_damage/2025_10_07_RSFB-Phenotyping_WG1_JLU/2025_10_07_RSFB-Phenotyping_WG1_JLU/20251007_153328.jpg,12.0,4.873581886291504,5.586696624755859,0.7131145000457764,6.413303375244141,7.126418113708496,gold_only,43,single_rater_weak
2025_10_07_RSFB-Phenotyping_WG1_JLU/2025_10_07_RSFB-Phenotyping_WG1_JLU/20251007_153344.jpg,plot_331dbeca01446d9747ff,wg_insects_t1_bbch10,/home/nfs/data/nvme_datasets/Pictures_CFSB_leaf_damage/2025_10_07_RSFB-Phenotyping_WG1_JLU/2025_10_07_RSFB-Phenotyping_WG1_JLU/20251007_153344.jpg,3.0,2.6702795028686523,2.7164535522460938,0.046174149960279465,0.28354644775390625,0.32972049713134766,gold_only,43,single_rater_weak
2025_10_07_RSFB-Phenotyping_WG1_JLU/2025_10_07_RSFB-Phenotyping_WG1_JLU/20251007_153350.jpg,plot_331dbeca01446d9747ff,wg_insects_t1_bbch10,/home/nfs/data/nvme_datasets/Pictures_CFSB_leaf_damage/2025_10_07_RSFB-Phenotyping_WG1_JLU/2025_10_07_RSFB-Phenotyping_WG1_JLU/20251007_153350.jpg,5.0,3.975937843322754,4.281496524810791,0.3055587410926819,0.718503475189209,1.024062156677246,gold_only,43,single_rater_weak
2025_10_07_RSFB-Phenotyping_WG1_JLU/2025_10_07_RSFB-Phenotyping_WG1_JLU/20251007_153357.jpg,plot_331dbeca01446d9747ff,wg_insects_t1_bbch10,/home/nfs/data/nvme_datasets/Pictures_CFSB_leaf_damage/2025_10_07_RSFB-Phenotyping_WG1_JLU/2025_10_07_RSFB-Phenotyping_WG1_JLU/20251007_153357.jpg,22.0,5.818587303161621,6.748394966125488,0.929807722568512,15.251605033874512,16.181411743164062,gold_only,43,single_rater_weak
2025_10_07_RSFB-Phenotyping_WG1_JLU/2025_10_07_RSFB-Phenotyping_WG1_JLU/20251007_153413.jpg,plot_70ff6598dd18395bfb32,wg_insects_t1_bbch10,/home/nfs/data/nvme_datasets/Pictures_CFSB_leaf_damage/2025_10_07_RSFB-Phenotyping_WG1_JLU/2025_10_07_RSFB-Phenotyping_WG1_JLU/20251007_153413.jpg,7.0,3.4544715881347656,3.5778558254241943,0.12338422238826752,3.4221441745758057,3.5455284118652344,gold_only,43,single_rater_weak
2025_10_07_RSFB-Phenotyping_WG1_JLU/2025_10_07_RSFB-Phenotyping_WG1_JLU/20251007_153419.jpg,plot_70ff6598dd18395bfb32,wg_insects_t1_bbch10,/home/nfs/data/nvme_datasets/Pictures_CFSB_leaf_damage/2025_10_07_RSFB-Phenotyping_WG1_JLU/2025_10_07_RSFB-Phenotyping_WG1_JLU/20251007_153419.jpg,12.0,5.016910552978516,6.16450834274292,1.1475977897644043,5.83549165725708,6.983089447021484,gold_only,43,single_rater_weak
2025_10_07_RSFB-Phenotyping_WG1_JLU/2025_10_07_RSFB-Phenotyping_WG1_JLU/20251007_153424.jpg,plot_70ff6598dd18395bfb32,wg_insects_t1_bbch10,/home/nfs/data/nvme_datasets/Pictures_CFSB_leaf_damage/2025_10_07_RSFB-Phenotyping_WG1_JLU/2025_10_07_RSFB-Phenotyping_WG1_JLU/20251007_153424.jpg,8.0,2.0426883697509766,2.4255967140197754,0.3829084038734436,5.574403285980225,5.957311630249023,gold_only,43,single_rater_weak
2025_10_07_RSFB-Phenotyping_WG1_JLU/2025_10_07_RSFB-Phenotyping_WG1_JLU/20251007_153441.jpg,plot_2f23ef2166478075b107,wg_insects_t1_bbch10,/home/nfs/data/nvme_datasets/Pictures_CFSB_leaf_damage/2025_10_07_RSFB-Phenotyping_WG1_JLU/2025_10_07_RSFB-Phenotyping_WG1_JLU/20251007_153441.jpg,4.0,3.582038640975952,4.0533671379089355,0.471328467130661,0.05336713790893555,0.41796135902404785,gold_only,43,single_rater_weak
2025_10_07_RSFB-Phenotyping_WG1_JLU/2025_10_07_RSFB-Phenotyping_WG1_JLU/20251007_153449.jpg,plot_2f23ef2166478075b107,wg_insects_t1_bbch10,/home/nfs/data/nvme_datasets/Pictures_CFSB_leaf_damage/2025_10_07_RSFB-Phenotyping_WG1_JLU/2025_10_07_RSFB-Phenotyping_WG1_JLU/20251007_153449.jpg,15.0,6.659184455871582,7.106717109680176,0.4475327730178833,7.893282890319824,8.340815544128418,gold_only,43,single_rater_weak
2025_10_07_RSFB-Phenotyping_WG1_JLU/2025_10_07_RSFB-Phenotyping_WG1_JLU/20251007_153454.jpg,plot_2f23ef2166478075b107,wg_insects_t1_bbch10,/home/nfs/data/nvme_datasets/Pictures_CFSB_leaf_damage/2025_10_07_RSFB-Phenotyping_WG1_JLU/2025_10_07_RSFB-Phenotyping_WG1_JLU/20251007_153454.jpg,6.0,3.2097043991088867,3.306967258453369,0.09726293385028839,2.693032741546631,2.7902956008911133,gold_only,43,single_rater_weak
2025_10_07_RSFB-Phenotyping_WG1_JLU/2025_10_07_RSFB-Phenotyping_WG1_JLU/20251007_153513.jpg,plot_542c7ec32eea3eba1112,wg_insects_t1_bbch10,/home/nfs/data/nvme_datasets/Pictures_CFSB_leaf_damage/2025_10_07_RSFB-Phenotyping_WG1_JLU/2025_10_07_RSFB-Phenotyping_WG1_JLU/20251007_153513.jpg,3.0,5.290097713470459,6.02956485748291,0.7394671440124512,3.02956485748291,2.290097713470459,gold_only,43,single_rater_weak
2025_10_07_RSFB-Phenotyping_WG1_JLU/2025_10_07_RSFB-Phenotyping_WG1_JLU/20251007_153518.jpg,plot_542c7ec32eea3eba1112,wg_insects_t1_bbch10,/home/nfs/data/nvme_datasets/Pictures_CFSB_leaf_damage/2025_10_07_RSFB-Phenotyping_WG1_JLU/2025_10_07_RSFB-Phenotyping_WG1_JLU/20251007_153518.jpg,2.0,2.576162815093994,2.906297206878662,0.3301342725753784,0.9062972068786621,0.5761628150939941,gold_only,43,single_rater_weak
2025_10_07_RSFB-Phenotyping_WG1_JLU/2025_10_07_RSFB-Phenotyping_WG1_JLU/20251007_153523.jpg,plot_542c7ec32eea3eba1112,wg_insects_t1_bbch10,/home/nfs/data/nvme_datasets/Pictures_CFSB_leaf_damage/2025_10_07_RSFB-Phenotyping_WG1_JLU/2025_10_07_RSFB-Phenotyping_WG1_JLU/20251007_153523.jpg,4.0,4.120671272277832,4.573030948638916,0.4523595869541168,0.573030948638916,0.12067127227783203,gold_only,43,single_rater_weak
2025_10_07_RSFB-Phenotyping_WG1_JLU/2025_10_07_RSFB-Phenotyping_WG1_JLU/20251007_153541.jpg,plot_951c638fa6ec8fb91316,wg_insects_t1_bbch10,/home/nfs/data/nvme_datasets/Pictures_CFSB_leaf_damage/2025_10_07_RSFB-Phenotyping_WG1_JLU/2025_10_07_RSFB-Phenotyping_WG1_JLU/20251007_153541.jpg,4.0,3.2542061805725098,2.9856483936309814,-0.2685578763484955,1.0143516063690186,0.7457938194274902,gold_only,43,single_rater_weak
2025_10_07_RSFB-Phenotyping_WG1_JLU/2025_10_07_RSFB-Phenotyping_WG1_JLU/20251007_153546.jpg,plot_951c638fa6ec8fb91316,wg_insects_t1_bbch10,/home/nfs/data/nvme_datasets/Pictures_CFSB_leaf_damage/2025_10_07_RSFB-Phenotyping_WG1_JLU/2025_10_07_RSFB-Phenotyping_WG1_JLU/20251007_153546.jpg,5.0,3.564181327819824,3.4902360439300537,-0.0739452913403511,1.5097639560699463,1.4358186721801758,gold_only,43,single_rater_weak
2025_10_07_RSFB-Phenotyping_WG1_JLU/2025_10_07_RSFB-Phenotyping_WG1_JLU/20251007_153551.jpg,plot_951c638fa6ec8fb91316,wg_insects_t1_bbch10,/home/nfs/data/nvme_datasets/Pictures_CFSB_leaf_damage/2025_10_07_RSFB-Phenotyping_WG1_JLU/2025_10_07_RSFB-Phenotyping_WG1_JLU/20251007_153551.jpg,6.0,4.530287265777588,4.842892646789551,0.3126053214073181,1.1571073532104492,1.469712734222412,gold_only,43,single_rater_weak
2025_10_07_RSFB-Phenotyping_WG1_JLU/2025_10_07_RSFB-Phenotyping_WG1_JLU/20251007_153624.jpg,plot_8d03f76f1e8b78107651,wg_insects_t1_bbch10,/home/nfs/data/nvme_datasets/Pictures_CFSB_leaf_damage/2025_10_07_RSFB-Phenotyping_WG1_JLU/2025_10_07_RSFB-Phenotyping_WG1_JLU/20251007_153624.jpg,7.0,3.6299920082092285,3.8944520950317383,0.26446014642715454,3.1055479049682617,3.3700079917907715,gold_only,43,single_rater_weak
2025_10_07_RSFB-Phenotyping_WG1_JLU/2025_10_07_RSFB-Phenotyping_WG1_JLU/20251007_153632.jpg,plot_8d03f76f1e8b78107651,wg_insects_t1_bbch10,/home/nfs/data/nvme_datasets/Pictures_CFSB_leaf_damage/2025_10_07_RSFB-Phenotyping_WG1_JLU/2025_10_07_RSFB-Phenotyping_WG1_JLU/20251007_153632.jpg,11.0,3.0518383979797363,4.330445289611816,1.2786067724227905,6.669554710388184,7.948161602020264,gold_only,43,single_rater_weak
2025_10_07_RSFB-Phenotyping_WG1_JLU/2025_10_07_RSFB-Phenotyping_WG1_JLU/20251007_153638.jpg,plot_8d03f76f1e8b78107651,wg_insects_t1_bbch10,/home/nfs/data/nvme_datasets/Pictures_CFSB_leaf_damage/2025_10_07_RSFB-Phenotyping_WG1_JLU/2025_10_07_RSFB-Phenotyping_WG1_JLU/20251007_153638.jpg,12.0,2.8445491790771484,3.7746589183807373,0.9301096796989441,8.225340843200684,9.155450820922852,gold_only,43,single_rater_weak
2025_10_07_RSFB-Phenotyping_WG1_JLU/2025_10_07_RSFB-Phenotyping_WG1_JLU/20251007_153659.jpg,plot_97036f2854e70825a21d,wg_insects_t1_bbch10,/home/nfs/data/nvme_datasets/Pictures_CFSB_leaf_damage/2025_10_07_RSFB-Phenotyping_WG1_JLU/2025_10_07_RSFB-Phenotyping_WG1_JLU/20251007_153659.jpg,5.0,2.902060031890869,3.4168033599853516,0.514743447303772,1.5831966400146484,2.097939968109131,gold_only,43,single_rater_weak
2025_10_07_RSFB-Phenotyping_WG1_JLU/2025_10_07_RSFB-Phenotyping_WG1_JLU/20251007_153706.jpg,plot_97036f2854e70825a21d,wg_insects_t1_bbch10,/home/nfs/data/nvme_datasets/Pictures_CFSB_leaf_damage/2025_10_07_RSFB-Phenotyping_WG1_JLU/2025_10_07_RSFB-Phenotyping_WG1_JLU/20251007_153706.jpg,10.0,3.453932762145996,4.007528781890869,0.5535961389541626,5.992471218109131,6.546067237854004,gold_only,43,single_rater_weak
2025_10_07_RSFB-Phenotyping_WG1_JLU/2025_10_07_RSFB-Phenotyping_WG1_JLU/20251007_153717.jpg,plot_97036f2854e70825a21d,wg_insects_t1_bbch10,/home/nfs/data/nvme_datasets/Pictures_CFSB_leaf_damage/2025_10_07_RSFB-Phenotyping_WG1_JLU/2025_10_07_RSFB-Phenotyping_WG1_JLU/20251007_153717.jpg,15.0,7.535330772399902,8.59495735168457,1.059626817703247,6.40504264831543,7.464669227600098,gold_only,43,single_rater_weak
2025_10_07_RSFB-Phenotyping_WG1_JLU/2025_10_07_RSFB-Phenotyping_WG1_JLU/20251007_153735.jpg,plot_a6f2c9a112e6bcc09372,wg_insects_t1_bbch10,/home/nfs/data/nvme_datasets/Pictures_CFSB_leaf_damage/2025_10_07_RSFB-Phenotyping_WG1_JLU/2025_10_07_RSFB-Phenotyping_WG1_JLU/20251007_153735.jpg,12.0,6.668320655822754,6.697223663330078,0.028902944177389145,5.302776336669922,5.331679344177246,gold_only,43,single_rater_weak
2025_10_07_RSFB-Phenotyping_WG1_JLU/2025_10_07_RSFB-Phenotyping_WG1_JLU/20251007_153742.jpg,plot_a6f2c9a112e6bcc09372,wg_insects_t1_bbch10,/home/nfs/data/nvme_datasets/Pictures_CFSB_leaf_damage/2025_10_07_RSFB-Phenotyping_WG1_JLU/2025_10_07_RSFB-Phenotyping_WG1_JLU/20251007_153742.jpg,6.0,6.788293838500977,6.794155120849609,0.005861131474375725,0.7941551208496094,0.7882938385009766,gold_only,43,single_rater_weak
2025_10_07_RSFB-Phenotyping_WG1_JLU/2025_10_07_RSFB-Phenotyping_WG1_JLU/20251007_153748.jpg,plot_a6f2c9a112e6bcc09372,wg_insects_t1_bbch10,/home/nfs/data/nvme_datasets/Pictures_CFSB_leaf_damage/2025_10_07_RSFB-Phenotyping_WG1_JLU/2025_10_07_RSFB-Phenotyping_WG1_JLU/20251007_153748.jpg,4.0,3.2362003326416016,3.1278023719787598,-0.10839790105819702,0.8721976280212402,0.7637996673583984,gold_only,43,single_rater_weak
2025_10_07_RSFB-Phenotyping_WG1_JLU/2025_10_07_RSFB-Phenotyping_WG1_JLU/20251007_153807.jpg,plot_c0ea55db7db71c2492da,wg_insects_t1_bbch10,/home/nfs/data/nvme_datasets/Pictures_CFSB_leaf_damage/2025_10_07_RSFB-Phenotyping_WG1_JLU/2025_10_07_RSFB-Phenotyping_WG1_JLU/20251007_153807.jpg,19.0,7.627426624298096,7.921473503112793,0.29404711723327637,11.078526496887207,11.372573852539062,gold_only,43,single_rater_weak
2025_10_07_RSFB-Phenotyping_WG1_JLU/2025_10_07_RSFB-Phenotyping_WG1_JLU/20251007_153813.jpg,plot_c0ea55db7db71c2492da,wg_insects_t1_bbch10,/home/nfs/data/nvme_datasets/Pictures_CFSB_leaf_damage/2025_10_07_RSFB-Phenotyping_WG1_JLU/2025_10_07_RSFB-Phenotyping_WG1_JLU/20251007_153813.jpg,15.0,3.8446969985961914,3.45527720451355,-0.3894198536872864,11.544722557067871,11.155303001403809,gold_only,43,single_rater_weak
2025_10_07_RSFB-Phenotyping_WG1_JLU/2025_10_07_RSFB-Phenotyping_WG1_JLU/20251007_153819.jpg,plot_c0ea55db7db71c2492da,wg_insects_t1_bbch10,/home/nfs/data/nvme_datasets/Pictures_CFSB_leaf_damage/2025_10_07_RSFB-Phenotyping_WG1_JLU/2025_10_07_RSFB-Phenotyping_WG1_JLU/20251007_153819.jpg,7.0,4.762920379638672,4.964191913604736,0.20127138495445251,2.0358080863952637,2.237079620361328,gold_only,43,single_rater_weak
2025_10_07_RSFB-Phenotyping_WG1_JLU/2025_10_07_RSFB-Phenotyping_WG1_JLU/20251007_153837.jpg,plot_827f7f427b7b1eee5745,wg_insects_t1_bbch10,/home/nfs/data/nvme_datasets/Pictures_CFSB_leaf_damage/2025_10_07_RSFB-Phenotyping_WG1_JLU/2025_10_07_RSFB-Phenotyping_WG1_JLU/20251007_153837.jpg,8.0,4.615718841552734,4.633504867553711,0.017785806208848953,3.366495132446289,3.3842811584472656,gold_only,43,single_rater_weak
2025_10_07_RSFB-Phenotyping_WG1_JLU/2025_10_07_RSFB-Phenotyping_WG1_JLU/20251007_153842.jpg,plot_827f7f427b7b1eee5745,wg_insects_t1_bbch10,/home/nfs/data/nvme_datasets/Pictures_CFSB_leaf_damage/2025_10_07_RSFB-Phenotyping_WG1_JLU/2025_10_07_RSFB-Phenotyping_WG1_JLU/20251007_153842.jpg,12.0,3.747901678085327,3.3840878009796143,-0.36381396651268005,8.615912437438965,8.252098083496094,gold_only,43,single_rater_weak
2025_10_07_RSFB-Phenotyping_WG1_JLU/2025_10_07_RSFB-Phenotyping_WG1_JLU/20251007_153847.jpg,plot_827f7f427b7b1eee5745,wg_insects_t1_bbch10,/home/nfs/data/nvme_datasets/Pictures_CFSB_leaf_damage/2025_10_07_RSFB-Phenotyping_WG1_JLU/2025_10_07_RSFB-Phenotyping_WG1_JLU/20251007_153847.jpg,10.0,3.792609930038452,4.042025566101074,0.24941547214984894,5.957974433898926,6.207389831542969,gold_only,43,single_rater_weak
2025_10_07_RSFB-Phenotyping_WG1_JLU/2025_10_07_RSFB-Phenotyping_WG1_JLU/20251007_153905.jpg,plot_72102d68a67d996b7e3d,wg_insects_t1_bbch10,/home/nfs/data/nvme_datasets/Pictures_CFSB_leaf_damage/2025_10_07_RSFB-Phenotyping_WG1_JLU/2025_10_07_RSFB-Phenotyping_WG1_JLU/20251007_153905.jpg,9.0,6.496588706970215,6.60798454284668,0.11139562726020813,2.3920154571533203,2.503411293029785,gold_only,43,single_rater_weak
2025_10_07_RSFB-Phenotyping_WG1_JLU/2025_10_07_RSFB-Phenotyping_WG1_JLU/20251007_153924.jpg,plot_72102d68a67d996b7e3d,wg_insects_t1_bbch10,/home/nfs/data/nvme_datasets/Pictures_CFSB_leaf_damage/2025_10_07_RSFB-Phenotyping_WG1_JLU/2025_10_07_RSFB-Phenotyping_WG1_JLU/20251007_153924.jpg,13.0,3.855928421020508,4.137434005737305,0.2815053462982178,8.862565994262695,9.144071578979492,gold_only,43,single_rater_weak
2025_10_07_RSFB-Phenotyping_WG1_JLU/2025_10_07_RSFB-Phenotyping_WG1_JLU/20251007_153930.jpg,plot_72102d68a67d996b7e3d,wg_insects_t1_bbch10,/home/nfs/data/nvme_datasets/Pictures_CFSB_leaf_damage/2025_10_07_RSFB-Phenotyping_WG1_JLU/2025_10_07_RSFB-Phenotyping_WG1_JLU/20251007_153930.jpg,4.0,2.9115238189697266,3.672962188720703,0.7614383101463318,0.3270378112792969,1.0884761810302734,gold_only,43,single_rater_weak
2025_10_07_RSFB-Phenotyping_WG1_JLU/2025_10_07_RSFB-Phenotyping_WG1_JLU/20251007_153950.jpg,plot_955f23eb642201c107b7,wg_insects_t1_bbch10,/home/nfs/data/nvme_datasets/Pictures_CFSB_leaf_damage/2025_10_07_RSFB-Phenotyping_WG1_JLU/2025_10_07_RSFB-Phenotyping_WG1_JLU/20251007_153950.jpg,7.0,3.2197365760803223,2.9466240406036377,-0.27311259508132935,4.053376197814941,3.7802634239196777,gold_only,43,single_rater_weak
2025_10_07_RSFB-Phenotyping_WG1_JLU/2025_10_07_RSFB-Phenotyping_WG1_JLU/20251007_153956.jpg,plot_955f23eb642201c107b7,wg_insects_t1_bbch10,/home/nfs/data/nvme_datasets/Pictures_CFSB_leaf_damage/2025_10_07_RSFB-Phenotyping_WG1_JLU/2025_10_07_RSFB-Phenotyping_WG1_JLU/20251007_153956.jpg,12.0,3.3089842796325684,3.282860517501831,-0.02612382173538208,8.71713924407959,8.691015243530273,gold_only,43,single_rater_weak
2025_10_07_RSFB-Phenotyping_WG1_JLU/2025_10_07_RSFB-Phenotyping_WG1_JLU/20251007_154004.jpg,plot_955f23eb642201c107b7,wg_insects_t1_bbch10,/home/nfs/data/nvme_datasets/Pictures_CFSB_leaf_damage/2025_10_07_RSFB-Phenotyping_WG1_JLU/2025_10_07_RSFB-Phenotyping_WG1_JLU/20251007_154004.jpg,13.0,3.9504709243774414,4.723615646362305,0.7731449604034424,8.276384353637695,9.049529075622559,gold_only,43,single_rater_weak
2025_10_07_RSFB-Phenotyping_WG1_JLU/2025_10_07_RSFB-Phenotyping_WG1_JLU/20251007_154023.jpg,plot_0ae42abd57e36c46221c,wg_insects_t1_bbch10,/home/nfs/data/nvme_datasets/Pictures_CFSB_leaf_damage/2025_10_07_RSFB-Phenotyping_WG1_JLU/2025_10_07_RSFB-Phenotyping_WG1_JLU/20251007_154023.jpg,7.0,3.9061458110809326,4.258079528808594,0.35193347930908203,2.7419204711914062,3.0938541889190674,gold_only,43,single_rater_weak
2025_10_07_RSFB-Phenotyping_WG1_JLU/2025_10_07_RSFB-Phenotyping_WG1_JLU/20251007_154028.jpg,plot_0ae42abd57e36c46221c,wg_insects_t1_bbch10,/home/nfs/data/nvme_datasets/Pictures_CFSB_leaf_damage/2025_10_07_RSFB-Phenotyping_WG1_JLU/2025_10_07_RSFB-Phenotyping_WG1_JLU/20251007_154028.jpg,16.0,5.605151653289795,6.565403461456299,0.9602516889572144,9.43459701538086,10.394847869873047,gold_only,43,single_rater_weak
2025_10_07_RSFB-Phenotyping_WG1_JLU/2025_10_07_RSFB-Phenotyping_WG1_JLU/20251007_154035.jpg,plot_0ae42abd57e36c46221c,wg_insects_t1_bbch10,/home/nfs/data/nvme_datasets/Pictures_CFSB_leaf_damage/2025_10_07_RSFB-Phenotyping_WG1_JLU/2025_10_07_RSFB-Phenotyping_WG1_JLU/20251007_154035.jpg,7.0,2.6282906532287598,3.6189608573913574,0.9906702041625977,3.3810391426086426,4.37170934677124,gold_only,43,single_rater_weak
2025_10_07_RSFB-Phenotyping_WG1_JLU/2025_10_07_RSFB-Phenotyping_WG1_JLU/20251007_154052.jpg,plot_17be050207ebabc51732,wg_insects_t1_bbch10,/home/nfs/data/nvme_datasets/Pictures_CFSB_leaf_damage/2025_10_07_RSFB-Phenotyping_WG1_JLU/2025_10_07_RSFB-Phenotyping_WG1_JLU/20251007_154052.jpg,8.0,3.6675236225128174,3.735025405883789,0.0675017237663269,4.264974594116211,4.332476615905762,gold_only,43,single_rater_weak
2025_10_07_RSFB-Phenotyping_WG1_JLU/2025_10_07_RSFB-Phenotyping_WG1_JLU/20251007_154057.jpg,plot_17be050207ebabc51732,wg_insects_t1_bbch10,/home/nfs/data/nvme_datasets/Pictures_CFSB_leaf_damage/2025_10_07_RSFB-Phenotyping_WG1_JLU/2025_10_07_RSFB-Phenotyping_WG1_JLU/20251007_154057.jpg,4.0,3.102511405944824,3.932485580444336,0.8299741744995117,0.06751441955566406,0.8974885940551758,gold_only,43,single_rater_weak
2025_10_07_RSFB-Phenotyping_WG1_JLU/2025_10_07_RSFB-Phenotyping_WG1_JLU/20251007_154103.jpg,plot_17be050207ebabc51732,wg_insects_t1_bbch10,/home/nfs/data/nvme_datasets/Pictures_CFSB_leaf_damage/2025_10_07_RSFB-Phenotyping_WG1_JLU/2025_10_07_RSFB-Phenotyping_WG1_JLU/20251007_154103.jpg,11.0,3.8916051387786865,4.316539764404297,0.4249344766139984,6.683460235595703,7.108394622802734,gold_only,43,single_rater_weak
2025_10_07_RSFB-Phenotyping_WG1_JLU/2025_10_07_RSFB-Phenotyping_WG1_JLU/20251007_154121.jpg,plot_00616806e795c4926dac,wg_insects_t1_bbch10,/home/nfs/data/nvme_datasets/Pictures_CFSB_leaf_damage/2025_10_07_RSFB-Phenotyping_WG1_JLU/2025_10_07_RSFB-Phenotyping_WG1_JLU/20251007_154121.jpg,8.0,2.1435790061950684,2.7108163833618164,0.567237377166748,5.289183616638184,5.856420993804932,gold_only,43,single_rater_weak
2025_10_07_RSFB-Phenotyping_WG1_JLU/2025_10_07_RSFB-Phenotyping_WG1_JLU/20251007_154126.jpg,plot_00616806e795c4926dac,wg_insects_t1_bbch10,/home/nfs/data/nvme_datasets/Pictures_CFSB_leaf_damage/2025_10_07_RSFB-Phenotyping_WG1_JLU/2025_10_07_RSFB-Phenotyping_WG1_JLU/20251007_154126.jpg,9.0,2.4565248489379883,3.4442625045776367,0.987737774848938,5.555737495422363,6.543475151062012,gold_only,43,single_rater_weak
2025_10_07_RSFB-Phenotyping_WG1_JLU/2025_10_07_RSFB-Phenotyping_WG1_JLU/20251007_154130.jpg,plot_00616806e795c4926dac,wg_insects_t1_bbch10,/home/nfs/data/nvme_datasets/Pictures_CFSB_leaf_damage/2025_10_07_RSFB-Phenotyping_WG1_JLU/2025_10_07_RSFB-Phenotyping_WG1_JLU/20251007_154130.jpg,13.0,3.1821722984313965,3.733898639678955,0.5517263412475586,9.266101837158203,9.817827224731445,gold_only,43,single_rater_weak
2025_10_07_RSFB-Phenotyping_WG1_JLU/2025_10_07_RSFB-Phenotyping_WG1_JLU/20251007_154146.jpg,plot_712ccf79133e6a449732,wg_insects_t1_bbch10,/home/nfs/data/nvme_datasets/Pictures_CFSB_leaf_damage/2025_10_07_RSFB-Phenotyping_WG1_JLU/2025_10_07_RSFB-Phenotyping_WG1_JLU/20251007_154146.jpg,7.0,2.2381439208984375,2.664167642593384,0.4260236322879791,4.335832595825195,4.7618560791015625,gold_only,43,single_rater_weak
2025_10_07_RSFB-Phenotyping_WG1_JLU/2025_10_07_RSFB-Phenotyping_WG1_JLU/20251007_154153.jpg,plot_712ccf79133e6a449732,wg_insects_t1_bbch10,/home/nfs/data/nvme_datasets/Pictures_CFSB_leaf_damage/2025_10_07_RSFB-Phenotyping_WG1_JLU/2025_10_07_RSFB-Phenotyping_WG1_JLU/20251007_154153.jpg,8.0,1.6754851341247559,1.9100781679153442,0.234593003988266,6.089921951293945,6.324514865875244,gold_only,43,single_rater_weak
2025_10_07_RSFB-Phenotyping_WG1_JLU/2025_10_07_RSFB-Phenotyping_WG1_JLU/20251007_154159.jpg,plot_712ccf79133e6a449732,wg_insects_t1_bbch10,/home/nfs/data/nvme_datasets/Pictures_CFSB_leaf_damage/2025_10_07_RSFB-Phenotyping_WG1_JLU/2025_10_07_RSFB-Phenotyping_WG1_JLU/20251007_154159.jpg,11.0,3.123018741607666,3.057520627975464,-0.06549817323684692,7.942479133605957,7.876981258392334,gold_only,43,single_rater_weak
2025_10_07_RSFB-Phenotyping_WG1_JLU/2025_10_07_RSFB-Phenotyping_WG1_JLU/20251007_154221.jpg,plot_367d991e5c388db77837,wg_insects_t1_bbch10,/home/nfs/data/nvme_datasets/Pictures_CFSB_leaf_damage/2025_10_07_RSFB-Phenotyping_WG1_JLU/2025_10_07_RSFB-Phenotyping_WG1_JLU/20251007_154221.jpg,9.0,3.0164132118225098,3.5494372844696045,0.5330241322517395,5.450562477111816,5.98358678817749,gold_only,43,single_rater_weak
2025_10_07_RSFB-Phenotyping_WG1_JLU/2025_10_07_RSFB-Phenotyping_WG1_JLU/20251007_154227.jpg,plot_367d991e5c388db77837,wg_insects_t1_bbch10,/home/nfs/data/nvme_datasets/Pictures_CFSB_leaf_damage/2025_10_07_RSFB-Phenotyping_WG1_JLU/2025_10_07_RSFB-Phenotyping_WG1_JLU/20251007_154227.jpg,15.0,2.9962663650512695,3.3951847553253174,0.39891836047172546,11.604815483093262,12.00373363494873,gold_only,43,single_rater_weak
2025_10_07_RSFB-Phenotyping_WG1_JLU/2025_10_07_RSFB-Phenotyping_WG1_JLU/20251007_154233.jpg,plot_367d991e5c388db77837,wg_insects_t1_bbch10,/home/nfs/data/nvme_datasets/Pictures_CFSB_leaf_damage/2025_10_07_RSFB-Phenotyping_WG1_JLU/2025_10_07_RSFB-Phenotyping_WG1_JLU/20251007_154233.jpg,4.0,3.1531553268432617,3.0309648513793945,-0.1221904456615448,0.9690351486206055,0.8468446731567383,gold_only,43,single_rater_weak
2025_10_07_RSFB-Phenotyping_WG1_JLU/2025_10_07_RSFB-Phenotyping_WG1_JLU/20251007_154249.jpg,plot_92d6e3a3e8d4422f3a87,wg_insects_t1_bbch10,/home/nfs/data/nvme_datasets/Pictures_CFSB_leaf_damage/2025_10_07_RSFB-Phenotyping_WG1_JLU/2025_10_07_RSFB-Phenotyping_WG1_JLU/20251007_154249.jpg,1.0,4.8203654289245605,6.438715934753418,1.6183505058288574,5.438715934753418,3.8203654289245605,gold_only,43,single_rater_weak
2025_10_07_RSFB-Phenotyping_WG1_JLU/2025_10_07_RSFB-Phenotyping_WG1_JLU/20251007_154254.jpg,plot_92d6e3a3e8d4422f3a87,wg_insects_t1_bbch10,/home/nfs/data/nvme_datasets/Pictures_CFSB_leaf_damage/2025_10_07_RSFB-Phenotyping_WG1_JLU/2025_10_07_RSFB-Phenotyping_WG1_JLU/20251007_154254.jpg,4.0,4.088726997375488,4.20501708984375,0.11629004031419754,0.20501708984375,0.08872699737548828,gold_only,43,single_rater_weak
2025_10_07_RSFB-Phenotyping_WG1_JLU/2025_10_07_RSFB-Phenotyping_WG1_JLU/20251007_154259.jpg,plot_92d6e3a3e8d4422f3a87,wg_insects_t1_bbch10,/home/nfs/data/nvme_datasets/Pictures_CFSB_leaf_damage/2025_10_07_RSFB-Phenotyping_WG1_JLU/2025_10_07_RSFB-Phenotyping_WG1_JLU/20251007_154259.jpg,5.0,3.032540798187256,3.635274887084961,0.6027340292930603,1.364725112915039,1.9674592018127441,gold_only,43,single_rater_weak
2025_10_07_RSFB-Phenotyping_WG1_JLU/2025_10_07_RSFB-Phenotyping_WG1_JLU/20251007_154316.jpg,plot_e055152a3eb1fb23ae7c,wg_insects_t1_bbch10,/home/nfs/data/nvme_datasets/Pictures_CFSB_leaf_damage/2025_10_07_RSFB-Phenotyping_WG1_JLU/2025_10_07_RSFB-Phenotyping_WG1_JLU/20251007_154316.jpg,3.0,3.2865467071533203,2.8685574531555176,-0.4179891347885132,0.13144254684448242,0.2865467071533203,gold_only,43,single_rater_weak
2025_10_07_RSFB-Phenotyping_WG1_JLU/2025_10_07_RSFB-Phenotyping_WG1_JLU/20251007_154321.jpg,plot_e055152a3eb1fb23ae7c,wg_insects_t1_bbch10,/home/nfs/data/nvme_datasets/Pictures_CFSB_leaf_damage/2025_10_07_RSFB-Phenotyping_WG1_JLU/2025_10_07_RSFB-Phenotyping_WG1_JLU/20251007_154321.jpg,3.0,3.1547679901123047,2.921044111251831,-0.2337239533662796,0.07895588874816895,0.1547679901123047,gold_only,43,single_rater_weak
2025_10_07_RSFB-Phenotyping_WG1_JLU/2025_10_07_RSFB-Phenotyping_WG1_JLU/20251007_154326.jpg,plot_e055152a3eb1fb23ae7c,wg_insects_t1_bbch10,/home/nfs/data/nvme_datasets/Pictures_CFSB_leaf_damage/2025_10_07_RSFB-Phenotyping_WG1_JLU/2025_10_07_RSFB-Phenotyping_WG1_JLU/20251007_154326.jpg,7.0,3.551927328109741,4.029959201812744,0.4780316650867462,2.970040798187256,3.448072671890259,gold_only,43,single_rater_weak
2025_10_07_RSFB-Phenotyping_WG1_JLU/2025_10_07_RSFB-Phenotyping_WG1_JLU/20251007_154343.jpg,plot_68d276b5791acd0e0848,wg_insects_t1_bbch10,/home/nfs/data/nvme_datasets/Pictures_CFSB_leaf_damage/2025_10_07_RSFB-Phenotyping_WG1_JLU/2025_10_07_RSFB-Phenotyping_WG1_JLU/20251007_154343.jpg,12.0,5.283470630645752,5.924070358276367,0.6405998468399048,6.075929641723633,6.716529369354248,gold_only,43,single_rater_weak
2025_10_07_RSFB-Phenotyping_WG1_JLU/2025_10_07_RSFB-Phenotyping_WG1_JLU/20251007_154348.jpg,plot_68d276b5791acd0e0848,wg_insects_t1_bbch10,/home/nfs/data/nvme_datasets/Pictures_CFSB_leaf_damage/2025_10_07_RSFB-Phenotyping_WG1_JLU/2025_10_07_RSFB-Phenotyping_WG1_JLU/20251007_154348.jpg,3.0,3.811810255050659,4.05087947845459,0.2390691637992859,1.0508794784545898,0.8118102550506592,gold_only,43,single_rater_weak
2025_10_07_RSFB-Phenotyping_WG1_JLU/2025_10_07_RSFB-Phenotyping_WG1_JLU/20251007_154355.jpg,plot_68d276b5791acd0e0848,wg_insects_t1_bbch10,/home/nfs/data/nvme_datasets/Pictures_CFSB_leaf_damage/2025_10_07_RSFB-Phenotyping_WG1_JLU/2025_10_07_RSFB-Phenotyping_WG1_JLU/20251007_154355.jpg,17.0,14.696212768554688,15.129037857055664,0.4328250288963318,1.870962142944336,2.3037872314453125,gold_only,43,single_rater_weak
2025_10_07_RSFB-Phenotyping_WG1_JLU/2025_10_07_RSFB-Phenotyping_WG1_JLU/20251007_154411.jpg,plot_b2899f4cd19706a8e36f,wg_insects_t1_bbch10,/home/nfs/data/nvme_datasets/Pictures_CFSB_leaf_damage/2025_10_07_RSFB-Phenotyping_WG1_JLU/2025_10_07_RSFB-Phenotyping_WG1_JLU/20251007_154411.jpg,5.0,3.337380886077881,2.8718910217285156,-0.4654898941516876,2.1281089782714844,1.6626191139221191,gold_only,43,single_rater_weak
2025_10_07_RSFB-Phenotyping_WG1_JLU/2025_10_07_RSFB-Phenotyping_WG1_JLU/20251007_154419.jpg,plot_b2899f4cd19706a8e36f,wg_insects_t1_bbch10,/home/nfs/data/nvme_datasets/Pictures_CFSB_leaf_damage/2025_10_07_RSFB-Phenotyping_WG1_JLU/2025_10_07_RSFB-Phenotyping_WG1_JLU/20251007_154419.jpg,7.0,4.78533935546875,4.935376167297363,0.15003664791584015,2.0646238327026367,2.21466064453125,gold_only,43,single_rater_weak
2025_10_07_RSFB-Phenotyping_WG1_JLU/2025_10_07_RSFB-Phenotyping_WG1_JLU/20251007_154425.jpg,plot_b2899f4cd19706a8e36f,wg_insects_t1_bbch10,/home/nfs/data/nvme_datasets/Pictures_CFSB_leaf_damage/2025_10_07_RSFB-Phenotyping_WG1_JLU/2025_10_07_RSFB-Phenotyping_WG1_JLU/20251007_154425.jpg,19.0,5.435991287231445,5.670709609985352,0.23471808433532715,13.329290390014648,13.564008712768555,gold_only,43,single_rater_weak
2025_10_07_RSFB-Phenotyping_WG1_JLU/2025_10_07_RSFB-Phenotyping_WG1_JLU/20251007_154441.jpg,plot_8e7bddd72f5819e6bfbd,wg_insects_t1_bbch10,/home/nfs/data/nvme_datasets/Pictures_CFSB_leaf_damage/2025_10_07_RSFB-Phenotyping_WG1_JLU/2025_10_07_RSFB-Phenotyping_WG1_JLU/20251007_154441.jpg,4.0,3.703220844268799,3.5220086574554443,-0.18121227622032166,0.47799134254455566,0.29677915573120117,gold_only,43,single_rater_weak
2025_10_07_RSFB-Phenotyping_WG1_JLU/2025_10_07_RSFB-Phenotyping_WG1_JLU/20251007_154447.jpg,plot_8e7bddd72f5819e6bfbd,wg_insects_t1_bbch10,/home/nfs/data/nvme_datasets/Pictures_CFSB_leaf_damage/2025_10_07_RSFB-Phenotyping_WG1_JLU/2025_10_07_RSFB-Phenotyping_WG1_JLU/20251007_154447.jpg,3.0,3.667447805404663,3.552410125732422,-0.1150376945734024,0.5524101257324219,0.6674478054046631,gold_only,43,single_rater_weak
2025_10_07_RSFB-Phenotyping_WG1_JLU/2025_10_07_RSFB-Phenotyping_WG1_JLU/20251007_154452.jpg,plot_8e7bddd72f5819e6bfbd,wg_insects_t1_bbch10,/home/nfs/data/nvme_datasets/Pictures_CFSB_leaf_damage/2025_10_07_RSFB-Phenotyping_WG1_JLU/2025_10_07_RSFB-Phenotyping_WG1_JLU/20251007_154452.jpg,22.0,8.206913948059082,8.30659008026123,0.09967595338821411,13.69340991973877,13.793086051940918,gold_only,43,single_rater_weak
2025_10_07_RSFB-Phenotyping_WG1_JLU/2025_10_07_RSFB-Phenotyping_WG1_JLU/20251007_154510.jpg,plot_762e5eaff9e54eb0c31b,wg_insects_t1_bbch10,/home/nfs/data/nvme_datasets/Pictures_CFSB_leaf_damage/2025_10_07_RSFB-Phenotyping_WG1_JLU/2025_10_07_RSFB-Phenotyping_WG1_JLU/20251007_154510.jpg,28.0,5.9890456199646,6.834351062774658,0.8453056216239929,21.1656494140625,22.010953903198242,gold_only,43,single_rater_weak
2025_10_07_RSFB-Phenotyping_WG1_JLU/2025_10_07_RSFB-Phenotyping_WG1_JLU/20251007_154516.jpg,plot_762e5eaff9e54eb0c31b,wg_insects_t1_bbch10,/home/nfs/data/nvme_datasets/Pictures_CFSB_leaf_damage/2025_10_07_RSFB-Phenotyping_WG1_JLU/2025_10_07_RSFB-Phenotyping_WG1_JLU/20251007_154516.jpg,17.0,3.083113193511963,3.7180142402648926,0.6349010467529297,13.281986236572266,13.916887283325195,gold_only,43,single_rater_weak
2025_10_07_RSFB-Phenotyping_WG1_JLU/2025_10_07_RSFB-Phenotyping_WG1_JLU/20251007_154522.jpg,plot_762e5eaff9e54eb0c31b,wg_insects_t1_bbch10,/home/nfs/data/nvme_datasets/Pictures_CFSB_leaf_damage/2025_10_07_RSFB-Phenotyping_WG1_JLU/2025_10_07_RSFB-Phenotyping_WG1_JLU/20251007_154522.jpg,8.0,7.386135101318359,7.7448530197143555,0.3587180972099304,0.25514698028564453,0.6138648986816406,gold_only,43,single_rater_weak
2025_10_07_RSFB-Phenotyping_WG1_JLU/2025_10_07_RSFB-Phenotyping_WG1_JLU/20251007_154539.jpg,plot_8ce0028acd070e45bd69,wg_insects_t1_bbch10,/home/nfs/data/nvme_datasets/Pictures_CFSB_leaf_damage/2025_10_07_RSFB-Phenotyping_WG1_JLU/2025_10_07_RSFB-Phenotyping_WG1_JLU/20251007_154539.jpg,4.0,2.7614049911499023,3.1226165294647217,0.36121147871017456,0.8773834705352783,1.2385950088500977,gold_only,43,single_rater_weak
2025_10_07_RSFB-Phenotyping_WG1_JLU/2025_10_07_RSFB-Phenotyping_WG1_JLU/20251007_154544.jpg,plot_8ce0028acd070e45bd69,wg_insects_t1_bbch10,/home/nfs/data/nvme_datasets/Pictures_CFSB_leaf_damage/2025_10_07_RSFB-Phenotyping_WG1_JLU/2025_10_07_RSFB-Phenotyping_WG1_JLU/20251007_154544.jpg,10.0,7.888331890106201,8.659688949584961,0.7713567614555359,1.340311050415039,2.111668109893799,gold_only,43,single_rater_weak
2025_10_07_RSFB-Phenotyping_WG1_JLU/2025_10_07_RSFB-Phenotyping_WG1_JLU/20251007_154553.jpg,plot_8ce0028acd070e45bd69,wg_insects_t1_bbch10,/home/nfs/data/nvme_datasets/Pictures_CFSB_leaf_damage/2025_10_07_RSFB-Phenotyping_WG1_JLU/2025_10_07_RSFB-Phenotyping_WG1_JLU/20251007_154553.jpg,30.0,8.780308723449707,8.83200454711914,0.0516962856054306,21.16799545288086,21.21969223022461,gold_only,43,single_rater_weak
2025_10_07_RSFB-Phenotyping_WG1_JLU/2025_10_07_RSFB-Phenotyping_WG1_JLU/20251007_154610.jpg,plot_0cee1028a7bb97e81cda,wg_insects_t1_bbch10,/home/nfs/data/nvme_datasets/Pictures_CFSB_leaf_damage/2025_10_07_RSFB-Phenotyping_WG1_JLU/2025_10_07_RSFB-Phenotyping_WG1_JLU/20251007_154610.jpg,3.0,4.735837936401367,5.464290142059326,0.7284520864486694,2.464290142059326,1.7358379364013672,gold_only,43,single_rater_weak
2025_10_07_RSFB-Phenotyping_WG1_JLU/2025_10_07_RSFB-Phenotyping_WG1_JLU/20251007_154614.jpg,plot_0cee1028a7bb97e81cda,wg_insects_t1_bbch10,/home/nfs/data/nvme_datasets/Pictures_CFSB_leaf_damage/2025_10_07_RSFB-Phenotyping_WG1_JLU/2025_10_07_RSFB-Phenotyping_WG1_JLU/20251007_154614.jpg,18.0,3.890334129333496,4.425159931182861,0.5348256826400757,13.574840545654297,14.109665870666504,gold_only,43,single_rater_weak
2025_10_07_RSFB-Phenotyping_WG1_JLU/2025_10_07_RSFB-Phenotyping_WG1_JLU/20251007_154620.jpg,plot_0cee1028a7bb97e81cda,wg_insects_t1_bbch10,/home/nfs/data/nvme_datasets/Pictures_CFSB_leaf_damage/2025_10_07_RSFB-Phenotyping_WG1_JLU/2025_10_07_RSFB-Phenotyping_WG1_JLU/20251007_154620.jpg,27.0,3.9542765617370605,4.474526405334473,0.5202498435974121,22.525474548339844,23.04572296142578,gold_only,43,single_rater_weak
2025_10_07_RSFB-Phenotyping_WG1_JLU/2025_10_07_RSFB-Phenotyping_WG1_JLU/20251007_154638.jpg,plot_b18e82c06eea92ccde98,wg_insects_t1_bbch10,/home/nfs/data/nvme_datasets/Pictures_CFSB_leaf_damage/2025_10_07_RSFB-Phenotyping_WG1_JLU/2025_10_07_RSFB-Phenotyping_WG1_JLU/20251007_154638.jpg,5.0,3.2401585578918457,3.1175079345703125,-0.12265052646398544,1.8824920654296875,1.7598414421081543,gold_only,43,single_rater_weak
2025_10_07_RSFB-Phenotyping_WG1_JLU/2025_10_07_RSFB-Phenotyping_WG1_JLU/20251007_154643.jpg,plot_b18e82c06eea92ccde98,wg_insects_t1_bbch10,/home/nfs/data/nvme_datasets/Pictures_CFSB_leaf_damage/2025_10_07_RSFB-Phenotyping_WG1_JLU/2025_10_07_RSFB-Phenotyping_WG1_JLU/20251007_154643.jpg,10.0,9.8367919921875,10.433815002441406,0.5970233082771301,0.43381500244140625,0.1632080078125,gold_only,43,single_rater_weak
2025_10_07_RSFB-Phenotyping_WG1_JLU/2025_10_07_RSFB-Phenotyping_WG1_JLU/20251007_154649.jpg,plot_b18e82c06eea92ccde98,wg_insects_t1_bbch10,/home/nfs/data/nvme_datasets/Pictures_CFSB_leaf_damage/2025_10_07_RSFB-Phenotyping_WG1_JLU/2025_10_07_RSFB-Phenotyping_WG1_JLU/20251007_154649.jpg,30.0,13.529685974121094,14.66672134399414,1.137035608291626,15.33327865600586,16.470314025878906,gold_only,43,single_rater_weak
2025_10_07_RSFB-Phenotyping_WG1_JLU/2025_10_07_RSFB-Phenotyping_WG1_JLU/20251007_154709.jpg,plot_bbf0f1e0cf8f3bba20c3,wg_insects_t1_bbch10,/home/nfs/data/nvme_datasets/Pictures_CFSB_leaf_damage/2025_10_07_RSFB-Phenotyping_WG1_JLU/2025_10_07_RSFB-Phenotyping_WG1_JLU/20251007_154709.jpg,4.0,0.8159232139587402,1.5898492336273193,0.7739260196685791,2.4101507663726807,3.1840767860412598,gold_only,43,single_rater_weak
2025_10_07_RSFB-Phenotyping_WG1_JLU/2025_10_07_RSFB-Phenotyping_WG1_JLU/20251007_154714.jpg,plot_bbf0f1e0cf8f3bba20c3,wg_insects_t1_bbch10,/home/nfs/data/nvme_datasets/Pictures_CFSB_leaf_damage/2025_10_07_RSFB-Phenotyping_WG1_JLU/2025_10_07_RSFB-Phenotyping_WG1_JLU/20251007_154714.jpg,8.0,4.045732021331787,4.041921615600586,-0.003810221329331398,3.958078384399414,3.954267978668213,gold_only,43,single_rater_weak
2025_10_07_RSFB-Phenotyping_WG1_JLU/2025_10_07_RSFB-Phenotyping_WG1_JLU/20251007_154720.jpg,plot_bbf0f1e0cf8f3bba20c3,wg_insects_t1_bbch10,/home/nfs/data/nvme_datasets/Pictures_CFSB_leaf_damage/2025_10_07_RSFB-Phenotyping_WG1_JLU/2025_10_07_RSFB-Phenotyping_WG1_JLU/20251007_154720.jpg,15.0,5.7551493644714355,6.294918060302734,0.5397688150405884,8.705081939697266,9.244850158691406,gold_only,43,single_rater_weak
2025_10_07_RSFB-Phenotyping_WG1_JLU/2025_10_07_RSFB-Phenotyping_WG1_JLU/20251007_154737.jpg,plot_fb3b769f0300c33e5aca,wg_insects_t1_bbch10,/home/nfs/data/nvme_datasets/Pictures_CFSB_leaf_damage/2025_10_07_RSFB-Phenotyping_WG1_JLU/2025_10_07_RSFB-Phenotyping_WG1_JLU/20251007_154737.jpg,7.0,5.499684810638428,7.232314109802246,1.7326292991638184,0.2323141098022461,1.5003151893615723,gold_only,43,single_rater_weak
2025_10_07_RSFB-Phenotyping_WG1_JLU/2025_10_07_RSFB-Phenotyping_WG1_JLU/20251007_154742.jpg,plot_fb3b769f0300c33e5aca,wg_insects_t1_bbch10,/home/nfs/data/nvme_datasets/Pictures_CFSB_leaf_damage/2025_10_07_RSFB-Phenotyping_WG1_JLU/2025_10_07_RSFB-Phenotyping_WG1_JLU/20251007_154742.jpg,7.0,5.911993503570557,6.466681957244873,0.5546886324882507,0.533318042755127,1.0880064964294434,gold_only,43,single_rater_weak
2025_10_07_RSFB-Phenotyping_WG1_JLU/2025_10_07_RSFB-Phenotyping_WG1_JLU/20251007_154747.jpg,plot_fb3b769f0300c33e5aca,wg_insects_t1_bbch10,/home/nfs/data/nvme_datasets/Pictures_CFSB_leaf_damage/2025_10_07_RSFB-Phenotyping_WG1_JLU/2025_10_07_RSFB-Phenotyping_WG1_JLU/20251007_154747.jpg,3.0,5.099639892578125,6.048099517822266,0.948459804058075,3.0480995178222656,2.099639892578125,gold_only,43,single_rater_weak
2025_10_07_RSFB-Phenotyping_WG1_JLU/2025_10_07_RSFB-Phenotyping_WG1_JLU/20251007_154805.jpg,plot_02cfa6891f01f3d5231b,wg_insects_t1_bbch10,/home/nfs/data/nvme_datasets/Pictures_CFSB_leaf_damage/2025_10_07_RSFB-Phenotyping_WG1_JLU/2025_10_07_RSFB-Phenotyping_WG1_JLU/20251007_154805.jpg,21.0,4.334228992462158,5.2621750831604,0.9279460310935974,15.737825393676758,16.665771484375,gold_only,43,single_rater_weak
2025_10_07_RSFB-Phenotyping_WG1_JLU/2025_10_07_RSFB-Phenotyping_WG1_JLU/20251007_154810.jpg,plot_02cfa6891f01f3d5231b,wg_insects_t1_bbch10,/home/nfs/data/nvme_datasets/Pictures_CFSB_leaf_damage/2025_10_07_RSFB-Phenotyping_WG1_JLU/2025_10_07_RSFB-Phenotyping_WG1_JLU/20251007_154810.jpg,5.0,5.16230583190918,5.7007927894592285,0.5384868383407593,0.7007927894592285,0.1623058319091797,gold_only,43,single_rater_weak
2025_10_07_RSFB-Phenotyping_WG1_JLU/2025_10_07_RSFB-Phenotyping_WG1_JLU/20251007_154814.jpg,plot_02cfa6891f01f3d5231b,wg_insects_t1_bbch10,/home/nfs/data/nvme_datasets/Pictures_CFSB_leaf_damage/2025_10_07_RSFB-Phenotyping_WG1_JLU/2025_10_07_RSFB-Phenotyping_WG1_JLU/20251007_154814.jpg,8.0,6.819064140319824,7.490209102630615,0.6711448431015015,0.5097908973693848,1.1809358596801758,gold_only,43,single_rater_weak
2025_10_07_RSFB-Phenotyping_WG1_JLU/2025_10_07_RSFB-Phenotyping_WG1_JLU/20251007_154833.jpg,plot_2b1aa70660abe9827eb1,wg_insects_t1_bbch10,/home/nfs/data/nvme_datasets/Pictures_CFSB_leaf_damage/2025_10_07_RSFB-Phenotyping_WG1_JLU/2025_10_07_RSFB-Phenotyping_WG1_JLU/20251007_154833.jpg,6.0,6.6292405128479,7.452993392944336,0.8237526416778564,1.452993392944336,0.6292405128479004,gold_only,43,single_rater_weak
2025_10_07_RSFB-Phenotyping_WG1_JLU/2025_10_07_RSFB-Phenotyping_WG1_JLU/20251007_154837.jpg,plot_2b1aa70660abe9827eb1,wg_insects_t1_bbch10,/home/nfs/data/nvme_datasets/Pictures_CFSB_leaf_damage/2025_10_07_RSFB-Phenotyping_WG1_JLU/2025_10_07_RSFB-Phenotyping_WG1_JLU/20251007_154837.jpg,8.0,7.675398349761963,8.064209938049316,0.3888118863105774,0.0642099380493164,0.3246016502380371,gold_only,43,single_rater_weak
2025_10_07_RSFB-Phenotyping_WG1_JLU/2025_10_07_RSFB-Phenotyping_WG1_JLU/20251007_154842.jpg,plot_2b1aa70660abe9827eb1,wg_insects_t1_bbch10,/home/nfs/data/nvme_datasets/Pictures_CFSB_leaf_damage/2025_10_07_RSFB-Phenotyping_WG1_JLU/2025_10_07_RSFB-Phenotyping_WG1_JLU/20251007_154842.jpg,4.0,4.466029167175293,5.1414971351623535,0.675467848777771,1.1414971351623535,0.46602916717529297,gold_only,43,single_rater_weak
2025_10_07_RSFB-Phenotyping_WG1_JLU/2025_10_07_RSFB-Phenotyping_WG1_JLU/20251007_154859.jpg,plot_e12754ee189808186c04,wg_insects_t1_bbch10,/home/nfs/data/nvme_datasets/Pictures_CFSB_leaf_damage/2025_10_07_RSFB-Phenotyping_WG1_JLU/2025_10_07_RSFB-Phenotyping_WG1_JLU/20251007_154859.jpg,3.0,2.751718521118164,3.337430953979492,0.5857123136520386,0.3374309539794922,0.24828147888183594,gold_only,43,single_rater_weak
2025_10_07_RSFB-Phenotyping_WG1_JLU/2025_10_07_RSFB-Phenotyping_WG1_JLU/20251007_154903.jpg,plot_e12754ee189808186c04,wg_insects_t1_bbch10,/home/nfs/data/nvme_datasets/Pictures_CFSB_leaf_damage/2025_10_07_RSFB-Phenotyping_WG1_JLU/2025_10_07_RSFB-Phenotyping_WG1_JLU/20251007_154903.jpg,2.0,3.0341262817382812,3.235116720199585,0.20099040865898132,1.235116720199585,1.0341262817382812,gold_only,43,single_rater_weak
2025_10_07_RSFB-Phenotyping_WG1_JLU/2025_10_07_RSFB-Phenotyping_WG1_JLU/20251007_154908.jpg,plot_e12754ee189808186c04,wg_insects_t1_bbch10,/home/nfs/data/nvme_datasets/Pictures_CFSB_leaf_damage/2025_10_07_RSFB-Phenotyping_WG1_JLU/2025_10_07_RSFB-Phenotyping_WG1_JLU/20251007_154908.jpg,6.0,8.942708015441895,9.965620994567871,1.0229132175445557,3.965620994567871,2.9427080154418945,gold_only,43,single_rater_weak
2025_10_07_RSFB-Phenotyping_WG1_JLU/2025_10_07_RSFB-Phenotyping_WG1_JLU/20251007_154926.jpg,plot_e91d97ecd146606e2c8d,wg_insects_t1_bbch10,/home/nfs/data/nvme_datasets/Pictures_CFSB_leaf_damage/2025_10_07_RSFB-Phenotyping_WG1_JLU/2025_10_07_RSFB-Phenotyping_WG1_JLU/20251007_154926.jpg,2.0,3.419471263885498,3.4995362758636475,0.08006490021944046,1.4995362758636475,1.419471263885498,gold_only,43,single_rater_weak
2025_10_07_RSFB-Phenotyping_WG1_JLU/2025_10_07_RSFB-Phenotyping_WG1_JLU/20251007_154932.jpg,plot_e91d97ecd146606e2c8d,wg_insects_t1_bbch10,/home/nfs/data/nvme_datasets/Pictures_CFSB_leaf_damage/2025_10_07_RSFB-Phenotyping_WG1_JLU/2025_10_07_RSFB-Phenotyping_WG1_JLU/20251007_154932.jpg,3.0,4.723981857299805,5.467117786407471,0.7431361079216003,2.4671177864074707,1.7239818572998047,gold_only,43,single_rater_weak
2025_10_07_RSFB-Phenotyping_WG1_JLU/2025_10_07_RSFB-Phenotyping_WG1_JLU/20251007_154939.jpg,plot_e91d97ecd146606e2c8d,wg_insects_t1_bbch10,/home/nfs/data/nvme_datasets/Pictures_CFSB_leaf_damage/2025_10_07_RSFB-Phenotyping_WG1_JLU/2025_10_07_RSFB-Phenotyping_WG1_JLU/20251007_154939.jpg,9.0,4.18705940246582,4.948294639587402,0.7612354755401611,4.051705360412598,4.81294059753418,gold_only,43,single_rater_weak
2025_10_07_RSFB-Phenotyping_WG1_JLU/2025_10_07_RSFB-Phenotyping_WG1_JLU/20251007_154956.jpg,plot_71bf9937ab72933ae979,wg_insects_t1_bbch10,/home/nfs/data/nvme_datasets/Pictures_CFSB_leaf_damage/2025_10_07_RSFB-Phenotyping_WG1_JLU/2025_10_07_RSFB-Phenotyping_WG1_JLU/20251007_154956.jpg,2.0,2.7157182693481445,3.2690670490264893,0.5533487796783447,1.2690670490264893,0.7157182693481445,gold_only,43,single_rater_weak
2025_10_07_RSFB-Phenotyping_WG1_JLU/2025_10_07_RSFB-Phenotyping_WG1_JLU/20251007_155002.jpg,plot_71bf9937ab72933ae979,wg_insects_t1_bbch10,/home/nfs/data/nvme_datasets/Pictures_CFSB_leaf_damage/2025_10_07_RSFB-Phenotyping_WG1_JLU/2025_10_07_RSFB-Phenotyping_WG1_JLU/20251007_155002.jpg,2.0,3.916184663772583,4.496648788452148,0.5804639458656311,2.4966487884521484,1.916184663772583,gold_only,43,single_rater_weak
2025_10_07_RSFB-Phenotyping_WG1_JLU/2025_10_07_RSFB-Phenotyping_WG1_JLU/20251007_155011.jpg,plot_71bf9937ab72933ae979,wg_insects_t1_bbch10,/home/nfs/data/nvme_datasets/Pictures_CFSB_leaf_damage/2025_10_07_RSFB-Phenotyping_WG1_JLU/2025_10_07_RSFB-Phenotyping_WG1_JLU/20251007_155011.jpg,20.0,3.713542938232422,4.267736911773682,0.554193913936615,15.732263565063477,16.286457061767578,gold_only,43,single_rater_weak
2025_10_07_RSFB-Phenotyping_WG1_JLU/2025_10_07_RSFB-Phenotyping_WG1_JLU/20251007_155028.jpg,plot_9beca7e121428acae667,wg_insects_t1_bbch10,/home/nfs/data/nvme_datasets/Pictures_CFSB_leaf_damage/2025_10_07_RSFB-Phenotyping_WG1_JLU/2025_10_07_RSFB-Phenotyping_WG1_JLU/20251007_155028.jpg,3.0,4.3129730224609375,5.082701206207275,0.7697281837463379,2.0827012062072754,1.3129730224609375,gold_only,43,single_rater_weak
2025_10_07_RSFB-Phenotyping_WG1_JLU/2025_10_07_RSFB-Phenotyping_WG1_JLU/20251007_155034.jpg,plot_9beca7e121428acae667,wg_insects_t1_bbch10,/home/nfs/data/nvme_datasets/Pictures_CFSB_leaf_damage/2025_10_07_RSFB-Phenotyping_WG1_JLU/2025_10_07_RSFB-Phenotyping_WG1_JLU/20251007_155034.jpg,5.0,1.7322564125061035,2.3787834644317627,0.646527111530304,2.6212165355682373,3.2677435874938965,gold_only,43,single_rater_weak
2025_10_07_RSFB-Phenotyping_WG1_JLU/2025_10_07_RSFB-Phenotyping_WG1_JLU/20251007_155039.jpg,plot_9beca7e121428acae667,wg_insects_t1_bbch10,/home/nfs/data/nvme_datasets/Pictures_CFSB_leaf_damage/2025_10_07_RSFB-Phenotyping_WG1_JLU/2025_10_07_RSFB-Phenotyping_WG1_JLU/20251007_155039.jpg,1.0,2.146444320678711,1.9364855289459229,-0.20995885133743286,0.9364855289459229,1.146444320678711,gold_only,43,single_rater_weak
2025_10_07_RSFB-Phenotyping_WG1_JLU/2025_10_07_RSFB-Phenotyping_WG1_JLU/20251007_155055.jpg,plot_727f5b9ef2736b508feb,wg_insects_t1_bbch10,/home/nfs/data/nvme_datasets/Pictures_CFSB_leaf_damage/2025_10_07_RSFB-Phenotyping_WG1_JLU/2025_10_07_RSFB-Phenotyping_WG1_JLU/20251007_155055.jpg,2.0,2.5525717735290527,2.332963705062866,-0.2196081280708313,0.3329637050628662,0.5525717735290527,gold_only,43,single_rater_weak
2025_10_07_RSFB-Phenotyping_WG1_JLU/2025_10_07_RSFB-Phenotyping_WG1_JLU/20251007_155100.jpg,plot_727f5b9ef2736b508feb,wg_insects_t1_bbch10,/home/nfs/data/nvme_datasets/Pictures_CFSB_leaf_damage/2025_10_07_RSFB-Phenotyping_WG1_JLU/2025_10_07_RSFB-Phenotyping_WG1_JLU/20251007_155100.jpg,2.0,2.3010215759277344,1.9981662034988403,-0.30285540223121643,0.001833796501159668,0.3010215759277344,gold_only,43,single_rater_weak
2025_10_07_RSFB-Phenotyping_WG1_JLU/2025_10_07_RSFB-Phenotyping_WG1_JLU/20251007_155107.jpg,plot_727f5b9ef2736b508feb,wg_insects_t1_bbch10,/home/nfs/data/nvme_datasets/Pictures_CFSB_leaf_damage/2025_10_07_RSFB-Phenotyping_WG1_JLU/2025_10_07_RSFB-Phenotyping_WG1_JLU/20251007_155107.jpg,3.0,3.2695250511169434,3.5180513858795166,0.2485264241695404,0.5180513858795166,0.26952505111694336,gold_only,43,single_rater_weak
2025_10_07_RSFB-Phenotyping_WG1_JLU/2025_10_07_RSFB-Phenotyping_WG1_JLU/20251007_155124.jpg,plot_d5e7bd3b6010fe66d4f4,wg_insects_t1_bbch10,/home/nfs/data/nvme_datasets/Pictures_CFSB_leaf_damage/2025_10_07_RSFB-Phenotyping_WG1_JLU/2025_10_07_RSFB-Phenotyping_WG1_JLU/20251007_155124.jpg,2.0,4.5519914627075195,4.965182781219482,0.41319137811660767,2.9651827812194824,2.5519914627075195,gold_only,43,single_rater_weak
2025_10_07_RSFB-Phenotyping_WG1_JLU/2025_10_07_RSFB-Phenotyping_WG1_JLU/20251007_155128.jpg,plot_d5e7bd3b6010fe66d4f4,wg_insects_t1_bbch10,/home/nfs/data/nvme_datasets/Pictures_CFSB_leaf_damage/2025_10_07_RSFB-Phenotyping_WG1_JLU/2025_10_07_RSFB-Phenotyping_WG1_JLU/20251007_155128.jpg,2.0,3.0078177452087402,3.285709857940674,0.2778920829296112,1.2857098579406738,1.0078177452087402,gold_only,43,single_rater_weak
2025_10_07_RSFB-Phenotyping_WG1_JLU/2025_10_07_RSFB-Phenotyping_WG1_JLU/20251007_155135.jpg,plot_d5e7bd3b6010fe66d4f4,wg_insects_t1_bbch10,/home/nfs/data/nvme_datasets/Pictures_CFSB_leaf_damage/2025_10_07_RSFB-Phenotyping_WG1_JLU/2025_10_07_RSFB-Phenotyping_WG1_JLU/20251007_155135.jpg,4.0,2.8668370246887207,2.846687078475952,-0.02014988847076893,1.1533129215240479,1.1331629753112793,gold_only,43,single_rater_weak
2025_10_07_RSFB-Phenotyping_WG1_JLU/2025_10_07_RSFB-Phenotyping_WG1_JLU/20251007_155152.jpg,plot_7ce66ab9cf520dcc270b,wg_insects_t1_bbch10,/home/nfs/data/nvme_datasets/Pictures_CFSB_leaf_damage/2025_10_07_RSFB-Phenotyping_WG1_JLU/2025_10_07_RSFB-Phenotyping_WG1_JLU/20251007_155152.jpg,18.0,5.166679382324219,5.664528846740723,0.49784934520721436,12.335471153259277,12.833320617675781,gold_only,43,single_rater_weak
2025_10_07_RSFB-Phenotyping_WG1_JLU/2025_10_07_RSFB-Phenotyping_WG1_JLU/20251007_155157.jpg,plot_7ce66ab9cf520dcc270b,wg_insects_t1_bbch10,/home/nfs/data/nvme_datasets/Pictures_CFSB_leaf_damage/2025_10_07_RSFB-Phenotyping_WG1_JLU/2025_10_07_RSFB-Phenotyping_WG1_JLU/20251007_155157.jpg,3.0,3.306467056274414,3.3931772708892822,0.08671031892299652,0.3931772708892822,0.30646705627441406,gold_only,43,single_rater_weak
2025_10_07_RSFB-Phenotyping_WG1_JLU/2025_10_07_RSFB-Phenotyping_WG1_JLU/20251007_155202.jpg,plot_7ce66ab9cf520dcc270b,wg_insects_t1_bbch10,/home/nfs/data/nvme_datasets/Pictures_CFSB_leaf_damage/2025_10_07_RSFB-Phenotyping_WG1_JLU/2025_10_07_RSFB-Phenotyping_WG1_JLU/20251007_155202.jpg,7.0,6.024155616760254,6.702620983123779,0.6784654259681702,0.2973790168762207,0.9758443832397461,gold_only,43,single_rater_weak
2025_10_07_RSFB-Phenotyping_WG1_JLU/2025_10_07_RSFB-Phenotyping_WG1_JLU/20251007_155219.jpg,plot_521a71ee2de32f95c943,wg_insects_t1_bbch10,/home/nfs/data/nvme_datasets/Pictures_CFSB_leaf_damage/2025_10_07_RSFB-Phenotyping_WG1_JLU/2025_10_07_RSFB-Phenotyping_WG1_JLU/20251007_155219.jpg,4.0,3.664552688598633,4.602433204650879,0.937880277633667,0.6024332046508789,0.3354473114013672,gold_only,43,single_rater_weak
2025_10_07_RSFB-Phenotyping_WG1_JLU/2025_10_07_RSFB-Phenotyping_WG1_JLU/20251007_155225.jpg,plot_521a71ee2de32f95c943,wg_insects_t1_bbch10,/home/nfs/data/nvme_datasets/Pictures_CFSB_leaf_damage/2025_10_07_RSFB-Phenotyping_WG1_JLU/2025_10_07_RSFB-Phenotyping_WG1_JLU/20251007_155225.jpg,3.0,2.5605597496032715,2.3949263095855713,-0.165633425116539,0.6050736904144287,0.4394402503967285,gold_only,43,single_rater_weak
2025_10_07_RSFB-Phenotyping_WG1_JLU/2025_10_07_RSFB-Phenotyping_WG1_JLU/20251007_155232.jpg,plot_521a71ee2de32f95c943,wg_insects_t1_bbch10,/home/nfs/data/nvme_datasets/Pictures_CFSB_leaf_damage/2025_10_07_RSFB-Phenotyping_WG1_JLU/2025_10_07_RSFB-Phenotyping_WG1_JLU/20251007_155232.jpg,1.0,2.763923168182373,2.8619637489318848,0.09804055839776993,1.8619637489318848,1.763923168182373,gold_only,43,single_rater_weak
2025_10_07_RSFB-Phenotyping_WG1_JLU/2025_10_07_RSFB-Phenotyping_WG1_JLU/20251007_155252.jpg,plot_e9e78f54471dbaf45e8f,wg_insects_t1_bbch10,/home/nfs/data/nvme_datasets/Pictures_CFSB_leaf_damage/2025_10_07_RSFB-Phenotyping_WG1_JLU/2025_10_07_RSFB-Phenotyping_WG1_JLU/20251007_155252.jpg,3.0,2.4341955184936523,2.9892354011535645,0.5550398826599121,0.010764598846435547,0.5658044815063477,gold_only,43,single_rater_weak
2025_10_07_RSFB-Phenotyping_WG1_JLU/2025_10_07_RSFB-Phenotyping_WG1_JLU/20251007_155256.jpg,plot_e9e78f54471dbaf45e8f,wg_insects_t1_bbch10,/home/nfs/data/nvme_datasets/Pictures_CFSB_leaf_damage/2025_10_07_RSFB-Phenotyping_WG1_JLU/2025_10_07_RSFB-Phenotyping_WG1_JLU/20251007_155256.jpg,2.0,3.892047643661499,3.920260190963745,0.02821246348321438,1.9202601909637451,1.892047643661499,gold_only,43,single_rater_weak
2025_10_07_RSFB-Phenotyping_WG1_JLU/2025_10_07_RSFB-Phenotyping_WG1_JLU/20251007_155301.jpg,plot_e9e78f54471dbaf45e8f,wg_insects_t1_bbch10,/home/nfs/data/nvme_datasets/Pictures_CFSB_leaf_damage/2025_10_07_RSFB-Phenotyping_WG1_JLU/2025_10_07_RSFB-Phenotyping_WG1_JLU/20251007_155301.jpg,2.0,3.2398715019226074,3.279791831970215,0.039920374751091,1.2797918319702148,1.2398715019226074,gold_only,43,single_rater_weak
2025_10_07_RSFB-Phenotyping_WG1_JLU/2025_10_07_RSFB-Phenotyping_WG1_JLU/20251007_155319.jpg,plot_c8ac9d350e25eb7d247e,wg_insects_t1_bbch10,/home/nfs/data/nvme_datasets/Pictures_CFSB_leaf_damage/2025_10_07_RSFB-Phenotyping_WG1_JLU/2025_10_07_RSFB-Phenotyping_WG1_JLU/20251007_155319.jpg,3.0,4.985078811645508,4.811899185180664,-0.17317967116832733,1.811899185180664,1.9850788116455078,gold_only,43,single_rater_weak
2025_10_07_RSFB-Phenotyping_WG1_JLU/2025_10_07_RSFB-Phenotyping_WG1_JLU/20251007_155325.jpg,plot_c8ac9d350e25eb7d247e,wg_insects_t1_bbch10,/home/nfs/data/nvme_datasets/Pictures_CFSB_leaf_damage/2025_10_07_RSFB-Phenotyping_WG1_JLU/2025_10_07_RSFB-Phenotyping_WG1_JLU/20251007_155325.jpg,1.0,2.606572151184082,3.182624340057373,0.5760522484779358,2.182624340057373,1.606572151184082,gold_only,43,single_rater_weak
2025_10_07_RSFB-Phenotyping_WG1_JLU/2025_10_07_RSFB-Phenotyping_WG1_JLU/20251007_155330.jpg,plot_c8ac9d350e25eb7d247e,wg_insects_t1_bbch10,/home/nfs/data/nvme_datasets/Pictures_CFSB_leaf_damage/2025_10_07_RSFB-Phenotyping_WG1_JLU/2025_10_07_RSFB-Phenotyping_WG1_JLU/20251007_155330.jpg,2.0,6.540422439575195,6.979843616485596,0.4394213855266571,4.979843616485596,4.540422439575195,gold_only,43,single_rater_weak
2025_10_07_RSFB-Phenotyping_WG1_JLU/2025_10_07_RSFB-Phenotyping_WG1_JLU/20251007_155347.jpg,plot_2b6ce2e0c85b0d519b90,wg_insects_t1_bbch10,/home/nfs/data/nvme_datasets/Pictures_CFSB_leaf_damage/2025_10_07_RSFB-Phenotyping_WG1_JLU/2025_10_07_RSFB-Phenotyping_WG1_JLU/20251007_155347.jpg,1.0,4.007205963134766,3.520646095275879,-0.48655980825424194,2.520646095275879,3.0072059631347656,gold_only,43,single_rater_weak
2025_10_07_RSFB-Phenotyping_WG1_JLU/2025_10_07_RSFB-Phenotyping_WG1_JLU/20251007_155353.jpg,plot_2b6ce2e0c85b0d519b90,wg_insects_t1_bbch10,/home/nfs/data/nvme_datasets/Pictures_CFSB_leaf_damage/2025_10_07_RSFB-Phenotyping_WG1_JLU/2025_10_07_RSFB-Phenotyping_WG1_JLU/20251007_155353.jpg,3.0,3.0568981170654297,3.294218063354492,0.2373199313879013,0.2942180633544922,0.05689811706542969,gold_only,43,single_rater_weak
2025_10_07_RSFB-Phenotyping_WG1_JLU/2025_10_07_RSFB-Phenotyping_WG1_JLU/20251007_155359.jpg,plot_2b6ce2e0c85b0d519b90,wg_insects_t1_bbch10,/home/nfs/data/nvme_datasets/Pictures_CFSB_leaf_damage/2025_10_07_RSFB-Phenotyping_WG1_JLU/2025_10_07_RSFB-Phenotyping_WG1_JLU/20251007_155359.jpg,9.0,2.3483738899230957,2.9080348014831543,0.5596609115600586,6.091965198516846,6.651626110076904,gold_only,43,single_rater_weak
2025_10_07_RSFB-Phenotyping_WG1_JLU/2025_10_07_RSFB-Phenotyping_WG1_JLU/20251007_155420.jpg,plot_a9313194f1c8e93e42e4,wg_insects_t1_bbch10,/home/nfs/data/nvme_datasets/Pictures_CFSB_leaf_damage/2025_10_07_RSFB-Phenotyping_WG1_JLU/2025_10_07_RSFB-Phenotyping_WG1_JLU/20251007_155420.jpg,6.0,7.427088737487793,7.976883888244629,0.5497950315475464,1.976883888244629,1.427088737487793,gold_only,43,single_rater_weak
2025_10_07_RSFB-Phenotyping_WG1_JLU/2025_10_07_RSFB-Phenotyping_WG1_JLU/20251007_155426.jpg,plot_a9313194f1c8e93e42e4,wg_insects_t1_bbch10,/home/nfs/data/nvme_datasets/Pictures_CFSB_leaf_damage/2025_10_07_RSFB-Phenotyping_WG1_JLU/2025_10_07_RSFB-Phenotyping_WG1_JLU/20251007_155426.jpg,4.0,2.9179954528808594,2.9695072174072266,0.051511719822883606,1.0304927825927734,1.0820045471191406,gold_only,43,single_rater_weak
2025_10_07_RSFB-Phenotyping_WG1_JLU/2025_10_07_RSFB-Phenotyping_WG1_JLU/20251007_155433.jpg,plot_a9313194f1c8e93e42e4,wg_insects_t1_bbch10,/home/nfs/data/nvme_datasets/Pictures_CFSB_leaf_damage/2025_10_07_RSFB-Phenotyping_WG1_JLU/2025_10_07_RSFB-Phenotyping_WG1_JLU/20251007_155433.jpg,31.0,23.571529388427734,23.8726863861084,0.3011566400527954,7.127313613891602,7.428470611572266,gold_only,43,single_rater_weak
2025_10_07_RSFB-Phenotyping_WG1_JLU/2025_10_07_RSFB-Phenotyping_WG1_JLU/20251007_155448.jpg,plot_090d10b4afbf762ac1a5,wg_insects_t1_bbch10,/home/nfs/data/nvme_datasets/Pictures_CFSB_leaf_damage/2025_10_07_RSFB-Phenotyping_WG1_JLU/2025_10_07_RSFB-Phenotyping_WG1_JLU/20251007_155448.jpg,3.0,3.4110634326934814,3.310777187347412,-0.10028621554374695,0.3107771873474121,0.41106343269348145,gold_only,43,single_rater_weak
2025_10_07_RSFB-Phenotyping_WG1_JLU/2025_10_07_RSFB-Phenotyping_WG1_JLU/20251007_155453.jpg,plot_090d10b4afbf762ac1a5,wg_insects_t1_bbch10,/home/nfs/data/nvme_datasets/Pictures_CFSB_leaf_damage/2025_10_07_RSFB-Phenotyping_WG1_JLU/2025_10_07_RSFB-Phenotyping_WG1_JLU/20251007_155453.jpg,3.0,2.2557101249694824,2.4791924953460693,0.2234823852777481,0.5208075046539307,0.7442898750305176,gold_only,43,single_rater_weak
2025_10_07_RSFB-Phenotyping_WG1_JLU/2025_10_07_RSFB-Phenotyping_WG1_JLU/20251007_155459.jpg,plot_090d10b4afbf762ac1a5,wg_insects_t1_bbch10,/home/nfs/data/nvme_datasets/Pictures_CFSB_leaf_damage/2025_10_07_RSFB-Phenotyping_WG1_JLU/2025_10_07_RSFB-Phenotyping_WG1_JLU/20251007_155459.jpg,5.0,4.883861541748047,4.707370758056641,-0.17649072408676147,0.2926292419433594,0.11613845825195312,gold_only,43,single_rater_weak
2025_10_07_RSFB-Phenotyping_WG1_JLU/2025_10_07_RSFB-Phenotyping_WG1_JLU/20251007_155516.jpg,plot_ea1c6826e1f8439636da,wg_insects_t1_bbch10,/home/nfs/data/nvme_datasets/Pictures_CFSB_leaf_damage/2025_10_07_RSFB-Phenotyping_WG1_JLU/2025_10_07_RSFB-Phenotyping_WG1_JLU/20251007_155516.jpg,7.0,4.103838920593262,4.784323215484619,0.6804842352867126,2.215676784515381,2.8961610794067383,gold_only,43,single_rater_weak
2025_10_07_RSFB-Phenotyping_WG1_JLU/2025_10_07_RSFB-Phenotyping_WG1_JLU/20251007_155520.jpg,plot_ea1c6826e1f8439636da,wg_insects_t1_bbch10,/home/nfs/data/nvme_datasets/Pictures_CFSB_leaf_damage/2025_10_07_RSFB-Phenotyping_WG1_JLU/2025_10_07_RSFB-Phenotyping_WG1_JLU/20251007_155520.jpg,8.0,7.253942012786865,6.9454474449157715,-0.3084946870803833,1.0545525550842285,0.7460579872131348,gold_only,43,single_rater_weak
2025_10_07_RSFB-Phenotyping_WG1_JLU/2025_10_07_RSFB-Phenotyping_WG1_JLU/20251007_155529.jpg,plot_ea1c6826e1f8439636da,wg_insects_t1_bbch10,/home/nfs/data/nvme_datasets/Pictures_CFSB_leaf_damage/2025_10_07_RSFB-Phenotyping_WG1_JLU/2025_10_07_RSFB-Phenotyping_WG1_JLU/20251007_155529.jpg,2.0,3.189155101776123,3.2212774753570557,0.03212238848209381,1.2212774753570557,1.189155101776123,gold_only,43,single_rater_weak
2025_10_07_RSFB-Phenotyping_WG1_JLU/2025_10_07_RSFB-Phenotyping_WG1_JLU/20251007_155547.jpg,plot_740ea37a7e7d2ba5872f,wg_insects_t1_bbch10,/home/nfs/data/nvme_datasets/Pictures_CFSB_leaf_damage/2025_10_07_RSFB-Phenotyping_WG1_JLU/2025_10_07_RSFB-Phenotyping_WG1_JLU/20251007_155547.jpg,18.0,3.3270487785339355,4.67905855178833,1.352009892463684,13.320941925048828,14.672950744628906,gold_only,43,single_rater_weak
2025_10_07_RSFB-Phenotyping_WG1_JLU/2025_10_07_RSFB-Phenotyping_WG1_JLU/20251007_155554.jpg,plot_740ea37a7e7d2ba5872f,wg_insects_t1_bbch10,/home/nfs/data/nvme_datasets/Pictures_CFSB_leaf_damage/2025_10_07_RSFB-Phenotyping_WG1_JLU/2025_10_07_RSFB-Phenotyping_WG1_JLU/20251007_155554.jpg,18.0,4.034588813781738,3.858874797821045,-0.1757141351699829,14.141124725341797,13.965411186218262,gold_only,43,single_rater_weak
2025_10_07_RSFB-Phenotyping_WG1_JLU/2025_10_07_RSFB-Phenotyping_WG1_JLU/20251007_155559.jpg,plot_740ea37a7e7d2ba5872f,wg_insects_t1_bbch10,/home/nfs/data/nvme_datasets/Pictures_CFSB_leaf_damage/2025_10_07_RSFB-Phenotyping_WG1_JLU/2025_10_07_RSFB-Phenotyping_WG1_JLU/20251007_155559.jpg,30.0,6.1466064453125,6.82891321182251,0.6823067665100098,23.17108726501465,23.8533935546875,gold_only,43,single_rater_weak
2025_10_07_RSFB-Phenotyping_WG1_JLU/2025_10_07_RSFB-Phenotyping_WG1_JLU/20251007_155615.jpg,plot_c08384e341650c84b7e3,wg_insects_t1_bbch10,/home/nfs/data/nvme_datasets/Pictures_CFSB_leaf_damage/2025_10_07_RSFB-Phenotyping_WG1_JLU/2025_10_07_RSFB-Phenotyping_WG1_JLU/20251007_155615.jpg,19.0,3.7983627319335938,3.913043737411499,0.11468097567558289,15.086956024169922,15.201637268066406,gold_only,43,single_rater_weak
2025_10_07_RSFB-Phenotyping_WG1_JLU/2025_10_07_RSFB-Phenotyping_WG1_JLU/20251007_155620.jpg,plot_c08384e341650c84b7e3,wg_insects_t1_bbch10,/home/nfs/data/nvme_datasets/Pictures_CFSB_leaf_damage/2025_10_07_RSFB-Phenotyping_WG1_JLU/2025_10_07_RSFB-Phenotyping_WG1_JLU/20251007_155620.jpg,2.0,3.267422676086426,3.464064836502075,0.1966421902179718,1.4640648365020752,1.2674226760864258,gold_only,43,single_rater_weak
2025_10_07_RSFB-Phenotyping_WG1_JLU/2025_10_07_RSFB-Phenotyping_WG1_JLU/20251007_155625.jpg,plot_c08384e341650c84b7e3,wg_insects_t1_bbch10,/home/nfs/data/nvme_datasets/Pictures_CFSB_leaf_damage/2025_10_07_RSFB-Phenotyping_WG1_JLU/2025_10_07_RSFB-Phenotyping_WG1_JLU/20251007_155625.jpg,12.0,5.8507304191589355,5.837981700897217,-0.01274889800697565,6.162018299102783,6.1492695808410645,gold_only,43,single_rater_weak
2025_10_07_RSFB-Phenotyping_WG1_JLU/2025_10_07_RSFB-Phenotyping_WG1_JLU/20251007_155642.jpg,plot_2c2b7818d88cc60083c0,wg_insects_t1_bbch10,/home/nfs/data/nvme_datasets/Pictures_CFSB_leaf_damage/2025_10_07_RSFB-Phenotyping_WG1_JLU/2025_10_07_RSFB-Phenotyping_WG1_JLU/20251007_155642.jpg,2.0,4.628165245056152,5.425604820251465,0.7974398136138916,3.425604820251465,2.6281652450561523,gold_only,43,single_rater_weak
2025_10_07_RSFB-Phenotyping_WG1_JLU/2025_10_07_RSFB-Phenotyping_WG1_JLU/20251007_155647.jpg,plot_2c2b7818d88cc60083c0,wg_insects_t1_bbch10,/home/nfs/data/nvme_datasets/Pictures_CFSB_leaf_damage/2025_10_07_RSFB-Phenotyping_WG1_JLU/2025_10_07_RSFB-Phenotyping_WG1_JLU/20251007_155647.jpg,2.0,3.7309417724609375,3.548191547393799,-0.18275025486946106,1.5481915473937988,1.7309417724609375,gold_only,43,single_rater_weak
2025_10_07_RSFB-Phenotyping_WG1_JLU/2025_10_07_RSFB-Phenotyping_WG1_JLU/20251007_155652.jpg,plot_2c2b7818d88cc60083c0,wg_insects_t1_bbch10,/home/nfs/data/nvme_datasets/Pictures_CFSB_leaf_damage/2025_10_07_RSFB-Phenotyping_WG1_JLU/2025_10_07_RSFB-Phenotyping_WG1_JLU/20251007_155652.jpg,3.0,2.894064426422119,3.182232141494751,0.28816768527030945,0.18223214149475098,0.10593557357788086,gold_only,43,single_rater_weak
2025_10_07_RSFB-Phenotyping_WG1_JLU/2025_10_07_RSFB-Phenotyping_WG1_JLU/20251007_155708.jpg,plot_c127083b02a0a3c20d9e,wg_insects_t1_bbch10,/home/nfs/data/nvme_datasets/Pictures_CFSB_leaf_damage/2025_10_07_RSFB-Phenotyping_WG1_JLU/2025_10_07_RSFB-Phenotyping_WG1_JLU/20251007_155708.jpg,3.0,2.9609808921813965,2.5276830196380615,-0.4332978129386902,0.4723169803619385,0.039019107818603516,gold_only,43,single_rater_weak
2025_10_07_RSFB-Phenotyping_WG1_JLU/2025_10_07_RSFB-Phenotyping_WG1_JLU/20251007_155714.jpg,plot_c127083b02a0a3c20d9e,wg_insects_t1_bbch10,/home/nfs/data/nvme_datasets/Pictures_CFSB_leaf_damage/2025_10_07_RSFB-Phenotyping_WG1_JLU/2025_10_07_RSFB-Phenotyping_WG1_JLU/20251007_155714.jpg,3.0,2.866060733795166,2.4120147228240967,-0.45404601097106934,0.5879852771759033,0.13393926620483398,gold_only,43,single_rater_weak
2025_10_07_RSFB-Phenotyping_WG1_JLU/2025_10_07_RSFB-Phenotyping_WG1_JLU/20251007_155719.jpg,plot_c127083b02a0a3c20d9e,wg_insects_t1_bbch10,/home/nfs/data/nvme_datasets/Pictures_CFSB_leaf_damage/2025_10_07_RSFB-Phenotyping_WG1_JLU/2025_10_07_RSFB-Phenotyping_WG1_JLU/20251007_155719.jpg,6.0,3.060309886932373,3.530879259109497,0.47056928277015686,2.469120740890503,2.939690113067627,gold_only,43,single_rater_weak
2025_10_07_RSFB-Phenotyping_WG1_JLU/2025_10_07_RSFB-Phenotyping_WG1_JLU/20251007_155736.jpg,plot_9989fe456f6ba82751d6,wg_insects_t1_bbch10,/home/nfs/data/nvme_datasets/Pictures_CFSB_leaf_damage/2025_10_07_RSFB-Phenotyping_WG1_JLU/2025_10_07_RSFB-Phenotyping_WG1_JLU/20251007_155736.jpg,5.0,4.039605140686035,4.393894195556641,0.35428884625434875,0.6061058044433594,0.9603948593139648,gold_only,43,single_rater_weak
2025_10_07_RSFB-Phenotyping_WG1_JLU/2025_10_07_RSFB-Phenotyping_WG1_JLU/20251007_155742.jpg,plot_9989fe456f6ba82751d6,wg_insects_t1_bbch10,/home/nfs/data/nvme_datasets/Pictures_CFSB_leaf_damage/2025_10_07_RSFB-Phenotyping_WG1_JLU/2025_10_07_RSFB-Phenotyping_WG1_JLU/20251007_155742.jpg,9.0,3.92252516746521,4.207096099853516,0.2845709025859833,4.792903900146484,5.077474594116211,gold_only,43,single_rater_weak
2025_10_07_RSFB-Phenotyping_WG1_JLU/2025_10_07_RSFB-Phenotyping_WG1_JLU/20251007_155750.jpg,plot_9989fe456f6ba82751d6,wg_insects_t1_bbch10,/home/nfs/data/nvme_datasets/Pictures_CFSB_leaf_damage/2025_10_07_RSFB-Phenotyping_WG1_JLU/2025_10_07_RSFB-Phenotyping_WG1_JLU/20251007_155750.jpg,30.0,8.936188697814941,9.940381050109863,1.0041923522949219,20.059619903564453,21.063812255859375,gold_only,43,single_rater_weak
2025_10_07_RSFB-Phenotyping_WG1_JLU/2025_10_07_RSFB-Phenotyping_WG1_JLU/20251007_155807.jpg,plot_0dc71a8af0c39e4f26f7,wg_insects_t1_bbch10,/home/nfs/data/nvme_datasets/Pictures_CFSB_leaf_damage/2025_10_07_RSFB-Phenotyping_WG1_JLU/2025_10_07_RSFB-Phenotyping_WG1_JLU/20251007_155807.jpg,14.0,3.5517382621765137,4.528545379638672,0.9768071174621582,9.471454620361328,10.448261260986328,gold_only,43,single_rater_weak
2025_10_07_RSFB-Phenotyping_WG1_JLU/2025_10_07_RSFB-Phenotyping_WG1_JLU/20251007_155813.jpg,plot_0dc71a8af0c39e4f26f7,wg_insects_t1_bbch10,/home/nfs/data/nvme_datasets/Pictures_CFSB_leaf_damage/2025_10_07_RSFB-Phenotyping_WG1_JLU/2025_10_07_RSFB-Phenotyping_WG1_JLU/20251007_155813.jpg,2.0,3.3943581581115723,3.4234566688537598,0.029098402708768845,1.4234566688537598,1.3943581581115723,gold_only,43,single_rater_weak
2025_10_07_RSFB-Phenotyping_WG1_JLU/2025_10_07_RSFB-Phenotyping_WG1_JLU/20251007_155819.jpg,plot_0dc71a8af0c39e4f26f7,wg_insects_t1_bbch10,/home/nfs/data/nvme_datasets/Pictures_CFSB_leaf_damage/2025_10_07_RSFB-Phenotyping_WG1_JLU/2025_10_07_RSFB-Phenotyping_WG1_JLU/20251007_155819.jpg,12.0,4.861799240112305,4.577498912811279,-0.28430038690567017,7.422501087188721,7.138200759887695,gold_only,43,single_rater_weak
2025_10_07_RSFB-Phenotyping_WG1_JLU/2025_10_07_RSFB-Phenotyping_WG1_JLU/20251007_155834.jpg,plot_9c2f17ed639688600321,wg_insects_t1_bbch10,/home/nfs/data/nvme_datasets/Pictures_CFSB_leaf_damage/2025_10_07_RSFB-Phenotyping_WG1_JLU/2025_10_07_RSFB-Phenotyping_WG1_JLU/20251007_155834.jpg,4.0,3.8690078258514404,5.266253471374512,1.3972454071044922,1.2662534713745117,0.13099217414855957,gold_only,43,single_rater_weak
2025_10_07_RSFB-Phenotyping_WG1_JLU/2025_10_07_RSFB-Phenotyping_WG1_JLU/20251007_155839.jpg,plot_9c2f17ed639688600321,wg_insects_t1_bbch10,/home/nfs/data/nvme_datasets/Pictures_CFSB_leaf_damage/2025_10_07_RSFB-Phenotyping_WG1_JLU/2025_10_07_RSFB-Phenotyping_WG1_JLU/20251007_155839.jpg,2.0,2.508420944213867,2.6892762184143066,0.18085524439811707,0.6892762184143066,0.5084209442138672,gold_only,43,single_rater_weak
2025_10_07_RSFB-Phenotyping_WG1_JLU/2025_10_07_RSFB-Phenotyping_WG1_JLU/20251007_155845.jpg,plot_9c2f17ed639688600321,wg_insects_t1_bbch10,/home/nfs/data/nvme_datasets/Pictures_CFSB_leaf_damage/2025_10_07_RSFB-Phenotyping_WG1_JLU/2025_10_07_RSFB-Phenotyping_WG1_JLU/20251007_155845.jpg,31.0,13.36829948425293,14.568611145019531,1.2003117799758911,16.43138885498047,17.63170051574707,gold_only,43,single_rater_weak
2025_10_07_RSFB-Phenotyping_WG1_JLU/2025_10_07_RSFB-Phenotyping_WG1_JLU/20251007_155902.jpg,plot_c738121aa8f29aca11a9,wg_insects_t1_bbch10,/home/nfs/data/nvme_datasets/Pictures_CFSB_leaf_damage/2025_10_07_RSFB-Phenotyping_WG1_JLU/2025_10_07_RSFB-Phenotyping_WG1_JLU/20251007_155902.jpg,17.0,1.952737808227539,2.7547740936279297,0.8020362854003906,14.24522590637207,15.047262191772461,gold_only,43,single_rater_weak
2025_10_07_RSFB-Phenotyping_WG1_JLU/2025_10_07_RSFB-Phenotyping_WG1_JLU/20251007_155907.jpg,plot_c738121aa8f29aca11a9,wg_insects_t1_bbch10,/home/nfs/data/nvme_datasets/Pictures_CFSB_leaf_damage/2025_10_07_RSFB-Phenotyping_WG1_JLU/2025_10_07_RSFB-Phenotyping_WG1_JLU/20251007_155907.jpg,4.0,3.5948944091796875,4.466555118560791,0.8716606497764587,0.466555118560791,0.4051055908203125,gold_only,43,single_rater_weak
2025_10_07_RSFB-Phenotyping_WG1_JLU/2025_10_07_RSFB-Phenotyping_WG1_JLU/20251007_155913.jpg,plot_c738121aa8f29aca11a9,wg_insects_t1_bbch10,/home/nfs/data/nvme_datasets/Pictures_CFSB_leaf_damage/2025_10_07_RSFB-Phenotyping_WG1_JLU/2025_10_07_RSFB-Phenotyping_WG1_JLU/20251007_155913.jpg,5.0,5.283969879150391,5.372735977172852,0.08876606822013855,0.37273597717285156,0.2839698791503906,gold_only,43,single_rater_weak
2025_10_07_RSFB-Phenotyping_WG1_JLU/2025_10_07_RSFB-Phenotyping_WG1_JLU/20251007_155930.jpg,plot_1ac8631fd159b0102da1,wg_insects_t1_bbch10,/home/nfs/data/nvme_datasets/Pictures_CFSB_leaf_damage/2025_10_07_RSFB-Phenotyping_WG1_JLU/2025_10_07_RSFB-Phenotyping_WG1_JLU/20251007_155930.jpg,1.0,6.326013088226318,6.388948440551758,0.06293544173240662,5.388948440551758,5.326013088226318,gold_only,43,single_rater_weak
2025_10_07_RSFB-Phenotyping_WG1_JLU/2025_10_07_RSFB-Phenotyping_WG1_JLU/20251007_155935.jpg,plot_1ac8631fd159b0102da1,wg_insects_t1_bbch10,/home/nfs/data/nvme_datasets/Pictures_CFSB_leaf_damage/2025_10_07_RSFB-Phenotyping_WG1_JLU/2025_10_07_RSFB-Phenotyping_WG1_JLU/20251007_155935.jpg,2.0,2.8936500549316406,2.804488182067871,-0.08916181325912476,0.8044881820678711,0.8936500549316406,gold_only,43,single_rater_weak
2025_10_07_RSFB-Phenotyping_WG1_JLU/2025_10_07_RSFB-Phenotyping_WG1_JLU/20251007_155956.jpg,plot_1a3b4f0d3c68e9c58008,wg_insects_t1_bbch10,/home/nfs/data/nvme_datasets/Pictures_CFSB_leaf_damage/2025_10_07_RSFB-Phenotyping_WG1_JLU/2025_10_07_RSFB-Phenotyping_WG1_JLU/20251007_155956.jpg,6.0,6.393829345703125,7.199102878570557,0.8052735328674316,1.1991028785705566,0.393829345703125,gold_only,43,single_rater_weak
2025_10_07_RSFB-Phenotyping_WG1_JLU/2025_10_07_RSFB-Phenotyping_WG1_JLU/20251007_160001.jpg,plot_1a3b4f0d3c68e9c58008,wg_insects_t1_bbch10,/home/nfs/data/nvme_datasets/Pictures_CFSB_leaf_damage/2025_10_07_RSFB-Phenotyping_WG1_JLU/2025_10_07_RSFB-Phenotyping_WG1_JLU/20251007_160001.jpg,15.0,4.25767707824707,4.111061096191406,-0.14661619067192078,10.888938903808594,10.74232292175293,gold_only,43,single_rater_weak
2025_10_07_RSFB-Phenotyping_WG1_JLU/2025_10_07_RSFB-Phenotyping_WG1_JLU/20251007_160007.jpg,plot_1a3b4f0d3c68e9c58008,wg_insects_t1_bbch10,/home/nfs/data/nvme_datasets/Pictures_CFSB_leaf_damage/2025_10_07_RSFB-Phenotyping_WG1_JLU/2025_10_07_RSFB-Phenotyping_WG1_JLU/20251007_160007.jpg,16.0,3.0770974159240723,3.545576572418213,0.46847909688949585,12.454423904418945,12.922903060913086,gold_only,43,single_rater_weak
